exercicio;instituicao;cod_ibge;uf;anexo;rotulo;coluna;cod_conta;conta;valor;populacao
2014;Prefeitura Municipal de Terenos - MS;5008008;MS;DCA-Anexo I-C;NA;Receitas Brutas Realizadas;TotalReceitas;Total Receitas;53088753,59;19434
2014;Prefeitura Municipal de Terenos - MS;5008008;MS;DCA-Anexo I-C;NA;Deduções - FUNDEB;TotalReceitas;Total Receitas;-5257164,95;19434
2014;Prefeitura Municipal de Terenos - MS;5008008;MS;DCA-Anexo I-C;NA;Receitas Brutas Realizadas;RO1.0.0.0.00.00.00;1.0.0.0.00.00.00 - Receitas Correntes;50093434,84;19434
2014;Prefeitura Municipal de Terenos - MS;5008008;MS;DCA-Anexo I-C;NA;Deduções - FUNDEB;RO1.0.0.0.00.00.00;1.0.0.0.00.00.00 - Receitas Correntes;-5257164,95;19434
2014;Prefeitura Municipal de Terenos - MS;5008008;MS;DCA-Anexo I-C;NA;Receitas Brutas Realizadas;RO1.1.0.0.00.00.00;1.1.0.0.00.00.00 - Receita Tributária;3997195,83;19434
2014;Prefeitura Municipal de Terenos - MS;5008008;MS;DCA-Anexo I-C;NA;Receitas Brutas Realizadas;RO1.1.1.0.00.00.00;1.1.1.0.00.00.00 - Impostos;3427413,98;19434
2014;Prefeitura Municipal de Terenos - MS;5008008;MS;DCA-Anexo I-C;NA;Receitas Brutas Realizadas;RO1.1.1.2.00.00.00;1.1.1.2.00.00.00 - Impostos sobre o Patrimônio e a Renda;2210340,57;19434
2014;Prefeitura Municipal de Terenos - MS;5008008;MS;DCA-Anexo I-C;NA;Receitas Brutas Realizadas;RO1.1.1.2.02.00.00;1.1.1.2.02.00.00 - Imposto sobre a Propriedade Predial e Territorial Urbana ¿ IPTU;641050,30;19434
2014;Prefeitura Municipal de Terenos - MS;5008008;MS;DCA-Anexo I-C;NA;Receitas Brutas Realizadas;RO1.1.1.2.04.00.00;1.1.1.2.04.00.00 - Imposto sobre a Renda e Proventos de Qualquer Natureza ¿ IR;920881,19;19434
2014;Prefeitura Municipal de Terenos - MS;5008008;MS;DCA-Anexo I-C;NA;Receitas Brutas Realizadas;RO1.1.1.2.04.31.00;1.1.1.2.04.31.00 - Retido nas Fontes - Trabalho;796939,46;19434
2014;Prefeitura Municipal de Terenos - MS;5008008;MS;DCA-Anexo I-C;NA;Receitas Brutas Realizadas;RO1.1.1.2.04.34.00;1.1.1.2.04.34.00 - Retido nas Fontes - Outros Rendimentos;123941,73;19434
2014;Prefeitura Municipal de Terenos - MS;5008008;MS;DCA-Anexo I-C;NA;Receitas Brutas Realizadas;RO1.1.1.2.08.00.00;"1.1.1.2.08.00.00 - Imposto sobre Transmissão ""Inter Vivos"" de Bens Imóveis e de Direitos Reais sobre Imóveis ¿ ITBI";648409,08;19434
2014;Prefeitura Municipal de Terenos - MS;5008008;MS;DCA-Anexo I-C;NA;Receitas Brutas Realizadas;RO1.1.1.3.00.00.00;1.1.1.3.00.00.00 - Impostos sobre a Produção e a Circulação;1217073,41;19434
2014;Prefeitura Municipal de Terenos - MS;5008008;MS;DCA-Anexo I-C;NA;Receitas Brutas Realizadas;RO1.1.1.3.05.00.00;1.1.1.3.05.00.00 - Imposto sobre Serviços de Qualquer Natureza ¿ ISSQN;1217073,41;19434
2014;Prefeitura Municipal de Terenos - MS;5008008;MS;DCA-Anexo I-C;NA;Receitas Brutas Realizadas;RO1.1.2.0.00.00.00;1.1.2.0.00.00.00 - Taxas;569781,85;19434
2014;Prefeitura Municipal de Terenos - MS;5008008;MS;DCA-Anexo I-C;NA;Receitas Brutas Realizadas;RO1.1.2.1.00.00.00;1.1.2.1.00.00.00 - Taxas pelo Exercício do Poder de Polícia;60164,87;19434
2014;Prefeitura Municipal de Terenos - MS;5008008;MS;DCA-Anexo I-C;NA;Receitas Brutas Realizadas;RO1.1.2.2.00.00.00;1.1.2.2.00.00.00 - Taxas pela Prestação de Serviços;509616,98;19434
2014;Prefeitura Municipal de Terenos - MS;5008008;MS;DCA-Anexo I-C;NA;Receitas Brutas Realizadas;RO1.2.0.0.00.00.00;1.2.0.0.00.00.00 - Receitas de Contribuições;1542541,29;19434
2014;Prefeitura Municipal de Terenos - MS;5008008;MS;DCA-Anexo I-C;NA;Receitas Brutas Realizadas;RO1.2.1.0.00.00.00;1.2.1.0.00.00.00 - Contribuições Sociais;1062534,07;19434
2014;Prefeitura Municipal de Terenos - MS;5008008;MS;DCA-Anexo I-C;NA;Receitas Brutas Realizadas;RO1.2.1.0.29.00.00;1.2.1.0.29.00.00 - Contribuições para o Regime Próprio de Previdência do Servidor Público;1062534,07;19434
2014;Prefeitura Municipal de Terenos - MS;5008008;MS;DCA-Anexo I-C;NA;Receitas Brutas Realizadas;RO1.2.1.0.29.07.00;1.2.1.0.29.07.00 - Contribuição do Servidor Ativo Civil para o Regime Próprio;1062534,07;19434
2014;Prefeitura Municipal de Terenos - MS;5008008;MS;DCA-Anexo I-C;NA;Receitas Brutas Realizadas;RO1.2.3.0.00.00.00;1.2.3.0.00.00.00 - Contribuição para Custeio do Serviço de Iluminação Pública;480007,22;19434
2014;Prefeitura Municipal de Terenos - MS;5008008;MS;DCA-Anexo I-C;NA;Receitas Brutas Realizadas;RO1.3.0.0.00.00.00;1.3.0.0.00.00.00 - Receita Patrimonial;1959906,79;19434
2014;Prefeitura Municipal de Terenos - MS;5008008;MS;DCA-Anexo I-C;NA;Deduções - FUNDEB;RO1.3.0.0.00.00.00;1.3.0.0.00.00.00 - Receita Patrimonial;-210496,66;19434
2014;Prefeitura Municipal de Terenos - MS;5008008;MS;DCA-Anexo I-C;NA;Receitas Brutas Realizadas;RO1.3.2.0.00.00.00;1.3.2.0.00.00.00 - Receitas de Valores Mobiliários;1959906,79;19434
2014;Prefeitura Municipal de Terenos - MS;5008008;MS;DCA-Anexo I-C;NA;Deduções - FUNDEB;RO1.3.2.0.00.00.00;1.3.2.0.00.00.00 - Receitas de Valores Mobiliários;-210496,66;19434
2014;Prefeitura Municipal de Terenos - MS;5008008;MS;DCA-Anexo I-C;NA;Receitas Brutas Realizadas;RO1.3.2.5.00.00.00;1.3.2.5.00.00.00 - Remuneração de Depósitos Bancários;297801,81;19434
2014;Prefeitura Municipal de Terenos - MS;5008008;MS;DCA-Anexo I-C;NA;Receitas Brutas Realizadas;RO1.3.2.8.00.00.00;1.3.2.8.00.00.00 - Remuneração dos Investimentos do Regime Próprio de Previdência do Servidor;1662104,98;19434
2014;Prefeitura Municipal de Terenos - MS;5008008;MS;DCA-Anexo I-C;NA;Deduções - FUNDEB;RO1.3.2.8.00.00.00;1.3.2.8.00.00.00 - Remuneração dos Investimentos do Regime Próprio de Previdência do Servidor;-210496,66;19434
2014;Prefeitura Municipal de Terenos - MS;5008008;MS;DCA-Anexo I-C;NA;Receitas Brutas Realizadas;RO1.6.0.0.00.00.00;1.6.0.0.00.00.00 - Receita de Serviços;99288,38;19434
2014;Prefeitura Municipal de Terenos - MS;5008008;MS;DCA-Anexo I-C;NA;Receitas Brutas Realizadas;RO1.6.0.0.99.00.00;1.6.0.0.99.00.00 - Demais Receitas de Serviços;99288,38;19434
2014;Prefeitura Municipal de Terenos - MS;5008008;MS;DCA-Anexo I-C;NA;Receitas Brutas Realizadas;RO1.7.0.0.00.00.00;1.7.0.0.00.00.00 - Transferências Correntes;41934385,64;19434
2014;Prefeitura Municipal de Terenos - MS;5008008;MS;DCA-Anexo I-C;NA;Deduções - FUNDEB;RO1.7.0.0.00.00.00;1.7.0.0.00.00.00 - Transferências Correntes;-5046668,29;19434
2014;Prefeitura Municipal de Terenos - MS;5008008;MS;DCA-Anexo I-C;NA;Receitas Brutas Realizadas;RO1.7.2.0.00.00.00;1.7.2.0.00.00.00 - Transferências Intergovernamentais;41158871,24;19434
2014;Prefeitura Municipal de Terenos - MS;5008008;MS;DCA-Anexo I-C;NA;Deduções - FUNDEB;RO1.7.2.0.00.00.00;1.7.2.0.00.00.00 - Transferências Intergovernamentais;-5046668,29;19434
2014;Prefeitura Municipal de Terenos - MS;5008008;MS;DCA-Anexo I-C;NA;Receitas Brutas Realizadas;RO1.7.2.1.00.00.00;1.7.2.1.00.00.00 - Transferências da União;19851898,69;19434
2014;Prefeitura Municipal de Terenos - MS;5008008;MS;DCA-Anexo I-C;NA;Deduções - FUNDEB;RO1.7.2.1.00.00.00;1.7.2.1.00.00.00 - Transferências da União;-2912830,18;19434
2014;Prefeitura Municipal de Terenos - MS;5008008;MS;DCA-Anexo I-C;NA;Receitas Brutas Realizadas;RO1.7.2.1.01.00.00;1.7.2.1.01.00.00 - Participação na Receita da União;15123367,98;19434
2014;Prefeitura Municipal de Terenos - MS;5008008;MS;DCA-Anexo I-C;NA;Deduções - FUNDEB;RO1.7.2.1.01.00.00;1.7.2.1.01.00.00 - Participação na Receita da União;-2905244,02;19434
2014;Prefeitura Municipal de Terenos - MS;5008008;MS;DCA-Anexo I-C;NA;Receitas Brutas Realizadas;RO1.7.2.1.01.02.00;1.7.2.1.01.02.00 - Cota-Parte do Fundo de Participação dos Municípios ¿ FPM;14059910,31;19434
2014;Prefeitura Municipal de Terenos - MS;5008008;MS;DCA-Anexo I-C;NA;Deduções - FUNDEB;RO1.7.2.1.01.02.00;1.7.2.1.01.02.00 - Cota-Parte do Fundo de Participação dos Municípios ¿ FPM;-2692552,60;19434
2014;Prefeitura Municipal de Terenos - MS;5008008;MS;DCA-Anexo I-C;NA;Receitas Brutas Realizadas;RO1.7.2.1.01.05.00;1.7.2.1.01.05.00 - Cota-Parte do Imposto Sobre a Propriedade Territorial Rural ¿ ITR;1063457,67;19434
2014;Prefeitura Municipal de Terenos - MS;5008008;MS;DCA-Anexo I-C;NA;Deduções - FUNDEB;RO1.7.2.1.01.05.00;1.7.2.1.01.05.00 - Cota-Parte do Imposto Sobre a Propriedade Territorial Rural ¿ ITR;-212691,42;19434
2014;Prefeitura Municipal de Terenos - MS;5008008;MS;DCA-Anexo I-C;NA;Receitas Brutas Realizadas;RO1.7.2.1.22.00.00;1.7.2.1.22.00.00 - Transferências da Compensação Financeira pela Exploração de Recursos Naturais;509420,49;19434
2014;Prefeitura Municipal de Terenos - MS;5008008;MS;DCA-Anexo I-C;NA;Receitas Brutas Realizadas;RO1.7.2.1.22.20.00;1.7.2.1.22.20.00 - Cota-Parte da Compensação Financeira de Recursos Minerais - CFEM;299506,59;19434
2014;Prefeitura Municipal de Terenos - MS;5008008;MS;DCA-Anexo I-C;NA;Receitas Brutas Realizadas;RO1.7.2.1.22.70.00;1.7.2.1.22.70.00 - Cota-Parte do Fundo Especial do Petróleo ¿ FEP;209913,90;19434
2014;Prefeitura Municipal de Terenos - MS;5008008;MS;DCA-Anexo I-C;NA;Receitas Brutas Realizadas;RO1.7.2.1.33.00.00;1.7.2.1.33.00.00 - Transferências de Recursos do Sistema Único de Saúde - SUS - Repasses Fundo a Fundo;2600560,63;19434
2014;Prefeitura Municipal de Terenos - MS;5008008;MS;DCA-Anexo I-C;NA;Receitas Brutas Realizadas;RO1.7.2.1.34.00.00;1.7.2.1.34.00.00 - Transferências de Recursos do Fundo Nacional de Assistência Social ¿ FNAS;220212,48;19434
2014;Prefeitura Municipal de Terenos - MS;5008008;MS;DCA-Anexo I-C;NA;Receitas Brutas Realizadas;RO1.7.2.1.35.00.00;1.7.2.1.35.00.00 - Transferências de Recursos do Fundo Nacional do Desenvolvimento da Educação ¿ FNDE;1015841,06;19434
2014;Prefeitura Municipal de Terenos - MS;5008008;MS;DCA-Anexo I-C;NA;Receitas Brutas Realizadas;RO1.7.2.1.36.00.00;1.7.2.1.36.00.00 - Transferências Financeiras do ICMS ¿ Desoneração ¿ L.C. Nº 87/96;37931,28;19434
2014;Prefeitura Municipal de Terenos - MS;5008008;MS;DCA-Anexo I-C;NA;Deduções - FUNDEB;RO1.7.2.1.36.00.00;1.7.2.1.36.00.00 - Transferências Financeiras do ICMS ¿ Desoneração ¿ L.C. Nº 87/96;-7586,16;19434
2014;Prefeitura Municipal de Terenos - MS;5008008;MS;DCA-Anexo I-C;NA;Receitas Brutas Realizadas;RO1.7.2.1.99.00.00;1.7.2.1.99.00.00 - Outras Transferências da União;344564,77;19434
2014;Prefeitura Municipal de Terenos - MS;5008008;MS;DCA-Anexo I-C;NA;Receitas Brutas Realizadas;RO1.7.2.2.00.00.00;1.7.2.2.00.00.00 - Transferências dos Estados;13117481,80;19434
2014;Prefeitura Municipal de Terenos - MS;5008008;MS;DCA-Anexo I-C;NA;Deduções - FUNDEB;RO1.7.2.2.00.00.00;1.7.2.2.00.00.00 - Transferências dos Estados;-2133838,11;19434
2014;Prefeitura Municipal de Terenos - MS;5008008;MS;DCA-Anexo I-C;NA;Receitas Brutas Realizadas;RO1.7.2.2.01.00.00;1.7.2.2.01.00.00 - Participação na Receita dos Estados;11196144,36;19434
2014;Prefeitura Municipal de Terenos - MS;5008008;MS;DCA-Anexo I-C;NA;Deduções - FUNDEB;RO1.7.2.2.01.00.00;1.7.2.2.01.00.00 - Participação na Receita dos Estados;-2133838,11;19434
2014;Prefeitura Municipal de Terenos - MS;5008008;MS;DCA-Anexo I-C;NA;Receitas Brutas Realizadas;RO1.7.2.2.01.01.00;1.7.2.2.01.01.00 - Cota-Parte do ICMS;10669192,00;19434
2014;Prefeitura Municipal de Terenos - MS;5008008;MS;DCA-Anexo I-C;NA;Deduções - FUNDEB;RO1.7.2.2.01.01.00;1.7.2.2.01.01.00 - Cota-Parte do ICMS;-2133838,11;19434
2014;Prefeitura Municipal de Terenos - MS;5008008;MS;DCA-Anexo I-C;NA;Receitas Brutas Realizadas;RO1.7.2.2.01.02.00;1.7.2.2.01.02.00 - Cota-Parte do IPVA;409180,22;19434
2014;Prefeitura Municipal de Terenos - MS;5008008;MS;DCA-Anexo I-C;NA;Receitas Brutas Realizadas;RO1.7.2.2.01.04.00;1.7.2.2.01.04.00 - Cota-Parte do IPI sobre Exportação;110810,99;19434
2014;Prefeitura Municipal de Terenos - MS;5008008;MS;DCA-Anexo I-C;NA;Receitas Brutas Realizadas;RO1.7.2.2.01.13.00;1.7.2.2.01.13.00 - Cota-Parte da Contribuição de Intervenção no Domínio Econômico;6961,15;19434
2014;Prefeitura Municipal de Terenos - MS;5008008;MS;DCA-Anexo I-C;NA;Receitas Brutas Realizadas;RO1.7.2.2.33.00.00;1.7.2.2.33.00.00 - Transferências de Recursos do Estado para Programas de Saúde - Repasse Fundo a Fundo;687260,83;19434
2014;Prefeitura Municipal de Terenos - MS;5008008;MS;DCA-Anexo I-C;NA;Receitas Brutas Realizadas;RO1.7.2.2.99.00.00;1.7.2.2.99.00.00 - Outras Transferências dos Estados;1234076,61;19434
2014;Prefeitura Municipal de Terenos - MS;5008008;MS;DCA-Anexo I-C;NA;Receitas Brutas Realizadas;RO1.7.2.4.00.00.00;1.7.2.4.00.00.00 - Transferências Multigovernamentais;8189490,75;19434
2014;Prefeitura Municipal de Terenos - MS;5008008;MS;DCA-Anexo I-C;NA;Receitas Brutas Realizadas;RO1.7.2.4.01.00.00;1.7.2.4.01.00.00 - Transferências de Recursos do Fundo de Manutenção e Desenvolvimento do Ensino Fundamental e de Valorização do Magistério - FUNDEB;8189490,75;19434
2014;Prefeitura Municipal de Terenos - MS;5008008;MS;DCA-Anexo I-C;NA;Receitas Brutas Realizadas;RO1.7.6.0.00.00.00;1.7.6.0.00.00.00 - Transferências de Convênios;775514,40;19434
2014;Prefeitura Municipal de Terenos - MS;5008008;MS;DCA-Anexo I-C;NA;Receitas Brutas Realizadas;RO1.7.6.1.00.00.00;1.7.6.1.00.00.00 - Transferências de Convênios da União e de Suas Entidades;141394,40;19434
2014;Prefeitura Municipal de Terenos - MS;5008008;MS;DCA-Anexo I-C;NA;Receitas Brutas Realizadas;RO1.7.6.1.99.00.00;1.7.6.1.99.00.00 - Outras Transferências de Convênios da União;141394,40;19434
2014;Prefeitura Municipal de Terenos - MS;5008008;MS;DCA-Anexo I-C;NA;Receitas Brutas Realizadas;RO1.7.6.2.00.00.00;1.7.6.2.00.00.00 - Transferências de Convênios dos Estados e do Distrito Federal e de Suas Entidades;618940,00;19434
2014;Prefeitura Municipal de Terenos - MS;5008008;MS;DCA-Anexo I-C;NA;Receitas Brutas Realizadas;RO1.7.6.2.02.00.00;1.7.6.2.02.00.00 - Transferências de Convênios dos Estados Destinadas a Programas de Educação;618940,00;19434
2014;Prefeitura Municipal de Terenos - MS;5008008;MS;DCA-Anexo I-C;NA;Receitas Brutas Realizadas;RO1.7.6.3.00.00.00;1.7.6.3.00.00.00 - Transferências de Convênios dos Municípios e de Suas Entidades;15180,00;19434
2014;Prefeitura Municipal de Terenos - MS;5008008;MS;DCA-Anexo I-C;NA;Receitas Brutas Realizadas;RO1.7.6.3.01.00.00;1.7.6.3.01.00.00 - Transferências de Convênios dos Municípios para o Sistema Único de Saúde - SUS;15180,00;19434
2014;Prefeitura Municipal de Terenos - MS;5008008;MS;DCA-Anexo I-C;NA;Receitas Brutas Realizadas;RO1.9.0.0.00.00.00;1.9.0.0.00.00.00 - Outras Receitas Correntes;560116,91;19434
2014;Prefeitura Municipal de Terenos - MS;5008008;MS;DCA-Anexo I-C;NA;Receitas Brutas Realizadas;RO1.9.1.0.00.00.00;1.9.1.0.00.00.00 - Multas e Juros de Mora;1727,48;19434
2014;Prefeitura Municipal de Terenos - MS;5008008;MS;DCA-Anexo I-C;NA;Receitas Brutas Realizadas;RO1.9.1.1.00.00.00;1.9.1.1.00.00.00 - Multas e Juros de Mora dos Tributos;67,62;19434
2014;Prefeitura Municipal de Terenos - MS;5008008;MS;DCA-Anexo I-C;NA;Receitas Brutas Realizadas;RO1.9.1.9.00.00.00;1.9.1.9.00.00.00 - Multas de Outras Origens;1659,86;19434
2014;Prefeitura Municipal de Terenos - MS;5008008;MS;DCA-Anexo I-C;NA;Receitas Brutas Realizadas;RO1.9.2.0.00.00.00;1.9.2.0.00.00.00 - Indenizações e Restituições;39465,76;19434
2014;Prefeitura Municipal de Terenos - MS;5008008;MS;DCA-Anexo I-C;NA;Receitas Brutas Realizadas;RO1.9.2.2.00.00.00;1.9.2.2.00.00.00 - Restituições;39465,76;19434
2014;Prefeitura Municipal de Terenos - MS;5008008;MS;DCA-Anexo I-C;NA;Receitas Brutas Realizadas;RO1.9.2.2.99.00.00;1.9.2.2.99.00.00 - Outras Restituições;39465,76;19434
2014;Prefeitura Municipal de Terenos - MS;5008008;MS;DCA-Anexo I-C;NA;Receitas Brutas Realizadas;RO1.9.3.0.00.00.00;1.9.3.0.00.00.00 - Receita da Dívida Ativa;472177,43;19434
2014;Prefeitura Municipal de Terenos - MS;5008008;MS;DCA-Anexo I-C;NA;Receitas Brutas Realizadas;RO1.9.3.1.00.00.00;1.9.3.1.00.00.00 - Receita da Dívida Ativa Tributária;472177,43;19434
2014;Prefeitura Municipal de Terenos - MS;5008008;MS;DCA-Anexo I-C;NA;Receitas Brutas Realizadas;RO1.9.9.0.00.00.00;1.9.9.0.00.00.00 - Receitas Diversas;46746,24;19434
2014;Prefeitura Municipal de Terenos - MS;5008008;MS;DCA-Anexo I-C;NA;Receitas Brutas Realizadas;RO2.0.0.0.00.00.00;2.0.0.0.00.00.00 - Receitas de Capital;934626,53;19434
2014;Prefeitura Municipal de Terenos - MS;5008008;MS;DCA-Anexo I-C;NA;Receitas Brutas Realizadas;RO2.2.0.0.00.00.00;2.2.0.0.00.00.00 - Alienação de Bens;63530,00;19434
2014;Prefeitura Municipal de Terenos - MS;5008008;MS;DCA-Anexo I-C;NA;Receitas Brutas Realizadas;RO2.2.1.0.00.00.00;2.2.1.0.00.00.00 - Alienação de Bens Móveis;63530,00;19434
2014;Prefeitura Municipal de Terenos - MS;5008008;MS;DCA-Anexo I-C;NA;Receitas Brutas Realizadas;RO2.4.0.0.00.00.00;2.4.0.0.00.00.00 - Transferências de Capital;871096,53;19434
2014;Prefeitura Municipal de Terenos - MS;5008008;MS;DCA-Anexo I-C;NA;Receitas Brutas Realizadas;RO2.4.7.0.00.00.00;2.4.7.0.00.00.00 - Transferências de Convênios;871096,53;19434
2014;Prefeitura Municipal de Terenos - MS;5008008;MS;DCA-Anexo I-C;NA;Receitas Brutas Realizadas;RO2.4.7.1.00.00.00;2.4.7.1.00.00.00 - Transferências de Convênios da União e de suas Entidades;851096,53;19434
2014;Prefeitura Municipal de Terenos - MS;5008008;MS;DCA-Anexo I-C;NA;Receitas Brutas Realizadas;RO2.4.7.1.05.00.00;2.4.7.1.05.00.00 - Transferências de Convênios da União Destinadas a Programas de Infraestrutura em Transporte;42928,38;19434
2014;Prefeitura Municipal de Terenos - MS;5008008;MS;DCA-Anexo I-C;NA;Receitas Brutas Realizadas;RO2.4.7.1.99.00.00;2.4.7.1.99.00.00 - Outras Transferências de Convênios da União;808168,15;19434
2014;Prefeitura Municipal de Terenos - MS;5008008;MS;DCA-Anexo I-C;NA;Receitas Brutas Realizadas;RO2.4.7.2.00.00.00;2.4.7.2.00.00.00 - Transferências de Convênios dos Estados e do Distrito Federal e de suas Entidades;20000,00;19434
2014;Prefeitura Municipal de Terenos - MS;5008008;MS;DCA-Anexo I-C;NA;Receitas Brutas Realizadas;RO2.4.7.2.01.00.00;2.4.7.2.01.00.00 - Transferências de Convênios dos Estados para o Sistema Único de Saúde - SUS;20000,00;19434
2014;Prefeitura Municipal de Terenos - MS;5008008;MS;DCA-Anexo I-C;NA;Receitas Brutas Realizadas;RI7.0.0.0.00.00.00;7.0.0.0.00.00.00 - Receitas Correntes Intraorçamentárias;2060692,22;19434
2014;Prefeitura Municipal de Terenos - MS;5008008;MS;DCA-Anexo I-C;NA;Receitas Brutas Realizadas;RI7.2.0.0.00.00.00;7.2.0.0.00.00.00 - Receitas de Contribuições Intraorçamentárias;2060692,22;19434
2014;Prefeitura Municipal de Terenos - MS;5008008;MS;DCA-Anexo I-C;NA;Receitas Brutas Realizadas;RI7.2.1.0.00.00.00;7.2.1.0.00.00.00 - Contribuições Sociais Intraorçamentárias;2060692,22;19434
2014;Prefeitura Municipal de Terenos - MS;5008008;MS;DCA-Anexo I-C;NA;Receitas Brutas Realizadas;RI7.2.1.0.29.00.00;7.2.1.0.29.00.00 - Contribuições para o Regime Próprio de Previdência do Servidor Público Intraorçamentárias;2060692,22;19434
2014;Prefeitura Municipal de Terenos - MS;5008008;MS;DCA-Anexo I-C;NA;Receitas Brutas Realizadas;RI7.2.1.0.29.01.00;7.2.1.0.29.01.00 - Contribuição Patronal de Servidor Ativo Civil para o Regime Próprio Intraorçamentária;1884668,08;19434
2014;Prefeitura Municipal de Terenos - MS;5008008;MS;DCA-Anexo I-C;NA;Receitas Brutas Realizadas;RI7.2.1.0.29.99.00;7.2.1.0.29.99.00 - Outras Contribuições para o Regime Próprio de Previdência do Servidor Público Intraorçamentárias;176024,14;19434
2015;Prefeitura Municipal de Terenos - MS;5008008;MS;DCA-Anexo I-C;NA;Receitas Brutas Realizadas;TotalReceitas;Total Receitas;56622584,83;19434
2015;Prefeitura Municipal de Terenos - MS;5008008;MS;DCA-Anexo I-C;NA;Deduções - FUNDEB;TotalReceitas;Total Receitas;-5292293,89;19434
2015;Prefeitura Municipal de Terenos - MS;5008008;MS;DCA-Anexo I-C;NA;Outras Deduções da Receita;TotalReceitas;Total Receitas;-402270,05;19434
2015;Prefeitura Municipal de Terenos - MS;5008008;MS;DCA-Anexo I-C;NA;Receitas Brutas Realizadas;RO1.0.0.0.00.00.00;1.0.0.0.00.00.00 - Receitas Correntes;53759032,41;19434
2015;Prefeitura Municipal de Terenos - MS;5008008;MS;DCA-Anexo I-C;NA;Deduções - FUNDEB;RO1.0.0.0.00.00.00;1.0.0.0.00.00.00 - Receitas Correntes;-5292293,89;19434
2015;Prefeitura Municipal de Terenos - MS;5008008;MS;DCA-Anexo I-C;NA;Outras Deduções da Receita;RO1.0.0.0.00.00.00;1.0.0.0.00.00.00 - Receitas Correntes;-402270,05;19434
2015;Prefeitura Municipal de Terenos - MS;5008008;MS;DCA-Anexo I-C;NA;Receitas Brutas Realizadas;RO1.1.0.0.00.00.00;1.1.0.0.00.00.00 - Receita Tributária;4981496,78;19434
2015;Prefeitura Municipal de Terenos - MS;5008008;MS;DCA-Anexo I-C;NA;Outras Deduções da Receita;RO1.1.0.0.00.00.00;1.1.0.0.00.00.00 - Receita Tributária;-220943,72;19434
2015;Prefeitura Municipal de Terenos - MS;5008008;MS;DCA-Anexo I-C;NA;Receitas Brutas Realizadas;RO1.1.1.0.00.00.00;1.1.1.0.00.00.00 - Impostos;4812445,96;19434
2015;Prefeitura Municipal de Terenos - MS;5008008;MS;DCA-Anexo I-C;NA;Outras Deduções da Receita;RO1.1.1.0.00.00.00;1.1.1.0.00.00.00 - Impostos;-219499,98;19434
2015;Prefeitura Municipal de Terenos - MS;5008008;MS;DCA-Anexo I-C;NA;Receitas Brutas Realizadas;RO1.1.1.2.00.00.00;1.1.1.2.00.00.00 - Impostos sobre o Patrimônio e a Renda;3732313,96;19434
2015;Prefeitura Municipal de Terenos - MS;5008008;MS;DCA-Anexo I-C;NA;Outras Deduções da Receita;RO1.1.1.2.00.00.00;1.1.1.2.00.00.00 - Impostos sobre o Patrimônio e a Renda;-213679,78;19434
2015;Prefeitura Municipal de Terenos - MS;5008008;MS;DCA-Anexo I-C;NA;Receitas Brutas Realizadas;RO1.1.1.2.02.00.00;1.1.1.2.02.00.00 - Imposto sobre a Propriedade Predial e Territorial Urbana ¿ IPTU;977349,67;19434
2015;Prefeitura Municipal de Terenos - MS;5008008;MS;DCA-Anexo I-C;NA;Outras Deduções da Receita;RO1.1.1.2.02.00.00;1.1.1.2.02.00.00 - Imposto sobre a Propriedade Predial e Territorial Urbana ¿ IPTU;-213679,78;19434
2015;Prefeitura Municipal de Terenos - MS;5008008;MS;DCA-Anexo I-C;NA;Receitas Brutas Realizadas;RO1.1.1.2.04.00.00;1.1.1.2.04.00.00 - Imposto sobre a Renda e Proventos de Qualquer Natureza ¿ IR;1037005,95;19434
2015;Prefeitura Municipal de Terenos - MS;5008008;MS;DCA-Anexo I-C;NA;Receitas Brutas Realizadas;RO1.1.1.2.04.31.00;1.1.1.2.04.31.00 - Retido nas Fontes - Trabalho;931720,15;19434
2015;Prefeitura Municipal de Terenos - MS;5008008;MS;DCA-Anexo I-C;NA;Receitas Brutas Realizadas;RO1.1.1.2.04.34.00;1.1.1.2.04.34.00 - Retido nas Fontes - Outros Rendimentos;105285,80;19434
2015;Prefeitura Municipal de Terenos - MS;5008008;MS;DCA-Anexo I-C;NA;Receitas Brutas Realizadas;RO1.1.1.2.08.00.00;"1.1.1.2.08.00.00 - Imposto sobre Transmissão ""Inter Vivos"" de Bens Imóveis e de Direitos Reais sobre Imóveis ¿ ITBI";1717958,34;19434
2015;Prefeitura Municipal de Terenos - MS;5008008;MS;DCA-Anexo I-C;NA;Receitas Brutas Realizadas;RO1.1.1.3.00.00.00;1.1.1.3.00.00.00 - Impostos sobre a Produção e a Circulação;1080132,00;19434
2015;Prefeitura Municipal de Terenos - MS;5008008;MS;DCA-Anexo I-C;NA;Outras Deduções da Receita;RO1.1.1.3.00.00.00;1.1.1.3.00.00.00 - Impostos sobre a Produção e a Circulação;-5820,20;19434
2015;Prefeitura Municipal de Terenos - MS;5008008;MS;DCA-Anexo I-C;NA;Receitas Brutas Realizadas;RO1.1.1.3.05.00.00;1.1.1.3.05.00.00 - Imposto sobre Serviços de Qualquer Natureza ¿ ISSQN;1080132,00;19434
2015;Prefeitura Municipal de Terenos - MS;5008008;MS;DCA-Anexo I-C;NA;Outras Deduções da Receita;RO1.1.1.3.05.00.00;1.1.1.3.05.00.00 - Imposto sobre Serviços de Qualquer Natureza ¿ ISSQN;-5820,20;19434
2015;Prefeitura Municipal de Terenos - MS;5008008;MS;DCA-Anexo I-C;NA;Receitas Brutas Realizadas;RO1.1.2.0.00.00.00;1.1.2.0.00.00.00 - Taxas;169050,82;19434
2015;Prefeitura Municipal de Terenos - MS;5008008;MS;DCA-Anexo I-C;NA;Outras Deduções da Receita;RO1.1.2.0.00.00.00;1.1.2.0.00.00.00 - Taxas;-1443,74;19434
2015;Prefeitura Municipal de Terenos - MS;5008008;MS;DCA-Anexo I-C;NA;Receitas Brutas Realizadas;RO1.1.2.1.00.00.00;1.1.2.1.00.00.00 - Taxas pelo Exercício do Poder de Polícia;40310,34;19434
2015;Prefeitura Municipal de Terenos - MS;5008008;MS;DCA-Anexo I-C;NA;Receitas Brutas Realizadas;RO1.1.2.2.00.00.00;1.1.2.2.00.00.00 - Taxas pela Prestação de Serviços;128740,48;19434
2015;Prefeitura Municipal de Terenos - MS;5008008;MS;DCA-Anexo I-C;NA;Outras Deduções da Receita;RO1.1.2.2.00.00.00;1.1.2.2.00.00.00 - Taxas pela Prestação de Serviços;-1443,74;19434
2015;Prefeitura Municipal de Terenos - MS;5008008;MS;DCA-Anexo I-C;NA;Receitas Brutas Realizadas;RO1.2.0.0.00.00.00;1.2.0.0.00.00.00 - Receitas de Contribuições;2031277,25;19434
2015;Prefeitura Municipal de Terenos - MS;5008008;MS;DCA-Anexo I-C;NA;Receitas Brutas Realizadas;RO1.2.1.0.00.00.00;1.2.1.0.00.00.00 - Contribuições Sociais;1409044,60;19434
2015;Prefeitura Municipal de Terenos - MS;5008008;MS;DCA-Anexo I-C;NA;Receitas Brutas Realizadas;RO1.2.1.0.29.00.00;1.2.1.0.29.00.00 - Contribuições para o Regime Próprio de Previdência do Servidor Público;1409044,60;19434
2015;Prefeitura Municipal de Terenos - MS;5008008;MS;DCA-Anexo I-C;NA;Receitas Brutas Realizadas;RO1.2.1.0.29.07.00;1.2.1.0.29.07.00 - Contribuição do Servidor Ativo Civil para o Regime Próprio;1206305,93;19434
2015;Prefeitura Municipal de Terenos - MS;5008008;MS;DCA-Anexo I-C;NA;Receitas Brutas Realizadas;RO1.2.1.0.29.15.00;1.2.1.0.29.15.00 - Contribuição Previdenciária em Regime de Parcelamento de Débitos;202738,67;19434
2015;Prefeitura Municipal de Terenos - MS;5008008;MS;DCA-Anexo I-C;NA;Receitas Brutas Realizadas;RO1.2.3.0.00.00.00;1.2.3.0.00.00.00 - Contribuição para Custeio do Serviço de Iluminação Pública;622232,65;19434
2015;Prefeitura Municipal de Terenos - MS;5008008;MS;DCA-Anexo I-C;NA;Receitas Brutas Realizadas;RO1.3.0.0.00.00.00;1.3.0.0.00.00.00 - Receita Patrimonial;2517088,37;19434
2015;Prefeitura Municipal de Terenos - MS;5008008;MS;DCA-Anexo I-C;NA;Outras Deduções da Receita;RO1.3.0.0.00.00.00;1.3.0.0.00.00.00 - Receita Patrimonial;-140579,99;19434
2015;Prefeitura Municipal de Terenos - MS;5008008;MS;DCA-Anexo I-C;NA;Receitas Brutas Realizadas;RO1.3.2.0.00.00.00;1.3.2.0.00.00.00 - Receitas de Valores Mobiliários;2517088,37;19434
2015;Prefeitura Municipal de Terenos - MS;5008008;MS;DCA-Anexo I-C;NA;Outras Deduções da Receita;RO1.3.2.0.00.00.00;1.3.2.0.00.00.00 - Receitas de Valores Mobiliários;-140579,99;19434
2015;Prefeitura Municipal de Terenos - MS;5008008;MS;DCA-Anexo I-C;NA;Receitas Brutas Realizadas;RO1.3.2.5.00.00.00;1.3.2.5.00.00.00 - Remuneração de Depósitos Bancários;461179,38;19434
2015;Prefeitura Municipal de Terenos - MS;5008008;MS;DCA-Anexo I-C;NA;Receitas Brutas Realizadas;RO1.3.2.8.00.00.00;1.3.2.8.00.00.00 - Remuneração dos Investimentos do Regime Próprio de Previdência do Servidor;2055908,99;19434
2015;Prefeitura Municipal de Terenos - MS;5008008;MS;DCA-Anexo I-C;NA;Outras Deduções da Receita;RO1.3.2.8.00.00.00;1.3.2.8.00.00.00 - Remuneração dos Investimentos do Regime Próprio de Previdência do Servidor;-140579,99;19434
2015;Prefeitura Municipal de Terenos - MS;5008008;MS;DCA-Anexo I-C;NA;Receitas Brutas Realizadas;RO1.6.0.0.00.00.00;1.6.0.0.00.00.00 - Receita de Serviços;85903,40;19434
2015;Prefeitura Municipal de Terenos - MS;5008008;MS;DCA-Anexo I-C;NA;Receitas Brutas Realizadas;RO1.6.0.0.13.00.00;1.6.0.0.13.00.00 - Serviços Administrativos;85903,40;19434
2015;Prefeitura Municipal de Terenos - MS;5008008;MS;DCA-Anexo I-C;NA;Receitas Brutas Realizadas;RO1.7.0.0.00.00.00;1.7.0.0.00.00.00 - Transferências Correntes;43588536,73;19434
2015;Prefeitura Municipal de Terenos - MS;5008008;MS;DCA-Anexo I-C;NA;Deduções - FUNDEB;RO1.7.0.0.00.00.00;1.7.0.0.00.00.00 - Transferências Correntes;-5292293,89;19434
2015;Prefeitura Municipal de Terenos - MS;5008008;MS;DCA-Anexo I-C;NA;Receitas Brutas Realizadas;RO1.7.2.0.00.00.00;1.7.2.0.00.00.00 - Transferências Intergovernamentais;42911101,07;19434
2015;Prefeitura Municipal de Terenos - MS;5008008;MS;DCA-Anexo I-C;NA;Deduções - FUNDEB;RO1.7.2.0.00.00.00;1.7.2.0.00.00.00 - Transferências Intergovernamentais;-5292293,89;19434
2015;Prefeitura Municipal de Terenos - MS;5008008;MS;DCA-Anexo I-C;NA;Receitas Brutas Realizadas;RO1.7.2.1.00.00.00;1.7.2.1.00.00.00 - Transferências da União;20675555,98;19434
2015;Prefeitura Municipal de Terenos - MS;5008008;MS;DCA-Anexo I-C;NA;Deduções - FUNDEB;RO1.7.2.1.00.00.00;1.7.2.1.00.00.00 - Transferências da União;-3127240,55;19434
2015;Prefeitura Municipal de Terenos - MS;5008008;MS;DCA-Anexo I-C;NA;Receitas Brutas Realizadas;RO1.7.2.1.01.00.00;1.7.2.1.01.00.00 - Participação na Receita da União;16384013,93;19434
2015;Prefeitura Municipal de Terenos - MS;5008008;MS;DCA-Anexo I-C;NA;Deduções - FUNDEB;RO1.7.2.1.01.00.00;1.7.2.1.01.00.00 - Participação na Receita da União;-3119789,15;19434
2015;Prefeitura Municipal de Terenos - MS;5008008;MS;DCA-Anexo I-C;NA;Receitas Brutas Realizadas;RO1.7.2.1.01.02.00;1.7.2.1.01.02.00 - Cota-Parte do Fundo de Participação dos Municípios ¿ FPM;14883446,96;19434
2015;Prefeitura Municipal de Terenos - MS;5008008;MS;DCA-Anexo I-C;NA;Deduções - FUNDEB;RO1.7.2.1.01.02.00;1.7.2.1.01.02.00 - Cota-Parte do Fundo de Participação dos Municípios ¿ FPM;-2819675,88;19434
2015;Prefeitura Municipal de Terenos - MS;5008008;MS;DCA-Anexo I-C;NA;Receitas Brutas Realizadas;RO1.7.2.1.01.05.00;1.7.2.1.01.05.00 - Cota-Parte do Imposto Sobre a Propriedade Territorial Rural ¿ ITR;1500566,97;19434
2015;Prefeitura Municipal de Terenos - MS;5008008;MS;DCA-Anexo I-C;NA;Deduções - FUNDEB;RO1.7.2.1.01.05.00;1.7.2.1.01.05.00 - Cota-Parte do Imposto Sobre a Propriedade Territorial Rural ¿ ITR;-300113,27;19434
2015;Prefeitura Municipal de Terenos - MS;5008008;MS;DCA-Anexo I-C;NA;Receitas Brutas Realizadas;RO1.7.2.1.22.00.00;1.7.2.1.22.00.00 - Transferências da Compensação Financeira pela Exploração de Recursos Naturais;560346,04;19434
2015;Prefeitura Municipal de Terenos - MS;5008008;MS;DCA-Anexo I-C;NA;Receitas Brutas Realizadas;RO1.7.2.1.22.20.00;1.7.2.1.22.20.00 - Cota-Parte da Compensação Financeira de Recursos Minerais - CFEM;402266,04;19434
2015;Prefeitura Municipal de Terenos - MS;5008008;MS;DCA-Anexo I-C;NA;Receitas Brutas Realizadas;RO1.7.2.1.22.70.00;1.7.2.1.22.70.00 - Cota-Parte do Fundo Especial do Petróleo ¿ FEP;158080,00;19434
2015;Prefeitura Municipal de Terenos - MS;5008008;MS;DCA-Anexo I-C;NA;Receitas Brutas Realizadas;RO1.7.2.1.33.00.00;1.7.2.1.33.00.00 - Transferências de Recursos do Sistema Único de Saúde - SUS - Repasses Fundo a Fundo;2361128,27;19434
2015;Prefeitura Municipal de Terenos - MS;5008008;MS;DCA-Anexo I-C;NA;Receitas Brutas Realizadas;RO1.7.2.1.34.00.00;1.7.2.1.34.00.00 - Transferências de Recursos do Fundo Nacional de Assistência Social ¿ FNAS;200101,77;19434
2015;Prefeitura Municipal de Terenos - MS;5008008;MS;DCA-Anexo I-C;NA;Receitas Brutas Realizadas;RO1.7.2.1.35.00.00;1.7.2.1.35.00.00 - Transferências de Recursos do Fundo Nacional do Desenvolvimento da Educação ¿ FNDE;1015762,13;19434
2015;Prefeitura Municipal de Terenos - MS;5008008;MS;DCA-Anexo I-C;NA;Receitas Brutas Realizadas;RO1.7.2.1.36.00.00;1.7.2.1.36.00.00 - Transferências Financeiras do ICMS ¿ Desoneração ¿ L.C. Nº 87/96;37257,12;19434
2015;Prefeitura Municipal de Terenos - MS;5008008;MS;DCA-Anexo I-C;NA;Deduções - FUNDEB;RO1.7.2.1.36.00.00;1.7.2.1.36.00.00 - Transferências Financeiras do ICMS ¿ Desoneração ¿ L.C. Nº 87/96;-7451,40;19434
2015;Prefeitura Municipal de Terenos - MS;5008008;MS;DCA-Anexo I-C;NA;Receitas Brutas Realizadas;RO1.7.2.1.99.00.00;1.7.2.1.99.00.00 - Outras Transferências da União;116946,72;19434
2015;Prefeitura Municipal de Terenos - MS;5008008;MS;DCA-Anexo I-C;NA;Receitas Brutas Realizadas;RO1.7.2.2.00.00.00;1.7.2.2.00.00.00 - Transferências dos Estados;13580757,18;19434
2015;Prefeitura Municipal de Terenos - MS;5008008;MS;DCA-Anexo I-C;NA;Deduções - FUNDEB;RO1.7.2.2.00.00.00;1.7.2.2.00.00.00 - Transferências dos Estados;-2165053,34;19434
2015;Prefeitura Municipal de Terenos - MS;5008008;MS;DCA-Anexo I-C;NA;Receitas Brutas Realizadas;RO1.7.2.2.01.00.00;1.7.2.2.01.00.00 - Participação na Receita dos Estados;11419749,09;19434
2015;Prefeitura Municipal de Terenos - MS;5008008;MS;DCA-Anexo I-C;NA;Deduções - FUNDEB;RO1.7.2.2.01.00.00;1.7.2.2.01.00.00 - Participação na Receita dos Estados;-2165053,34;19434
2015;Prefeitura Municipal de Terenos - MS;5008008;MS;DCA-Anexo I-C;NA;Receitas Brutas Realizadas;RO1.7.2.2.01.01.00;1.7.2.2.01.01.00 - Cota-Parte do ICMS;10825267,93;19434
2015;Prefeitura Municipal de Terenos - MS;5008008;MS;DCA-Anexo I-C;NA;Deduções - FUNDEB;RO1.7.2.2.01.01.00;1.7.2.2.01.01.00 - Cota-Parte do ICMS;-2165053,34;19434
2015;Prefeitura Municipal de Terenos - MS;5008008;MS;DCA-Anexo I-C;NA;Receitas Brutas Realizadas;RO1.7.2.2.01.02.00;1.7.2.2.01.02.00 - Cota-Parte do IPVA;463932,48;19434
2015;Prefeitura Municipal de Terenos - MS;5008008;MS;DCA-Anexo I-C;NA;Receitas Brutas Realizadas;RO1.7.2.2.01.04.00;1.7.2.2.01.04.00 - Cota-Parte do IPI sobre Exportação;102875,81;19434
2015;Prefeitura Municipal de Terenos - MS;5008008;MS;DCA-Anexo I-C;NA;Receitas Brutas Realizadas;RO1.7.2.2.01.13.00;1.7.2.2.01.13.00 - Cota-Parte da Contribuição de Intervenção no Domínio Econômico;27672,87;19434
2015;Prefeitura Municipal de Terenos - MS;5008008;MS;DCA-Anexo I-C;NA;Receitas Brutas Realizadas;RO1.7.2.2.33.00.00;1.7.2.2.33.00.00 - Transferências de Recursos do Estado para Programas de Saúde - Repasse Fundo a Fundo;708582,38;19434
2015;Prefeitura Municipal de Terenos - MS;5008008;MS;DCA-Anexo I-C;NA;Receitas Brutas Realizadas;RO1.7.2.2.99.00.00;1.7.2.2.99.00.00 - Outras Transferências dos Estados;1452425,71;19434
2015;Prefeitura Municipal de Terenos - MS;5008008;MS;DCA-Anexo I-C;NA;Receitas Brutas Realizadas;RO1.7.2.4.00.00.00;1.7.2.4.00.00.00 - Transferências Multigovernamentais;8654787,91;19434
2015;Prefeitura Municipal de Terenos - MS;5008008;MS;DCA-Anexo I-C;NA;Receitas Brutas Realizadas;RO1.7.2.4.01.00.00;1.7.2.4.01.00.00 - Transferências de Recursos do Fundo de Manutenção e Desenvolvimento do Ensino Fundamental e de Valorização do Magistério - FUNDEB;8654787,91;19434
2015;Prefeitura Municipal de Terenos - MS;5008008;MS;DCA-Anexo I-C;NA;Receitas Brutas Realizadas;RO1.7.6.0.00.00.00;1.7.6.0.00.00.00 - Transferências de Convênios;677435,66;19434
2015;Prefeitura Municipal de Terenos - MS;5008008;MS;DCA-Anexo I-C;NA;Receitas Brutas Realizadas;RO1.7.6.2.00.00.00;1.7.6.2.00.00.00 - Transferências de Convênios dos Estados e do Distrito Federal e de Suas Entidades;674905,66;19434
2015;Prefeitura Municipal de Terenos - MS;5008008;MS;DCA-Anexo I-C;NA;Receitas Brutas Realizadas;RO1.7.6.2.02.00.00;1.7.6.2.02.00.00 - Transferências de Convênios dos Estados Destinadas a Programas de Educação;542173,08;19434
2015;Prefeitura Municipal de Terenos - MS;5008008;MS;DCA-Anexo I-C;NA;Receitas Brutas Realizadas;RO1.7.6.2.99.00.00;1.7.6.2.99.00.00 - Outras Transferências de Convênios dos Estados;132732,58;19434
2015;Prefeitura Municipal de Terenos - MS;5008008;MS;DCA-Anexo I-C;NA;Receitas Brutas Realizadas;RO1.7.6.3.00.00.00;1.7.6.3.00.00.00 - Transferências de Convênios dos Municípios e de Suas Entidades;2530,00;19434
2015;Prefeitura Municipal de Terenos - MS;5008008;MS;DCA-Anexo I-C;NA;Receitas Brutas Realizadas;RO1.7.6.3.02.00.00;1.7.6.3.02.00.00 - Transferências de Convênios dos Municípios Destinadas a Programas de Educação;2530,00;19434
2015;Prefeitura Municipal de Terenos - MS;5008008;MS;DCA-Anexo I-C;NA;Receitas Brutas Realizadas;RO1.9.0.0.00.00.00;1.9.0.0.00.00.00 - Outras Receitas Correntes;554729,88;19434
2015;Prefeitura Municipal de Terenos - MS;5008008;MS;DCA-Anexo I-C;NA;Outras Deduções da Receita;RO1.9.0.0.00.00.00;1.9.0.0.00.00.00 - Outras Receitas Correntes;-40746,34;19434
2015;Prefeitura Municipal de Terenos - MS;5008008;MS;DCA-Anexo I-C;NA;Receitas Brutas Realizadas;RO1.9.1.0.00.00.00;1.9.1.0.00.00.00 - Multas e Juros de Mora;216192,18;19434
2015;Prefeitura Municipal de Terenos - MS;5008008;MS;DCA-Anexo I-C;NA;Receitas Brutas Realizadas;RO1.9.1.1.00.00.00;1.9.1.1.00.00.00 - Multas e Juros de Mora dos Tributos;212919,38;19434
2015;Prefeitura Municipal de Terenos - MS;5008008;MS;DCA-Anexo I-C;NA;Receitas Brutas Realizadas;RO1.9.1.1.38.00.00;1.9.1.1.38.00.00 - Multas e Juros de Mora do Imposto sobre a Propriedade Predial e Territorial Urbana ¿ IPTU;170493,74;19434
2015;Prefeitura Municipal de Terenos - MS;5008008;MS;DCA-Anexo I-C;NA;Receitas Brutas Realizadas;RO1.9.1.1.40.00.00;1.9.1.1.40.00.00 - Multas e Juros de Mora do Imposto sobre Serviços de Qualquer Natureza ¿ ISS;29544,30;19434
2015;Prefeitura Municipal de Terenos - MS;5008008;MS;DCA-Anexo I-C;NA;Receitas Brutas Realizadas;RO1.9.1.1.99.00.00;1.9.1.1.99.00.00 - Multas e Juros de Mora de Outros Tributos;12881,34;19434
2015;Prefeitura Municipal de Terenos - MS;5008008;MS;DCA-Anexo I-C;NA;Receitas Brutas Realizadas;RO1.9.1.9.00.00.00;1.9.1.9.00.00.00 - Multas de Outras Origens;3272,80;19434
2015;Prefeitura Municipal de Terenos - MS;5008008;MS;DCA-Anexo I-C;NA;Receitas Brutas Realizadas;RO1.9.2.0.00.00.00;1.9.2.0.00.00.00 - Indenizações e Restituições;33960,01;19434
2015;Prefeitura Municipal de Terenos - MS;5008008;MS;DCA-Anexo I-C;NA;Receitas Brutas Realizadas;RO1.9.2.2.00.00.00;1.9.2.2.00.00.00 - Restituições;33960,01;19434
2015;Prefeitura Municipal de Terenos - MS;5008008;MS;DCA-Anexo I-C;NA;Receitas Brutas Realizadas;RO1.9.2.2.99.00.00;1.9.2.2.99.00.00 - Outras Restituições;33960,01;19434
2015;Prefeitura Municipal de Terenos - MS;5008008;MS;DCA-Anexo I-C;NA;Receitas Brutas Realizadas;RO1.9.3.0.00.00.00;1.9.3.0.00.00.00 - Receita da Dívida Ativa;209282,24;19434
2015;Prefeitura Municipal de Terenos - MS;5008008;MS;DCA-Anexo I-C;NA;Outras Deduções da Receita;RO1.9.3.0.00.00.00;1.9.3.0.00.00.00 - Receita da Dívida Ativa;-40746,34;19434
2015;Prefeitura Municipal de Terenos - MS;5008008;MS;DCA-Anexo I-C;NA;Receitas Brutas Realizadas;RO1.9.3.1.00.00.00;1.9.3.1.00.00.00 - Receita da Dívida Ativa Tributária;209282,24;19434
2015;Prefeitura Municipal de Terenos - MS;5008008;MS;DCA-Anexo I-C;NA;Outras Deduções da Receita;RO1.9.3.1.00.00.00;1.9.3.1.00.00.00 - Receita da Dívida Ativa Tributária;-40746,34;19434
2015;Prefeitura Municipal de Terenos - MS;5008008;MS;DCA-Anexo I-C;NA;Receitas Brutas Realizadas;RO1.9.3.1.11.00.00;1.9.3.1.11.00.00 - Receita da Dívida Ativa do Imposto sobre a Propriedade Predial e Territorial Urbana ¿ IPTU;190932,32;19434
2015;Prefeitura Municipal de Terenos - MS;5008008;MS;DCA-Anexo I-C;NA;Receitas Brutas Realizadas;RO1.9.3.1.13.00.00;1.9.3.1.13.00.00 - Receita da Dívida Ativa do Imposto sobre Serviços de Qualquer Natureza ¿ ISS;5070,16;19434
2015;Prefeitura Municipal de Terenos - MS;5008008;MS;DCA-Anexo I-C;NA;Receitas Brutas Realizadas;RO1.9.3.1.99.00.00;1.9.3.1.99.00.00 - Receita da Dívida Ativa de Outros Tributos;13279,76;19434
2015;Prefeitura Municipal de Terenos - MS;5008008;MS;DCA-Anexo I-C;NA;Outras Deduções da Receita;RO1.9.3.1.99.00.00;1.9.3.1.99.00.00 - Receita da Dívida Ativa de Outros Tributos;-40746,34;19434
2015;Prefeitura Municipal de Terenos - MS;5008008;MS;DCA-Anexo I-C;NA;Receitas Brutas Realizadas;RO1.9.9.0.00.00.00;1.9.9.0.00.00.00 - Receitas Diversas;95295,45;19434
2015;Prefeitura Municipal de Terenos - MS;5008008;MS;DCA-Anexo I-C;NA;Receitas Brutas Realizadas;RO2.0.0.0.00.00.00;2.0.0.0.00.00.00 - Receitas de Capital;867490,30;19434
2015;Prefeitura Municipal de Terenos - MS;5008008;MS;DCA-Anexo I-C;NA;Receitas Brutas Realizadas;RO2.2.0.0.00.00.00;2.2.0.0.00.00.00 - Alienação de Bens;78892,16;19434
2015;Prefeitura Municipal de Terenos - MS;5008008;MS;DCA-Anexo I-C;NA;Receitas Brutas Realizadas;RO2.2.2.0.00.00.00;2.2.2.0.00.00.00 - Alienação de Bens Imóveis;78892,16;19434
2015;Prefeitura Municipal de Terenos - MS;5008008;MS;DCA-Anexo I-C;NA;Receitas Brutas Realizadas;RO2.4.0.0.00.00.00;2.4.0.0.00.00.00 - Transferências de Capital;788598,14;19434
2015;Prefeitura Municipal de Terenos - MS;5008008;MS;DCA-Anexo I-C;NA;Receitas Brutas Realizadas;RO2.4.7.0.00.00.00;2.4.7.0.00.00.00 - Transferências de Convênios;788598,14;19434
2015;Prefeitura Municipal de Terenos - MS;5008008;MS;DCA-Anexo I-C;NA;Receitas Brutas Realizadas;RO2.4.7.1.00.00.00;2.4.7.1.00.00.00 - Transferências de Convênios da União e de suas Entidades;788598,14;19434
2015;Prefeitura Municipal de Terenos - MS;5008008;MS;DCA-Anexo I-C;NA;Receitas Brutas Realizadas;RO2.4.7.1.99.00.00;2.4.7.1.99.00.00 - Outras Transferências de Convênios da União;788598,14;19434
2015;Prefeitura Municipal de Terenos - MS;5008008;MS;DCA-Anexo I-C;NA;Receitas Brutas Realizadas;RI7.0.0.0.00.00.00;7.0.0.0.00.00.00 - Receitas Correntes Intraorçamentárias;1996062,12;19434
2015;Prefeitura Municipal de Terenos - MS;5008008;MS;DCA-Anexo I-C;NA;Receitas Brutas Realizadas;RI7.2.0.0.00.00.00;7.2.0.0.00.00.00 - Receitas de Contribuições Intraorçamentárias;1996062,12;19434
2015;Prefeitura Municipal de Terenos - MS;5008008;MS;DCA-Anexo I-C;NA;Receitas Brutas Realizadas;RI7.2.1.0.00.00.00;7.2.1.0.00.00.00 - Contribuições Sociais Intraorçamentárias;1996062,12;19434
2015;Prefeitura Municipal de Terenos - MS;5008008;MS;DCA-Anexo I-C;NA;Receitas Brutas Realizadas;RI7.2.1.0.29.00.00;7.2.1.0.29.00.00 - Contribuições para o Regime Próprio de Previdência do Servidor Público Intraorçamentárias;1976523,76;19434
2015;Prefeitura Municipal de Terenos - MS;5008008;MS;DCA-Anexo I-C;NA;Receitas Brutas Realizadas;RI7.2.1.0.29.01.00;7.2.1.0.29.01.00 - Contribuição Patronal de Servidor Ativo Civil para o Regime Próprio Intraorçamentária;1976523,76;19434
2015;Prefeitura Municipal de Terenos - MS;5008008;MS;DCA-Anexo I-C;NA;Receitas Brutas Realizadas;RI7.2.1.0.99.00.00;7.2.1.0.99.00.00 - Outras Contribuições Sociais Intraorçamentárias;19538,36;19434
2016;Prefeitura Municipal de Terenos - MS;5008008;MS;DCA-Anexo I-C;NA;Receitas Brutas Realizadas;TotalReceitas;Total Receitas;67191252,49;19914
2016;Prefeitura Municipal de Terenos - MS;5008008;MS;DCA-Anexo I-C;NA;Deduções - FUNDEB;TotalReceitas;Total Receitas;-5902202,14;19914
2016;Prefeitura Municipal de Terenos - MS;5008008;MS;DCA-Anexo I-C;NA;Outras Deduções da Receita;TotalReceitas;Total Receitas;-337304,87;19914
2016;Prefeitura Municipal de Terenos - MS;5008008;MS;DCA-Anexo I-C;NA;Receitas Brutas Realizadas;RO1.0.0.0.00.00.00;1.0.0.0.00.00.00 - Receitas Correntes;62931886,26;19914
2016;Prefeitura Municipal de Terenos - MS;5008008;MS;DCA-Anexo I-C;NA;Deduções - FUNDEB;RO1.0.0.0.00.00.00;1.0.0.0.00.00.00 - Receitas Correntes;-5902202,14;19914
2016;Prefeitura Municipal de Terenos - MS;5008008;MS;DCA-Anexo I-C;NA;Outras Deduções da Receita;RO1.0.0.0.00.00.00;1.0.0.0.00.00.00 - Receitas Correntes;-337304,87;19914
2016;Prefeitura Municipal de Terenos - MS;5008008;MS;DCA-Anexo I-C;NA;Receitas Brutas Realizadas;RO1.1.0.0.00.00.00;1.1.0.0.00.00.00 - Receita Tributária;6402767,70;19914
2016;Prefeitura Municipal de Terenos - MS;5008008;MS;DCA-Anexo I-C;NA;Outras Deduções da Receita;RO1.1.0.0.00.00.00;1.1.0.0.00.00.00 - Receita Tributária;-289742,44;19914
2016;Prefeitura Municipal de Terenos - MS;5008008;MS;DCA-Anexo I-C;NA;Receitas Brutas Realizadas;RO1.1.1.0.00.00.00;1.1.1.0.00.00.00 - Impostos;6210642,98;19914
2016;Prefeitura Municipal de Terenos - MS;5008008;MS;DCA-Anexo I-C;NA;Outras Deduções da Receita;RO1.1.1.0.00.00.00;1.1.1.0.00.00.00 - Impostos;-288642,44;19914
2016;Prefeitura Municipal de Terenos - MS;5008008;MS;DCA-Anexo I-C;NA;Receitas Brutas Realizadas;RO1.1.1.2.00.00.00;1.1.1.2.00.00.00 - Impostos sobre o Patrimônio e a Renda;4536165,29;19914
2016;Prefeitura Municipal de Terenos - MS;5008008;MS;DCA-Anexo I-C;NA;Outras Deduções da Receita;RO1.1.1.2.00.00.00;1.1.1.2.00.00.00 - Impostos sobre o Patrimônio e a Renda;-286521,06;19914
2016;Prefeitura Municipal de Terenos - MS;5008008;MS;DCA-Anexo I-C;NA;Receitas Brutas Realizadas;RO1.1.1.2.02.00.00;1.1.1.2.02.00.00 - Imposto sobre a Propriedade Predial e Territorial Urbana ¿ IPTU;1228461,58;19914
2016;Prefeitura Municipal de Terenos - MS;5008008;MS;DCA-Anexo I-C;NA;Outras Deduções da Receita;RO1.1.1.2.02.00.00;1.1.1.2.02.00.00 - Imposto sobre a Propriedade Predial e Territorial Urbana ¿ IPTU;-286521,06;19914
2016;Prefeitura Municipal de Terenos - MS;5008008;MS;DCA-Anexo I-C;NA;Receitas Brutas Realizadas;RO1.1.1.2.04.00.00;1.1.1.2.04.00.00 - Imposto sobre a Renda e Proventos de Qualquer Natureza ¿ IR;1236606,54;19914
2016;Prefeitura Municipal de Terenos - MS;5008008;MS;DCA-Anexo I-C;NA;Receitas Brutas Realizadas;RO1.1.1.2.04.31.00;1.1.1.2.04.31.00 - Retido nas Fontes - Trabalho;1138895,72;19914
2016;Prefeitura Municipal de Terenos - MS;5008008;MS;DCA-Anexo I-C;NA;Receitas Brutas Realizadas;RO1.1.1.2.04.34.00;1.1.1.2.04.34.00 - Retido nas Fontes - Outros Rendimentos;97710,82;19914
2016;Prefeitura Municipal de Terenos - MS;5008008;MS;DCA-Anexo I-C;NA;Receitas Brutas Realizadas;RO1.1.1.2.08.00.00;"1.1.1.2.08.00.00 - Imposto sobre Transmissão ""Inter Vivos"" de Bens Imóveis e de Direitos Reais sobre Imóveis ¿ ITBI";2071097,17;19914
2016;Prefeitura Municipal de Terenos - MS;5008008;MS;DCA-Anexo I-C;NA;Receitas Brutas Realizadas;RO1.1.1.3.00.00.00;1.1.1.3.00.00.00 - Impostos sobre a Produção e a Circulação;1674477,69;19914
2016;Prefeitura Municipal de Terenos - MS;5008008;MS;DCA-Anexo I-C;NA;Outras Deduções da Receita;RO1.1.1.3.00.00.00;1.1.1.3.00.00.00 - Impostos sobre a Produção e a Circulação;-2121,38;19914
2016;Prefeitura Municipal de Terenos - MS;5008008;MS;DCA-Anexo I-C;NA;Receitas Brutas Realizadas;RO1.1.1.3.05.00.00;1.1.1.3.05.00.00 - Imposto sobre Serviços de Qualquer Natureza ¿ ISSQN;1674477,69;19914
2016;Prefeitura Municipal de Terenos - MS;5008008;MS;DCA-Anexo I-C;NA;Outras Deduções da Receita;RO1.1.1.3.05.00.00;1.1.1.3.05.00.00 - Imposto sobre Serviços de Qualquer Natureza ¿ ISSQN;-2121,38;19914
2016;Prefeitura Municipal de Terenos - MS;5008008;MS;DCA-Anexo I-C;NA;Receitas Brutas Realizadas;RO1.1.2.0.00.00.00;1.1.2.0.00.00.00 - Taxas;192124,72;19914
2016;Prefeitura Municipal de Terenos - MS;5008008;MS;DCA-Anexo I-C;NA;Outras Deduções da Receita;RO1.1.2.0.00.00.00;1.1.2.0.00.00.00 - Taxas;-1100,00;19914
2016;Prefeitura Municipal de Terenos - MS;5008008;MS;DCA-Anexo I-C;NA;Receitas Brutas Realizadas;RO1.1.2.1.00.00.00;1.1.2.1.00.00.00 - Taxas pelo Exercício do Poder de Polícia;43693,54;19914
2016;Prefeitura Municipal de Terenos - MS;5008008;MS;DCA-Anexo I-C;NA;Receitas Brutas Realizadas;RO1.1.2.2.00.00.00;1.1.2.2.00.00.00 - Taxas pela Prestação de Serviços;148431,18;19914
2016;Prefeitura Municipal de Terenos - MS;5008008;MS;DCA-Anexo I-C;NA;Outras Deduções da Receita;RO1.1.2.2.00.00.00;1.1.2.2.00.00.00 - Taxas pela Prestação de Serviços;-1100,00;19914
2016;Prefeitura Municipal de Terenos - MS;5008008;MS;DCA-Anexo I-C;NA;Receitas Brutas Realizadas;RO1.1.2.2.90.00.00;1.1.2.2.90.00.00 - Taxa de Limpeza Pública;119870,90;19914
2016;Prefeitura Municipal de Terenos - MS;5008008;MS;DCA-Anexo I-C;NA;Receitas Brutas Realizadas;RO1.1.2.2.99.00.00;1.1.2.2.99.00.00 - Outras Taxas pela Prestação de Serviços;28560,28;19914
2016;Prefeitura Municipal de Terenos - MS;5008008;MS;DCA-Anexo I-C;NA;Outras Deduções da Receita;RO1.1.2.2.99.00.00;1.1.2.2.99.00.00 - Outras Taxas pela Prestação de Serviços;-1100,00;19914
2016;Prefeitura Municipal de Terenos - MS;5008008;MS;DCA-Anexo I-C;NA;Receitas Brutas Realizadas;RO1.2.0.0.00.00.00;1.2.0.0.00.00.00 - Receitas de Contribuições;2472224,50;19914
2016;Prefeitura Municipal de Terenos - MS;5008008;MS;DCA-Anexo I-C;NA;Receitas Brutas Realizadas;RO1.2.1.0.00.00.00;1.2.1.0.00.00.00 - Contribuições Sociais;1764005,10;19914
2016;Prefeitura Municipal de Terenos - MS;5008008;MS;DCA-Anexo I-C;NA;Receitas Brutas Realizadas;RO1.2.1.0.29.00.00;1.2.1.0.29.00.00 - Contribuições para o Regime Próprio de Previdência do Servidor Público;1764005,10;19914
2016;Prefeitura Municipal de Terenos - MS;5008008;MS;DCA-Anexo I-C;NA;Receitas Brutas Realizadas;RO1.2.1.0.29.07.00;1.2.1.0.29.07.00 - Contribuição do Servidor Ativo Civil para o Regime Próprio;1505608,56;19914
2016;Prefeitura Municipal de Terenos - MS;5008008;MS;DCA-Anexo I-C;NA;Receitas Brutas Realizadas;RO1.2.1.0.29.15.00;1.2.1.0.29.15.00 - Contribuição Previdenciária em Regime de Parcelamento de Débitos;258396,54;19914
2016;Prefeitura Municipal de Terenos - MS;5008008;MS;DCA-Anexo I-C;NA;Receitas Brutas Realizadas;RO1.2.3.0.00.00.00;1.2.3.0.00.00.00 - Contribuição para Custeio do Serviço de Iluminação Pública;708219,40;19914
2016;Prefeitura Municipal de Terenos - MS;5008008;MS;DCA-Anexo I-C;NA;Receitas Brutas Realizadas;RO1.3.0.0.00.00.00;1.3.0.0.00.00.00 - Receita Patrimonial;3581471,53;19914
2016;Prefeitura Municipal de Terenos - MS;5008008;MS;DCA-Anexo I-C;NA;Outras Deduções da Receita;RO1.3.0.0.00.00.00;1.3.0.0.00.00.00 - Receita Patrimonial;-41132,46;19914
2016;Prefeitura Municipal de Terenos - MS;5008008;MS;DCA-Anexo I-C;NA;Receitas Brutas Realizadas;RO1.3.2.0.00.00.00;1.3.2.0.00.00.00 - Receitas de Valores Mobiliários;3581471,53;19914
2016;Prefeitura Municipal de Terenos - MS;5008008;MS;DCA-Anexo I-C;NA;Outras Deduções da Receita;RO1.3.2.0.00.00.00;1.3.2.0.00.00.00 - Receitas de Valores Mobiliários;-41132,46;19914
2016;Prefeitura Municipal de Terenos - MS;5008008;MS;DCA-Anexo I-C;NA;Receitas Brutas Realizadas;RO1.3.2.5.00.00.00;1.3.2.5.00.00.00 - Remuneração de Depósitos Bancários;662378,13;19914
2016;Prefeitura Municipal de Terenos - MS;5008008;MS;DCA-Anexo I-C;NA;Receitas Brutas Realizadas;RO1.3.2.8.00.00.00;1.3.2.8.00.00.00 - Remuneração dos Investimentos do Regime Próprio de Previdência do Servidor;2919093,40;19914
2016;Prefeitura Municipal de Terenos - MS;5008008;MS;DCA-Anexo I-C;NA;Outras Deduções da Receita;RO1.3.2.8.00.00.00;1.3.2.8.00.00.00 - Remuneração dos Investimentos do Regime Próprio de Previdência do Servidor;-41132,46;19914
2016;Prefeitura Municipal de Terenos - MS;5008008;MS;DCA-Anexo I-C;NA;Receitas Brutas Realizadas;RO1.7.0.0.00.00.00;1.7.0.0.00.00.00 - Transferências Correntes;49707374,92;19914
2016;Prefeitura Municipal de Terenos - MS;5008008;MS;DCA-Anexo I-C;NA;Deduções - FUNDEB;RO1.7.0.0.00.00.00;1.7.0.0.00.00.00 - Transferências Correntes;-5902202,14;19914
2016;Prefeitura Municipal de Terenos - MS;5008008;MS;DCA-Anexo I-C;NA;Receitas Brutas Realizadas;RO1.7.2.0.00.00.00;1.7.2.0.00.00.00 - Transferências Intergovernamentais;48829185,72;19914
2016;Prefeitura Municipal de Terenos - MS;5008008;MS;DCA-Anexo I-C;NA;Deduções - FUNDEB;RO1.7.2.0.00.00.00;1.7.2.0.00.00.00 - Transferências Intergovernamentais;-5902202,14;19914
2016;Prefeitura Municipal de Terenos - MS;5008008;MS;DCA-Anexo I-C;NA;Receitas Brutas Realizadas;RO1.7.2.1.00.00.00;1.7.2.1.00.00.00 - Transferências da União;23949479,00;19914
2016;Prefeitura Municipal de Terenos - MS;5008008;MS;DCA-Anexo I-C;NA;Deduções - FUNDEB;RO1.7.2.1.00.00.00;1.7.2.1.00.00.00 - Transferências da União;-3562447,15;19914
2016;Prefeitura Municipal de Terenos - MS;5008008;MS;DCA-Anexo I-C;NA;Receitas Brutas Realizadas;RO1.7.2.1.01.00.00;1.7.2.1.01.00.00 - Participação na Receita da União;18941026,98;19914
2016;Prefeitura Municipal de Terenos - MS;5008008;MS;DCA-Anexo I-C;NA;Deduções - FUNDEB;RO1.7.2.1.01.00.00;1.7.2.1.01.00.00 - Participação na Receita da União;-3554599,75;19914
2016;Prefeitura Municipal de Terenos - MS;5008008;MS;DCA-Anexo I-C;NA;Receitas Brutas Realizadas;RO1.7.2.1.01.02.00;1.7.2.1.01.02.00 - Cota-Parte do Fundo de Participação dos Municípios ¿ FPM;17241895,50;19914
2016;Prefeitura Municipal de Terenos - MS;5008008;MS;DCA-Anexo I-C;NA;Deduções - FUNDEB;RO1.7.2.1.01.02.00;1.7.2.1.01.02.00 - Cota-Parte do Fundo de Participação dos Municípios ¿ FPM;-3211384,03;19914
2016;Prefeitura Municipal de Terenos - MS;5008008;MS;DCA-Anexo I-C;NA;Receitas Brutas Realizadas;RO1.7.2.1.01.05.00;1.7.2.1.01.05.00 - Cota-Parte do Imposto Sobre a Propriedade Territorial Rural ¿ ITR;1699131,48;19914
2016;Prefeitura Municipal de Terenos - MS;5008008;MS;DCA-Anexo I-C;NA;Deduções - FUNDEB;RO1.7.2.1.01.05.00;1.7.2.1.01.05.00 - Cota-Parte do Imposto Sobre a Propriedade Territorial Rural ¿ ITR;-343215,72;19914
2016;Prefeitura Municipal de Terenos - MS;5008008;MS;DCA-Anexo I-C;NA;Receitas Brutas Realizadas;RO1.7.2.1.22.00.00;1.7.2.1.22.00.00 - Transferências da Compensação Financeira pela Exploração de Recursos Naturais;391693,36;19914
2016;Prefeitura Municipal de Terenos - MS;5008008;MS;DCA-Anexo I-C;NA;Receitas Brutas Realizadas;RO1.7.2.1.22.20.00;1.7.2.1.22.20.00 - Cota-Parte da Compensação Financeira de Recursos Minerais - CFEM;256601,23;19914
2016;Prefeitura Municipal de Terenos - MS;5008008;MS;DCA-Anexo I-C;NA;Receitas Brutas Realizadas;RO1.7.2.1.22.70.00;1.7.2.1.22.70.00 - Cota-Parte do Fundo Especial do Petróleo ¿ FEP;135092,13;19914
2016;Prefeitura Municipal de Terenos - MS;5008008;MS;DCA-Anexo I-C;NA;Receitas Brutas Realizadas;RO1.7.2.1.33.00.00;1.7.2.1.33.00.00 - Transferências de Recursos do Sistema Único de Saúde - SUS - Repasses Fundo a Fundo;2759053,85;19914
2016;Prefeitura Municipal de Terenos - MS;5008008;MS;DCA-Anexo I-C;NA;Receitas Brutas Realizadas;RO1.7.2.1.34.00.00;1.7.2.1.34.00.00 - Transferências de Recursos do Fundo Nacional de Assistência Social ¿ FNAS;293585,35;19914
2016;Prefeitura Municipal de Terenos - MS;5008008;MS;DCA-Anexo I-C;NA;Receitas Brutas Realizadas;RO1.7.2.1.35.00.00;1.7.2.1.35.00.00 - Transferências de Recursos do Fundo Nacional do Desenvolvimento da Educação ¿ FNDE;1237947,69;19914
2016;Prefeitura Municipal de Terenos - MS;5008008;MS;DCA-Anexo I-C;NA;Receitas Brutas Realizadas;RO1.7.2.1.36.00.00;1.7.2.1.36.00.00 - Transferências Financeiras do ICMS ¿ Desoneração ¿ L.C. Nº 87/96;56185,09;19914
2016;Prefeitura Municipal de Terenos - MS;5008008;MS;DCA-Anexo I-C;NA;Deduções - FUNDEB;RO1.7.2.1.36.00.00;1.7.2.1.36.00.00 - Transferências Financeiras do ICMS ¿ Desoneração ¿ L.C. Nº 87/96;-7847,40;19914
2016;Prefeitura Municipal de Terenos - MS;5008008;MS;DCA-Anexo I-C;NA;Receitas Brutas Realizadas;RO1.7.2.1.99.00.00;1.7.2.1.99.00.00 - Outras Transferências da União;269986,68;19914
2016;Prefeitura Municipal de Terenos - MS;5008008;MS;DCA-Anexo I-C;NA;Receitas Brutas Realizadas;RO1.7.2.2.00.00.00;1.7.2.2.00.00.00 - Transferências dos Estados;15394193,92;19914
2016;Prefeitura Municipal de Terenos - MS;5008008;MS;DCA-Anexo I-C;NA;Deduções - FUNDEB;RO1.7.2.2.00.00.00;1.7.2.2.00.00.00 - Transferências dos Estados;-2339754,99;19914
2016;Prefeitura Municipal de Terenos - MS;5008008;MS;DCA-Anexo I-C;NA;Receitas Brutas Realizadas;RO1.7.2.2.01.00.00;1.7.2.2.01.00.00 - Participação na Receita dos Estados;12624605,94;19914
2016;Prefeitura Municipal de Terenos - MS;5008008;MS;DCA-Anexo I-C;NA;Deduções - FUNDEB;RO1.7.2.2.01.00.00;1.7.2.2.01.00.00 - Participação na Receita dos Estados;-2339754,99;19914
2016;Prefeitura Municipal de Terenos - MS;5008008;MS;DCA-Anexo I-C;NA;Receitas Brutas Realizadas;RO1.7.2.2.01.01.00;1.7.2.2.01.01.00 - Cota-Parte do ICMS;11698776,24;19914
2016;Prefeitura Municipal de Terenos - MS;5008008;MS;DCA-Anexo I-C;NA;Deduções - FUNDEB;RO1.7.2.2.01.01.00;1.7.2.2.01.01.00 - Cota-Parte do ICMS;-2339754,99;19914
2016;Prefeitura Municipal de Terenos - MS;5008008;MS;DCA-Anexo I-C;NA;Receitas Brutas Realizadas;RO1.7.2.2.01.02.00;1.7.2.2.01.02.00 - Cota-Parte do IPVA;731204,32;19914
2016;Prefeitura Municipal de Terenos - MS;5008008;MS;DCA-Anexo I-C;NA;Receitas Brutas Realizadas;RO1.7.2.2.01.04.00;1.7.2.2.01.04.00 - Cota-Parte do IPI - Municípios;117111,37;19914
2016;Prefeitura Municipal de Terenos - MS;5008008;MS;DCA-Anexo I-C;NA;Receitas Brutas Realizadas;RO1.7.2.2.01.13.00;1.7.2.2.01.13.00 - Cota-Parte da Contribuição de Intervenção no Domínio Econômico;77514,01;19914
2016;Prefeitura Municipal de Terenos - MS;5008008;MS;DCA-Anexo I-C;NA;Receitas Brutas Realizadas;RO1.7.2.2.33.00.00;1.7.2.2.33.00.00 - Transferências de Recursos do Estado para Programas de Saúde - Repasse Fundo a Fundo;1235851,08;19914
2016;Prefeitura Municipal de Terenos - MS;5008008;MS;DCA-Anexo I-C;NA;Receitas Brutas Realizadas;RO1.7.2.2.99.00.00;1.7.2.2.99.00.00 - Outras Transferências dos Estados;1533736,90;19914
2016;Prefeitura Municipal de Terenos - MS;5008008;MS;DCA-Anexo I-C;NA;Receitas Brutas Realizadas;RO1.7.2.4.00.00.00;1.7.2.4.00.00.00 - Transferências Multigovernamentais;9485512,80;19914
2016;Prefeitura Municipal de Terenos - MS;5008008;MS;DCA-Anexo I-C;NA;Receitas Brutas Realizadas;RO1.7.2.4.01.00.00;1.7.2.4.01.00.00 - Transferências de Recursos do Fundo de Manutenção e Desenvolvimento do Ensino Fundamental e de Valorização do Magistério - FUNDEB;9485512,80;19914
2016;Prefeitura Municipal de Terenos - MS;5008008;MS;DCA-Anexo I-C;NA;Receitas Brutas Realizadas;RO1.7.6.0.00.00.00;1.7.6.0.00.00.00 - Transferências de Convênios;878189,20;19914
2016;Prefeitura Municipal de Terenos - MS;5008008;MS;DCA-Anexo I-C;NA;Receitas Brutas Realizadas;RO1.7.6.2.00.00.00;1.7.6.2.00.00.00 - Transferências de Convênios dos Estados e do Distrito Federal e de Suas Entidades;878189,20;19914
2016;Prefeitura Municipal de Terenos - MS;5008008;MS;DCA-Anexo I-C;NA;Receitas Brutas Realizadas;RO1.7.6.2.02.00.00;1.7.6.2.02.00.00 - Transferências de Convênios dos Estados Destinadas a Programas de Educação;817988,72;19914
2016;Prefeitura Municipal de Terenos - MS;5008008;MS;DCA-Anexo I-C;NA;Receitas Brutas Realizadas;RO1.7.6.2.99.00.00;1.7.6.2.99.00.00 - Outras Transferências de Convênios dos Estados;60200,48;19914
2016;Prefeitura Municipal de Terenos - MS;5008008;MS;DCA-Anexo I-C;NA;Receitas Brutas Realizadas;RO1.9.0.0.00.00.00;1.9.0.0.00.00.00 - Outras Receitas Correntes;768047,61;19914
2016;Prefeitura Municipal de Terenos - MS;5008008;MS;DCA-Anexo I-C;NA;Outras Deduções da Receita;RO1.9.0.0.00.00.00;1.9.0.0.00.00.00 - Outras Receitas Correntes;-6429,97;19914
2016;Prefeitura Municipal de Terenos - MS;5008008;MS;DCA-Anexo I-C;NA;Receitas Brutas Realizadas;RO1.9.1.0.00.00.00;1.9.1.0.00.00.00 - Multas e Juros de Mora;335406,85;19914
2016;Prefeitura Municipal de Terenos - MS;5008008;MS;DCA-Anexo I-C;NA;Receitas Brutas Realizadas;RO1.9.1.1.00.00.00;1.9.1.1.00.00.00 - Multas e Juros de Mora dos Tributos;333695,54;19914
2016;Prefeitura Municipal de Terenos - MS;5008008;MS;DCA-Anexo I-C;NA;Receitas Brutas Realizadas;RO1.9.1.1.38.00.00;1.9.1.1.38.00.00 - Multas e Juros de Mora do Imposto sobre a Propriedade Predial e Territorial Urbana ¿ IPTU;127778,89;19914
2016;Prefeitura Municipal de Terenos - MS;5008008;MS;DCA-Anexo I-C;NA;Receitas Brutas Realizadas;RO1.9.1.1.39.00.00;1.9.1.1.39.00.00 - Multas e Juros de Mora do Imposto sobre a Transmissão Inter Vivos de Bens Imóveis - ITBI;171150,12;19914
2016;Prefeitura Municipal de Terenos - MS;5008008;MS;DCA-Anexo I-C;NA;Receitas Brutas Realizadas;RO1.9.1.1.40.00.00;1.9.1.1.40.00.00 - Multas e Juros de Mora do Imposto sobre Serviços de Qualquer Natureza ¿ ISS;26181,06;19914
2016;Prefeitura Municipal de Terenos - MS;5008008;MS;DCA-Anexo I-C;NA;Receitas Brutas Realizadas;RO1.9.1.1.99.00.00;1.9.1.1.99.00.00 - Multas e Juros de Mora de Outros Tributos;8585,47;19914
2016;Prefeitura Municipal de Terenos - MS;5008008;MS;DCA-Anexo I-C;NA;Receitas Brutas Realizadas;RO1.9.1.9.00.00.00;1.9.1.9.00.00.00 - Multas de Outras Origens;1711,31;19914
2016;Prefeitura Municipal de Terenos - MS;5008008;MS;DCA-Anexo I-C;NA;Receitas Brutas Realizadas;RO1.9.2.0.00.00.00;1.9.2.0.00.00.00 - Indenizações e Restituições;3825,45;19914
2016;Prefeitura Municipal de Terenos - MS;5008008;MS;DCA-Anexo I-C;NA;Receitas Brutas Realizadas;RO1.9.2.2.00.00.00;1.9.2.2.00.00.00 - Restituições;3825,45;19914
2016;Prefeitura Municipal de Terenos - MS;5008008;MS;DCA-Anexo I-C;NA;Receitas Brutas Realizadas;RO1.9.2.2.99.00.00;1.9.2.2.99.00.00 - Outras Restituições;3825,45;19914
2016;Prefeitura Municipal de Terenos - MS;5008008;MS;DCA-Anexo I-C;NA;Receitas Brutas Realizadas;RO1.9.3.0.00.00.00;1.9.3.0.00.00.00 - Receita da Dívida Ativa;172064,38;19914
2016;Prefeitura Municipal de Terenos - MS;5008008;MS;DCA-Anexo I-C;NA;Outras Deduções da Receita;RO1.9.3.0.00.00.00;1.9.3.0.00.00.00 - Receita da Dívida Ativa;-6429,97;19914
2016;Prefeitura Municipal de Terenos - MS;5008008;MS;DCA-Anexo I-C;NA;Receitas Brutas Realizadas;RO1.9.3.1.00.00.00;1.9.3.1.00.00.00 - Receita da Dívida Ativa Tributária;172064,38;19914
2016;Prefeitura Municipal de Terenos - MS;5008008;MS;DCA-Anexo I-C;NA;Outras Deduções da Receita;RO1.9.3.1.00.00.00;1.9.3.1.00.00.00 - Receita da Dívida Ativa Tributária;-6429,97;19914
2016;Prefeitura Municipal de Terenos - MS;5008008;MS;DCA-Anexo I-C;NA;Receitas Brutas Realizadas;RO1.9.3.1.11.00.00;1.9.3.1.11.00.00 - Receita da Dívida Ativa do Imposto sobre a Propriedade Predial e Territorial Urbana ¿ IPTU;153059,90;19914
2016;Prefeitura Municipal de Terenos - MS;5008008;MS;DCA-Anexo I-C;NA;Receitas Brutas Realizadas;RO1.9.3.1.13.00.00;1.9.3.1.13.00.00 - Receita da Dívida Ativa do Imposto sobre Serviços de Qualquer Natureza ¿ ISS;11007,23;19914
2016;Prefeitura Municipal de Terenos - MS;5008008;MS;DCA-Anexo I-C;NA;Receitas Brutas Realizadas;RO1.9.3.1.99.00.00;1.9.3.1.99.00.00 - Receita da Dívida Ativa de Outros Tributos;7997,25;19914
2016;Prefeitura Municipal de Terenos - MS;5008008;MS;DCA-Anexo I-C;NA;Outras Deduções da Receita;RO1.9.3.1.99.00.00;1.9.3.1.99.00.00 - Receita da Dívida Ativa de Outros Tributos;-6429,97;19914
2016;Prefeitura Municipal de Terenos - MS;5008008;MS;DCA-Anexo I-C;NA;Receitas Brutas Realizadas;RO1.9.9.0.00.00.00;1.9.9.0.00.00.00 - Receitas Diversas;256750,93;19914
2016;Prefeitura Municipal de Terenos - MS;5008008;MS;DCA-Anexo I-C;NA;Receitas Brutas Realizadas;RO1.9.9.0.99.00.00;1.9.9.0.99.00.00 - Outras Receitas;256750,93;19914
2016;Prefeitura Municipal de Terenos - MS;5008008;MS;DCA-Anexo I-C;NA;Receitas Brutas Realizadas;RO2.0.0.0.00.00.00;2.0.0.0.00.00.00 - Receitas de Capital;1471007,97;19914
2016;Prefeitura Municipal de Terenos - MS;5008008;MS;DCA-Anexo I-C;NA;Receitas Brutas Realizadas;RO2.4.0.0.00.00.00;2.4.0.0.00.00.00 - Transferências de Capital;1471007,97;19914
2016;Prefeitura Municipal de Terenos - MS;5008008;MS;DCA-Anexo I-C;NA;Receitas Brutas Realizadas;RO2.4.7.0.00.00.00;2.4.7.0.00.00.00 - Transferências de Convênios;1471007,97;19914
2016;Prefeitura Municipal de Terenos - MS;5008008;MS;DCA-Anexo I-C;NA;Receitas Brutas Realizadas;RO2.4.7.1.00.00.00;2.4.7.1.00.00.00 - Transferências de Convênios da União e de suas Entidades;556002,97;19914
2016;Prefeitura Municipal de Terenos - MS;5008008;MS;DCA-Anexo I-C;NA;Receitas Brutas Realizadas;RO2.4.7.1.03.00.00;2.4.7.1.03.00.00 - Transferências de Convênios da União Destinadas a Programas de Saneamento Básico;250000,00;19914
2016;Prefeitura Municipal de Terenos - MS;5008008;MS;DCA-Anexo I-C;NA;Receitas Brutas Realizadas;RO2.4.7.1.05.00.00;2.4.7.1.05.00.00 - Transferências de Convênios da União Destinadas a Programas de Infraestrutura em Transporte;87633,00;19914
2016;Prefeitura Municipal de Terenos - MS;5008008;MS;DCA-Anexo I-C;NA;Receitas Brutas Realizadas;RO2.4.7.1.99.00.00;2.4.7.1.99.00.00 - Outras Transferências de Convênios da União;218369,97;19914
2016;Prefeitura Municipal de Terenos - MS;5008008;MS;DCA-Anexo I-C;NA;Receitas Brutas Realizadas;RO2.4.7.2.00.00.00;2.4.7.2.00.00.00 - Transferências de Convênios dos Estados e do Distrito Federal e de suas Entidades;915005,00;19914
2016;Prefeitura Municipal de Terenos - MS;5008008;MS;DCA-Anexo I-C;NA;Receitas Brutas Realizadas;RO2.4.7.2.01.00.00;2.4.7.2.01.00.00 - Transferências de Convênios dos Estados para o Sistema Único de Saúde - SUS;434505,00;19914
2016;Prefeitura Municipal de Terenos - MS;5008008;MS;DCA-Anexo I-C;NA;Receitas Brutas Realizadas;RO2.4.7.2.02.00.00;2.4.7.2.02.00.00 - Transferências de Convênios dos Estados Destinadas a Programas de Educação;430500,00;19914
2016;Prefeitura Municipal de Terenos - MS;5008008;MS;DCA-Anexo I-C;NA;Receitas Brutas Realizadas;RO2.4.7.2.99.00.00;2.4.7.2.99.00.00 - Outras Transferências de Convênios dos Estados;50000,00;19914
2016;Prefeitura Municipal de Terenos - MS;5008008;MS;DCA-Anexo I-C;NA;Receitas Brutas Realizadas;RI7.0.0.0.00.00.00;7.0.0.0.00.00.00 - Receitas Correntes Intraorçamentárias;2788358,26;19914
2016;Prefeitura Municipal de Terenos - MS;5008008;MS;DCA-Anexo I-C;NA;Receitas Brutas Realizadas;RI7.2.0.0.00.00.00;7.2.0.0.00.00.00 - Receitas de Contribuições Intraorçamentárias;2788358,26;19914
2016;Prefeitura Municipal de Terenos - MS;5008008;MS;DCA-Anexo I-C;NA;Receitas Brutas Realizadas;RI7.2.1.0.00.00.00;7.2.1.0.00.00.00 - Contribuições Sociais Intraorçamentárias;2788358,26;19914
2016;Prefeitura Municipal de Terenos - MS;5008008;MS;DCA-Anexo I-C;NA;Receitas Brutas Realizadas;RI7.2.1.0.29.00.00;7.2.1.0.29.00.00 - Contribuições para o Regime Próprio de Previdência do Servidor Público Intraorçamentárias;2788358,26;19914
2016;Prefeitura Municipal de Terenos - MS;5008008;MS;DCA-Anexo I-C;NA;Receitas Brutas Realizadas;RI7.2.1.0.29.01.00;7.2.1.0.29.01.00 - Contribuição Patronal de Servidor Ativo Civil para o Regime Próprio Intraorçamentária;2788358,26;19914
2017;Prefeitura Municipal de Terenos - MS;5008008;MS;DCA-Anexo I-C;Padrão;Receitas Brutas Realizadas;TotalReceitas;Total Receitas;68512246,66;20387
2017;Prefeitura Municipal de Terenos - MS;5008008;MS;DCA-Anexo I-C;Padrão;Deduções - FUNDEB;TotalReceitas;Total Receitas;-5827717,21;20387
2017;Prefeitura Municipal de Terenos - MS;5008008;MS;DCA-Anexo I-C;Padrão;Outras Deduções da Receita;TotalReceitas;Total Receitas;-570051,98;20387
2017;Prefeitura Municipal de Terenos - MS;5008008;MS;DCA-Anexo I-C;Padrão;Receitas Brutas Realizadas;RO1.0.0.0.00.00.00;1.0.0.0.00.00.00 - Receitas Correntes;64994509,98;20387
2017;Prefeitura Municipal de Terenos - MS;5008008;MS;DCA-Anexo I-C;Padrão;Deduções - FUNDEB;RO1.0.0.0.00.00.00;1.0.0.0.00.00.00 - Receitas Correntes;-5827717,21;20387
2017;Prefeitura Municipal de Terenos - MS;5008008;MS;DCA-Anexo I-C;Padrão;Outras Deduções da Receita;RO1.0.0.0.00.00.00;1.0.0.0.00.00.00 - Receitas Correntes;-570051,98;20387
2017;Prefeitura Municipal de Terenos - MS;5008008;MS;DCA-Anexo I-C;Padrão;Receitas Brutas Realizadas;RO1.1.0.0.00.00.00;1.1.0.0.00.00.00 - Receita Tributária;7462313,06;20387
2017;Prefeitura Municipal de Terenos - MS;5008008;MS;DCA-Anexo I-C;Padrão;Outras Deduções da Receita;RO1.1.0.0.00.00.00;1.1.0.0.00.00.00 - Receita Tributária;-327035,13;20387
2017;Prefeitura Municipal de Terenos - MS;5008008;MS;DCA-Anexo I-C;Padrão;Receitas Brutas Realizadas;RO1.1.1.0.00.00.00;1.1.1.0.00.00.00 - Impostos;7210113,45;20387
2017;Prefeitura Municipal de Terenos - MS;5008008;MS;DCA-Anexo I-C;Padrão;Outras Deduções da Receita;RO1.1.1.0.00.00.00;1.1.1.0.00.00.00 - Impostos;-325535,82;20387
2017;Prefeitura Municipal de Terenos - MS;5008008;MS;DCA-Anexo I-C;Padrão;Receitas Brutas Realizadas;RO1.1.1.2.00.00.00;1.1.1.2.00.00.00 - Impostos sobre o Patrimônio e a Renda;4422860,21;20387
2017;Prefeitura Municipal de Terenos - MS;5008008;MS;DCA-Anexo I-C;Padrão;Outras Deduções da Receita;RO1.1.1.2.00.00.00;1.1.1.2.00.00.00 - Impostos sobre o Patrimônio e a Renda;-316908,91;20387
2017;Prefeitura Municipal de Terenos - MS;5008008;MS;DCA-Anexo I-C;Padrão;Outras Deduções da Receita;RO1.1.1.2.01.00.00;1.1.1.2.01.00.00 - Imposto sobre a Propriedade Territorial Rural - ITR;-316908,91;20387
2017;Prefeitura Municipal de Terenos - MS;5008008;MS;DCA-Anexo I-C;Padrão;Receitas Brutas Realizadas;RO1.1.1.2.02.00.00;1.1.1.2.02.00.00 - Imposto sobre a Propriedade Predial e Territorial Urbana ¿ IPTU;1515526,28;20387
2017;Prefeitura Municipal de Terenos - MS;5008008;MS;DCA-Anexo I-C;Padrão;Receitas Brutas Realizadas;RO1.1.1.2.04.00.00;1.1.1.2.04.00.00 - Imposto sobre a Renda e Proventos de Qualquer Natureza ¿ IR;1324666,83;20387
2017;Prefeitura Municipal de Terenos - MS;5008008;MS;DCA-Anexo I-C;Padrão;Receitas Brutas Realizadas;RO1.1.1.2.04.31.00;1.1.1.2.04.31.00 - Retido nas Fontes - Trabalho;1061111,24;20387
2017;Prefeitura Municipal de Terenos - MS;5008008;MS;DCA-Anexo I-C;Padrão;Receitas Brutas Realizadas;RO1.1.1.2.04.34.00;1.1.1.2.04.34.00 - Retido nas Fontes - Outros Rendimentos;263555,59;20387
2017;Prefeitura Municipal de Terenos - MS;5008008;MS;DCA-Anexo I-C;Padrão;Receitas Brutas Realizadas;RO1.1.1.2.08.00.00;"1.1.1.2.08.00.00 - Imposto sobre Transmissão ""Inter Vivos"" de Bens Imóveis e de Direitos Reais sobre Imóveis ¿ ITBI";1582667,10;20387
2017;Prefeitura Municipal de Terenos - MS;5008008;MS;DCA-Anexo I-C;Padrão;Receitas Brutas Realizadas;RO1.1.1.3.00.00.00;1.1.1.3.00.00.00 - Impostos sobre a Produção e a Circulação;2787253,24;20387
2017;Prefeitura Municipal de Terenos - MS;5008008;MS;DCA-Anexo I-C;Padrão;Outras Deduções da Receita;RO1.1.1.3.00.00.00;1.1.1.3.00.00.00 - Impostos sobre a Produção e a Circulação;-8626,91;20387
2017;Prefeitura Municipal de Terenos - MS;5008008;MS;DCA-Anexo I-C;Padrão;Receitas Brutas Realizadas;RO1.1.1.3.05.00.00;1.1.1.3.05.00.00 - Imposto sobre Serviços de Qualquer Natureza ¿ ISSQN;2787253,24;20387
2017;Prefeitura Municipal de Terenos - MS;5008008;MS;DCA-Anexo I-C;Padrão;Outras Deduções da Receita;RO1.1.1.3.05.00.00;1.1.1.3.05.00.00 - Imposto sobre Serviços de Qualquer Natureza ¿ ISSQN;-8626,91;20387
2017;Prefeitura Municipal de Terenos - MS;5008008;MS;DCA-Anexo I-C;Padrão;Receitas Brutas Realizadas;RO1.1.2.0.00.00.00;1.1.2.0.00.00.00 - Taxas;252199,61;20387
2017;Prefeitura Municipal de Terenos - MS;5008008;MS;DCA-Anexo I-C;Padrão;Outras Deduções da Receita;RO1.1.2.0.00.00.00;1.1.2.0.00.00.00 - Taxas;-1499,31;20387
2017;Prefeitura Municipal de Terenos - MS;5008008;MS;DCA-Anexo I-C;Padrão;Receitas Brutas Realizadas;RO1.1.2.1.00.00.00;1.1.2.1.00.00.00 - Taxas pelo Exercício do Poder de Polícia;50681,46;20387
2017;Prefeitura Municipal de Terenos - MS;5008008;MS;DCA-Anexo I-C;Padrão;Receitas Brutas Realizadas;RO1.1.2.2.00.00.00;1.1.2.2.00.00.00 - Taxas pela Prestação de Serviços;201518,15;20387
2017;Prefeitura Municipal de Terenos - MS;5008008;MS;DCA-Anexo I-C;Padrão;Outras Deduções da Receita;RO1.1.2.2.00.00.00;1.1.2.2.00.00.00 - Taxas pela Prestação de Serviços;-1499,31;20387
2017;Prefeitura Municipal de Terenos - MS;5008008;MS;DCA-Anexo I-C;Padrão;Receitas Brutas Realizadas;RO1.1.2.2.90.00.00;1.1.2.2.90.00.00 - Taxa de Limpeza Pública;162497,63;20387
2017;Prefeitura Municipal de Terenos - MS;5008008;MS;DCA-Anexo I-C;Padrão;Receitas Brutas Realizadas;RO1.1.2.2.99.00.00;1.1.2.2.99.00.00 - Outras Taxas pela Prestação de Serviços;39020,52;20387
2017;Prefeitura Municipal de Terenos - MS;5008008;MS;DCA-Anexo I-C;Padrão;Outras Deduções da Receita;RO1.1.2.2.99.00.00;1.1.2.2.99.00.00 - Outras Taxas pela Prestação de Serviços;-1499,31;20387
2017;Prefeitura Municipal de Terenos - MS;5008008;MS;DCA-Anexo I-C;Padrão;Receitas Brutas Realizadas;RO1.2.0.0.00.00.00;1.2.0.0.00.00.00 - Receitas de Contribuições;2452918,94;20387
2017;Prefeitura Municipal de Terenos - MS;5008008;MS;DCA-Anexo I-C;Padrão;Receitas Brutas Realizadas;RO1.2.1.0.00.00.00;1.2.1.0.00.00.00 - Contribuições Sociais;1769501,57;20387
2017;Prefeitura Municipal de Terenos - MS;5008008;MS;DCA-Anexo I-C;Padrão;Receitas Brutas Realizadas;RO1.2.1.0.29.00.00;1.2.1.0.29.00.00 - Contribuições para o Regime Próprio de Previdência do Servidor Público;1769501,57;20387
2017;Prefeitura Municipal de Terenos - MS;5008008;MS;DCA-Anexo I-C;Padrão;Receitas Brutas Realizadas;RO1.2.1.0.29.07.00;1.2.1.0.29.07.00 - Contribuição do Servidor Ativo Civil para o Regime Próprio;1500004,93;20387
2017;Prefeitura Municipal de Terenos - MS;5008008;MS;DCA-Anexo I-C;Padrão;Receitas Brutas Realizadas;RO1.2.1.0.29.15.00;1.2.1.0.29.15.00 - Contribuição Previdenciária em Regime de Parcelamento de Débitos;269496,64;20387
2017;Prefeitura Municipal de Terenos - MS;5008008;MS;DCA-Anexo I-C;Padrão;Receitas Brutas Realizadas;RO1.2.3.0.00.00.00;1.2.3.0.00.00.00 - Contribuição para Custeio do Serviço de Iluminação Pública;683417,37;20387
2017;Prefeitura Municipal de Terenos - MS;5008008;MS;DCA-Anexo I-C;Padrão;Receitas Brutas Realizadas;RO1.3.0.0.00.00.00;1.3.0.0.00.00.00 - Receita Patrimonial;2995027,75;20387
2017;Prefeitura Municipal de Terenos - MS;5008008;MS;DCA-Anexo I-C;Padrão;Outras Deduções da Receita;RO1.3.0.0.00.00.00;1.3.0.0.00.00.00 - Receita Patrimonial;-70078,22;20387
2017;Prefeitura Municipal de Terenos - MS;5008008;MS;DCA-Anexo I-C;Padrão;Receitas Brutas Realizadas;RO1.3.2.0.00.00.00;1.3.2.0.00.00.00 - Receitas de Valores Mobiliários;2993667,75;20387
2017;Prefeitura Municipal de Terenos - MS;5008008;MS;DCA-Anexo I-C;Padrão;Outras Deduções da Receita;RO1.3.2.0.00.00.00;1.3.2.0.00.00.00 - Receitas de Valores Mobiliários;-70078,22;20387
2017;Prefeitura Municipal de Terenos - MS;5008008;MS;DCA-Anexo I-C;Padrão;Receitas Brutas Realizadas;RO1.3.2.5.00.00.00;1.3.2.5.00.00.00 - Remuneração de Depósitos Bancários;349047,02;20387
2017;Prefeitura Municipal de Terenos - MS;5008008;MS;DCA-Anexo I-C;Padrão;Receitas Brutas Realizadas;RO1.3.2.8.00.00.00;1.3.2.8.00.00.00 - Remuneração dos Investimentos do Regime Próprio de Previdência do Servidor;2644620,73;20387
2017;Prefeitura Municipal de Terenos - MS;5008008;MS;DCA-Anexo I-C;Padrão;Outras Deduções da Receita;RO1.3.2.8.00.00.00;1.3.2.8.00.00.00 - Remuneração dos Investimentos do Regime Próprio de Previdência do Servidor;-70078,22;20387
2017;Prefeitura Municipal de Terenos - MS;5008008;MS;DCA-Anexo I-C;Padrão;Receitas Brutas Realizadas;RO1.3.9.0.00.00.00;1.3.9.0.00.00.00 - Outras Receitas Patrimoniais;1360,00;20387
2017;Prefeitura Municipal de Terenos - MS;5008008;MS;DCA-Anexo I-C;Padrão;Receitas Brutas Realizadas;RO1.6.0.0.00.00.00;1.6.0.0.00.00.00 - Receita de Serviços;571625,00;20387
2017;Prefeitura Municipal de Terenos - MS;5008008;MS;DCA-Anexo I-C;Padrão;Receitas Brutas Realizadas;RO1.6.0.0.13.00.00;1.6.0.0.13.00.00 - Serviços Administrativos;571625,00;20387
2017;Prefeitura Municipal de Terenos - MS;5008008;MS;DCA-Anexo I-C;Padrão;Receitas Brutas Realizadas;RO1.7.0.0.00.00.00;1.7.0.0.00.00.00 - Transferências Correntes;50450198,61;20387
2017;Prefeitura Municipal de Terenos - MS;5008008;MS;DCA-Anexo I-C;Padrão;Deduções - FUNDEB;RO1.7.0.0.00.00.00;1.7.0.0.00.00.00 - Transferências Correntes;-5827717,21;20387
2017;Prefeitura Municipal de Terenos - MS;5008008;MS;DCA-Anexo I-C;Padrão;Receitas Brutas Realizadas;RO1.7.2.0.00.00.00;1.7.2.0.00.00.00 - Transferências Intergovernamentais;49681207,21;20387
2017;Prefeitura Municipal de Terenos - MS;5008008;MS;DCA-Anexo I-C;Padrão;Deduções - FUNDEB;RO1.7.2.0.00.00.00;1.7.2.0.00.00.00 - Transferências Intergovernamentais;-5827717,21;20387
2017;Prefeitura Municipal de Terenos - MS;5008008;MS;DCA-Anexo I-C;Padrão;Receitas Brutas Realizadas;RO1.7.2.1.00.00.00;1.7.2.1.00.00.00 - Transferências da União;23504124,37;20387
2017;Prefeitura Municipal de Terenos - MS;5008008;MS;DCA-Anexo I-C;Padrão;Deduções - FUNDEB;RO1.7.2.1.00.00.00;1.7.2.1.00.00.00 - Transferências da União;-3405835,79;20387
2017;Prefeitura Municipal de Terenos - MS;5008008;MS;DCA-Anexo I-C;Padrão;Receitas Brutas Realizadas;RO1.7.2.1.01.00.00;1.7.2.1.01.00.00 - Participação na Receita da União;18383735,37;20387
2017;Prefeitura Municipal de Terenos - MS;5008008;MS;DCA-Anexo I-C;Padrão;Deduções - FUNDEB;RO1.7.2.1.01.00.00;1.7.2.1.01.00.00 - Participação na Receita da União;-3402653,29;20387
2017;Prefeitura Municipal de Terenos - MS;5008008;MS;DCA-Anexo I-C;Padrão;Receitas Brutas Realizadas;RO1.7.2.1.01.02.00;1.7.2.1.01.02.00 - Cota-Parte do Fundo de Participação dos Municípios ¿ FPM;16543505,28;20387
2017;Prefeitura Municipal de Terenos - MS;5008008;MS;DCA-Anexo I-C;Padrão;Deduções - FUNDEB;RO1.7.2.1.01.02.00;1.7.2.1.01.02.00 - Cota-Parte do Fundo de Participação dos Municípios ¿ FPM;-3034607,44;20387
2017;Prefeitura Municipal de Terenos - MS;5008008;MS;DCA-Anexo I-C;Padrão;Receitas Brutas Realizadas;RO1.7.2.1.01.05.00;1.7.2.1.01.05.00 - Cota-Parte do Imposto Sobre a Propriedade Territorial Rural ¿ ITR;1840230,09;20387
2017;Prefeitura Municipal de Terenos - MS;5008008;MS;DCA-Anexo I-C;Padrão;Deduções - FUNDEB;RO1.7.2.1.01.05.00;1.7.2.1.01.05.00 - Cota-Parte do Imposto Sobre a Propriedade Territorial Rural ¿ ITR;-368045,85;20387
2017;Prefeitura Municipal de Terenos - MS;5008008;MS;DCA-Anexo I-C;Padrão;Receitas Brutas Realizadas;RO1.7.2.1.22.00.00;1.7.2.1.22.00.00 - Transferências da Compensação Financeira pela Exploração de Recursos Naturais;390164,23;20387
2017;Prefeitura Municipal de Terenos - MS;5008008;MS;DCA-Anexo I-C;Padrão;Receitas Brutas Realizadas;RO1.7.2.1.22.20.00;1.7.2.1.22.20.00 - Cota-Parte da Compensação Financeira de Recursos Minerais - CFEM;213915,16;20387
2017;Prefeitura Municipal de Terenos - MS;5008008;MS;DCA-Anexo I-C;Padrão;Receitas Brutas Realizadas;RO1.7.2.1.22.70.00;1.7.2.1.22.70.00 - Cota-Parte do Fundo Especial do Petróleo ¿ FEP;176249,07;20387
2017;Prefeitura Municipal de Terenos - MS;5008008;MS;DCA-Anexo I-C;Padrão;Receitas Brutas Realizadas;RO1.7.2.1.33.00.00;1.7.2.1.33.00.00 - Transferências de Recursos do Sistema Único de Saúde - SUS - Repasses Fundo a Fundo;3057234,33;20387
2017;Prefeitura Municipal de Terenos - MS;5008008;MS;DCA-Anexo I-C;Padrão;Receitas Brutas Realizadas;RO1.7.2.1.34.00.00;1.7.2.1.34.00.00 - Transferências de Recursos do Fundo Nacional de Assistência Social ¿ FNAS;399026,99;20387
2017;Prefeitura Municipal de Terenos - MS;5008008;MS;DCA-Anexo I-C;Padrão;Receitas Brutas Realizadas;RO1.7.2.1.35.00.00;1.7.2.1.35.00.00 - Transferências de Recursos do Fundo Nacional do Desenvolvimento da Educação ¿ FNDE;1071410,11;20387
2017;Prefeitura Municipal de Terenos - MS;5008008;MS;DCA-Anexo I-C;Padrão;Receitas Brutas Realizadas;RO1.7.2.1.36.00.00;1.7.2.1.36.00.00 - Transferências Financeiras do ICMS ¿ Desoneração ¿ L.C. Nº 87/96;31825,00;20387
2017;Prefeitura Municipal de Terenos - MS;5008008;MS;DCA-Anexo I-C;Padrão;Deduções - FUNDEB;RO1.7.2.1.36.00.00;1.7.2.1.36.00.00 - Transferências Financeiras do ICMS ¿ Desoneração ¿ L.C. Nº 87/96;-3182,50;20387
2017;Prefeitura Municipal de Terenos - MS;5008008;MS;DCA-Anexo I-C;Padrão;Receitas Brutas Realizadas;RO1.7.2.1.99.00.00;1.7.2.1.99.00.00 - Outras Transferências da União;170728,34;20387
2017;Prefeitura Municipal de Terenos - MS;5008008;MS;DCA-Anexo I-C;Padrão;Receitas Brutas Realizadas;RO1.7.2.2.00.00.00;1.7.2.2.00.00.00 - Transferências dos Estados;16302723,23;20387
2017;Prefeitura Municipal de Terenos - MS;5008008;MS;DCA-Anexo I-C;Padrão;Deduções - FUNDEB;RO1.7.2.2.00.00.00;1.7.2.2.00.00.00 - Transferências dos Estados;-2421881,42;20387
2017;Prefeitura Municipal de Terenos - MS;5008008;MS;DCA-Anexo I-C;Padrão;Receitas Brutas Realizadas;RO1.7.2.2.01.00.00;1.7.2.2.01.00.00 - Participação na Receita dos Estados;13086897,53;20387
2017;Prefeitura Municipal de Terenos - MS;5008008;MS;DCA-Anexo I-C;Padrão;Deduções - FUNDEB;RO1.7.2.2.01.00.00;1.7.2.2.01.00.00 - Participação na Receita dos Estados;-2421881,42;20387
2017;Prefeitura Municipal de Terenos - MS;5008008;MS;DCA-Anexo I-C;Padrão;Receitas Brutas Realizadas;RO1.7.2.2.01.01.00;1.7.2.2.01.01.00 - Cota-Parte do ICMS;12093495,91;20387
2017;Prefeitura Municipal de Terenos - MS;5008008;MS;DCA-Anexo I-C;Padrão;Deduções - FUNDEB;RO1.7.2.2.01.01.00;1.7.2.2.01.01.00 - Cota-Parte do ICMS;-2421881,42;20387
2017;Prefeitura Municipal de Terenos - MS;5008008;MS;DCA-Anexo I-C;Padrão;Receitas Brutas Realizadas;RO1.7.2.2.01.02.00;1.7.2.2.01.02.00 - Cota-Parte do IPVA;784229,56;20387
2017;Prefeitura Municipal de Terenos - MS;5008008;MS;DCA-Anexo I-C;Padrão;Receitas Brutas Realizadas;RO1.7.2.2.01.04.00;1.7.2.2.01.04.00 - Cota-Parte do IPI - Municípios;103449,88;20387
2017;Prefeitura Municipal de Terenos - MS;5008008;MS;DCA-Anexo I-C;Padrão;Receitas Brutas Realizadas;RO1.7.2.2.01.13.00;1.7.2.2.01.13.00 - Cota-Parte da Contribuição de Intervenção no Domínio Econômico;105722,18;20387
2017;Prefeitura Municipal de Terenos - MS;5008008;MS;DCA-Anexo I-C;Padrão;Receitas Brutas Realizadas;RO1.7.2.2.33.00.00;1.7.2.2.33.00.00 - Transferências de Recursos do Estado para Programas de Saúde - Repasse Fundo a Fundo;1576981,21;20387
2017;Prefeitura Municipal de Terenos - MS;5008008;MS;DCA-Anexo I-C;Padrão;Receitas Brutas Realizadas;RO1.7.2.2.99.00.00;1.7.2.2.99.00.00 - Outras Transferências dos Estados;1638844,49;20387
2017;Prefeitura Municipal de Terenos - MS;5008008;MS;DCA-Anexo I-C;Padrão;Receitas Brutas Realizadas;RO1.7.2.4.00.00.00;1.7.2.4.00.00.00 - Transferências Multigovernamentais;9874359,61;20387
2017;Prefeitura Municipal de Terenos - MS;5008008;MS;DCA-Anexo I-C;Padrão;Receitas Brutas Realizadas;RO1.7.2.4.01.00.00;1.7.2.4.01.00.00 - Transferências de Recursos do Fundo de Manutenção e Desenvolvimento do Ensino Fundamental e de Valorização do Magistério - FUNDEB;9874359,61;20387
2017;Prefeitura Municipal de Terenos - MS;5008008;MS;DCA-Anexo I-C;Padrão;Receitas Brutas Realizadas;RO1.7.6.0.00.00.00;1.7.6.0.00.00.00 - Transferências de Convênios;768991,40;20387
2017;Prefeitura Municipal de Terenos - MS;5008008;MS;DCA-Anexo I-C;Padrão;Receitas Brutas Realizadas;RO1.7.6.2.00.00.00;1.7.6.2.00.00.00 - Transferências de Convênios dos Estados e do Distrito Federal e de Suas Entidades;768991,40;20387
2017;Prefeitura Municipal de Terenos - MS;5008008;MS;DCA-Anexo I-C;Padrão;Receitas Brutas Realizadas;RO1.7.6.2.02.00.00;1.7.6.2.02.00.00 - Transferências de Convênios dos Estados Destinadas a Programas de Educação;748991,40;20387
2017;Prefeitura Municipal de Terenos - MS;5008008;MS;DCA-Anexo I-C;Padrão;Receitas Brutas Realizadas;RO1.7.6.2.99.00.00;1.7.6.2.99.00.00 - Outras Transferências de Convênios dos Estados;20000,00;20387
2017;Prefeitura Municipal de Terenos - MS;5008008;MS;DCA-Anexo I-C;Padrão;Receitas Brutas Realizadas;RO1.9.0.0.00.00.00;1.9.0.0.00.00.00 - Outras Receitas Correntes;1062426,62;20387
2017;Prefeitura Municipal de Terenos - MS;5008008;MS;DCA-Anexo I-C;Padrão;Outras Deduções da Receita;RO1.9.0.0.00.00.00;1.9.0.0.00.00.00 - Outras Receitas Correntes;-172938,63;20387
2017;Prefeitura Municipal de Terenos - MS;5008008;MS;DCA-Anexo I-C;Padrão;Receitas Brutas Realizadas;RO1.9.1.0.00.00.00;1.9.1.0.00.00.00 - Multas e Juros de Mora;408321,45;20387
2017;Prefeitura Municipal de Terenos - MS;5008008;MS;DCA-Anexo I-C;Padrão;Receitas Brutas Realizadas;RO1.9.1.1.00.00.00;1.9.1.1.00.00.00 - Multas e Juros de Mora dos Tributos;405418,03;20387
2017;Prefeitura Municipal de Terenos - MS;5008008;MS;DCA-Anexo I-C;Padrão;Receitas Brutas Realizadas;RO1.9.1.1.38.00.00;1.9.1.1.38.00.00 - Multas e Juros de Mora do Imposto sobre a Propriedade Predial e Territorial Urbana ¿ IPTU;376261,33;20387
2017;Prefeitura Municipal de Terenos - MS;5008008;MS;DCA-Anexo I-C;Padrão;Receitas Brutas Realizadas;RO1.9.1.1.39.00.00;1.9.1.1.39.00.00 - Multas e Juros de Mora do Imposto sobre a Transmissão Inter Vivos de Bens Imóveis - ITBI;80,33;20387
2017;Prefeitura Municipal de Terenos - MS;5008008;MS;DCA-Anexo I-C;Padrão;Receitas Brutas Realizadas;RO1.9.1.1.40.00.00;1.9.1.1.40.00.00 - Multas e Juros de Mora do Imposto sobre Serviços de Qualquer Natureza ¿ ISS;13022,37;20387
2017;Prefeitura Municipal de Terenos - MS;5008008;MS;DCA-Anexo I-C;Padrão;Receitas Brutas Realizadas;RO1.9.1.1.99.00.00;1.9.1.1.99.00.00 - Multas e Juros de Mora de Outros Tributos;16054,00;20387
2017;Prefeitura Municipal de Terenos - MS;5008008;MS;DCA-Anexo I-C;Padrão;Receitas Brutas Realizadas;RO1.9.1.9.00.00.00;1.9.1.9.00.00.00 - Multas de Outras Origens;2903,42;20387
2017;Prefeitura Municipal de Terenos - MS;5008008;MS;DCA-Anexo I-C;Padrão;Receitas Brutas Realizadas;RO1.9.2.0.00.00.00;1.9.2.0.00.00.00 - Indenizações e Restituições;119453,29;20387
2017;Prefeitura Municipal de Terenos - MS;5008008;MS;DCA-Anexo I-C;Padrão;Receitas Brutas Realizadas;RO1.9.2.2.00.00.00;1.9.2.2.00.00.00 - Restituições;119453,29;20387
2017;Prefeitura Municipal de Terenos - MS;5008008;MS;DCA-Anexo I-C;Padrão;Receitas Brutas Realizadas;RO1.9.2.2.99.00.00;1.9.2.2.99.00.00 - Outras Restituições;119453,29;20387
2017;Prefeitura Municipal de Terenos - MS;5008008;MS;DCA-Anexo I-C;Padrão;Receitas Brutas Realizadas;RO1.9.3.0.00.00.00;1.9.3.0.00.00.00 - Receita da Dívida Ativa;427316,28;20387
2017;Prefeitura Municipal de Terenos - MS;5008008;MS;DCA-Anexo I-C;Padrão;Outras Deduções da Receita;RO1.9.3.0.00.00.00;1.9.3.0.00.00.00 - Receita da Dívida Ativa;-172938,63;20387
2017;Prefeitura Municipal de Terenos - MS;5008008;MS;DCA-Anexo I-C;Padrão;Receitas Brutas Realizadas;RO1.9.3.1.00.00.00;1.9.3.1.00.00.00 - Receita da Dívida Ativa Tributária;427316,28;20387
2017;Prefeitura Municipal de Terenos - MS;5008008;MS;DCA-Anexo I-C;Padrão;Outras Deduções da Receita;RO1.9.3.1.00.00.00;1.9.3.1.00.00.00 - Receita da Dívida Ativa Tributária;-172938,63;20387
2017;Prefeitura Municipal de Terenos - MS;5008008;MS;DCA-Anexo I-C;Padrão;Receitas Brutas Realizadas;RO1.9.3.1.11.00.00;1.9.3.1.11.00.00 - Receita da Dívida Ativa do Imposto sobre a Propriedade Predial e Territorial Urbana ¿ IPTU;406680,92;20387
2017;Prefeitura Municipal de Terenos - MS;5008008;MS;DCA-Anexo I-C;Padrão;Receitas Brutas Realizadas;RO1.9.3.1.13.00.00;1.9.3.1.13.00.00 - Receita da Dívida Ativa do Imposto sobre Serviços de Qualquer Natureza ¿ ISS;8179,04;20387
2017;Prefeitura Municipal de Terenos - MS;5008008;MS;DCA-Anexo I-C;Padrão;Receitas Brutas Realizadas;RO1.9.3.1.99.00.00;1.9.3.1.99.00.00 - Receita da Dívida Ativa de Outros Tributos;12456,32;20387
2017;Prefeitura Municipal de Terenos - MS;5008008;MS;DCA-Anexo I-C;Padrão;Outras Deduções da Receita;RO1.9.3.1.99.00.00;1.9.3.1.99.00.00 - Receita da Dívida Ativa de Outros Tributos;-172938,63;20387
2017;Prefeitura Municipal de Terenos - MS;5008008;MS;DCA-Anexo I-C;Padrão;Receitas Brutas Realizadas;RO1.9.9.0.00.00.00;1.9.9.0.00.00.00 - Receitas Diversas;107335,60;20387
2017;Prefeitura Municipal de Terenos - MS;5008008;MS;DCA-Anexo I-C;Padrão;Receitas Brutas Realizadas;RO1.9.9.0.99.00.00;1.9.9.0.99.00.00 - Outras Receitas;107335,60;20387
2017;Prefeitura Municipal de Terenos - MS;5008008;MS;DCA-Anexo I-C;Padrão;Receitas Brutas Realizadas;RO2.0.0.0.00.00.00;2.0.0.0.00.00.00 - Receitas de Capital;553665,34;20387
2017;Prefeitura Municipal de Terenos - MS;5008008;MS;DCA-Anexo I-C;Padrão;Receitas Brutas Realizadas;RO2.4.0.0.00.00.00;2.4.0.0.00.00.00 - Transferências de Capital;553665,34;20387
2017;Prefeitura Municipal de Terenos - MS;5008008;MS;DCA-Anexo I-C;Padrão;Receitas Brutas Realizadas;RO2.4.2.0.00.00.00;2.4.2.0.00.00.00 - Transferências Intergovernamentais;242100,00;20387
2017;Prefeitura Municipal de Terenos - MS;5008008;MS;DCA-Anexo I-C;Padrão;Receitas Brutas Realizadas;RO2.4.2.1.00.00.00;2.4.2.1.00.00.00 - Transferências da União;242100,00;20387
2017;Prefeitura Municipal de Terenos - MS;5008008;MS;DCA-Anexo I-C;Padrão;Receitas Brutas Realizadas;RO2.4.2.1.02.00.00;2.4.2.1.02.00.00 - Transferências de Recursos Destinados a Programas de Educação;242100,00;20387
2017;Prefeitura Municipal de Terenos - MS;5008008;MS;DCA-Anexo I-C;Padrão;Receitas Brutas Realizadas;RO2.4.7.0.00.00.00;2.4.7.0.00.00.00 - Transferências de Convênios;311565,34;20387
2017;Prefeitura Municipal de Terenos - MS;5008008;MS;DCA-Anexo I-C;Padrão;Receitas Brutas Realizadas;RO2.4.7.1.00.00.00;2.4.7.1.00.00.00 - Transferências de Convênios da União e de suas Entidades;311565,34;20387
2017;Prefeitura Municipal de Terenos - MS;5008008;MS;DCA-Anexo I-C;Padrão;Receitas Brutas Realizadas;RO2.4.7.1.05.00.00;2.4.7.1.05.00.00 - Transferências de Convênios da União Destinadas a Programas de Infraestrutura em Transporte;311565,34;20387
2017;Prefeitura Municipal de Terenos - MS;5008008;MS;DCA-Anexo I-C;Padrão;Receitas Brutas Realizadas;RI7.0.0.0.00.00.00;7.0.0.0.00.00.00 - Receitas Correntes Intraorçamentárias;2964071,34;20387
2017;Prefeitura Municipal de Terenos - MS;5008008;MS;DCA-Anexo I-C;Padrão;Receitas Brutas Realizadas;RI7.2.0.0.00.00.00;7.2.0.0.00.00.00 - Receitas de Contribuições Intraorçamentárias;2964071,34;20387
2017;Prefeitura Municipal de Terenos - MS;5008008;MS;DCA-Anexo I-C;Padrão;Receitas Brutas Realizadas;RI7.2.1.0.00.00.00;7.2.1.0.00.00.00 - Contribuições Sociais Intraorçamentárias;2964071,34;20387
2017;Prefeitura Municipal de Terenos - MS;5008008;MS;DCA-Anexo I-C;Padrão;Receitas Brutas Realizadas;RI7.2.1.0.29.00.00;7.2.1.0.29.00.00 - Contribuições para o Regime Próprio de Previdência do Servidor Público Intraorçamentárias;2964071,34;20387
2017;Prefeitura Municipal de Terenos - MS;5008008;MS;DCA-Anexo I-C;Padrão;Receitas Brutas Realizadas;RI7.2.1.0.29.01.00;7.2.1.0.29.01.00 - Contribuição Patronal de Servidor Ativo Civil para o Regime Próprio Intraorçamentária;2964071,34;20387
2018;Prefeitura Municipal de Terenos - MS;5008008;MS;DCA-Anexo I-C;Padrão;Receitas Brutas Realizadas;TotalReceitas;Total Receitas;70754088,84;20387
2018;Prefeitura Municipal de Terenos - MS;5008008;MS;DCA-Anexo I-C;Padrão;Deduções - FUNDEB;TotalReceitas;Total Receitas;6081194,59;20387
2018;Prefeitura Municipal de Terenos - MS;5008008;MS;DCA-Anexo I-C;Padrão;Outras Deduções da Receita;TotalReceitas;Total Receitas;726837,23;20387
2018;Prefeitura Municipal de Terenos - MS;5008008;MS;DCA-Anexo I-C;Padrão;Receitas Brutas Realizadas;RO1.0.0.0.00.0.0;1.0.0.0.00.0.0 - Receitas Correntes;66180023,18;20387
2018;Prefeitura Municipal de Terenos - MS;5008008;MS;DCA-Anexo I-C;Padrão;Deduções - FUNDEB;RO1.0.0.0.00.0.0;1.0.0.0.00.0.0 - Receitas Correntes;6081194,59;20387
2018;Prefeitura Municipal de Terenos - MS;5008008;MS;DCA-Anexo I-C;Padrão;Outras Deduções da Receita;RO1.0.0.0.00.0.0;1.0.0.0.00.0.0 - Receitas Correntes;726837,23;20387
2018;Prefeitura Municipal de Terenos - MS;5008008;MS;DCA-Anexo I-C;Padrão;Receitas Brutas Realizadas;RO1.1.0.0.00.0.0;1.1.0.0.00.0.0 - Impostos, Taxas e Contribuições de Melhoria;6962360,88;20387
2018;Prefeitura Municipal de Terenos - MS;5008008;MS;DCA-Anexo I-C;Padrão;Outras Deduções da Receita;RO1.1.0.0.00.0.0;1.1.0.0.00.0.0 - Impostos, Taxas e Contribuições de Melhoria;475532,42;20387
2018;Prefeitura Municipal de Terenos - MS;5008008;MS;DCA-Anexo I-C;Padrão;Receitas Brutas Realizadas;RO1.1.1.0.00.0.0;1.1.1.0.00.0.0 - Impostos;6714096,65;20387
2018;Prefeitura Municipal de Terenos - MS;5008008;MS;DCA-Anexo I-C;Padrão;Outras Deduções da Receita;RO1.1.1.0.00.0.0;1.1.1.0.00.0.0 - Impostos;474646,36;20387
2018;Prefeitura Municipal de Terenos - MS;5008008;MS;DCA-Anexo I-C;Padrão;Receitas Brutas Realizadas;RO1.1.1.3.00.0.0;1.1.1.3.00.0.0 - Impostos sobre a Renda e Proventos de Qualquer Natureza;1293929,59;20387
2018;Prefeitura Municipal de Terenos - MS;5008008;MS;DCA-Anexo I-C;Padrão;Receitas Brutas Realizadas;RO1.1.1.3.03.0.0;1.1.1.3.03.0.0 - Imposto sobre a Renda - Retido na Fonte;1293929,59;20387
2018;Prefeitura Municipal de Terenos - MS;5008008;MS;DCA-Anexo I-C;Padrão;Receitas Brutas Realizadas;RO1.1.1.3.03.1.0;1.1.1.3.03.1.0 - Imposto sobre a Renda - Retido na Fonte - Trabalho;1097781,31;20387
2018;Prefeitura Municipal de Terenos - MS;5008008;MS;DCA-Anexo I-C;Padrão;Receitas Brutas Realizadas;RO1.1.1.3.03.4.0;1.1.1.3.03.4.0 - Imposto sobre a Renda - Retido na Fonte - Outros Rendimentos;196148,28;20387
2018;Prefeitura Municipal de Terenos - MS;5008008;MS;DCA-Anexo I-C;Padrão;Receitas Brutas Realizadas;RO1.1.1.8.00.0.0;1.1.1.8.00.0.0 Impostos Específicos de Estados, DF e Municípios;5420167,06;20387
2018;Prefeitura Municipal de Terenos - MS;5008008;MS;DCA-Anexo I-C;Padrão;Outras Deduções da Receita;RO1.1.1.8.00.0.0;1.1.1.8.00.0.0 Impostos Específicos de Estados, DF e Municípios;474646,36;20387
2018;Prefeitura Municipal de Terenos - MS;5008008;MS;DCA-Anexo I-C;Padrão;Receitas Brutas Realizadas;RO1.1.1.8.01.0.0;1.1.1.8.01.0.0 Impostos sobre o Patrimônio para Estados/DF/Municípios;2420910,98;20387
2018;Prefeitura Municipal de Terenos - MS;5008008;MS;DCA-Anexo I-C;Padrão;Outras Deduções da Receita;RO1.1.1.8.01.0.0;1.1.1.8.01.0.0 Impostos sobre o Patrimônio para Estados/DF/Municípios;462218,84;20387
2018;Prefeitura Municipal de Terenos - MS;5008008;MS;DCA-Anexo I-C;Padrão;Receitas Brutas Realizadas;RO1.1.1.8.01.1.0;1.1.1.8.01.1.0 Imposto sobre a Propriedade Predial e Territorial Urbana;1313413,26;20387
2018;Prefeitura Municipal de Terenos - MS;5008008;MS;DCA-Anexo I-C;Padrão;Outras Deduções da Receita;RO1.1.1.8.01.1.0;1.1.1.8.01.1.0 Imposto sobre a Propriedade Predial e Territorial Urbana;462218,84;20387
2018;Prefeitura Municipal de Terenos - MS;5008008;MS;DCA-Anexo I-C;Padrão;Receitas Brutas Realizadas;RO1.1.1.8.01.4.0;1.1.1.8.01.4.0 Imposto sobre Transmissão ¿Inter Vivos¿ de Bens Imóveis e de Direitos Reais sobre Imóveis;1107497,72;20387
2018;Prefeitura Municipal de Terenos - MS;5008008;MS;DCA-Anexo I-C;Padrão;Receitas Brutas Realizadas;RO1.1.1.8.02.0.0;1.1.1.8.02.0.0 Impostos sobre a Produção, Circulação de Mercadorias e Serviços;2999256,08;20387
2018;Prefeitura Municipal de Terenos - MS;5008008;MS;DCA-Anexo I-C;Padrão;Outras Deduções da Receita;RO1.1.1.8.02.0.0;1.1.1.8.02.0.0 Impostos sobre a Produção, Circulação de Mercadorias e Serviços;12427,52;20387
2018;Prefeitura Municipal de Terenos - MS;5008008;MS;DCA-Anexo I-C;Padrão;Receitas Brutas Realizadas;RO1.1.1.8.02.3.0;1.1.1.8.02.3.0 Imposto sobre Serviços de Qualquer Natureza;2999256,08;20387
2018;Prefeitura Municipal de Terenos - MS;5008008;MS;DCA-Anexo I-C;Padrão;Outras Deduções da Receita;RO1.1.1.8.02.3.0;1.1.1.8.02.3.0 Imposto sobre Serviços de Qualquer Natureza;12427,52;20387
2018;Prefeitura Municipal de Terenos - MS;5008008;MS;DCA-Anexo I-C;Padrão;Receitas Brutas Realizadas;RO1.1.2.0.00.0.0;1.1.2.0.00.0.0 - Taxas;248264,23;20387
2018;Prefeitura Municipal de Terenos - MS;5008008;MS;DCA-Anexo I-C;Padrão;Outras Deduções da Receita;RO1.1.2.0.00.0.0;1.1.2.0.00.0.0 - Taxas;886,06;20387
2018;Prefeitura Municipal de Terenos - MS;5008008;MS;DCA-Anexo I-C;Padrão;Receitas Brutas Realizadas;RO1.1.2.1.00.0.0;1.1.2.1.00.0.0 - Taxas pelo Exercício do Poder de Polícia;56353,02;20387
2018;Prefeitura Municipal de Terenos - MS;5008008;MS;DCA-Anexo I-C;Padrão;Receitas Brutas Realizadas;RO1.1.2.1.01.0.0;1.1.2.1.01.0.0 - Taxas de Inspeção, Controle e Fiscalização;56353,02;20387
2018;Prefeitura Municipal de Terenos - MS;5008008;MS;DCA-Anexo I-C;Padrão;Receitas Brutas Realizadas;RO1.1.2.2.00.0.0;1.1.2.2.00.0.0 - Taxas pela Prestação de Serviços;191911,21;20387
2018;Prefeitura Municipal de Terenos - MS;5008008;MS;DCA-Anexo I-C;Padrão;Outras Deduções da Receita;RO1.1.2.2.00.0.0;1.1.2.2.00.0.0 - Taxas pela Prestação de Serviços;886,06;20387
2018;Prefeitura Municipal de Terenos - MS;5008008;MS;DCA-Anexo I-C;Padrão;Receitas Brutas Realizadas;RO1.1.2.2.01.0.0;1.1.2.2.01.0.0 - Taxas pela Prestação de Serviços;191911,21;20387
2018;Prefeitura Municipal de Terenos - MS;5008008;MS;DCA-Anexo I-C;Padrão;Outras Deduções da Receita;RO1.1.2.2.01.0.0;1.1.2.2.01.0.0 - Taxas pela Prestação de Serviços;886,06;20387
2018;Prefeitura Municipal de Terenos - MS;5008008;MS;DCA-Anexo I-C;Padrão;Receitas Brutas Realizadas;RO1.2.0.0.00.0.0;1.2.0.0.00.0.0 - Contribuições;2434797,31;20387
2018;Prefeitura Municipal de Terenos - MS;5008008;MS;DCA-Anexo I-C;Padrão;Receitas Brutas Realizadas;RO1.2.1.0.00.0.0;1.2.1.0.00.0.0 - Contribuições Sociais;1706720,85;20387
2018;Prefeitura Municipal de Terenos - MS;5008008;MS;DCA-Anexo I-C;Padrão;Receitas Brutas Realizadas;RO1.2.1.0.04.0.0;1.2.1.0.04.0.0 - Contribuição para o Regime Próprio de Previdência Social - RPPS;1706720,85;20387
2018;Prefeitura Municipal de Terenos - MS;5008008;MS;DCA-Anexo I-C;Padrão;Receitas Brutas Realizadas;RO1.2.1.0.04.2.0;1.2.1.0.04.2.0 - Contribuição do Servidor Ativo Civil para o RPPS;1706720,85;20387
2018;Prefeitura Municipal de Terenos - MS;5008008;MS;DCA-Anexo I-C;Padrão;Receitas Brutas Realizadas;RO1.2.4.0.00.0.0;1.2.4.0.00.0.0 - Contribuição para o Custeio do Serviço de Iluminação Pública;728076,46;20387
2018;Prefeitura Municipal de Terenos - MS;5008008;MS;DCA-Anexo I-C;Padrão;Receitas Brutas Realizadas;RO1.3.0.0.00.0.0;1.3.0.0.00.0.0 - Receita Patrimonial;2972057,46;20387
2018;Prefeitura Municipal de Terenos - MS;5008008;MS;DCA-Anexo I-C;Padrão;Outras Deduções da Receita;RO1.3.0.0.00.0.0;1.3.0.0.00.0.0 - Receita Patrimonial;251304,81;20387
2018;Prefeitura Municipal de Terenos - MS;5008008;MS;DCA-Anexo I-C;Padrão;Receitas Brutas Realizadas;RO1.3.2.0.00.0.0;1.3.2.0.00.0.0 - Valores Mobiliários;2972057,46;20387
2018;Prefeitura Municipal de Terenos - MS;5008008;MS;DCA-Anexo I-C;Padrão;Outras Deduções da Receita;RO1.3.2.0.00.0.0;1.3.2.0.00.0.0 - Valores Mobiliários;251304,81;20387
2018;Prefeitura Municipal de Terenos - MS;5008008;MS;DCA-Anexo I-C;Padrão;Receitas Brutas Realizadas;RO1.3.2.1.00.0.0;1.3.2.1.00.0.0 - Juros e Correções Monetárias;2971557,46;20387
2018;Prefeitura Municipal de Terenos - MS;5008008;MS;DCA-Anexo I-C;Padrão;Outras Deduções da Receita;RO1.3.2.1.00.0.0;1.3.2.1.00.0.0 - Juros e Correções Monetárias;251304,81;20387
2018;Prefeitura Municipal de Terenos - MS;5008008;MS;DCA-Anexo I-C;Padrão;Receitas Brutas Realizadas;RO1.3.2.1.00.1.0;1.3.2.1.00.1.0 - Remuneração de Depósitos Bancários;2971557,46;20387
2018;Prefeitura Municipal de Terenos - MS;5008008;MS;DCA-Anexo I-C;Padrão;Outras Deduções da Receita;RO1.3.2.1.00.1.0;1.3.2.1.00.1.0 - Remuneração de Depósitos Bancários;251304,81;20387
2018;Prefeitura Municipal de Terenos - MS;5008008;MS;DCA-Anexo I-C;Padrão;Receitas Brutas Realizadas;RO1.3.2.9.00.0.0;1.3.2.9.00.0.0 - Outros Valores Mobiliários;500,00;20387
2018;Prefeitura Municipal de Terenos - MS;5008008;MS;DCA-Anexo I-C;Padrão;Receitas Brutas Realizadas;RO1.7.0.0.00.0.0;1.7.0.0.00.0.0 - Transferências Correntes;53537100,51;20387
2018;Prefeitura Municipal de Terenos - MS;5008008;MS;DCA-Anexo I-C;Padrão;Deduções - FUNDEB;RO1.7.0.0.00.0.0;1.7.0.0.00.0.0 - Transferências Correntes;6081194,59;20387
2018;Prefeitura Municipal de Terenos - MS;5008008;MS;DCA-Anexo I-C;Padrão;Receitas Brutas Realizadas;RO1.7.1.0.00.0.0;1.7.1.0.00.0.0 - Transferências da União e de suas Entidades;25938569,10;20387
2018;Prefeitura Municipal de Terenos - MS;5008008;MS;DCA-Anexo I-C;Padrão;Deduções - FUNDEB;RO1.7.1.0.00.0.0;1.7.1.0.00.0.0 - Transferências da União e de suas Entidades;3746109,77;20387
2018;Prefeitura Municipal de Terenos - MS;5008008;MS;DCA-Anexo I-C;Padrão;Receitas Brutas Realizadas;RO1.7.1.8.00.0.0;1.7.1.8.00.0.0 Transferências da União - Específicas de Estados, DF e Municípios;25938569,10;20387
2018;Prefeitura Municipal de Terenos - MS;5008008;MS;DCA-Anexo I-C;Padrão;Deduções - FUNDEB;RO1.7.1.8.00.0.0;1.7.1.8.00.0.0 Transferências da União - Específicas de Estados, DF e Municípios;3746109,77;20387
2018;Prefeitura Municipal de Terenos - MS;5008008;MS;DCA-Anexo I-C;Padrão;Receitas Brutas Realizadas;RO1.7.1.8.01.0.0;1.7.1.8.01.0.0 Participação na Receita da União;20116122,84;20387
2018;Prefeitura Municipal de Terenos - MS;5008008;MS;DCA-Anexo I-C;Padrão;Deduções - FUNDEB;RO1.7.1.8.01.0.0;1.7.1.8.01.0.0 Participação na Receita da União;3739587,05;20387
2018;Prefeitura Municipal de Terenos - MS;5008008;MS;DCA-Anexo I-C;Padrão;Receitas Brutas Realizadas;RO1.7.1.8.01.2.0;1.7.1.8.01.2.0 Cota-Parte do Fundo de Participação dos Municípios - Cota Mensal;17580503,86;20387
2018;Prefeitura Municipal de Terenos - MS;5008008;MS;DCA-Anexo I-C;Padrão;Deduções - FUNDEB;RO1.7.1.8.01.2.0;1.7.1.8.01.2.0 Cota-Parte do Fundo de Participação dos Municípios - Cota Mensal;3232463,40;20387
2018;Prefeitura Municipal de Terenos - MS;5008008;MS;DCA-Anexo I-C;Padrão;Receitas Brutas Realizadas;RO1.7.1.8.01.5.0;1.7.1.8.01.5.0 Cota-Parte do Imposto Sobre a Propriedade Territorial Rural;2535618,98;20387
2018;Prefeitura Municipal de Terenos - MS;5008008;MS;DCA-Anexo I-C;Padrão;Deduções - FUNDEB;RO1.7.1.8.01.5.0;1.7.1.8.01.5.0 Cota-Parte do Imposto Sobre a Propriedade Territorial Rural;507123,65;20387
2018;Prefeitura Municipal de Terenos - MS;5008008;MS;DCA-Anexo I-C;Padrão;Receitas Brutas Realizadas;RO1.7.1.8.02.0.0;1.7.1.8.02.0.0 Transferência da Compensação Financeira pela Exploração de Recursos Naturais;481635,33;20387
2018;Prefeitura Municipal de Terenos - MS;5008008;MS;DCA-Anexo I-C;Padrão;Receitas Brutas Realizadas;RO1.7.1.8.02.2.0;1.7.1.8.02.2.0 Cota-parte da Compensação Financeira de Recursos Minerais - CFEM;212800,52;20387
2018;Prefeitura Municipal de Terenos - MS;5008008;MS;DCA-Anexo I-C;Padrão;Receitas Brutas Realizadas;RO1.7.1.8.02.6.0;1.7.1.8.02.6.0 Cota-Parte do Fundo Especial do Petróleo ¿ FEP;268834,81;20387
2018;Prefeitura Municipal de Terenos - MS;5008008;MS;DCA-Anexo I-C;Padrão;Receitas Brutas Realizadas;RO1.7.1.8.03.0.0;1.7.1.8.03.0.0 Transferência de Recursos do Sistema Único de Saúde ¿ SUS ¿ Repasses Fundo a Fundo;3807689,20;20387
2018;Prefeitura Municipal de Terenos - MS;5008008;MS;DCA-Anexo I-C;Padrão;Receitas Brutas Realizadas;RO1.7.1.8.04.0.0;1.7.1.8.04.0.0 Transferências de Recursos do Fundo Nacional de Assistência Social ¿ FNAS;334684,05;20387
2018;Prefeitura Municipal de Terenos - MS;5008008;MS;DCA-Anexo I-C;Padrão;Receitas Brutas Realizadas;RO1.7.1.8.05.0.0;1.7.1.8.05.0.0 Transferências de Recursos do Fundo Nacional do Desenvolvimento da Educação ¿ FNDE;1165824,08;20387
2018;Prefeitura Municipal de Terenos - MS;5008008;MS;DCA-Anexo I-C;Padrão;Receitas Brutas Realizadas;RO1.7.1.8.05.1.0;1.7.1.8.05.1.0 Transferências do Salário-Educação;617879,06;20387
2018;Prefeitura Municipal de Terenos - MS;5008008;MS;DCA-Anexo I-C;Padrão;Receitas Brutas Realizadas;RO1.7.1.8.05.3.0;1.7.1.8.05.3.0 Transferências Diretas do FNDE referentes ao Programa Nacional de Alimentação Escolar ¿ PNAE;294474,00;20387
2018;Prefeitura Municipal de Terenos - MS;5008008;MS;DCA-Anexo I-C;Padrão;Receitas Brutas Realizadas;RO1.7.1.8.05.4.0;1.7.1.8.05.4.0 Transferências Diretas do FNDE referentes ao Programa Nacional de Apoio ao Transporte do Escolar ¿ PNATE;233533,46;20387
2018;Prefeitura Municipal de Terenos - MS;5008008;MS;DCA-Anexo I-C;Padrão;Receitas Brutas Realizadas;RO1.7.1.8.05.9.0;1.7.1.8.05.9.0 Outras Transferências Diretas do Fundo Nacional do Desenvolvimento da Educação ¿ FNDE;19937,56;20387
2018;Prefeitura Municipal de Terenos - MS;5008008;MS;DCA-Anexo I-C;Padrão;Receitas Brutas Realizadas;RO1.7.1.8.06.0.0;1.7.1.8.06.0.0 Transferência Financeira do ICMS ¿ Desoneração ¿ L.C. Nº 87/96;32613,60;20387
2018;Prefeitura Municipal de Terenos - MS;5008008;MS;DCA-Anexo I-C;Padrão;Deduções - FUNDEB;RO1.7.1.8.06.0.0;1.7.1.8.06.0.0 Transferência Financeira do ICMS ¿ Desoneração ¿ L.C. Nº 87/96;6522,72;20387
2018;Prefeitura Municipal de Terenos - MS;5008008;MS;DCA-Anexo I-C;Padrão;Receitas Brutas Realizadas;RO1.7.1.8.06.1.0;1.7.1.8.06.1.0 Transferência Financeira do ICMS ¿ Desoneração ¿ L.C. Nº 87/96;32613,60;20387
2018;Prefeitura Municipal de Terenos - MS;5008008;MS;DCA-Anexo I-C;Padrão;Deduções - FUNDEB;RO1.7.1.8.06.1.0;1.7.1.8.06.1.0 Transferência Financeira do ICMS ¿ Desoneração ¿ L.C. Nº 87/96;6522,72;20387
2018;Prefeitura Municipal de Terenos - MS;5008008;MS;DCA-Anexo I-C;Padrão;Receitas Brutas Realizadas;RO1.7.2.0.00.0.0;1.7.2.0.00.0.0 - Transferências dos Estados e do Distrito Federal e de suas Entidades;16630775,39;20387
2018;Prefeitura Municipal de Terenos - MS;5008008;MS;DCA-Anexo I-C;Padrão;Deduções - FUNDEB;RO1.7.2.0.00.0.0;1.7.2.0.00.0.0 - Transferências dos Estados e do Distrito Federal e de suas Entidades;2335084,82;20387
2018;Prefeitura Municipal de Terenos - MS;5008008;MS;DCA-Anexo I-C;Padrão;Receitas Brutas Realizadas;RO1.7.2.8.00.0.0;1.7.2.8.00.0.0 Transferências dos Estados - Específicas de Estados, DF e Municípios;16630775,39;20387
2018;Prefeitura Municipal de Terenos - MS;5008008;MS;DCA-Anexo I-C;Padrão;Deduções - FUNDEB;RO1.7.2.8.00.0.0;1.7.2.8.00.0.0 Transferências dos Estados - Específicas de Estados, DF e Municípios;2335084,82;20387
2018;Prefeitura Municipal de Terenos - MS;5008008;MS;DCA-Anexo I-C;Padrão;Receitas Brutas Realizadas;RO1.7.2.8.01.0.0;1.7.2.8.01.0.0 Participação na Receita dos Estados;14131880,25;20387
2018;Prefeitura Municipal de Terenos - MS;5008008;MS;DCA-Anexo I-C;Padrão;Deduções - FUNDEB;RO1.7.2.8.01.0.0;1.7.2.8.01.0.0 Participação na Receita dos Estados;2335084,82;20387
2018;Prefeitura Municipal de Terenos - MS;5008008;MS;DCA-Anexo I-C;Padrão;Receitas Brutas Realizadas;RO1.7.2.8.01.1.0;1.7.2.8.01.1.0 Cota-Parte do ICMS;11675425,50;20387
2018;Prefeitura Municipal de Terenos - MS;5008008;MS;DCA-Anexo I-C;Padrão;Deduções - FUNDEB;RO1.7.2.8.01.1.0;1.7.2.8.01.1.0 Cota-Parte do ICMS;2335084,82;20387
2018;Prefeitura Municipal de Terenos - MS;5008008;MS;DCA-Anexo I-C;Padrão;Receitas Brutas Realizadas;RO1.7.2.8.01.2.0;1.7.2.8.01.2.0 Cota-Parte do IPVA;858768,71;20387
2018;Prefeitura Municipal de Terenos - MS;5008008;MS;DCA-Anexo I-C;Padrão;Receitas Brutas Realizadas;RO1.7.2.8.01.3.0;1.7.2.8.01.3.0 Cota-Parte do IPI - Municípios;124800,91;20387
2018;Prefeitura Municipal de Terenos - MS;5008008;MS;DCA-Anexo I-C;Padrão;Receitas Brutas Realizadas;RO1.7.2.8.01.4.0;1.7.2.8.01.4.0 Cota-Parte da Contribuição de Intervenção no Domínio Econômico;83446,96;20387
2018;Prefeitura Municipal de Terenos - MS;5008008;MS;DCA-Anexo I-C;Padrão;Receitas Brutas Realizadas;RO1.7.2.8.01.9.0;1.7.2.8.01.9.0 Outras Transferências dos Estados;1389438,17;20387
2018;Prefeitura Municipal de Terenos - MS;5008008;MS;DCA-Anexo I-C;Padrão;Receitas Brutas Realizadas;RO1.7.2.8.03.0.0;1.7.2.8.03.0.0 Transferência de Recursos do Estado para Programas de Saúde ¿ Repasse Fundo a Fundo;1344844,65;20387
2018;Prefeitura Municipal de Terenos - MS;5008008;MS;DCA-Anexo I-C;Padrão;Receitas Brutas Realizadas;RO1.7.2.8.10.0.0;1.7.2.8.10.0.0 Transferência de Convênios dos Estados e do Distrito Federal e de Suas Entidades;880370,94;20387
2018;Prefeitura Municipal de Terenos - MS;5008008;MS;DCA-Anexo I-C;Padrão;Receitas Brutas Realizadas;RO1.7.2.8.10.2.0;1.7.2.8.10.2.0 Transferências de Convênio dos Estados Destinadas a Programas de Educação;730508,40;20387
2018;Prefeitura Municipal de Terenos - MS;5008008;MS;DCA-Anexo I-C;Padrão;Receitas Brutas Realizadas;RO1.7.2.8.10.9.0;1.7.2.8.10.9.0 Outras Transferências de Convênio dos Estados;149862,54;20387
2018;Prefeitura Municipal de Terenos - MS;5008008;MS;DCA-Anexo I-C;Padrão;Receitas Brutas Realizadas;RO1.7.2.8.99.0.0;1.7.2.8.99.0.0 Outras Transferências dos Estados;273679,55;20387
2018;Prefeitura Municipal de Terenos - MS;5008008;MS;DCA-Anexo I-C;Padrão;Receitas Brutas Realizadas;RO1.7.5.0.00.0.0;1.7.5.0.00.0.0 - Transferências de Outras Instituições Públicas;10967756,02;20387
2018;Prefeitura Municipal de Terenos - MS;5008008;MS;DCA-Anexo I-C;Padrão;Receitas Brutas Realizadas;RO1.7.5.8.00.0.0;1.7.5.8.00.0.0 Transferências de Outras Instituições Públicas - Específicas de Estados, DF e Municípios;10967756,02;20387
2018;Prefeitura Municipal de Terenos - MS;5008008;MS;DCA-Anexo I-C;Padrão;Receitas Brutas Realizadas;RO1.7.5.8.01.0.0;1.7.5.8.01.0.0 Transferências de Recursos do Fundo de Manutenção e Desenvolvimento da Educação Básica e de Valorização dos Profissionais da Educação ¿ FUNDEB;10967756,02;20387
2018;Prefeitura Municipal de Terenos - MS;5008008;MS;DCA-Anexo I-C;Padrão;Receitas Brutas Realizadas;RO1.9.0.0.00.0.0;1.9.0.0.00.0.0 - Outras Receitas Correntes;273707,02;20387
2018;Prefeitura Municipal de Terenos - MS;5008008;MS;DCA-Anexo I-C;Padrão;Receitas Brutas Realizadas;RO1.9.1.0.00.0.0;1.9.1.0.00.0.0 - Multas Administrativas, Contratuais e Judiciais;3030,66;20387
2018;Prefeitura Municipal de Terenos - MS;5008008;MS;DCA-Anexo I-C;Padrão;Receitas Brutas Realizadas;RO1.9.2.0.00.0.0;1.9.2.0.00.0.0 - Indenizações, Restituições e Ressarcimentos;1745,20;20387
2018;Prefeitura Municipal de Terenos - MS;5008008;MS;DCA-Anexo I-C;Padrão;Receitas Brutas Realizadas;RO1.9.2.2.00.0.0;1.9.2.2.00.0.0 - Restituições;1745,20;20387
2018;Prefeitura Municipal de Terenos - MS;5008008;MS;DCA-Anexo I-C;Padrão;Receitas Brutas Realizadas;RO1.9.2.2.99.0.0;1.9.2.2.99.0.0 - Outras Restituições;1745,20;20387
2018;Prefeitura Municipal de Terenos - MS;5008008;MS;DCA-Anexo I-C;Padrão;Receitas Brutas Realizadas;RO1.9.9.0.00.0.0;1.9.9.0.00.0.0 - Demais Receitas Correntes;268931,16;20387
2018;Prefeitura Municipal de Terenos - MS;5008008;MS;DCA-Anexo I-C;Padrão;Receitas Brutas Realizadas;RO1.9.9.0.99.0.0;1.9.9.0.99.0.0 - Outras Receitas;268931,16;20387
2018;Prefeitura Municipal de Terenos - MS;5008008;MS;DCA-Anexo I-C;Padrão;Receitas Brutas Realizadas;RO1.9.9.0.99.1.0;1.9.9.0.99.1.0 - Outras Receitas - Primárias;268931,16;20387
2018;Prefeitura Municipal de Terenos - MS;5008008;MS;DCA-Anexo I-C;Padrão;Receitas Brutas Realizadas;RO2.0.0.0.00.0.0;2.0.0.0.00.0.0 - Receitas de Capital;1171964,23;20387
2018;Prefeitura Municipal de Terenos - MS;5008008;MS;DCA-Anexo I-C;Padrão;Receitas Brutas Realizadas;RO2.4.0.0.00.0.0;2.4.0.0.00.0.0 - Transferências de Capital;1171964,23;20387
2018;Prefeitura Municipal de Terenos - MS;5008008;MS;DCA-Anexo I-C;Padrão;Receitas Brutas Realizadas;RO2.4.1.0.00.0.0;2.4.1.0.00.0.0 - Transferências da União e de suas Entidades;821964,23;20387
2018;Prefeitura Municipal de Terenos - MS;5008008;MS;DCA-Anexo I-C;Padrão;Receitas Brutas Realizadas;RO2.4.1.8.00.0.0;2.4.1.8.00.0.0 Transferências da União - Específicas de Estados, DF e Municípios;821964,23;20387
2018;Prefeitura Municipal de Terenos - MS;5008008;MS;DCA-Anexo I-C;Padrão;Receitas Brutas Realizadas;RO2.4.1.8.03.0.0;2.4.1.8.03.0.0 Transferências de Recursos do Sistema Único de Saúde ¿ SUS;743124,23;20387
2018;Prefeitura Municipal de Terenos - MS;5008008;MS;DCA-Anexo I-C;Padrão;Receitas Brutas Realizadas;RO2.4.1.8.10.0.0;2.4.1.8.10.0.0 Transferência de Convênios da União e de suas Entidades;78840,00;20387
2018;Prefeitura Municipal de Terenos - MS;5008008;MS;DCA-Anexo I-C;Padrão;Receitas Brutas Realizadas;RO2.4.2.0.00.0.0;2.4.2.0.00.0.0 - Transferências dos Estados e do Distrito Federal e de suas Entidades;350000,00;20387
2018;Prefeitura Municipal de Terenos - MS;5008008;MS;DCA-Anexo I-C;Padrão;Receitas Brutas Realizadas;RO2.4.2.8.00.0.0;2.4.2.8.00.0.0 Transferências dos Estados, Distrito Federal, e de suas Entidades;350000,00;20387
2018;Prefeitura Municipal de Terenos - MS;5008008;MS;DCA-Anexo I-C;Padrão;Receitas Brutas Realizadas;RO2.4.2.8.03.0.0;2.4.2.8.03.0.0 Transferências de Recursos do Sistema Único de Saúde ¿ SUS;50000,00;20387
2018;Prefeitura Municipal de Terenos - MS;5008008;MS;DCA-Anexo I-C;Padrão;Receitas Brutas Realizadas;RO2.4.2.8.10.0.0;2.4.2.8.10.0.0 Transferências de Convênios dos Estados e do Distrito Federal e de suas Entidades;300000,00;20387
2018;Prefeitura Municipal de Terenos - MS;5008008;MS;DCA-Anexo I-C;Padrão;Receitas Brutas Realizadas;RO7.0.0.0.00.0.0;7.0.0.0.00.0.0 - Receitas Correntes - Intraorçamentárias;3402101,43;20387
2018;Prefeitura Municipal de Terenos - MS;5008008;MS;DCA-Anexo I-C;Padrão;Receitas Brutas Realizadas;RO7.2.0.0.00.0.0;7.2.0.0.00.0.0 - Contribuições - Intraorçamentárias;3402101,43;20387
2018;Prefeitura Municipal de Terenos - MS;5008008;MS;DCA-Anexo I-C;Padrão;Receitas Brutas Realizadas;RO7.2.1.0.00.0.0;7.2.1.0.00.0.0 - Contribuições Sociais - Intraorçamentárias;3402101,43;20387
2018;Prefeitura Municipal de Terenos - MS;5008008;MS;DCA-Anexo I-C;Padrão;Receitas Brutas Realizadas;RO7.2.1.0.04.0.0;7.2.1.0.04.0.0 - Contribuição para o Regime Próprio de Previdência Social - RPPS - Intraorçamentárias;3402101,43;20387
2018;Prefeitura Municipal de Terenos - MS;5008008;MS;DCA-Anexo I-C;Padrão;Receitas Brutas Realizadas;RO7.2.1.0.04.2.0;7.2.1.0.04.2.0 - Contribuição do Servidor Ativo Civil para o RPPS - Intraorçamentárias;3402101,43;20387
2019;Prefeitura Municipal de Terenos - MS;5008008;MS;DCA-Anexo I-C;Padrão;Receitas Brutas Realizadas;ReceitasExcetoIntraOrcamentarias;RECEITAS (EXCETO INTRA-ORÇAMENTÁRIAS) (I);76488719,61;21311
2019;Prefeitura Municipal de Terenos - MS;5008008;MS;DCA-Anexo I-C;Padrão;Deduções - FUNDEB;ReceitasExcetoIntraOrcamentarias;RECEITAS (EXCETO INTRA-ORÇAMENTÁRIAS) (I);6725388,27;21311
2019;Prefeitura Municipal de Terenos - MS;5008008;MS;DCA-Anexo I-C;Padrão;Outras Deduções da Receita;ReceitasExcetoIntraOrcamentarias;RECEITAS (EXCETO INTRA-ORÇAMENTÁRIAS) (I);776782,17;21311
2019;Prefeitura Municipal de Terenos - MS;5008008;MS;DCA-Anexo I-C;Padrão;Receitas Brutas Realizadas;RO1.0.0.0.00.0.0;1.0.0.0.00.0.0 - Receitas Correntes;76034228,14;21311
2019;Prefeitura Municipal de Terenos - MS;5008008;MS;DCA-Anexo I-C;Padrão;Deduções - FUNDEB;RO1.0.0.0.00.0.0;1.0.0.0.00.0.0 - Receitas Correntes;6725388,27;21311
2019;Prefeitura Municipal de Terenos - MS;5008008;MS;DCA-Anexo I-C;Padrão;Outras Deduções da Receita;RO1.0.0.0.00.0.0;1.0.0.0.00.0.0 - Receitas Correntes;776782,17;21311
2019;Prefeitura Municipal de Terenos - MS;5008008;MS;DCA-Anexo I-C;Padrão;Receitas Brutas Realizadas;RO1.1.0.0.00.0.0;1.1.0.0.00.0.0 - Impostos, Taxas e Contribuições de Melhoria;10828107,87;21311
2019;Prefeitura Municipal de Terenos - MS;5008008;MS;DCA-Anexo I-C;Padrão;Outras Deduções da Receita;RO1.1.0.0.00.0.0;1.1.0.0.00.0.0 - Impostos, Taxas e Contribuições de Melhoria;619426,39;21311
2019;Prefeitura Municipal de Terenos - MS;5008008;MS;DCA-Anexo I-C;Padrão;Receitas Brutas Realizadas;RO1.1.1.0.00.0.0;1.1.1.0.00.0.0 - Impostos;10568070,48;21311
2019;Prefeitura Municipal de Terenos - MS;5008008;MS;DCA-Anexo I-C;Padrão;Outras Deduções da Receita;RO1.1.1.0.00.0.0;1.1.1.0.00.0.0 - Impostos;616414,14;21311
2019;Prefeitura Municipal de Terenos - MS;5008008;MS;DCA-Anexo I-C;Padrão;Receitas Brutas Realizadas;RO1.1.1.3.00.0.0;1.1.1.3.00.0.0 - Impostos sobre a Renda e Proventos de Qualquer Natureza;1591400,95;21311
2019;Prefeitura Municipal de Terenos - MS;5008008;MS;DCA-Anexo I-C;Padrão;Receitas Brutas Realizadas;RO1.1.1.3.03.0.0;1.1.1.3.03.0.0 - Imposto sobre a Renda - Retido na Fonte;1591400,95;21311
2019;Prefeitura Municipal de Terenos - MS;5008008;MS;DCA-Anexo I-C;Padrão;Receitas Brutas Realizadas;RO1.1.1.3.03.1.0;1.1.1.3.03.1.0 - Imposto sobre a Renda - Retido na Fonte - Trabalho;1438909,56;21311
2019;Prefeitura Municipal de Terenos - MS;5008008;MS;DCA-Anexo I-C;Padrão;Receitas Brutas Realizadas;RO1.1.1.3.03.4.0;1.1.1.3.03.4.0 - Imposto sobre a Renda - Retido na Fonte - Outros Rendimentos;152491,39;21311
2019;Prefeitura Municipal de Terenos - MS;5008008;MS;DCA-Anexo I-C;Padrão;Receitas Brutas Realizadas;RO1.1.1.8.00.0.0;1.1.1.8.00.0.0 Impostos Específicos de Estados, DF e Municípios;8976669,53;21311
2019;Prefeitura Municipal de Terenos - MS;5008008;MS;DCA-Anexo I-C;Padrão;Outras Deduções da Receita;RO1.1.1.8.00.0.0;1.1.1.8.00.0.0 Impostos Específicos de Estados, DF e Municípios;367932,33;21311
2019;Prefeitura Municipal de Terenos - MS;5008008;MS;DCA-Anexo I-C;Padrão;Receitas Brutas Realizadas;RO1.1.1.8.01.0.0;1.1.1.8.01.0.0 Impostos sobre o Patrimônio para Estados/DF/Municípios;6252080,28;21311
2019;Prefeitura Municipal de Terenos - MS;5008008;MS;DCA-Anexo I-C;Padrão;Outras Deduções da Receita;RO1.1.1.8.01.0.0;1.1.1.8.01.0.0 Impostos sobre o Patrimônio para Estados/DF/Municípios;351779,23;21311
2019;Prefeitura Municipal de Terenos - MS;5008008;MS;DCA-Anexo I-C;Padrão;Receitas Brutas Realizadas;RO1.1.1.8.01.1.0;1.1.1.8.01.1.0 Imposto sobre a Propriedade Predial e Territorial Urbana;2460400,29;21311
2019;Prefeitura Municipal de Terenos - MS;5008008;MS;DCA-Anexo I-C;Padrão;Outras Deduções da Receita;RO1.1.1.8.01.1.0;1.1.1.8.01.1.0 Imposto sobre a Propriedade Predial e Territorial Urbana;351779,23;21311
2019;Prefeitura Municipal de Terenos - MS;5008008;MS;DCA-Anexo I-C;Padrão;Receitas Brutas Realizadas;RO1.1.1.8.01.4.0;1.1.1.8.01.4.0 Imposto sobre Transmissão ¿Inter Vivos¿ de Bens Imóveis e de Direitos Reais sobre Imóveis;3791679,99;21311
2019;Prefeitura Municipal de Terenos - MS;5008008;MS;DCA-Anexo I-C;Padrão;Receitas Brutas Realizadas;RO1.1.1.8.02.0.0;1.1.1.8.02.0.0 Impostos sobre a Produção, Circulação de Mercadorias e Serviços;2724589,25;21311
2019;Prefeitura Municipal de Terenos - MS;5008008;MS;DCA-Anexo I-C;Padrão;Outras Deduções da Receita;RO1.1.1.8.02.0.0;1.1.1.8.02.0.0 Impostos sobre a Produção, Circulação de Mercadorias e Serviços;16153,10;21311
2019;Prefeitura Municipal de Terenos - MS;5008008;MS;DCA-Anexo I-C;Padrão;Receitas Brutas Realizadas;RO1.1.1.8.02.3.0;1.1.1.8.02.3.0 Imposto sobre Serviços de Qualquer Natureza;2724589,25;21311
2019;Prefeitura Municipal de Terenos - MS;5008008;MS;DCA-Anexo I-C;Padrão;Outras Deduções da Receita;RO1.1.1.8.02.3.0;1.1.1.8.02.3.0 Imposto sobre Serviços de Qualquer Natureza;16153,10;21311
2019;Prefeitura Municipal de Terenos - MS;5008008;MS;DCA-Anexo I-C;Padrão;Outras Deduções da Receita;RO1.1.1.9.00.0.0;1.1.1.9.00.0.0 - Outros Impostos;248481,81;21311
2019;Prefeitura Municipal de Terenos - MS;5008008;MS;DCA-Anexo I-C;Padrão;Receitas Brutas Realizadas;RO1.1.2.0.00.0.0;1.1.2.0.00.0.0 - Taxas;260037,39;21311
2019;Prefeitura Municipal de Terenos - MS;5008008;MS;DCA-Anexo I-C;Padrão;Outras Deduções da Receita;RO1.1.2.0.00.0.0;1.1.2.0.00.0.0 - Taxas;3012,25;21311
2019;Prefeitura Municipal de Terenos - MS;5008008;MS;DCA-Anexo I-C;Padrão;Receitas Brutas Realizadas;RO1.1.2.1.00.0.0;1.1.2.1.00.0.0 - Taxas pelo Exercício do Poder de Polícia;64826,65;21311
2019;Prefeitura Municipal de Terenos - MS;5008008;MS;DCA-Anexo I-C;Padrão;Receitas Brutas Realizadas;RO1.1.2.1.02.0.0;1.1.2.1.02.0.0 - Taxas de Fiscalização das Telecomunicações;64826,65;21311
2019;Prefeitura Municipal de Terenos - MS;5008008;MS;DCA-Anexo I-C;Padrão;Receitas Brutas Realizadas;RO1.1.2.1.02.1.0;1.1.2.1.02.1.0 - Taxa de Fiscalização de Instalação - TFI;64826,65;21311
2019;Prefeitura Municipal de Terenos - MS;5008008;MS;DCA-Anexo I-C;Padrão;Receitas Brutas Realizadas;RO1.1.2.2.00.0.0;1.1.2.2.00.0.0 - Taxas pela Prestação de Serviços;195210,74;21311
2019;Prefeitura Municipal de Terenos - MS;5008008;MS;DCA-Anexo I-C;Padrão;Outras Deduções da Receita;RO1.1.2.2.00.0.0;1.1.2.2.00.0.0 - Taxas pela Prestação de Serviços;3012,25;21311
2019;Prefeitura Municipal de Terenos - MS;5008008;MS;DCA-Anexo I-C;Padrão;Receitas Brutas Realizadas;RO1.1.2.2.01.0.0;1.1.2.2.01.0.0 - Taxas pela Prestação de Serviços;195210,74;21311
2019;Prefeitura Municipal de Terenos - MS;5008008;MS;DCA-Anexo I-C;Padrão;Outras Deduções da Receita;RO1.1.2.2.01.0.0;1.1.2.2.01.0.0 - Taxas pela Prestação de Serviços;3012,25;21311
2019;Prefeitura Municipal de Terenos - MS;5008008;MS;DCA-Anexo I-C;Padrão;Receitas Brutas Realizadas;RO1.2.0.0.00.0.0;1.2.0.0.00.0.0 - Contribuições;2341591,01;21311
2019;Prefeitura Municipal de Terenos - MS;5008008;MS;DCA-Anexo I-C;Padrão;Receitas Brutas Realizadas;RO1.2.1.0.00.0.0;1.2.1.0.00.0.0 - Contribuições Sociais;1472892,78;21311
2019;Prefeitura Municipal de Terenos - MS;5008008;MS;DCA-Anexo I-C;Padrão;Receitas Brutas Realizadas;RO1.2.1.8.00.0.0;1.2.1.8.00.0.0 Contribuições Sociais Específicas de Estados, DF e Municípios;1472892,78;21311
2019;Prefeitura Municipal de Terenos - MS;5008008;MS;DCA-Anexo I-C;Padrão;Receitas Brutas Realizadas;RO1.2.1.8.01.0.0;1.2.1.8.01.0.0 - Contribuição do Servidor Civil para o Plano de Seguridade Social - CPSSS - Específico de EST/DF/MUN;1472892,78;21311
2019;Prefeitura Municipal de Terenos - MS;5008008;MS;DCA-Anexo I-C;Padrão;Receitas Brutas Realizadas;RO1.2.1.8.01.1.0;1.2.1.8.01.1.0 - CPSSS do Servidor Civil Ativo;1472892,78;21311
2019;Prefeitura Municipal de Terenos - MS;5008008;MS;DCA-Anexo I-C;Padrão;Receitas Brutas Realizadas;RO1.2.4.0.00.0.0;1.2.4.0.00.0.0 - Contribuição para o Custeio do Serviço de Iluminação Pública;868698,23;21311
2019;Prefeitura Municipal de Terenos - MS;5008008;MS;DCA-Anexo I-C;Padrão;Receitas Brutas Realizadas;RO1.3.0.0.00.0.0;1.3.0.0.00.0.0 - Receita Patrimonial;3672026,45;21311
2019;Prefeitura Municipal de Terenos - MS;5008008;MS;DCA-Anexo I-C;Padrão;Outras Deduções da Receita;RO1.3.0.0.00.0.0;1.3.0.0.00.0.0 - Receita Patrimonial;157355,78;21311
2019;Prefeitura Municipal de Terenos - MS;5008008;MS;DCA-Anexo I-C;Padrão;Receitas Brutas Realizadas;RO1.3.2.0.00.0.0;1.3.2.0.00.0.0 - Valores Mobiliários;3651026,45;21311
2019;Prefeitura Municipal de Terenos - MS;5008008;MS;DCA-Anexo I-C;Padrão;Outras Deduções da Receita;RO1.3.2.0.00.0.0;1.3.2.0.00.0.0 - Valores Mobiliários;157355,78;21311
2019;Prefeitura Municipal de Terenos - MS;5008008;MS;DCA-Anexo I-C;Padrão;Receitas Brutas Realizadas;RO1.3.2.1.00.0.0;1.3.2.1.00.0.0 - Juros e Correções Monetárias;3651026,45;21311
2019;Prefeitura Municipal de Terenos - MS;5008008;MS;DCA-Anexo I-C;Padrão;Outras Deduções da Receita;RO1.3.2.1.00.0.0;1.3.2.1.00.0.0 - Juros e Correções Monetárias;157355,78;21311
2019;Prefeitura Municipal de Terenos - MS;5008008;MS;DCA-Anexo I-C;Padrão;Receitas Brutas Realizadas;RO1.3.2.1.00.1.0;1.3.2.1.00.1.0 - Remuneração de Depósitos Bancários;163088,53;21311
2019;Prefeitura Municipal de Terenos - MS;5008008;MS;DCA-Anexo I-C;Padrão;Receitas Brutas Realizadas;RO1.3.2.1.00.4.0;1.3.2.1.00.4.0 - Remuneração dos Recursos do Regime Próprio de Previdência Social - RPPS;3487937,92;21311
2019;Prefeitura Municipal de Terenos - MS;5008008;MS;DCA-Anexo I-C;Padrão;Outras Deduções da Receita;RO1.3.2.1.00.4.0;1.3.2.1.00.4.0 - Remuneração dos Recursos do Regime Próprio de Previdência Social - RPPS;157355,78;21311
2019;Prefeitura Municipal de Terenos - MS;5008008;MS;DCA-Anexo I-C;Padrão;Receitas Brutas Realizadas;RO1.3.9.0.00.0.0;1.3.9.0.00.0.0 - Demais Receitas Patrimoniais;21000,00;21311
2019;Prefeitura Municipal de Terenos - MS;5008008;MS;DCA-Anexo I-C;Padrão;Receitas Brutas Realizadas;RO1.7.0.0.00.0.0;1.7.0.0.00.0.0 - Transferências Correntes;58898813,08;21311
2019;Prefeitura Municipal de Terenos - MS;5008008;MS;DCA-Anexo I-C;Padrão;Deduções - FUNDEB;RO1.7.0.0.00.0.0;1.7.0.0.00.0.0 - Transferências Correntes;6725388,27;21311
2019;Prefeitura Municipal de Terenos - MS;5008008;MS;DCA-Anexo I-C;Padrão;Receitas Brutas Realizadas;RO1.7.1.0.00.0.0;1.7.1.0.00.0.0 - Transferências da União e de suas Entidades;28872166,46;21311
2019;Prefeitura Municipal de Terenos - MS;5008008;MS;DCA-Anexo I-C;Padrão;Deduções - FUNDEB;RO1.7.1.0.00.0.0;1.7.1.0.00.0.0 - Transferências da União e de suas Entidades;4049703,72;21311
2019;Prefeitura Municipal de Terenos - MS;5008008;MS;DCA-Anexo I-C;Padrão;Receitas Brutas Realizadas;RO1.7.1.8.00.0.0;1.7.1.8.00.0.0 Transferências da União - Específicas de Estados, DF e Municípios;28872166,46;21311
2019;Prefeitura Municipal de Terenos - MS;5008008;MS;DCA-Anexo I-C;Padrão;Deduções - FUNDEB;RO1.7.1.8.00.0.0;1.7.1.8.00.0.0 Transferências da União - Específicas de Estados, DF e Municípios;4049703,72;21311
2019;Prefeitura Municipal de Terenos - MS;5008008;MS;DCA-Anexo I-C;Padrão;Receitas Brutas Realizadas;RO1.7.1.8.01.0.0;1.7.1.8.01.0.0 Participação na Receita da União;21768676,86;21311
2019;Prefeitura Municipal de Terenos - MS;5008008;MS;DCA-Anexo I-C;Padrão;Deduções - FUNDEB;RO1.7.1.8.01.0.0;1.7.1.8.01.0.0 Participação na Receita da União;4049703,72;21311
2019;Prefeitura Municipal de Terenos - MS;5008008;MS;DCA-Anexo I-C;Padrão;Receitas Brutas Realizadas;RO1.7.1.8.01.2.0;1.7.1.8.01.2.0 Cota-Parte do Fundo de Participação dos Municípios - Cota Mensal;19067185,49;21311
2019;Prefeitura Municipal de Terenos - MS;5008008;MS;DCA-Anexo I-C;Padrão;Deduções - FUNDEB;RO1.7.1.8.01.2.0;1.7.1.8.01.2.0 Cota-Parte do Fundo de Participação dos Municípios - Cota Mensal;3509405,59;21311
2019;Prefeitura Municipal de Terenos - MS;5008008;MS;DCA-Anexo I-C;Padrão;Receitas Brutas Realizadas;RO1.7.1.8.01.5.0;1.7.1.8.01.5.0 Cota-Parte do Imposto Sobre a Propriedade Territorial Rural;2701491,37;21311
2019;Prefeitura Municipal de Terenos - MS;5008008;MS;DCA-Anexo I-C;Padrão;Deduções - FUNDEB;RO1.7.1.8.01.5.0;1.7.1.8.01.5.0 Cota-Parte do Imposto Sobre a Propriedade Territorial Rural;540298,13;21311
2019;Prefeitura Municipal de Terenos - MS;5008008;MS;DCA-Anexo I-C;Padrão;Receitas Brutas Realizadas;RO1.7.1.8.02.0.0;1.7.1.8.02.0.0 Transferência da Compensação Financeira pela Exploração de Recursos Naturais;531967,46;21311
2019;Prefeitura Municipal de Terenos - MS;5008008;MS;DCA-Anexo I-C;Padrão;Receitas Brutas Realizadas;RO1.7.1.8.02.2.0;1.7.1.8.02.2.0 Cota-parte da Compensação Financeira de Recursos Minerais - CFEM;261604,56;21311
2019;Prefeitura Municipal de Terenos - MS;5008008;MS;DCA-Anexo I-C;Padrão;Receitas Brutas Realizadas;RO1.7.1.8.02.6.0;1.7.1.8.02.6.0 Cota-Parte do Fundo Especial do Petróleo ¿ FEP;270362,90;21311
2019;Prefeitura Municipal de Terenos - MS;5008008;MS;DCA-Anexo I-C;Padrão;Receitas Brutas Realizadas;RO1.7.1.8.03.0.0;"1.7.1.8.03.0.0 Transferência de Recursos do Sistema Único de Saúde ¿ 
 SUS ¿ Bloco Custeio das Ações e Serviços Públicos de Saúde";3599504,93;21311
2019;Prefeitura Municipal de Terenos - MS;5008008;MS;DCA-Anexo I-C;Padrão;Receitas Brutas Realizadas;RO1.7.1.8.03.1.0;1.7.1.8.03.1.0 - Transferência de Recursos do SUS ¿ Atenção Básica;2465461,22;21311
2019;Prefeitura Municipal de Terenos - MS;5008008;MS;DCA-Anexo I-C;Padrão;Receitas Brutas Realizadas;RO1.7.1.8.03.2.0;1.7.1.8.03.2.0 - Transferência de Recursos do SUS ¿ Atenção de Média e Alta Complexidade Ambulatorial e Hospitalar;854113,32;21311
2019;Prefeitura Municipal de Terenos - MS;5008008;MS;DCA-Anexo I-C;Padrão;Receitas Brutas Realizadas;RO1.7.1.8.03.3.0;1.7.1.8.03.3.0 - Transferência de Recursos do SUS ¿ Vigilância em Saúde;146838,80;21311
2019;Prefeitura Municipal de Terenos - MS;5008008;MS;DCA-Anexo I-C;Padrão;Receitas Brutas Realizadas;RO1.7.1.8.03.4.0;1.7.1.8.03.4.0 - Transferência de Recursos do SUS ¿ Assistência Farmacêutica;133091,59;21311
2019;Prefeitura Municipal de Terenos - MS;5008008;MS;DCA-Anexo I-C;Padrão;Receitas Brutas Realizadas;RO1.7.1.8.05.0.0;1.7.1.8.05.0.0 Transferências de Recursos do Fundo Nacional do Desenvolvimento da Educação ¿ FNDE;1303857,93;21311
2019;Prefeitura Municipal de Terenos - MS;5008008;MS;DCA-Anexo I-C;Padrão;Receitas Brutas Realizadas;RO1.7.1.8.05.1.0;1.7.1.8.05.1.0 Transferências do Salário-Educação;754824,25;21311
2019;Prefeitura Municipal de Terenos - MS;5008008;MS;DCA-Anexo I-C;Padrão;Receitas Brutas Realizadas;RO1.7.1.8.05.3.0;1.7.1.8.05.3.0 Transferências Diretas do FNDE referentes ao Programa Nacional de Alimentação Escolar ¿ PNAE;260668,00;21311
2019;Prefeitura Municipal de Terenos - MS;5008008;MS;DCA-Anexo I-C;Padrão;Receitas Brutas Realizadas;RO1.7.1.8.05.4.0;1.7.1.8.05.4.0 Transferências Diretas do FNDE referentes ao Programa Nacional de Apoio ao Transporte do Escolar ¿ PNATE;248155,99;21311
2019;Prefeitura Municipal de Terenos - MS;5008008;MS;DCA-Anexo I-C;Padrão;Receitas Brutas Realizadas;RO1.7.1.8.05.9.0;1.7.1.8.05.9.0 Outras Transferências Diretas do Fundo Nacional do Desenvolvimento da Educação ¿ FNDE;40209,69;21311
2019;Prefeitura Municipal de Terenos - MS;5008008;MS;DCA-Anexo I-C;Padrão;Receitas Brutas Realizadas;RO1.7.1.8.10.0.0;1.7.1.8.10.0.0 Transferências de Convênios da União e de Suas Entidades;477005,87;21311
2019;Prefeitura Municipal de Terenos - MS;5008008;MS;DCA-Anexo I-C;Padrão;Receitas Brutas Realizadas;RO1.7.1.8.10.9.0;1.7.1.8.10.9.0 Outras Transferências de Convênios da União;477005,87;21311
2019;Prefeitura Municipal de Terenos - MS;5008008;MS;DCA-Anexo I-C;Padrão;Receitas Brutas Realizadas;RO1.7.1.8.12.0.0;1.7.1.8.12.0.0 - Transferências de Recursos do Fundo Nacional de Assistência Social ¿ FNAS;273642,87;21311
2019;Prefeitura Municipal de Terenos - MS;5008008;MS;DCA-Anexo I-C;Padrão;Receitas Brutas Realizadas;RO1.7.1.8.99.0.0;1.7.1.8.99.0.0 Outras Transferências da União;917510,54;21311
2019;Prefeitura Municipal de Terenos - MS;5008008;MS;DCA-Anexo I-C;Padrão;Receitas Brutas Realizadas;RO1.7.2.0.00.0.0;1.7.2.0.00.0.0 - Transferências dos Estados e do Distrito Federal e de suas Entidades;18439288,75;21311
2019;Prefeitura Municipal de Terenos - MS;5008008;MS;DCA-Anexo I-C;Padrão;Deduções - FUNDEB;RO1.7.2.0.00.0.0;1.7.2.0.00.0.0 - Transferências dos Estados e do Distrito Federal e de suas Entidades;2675684,55;21311
2019;Prefeitura Municipal de Terenos - MS;5008008;MS;DCA-Anexo I-C;Padrão;Receitas Brutas Realizadas;RO1.7.2.8.00.0.0;1.7.2.8.00.0.0 Transferências dos Estados - Específicas de Estados, DF e Municípios;18439288,75;21311
2019;Prefeitura Municipal de Terenos - MS;5008008;MS;DCA-Anexo I-C;Padrão;Deduções - FUNDEB;RO1.7.2.8.00.0.0;1.7.2.8.00.0.0 Transferências dos Estados - Específicas de Estados, DF e Municípios;2675684,55;21311
2019;Prefeitura Municipal de Terenos - MS;5008008;MS;DCA-Anexo I-C;Padrão;Receitas Brutas Realizadas;RO1.7.2.8.01.0.0;1.7.2.8.01.0.0 Participação na Receita dos Estados;16170631,55;21311
2019;Prefeitura Municipal de Terenos - MS;5008008;MS;DCA-Anexo I-C;Padrão;Deduções - FUNDEB;RO1.7.2.8.01.0.0;1.7.2.8.01.0.0 Participação na Receita dos Estados;2675684,55;21311
2019;Prefeitura Municipal de Terenos - MS;5008008;MS;DCA-Anexo I-C;Padrão;Receitas Brutas Realizadas;RO1.7.2.8.01.1.0;1.7.2.8.01.1.0 Cota-Parte do ICMS;13378424,05;21311
2019;Prefeitura Municipal de Terenos - MS;5008008;MS;DCA-Anexo I-C;Padrão;Deduções - FUNDEB;RO1.7.2.8.01.1.0;1.7.2.8.01.1.0 Cota-Parte do ICMS;2675684,55;21311
2019;Prefeitura Municipal de Terenos - MS;5008008;MS;DCA-Anexo I-C;Padrão;Receitas Brutas Realizadas;RO1.7.2.8.01.2.0;1.7.2.8.01.2.0 Cota-Parte do IPVA;961731,76;21311
2019;Prefeitura Municipal de Terenos - MS;5008008;MS;DCA-Anexo I-C;Padrão;Receitas Brutas Realizadas;RO1.7.2.8.01.3.0;1.7.2.8.01.3.0 Cota-Parte do IPI - Municípios;122552,65;21311
2019;Prefeitura Municipal de Terenos - MS;5008008;MS;DCA-Anexo I-C;Padrão;Receitas Brutas Realizadas;RO1.7.2.8.01.4.0;1.7.2.8.01.4.0 Cota-Parte da Contribuição de Intervenção no Domínio Econômico;50869,05;21311
2019;Prefeitura Municipal de Terenos - MS;5008008;MS;DCA-Anexo I-C;Padrão;Receitas Brutas Realizadas;RO1.7.2.8.01.9.0;1.7.2.8.01.9.0 Outras Transferências dos Estados;1657054,04;21311
2019;Prefeitura Municipal de Terenos - MS;5008008;MS;DCA-Anexo I-C;Padrão;Receitas Brutas Realizadas;RO1.7.2.8.03.0.0;1.7.2.8.03.0.0 Transferência de Recursos do Estado para Programas de Saúde ¿ Repasse Fundo a Fundo;1502189,45;21311
2019;Prefeitura Municipal de Terenos - MS;5008008;MS;DCA-Anexo I-C;Padrão;Receitas Brutas Realizadas;RO1.7.2.8.10.0.0;1.7.2.8.10.0.0 Transferência de Convênios dos Estados e do Distrito Federal e de Suas Entidades;463339,49;21311
2019;Prefeitura Municipal de Terenos - MS;5008008;MS;DCA-Anexo I-C;Padrão;Receitas Brutas Realizadas;RO1.7.2.8.10.2.0;1.7.2.8.10.2.0 Transferências de Convênio dos Estados Destinadas a Programas de Educação;463339,49;21311
2019;Prefeitura Municipal de Terenos - MS;5008008;MS;DCA-Anexo I-C;Padrão;Receitas Brutas Realizadas;RO1.7.2.8.99.0.0;1.7.2.8.99.0.0 Outras Transferências dos Estados;303128,26;21311
2019;Prefeitura Municipal de Terenos - MS;5008008;MS;DCA-Anexo I-C;Padrão;Receitas Brutas Realizadas;RO1.7.5.0.00.0.0;1.7.5.0.00.0.0 - Transferências de Outras Instituições Públicas;11587357,87;21311
2019;Prefeitura Municipal de Terenos - MS;5008008;MS;DCA-Anexo I-C;Padrão;Receitas Brutas Realizadas;RO1.7.5.8.00.0.0;1.7.5.8.00.0.0 Transferências de Outras Instituições Públicas - Específicas de Estados, DF e Municípios;11587357,87;21311
2019;Prefeitura Municipal de Terenos - MS;5008008;MS;DCA-Anexo I-C;Padrão;Receitas Brutas Realizadas;RO1.7.5.8.01.0.0;1.7.5.8.01.0.0 Transferências de Recursos do Fundo de Manutenção e Desenvolvimento da Educação Básica e de Valorização dos Profissionais da Educação ¿ FUNDEB;11587357,87;21311
2019;Prefeitura Municipal de Terenos - MS;5008008;MS;DCA-Anexo I-C;Padrão;Receitas Brutas Realizadas;RO1.9.0.0.00.0.0;1.9.0.0.00.0.0 - Outras Receitas Correntes;293689,73;21311
2019;Prefeitura Municipal de Terenos - MS;5008008;MS;DCA-Anexo I-C;Padrão;Receitas Brutas Realizadas;RO1.9.1.0.00.0.0;1.9.1.0.00.0.0 - Multas Administrativas, Contratuais e Judiciais;2063,56;21311
2019;Prefeitura Municipal de Terenos - MS;5008008;MS;DCA-Anexo I-C;Padrão;Receitas Brutas Realizadas;RO1.9.1.0.01.0.0;1.9.1.0.01.0.0 - Multas Previstas em Legislação Específica;2063,56;21311
2019;Prefeitura Municipal de Terenos - MS;5008008;MS;DCA-Anexo I-C;Padrão;Receitas Brutas Realizadas;RO1.9.9.0.00.0.0;1.9.9.0.00.0.0 - Demais Receitas Correntes;291626,17;21311
2019;Prefeitura Municipal de Terenos - MS;5008008;MS;DCA-Anexo I-C;Padrão;Receitas Brutas Realizadas;RO1.9.9.0.12.0.0;1.9.9.0.12.0.0 - Encargos Legais pela Inscrição em Dívida Ativa e Receitas de Ônus de Sucumbência;19690,66;21311
2019;Prefeitura Municipal de Terenos - MS;5008008;MS;DCA-Anexo I-C;Padrão;Receitas Brutas Realizadas;RO1.9.9.0.12.2.0;1.9.9.0.12.2.0 - Ônus de Sucumbência;19690,66;21311
2019;Prefeitura Municipal de Terenos - MS;5008008;MS;DCA-Anexo I-C;Padrão;Receitas Brutas Realizadas;RO1.9.9.0.13.0.0;1.9.9.0.13.0.0 - Recursos Recebidos de Órgãos, Entidades ou Fundos, por Força de Determinação Constitucional ou Legal;271935,51;21311
2019;Prefeitura Municipal de Terenos - MS;5008008;MS;DCA-Anexo I-C;Padrão;Receitas Brutas Realizadas;RO2.0.0.0.00.0.0;2.0.0.0.00.0.0 - Receitas de Capital;454491,47;21311
2019;Prefeitura Municipal de Terenos - MS;5008008;MS;DCA-Anexo I-C;Padrão;Receitas Brutas Realizadas;RO2.4.0.0.00.0.0;2.4.0.0.00.0.0 - Transferências de Capital;454491,47;21311
2019;Prefeitura Municipal de Terenos - MS;5008008;MS;DCA-Anexo I-C;Padrão;Receitas Brutas Realizadas;RO2.4.1.0.00.0.0;2.4.1.0.00.0.0 - Transferências da União e de suas Entidades;454491,47;21311
2019;Prefeitura Municipal de Terenos - MS;5008008;MS;DCA-Anexo I-C;Padrão;Receitas Brutas Realizadas;RO2.4.1.8.00.0.0;2.4.1.8.00.0.0 Transferências da União - Específicas de Estados, DF e Municípios;454491,47;21311
2019;Prefeitura Municipal de Terenos - MS;5008008;MS;DCA-Anexo I-C;Padrão;Receitas Brutas Realizadas;RO2.4.1.8.03.0.0;2.4.1.8.03.0.0 Transferências de Recursos do Sistema Único de Saúde ¿ SUS;17740,00;21311
2019;Prefeitura Municipal de Terenos - MS;5008008;MS;DCA-Anexo I-C;Padrão;Receitas Brutas Realizadas;RO2.4.1.8.03.1.0;2.4.1.8.03.1.0 - Transferência de Recursos do SUS ¿ Atenção Básica;17740,00;21311
2019;Prefeitura Municipal de Terenos - MS;5008008;MS;DCA-Anexo I-C;Padrão;Receitas Brutas Realizadas;RO2.4.1.8.10.0.0;2.4.1.8.10.0.0 Transferência de Convênios da União e de suas Entidades;436751,47;21311
2019;Prefeitura Municipal de Terenos - MS;5008008;MS;DCA-Anexo I-C;Padrão;Receitas Brutas Realizadas;RO2.4.1.8.10.1.0;2.4.1.8.10.1.0 - Transferências de Convênio da União para o Sistema Único de Saúde ¿ SUS;100000,00;21311
2019;Prefeitura Municipal de Terenos - MS;5008008;MS;DCA-Anexo I-C;Padrão;Receitas Brutas Realizadas;RO2.4.1.8.10.9.0;2.4.1.8.10.9.0 - Outras Transferências de Convênios da União;336751,47;21311
2019;Prefeitura Municipal de Terenos - MS;5008008;MS;DCA-Anexo I-C;Padrão;Receitas Brutas Realizadas;ReceitasIntraOrcamentarias;RECEITAS (INTRA-ORÇAMENTÁRIAS) (II);2984229,99;21311
2019;Prefeitura Municipal de Terenos - MS;5008008;MS;DCA-Anexo I-C;Padrão;Receitas Brutas Realizadas;RO7.0.0.0.00.0.0;7.0.0.0.00.0.0 - Receitas Correntes;2984229,99;21311
2019;Prefeitura Municipal de Terenos - MS;5008008;MS;DCA-Anexo I-C;Padrão;Receitas Brutas Realizadas;RO7.2.0.0.00.0.0;7.2.0.0.00.0.0 - Contribuições;2984229,99;21311
2019;Prefeitura Municipal de Terenos - MS;5008008;MS;DCA-Anexo I-C;Padrão;Receitas Brutas Realizadas;RO7.2.1.0.00.0.0;7.2.1.0.00.0.0 - Contribuições Sociais;2984229,99;21311
2019;Prefeitura Municipal de Terenos - MS;5008008;MS;DCA-Anexo I-C;Padrão;Receitas Brutas Realizadas;RO7.2.1.8.00.0.0;"7.2.1.8.00.0.0 Contribuições Sociais Específicas de Estados, DF e 
 Municípios";2984229,99;21311
2019;Prefeitura Municipal de Terenos - MS;5008008;MS;DCA-Anexo I-C;Padrão;Receitas Brutas Realizadas;RO7.2.1.8.01.0.0;7.2.1.8.01.0.0 - Contribuição do Servidor Civil para o Plano de Seguridade Social - CPSSS - Específico de EST/DF/MUN;2984229,99;21311
2019;Prefeitura Municipal de Terenos - MS;5008008;MS;DCA-Anexo I-C;Padrão;Receitas Brutas Realizadas;TotalReceitas;TOTAL DAS RECEITAS (III) = (I + II);79472949,60;21311
2019;Prefeitura Municipal de Terenos - MS;5008008;MS;DCA-Anexo I-C;Padrão;Deduções - FUNDEB;TotalReceitas;TOTAL DAS RECEITAS (III) = (I + II);6725388,27;21311
2019;Prefeitura Municipal de Terenos - MS;5008008;MS;DCA-Anexo I-C;Padrão;Outras Deduções da Receita;TotalReceitas;TOTAL DAS RECEITAS (III) = (I + II);776782,17;21311
2020;Prefeitura Municipal de Terenos - MS;5008008;MS;DCA-Anexo I-C;Padrão;Receitas Brutas Realizadas;ReceitasExcetoIntraOrcamentarias;RECEITAS (EXCETO INTRA-ORÇAMENTÁRIAS) (I);82511868,57;21806
2020;Prefeitura Municipal de Terenos - MS;5008008;MS;DCA-Anexo I-C;Padrão;Deduções - FUNDEB;ReceitasExcetoIntraOrcamentarias;RECEITAS (EXCETO INTRA-ORÇAMENTÁRIAS) (I);7036039,39;21806
2020;Prefeitura Municipal de Terenos - MS;5008008;MS;DCA-Anexo I-C;Padrão;Outras Deduções da Receita;ReceitasExcetoIntraOrcamentarias;RECEITAS (EXCETO INTRA-ORÇAMENTÁRIAS) (I);494999,76;21806
2020;Prefeitura Municipal de Terenos - MS;5008008;MS;DCA-Anexo I-C;Padrão;Receitas Brutas Realizadas;RO1.0.0.0.00.0.0;1.0.0.0.00.0.0 - Receitas Correntes;81354274,36;21806
2020;Prefeitura Municipal de Terenos - MS;5008008;MS;DCA-Anexo I-C;Padrão;Deduções - FUNDEB;RO1.0.0.0.00.0.0;1.0.0.0.00.0.0 - Receitas Correntes;7036039,39;21806
2020;Prefeitura Municipal de Terenos - MS;5008008;MS;DCA-Anexo I-C;Padrão;Outras Deduções da Receita;RO1.0.0.0.00.0.0;1.0.0.0.00.0.0 - Receitas Correntes;494999,76;21806
2020;Prefeitura Municipal de Terenos - MS;5008008;MS;DCA-Anexo I-C;Padrão;Receitas Brutas Realizadas;RO1.1.0.0.00.0.0;1.1.0.0.00.0.0 - Impostos, Taxas e Contribuições de Melhoria;9979783,42;21806
2020;Prefeitura Municipal de Terenos - MS;5008008;MS;DCA-Anexo I-C;Padrão;Outras Deduções da Receita;RO1.1.0.0.00.0.0;1.1.0.0.00.0.0 - Impostos, Taxas e Contribuições de Melhoria;494999,76;21806
2020;Prefeitura Municipal de Terenos - MS;5008008;MS;DCA-Anexo I-C;Padrão;Receitas Brutas Realizadas;RO1.1.1.0.00.0.0;1.1.1.0.00.0.0 - Impostos;9707880,15;21806
2020;Prefeitura Municipal de Terenos - MS;5008008;MS;DCA-Anexo I-C;Padrão;Outras Deduções da Receita;RO1.1.1.0.00.0.0;1.1.1.0.00.0.0 - Impostos;494973,98;21806
2020;Prefeitura Municipal de Terenos - MS;5008008;MS;DCA-Anexo I-C;Padrão;Receitas Brutas Realizadas;RO1.1.1.3.00.0.0;1.1.1.3.00.0.0 - Impostos sobre a Renda e Proventos de Qualquer Natureza;1794884,96;21806
2020;Prefeitura Municipal de Terenos - MS;5008008;MS;DCA-Anexo I-C;Padrão;Receitas Brutas Realizadas;RO1.1.1.3.03.0.0;1.1.1.3.03.0.0 - Imposto sobre a Renda - Retido na Fonte;1794884,96;21806
2020;Prefeitura Municipal de Terenos - MS;5008008;MS;DCA-Anexo I-C;Padrão;Receitas Brutas Realizadas;RO1.1.1.3.03.1.0;1.1.1.3.03.1.0 - Imposto sobre a Renda - Retido na Fonte - Trabalho;1625651,61;21806
2020;Prefeitura Municipal de Terenos - MS;5008008;MS;DCA-Anexo I-C;Padrão;Receitas Brutas Realizadas;RO1.1.1.3.03.4.0;1.1.1.3.03.4.0 - Imposto sobre a Renda - Retido na Fonte - Outros Rendimentos;169233,35;21806
2020;Prefeitura Municipal de Terenos - MS;5008008;MS;DCA-Anexo I-C;Padrão;Receitas Brutas Realizadas;RO1.1.1.8.00.0.0;1.1.1.8.00.0.0 Impostos Específicos de Estados, DF e Municípios;7912995,19;21806
2020;Prefeitura Municipal de Terenos - MS;5008008;MS;DCA-Anexo I-C;Padrão;Outras Deduções da Receita;RO1.1.1.8.00.0.0;1.1.1.8.00.0.0 Impostos Específicos de Estados, DF e Municípios;463862,29;21806
2020;Prefeitura Municipal de Terenos - MS;5008008;MS;DCA-Anexo I-C;Padrão;Receitas Brutas Realizadas;RO1.1.1.8.01.0.0;1.1.1.8.01.0.0 Impostos sobre o Patrimônio para Estados/DF/Municípios;4578107,40;21806
2020;Prefeitura Municipal de Terenos - MS;5008008;MS;DCA-Anexo I-C;Padrão;Outras Deduções da Receita;RO1.1.1.8.01.0.0;1.1.1.8.01.0.0 Impostos sobre o Patrimônio para Estados/DF/Municípios;432126,41;21806
2020;Prefeitura Municipal de Terenos - MS;5008008;MS;DCA-Anexo I-C;Padrão;Receitas Brutas Realizadas;RO1.1.1.8.01.1.0;1.1.1.8.01.1.0 Imposto sobre a Propriedade Predial e Territorial Urbana;2040159,45;21806
2020;Prefeitura Municipal de Terenos - MS;5008008;MS;DCA-Anexo I-C;Padrão;Outras Deduções da Receita;RO1.1.1.8.01.1.0;1.1.1.8.01.1.0 Imposto sobre a Propriedade Predial e Territorial Urbana;432126,41;21806
2020;Prefeitura Municipal de Terenos - MS;5008008;MS;DCA-Anexo I-C;Padrão;Receitas Brutas Realizadas;RO1.1.1.8.01.4.0;1.1.1.8.01.4.0 Imposto sobre Transmissão ¿Inter Vivos¿ de Bens Imóveis e de Direitos Reais sobre Imóveis;2537947,95;21806
2020;Prefeitura Municipal de Terenos - MS;5008008;MS;DCA-Anexo I-C;Padrão;Receitas Brutas Realizadas;RO1.1.1.8.02.0.0;1.1.1.8.02.0.0 Impostos sobre a Produção, Circulação de Mercadorias e Serviços;3334887,79;21806
2020;Prefeitura Municipal de Terenos - MS;5008008;MS;DCA-Anexo I-C;Padrão;Outras Deduções da Receita;RO1.1.1.8.02.0.0;1.1.1.8.02.0.0 Impostos sobre a Produção, Circulação de Mercadorias e Serviços;31735,88;21806
2020;Prefeitura Municipal de Terenos - MS;5008008;MS;DCA-Anexo I-C;Padrão;Receitas Brutas Realizadas;RO1.1.1.8.02.3.0;1.1.1.8.02.3.0 Imposto sobre Serviços de Qualquer Natureza;3334887,79;21806
2020;Prefeitura Municipal de Terenos - MS;5008008;MS;DCA-Anexo I-C;Padrão;Outras Deduções da Receita;RO1.1.1.8.02.3.0;1.1.1.8.02.3.0 Imposto sobre Serviços de Qualquer Natureza;31735,88;21806
2020;Prefeitura Municipal de Terenos - MS;5008008;MS;DCA-Anexo I-C;Padrão;Outras Deduções da Receita;RO1.1.1.9.00.0.0;1.1.1.9.00.0.0 - Outros Impostos;31111,69;21806
2020;Prefeitura Municipal de Terenos - MS;5008008;MS;DCA-Anexo I-C;Padrão;Receitas Brutas Realizadas;RO1.1.2.0.00.0.0;1.1.2.0.00.0.0 - Taxas;260242,28;21806
2020;Prefeitura Municipal de Terenos - MS;5008008;MS;DCA-Anexo I-C;Padrão;Outras Deduções da Receita;RO1.1.2.0.00.0.0;1.1.2.0.00.0.0 - Taxas;25,78;21806
2020;Prefeitura Municipal de Terenos - MS;5008008;MS;DCA-Anexo I-C;Padrão;Receitas Brutas Realizadas;RO1.1.2.1.00.0.0;1.1.2.1.00.0.0 - Taxas pelo Exercício do Poder de Polícia;66772,38;21806
2020;Prefeitura Municipal de Terenos - MS;5008008;MS;DCA-Anexo I-C;Padrão;Receitas Brutas Realizadas;RO1.1.2.1.01.0.0;1.1.2.1.01.0.0 - Taxas de Inspeção, Controle e Fiscalização;66772,38;21806
2020;Prefeitura Municipal de Terenos - MS;5008008;MS;DCA-Anexo I-C;Padrão;Receitas Brutas Realizadas;RO1.1.2.2.00.0.0;1.1.2.2.00.0.0 - Taxas pela Prestação de Serviços;193469,90;21806
2020;Prefeitura Municipal de Terenos - MS;5008008;MS;DCA-Anexo I-C;Padrão;Outras Deduções da Receita;RO1.1.2.2.00.0.0;1.1.2.2.00.0.0 - Taxas pela Prestação de Serviços;25,78;21806
2020;Prefeitura Municipal de Terenos - MS;5008008;MS;DCA-Anexo I-C;Padrão;Receitas Brutas Realizadas;RO1.1.2.2.01.0.0;1.1.2.2.01.0.0 - Taxas pela Prestação de Serviços;193469,90;21806
2020;Prefeitura Municipal de Terenos - MS;5008008;MS;DCA-Anexo I-C;Padrão;Outras Deduções da Receita;RO1.1.2.2.01.0.0;1.1.2.2.01.0.0 - Taxas pela Prestação de Serviços;25,78;21806
2020;Prefeitura Municipal de Terenos - MS;5008008;MS;DCA-Anexo I-C;Padrão;Receitas Brutas Realizadas;RO1.1.3.0.00.0.0;1.1.3.0.00.0.0 - Contribuição de Melhoria;11660,99;21806
2020;Prefeitura Municipal de Terenos - MS;5008008;MS;DCA-Anexo I-C;Padrão;Receitas Brutas Realizadas;RO1.1.3.8.00.0.0;1.1.3.8.00.0.0 - Contribuição de Melhoria - Específica de Estados, DF e Municípios;11660,99;21806
2020;Prefeitura Municipal de Terenos - MS;5008008;MS;DCA-Anexo I-C;Padrão;Receitas Brutas Realizadas;RO1.1.3.8.02.0.0;1.1.3.8.02.0.0 - Contribuição de Melhoria para Expansão da Rede de Iluminação Pública na Cidade;11660,99;21806
2020;Prefeitura Municipal de Terenos - MS;5008008;MS;DCA-Anexo I-C;Padrão;Receitas Brutas Realizadas;RO1.2.0.0.00.0.0;1.2.0.0.00.0.0 - Contribuições;3045784,65;21806
2020;Prefeitura Municipal de Terenos - MS;5008008;MS;DCA-Anexo I-C;Padrão;Receitas Brutas Realizadas;RO1.2.1.0.00.0.0;1.2.1.0.00.0.0 - Contribuições Sociais;2046851,64;21806
2020;Prefeitura Municipal de Terenos - MS;5008008;MS;DCA-Anexo I-C;Padrão;Receitas Brutas Realizadas;RO1.2.1.8.00.0.0;1.2.1.8.00.0.0 Contribuições Sociais Específicas de Estados, DF e Municípios;2046851,64;21806
2020;Prefeitura Municipal de Terenos - MS;5008008;MS;DCA-Anexo I-C;Padrão;Receitas Brutas Realizadas;RO1.2.1.8.01.0.0;1.2.1.8.01.0.0 - Contribuição do Servidor Civil para o Plano de Seguridade Social - CPSSS - Específico de EST/DF/MUN;2046851,64;21806
2020;Prefeitura Municipal de Terenos - MS;5008008;MS;DCA-Anexo I-C;Padrão;Receitas Brutas Realizadas;RO1.2.1.8.01.1.0;1.2.1.8.01.1.0 - CPSSS do Servidor Civil Ativo;2043977,48;21806
2020;Prefeitura Municipal de Terenos - MS;5008008;MS;DCA-Anexo I-C;Padrão;Receitas Brutas Realizadas;RO1.2.1.8.01.2.0;1.2.1.8.01.2.0 - CPSSS do Servidor Civil Inativo;2874,16;21806
2020;Prefeitura Municipal de Terenos - MS;5008008;MS;DCA-Anexo I-C;Padrão;Receitas Brutas Realizadas;RO1.2.4.0.00.0.0;1.2.4.0.00.0.0 - Contribuição para o Custeio do Serviço de Iluminação Pública;998933,01;21806
2020;Prefeitura Municipal de Terenos - MS;5008008;MS;DCA-Anexo I-C;Padrão;Receitas Brutas Realizadas;RO1.3.0.0.00.0.0;1.3.0.0.00.0.0 - Receita Patrimonial;167570,41;21806
2020;Prefeitura Municipal de Terenos - MS;5008008;MS;DCA-Anexo I-C;Padrão;Receitas Brutas Realizadas;RO1.3.2.0.00.0.0;1.3.2.0.00.0.0 - Valores Mobiliários;165820,41;21806
2020;Prefeitura Municipal de Terenos - MS;5008008;MS;DCA-Anexo I-C;Padrão;Receitas Brutas Realizadas;RO1.3.2.1.00.0.0;1.3.2.1.00.0.0 - Juros e Correções Monetárias;165820,41;21806
2020;Prefeitura Municipal de Terenos - MS;5008008;MS;DCA-Anexo I-C;Padrão;Receitas Brutas Realizadas;RO1.3.2.1.00.1.0;1.3.2.1.00.1.0 - Remuneração de Depósitos Bancários;161382,01;21806
2020;Prefeitura Municipal de Terenos - MS;5008008;MS;DCA-Anexo I-C;Padrão;Receitas Brutas Realizadas;RO1.3.2.1.00.4.0;1.3.2.1.00.4.0 - Remuneração dos Recursos do Regime Próprio de Previdência Social - RPPS;4438,40;21806
2020;Prefeitura Municipal de Terenos - MS;5008008;MS;DCA-Anexo I-C;Padrão;Receitas Brutas Realizadas;RO1.3.9.0.00.0.0;1.3.9.0.00.0.0 - Demais Receitas Patrimoniais;1750,00;21806
2020;Prefeitura Municipal de Terenos - MS;5008008;MS;DCA-Anexo I-C;Padrão;Receitas Brutas Realizadas;RO1.7.0.0.00.0.0;1.7.0.0.00.0.0 - Transferências Correntes;67980203,87;21806
2020;Prefeitura Municipal de Terenos - MS;5008008;MS;DCA-Anexo I-C;Padrão;Deduções - FUNDEB;RO1.7.0.0.00.0.0;1.7.0.0.00.0.0 - Transferências Correntes;7036039,39;21806
2020;Prefeitura Municipal de Terenos - MS;5008008;MS;DCA-Anexo I-C;Padrão;Receitas Brutas Realizadas;RO1.7.1.0.00.0.0;1.7.1.0.00.0.0 - Transferências da União e de suas Entidades;33203622,01;21806
2020;Prefeitura Municipal de Terenos - MS;5008008;MS;DCA-Anexo I-C;Padrão;Deduções - FUNDEB;RO1.7.1.0.00.0.0;1.7.1.0.00.0.0 - Transferências da União e de suas Entidades;3893582,48;21806
2020;Prefeitura Municipal de Terenos - MS;5008008;MS;DCA-Anexo I-C;Padrão;Receitas Brutas Realizadas;RO1.7.1.8.00.0.0;1.7.1.8.00.0.0 Transferências da União - Específicas de Estados, DF e Municípios;33203622,01;21806
2020;Prefeitura Municipal de Terenos - MS;5008008;MS;DCA-Anexo I-C;Padrão;Deduções - FUNDEB;RO1.7.1.8.00.0.0;1.7.1.8.00.0.0 Transferências da União - Específicas de Estados, DF e Municípios;3893582,48;21806
2020;Prefeitura Municipal de Terenos - MS;5008008;MS;DCA-Anexo I-C;Padrão;Receitas Brutas Realizadas;RO1.7.1.8.01.0.0;1.7.1.8.01.0.0 Participação na Receita da União;20640555,72;21806
2020;Prefeitura Municipal de Terenos - MS;5008008;MS;DCA-Anexo I-C;Padrão;Deduções - FUNDEB;RO1.7.1.8.01.0.0;1.7.1.8.01.0.0 Participação na Receita da União;3893582,48;21806
2020;Prefeitura Municipal de Terenos - MS;5008008;MS;DCA-Anexo I-C;Padrão;Receitas Brutas Realizadas;RO1.7.1.8.01.2.0;1.7.1.8.01.2.0 Cota-Parte do Fundo de Participação dos Municípios - Cota Mensal;16679114,10;21806
2020;Prefeitura Municipal de Terenos - MS;5008008;MS;DCA-Anexo I-C;Padrão;Deduções - FUNDEB;RO1.7.1.8.01.2.0;1.7.1.8.01.2.0 Cota-Parte do Fundo de Participação dos Municípios - Cota Mensal;3401840,86;21806
2020;Prefeitura Municipal de Terenos - MS;5008008;MS;DCA-Anexo I-C;Padrão;Receitas Brutas Realizadas;RO1.7.1.8.01.3.0;1.7.1.8.01.3.0 Cota-Parte do Fundo de Participação do Municípios ¿ 1% Cota entregue no mês de dezembro;750566,28;21806
2020;Prefeitura Municipal de Terenos - MS;5008008;MS;DCA-Anexo I-C;Padrão;Receitas Brutas Realizadas;RO1.7.1.8.01.4.0;1.7.1.8.01.4.0 Cota-Parte do Fundo de Participação dos Municípios - 1% Cota entregue no mês de julho;752166,51;21806
2020;Prefeitura Municipal de Terenos - MS;5008008;MS;DCA-Anexo I-C;Padrão;Receitas Brutas Realizadas;RO1.7.1.8.01.5.0;1.7.1.8.01.5.0 Cota-Parte do Imposto Sobre a Propriedade Territorial Rural;2458708,83;21806
2020;Prefeitura Municipal de Terenos - MS;5008008;MS;DCA-Anexo I-C;Padrão;Deduções - FUNDEB;RO1.7.1.8.01.5.0;1.7.1.8.01.5.0 Cota-Parte do Imposto Sobre a Propriedade Territorial Rural;491741,62;21806
2020;Prefeitura Municipal de Terenos - MS;5008008;MS;DCA-Anexo I-C;Padrão;Receitas Brutas Realizadas;RO1.7.1.8.02.0.0;1.7.1.8.02.0.0 Transferência da Compensação Financeira pela Exploração de Recursos Naturais;529750,40;21806
2020;Prefeitura Municipal de Terenos - MS;5008008;MS;DCA-Anexo I-C;Padrão;Receitas Brutas Realizadas;RO1.7.1.8.02.2.0;1.7.1.8.02.2.0 Cota-parte da Compensação Financeira de Recursos Minerais - CFEM;261401,78;21806
2020;Prefeitura Municipal de Terenos - MS;5008008;MS;DCA-Anexo I-C;Padrão;Receitas Brutas Realizadas;RO1.7.1.8.02.6.0;1.7.1.8.02.6.0 Cota-Parte do Fundo Especial do Petróleo ¿ FEP;268348,62;21806
2020;Prefeitura Municipal de Terenos - MS;5008008;MS;DCA-Anexo I-C;Padrão;Receitas Brutas Realizadas;RO1.7.1.8.03.0.0;"1.7.1.8.03.0.0 Transferência de Recursos do Sistema Único de Saúde ¿ 
 SUS ¿ Bloco Custeio das Ações e Serviços Públicos de Saúde";5036306,39;21806
2020;Prefeitura Municipal de Terenos - MS;5008008;MS;DCA-Anexo I-C;Padrão;Receitas Brutas Realizadas;RO1.7.1.8.03.1.0;1.7.1.8.03.1.0 - Transferência de Recursos do SUS ¿ Atenção Básica;2633184,30;21806
2020;Prefeitura Municipal de Terenos - MS;5008008;MS;DCA-Anexo I-C;Padrão;Receitas Brutas Realizadas;RO1.7.1.8.03.2.0;1.7.1.8.03.2.0 - Transferência de Recursos do SUS ¿ Atenção de Média e Alta Complexidade Ambulatorial e Hospitalar;1401613,32;21806
2020;Prefeitura Municipal de Terenos - MS;5008008;MS;DCA-Anexo I-C;Padrão;Receitas Brutas Realizadas;RO1.7.1.8.03.3.0;1.7.1.8.03.3.0 - Transferência de Recursos do SUS ¿ Vigilância em Saúde;100113,80;21806
2020;Prefeitura Municipal de Terenos - MS;5008008;MS;DCA-Anexo I-C;Padrão;Receitas Brutas Realizadas;RO1.7.1.8.03.4.0;1.7.1.8.03.4.0 - Transferência de Recursos do SUS ¿ Assistência Farmacêutica;152557,82;21806
2020;Prefeitura Municipal de Terenos - MS;5008008;MS;DCA-Anexo I-C;Padrão;Receitas Brutas Realizadas;RO1.7.1.8.03.9.0;1.7.1.8.03.9.0 - Transferência de Recursos do SUS ¿ Outros Programas Financiados por Transferências Fundo a Fundo;748837,15;21806
2020;Prefeitura Municipal de Terenos - MS;5008008;MS;DCA-Anexo I-C;Padrão;Receitas Brutas Realizadas;RO1.7.1.8.05.0.0;1.7.1.8.05.0.0 Transferências de Recursos do Fundo Nacional do Desenvolvimento da Educação ¿ FNDE;1040962,67;21806
2020;Prefeitura Municipal de Terenos - MS;5008008;MS;DCA-Anexo I-C;Padrão;Receitas Brutas Realizadas;RO1.7.1.8.05.1.0;1.7.1.8.05.1.0 Transferências do Salário-Educação;475855,67;21806
2020;Prefeitura Municipal de Terenos - MS;5008008;MS;DCA-Anexo I-C;Padrão;Receitas Brutas Realizadas;RO1.7.1.8.05.3.0;1.7.1.8.05.3.0 Transferências Diretas do FNDE referentes ao Programa Nacional de Alimentação Escolar ¿ PNAE;332708,23;21806
2020;Prefeitura Municipal de Terenos - MS;5008008;MS;DCA-Anexo I-C;Padrão;Receitas Brutas Realizadas;RO1.7.1.8.05.4.0;1.7.1.8.05.4.0 Transferências Diretas do FNDE referentes ao Programa Nacional de Apoio ao Transporte do Escolar ¿ PNATE;232398,77;21806
2020;Prefeitura Municipal de Terenos - MS;5008008;MS;DCA-Anexo I-C;Padrão;Receitas Brutas Realizadas;RO1.7.1.8.12.0.0;1.7.1.8.12.0.0 - Transferências de Recursos do Fundo Nacional de Assistência Social ¿ FNAS;572904,68;21806
2020;Prefeitura Municipal de Terenos - MS;5008008;MS;DCA-Anexo I-C;Padrão;Receitas Brutas Realizadas;RO1.7.1.8.99.0.0;1.7.1.8.99.0.0 Outras Transferências da União;5383142,15;21806
2020;Prefeitura Municipal de Terenos - MS;5008008;MS;DCA-Anexo I-C;Padrão;Receitas Brutas Realizadas;RO1.7.2.0.00.0.0;1.7.2.0.00.0.0 - Transferências dos Estados e do Distrito Federal e de suas Entidades;22283137,39;21806
2020;Prefeitura Municipal de Terenos - MS;5008008;MS;DCA-Anexo I-C;Padrão;Deduções - FUNDEB;RO1.7.2.0.00.0.0;1.7.2.0.00.0.0 - Transferências dos Estados e do Distrito Federal e de suas Entidades;3142456,91;21806
2020;Prefeitura Municipal de Terenos - MS;5008008;MS;DCA-Anexo I-C;Padrão;Receitas Brutas Realizadas;RO1.7.2.8.00.0.0;1.7.2.8.00.0.0 Transferências dos Estados - Específicas de Estados, DF e Municípios;22283137,39;21806
2020;Prefeitura Municipal de Terenos - MS;5008008;MS;DCA-Anexo I-C;Padrão;Deduções - FUNDEB;RO1.7.2.8.00.0.0;1.7.2.8.00.0.0 Transferências dos Estados - Específicas de Estados, DF e Municípios;3142456,91;21806
2020;Prefeitura Municipal de Terenos - MS;5008008;MS;DCA-Anexo I-C;Padrão;Receitas Brutas Realizadas;RO1.7.2.8.01.0.0;1.7.2.8.01.0.0 Participação na Receita dos Estados;19648093,51;21806
2020;Prefeitura Municipal de Terenos - MS;5008008;MS;DCA-Anexo I-C;Padrão;Deduções - FUNDEB;RO1.7.2.8.01.0.0;1.7.2.8.01.0.0 Participação na Receita dos Estados;3142456,91;21806
2020;Prefeitura Municipal de Terenos - MS;5008008;MS;DCA-Anexo I-C;Padrão;Receitas Brutas Realizadas;RO1.7.2.8.01.1.0;1.7.2.8.01.1.0 Cota-Parte do ICMS;16042377,39;21806
2020;Prefeitura Municipal de Terenos - MS;5008008;MS;DCA-Anexo I-C;Padrão;Deduções - FUNDEB;RO1.7.2.8.01.1.0;1.7.2.8.01.1.0 Cota-Parte do ICMS;3142456,91;21806
2020;Prefeitura Municipal de Terenos - MS;5008008;MS;DCA-Anexo I-C;Padrão;Receitas Brutas Realizadas;RO1.7.2.8.01.2.0;1.7.2.8.01.2.0 Cota-Parte do IPVA;1094809,96;21806
2020;Prefeitura Municipal de Terenos - MS;5008008;MS;DCA-Anexo I-C;Padrão;Receitas Brutas Realizadas;RO1.7.2.8.01.3.0;1.7.2.8.01.3.0 Cota-Parte do IPI - Municípios;126353,94;21806
2020;Prefeitura Municipal de Terenos - MS;5008008;MS;DCA-Anexo I-C;Padrão;Receitas Brutas Realizadas;RO1.7.2.8.01.4.0;1.7.2.8.01.4.0 Cota-Parte da Contribuição de Intervenção no Domínio Econômico;31410,17;21806
2020;Prefeitura Municipal de Terenos - MS;5008008;MS;DCA-Anexo I-C;Padrão;Receitas Brutas Realizadas;RO1.7.2.8.01.9.0;1.7.2.8.01.9.0 Outras Transferências dos Estados;2353142,05;21806
2020;Prefeitura Municipal de Terenos - MS;5008008;MS;DCA-Anexo I-C;Padrão;Receitas Brutas Realizadas;RO1.7.2.8.03.0.0;1.7.2.8.03.0.0 Transferência de Recursos do Estado para Programas de Saúde ¿ Repasse Fundo a Fundo;2018488,04;21806
2020;Prefeitura Municipal de Terenos - MS;5008008;MS;DCA-Anexo I-C;Padrão;Receitas Brutas Realizadas;RO1.7.2.8.10.0.0;1.7.2.8.10.0.0 Transferência de Convênios dos Estados e do Distrito Federal e de Suas Entidades;223656,41;21806
2020;Prefeitura Municipal de Terenos - MS;5008008;MS;DCA-Anexo I-C;Padrão;Receitas Brutas Realizadas;RO1.7.2.8.10.2.0;1.7.2.8.10.2.0 Transferências de Convênio dos Estados Destinadas a Programas de Educação;223656,41;21806
2020;Prefeitura Municipal de Terenos - MS;5008008;MS;DCA-Anexo I-C;Padrão;Receitas Brutas Realizadas;RO1.7.2.8.99.0.0;1.7.2.8.99.0.0 Outras Transferências dos Estados;392899,43;21806
2020;Prefeitura Municipal de Terenos - MS;5008008;MS;DCA-Anexo I-C;Padrão;Receitas Brutas Realizadas;RO1.7.5.0.00.0.0;1.7.5.0.00.0.0 - Transferências de Outras Instituições Públicas;12493444,47;21806
2020;Prefeitura Municipal de Terenos - MS;5008008;MS;DCA-Anexo I-C;Padrão;Receitas Brutas Realizadas;RO1.7.5.8.00.0.0;1.7.5.8.00.0.0 Transferências de Outras Instituições Públicas - Específicas de Estados, DF e Municípios;12493444,47;21806
2020;Prefeitura Municipal de Terenos - MS;5008008;MS;DCA-Anexo I-C;Padrão;Receitas Brutas Realizadas;RO1.7.5.8.01.0.0;1.7.5.8.01.0.0 Transferências de Recursos do Fundo de Manutenção e Desenvolvimento da Educação Básica e de Valorização dos Profissionais da Educação ¿ FUNDEB;12493444,47;21806
2020;Prefeitura Municipal de Terenos - MS;5008008;MS;DCA-Anexo I-C;Padrão;Receitas Brutas Realizadas;RO1.9.0.0.00.0.0;1.9.0.0.00.0.0 - Outras Receitas Correntes;180932,01;21806
2020;Prefeitura Municipal de Terenos - MS;5008008;MS;DCA-Anexo I-C;Padrão;Receitas Brutas Realizadas;RO1.9.1.0.00.0.0;1.9.1.0.00.0.0 - Multas Administrativas, Contratuais e Judiciais;2385,36;21806
2020;Prefeitura Municipal de Terenos - MS;5008008;MS;DCA-Anexo I-C;Padrão;Receitas Brutas Realizadas;RO1.9.1.0.01.0.0;1.9.1.0.01.0.0 - Multas Previstas em Legislação Específica;2385,36;21806
2020;Prefeitura Municipal de Terenos - MS;5008008;MS;DCA-Anexo I-C;Padrão;Receitas Brutas Realizadas;RO1.9.2.0.00.0.0;1.9.2.0.00.0.0 - Indenizações, Restituições e Ressarcimentos;3092,88;21806
2020;Prefeitura Municipal de Terenos - MS;5008008;MS;DCA-Anexo I-C;Padrão;Receitas Brutas Realizadas;RO1.9.2.2.00.0.0;1.9.2.2.00.0.0 - Restituições;3092,88;21806
2020;Prefeitura Municipal de Terenos - MS;5008008;MS;DCA-Anexo I-C;Padrão;Receitas Brutas Realizadas;RO1.9.2.2.99.0.0;1.9.2.2.99.0.0 - Outras Restituições;3092,88;21806
2020;Prefeitura Municipal de Terenos - MS;5008008;MS;DCA-Anexo I-C;Padrão;Receitas Brutas Realizadas;RO1.9.9.0.00.0.0;1.9.9.0.00.0.0 - Demais Receitas Correntes;175453,77;21806
2020;Prefeitura Municipal de Terenos - MS;5008008;MS;DCA-Anexo I-C;Padrão;Receitas Brutas Realizadas;RO1.9.9.0.12.0.0;1.9.9.0.12.0.0 - Encargos Legais pela Inscrição em Dívida Ativa e Receitas de Ônus de Sucumbência;1492,33;21806
2020;Prefeitura Municipal de Terenos - MS;5008008;MS;DCA-Anexo I-C;Padrão;Receitas Brutas Realizadas;RO1.9.9.0.12.2.0;1.9.9.0.12.2.0 - Ônus de Sucumbência;1492,33;21806
2020;Prefeitura Municipal de Terenos - MS;5008008;MS;DCA-Anexo I-C;Padrão;Receitas Brutas Realizadas;RO1.9.9.0.99.0.0;1.9.9.0.99.0.0 - Outras Receitas;173961,44;21806
2020;Prefeitura Municipal de Terenos - MS;5008008;MS;DCA-Anexo I-C;Padrão;Receitas Brutas Realizadas;RO1.9.9.0.99.1.0;1.9.9.0.99.1.0 - Outras Receitas - Primárias;173961,44;21806
2020;Prefeitura Municipal de Terenos - MS;5008008;MS;DCA-Anexo I-C;Padrão;Receitas Brutas Realizadas;RO2.0.0.0.00.0.0;2.0.0.0.00.0.0 - Receitas de Capital;1157594,21;21806
2020;Prefeitura Municipal de Terenos - MS;5008008;MS;DCA-Anexo I-C;Padrão;Receitas Brutas Realizadas;RO2.4.0.0.00.0.0;2.4.0.0.00.0.0 - Transferências de Capital;1157594,21;21806
2020;Prefeitura Municipal de Terenos - MS;5008008;MS;DCA-Anexo I-C;Padrão;Receitas Brutas Realizadas;RO2.4.1.0.00.0.0;2.4.1.0.00.0.0 - Transferências da União e de suas Entidades;1018015,45;21806
2020;Prefeitura Municipal de Terenos - MS;5008008;MS;DCA-Anexo I-C;Padrão;Receitas Brutas Realizadas;RO2.4.1.8.00.0.0;2.4.1.8.00.0.0 Transferências da União - Específicas de Estados, DF e Municípios;1018015,45;21806
2020;Prefeitura Municipal de Terenos - MS;5008008;MS;DCA-Anexo I-C;Padrão;Receitas Brutas Realizadas;RO2.4.1.8.03.0.0;2.4.1.8.03.0.0 Transferências de Recursos do Sistema Único de Saúde ¿ SUS;147797,00;21806
2020;Prefeitura Municipal de Terenos - MS;5008008;MS;DCA-Anexo I-C;Padrão;Receitas Brutas Realizadas;RO2.4.1.8.03.1.0;2.4.1.8.03.1.0 - Transferência de Recursos do SUS ¿ Atenção Básica;103265,00;21806
2020;Prefeitura Municipal de Terenos - MS;5008008;MS;DCA-Anexo I-C;Padrão;Receitas Brutas Realizadas;RO2.4.1.8.03.9.0;2.4.1.8.03.9.0 - Transferência de Recursos do SUS ¿ Outros Programas Financiados por Transferências Fundo a Fundo;44532,00;21806
2020;Prefeitura Municipal de Terenos - MS;5008008;MS;DCA-Anexo I-C;Padrão;Receitas Brutas Realizadas;RO2.4.1.8.04.0.0;2.4.1.8.04.0.0 - Transferências de Recursos do Sistema Único de Saúde ¿ SUS - Bloco Investimentos na Rede de Serviços Públicos de Saúde;334000,00;21806
2020;Prefeitura Municipal de Terenos - MS;5008008;MS;DCA-Anexo I-C;Padrão;Receitas Brutas Realizadas;RO2.4.1.8.04.1.0;2.4.1.8.04.1.0 - Transferências de Recursos do Sistema Único de Saúde ¿ SUS destinados à Atenção Básica;334000,00;21806
2020;Prefeitura Municipal de Terenos - MS;5008008;MS;DCA-Anexo I-C;Padrão;Receitas Brutas Realizadas;RO2.4.1.8.10.0.0;2.4.1.8.10.0.0 Transferência de Convênios da União e de suas Entidades;536218,45;21806
2020;Prefeitura Municipal de Terenos - MS;5008008;MS;DCA-Anexo I-C;Padrão;Receitas Brutas Realizadas;RO2.4.1.8.10.9.0;2.4.1.8.10.9.0 - Outras Transferências de Convênios da União;536218,45;21806
2020;Prefeitura Municipal de Terenos - MS;5008008;MS;DCA-Anexo I-C;Padrão;Receitas Brutas Realizadas;RO2.4.2.0.00.0.0;2.4.2.0.00.0.0 - Transferências dos Estados e do Distrito Federal e de suas Entidades;139578,76;21806
2020;Prefeitura Municipal de Terenos - MS;5008008;MS;DCA-Anexo I-C;Padrão;Receitas Brutas Realizadas;RO2.4.2.8.00.0.0;2.4.2.8.00.0.0 Transferências dos Estados, Distrito Federal, e de suas Entidades;139578,76;21806
2020;Prefeitura Municipal de Terenos - MS;5008008;MS;DCA-Anexo I-C;Padrão;Receitas Brutas Realizadas;RO2.4.2.8.10.0.0;2.4.2.8.10.0.0 Transferências de Convênios dos Estados e do Distrito Federal e de suas Entidades;139578,76;21806
2020;Prefeitura Municipal de Terenos - MS;5008008;MS;DCA-Anexo I-C;Padrão;Receitas Brutas Realizadas;RO2.4.2.8.10.1.0;2.4.2.8.10.1.0 - Transferências de Convênios dos Estados para o Sistema Único de Saúde ¿ SUS;119578,76;21806
2020;Prefeitura Municipal de Terenos - MS;5008008;MS;DCA-Anexo I-C;Padrão;Receitas Brutas Realizadas;RO2.4.2.8.10.2.0;2.4.2.8.10.2.0 - Transferências de Convênios dos Estados destinadas a Programas de Educação;20000,00;21806
2020;Prefeitura Municipal de Terenos - MS;5008008;MS;DCA-Anexo I-C;Padrão;Receitas Brutas Realizadas;ReceitasIntraOrcamentarias;RECEITAS (INTRA-ORÇAMENTÁRIAS) (II);4115330,03;21806
2020;Prefeitura Municipal de Terenos - MS;5008008;MS;DCA-Anexo I-C;Padrão;Receitas Brutas Realizadas;RI7.0.0.0.00.0.0;7.0.0.0.00.0.0 - Receitas Correntes;4115330,03;21806
2020;Prefeitura Municipal de Terenos - MS;5008008;MS;DCA-Anexo I-C;Padrão;Receitas Brutas Realizadas;RI7.2.0.0.00.0.0;7.2.0.0.00.0.0 - Contribuições;4115330,03;21806
2020;Prefeitura Municipal de Terenos - MS;5008008;MS;DCA-Anexo I-C;Padrão;Receitas Brutas Realizadas;RI7.2.1.0.00.0.0;7.2.1.0.00.0.0 - Contribuições Sociais;4115330,03;21806
2020;Prefeitura Municipal de Terenos - MS;5008008;MS;DCA-Anexo I-C;Padrão;Receitas Brutas Realizadas;RI7.2.1.8.00.0.0;"7.2.1.8.00.0.0 Contribuições Sociais Específicas de Estados, DF e 
 Municípios";4115330,03;21806
2020;Prefeitura Municipal de Terenos - MS;5008008;MS;DCA-Anexo I-C;Padrão;Receitas Brutas Realizadas;RI7.2.1.8.03.0.0;7.2.1.8.03.0.0 - CPSSS Patronal - Servidor Civil - Específico de EST/DF/MUN;3993094,25;21806
2020;Prefeitura Municipal de Terenos - MS;5008008;MS;DCA-Anexo I-C;Padrão;Receitas Brutas Realizadas;RI7.2.1.8.03.1.0;7.2.1.8.03.1.0 - CPSSS Patronal - Servidor Civil Ativo;3993094,25;21806
2020;Prefeitura Municipal de Terenos - MS;5008008;MS;DCA-Anexo I-C;Padrão;Receitas Brutas Realizadas;RI7.2.1.8.04.0.0;7.2.1.8.04.0.0 - CPSSS Patronal - Parcelamentos - Específico de EST/DF/MUN;122235,78;21806
2020;Prefeitura Municipal de Terenos - MS;5008008;MS;DCA-Anexo I-C;Padrão;Receitas Brutas Realizadas;RI7.2.1.8.04.1.0;7.2.1.8.04.1.0 - CPSSS Patronal - Parcelamentos - Servidor Civil Ativo;122235,78;21806
2020;Prefeitura Municipal de Terenos - MS;5008008;MS;DCA-Anexo I-C;Padrão;Receitas Brutas Realizadas;TotalReceitas;TOTAL DAS RECEITAS (III) = (I + II);86627198,60;21806
2020;Prefeitura Municipal de Terenos - MS;5008008;MS;DCA-Anexo I-C;Padrão;Deduções - FUNDEB;TotalReceitas;TOTAL DAS RECEITAS (III) = (I + II);7036039,39;21806
2020;Prefeitura Municipal de Terenos - MS;5008008;MS;DCA-Anexo I-C;Padrão;Outras Deduções da Receita;TotalReceitas;TOTAL DAS RECEITAS (III) = (I + II);494999,76;21806
2021;Prefeitura Municipal de Terenos - MS;5008008;MS;DCA-Anexo I-C;Padrão;Receitas Brutas Realizadas;ReceitasExcetoIntraOrcamentarias;RECEITAS (EXCETO INTRA-ORÇAMENTÁRIAS) (I);100428569,28;22269
2021;Prefeitura Municipal de Terenos - MS;5008008;MS;DCA-Anexo I-C;Padrão;Deduções - FUNDEB;ReceitasExcetoIntraOrcamentarias;RECEITAS (EXCETO INTRA-ORÇAMENTÁRIAS) (I);9728061,85;22269
2021;Prefeitura Municipal de Terenos - MS;5008008;MS;DCA-Anexo I-C;Padrão;Outras Deduções da Receita;ReceitasExcetoIntraOrcamentarias;RECEITAS (EXCETO INTRA-ORÇAMENTÁRIAS) (I);1241292,90;22269
2021;Prefeitura Municipal de Terenos - MS;5008008;MS;DCA-Anexo I-C;Padrão;Receitas Brutas Realizadas;RO1.0.0.0.00.0.0;1.0.0.0.00.0.0 - Receitas Correntes;98831564,46;22269
2021;Prefeitura Municipal de Terenos - MS;5008008;MS;DCA-Anexo I-C;Padrão;Deduções - FUNDEB;RO1.0.0.0.00.0.0;1.0.0.0.00.0.0 - Receitas Correntes;9728061,85;22269
2021;Prefeitura Municipal de Terenos - MS;5008008;MS;DCA-Anexo I-C;Padrão;Outras Deduções da Receita;RO1.0.0.0.00.0.0;1.0.0.0.00.0.0 - Receitas Correntes;1112474,81;22269
2021;Prefeitura Municipal de Terenos - MS;5008008;MS;DCA-Anexo I-C;Padrão;Receitas Brutas Realizadas;RO1.1.0.0.00.0.0;1.1.0.0.00.0.0 - Impostos, Taxas e Contribuições de Melhoria;14943124,37;22269
2021;Prefeitura Municipal de Terenos - MS;5008008;MS;DCA-Anexo I-C;Padrão;Outras Deduções da Receita;RO1.1.0.0.00.0.0;1.1.0.0.00.0.0 - Impostos, Taxas e Contribuições de Melhoria;1112474,81;22269
2021;Prefeitura Municipal de Terenos - MS;5008008;MS;DCA-Anexo I-C;Padrão;Receitas Brutas Realizadas;RO1.1.1.0.00.0.0;1.1.1.0.00.0.0 - Impostos;14597721,27;22269
2021;Prefeitura Municipal de Terenos - MS;5008008;MS;DCA-Anexo I-C;Padrão;Outras Deduções da Receita;RO1.1.1.0.00.0.0;1.1.1.0.00.0.0 - Impostos;1112319,61;22269
2021;Prefeitura Municipal de Terenos - MS;5008008;MS;DCA-Anexo I-C;Padrão;Receitas Brutas Realizadas;RO1.1.1.3.00.0.0;1.1.1.3.00.0.0 - Impostos sobre a Renda e Proventos de Qualquer Natureza;1803608,89;22269
2021;Prefeitura Municipal de Terenos - MS;5008008;MS;DCA-Anexo I-C;Padrão;Receitas Brutas Realizadas;RO1.1.1.3.03.0.0;1.1.1.3.03.0.0 - Imposto sobre a Renda - Retido na Fonte;1803608,89;22269
2021;Prefeitura Municipal de Terenos - MS;5008008;MS;DCA-Anexo I-C;Padrão;Receitas Brutas Realizadas;RO1.1.1.3.03.1.0;1.1.1.3.03.1.0 - Imposto sobre a Renda - Retido na Fonte - Trabalho;1800873,30;22269
2021;Prefeitura Municipal de Terenos - MS;5008008;MS;DCA-Anexo I-C;Padrão;Receitas Brutas Realizadas;RO1.1.1.3.03.4.0;1.1.1.3.03.4.0 - Imposto sobre a Renda - Retido na Fonte - Outros Rendimentos;2735,59;22269
2021;Prefeitura Municipal de Terenos - MS;5008008;MS;DCA-Anexo I-C;Padrão;Receitas Brutas Realizadas;RO1.1.1.8.00.0.0;1.1.1.8.00.0.0 - Impostos Específicos de Estados, DF e Municípios;12752744,34;22269
2021;Prefeitura Municipal de Terenos - MS;5008008;MS;DCA-Anexo I-C;Padrão;Outras Deduções da Receita;RO1.1.1.8.00.0.0;1.1.1.8.00.0.0 - Impostos Específicos de Estados, DF e Municípios;1098280,14;22269
2021;Prefeitura Municipal de Terenos - MS;5008008;MS;DCA-Anexo I-C;Padrão;Receitas Brutas Realizadas;RO1.1.1.8.01.0.0;1.1.1.8.01.0.0 - Impostos sobre o Patrimônio para Estados/DF/Municípios;9694990,49;22269
2021;Prefeitura Municipal de Terenos - MS;5008008;MS;DCA-Anexo I-C;Padrão;Outras Deduções da Receita;RO1.1.1.8.01.0.0;1.1.1.8.01.0.0 - Impostos sobre o Patrimônio para Estados/DF/Municípios;950558,25;22269
2021;Prefeitura Municipal de Terenos - MS;5008008;MS;DCA-Anexo I-C;Padrão;Receitas Brutas Realizadas;RO1.1.1.8.01.1.0;1.1.1.8.01.1.0 - Imposto sobre a Propriedade Predial e Territorial Urbana;4075981,68;22269
2021;Prefeitura Municipal de Terenos - MS;5008008;MS;DCA-Anexo I-C;Padrão;Outras Deduções da Receita;RO1.1.1.8.01.1.0;1.1.1.8.01.1.0 - Imposto sobre a Propriedade Predial e Territorial Urbana;950558,25;22269
2021;Prefeitura Municipal de Terenos - MS;5008008;MS;DCA-Anexo I-C;Padrão;Receitas Brutas Realizadas;RO1.1.1.8.01.4.0;1.1.1.8.01.4.0 - Imposto sobre Transmissão ¿Inter Vivos¿ de Bens Imóveis e de Direitos Reais sobre Imóveis;5619008,81;22269
2021;Prefeitura Municipal de Terenos - MS;5008008;MS;DCA-Anexo I-C;Padrão;Receitas Brutas Realizadas;RO1.1.1.8.02.0.0;1.1.1.8.02.0.0 - Impostos sobre a Produção, Circulação de Mercadorias e Serviços;3057753,85;22269
2021;Prefeitura Municipal de Terenos - MS;5008008;MS;DCA-Anexo I-C;Padrão;Outras Deduções da Receita;RO1.1.1.8.02.0.0;1.1.1.8.02.0.0 - Impostos sobre a Produção, Circulação de Mercadorias e Serviços;147721,89;22269
2021;Prefeitura Municipal de Terenos - MS;5008008;MS;DCA-Anexo I-C;Padrão;Receitas Brutas Realizadas;RO1.1.1.8.02.3.0;1.1.1.8.02.3.0 - Imposto sobre Serviços de Qualquer Natureza;3057753,85;22269
2021;Prefeitura Municipal de Terenos - MS;5008008;MS;DCA-Anexo I-C;Padrão;Outras Deduções da Receita;RO1.1.1.8.02.3.0;1.1.1.8.02.3.0 - Imposto sobre Serviços de Qualquer Natureza;147721,89;22269
2021;Prefeitura Municipal de Terenos - MS;5008008;MS;DCA-Anexo I-C;Padrão;Receitas Brutas Realizadas;RO1.1.1.9.00.0.0;1.1.1.9.00.0.0 - Outros Impostos;41368,04;22269
2021;Prefeitura Municipal de Terenos - MS;5008008;MS;DCA-Anexo I-C;Padrão;Outras Deduções da Receita;RO1.1.1.9.00.0.0;1.1.1.9.00.0.0 - Outros Impostos;14039,47;22269
2021;Prefeitura Municipal de Terenos - MS;5008008;MS;DCA-Anexo I-C;Padrão;Receitas Brutas Realizadas;RO1.1.2.0.00.0.0;1.1.2.0.00.0.0 - Taxas;345403,10;22269
2021;Prefeitura Municipal de Terenos - MS;5008008;MS;DCA-Anexo I-C;Padrão;Outras Deduções da Receita;RO1.1.2.0.00.0.0;1.1.2.0.00.0.0 - Taxas;155,20;22269
2021;Prefeitura Municipal de Terenos - MS;5008008;MS;DCA-Anexo I-C;Padrão;Receitas Brutas Realizadas;RO1.1.2.1.00.0.0;1.1.2.1.00.0.0 - Taxas pelo Exercício do Poder de Polícia;114734,38;22269
2021;Prefeitura Municipal de Terenos - MS;5008008;MS;DCA-Anexo I-C;Padrão;Receitas Brutas Realizadas;RO1.1.2.1.01.0.0;1.1.2.1.01.0.0 - Taxas de Inspeção, Controle e Fiscalização;114734,38;22269
2021;Prefeitura Municipal de Terenos - MS;5008008;MS;DCA-Anexo I-C;Padrão;Receitas Brutas Realizadas;RO1.1.2.2.00.0.0;1.1.2.2.00.0.0 - Taxas pela Prestação de Serviços;229999,92;22269
2021;Prefeitura Municipal de Terenos - MS;5008008;MS;DCA-Anexo I-C;Padrão;Receitas Brutas Realizadas;RO1.1.2.2.01.0.0;1.1.2.2.01.0.0 - Taxas pela Prestação de Serviços;229999,92;22269
2021;Prefeitura Municipal de Terenos - MS;5008008;MS;DCA-Anexo I-C;Padrão;Receitas Brutas Realizadas;RO1.1.2.8.00.0.0;1.1.2.8.00.0.0 - Taxas - Específicas de Estados, DF e Municípios;668,80;22269
2021;Prefeitura Municipal de Terenos - MS;5008008;MS;DCA-Anexo I-C;Padrão;Outras Deduções da Receita;RO1.1.2.8.00.0.0;1.1.2.8.00.0.0 - Taxas - Específicas de Estados, DF e Municípios;155,20;22269
2021;Prefeitura Municipal de Terenos - MS;5008008;MS;DCA-Anexo I-C;Padrão;Receitas Brutas Realizadas;RO1.1.2.8.02.0.0;1.1.2.8.02.0.0 - Taxas pela Prestação de Serviços;668,80;22269
2021;Prefeitura Municipal de Terenos - MS;5008008;MS;DCA-Anexo I-C;Padrão;Outras Deduções da Receita;RO1.1.2.8.02.0.0;1.1.2.8.02.0.0 - Taxas pela Prestação de Serviços;155,20;22269
2021;Prefeitura Municipal de Terenos - MS;5008008;MS;DCA-Anexo I-C;Padrão;Receitas Brutas Realizadas;RO1.1.2.8.02.9.0;1.1.2.8.02.9.0 - Taxas pela Prestação de Serviços - Outras;668,80;22269
2021;Prefeitura Municipal de Terenos - MS;5008008;MS;DCA-Anexo I-C;Padrão;Outras Deduções da Receita;RO1.1.2.8.02.9.0;1.1.2.8.02.9.0 - Taxas pela Prestação de Serviços - Outras;155,20;22269
2021;Prefeitura Municipal de Terenos - MS;5008008;MS;DCA-Anexo I-C;Padrão;Receitas Brutas Realizadas;RO1.2.0.0.00.0.0;1.2.0.0.00.0.0 - Contribuições;3273693,11;22269
2021;Prefeitura Municipal de Terenos - MS;5008008;MS;DCA-Anexo I-C;Padrão;Receitas Brutas Realizadas;RO1.2.1.0.00.0.0;1.2.1.0.00.0.0 - Contribuições Sociais;2161875,76;22269
2021;Prefeitura Municipal de Terenos - MS;5008008;MS;DCA-Anexo I-C;Padrão;Receitas Brutas Realizadas;RO1.2.1.8.00.0.0;1.2.1.8.00.0.0 - Contribuições Sociais Específicas de Estados, DF e Municípios;2161875,76;22269
2021;Prefeitura Municipal de Terenos - MS;5008008;MS;DCA-Anexo I-C;Padrão;Receitas Brutas Realizadas;RO1.2.1.8.01.0.0;1.2.1.8.01.0.0 - Contribuição do Servidor Civil para o Plano de Seguridade Social - CPSSS - Específico de EST/DF/MUN;2161875,76;22269
2021;Prefeitura Municipal de Terenos - MS;5008008;MS;DCA-Anexo I-C;Padrão;Receitas Brutas Realizadas;RO1.2.1.8.01.1.0;1.2.1.8.01.1.0 - CPSSS do Servidor Civil Ativo;2155204,79;22269
2021;Prefeitura Municipal de Terenos - MS;5008008;MS;DCA-Anexo I-C;Padrão;Receitas Brutas Realizadas;RO1.2.1.8.01.2.0;1.2.1.8.01.2.0 - CPSSS do Servidor Civil Inativo;6670,97;22269
2021;Prefeitura Municipal de Terenos - MS;5008008;MS;DCA-Anexo I-C;Padrão;Receitas Brutas Realizadas;RO1.2.4.0.00.0.0;1.2.4.0.00.0.0 - Contribuição para o Custeio do Serviço de Iluminação Pública;1111817,35;22269
2021;Prefeitura Municipal de Terenos - MS;5008008;MS;DCA-Anexo I-C;Padrão;Receitas Brutas Realizadas;RO1.3.0.0.00.0.0;1.3.0.0.00.0.0 - Receita Patrimonial;600530,74;22269
2021;Prefeitura Municipal de Terenos - MS;5008008;MS;DCA-Anexo I-C;Padrão;Receitas Brutas Realizadas;RO1.3.1.0.00.0.0;1.3.1.0.00.0.0 - Exploração do Patrimônio Imobiliário do Estado;550,00;22269
2021;Prefeitura Municipal de Terenos - MS;5008008;MS;DCA-Anexo I-C;Padrão;Receitas Brutas Realizadas;RO1.3.1.0.01.0.0;1.3.1.0.01.0.0 - Aluguéis, Arrendamentos, Foros, Laudêmios, Tarifas de Ocupação;550,00;22269
2021;Prefeitura Municipal de Terenos - MS;5008008;MS;DCA-Anexo I-C;Padrão;Receitas Brutas Realizadas;RO1.3.1.0.01.1.0;1.3.1.0.01.1.0 - Aluguéis e Arrendamentos;550,00;22269
2021;Prefeitura Municipal de Terenos - MS;5008008;MS;DCA-Anexo I-C;Padrão;Receitas Brutas Realizadas;RO1.3.2.0.00.0.0;1.3.2.0.00.0.0 - Valores Mobiliários;599980,74;22269
2021;Prefeitura Municipal de Terenos - MS;5008008;MS;DCA-Anexo I-C;Padrão;Receitas Brutas Realizadas;RO1.3.2.1.00.0.0;1.3.2.1.00.0.0 - Juros e Correções Monetárias;599980,74;22269
2021;Prefeitura Municipal de Terenos - MS;5008008;MS;DCA-Anexo I-C;Padrão;Receitas Brutas Realizadas;RO1.3.2.1.00.1.0;1.3.2.1.00.1.0 - Remuneração de Depósitos Bancários;599980,74;22269
2021;Prefeitura Municipal de Terenos - MS;5008008;MS;DCA-Anexo I-C;Padrão;Receitas Brutas Realizadas;RO1.6.0.0.00.0.0;1.6.0.0.00.0.0 - Receita de Serviços;20604,38;22269
2021;Prefeitura Municipal de Terenos - MS;5008008;MS;DCA-Anexo I-C;Padrão;Receitas Brutas Realizadas;RO1.6.1.0.00.0.0;1.6.1.0.00.0.0 - Serviços Administrativos e Comerciais Gerais;20604,38;22269
2021;Prefeitura Municipal de Terenos - MS;5008008;MS;DCA-Anexo I-C;Padrão;Receitas Brutas Realizadas;RO1.6.1.0.01.0.0;1.6.1.0.01.0.0 - Serviços Administrativos e Comerciais Gerais;20604,38;22269
2021;Prefeitura Municipal de Terenos - MS;5008008;MS;DCA-Anexo I-C;Padrão;Receitas Brutas Realizadas;RO1.7.0.0.00.0.0;1.7.0.0.00.0.0 - Transferências Correntes;79637473,63;22269
2021;Prefeitura Municipal de Terenos - MS;5008008;MS;DCA-Anexo I-C;Padrão;Deduções - FUNDEB;RO1.7.0.0.00.0.0;1.7.0.0.00.0.0 - Transferências Correntes;9728061,85;22269
2021;Prefeitura Municipal de Terenos - MS;5008008;MS;DCA-Anexo I-C;Padrão;Receitas Brutas Realizadas;RO1.7.1.0.00.0.0;1.7.1.0.00.0.0 - Transferências da União e de suas Entidades;34879068,24;22269
2021;Prefeitura Municipal de Terenos - MS;5008008;MS;DCA-Anexo I-C;Padrão;Deduções - FUNDEB;RO1.7.1.0.00.0.0;1.7.1.0.00.0.0 - Transferências da União e de suas Entidades;5144857,13;22269
2021;Prefeitura Municipal de Terenos - MS;5008008;MS;DCA-Anexo I-C;Padrão;Receitas Brutas Realizadas;RO1.7.1.8.00.0.0;1.7.1.8.00.0.0 - Transferências da União - Específicas de Estados, DF e Municípios;34879068,24;22269
2021;Prefeitura Municipal de Terenos - MS;5008008;MS;DCA-Anexo I-C;Padrão;Deduções - FUNDEB;RO1.7.1.8.00.0.0;1.7.1.8.00.0.0 - Transferências da União - Específicas de Estados, DF e Municípios;5144857,13;22269
2021;Prefeitura Municipal de Terenos - MS;5008008;MS;DCA-Anexo I-C;Padrão;Receitas Brutas Realizadas;RO1.7.1.8.01.0.0;1.7.1.8.01.0.0 - Participação na Receita da União;27036167,04;22269
2021;Prefeitura Municipal de Terenos - MS;5008008;MS;DCA-Anexo I-C;Padrão;Deduções - FUNDEB;RO1.7.1.8.01.0.0;1.7.1.8.01.0.0 - Participação na Receita da União;5036468,95;22269
2021;Prefeitura Municipal de Terenos - MS;5008008;MS;DCA-Anexo I-C;Padrão;Receitas Brutas Realizadas;RO1.7.1.8.01.2.0;1.7.1.8.01.2.0 - Cota-Parte do Fundo de Participação dos Municípios - Cota Mensal;22457095,55;22269
2021;Prefeitura Municipal de Terenos - MS;5008008;MS;DCA-Anexo I-C;Padrão;Deduções - FUNDEB;RO1.7.1.8.01.2.0;1.7.1.8.01.2.0 - Cota-Parte do Fundo de Participação dos Municípios - Cota Mensal;4491418,84;22269
2021;Prefeitura Municipal de Terenos - MS;5008008;MS;DCA-Anexo I-C;Padrão;Receitas Brutas Realizadas;RO1.7.1.8.01.3.0;1.7.1.8.01.3.0 - Cota-Parte do Fundo de Participação do Municípios ¿ 1% Cota entregue no mês de dezembro;984321,92;22269
2021;Prefeitura Municipal de Terenos - MS;5008008;MS;DCA-Anexo I-C;Padrão;Receitas Brutas Realizadas;RO1.7.1.8.01.4.0;1.7.1.8.01.4.0 - Cota-Parte do Fundo de Participação dos Municípios - 1% Cota entregue no mês de julho;869498,35;22269
2021;Prefeitura Municipal de Terenos - MS;5008008;MS;DCA-Anexo I-C;Padrão;Receitas Brutas Realizadas;RO1.7.1.8.01.5.0;1.7.1.8.01.5.0 - Cota-Parte do Imposto Sobre a Propriedade Territorial Rural;2725251,22;22269
2021;Prefeitura Municipal de Terenos - MS;5008008;MS;DCA-Anexo I-C;Padrão;Deduções - FUNDEB;RO1.7.1.8.01.6.0;1.7.1.8.01.6.0 - Cota-Parte do Imposto Sobre Produtos Industrializados ¿ Estados Exportadores de Produtos Industrializados;545050,11;22269
2021;Prefeitura Municipal de Terenos - MS;5008008;MS;DCA-Anexo I-C;Padrão;Receitas Brutas Realizadas;RO1.7.1.8.02.0.0;1.7.1.8.02.0.0 - Transferência da Compensação Financeira pela Exploração de Recursos Naturais;715211,06;22269
2021;Prefeitura Municipal de Terenos - MS;5008008;MS;DCA-Anexo I-C;Padrão;Receitas Brutas Realizadas;RO1.7.1.8.02.2.0;1.7.1.8.02.2.0 - Cota-parte da Compensação Financeira de Recursos Minerais - CFEM;281103,62;22269
2021;Prefeitura Municipal de Terenos - MS;5008008;MS;DCA-Anexo I-C;Padrão;Receitas Brutas Realizadas;RO1.7.1.8.02.6.0;1.7.1.8.02.6.0 - Cota-Parte do Fundo Especial do Petróleo ¿ FEP;434107,44;22269
2021;Prefeitura Municipal de Terenos - MS;5008008;MS;DCA-Anexo I-C;Padrão;Receitas Brutas Realizadas;RO1.7.1.8.03.0.0;1.7.1.8.03.0.0 - Transferência de Recursos do Sistema Único de Saúde ¿ SUS ¿ Repasses Fundo a Fundo - Bloco de Manutenção das Ações e Serviços Públicos de Saúde;3557927,41;22269
2021;Prefeitura Municipal de Terenos - MS;5008008;MS;DCA-Anexo I-C;Padrão;Receitas Brutas Realizadas;RO1.7.1.8.03.1.0;1.7.1.8.03.1.0 - Transferência de Recursos do SUS ¿ Atenção Primária;2480008,63;22269
2021;Prefeitura Municipal de Terenos - MS;5008008;MS;DCA-Anexo I-C;Padrão;Receitas Brutas Realizadas;RO1.7.1.8.03.2.0;1.7.1.8.03.2.0 - Transferência de Recursos do SUS ¿ Atenção Especializada;594920,63;22269
2021;Prefeitura Municipal de Terenos - MS;5008008;MS;DCA-Anexo I-C;Padrão;Receitas Brutas Realizadas;RO1.7.1.8.03.3.0;1.7.1.8.03.3.0 - Transferência de Recursos do SUS ¿ Vigilância em Saúde;231571,93;22269
2021;Prefeitura Municipal de Terenos - MS;5008008;MS;DCA-Anexo I-C;Padrão;Receitas Brutas Realizadas;RO1.7.1.8.03.4.0;1.7.1.8.03.4.0 - Transferência de Recursos do SUS ¿ Assistência Farmacêutica;147745,68;22269
2021;Prefeitura Municipal de Terenos - MS;5008008;MS;DCA-Anexo I-C;Padrão;Receitas Brutas Realizadas;RO1.7.1.8.03.9.0;1.7.1.8.03.9.0 - Transferência de Recursos do SUS ¿ Outros Programas Financiados por Transferências Fundo a Fundo;103680,54;22269
2021;Prefeitura Municipal de Terenos - MS;5008008;MS;DCA-Anexo I-C;Padrão;Receitas Brutas Realizadas;RO1.7.1.8.05.0.0;1.7.1.8.05.0.0 - Transferências de Recursos do Fundo Nacional do Desenvolvimento da Educação ¿ FNDE;952557,03;22269
2021;Prefeitura Municipal de Terenos - MS;5008008;MS;DCA-Anexo I-C;Padrão;Receitas Brutas Realizadas;RO1.7.1.8.05.1.0;1.7.1.8.05.1.0 - Transferências do Salário-Educação;484184,87;22269
2021;Prefeitura Municipal de Terenos - MS;5008008;MS;DCA-Anexo I-C;Padrão;Receitas Brutas Realizadas;RO1.7.1.8.05.3.0;1.7.1.8.05.3.0 - Transferências Diretas do FNDE referentes ao Programa Nacional de Alimentação Escolar ¿ PNAE;286924,00;22269
2021;Prefeitura Municipal de Terenos - MS;5008008;MS;DCA-Anexo I-C;Padrão;Receitas Brutas Realizadas;RO1.7.1.8.05.4.0;1.7.1.8.05.4.0 - Transferências Diretas do FNDE referentes ao Programa Nacional de Apoio ao Transporte do Escolar ¿ PNATE;181448,16;22269
2021;Prefeitura Municipal de Terenos - MS;5008008;MS;DCA-Anexo I-C;Padrão;Receitas Brutas Realizadas;RO1.7.1.8.10.0.0;1.7.1.8.10.0.0 - Transferências de Convênios da União e de Suas Entidades;108388,18;22269
2021;Prefeitura Municipal de Terenos - MS;5008008;MS;DCA-Anexo I-C;Padrão;Deduções - FUNDEB;RO1.7.1.8.10.0.0;1.7.1.8.10.0.0 - Transferências de Convênios da União e de Suas Entidades;108388,18;22269
2021;Prefeitura Municipal de Terenos - MS;5008008;MS;DCA-Anexo I-C;Padrão;Receitas Brutas Realizadas;RO1.7.1.8.10.2.0;1.7.1.8.10.2.0 - Transferências de Convênios da União Destinadas a Programas de Educação;108388,18;22269
2021;Prefeitura Municipal de Terenos - MS;5008008;MS;DCA-Anexo I-C;Padrão;Deduções - FUNDEB;RO1.7.1.8.10.2.0;1.7.1.8.10.2.0 - Transferências de Convênios da União Destinadas a Programas de Educação;108388,18;22269
2021;Prefeitura Municipal de Terenos - MS;5008008;MS;DCA-Anexo I-C;Padrão;Receitas Brutas Realizadas;RO1.7.1.8.12.0.0;1.7.1.8.12.0.0 - Transferências de Recursos do Fundo Nacional de Assistência Social ¿ FNAS;176722,12;22269
2021;Prefeitura Municipal de Terenos - MS;5008008;MS;DCA-Anexo I-C;Padrão;Receitas Brutas Realizadas;RO1.7.1.8.99.0.0;1.7.1.8.99.0.0 - Outras Transferências da União;2332095,40;22269
2021;Prefeitura Municipal de Terenos - MS;5008008;MS;DCA-Anexo I-C;Padrão;Receitas Brutas Realizadas;RO1.7.2.0.00.0.0;1.7.2.0.00.0.0 - Transferências dos Estados e do Distrito Federal e de suas Entidades;28747983,30;22269
2021;Prefeitura Municipal de Terenos - MS;5008008;MS;DCA-Anexo I-C;Padrão;Deduções - FUNDEB;RO1.7.2.0.00.0.0;1.7.2.0.00.0.0 - Transferências dos Estados e do Distrito Federal e de suas Entidades;4583204,72;22269
2021;Prefeitura Municipal de Terenos - MS;5008008;MS;DCA-Anexo I-C;Padrão;Receitas Brutas Realizadas;RO1.7.2.8.00.0.0;1.7.2.8.00.0.0 - Transferências dos Estados - Específicas de Estados, DF e Municípios;28747983,30;22269
2021;Prefeitura Municipal de Terenos - MS;5008008;MS;DCA-Anexo I-C;Padrão;Deduções - FUNDEB;RO1.7.2.8.00.0.0;1.7.2.8.00.0.0 - Transferências dos Estados - Específicas de Estados, DF e Municípios;4583204,72;22269
2021;Prefeitura Municipal de Terenos - MS;5008008;MS;DCA-Anexo I-C;Padrão;Receitas Brutas Realizadas;RO1.7.2.8.01.0.0;1.7.2.8.01.0.0 - Participação na Receita dos Estados;22945821,33;22269
2021;Prefeitura Municipal de Terenos - MS;5008008;MS;DCA-Anexo I-C;Padrão;Deduções - FUNDEB;RO1.7.2.8.01.0.0;1.7.2.8.01.0.0 - Participação na Receita dos Estados;4583204,72;22269
2021;Prefeitura Municipal de Terenos - MS;5008008;MS;DCA-Anexo I-C;Padrão;Receitas Brutas Realizadas;RO1.7.2.8.01.1.0;1.7.2.8.01.1.0 - Cota-Parte do ICMS;21147601,72;22269
2021;Prefeitura Municipal de Terenos - MS;5008008;MS;DCA-Anexo I-C;Padrão;Deduções - FUNDEB;RO1.7.2.8.01.1.0;1.7.2.8.01.1.0 - Cota-Parte do ICMS;4229520,08;22269
2021;Prefeitura Municipal de Terenos - MS;5008008;MS;DCA-Anexo I-C;Padrão;Receitas Brutas Realizadas;RO1.7.2.8.01.2.0;1.7.2.8.01.2.0 - Cota-Parte do IPVA;1535194,15;22269
2021;Prefeitura Municipal de Terenos - MS;5008008;MS;DCA-Anexo I-C;Padrão;Deduções - FUNDEB;RO1.7.2.8.01.2.0;1.7.2.8.01.2.0 - Cota-Parte do IPVA;306738,80;22269
2021;Prefeitura Municipal de Terenos - MS;5008008;MS;DCA-Anexo I-C;Padrão;Receitas Brutas Realizadas;RO1.7.2.8.01.3.0;1.7.2.8.01.3.0 - Cota-Parte do IPI - Municípios;234728,82;22269
2021;Prefeitura Municipal de Terenos - MS;5008008;MS;DCA-Anexo I-C;Padrão;Deduções - FUNDEB;RO1.7.2.8.01.3.0;1.7.2.8.01.3.0 - Cota-Parte do IPI - Municípios;46945,84;22269
2021;Prefeitura Municipal de Terenos - MS;5008008;MS;DCA-Anexo I-C;Padrão;Receitas Brutas Realizadas;RO1.7.2.8.01.4.0;1.7.2.8.01.4.0 - Cota-Parte da Contribuição de Intervenção no Domínio Econômico;28296,64;22269
2021;Prefeitura Municipal de Terenos - MS;5008008;MS;DCA-Anexo I-C;Padrão;Receitas Brutas Realizadas;RO1.7.2.8.03.0.0;1.7.2.8.03.0.0 - Transferência de Recursos do Estado para Programas de Saúde ¿ Repasse Fundo a Fundo;2193297,76;22269
2021;Prefeitura Municipal de Terenos - MS;5008008;MS;DCA-Anexo I-C;Padrão;Receitas Brutas Realizadas;RO1.7.2.8.07.0.0;1.7.2.8.07.0.0 - Transferências de Estados destinadas à Assistência Social;121914,00;22269
2021;Prefeitura Municipal de Terenos - MS;5008008;MS;DCA-Anexo I-C;Padrão;Receitas Brutas Realizadas;RO1.7.2.8.10.0.0;1.7.2.8.10.0.0 - Transferência de Convênios dos Estados e do Distrito Federal e de Suas Entidades;241262,59;22269
2021;Prefeitura Municipal de Terenos - MS;5008008;MS;DCA-Anexo I-C;Padrão;Receitas Brutas Realizadas;RO1.7.2.8.10.2.0;1.7.2.8.10.2.0 - Transferências de Convênio dos Estados Destinadas a Programas de Educação;241262,59;22269
2021;Prefeitura Municipal de Terenos - MS;5008008;MS;DCA-Anexo I-C;Padrão;Receitas Brutas Realizadas;RO1.7.2.8.99.0.0;1.7.2.8.99.0.0 - Outras Transferências dos Estados;3245687,62;22269
2021;Prefeitura Municipal de Terenos - MS;5008008;MS;DCA-Anexo I-C;Padrão;Receitas Brutas Realizadas;RO1.7.4.0.00.0.0;1.7.4.0.00.0.0 - Transferências de Instituições Privadas;1070,00;22269
2021;Prefeitura Municipal de Terenos - MS;5008008;MS;DCA-Anexo I-C;Padrão;Receitas Brutas Realizadas;RO1.7.4.8.00.0.0;1.7.4.8.00.0.0 - Transferências de Instituições Privadas - Específicas de Estados, DF e Municípios;1070,00;22269
2021;Prefeitura Municipal de Terenos - MS;5008008;MS;DCA-Anexo I-C;Padrão;Receitas Brutas Realizadas;RO1.7.4.8.10.0.0;1.7.4.8.10.0.0 - Outras Transferência de Instituições Privadas para EST/DF/MUN - Não Especificadas Anteriormente;1070,00;22269
2021;Prefeitura Municipal de Terenos - MS;5008008;MS;DCA-Anexo I-C;Padrão;Receitas Brutas Realizadas;RO1.7.5.0.00.0.0;1.7.5.0.00.0.0 - Transferências de Outras Instituições Públicas;16009352,09;22269
2021;Prefeitura Municipal de Terenos - MS;5008008;MS;DCA-Anexo I-C;Padrão;Receitas Brutas Realizadas;RO1.7.5.8.00.0.0;1.7.5.8.00.0.0 - Transferências de Outras Instituições Públicas - Específicas de Estados, DF e Municípios;16009352,09;22269
2021;Prefeitura Municipal de Terenos - MS;5008008;MS;DCA-Anexo I-C;Padrão;Receitas Brutas Realizadas;RO1.7.5.8.01.0.0;1.7.5.8.01.0.0 - Transferências de Recursos do Fundo de Manutenção e Desenvolvimento da Educação Básica e de Valorização dos Profissionais da Educação ¿ FUNDEB;16009352,09;22269
2021;Prefeitura Municipal de Terenos - MS;5008008;MS;DCA-Anexo I-C;Padrão;Receitas Brutas Realizadas;RO1.9.0.0.00.0.0;1.9.0.0.00.0.0 - Outras Receitas Correntes;356138,23;22269
2021;Prefeitura Municipal de Terenos - MS;5008008;MS;DCA-Anexo I-C;Padrão;Receitas Brutas Realizadas;RO1.9.1.0.00.0.0;1.9.1.0.00.0.0 - Multas Administrativas, Contratuais e Judiciais;618,19;22269
2021;Prefeitura Municipal de Terenos - MS;5008008;MS;DCA-Anexo I-C;Padrão;Receitas Brutas Realizadas;RO1.9.1.0.01.0.0;1.9.1.0.01.0.0 - Multas Previstas em Legislação Específica;618,19;22269
2021;Prefeitura Municipal de Terenos - MS;5008008;MS;DCA-Anexo I-C;Padrão;Receitas Brutas Realizadas;RO1.9.2.0.00.0.0;1.9.2.0.00.0.0 - Indenizações, Restituições e Ressarcimentos;22683,30;22269
2021;Prefeitura Municipal de Terenos - MS;5008008;MS;DCA-Anexo I-C;Padrão;Receitas Brutas Realizadas;RO1.9.2.1.00.0.0;1.9.2.1.00.0.0 - Indenizações;64,93;22269
2021;Prefeitura Municipal de Terenos - MS;5008008;MS;DCA-Anexo I-C;Padrão;Receitas Brutas Realizadas;RO1.9.2.1.99.0.0;1.9.2.1.99.0.0 - Outras Indenizações;64,93;22269
2021;Prefeitura Municipal de Terenos - MS;5008008;MS;DCA-Anexo I-C;Padrão;Receitas Brutas Realizadas;RO1.9.2.2.00.0.0;1.9.2.2.00.0.0 - Restituições;22618,37;22269
2021;Prefeitura Municipal de Terenos - MS;5008008;MS;DCA-Anexo I-C;Padrão;Receitas Brutas Realizadas;RO1.9.2.2.99.0.0;1.9.2.2.99.0.0 - Outras Restituições;22618,37;22269
2021;Prefeitura Municipal de Terenos - MS;5008008;MS;DCA-Anexo I-C;Padrão;Receitas Brutas Realizadas;RO1.9.9.0.00.0.0;1.9.9.0.00.0.0 - Demais Receitas Correntes;332836,74;22269
2021;Prefeitura Municipal de Terenos - MS;5008008;MS;DCA-Anexo I-C;Padrão;Receitas Brutas Realizadas;RO1.9.9.0.99.0.0;1.9.9.0.99.0.0 - Outras Receitas;332836,74;22269
2021;Prefeitura Municipal de Terenos - MS;5008008;MS;DCA-Anexo I-C;Padrão;Receitas Brutas Realizadas;RO1.9.9.0.99.1.0;1.9.9.0.99.1.0 - Outras Receitas - Primárias;332836,74;22269
2021;Prefeitura Municipal de Terenos - MS;5008008;MS;DCA-Anexo I-C;Padrão;Receitas Brutas Realizadas;RO2.0.0.0.00.0.0;2.0.0.0.00.0.0 - Receitas de Capital;1597004,82;22269
2021;Prefeitura Municipal de Terenos - MS;5008008;MS;DCA-Anexo I-C;Padrão;Outras Deduções da Receita;RO2.0.0.0.00.0.0;2.0.0.0.00.0.0 - Receitas de Capital;128818,09;22269
2021;Prefeitura Municipal de Terenos - MS;5008008;MS;DCA-Anexo I-C;Padrão;Receitas Brutas Realizadas;RO2.4.0.0.00.0.0;2.4.0.0.00.0.0 - Transferências de Capital;1597004,82;22269
2021;Prefeitura Municipal de Terenos - MS;5008008;MS;DCA-Anexo I-C;Padrão;Outras Deduções da Receita;RO2.4.0.0.00.0.0;2.4.0.0.00.0.0 - Transferências de Capital;128818,09;22269
2021;Prefeitura Municipal de Terenos - MS;5008008;MS;DCA-Anexo I-C;Padrão;Receitas Brutas Realizadas;RO2.4.1.0.00.0.0;2.4.1.0.00.0.0 - Transferências da União e de suas Entidades;1557004,82;22269
2021;Prefeitura Municipal de Terenos - MS;5008008;MS;DCA-Anexo I-C;Padrão;Outras Deduções da Receita;RO2.4.1.0.00.0.0;2.4.1.0.00.0.0 - Transferências da União e de suas Entidades;128818,09;22269
2021;Prefeitura Municipal de Terenos - MS;5008008;MS;DCA-Anexo I-C;Padrão;Receitas Brutas Realizadas;RO2.4.1.8.00.0.0;2.4.1.8.00.0.0 - Transferências da União - Específicas de Estados, DF e Municípios;1557004,82;22269
2021;Prefeitura Municipal de Terenos - MS;5008008;MS;DCA-Anexo I-C;Padrão;Outras Deduções da Receita;RO2.4.1.8.00.0.0;2.4.1.8.00.0.0 - Transferências da União - Específicas de Estados, DF e Municípios;128818,09;22269
2021;Prefeitura Municipal de Terenos - MS;5008008;MS;DCA-Anexo I-C;Padrão;Receitas Brutas Realizadas;RO2.4.1.8.04.0.0;2.4.1.8.04.0.0 - Transferências de Recursos do Sistema Único de Saúde ¿ SUS - Fundo a Fundo - Bloco de Estruturação da Rede de Serviços Públicos de Saúde;581752,37;22269
2021;Prefeitura Municipal de Terenos - MS;5008008;MS;DCA-Anexo I-C;Padrão;Receitas Brutas Realizadas;RO2.4.1.8.04.1.0;2.4.1.8.04.1.0 - Transferências de Recursos do Sistema Único de Saúde ¿ SUS Destinados à Atenção Primária;581752,37;22269
2021;Prefeitura Municipal de Terenos - MS;5008008;MS;DCA-Anexo I-C;Padrão;Receitas Brutas Realizadas;RO2.4.1.8.10.0.0;2.4.1.8.10.0.0 - Transferência de Convênios da União e de suas Entidades;975252,45;22269
2021;Prefeitura Municipal de Terenos - MS;5008008;MS;DCA-Anexo I-C;Padrão;Receitas Brutas Realizadas;RO2.4.1.8.10.9.0;2.4.1.8.10.9.0 - Outras Transferências de Convênios da União;975252,45;22269
2021;Prefeitura Municipal de Terenos - MS;5008008;MS;DCA-Anexo I-C;Padrão;Outras Deduções da Receita;RO2.4.1.8.99.0.0;2.4.1.8.99.0.0 - Outras Transferências da União;128818,09;22269
2021;Prefeitura Municipal de Terenos - MS;5008008;MS;DCA-Anexo I-C;Padrão;Receitas Brutas Realizadas;RO2.4.2.0.00.0.0;2.4.2.0.00.0.0 - Transferências dos Estados e do Distrito Federal e de suas Entidades;40000,00;22269
2021;Prefeitura Municipal de Terenos - MS;5008008;MS;DCA-Anexo I-C;Padrão;Receitas Brutas Realizadas;RO2.4.2.8.00.0.0;2.4.2.8.00.0.0 - Transferências dos Estados, Distrito Federal, e de suas Entidades;40000,00;22269
2021;Prefeitura Municipal de Terenos - MS;5008008;MS;DCA-Anexo I-C;Padrão;Receitas Brutas Realizadas;RO2.4.2.8.10.0.0;2.4.2.8.10.0.0 - Transferências de Convênios dos Estados e do Distrito Federal e de suas Entidades;40000,00;22269
2021;Prefeitura Municipal de Terenos - MS;5008008;MS;DCA-Anexo I-C;Padrão;Receitas Brutas Realizadas;RO2.4.2.8.10.1.0;2.4.2.8.10.1.0 - Transferências de Convênios dos Estados para o Sistema Único de Saúde ¿ SUS;40000,00;22269
2021;Prefeitura Municipal de Terenos - MS;5008008;MS;DCA-Anexo I-C;Padrão;Receitas Brutas Realizadas;ReceitasIntraOrcamentarias;RECEITAS (INTRA-ORÇAMENTÁRIAS) (II);4211665,76;22269
2021;Prefeitura Municipal de Terenos - MS;5008008;MS;DCA-Anexo I-C;Padrão;Receitas Brutas Realizadas;RI7.0.0.0.00.0.0;7.0.0.0.00.0.0 - Receitas Correntes;4211665,76;22269
2021;Prefeitura Municipal de Terenos - MS;5008008;MS;DCA-Anexo I-C;Padrão;Receitas Brutas Realizadas;RI7.2.0.0.00.0.0;7.2.0.0.00.0.0 - Contribuições;4211665,76;22269
2021;Prefeitura Municipal de Terenos - MS;5008008;MS;DCA-Anexo I-C;Padrão;Receitas Brutas Realizadas;RI7.2.1.0.00.0.0;7.2.1.0.00.0.0 - Contribuições Sociais;4211665,76;22269
2021;Prefeitura Municipal de Terenos - MS;5008008;MS;DCA-Anexo I-C;Padrão;Receitas Brutas Realizadas;RI7.2.1.8.00.0.0;7.2.1.8.00.0.0 - Contribuições Sociais Específicas de Estados, DF e   Municípios;4211665,76;22269
2021;Prefeitura Municipal de Terenos - MS;5008008;MS;DCA-Anexo I-C;Padrão;Receitas Brutas Realizadas;RI7.2.1.8.03.0.0;7.2.1.8.03.0.0 - CPSSS Patronal - Servidor Civil - Específico de EST/DF/MUN;4080173,99;22269
2021;Prefeitura Municipal de Terenos - MS;5008008;MS;DCA-Anexo I-C;Padrão;Receitas Brutas Realizadas;RI7.2.1.8.03.1.0;7.2.1.8.03.1.0 - CPSSS Patronal - Servidor Civil Ativo;4080173,99;22269
2021;Prefeitura Municipal de Terenos - MS;5008008;MS;DCA-Anexo I-C;Padrão;Receitas Brutas Realizadas;RI7.2.1.8.04.0.0;7.2.1.8.04.0.0 - CPSSS Patronal - Parcelamentos - Específico de EST/DF/MUN;131491,77;22269
2021;Prefeitura Municipal de Terenos - MS;5008008;MS;DCA-Anexo I-C;Padrão;Receitas Brutas Realizadas;RI7.2.1.8.04.1.0;7.2.1.8.04.1.0 - CPSSS Patronal - Parcelamentos - Servidor Civil Ativo;131491,77;22269
2021;Prefeitura Municipal de Terenos - MS;5008008;MS;DCA-Anexo I-C;Padrão;Receitas Brutas Realizadas;TotalReceitas;TOTAL DAS RECEITAS (III) = (I + II);104640235,04;22269
2021;Prefeitura Municipal de Terenos - MS;5008008;MS;DCA-Anexo I-C;Padrão;Deduções - FUNDEB;TotalReceitas;TOTAL DAS RECEITAS (III) = (I + II);9728061,85;22269
2021;Prefeitura Municipal de Terenos - MS;5008008;MS;DCA-Anexo I-C;Padrão;Outras Deduções da Receita;TotalReceitas;TOTAL DAS RECEITAS (III) = (I + II);1241292,90;22269
2022;Prefeitura Municipal de Terenos - MS;5008008;MS;DCA-Anexo I-C;Padrão;Receitas Brutas Realizadas;ReceitasExcetoIntraOrcamentarias;RECEITAS (EXCETO INTRA-ORÇAMENTÁRIAS) (I);122396101,21;22721
2022;Prefeitura Municipal de Terenos - MS;5008008;MS;DCA-Anexo I-C;Padrão;Deduções - FUNDEB;ReceitasExcetoIntraOrcamentarias;RECEITAS (EXCETO INTRA-ORÇAMENTÁRIAS) (I);11656126,18;22721
2022;Prefeitura Municipal de Terenos - MS;5008008;MS;DCA-Anexo I-C;Padrão;Outras Deduções da Receita;ReceitasExcetoIntraOrcamentarias;RECEITAS (EXCETO INTRA-ORÇAMENTÁRIAS) (I);742957,53;22721
2022;Prefeitura Municipal de Terenos - MS;5008008;MS;DCA-Anexo I-C;Padrão;Receitas Brutas Realizadas;RO1.0.0.0.00.0.0;1.0.0.0.00.0.0 - Receitas Correntes;118416598,06;22721
2022;Prefeitura Municipal de Terenos - MS;5008008;MS;DCA-Anexo I-C;Padrão;Deduções - FUNDEB;RO1.0.0.0.00.0.0;1.0.0.0.00.0.0 - Receitas Correntes;11656126,18;22721
2022;Prefeitura Municipal de Terenos - MS;5008008;MS;DCA-Anexo I-C;Padrão;Outras Deduções da Receita;RO1.0.0.0.00.0.0;1.0.0.0.00.0.0 - Receitas Correntes;742957,53;22721
2022;Prefeitura Municipal de Terenos - MS;5008008;MS;DCA-Anexo I-C;Padrão;Receitas Brutas Realizadas;RO1.1.0.0.00.0.0;1.1.0.0.00.0.0 - Impostos, Taxas e Contribuições de Melhoria;14826725,73;22721
2022;Prefeitura Municipal de Terenos - MS;5008008;MS;DCA-Anexo I-C;Padrão;Outras Deduções da Receita;RO1.1.0.0.00.0.0;1.1.0.0.00.0.0 - Impostos, Taxas e Contribuições de Melhoria;742574,30;22721
2022;Prefeitura Municipal de Terenos - MS;5008008;MS;DCA-Anexo I-C;Padrão;Receitas Brutas Realizadas;RO1.1.1.0.00.0.0;1.1.1.0.00.0.0 - Impostos;14624916,58;22721
2022;Prefeitura Municipal de Terenos - MS;5008008;MS;DCA-Anexo I-C;Padrão;Outras Deduções da Receita;RO1.1.1.0.00.0.0;1.1.1.0.00.0.0 - Impostos;742491,07;22721
2022;Prefeitura Municipal de Terenos - MS;5008008;MS;DCA-Anexo I-C;Padrão;Receitas Brutas Realizadas;RO1.1.1.2.00.0.0;1.1.1.2.00.0.0 - Impostos sobre o Patrimônio;8201369,58;22721
2022;Prefeitura Municipal de Terenos - MS;5008008;MS;DCA-Anexo I-C;Padrão;Outras Deduções da Receita;RO1.1.1.2.00.0.0;1.1.1.2.00.0.0 - Impostos sobre o Patrimônio;503292,54;22721
2022;Prefeitura Municipal de Terenos - MS;5008008;MS;DCA-Anexo I-C;Padrão;Receitas Brutas Realizadas;RO1.1.1.2.50.0.0;1.1.1.2.50.0.0 - Imposto sobre a Propriedade Predial e Territorial Urbana;3859860,47;22721
2022;Prefeitura Municipal de Terenos - MS;5008008;MS;DCA-Anexo I-C;Padrão;Outras Deduções da Receita;RO1.1.1.2.50.0.0;1.1.1.2.50.0.0 - Imposto sobre a Propriedade Predial e Territorial Urbana;503292,54;22721
2022;Prefeitura Municipal de Terenos - MS;5008008;MS;DCA-Anexo I-C;Padrão;Receitas Brutas Realizadas;RO1.1.1.2.53.0.0;"1.1.1.2.53.0.0 - Impostos sobre Transmissão ""Inter Vivos"" de Bens Imóveis e de Direitos Reais sobre Imóveis";4341509,11;22721
2022;Prefeitura Municipal de Terenos - MS;5008008;MS;DCA-Anexo I-C;Padrão;Receitas Brutas Realizadas;RO1.1.1.3.00.0.0;1.1.1.3.00.0.0 - Impostos sobre a Renda e Proventos de Qualquer Natureza;2054048,14;22721
2022;Prefeitura Municipal de Terenos - MS;5008008;MS;DCA-Anexo I-C;Padrão;Receitas Brutas Realizadas;RO1.1.1.3.03.0.0;1.1.1.3.03.0.0 - Imposto sobre a Renda - Retido na Fonte;2054048,14;22721
2022;Prefeitura Municipal de Terenos - MS;5008008;MS;DCA-Anexo I-C;Padrão;Receitas Brutas Realizadas;RO1.1.1.3.03.1.0;1.1.1.3.03.1.0 - Imposto sobre a Renda - Retido na Fonte - Trabalho;2019786,12;22721
2022;Prefeitura Municipal de Terenos - MS;5008008;MS;DCA-Anexo I-C;Padrão;Receitas Brutas Realizadas;RO1.1.1.3.03.4.0;1.1.1.3.03.4.0 - Imposto sobre a Renda - Retido na Fonte - Outros Rendimentos;34262,02;22721
2022;Prefeitura Municipal de Terenos - MS;5008008;MS;DCA-Anexo I-C;Padrão;Receitas Brutas Realizadas;RO1.1.1.4.00.0.0;1.1.1.4.00.0.0 - Impostos sobre a Produção e Circulação de Mercadorias e Serviços;4243831,48;22721
2022;Prefeitura Municipal de Terenos - MS;5008008;MS;DCA-Anexo I-C;Padrão;Outras Deduções da Receita;RO1.1.1.4.00.0.0;1.1.1.4.00.0.0 - Impostos sobre a Produção e Circulação de Mercadorias e Serviços;237792,50;22721
2022;Prefeitura Municipal de Terenos - MS;5008008;MS;DCA-Anexo I-C;Padrão;Receitas Brutas Realizadas;RO1.1.1.4.51.0.0;1.1.1.4.51.0.0 - Impostos sobre Serviços;4243831,48;22721
2022;Prefeitura Municipal de Terenos - MS;5008008;MS;DCA-Anexo I-C;Padrão;Outras Deduções da Receita;RO1.1.1.4.51.0.0;1.1.1.4.51.0.0 - Impostos sobre Serviços;237792,50;22721
2022;Prefeitura Municipal de Terenos - MS;5008008;MS;DCA-Anexo I-C;Padrão;Receitas Brutas Realizadas;RO1.1.1.4.51.1.0;1.1.1.4.51.1.0 - Imposto sobre Serviços de Qualquer Natureza - ISSQN;4243831,48;22721
2022;Prefeitura Municipal de Terenos - MS;5008008;MS;DCA-Anexo I-C;Padrão;Outras Deduções da Receita;RO1.1.1.4.51.1.0;1.1.1.4.51.1.0 - Imposto sobre Serviços de Qualquer Natureza - ISSQN;237792,50;22721
2022;Prefeitura Municipal de Terenos - MS;5008008;MS;DCA-Anexo I-C;Padrão;Receitas Brutas Realizadas;RO1.1.1.9.00.0.0;1.1.1.9.00.0.0 - Outros Impostos;125667,38;22721
2022;Prefeitura Municipal de Terenos - MS;5008008;MS;DCA-Anexo I-C;Padrão;Outras Deduções da Receita;RO1.1.1.9.00.0.0;1.1.1.9.00.0.0 - Outros Impostos;1406,03;22721
2022;Prefeitura Municipal de Terenos - MS;5008008;MS;DCA-Anexo I-C;Padrão;Receitas Brutas Realizadas;RO1.1.2.0.00.0.0;1.1.2.0.00.0.0 - Taxas;201809,15;22721
2022;Prefeitura Municipal de Terenos - MS;5008008;MS;DCA-Anexo I-C;Padrão;Outras Deduções da Receita;RO1.1.2.0.00.0.0;1.1.2.0.00.0.0 - Taxas;83,23;22721
2022;Prefeitura Municipal de Terenos - MS;5008008;MS;DCA-Anexo I-C;Padrão;Receitas Brutas Realizadas;RO1.1.2.1.00.0.0;1.1.2.1.00.0.0 - Taxas pelo Exercício do Poder de Polícia;152416,82;22721
2022;Prefeitura Municipal de Terenos - MS;5008008;MS;DCA-Anexo I-C;Padrão;Outras Deduções da Receita;RO1.1.2.1.00.0.0;1.1.2.1.00.0.0 - Taxas pelo Exercício do Poder de Polícia;83,23;22721
2022;Prefeitura Municipal de Terenos - MS;5008008;MS;DCA-Anexo I-C;Padrão;Receitas Brutas Realizadas;RO1.1.2.1.01.0.0;1.1.2.1.01.0.0 - Taxas de Inspeção, Controle e Fiscalização;152416,82;22721
2022;Prefeitura Municipal de Terenos - MS;5008008;MS;DCA-Anexo I-C;Padrão;Outras Deduções da Receita;RO1.1.2.1.01.0.0;1.1.2.1.01.0.0 - Taxas de Inspeção, Controle e Fiscalização;83,23;22721
2022;Prefeitura Municipal de Terenos - MS;5008008;MS;DCA-Anexo I-C;Padrão;Receitas Brutas Realizadas;RO1.1.2.2.00.0.0;1.1.2.2.00.0.0 - Taxas pela Prestação de Serviços;49392,33;22721
2022;Prefeitura Municipal de Terenos - MS;5008008;MS;DCA-Anexo I-C;Padrão;Receitas Brutas Realizadas;RO1.1.2.2.01.0.0;1.1.2.2.01.0.0 - Taxas pela Prestação de Serviços;49392,33;22721
2022;Prefeitura Municipal de Terenos - MS;5008008;MS;DCA-Anexo I-C;Padrão;Receitas Brutas Realizadas;RO1.2.0.0.00.0.0;1.2.0.0.00.0.0 - Contribuições;3525263,14;22721
2022;Prefeitura Municipal de Terenos - MS;5008008;MS;DCA-Anexo I-C;Padrão;Receitas Brutas Realizadas;RO1.2.1.0.00.0.0;1.2.1.0.00.0.0 - Contribuições Sociais;2241118,21;22721
2022;Prefeitura Municipal de Terenos - MS;5008008;MS;DCA-Anexo I-C;Padrão;Receitas Brutas Realizadas;RO1.2.1.5.00.0.0;1.2.1.5.00.0.0 - Contribuições para Regimes Próprios de Previdência e Sistema de Proteção Social;2241118,21;22721
2022;Prefeitura Municipal de Terenos - MS;5008008;MS;DCA-Anexo I-C;Padrão;Receitas Brutas Realizadas;RO1.2.1.5.01.0.0;1.2.1.5.01.0.0 - Contribuição do Servidor Civil;2241118,21;22721
2022;Prefeitura Municipal de Terenos - MS;5008008;MS;DCA-Anexo I-C;Padrão;Receitas Brutas Realizadas;RO1.2.1.5.01.1.0;1.2.1.5.01.1.0 - Contribuição do Servidor Civil Ativo;2229673,93;22721
2022;Prefeitura Municipal de Terenos - MS;5008008;MS;DCA-Anexo I-C;Padrão;Receitas Brutas Realizadas;RO1.2.1.5.01.2.0;1.2.1.5.01.2.0 - Contribuição do Servidor Civil Inativo;11444,28;22721
2022;Prefeitura Municipal de Terenos - MS;5008008;MS;DCA-Anexo I-C;Padrão;Receitas Brutas Realizadas;RO1.2.4.0.00.0.0;1.2.4.0.00.0.0 - Contribuição para o Custeio do Serviço de Iluminação Pública;1284144,93;22721
2022;Prefeitura Municipal de Terenos - MS;5008008;MS;DCA-Anexo I-C;Padrão;Receitas Brutas Realizadas;RO1.3.0.0.00.0.0;1.3.0.0.00.0.0 - Receita Patrimonial;2855851,35;22721
2022;Prefeitura Municipal de Terenos - MS;5008008;MS;DCA-Anexo I-C;Padrão;Receitas Brutas Realizadas;RO1.3.1.0.00.0.0;1.3.1.0.00.0.0 - Exploração do Patrimônio Imobiliário do Estado;1550,00;22721
2022;Prefeitura Municipal de Terenos - MS;5008008;MS;DCA-Anexo I-C;Padrão;Receitas Brutas Realizadas;RO1.3.1.1.00.0.0;1.3.1.1.00.0.0 - Exploração do Patrimônio Imobiliário do Estado;1550,00;22721
2022;Prefeitura Municipal de Terenos - MS;5008008;MS;DCA-Anexo I-C;Padrão;Receitas Brutas Realizadas;RO1.3.1.1.01.0.0;1.3.1.1.01.0.0 - Aluguéis, Arrendamentos, Foros, Laudêmios, Tarifas de Ocupação;1550,00;22721
2022;Prefeitura Municipal de Terenos - MS;5008008;MS;DCA-Anexo I-C;Padrão;Receitas Brutas Realizadas;RO1.3.1.1.01.1.0;1.3.1.1.01.1.0 - Aluguéis e Arrendamentos;1550,00;22721
2022;Prefeitura Municipal de Terenos - MS;5008008;MS;DCA-Anexo I-C;Padrão;Receitas Brutas Realizadas;RO1.3.2.0.00.0.0;1.3.2.0.00.0.0 - Valores Mobiliários;2854301,35;22721
2022;Prefeitura Municipal de Terenos - MS;5008008;MS;DCA-Anexo I-C;Padrão;Receitas Brutas Realizadas;RO1.3.2.1.00.0.0;1.3.2.1.00.0.0 - Juros e Correções Monetárias;2854301,35;22721
2022;Prefeitura Municipal de Terenos - MS;5008008;MS;DCA-Anexo I-C;Padrão;Receitas Brutas Realizadas;RO1.3.2.1.01.0.0;1.3.2.1.01.0.0 - Remuneração de Depósitos Bancários;2356871,36;22721
2022;Prefeitura Municipal de Terenos - MS;5008008;MS;DCA-Anexo I-C;Padrão;Receitas Brutas Realizadas;RO1.3.2.1.04.0.0;1.3.2.1.04.0.0 - Remuneração dos Recursos do Regime Próprio de Previdência Social - RPPS;497429,99;22721
2022;Prefeitura Municipal de Terenos - MS;5008008;MS;DCA-Anexo I-C;Padrão;Receitas Brutas Realizadas;RO1.6.0.0.00.0.0;1.6.0.0.00.0.0 - Receita de Serviços;10743,78;22721
2022;Prefeitura Municipal de Terenos - MS;5008008;MS;DCA-Anexo I-C;Padrão;Outras Deduções da Receita;RO1.6.0.0.00.0.0;1.6.0.0.00.0.0 - Receita de Serviços;0,79;22721
2022;Prefeitura Municipal de Terenos - MS;5008008;MS;DCA-Anexo I-C;Padrão;Receitas Brutas Realizadas;RO1.6.1.0.00.0.0;1.6.1.0.00.0.0 - Serviços Administrativos e Comerciais Gerais;10743,78;22721
2022;Prefeitura Municipal de Terenos - MS;5008008;MS;DCA-Anexo I-C;Padrão;Outras Deduções da Receita;RO1.6.1.0.00.0.0;1.6.1.0.00.0.0 - Serviços Administrativos e Comerciais Gerais;0,79;22721
2022;Prefeitura Municipal de Terenos - MS;5008008;MS;DCA-Anexo I-C;Padrão;Receitas Brutas Realizadas;RO1.6.1.1.00.0.0;1.6.1.1.00.0.0 - Serviços Administrativos e Comerciais Gerais;10743,78;22721
2022;Prefeitura Municipal de Terenos - MS;5008008;MS;DCA-Anexo I-C;Padrão;Outras Deduções da Receita;RO1.6.1.1.00.0.0;1.6.1.1.00.0.0 - Serviços Administrativos e Comerciais Gerais;0,79;22721
2022;Prefeitura Municipal de Terenos - MS;5008008;MS;DCA-Anexo I-C;Padrão;Receitas Brutas Realizadas;RO1.6.1.1.01.0.0;1.6.1.1.01.0.0 - Serviços Administrativos e Comerciais Gerais;9763,78;22721
2022;Prefeitura Municipal de Terenos - MS;5008008;MS;DCA-Anexo I-C;Padrão;Outras Deduções da Receita;RO1.6.1.1.01.0.0;1.6.1.1.01.0.0 - Serviços Administrativos e Comerciais Gerais;0,79;22721
2022;Prefeitura Municipal de Terenos - MS;5008008;MS;DCA-Anexo I-C;Padrão;Receitas Brutas Realizadas;RO1.6.1.1.03.0.0;1.6.1.1.03.0.0 - Serviços de Registro, Certificação e Fiscalização;980,00;22721
2022;Prefeitura Municipal de Terenos - MS;5008008;MS;DCA-Anexo I-C;Padrão;Receitas Brutas Realizadas;RO1.7.0.0.00.0.0;1.7.0.0.00.0.0 - Transferências Correntes;94623102,74;22721
2022;Prefeitura Municipal de Terenos - MS;5008008;MS;DCA-Anexo I-C;Padrão;Deduções - FUNDEB;RO1.7.0.0.00.0.0;1.7.0.0.00.0.0 - Transferências Correntes;11656126,18;22721
2022;Prefeitura Municipal de Terenos - MS;5008008;MS;DCA-Anexo I-C;Padrão;Receitas Brutas Realizadas;RO1.7.1.0.00.0.0;1.7.1.0.00.0.0 - Transferências da União e de suas Entidades;41860157,47;22721
2022;Prefeitura Municipal de Terenos - MS;5008008;MS;DCA-Anexo I-C;Padrão;Deduções - FUNDEB;RO1.7.1.0.00.0.0;1.7.1.0.00.0.0 - Transferências da União e de suas Entidades;6466041,80;22721
2022;Prefeitura Municipal de Terenos - MS;5008008;MS;DCA-Anexo I-C;Padrão;Receitas Brutas Realizadas;RO1.7.1.1.00.0.0;1.7.1.1.00.0.0 - Transferências Decorrentes de Participação na Receita da União;33981366,42;22721
2022;Prefeitura Municipal de Terenos - MS;5008008;MS;DCA-Anexo I-C;Padrão;Deduções - FUNDEB;RO1.7.1.1.00.0.0;1.7.1.1.00.0.0 - Transferências Decorrentes de Participação na Receita da União;6466041,80;22721
2022;Prefeitura Municipal de Terenos - MS;5008008;MS;DCA-Anexo I-C;Padrão;Receitas Brutas Realizadas;RO1.7.1.1.51.0.0;1.7.1.1.51.0.0 -Cota-Parte do Fundo de Participação dos Municípios - FPM;30553190,15;22721
2022;Prefeitura Municipal de Terenos - MS;5008008;MS;DCA-Anexo I-C;Padrão;Deduções - FUNDEB;RO1.7.1.1.51.0.0;1.7.1.1.51.0.0 -Cota-Parte do Fundo de Participação dos Municípios - FPM;5780406,68;22721
2022;Prefeitura Municipal de Terenos - MS;5008008;MS;DCA-Anexo I-C;Padrão;Receitas Brutas Realizadas;RO1.7.1.1.51.1.0;1.7.1.1.51.1.0 - Cota-Parte do Fundo de Participação dos Municípios - Cota Mensal;27967526,56;22721
2022;Prefeitura Municipal de Terenos - MS;5008008;MS;DCA-Anexo I-C;Padrão;Deduções - FUNDEB;RO1.7.1.1.51.1.0;1.7.1.1.51.1.0 - Cota-Parte do Fundo de Participação dos Municípios - Cota Mensal;5780406,68;22721
2022;Prefeitura Municipal de Terenos - MS;5008008;MS;DCA-Anexo I-C;Padrão;Receitas Brutas Realizadas;RO1.7.1.1.51.2.0;1.7.1.1.51.2.0 - Cota-Parte do Fundo de Participação do Municípios ¿ 1% Cota entregue no mês de dezembro;1435051,23;22721
2022;Prefeitura Municipal de Terenos - MS;5008008;MS;DCA-Anexo I-C;Padrão;Receitas Brutas Realizadas;RO1.7.1.1.51.3.0;1.7.1.1.51.3.0 - Cota-Parte do Fundo de Participação dos Municípios - 1% Cota entregue no mês de julho;1150612,36;22721
2022;Prefeitura Municipal de Terenos - MS;5008008;MS;DCA-Anexo I-C;Padrão;Receitas Brutas Realizadas;RO1.7.1.1.52.0.0;1.7.1.1.52.0.0 - Cota-Parte do Imposto Sobre a Propriedade Territorial Rural;3428176,27;22721
2022;Prefeitura Municipal de Terenos - MS;5008008;MS;DCA-Anexo I-C;Padrão;Deduções - FUNDEB;RO1.7.1.1.52.0.0;1.7.1.1.52.0.0 - Cota-Parte do Imposto Sobre a Propriedade Territorial Rural;685635,12;22721
2022;Prefeitura Municipal de Terenos - MS;5008008;MS;DCA-Anexo I-C;Padrão;Receitas Brutas Realizadas;RO1.7.1.2.00.0.0;1.7.1.2.00.0.0 -Transferências das Compensações Financeiras pela Exploração de Recursos Naturais;677029,57;22721
2022;Prefeitura Municipal de Terenos - MS;5008008;MS;DCA-Anexo I-C;Padrão;Receitas Brutas Realizadas;RO1.7.1.2.52.0.0;1.7.1.2.52.0.0 - Cota-parte da Compensação Financeira pela Produção de Petróleo;677029,57;22721
2022;Prefeitura Municipal de Terenos - MS;5008008;MS;DCA-Anexo I-C;Padrão;Receitas Brutas Realizadas;RO1.7.1.2.52.4.0;1.7.1.2.52.4.0 - Cota-Parte do Fundo Especial do Petróleo ¿ FEP;677029,57;22721
2022;Prefeitura Municipal de Terenos - MS;5008008;MS;DCA-Anexo I-C;Padrão;Receitas Brutas Realizadas;RO1.7.1.3.00.0.0;1.7.1.3.00.0.0 -Transferências de Recursos do Sistema Único de Saúde ¿ SUS ;4999947,89;22721
2022;Prefeitura Municipal de Terenos - MS;5008008;MS;DCA-Anexo I-C;Padrão;Receitas Brutas Realizadas;RO1.7.1.3.50.0.0;1.7.1.3.50.0.0 - Transferências de Recursos do Sistema Único de Saúde ¿ SUS ¿ Repasses Fundo a Fundo - Bloco de Manutenção das Ações e Serviços Públicos de Saúde;4999947,89;22721
2022;Prefeitura Municipal de Terenos - MS;5008008;MS;DCA-Anexo I-C;Padrão;Receitas Brutas Realizadas;RO1.7.1.3.50.1.0;1.7.1.3.50.1.0 - Transferências de Recursos do Bloco de Manutenção das Ações e Serviços Públicos de Saúde ¿ Atenção Primária;3713361,31;22721
2022;Prefeitura Municipal de Terenos - MS;5008008;MS;DCA-Anexo I-C;Padrão;Receitas Brutas Realizadas;RO1.7.1.3.50.2.0;1.7.1.3.50.2.0 - Transferências de Recursos do Bloco de Manutenção das Ações e Serviços Públicos de Saúde ¿ Atenção Especializada;837177,36;22721
2022;Prefeitura Municipal de Terenos - MS;5008008;MS;DCA-Anexo I-C;Padrão;Receitas Brutas Realizadas;RO1.7.1.3.50.3.0;1.7.1.3.50.3.0 - Transferências de Recursos do Bloco de Manutenção das Ações e Serviços Públicos de Saúde ¿ Vigilância em Saúde;242798,50;22721
2022;Prefeitura Municipal de Terenos - MS;5008008;MS;DCA-Anexo I-C;Padrão;Receitas Brutas Realizadas;RO1.7.1.3.50.4.0;1.7.1.3.50.4.0 -Transferências de Recursos do Bloco de Manutenção das Ações e Serviços Públicos de Saúde ¿ Assistência Farmacêutica;135745,68;22721
2022;Prefeitura Municipal de Terenos - MS;5008008;MS;DCA-Anexo I-C;Padrão;Receitas Brutas Realizadas;RO1.7.1.3.50.5.0;1.7.1.3.50.5.0 - Transferências de Recursos do Bloco de Manutenção das Ações e Serviços Públicos de Saúde ¿ Gestão do SUS;4772,81;22721
2022;Prefeitura Municipal de Terenos - MS;5008008;MS;DCA-Anexo I-C;Padrão;Receitas Brutas Realizadas;RO1.7.1.3.50.9.0;1.7.1.3.50.9.0 - Transferências de Recursos do Bloco de Manutenção das Ações e Serviços Públicos de Saúde ¿ Outros Programas;66092,23;22721
2022;Prefeitura Municipal de Terenos - MS;5008008;MS;DCA-Anexo I-C;Padrão;Receitas Brutas Realizadas;RO1.7.1.4.00.0.0;1.7.1.4.00.0.0 -Transferências de Recursos do Fundo Nacional do Desenvolvimento da Educação ¿ FNDE¿ ;1120153,85;22721
2022;Prefeitura Municipal de Terenos - MS;5008008;MS;DCA-Anexo I-C;Padrão;Receitas Brutas Realizadas;RO1.7.1.4.50.0.0;1.7.1.4.50.0.0 - Transferências do Salário-Educação;520626,92;22721
2022;Prefeitura Municipal de Terenos - MS;5008008;MS;DCA-Anexo I-C;Padrão;Receitas Brutas Realizadas;RO1.7.1.4.52.0.0;1.7.1.4.52.0.0 - Transferências referentes ao Programa Nacional de Alimentação Escolar ¿ PNAE;305300,00;22721
2022;Prefeitura Municipal de Terenos - MS;5008008;MS;DCA-Anexo I-C;Padrão;Receitas Brutas Realizadas;RO1.7.1.4.53.0.0;1.7.1.4.53.0.0 - Transferências referentes ao Programa Nacional de Apoio ao Transporte do Escolar ¿ PNATE;294226,93;22721
2022;Prefeitura Municipal de Terenos - MS;5008008;MS;DCA-Anexo I-C;Padrão;Receitas Brutas Realizadas;RO1.7.1.6.00.0.0;1.7.1.6.00.0.0 - Transferências de Recursos do Fundo Nacional de Assistência Social ¿ FNAS;295445,37;22721
2022;Prefeitura Municipal de Terenos - MS;5008008;MS;DCA-Anexo I-C;Padrão;Receitas Brutas Realizadas;RO1.7.1.9.00.0.0;1.7.1.9.00.0.0 - Outras Transferências de Recursos da União e de suas Entidades;786214,37;22721
2022;Prefeitura Municipal de Terenos - MS;5008008;MS;DCA-Anexo I-C;Padrão;Receitas Brutas Realizadas;RO1.7.1.9.58.0.0;1.7.1.9.58.0.0 - Transferência Obrigatória Decorrente da Lei Complementar nº 176/2020;250594,44;22721
2022;Prefeitura Municipal de Terenos - MS;5008008;MS;DCA-Anexo I-C;Padrão;Receitas Brutas Realizadas;RO1.7.1.9.99.0.0;1.7.1.9.99.0.0 - Outras Transferências de Recursos da União e de suas Entidades;535619,93;22721
2022;Prefeitura Municipal de Terenos - MS;5008008;MS;DCA-Anexo I-C;Padrão;Receitas Brutas Realizadas;RO1.7.2.0.00.0.0;1.7.2.0.00.0.0 - Transferências dos Estados e do Distrito Federal e de suas Entidades;34955026,90;22721
2022;Prefeitura Municipal de Terenos - MS;5008008;MS;DCA-Anexo I-C;Padrão;Deduções - FUNDEB;RO1.7.2.0.00.0.0;1.7.2.0.00.0.0 - Transferências dos Estados e do Distrito Federal e de suas Entidades;5190084,38;22721
2022;Prefeitura Municipal de Terenos - MS;5008008;MS;DCA-Anexo I-C;Padrão;Receitas Brutas Realizadas;RO1.7.2.1.00.0.0;1.7.2.1.00.0.0 - Participação na Receita dos Estados e Distrito Federal;26929989,53;22721
2022;Prefeitura Municipal de Terenos - MS;5008008;MS;DCA-Anexo I-C;Padrão;Deduções - FUNDEB;RO1.7.2.1.00.0.0;1.7.2.1.00.0.0 - Participação na Receita dos Estados e Distrito Federal;5190084,38;22721
2022;Prefeitura Municipal de Terenos - MS;5008008;MS;DCA-Anexo I-C;Padrão;Receitas Brutas Realizadas;RO1.7.2.1.50.0.0;1.7.2.1.50.0.0 - Cota-Parte do ICMS;25062684,30;22721
2022;Prefeitura Municipal de Terenos - MS;5008008;MS;DCA-Anexo I-C;Padrão;Deduções - FUNDEB;RO1.7.2.1.50.0.0;1.7.2.1.50.0.0 - Cota-Parte do ICMS;4825634,98;22721
2022;Prefeitura Municipal de Terenos - MS;5008008;MS;DCA-Anexo I-C;Padrão;Receitas Brutas Realizadas;RO1.7.2.1.51.0.0;1.7.2.1.51.0.0 - Cota-Parte do IPVA;1609980,95;22721
2022;Prefeitura Municipal de Terenos - MS;5008008;MS;DCA-Anexo I-C;Padrão;Deduções - FUNDEB;RO1.7.2.1.51.0.0;1.7.2.1.51.0.0 - Cota-Parte do IPVA;321996,32;22721
2022;Prefeitura Municipal de Terenos - MS;5008008;MS;DCA-Anexo I-C;Padrão;Receitas Brutas Realizadas;RO1.7.2.1.52.0.0;1.7.2.1.52.0.0 - Cota-Parte do IPI - Municípios;212259,64;22721
2022;Prefeitura Municipal de Terenos - MS;5008008;MS;DCA-Anexo I-C;Padrão;Deduções - FUNDEB;RO1.7.2.1.52.0.0;1.7.2.1.52.0.0 - Cota-Parte do IPI - Municípios;42453,08;22721
2022;Prefeitura Municipal de Terenos - MS;5008008;MS;DCA-Anexo I-C;Padrão;Receitas Brutas Realizadas;RO1.7.2.1.53.0.0;1.7.2.1.53.0.0 - Cota-Parte da Contribuição de Intervenção no Domínio Econômico;45064,64;22721
2022;Prefeitura Municipal de Terenos - MS;5008008;MS;DCA-Anexo I-C;Padrão;Receitas Brutas Realizadas;RO1.7.2.2.00.0.0;1.7.2.2.00.0.0 - Transferências das Compensações Financeiras pela Exploração de Recursos Naturais;505896,56;22721
2022;Prefeitura Municipal de Terenos - MS;5008008;MS;DCA-Anexo I-C;Padrão;Receitas Brutas Realizadas;RO1.7.2.2.51.0.0;1.7.2.2.51.0.0 - Cota-parte da Compensação Financeira de Recursos Minerais - CFEM;505896,56;22721
2022;Prefeitura Municipal de Terenos - MS;5008008;MS;DCA-Anexo I-C;Padrão;Receitas Brutas Realizadas;RO1.7.2.3.00.0.0;1.7.2.3.00.0.0 - Transferências de Recursos do Sistema Único de Saúde ¿ SUS;1960519,95;22721
2022;Prefeitura Municipal de Terenos - MS;5008008;MS;DCA-Anexo I-C;Padrão;Receitas Brutas Realizadas;RO1.7.2.9.00.0.0;1.7.2.9.00.0.0 - Outras Transferências dos Estados e Distrito Federal;5558620,86;22721
2022;Prefeitura Municipal de Terenos - MS;5008008;MS;DCA-Anexo I-C;Padrão;Receitas Brutas Realizadas;RO1.7.2.9.52.0.0;1.7.2.9.52.0.0 - Transferências de Recursos Destinados a Programas de Educação;885854,95;22721
2022;Prefeitura Municipal de Terenos - MS;5008008;MS;DCA-Anexo I-C;Padrão;Receitas Brutas Realizadas;RO1.7.2.9.99.0.0;1.7.2.9.99.0.0 - Outras Transferências dos Estados e DF;4672765,91;22721
2022;Prefeitura Municipal de Terenos - MS;5008008;MS;DCA-Anexo I-C;Padrão;Receitas Brutas Realizadas;RO1.7.5.0.00.0.0;1.7.5.0.00.0.0 - Transferências de Outras Instituições Públicas;17807918,37;22721
2022;Prefeitura Municipal de Terenos - MS;5008008;MS;DCA-Anexo I-C;Padrão;Receitas Brutas Realizadas;RO1.7.5.1.00.0.0;1.7.5.1.00.0.0 - Transferências de Recursos do Fundo de Manutenção e Desenvolvimento da Educação Básica e de Valorização dos Profissionais da Educação - FUNDEB;17806728,54;22721
2022;Prefeitura Municipal de Terenos - MS;5008008;MS;DCA-Anexo I-C;Padrão;Receitas Brutas Realizadas;RO1.7.5.9.00.0.0;1.7.5.9.00.0.0 - Demais Transferências de Outras Instituições Públicas;1189,83;22721
2022;Prefeitura Municipal de Terenos - MS;5008008;MS;DCA-Anexo I-C;Padrão;Receitas Brutas Realizadas;RO1.9.0.0.00.0.0;1.9.0.0.00.0.0 - Outras Receitas Correntes;2574911,32;22721
2022;Prefeitura Municipal de Terenos - MS;5008008;MS;DCA-Anexo I-C;Padrão;Outras Deduções da Receita;RO1.9.0.0.00.0.0;1.9.0.0.00.0.0 - Outras Receitas Correntes;382,44;22721
2022;Prefeitura Municipal de Terenos - MS;5008008;MS;DCA-Anexo I-C;Padrão;Receitas Brutas Realizadas;RO1.9.1.0.00.0.0;1.9.1.0.00.0.0 - Multas Administrativas, Contratuais e Judiciais;435,61;22721
2022;Prefeitura Municipal de Terenos - MS;5008008;MS;DCA-Anexo I-C;Padrão;Receitas Brutas Realizadas;RO1.9.1.1.00.0.0;1.9.1.1.00.0.0 - Multas Administrativas, Contratuais e Judiciais;435,61;22721
2022;Prefeitura Municipal de Terenos - MS;5008008;MS;DCA-Anexo I-C;Padrão;Receitas Brutas Realizadas;RO1.9.1.1.01.0.0;1.9.1.1.01.0.0 - Multas Previstas em Legislação Específica;435,61;22721
2022;Prefeitura Municipal de Terenos - MS;5008008;MS;DCA-Anexo I-C;Padrão;Receitas Brutas Realizadas;RO1.9.2.0.00.0.0;1.9.2.0.00.0.0 - Indenizações, Restituições e Ressarcimentos;2574436,11;22721
2022;Prefeitura Municipal de Terenos - MS;5008008;MS;DCA-Anexo I-C;Padrão;Outras Deduções da Receita;RO1.9.2.0.00.0.0;1.9.2.0.00.0.0 - Indenizações, Restituições e Ressarcimentos;382,44;22721
2022;Prefeitura Municipal de Terenos - MS;5008008;MS;DCA-Anexo I-C;Padrão;Receitas Brutas Realizadas;RO1.9.2.1.00.0.0;1.9.2.1.00.0.0 - Indenizações;2550382,44;22721
2022;Prefeitura Municipal de Terenos - MS;5008008;MS;DCA-Anexo I-C;Padrão;Outras Deduções da Receita;RO1.9.2.1.00.0.0;1.9.2.1.00.0.0 - Indenizações;382,44;22721
2022;Prefeitura Municipal de Terenos - MS;5008008;MS;DCA-Anexo I-C;Padrão;Receitas Brutas Realizadas;RO1.9.2.1.99.0.0;1.9.2.1.99.0.0 - Outras Indenizações;2550382,44;22721
2022;Prefeitura Municipal de Terenos - MS;5008008;MS;DCA-Anexo I-C;Padrão;Outras Deduções da Receita;RO1.9.2.1.99.0.0;1.9.2.1.99.0.0 - Outras Indenizações;382,44;22721
2022;Prefeitura Municipal de Terenos - MS;5008008;MS;DCA-Anexo I-C;Padrão;Receitas Brutas Realizadas;RO1.9.2.2.00.0.0;1.9.2.2.00.0.0 - Restituições;23091,76;22721
2022;Prefeitura Municipal de Terenos - MS;5008008;MS;DCA-Anexo I-C;Padrão;Receitas Brutas Realizadas;RO1.9.2.2.99.0.0;1.9.2.2.99.0.0 - Outras Restituições;23091,76;22721
2022;Prefeitura Municipal de Terenos - MS;5008008;MS;DCA-Anexo I-C;Padrão;Receitas Brutas Realizadas;RO1.9.2.3.00.0.0;1.9.2.3.00.0.0 - Ressarcimentos;961,91;22721
2022;Prefeitura Municipal de Terenos - MS;5008008;MS;DCA-Anexo I-C;Padrão;Receitas Brutas Realizadas;RO1.9.2.3.99.0.0;1.9.2.3.99.0.0 - Outros Ressarcimentos;961,91;22721
2022;Prefeitura Municipal de Terenos - MS;5008008;MS;DCA-Anexo I-C;Padrão;Receitas Brutas Realizadas;RO1.9.9.0.00.0.0;1.9.9.0.00.0.0 - Demais Receitas Correntes;39,60;22721
2022;Prefeitura Municipal de Terenos - MS;5008008;MS;DCA-Anexo I-C;Padrão;Receitas Brutas Realizadas;RO1.9.9.9.00.0.0;1.9.9.9.00.0.0 - Outras Receitas Correntes;39,60;22721
2022;Prefeitura Municipal de Terenos - MS;5008008;MS;DCA-Anexo I-C;Padrão;Receitas Brutas Realizadas;RO1.9.9.9.99.0.0;1.9.9.9.99.0.0 - Outras Receitas;39,60;22721
2022;Prefeitura Municipal de Terenos - MS;5008008;MS;DCA-Anexo I-C;Padrão;Receitas Brutas Realizadas;RO1.9.9.9.99.2.0;1.9.9.9.99.2.0 - Outras Receitas Não Arrecadadas e Não Projetadas pela RFB - Primárias;39,60;22721
2022;Prefeitura Municipal de Terenos - MS;5008008;MS;DCA-Anexo I-C;Padrão;Receitas Brutas Realizadas;RO2.0.0.0.00.0.0;2.0.0.0.00.0.0 - Receitas de Capital;3979503,15;22721
2022;Prefeitura Municipal de Terenos - MS;5008008;MS;DCA-Anexo I-C;Padrão;Receitas Brutas Realizadas;RO2.1.0.0.00.0.0;2.1.0.0.00.0.0 - Operações de Crédito;244622,00;22721
2022;Prefeitura Municipal de Terenos - MS;5008008;MS;DCA-Anexo I-C;Padrão;Receitas Brutas Realizadas;RO2.1.1.0.00.0.0;2.1.1.0.00.0.0 - Operações de Crédito - Mercado Interno;244622,00;22721
2022;Prefeitura Municipal de Terenos - MS;5008008;MS;DCA-Anexo I-C;Padrão;Receitas Brutas Realizadas;RO2.1.1.2.00.0.0;2.1.1.2.00.0.0 - Operações de Crédito Contratuais - Mercado Interno;244622,00;22721
2022;Prefeitura Municipal de Terenos - MS;5008008;MS;DCA-Anexo I-C;Padrão;Receitas Brutas Realizadas;RO2.1.1.2.50.0.0;2.1.1.2.50.0.0 - Operações de Crédito Internas para Programas de Educação;244622,00;22721
2022;Prefeitura Municipal de Terenos - MS;5008008;MS;DCA-Anexo I-C;Padrão;Receitas Brutas Realizadas;RO2.2.0.0.00.0.0;2.2.0.0.00.0.0 - Alienação de Bens;94645,11;22721
2022;Prefeitura Municipal de Terenos - MS;5008008;MS;DCA-Anexo I-C;Padrão;Receitas Brutas Realizadas;RO2.2.1.0.00.0.0;2.2.1.0.00.0.0 - Alienação de Bens Móveis;5760,00;22721
2022;Prefeitura Municipal de Terenos - MS;5008008;MS;DCA-Anexo I-C;Padrão;Receitas Brutas Realizadas;RO2.2.1.3.00.0.0;2.2.1.3.00.0.0 - Alienação de Bens Móveis e Semoventes;5760,00;22721
2022;Prefeitura Municipal de Terenos - MS;5008008;MS;DCA-Anexo I-C;Padrão;Receitas Brutas Realizadas;RO2.2.2.0.00.0.0;2.2.2.0.00.0.0 - Alienação de Bens Imóveis;88885,11;22721
2022;Prefeitura Municipal de Terenos - MS;5008008;MS;DCA-Anexo I-C;Padrão;Receitas Brutas Realizadas;RO2.4.0.0.00.0.0;2.4.0.0.00.0.0 - Transferências de Capital;3640236,04;22721
2022;Prefeitura Municipal de Terenos - MS;5008008;MS;DCA-Anexo I-C;Padrão;Receitas Brutas Realizadas;RO2.4.1.0.00.0.0;2.4.1.0.00.0.0 - Transferências da União e de suas Entidades;1406236,04;22721
2022;Prefeitura Municipal de Terenos - MS;5008008;MS;DCA-Anexo I-C;Padrão;Receitas Brutas Realizadas;RO2.4.1.9.00.0.0;2.4.1.9.00.0.0 - Outras Transferências de Recursos da União e de suas Entidades;1406236,04;22721
2022;Prefeitura Municipal de Terenos - MS;5008008;MS;DCA-Anexo I-C;Padrão;Receitas Brutas Realizadas;RO2.4.1.9.99.0.0;2.4.1.9.99.0.0 - Outras Transferências De Recursos da União e de suas Entidades;1406236,04;22721
2022;Prefeitura Municipal de Terenos - MS;5008008;MS;DCA-Anexo I-C;Padrão;Receitas Brutas Realizadas;RO2.4.2.0.00.0.0;2.4.2.0.00.0.0 - Transferências dos Estados e do Distrito Federal e de suas Entidades;2234000,00;22721
2022;Prefeitura Municipal de Terenos - MS;5008008;MS;DCA-Anexo I-C;Padrão;Receitas Brutas Realizadas;RO2.4.2.2.00.0.0;2.4.2.2.00.0.0 - Transferências de Convênios dos Estados e DF e de Suas Entidades ;2234000,00;22721
2022;Prefeitura Municipal de Terenos - MS;5008008;MS;DCA-Anexo I-C;Padrão;Receitas Brutas Realizadas;RO2.4.2.2.50.0.0;2.4.2.2.50.0.0 - Transferências de Convênios dos Estados para o Sistema Único de Saúde ¿ SUS;2082000,00;22721
2022;Prefeitura Municipal de Terenos - MS;5008008;MS;DCA-Anexo I-C;Padrão;Receitas Brutas Realizadas;RO2.4.2.2.51.0.0;2.4.2.2.51.0.0 - Transferências de Convênios dos Estados destinadas a Programas de Educação;40000,00;22721
2022;Prefeitura Municipal de Terenos - MS;5008008;MS;DCA-Anexo I-C;Padrão;Receitas Brutas Realizadas;RO2.4.2.2.99.0.0;2.4.2.2.99.0.0 - Outras Transferências de Convênio dos Estados e DF e de Suas Entidades;112000,00;22721
2022;Prefeitura Municipal de Terenos - MS;5008008;MS;DCA-Anexo I-C;Padrão;Receitas Brutas Realizadas;ReceitasIntraOrcamentarias;RECEITAS (INTRA-ORÇAMENTÁRIAS) (II);4071764,79;22721
2022;Prefeitura Municipal de Terenos - MS;5008008;MS;DCA-Anexo I-C;Padrão;Receitas Brutas Realizadas;RI7.0.0.0.00.0.0;7.0.0.0.00.0.0 - Receitas Correntes;4071764,79;22721
2022;Prefeitura Municipal de Terenos - MS;5008008;MS;DCA-Anexo I-C;Padrão;Receitas Brutas Realizadas;RI7.2.0.0.00.0.0;7.2.0.0.00.0.0 - Contribuições;4071764,79;22721
2022;Prefeitura Municipal de Terenos - MS;5008008;MS;DCA-Anexo I-C;Padrão;Receitas Brutas Realizadas;RI7.2.1.0.00.0.0;7.2.1.0.00.0.0 - Contribuições Sociais;4071764,79;22721
2022;Prefeitura Municipal de Terenos - MS;5008008;MS;DCA-Anexo I-C;Padrão;Receitas Brutas Realizadas;RI7.2.1.5.00.0.0;7.2.1.5.00.0.0 - Contribuições para Regimes Próprios de Previdência e Sistema de Proteção Social;4071764,79;22721
2022;Prefeitura Municipal de Terenos - MS;5008008;MS;DCA-Anexo I-C;Padrão;Receitas Brutas Realizadas;RI7.2.1.5.02.0.0;7.2.1.5.02.0.0 - Contribuição Patronal - Servidor Civil;3921729,09;22721
2022;Prefeitura Municipal de Terenos - MS;5008008;MS;DCA-Anexo I-C;Padrão;Receitas Brutas Realizadas;RI7.2.1.5.02.1.0;7.2.1.5.02.1.0 - Contribuição Patronal - Servidor Civil Ativo;3921729,09;22721
2022;Prefeitura Municipal de Terenos - MS;5008008;MS;DCA-Anexo I-C;Padrão;Receitas Brutas Realizadas;RI7.2.1.5.51.0.0;7.2.1.5.51.0.0 - Contribuição Patronal - Parcelamentos;150035,70;22721
2022;Prefeitura Municipal de Terenos - MS;5008008;MS;DCA-Anexo I-C;Padrão;Receitas Brutas Realizadas;RI7.2.1.5.51.1.0;7.2.1.5.51.1.0 - Contribuição Patronal - Servidor Civil Ativo - Parcelamentos;150035,70;22721
2022;Prefeitura Municipal de Terenos - MS;5008008;MS;DCA-Anexo I-C;Padrão;Receitas Brutas Realizadas;TotalReceitas;TOTAL DAS RECEITAS (III) = (I + II);126467866,00;22721
2022;Prefeitura Municipal de Terenos - MS;5008008;MS;DCA-Anexo I-C;Padrão;Deduções - FUNDEB;TotalReceitas;TOTAL DAS RECEITAS (III) = (I + II);11656126,18;22721
2022;Prefeitura Municipal de Terenos - MS;5008008;MS;DCA-Anexo I-C;Padrão;Outras Deduções da Receita;TotalReceitas;TOTAL DAS RECEITAS (III) = (I + II);742957,53;22721
2023;Prefeitura Municipal de Terenos - MS;5008008;MS;DCA-Anexo I-C;Padrão;Receitas Brutas Realizadas;ReceitasExcetoIntraOrcamentarias;RECEITAS (EXCETO INTRA-ORÇAMENTÁRIAS) (I);127069336,02;22721
2023;Prefeitura Municipal de Terenos - MS;5008008;MS;DCA-Anexo I-C;Padrão;Deduções - FUNDEB;ReceitasExcetoIntraOrcamentarias;RECEITAS (EXCETO INTRA-ORÇAMENTÁRIAS) (I);12739589,31;22721
2023;Prefeitura Municipal de Terenos - MS;5008008;MS;DCA-Anexo I-C;Padrão;Outras Deduções da Receita;ReceitasExcetoIntraOrcamentarias;RECEITAS (EXCETO INTRA-ORÇAMENTÁRIAS) (I);1436572,27;22721
2023;Prefeitura Municipal de Terenos - MS;5008008;MS;DCA-Anexo I-C;Padrão;Receitas Brutas Realizadas;RO1.0.0.0.00.0.0;1.0.0.0.00.0.0 - Receitas Correntes;124110126,02;22721
2023;Prefeitura Municipal de Terenos - MS;5008008;MS;DCA-Anexo I-C;Padrão;Deduções - FUNDEB;RO1.0.0.0.00.0.0;1.0.0.0.00.0.0 - Receitas Correntes;12739589,31;22721
2023;Prefeitura Municipal de Terenos - MS;5008008;MS;DCA-Anexo I-C;Padrão;Outras Deduções da Receita;RO1.0.0.0.00.0.0;1.0.0.0.00.0.0 - Receitas Correntes;1436572,27;22721
2023;Prefeitura Municipal de Terenos - MS;5008008;MS;DCA-Anexo I-C;Padrão;Receitas Brutas Realizadas;RO1.1.0.0.00.0.0;1.1.0.0.00.0.0 - Impostos, Taxas e Contribuições de Melhoria;16985691,37;22721
2023;Prefeitura Municipal de Terenos - MS;5008008;MS;DCA-Anexo I-C;Padrão;Outras Deduções da Receita;RO1.1.0.0.00.0.0;1.1.0.0.00.0.0 - Impostos, Taxas e Contribuições de Melhoria;1436572,27;22721
2023;Prefeitura Municipal de Terenos - MS;5008008;MS;DCA-Anexo I-C;Padrão;Receitas Brutas Realizadas;RO1.1.1.0.00.0.0;1.1.1.0.00.0.0 - Impostos;16444129,77;22721
2023;Prefeitura Municipal de Terenos - MS;5008008;MS;DCA-Anexo I-C;Padrão;Outras Deduções da Receita;RO1.1.1.0.00.0.0;1.1.1.0.00.0.0 - Impostos;1420884,20;22721
2023;Prefeitura Municipal de Terenos - MS;5008008;MS;DCA-Anexo I-C;Padrão;Receitas Brutas Realizadas;RO1.1.1.2.00.0.0;1.1.1.2.00.0.0 - Impostos sobre o Patrimônio;8949402,05;22721
2023;Prefeitura Municipal de Terenos - MS;5008008;MS;DCA-Anexo I-C;Padrão;Outras Deduções da Receita;RO1.1.1.2.00.0.0;1.1.1.2.00.0.0 - Impostos sobre o Patrimônio;1343119,43;22721
2023;Prefeitura Municipal de Terenos - MS;5008008;MS;DCA-Anexo I-C;Padrão;Receitas Brutas Realizadas;RO1.1.1.2.50.0.0;1.1.1.2.50.0.0 - Imposto sobre a Propriedade Predial e Territorial Urbana;6517213,36;22721
2023;Prefeitura Municipal de Terenos - MS;5008008;MS;DCA-Anexo I-C;Padrão;Outras Deduções da Receita;RO1.1.1.2.50.0.0;1.1.1.2.50.0.0 - Imposto sobre a Propriedade Predial e Territorial Urbana;1343119,43;22721
2023;Prefeitura Municipal de Terenos - MS;5008008;MS;DCA-Anexo I-C;Padrão;Receitas Brutas Realizadas;RO1.1.1.2.53.0.0;"1.1.1.2.53.0.0 - Impostos sobre Transmissão ""Inter Vivos"" de Bens Imóveis e de Direitos Reais sobre Imóveis";2432188,69;22721
2023;Prefeitura Municipal de Terenos - MS;5008008;MS;DCA-Anexo I-C;Padrão;Receitas Brutas Realizadas;RO1.1.1.3.00.0.0;1.1.1.3.00.0.0 - Impostos sobre a Renda e Proventos de Qualquer Natureza;3077956,57;22721
2023;Prefeitura Municipal de Terenos - MS;5008008;MS;DCA-Anexo I-C;Padrão;Receitas Brutas Realizadas;RO1.1.1.3.03.0.0;1.1.1.3.03.0.0 - Imposto sobre a Renda - Retido na Fonte;3077956,57;22721
2023;Prefeitura Municipal de Terenos - MS;5008008;MS;DCA-Anexo I-C;Padrão;Receitas Brutas Realizadas;RO1.1.1.3.03.1.0;1.1.1.3.03.1.0 - Imposto sobre a Renda - Retido na Fonte - Trabalho;2831379,22;22721
2023;Prefeitura Municipal de Terenos - MS;5008008;MS;DCA-Anexo I-C;Padrão;Receitas Brutas Realizadas;RO1.1.1.3.03.4.0;1.1.1.3.03.4.0 - Imposto sobre a Renda - Retido na Fonte - Outros Rendimentos;246577,35;22721
2023;Prefeitura Municipal de Terenos - MS;5008008;MS;DCA-Anexo I-C;Padrão;Receitas Brutas Realizadas;RO1.1.1.4.00.0.0;1.1.1.4.00.0.0 - Impostos sobre a Produção e Circulação de Mercadorias e Serviços;4224553,86;22721
2023;Prefeitura Municipal de Terenos - MS;5008008;MS;DCA-Anexo I-C;Padrão;Outras Deduções da Receita;RO1.1.1.4.00.0.0;1.1.1.4.00.0.0 - Impostos sobre a Produção e Circulação de Mercadorias e Serviços;73601,48;22721
2023;Prefeitura Municipal de Terenos - MS;5008008;MS;DCA-Anexo I-C;Padrão;Receitas Brutas Realizadas;RO1.1.1.4.51.0.0;1.1.1.4.51.0.0 - Impostos sobre Serviços;4224553,86;22721
2023;Prefeitura Municipal de Terenos - MS;5008008;MS;DCA-Anexo I-C;Padrão;Outras Deduções da Receita;RO1.1.1.4.51.0.0;1.1.1.4.51.0.0 - Impostos sobre Serviços;73601,48;22721
2023;Prefeitura Municipal de Terenos - MS;5008008;MS;DCA-Anexo I-C;Padrão;Receitas Brutas Realizadas;RO1.1.1.4.51.1.0;1.1.1.4.51.1.0 - Imposto sobre Serviços de Qualquer Natureza - ISSQN;4224553,86;22721
2023;Prefeitura Municipal de Terenos - MS;5008008;MS;DCA-Anexo I-C;Padrão;Outras Deduções da Receita;RO1.1.1.4.51.1.0;1.1.1.4.51.1.0 - Imposto sobre Serviços de Qualquer Natureza - ISSQN;73601,48;22721
2023;Prefeitura Municipal de Terenos - MS;5008008;MS;DCA-Anexo I-C;Padrão;Receitas Brutas Realizadas;RO1.1.1.9.00.0.0;1.1.1.9.00.0.0 - Outros Impostos;192217,29;22721
2023;Prefeitura Municipal de Terenos - MS;5008008;MS;DCA-Anexo I-C;Padrão;Outras Deduções da Receita;RO1.1.1.9.00.0.0;1.1.1.9.00.0.0 - Outros Impostos;4163,29;22721
2023;Prefeitura Municipal de Terenos - MS;5008008;MS;DCA-Anexo I-C;Padrão;Receitas Brutas Realizadas;RO1.1.2.0.00.0.0;1.1.2.0.00.0.0 - Taxas;541561,60;22721
2023;Prefeitura Municipal de Terenos - MS;5008008;MS;DCA-Anexo I-C;Padrão;Outras Deduções da Receita;RO1.1.2.0.00.0.0;1.1.2.0.00.0.0 - Taxas;15688,07;22721
2023;Prefeitura Municipal de Terenos - MS;5008008;MS;DCA-Anexo I-C;Padrão;Receitas Brutas Realizadas;RO1.1.2.1.00.0.0;1.1.2.1.00.0.0 - Taxas pelo Exercício do Poder de Polícia;230235,71;22721
2023;Prefeitura Municipal de Terenos - MS;5008008;MS;DCA-Anexo I-C;Padrão;Outras Deduções da Receita;RO1.1.2.1.00.0.0;1.1.2.1.00.0.0 - Taxas pelo Exercício do Poder de Polícia;15268,47;22721
2023;Prefeitura Municipal de Terenos - MS;5008008;MS;DCA-Anexo I-C;Padrão;Receitas Brutas Realizadas;RO1.1.2.1.01.0.0;1.1.2.1.01.0.0 - Taxas de Inspeção, Controle e Fiscalização;230235,71;22721
2023;Prefeitura Municipal de Terenos - MS;5008008;MS;DCA-Anexo I-C;Padrão;Outras Deduções da Receita;RO1.1.2.1.01.0.0;1.1.2.1.01.0.0 - Taxas de Inspeção, Controle e Fiscalização;15268,47;22721
2023;Prefeitura Municipal de Terenos - MS;5008008;MS;DCA-Anexo I-C;Padrão;Receitas Brutas Realizadas;RO1.1.2.2.00.0.0;1.1.2.2.00.0.0 - Taxas pela Prestação de Serviços;311325,89;22721
2023;Prefeitura Municipal de Terenos - MS;5008008;MS;DCA-Anexo I-C;Padrão;Outras Deduções da Receita;RO1.1.2.2.00.0.0;1.1.2.2.00.0.0 - Taxas pela Prestação de Serviços;419,60;22721
2023;Prefeitura Municipal de Terenos - MS;5008008;MS;DCA-Anexo I-C;Padrão;Receitas Brutas Realizadas;RO1.1.2.2.01.0.0;1.1.2.2.01.0.0 - Taxas pela Prestação de Serviços em Geral;311325,89;22721
2023;Prefeitura Municipal de Terenos - MS;5008008;MS;DCA-Anexo I-C;Padrão;Outras Deduções da Receita;RO1.1.2.2.01.0.0;1.1.2.2.01.0.0 - Taxas pela Prestação de Serviços em Geral;419,60;22721
2023;Prefeitura Municipal de Terenos - MS;5008008;MS;DCA-Anexo I-C;Padrão;Receitas Brutas Realizadas;RO1.2.0.0.00.0.0;1.2.0.0.00.0.0 - Contribuições;1365576,92;22721
2023;Prefeitura Municipal de Terenos - MS;5008008;MS;DCA-Anexo I-C;Padrão;Receitas Brutas Realizadas;RO1.2.4.0.00.0.0;1.2.4.0.00.0.0 - Contribuição para o Custeio do Serviço de Iluminação Pública;1365576,92;22721
2023;Prefeitura Municipal de Terenos - MS;5008008;MS;DCA-Anexo I-C;Padrão;Receitas Brutas Realizadas;RO1.3.0.0.00.0.0;1.3.0.0.00.0.0 - Receita Patrimonial;2495105,67;22721
2023;Prefeitura Municipal de Terenos - MS;5008008;MS;DCA-Anexo I-C;Padrão;Receitas Brutas Realizadas;RO1.3.1.0.00.0.0;1.3.1.0.00.0.0 - Exploração do Patrimônio Imobiliário do Estado;2910,00;22721
2023;Prefeitura Municipal de Terenos - MS;5008008;MS;DCA-Anexo I-C;Padrão;Receitas Brutas Realizadas;RO1.3.1.1.00.0.0;1.3.1.1.00.0.0 - Exploração do Patrimônio Imobiliário do Estado;2910,00;22721
2023;Prefeitura Municipal de Terenos - MS;5008008;MS;DCA-Anexo I-C;Padrão;Receitas Brutas Realizadas;RO1.3.1.1.01.0.0;1.3.1.1.01.0.0 - Aluguéis, Arrendamentos, Foros, Laudêmios, Tarifas de Ocupação;2910,00;22721
2023;Prefeitura Municipal de Terenos - MS;5008008;MS;DCA-Anexo I-C;Padrão;Receitas Brutas Realizadas;RO1.3.1.1.01.1.0;1.3.1.1.01.1.0 - Aluguéis e Arrendamentos;2910,00;22721
2023;Prefeitura Municipal de Terenos - MS;5008008;MS;DCA-Anexo I-C;Padrão;Receitas Brutas Realizadas;RO1.3.2.0.00.0.0;1.3.2.0.00.0.0 - Valores Mobiliários;1920573,67;22721
2023;Prefeitura Municipal de Terenos - MS;5008008;MS;DCA-Anexo I-C;Padrão;Receitas Brutas Realizadas;RO1.3.2.1.00.0.0;1.3.2.1.00.0.0 - Juros e Correções Monetárias;1920573,67;22721
2023;Prefeitura Municipal de Terenos - MS;5008008;MS;DCA-Anexo I-C;Padrão;Receitas Brutas Realizadas;RO1.3.2.1.01.0.0;1.3.2.1.01.0.0 - Remuneração de Depósitos Bancários;1920573,67;22721
2023;Prefeitura Municipal de Terenos - MS;5008008;MS;DCA-Anexo I-C;Padrão;Receitas Brutas Realizadas;RO1.3.6.0.00.0.0;1.3.6.0.00.0.0 - Cessão de Direitos;571622,00;22721
2023;Prefeitura Municipal de Terenos - MS;5008008;MS;DCA-Anexo I-C;Padrão;Receitas Brutas Realizadas;RO1.3.6.1.00.0.0;1.3.6.1.00.0.0 - Cessão de Direitos;571622,00;22721
2023;Prefeitura Municipal de Terenos - MS;5008008;MS;DCA-Anexo I-C;Padrão;Receitas Brutas Realizadas;RO1.3.6.1.01.0.0;1.3.6.1.01.0.0 - Cessão do Direito de Operacionalização de Pagamentos;571622,00;22721
2023;Prefeitura Municipal de Terenos - MS;5008008;MS;DCA-Anexo I-C;Padrão;Receitas Brutas Realizadas;RO1.3.6.1.01.1.0;1.3.6.1.01.1.0 - Cessão do Direito de Operacionalização de Pagamentos - Poderes Executivo e Legislativo;571622,00;22721
2023;Prefeitura Municipal de Terenos - MS;5008008;MS;DCA-Anexo I-C;Padrão;Receitas Brutas Realizadas;RO1.6.0.0.00.0.0;1.6.0.0.00.0.0 - Receita de Serviços;376372,56;22721
2023;Prefeitura Municipal de Terenos - MS;5008008;MS;DCA-Anexo I-C;Padrão;Receitas Brutas Realizadas;RO1.6.1.0.00.0.0;1.6.1.0.00.0.0 - Serviços Administrativos e Comerciais Gerais;376372,56;22721
2023;Prefeitura Municipal de Terenos - MS;5008008;MS;DCA-Anexo I-C;Padrão;Receitas Brutas Realizadas;RO1.6.1.1.00.0.0;1.6.1.1.00.0.0 - Serviços Administrativos e Comerciais Gerais;376372,56;22721
2023;Prefeitura Municipal de Terenos - MS;5008008;MS;DCA-Anexo I-C;Padrão;Receitas Brutas Realizadas;RO1.6.1.1.01.0.0;1.6.1.1.01.0.0 - Serviços Administrativos e Comerciais Gerais Prestados por Entidades e Órgãos Públicos em Geral;19072,56;22721
2023;Prefeitura Municipal de Terenos - MS;5008008;MS;DCA-Anexo I-C;Padrão;Receitas Brutas Realizadas;RO1.6.1.1.02.0.0;1.6.1.1.02.0.0 - Inscrição em Concursos e Processos Seletivos;357300,00;22721
2023;Prefeitura Municipal de Terenos - MS;5008008;MS;DCA-Anexo I-C;Padrão;Receitas Brutas Realizadas;RO1.7.0.0.00.0.0;1.7.0.0.00.0.0 - Transferências Correntes;102710183,72;22721
2023;Prefeitura Municipal de Terenos - MS;5008008;MS;DCA-Anexo I-C;Padrão;Deduções - FUNDEB;RO1.7.0.0.00.0.0;1.7.0.0.00.0.0 - Transferências Correntes;12739589,31;22721
2023;Prefeitura Municipal de Terenos - MS;5008008;MS;DCA-Anexo I-C;Padrão;Receitas Brutas Realizadas;RO1.7.1.0.00.0.0;1.7.1.0.00.0.0 - Transferências da União e de suas Entidades;43942100,85;22721
2023;Prefeitura Municipal de Terenos - MS;5008008;MS;DCA-Anexo I-C;Padrão;Deduções - FUNDEB;RO1.7.1.0.00.0.0;1.7.1.0.00.0.0 - Transferências da União e de suas Entidades;6745760,19;22721
2023;Prefeitura Municipal de Terenos - MS;5008008;MS;DCA-Anexo I-C;Padrão;Receitas Brutas Realizadas;RO1.7.1.1.00.0.0;1.7.1.1.00.0.0 - Transferências Decorrentes de Participação na Receita da União;35078818,07;22721
2023;Prefeitura Municipal de Terenos - MS;5008008;MS;DCA-Anexo I-C;Padrão;Deduções - FUNDEB;RO1.7.1.1.00.0.0;1.7.1.1.00.0.0 - Transferências Decorrentes de Participação na Receita da União;6745760,19;22721
2023;Prefeitura Municipal de Terenos - MS;5008008;MS;DCA-Anexo I-C;Padrão;Receitas Brutas Realizadas;RO1.7.1.1.51.0.0;1.7.1.1.51.0.0 -Cota-Parte do Fundo de Participação dos Municípios - FPM;31492913,36;22721
2023;Prefeitura Municipal de Terenos - MS;5008008;MS;DCA-Anexo I-C;Padrão;Deduções - FUNDEB;RO1.7.1.1.51.0.0;1.7.1.1.51.0.0 -Cota-Parte do Fundo de Participação dos Municípios - FPM;6028579,39;22721
2023;Prefeitura Municipal de Terenos - MS;5008008;MS;DCA-Anexo I-C;Padrão;Receitas Brutas Realizadas;RO1.7.1.1.51.1.0;1.7.1.1.51.1.0 - Cota-Parte do Fundo de Participação dos Municípios - Cota Mensal;28668975,81;22721
2023;Prefeitura Municipal de Terenos - MS;5008008;MS;DCA-Anexo I-C;Padrão;Deduções - FUNDEB;RO1.7.1.1.51.1.0;1.7.1.1.51.1.0 - Cota-Parte do Fundo de Participação dos Municípios - Cota Mensal;6028579,39;22721
2023;Prefeitura Municipal de Terenos - MS;5008008;MS;DCA-Anexo I-C;Padrão;Receitas Brutas Realizadas;RO1.7.1.1.51.2.0;1.7.1.1.51.2.0 - Cota-Parte do Fundo de Participação dos Municípios - Cotas Extraordinárias;2823937,55;22721
2023;Prefeitura Municipal de Terenos - MS;5008008;MS;DCA-Anexo I-C;Padrão;Receitas Brutas Realizadas;RO1.7.1.1.52.0.0;1.7.1.1.52.0.0 - Cota-Parte do Imposto Sobre a Propriedade Territorial Rural;3585904,71;22721
2023;Prefeitura Municipal de Terenos - MS;5008008;MS;DCA-Anexo I-C;Padrão;Deduções - FUNDEB;RO1.7.1.1.52.0.0;1.7.1.1.52.0.0 - Cota-Parte do Imposto Sobre a Propriedade Territorial Rural;717180,80;22721
2023;Prefeitura Municipal de Terenos - MS;5008008;MS;DCA-Anexo I-C;Padrão;Receitas Brutas Realizadas;RO1.7.1.2.00.0.0;1.7.1.2.00.0.0 -Transferências das Compensações Financeiras pela Exploração de Recursos Naturais;611923,68;22721
2023;Prefeitura Municipal de Terenos - MS;5008008;MS;DCA-Anexo I-C;Padrão;Receitas Brutas Realizadas;RO1.7.1.2.52.0.0;1.7.1.2.52.0.0 - Cota-parte da Compensação Financeira pela Produção de Petróleo;611923,68;22721
2023;Prefeitura Municipal de Terenos - MS;5008008;MS;DCA-Anexo I-C;Padrão;Receitas Brutas Realizadas;RO1.7.1.2.52.4.0;1.7.1.2.52.4.0 - Cota-Parte do Fundo Especial do Petróleo ¿ FEP;611923,68;22721
2023;Prefeitura Municipal de Terenos - MS;5008008;MS;DCA-Anexo I-C;Padrão;Receitas Brutas Realizadas;RO1.7.1.3.00.0.0;1.7.1.3.00.0.0 -Transferências de Recursos do Sistema Único de Saúde ¿ SUS ;5284401,44;22721
2023;Prefeitura Municipal de Terenos - MS;5008008;MS;DCA-Anexo I-C;Padrão;Receitas Brutas Realizadas;RO1.7.1.3.50.0.0;1.7.1.3.50.0.0 - Transferências de Recursos do Sistema Único de Saúde ¿ SUS ¿ Repasses Fundo a Fundo - Bloco de Manutenção das Ações e Serviços Públicos de Saúde;5052818,77;22721
2023;Prefeitura Municipal de Terenos - MS;5008008;MS;DCA-Anexo I-C;Padrão;Receitas Brutas Realizadas;RO1.7.1.3.50.1.0;1.7.1.3.50.1.0 - Transferências de Recursos do Bloco de Manutenção das Ações e Serviços Públicos de Saúde ¿ Atenção Primária;3948005,15;22721
2023;Prefeitura Municipal de Terenos - MS;5008008;MS;DCA-Anexo I-C;Padrão;Receitas Brutas Realizadas;RO1.7.1.3.50.2.0;1.7.1.3.50.2.0 - Transferências de Recursos do Bloco de Manutenção das Ações e Serviços Públicos de Saúde ¿ Atenção Especializada;675223,74;22721
2023;Prefeitura Municipal de Terenos - MS;5008008;MS;DCA-Anexo I-C;Padrão;Receitas Brutas Realizadas;RO1.7.1.3.50.3.0;1.7.1.3.50.3.0 - Transferências de Recursos do Bloco de Manutenção das Ações e Serviços Públicos de Saúde ¿ Vigilância em Saúde;310656,34;22721
2023;Prefeitura Municipal de Terenos - MS;5008008;MS;DCA-Anexo I-C;Padrão;Receitas Brutas Realizadas;RO1.7.1.3.50.4.0;1.7.1.3.50.4.0 -Transferências de Recursos do Bloco de Manutenção das Ações e Serviços Públicos de Saúde ¿ Assistência Farmacêutica;118933,54;22721
2023;Prefeitura Municipal de Terenos - MS;5008008;MS;DCA-Anexo I-C;Padrão;Receitas Brutas Realizadas;RO1.7.1.3.99.0.0;1.7.1.3.99.0.0 - Outras Transferências de Recursos do Sistema Único de Saúde - SUS;231582,67;22721
2023;Prefeitura Municipal de Terenos - MS;5008008;MS;DCA-Anexo I-C;Padrão;Receitas Brutas Realizadas;RO1.7.1.4.00.0.0;1.7.1.4.00.0.0 -Transferências de Recursos do Fundo Nacional do Desenvolvimento da Educação ¿ FNDE¿ ;1284919,85;22721
2023;Prefeitura Municipal de Terenos - MS;5008008;MS;DCA-Anexo I-C;Padrão;Receitas Brutas Realizadas;RO1.7.1.4.50.0.0;1.7.1.4.50.0.0 - Transferências do Salário-Educação;622585,42;22721
2023;Prefeitura Municipal de Terenos - MS;5008008;MS;DCA-Anexo I-C;Padrão;Receitas Brutas Realizadas;RO1.7.1.4.52.0.0;1.7.1.4.52.0.0 - Transferências referentes ao Programa Nacional de Alimentação Escolar ¿ PNAE;388515,60;22721
2023;Prefeitura Municipal de Terenos - MS;5008008;MS;DCA-Anexo I-C;Padrão;Receitas Brutas Realizadas;RO1.7.1.4.53.0.0;1.7.1.4.53.0.0 - Transferências referentes ao Programa Nacional de Apoio ao Transporte do Escolar ¿ PNATE;273818,83;22721
2023;Prefeitura Municipal de Terenos - MS;5008008;MS;DCA-Anexo I-C;Padrão;Receitas Brutas Realizadas;RO1.7.1.6.00.0.0;1.7.1.6.00.0.0 - Transferências de Recursos do Fundo Nacional de Assistência Social ¿ FNAS;501585,68;22721
2023;Prefeitura Municipal de Terenos - MS;5008008;MS;DCA-Anexo I-C;Padrão;Receitas Brutas Realizadas;RO1.7.1.9.00.0.0;1.7.1.9.00.0.0 - Outras Transferências de Recursos da União e de suas Entidades;1180452,13;22721
2023;Prefeitura Municipal de Terenos - MS;5008008;MS;DCA-Anexo I-C;Padrão;Receitas Brutas Realizadas;RO1.7.1.9.58.0.0;1.7.1.9.58.0.0 - Transferência Obrigatória Decorrente da Lei Complementar nº 176/2020;246275,88;22721
2023;Prefeitura Municipal de Terenos - MS;5008008;MS;DCA-Anexo I-C;Padrão;Receitas Brutas Realizadas;RO1.7.1.9.61.0.0;1.7.1.9.61.0.0 - Auxílio Financeiro - Outorga Crédito Tributário ICMS - Art. 5º, Inciso V, EC nº 123/2022;11538,89;22721
2023;Prefeitura Municipal de Terenos - MS;5008008;MS;DCA-Anexo I-C;Padrão;Receitas Brutas Realizadas;RO1.7.1.9.99.0.0;1.7.1.9.99.0.0 - Outras Transferências de Recursos da União e de suas Entidades;922637,36;22721
2023;Prefeitura Municipal de Terenos - MS;5008008;MS;DCA-Anexo I-C;Padrão;Receitas Brutas Realizadas;RO1.7.2.0.00.0.0;1.7.2.0.00.0.0 - Transferências dos Estados e do Distrito Federal e de suas Entidades;40048581,57;22721
2023;Prefeitura Municipal de Terenos - MS;5008008;MS;DCA-Anexo I-C;Padrão;Deduções - FUNDEB;RO1.7.2.0.00.0.0;1.7.2.0.00.0.0 - Transferências dos Estados e do Distrito Federal e de suas Entidades;5993829,12;22721
2023;Prefeitura Municipal de Terenos - MS;5008008;MS;DCA-Anexo I-C;Padrão;Receitas Brutas Realizadas;RO1.7.2.1.00.0.0;1.7.2.1.00.0.0 - Participação na Receita dos Estados e Distrito Federal;31452481,83;22721
2023;Prefeitura Municipal de Terenos - MS;5008008;MS;DCA-Anexo I-C;Padrão;Deduções - FUNDEB;RO1.7.2.1.00.0.0;1.7.2.1.00.0.0 - Participação na Receita dos Estados e Distrito Federal;5993829,12;22721
2023;Prefeitura Municipal de Terenos - MS;5008008;MS;DCA-Anexo I-C;Padrão;Receitas Brutas Realizadas;RO1.7.2.1.50.0.0;1.7.2.1.50.0.0 - Cota-Parte do ICMS;29299354,22;22721
2023;Prefeitura Municipal de Terenos - MS;5008008;MS;DCA-Anexo I-C;Padrão;Deduções - FUNDEB;RO1.7.2.1.50.0.0;1.7.2.1.50.0.0 - Cota-Parte do ICMS;5565086,13;22721
2023;Prefeitura Municipal de Terenos - MS;5008008;MS;DCA-Anexo I-C;Padrão;Receitas Brutas Realizadas;RO1.7.2.1.51.0.0;1.7.2.1.51.0.0 - Cota-Parte do IPVA;1955707,42;22721
2023;Prefeitura Municipal de Terenos - MS;5008008;MS;DCA-Anexo I-C;Padrão;Deduções - FUNDEB;RO1.7.2.1.51.0.0;1.7.2.1.51.0.0 - Cota-Parte do IPVA;391141,48;22721
2023;Prefeitura Municipal de Terenos - MS;5008008;MS;DCA-Anexo I-C;Padrão;Receitas Brutas Realizadas;RO1.7.2.1.52.0.0;1.7.2.1.52.0.0 - Cota-Parte do IPI - Municípios;188007,49;22721
2023;Prefeitura Municipal de Terenos - MS;5008008;MS;DCA-Anexo I-C;Padrão;Deduções - FUNDEB;RO1.7.2.1.52.0.0;1.7.2.1.52.0.0 - Cota-Parte do IPI - Municípios;37601,51;22721
2023;Prefeitura Municipal de Terenos - MS;5008008;MS;DCA-Anexo I-C;Padrão;Receitas Brutas Realizadas;RO1.7.2.1.53.0.0;1.7.2.1.53.0.0 - Cota-Parte da Contribuição de Intervenção no Domínio Econômico;9412,70;22721
2023;Prefeitura Municipal de Terenos - MS;5008008;MS;DCA-Anexo I-C;Padrão;Receitas Brutas Realizadas;RO1.7.2.2.00.0.0;1.7.2.2.00.0.0 - Transferências das Compensações Financeiras pela Exploração de Recursos Naturais;598262,17;22721
2023;Prefeitura Municipal de Terenos - MS;5008008;MS;DCA-Anexo I-C;Padrão;Receitas Brutas Realizadas;RO1.7.2.2.51.0.0;1.7.2.2.51.0.0 - Cota-parte da Compensação Financeira de Recursos Minerais - CFEM;598262,17;22721
2023;Prefeitura Municipal de Terenos - MS;5008008;MS;DCA-Anexo I-C;Padrão;Receitas Brutas Realizadas;RO1.7.2.3.00.0.0;1.7.2.3.00.0.0 - Transferências de Recursos do Sistema Único de Saúde ¿ SUS;1587252,39;22721
2023;Prefeitura Municipal de Terenos - MS;5008008;MS;DCA-Anexo I-C;Padrão;Receitas Brutas Realizadas;RO1.7.2.4.00.0.0;1.7.2.4.00.0.0 - Transferências de Convênios dos Estados e DF e de Suas Entidades;845466,36;22721
2023;Prefeitura Municipal de Terenos - MS;5008008;MS;DCA-Anexo I-C;Padrão;Receitas Brutas Realizadas;RO1.7.2.4.51.0.0;1.7.2.4.51.0.0 -Transferências de Convênios dos Estados Destinadas a Programas de Educação;845466,36;22721
2023;Prefeitura Municipal de Terenos - MS;5008008;MS;DCA-Anexo I-C;Padrão;Receitas Brutas Realizadas;RO1.7.2.9.00.0.0;1.7.2.9.00.0.0 - Outras Transferências dos Estados e Distrito Federal;5565118,82;22721
2023;Prefeitura Municipal de Terenos - MS;5008008;MS;DCA-Anexo I-C;Padrão;Receitas Brutas Realizadas;RO1.7.2.9.51.0.0;1.7.2.9.51.0.0 - Transferências de Estados destinadas à Assistência Social;133200,00;22721
2023;Prefeitura Municipal de Terenos - MS;5008008;MS;DCA-Anexo I-C;Padrão;Receitas Brutas Realizadas;RO1.7.2.9.52.0.0;1.7.2.9.52.0.0 - Transferências de Recursos Destinados a Programas de Educação;20000,00;22721
2023;Prefeitura Municipal de Terenos - MS;5008008;MS;DCA-Anexo I-C;Padrão;Receitas Brutas Realizadas;RO1.7.2.9.99.0.0;1.7.2.9.99.0.0 - Outras Transferências dos Estados e DF;5411918,82;22721
2023;Prefeitura Municipal de Terenos - MS;5008008;MS;DCA-Anexo I-C;Padrão;Receitas Brutas Realizadas;RO1.7.5.0.00.0.0;1.7.5.0.00.0.0 - Transferências de Outras Instituições Públicas;18719501,30;22721
2023;Prefeitura Municipal de Terenos - MS;5008008;MS;DCA-Anexo I-C;Padrão;Receitas Brutas Realizadas;RO1.7.5.1.00.0.0;1.7.5.1.00.0.0 - Transferências de Recursos do Fundo de Manutenção e Desenvolvimento da Educação Básica e de Valorização dos Profissionais da Educação - FUNDEB;18711134,17;22721
2023;Prefeitura Municipal de Terenos - MS;5008008;MS;DCA-Anexo I-C;Padrão;Receitas Brutas Realizadas;RO1.7.5.9.00.0.0;1.7.5.9.00.0.0 - Demais Transferências de Outras Instituições Públicas;8367,13;22721
2023;Prefeitura Municipal de Terenos - MS;5008008;MS;DCA-Anexo I-C;Padrão;Receitas Brutas Realizadas;RO1.9.0.0.00.0.0;1.9.0.0.00.0.0 - Outras Receitas Correntes;177195,78;22721
2023;Prefeitura Municipal de Terenos - MS;5008008;MS;DCA-Anexo I-C;Padrão;Receitas Brutas Realizadas;RO1.9.1.0.00.0.0;1.9.1.0.00.0.0 - Multas Administrativas, Contratuais e Judiciais;2591,83;22721
2023;Prefeitura Municipal de Terenos - MS;5008008;MS;DCA-Anexo I-C;Padrão;Receitas Brutas Realizadas;RO1.9.1.1.00.0.0;1.9.1.1.00.0.0 - Multas Administrativas, Contratuais e Judiciais;2591,83;22721
2023;Prefeitura Municipal de Terenos - MS;5008008;MS;DCA-Anexo I-C;Padrão;Receitas Brutas Realizadas;RO1.9.1.1.01.0.0;1.9.1.1.01.0.0 - Multas Previstas em Legislação Específica;2591,83;22721
2023;Prefeitura Municipal de Terenos - MS;5008008;MS;DCA-Anexo I-C;Padrão;Receitas Brutas Realizadas;RO1.9.2.0.00.0.0;1.9.2.0.00.0.0 - Indenizações, Restituições e Ressarcimentos;172543,15;22721
2023;Prefeitura Municipal de Terenos - MS;5008008;MS;DCA-Anexo I-C;Padrão;Receitas Brutas Realizadas;RO1.9.2.1.00.0.0;1.9.2.1.00.0.0 - Indenizações;121038,15;22721
2023;Prefeitura Municipal de Terenos - MS;5008008;MS;DCA-Anexo I-C;Padrão;Receitas Brutas Realizadas;RO1.9.2.1.99.0.0;1.9.2.1.99.0.0 - Outras Indenizações;121038,15;22721
2023;Prefeitura Municipal de Terenos - MS;5008008;MS;DCA-Anexo I-C;Padrão;Receitas Brutas Realizadas;RO1.9.2.2.00.0.0;1.9.2.2.00.0.0 - Restituições;51505,00;22721
2023;Prefeitura Municipal de Terenos - MS;5008008;MS;DCA-Anexo I-C;Padrão;Receitas Brutas Realizadas;RO1.9.2.2.99.0.0;1.9.2.2.99.0.0 - Outras Restituições;51505,00;22721
2023;Prefeitura Municipal de Terenos - MS;5008008;MS;DCA-Anexo I-C;Padrão;Receitas Brutas Realizadas;RO1.9.9.0.00.0.0;1.9.9.0.00.0.0 - Demais Receitas Correntes;2060,80;22721
2023;Prefeitura Municipal de Terenos - MS;5008008;MS;DCA-Anexo I-C;Padrão;Receitas Brutas Realizadas;RO1.9.9.9.00.0.0;1.9.9.9.00.0.0 - Outras Receitas Correntes;2060,80;22721
2023;Prefeitura Municipal de Terenos - MS;5008008;MS;DCA-Anexo I-C;Padrão;Receitas Brutas Realizadas;RO1.9.9.9.99.0.0;1.9.9.9.99.0.0 - Outras Receitas;2060,80;22721
2023;Prefeitura Municipal de Terenos - MS;5008008;MS;DCA-Anexo I-C;Padrão;Receitas Brutas Realizadas;RO1.9.9.9.99.1.0;1.9.9.9.99.1.0 - Outras Receitas Administradas pela RFB;2060,80;22721
2023;Prefeitura Municipal de Terenos - MS;5008008;MS;DCA-Anexo I-C;Padrão;Receitas Brutas Realizadas;RO2.0.0.0.00.0.0;2.0.0.0.00.0.0 - Receitas de Capital;2959210,00;22721
2023;Prefeitura Municipal de Terenos - MS;5008008;MS;DCA-Anexo I-C;Padrão;Receitas Brutas Realizadas;RO2.1.0.0.00.0.0;2.1.0.0.00.0.0 - Operações de Crédito;555378,00;22721
2023;Prefeitura Municipal de Terenos - MS;5008008;MS;DCA-Anexo I-C;Padrão;Receitas Brutas Realizadas;RO2.1.1.0.00.0.0;2.1.1.0.00.0.0 - Operações de Crédito - Mercado Interno;555378,00;22721
2023;Prefeitura Municipal de Terenos - MS;5008008;MS;DCA-Anexo I-C;Padrão;Receitas Brutas Realizadas;RO2.1.1.2.00.0.0;2.1.1.2.00.0.0 - Operações de Crédito Contratuais - Mercado Interno;555378,00;22721
2023;Prefeitura Municipal de Terenos - MS;5008008;MS;DCA-Anexo I-C;Padrão;Receitas Brutas Realizadas;RO2.1.1.2.50.0.0;2.1.1.2.50.0.0 - Operações de Crédito Internas para Programas de Educação;485000,00;22721
2023;Prefeitura Municipal de Terenos - MS;5008008;MS;DCA-Anexo I-C;Padrão;Receitas Brutas Realizadas;RO2.1.1.2.54.0.0;2.1.1.2.54.0.0 - Operações de Crédito Internas para Programas de Modernização da Administração Pública;70378,00;22721
2023;Prefeitura Municipal de Terenos - MS;5008008;MS;DCA-Anexo I-C;Padrão;Receitas Brutas Realizadas;RO2.2.0.0.00.0.0;2.2.0.0.00.0.0 - Alienação de Bens;753840,00;22721
2023;Prefeitura Municipal de Terenos - MS;5008008;MS;DCA-Anexo I-C;Padrão;Receitas Brutas Realizadas;RO2.2.1.0.00.0.0;2.2.1.0.00.0.0 - Alienação de Bens Móveis;753840,00;22721
2023;Prefeitura Municipal de Terenos - MS;5008008;MS;DCA-Anexo I-C;Padrão;Receitas Brutas Realizadas;RO2.2.1.3.00.0.0;2.2.1.3.00.0.0 - Alienação de Bens Móveis e Semoventes;753840,00;22721
2023;Prefeitura Municipal de Terenos - MS;5008008;MS;DCA-Anexo I-C;Padrão;Receitas Brutas Realizadas;RO2.4.0.0.00.0.0;2.4.0.0.00.0.0 - Transferências de Capital;1649992,00;22721
2023;Prefeitura Municipal de Terenos - MS;5008008;MS;DCA-Anexo I-C;Padrão;Receitas Brutas Realizadas;RO2.4.1.0.00.0.0;2.4.1.0.00.0.0 - Transferências da União e de suas Entidades;1149992,00;22721
2023;Prefeitura Municipal de Terenos - MS;5008008;MS;DCA-Anexo I-C;Padrão;Receitas Brutas Realizadas;RO2.4.1.1.00.0.0;2.4.1.1.00.0.0 - Transferências de Recursos do Sistema Único de Saúde - SUS;999992,00;22721
2023;Prefeitura Municipal de Terenos - MS;5008008;MS;DCA-Anexo I-C;Padrão;Receitas Brutas Realizadas;RO2.4.1.1.50.0.0;2.4.1.1.50.0.0 - Transferências de Recursos do Sistema Único de Saúde ¿ SUS ¿ Fundo a Fundo - Bloco de Manutenção das Ações e Serviços Públicos de Saúde;999992,00;22721
2023;Prefeitura Municipal de Terenos - MS;5008008;MS;DCA-Anexo I-C;Padrão;Receitas Brutas Realizadas;RO2.4.1.1.50.1.0;2.4.1.1.50.1.0 - Transferências de Recursos do Bloco de Manutenção das Ações e Serviços Públicos de Saúde ¿ Atenção Primária;999992,00;22721
2023;Prefeitura Municipal de Terenos - MS;5008008;MS;DCA-Anexo I-C;Padrão;Receitas Brutas Realizadas;RO2.4.1.3.00.0.0;2.4.1.3.00.0.0 - Transferências de Recursos do Fundo Nacional de Assistência Social ¿ FNAS ;150000,00;22721
2023;Prefeitura Municipal de Terenos - MS;5008008;MS;DCA-Anexo I-C;Padrão;Receitas Brutas Realizadas;RO2.4.1.3.50.0.0;2.4.1.3.50.0.0 - Transferências de Recursos do Fundo Nacional de Assistência Social ¿ FNAS;150000,00;22721
2023;Prefeitura Municipal de Terenos - MS;5008008;MS;DCA-Anexo I-C;Padrão;Receitas Brutas Realizadas;RO2.4.2.0.00.0.0;2.4.2.0.00.0.0 - Transferências dos Estados e do Distrito Federal e de suas Entidades;500000,00;22721
2023;Prefeitura Municipal de Terenos - MS;5008008;MS;DCA-Anexo I-C;Padrão;Receitas Brutas Realizadas;RO2.4.2.2.00.0.0;2.4.2.2.00.0.0 - Transferências de Convênios dos Estados e DF e de Suas Entidades ;500000,00;22721
2023;Prefeitura Municipal de Terenos - MS;5008008;MS;DCA-Anexo I-C;Padrão;Receitas Brutas Realizadas;RO2.4.2.2.51.0.0;2.4.2.2.51.0.0 - Transferências de Convênios dos Estados destinadas a Programas de Educação;500000,00;22721
2023;Prefeitura Municipal de Terenos - MS;5008008;MS;DCA-Anexo I-C;Padrão;Receitas Brutas Realizadas;ReceitasIntraOrcamentarias;RECEITAS (INTRA-ORÇAMENTÁRIAS) (II);8998710,98;22721
2023;Prefeitura Municipal de Terenos - MS;5008008;MS;DCA-Anexo I-C;Padrão;Receitas Brutas Realizadas;RI7.0.0.0.00.0.0;7.0.0.0.00.0.0 - Receitas Correntes;8998710,98;22721
2023;Prefeitura Municipal de Terenos - MS;5008008;MS;DCA-Anexo I-C;Padrão;Receitas Brutas Realizadas;RI7.2.0.0.00.0.0;7.2.0.0.00.0.0 - Contribuições;8998710,98;22721
2023;Prefeitura Municipal de Terenos - MS;5008008;MS;DCA-Anexo I-C;Padrão;Receitas Brutas Realizadas;RI7.2.1.0.00.0.0;7.2.1.0.00.0.0 - Contribuições Sociais;8998710,98;22721
2023;Prefeitura Municipal de Terenos - MS;5008008;MS;DCA-Anexo I-C;Padrão;Receitas Brutas Realizadas;RI7.2.1.5.00.0.0;7.2.1.5.00.0.0 - Contribuições para Regimes Próprios de Previdência e Sistema de Proteção Social;8998710,98;22721
2023;Prefeitura Municipal de Terenos - MS;5008008;MS;DCA-Anexo I-C;Padrão;Receitas Brutas Realizadas;RI7.2.1.5.01.0.0;7.2.1.5.01.0.0 - Contribuição do Servidor Civil;2638914,19;22721
2023;Prefeitura Municipal de Terenos - MS;5008008;MS;DCA-Anexo I-C;Padrão;Receitas Brutas Realizadas;RI7.2.1.5.02.0.0;7.2.1.5.02.0.0 - Contribuição Patronal - Servidor Civil;6197339,32;22721
2023;Prefeitura Municipal de Terenos - MS;5008008;MS;DCA-Anexo I-C;Padrão;Receitas Brutas Realizadas;RI7.2.1.5.02.1.0;7.2.1.5.02.1.0 - Contribuição Patronal - Servidor Civil Ativo;6197339,32;22721
2023;Prefeitura Municipal de Terenos - MS;5008008;MS;DCA-Anexo I-C;Padrão;Receitas Brutas Realizadas;RI7.2.1.5.03.0.0;7.2.1.5.03.0.0 - Contribuição do Servidor Civil - Parcelamentos;162457,47;22721
2023;Prefeitura Municipal de Terenos - MS;5008008;MS;DCA-Anexo I-C;Padrão;Receitas Brutas Realizadas;TotalReceitas;TOTAL DAS RECEITAS (III) = (I + II);136068047,00;22721
2023;Prefeitura Municipal de Terenos - MS;5008008;MS;DCA-Anexo I-C;Padrão;Deduções - FUNDEB;TotalReceitas;TOTAL DAS RECEITAS (III) = (I + II);12739589,31;22721
2023;Prefeitura Municipal de Terenos - MS;5008008;MS;DCA-Anexo I-C;Padrão;Outras Deduções da Receita;TotalReceitas;TOTAL DAS RECEITAS (III) = (I + II);1436572,27;22721
2024;Prefeitura Municipal de Terenos - MS;5008008;MS;DCA-Anexo I-C;Padrão;Receitas Brutas Realizadas;ReceitasExcetoIntraOrcamentarias;RECEITAS (EXCETO INTRA-ORÇAMENTÁRIAS) (I);154072653,89;17342
2024;Prefeitura Municipal de Terenos - MS;5008008;MS;DCA-Anexo I-C;Padrão;Deduções - FUNDEB;ReceitasExcetoIntraOrcamentarias;RECEITAS (EXCETO INTRA-ORÇAMENTÁRIAS) (I);15343081,64;17342
2024;Prefeitura Municipal de Terenos - MS;5008008;MS;DCA-Anexo I-C;Padrão;Outras Deduções da Receita;ReceitasExcetoIntraOrcamentarias;RECEITAS (EXCETO INTRA-ORÇAMENTÁRIAS) (I);1574712,18;17342
2024;Prefeitura Municipal de Terenos - MS;5008008;MS;DCA-Anexo I-C;Padrão;Receitas Brutas Realizadas;RO1.0.0.0.00.0.0;1.0.0.0.00.0.0 - Receitas Correntes;149158696,58;17342
2024;Prefeitura Municipal de Terenos - MS;5008008;MS;DCA-Anexo I-C;Padrão;Deduções - FUNDEB;RO1.0.0.0.00.0.0;1.0.0.0.00.0.0 - Receitas Correntes;15343081,64;17342
2024;Prefeitura Municipal de Terenos - MS;5008008;MS;DCA-Anexo I-C;Padrão;Outras Deduções da Receita;RO1.0.0.0.00.0.0;1.0.0.0.00.0.0 - Receitas Correntes;1574712,18;17342
2024;Prefeitura Municipal de Terenos - MS;5008008;MS;DCA-Anexo I-C;Padrão;Receitas Brutas Realizadas;RO1.1.0.0.00.0.0;1.1.0.0.00.0.0 - Impostos, Taxas e Contribuições de Melhoria;21205124,85;17342
2024;Prefeitura Municipal de Terenos - MS;5008008;MS;DCA-Anexo I-C;Padrão;Outras Deduções da Receita;RO1.1.0.0.00.0.0;1.1.0.0.00.0.0 - Impostos, Taxas e Contribuições de Melhoria;1574712,18;17342
2024;Prefeitura Municipal de Terenos - MS;5008008;MS;DCA-Anexo I-C;Padrão;Receitas Brutas Realizadas;RO1.1.1.0.00.0.0;1.1.1.0.00.0.0 - Impostos;18577182,74;17342
2024;Prefeitura Municipal de Terenos - MS;5008008;MS;DCA-Anexo I-C;Padrão;Outras Deduções da Receita;RO1.1.1.0.00.0.0;1.1.1.0.00.0.0 - Impostos;1572687,46;17342
2024;Prefeitura Municipal de Terenos - MS;5008008;MS;DCA-Anexo I-C;Padrão;Receitas Brutas Realizadas;RO1.1.1.2.00.0.0;1.1.1.2.00.0.0 - Impostos sobre o Patrimônio;10543128,56;17342
2024;Prefeitura Municipal de Terenos - MS;5008008;MS;DCA-Anexo I-C;Padrão;Outras Deduções da Receita;RO1.1.1.2.00.0.0;1.1.1.2.00.0.0 - Impostos sobre o Patrimônio;575476,55;17342
2024;Prefeitura Municipal de Terenos - MS;5008008;MS;DCA-Anexo I-C;Padrão;Receitas Brutas Realizadas;RO1.1.1.2.50.0.0;1.1.1.2.50.0.0 - Imposto sobre a Propriedade Predial e Territorial Urbana;4285916,26;17342
2024;Prefeitura Municipal de Terenos - MS;5008008;MS;DCA-Anexo I-C;Padrão;Outras Deduções da Receita;RO1.1.1.2.50.0.0;1.1.1.2.50.0.0 - Imposto sobre a Propriedade Predial e Territorial Urbana;575476,55;17342
2024;Prefeitura Municipal de Terenos - MS;5008008;MS;DCA-Anexo I-C;Padrão;Receitas Brutas Realizadas;RO1.1.1.2.53.0.0;"1.1.1.2.53.0.0 - Impostos sobre Transmissão ""Inter Vivos"" de Bens Imóveis e de Direitos Reais sobre Imóveis";6257212,30;17342
2024;Prefeitura Municipal de Terenos - MS;5008008;MS;DCA-Anexo I-C;Padrão;Receitas Brutas Realizadas;RO1.1.1.3.00.0.0;1.1.1.3.00.0.0 - Impostos sobre a Renda e Proventos de Qualquer Natureza;3739825,46;17342
2024;Prefeitura Municipal de Terenos - MS;5008008;MS;DCA-Anexo I-C;Padrão;Receitas Brutas Realizadas;RO1.1.1.3.03.0.0;1.1.1.3.03.0.0 - Imposto sobre a Renda - Retido na Fonte;3739825,46;17342
2024;Prefeitura Municipal de Terenos - MS;5008008;MS;DCA-Anexo I-C;Padrão;Receitas Brutas Realizadas;RO1.1.1.3.03.1.0;1.1.1.3.03.1.0 - Imposto sobre a Renda - Retido na Fonte - Trabalho;3431379,11;17342
2024;Prefeitura Municipal de Terenos - MS;5008008;MS;DCA-Anexo I-C;Padrão;Receitas Brutas Realizadas;RO1.1.1.3.03.4.0;1.1.1.3.03.4.0 - Imposto sobre a Renda - Retido na Fonte - Outros Rendimentos;308446,35;17342
2024;Prefeitura Municipal de Terenos - MS;5008008;MS;DCA-Anexo I-C;Padrão;Receitas Brutas Realizadas;RO1.1.1.4.00.0.0;1.1.1.4.00.0.0 - Impostos sobre a Produção e Circulação de Mercadorias e Serviços;4123065,70;17342
2024;Prefeitura Municipal de Terenos - MS;5008008;MS;DCA-Anexo I-C;Padrão;Outras Deduções da Receita;RO1.1.1.4.00.0.0;1.1.1.4.00.0.0 - Impostos sobre a Produção e Circulação de Mercadorias e Serviços;997210,91;17342
2024;Prefeitura Municipal de Terenos - MS;5008008;MS;DCA-Anexo I-C;Padrão;Receitas Brutas Realizadas;RO1.1.1.4.51.0.0;1.1.1.4.51.0.0 - Impostos sobre Serviços;4123065,70;17342
2024;Prefeitura Municipal de Terenos - MS;5008008;MS;DCA-Anexo I-C;Padrão;Outras Deduções da Receita;RO1.1.1.4.51.0.0;1.1.1.4.51.0.0 - Impostos sobre Serviços;997210,91;17342
2024;Prefeitura Municipal de Terenos - MS;5008008;MS;DCA-Anexo I-C;Padrão;Receitas Brutas Realizadas;RO1.1.1.4.51.1.0;1.1.1.4.51.1.0 - Imposto sobre Serviços de Qualquer Natureza - ISSQN;4123065,70;17342
2024;Prefeitura Municipal de Terenos - MS;5008008;MS;DCA-Anexo I-C;Padrão;Outras Deduções da Receita;RO1.1.1.4.51.1.0;1.1.1.4.51.1.0 - Imposto sobre Serviços de Qualquer Natureza - ISSQN;997210,91;17342
2024;Prefeitura Municipal de Terenos - MS;5008008;MS;DCA-Anexo I-C;Padrão;Receitas Brutas Realizadas;RO1.1.1.9.00.0.0;1.1.1.9.00.0.0 - Outros Impostos;171163,02;17342
2024;Prefeitura Municipal de Terenos - MS;5008008;MS;DCA-Anexo I-C;Padrão;Receitas Brutas Realizadas;RO1.1.2.0.00.0.0;1.1.2.0.00.0.0 - Taxas;2627942,11;17342
2024;Prefeitura Municipal de Terenos - MS;5008008;MS;DCA-Anexo I-C;Padrão;Outras Deduções da Receita;RO1.1.2.0.00.0.0;1.1.2.0.00.0.0 - Taxas;2024,72;17342
2024;Prefeitura Municipal de Terenos - MS;5008008;MS;DCA-Anexo I-C;Padrão;Receitas Brutas Realizadas;RO1.1.2.1.00.0.0;1.1.2.1.00.0.0 - Taxas pelo Exercício do Poder de Polícia;183786,74;17342
2024;Prefeitura Municipal de Terenos - MS;5008008;MS;DCA-Anexo I-C;Padrão;Outras Deduções da Receita;RO1.1.2.1.00.0.0;1.1.2.1.00.0.0 - Taxas pelo Exercício do Poder de Polícia;1912,70;17342
2024;Prefeitura Municipal de Terenos - MS;5008008;MS;DCA-Anexo I-C;Padrão;Receitas Brutas Realizadas;RO1.1.2.1.01.0.0;1.1.2.1.01.0.0 - Taxas de Inspeção, Controle e Fiscalização;183786,74;17342
2024;Prefeitura Municipal de Terenos - MS;5008008;MS;DCA-Anexo I-C;Padrão;Outras Deduções da Receita;RO1.1.2.1.01.0.0;1.1.2.1.01.0.0 - Taxas de Inspeção, Controle e Fiscalização;1912,70;17342
2024;Prefeitura Municipal de Terenos - MS;5008008;MS;DCA-Anexo I-C;Padrão;Receitas Brutas Realizadas;RO1.1.2.2.00.0.0;1.1.2.2.00.0.0 - Taxas pela Prestação de Serviços;2444155,37;17342
2024;Prefeitura Municipal de Terenos - MS;5008008;MS;DCA-Anexo I-C;Padrão;Outras Deduções da Receita;RO1.1.2.2.00.0.0;1.1.2.2.00.0.0 - Taxas pela Prestação de Serviços;112,02;17342
2024;Prefeitura Municipal de Terenos - MS;5008008;MS;DCA-Anexo I-C;Padrão;Receitas Brutas Realizadas;RO1.1.2.2.01.0.0;1.1.2.2.01.0.0 - Taxas pela Prestação de Serviços em Geral;2444155,37;17342
2024;Prefeitura Municipal de Terenos - MS;5008008;MS;DCA-Anexo I-C;Padrão;Outras Deduções da Receita;RO1.1.2.2.01.0.0;1.1.2.2.01.0.0 - Taxas pela Prestação de Serviços em Geral;112,02;17342
2024;Prefeitura Municipal de Terenos - MS;5008008;MS;DCA-Anexo I-C;Padrão;Receitas Brutas Realizadas;RO1.2.0.0.00.0.0;1.2.0.0.00.0.0 - Contribuições;4704577,15;17342
2024;Prefeitura Municipal de Terenos - MS;5008008;MS;DCA-Anexo I-C;Padrão;Receitas Brutas Realizadas;RO1.2.1.0.00.0.0;1.2.1.0.00.0.0 - Contribuições Sociais;2855752,16;17342
2024;Prefeitura Municipal de Terenos - MS;5008008;MS;DCA-Anexo I-C;Padrão;Receitas Brutas Realizadas;RO1.2.1.5.00.0.0;1.2.1.5.00.0.0 - Contribuições para Regimes Próprios de Previdência e Sistema de Proteção Social;2855752,16;17342
2024;Prefeitura Municipal de Terenos - MS;5008008;MS;DCA-Anexo I-C;Padrão;Receitas Brutas Realizadas;RO1.2.1.5.01.0.0;1.2.1.5.01.0.0 - Contribuição do Servidor Civil;2855752,16;17342
2024;Prefeitura Municipal de Terenos - MS;5008008;MS;DCA-Anexo I-C;Padrão;Receitas Brutas Realizadas;RO1.2.1.5.01.1.0;1.2.1.5.01.1.0 - Contribuição do Servidor Civil Ativo;2843596,77;17342
2024;Prefeitura Municipal de Terenos - MS;5008008;MS;DCA-Anexo I-C;Padrão;Receitas Brutas Realizadas;RO1.2.1.5.01.2.0;1.2.1.5.01.2.0 - Contribuição do Servidor Civil Inativo;12155,39;17342
2024;Prefeitura Municipal de Terenos - MS;5008008;MS;DCA-Anexo I-C;Padrão;Receitas Brutas Realizadas;RO1.2.4.0.00.0.0;1.2.4.0.00.0.0 - Contribuição para o Custeio do Serviço de Iluminação Pública;1848824,99;17342
2024;Prefeitura Municipal de Terenos - MS;5008008;MS;DCA-Anexo I-C;Padrão;Receitas Brutas Realizadas;RO1.3.0.0.00.0.0;1.3.0.0.00.0.0 - Receita Patrimonial;2586732,51;17342
2024;Prefeitura Municipal de Terenos - MS;5008008;MS;DCA-Anexo I-C;Padrão;Receitas Brutas Realizadas;RO1.3.2.0.00.0.0;1.3.2.0.00.0.0 - Valores Mobiliários;2586732,51;17342
2024;Prefeitura Municipal de Terenos - MS;5008008;MS;DCA-Anexo I-C;Padrão;Receitas Brutas Realizadas;RO1.3.2.1.00.0.0;1.3.2.1.00.0.0 - Juros e Correções Monetárias;2586732,51;17342
2024;Prefeitura Municipal de Terenos - MS;5008008;MS;DCA-Anexo I-C;Padrão;Receitas Brutas Realizadas;RO1.3.2.1.01.0.0;1.3.2.1.01.0.0 - Remuneração de Depósitos Bancários;1199797,86;17342
2024;Prefeitura Municipal de Terenos - MS;5008008;MS;DCA-Anexo I-C;Padrão;Receitas Brutas Realizadas;RO1.3.2.1.04.0.0;1.3.2.1.04.0.0 - Remuneração dos Recursos do Regime Próprio de Previdência Social - RPPS;1386934,65;17342
2024;Prefeitura Municipal de Terenos - MS;5008008;MS;DCA-Anexo I-C;Padrão;Receitas Brutas Realizadas;RO1.7.0.0.00.0.0;1.7.0.0.00.0.0 - Transferências Correntes;120194018,17;17342
2024;Prefeitura Municipal de Terenos - MS;5008008;MS;DCA-Anexo I-C;Padrão;Deduções - FUNDEB;RO1.7.0.0.00.0.0;1.7.0.0.00.0.0 - Transferências Correntes;15343081,64;17342
2024;Prefeitura Municipal de Terenos - MS;5008008;MS;DCA-Anexo I-C;Padrão;Receitas Brutas Realizadas;RO1.7.1.0.00.0.0;1.7.1.0.00.0.0 - Transferências da União e de suas Entidades;51062034,58;17342
2024;Prefeitura Municipal de Terenos - MS;5008008;MS;DCA-Anexo I-C;Padrão;Deduções - FUNDEB;RO1.7.1.0.00.0.0;1.7.1.0.00.0.0 - Transferências da União e de suas Entidades;7065842,88;17342
2024;Prefeitura Municipal de Terenos - MS;5008008;MS;DCA-Anexo I-C;Padrão;Receitas Brutas Realizadas;RO1.7.1.1.00.0.0;1.7.1.1.00.0.0 - Transferências Decorrentes de Participação na Receita da União;40474727,52;17342
2024;Prefeitura Municipal de Terenos - MS;5008008;MS;DCA-Anexo I-C;Padrão;Deduções - FUNDEB;RO1.7.1.1.00.0.0;1.7.1.1.00.0.0 - Transferências Decorrentes de Participação na Receita da União;7065842,88;17342
2024;Prefeitura Municipal de Terenos - MS;5008008;MS;DCA-Anexo I-C;Padrão;Receitas Brutas Realizadas;RO1.7.1.1.51.0.0;1.7.1.1.51.0.0 -Cota-Parte do Fundo de Participação dos Municípios - FPM;36534097,90;17342
2024;Prefeitura Municipal de Terenos - MS;5008008;MS;DCA-Anexo I-C;Padrão;Deduções - FUNDEB;RO1.7.1.1.51.0.0;1.7.1.1.51.0.0 -Cota-Parte do Fundo de Participação dos Municípios - FPM;6277717,07;17342
2024;Prefeitura Municipal de Terenos - MS;5008008;MS;DCA-Anexo I-C;Padrão;Receitas Brutas Realizadas;RO1.7.1.1.51.1.0;1.7.1.1.51.1.0 - Cota-Parte do Fundo de Participação dos Municípios - Cota Mensal;33115418,41;17342
2024;Prefeitura Municipal de Terenos - MS;5008008;MS;DCA-Anexo I-C;Padrão;Deduções - FUNDEB;RO1.7.1.1.51.1.0;1.7.1.1.51.1.0 - Cota-Parte do Fundo de Participação dos Municípios - Cota Mensal;6277717,07;17342
2024;Prefeitura Municipal de Terenos - MS;5008008;MS;DCA-Anexo I-C;Padrão;Receitas Brutas Realizadas;RO1.7.1.1.51.2.0;1.7.1.1.51.2.0 - Cota-Parte do Fundo de Participação dos Municípios - Cotas Extraordinárias;3418679,49;17342
2024;Prefeitura Municipal de Terenos - MS;5008008;MS;DCA-Anexo I-C;Padrão;Receitas Brutas Realizadas;RO1.7.1.1.52.0.0;1.7.1.1.52.0.0 - Cota-Parte do Imposto Sobre a Propriedade Territorial Rural;3940629,62;17342
2024;Prefeitura Municipal de Terenos - MS;5008008;MS;DCA-Anexo I-C;Padrão;Deduções - FUNDEB;RO1.7.1.1.52.0.0;1.7.1.1.52.0.0 - Cota-Parte do Imposto Sobre a Propriedade Territorial Rural;788125,81;17342
2024;Prefeitura Municipal de Terenos - MS;5008008;MS;DCA-Anexo I-C;Padrão;Receitas Brutas Realizadas;RO1.7.1.2.00.0.0;1.7.1.2.00.0.0 -Transferências das Compensações Financeiras pela Exploração de Recursos Naturais;656615,13;17342
2024;Prefeitura Municipal de Terenos - MS;5008008;MS;DCA-Anexo I-C;Padrão;Receitas Brutas Realizadas;RO1.7.1.2.52.0.0;1.7.1.2.52.0.0 - Cota-parte da Compensação Financeira pela Produção de Petróleo;656615,13;17342
2024;Prefeitura Municipal de Terenos - MS;5008008;MS;DCA-Anexo I-C;Padrão;Receitas Brutas Realizadas;RO1.7.1.2.52.4.0;1.7.1.2.52.4.0 - Cota-Parte do Fundo Especial do Petróleo ¿ FEP;656615,13;17342
2024;Prefeitura Municipal de Terenos - MS;5008008;MS;DCA-Anexo I-C;Padrão;Receitas Brutas Realizadas;RO1.7.1.3.00.0.0;1.7.1.3.00.0.0 -Transferências de Recursos do Sistema Único de Saúde ¿ SUS ;6959703,49;17342
2024;Prefeitura Municipal de Terenos - MS;5008008;MS;DCA-Anexo I-C;Padrão;Receitas Brutas Realizadas;RO1.7.1.3.50.0.0;1.7.1.3.50.0.0 - Transferências de Recursos do Sistema Único de Saúde ¿ SUS ¿ Repasses Fundo a Fundo - Bloco de Manutenção das Ações e Serviços Públicos de Saúde;6959703,49;17342
2024;Prefeitura Municipal de Terenos - MS;5008008;MS;DCA-Anexo I-C;Padrão;Receitas Brutas Realizadas;RO1.7.1.3.50.1.0;1.7.1.3.50.1.0 - Transferências de Recursos do Bloco de Manutenção das Ações e Serviços Públicos de Saúde ¿ Atenção Primária;4534845,21;17342
2024;Prefeitura Municipal de Terenos - MS;5008008;MS;DCA-Anexo I-C;Padrão;Receitas Brutas Realizadas;RO1.7.1.3.50.2.0;1.7.1.3.50.2.0 - Transferências de Recursos do Bloco de Manutenção das Ações e Serviços Públicos de Saúde ¿ Atenção Especializada;1887503,01;17342
2024;Prefeitura Municipal de Terenos - MS;5008008;MS;DCA-Anexo I-C;Padrão;Receitas Brutas Realizadas;RO1.7.1.3.50.3.0;1.7.1.3.50.3.0 - Transferências de Recursos do Bloco de Manutenção das Ações e Serviços Públicos de Saúde ¿ Vigilância em Saúde;321811,07;17342
2024;Prefeitura Municipal de Terenos - MS;5008008;MS;DCA-Anexo I-C;Padrão;Receitas Brutas Realizadas;RO1.7.1.3.50.4.0;1.7.1.3.50.4.0 -Transferências de Recursos do Bloco de Manutenção das Ações e Serviços Públicos de Saúde ¿ Assistência Farmacêutica;168162,60;17342
2024;Prefeitura Municipal de Terenos - MS;5008008;MS;DCA-Anexo I-C;Padrão;Receitas Brutas Realizadas;RO1.7.1.3.50.5.0;1.7.1.3.50.5.0 - Transferências de Recursos do Bloco de Manutenção das Ações e Serviços Públicos de Saúde ¿ Gestão do SUS;47381,60;17342
2024;Prefeitura Municipal de Terenos - MS;5008008;MS;DCA-Anexo I-C;Padrão;Receitas Brutas Realizadas;RO1.7.1.4.00.0.0;1.7.1.4.00.0.0 -Transferências de Recursos do Fundo Nacional do Desenvolvimento da Educação ¿ FNDE¿ ;1850872,29;17342
2024;Prefeitura Municipal de Terenos - MS;5008008;MS;DCA-Anexo I-C;Padrão;Receitas Brutas Realizadas;RO1.7.1.4.50.0.0;1.7.1.4.50.0.0 - Transferências do Salário-Educação;1179395,49;17342
2024;Prefeitura Municipal de Terenos - MS;5008008;MS;DCA-Anexo I-C;Padrão;Receitas Brutas Realizadas;RO1.7.1.4.52.0.0;1.7.1.4.52.0.0 - Transferências referentes ao Programa Nacional de Alimentação Escolar ¿ PNAE;411652,00;17342
2024;Prefeitura Municipal de Terenos - MS;5008008;MS;DCA-Anexo I-C;Padrão;Receitas Brutas Realizadas;RO1.7.1.4.53.0.0;1.7.1.4.53.0.0 - Transferências referentes ao Programa Nacional de Apoio ao Transporte do Escolar ¿ PNATE;259824,80;17342
2024;Prefeitura Municipal de Terenos - MS;5008008;MS;DCA-Anexo I-C;Padrão;Receitas Brutas Realizadas;RO1.7.1.6.00.0.0;1.7.1.6.00.0.0 - Transferências de Recursos do Fundo Nacional de Assistência Social ¿ FNAS;611509,96;17342
2024;Prefeitura Municipal de Terenos - MS;5008008;MS;DCA-Anexo I-C;Padrão;Receitas Brutas Realizadas;RO1.7.1.9.00.0.0;1.7.1.9.00.0.0 - Outras Transferências de Recursos da União e de suas Entidades;508606,19;17342
2024;Prefeitura Municipal de Terenos - MS;5008008;MS;DCA-Anexo I-C;Padrão;Receitas Brutas Realizadas;RO1.7.1.9.58.0.0;1.7.1.9.58.0.0 - Transferência Obrigatória Decorrente da Lei Complementar nº 176/2020;354039,72;17342
2024;Prefeitura Municipal de Terenos - MS;5008008;MS;DCA-Anexo I-C;Padrão;Receitas Brutas Realizadas;RO1.7.1.9.60.0.0;1.7.1.9.60.0.0 - Transferências da Política Nacional Aldir Blanc de Fomento à Cultura - Lei nº 14.399/2022;154566,47;17342
2024;Prefeitura Municipal de Terenos - MS;5008008;MS;DCA-Anexo I-C;Padrão;Receitas Brutas Realizadas;RO1.7.2.0.00.0.0;1.7.2.0.00.0.0 - Transferências dos Estados e do Distrito Federal e de suas Entidades;47679738,50;17342
2024;Prefeitura Municipal de Terenos - MS;5008008;MS;DCA-Anexo I-C;Padrão;Deduções - FUNDEB;RO1.7.2.0.00.0.0;1.7.2.0.00.0.0 - Transferências dos Estados e do Distrito Federal e de suas Entidades;8277238,76;17342
2024;Prefeitura Municipal de Terenos - MS;5008008;MS;DCA-Anexo I-C;Padrão;Receitas Brutas Realizadas;RO1.7.2.1.00.0.0;1.7.2.1.00.0.0 - Participação na Receita dos Estados e Distrito Federal;39720193,60;17342
2024;Prefeitura Municipal de Terenos - MS;5008008;MS;DCA-Anexo I-C;Padrão;Deduções - FUNDEB;RO1.7.2.1.00.0.0;1.7.2.1.00.0.0 - Participação na Receita dos Estados e Distrito Federal;8277238,76;17342
2024;Prefeitura Municipal de Terenos - MS;5008008;MS;DCA-Anexo I-C;Padrão;Receitas Brutas Realizadas;RO1.7.2.1.50.0.0;1.7.2.1.50.0.0 - Cota-Parte do ICMS;37232359,34;17342
2024;Prefeitura Municipal de Terenos - MS;5008008;MS;DCA-Anexo I-C;Padrão;Deduções - FUNDEB;RO1.7.2.1.50.0.0;1.7.2.1.50.0.0 - Cota-Parte do ICMS;7791837,79;17342
2024;Prefeitura Municipal de Terenos - MS;5008008;MS;DCA-Anexo I-C;Padrão;Receitas Brutas Realizadas;RO1.7.2.1.51.0.0;1.7.2.1.51.0.0 - Cota-Parte do IPVA;2058474,52;17342
2024;Prefeitura Municipal de Terenos - MS;5008008;MS;DCA-Anexo I-C;Padrão;Deduções - FUNDEB;RO1.7.2.1.51.0.0;1.7.2.1.51.0.0 - Cota-Parte do IPVA;411694,88;17342
2024;Prefeitura Municipal de Terenos - MS;5008008;MS;DCA-Anexo I-C;Padrão;Receitas Brutas Realizadas;RO1.7.2.1.52.0.0;1.7.2.1.52.0.0 - Cota-Parte do IPI - Municípios;368530,40;17342
2024;Prefeitura Municipal de Terenos - MS;5008008;MS;DCA-Anexo I-C;Padrão;Deduções - FUNDEB;RO1.7.2.1.52.0.0;1.7.2.1.52.0.0 - Cota-Parte do IPI - Municípios;73706,09;17342
2024;Prefeitura Municipal de Terenos - MS;5008008;MS;DCA-Anexo I-C;Padrão;Receitas Brutas Realizadas;RO1.7.2.1.53.0.0;1.7.2.1.53.0.0 - Cota-Parte da Contribuição de Intervenção no Domínio Econômico;60829,34;17342
2024;Prefeitura Municipal de Terenos - MS;5008008;MS;DCA-Anexo I-C;Padrão;Receitas Brutas Realizadas;RO1.7.2.2.00.0.0;1.7.2.2.00.0.0 - Transferências das Compensações Financeiras pela Exploração de Recursos Naturais;682206,06;17342
2024;Prefeitura Municipal de Terenos - MS;5008008;MS;DCA-Anexo I-C;Padrão;Receitas Brutas Realizadas;RO1.7.2.2.51.0.0;1.7.2.2.51.0.0 - Cota-parte da Compensação Financeira de Recursos Minerais - CFEM;682206,06;17342
2024;Prefeitura Municipal de Terenos - MS;5008008;MS;DCA-Anexo I-C;Padrão;Receitas Brutas Realizadas;RO1.7.2.3.00.0.0;1.7.2.3.00.0.0 - Transferências de Recursos do Sistema Único de Saúde ¿ SUS;2186086,49;17342
2024;Prefeitura Municipal de Terenos - MS;5008008;MS;DCA-Anexo I-C;Padrão;Receitas Brutas Realizadas;RO1.7.2.4.00.0.0;1.7.2.4.00.0.0 - Transferências de Convênios dos Estados e DF e de Suas Entidades;1820463,68;17342
2024;Prefeitura Municipal de Terenos - MS;5008008;MS;DCA-Anexo I-C;Padrão;Receitas Brutas Realizadas;RO1.7.2.4.50.0.0;1.7.2.4.50.0.0 - Transferências de Convênios dos Estados e DF para o Sistema Único de Saúde ¿ SUS;500000,00;17342
2024;Prefeitura Municipal de Terenos - MS;5008008;MS;DCA-Anexo I-C;Padrão;Receitas Brutas Realizadas;RO1.7.2.4.51.0.0;1.7.2.4.51.0.0 -Transferências de Convênios dos Estados Destinadas a Programas de Educação;1211775,75;17342
2024;Prefeitura Municipal de Terenos - MS;5008008;MS;DCA-Anexo I-C;Padrão;Receitas Brutas Realizadas;RO1.7.2.4.99.0.0;1.7.2.4.99.0.0 - Outras Transferências de Convênios dos Estados e DF e de Suas Entidades;108687,93;17342
2024;Prefeitura Municipal de Terenos - MS;5008008;MS;DCA-Anexo I-C;Padrão;Receitas Brutas Realizadas;RO1.7.2.9.00.0.0;1.7.2.9.00.0.0 - Outras Transferências dos Estados e Distrito Federal;3270788,67;17342
2024;Prefeitura Municipal de Terenos - MS;5008008;MS;DCA-Anexo I-C;Padrão;Receitas Brutas Realizadas;RO1.7.2.9.51.0.0;1.7.2.9.51.0.0 - Transferências de Estados destinadas à Assistência Social;231200,00;17342
2024;Prefeitura Municipal de Terenos - MS;5008008;MS;DCA-Anexo I-C;Padrão;Receitas Brutas Realizadas;RO1.7.2.9.52.0.0;1.7.2.9.52.0.0 - Transferências de Recursos Destinados a Programas de Educação;20000,00;17342
2024;Prefeitura Municipal de Terenos - MS;5008008;MS;DCA-Anexo I-C;Padrão;Receitas Brutas Realizadas;RO1.7.2.9.99.0.0;1.7.2.9.99.0.0 - Outras Transferências dos Estados e DF;3019588,67;17342
2024;Prefeitura Municipal de Terenos - MS;5008008;MS;DCA-Anexo I-C;Padrão;Receitas Brutas Realizadas;RO1.7.5.0.00.0.0;1.7.5.0.00.0.0 - Transferências de Outras Instituições Públicas;21452245,09;17342
2024;Prefeitura Municipal de Terenos - MS;5008008;MS;DCA-Anexo I-C;Padrão;Receitas Brutas Realizadas;RO1.7.5.1.00.0.0;1.7.5.1.00.0.0 - Transferências de Recursos do Fundo de Manutenção e Desenvolvimento da Educação Básica e de Valorização dos Profissionais da Educação - FUNDEB;21441791,93;17342
2024;Prefeitura Municipal de Terenos - MS;5008008;MS;DCA-Anexo I-C;Padrão;Receitas Brutas Realizadas;RO1.7.5.9.00.0.0;1.7.5.9.00.0.0 - Demais Transferências de Outras Instituições Públicas;10453,16;17342
2024;Prefeitura Municipal de Terenos - MS;5008008;MS;DCA-Anexo I-C;Padrão;Receitas Brutas Realizadas;RO1.9.0.0.00.0.0;1.9.0.0.00.0.0 - Outras Receitas Correntes;468243,90;17342
2024;Prefeitura Municipal de Terenos - MS;5008008;MS;DCA-Anexo I-C;Padrão;Receitas Brutas Realizadas;RO1.9.1.0.00.0.0;1.9.1.0.00.0.0 - Multas Administrativas, Contratuais e Judiciais;3690,44;17342
2024;Prefeitura Municipal de Terenos - MS;5008008;MS;DCA-Anexo I-C;Padrão;Receitas Brutas Realizadas;RO1.9.1.1.00.0.0;1.9.1.1.00.0.0 - Multas Administrativas, Contratuais e Judiciais;3690,44;17342
2024;Prefeitura Municipal de Terenos - MS;5008008;MS;DCA-Anexo I-C;Padrão;Receitas Brutas Realizadas;RO1.9.1.1.01.0.0;1.9.1.1.01.0.0 - Multas Previstas em Legislação Específica;3690,44;17342
2024;Prefeitura Municipal de Terenos - MS;5008008;MS;DCA-Anexo I-C;Padrão;Receitas Brutas Realizadas;RO1.9.2.0.00.0.0;1.9.2.0.00.0.0 - Indenizações, Restituições e Ressarcimentos;464553,46;17342
2024;Prefeitura Municipal de Terenos - MS;5008008;MS;DCA-Anexo I-C;Padrão;Receitas Brutas Realizadas;RO1.9.2.1.00.0.0;1.9.2.1.00.0.0 - Indenizações;175978,46;17342
2024;Prefeitura Municipal de Terenos - MS;5008008;MS;DCA-Anexo I-C;Padrão;Receitas Brutas Realizadas;RO1.9.2.1.99.0.0;1.9.2.1.99.0.0 - Outras Indenizações;175978,46;17342
2024;Prefeitura Municipal de Terenos - MS;5008008;MS;DCA-Anexo I-C;Padrão;Receitas Brutas Realizadas;RO1.9.2.2.00.0.0;1.9.2.2.00.0.0 - Restituições;288573,92;17342
2024;Prefeitura Municipal de Terenos - MS;5008008;MS;DCA-Anexo I-C;Padrão;Receitas Brutas Realizadas;RO1.9.2.2.06.0.0;1.9.2.2.06.0.0 - Restituição de Despesas de Exercícios Anteriores;11,35;17342
2024;Prefeitura Municipal de Terenos - MS;5008008;MS;DCA-Anexo I-C;Padrão;Receitas Brutas Realizadas;RO1.9.2.2.06.3.0;1.9.2.2.06.3.0 - Restituição de Despesas Primárias de Exercícios Anteriores;11,35;17342
2024;Prefeitura Municipal de Terenos - MS;5008008;MS;DCA-Anexo I-C;Padrão;Receitas Brutas Realizadas;RO1.9.2.2.99.0.0;1.9.2.2.99.0.0 - Outras Restituições;288562,57;17342
2024;Prefeitura Municipal de Terenos - MS;5008008;MS;DCA-Anexo I-C;Padrão;Receitas Brutas Realizadas;RO1.9.2.3.00.0.0;1.9.2.3.00.0.0 - Ressarcimentos;1,08;17342
2024;Prefeitura Municipal de Terenos - MS;5008008;MS;DCA-Anexo I-C;Padrão;Receitas Brutas Realizadas;RO1.9.2.3.99.0.0;1.9.2.3.99.0.0 - Outros Ressarcimentos;1,08;17342
2024;Prefeitura Municipal de Terenos - MS;5008008;MS;DCA-Anexo I-C;Padrão;Receitas Brutas Realizadas;RO2.0.0.0.00.0.0;2.0.0.0.00.0.0 - Receitas de Capital;4913957,31;17342
2024;Prefeitura Municipal de Terenos - MS;5008008;MS;DCA-Anexo I-C;Padrão;Receitas Brutas Realizadas;RO2.4.0.0.00.0.0;2.4.0.0.00.0.0 - Transferências de Capital;4913957,31;17342
2024;Prefeitura Municipal de Terenos - MS;5008008;MS;DCA-Anexo I-C;Padrão;Receitas Brutas Realizadas;RO2.4.1.0.00.0.0;2.4.1.0.00.0.0 - Transferências da União e de suas Entidades;2000000,00;17342
2024;Prefeitura Municipal de Terenos - MS;5008008;MS;DCA-Anexo I-C;Padrão;Receitas Brutas Realizadas;RO2.4.1.9.00.0.0;2.4.1.9.00.0.0 - Outras Transferências de Recursos da União e de suas Entidades;2000000,00;17342
2024;Prefeitura Municipal de Terenos - MS;5008008;MS;DCA-Anexo I-C;Padrão;Receitas Brutas Realizadas;RO2.4.1.9.51.0.0;2.4.1.9.51.0.0 - Transferência Especial da União;2000000,00;17342
2024;Prefeitura Municipal de Terenos - MS;5008008;MS;DCA-Anexo I-C;Padrão;Receitas Brutas Realizadas;RO2.4.2.0.00.0.0;2.4.2.0.00.0.0 - Transferências dos Estados e do Distrito Federal e de suas Entidades;2913957,31;17342
2024;Prefeitura Municipal de Terenos - MS;5008008;MS;DCA-Anexo I-C;Padrão;Receitas Brutas Realizadas;RO2.4.2.1.00.0.0;2.4.2.1.00.0.0 - Transferências de Recursos do Sistema Único de Saúde ¿ SUS dos Estados e DF;454450,00;17342
2024;Prefeitura Municipal de Terenos - MS;5008008;MS;DCA-Anexo I-C;Padrão;Receitas Brutas Realizadas;RO2.4.2.1.50.0.0;2.4.2.1.50.0.0 - Transferências de Recursos do Sistema Único de Saúde ¿ SUS;454450,00;17342
2024;Prefeitura Municipal de Terenos - MS;5008008;MS;DCA-Anexo I-C;Padrão;Receitas Brutas Realizadas;RO2.4.2.2.00.0.0;2.4.2.2.00.0.0 - Transferências de Convênios dos Estados e DF e de Suas Entidades ;2459507,31;17342
2024;Prefeitura Municipal de Terenos - MS;5008008;MS;DCA-Anexo I-C;Padrão;Receitas Brutas Realizadas;RO2.4.2.2.50.0.0;2.4.2.2.50.0.0 - Transferências de Convênios dos Estados para o Sistema Único de Saúde ¿ SUS;1091000,00;17342
2024;Prefeitura Municipal de Terenos - MS;5008008;MS;DCA-Anexo I-C;Padrão;Receitas Brutas Realizadas;RO2.4.2.2.51.0.0;2.4.2.2.51.0.0 - Transferências de Convênios dos Estados destinadas a Programas de Educação;1000000,00;17342
2024;Prefeitura Municipal de Terenos - MS;5008008;MS;DCA-Anexo I-C;Padrão;Receitas Brutas Realizadas;RO2.4.2.2.99.0.0;2.4.2.2.99.0.0 - Outras Transferências de Convênios dos Estados e DF e de Suas Entidades;368507,31;17342
2024;Prefeitura Municipal de Terenos - MS;5008008;MS;DCA-Anexo I-C;Padrão;Receitas Brutas Realizadas;ReceitasIntraOrcamentarias;RECEITAS (INTRA-ORÇAMENTÁRIAS) (II);7462753,97;17342
2024;Prefeitura Municipal de Terenos - MS;5008008;MS;DCA-Anexo I-C;Padrão;Receitas Brutas Realizadas;RI7.0.0.0.00.0.0;7.0.0.0.00.0.0 - Receitas Correntes;7462753,97;17342
2024;Prefeitura Municipal de Terenos - MS;5008008;MS;DCA-Anexo I-C;Padrão;Receitas Brutas Realizadas;RI7.2.0.0.00.0.0;7.2.0.0.00.0.0 - Contribuições;7462753,97;17342
2024;Prefeitura Municipal de Terenos - MS;5008008;MS;DCA-Anexo I-C;Padrão;Receitas Brutas Realizadas;RI7.2.1.0.00.0.0;7.2.1.0.00.0.0 - Contribuições Sociais;7462753,97;17342
2024;Prefeitura Municipal de Terenos - MS;5008008;MS;DCA-Anexo I-C;Padrão;Receitas Brutas Realizadas;RI7.2.1.5.00.0.0;7.2.1.5.00.0.0 - Contribuições para Regimes Próprios de Previdência e Sistema de Proteção Social;7462753,97;17342
2024;Prefeitura Municipal de Terenos - MS;5008008;MS;DCA-Anexo I-C;Padrão;Receitas Brutas Realizadas;RI7.2.1.5.02.0.0;7.2.1.5.02.0.0 - Contribuição Patronal - Servidor Civil;7287849,43;17342
2024;Prefeitura Municipal de Terenos - MS;5008008;MS;DCA-Anexo I-C;Padrão;Receitas Brutas Realizadas;RI7.2.1.5.02.1.0;7.2.1.5.02.1.0 - Contribuição Patronal - Servidor Civil Ativo;7287204,06;17342
2024;Prefeitura Municipal de Terenos - MS;5008008;MS;DCA-Anexo I-C;Padrão;Receitas Brutas Realizadas;RI7.2.1.5.02.2.0;7.2.1.5.02.2.0 -Contribuição Patronal Oriunda de Sentenças Judiciais - Servidor Civil Ativo;645,37;17342
2024;Prefeitura Municipal de Terenos - MS;5008008;MS;DCA-Anexo I-C;Padrão;Receitas Brutas Realizadas;RI7.2.1.5.51.0.0;7.2.1.5.51.0.0 - Contribuição Patronal - Parcelamentos;174904,54;17342
2024;Prefeitura Municipal de Terenos - MS;5008008;MS;DCA-Anexo I-C;Padrão;Receitas Brutas Realizadas;RI7.2.1.5.51.1.0;7.2.1.5.51.1.0 - Contribuição Patronal - Servidor Civil Ativo - Parcelamentos;174904,54;17342
2024;Prefeitura Municipal de Terenos - MS;5008008;MS;DCA-Anexo I-C;Padrão;Receitas Brutas Realizadas;TotalReceitas;TOTAL DAS RECEITAS (III) = (I + II);161535407,86;17342
2024;Prefeitura Municipal de Terenos - MS;5008008;MS;DCA-Anexo I-C;Padrão;Deduções - FUNDEB;TotalReceitas;TOTAL DAS RECEITAS (III) = (I + II);15343081,64;17342
2024;Prefeitura Municipal de Terenos - MS;5008008;MS;DCA-Anexo I-C;Padrão;Outras Deduções da Receita;TotalReceitas;TOTAL DAS RECEITAS (III) = (I + II);1574712,18;17342
