exercicio;instituicao;cod_ibge;uf;anexo;rotulo;coluna;cod_conta;conta;valor;populacao
2014;Prefeitura Municipal de Ribeirão Branco - SP;3543006;SP;DCA-Anexo I-C;NA;Receitas Brutas Realizadas;TotalReceitas;Total Receitas;41598257,85;17866
2014;Prefeitura Municipal de Ribeirão Branco - SP;3543006;SP;DCA-Anexo I-C;NA;Deduções - FUNDEB;TotalReceitas;Total Receitas;-4149702,32;17866
2014;Prefeitura Municipal de Ribeirão Branco - SP;3543006;SP;DCA-Anexo I-C;NA;Receitas Brutas Realizadas;RO1.0.0.0.00.00.00;1.0.0.0.00.00.00 - Receitas Correntes;39127250,13;17866
2014;Prefeitura Municipal de Ribeirão Branco - SP;3543006;SP;DCA-Anexo I-C;NA;Deduções - FUNDEB;RO1.0.0.0.00.00.00;1.0.0.0.00.00.00 - Receitas Correntes;-4149702,32;17866
2014;Prefeitura Municipal de Ribeirão Branco - SP;3543006;SP;DCA-Anexo I-C;NA;Receitas Brutas Realizadas;RO1.1.0.0.00.00.00;1.1.0.0.00.00.00 - Receita Tributária;1513285,00;17866
2014;Prefeitura Municipal de Ribeirão Branco - SP;3543006;SP;DCA-Anexo I-C;NA;Receitas Brutas Realizadas;RO1.1.1.0.00.00.00;1.1.1.0.00.00.00 - Impostos;1338630,96;17866
2014;Prefeitura Municipal de Ribeirão Branco - SP;3543006;SP;DCA-Anexo I-C;NA;Receitas Brutas Realizadas;RO1.1.1.2.00.00.00;1.1.1.2.00.00.00 - Impostos sobre o Patrimônio e a Renda;644336,57;17866
2014;Prefeitura Municipal de Ribeirão Branco - SP;3543006;SP;DCA-Anexo I-C;NA;Receitas Brutas Realizadas;RO1.1.1.2.02.00.00;1.1.1.2.02.00.00 - Imposto sobre a Propriedade Predial e Territorial Urbana ¿ IPTU;275380,87;17866
2014;Prefeitura Municipal de Ribeirão Branco - SP;3543006;SP;DCA-Anexo I-C;NA;Receitas Brutas Realizadas;RO1.1.1.2.04.00.00;1.1.1.2.04.00.00 - Imposto sobre a Renda e Proventos de Qualquer Natureza ¿ IR;319722,81;17866
2014;Prefeitura Municipal de Ribeirão Branco - SP;3543006;SP;DCA-Anexo I-C;NA;Receitas Brutas Realizadas;RO1.1.1.2.04.31.00;1.1.1.2.04.31.00 - Retido nas Fontes - Trabalho;289698,36;17866
2014;Prefeitura Municipal de Ribeirão Branco - SP;3543006;SP;DCA-Anexo I-C;NA;Receitas Brutas Realizadas;RO1.1.1.2.04.34.00;1.1.1.2.04.34.00 - Retido nas Fontes - Outros Rendimentos;30024,45;17866
2014;Prefeitura Municipal de Ribeirão Branco - SP;3543006;SP;DCA-Anexo I-C;NA;Receitas Brutas Realizadas;RO1.1.1.2.08.00.00;"1.1.1.2.08.00.00 - Imposto sobre Transmissão ""Inter Vivos"" de Bens Imóveis e de Direitos Reais sobre Imóveis ¿ ITBI";49232,89;17866
2014;Prefeitura Municipal de Ribeirão Branco - SP;3543006;SP;DCA-Anexo I-C;NA;Receitas Brutas Realizadas;RO1.1.1.3.00.00.00;1.1.1.3.00.00.00 - Impostos sobre a Produção e a Circulação;694294,39;17866
2014;Prefeitura Municipal de Ribeirão Branco - SP;3543006;SP;DCA-Anexo I-C;NA;Receitas Brutas Realizadas;RO1.1.1.3.05.00.00;1.1.1.3.05.00.00 - Imposto sobre Serviços de Qualquer Natureza ¿ ISSQN;694294,39;17866
2014;Prefeitura Municipal de Ribeirão Branco - SP;3543006;SP;DCA-Anexo I-C;NA;Receitas Brutas Realizadas;RO1.1.2.0.00.00.00;1.1.2.0.00.00.00 - Taxas;174647,46;17866
2014;Prefeitura Municipal de Ribeirão Branco - SP;3543006;SP;DCA-Anexo I-C;NA;Receitas Brutas Realizadas;RO1.1.2.1.00.00.00;1.1.2.1.00.00.00 - Taxas pelo Exercício do Poder de Polícia;25758,80;17866
2014;Prefeitura Municipal de Ribeirão Branco - SP;3543006;SP;DCA-Anexo I-C;NA;Receitas Brutas Realizadas;RO1.1.2.2.00.00.00;1.1.2.2.00.00.00 - Taxas pela Prestação de Serviços;148888,66;17866
2014;Prefeitura Municipal de Ribeirão Branco - SP;3543006;SP;DCA-Anexo I-C;NA;Receitas Brutas Realizadas;RO1.1.3.0.00.00.00;1.1.3.0.00.00.00 - Contribuição de Melhoria;6,58;17866
2014;Prefeitura Municipal de Ribeirão Branco - SP;3543006;SP;DCA-Anexo I-C;NA;Receitas Brutas Realizadas;RO1.3.0.0.00.00.00;1.3.0.0.00.00.00 - Receita Patrimonial;47143,49;17866
2014;Prefeitura Municipal de Ribeirão Branco - SP;3543006;SP;DCA-Anexo I-C;NA;Receitas Brutas Realizadas;RO1.3.2.0.00.00.00;1.3.2.0.00.00.00 - Receitas de Valores Mobiliários;47143,49;17866
2014;Prefeitura Municipal de Ribeirão Branco - SP;3543006;SP;DCA-Anexo I-C;NA;Receitas Brutas Realizadas;RO1.3.2.5.00.00.00;1.3.2.5.00.00.00 - Remuneração de Depósitos Bancários;47143,49;17866
2014;Prefeitura Municipal de Ribeirão Branco - SP;3543006;SP;DCA-Anexo I-C;NA;Receitas Brutas Realizadas;RO1.7.0.0.00.00.00;1.7.0.0.00.00.00 - Transferências Correntes;37430219,29;17866
2014;Prefeitura Municipal de Ribeirão Branco - SP;3543006;SP;DCA-Anexo I-C;NA;Deduções - FUNDEB;RO1.7.0.0.00.00.00;1.7.0.0.00.00.00 - Transferências Correntes;-4149702,32;17866
2014;Prefeitura Municipal de Ribeirão Branco - SP;3543006;SP;DCA-Anexo I-C;NA;Receitas Brutas Realizadas;RO1.7.2.0.00.00.00;1.7.2.0.00.00.00 - Transferências Intergovernamentais;34790815,57;17866
2014;Prefeitura Municipal de Ribeirão Branco - SP;3543006;SP;DCA-Anexo I-C;NA;Deduções - FUNDEB;RO1.7.2.0.00.00.00;1.7.2.0.00.00.00 - Transferências Intergovernamentais;-4149702,32;17866
2014;Prefeitura Municipal de Ribeirão Branco - SP;3543006;SP;DCA-Anexo I-C;NA;Receitas Brutas Realizadas;RO1.7.2.1.00.00.00;1.7.2.1.00.00.00 - Transferências da União;18415437,72;17866
2014;Prefeitura Municipal de Ribeirão Branco - SP;3543006;SP;DCA-Anexo I-C;NA;Deduções - FUNDEB;RO1.7.2.1.00.00.00;1.7.2.1.00.00.00 - Transferências da União;-2551540,15;17866
2014;Prefeitura Municipal de Ribeirão Branco - SP;3543006;SP;DCA-Anexo I-C;NA;Receitas Brutas Realizadas;RO1.7.2.1.01.00.00;1.7.2.1.01.00.00 - Participação na Receita da União;13281290,48;17866
2014;Prefeitura Municipal de Ribeirão Branco - SP;3543006;SP;DCA-Anexo I-C;NA;Deduções - FUNDEB;RO1.7.2.1.01.00.00;1.7.2.1.01.00.00 - Participação na Receita da União;-2544063,67;17866
2014;Prefeitura Municipal de Ribeirão Branco - SP;3543006;SP;DCA-Anexo I-C;NA;Receitas Brutas Realizadas;RO1.7.2.1.01.02.00;1.7.2.1.01.02.00 - Cota-Parte do Fundo de Participação dos Municípios ¿ FPM;13208146,97;17866
2014;Prefeitura Municipal de Ribeirão Branco - SP;3543006;SP;DCA-Anexo I-C;NA;Deduções - FUNDEB;RO1.7.2.1.01.02.00;1.7.2.1.01.02.00 - Cota-Parte do Fundo de Participação dos Municípios ¿ FPM;-2529435,11;17866
2014;Prefeitura Municipal de Ribeirão Branco - SP;3543006;SP;DCA-Anexo I-C;NA;Receitas Brutas Realizadas;RO1.7.2.1.01.05.00;1.7.2.1.01.05.00 - Cota-Parte do Imposto Sobre a Propriedade Territorial Rural ¿ ITR;73143,51;17866
2014;Prefeitura Municipal de Ribeirão Branco - SP;3543006;SP;DCA-Anexo I-C;NA;Deduções - FUNDEB;RO1.7.2.1.01.05.00;1.7.2.1.01.05.00 - Cota-Parte do Imposto Sobre a Propriedade Territorial Rural ¿ ITR;-14628,56;17866
2014;Prefeitura Municipal de Ribeirão Branco - SP;3543006;SP;DCA-Anexo I-C;NA;Receitas Brutas Realizadas;RO1.7.2.1.22.00.00;1.7.2.1.22.00.00 - Transferências da Compensação Financeira pela Exploração de Recursos Naturais;203415,80;17866
2014;Prefeitura Municipal de Ribeirão Branco - SP;3543006;SP;DCA-Anexo I-C;NA;Receitas Brutas Realizadas;RO1.7.2.1.22.20.00;1.7.2.1.22.20.00 - Cota-Parte da Compensação Financeira de Recursos Minerais - CFEM;1374,74;17866
2014;Prefeitura Municipal de Ribeirão Branco - SP;3543006;SP;DCA-Anexo I-C;NA;Receitas Brutas Realizadas;RO1.7.2.1.22.70.00;1.7.2.1.22.70.00 - Cota-Parte do Fundo Especial do Petróleo ¿ FEP;197197,09;17866
2014;Prefeitura Municipal de Ribeirão Branco - SP;3543006;SP;DCA-Anexo I-C;NA;Receitas Brutas Realizadas;RO1.7.2.1.22.90.00;1.7.2.1.22.90.00 - Outras Transferências Decorrentes de Compensação Financeira pela Exploração de Recursos Naturais;4843,97;17866
2014;Prefeitura Municipal de Ribeirão Branco - SP;3543006;SP;DCA-Anexo I-C;NA;Receitas Brutas Realizadas;RO1.7.2.1.33.00.00;1.7.2.1.33.00.00 - Transferências de Recursos do Sistema Único de Saúde - SUS - Repasses Fundo a Fundo;2635094,49;17866
2014;Prefeitura Municipal de Ribeirão Branco - SP;3543006;SP;DCA-Anexo I-C;NA;Receitas Brutas Realizadas;RO1.7.2.1.34.00.00;1.7.2.1.34.00.00 - Transferências de Recursos do Fundo Nacional de Assistência Social ¿ FNAS;224241,51;17866
2014;Prefeitura Municipal de Ribeirão Branco - SP;3543006;SP;DCA-Anexo I-C;NA;Receitas Brutas Realizadas;RO1.7.2.1.35.00.00;1.7.2.1.35.00.00 - Transferências de Recursos do Fundo Nacional do Desenvolvimento da Educação ¿ FNDE;1784347,53;17866
2014;Prefeitura Municipal de Ribeirão Branco - SP;3543006;SP;DCA-Anexo I-C;NA;Receitas Brutas Realizadas;RO1.7.2.1.36.00.00;1.7.2.1.36.00.00 - Transferências Financeiras do ICMS ¿ Desoneração ¿ L.C. Nº 87/96;37382,64;17866
2014;Prefeitura Municipal de Ribeirão Branco - SP;3543006;SP;DCA-Anexo I-C;NA;Deduções - FUNDEB;RO1.7.2.1.36.00.00;1.7.2.1.36.00.00 - Transferências Financeiras do ICMS ¿ Desoneração ¿ L.C. Nº 87/96;-7476,48;17866
2014;Prefeitura Municipal de Ribeirão Branco - SP;3543006;SP;DCA-Anexo I-C;NA;Receitas Brutas Realizadas;RO1.7.2.1.99.00.00;1.7.2.1.99.00.00 - Outras Transferências da União;249665,27;17866
2014;Prefeitura Municipal de Ribeirão Branco - SP;3543006;SP;DCA-Anexo I-C;NA;Receitas Brutas Realizadas;RO1.7.2.2.00.00.00;1.7.2.2.00.00.00 - Transferências dos Estados;8186420,85;17866
2014;Prefeitura Municipal de Ribeirão Branco - SP;3543006;SP;DCA-Anexo I-C;NA;Deduções - FUNDEB;RO1.7.2.2.00.00.00;1.7.2.2.00.00.00 - Transferências dos Estados;-1598162,17;17866
2014;Prefeitura Municipal de Ribeirão Branco - SP;3543006;SP;DCA-Anexo I-C;NA;Receitas Brutas Realizadas;RO1.7.2.2.01.00.00;1.7.2.2.01.00.00 - Participação na Receita dos Estados;7994991,75;17866
2014;Prefeitura Municipal de Ribeirão Branco - SP;3543006;SP;DCA-Anexo I-C;NA;Deduções - FUNDEB;RO1.7.2.2.01.00.00;1.7.2.2.01.00.00 - Participação na Receita dos Estados;-1598162,17;17866
2014;Prefeitura Municipal de Ribeirão Branco - SP;3543006;SP;DCA-Anexo I-C;NA;Receitas Brutas Realizadas;RO1.7.2.2.01.01.00;1.7.2.2.01.01.00 - Cota-Parte do ICMS;7401928,37;17866
2014;Prefeitura Municipal de Ribeirão Branco - SP;3543006;SP;DCA-Anexo I-C;NA;Deduções - FUNDEB;RO1.7.2.2.01.01.00;1.7.2.2.01.01.00 - Cota-Parte do ICMS;-1480385,43;17866
2014;Prefeitura Municipal de Ribeirão Branco - SP;3543006;SP;DCA-Anexo I-C;NA;Receitas Brutas Realizadas;RO1.7.2.2.01.02.00;1.7.2.2.01.02.00 - Cota-Parte do IPVA;528578,21;17866
2014;Prefeitura Municipal de Ribeirão Branco - SP;3543006;SP;DCA-Anexo I-C;NA;Deduções - FUNDEB;RO1.7.2.2.01.02.00;1.7.2.2.01.02.00 - Cota-Parte do IPVA;-105715,55;17866
2014;Prefeitura Municipal de Ribeirão Branco - SP;3543006;SP;DCA-Anexo I-C;NA;Receitas Brutas Realizadas;RO1.7.2.2.01.04.00;1.7.2.2.01.04.00 - Cota-Parte do IPI sobre Exportação;60306,58;17866
2014;Prefeitura Municipal de Ribeirão Branco - SP;3543006;SP;DCA-Anexo I-C;NA;Deduções - FUNDEB;RO1.7.2.2.01.04.00;1.7.2.2.01.04.00 - Cota-Parte do IPI sobre Exportação;-12061,19;17866
2014;Prefeitura Municipal de Ribeirão Branco - SP;3543006;SP;DCA-Anexo I-C;NA;Receitas Brutas Realizadas;RO1.7.2.2.01.13.00;1.7.2.2.01.13.00 - Cota-Parte da Contribuição de Intervenção no Domínio Econômico;4178,59;17866
2014;Prefeitura Municipal de Ribeirão Branco - SP;3543006;SP;DCA-Anexo I-C;NA;Receitas Brutas Realizadas;RO1.7.2.2.22.00.00;1.7.2.2.22.00.00 - Transferências da Cota-Parte da Compensação Financeira (25%);20649,83;17866
2014;Prefeitura Municipal de Ribeirão Branco - SP;3543006;SP;DCA-Anexo I-C;NA;Receitas Brutas Realizadas;RO1.7.2.2.22.30.00;1.7.2.2.22.30.00 - Cota-Parte Royalties - Compensação Financeira pela Produção de Petróleo - Lei nº 7.990/89 artigo 9º;20649,83;17866
2014;Prefeitura Municipal de Ribeirão Branco - SP;3543006;SP;DCA-Anexo I-C;NA;Receitas Brutas Realizadas;RO1.7.2.2.33.00.00;1.7.2.2.33.00.00 - Transferências de Recursos do Estado para Programas de Saúde - Repasse Fundo a Fundo;170779,27;17866
2014;Prefeitura Municipal de Ribeirão Branco - SP;3543006;SP;DCA-Anexo I-C;NA;Receitas Brutas Realizadas;RO1.7.2.4.00.00.00;1.7.2.4.00.00.00 - Transferências Multigovernamentais;8188957,00;17866
2014;Prefeitura Municipal de Ribeirão Branco - SP;3543006;SP;DCA-Anexo I-C;NA;Receitas Brutas Realizadas;RO1.7.2.4.01.00.00;1.7.2.4.01.00.00 - Transferências de Recursos do Fundo de Manutenção e Desenvolvimento do Ensino Fundamental e de Valorização do Magistério - FUNDEB;8188957,00;17866
2014;Prefeitura Municipal de Ribeirão Branco - SP;3543006;SP;DCA-Anexo I-C;NA;Receitas Brutas Realizadas;RO1.7.6.0.00.00.00;1.7.6.0.00.00.00 - Transferências de Convênios;2639403,72;17866
2014;Prefeitura Municipal de Ribeirão Branco - SP;3543006;SP;DCA-Anexo I-C;NA;Receitas Brutas Realizadas;RO1.7.6.2.00.00.00;1.7.6.2.00.00.00 - Transferências de Convênios dos Estados e do Distrito Federal e de Suas Entidades;2639403,72;17866
2014;Prefeitura Municipal de Ribeirão Branco - SP;3543006;SP;DCA-Anexo I-C;NA;Receitas Brutas Realizadas;RO1.7.6.2.02.00.00;1.7.6.2.02.00.00 - Transferências de Convênios dos Estados Destinadas a Programas de Educação;1789452,03;17866
2014;Prefeitura Municipal de Ribeirão Branco - SP;3543006;SP;DCA-Anexo I-C;NA;Receitas Brutas Realizadas;RO1.7.6.2.99.00.00;1.7.6.2.99.00.00 - Outras Transferências de Convênios dos Estados;849951,69;17866
2014;Prefeitura Municipal de Ribeirão Branco - SP;3543006;SP;DCA-Anexo I-C;NA;Receitas Brutas Realizadas;RO1.9.0.0.00.00.00;1.9.0.0.00.00.00 - Outras Receitas Correntes;136602,35;17866
2014;Prefeitura Municipal de Ribeirão Branco - SP;3543006;SP;DCA-Anexo I-C;NA;Receitas Brutas Realizadas;RO1.9.1.0.00.00.00;1.9.1.0.00.00.00 - Multas e Juros de Mora;11612,19;17866
2014;Prefeitura Municipal de Ribeirão Branco - SP;3543006;SP;DCA-Anexo I-C;NA;Receitas Brutas Realizadas;RO1.9.1.9.00.00.00;1.9.1.9.00.00.00 - Multas de Outras Origens;11612,19;17866
2014;Prefeitura Municipal de Ribeirão Branco - SP;3543006;SP;DCA-Anexo I-C;NA;Receitas Brutas Realizadas;RO1.9.2.0.00.00.00;1.9.2.0.00.00.00 - Indenizações e Restituições;124840,35;17866
2014;Prefeitura Municipal de Ribeirão Branco - SP;3543006;SP;DCA-Anexo I-C;NA;Receitas Brutas Realizadas;RO1.9.2.2.00.00.00;1.9.2.2.00.00.00 - Restituições;124840,35;17866
2014;Prefeitura Municipal de Ribeirão Branco - SP;3543006;SP;DCA-Anexo I-C;NA;Receitas Brutas Realizadas;RO1.9.2.2.99.00.00;1.9.2.2.99.00.00 - Outras Restituições;124840,35;17866
2014;Prefeitura Municipal de Ribeirão Branco - SP;3543006;SP;DCA-Anexo I-C;NA;Receitas Brutas Realizadas;RO1.9.3.0.00.00.00;1.9.3.0.00.00.00 - Receita da Dívida Ativa;149,81;17866
2014;Prefeitura Municipal de Ribeirão Branco - SP;3543006;SP;DCA-Anexo I-C;NA;Receitas Brutas Realizadas;RO1.9.3.1.00.00.00;1.9.3.1.00.00.00 - Receita da Dívida Ativa Tributária;149,81;17866
2014;Prefeitura Municipal de Ribeirão Branco - SP;3543006;SP;DCA-Anexo I-C;NA;Receitas Brutas Realizadas;RO2.0.0.0.00.00.00;2.0.0.0.00.00.00 - Receitas de Capital;2471007,72;17866
2014;Prefeitura Municipal de Ribeirão Branco - SP;3543006;SP;DCA-Anexo I-C;NA;Receitas Brutas Realizadas;RO2.4.0.0.00.00.00;2.4.0.0.00.00.00 - Transferências de Capital;2151135,72;17866
2014;Prefeitura Municipal de Ribeirão Branco - SP;3543006;SP;DCA-Anexo I-C;NA;Receitas Brutas Realizadas;RO2.4.2.0.00.00.00;2.4.2.0.00.00.00 - Transferências Intergovernamentais;1881855,72;17866
2014;Prefeitura Municipal de Ribeirão Branco - SP;3543006;SP;DCA-Anexo I-C;NA;Receitas Brutas Realizadas;RO2.4.2.1.00.00.00;2.4.2.1.00.00.00 - Transferências da União;348960,46;17866
2014;Prefeitura Municipal de Ribeirão Branco - SP;3543006;SP;DCA-Anexo I-C;NA;Receitas Brutas Realizadas;RO2.4.2.1.99.00.00;2.4.2.1.99.00.00 - Outras Transferências da União;348960,46;17866
2014;Prefeitura Municipal de Ribeirão Branco - SP;3543006;SP;DCA-Anexo I-C;NA;Receitas Brutas Realizadas;RO2.4.2.2.00.00.00;2.4.2.2.00.00.00 - Transferências dos Estados;1532895,26;17866
2014;Prefeitura Municipal de Ribeirão Branco - SP;3543006;SP;DCA-Anexo I-C;NA;Receitas Brutas Realizadas;RO2.4.2.2.99.00.00;2.4.2.2.99.00.00 - Outras Transferências dos Estados;1532895,26;17866
2014;Prefeitura Municipal de Ribeirão Branco - SP;3543006;SP;DCA-Anexo I-C;NA;Receitas Brutas Realizadas;RO2.4.7.0.00.00.00;2.4.7.0.00.00.00 - Transferências de Convênios;269280,00;17866
2014;Prefeitura Municipal de Ribeirão Branco - SP;3543006;SP;DCA-Anexo I-C;NA;Receitas Brutas Realizadas;RO2.4.7.2.00.00.00;2.4.7.2.00.00.00 - Transferências de Convênios dos Estados e do Distrito Federal e de suas Entidades;269280,00;17866
2014;Prefeitura Municipal de Ribeirão Branco - SP;3543006;SP;DCA-Anexo I-C;NA;Receitas Brutas Realizadas;RO2.4.7.2.03.00.00;2.4.7.2.03.00.00 - Transferências de Convênios dos Estados Destinadas a Programas de Saneamento Básico;269280,00;17866
2014;Prefeitura Municipal de Ribeirão Branco - SP;3543006;SP;DCA-Anexo I-C;NA;Receitas Brutas Realizadas;RO2.5.0.0.00.00.00;2.5.0.0.00.00.00 - Outras Receitas de Capital;319872,00;17866
2014;Prefeitura Municipal de Ribeirão Branco - SP;3543006;SP;DCA-Anexo I-C;NA;Receitas Brutas Realizadas;RO2.5.9.0.00.00.00;2.5.9.0.00.00.00 - Outras Receitas;319872,00;17866
2015;Prefeitura Municipal de Ribeirão Branco - SP;3543006;SP;DCA-Anexo I-C;NA;Receitas Brutas Realizadas;TotalReceitas;Total Receitas;42312873,01;17866
2015;Prefeitura Municipal de Ribeirão Branco - SP;3543006;SP;DCA-Anexo I-C;NA;Deduções - FUNDEB;TotalReceitas;Total Receitas;-4339883,39;17866
2015;Prefeitura Municipal de Ribeirão Branco - SP;3543006;SP;DCA-Anexo I-C;NA;Receitas Brutas Realizadas;RO1.0.0.0.00.00.00;1.0.0.0.00.00.00 - Receitas Correntes;40727081,85;17866
2015;Prefeitura Municipal de Ribeirão Branco - SP;3543006;SP;DCA-Anexo I-C;NA;Deduções - FUNDEB;RO1.0.0.0.00.00.00;1.0.0.0.00.00.00 - Receitas Correntes;-4339883,39;17866
2015;Prefeitura Municipal de Ribeirão Branco - SP;3543006;SP;DCA-Anexo I-C;NA;Receitas Brutas Realizadas;RO1.1.0.0.00.00.00;1.1.0.0.00.00.00 - Receita Tributária;1320967,98;17866
2015;Prefeitura Municipal de Ribeirão Branco - SP;3543006;SP;DCA-Anexo I-C;NA;Receitas Brutas Realizadas;RO1.1.1.0.00.00.00;1.1.1.0.00.00.00 - Impostos;1111866,60;17866
2015;Prefeitura Municipal de Ribeirão Branco - SP;3543006;SP;DCA-Anexo I-C;NA;Receitas Brutas Realizadas;RO1.1.1.2.00.00.00;1.1.1.2.00.00.00 - Impostos sobre o Patrimônio e a Renda;680864,28;17866
2015;Prefeitura Municipal de Ribeirão Branco - SP;3543006;SP;DCA-Anexo I-C;NA;Receitas Brutas Realizadas;RO1.1.1.2.02.00.00;1.1.1.2.02.00.00 - Imposto sobre a Propriedade Predial e Territorial Urbana ¿ IPTU;281324,83;17866
2015;Prefeitura Municipal de Ribeirão Branco - SP;3543006;SP;DCA-Anexo I-C;NA;Receitas Brutas Realizadas;RO1.1.1.2.04.00.00;1.1.1.2.04.00.00 - Imposto sobre a Renda e Proventos de Qualquer Natureza ¿ IR;365286,19;17866
2015;Prefeitura Municipal de Ribeirão Branco - SP;3543006;SP;DCA-Anexo I-C;NA;Receitas Brutas Realizadas;RO1.1.1.2.04.31.00;1.1.1.2.04.31.00 - Retido nas Fontes - Trabalho;350730,45;17866
2015;Prefeitura Municipal de Ribeirão Branco - SP;3543006;SP;DCA-Anexo I-C;NA;Receitas Brutas Realizadas;RO1.1.1.2.04.34.00;1.1.1.2.04.34.00 - Retido nas Fontes - Outros Rendimentos;14555,74;17866
2015;Prefeitura Municipal de Ribeirão Branco - SP;3543006;SP;DCA-Anexo I-C;NA;Receitas Brutas Realizadas;RO1.1.1.2.08.00.00;"1.1.1.2.08.00.00 - Imposto sobre Transmissão ""Inter Vivos"" de Bens Imóveis e de Direitos Reais sobre Imóveis ¿ ITBI";34253,26;17866
2015;Prefeitura Municipal de Ribeirão Branco - SP;3543006;SP;DCA-Anexo I-C;NA;Receitas Brutas Realizadas;RO1.1.1.3.00.00.00;1.1.1.3.00.00.00 - Impostos sobre a Produção e a Circulação;431002,32;17866
2015;Prefeitura Municipal de Ribeirão Branco - SP;3543006;SP;DCA-Anexo I-C;NA;Receitas Brutas Realizadas;RO1.1.1.3.05.00.00;1.1.1.3.05.00.00 - Imposto sobre Serviços de Qualquer Natureza ¿ ISSQN;431002,32;17866
2015;Prefeitura Municipal de Ribeirão Branco - SP;3543006;SP;DCA-Anexo I-C;NA;Receitas Brutas Realizadas;RO1.1.2.0.00.00.00;1.1.2.0.00.00.00 - Taxas;127585,87;17866
2015;Prefeitura Municipal de Ribeirão Branco - SP;3543006;SP;DCA-Anexo I-C;NA;Receitas Brutas Realizadas;RO1.1.2.1.00.00.00;1.1.2.1.00.00.00 - Taxas pelo Exercício do Poder de Polícia;53739,77;17866
2015;Prefeitura Municipal de Ribeirão Branco - SP;3543006;SP;DCA-Anexo I-C;NA;Receitas Brutas Realizadas;RO1.1.2.2.00.00.00;1.1.2.2.00.00.00 - Taxas pela Prestação de Serviços;73846,10;17866
2015;Prefeitura Municipal de Ribeirão Branco - SP;3543006;SP;DCA-Anexo I-C;NA;Receitas Brutas Realizadas;RO1.1.3.0.00.00.00;1.1.3.0.00.00.00 - Contribuição de Melhoria;81515,51;17866
2015;Prefeitura Municipal de Ribeirão Branco - SP;3543006;SP;DCA-Anexo I-C;NA;Receitas Brutas Realizadas;RO1.3.0.0.00.00.00;1.3.0.0.00.00.00 - Receita Patrimonial;33229,90;17866
2015;Prefeitura Municipal de Ribeirão Branco - SP;3543006;SP;DCA-Anexo I-C;NA;Receitas Brutas Realizadas;RO1.3.2.0.00.00.00;1.3.2.0.00.00.00 - Receitas de Valores Mobiliários;33229,90;17866
2015;Prefeitura Municipal de Ribeirão Branco - SP;3543006;SP;DCA-Anexo I-C;NA;Receitas Brutas Realizadas;RO1.3.2.5.00.00.00;1.3.2.5.00.00.00 - Remuneração de Depósitos Bancários;33229,90;17866
2015;Prefeitura Municipal de Ribeirão Branco - SP;3543006;SP;DCA-Anexo I-C;NA;Receitas Brutas Realizadas;RO1.7.0.0.00.00.00;1.7.0.0.00.00.00 - Transferências Correntes;39027331,93;17866
2015;Prefeitura Municipal de Ribeirão Branco - SP;3543006;SP;DCA-Anexo I-C;NA;Deduções - FUNDEB;RO1.7.0.0.00.00.00;1.7.0.0.00.00.00 - Transferências Correntes;-4339883,39;17866
2015;Prefeitura Municipal de Ribeirão Branco - SP;3543006;SP;DCA-Anexo I-C;NA;Receitas Brutas Realizadas;RO1.7.2.0.00.00.00;1.7.2.0.00.00.00 - Transferências Intergovernamentais;37227679,71;17866
2015;Prefeitura Municipal de Ribeirão Branco - SP;3543006;SP;DCA-Anexo I-C;NA;Deduções - FUNDEB;RO1.7.2.0.00.00.00;1.7.2.0.00.00.00 - Transferências Intergovernamentais;-4339883,39;17866
2015;Prefeitura Municipal de Ribeirão Branco - SP;3543006;SP;DCA-Anexo I-C;NA;Receitas Brutas Realizadas;RO1.7.2.1.00.00.00;1.7.2.1.00.00.00 - Transferências da União;19334473,22;17866
2015;Prefeitura Municipal de Ribeirão Branco - SP;3543006;SP;DCA-Anexo I-C;NA;Deduções - FUNDEB;RO1.7.2.1.00.00.00;1.7.2.1.00.00.00 - Transferências da União;-2679783,00;17866
2015;Prefeitura Municipal de Ribeirão Branco - SP;3543006;SP;DCA-Anexo I-C;NA;Receitas Brutas Realizadas;RO1.7.2.1.01.00.00;1.7.2.1.01.00.00 - Participação na Receita da União;14099788,91;17866
2015;Prefeitura Municipal de Ribeirão Branco - SP;3543006;SP;DCA-Anexo I-C;NA;Deduções - FUNDEB;RO1.7.2.1.01.00.00;1.7.2.1.01.00.00 - Participação na Receita da União;-2672349,09;17866
2015;Prefeitura Municipal de Ribeirão Branco - SP;3543006;SP;DCA-Anexo I-C;NA;Receitas Brutas Realizadas;RO1.7.2.1.01.02.00;1.7.2.1.01.02.00 - Cota-Parte do Fundo de Participação dos Municípios ¿ FPM;13991942,71;17866
2015;Prefeitura Municipal de Ribeirão Branco - SP;3543006;SP;DCA-Anexo I-C;NA;Deduções - FUNDEB;RO1.7.2.1.01.02.00;1.7.2.1.01.02.00 - Cota-Parte do Fundo de Participação dos Municípios ¿ FPM;-2650779,97;17866
2015;Prefeitura Municipal de Ribeirão Branco - SP;3543006;SP;DCA-Anexo I-C;NA;Receitas Brutas Realizadas;RO1.7.2.1.01.05.00;1.7.2.1.01.05.00 - Cota-Parte do Imposto Sobre a Propriedade Territorial Rural ¿ ITR;107846,20;17866
2015;Prefeitura Municipal de Ribeirão Branco - SP;3543006;SP;DCA-Anexo I-C;NA;Deduções - FUNDEB;RO1.7.2.1.01.05.00;1.7.2.1.01.05.00 - Cota-Parte do Imposto Sobre a Propriedade Territorial Rural ¿ ITR;-21569,12;17866
2015;Prefeitura Municipal de Ribeirão Branco - SP;3543006;SP;DCA-Anexo I-C;NA;Receitas Brutas Realizadas;RO1.7.2.1.22.00.00;1.7.2.1.22.00.00 - Transferências da Compensação Financeira pela Exploração de Recursos Naturais;153571,76;17866
2015;Prefeitura Municipal de Ribeirão Branco - SP;3543006;SP;DCA-Anexo I-C;NA;Receitas Brutas Realizadas;RO1.7.2.1.22.20.00;1.7.2.1.22.20.00 - Cota-Parte da Compensação Financeira de Recursos Minerais - CFEM;625,89;17866
2015;Prefeitura Municipal de Ribeirão Branco - SP;3543006;SP;DCA-Anexo I-C;NA;Receitas Brutas Realizadas;RO1.7.2.1.22.70.00;1.7.2.1.22.70.00 - Cota-Parte do Fundo Especial do Petróleo ¿ FEP;148611,15;17866
2015;Prefeitura Municipal de Ribeirão Branco - SP;3543006;SP;DCA-Anexo I-C;NA;Receitas Brutas Realizadas;RO1.7.2.1.22.90.00;1.7.2.1.22.90.00 - Outras Transferências Decorrentes de Compensação Financeira pela Exploração de Recursos Naturais;4334,72;17866
2015;Prefeitura Municipal de Ribeirão Branco - SP;3543006;SP;DCA-Anexo I-C;NA;Receitas Brutas Realizadas;RO1.7.2.1.33.00.00;1.7.2.1.33.00.00 - Transferências de Recursos do Sistema Único de Saúde - SUS - Repasses Fundo a Fundo;2928514,45;17866
2015;Prefeitura Municipal de Ribeirão Branco - SP;3543006;SP;DCA-Anexo I-C;NA;Receitas Brutas Realizadas;RO1.7.2.1.34.00.00;1.7.2.1.34.00.00 - Transferências de Recursos do Fundo Nacional de Assistência Social ¿ FNAS;109395,69;17866
2015;Prefeitura Municipal de Ribeirão Branco - SP;3543006;SP;DCA-Anexo I-C;NA;Receitas Brutas Realizadas;RO1.7.2.1.35.00.00;1.7.2.1.35.00.00 - Transferências de Recursos do Fundo Nacional do Desenvolvimento da Educação ¿ FNDE;2006032,51;17866
2015;Prefeitura Municipal de Ribeirão Branco - SP;3543006;SP;DCA-Anexo I-C;NA;Receitas Brutas Realizadas;RO1.7.2.1.36.00.00;1.7.2.1.36.00.00 - Transferências Financeiras do ICMS ¿ Desoneração ¿ L.C. Nº 87/96;37169,90;17866
2015;Prefeitura Municipal de Ribeirão Branco - SP;3543006;SP;DCA-Anexo I-C;NA;Deduções - FUNDEB;RO1.7.2.1.36.00.00;1.7.2.1.36.00.00 - Transferências Financeiras do ICMS ¿ Desoneração ¿ L.C. Nº 87/96;-7433,91;17866
2015;Prefeitura Municipal de Ribeirão Branco - SP;3543006;SP;DCA-Anexo I-C;NA;Receitas Brutas Realizadas;RO1.7.2.2.00.00.00;1.7.2.2.00.00.00 - Transferências dos Estados;8429143,22;17866
2015;Prefeitura Municipal de Ribeirão Branco - SP;3543006;SP;DCA-Anexo I-C;NA;Deduções - FUNDEB;RO1.7.2.2.00.00.00;1.7.2.2.00.00.00 - Transferências dos Estados;-1660100,39;17866
2015;Prefeitura Municipal de Ribeirão Branco - SP;3543006;SP;DCA-Anexo I-C;NA;Receitas Brutas Realizadas;RO1.7.2.2.01.00.00;1.7.2.2.01.00.00 - Participação na Receita dos Estados;8315868,19;17866
2015;Prefeitura Municipal de Ribeirão Branco - SP;3543006;SP;DCA-Anexo I-C;NA;Deduções - FUNDEB;RO1.7.2.2.01.00.00;1.7.2.2.01.00.00 - Participação na Receita dos Estados;-1660100,39;17866
2015;Prefeitura Municipal de Ribeirão Branco - SP;3543006;SP;DCA-Anexo I-C;NA;Receitas Brutas Realizadas;RO1.7.2.2.01.01.00;1.7.2.2.01.01.00 - Cota-Parte do ICMS;7620181,01;17866
2015;Prefeitura Municipal de Ribeirão Branco - SP;3543006;SP;DCA-Anexo I-C;NA;Deduções - FUNDEB;RO1.7.2.2.01.01.00;1.7.2.2.01.01.00 - Cota-Parte do ICMS;-1524035,94;17866
2015;Prefeitura Municipal de Ribeirão Branco - SP;3543006;SP;DCA-Anexo I-C;NA;Receitas Brutas Realizadas;RO1.7.2.2.01.02.00;1.7.2.2.01.02.00 - Cota-Parte do IPVA;619844,51;17866
2015;Prefeitura Municipal de Ribeirão Branco - SP;3543006;SP;DCA-Anexo I-C;NA;Deduções - FUNDEB;RO1.7.2.2.01.02.00;1.7.2.2.01.02.00 - Cota-Parte do IPVA;-123968,83;17866
2015;Prefeitura Municipal de Ribeirão Branco - SP;3543006;SP;DCA-Anexo I-C;NA;Receitas Brutas Realizadas;RO1.7.2.2.01.04.00;1.7.2.2.01.04.00 - Cota-Parte do IPI sobre Exportação;60478,56;17866
2015;Prefeitura Municipal de Ribeirão Branco - SP;3543006;SP;DCA-Anexo I-C;NA;Deduções - FUNDEB;RO1.7.2.2.01.04.00;1.7.2.2.01.04.00 - Cota-Parte do IPI sobre Exportação;-12095,62;17866
2015;Prefeitura Municipal de Ribeirão Branco - SP;3543006;SP;DCA-Anexo I-C;NA;Receitas Brutas Realizadas;RO1.7.2.2.01.13.00;1.7.2.2.01.13.00 - Cota-Parte da Contribuição de Intervenção no Domínio Econômico;15364,11;17866
2015;Prefeitura Municipal de Ribeirão Branco - SP;3543006;SP;DCA-Anexo I-C;NA;Receitas Brutas Realizadas;RO1.7.2.2.22.00.00;1.7.2.2.22.00.00 - Transferências da Cota-Parte da Compensação Financeira (25%);27051,20;17866
2015;Prefeitura Municipal de Ribeirão Branco - SP;3543006;SP;DCA-Anexo I-C;NA;Receitas Brutas Realizadas;RO1.7.2.2.22.30.00;1.7.2.2.22.30.00 - Cota-Parte Royalties - Compensação Financeira pela Produção de Petróleo - Lei nº 7.990/89 artigo 9º;27051,20;17866
2015;Prefeitura Municipal de Ribeirão Branco - SP;3543006;SP;DCA-Anexo I-C;NA;Receitas Brutas Realizadas;RO1.7.2.2.33.00.00;1.7.2.2.33.00.00 - Transferências de Recursos do Estado para Programas de Saúde - Repasse Fundo a Fundo;86223,83;17866
2015;Prefeitura Municipal de Ribeirão Branco - SP;3543006;SP;DCA-Anexo I-C;NA;Receitas Brutas Realizadas;RO1.7.2.4.00.00.00;1.7.2.4.00.00.00 - Transferências Multigovernamentais;9464063,27;17866
2015;Prefeitura Municipal de Ribeirão Branco - SP;3543006;SP;DCA-Anexo I-C;NA;Receitas Brutas Realizadas;RO1.7.2.4.01.00.00;1.7.2.4.01.00.00 - Transferências de Recursos do Fundo de Manutenção e Desenvolvimento do Ensino Fundamental e de Valorização do Magistério - FUNDEB;9464063,27;17866
2015;Prefeitura Municipal de Ribeirão Branco - SP;3543006;SP;DCA-Anexo I-C;NA;Receitas Brutas Realizadas;RO1.7.6.0.00.00.00;1.7.6.0.00.00.00 - Transferências de Convênios;1799652,22;17866
2015;Prefeitura Municipal de Ribeirão Branco - SP;3543006;SP;DCA-Anexo I-C;NA;Receitas Brutas Realizadas;RO1.7.6.2.00.00.00;1.7.6.2.00.00.00 - Transferências de Convênios dos Estados e do Distrito Federal e de Suas Entidades;1799652,22;17866
2015;Prefeitura Municipal de Ribeirão Branco - SP;3543006;SP;DCA-Anexo I-C;NA;Receitas Brutas Realizadas;RO1.7.6.2.02.00.00;1.7.6.2.02.00.00 - Transferências de Convênios dos Estados Destinadas a Programas de Educação;1639622,53;17866
2015;Prefeitura Municipal de Ribeirão Branco - SP;3543006;SP;DCA-Anexo I-C;NA;Receitas Brutas Realizadas;RO1.7.6.2.99.00.00;1.7.6.2.99.00.00 - Outras Transferências de Convênios dos Estados;160029,69;17866
2015;Prefeitura Municipal de Ribeirão Branco - SP;3543006;SP;DCA-Anexo I-C;NA;Receitas Brutas Realizadas;RO1.9.0.0.00.00.00;1.9.0.0.00.00.00 - Outras Receitas Correntes;345552,04;17866
2015;Prefeitura Municipal de Ribeirão Branco - SP;3543006;SP;DCA-Anexo I-C;NA;Receitas Brutas Realizadas;RO1.9.1.0.00.00.00;1.9.1.0.00.00.00 - Multas e Juros de Mora;43222,82;17866
2015;Prefeitura Municipal de Ribeirão Branco - SP;3543006;SP;DCA-Anexo I-C;NA;Receitas Brutas Realizadas;RO1.9.1.9.00.00.00;1.9.1.9.00.00.00 - Multas de Outras Origens;43222,82;17866
2015;Prefeitura Municipal de Ribeirão Branco - SP;3543006;SP;DCA-Anexo I-C;NA;Receitas Brutas Realizadas;RO1.9.2.0.00.00.00;1.9.2.0.00.00.00 - Indenizações e Restituições;302179,42;17866
2015;Prefeitura Municipal de Ribeirão Branco - SP;3543006;SP;DCA-Anexo I-C;NA;Receitas Brutas Realizadas;RO1.9.2.2.00.00.00;1.9.2.2.00.00.00 - Restituições;302179,42;17866
2015;Prefeitura Municipal de Ribeirão Branco - SP;3543006;SP;DCA-Anexo I-C;NA;Receitas Brutas Realizadas;RO1.9.2.2.99.00.00;1.9.2.2.99.00.00 - Outras Restituições;302179,42;17866
2015;Prefeitura Municipal de Ribeirão Branco - SP;3543006;SP;DCA-Anexo I-C;NA;Receitas Brutas Realizadas;RO1.9.3.0.00.00.00;1.9.3.0.00.00.00 - Receita da Dívida Ativa;149,80;17866
2015;Prefeitura Municipal de Ribeirão Branco - SP;3543006;SP;DCA-Anexo I-C;NA;Receitas Brutas Realizadas;RO1.9.3.1.00.00.00;1.9.3.1.00.00.00 - Receita da Dívida Ativa Tributária;149,80;17866
2015;Prefeitura Municipal de Ribeirão Branco - SP;3543006;SP;DCA-Anexo I-C;NA;Receitas Brutas Realizadas;RO1.9.3.1.99.00.00;1.9.3.1.99.00.00 - Receita da Dívida Ativa de Outros Tributos;149,80;17866
2015;Prefeitura Municipal de Ribeirão Branco - SP;3543006;SP;DCA-Anexo I-C;NA;Receitas Brutas Realizadas;RO2.0.0.0.00.00.00;2.0.0.0.00.00.00 - Receitas de Capital;1585791,16;17866
2015;Prefeitura Municipal de Ribeirão Branco - SP;3543006;SP;DCA-Anexo I-C;NA;Receitas Brutas Realizadas;RO2.2.0.0.00.00.00;2.2.0.0.00.00.00 - Alienação de Bens;79800,00;17866
2015;Prefeitura Municipal de Ribeirão Branco - SP;3543006;SP;DCA-Anexo I-C;NA;Receitas Brutas Realizadas;RO2.2.1.0.00.00.00;2.2.1.0.00.00.00 - Alienação de Bens Móveis;79800,00;17866
2015;Prefeitura Municipal de Ribeirão Branco - SP;3543006;SP;DCA-Anexo I-C;NA;Receitas Brutas Realizadas;RO2.4.0.0.00.00.00;2.4.0.0.00.00.00 - Transferências de Capital;927686,51;17866
2015;Prefeitura Municipal de Ribeirão Branco - SP;3543006;SP;DCA-Anexo I-C;NA;Receitas Brutas Realizadas;RO2.4.2.0.00.00.00;2.4.2.0.00.00.00 - Transferências Intergovernamentais;927686,51;17866
2015;Prefeitura Municipal de Ribeirão Branco - SP;3543006;SP;DCA-Anexo I-C;NA;Receitas Brutas Realizadas;RO2.4.2.2.00.00.00;2.4.2.2.00.00.00 - Transferências dos Estados;927686,51;17866
2015;Prefeitura Municipal de Ribeirão Branco - SP;3543006;SP;DCA-Anexo I-C;NA;Receitas Brutas Realizadas;RO2.4.2.2.99.00.00;2.4.2.2.99.00.00 - Outras Transferências dos Estados;927686,51;17866
2015;Prefeitura Municipal de Ribeirão Branco - SP;3543006;SP;DCA-Anexo I-C;NA;Receitas Brutas Realizadas;RO2.5.0.0.00.00.00;2.5.0.0.00.00.00 - Outras Receitas de Capital;578304,65;17866
2015;Prefeitura Municipal de Ribeirão Branco - SP;3543006;SP;DCA-Anexo I-C;NA;Receitas Brutas Realizadas;RO2.5.9.0.00.00.00;2.5.9.0.00.00.00 - Outras Receitas;578304,65;17866
2016;Prefeitura Municipal de Ribeirão Branco - SP;3543006;SP;DCA-Anexo I-C;NA;Receitas Brutas Realizadas;TotalReceitas;Total Receitas;45353206,41;17646
2016;Prefeitura Municipal de Ribeirão Branco - SP;3543006;SP;DCA-Anexo I-C;NA;Deduções - FUNDEB;TotalReceitas;Total Receitas;-4739089,48;17646
2016;Prefeitura Municipal de Ribeirão Branco - SP;3543006;SP;DCA-Anexo I-C;NA;Receitas Brutas Realizadas;RO1.0.0.0.00.00.00;1.0.0.0.00.00.00 - Receitas Correntes;44522781,41;17646
2016;Prefeitura Municipal de Ribeirão Branco - SP;3543006;SP;DCA-Anexo I-C;NA;Deduções - FUNDEB;RO1.0.0.0.00.00.00;1.0.0.0.00.00.00 - Receitas Correntes;-4739089,48;17646
2016;Prefeitura Municipal de Ribeirão Branco - SP;3543006;SP;DCA-Anexo I-C;NA;Receitas Brutas Realizadas;RO1.1.0.0.00.00.00;1.1.0.0.00.00.00 - Receita Tributária;1467649,30;17646
2016;Prefeitura Municipal de Ribeirão Branco - SP;3543006;SP;DCA-Anexo I-C;NA;Receitas Brutas Realizadas;RO1.1.1.0.00.00.00;1.1.1.0.00.00.00 - Impostos;1149535,35;17646
2016;Prefeitura Municipal de Ribeirão Branco - SP;3543006;SP;DCA-Anexo I-C;NA;Receitas Brutas Realizadas;RO1.1.1.2.00.00.00;1.1.1.2.00.00.00 - Impostos sobre o Patrimônio e a Renda;755539,42;17646
2016;Prefeitura Municipal de Ribeirão Branco - SP;3543006;SP;DCA-Anexo I-C;NA;Receitas Brutas Realizadas;RO1.1.1.2.02.00.00;1.1.1.2.02.00.00 - Imposto sobre a Propriedade Predial e Territorial Urbana ¿ IPTU;133862,77;17646
2016;Prefeitura Municipal de Ribeirão Branco - SP;3543006;SP;DCA-Anexo I-C;NA;Receitas Brutas Realizadas;RO1.1.1.2.04.00.00;1.1.1.2.04.00.00 - Imposto sobre a Renda e Proventos de Qualquer Natureza ¿ IR;474593,66;17646
2016;Prefeitura Municipal de Ribeirão Branco - SP;3543006;SP;DCA-Anexo I-C;NA;Receitas Brutas Realizadas;RO1.1.1.2.04.31.00;1.1.1.2.04.31.00 - Retido nas Fontes - Trabalho;430484,27;17646
2016;Prefeitura Municipal de Ribeirão Branco - SP;3543006;SP;DCA-Anexo I-C;NA;Receitas Brutas Realizadas;RO1.1.1.2.04.34.00;1.1.1.2.04.34.00 - Retido nas Fontes - Outros Rendimentos;44109,39;17646
2016;Prefeitura Municipal de Ribeirão Branco - SP;3543006;SP;DCA-Anexo I-C;NA;Receitas Brutas Realizadas;RO1.1.1.2.08.00.00;"1.1.1.2.08.00.00 - Imposto sobre Transmissão ""Inter Vivos"" de Bens Imóveis e de Direitos Reais sobre Imóveis ¿ ITBI";147082,99;17646
2016;Prefeitura Municipal de Ribeirão Branco - SP;3543006;SP;DCA-Anexo I-C;NA;Receitas Brutas Realizadas;RO1.1.1.3.00.00.00;1.1.1.3.00.00.00 - Impostos sobre a Produção e a Circulação;393995,93;17646
2016;Prefeitura Municipal de Ribeirão Branco - SP;3543006;SP;DCA-Anexo I-C;NA;Receitas Brutas Realizadas;RO1.1.1.3.05.00.00;1.1.1.3.05.00.00 - Imposto sobre Serviços de Qualquer Natureza ¿ ISSQN;393995,93;17646
2016;Prefeitura Municipal de Ribeirão Branco - SP;3543006;SP;DCA-Anexo I-C;NA;Receitas Brutas Realizadas;RO1.1.2.0.00.00.00;1.1.2.0.00.00.00 - Taxas;181945,45;17646
2016;Prefeitura Municipal de Ribeirão Branco - SP;3543006;SP;DCA-Anexo I-C;NA;Receitas Brutas Realizadas;RO1.1.2.1.00.00.00;1.1.2.1.00.00.00 - Taxas pelo Exercício do Poder de Polícia;106771,42;17646
2016;Prefeitura Municipal de Ribeirão Branco - SP;3543006;SP;DCA-Anexo I-C;NA;Receitas Brutas Realizadas;RO1.1.2.2.00.00.00;1.1.2.2.00.00.00 - Taxas pela Prestação de Serviços;75174,03;17646
2016;Prefeitura Municipal de Ribeirão Branco - SP;3543006;SP;DCA-Anexo I-C;NA;Receitas Brutas Realizadas;RO1.1.2.2.99.00.00;1.1.2.2.99.00.00 - Outras Taxas pela Prestação de Serviços;75174,03;17646
2016;Prefeitura Municipal de Ribeirão Branco - SP;3543006;SP;DCA-Anexo I-C;NA;Receitas Brutas Realizadas;RO1.1.3.0.00.00.00;1.1.3.0.00.00.00 - Contribuição de Melhoria;136168,50;17646
2016;Prefeitura Municipal de Ribeirão Branco - SP;3543006;SP;DCA-Anexo I-C;NA;Receitas Brutas Realizadas;RO1.1.3.0.99.00.00;1.1.3.0.99.00.00 - Outras Contribuições de Melhoria;136168,50;17646
2016;Prefeitura Municipal de Ribeirão Branco - SP;3543006;SP;DCA-Anexo I-C;NA;Receitas Brutas Realizadas;RO1.3.0.0.00.00.00;1.3.0.0.00.00.00 - Receita Patrimonial;85016,42;17646
2016;Prefeitura Municipal de Ribeirão Branco - SP;3543006;SP;DCA-Anexo I-C;NA;Receitas Brutas Realizadas;RO1.3.1.0.00.00.00;1.3.1.0.00.00.00 - Receitas Imobiliárias;600,00;17646
2016;Prefeitura Municipal de Ribeirão Branco - SP;3543006;SP;DCA-Anexo I-C;NA;Receitas Brutas Realizadas;RO1.3.1.1.00.00.00;1.3.1.1.00.00.00 - Aluguéis;600,00;17646
2016;Prefeitura Municipal de Ribeirão Branco - SP;3543006;SP;DCA-Anexo I-C;NA;Receitas Brutas Realizadas;RO1.3.2.0.00.00.00;1.3.2.0.00.00.00 - Receitas de Valores Mobiliários;84416,42;17646
2016;Prefeitura Municipal de Ribeirão Branco - SP;3543006;SP;DCA-Anexo I-C;NA;Receitas Brutas Realizadas;RO1.3.2.5.00.00.00;1.3.2.5.00.00.00 - Remuneração de Depósitos Bancários;84416,42;17646
2016;Prefeitura Municipal de Ribeirão Branco - SP;3543006;SP;DCA-Anexo I-C;NA;Receitas Brutas Realizadas;RO1.7.0.0.00.00.00;1.7.0.0.00.00.00 - Transferências Correntes;42478386,89;17646
2016;Prefeitura Municipal de Ribeirão Branco - SP;3543006;SP;DCA-Anexo I-C;NA;Deduções - FUNDEB;RO1.7.0.0.00.00.00;1.7.0.0.00.00.00 - Transferências Correntes;-4739089,48;17646
2016;Prefeitura Municipal de Ribeirão Branco - SP;3543006;SP;DCA-Anexo I-C;NA;Receitas Brutas Realizadas;RO1.7.2.0.00.00.00;1.7.2.0.00.00.00 - Transferências Intergovernamentais;40654890,02;17646
2016;Prefeitura Municipal de Ribeirão Branco - SP;3543006;SP;DCA-Anexo I-C;NA;Deduções - FUNDEB;RO1.7.2.0.00.00.00;1.7.2.0.00.00.00 - Transferências Intergovernamentais;-4739089,48;17646
2016;Prefeitura Municipal de Ribeirão Branco - SP;3543006;SP;DCA-Anexo I-C;NA;Receitas Brutas Realizadas;RO1.7.2.1.00.00.00;1.7.2.1.00.00.00 - Transferências da União;21405244,36;17646
2016;Prefeitura Municipal de Ribeirão Branco - SP;3543006;SP;DCA-Anexo I-C;NA;Deduções - FUNDEB;RO1.7.2.1.00.00.00;1.7.2.1.00.00.00 - Transferências da União;-3049270,30;17646
2016;Prefeitura Municipal de Ribeirão Branco - SP;3543006;SP;DCA-Anexo I-C;NA;Receitas Brutas Realizadas;RO1.7.2.1.01.00.00;1.7.2.1.01.00.00 - Participação na Receita da União;16324708,35;17646
2016;Prefeitura Municipal de Ribeirão Branco - SP;3543006;SP;DCA-Anexo I-C;NA;Deduções - FUNDEB;RO1.7.2.1.01.00.00;1.7.2.1.01.00.00 - Participação na Receita da União;-3041782,42;17646
2016;Prefeitura Municipal de Ribeirão Branco - SP;3543006;SP;DCA-Anexo I-C;NA;Receitas Brutas Realizadas;RO1.7.2.1.01.02.00;1.7.2.1.01.02.00 - Cota-Parte do Fundo de Participação dos Municípios ¿ FPM;16235299,95;17646
2016;Prefeitura Municipal de Ribeirão Branco - SP;3543006;SP;DCA-Anexo I-C;NA;Deduções - FUNDEB;RO1.7.2.1.01.02.00;1.7.2.1.01.02.00 - Cota-Parte do Fundo de Participação dos Municípios ¿ FPM;-3023900,86;17646
2016;Prefeitura Municipal de Ribeirão Branco - SP;3543006;SP;DCA-Anexo I-C;NA;Receitas Brutas Realizadas;RO1.7.2.1.01.05.00;1.7.2.1.01.05.00 - Cota-Parte do Imposto Sobre a Propriedade Territorial Rural ¿ ITR;89408,40;17646
2016;Prefeitura Municipal de Ribeirão Branco - SP;3543006;SP;DCA-Anexo I-C;NA;Deduções - FUNDEB;RO1.7.2.1.01.05.00;1.7.2.1.01.05.00 - Cota-Parte do Imposto Sobre a Propriedade Territorial Rural ¿ ITR;-17881,56;17646
2016;Prefeitura Municipal de Ribeirão Branco - SP;3543006;SP;DCA-Anexo I-C;NA;Receitas Brutas Realizadas;RO1.7.2.1.22.00.00;1.7.2.1.22.00.00 - Transferências da Compensação Financeira pela Exploração de Recursos Naturais;132669,65;17646
2016;Prefeitura Municipal de Ribeirão Branco - SP;3543006;SP;DCA-Anexo I-C;NA;Receitas Brutas Realizadas;RO1.7.2.1.22.20.00;1.7.2.1.22.20.00 - Cota-Parte da Compensação Financeira de Recursos Minerais - CFEM;5094,93;17646
2016;Prefeitura Municipal de Ribeirão Branco - SP;3543006;SP;DCA-Anexo I-C;NA;Receitas Brutas Realizadas;RO1.7.2.1.22.70.00;1.7.2.1.22.70.00 - Cota-Parte do Fundo Especial do Petróleo ¿ FEP;127205,35;17646
2016;Prefeitura Municipal de Ribeirão Branco - SP;3543006;SP;DCA-Anexo I-C;NA;Receitas Brutas Realizadas;RO1.7.2.1.22.90.00;1.7.2.1.22.90.00 - Outras Transferências Decorrentes de Compensação Financeira pela Exploração de Recursos Naturais;369,37;17646
2016;Prefeitura Municipal de Ribeirão Branco - SP;3543006;SP;DCA-Anexo I-C;NA;Receitas Brutas Realizadas;RO1.7.2.1.33.00.00;1.7.2.1.33.00.00 - Transferências de Recursos do Sistema Único de Saúde - SUS - Repasses Fundo a Fundo;2681911,66;17646
2016;Prefeitura Municipal de Ribeirão Branco - SP;3543006;SP;DCA-Anexo I-C;NA;Receitas Brutas Realizadas;RO1.7.2.1.34.00.00;1.7.2.1.34.00.00 - Transferências de Recursos do Fundo Nacional de Assistência Social ¿ FNAS;13253,37;17646
2016;Prefeitura Municipal de Ribeirão Branco - SP;3543006;SP;DCA-Anexo I-C;NA;Receitas Brutas Realizadas;RO1.7.2.1.35.00.00;1.7.2.1.35.00.00 - Transferências de Recursos do Fundo Nacional do Desenvolvimento da Educação ¿ FNDE;2215261,81;17646
2016;Prefeitura Municipal de Ribeirão Branco - SP;3543006;SP;DCA-Anexo I-C;NA;Receitas Brutas Realizadas;RO1.7.2.1.36.00.00;1.7.2.1.36.00.00 - Transferências Financeiras do ICMS ¿ Desoneração ¿ L.C. Nº 87/96;37439,52;17646
2016;Prefeitura Municipal de Ribeirão Branco - SP;3543006;SP;DCA-Anexo I-C;NA;Deduções - FUNDEB;RO1.7.2.1.36.00.00;1.7.2.1.36.00.00 - Transferências Financeiras do ICMS ¿ Desoneração ¿ L.C. Nº 87/96;-7487,88;17646
2016;Prefeitura Municipal de Ribeirão Branco - SP;3543006;SP;DCA-Anexo I-C;NA;Receitas Brutas Realizadas;RO1.7.2.2.00.00.00;1.7.2.2.00.00.00 - Transferências dos Estados;8913378,59;17646
2016;Prefeitura Municipal de Ribeirão Branco - SP;3543006;SP;DCA-Anexo I-C;NA;Deduções - FUNDEB;RO1.7.2.2.00.00.00;1.7.2.2.00.00.00 - Transferências dos Estados;-1689819,18;17646
2016;Prefeitura Municipal de Ribeirão Branco - SP;3543006;SP;DCA-Anexo I-C;NA;Receitas Brutas Realizadas;RO1.7.2.2.01.00.00;1.7.2.2.01.00.00 - Participação na Receita dos Estados;8491397,41;17646
2016;Prefeitura Municipal de Ribeirão Branco - SP;3543006;SP;DCA-Anexo I-C;NA;Deduções - FUNDEB;RO1.7.2.2.01.00.00;1.7.2.2.01.00.00 - Participação na Receita dos Estados;-1689819,18;17646
2016;Prefeitura Municipal de Ribeirão Branco - SP;3543006;SP;DCA-Anexo I-C;NA;Receitas Brutas Realizadas;RO1.7.2.2.01.01.00;1.7.2.2.01.01.00 - Cota-Parte do ICMS;7667482,23;17646
2016;Prefeitura Municipal de Ribeirão Branco - SP;3543006;SP;DCA-Anexo I-C;NA;Deduções - FUNDEB;RO1.7.2.2.01.01.00;1.7.2.2.01.01.00 - Cota-Parte do ICMS;-1533496,26;17646
2016;Prefeitura Municipal de Ribeirão Branco - SP;3543006;SP;DCA-Anexo I-C;NA;Receitas Brutas Realizadas;RO1.7.2.2.01.02.00;1.7.2.2.01.02.00 - Cota-Parte do IPVA;729146,49;17646
2016;Prefeitura Municipal de Ribeirão Branco - SP;3543006;SP;DCA-Anexo I-C;NA;Deduções - FUNDEB;RO1.7.2.2.01.02.00;1.7.2.2.01.02.00 - Cota-Parte do IPVA;-145829,22;17646
2016;Prefeitura Municipal de Ribeirão Branco - SP;3543006;SP;DCA-Anexo I-C;NA;Receitas Brutas Realizadas;RO1.7.2.2.01.04.00;1.7.2.2.01.04.00 - Cota-Parte do IPI - Municípios;52469,15;17646
2016;Prefeitura Municipal de Ribeirão Branco - SP;3543006;SP;DCA-Anexo I-C;NA;Deduções - FUNDEB;RO1.7.2.2.01.04.00;1.7.2.2.01.04.00 - Cota-Parte do IPI - Municípios;-10493,70;17646
2016;Prefeitura Municipal de Ribeirão Branco - SP;3543006;SP;DCA-Anexo I-C;NA;Receitas Brutas Realizadas;RO1.7.2.2.01.13.00;1.7.2.2.01.13.00 - Cota-Parte da Contribuição de Intervenção no Domínio Econômico;42299,54;17646
2016;Prefeitura Municipal de Ribeirão Branco - SP;3543006;SP;DCA-Anexo I-C;NA;Receitas Brutas Realizadas;RO1.7.2.2.22.00.00;1.7.2.2.22.00.00 - Transferências da Cota-Parte da Compensação Financeira (25%);22918,68;17646
2016;Prefeitura Municipal de Ribeirão Branco - SP;3543006;SP;DCA-Anexo I-C;NA;Receitas Brutas Realizadas;RO1.7.2.2.22.30.00;1.7.2.2.22.30.00 - Cota-Parte Royalties - Compensação Financeira pela Produção de Petróleo - Lei nº 7.990/89 artigo 9º;22918,68;17646
2016;Prefeitura Municipal de Ribeirão Branco - SP;3543006;SP;DCA-Anexo I-C;NA;Receitas Brutas Realizadas;RO1.7.2.2.33.00.00;1.7.2.2.33.00.00 - Transferências de Recursos do Estado para Programas de Saúde - Repasse Fundo a Fundo;399062,50;17646
2016;Prefeitura Municipal de Ribeirão Branco - SP;3543006;SP;DCA-Anexo I-C;NA;Receitas Brutas Realizadas;RO1.7.2.4.00.00.00;1.7.2.4.00.00.00 - Transferências Multigovernamentais;10336267,07;17646
2016;Prefeitura Municipal de Ribeirão Branco - SP;3543006;SP;DCA-Anexo I-C;NA;Receitas Brutas Realizadas;RO1.7.2.4.01.00.00;1.7.2.4.01.00.00 - Transferências de Recursos do Fundo de Manutenção e Desenvolvimento do Ensino Fundamental e de Valorização do Magistério - FUNDEB;10336267,07;17646
2016;Prefeitura Municipal de Ribeirão Branco - SP;3543006;SP;DCA-Anexo I-C;NA;Receitas Brutas Realizadas;RO1.7.6.0.00.00.00;1.7.6.0.00.00.00 - Transferências de Convênios;1823496,87;17646
2016;Prefeitura Municipal de Ribeirão Branco - SP;3543006;SP;DCA-Anexo I-C;NA;Receitas Brutas Realizadas;RO1.7.6.2.00.00.00;1.7.6.2.00.00.00 - Transferências de Convênios dos Estados e do Distrito Federal e de Suas Entidades;1823496,87;17646
2016;Prefeitura Municipal de Ribeirão Branco - SP;3543006;SP;DCA-Anexo I-C;NA;Receitas Brutas Realizadas;RO1.7.6.2.02.00.00;1.7.6.2.02.00.00 - Transferências de Convênios dos Estados Destinadas a Programas de Educação;1665461,45;17646
2016;Prefeitura Municipal de Ribeirão Branco - SP;3543006;SP;DCA-Anexo I-C;NA;Receitas Brutas Realizadas;RO1.7.6.2.99.00.00;1.7.6.2.99.00.00 - Outras Transferências de Convênios dos Estados;158035,42;17646
2016;Prefeitura Municipal de Ribeirão Branco - SP;3543006;SP;DCA-Anexo I-C;NA;Receitas Brutas Realizadas;RO1.9.0.0.00.00.00;1.9.0.0.00.00.00 - Outras Receitas Correntes;491728,80;17646
2016;Prefeitura Municipal de Ribeirão Branco - SP;3543006;SP;DCA-Anexo I-C;NA;Receitas Brutas Realizadas;RO1.9.1.0.00.00.00;1.9.1.0.00.00.00 - Multas e Juros de Mora;68162,11;17646
2016;Prefeitura Municipal de Ribeirão Branco - SP;3543006;SP;DCA-Anexo I-C;NA;Receitas Brutas Realizadas;RO1.9.1.1.00.00.00;1.9.1.1.00.00.00 - Multas e Juros de Mora dos Tributos;31,68;17646
2016;Prefeitura Municipal de Ribeirão Branco - SP;3543006;SP;DCA-Anexo I-C;NA;Receitas Brutas Realizadas;RO1.9.1.1.38.00.00;1.9.1.1.38.00.00 - Multas e Juros de Mora do Imposto sobre a Propriedade Predial e Territorial Urbana ¿ IPTU;2,06;17646
2016;Prefeitura Municipal de Ribeirão Branco - SP;3543006;SP;DCA-Anexo I-C;NA;Receitas Brutas Realizadas;RO1.9.1.1.40.00.00;1.9.1.1.40.00.00 - Multas e Juros de Mora do Imposto sobre Serviços de Qualquer Natureza ¿ ISS;10,20;17646
2016;Prefeitura Municipal de Ribeirão Branco - SP;3543006;SP;DCA-Anexo I-C;NA;Receitas Brutas Realizadas;RO1.9.1.1.99.00.00;1.9.1.1.99.00.00 - Multas e Juros de Mora de Outros Tributos;19,42;17646
2016;Prefeitura Municipal de Ribeirão Branco - SP;3543006;SP;DCA-Anexo I-C;NA;Receitas Brutas Realizadas;RO1.9.1.3.00.00.00;1.9.1.3.00.00.00 - Multas e Juros de Mora da Dívida Ativa dos Tributos;38834,88;17646
2016;Prefeitura Municipal de Ribeirão Branco - SP;3543006;SP;DCA-Anexo I-C;NA;Receitas Brutas Realizadas;RO1.9.1.3.11.00.00;1.9.1.3.11.00.00 - Multas e Juros de Mora da Dívida Ativa do Imposto sobre a Propriedade Predial e Territorial Urbana ¿ IPTU;23822,47;17646
2016;Prefeitura Municipal de Ribeirão Branco - SP;3543006;SP;DCA-Anexo I-C;NA;Receitas Brutas Realizadas;RO1.9.1.3.13.00.00;1.9.1.3.13.00.00 - Multas e Juros de Mora da Dívida Ativa do Imposto sobre Serviços de Qualquer Natureza ¿ ISS;461,89;17646
2016;Prefeitura Municipal de Ribeirão Branco - SP;3543006;SP;DCA-Anexo I-C;NA;Receitas Brutas Realizadas;RO1.9.1.3.99.00.00;1.9.1.3.99.00.00 - Multas e Juros de Mora da Dívida Ativa de Outros Tributos;14550,52;17646
2016;Prefeitura Municipal de Ribeirão Branco - SP;3543006;SP;DCA-Anexo I-C;NA;Receitas Brutas Realizadas;RO1.9.1.9.00.00.00;1.9.1.9.00.00.00 - Multas de Outras Origens;29295,55;17646
2016;Prefeitura Municipal de Ribeirão Branco - SP;3543006;SP;DCA-Anexo I-C;NA;Receitas Brutas Realizadas;RO1.9.2.0.00.00.00;1.9.2.0.00.00.00 - Indenizações e Restituições;267373,24;17646
2016;Prefeitura Municipal de Ribeirão Branco - SP;3543006;SP;DCA-Anexo I-C;NA;Receitas Brutas Realizadas;RO1.9.2.2.00.00.00;1.9.2.2.00.00.00 - Restituições;267373,24;17646
2016;Prefeitura Municipal de Ribeirão Branco - SP;3543006;SP;DCA-Anexo I-C;NA;Receitas Brutas Realizadas;RO1.9.2.2.99.00.00;1.9.2.2.99.00.00 - Outras Restituições;267373,24;17646
2016;Prefeitura Municipal de Ribeirão Branco - SP;3543006;SP;DCA-Anexo I-C;NA;Receitas Brutas Realizadas;RO1.9.3.0.00.00.00;1.9.3.0.00.00.00 - Receita da Dívida Ativa;124811,78;17646
2016;Prefeitura Municipal de Ribeirão Branco - SP;3543006;SP;DCA-Anexo I-C;NA;Receitas Brutas Realizadas;RO1.9.3.1.00.00.00;1.9.3.1.00.00.00 - Receita da Dívida Ativa Tributária;114768,24;17646
2016;Prefeitura Municipal de Ribeirão Branco - SP;3543006;SP;DCA-Anexo I-C;NA;Receitas Brutas Realizadas;RO1.9.3.1.11.00.00;1.9.3.1.11.00.00 - Receita da Dívida Ativa do Imposto sobre a Propriedade Predial e Territorial Urbana ¿ IPTU;71796,26;17646
2016;Prefeitura Municipal de Ribeirão Branco - SP;3543006;SP;DCA-Anexo I-C;NA;Receitas Brutas Realizadas;RO1.9.3.1.13.00.00;1.9.3.1.13.00.00 - Receita da Dívida Ativa do Imposto sobre Serviços de Qualquer Natureza ¿ ISS;1772,33;17646
2016;Prefeitura Municipal de Ribeirão Branco - SP;3543006;SP;DCA-Anexo I-C;NA;Receitas Brutas Realizadas;RO1.9.3.1.99.00.00;1.9.3.1.99.00.00 - Receita da Dívida Ativa de Outros Tributos;41199,65;17646
2016;Prefeitura Municipal de Ribeirão Branco - SP;3543006;SP;DCA-Anexo I-C;NA;Receitas Brutas Realizadas;RO1.9.3.2.00.00.00;1.9.3.2.00.00.00 - Receita da Dívida Ativa Não Tributária;10043,54;17646
2016;Prefeitura Municipal de Ribeirão Branco - SP;3543006;SP;DCA-Anexo I-C;NA;Receitas Brutas Realizadas;RO1.9.3.2.99.00.00;1.9.3.2.99.00.00 - Receita da Dívida Ativa Não Tributária de Outras Receitas;10043,54;17646
2016;Prefeitura Municipal de Ribeirão Branco - SP;3543006;SP;DCA-Anexo I-C;NA;Receitas Brutas Realizadas;RO1.9.9.0.00.00.00;1.9.9.0.00.00.00 - Receitas Diversas;31381,67;17646
2016;Prefeitura Municipal de Ribeirão Branco - SP;3543006;SP;DCA-Anexo I-C;NA;Receitas Brutas Realizadas;RO1.9.9.0.99.00.00;1.9.9.0.99.00.00 - Outras Receitas;31381,67;17646
2016;Prefeitura Municipal de Ribeirão Branco - SP;3543006;SP;DCA-Anexo I-C;NA;Receitas Brutas Realizadas;RO2.0.0.0.00.00.00;2.0.0.0.00.00.00 - Receitas de Capital;830425,00;17646
2016;Prefeitura Municipal de Ribeirão Branco - SP;3543006;SP;DCA-Anexo I-C;NA;Receitas Brutas Realizadas;RO2.4.0.0.00.00.00;2.4.0.0.00.00.00 - Transferências de Capital;830425,00;17646
2016;Prefeitura Municipal de Ribeirão Branco - SP;3543006;SP;DCA-Anexo I-C;NA;Receitas Brutas Realizadas;RO2.4.7.0.00.00.00;2.4.7.0.00.00.00 - Transferências de Convênios;830425,00;17646
2016;Prefeitura Municipal de Ribeirão Branco - SP;3543006;SP;DCA-Anexo I-C;NA;Receitas Brutas Realizadas;RO2.4.7.1.00.00.00;2.4.7.1.00.00.00 - Transferências de Convênios da União e de suas Entidades;830425,00;17646
2016;Prefeitura Municipal de Ribeirão Branco - SP;3543006;SP;DCA-Anexo I-C;NA;Receitas Brutas Realizadas;RO2.4.7.1.99.00.00;2.4.7.1.99.00.00 - Outras Transferências de Convênios da União;830425,00;17646
2017;Prefeitura Municipal de Ribeirão Branco - SP;3543006;SP;DCA-Anexo I-C;Padrão;Receitas Brutas Realizadas;TotalReceitas;Total Receitas;46317579,08;17430
2017;Prefeitura Municipal de Ribeirão Branco - SP;3543006;SP;DCA-Anexo I-C;Padrão;Deduções - FUNDEB;TotalReceitas;Total Receitas;-4695125,02;17430
2017;Prefeitura Municipal de Ribeirão Branco - SP;3543006;SP;DCA-Anexo I-C;Padrão;Receitas Brutas Realizadas;RO1.0.0.0.00.00.00;1.0.0.0.00.00.00 - Receitas Correntes;44571048,46;17430
2017;Prefeitura Municipal de Ribeirão Branco - SP;3543006;SP;DCA-Anexo I-C;Padrão;Deduções - FUNDEB;RO1.0.0.0.00.00.00;1.0.0.0.00.00.00 - Receitas Correntes;-4695125,02;17430
2017;Prefeitura Municipal de Ribeirão Branco - SP;3543006;SP;DCA-Anexo I-C;Padrão;Receitas Brutas Realizadas;RO1.1.0.0.00.00.00;1.1.0.0.00.00.00 - Receita Tributária;2029190,88;17430
2017;Prefeitura Municipal de Ribeirão Branco - SP;3543006;SP;DCA-Anexo I-C;Padrão;Receitas Brutas Realizadas;RO1.1.1.0.00.00.00;1.1.1.0.00.00.00 - Impostos;1578046,98;17430
2017;Prefeitura Municipal de Ribeirão Branco - SP;3543006;SP;DCA-Anexo I-C;Padrão;Receitas Brutas Realizadas;RO1.1.1.2.00.00.00;1.1.1.2.00.00.00 - Impostos sobre o Patrimônio e a Renda;656306,76;17430
2017;Prefeitura Municipal de Ribeirão Branco - SP;3543006;SP;DCA-Anexo I-C;Padrão;Receitas Brutas Realizadas;RO1.1.1.2.02.00.00;1.1.1.2.02.00.00 - Imposto sobre a Propriedade Predial e Territorial Urbana ¿ IPTU;171761,38;17430
2017;Prefeitura Municipal de Ribeirão Branco - SP;3543006;SP;DCA-Anexo I-C;Padrão;Receitas Brutas Realizadas;RO1.1.1.2.04.00.00;1.1.1.2.04.00.00 - Imposto sobre a Renda e Proventos de Qualquer Natureza ¿ IR;401315,10;17430
2017;Prefeitura Municipal de Ribeirão Branco - SP;3543006;SP;DCA-Anexo I-C;Padrão;Receitas Brutas Realizadas;RO1.1.1.2.04.31.00;1.1.1.2.04.31.00 - Retido nas Fontes - Trabalho;362430,45;17430
2017;Prefeitura Municipal de Ribeirão Branco - SP;3543006;SP;DCA-Anexo I-C;Padrão;Receitas Brutas Realizadas;RO1.1.1.2.04.34.00;1.1.1.2.04.34.00 - Retido nas Fontes - Outros Rendimentos;38884,65;17430
2017;Prefeitura Municipal de Ribeirão Branco - SP;3543006;SP;DCA-Anexo I-C;Padrão;Receitas Brutas Realizadas;RO1.1.1.2.08.00.00;"1.1.1.2.08.00.00 - Imposto sobre Transmissão ""Inter Vivos"" de Bens Imóveis e de Direitos Reais sobre Imóveis ¿ ITBI";83230,28;17430
2017;Prefeitura Municipal de Ribeirão Branco - SP;3543006;SP;DCA-Anexo I-C;Padrão;Receitas Brutas Realizadas;RO1.1.1.3.00.00.00;1.1.1.3.00.00.00 - Impostos sobre a Produção e a Circulação;921740,22;17430
2017;Prefeitura Municipal de Ribeirão Branco - SP;3543006;SP;DCA-Anexo I-C;Padrão;Receitas Brutas Realizadas;RO1.1.1.3.05.00.00;1.1.1.3.05.00.00 - Imposto sobre Serviços de Qualquer Natureza ¿ ISSQN;921740,22;17430
2017;Prefeitura Municipal de Ribeirão Branco - SP;3543006;SP;DCA-Anexo I-C;Padrão;Receitas Brutas Realizadas;RO1.1.2.0.00.00.00;1.1.2.0.00.00.00 - Taxas;312977,51;17430
2017;Prefeitura Municipal de Ribeirão Branco - SP;3543006;SP;DCA-Anexo I-C;Padrão;Receitas Brutas Realizadas;RO1.1.2.1.00.00.00;1.1.2.1.00.00.00 - Taxas pelo Exercício do Poder de Polícia;150667,23;17430
2017;Prefeitura Municipal de Ribeirão Branco - SP;3543006;SP;DCA-Anexo I-C;Padrão;Receitas Brutas Realizadas;RO1.1.2.2.00.00.00;1.1.2.2.00.00.00 - Taxas pela Prestação de Serviços;162310,28;17430
2017;Prefeitura Municipal de Ribeirão Branco - SP;3543006;SP;DCA-Anexo I-C;Padrão;Receitas Brutas Realizadas;RO1.1.2.2.28.00.00;1.1.2.2.28.00.00 - Taxa de Cemitérios;5212,30;17430
2017;Prefeitura Municipal de Ribeirão Branco - SP;3543006;SP;DCA-Anexo I-C;Padrão;Receitas Brutas Realizadas;RO1.1.2.2.99.00.00;1.1.2.2.99.00.00 - Outras Taxas pela Prestação de Serviços;157097,98;17430
2017;Prefeitura Municipal de Ribeirão Branco - SP;3543006;SP;DCA-Anexo I-C;Padrão;Receitas Brutas Realizadas;RO1.1.3.0.00.00.00;1.1.3.0.00.00.00 - Contribuição de Melhoria;138166,39;17430
2017;Prefeitura Municipal de Ribeirão Branco - SP;3543006;SP;DCA-Anexo I-C;Padrão;Receitas Brutas Realizadas;RO1.1.3.0.99.00.00;1.1.3.0.99.00.00 - Outras Contribuições de Melhoria;138166,39;17430
2017;Prefeitura Municipal de Ribeirão Branco - SP;3543006;SP;DCA-Anexo I-C;Padrão;Receitas Brutas Realizadas;RO1.3.0.0.00.00.00;1.3.0.0.00.00.00 - Receita Patrimonial;276001,76;17430
2017;Prefeitura Municipal de Ribeirão Branco - SP;3543006;SP;DCA-Anexo I-C;Padrão;Receitas Brutas Realizadas;RO1.3.1.0.00.00.00;1.3.1.0.00.00.00 - Receitas Imobiliárias;19604,00;17430
2017;Prefeitura Municipal de Ribeirão Branco - SP;3543006;SP;DCA-Anexo I-C;Padrão;Receitas Brutas Realizadas;RO1.3.1.1.00.00.00;1.3.1.1.00.00.00 - Aluguéis;19604,00;17430
2017;Prefeitura Municipal de Ribeirão Branco - SP;3543006;SP;DCA-Anexo I-C;Padrão;Receitas Brutas Realizadas;RO1.3.2.0.00.00.00;1.3.2.0.00.00.00 - Receitas de Valores Mobiliários;256397,76;17430
2017;Prefeitura Municipal de Ribeirão Branco - SP;3543006;SP;DCA-Anexo I-C;Padrão;Receitas Brutas Realizadas;RO1.3.2.5.00.00.00;1.3.2.5.00.00.00 - Remuneração de Depósitos Bancários;256397,76;17430
2017;Prefeitura Municipal de Ribeirão Branco - SP;3543006;SP;DCA-Anexo I-C;Padrão;Receitas Brutas Realizadas;RO1.7.0.0.00.00.00;1.7.0.0.00.00.00 - Transferências Correntes;41921938,52;17430
2017;Prefeitura Municipal de Ribeirão Branco - SP;3543006;SP;DCA-Anexo I-C;Padrão;Deduções - FUNDEB;RO1.7.0.0.00.00.00;1.7.0.0.00.00.00 - Transferências Correntes;-4695125,02;17430
2017;Prefeitura Municipal de Ribeirão Branco - SP;3543006;SP;DCA-Anexo I-C;Padrão;Receitas Brutas Realizadas;RO1.7.2.0.00.00.00;1.7.2.0.00.00.00 - Transferências Intergovernamentais;39871562,68;17430
2017;Prefeitura Municipal de Ribeirão Branco - SP;3543006;SP;DCA-Anexo I-C;Padrão;Deduções - FUNDEB;RO1.7.2.0.00.00.00;1.7.2.0.00.00.00 - Transferências Intergovernamentais;-4695125,02;17430
2017;Prefeitura Municipal de Ribeirão Branco - SP;3543006;SP;DCA-Anexo I-C;Padrão;Receitas Brutas Realizadas;RO1.7.2.1.00.00.00;1.7.2.1.00.00.00 - Transferências da União;20956689,64;17430
2017;Prefeitura Municipal de Ribeirão Branco - SP;3543006;SP;DCA-Anexo I-C;Padrão;Deduções - FUNDEB;RO1.7.2.1.00.00.00;1.7.2.1.00.00.00 - Transferências da União;-2914256,45;17430
2017;Prefeitura Municipal de Ribeirão Branco - SP;3543006;SP;DCA-Anexo I-C;Padrão;Receitas Brutas Realizadas;RO1.7.2.1.01.00.00;1.7.2.1.01.00.00 - Participação na Receita da União;15831519,98;17430
2017;Prefeitura Municipal de Ribeirão Branco - SP;3543006;SP;DCA-Anexo I-C;Padrão;Deduções - FUNDEB;RO1.7.2.1.01.00.00;1.7.2.1.01.00.00 - Participação na Receita da União;-2906752,13;17430
2017;Prefeitura Municipal de Ribeirão Branco - SP;3543006;SP;DCA-Anexo I-C;Padrão;Receitas Brutas Realizadas;RO1.7.2.1.01.02.00;1.7.2.1.01.02.00 - Cota-Parte do Fundo de Participação dos Municípios ¿ FPM;15665792,30;17430
2017;Prefeitura Municipal de Ribeirão Branco - SP;3543006;SP;DCA-Anexo I-C;Padrão;Deduções - FUNDEB;RO1.7.2.1.01.02.00;1.7.2.1.01.02.00 - Cota-Parte do Fundo de Participação dos Municípios ¿ FPM;-2873606,76;17430
2017;Prefeitura Municipal de Ribeirão Branco - SP;3543006;SP;DCA-Anexo I-C;Padrão;Receitas Brutas Realizadas;RO1.7.2.1.01.05.00;1.7.2.1.01.05.00 - Cota-Parte do Imposto Sobre a Propriedade Territorial Rural ¿ ITR;165727,68;17430
2017;Prefeitura Municipal de Ribeirão Branco - SP;3543006;SP;DCA-Anexo I-C;Padrão;Deduções - FUNDEB;RO1.7.2.1.01.05.00;1.7.2.1.01.05.00 - Cota-Parte do Imposto Sobre a Propriedade Territorial Rural ¿ ITR;-33145,37;17430
2017;Prefeitura Municipal de Ribeirão Branco - SP;3543006;SP;DCA-Anexo I-C;Padrão;Receitas Brutas Realizadas;RO1.7.2.1.22.00.00;1.7.2.1.22.00.00 - Transferências da Compensação Financeira pela Exploração de Recursos Naturais;168920,04;17430
2017;Prefeitura Municipal de Ribeirão Branco - SP;3543006;SP;DCA-Anexo I-C;Padrão;Receitas Brutas Realizadas;RO1.7.2.1.22.20.00;1.7.2.1.22.20.00 - Cota-Parte da Compensação Financeira de Recursos Minerais - CFEM;2021,84;17430
2017;Prefeitura Municipal de Ribeirão Branco - SP;3543006;SP;DCA-Anexo I-C;Padrão;Receitas Brutas Realizadas;RO1.7.2.1.22.70.00;1.7.2.1.22.70.00 - Cota-Parte do Fundo Especial do Petróleo ¿ FEP;166898,20;17430
2017;Prefeitura Municipal de Ribeirão Branco - SP;3543006;SP;DCA-Anexo I-C;Padrão;Receitas Brutas Realizadas;RO1.7.2.1.33.00.00;1.7.2.1.33.00.00 - Transferências de Recursos do Sistema Único de Saúde - SUS - Repasses Fundo a Fundo;2777551,04;17430
2017;Prefeitura Municipal de Ribeirão Branco - SP;3543006;SP;DCA-Anexo I-C;Padrão;Receitas Brutas Realizadas;RO1.7.2.1.34.00.00;1.7.2.1.34.00.00 - Transferências de Recursos do Fundo Nacional de Assistência Social ¿ FNAS;318451,04;17430
2017;Prefeitura Municipal de Ribeirão Branco - SP;3543006;SP;DCA-Anexo I-C;Padrão;Receitas Brutas Realizadas;RO1.7.2.1.35.00.00;1.7.2.1.35.00.00 - Transferências de Recursos do Fundo Nacional do Desenvolvimento da Educação ¿ FNDE;1822725,94;17430
2017;Prefeitura Municipal de Ribeirão Branco - SP;3543006;SP;DCA-Anexo I-C;Padrão;Receitas Brutas Realizadas;RO1.7.2.1.36.00.00;1.7.2.1.36.00.00 - Transferências Financeiras do ICMS ¿ Desoneração ¿ L.C. Nº 87/96;37521,60;17430
2017;Prefeitura Municipal de Ribeirão Branco - SP;3543006;SP;DCA-Anexo I-C;Padrão;Deduções - FUNDEB;RO1.7.2.1.36.00.00;1.7.2.1.36.00.00 - Transferências Financeiras do ICMS ¿ Desoneração ¿ L.C. Nº 87/96;-7504,32;17430
2017;Prefeitura Municipal de Ribeirão Branco - SP;3543006;SP;DCA-Anexo I-C;Padrão;Receitas Brutas Realizadas;RO1.7.2.2.00.00.00;1.7.2.2.00.00.00 - Transferências dos Estados;9359194,22;17430
2017;Prefeitura Municipal de Ribeirão Branco - SP;3543006;SP;DCA-Anexo I-C;Padrão;Deduções - FUNDEB;RO1.7.2.2.00.00.00;1.7.2.2.00.00.00 - Transferências dos Estados;-1780868,57;17430
2017;Prefeitura Municipal de Ribeirão Branco - SP;3543006;SP;DCA-Anexo I-C;Padrão;Receitas Brutas Realizadas;RO1.7.2.2.01.00.00;1.7.2.2.01.00.00 - Participação na Receita dos Estados;8961965,66;17430
2017;Prefeitura Municipal de Ribeirão Branco - SP;3543006;SP;DCA-Anexo I-C;Padrão;Deduções - FUNDEB;RO1.7.2.2.01.00.00;1.7.2.2.01.00.00 - Participação na Receita dos Estados;-1780868,57;17430
2017;Prefeitura Municipal de Ribeirão Branco - SP;3543006;SP;DCA-Anexo I-C;Padrão;Receitas Brutas Realizadas;RO1.7.2.2.01.01.00;1.7.2.2.01.01.00 - Cota-Parte do ICMS;8050546,32;17430
2017;Prefeitura Municipal de Ribeirão Branco - SP;3543006;SP;DCA-Anexo I-C;Padrão;Deduções - FUNDEB;RO1.7.2.2.01.01.00;1.7.2.2.01.01.00 - Cota-Parte do ICMS;-1610109,10;17430
2017;Prefeitura Municipal de Ribeirão Branco - SP;3543006;SP;DCA-Anexo I-C;Padrão;Receitas Brutas Realizadas;RO1.7.2.2.01.02.00;1.7.2.2.01.02.00 - Cota-Parte do IPVA;795826,99;17430
2017;Prefeitura Municipal de Ribeirão Branco - SP;3543006;SP;DCA-Anexo I-C;Padrão;Deduções - FUNDEB;RO1.7.2.2.01.02.00;1.7.2.2.01.02.00 - Cota-Parte do IPVA;-159165,31;17430
2017;Prefeitura Municipal de Ribeirão Branco - SP;3543006;SP;DCA-Anexo I-C;Padrão;Receitas Brutas Realizadas;RO1.7.2.2.01.04.00;1.7.2.2.01.04.00 - Cota-Parte do IPI - Municípios;57971,37;17430
2017;Prefeitura Municipal de Ribeirão Branco - SP;3543006;SP;DCA-Anexo I-C;Padrão;Deduções - FUNDEB;RO1.7.2.2.01.04.00;1.7.2.2.01.04.00 - Cota-Parte do IPI - Municípios;-11594,16;17430
2017;Prefeitura Municipal de Ribeirão Branco - SP;3543006;SP;DCA-Anexo I-C;Padrão;Receitas Brutas Realizadas;RO1.7.2.2.01.13.00;1.7.2.2.01.13.00 - Cota-Parte da Contribuição de Intervenção no Domínio Econômico;57620,98;17430
2017;Prefeitura Municipal de Ribeirão Branco - SP;3543006;SP;DCA-Anexo I-C;Padrão;Receitas Brutas Realizadas;RO1.7.2.2.22.00.00;1.7.2.2.22.00.00 - Transferências da Cota-Parte da Compensação Financeira (25%);31647,56;17430
2017;Prefeitura Municipal de Ribeirão Branco - SP;3543006;SP;DCA-Anexo I-C;Padrão;Receitas Brutas Realizadas;RO1.7.2.2.22.30.00;1.7.2.2.22.30.00 - Cota-Parte Royalties - Compensação Financeira pela Produção de Petróleo - Lei nº 7.990/89 artigo 9º;31647,56;17430
2017;Prefeitura Municipal de Ribeirão Branco - SP;3543006;SP;DCA-Anexo I-C;Padrão;Receitas Brutas Realizadas;RO1.7.2.2.33.00.00;1.7.2.2.33.00.00 - Transferências de Recursos do Estado para Programas de Saúde - Repasse Fundo a Fundo;365581,00;17430
2017;Prefeitura Municipal de Ribeirão Branco - SP;3543006;SP;DCA-Anexo I-C;Padrão;Receitas Brutas Realizadas;RO1.7.2.4.00.00.00;1.7.2.4.00.00.00 - Transferências Multigovernamentais;9555678,82;17430
2017;Prefeitura Municipal de Ribeirão Branco - SP;3543006;SP;DCA-Anexo I-C;Padrão;Receitas Brutas Realizadas;RO1.7.2.4.01.00.00;1.7.2.4.01.00.00 - Transferências de Recursos do Fundo de Manutenção e Desenvolvimento do Ensino Fundamental e de Valorização do Magistério - FUNDEB;9555678,82;17430
2017;Prefeitura Municipal de Ribeirão Branco - SP;3543006;SP;DCA-Anexo I-C;Padrão;Receitas Brutas Realizadas;RO1.7.6.0.00.00.00;1.7.6.0.00.00.00 - Transferências de Convênios;2050375,84;17430
2017;Prefeitura Municipal de Ribeirão Branco - SP;3543006;SP;DCA-Anexo I-C;Padrão;Receitas Brutas Realizadas;RO1.7.6.2.00.00.00;1.7.6.2.00.00.00 - Transferências de Convênios dos Estados e do Distrito Federal e de Suas Entidades;2050375,84;17430
2017;Prefeitura Municipal de Ribeirão Branco - SP;3543006;SP;DCA-Anexo I-C;Padrão;Receitas Brutas Realizadas;RO1.7.6.2.02.00.00;1.7.6.2.02.00.00 - Transferências de Convênios dos Estados Destinadas a Programas de Educação;1878111,90;17430
2017;Prefeitura Municipal de Ribeirão Branco - SP;3543006;SP;DCA-Anexo I-C;Padrão;Receitas Brutas Realizadas;RO1.7.6.2.99.00.00;1.7.6.2.99.00.00 - Outras Transferências de Convênios dos Estados;172263,94;17430
2017;Prefeitura Municipal de Ribeirão Branco - SP;3543006;SP;DCA-Anexo I-C;Padrão;Receitas Brutas Realizadas;RO1.9.0.0.00.00.00;1.9.0.0.00.00.00 - Outras Receitas Correntes;343917,30;17430
2017;Prefeitura Municipal de Ribeirão Branco - SP;3543006;SP;DCA-Anexo I-C;Padrão;Receitas Brutas Realizadas;RO1.9.1.0.00.00.00;1.9.1.0.00.00.00 - Multas e Juros de Mora;16460,01;17430
2017;Prefeitura Municipal de Ribeirão Branco - SP;3543006;SP;DCA-Anexo I-C;Padrão;Receitas Brutas Realizadas;RO1.9.1.9.00.00.00;1.9.1.9.00.00.00 - Multas de Outras Origens;16460,01;17430
2017;Prefeitura Municipal de Ribeirão Branco - SP;3543006;SP;DCA-Anexo I-C;Padrão;Receitas Brutas Realizadas;RO1.9.2.0.00.00.00;1.9.2.0.00.00.00 - Indenizações e Restituições;214257,14;17430
2017;Prefeitura Municipal de Ribeirão Branco - SP;3543006;SP;DCA-Anexo I-C;Padrão;Receitas Brutas Realizadas;RO1.9.2.2.00.00.00;1.9.2.2.00.00.00 - Restituições;214257,14;17430
2017;Prefeitura Municipal de Ribeirão Branco - SP;3543006;SP;DCA-Anexo I-C;Padrão;Receitas Brutas Realizadas;RO1.9.2.2.99.00.00;1.9.2.2.99.00.00 - Outras Restituições;214257,14;17430
2017;Prefeitura Municipal de Ribeirão Branco - SP;3543006;SP;DCA-Anexo I-C;Padrão;Receitas Brutas Realizadas;RO1.9.3.0.00.00.00;1.9.3.0.00.00.00 - Receita da Dívida Ativa;111626,00;17430
2017;Prefeitura Municipal de Ribeirão Branco - SP;3543006;SP;DCA-Anexo I-C;Padrão;Receitas Brutas Realizadas;RO1.9.3.1.00.00.00;1.9.3.1.00.00.00 - Receita da Dívida Ativa Tributária;104675,70;17430
2017;Prefeitura Municipal de Ribeirão Branco - SP;3543006;SP;DCA-Anexo I-C;Padrão;Receitas Brutas Realizadas;RO1.9.3.1.99.00.00;1.9.3.1.99.00.00 - Receita da Dívida Ativa de Outros Tributos;104675,70;17430
2017;Prefeitura Municipal de Ribeirão Branco - SP;3543006;SP;DCA-Anexo I-C;Padrão;Receitas Brutas Realizadas;RO1.9.3.2.00.00.00;1.9.3.2.00.00.00 - Receita da Dívida Ativa Não Tributária;6950,30;17430
2017;Prefeitura Municipal de Ribeirão Branco - SP;3543006;SP;DCA-Anexo I-C;Padrão;Receitas Brutas Realizadas;RO1.9.3.2.99.00.00;1.9.3.2.99.00.00 - Receita da Dívida Ativa Não Tributária de Outras Receitas;6950,30;17430
2017;Prefeitura Municipal de Ribeirão Branco - SP;3543006;SP;DCA-Anexo I-C;Padrão;Receitas Brutas Realizadas;RO1.9.9.0.00.00.00;1.9.9.0.00.00.00 - Receitas Diversas;1574,15;17430
2017;Prefeitura Municipal de Ribeirão Branco - SP;3543006;SP;DCA-Anexo I-C;Padrão;Receitas Brutas Realizadas;RO1.9.9.0.99.00.00;1.9.9.0.99.00.00 - Outras Receitas;1574,15;17430
2017;Prefeitura Municipal de Ribeirão Branco - SP;3543006;SP;DCA-Anexo I-C;Padrão;Receitas Brutas Realizadas;RO2.0.0.0.00.00.00;2.0.0.0.00.00.00 - Receitas de Capital;1746530,62;17430
2017;Prefeitura Municipal de Ribeirão Branco - SP;3543006;SP;DCA-Anexo I-C;Padrão;Receitas Brutas Realizadas;RO2.4.0.0.00.00.00;2.4.0.0.00.00.00 - Transferências de Capital;1746530,62;17430
2017;Prefeitura Municipal de Ribeirão Branco - SP;3543006;SP;DCA-Anexo I-C;Padrão;Receitas Brutas Realizadas;RO2.4.7.0.00.00.00;2.4.7.0.00.00.00 - Transferências de Convênios;1746530,62;17430
2017;Prefeitura Municipal de Ribeirão Branco - SP;3543006;SP;DCA-Anexo I-C;Padrão;Receitas Brutas Realizadas;RO2.4.7.1.00.00.00;2.4.7.1.00.00.00 - Transferências de Convênios da União e de suas Entidades;1514609,00;17430
2017;Prefeitura Municipal de Ribeirão Branco - SP;3543006;SP;DCA-Anexo I-C;Padrão;Receitas Brutas Realizadas;RO2.4.7.1.99.00.00;2.4.7.1.99.00.00 - Outras Transferências de Convênios da União;1514609,00;17430
2017;Prefeitura Municipal de Ribeirão Branco - SP;3543006;SP;DCA-Anexo I-C;Padrão;Receitas Brutas Realizadas;RO2.4.7.2.00.00.00;2.4.7.2.00.00.00 - Transferências de Convênios dos Estados e do Distrito Federal e de suas Entidades;231921,62;17430
2017;Prefeitura Municipal de Ribeirão Branco - SP;3543006;SP;DCA-Anexo I-C;Padrão;Receitas Brutas Realizadas;RO2.4.7.2.01.00.00;2.4.7.2.01.00.00 - Transferências de Convênios dos Estados para o Sistema Único de Saúde - SUS;231921,62;17430
2018;Prefeitura Municipal de Ribeirão Branco - SP;3543006;SP;DCA-Anexo I-C;Padrão;Receitas Brutas Realizadas;TotalReceitas;Total Receitas;52226872,65;17430
2018;Prefeitura Municipal de Ribeirão Branco - SP;3543006;SP;DCA-Anexo I-C;Padrão;Deduções - FUNDEB;TotalReceitas;Total Receitas;-5034210,40;17430
2018;Prefeitura Municipal de Ribeirão Branco - SP;3543006;SP;DCA-Anexo I-C;Padrão;Receitas Brutas Realizadas;RO1.0.0.0.00.0.0;1.0.0.0.00.0.0 - Receitas Correntes;50280487,65;17430
2018;Prefeitura Municipal de Ribeirão Branco - SP;3543006;SP;DCA-Anexo I-C;Padrão;Deduções - FUNDEB;RO1.0.0.0.00.0.0;1.0.0.0.00.0.0 - Receitas Correntes;-5034210,40;17430
2018;Prefeitura Municipal de Ribeirão Branco - SP;3543006;SP;DCA-Anexo I-C;Padrão;Receitas Brutas Realizadas;RO1.1.0.0.00.0.0;1.1.0.0.00.0.0 - Impostos, Taxas e Contribuições de Melhoria;3022643,61;17430
2018;Prefeitura Municipal de Ribeirão Branco - SP;3543006;SP;DCA-Anexo I-C;Padrão;Receitas Brutas Realizadas;RO1.1.1.0.00.0.0;1.1.1.0.00.0.0 - Impostos;2714188,80;17430
2018;Prefeitura Municipal de Ribeirão Branco - SP;3543006;SP;DCA-Anexo I-C;Padrão;Receitas Brutas Realizadas;RO1.1.1.3.00.0.0;1.1.1.3.00.0.0 - Impostos sobre a Renda e Proventos de Qualquer Natureza;497190,89;17430
2018;Prefeitura Municipal de Ribeirão Branco - SP;3543006;SP;DCA-Anexo I-C;Padrão;Receitas Brutas Realizadas;RO1.1.1.3.03.0.0;1.1.1.3.03.0.0 - Imposto sobre a Renda - Retido na Fonte;497190,89;17430
2018;Prefeitura Municipal de Ribeirão Branco - SP;3543006;SP;DCA-Anexo I-C;Padrão;Receitas Brutas Realizadas;RO1.1.1.3.03.1.0;1.1.1.3.03.1.0 - Imposto sobre a Renda - Retido na Fonte - Trabalho;26761,88;17430
2018;Prefeitura Municipal de Ribeirão Branco - SP;3543006;SP;DCA-Anexo I-C;Padrão;Receitas Brutas Realizadas;RO1.1.1.3.03.4.0;1.1.1.3.03.4.0 - Imposto sobre a Renda - Retido na Fonte - Outros Rendimentos;470429,01;17430
2018;Prefeitura Municipal de Ribeirão Branco - SP;3543006;SP;DCA-Anexo I-C;Padrão;Receitas Brutas Realizadas;RO1.1.1.8.00.0.0;1.1.1.8.00.0.0 Impostos Específicos de Estados, DF e Municípios;2216997,91;17430
2018;Prefeitura Municipal de Ribeirão Branco - SP;3543006;SP;DCA-Anexo I-C;Padrão;Receitas Brutas Realizadas;RO1.1.1.8.01.0.0;1.1.1.8.01.0.0 Impostos sobre o Patrimônio para Estados/DF/Municípios;621825,88;17430
2018;Prefeitura Municipal de Ribeirão Branco - SP;3543006;SP;DCA-Anexo I-C;Padrão;Receitas Brutas Realizadas;RO1.1.1.8.01.1.0;1.1.1.8.01.1.0 Imposto sobre a Propriedade Predial e Territorial Urbana;362770,66;17430
2018;Prefeitura Municipal de Ribeirão Branco - SP;3543006;SP;DCA-Anexo I-C;Padrão;Receitas Brutas Realizadas;RO1.1.1.8.01.4.0;1.1.1.8.01.4.0 Imposto sobre Transmissão ¿Inter Vivos¿ de Bens Imóveis e de Direitos Reais sobre Imóveis;259055,22;17430
2018;Prefeitura Municipal de Ribeirão Branco - SP;3543006;SP;DCA-Anexo I-C;Padrão;Receitas Brutas Realizadas;RO1.1.1.8.02.0.0;1.1.1.8.02.0.0 Impostos sobre a Produção, Circulação de Mercadorias e Serviços;1595172,03;17430
2018;Prefeitura Municipal de Ribeirão Branco - SP;3543006;SP;DCA-Anexo I-C;Padrão;Receitas Brutas Realizadas;RO1.1.1.8.02.3.0;1.1.1.8.02.3.0 Imposto sobre Serviços de Qualquer Natureza;1595172,03;17430
2018;Prefeitura Municipal de Ribeirão Branco - SP;3543006;SP;DCA-Anexo I-C;Padrão;Receitas Brutas Realizadas;RO1.1.2.0.00.0.0;1.1.2.0.00.0.0 - Taxas;308454,81;17430
2018;Prefeitura Municipal de Ribeirão Branco - SP;3543006;SP;DCA-Anexo I-C;Padrão;Receitas Brutas Realizadas;RO1.1.2.1.00.0.0;1.1.2.1.00.0.0 - Taxas pelo Exercício do Poder de Polícia;155591,29;17430
2018;Prefeitura Municipal de Ribeirão Branco - SP;3543006;SP;DCA-Anexo I-C;Padrão;Receitas Brutas Realizadas;RO1.1.2.1.01.0.0;1.1.2.1.01.0.0 - Taxas de Inspeção, Controle e Fiscalização;155591,29;17430
2018;Prefeitura Municipal de Ribeirão Branco - SP;3543006;SP;DCA-Anexo I-C;Padrão;Receitas Brutas Realizadas;RO1.1.2.2.00.0.0;1.1.2.2.00.0.0 - Taxas pela Prestação de Serviços;152863,52;17430
2018;Prefeitura Municipal de Ribeirão Branco - SP;3543006;SP;DCA-Anexo I-C;Padrão;Receitas Brutas Realizadas;RO1.1.2.2.01.0.0;1.1.2.2.01.0.0 - Taxas pela Prestação de Serviços;152863,52;17430
2018;Prefeitura Municipal de Ribeirão Branco - SP;3543006;SP;DCA-Anexo I-C;Padrão;Receitas Brutas Realizadas;RO1.2.0.0.00.0.0;1.2.0.0.00.0.0 - Contribuições;144678,85;17430
2018;Prefeitura Municipal de Ribeirão Branco - SP;3543006;SP;DCA-Anexo I-C;Padrão;Receitas Brutas Realizadas;RO1.2.4.0.00.0.0;1.2.4.0.00.0.0 - Contribuição para o Custeio do Serviço de Iluminação Pública;144678,85;17430
2018;Prefeitura Municipal de Ribeirão Branco - SP;3543006;SP;DCA-Anexo I-C;Padrão;Receitas Brutas Realizadas;RO1.3.0.0.00.0.0;1.3.0.0.00.0.0 - Receita Patrimonial;199327,15;17430
2018;Prefeitura Municipal de Ribeirão Branco - SP;3543006;SP;DCA-Anexo I-C;Padrão;Receitas Brutas Realizadas;RO1.3.1.0.00.0.0;1.3.1.0.00.0.0 - Exploração do Patrimônio Imobiliário do Estado;58675,00;17430
2018;Prefeitura Municipal de Ribeirão Branco - SP;3543006;SP;DCA-Anexo I-C;Padrão;Receitas Brutas Realizadas;RO1.3.1.0.01.0.0;1.3.1.0.01.0.0 - Aluguéis, Arrendamentos, Foros, Laudêmios, Tarifas de Ocupação;58675,00;17430
2018;Prefeitura Municipal de Ribeirão Branco - SP;3543006;SP;DCA-Anexo I-C;Padrão;Receitas Brutas Realizadas;RO1.3.1.0.01.1.0;1.3.1.0.01.1.0 - Aluguéis e Arrendamentos;58675,00;17430
2018;Prefeitura Municipal de Ribeirão Branco - SP;3543006;SP;DCA-Anexo I-C;Padrão;Receitas Brutas Realizadas;RO1.3.2.0.00.0.0;1.3.2.0.00.0.0 - Valores Mobiliários;140652,15;17430
2018;Prefeitura Municipal de Ribeirão Branco - SP;3543006;SP;DCA-Anexo I-C;Padrão;Receitas Brutas Realizadas;RO1.3.2.1.00.0.0;1.3.2.1.00.0.0 - Juros e Correções Monetárias;140652,15;17430
2018;Prefeitura Municipal de Ribeirão Branco - SP;3543006;SP;DCA-Anexo I-C;Padrão;Receitas Brutas Realizadas;RO1.3.2.1.00.1.0;1.3.2.1.00.1.0 - Remuneração de Depósitos Bancários;140652,15;17430
2018;Prefeitura Municipal de Ribeirão Branco - SP;3543006;SP;DCA-Anexo I-C;Padrão;Receitas Brutas Realizadas;RO1.7.0.0.00.0.0;1.7.0.0.00.0.0 - Transferências Correntes;46431876,93;17430
2018;Prefeitura Municipal de Ribeirão Branco - SP;3543006;SP;DCA-Anexo I-C;Padrão;Deduções - FUNDEB;RO1.7.0.0.00.0.0;1.7.0.0.00.0.0 - Transferências Correntes;-5034210,40;17430
2018;Prefeitura Municipal de Ribeirão Branco - SP;3543006;SP;DCA-Anexo I-C;Padrão;Receitas Brutas Realizadas;RO1.7.1.0.00.0.0;1.7.1.0.00.0.0 - Transferências da União e de suas Entidades;22485277,03;17430
2018;Prefeitura Municipal de Ribeirão Branco - SP;3543006;SP;DCA-Anexo I-C;Padrão;Deduções - FUNDEB;RO1.7.1.0.00.0.0;1.7.1.0.00.0.0 - Transferências da União e de suas Entidades;-3113757,18;17430
2018;Prefeitura Municipal de Ribeirão Branco - SP;3543006;SP;DCA-Anexo I-C;Padrão;Receitas Brutas Realizadas;RO1.7.1.8.00.0.0;1.7.1.8.00.0.0 Transferências da União - Específicas de Estados, DF e Municípios;22485277,03;17430
2018;Prefeitura Municipal de Ribeirão Branco - SP;3543006;SP;DCA-Anexo I-C;Padrão;Deduções - FUNDEB;RO1.7.1.8.00.0.0;1.7.1.8.00.0.0 Transferências da União - Específicas de Estados, DF e Municípios;-3113757,18;17430
2018;Prefeitura Municipal de Ribeirão Branco - SP;3543006;SP;DCA-Anexo I-C;Padrão;Receitas Brutas Realizadas;RO1.7.1.8.01.0.0;1.7.1.8.01.0.0 Participação na Receita da União;16864560,90;17430
2018;Prefeitura Municipal de Ribeirão Branco - SP;3543006;SP;DCA-Anexo I-C;Padrão;Deduções - FUNDEB;RO1.7.1.8.01.0.0;1.7.1.8.01.0.0 Participação na Receita da União;-3106353,30;17430
2018;Prefeitura Municipal de Ribeirão Branco - SP;3543006;SP;DCA-Anexo I-C;Padrão;Receitas Brutas Realizadas;RO1.7.1.8.01.2.0;1.7.1.8.01.2.0 Cota-Parte do Fundo de Participação dos Municípios - Cota Mensal;15356041,28;17430
2018;Prefeitura Municipal de Ribeirão Branco - SP;3543006;SP;DCA-Anexo I-C;Padrão;Deduções - FUNDEB;RO1.7.1.8.01.2.0;1.7.1.8.01.2.0 Cota-Parte do Fundo de Participação dos Municípios - Cota Mensal;-3071208,26;17430
2018;Prefeitura Municipal de Ribeirão Branco - SP;3543006;SP;DCA-Anexo I-C;Padrão;Receitas Brutas Realizadas;RO1.7.1.8.01.3.0;1.7.1.8.01.3.0 Cota-Parte do Fundo de Participação do Municípios ¿ 1% Cota entregue no mês de dezembro;674609,36;17430
2018;Prefeitura Municipal de Ribeirão Branco - SP;3543006;SP;DCA-Anexo I-C;Padrão;Receitas Brutas Realizadas;RO1.7.1.8.01.4.0;1.7.1.8.01.4.0 Cota-Parte do Fundo de Participação dos Municípios - 1% Cota entregue no mês de julho;658184,38;17430
2018;Prefeitura Municipal de Ribeirão Branco - SP;3543006;SP;DCA-Anexo I-C;Padrão;Receitas Brutas Realizadas;RO1.7.1.8.01.5.0;1.7.1.8.01.5.0 Cota-Parte do Imposto Sobre a Propriedade Territorial Rural;175725,88;17430
2018;Prefeitura Municipal de Ribeirão Branco - SP;3543006;SP;DCA-Anexo I-C;Padrão;Deduções - FUNDEB;RO1.7.1.8.01.5.0;1.7.1.8.01.5.0 Cota-Parte do Imposto Sobre a Propriedade Territorial Rural;-35145,04;17430
2018;Prefeitura Municipal de Ribeirão Branco - SP;3543006;SP;DCA-Anexo I-C;Padrão;Receitas Brutas Realizadas;RO1.7.1.8.02.0.0;1.7.1.8.02.0.0 Transferência da Compensação Financeira pela Exploração de Recursos Naturais;256950,09;17430
2018;Prefeitura Municipal de Ribeirão Branco - SP;3543006;SP;DCA-Anexo I-C;Padrão;Receitas Brutas Realizadas;RO1.7.1.8.02.2.0;1.7.1.8.02.2.0 Cota-parte da Compensação Financeira de Recursos Minerais - CFEM;1750,35;17430
2018;Prefeitura Municipal de Ribeirão Branco - SP;3543006;SP;DCA-Anexo I-C;Padrão;Receitas Brutas Realizadas;RO1.7.1.8.02.6.0;1.7.1.8.02.6.0 Cota-Parte do Fundo Especial do Petróleo ¿ FEP;255199,74;17430
2018;Prefeitura Municipal de Ribeirão Branco - SP;3543006;SP;DCA-Anexo I-C;Padrão;Receitas Brutas Realizadas;RO1.7.1.8.03.0.0;1.7.1.8.03.0.0 Transferência de Recursos do Sistema Único de Saúde ¿ SUS ¿ Repasses Fundo a Fundo;3387552,16;17430
2018;Prefeitura Municipal de Ribeirão Branco - SP;3543006;SP;DCA-Anexo I-C;Padrão;Receitas Brutas Realizadas;RO1.7.1.8.04.0.0;1.7.1.8.04.0.0 Transferências de Recursos do Fundo Nacional de Assistência Social ¿ FNAS;335600,31;17430
2018;Prefeitura Municipal de Ribeirão Branco - SP;3543006;SP;DCA-Anexo I-C;Padrão;Receitas Brutas Realizadas;RO1.7.1.8.05.0.0;1.7.1.8.05.0.0 Transferências de Recursos do Fundo Nacional do Desenvolvimento da Educação ¿ FNDE;1603593,93;17430
2018;Prefeitura Municipal de Ribeirão Branco - SP;3543006;SP;DCA-Anexo I-C;Padrão;Receitas Brutas Realizadas;RO1.7.1.8.05.1.0;1.7.1.8.05.1.0 Transferências do Salário-Educação;1603053,93;17430
2018;Prefeitura Municipal de Ribeirão Branco - SP;3543006;SP;DCA-Anexo I-C;Padrão;Receitas Brutas Realizadas;RO1.7.1.8.05.2.0;1.7.1.8.05.2.0 Transferências Diretas do FNDE referentes ao Programa Dinheiro Direto na Escola ¿ PDDE;540,00;17430
2018;Prefeitura Municipal de Ribeirão Branco - SP;3543006;SP;DCA-Anexo I-C;Padrão;Receitas Brutas Realizadas;RO1.7.1.8.06.0.0;1.7.1.8.06.0.0 Transferência Financeira do ICMS ¿ Desoneração ¿ L.C. Nº 87/96;37019,64;17430
2018;Prefeitura Municipal de Ribeirão Branco - SP;3543006;SP;DCA-Anexo I-C;Padrão;Deduções - FUNDEB;RO1.7.1.8.06.0.0;1.7.1.8.06.0.0 Transferência Financeira do ICMS ¿ Desoneração ¿ L.C. Nº 87/96;-7403,88;17430
2018;Prefeitura Municipal de Ribeirão Branco - SP;3543006;SP;DCA-Anexo I-C;Padrão;Receitas Brutas Realizadas;RO1.7.1.8.06.1.0;1.7.1.8.06.1.0 Transferência Financeira do ICMS ¿ Desoneração ¿ L.C. Nº 87/96;37019,64;17430
2018;Prefeitura Municipal de Ribeirão Branco - SP;3543006;SP;DCA-Anexo I-C;Padrão;Deduções - FUNDEB;RO1.7.1.8.06.1.0;1.7.1.8.06.1.0 Transferência Financeira do ICMS ¿ Desoneração ¿ L.C. Nº 87/96;-7403,88;17430
2018;Prefeitura Municipal de Ribeirão Branco - SP;3543006;SP;DCA-Anexo I-C;Padrão;Receitas Brutas Realizadas;RO1.7.2.0.00.0.0;1.7.2.0.00.0.0 - Transferências dos Estados e do Distrito Federal e de suas Entidades;12789964,81;17430
2018;Prefeitura Municipal de Ribeirão Branco - SP;3543006;SP;DCA-Anexo I-C;Padrão;Deduções - FUNDEB;RO1.7.2.0.00.0.0;1.7.2.0.00.0.0 - Transferências dos Estados e do Distrito Federal e de suas Entidades;-1920453,22;17430
2018;Prefeitura Municipal de Ribeirão Branco - SP;3543006;SP;DCA-Anexo I-C;Padrão;Receitas Brutas Realizadas;RO1.7.2.8.00.0.0;1.7.2.8.00.0.0 Transferências dos Estados - Específicas de Estados, DF e Municípios;12789964,81;17430
2018;Prefeitura Municipal de Ribeirão Branco - SP;3543006;SP;DCA-Anexo I-C;Padrão;Deduções - FUNDEB;RO1.7.2.8.00.0.0;1.7.2.8.00.0.0 Transferências dos Estados - Específicas de Estados, DF e Municípios;-1920453,22;17430
2018;Prefeitura Municipal de Ribeirão Branco - SP;3543006;SP;DCA-Anexo I-C;Padrão;Receitas Brutas Realizadas;RO1.7.2.8.01.0.0;1.7.2.8.01.0.0 Participação na Receita dos Estados;9647718,64;17430
2018;Prefeitura Municipal de Ribeirão Branco - SP;3543006;SP;DCA-Anexo I-C;Padrão;Deduções - FUNDEB;RO1.7.2.8.01.0.0;1.7.2.8.01.0.0 Participação na Receita dos Estados;-1920453,22;17430
2018;Prefeitura Municipal de Ribeirão Branco - SP;3543006;SP;DCA-Anexo I-C;Padrão;Receitas Brutas Realizadas;RO1.7.2.8.01.1.0;1.7.2.8.01.1.0 Cota-Parte do ICMS;8608733,57;17430
2018;Prefeitura Municipal de Ribeirão Branco - SP;3543006;SP;DCA-Anexo I-C;Padrão;Deduções - FUNDEB;RO1.7.2.8.01.1.0;1.7.2.8.01.1.0 Cota-Parte do ICMS;-1721746,51;17430
2018;Prefeitura Municipal de Ribeirão Branco - SP;3543006;SP;DCA-Anexo I-C;Padrão;Receitas Brutas Realizadas;RO1.7.2.8.01.2.0;1.7.2.8.01.2.0 Cota-Parte do IPVA;924408,88;17430
2018;Prefeitura Municipal de Ribeirão Branco - SP;3543006;SP;DCA-Anexo I-C;Padrão;Deduções - FUNDEB;RO1.7.2.8.01.2.0;1.7.2.8.01.2.0 Cota-Parte do IPVA;-184881,67;17430
2018;Prefeitura Municipal de Ribeirão Branco - SP;3543006;SP;DCA-Anexo I-C;Padrão;Receitas Brutas Realizadas;RO1.7.2.8.01.3.0;1.7.2.8.01.3.0 Cota-Parte do IPI - Municípios;69125,82;17430
2018;Prefeitura Municipal de Ribeirão Branco - SP;3543006;SP;DCA-Anexo I-C;Padrão;Deduções - FUNDEB;RO1.7.2.8.01.3.0;1.7.2.8.01.3.0 Cota-Parte do IPI - Municípios;-13825,04;17430
2018;Prefeitura Municipal de Ribeirão Branco - SP;3543006;SP;DCA-Anexo I-C;Padrão;Receitas Brutas Realizadas;RO1.7.2.8.01.4.0;1.7.2.8.01.4.0 Cota-Parte da Contribuição de Intervenção no Domínio Econômico;45450,37;17430
2018;Prefeitura Municipal de Ribeirão Branco - SP;3543006;SP;DCA-Anexo I-C;Padrão;Receitas Brutas Realizadas;RO1.7.2.8.02.0.0;1.7.2.8.02.0.0 Transferência da Cota-parte da Compensação Financeira (25%);48031,58;17430
2018;Prefeitura Municipal de Ribeirão Branco - SP;3543006;SP;DCA-Anexo I-C;Padrão;Receitas Brutas Realizadas;RO1.7.2.8.02.3.0;1.7.2.8.02.3.0 Cota-parte Royalties ¿ Compensação Financeira pela Produção do Petróleo ¿ Lei nº 7.990/89, artigo 9º;48031,58;17430
2018;Prefeitura Municipal de Ribeirão Branco - SP;3543006;SP;DCA-Anexo I-C;Padrão;Receitas Brutas Realizadas;RO1.7.2.8.03.0.0;1.7.2.8.03.0.0 Transferência de Recursos do Estado para Programas de Saúde ¿ Repasse Fundo a Fundo;508186,00;17430
2018;Prefeitura Municipal de Ribeirão Branco - SP;3543006;SP;DCA-Anexo I-C;Padrão;Receitas Brutas Realizadas;RO1.7.2.8.10.0.0;1.7.2.8.10.0.0 Transferência de Convênios dos Estados e do Distrito Federal e de Suas Entidades;2586028,59;17430
2018;Prefeitura Municipal de Ribeirão Branco - SP;3543006;SP;DCA-Anexo I-C;Padrão;Receitas Brutas Realizadas;RO1.7.2.8.10.2.0;1.7.2.8.10.2.0 Transferências de Convênio dos Estados Destinadas a Programas de Educação;2340636,38;17430
2018;Prefeitura Municipal de Ribeirão Branco - SP;3543006;SP;DCA-Anexo I-C;Padrão;Receitas Brutas Realizadas;RO1.7.2.8.10.9.0;1.7.2.8.10.9.0 Outras Transferências de Convênio dos Estados;245392,21;17430
2018;Prefeitura Municipal de Ribeirão Branco - SP;3543006;SP;DCA-Anexo I-C;Padrão;Receitas Brutas Realizadas;RO1.7.5.0.00.0.0;1.7.5.0.00.0.0 - Transferências de Outras Instituições Públicas;11156635,09;17430
2018;Prefeitura Municipal de Ribeirão Branco - SP;3543006;SP;DCA-Anexo I-C;Padrão;Receitas Brutas Realizadas;RO1.7.5.8.00.0.0;1.7.5.8.00.0.0 Transferências de Outras Instituições Públicas - Específicas de Estados, DF e Municípios;11156635,09;17430
2018;Prefeitura Municipal de Ribeirão Branco - SP;3543006;SP;DCA-Anexo I-C;Padrão;Receitas Brutas Realizadas;RO1.7.5.8.01.0.0;1.7.5.8.01.0.0 Transferências de Recursos do Fundo de Manutenção e Desenvolvimento da Educação Básica e de Valorização dos Profissionais da Educação ¿ FUNDEB;11156635,09;17430
2018;Prefeitura Municipal de Ribeirão Branco - SP;3543006;SP;DCA-Anexo I-C;Padrão;Receitas Brutas Realizadas;RO1.9.0.0.00.0.0;1.9.0.0.00.0.0 - Outras Receitas Correntes;481961,11;17430
2018;Prefeitura Municipal de Ribeirão Branco - SP;3543006;SP;DCA-Anexo I-C;Padrão;Receitas Brutas Realizadas;RO1.9.1.0.00.0.0;1.9.1.0.00.0.0 - Multas Administrativas, Contratuais e Judiciais;57621,78;17430
2018;Prefeitura Municipal de Ribeirão Branco - SP;3543006;SP;DCA-Anexo I-C;Padrão;Receitas Brutas Realizadas;RO1.9.2.0.00.0.0;1.9.2.0.00.0.0 - Indenizações, Restituições e Ressarcimentos;423121,85;17430
2018;Prefeitura Municipal de Ribeirão Branco - SP;3543006;SP;DCA-Anexo I-C;Padrão;Receitas Brutas Realizadas;RO1.9.2.2.00.0.0;1.9.2.2.00.0.0 - Restituições;423121,85;17430
2018;Prefeitura Municipal de Ribeirão Branco - SP;3543006;SP;DCA-Anexo I-C;Padrão;Receitas Brutas Realizadas;RO1.9.2.2.99.0.0;1.9.2.2.99.0.0 - Outras Restituições;423121,85;17430
2018;Prefeitura Municipal de Ribeirão Branco - SP;3543006;SP;DCA-Anexo I-C;Padrão;Receitas Brutas Realizadas;RO1.9.9.0.00.0.0;1.9.9.0.00.0.0 - Demais Receitas Correntes;1217,48;17430
2018;Prefeitura Municipal de Ribeirão Branco - SP;3543006;SP;DCA-Anexo I-C;Padrão;Receitas Brutas Realizadas;RO1.9.9.0.99.0.0;1.9.9.0.99.0.0 - Outras Receitas;1217,48;17430
2018;Prefeitura Municipal de Ribeirão Branco - SP;3543006;SP;DCA-Anexo I-C;Padrão;Receitas Brutas Realizadas;RO1.9.9.0.99.1.0;1.9.9.0.99.1.0 - Outras Receitas - Primárias;1217,48;17430
2018;Prefeitura Municipal de Ribeirão Branco - SP;3543006;SP;DCA-Anexo I-C;Padrão;Receitas Brutas Realizadas;RO2.0.0.0.00.0.0;2.0.0.0.00.0.0 - Receitas de Capital;1946385,00;17430
2018;Prefeitura Municipal de Ribeirão Branco - SP;3543006;SP;DCA-Anexo I-C;Padrão;Receitas Brutas Realizadas;RO2.4.0.0.00.0.0;2.4.0.0.00.0.0 - Transferências de Capital;1946385,00;17430
2018;Prefeitura Municipal de Ribeirão Branco - SP;3543006;SP;DCA-Anexo I-C;Padrão;Receitas Brutas Realizadas;RO2.4.1.0.00.0.0;2.4.1.0.00.0.0 - Transferências da União e de suas Entidades;1205385,00;17430
2018;Prefeitura Municipal de Ribeirão Branco - SP;3543006;SP;DCA-Anexo I-C;Padrão;Receitas Brutas Realizadas;RO2.4.1.8.00.0.0;2.4.1.8.00.0.0 Transferências da União - Específicas de Estados, DF e Municípios;1205385,00;17430
2018;Prefeitura Municipal de Ribeirão Branco - SP;3543006;SP;DCA-Anexo I-C;Padrão;Receitas Brutas Realizadas;RO2.4.1.8.10.0.0;2.4.1.8.10.0.0 Transferência de Convênios da União e de suas Entidades;1205385,00;17430
2018;Prefeitura Municipal de Ribeirão Branco - SP;3543006;SP;DCA-Anexo I-C;Padrão;Receitas Brutas Realizadas;RO2.4.2.0.00.0.0;2.4.2.0.00.0.0 - Transferências dos Estados e do Distrito Federal e de suas Entidades;741000,00;17430
2018;Prefeitura Municipal de Ribeirão Branco - SP;3543006;SP;DCA-Anexo I-C;Padrão;Receitas Brutas Realizadas;RO2.4.2.8.00.0.0;2.4.2.8.00.0.0 Transferências dos Estados, Distrito Federal, e de suas Entidades;741000,00;17430
2018;Prefeitura Municipal de Ribeirão Branco - SP;3543006;SP;DCA-Anexo I-C;Padrão;Receitas Brutas Realizadas;RO2.4.2.8.99.0.0;2.4.2.8.99.0.0 Outras Transferências dos Estados;741000,00;17430
2019;Prefeitura Municipal de Ribeirão Branco - SP;3543006;SP;DCA-Anexo I-C;Padrão;Receitas Brutas Realizadas;ReceitasExcetoIntraOrcamentarias;RECEITAS (EXCETO INTRA-ORÇAMENTÁRIAS) (I);52615169,99;16684
2019;Prefeitura Municipal de Ribeirão Branco - SP;3543006;SP;DCA-Anexo I-C;Padrão;Deduções - FUNDEB;ReceitasExcetoIntraOrcamentarias;RECEITAS (EXCETO INTRA-ORÇAMENTÁRIAS) (I);5441032,51;16684
2019;Prefeitura Municipal de Ribeirão Branco - SP;3543006;SP;DCA-Anexo I-C;Padrão;Receitas Brutas Realizadas;RO1.0.0.0.00.0.0;1.0.0.0.00.0.0 - Receitas Correntes;52095274,99;16684
2019;Prefeitura Municipal de Ribeirão Branco - SP;3543006;SP;DCA-Anexo I-C;Padrão;Deduções - FUNDEB;RO1.0.0.0.00.0.0;1.0.0.0.00.0.0 - Receitas Correntes;5441032,51;16684
2019;Prefeitura Municipal de Ribeirão Branco - SP;3543006;SP;DCA-Anexo I-C;Padrão;Receitas Brutas Realizadas;RO1.1.0.0.00.0.0;1.1.0.0.00.0.0 - Impostos, Taxas e Contribuições de Melhoria;2803028,97;16684
2019;Prefeitura Municipal de Ribeirão Branco - SP;3543006;SP;DCA-Anexo I-C;Padrão;Receitas Brutas Realizadas;RO1.1.1.0.00.0.0;1.1.1.0.00.0.0 - Impostos;2495966,88;16684
2019;Prefeitura Municipal de Ribeirão Branco - SP;3543006;SP;DCA-Anexo I-C;Padrão;Receitas Brutas Realizadas;RO1.1.1.3.00.0.0;1.1.1.3.00.0.0 - Impostos sobre a Renda e Proventos de Qualquer Natureza;554961,65;16684
2019;Prefeitura Municipal de Ribeirão Branco - SP;3543006;SP;DCA-Anexo I-C;Padrão;Receitas Brutas Realizadas;RO1.1.1.3.03.0.0;1.1.1.3.03.0.0 - Imposto sobre a Renda - Retido na Fonte;554961,65;16684
2019;Prefeitura Municipal de Ribeirão Branco - SP;3543006;SP;DCA-Anexo I-C;Padrão;Receitas Brutas Realizadas;RO1.1.1.3.03.1.0;1.1.1.3.03.1.0 - Imposto sobre a Renda - Retido na Fonte - Trabalho;11904,85;16684
2019;Prefeitura Municipal de Ribeirão Branco - SP;3543006;SP;DCA-Anexo I-C;Padrão;Receitas Brutas Realizadas;RO1.1.1.3.03.4.0;1.1.1.3.03.4.0 - Imposto sobre a Renda - Retido na Fonte - Outros Rendimentos;543056,80;16684
2019;Prefeitura Municipal de Ribeirão Branco - SP;3543006;SP;DCA-Anexo I-C;Padrão;Receitas Brutas Realizadas;RO1.1.1.8.00.0.0;1.1.1.8.00.0.0 Impostos Específicos de Estados, DF e Municípios;1941005,23;16684
2019;Prefeitura Municipal de Ribeirão Branco - SP;3543006;SP;DCA-Anexo I-C;Padrão;Receitas Brutas Realizadas;RO1.1.1.8.01.0.0;1.1.1.8.01.0.0 Impostos sobre o Patrimônio para Estados/DF/Municípios;790157,52;16684
2019;Prefeitura Municipal de Ribeirão Branco - SP;3543006;SP;DCA-Anexo I-C;Padrão;Receitas Brutas Realizadas;RO1.1.1.8.01.1.0;1.1.1.8.01.1.0 Imposto sobre a Propriedade Predial e Territorial Urbana;380512,95;16684
2019;Prefeitura Municipal de Ribeirão Branco - SP;3543006;SP;DCA-Anexo I-C;Padrão;Receitas Brutas Realizadas;RO1.1.1.8.01.4.0;1.1.1.8.01.4.0 Imposto sobre Transmissão ¿Inter Vivos¿ de Bens Imóveis e de Direitos Reais sobre Imóveis;409644,57;16684
2019;Prefeitura Municipal de Ribeirão Branco - SP;3543006;SP;DCA-Anexo I-C;Padrão;Receitas Brutas Realizadas;RO1.1.1.8.02.0.0;1.1.1.8.02.0.0 Impostos sobre a Produção, Circulação de Mercadorias e Serviços;1150847,71;16684
2019;Prefeitura Municipal de Ribeirão Branco - SP;3543006;SP;DCA-Anexo I-C;Padrão;Receitas Brutas Realizadas;RO1.1.1.8.02.3.0;1.1.1.8.02.3.0 Imposto sobre Serviços de Qualquer Natureza;1150847,71;16684
2019;Prefeitura Municipal de Ribeirão Branco - SP;3543006;SP;DCA-Anexo I-C;Padrão;Receitas Brutas Realizadas;RO1.1.2.0.00.0.0;1.1.2.0.00.0.0 - Taxas;307062,09;16684
2019;Prefeitura Municipal de Ribeirão Branco - SP;3543006;SP;DCA-Anexo I-C;Padrão;Receitas Brutas Realizadas;RO1.1.2.2.00.0.0;1.1.2.2.00.0.0 - Taxas pela Prestação de Serviços;149265,00;16684
2019;Prefeitura Municipal de Ribeirão Branco - SP;3543006;SP;DCA-Anexo I-C;Padrão;Receitas Brutas Realizadas;RO1.1.2.2.01.0.0;1.1.2.2.01.0.0 - Taxas pela Prestação de Serviços;149265,00;16684
2019;Prefeitura Municipal de Ribeirão Branco - SP;3543006;SP;DCA-Anexo I-C;Padrão;Receitas Brutas Realizadas;RO1.1.2.8.00.0.0;1.1.2.8.00.0.0 - Taxas - Específicas de Estados, DF e Municípios;157797,09;16684
2019;Prefeitura Municipal de Ribeirão Branco - SP;3543006;SP;DCA-Anexo I-C;Padrão;Receitas Brutas Realizadas;RO1.1.2.8.01.0.0;1.1.2.8.01.0.0 - Taxas de Inspeção, Controle e Fiscalização;157797,09;16684
2019;Prefeitura Municipal de Ribeirão Branco - SP;3543006;SP;DCA-Anexo I-C;Padrão;Receitas Brutas Realizadas;RO1.1.2.8.01.1.0;1.1.2.8.01.1.0 - Taxa de Fiscalização de Vigilância Sanitária;22795,61;16684
2019;Prefeitura Municipal de Ribeirão Branco - SP;3543006;SP;DCA-Anexo I-C;Padrão;Receitas Brutas Realizadas;RO1.1.2.8.01.9.0;1.1.2.8.01.9.0 - Taxas de Inspeção, Controle e Fiscalização - Outras;135001,48;16684
2019;Prefeitura Municipal de Ribeirão Branco - SP;3543006;SP;DCA-Anexo I-C;Padrão;Receitas Brutas Realizadas;RO1.2.0.0.00.0.0;1.2.0.0.00.0.0 - Contribuições;147883,00;16684
2019;Prefeitura Municipal de Ribeirão Branco - SP;3543006;SP;DCA-Anexo I-C;Padrão;Receitas Brutas Realizadas;RO1.2.4.0.00.0.0;1.2.4.0.00.0.0 - Contribuição para o Custeio do Serviço de Iluminação Pública;147883,00;16684
2019;Prefeitura Municipal de Ribeirão Branco - SP;3543006;SP;DCA-Anexo I-C;Padrão;Receitas Brutas Realizadas;RO1.3.0.0.00.0.0;1.3.0.0.00.0.0 - Receita Patrimonial;134817,80;16684
2019;Prefeitura Municipal de Ribeirão Branco - SP;3543006;SP;DCA-Anexo I-C;Padrão;Receitas Brutas Realizadas;RO1.3.1.0.00.0.0;1.3.1.0.00.0.0 - Exploração do Patrimônio Imobiliário do Estado;29757,00;16684
2019;Prefeitura Municipal de Ribeirão Branco - SP;3543006;SP;DCA-Anexo I-C;Padrão;Receitas Brutas Realizadas;RO1.3.1.0.01.0.0;1.3.1.0.01.0.0 - Aluguéis, Arrendamentos, Foros, Laudêmios, Tarifas de Ocupação;29757,00;16684
2019;Prefeitura Municipal de Ribeirão Branco - SP;3543006;SP;DCA-Anexo I-C;Padrão;Receitas Brutas Realizadas;RO1.3.1.0.01.1.0;1.3.1.0.01.1.0 - Aluguéis e Arrendamentos;29757,00;16684
2019;Prefeitura Municipal de Ribeirão Branco - SP;3543006;SP;DCA-Anexo I-C;Padrão;Receitas Brutas Realizadas;RO1.3.2.0.00.0.0;1.3.2.0.00.0.0 - Valores Mobiliários;105060,80;16684
2019;Prefeitura Municipal de Ribeirão Branco - SP;3543006;SP;DCA-Anexo I-C;Padrão;Receitas Brutas Realizadas;RO1.3.2.1.00.0.0;1.3.2.1.00.0.0 - Juros e Correções Monetárias;105060,80;16684
2019;Prefeitura Municipal de Ribeirão Branco - SP;3543006;SP;DCA-Anexo I-C;Padrão;Receitas Brutas Realizadas;RO1.3.2.1.00.1.0;1.3.2.1.00.1.0 - Remuneração de Depósitos Bancários;105060,80;16684
2019;Prefeitura Municipal de Ribeirão Branco - SP;3543006;SP;DCA-Anexo I-C;Padrão;Receitas Brutas Realizadas;RO1.7.0.0.00.0.0;1.7.0.0.00.0.0 - Transferências Correntes;48756084,03;16684
2019;Prefeitura Municipal de Ribeirão Branco - SP;3543006;SP;DCA-Anexo I-C;Padrão;Deduções - FUNDEB;RO1.7.0.0.00.0.0;1.7.0.0.00.0.0 - Transferências Correntes;5441032,51;16684
2019;Prefeitura Municipal de Ribeirão Branco - SP;3543006;SP;DCA-Anexo I-C;Padrão;Receitas Brutas Realizadas;RO1.7.1.0.00.0.0;1.7.1.0.00.0.0 - Transferências da União e de suas Entidades;23989338,45;16684
2019;Prefeitura Municipal de Ribeirão Branco - SP;3543006;SP;DCA-Anexo I-C;Padrão;Deduções - FUNDEB;RO1.7.1.0.00.0.0;1.7.1.0.00.0.0 - Transferências da União e de suas Entidades;3358628,17;16684
2019;Prefeitura Municipal de Ribeirão Branco - SP;3543006;SP;DCA-Anexo I-C;Padrão;Receitas Brutas Realizadas;RO1.7.1.8.00.0.0;1.7.1.8.00.0.0 Transferências da União - Específicas de Estados, DF e Municípios;23989338,45;16684
2019;Prefeitura Municipal de Ribeirão Branco - SP;3543006;SP;DCA-Anexo I-C;Padrão;Deduções - FUNDEB;RO1.7.1.8.00.0.0;1.7.1.8.00.0.0 Transferências da União - Específicas de Estados, DF e Municípios;3358628,17;16684
2019;Prefeitura Municipal de Ribeirão Branco - SP;3543006;SP;DCA-Anexo I-C;Padrão;Receitas Brutas Realizadas;RO1.7.1.8.01.0.0;1.7.1.8.01.0.0 Participação na Receita da União;18237802,17;16684
2019;Prefeitura Municipal de Ribeirão Branco - SP;3543006;SP;DCA-Anexo I-C;Padrão;Deduções - FUNDEB;RO1.7.1.8.01.0.0;1.7.1.8.01.0.0 Participação na Receita da União;3358628,17;16684
2019;Prefeitura Municipal de Ribeirão Branco - SP;3543006;SP;DCA-Anexo I-C;Padrão;Receitas Brutas Realizadas;RO1.7.1.8.01.2.0;1.7.1.8.01.2.0 Cota-Parte do Fundo de Participação dos Municípios - Cota Mensal;16675578,64;16684
2019;Prefeitura Municipal de Ribeirão Branco - SP;3543006;SP;DCA-Anexo I-C;Padrão;Deduções - FUNDEB;RO1.7.1.8.01.2.0;1.7.1.8.01.2.0 Cota-Parte do Fundo de Participação dos Municípios - Cota Mensal;3335115,46;16684
2019;Prefeitura Municipal de Ribeirão Branco - SP;3543006;SP;DCA-Anexo I-C;Padrão;Receitas Brutas Realizadas;RO1.7.1.8.01.3.0;1.7.1.8.01.3.0 Cota-Parte do Fundo de Participação do Municípios ¿ 1% Cota entregue no mês de dezembro;735924,13;16684
2019;Prefeitura Municipal de Ribeirão Branco - SP;3543006;SP;DCA-Anexo I-C;Padrão;Receitas Brutas Realizadas;RO1.7.1.8.01.4.0;1.7.1.8.01.4.0 Cota-Parte do Fundo de Participação dos Municípios - 1% Cota entregue no mês de julho;708735,17;16684
2019;Prefeitura Municipal de Ribeirão Branco - SP;3543006;SP;DCA-Anexo I-C;Padrão;Receitas Brutas Realizadas;RO1.7.1.8.01.5.0;1.7.1.8.01.5.0 Cota-Parte do Imposto Sobre a Propriedade Territorial Rural;117564,23;16684
2019;Prefeitura Municipal de Ribeirão Branco - SP;3543006;SP;DCA-Anexo I-C;Padrão;Deduções - FUNDEB;RO1.7.1.8.01.5.0;1.7.1.8.01.5.0 Cota-Parte do Imposto Sobre a Propriedade Territorial Rural;23512,71;16684
2019;Prefeitura Municipal de Ribeirão Branco - SP;3543006;SP;DCA-Anexo I-C;Padrão;Receitas Brutas Realizadas;RO1.7.1.8.02.0.0;1.7.1.8.02.0.0 Transferência da Compensação Financeira pela Exploração de Recursos Naturais;259269,22;16684
2019;Prefeitura Municipal de Ribeirão Branco - SP;3543006;SP;DCA-Anexo I-C;Padrão;Receitas Brutas Realizadas;RO1.7.1.8.02.2.0;1.7.1.8.02.2.0 Cota-parte da Compensação Financeira de Recursos Minerais - CFEM;2333,57;16684
2019;Prefeitura Municipal de Ribeirão Branco - SP;3543006;SP;DCA-Anexo I-C;Padrão;Receitas Brutas Realizadas;RO1.7.1.8.02.6.0;1.7.1.8.02.6.0 Cota-Parte do Fundo Especial do Petróleo ¿ FEP;256935,65;16684
2019;Prefeitura Municipal de Ribeirão Branco - SP;3543006;SP;DCA-Anexo I-C;Padrão;Receitas Brutas Realizadas;RO1.7.1.8.03.0.0;"1.7.1.8.03.0.0 Transferência de Recursos do Sistema Único de Saúde ¿ 
 SUS ¿ Bloco Custeio das Ações e Serviços Públicos de Saúde";2697749,47;16684
2019;Prefeitura Municipal de Ribeirão Branco - SP;3543006;SP;DCA-Anexo I-C;Padrão;Receitas Brutas Realizadas;RO1.7.1.8.03.1.0;1.7.1.8.03.1.0 - Transferência de Recursos do SUS ¿ Atenção Básica;2697749,47;16684
2019;Prefeitura Municipal de Ribeirão Branco - SP;3543006;SP;DCA-Anexo I-C;Padrão;Receitas Brutas Realizadas;RO1.7.1.8.04.0.0;1.7.1.8.04.0.0 Transferências de Recursos do Sistema Único de Saúde ¿ SUS - Bloco Investimentos na Rede de Serviços Públicos de Saúde;326556,18;16684
2019;Prefeitura Municipal de Ribeirão Branco - SP;3543006;SP;DCA-Anexo I-C;Padrão;Receitas Brutas Realizadas;RO1.7.1.8.04.1.0;1.7.1.8.04.1.0 - Transferências de Recursos do Sistema Único de Saúde ¿ SUS destinados à Atenção Básica;326556,18;16684
2019;Prefeitura Municipal de Ribeirão Branco - SP;3543006;SP;DCA-Anexo I-C;Padrão;Receitas Brutas Realizadas;RO1.7.1.8.05.0.0;1.7.1.8.05.0.0 Transferências de Recursos do Fundo Nacional do Desenvolvimento da Educação ¿ FNDE;1596017,87;16684
2019;Prefeitura Municipal de Ribeirão Branco - SP;3543006;SP;DCA-Anexo I-C;Padrão;Receitas Brutas Realizadas;RO1.7.1.8.05.1.0;1.7.1.8.05.1.0 Transferências do Salário-Educação;1379013,90;16684
2019;Prefeitura Municipal de Ribeirão Branco - SP;3543006;SP;DCA-Anexo I-C;Padrão;Receitas Brutas Realizadas;RO1.7.1.8.05.3.0;1.7.1.8.05.3.0 Transferências Diretas do FNDE referentes ao Programa Nacional de Alimentação Escolar ¿ PNAE;217003,97;16684
2019;Prefeitura Municipal de Ribeirão Branco - SP;3543006;SP;DCA-Anexo I-C;Padrão;Receitas Brutas Realizadas;RO1.7.1.8.99.0.0;1.7.1.8.99.0.0 Outras Transferências da União;871943,54;16684
2019;Prefeitura Municipal de Ribeirão Branco - SP;3543006;SP;DCA-Anexo I-C;Padrão;Receitas Brutas Realizadas;RO1.7.2.0.00.0.0;1.7.2.0.00.0.0 - Transferências dos Estados e do Distrito Federal e de suas Entidades;13798324,52;16684
2019;Prefeitura Municipal de Ribeirão Branco - SP;3543006;SP;DCA-Anexo I-C;Padrão;Deduções - FUNDEB;RO1.7.2.0.00.0.0;1.7.2.0.00.0.0 - Transferências dos Estados e do Distrito Federal e de suas Entidades;2082404,34;16684
2019;Prefeitura Municipal de Ribeirão Branco - SP;3543006;SP;DCA-Anexo I-C;Padrão;Receitas Brutas Realizadas;RO1.7.2.8.00.0.0;1.7.2.8.00.0.0 Transferências dos Estados - Específicas de Estados, DF e Municípios;13798324,52;16684
2019;Prefeitura Municipal de Ribeirão Branco - SP;3543006;SP;DCA-Anexo I-C;Padrão;Deduções - FUNDEB;RO1.7.2.8.00.0.0;1.7.2.8.00.0.0 Transferências dos Estados - Específicas de Estados, DF e Municípios;2082404,34;16684
2019;Prefeitura Municipal de Ribeirão Branco - SP;3543006;SP;DCA-Anexo I-C;Padrão;Receitas Brutas Realizadas;RO1.7.2.8.01.0.0;1.7.2.8.01.0.0 Participação na Receita dos Estados;10439347,37;16684
2019;Prefeitura Municipal de Ribeirão Branco - SP;3543006;SP;DCA-Anexo I-C;Padrão;Deduções - FUNDEB;RO1.7.2.8.01.0.0;1.7.2.8.01.0.0 Participação na Receita dos Estados;2082404,34;16684
2019;Prefeitura Municipal de Ribeirão Branco - SP;3543006;SP;DCA-Anexo I-C;Padrão;Receitas Brutas Realizadas;RO1.7.2.8.01.1.0;1.7.2.8.01.1.0 Cota-Parte do ICMS;9293949,71;16684
2019;Prefeitura Municipal de Ribeirão Branco - SP;3543006;SP;DCA-Anexo I-C;Padrão;Deduções - FUNDEB;RO1.7.2.8.01.1.0;1.7.2.8.01.1.0 Cota-Parte do ICMS;1858789,73;16684
2019;Prefeitura Municipal de Ribeirão Branco - SP;3543006;SP;DCA-Anexo I-C;Padrão;Receitas Brutas Realizadas;RO1.7.2.8.01.2.0;1.7.2.8.01.2.0 Cota-Parte do IPVA;1052196,90;16684
2019;Prefeitura Municipal de Ribeirão Branco - SP;3543006;SP;DCA-Anexo I-C;Padrão;Deduções - FUNDEB;RO1.7.2.8.01.2.0;1.7.2.8.01.2.0 Cota-Parte do IPVA;210439,28;16684
2019;Prefeitura Municipal de Ribeirão Branco - SP;3543006;SP;DCA-Anexo I-C;Padrão;Receitas Brutas Realizadas;RO1.7.2.8.01.3.0;1.7.2.8.01.3.0 Cota-Parte do IPI - Municípios;65877,20;16684
2019;Prefeitura Municipal de Ribeirão Branco - SP;3543006;SP;DCA-Anexo I-C;Padrão;Deduções - FUNDEB;RO1.7.2.8.01.3.0;1.7.2.8.01.3.0 Cota-Parte do IPI - Municípios;13175,33;16684
2019;Prefeitura Municipal de Ribeirão Branco - SP;3543006;SP;DCA-Anexo I-C;Padrão;Receitas Brutas Realizadas;RO1.7.2.8.01.4.0;1.7.2.8.01.4.0 Cota-Parte da Contribuição de Intervenção no Domínio Econômico;27323,56;16684
2019;Prefeitura Municipal de Ribeirão Branco - SP;3543006;SP;DCA-Anexo I-C;Padrão;Receitas Brutas Realizadas;RO1.7.2.8.02.0.0;1.7.2.8.02.0.0 Transferência da Cota-parte da Compensação Financeira (25%);42349,71;16684
2019;Prefeitura Municipal de Ribeirão Branco - SP;3543006;SP;DCA-Anexo I-C;Padrão;Receitas Brutas Realizadas;RO1.7.2.8.02.3.0;1.7.2.8.02.3.0 Cota-parte Royalties ¿ Compensação Financeira pela Produção do Petróleo ¿ Lei nº 7.990/89, artigo 9º;42349,71;16684
2019;Prefeitura Municipal de Ribeirão Branco - SP;3543006;SP;DCA-Anexo I-C;Padrão;Receitas Brutas Realizadas;RO1.7.2.8.03.0.0;1.7.2.8.03.0.0 Transferência de Recursos do Estado para Programas de Saúde ¿ Repasse Fundo a Fundo;346458,28;16684
2019;Prefeitura Municipal de Ribeirão Branco - SP;3543006;SP;DCA-Anexo I-C;Padrão;Receitas Brutas Realizadas;RO1.7.2.8.10.0.0;1.7.2.8.10.0.0 Transferência de Convênios dos Estados e do Distrito Federal e de Suas Entidades;2970169,16;16684
2019;Prefeitura Municipal de Ribeirão Branco - SP;3543006;SP;DCA-Anexo I-C;Padrão;Receitas Brutas Realizadas;RO1.7.2.8.10.2.0;1.7.2.8.10.2.0 Transferências de Convênio dos Estados Destinadas a Programas de Educação;2809251,99;16684
2019;Prefeitura Municipal de Ribeirão Branco - SP;3543006;SP;DCA-Anexo I-C;Padrão;Receitas Brutas Realizadas;RO1.7.2.8.10.9.0;1.7.2.8.10.9.0 Outras Transferências de Convênio dos Estados;160917,17;16684
2019;Prefeitura Municipal de Ribeirão Branco - SP;3543006;SP;DCA-Anexo I-C;Padrão;Receitas Brutas Realizadas;RO1.7.5.0.00.0.0;1.7.5.0.00.0.0 - Transferências de Outras Instituições Públicas;10968421,06;16684
2019;Prefeitura Municipal de Ribeirão Branco - SP;3543006;SP;DCA-Anexo I-C;Padrão;Receitas Brutas Realizadas;RO1.7.5.8.00.0.0;1.7.5.8.00.0.0 Transferências de Outras Instituições Públicas - Específicas de Estados, DF e Municípios;10968421,06;16684
2019;Prefeitura Municipal de Ribeirão Branco - SP;3543006;SP;DCA-Anexo I-C;Padrão;Receitas Brutas Realizadas;RO1.7.5.8.01.0.0;1.7.5.8.01.0.0 Transferências de Recursos do Fundo de Manutenção e Desenvolvimento da Educação Básica e de Valorização dos Profissionais da Educação ¿ FUNDEB;10968421,06;16684
2019;Prefeitura Municipal de Ribeirão Branco - SP;3543006;SP;DCA-Anexo I-C;Padrão;Receitas Brutas Realizadas;RO1.9.0.0.00.0.0;1.9.0.0.00.0.0 - Outras Receitas Correntes;253461,19;16684
2019;Prefeitura Municipal de Ribeirão Branco - SP;3543006;SP;DCA-Anexo I-C;Padrão;Receitas Brutas Realizadas;RO1.9.1.0.00.0.0;1.9.1.0.00.0.0 - Multas Administrativas, Contratuais e Judiciais;43296,83;16684
2019;Prefeitura Municipal de Ribeirão Branco - SP;3543006;SP;DCA-Anexo I-C;Padrão;Receitas Brutas Realizadas;RO1.9.1.0.01.0.0;1.9.1.0.01.0.0 - Multas Previstas em Legislação Específica;43296,83;16684
2019;Prefeitura Municipal de Ribeirão Branco - SP;3543006;SP;DCA-Anexo I-C;Padrão;Receitas Brutas Realizadas;RO1.9.2.0.00.0.0;1.9.2.0.00.0.0 - Indenizações, Restituições e Ressarcimentos;206484,36;16684
2019;Prefeitura Municipal de Ribeirão Branco - SP;3543006;SP;DCA-Anexo I-C;Padrão;Receitas Brutas Realizadas;RO1.9.2.2.00.0.0;1.9.2.2.00.0.0 - Restituições;206484,36;16684
2019;Prefeitura Municipal de Ribeirão Branco - SP;3543006;SP;DCA-Anexo I-C;Padrão;Receitas Brutas Realizadas;RO1.9.2.2.02.0.0;1.9.2.2.02.0.0 - Restituição de Benefícios Não Desembolsados;206484,36;16684
2019;Prefeitura Municipal de Ribeirão Branco - SP;3543006;SP;DCA-Anexo I-C;Padrão;Receitas Brutas Realizadas;RO1.9.9.0.00.0.0;1.9.9.0.00.0.0 - Demais Receitas Correntes;3680,00;16684
2019;Prefeitura Municipal de Ribeirão Branco - SP;3543006;SP;DCA-Anexo I-C;Padrão;Receitas Brutas Realizadas;RO1.9.9.0.99.0.0;1.9.9.0.99.0.0 - Outras Receitas;3680,00;16684
2019;Prefeitura Municipal de Ribeirão Branco - SP;3543006;SP;DCA-Anexo I-C;Padrão;Receitas Brutas Realizadas;RO1.9.9.0.99.1.0;1.9.9.0.99.1.0 - Outras Receitas - Primárias;3680,00;16684
2019;Prefeitura Municipal de Ribeirão Branco - SP;3543006;SP;DCA-Anexo I-C;Padrão;Receitas Brutas Realizadas;RO2.0.0.0.00.0.0;2.0.0.0.00.0.0 - Receitas de Capital;519895,00;16684
2019;Prefeitura Municipal de Ribeirão Branco - SP;3543006;SP;DCA-Anexo I-C;Padrão;Receitas Brutas Realizadas;RO2.4.0.0.00.0.0;2.4.0.0.00.0.0 - Transferências de Capital;519895,00;16684
2019;Prefeitura Municipal de Ribeirão Branco - SP;3543006;SP;DCA-Anexo I-C;Padrão;Receitas Brutas Realizadas;RO2.4.1.0.00.0.0;2.4.1.0.00.0.0 - Transferências da União e de suas Entidades;519895,00;16684
2019;Prefeitura Municipal de Ribeirão Branco - SP;3543006;SP;DCA-Anexo I-C;Padrão;Receitas Brutas Realizadas;RO2.4.1.8.00.0.0;2.4.1.8.00.0.0 Transferências da União - Específicas de Estados, DF e Municípios;519895,00;16684
2019;Prefeitura Municipal de Ribeirão Branco - SP;3543006;SP;DCA-Anexo I-C;Padrão;Receitas Brutas Realizadas;RO2.4.1.8.10.0.0;2.4.1.8.10.0.0 Transferência de Convênios da União e de suas Entidades;519895,00;16684
2019;Prefeitura Municipal de Ribeirão Branco - SP;3543006;SP;DCA-Anexo I-C;Padrão;Receitas Brutas Realizadas;RO2.4.1.8.10.9.0;2.4.1.8.10.9.0 - Outras Transferências de Convênios da União;519895,00;16684
2019;Prefeitura Municipal de Ribeirão Branco - SP;3543006;SP;DCA-Anexo I-C;Padrão;Receitas Brutas Realizadas;TotalReceitas;TOTAL DAS RECEITAS (III) = (I + II);52615169,99;16684
2019;Prefeitura Municipal de Ribeirão Branco - SP;3543006;SP;DCA-Anexo I-C;Padrão;Deduções - FUNDEB;TotalReceitas;TOTAL DAS RECEITAS (III) = (I + II);5441032,51;16684
2020;Prefeitura Municipal de Ribeirão Branco - SP;3543006;SP;DCA-Anexo I-C;Padrão;Receitas Brutas Realizadas;ReceitasExcetoIntraOrcamentarias;RECEITAS (EXCETO INTRA-ORÇAMENTÁRIAS) (I);56305660,13;16444
2020;Prefeitura Municipal de Ribeirão Branco - SP;3543006;SP;DCA-Anexo I-C;Padrão;Deduções - FUNDEB;ReceitasExcetoIntraOrcamentarias;RECEITAS (EXCETO INTRA-ORÇAMENTÁRIAS) (I);5329319,14;16444
2020;Prefeitura Municipal de Ribeirão Branco - SP;3543006;SP;DCA-Anexo I-C;Padrão;Receitas Brutas Realizadas;RO1.0.0.0.00.0.0;1.0.0.0.00.0.0 - Receitas Correntes;54711423,66;16444
2020;Prefeitura Municipal de Ribeirão Branco - SP;3543006;SP;DCA-Anexo I-C;Padrão;Deduções - FUNDEB;RO1.0.0.0.00.0.0;1.0.0.0.00.0.0 - Receitas Correntes;5329319,14;16444
2020;Prefeitura Municipal de Ribeirão Branco - SP;3543006;SP;DCA-Anexo I-C;Padrão;Receitas Brutas Realizadas;RO1.1.0.0.00.0.0;1.1.0.0.00.0.0 - Impostos, Taxas e Contribuições de Melhoria;2624156,26;16444
2020;Prefeitura Municipal de Ribeirão Branco - SP;3543006;SP;DCA-Anexo I-C;Padrão;Receitas Brutas Realizadas;RO1.1.1.0.00.0.0;1.1.1.0.00.0.0 - Impostos;2364551,32;16444
2020;Prefeitura Municipal de Ribeirão Branco - SP;3543006;SP;DCA-Anexo I-C;Padrão;Receitas Brutas Realizadas;RO1.1.1.3.00.0.0;1.1.1.3.00.0.0 - Impostos sobre a Renda e Proventos de Qualquer Natureza;685250,10;16444
2020;Prefeitura Municipal de Ribeirão Branco - SP;3543006;SP;DCA-Anexo I-C;Padrão;Receitas Brutas Realizadas;RO1.1.1.3.03.0.0;1.1.1.3.03.0.0 - Imposto sobre a Renda - Retido na Fonte;685250,10;16444
2020;Prefeitura Municipal de Ribeirão Branco - SP;3543006;SP;DCA-Anexo I-C;Padrão;Receitas Brutas Realizadas;RO1.1.1.3.03.1.0;1.1.1.3.03.1.0 - Imposto sobre a Renda - Retido na Fonte - Trabalho;472727,77;16444
2020;Prefeitura Municipal de Ribeirão Branco - SP;3543006;SP;DCA-Anexo I-C;Padrão;Receitas Brutas Realizadas;RO1.1.1.3.03.4.0;1.1.1.3.03.4.0 - Imposto sobre a Renda - Retido na Fonte - Outros Rendimentos;212522,33;16444
2020;Prefeitura Municipal de Ribeirão Branco - SP;3543006;SP;DCA-Anexo I-C;Padrão;Receitas Brutas Realizadas;RO1.1.1.8.00.0.0;1.1.1.8.00.0.0 Impostos Específicos de Estados, DF e Municípios;1679301,22;16444
2020;Prefeitura Municipal de Ribeirão Branco - SP;3543006;SP;DCA-Anexo I-C;Padrão;Receitas Brutas Realizadas;RO1.1.1.8.01.0.0;1.1.1.8.01.0.0 Impostos sobre o Patrimônio para Estados/DF/Municípios;993201,18;16444
2020;Prefeitura Municipal de Ribeirão Branco - SP;3543006;SP;DCA-Anexo I-C;Padrão;Receitas Brutas Realizadas;RO1.1.1.8.01.1.0;1.1.1.8.01.1.0 Imposto sobre a Propriedade Predial e Territorial Urbana;306261,86;16444
2020;Prefeitura Municipal de Ribeirão Branco - SP;3543006;SP;DCA-Anexo I-C;Padrão;Receitas Brutas Realizadas;RO1.1.1.8.01.4.0;1.1.1.8.01.4.0 Imposto sobre Transmissão ¿Inter Vivos¿ de Bens Imóveis e de Direitos Reais sobre Imóveis;686939,32;16444
2020;Prefeitura Municipal de Ribeirão Branco - SP;3543006;SP;DCA-Anexo I-C;Padrão;Receitas Brutas Realizadas;RO1.1.1.8.02.0.0;1.1.1.8.02.0.0 Impostos sobre a Produção, Circulação de Mercadorias e Serviços;686100,04;16444
2020;Prefeitura Municipal de Ribeirão Branco - SP;3543006;SP;DCA-Anexo I-C;Padrão;Receitas Brutas Realizadas;RO1.1.1.8.02.3.0;1.1.1.8.02.3.0 Imposto sobre Serviços de Qualquer Natureza;686100,04;16444
2020;Prefeitura Municipal de Ribeirão Branco - SP;3543006;SP;DCA-Anexo I-C;Padrão;Receitas Brutas Realizadas;RO1.1.2.0.00.0.0;1.1.2.0.00.0.0 - Taxas;259604,94;16444
2020;Prefeitura Municipal de Ribeirão Branco - SP;3543006;SP;DCA-Anexo I-C;Padrão;Receitas Brutas Realizadas;RO1.1.2.8.00.0.0;1.1.2.8.00.0.0 - Taxas - Específicas de Estados, DF e Municípios;259604,94;16444
2020;Prefeitura Municipal de Ribeirão Branco - SP;3543006;SP;DCA-Anexo I-C;Padrão;Receitas Brutas Realizadas;RO1.1.2.8.01.0.0;1.1.2.8.01.0.0 - Taxas de Inspeção, Controle e Fiscalização;259604,94;16444
2020;Prefeitura Municipal de Ribeirão Branco - SP;3543006;SP;DCA-Anexo I-C;Padrão;Receitas Brutas Realizadas;RO1.1.2.8.01.1.0;1.1.2.8.01.1.0 - Taxa de Fiscalização de Vigilância Sanitária;3325,42;16444
2020;Prefeitura Municipal de Ribeirão Branco - SP;3543006;SP;DCA-Anexo I-C;Padrão;Receitas Brutas Realizadas;RO1.1.2.8.01.9.0;1.1.2.8.01.9.0 - Taxas de Inspeção, Controle e Fiscalização - Outras;256279,52;16444
2020;Prefeitura Municipal de Ribeirão Branco - SP;3543006;SP;DCA-Anexo I-C;Padrão;Receitas Brutas Realizadas;RO1.2.0.0.00.0.0;1.2.0.0.00.0.0 - Contribuições;112443,20;16444
2020;Prefeitura Municipal de Ribeirão Branco - SP;3543006;SP;DCA-Anexo I-C;Padrão;Receitas Brutas Realizadas;RO1.2.4.0.00.0.0;1.2.4.0.00.0.0 - Contribuição para o Custeio do Serviço de Iluminação Pública;112443,20;16444
2020;Prefeitura Municipal de Ribeirão Branco - SP;3543006;SP;DCA-Anexo I-C;Padrão;Receitas Brutas Realizadas;RO1.3.0.0.00.0.0;1.3.0.0.00.0.0 - Receita Patrimonial;61467,61;16444
2020;Prefeitura Municipal de Ribeirão Branco - SP;3543006;SP;DCA-Anexo I-C;Padrão;Receitas Brutas Realizadas;RO1.3.1.0.00.0.0;1.3.1.0.00.0.0 - Exploração do Patrimônio Imobiliário do Estado;33600,00;16444
2020;Prefeitura Municipal de Ribeirão Branco - SP;3543006;SP;DCA-Anexo I-C;Padrão;Receitas Brutas Realizadas;RO1.3.1.0.01.0.0;1.3.1.0.01.0.0 - Aluguéis, Arrendamentos, Foros, Laudêmios, Tarifas de Ocupação;33600,00;16444
2020;Prefeitura Municipal de Ribeirão Branco - SP;3543006;SP;DCA-Anexo I-C;Padrão;Receitas Brutas Realizadas;RO1.3.1.0.01.1.0;1.3.1.0.01.1.0 - Aluguéis e Arrendamentos;33600,00;16444
2020;Prefeitura Municipal de Ribeirão Branco - SP;3543006;SP;DCA-Anexo I-C;Padrão;Receitas Brutas Realizadas;RO1.3.2.0.00.0.0;1.3.2.0.00.0.0 - Valores Mobiliários;27867,61;16444
2020;Prefeitura Municipal de Ribeirão Branco - SP;3543006;SP;DCA-Anexo I-C;Padrão;Receitas Brutas Realizadas;RO1.3.2.1.00.0.0;1.3.2.1.00.0.0 - Juros e Correções Monetárias;27867,61;16444
2020;Prefeitura Municipal de Ribeirão Branco - SP;3543006;SP;DCA-Anexo I-C;Padrão;Receitas Brutas Realizadas;RO1.3.2.1.00.1.0;1.3.2.1.00.1.0 - Remuneração de Depósitos Bancários;27867,61;16444
2020;Prefeitura Municipal de Ribeirão Branco - SP;3543006;SP;DCA-Anexo I-C;Padrão;Receitas Brutas Realizadas;RO1.7.0.0.00.0.0;1.7.0.0.00.0.0 - Transferências Correntes;51819453,67;16444
2020;Prefeitura Municipal de Ribeirão Branco - SP;3543006;SP;DCA-Anexo I-C;Padrão;Deduções - FUNDEB;RO1.7.0.0.00.0.0;1.7.0.0.00.0.0 - Transferências Correntes;5329319,14;16444
2020;Prefeitura Municipal de Ribeirão Branco - SP;3543006;SP;DCA-Anexo I-C;Padrão;Receitas Brutas Realizadas;RO1.7.1.0.00.0.0;1.7.1.0.00.0.0 - Transferências da União e de suas Entidades;28661695,56;16444
2020;Prefeitura Municipal de Ribeirão Branco - SP;3543006;SP;DCA-Anexo I-C;Padrão;Deduções - FUNDEB;RO1.7.1.0.00.0.0;1.7.1.0.00.0.0 - Transferências da União e de suas Entidades;3199408,17;16444
2020;Prefeitura Municipal de Ribeirão Branco - SP;3543006;SP;DCA-Anexo I-C;Padrão;Receitas Brutas Realizadas;RO1.7.1.8.00.0.0;1.7.1.8.00.0.0 Transferências da União - Específicas de Estados, DF e Municípios;28661695,56;16444
2020;Prefeitura Municipal de Ribeirão Branco - SP;3543006;SP;DCA-Anexo I-C;Padrão;Deduções - FUNDEB;RO1.7.1.8.00.0.0;1.7.1.8.00.0.0 Transferências da União - Específicas de Estados, DF e Municípios;3199408,17;16444
2020;Prefeitura Municipal de Ribeirão Branco - SP;3543006;SP;DCA-Anexo I-C;Padrão;Receitas Brutas Realizadas;RO1.7.1.8.01.0.0;1.7.1.8.01.0.0 Participação na Receita da União;17427350,41;16444
2020;Prefeitura Municipal de Ribeirão Branco - SP;3543006;SP;DCA-Anexo I-C;Padrão;Deduções - FUNDEB;RO1.7.1.8.01.0.0;1.7.1.8.01.0.0 Participação na Receita da União;3199408,17;16444
2020;Prefeitura Municipal de Ribeirão Branco - SP;3543006;SP;DCA-Anexo I-C;Padrão;Receitas Brutas Realizadas;RO1.7.1.8.01.2.0;1.7.1.8.01.2.0 Cota-Parte do Fundo de Participação dos Municípios - Cota Mensal;15875254,38;16444
2020;Prefeitura Municipal de Ribeirão Branco - SP;3543006;SP;DCA-Anexo I-C;Padrão;Deduções - FUNDEB;RO1.7.1.8.01.2.0;1.7.1.8.01.2.0 Cota-Parte do Fundo de Participação dos Municípios - Cota Mensal;3175050,63;16444
2020;Prefeitura Municipal de Ribeirão Branco - SP;3543006;SP;DCA-Anexo I-C;Padrão;Receitas Brutas Realizadas;RO1.7.1.8.01.3.0;1.7.1.8.01.3.0 Cota-Parte do Fundo de Participação do Municípios ¿ 1% Cota entregue no mês de dezembro;714392,31;16444
2020;Prefeitura Municipal de Ribeirão Branco - SP;3543006;SP;DCA-Anexo I-C;Padrão;Receitas Brutas Realizadas;RO1.7.1.8.01.4.0;1.7.1.8.01.4.0 Cota-Parte do Fundo de Participação dos Municípios - 1% Cota entregue no mês de julho;715915,40;16444
2020;Prefeitura Municipal de Ribeirão Branco - SP;3543006;SP;DCA-Anexo I-C;Padrão;Receitas Brutas Realizadas;RO1.7.1.8.01.5.0;1.7.1.8.01.5.0 Cota-Parte do Imposto Sobre a Propriedade Territorial Rural;121788,32;16444
2020;Prefeitura Municipal de Ribeirão Branco - SP;3543006;SP;DCA-Anexo I-C;Padrão;Deduções - FUNDEB;RO1.7.1.8.01.5.0;1.7.1.8.01.5.0 Cota-Parte do Imposto Sobre a Propriedade Territorial Rural;24357,54;16444
2020;Prefeitura Municipal de Ribeirão Branco - SP;3543006;SP;DCA-Anexo I-C;Padrão;Receitas Brutas Realizadas;RO1.7.1.8.02.0.0;1.7.1.8.02.0.0 Transferência da Compensação Financeira pela Exploração de Recursos Naturais;262774,88;16444
2020;Prefeitura Municipal de Ribeirão Branco - SP;3543006;SP;DCA-Anexo I-C;Padrão;Receitas Brutas Realizadas;RO1.7.1.8.02.2.0;1.7.1.8.02.2.0 Cota-parte da Compensação Financeira de Recursos Minerais - CFEM;7359,46;16444
2020;Prefeitura Municipal de Ribeirão Branco - SP;3543006;SP;DCA-Anexo I-C;Padrão;Receitas Brutas Realizadas;RO1.7.1.8.02.6.0;1.7.1.8.02.6.0 Cota-Parte do Fundo Especial do Petróleo ¿ FEP;255415,42;16444
2020;Prefeitura Municipal de Ribeirão Branco - SP;3543006;SP;DCA-Anexo I-C;Padrão;Receitas Brutas Realizadas;RO1.7.1.8.03.0.0;"1.7.1.8.03.0.0 Transferência de Recursos do Sistema Único de Saúde ¿ 
 SUS ¿ Bloco Custeio das Ações e Serviços Públicos de Saúde";5448232,63;16444
2020;Prefeitura Municipal de Ribeirão Branco - SP;3543006;SP;DCA-Anexo I-C;Padrão;Receitas Brutas Realizadas;RO1.7.1.8.03.1.0;1.7.1.8.03.1.0 - Transferência de Recursos do SUS ¿ Atenção Básica;3239757,40;16444
2020;Prefeitura Municipal de Ribeirão Branco - SP;3543006;SP;DCA-Anexo I-C;Padrão;Receitas Brutas Realizadas;RO1.7.1.8.03.2.0;1.7.1.8.03.2.0 - Transferência de Recursos do SUS ¿ Atenção de Média e Alta Complexidade Ambulatorial e Hospitalar;681935,00;16444
2020;Prefeitura Municipal de Ribeirão Branco - SP;3543006;SP;DCA-Anexo I-C;Padrão;Receitas Brutas Realizadas;RO1.7.1.8.03.3.0;1.7.1.8.03.3.0 - Transferência de Recursos do SUS ¿ Vigilância em Saúde;1526540,23;16444
2020;Prefeitura Municipal de Ribeirão Branco - SP;3543006;SP;DCA-Anexo I-C;Padrão;Receitas Brutas Realizadas;RO1.7.1.8.04.0.0;1.7.1.8.04.0.0 Transferências de Recursos do Sistema Único de Saúde ¿ SUS - Bloco Investimentos na Rede de Serviços Públicos de Saúde;441526,88;16444
2020;Prefeitura Municipal de Ribeirão Branco - SP;3543006;SP;DCA-Anexo I-C;Padrão;Receitas Brutas Realizadas;RO1.7.1.8.04.1.0;1.7.1.8.04.1.0 - Transferências de Recursos do Sistema Único de Saúde ¿ SUS destinados à Atenção Básica;441526,88;16444
2020;Prefeitura Municipal de Ribeirão Branco - SP;3543006;SP;DCA-Anexo I-C;Padrão;Receitas Brutas Realizadas;RO1.7.1.8.05.0.0;1.7.1.8.05.0.0 Transferências de Recursos do Fundo Nacional do Desenvolvimento da Educação ¿ FNDE;1967556,41;16444
2020;Prefeitura Municipal de Ribeirão Branco - SP;3543006;SP;DCA-Anexo I-C;Padrão;Receitas Brutas Realizadas;RO1.7.1.8.05.1.0;1.7.1.8.05.1.0 Transferências do Salário-Educação;1613197,26;16444
2020;Prefeitura Municipal de Ribeirão Branco - SP;3543006;SP;DCA-Anexo I-C;Padrão;Receitas Brutas Realizadas;RO1.7.1.8.05.3.0;1.7.1.8.05.3.0 Transferências Diretas do FNDE referentes ao Programa Nacional de Alimentação Escolar ¿ PNAE;254183,60;16444
2020;Prefeitura Municipal de Ribeirão Branco - SP;3543006;SP;DCA-Anexo I-C;Padrão;Receitas Brutas Realizadas;RO1.7.1.8.05.5.0;1.7.1.8.05.5.0 Programa Nacional de Inclusão de Jovens - Projovem Urbano;98447,68;16444
2020;Prefeitura Municipal de Ribeirão Branco - SP;3543006;SP;DCA-Anexo I-C;Padrão;Receitas Brutas Realizadas;RO1.7.1.8.05.9.0;1.7.1.8.05.9.0 Outras Transferências Diretas do Fundo Nacional do Desenvolvimento da Educação ¿ FNDE;1727,87;16444
2020;Prefeitura Municipal de Ribeirão Branco - SP;3543006;SP;DCA-Anexo I-C;Padrão;Receitas Brutas Realizadas;RO1.7.1.8.10.0.0;1.7.1.8.10.0.0 Transferências de Convênios da União e de Suas Entidades;1281611,17;16444
2020;Prefeitura Municipal de Ribeirão Branco - SP;3543006;SP;DCA-Anexo I-C;Padrão;Receitas Brutas Realizadas;RO1.7.1.8.10.9.0;1.7.1.8.10.9.0 Outras Transferências de Convênios da União;1281611,17;16444
2020;Prefeitura Municipal de Ribeirão Branco - SP;3543006;SP;DCA-Anexo I-C;Padrão;Receitas Brutas Realizadas;RO1.7.1.8.99.0.0;1.7.1.8.99.0.0 Outras Transferências da União;1832643,18;16444
2020;Prefeitura Municipal de Ribeirão Branco - SP;3543006;SP;DCA-Anexo I-C;Padrão;Receitas Brutas Realizadas;RO1.7.2.0.00.0.0;1.7.2.0.00.0.0 - Transferências dos Estados e do Distrito Federal e de suas Entidades;12777176,56;16444
2020;Prefeitura Municipal de Ribeirão Branco - SP;3543006;SP;DCA-Anexo I-C;Padrão;Deduções - FUNDEB;RO1.7.2.0.00.0.0;1.7.2.0.00.0.0 - Transferências dos Estados e do Distrito Federal e de suas Entidades;2129910,97;16444
2020;Prefeitura Municipal de Ribeirão Branco - SP;3543006;SP;DCA-Anexo I-C;Padrão;Receitas Brutas Realizadas;RO1.7.2.8.00.0.0;1.7.2.8.00.0.0 Transferências dos Estados - Específicas de Estados, DF e Municípios;12777176,56;16444
2020;Prefeitura Municipal de Ribeirão Branco - SP;3543006;SP;DCA-Anexo I-C;Padrão;Deduções - FUNDEB;RO1.7.2.8.00.0.0;1.7.2.8.00.0.0 Transferências dos Estados - Específicas de Estados, DF e Municípios;2129910,97;16444
2020;Prefeitura Municipal de Ribeirão Branco - SP;3543006;SP;DCA-Anexo I-C;Padrão;Receitas Brutas Realizadas;RO1.7.2.8.01.0.0;1.7.2.8.01.0.0 Participação na Receita dos Estados;10672497,94;16444
2020;Prefeitura Municipal de Ribeirão Branco - SP;3543006;SP;DCA-Anexo I-C;Padrão;Deduções - FUNDEB;RO1.7.2.8.01.0.0;1.7.2.8.01.0.0 Participação na Receita dos Estados;2129910,97;16444
2020;Prefeitura Municipal de Ribeirão Branco - SP;3543006;SP;DCA-Anexo I-C;Padrão;Receitas Brutas Realizadas;RO1.7.2.8.01.1.0;1.7.2.8.01.1.0 Cota-Parte do ICMS;9405982,30;16444
2020;Prefeitura Municipal de Ribeirão Branco - SP;3543006;SP;DCA-Anexo I-C;Padrão;Deduções - FUNDEB;RO1.7.2.8.01.1.0;1.7.2.8.01.1.0 Cota-Parte do ICMS;1881196,23;16444
2020;Prefeitura Municipal de Ribeirão Branco - SP;3543006;SP;DCA-Anexo I-C;Padrão;Receitas Brutas Realizadas;RO1.7.2.8.01.2.0;1.7.2.8.01.2.0 Cota-Parte do IPVA;1173689,73;16444
2020;Prefeitura Municipal de Ribeirão Branco - SP;3543006;SP;DCA-Anexo I-C;Padrão;Deduções - FUNDEB;RO1.7.2.8.01.2.0;1.7.2.8.01.2.0 Cota-Parte do IPVA;234737,83;16444
2020;Prefeitura Municipal de Ribeirão Branco - SP;3543006;SP;DCA-Anexo I-C;Padrão;Receitas Brutas Realizadas;RO1.7.2.8.01.3.0;1.7.2.8.01.3.0 Cota-Parte do IPI - Municípios;69885,15;16444
2020;Prefeitura Municipal de Ribeirão Branco - SP;3543006;SP;DCA-Anexo I-C;Padrão;Deduções - FUNDEB;RO1.7.2.8.01.3.0;1.7.2.8.01.3.0 Cota-Parte do IPI - Municípios;13976,91;16444
2020;Prefeitura Municipal de Ribeirão Branco - SP;3543006;SP;DCA-Anexo I-C;Padrão;Receitas Brutas Realizadas;RO1.7.2.8.01.4.0;1.7.2.8.01.4.0 Cota-Parte da Contribuição de Intervenção no Domínio Econômico;22940,76;16444
2020;Prefeitura Municipal de Ribeirão Branco - SP;3543006;SP;DCA-Anexo I-C;Padrão;Receitas Brutas Realizadas;RO1.7.2.8.02.0.0;1.7.2.8.02.0.0 Transferência da Cota-parte da Compensação Financeira (25%);20489,20;16444
2020;Prefeitura Municipal de Ribeirão Branco - SP;3543006;SP;DCA-Anexo I-C;Padrão;Receitas Brutas Realizadas;RO1.7.2.8.02.3.0;1.7.2.8.02.3.0 Cota-parte Royalties ¿ Compensação Financeira pela Produção do Petróleo ¿ Lei nº 7.990/89, artigo 9º;20489,20;16444
2020;Prefeitura Municipal de Ribeirão Branco - SP;3543006;SP;DCA-Anexo I-C;Padrão;Receitas Brutas Realizadas;RO1.7.2.8.03.0.0;1.7.2.8.03.0.0 Transferência de Recursos do Estado para Programas de Saúde ¿ Repasse Fundo a Fundo;1177663,18;16444
2020;Prefeitura Municipal de Ribeirão Branco - SP;3543006;SP;DCA-Anexo I-C;Padrão;Receitas Brutas Realizadas;RO1.7.2.8.10.0.0;1.7.2.8.10.0.0 Transferência de Convênios dos Estados e do Distrito Federal e de Suas Entidades;906526,24;16444
2020;Prefeitura Municipal de Ribeirão Branco - SP;3543006;SP;DCA-Anexo I-C;Padrão;Receitas Brutas Realizadas;RO1.7.2.8.10.2.0;1.7.2.8.10.2.0 Transferências de Convênio dos Estados Destinadas a Programas de Educação;605691,00;16444
2020;Prefeitura Municipal de Ribeirão Branco - SP;3543006;SP;DCA-Anexo I-C;Padrão;Receitas Brutas Realizadas;RO1.7.2.8.10.9.0;1.7.2.8.10.9.0 Outras Transferências de Convênio dos Estados;300835,24;16444
2020;Prefeitura Municipal de Ribeirão Branco - SP;3543006;SP;DCA-Anexo I-C;Padrão;Receitas Brutas Realizadas;RO1.7.5.0.00.0.0;1.7.5.0.00.0.0 - Transferências de Outras Instituições Públicas;10380581,55;16444
2020;Prefeitura Municipal de Ribeirão Branco - SP;3543006;SP;DCA-Anexo I-C;Padrão;Receitas Brutas Realizadas;RO1.7.5.8.00.0.0;1.7.5.8.00.0.0 Transferências de Outras Instituições Públicas - Específicas de Estados, DF e Municípios;10380581,55;16444
2020;Prefeitura Municipal de Ribeirão Branco - SP;3543006;SP;DCA-Anexo I-C;Padrão;Receitas Brutas Realizadas;RO1.7.5.8.01.0.0;1.7.5.8.01.0.0 Transferências de Recursos do Fundo de Manutenção e Desenvolvimento da Educação Básica e de Valorização dos Profissionais da Educação ¿ FUNDEB;10380581,55;16444
2020;Prefeitura Municipal de Ribeirão Branco - SP;3543006;SP;DCA-Anexo I-C;Padrão;Receitas Brutas Realizadas;RO1.9.0.0.00.0.0;1.9.0.0.00.0.0 - Outras Receitas Correntes;93902,92;16444
2020;Prefeitura Municipal de Ribeirão Branco - SP;3543006;SP;DCA-Anexo I-C;Padrão;Receitas Brutas Realizadas;RO1.9.1.0.00.0.0;1.9.1.0.00.0.0 - Multas Administrativas, Contratuais e Judiciais;48022,97;16444
2020;Prefeitura Municipal de Ribeirão Branco - SP;3543006;SP;DCA-Anexo I-C;Padrão;Receitas Brutas Realizadas;RO1.9.1.0.01.0.0;1.9.1.0.01.0.0 - Multas Previstas em Legislação Específica;48022,97;16444
2020;Prefeitura Municipal de Ribeirão Branco - SP;3543006;SP;DCA-Anexo I-C;Padrão;Receitas Brutas Realizadas;RO1.9.2.0.00.0.0;1.9.2.0.00.0.0 - Indenizações, Restituições e Ressarcimentos;24386,36;16444
2020;Prefeitura Municipal de Ribeirão Branco - SP;3543006;SP;DCA-Anexo I-C;Padrão;Receitas Brutas Realizadas;RO1.9.2.2.00.0.0;1.9.2.2.00.0.0 - Restituições;24386,36;16444
2020;Prefeitura Municipal de Ribeirão Branco - SP;3543006;SP;DCA-Anexo I-C;Padrão;Receitas Brutas Realizadas;RO1.9.2.2.02.0.0;1.9.2.2.02.0.0 - Restituição de Benefícios Não Desembolsados;24386,36;16444
2020;Prefeitura Municipal de Ribeirão Branco - SP;3543006;SP;DCA-Anexo I-C;Padrão;Receitas Brutas Realizadas;RO1.9.9.0.00.0.0;1.9.9.0.00.0.0 - Demais Receitas Correntes;21493,59;16444
2020;Prefeitura Municipal de Ribeirão Branco - SP;3543006;SP;DCA-Anexo I-C;Padrão;Receitas Brutas Realizadas;RO1.9.9.0.99.0.0;1.9.9.0.99.0.0 - Outras Receitas;21493,59;16444
2020;Prefeitura Municipal de Ribeirão Branco - SP;3543006;SP;DCA-Anexo I-C;Padrão;Receitas Brutas Realizadas;RO1.9.9.0.99.1.0;1.9.9.0.99.1.0 - Outras Receitas - Primárias;21493,59;16444
2020;Prefeitura Municipal de Ribeirão Branco - SP;3543006;SP;DCA-Anexo I-C;Padrão;Receitas Brutas Realizadas;RO2.0.0.0.00.0.0;2.0.0.0.00.0.0 - Receitas de Capital;1594236,47;16444
2020;Prefeitura Municipal de Ribeirão Branco - SP;3543006;SP;DCA-Anexo I-C;Padrão;Receitas Brutas Realizadas;RO2.2.0.0.00.0.0;2.2.0.0.00.0.0 - Alienação de Bens;363800,00;16444
2020;Prefeitura Municipal de Ribeirão Branco - SP;3543006;SP;DCA-Anexo I-C;Padrão;Receitas Brutas Realizadas;RO2.2.1.0.00.0.0;2.2.1.0.00.0.0 - Alienação de Bens Móveis;363800,00;16444
2020;Prefeitura Municipal de Ribeirão Branco - SP;3543006;SP;DCA-Anexo I-C;Padrão;Receitas Brutas Realizadas;RO2.2.1.3.00.0.0;2.2.1.3.00.0.0 Alienação de Bens Móveis e Semoventes;363800,00;16444
2020;Prefeitura Municipal de Ribeirão Branco - SP;3543006;SP;DCA-Anexo I-C;Padrão;Receitas Brutas Realizadas;RO2.4.0.0.00.0.0;2.4.0.0.00.0.0 - Transferências de Capital;1230436,47;16444
2020;Prefeitura Municipal de Ribeirão Branco - SP;3543006;SP;DCA-Anexo I-C;Padrão;Receitas Brutas Realizadas;RO2.4.1.0.00.0.0;2.4.1.0.00.0.0 - Transferências da União e de suas Entidades;981014,28;16444
2020;Prefeitura Municipal de Ribeirão Branco - SP;3543006;SP;DCA-Anexo I-C;Padrão;Receitas Brutas Realizadas;RO2.4.1.8.00.0.0;2.4.1.8.00.0.0 Transferências da União - Específicas de Estados, DF e Municípios;981014,28;16444
2020;Prefeitura Municipal de Ribeirão Branco - SP;3543006;SP;DCA-Anexo I-C;Padrão;Receitas Brutas Realizadas;RO2.4.1.8.10.0.0;2.4.1.8.10.0.0 Transferência de Convênios da União e de suas Entidades;981014,28;16444
2020;Prefeitura Municipal de Ribeirão Branco - SP;3543006;SP;DCA-Anexo I-C;Padrão;Receitas Brutas Realizadas;RO2.4.1.8.10.9.0;2.4.1.8.10.9.0 - Outras Transferências de Convênios da União;981014,28;16444
2020;Prefeitura Municipal de Ribeirão Branco - SP;3543006;SP;DCA-Anexo I-C;Padrão;Receitas Brutas Realizadas;RO2.4.2.0.00.0.0;2.4.2.0.00.0.0 - Transferências dos Estados e do Distrito Federal e de suas Entidades;249422,19;16444
2020;Prefeitura Municipal de Ribeirão Branco - SP;3543006;SP;DCA-Anexo I-C;Padrão;Receitas Brutas Realizadas;RO2.4.2.8.00.0.0;2.4.2.8.00.0.0 Transferências dos Estados, Distrito Federal, e de suas Entidades;249422,19;16444
2020;Prefeitura Municipal de Ribeirão Branco - SP;3543006;SP;DCA-Anexo I-C;Padrão;Receitas Brutas Realizadas;RO2.4.2.8.10.0.0;2.4.2.8.10.0.0 Transferências de Convênios dos Estados e do Distrito Federal e de suas Entidades;100000,00;16444
2020;Prefeitura Municipal de Ribeirão Branco - SP;3543006;SP;DCA-Anexo I-C;Padrão;Receitas Brutas Realizadas;RO2.4.2.8.10.1.0;2.4.2.8.10.1.0 - Transferências de Convênios dos Estados para o Sistema Único de Saúde ¿ SUS;100000,00;16444
2020;Prefeitura Municipal de Ribeirão Branco - SP;3543006;SP;DCA-Anexo I-C;Padrão;Receitas Brutas Realizadas;RO2.4.2.8.99.0.0;2.4.2.8.99.0.0 Outras Transferências dos Estados;149422,19;16444
2020;Prefeitura Municipal de Ribeirão Branco - SP;3543006;SP;DCA-Anexo I-C;Padrão;Receitas Brutas Realizadas;TotalReceitas;TOTAL DAS RECEITAS (III) = (I + II);56305660,13;16444
2020;Prefeitura Municipal de Ribeirão Branco - SP;3543006;SP;DCA-Anexo I-C;Padrão;Deduções - FUNDEB;TotalReceitas;TOTAL DAS RECEITAS (III) = (I + II);5329319,14;16444
2021;Prefeitura Municipal de Ribeirão Branco - SP;3543006;SP;DCA-Anexo I-C;Padrão;Receitas Brutas Realizadas;ReceitasExcetoIntraOrcamentarias;RECEITAS (EXCETO INTRA-ORÇAMENTÁRIAS) (I);70293714,97;16211
2021;Prefeitura Municipal de Ribeirão Branco - SP;3543006;SP;DCA-Anexo I-C;Padrão;Deduções - FUNDEB;ReceitasExcetoIntraOrcamentarias;RECEITAS (EXCETO INTRA-ORÇAMENTÁRIAS) (I);7087619,37;16211
2021;Prefeitura Municipal de Ribeirão Branco - SP;3543006;SP;DCA-Anexo I-C;Padrão;Receitas Brutas Realizadas;RO1.0.0.0.00.0.0;1.0.0.0.00.0.0 - Receitas Correntes;67345043,57;16211
2021;Prefeitura Municipal de Ribeirão Branco - SP;3543006;SP;DCA-Anexo I-C;Padrão;Deduções - FUNDEB;RO1.0.0.0.00.0.0;1.0.0.0.00.0.0 - Receitas Correntes;7087619,37;16211
2021;Prefeitura Municipal de Ribeirão Branco - SP;3543006;SP;DCA-Anexo I-C;Padrão;Receitas Brutas Realizadas;RO1.1.0.0.00.0.0;1.1.0.0.00.0.0 - Impostos, Taxas e Contribuições de Melhoria;3656066,84;16211
2021;Prefeitura Municipal de Ribeirão Branco - SP;3543006;SP;DCA-Anexo I-C;Padrão;Receitas Brutas Realizadas;RO1.1.1.0.00.0.0;1.1.1.0.00.0.0 - Impostos;3338262,04;16211
2021;Prefeitura Municipal de Ribeirão Branco - SP;3543006;SP;DCA-Anexo I-C;Padrão;Receitas Brutas Realizadas;RO1.1.1.3.00.0.0;1.1.1.3.00.0.0 - Impostos sobre a Renda e Proventos de Qualquer Natureza;715224,92;16211
2021;Prefeitura Municipal de Ribeirão Branco - SP;3543006;SP;DCA-Anexo I-C;Padrão;Receitas Brutas Realizadas;RO1.1.1.3.03.0.0;1.1.1.3.03.0.0 - Imposto sobre a Renda - Retido na Fonte;715224,92;16211
2021;Prefeitura Municipal de Ribeirão Branco - SP;3543006;SP;DCA-Anexo I-C;Padrão;Receitas Brutas Realizadas;RO1.1.1.3.03.1.0;1.1.1.3.03.1.0 - Imposto sobre a Renda - Retido na Fonte - Trabalho;621946,16;16211
2021;Prefeitura Municipal de Ribeirão Branco - SP;3543006;SP;DCA-Anexo I-C;Padrão;Receitas Brutas Realizadas;RO1.1.1.3.03.4.0;1.1.1.3.03.4.0 - Imposto sobre a Renda - Retido na Fonte - Outros Rendimentos;93278,76;16211
2021;Prefeitura Municipal de Ribeirão Branco - SP;3543006;SP;DCA-Anexo I-C;Padrão;Receitas Brutas Realizadas;RO1.1.1.8.00.0.0;1.1.1.8.00.0.0 - Impostos Específicos de Estados, DF e Municípios;2623037,12;16211
2021;Prefeitura Municipal de Ribeirão Branco - SP;3543006;SP;DCA-Anexo I-C;Padrão;Receitas Brutas Realizadas;RO1.1.1.8.01.0.0;1.1.1.8.01.0.0 - Impostos sobre o Patrimônio para Estados/DF/Municípios;1096018,45;16211
2021;Prefeitura Municipal de Ribeirão Branco - SP;3543006;SP;DCA-Anexo I-C;Padrão;Receitas Brutas Realizadas;RO1.1.1.8.01.1.0;1.1.1.8.01.1.0 - Imposto sobre a Propriedade Predial e Territorial Urbana;379722,41;16211
2021;Prefeitura Municipal de Ribeirão Branco - SP;3543006;SP;DCA-Anexo I-C;Padrão;Receitas Brutas Realizadas;RO1.1.1.8.01.4.0;1.1.1.8.01.4.0 - Imposto sobre Transmissão ¿Inter Vivos¿ de Bens Imóveis e de Direitos Reais sobre Imóveis;716296,04;16211
2021;Prefeitura Municipal de Ribeirão Branco - SP;3543006;SP;DCA-Anexo I-C;Padrão;Receitas Brutas Realizadas;RO1.1.1.8.02.0.0;1.1.1.8.02.0.0 - Impostos sobre a Produção, Circulação de Mercadorias e Serviços;1527018,67;16211
2021;Prefeitura Municipal de Ribeirão Branco - SP;3543006;SP;DCA-Anexo I-C;Padrão;Receitas Brutas Realizadas;RO1.1.1.8.02.3.0;1.1.1.8.02.3.0 - Imposto sobre Serviços de Qualquer Natureza;1527018,67;16211
2021;Prefeitura Municipal de Ribeirão Branco - SP;3543006;SP;DCA-Anexo I-C;Padrão;Receitas Brutas Realizadas;RO1.1.2.0.00.0.0;1.1.2.0.00.0.0 - Taxas;317804,80;16211
2021;Prefeitura Municipal de Ribeirão Branco - SP;3543006;SP;DCA-Anexo I-C;Padrão;Receitas Brutas Realizadas;RO1.1.2.8.00.0.0;1.1.2.8.00.0.0 - Taxas - Específicas de Estados, DF e Municípios;317804,80;16211
2021;Prefeitura Municipal de Ribeirão Branco - SP;3543006;SP;DCA-Anexo I-C;Padrão;Receitas Brutas Realizadas;RO1.1.2.8.01.0.0;1.1.2.8.01.0.0 - Taxas de Inspeção, Controle e Fiscalização;317804,80;16211
2021;Prefeitura Municipal de Ribeirão Branco - SP;3543006;SP;DCA-Anexo I-C;Padrão;Receitas Brutas Realizadas;RO1.1.2.8.01.1.0;1.1.2.8.01.1.0 - Taxa de Fiscalização de Vigilância Sanitária;9901,09;16211
2021;Prefeitura Municipal de Ribeirão Branco - SP;3543006;SP;DCA-Anexo I-C;Padrão;Receitas Brutas Realizadas;RO1.1.2.8.01.9.0;1.1.2.8.01.9.0 - Taxas de Inspeção, Controle e Fiscalização - Outras;307903,71;16211
2021;Prefeitura Municipal de Ribeirão Branco - SP;3543006;SP;DCA-Anexo I-C;Padrão;Receitas Brutas Realizadas;RO1.2.0.0.00.0.0;1.2.0.0.00.0.0 - Contribuições;173769,17;16211
2021;Prefeitura Municipal de Ribeirão Branco - SP;3543006;SP;DCA-Anexo I-C;Padrão;Receitas Brutas Realizadas;RO1.2.4.0.00.0.0;1.2.4.0.00.0.0 - Contribuição para o Custeio do Serviço de Iluminação Pública;173769,17;16211
2021;Prefeitura Municipal de Ribeirão Branco - SP;3543006;SP;DCA-Anexo I-C;Padrão;Receitas Brutas Realizadas;RO1.3.0.0.00.0.0;1.3.0.0.00.0.0 - Receita Patrimonial;272407,26;16211
2021;Prefeitura Municipal de Ribeirão Branco - SP;3543006;SP;DCA-Anexo I-C;Padrão;Receitas Brutas Realizadas;RO1.3.1.0.00.0.0;1.3.1.0.00.0.0 - Exploração do Patrimônio Imobiliário do Estado;30552,00;16211
2021;Prefeitura Municipal de Ribeirão Branco - SP;3543006;SP;DCA-Anexo I-C;Padrão;Receitas Brutas Realizadas;RO1.3.1.0.01.0.0;1.3.1.0.01.0.0 - Aluguéis, Arrendamentos, Foros, Laudêmios, Tarifas de Ocupação;30552,00;16211
2021;Prefeitura Municipal de Ribeirão Branco - SP;3543006;SP;DCA-Anexo I-C;Padrão;Receitas Brutas Realizadas;RO1.3.1.0.01.1.0;1.3.1.0.01.1.0 - Aluguéis e Arrendamentos;30552,00;16211
2021;Prefeitura Municipal de Ribeirão Branco - SP;3543006;SP;DCA-Anexo I-C;Padrão;Receitas Brutas Realizadas;RO1.3.2.0.00.0.0;1.3.2.0.00.0.0 - Valores Mobiliários;241855,26;16211
2021;Prefeitura Municipal de Ribeirão Branco - SP;3543006;SP;DCA-Anexo I-C;Padrão;Receitas Brutas Realizadas;RO1.3.2.1.00.0.0;1.3.2.1.00.0.0 - Juros e Correções Monetárias;241855,26;16211
2021;Prefeitura Municipal de Ribeirão Branco - SP;3543006;SP;DCA-Anexo I-C;Padrão;Receitas Brutas Realizadas;RO1.3.2.1.00.1.0;1.3.2.1.00.1.0 - Remuneração de Depósitos Bancários;241855,26;16211
2021;Prefeitura Municipal de Ribeirão Branco - SP;3543006;SP;DCA-Anexo I-C;Padrão;Receitas Brutas Realizadas;RO1.7.0.0.00.0.0;1.7.0.0.00.0.0 - Transferências Correntes;63060003,17;16211
2021;Prefeitura Municipal de Ribeirão Branco - SP;3543006;SP;DCA-Anexo I-C;Padrão;Deduções - FUNDEB;RO1.7.0.0.00.0.0;1.7.0.0.00.0.0 - Transferências Correntes;7087619,37;16211
2021;Prefeitura Municipal de Ribeirão Branco - SP;3543006;SP;DCA-Anexo I-C;Padrão;Receitas Brutas Realizadas;RO1.7.1.0.00.0.0;1.7.1.0.00.0.0 - Transferências da União e de suas Entidades;29888300,24;16211
2021;Prefeitura Municipal de Ribeirão Branco - SP;3543006;SP;DCA-Anexo I-C;Padrão;Deduções - FUNDEB;RO1.7.1.0.00.0.0;1.7.1.0.00.0.0 - Transferências da União e de suas Entidades;4294123,00;16211
2021;Prefeitura Municipal de Ribeirão Branco - SP;3543006;SP;DCA-Anexo I-C;Padrão;Receitas Brutas Realizadas;RO1.7.1.8.00.0.0;1.7.1.8.00.0.0 - Transferências da União - Específicas de Estados, DF e Municípios;29888300,24;16211
2021;Prefeitura Municipal de Ribeirão Branco - SP;3543006;SP;DCA-Anexo I-C;Padrão;Deduções - FUNDEB;RO1.7.1.8.00.0.0;1.7.1.8.00.0.0 - Transferências da União - Específicas de Estados, DF e Municípios;4294123,00;16211
2021;Prefeitura Municipal de Ribeirão Branco - SP;3543006;SP;DCA-Anexo I-C;Padrão;Receitas Brutas Realizadas;RO1.7.1.8.01.0.0;1.7.1.8.01.0.0 - Participação na Receita da União;23232759,32;16211
2021;Prefeitura Municipal de Ribeirão Branco - SP;3543006;SP;DCA-Anexo I-C;Padrão;Deduções - FUNDEB;RO1.7.1.8.01.0.0;1.7.1.8.01.0.0 - Participação na Receita da União;4294123,00;16211
2021;Prefeitura Municipal de Ribeirão Branco - SP;3543006;SP;DCA-Anexo I-C;Padrão;Receitas Brutas Realizadas;RO1.7.1.8.01.2.0;1.7.1.8.01.2.0 - Cota-Parte do Fundo de Participação dos Municípios - Cota Mensal;21346514,04;16211
2021;Prefeitura Municipal de Ribeirão Branco - SP;3543006;SP;DCA-Anexo I-C;Padrão;Deduções - FUNDEB;RO1.7.1.8.01.2.0;1.7.1.8.01.2.0 - Cota-Parte do Fundo de Participação dos Municípios - Cota Mensal;4269302,54;16211
2021;Prefeitura Municipal de Ribeirão Branco - SP;3543006;SP;DCA-Anexo I-C;Padrão;Receitas Brutas Realizadas;RO1.7.1.8.01.3.0;1.7.1.8.01.3.0 - Cota-Parte do Fundo de Participação do Municípios ¿ 1% Cota entregue no mês de dezembro;935643,78;16211
2021;Prefeitura Municipal de Ribeirão Branco - SP;3543006;SP;DCA-Anexo I-C;Padrão;Receitas Brutas Realizadas;RO1.7.1.8.01.4.0;1.7.1.8.01.4.0 - Cota-Parte do Fundo de Participação dos Municípios - 1% Cota entregue no mês de julho;826498,63;16211
2021;Prefeitura Municipal de Ribeirão Branco - SP;3543006;SP;DCA-Anexo I-C;Padrão;Receitas Brutas Realizadas;RO1.7.1.8.01.5.0;1.7.1.8.01.5.0 - Cota-Parte do Imposto Sobre a Propriedade Territorial Rural;124102,87;16211
2021;Prefeitura Municipal de Ribeirão Branco - SP;3543006;SP;DCA-Anexo I-C;Padrão;Deduções - FUNDEB;RO1.7.1.8.01.5.0;1.7.1.8.01.5.0 - Cota-Parte do Imposto Sobre a Propriedade Territorial Rural;24820,46;16211
2021;Prefeitura Municipal de Ribeirão Branco - SP;3543006;SP;DCA-Anexo I-C;Padrão;Receitas Brutas Realizadas;RO1.7.1.8.02.0.0;1.7.1.8.02.0.0 - Transferência da Compensação Financeira pela Exploração de Recursos Naturais;420238,70;16211
2021;Prefeitura Municipal de Ribeirão Branco - SP;3543006;SP;DCA-Anexo I-C;Padrão;Receitas Brutas Realizadas;RO1.7.1.8.02.2.0;1.7.1.8.02.2.0 - Cota-parte da Compensação Financeira de Recursos Minerais - CFEM;7599,39;16211
2021;Prefeitura Municipal de Ribeirão Branco - SP;3543006;SP;DCA-Anexo I-C;Padrão;Receitas Brutas Realizadas;RO1.7.1.8.02.6.0;1.7.1.8.02.6.0 - Cota-Parte do Fundo Especial do Petróleo ¿ FEP;412639,31;16211
2021;Prefeitura Municipal de Ribeirão Branco - SP;3543006;SP;DCA-Anexo I-C;Padrão;Receitas Brutas Realizadas;RO1.7.1.8.03.0.0;1.7.1.8.03.0.0 - Transferência de Recursos do Sistema Único de Saúde ¿ SUS ¿ Repasses Fundo a Fundo - Bloco de Manutenção das Ações e Serviços Públicos de Saúde;3764523,83;16211
2021;Prefeitura Municipal de Ribeirão Branco - SP;3543006;SP;DCA-Anexo I-C;Padrão;Receitas Brutas Realizadas;RO1.7.1.8.03.1.0;1.7.1.8.03.1.0 - Transferência de Recursos do SUS ¿ Atenção Primária;3617235,36;16211
2021;Prefeitura Municipal de Ribeirão Branco - SP;3543006;SP;DCA-Anexo I-C;Padrão;Receitas Brutas Realizadas;RO1.7.1.8.03.3.0;1.7.1.8.03.3.0 - Transferência de Recursos do SUS ¿ Vigilância em Saúde;147288,47;16211
2021;Prefeitura Municipal de Ribeirão Branco - SP;3543006;SP;DCA-Anexo I-C;Padrão;Receitas Brutas Realizadas;RO1.7.1.8.04.0.0;1.7.1.8.04.0.0 - Transferências de Recursos do Sistema Único de Saúde ¿ SUS - Repasses Fundo a Fundo - Bloco de Estruturação da Rede de Serviços Públicos de Saúde;183993,59;16211
2021;Prefeitura Municipal de Ribeirão Branco - SP;3543006;SP;DCA-Anexo I-C;Padrão;Receitas Brutas Realizadas;RO1.7.1.8.04.1.0;1.7.1.8.04.1.0 - Transferências de Recursos do Sistema Único de Saúde ¿ SUS Destinados à Atenção Primária;183993,59;16211
2021;Prefeitura Municipal de Ribeirão Branco - SP;3543006;SP;DCA-Anexo I-C;Padrão;Receitas Brutas Realizadas;RO1.7.1.8.05.0.0;1.7.1.8.05.0.0 - Transferências de Recursos do Fundo Nacional do Desenvolvimento da Educação ¿ FNDE;2105441,44;16211
2021;Prefeitura Municipal de Ribeirão Branco - SP;3543006;SP;DCA-Anexo I-C;Padrão;Receitas Brutas Realizadas;RO1.7.1.8.05.1.0;1.7.1.8.05.1.0 - Transferências do Salário-Educação;1846270,44;16211
2021;Prefeitura Municipal de Ribeirão Branco - SP;3543006;SP;DCA-Anexo I-C;Padrão;Receitas Brutas Realizadas;RO1.7.1.8.05.3.0;1.7.1.8.05.3.0 - Transferências Diretas do FNDE referentes ao Programa Nacional de Alimentação Escolar ¿ PNAE;259171,00;16211
2021;Prefeitura Municipal de Ribeirão Branco - SP;3543006;SP;DCA-Anexo I-C;Padrão;Receitas Brutas Realizadas;RO1.7.1.8.10.0.0;1.7.1.8.10.0.0 - Transferências de Convênios da União e de Suas Entidades;100000,00;16211
2021;Prefeitura Municipal de Ribeirão Branco - SP;3543006;SP;DCA-Anexo I-C;Padrão;Receitas Brutas Realizadas;RO1.7.1.8.10.9.0;1.7.1.8.10.9.0 - Outras Transferências de Convênios da União;100000,00;16211
2021;Prefeitura Municipal de Ribeirão Branco - SP;3543006;SP;DCA-Anexo I-C;Padrão;Receitas Brutas Realizadas;RO1.7.1.8.99.0.0;1.7.1.8.99.0.0 - Outras Transferências da União;81343,36;16211
2021;Prefeitura Municipal de Ribeirão Branco - SP;3543006;SP;DCA-Anexo I-C;Padrão;Receitas Brutas Realizadas;RO1.7.2.0.00.0.0;1.7.2.0.00.0.0 - Transferências dos Estados e do Distrito Federal e de suas Entidades;19973017,41;16211
2021;Prefeitura Municipal de Ribeirão Branco - SP;3543006;SP;DCA-Anexo I-C;Padrão;Deduções - FUNDEB;RO1.7.2.0.00.0.0;1.7.2.0.00.0.0 - Transferências dos Estados e do Distrito Federal e de suas Entidades;2793496,37;16211
2021;Prefeitura Municipal de Ribeirão Branco - SP;3543006;SP;DCA-Anexo I-C;Padrão;Receitas Brutas Realizadas;RO1.7.2.8.00.0.0;1.7.2.8.00.0.0 - Transferências dos Estados - Específicas de Estados, DF e Municípios;19973017,41;16211
2021;Prefeitura Municipal de Ribeirão Branco - SP;3543006;SP;DCA-Anexo I-C;Padrão;Deduções - FUNDEB;RO1.7.2.8.00.0.0;1.7.2.8.00.0.0 - Transferências dos Estados - Específicas de Estados, DF e Municípios;2793496,37;16211
2021;Prefeitura Municipal de Ribeirão Branco - SP;3543006;SP;DCA-Anexo I-C;Padrão;Receitas Brutas Realizadas;RO1.7.2.8.01.0.0;1.7.2.8.01.0.0 - Participação na Receita dos Estados;13981872,71;16211
2021;Prefeitura Municipal de Ribeirão Branco - SP;3543006;SP;DCA-Anexo I-C;Padrão;Deduções - FUNDEB;RO1.7.2.8.01.0.0;1.7.2.8.01.0.0 - Participação na Receita dos Estados;2793496,37;16211
2021;Prefeitura Municipal de Ribeirão Branco - SP;3543006;SP;DCA-Anexo I-C;Padrão;Receitas Brutas Realizadas;RO1.7.2.8.01.1.0;1.7.2.8.01.1.0 - Cota-Parte do ICMS;12450992,49;16211
2021;Prefeitura Municipal de Ribeirão Branco - SP;3543006;SP;DCA-Anexo I-C;Padrão;Deduções - FUNDEB;RO1.7.2.8.01.1.0;1.7.2.8.01.1.0 - Cota-Parte do ICMS;2490198,27;16211
2021;Prefeitura Municipal de Ribeirão Branco - SP;3543006;SP;DCA-Anexo I-C;Padrão;Receitas Brutas Realizadas;RO1.7.2.8.01.2.0;1.7.2.8.01.2.0 - Cota-Parte do IPVA;1423318,67;16211
2021;Prefeitura Municipal de Ribeirão Branco - SP;3543006;SP;DCA-Anexo I-C;Padrão;Deduções - FUNDEB;RO1.7.2.8.01.2.0;1.7.2.8.01.2.0 - Cota-Parte do IPVA;284663,64;16211
2021;Prefeitura Municipal de Ribeirão Branco - SP;3543006;SP;DCA-Anexo I-C;Padrão;Receitas Brutas Realizadas;RO1.7.2.8.01.3.0;1.7.2.8.01.3.0 - Cota-Parte do IPI - Municípios;93172,85;16211
2021;Prefeitura Municipal de Ribeirão Branco - SP;3543006;SP;DCA-Anexo I-C;Padrão;Deduções - FUNDEB;RO1.7.2.8.01.3.0;1.7.2.8.01.3.0 - Cota-Parte do IPI - Municípios;18634,46;16211
2021;Prefeitura Municipal de Ribeirão Branco - SP;3543006;SP;DCA-Anexo I-C;Padrão;Receitas Brutas Realizadas;RO1.7.2.8.01.4.0;1.7.2.8.01.4.0 - Cota-Parte da Contribuição de Intervenção no Domínio Econômico;14388,70;16211
2021;Prefeitura Municipal de Ribeirão Branco - SP;3543006;SP;DCA-Anexo I-C;Padrão;Receitas Brutas Realizadas;RO1.7.2.8.02.0.0;1.7.2.8.02.0.0 - Transferência da Cota-parte da Compensação Financeira (25%);35950,77;16211
2021;Prefeitura Municipal de Ribeirão Branco - SP;3543006;SP;DCA-Anexo I-C;Padrão;Receitas Brutas Realizadas;RO1.7.2.8.02.3.0;1.7.2.8.02.3.0 - Cota-parte Royalties ¿ Compensação Financeira pela Produção do Petróleo ¿ Lei nº 7.990/89, artigo 9º;35950,77;16211
2021;Prefeitura Municipal de Ribeirão Branco - SP;3543006;SP;DCA-Anexo I-C;Padrão;Receitas Brutas Realizadas;RO1.7.2.8.03.0.0;1.7.2.8.03.0.0 - Transferência de Recursos do Estado para Programas de Saúde ¿ Repasse Fundo a Fundo;1316621,38;16211
2021;Prefeitura Municipal de Ribeirão Branco - SP;3543006;SP;DCA-Anexo I-C;Padrão;Receitas Brutas Realizadas;RO1.7.2.8.10.0.0;1.7.2.8.10.0.0 - Transferência de Convênios dos Estados e do Distrito Federal e de Suas Entidades;4638572,55;16211
2021;Prefeitura Municipal de Ribeirão Branco - SP;3543006;SP;DCA-Anexo I-C;Padrão;Receitas Brutas Realizadas;RO1.7.2.8.10.2.0;1.7.2.8.10.2.0 - Transferências de Convênio dos Estados Destinadas a Programas de Educação;4450541,36;16211
2021;Prefeitura Municipal de Ribeirão Branco - SP;3543006;SP;DCA-Anexo I-C;Padrão;Receitas Brutas Realizadas;RO1.7.2.8.10.9.0;1.7.2.8.10.9.0 - Outras Transferências de Convênio dos Estados;188031,19;16211
2021;Prefeitura Municipal de Ribeirão Branco - SP;3543006;SP;DCA-Anexo I-C;Padrão;Receitas Brutas Realizadas;RO1.7.5.0.00.0.0;1.7.5.0.00.0.0 - Transferências de Outras Instituições Públicas;13198685,52;16211
2021;Prefeitura Municipal de Ribeirão Branco - SP;3543006;SP;DCA-Anexo I-C;Padrão;Receitas Brutas Realizadas;RO1.7.5.8.00.0.0;1.7.5.8.00.0.0 - Transferências de Outras Instituições Públicas - Específicas de Estados, DF e Municípios;13198685,52;16211
2021;Prefeitura Municipal de Ribeirão Branco - SP;3543006;SP;DCA-Anexo I-C;Padrão;Receitas Brutas Realizadas;RO1.7.5.8.01.0.0;1.7.5.8.01.0.0 - Transferências de Recursos do Fundo de Manutenção e Desenvolvimento da Educação Básica e de Valorização dos Profissionais da Educação ¿ FUNDEB;13198685,52;16211
2021;Prefeitura Municipal de Ribeirão Branco - SP;3543006;SP;DCA-Anexo I-C;Padrão;Receitas Brutas Realizadas;RO1.9.0.0.00.0.0;1.9.0.0.00.0.0 - Outras Receitas Correntes;182797,13;16211
2021;Prefeitura Municipal de Ribeirão Branco - SP;3543006;SP;DCA-Anexo I-C;Padrão;Receitas Brutas Realizadas;RO1.9.1.0.00.0.0;1.9.1.0.00.0.0 - Multas Administrativas, Contratuais e Judiciais;101292,33;16211
2021;Prefeitura Municipal de Ribeirão Branco - SP;3543006;SP;DCA-Anexo I-C;Padrão;Receitas Brutas Realizadas;RO1.9.1.0.01.0.0;1.9.1.0.01.0.0 - Multas Previstas em Legislação Específica;101292,33;16211
2021;Prefeitura Municipal de Ribeirão Branco - SP;3543006;SP;DCA-Anexo I-C;Padrão;Receitas Brutas Realizadas;RO1.9.2.0.00.0.0;1.9.2.0.00.0.0 - Indenizações, Restituições e Ressarcimentos;29887,74;16211
2021;Prefeitura Municipal de Ribeirão Branco - SP;3543006;SP;DCA-Anexo I-C;Padrão;Receitas Brutas Realizadas;RO1.9.2.2.00.0.0;1.9.2.2.00.0.0 - Restituições;29887,74;16211
2021;Prefeitura Municipal de Ribeirão Branco - SP;3543006;SP;DCA-Anexo I-C;Padrão;Receitas Brutas Realizadas;RO1.9.2.2.02.0.0;1.9.2.2.02.0.0 - Restituição de Benefícios Não Desembolsados;29887,74;16211
2021;Prefeitura Municipal de Ribeirão Branco - SP;3543006;SP;DCA-Anexo I-C;Padrão;Receitas Brutas Realizadas;RO1.9.9.0.00.0.0;1.9.9.0.00.0.0 - Demais Receitas Correntes;51617,06;16211
2021;Prefeitura Municipal de Ribeirão Branco - SP;3543006;SP;DCA-Anexo I-C;Padrão;Receitas Brutas Realizadas;RO1.9.9.0.99.0.0;1.9.9.0.99.0.0 - Outras Receitas;51617,06;16211
2021;Prefeitura Municipal de Ribeirão Branco - SP;3543006;SP;DCA-Anexo I-C;Padrão;Receitas Brutas Realizadas;RO1.9.9.0.99.1.0;1.9.9.0.99.1.0 - Outras Receitas - Primárias;51617,06;16211
2021;Prefeitura Municipal de Ribeirão Branco - SP;3543006;SP;DCA-Anexo I-C;Padrão;Receitas Brutas Realizadas;RO2.0.0.0.00.0.0;2.0.0.0.00.0.0 - Receitas de Capital;2948671,40;16211
2021;Prefeitura Municipal de Ribeirão Branco - SP;3543006;SP;DCA-Anexo I-C;Padrão;Receitas Brutas Realizadas;RO2.4.0.0.00.0.0;2.4.0.0.00.0.0 - Transferências de Capital;2948671,40;16211
2021;Prefeitura Municipal de Ribeirão Branco - SP;3543006;SP;DCA-Anexo I-C;Padrão;Receitas Brutas Realizadas;RO2.4.1.0.00.0.0;2.4.1.0.00.0.0 - Transferências da União e de suas Entidades;2848671,40;16211
2021;Prefeitura Municipal de Ribeirão Branco - SP;3543006;SP;DCA-Anexo I-C;Padrão;Receitas Brutas Realizadas;RO2.4.1.8.00.0.0;2.4.1.8.00.0.0 - Transferências da União - Específicas de Estados, DF e Municípios;2848671,40;16211
2021;Prefeitura Municipal de Ribeirão Branco - SP;3543006;SP;DCA-Anexo I-C;Padrão;Receitas Brutas Realizadas;RO2.4.1.8.10.0.0;2.4.1.8.10.0.0 - Transferência de Convênios da União e de suas Entidades;2848671,40;16211
2021;Prefeitura Municipal de Ribeirão Branco - SP;3543006;SP;DCA-Anexo I-C;Padrão;Receitas Brutas Realizadas;RO2.4.1.8.10.9.0;2.4.1.8.10.9.0 - Outras Transferências de Convênios da União;2848671,40;16211
2021;Prefeitura Municipal de Ribeirão Branco - SP;3543006;SP;DCA-Anexo I-C;Padrão;Receitas Brutas Realizadas;RO2.4.2.0.00.0.0;2.4.2.0.00.0.0 - Transferências dos Estados e do Distrito Federal e de suas Entidades;100000,00;16211
2021;Prefeitura Municipal de Ribeirão Branco - SP;3543006;SP;DCA-Anexo I-C;Padrão;Receitas Brutas Realizadas;RO2.4.2.8.00.0.0;2.4.2.8.00.0.0 - Transferências dos Estados, Distrito Federal, e de suas Entidades;100000,00;16211
2021;Prefeitura Municipal de Ribeirão Branco - SP;3543006;SP;DCA-Anexo I-C;Padrão;Receitas Brutas Realizadas;RO2.4.2.8.99.0.0;2.4.2.8.99.0.0 - Outras Transferências dos Estados;100000,00;16211
2021;Prefeitura Municipal de Ribeirão Branco - SP;3543006;SP;DCA-Anexo I-C;Padrão;Receitas Brutas Realizadas;TotalReceitas;TOTAL DAS RECEITAS (III) = (I + II);70293714,97;16211
2021;Prefeitura Municipal de Ribeirão Branco - SP;3543006;SP;DCA-Anexo I-C;Padrão;Deduções - FUNDEB;TotalReceitas;TOTAL DAS RECEITAS (III) = (I + II);7087619,37;16211
2022;Prefeitura Municipal de Ribeirão Branco - SP;3543006;SP;DCA-Anexo I-C;Padrão;Receitas Brutas Realizadas;ReceitasExcetoIntraOrcamentarias;RECEITAS (EXCETO INTRA-ORÇAMENTÁRIAS) (I);84643828,90;15984
2022;Prefeitura Municipal de Ribeirão Branco - SP;3543006;SP;DCA-Anexo I-C;Padrão;Deduções - FUNDEB;ReceitasExcetoIntraOrcamentarias;RECEITAS (EXCETO INTRA-ORÇAMENTÁRIAS) (I);8507144,78;15984
2022;Prefeitura Municipal de Ribeirão Branco - SP;3543006;SP;DCA-Anexo I-C;Padrão;Receitas Brutas Realizadas;RO1.0.0.0.00.0.0;1.0.0.0.00.0.0 - Receitas Correntes;81443195,66;15984
2022;Prefeitura Municipal de Ribeirão Branco - SP;3543006;SP;DCA-Anexo I-C;Padrão;Deduções - FUNDEB;RO1.0.0.0.00.0.0;1.0.0.0.00.0.0 - Receitas Correntes;8507144,78;15984
2022;Prefeitura Municipal de Ribeirão Branco - SP;3543006;SP;DCA-Anexo I-C;Padrão;Receitas Brutas Realizadas;RO1.1.0.0.00.0.0;1.1.0.0.00.0.0 - Impostos, Taxas e Contribuições de Melhoria;4950263,05;15984
2022;Prefeitura Municipal de Ribeirão Branco - SP;3543006;SP;DCA-Anexo I-C;Padrão;Receitas Brutas Realizadas;RO1.1.1.0.00.0.0;1.1.1.0.00.0.0 - Impostos;4302572,91;15984
2022;Prefeitura Municipal de Ribeirão Branco - SP;3543006;SP;DCA-Anexo I-C;Padrão;Receitas Brutas Realizadas;RO1.1.1.2.00.0.0;1.1.1.2.00.0.0 - Impostos sobre o Patrimônio;1218616,05;15984
2022;Prefeitura Municipal de Ribeirão Branco - SP;3543006;SP;DCA-Anexo I-C;Padrão;Receitas Brutas Realizadas;RO1.1.1.2.01.0.0;1.1.1.2.01.0.0 - Imposto sobre a Propriedade Territorial Rural;79,46;15984
2022;Prefeitura Municipal de Ribeirão Branco - SP;3543006;SP;DCA-Anexo I-C;Padrão;Receitas Brutas Realizadas;RO1.1.1.2.50.0.0;1.1.1.2.50.0.0 - Imposto sobre a Propriedade Predial e Territorial Urbana;467464,74;15984
2022;Prefeitura Municipal de Ribeirão Branco - SP;3543006;SP;DCA-Anexo I-C;Padrão;Receitas Brutas Realizadas;RO1.1.1.2.53.0.0;"1.1.1.2.53.0.0 - Impostos sobre Transmissão ""Inter Vivos"" de Bens Imóveis e de Direitos Reais sobre Imóveis";751071,85;15984
2022;Prefeitura Municipal de Ribeirão Branco - SP;3543006;SP;DCA-Anexo I-C;Padrão;Receitas Brutas Realizadas;RO1.1.1.3.00.0.0;1.1.1.3.00.0.0 - Impostos sobre a Renda e Proventos de Qualquer Natureza;1359264,33;15984
2022;Prefeitura Municipal de Ribeirão Branco - SP;3543006;SP;DCA-Anexo I-C;Padrão;Receitas Brutas Realizadas;RO1.1.1.3.03.0.0;1.1.1.3.03.0.0 - Imposto sobre a Renda - Retido na Fonte;1359264,33;15984
2022;Prefeitura Municipal de Ribeirão Branco - SP;3543006;SP;DCA-Anexo I-C;Padrão;Receitas Brutas Realizadas;RO1.1.1.3.03.1.0;1.1.1.3.03.1.0 - Imposto sobre a Renda - Retido na Fonte - Trabalho;1230271,03;15984
2022;Prefeitura Municipal de Ribeirão Branco - SP;3543006;SP;DCA-Anexo I-C;Padrão;Receitas Brutas Realizadas;RO1.1.1.3.03.4.0;1.1.1.3.03.4.0 - Imposto sobre a Renda - Retido na Fonte - Outros Rendimentos;128993,30;15984
2022;Prefeitura Municipal de Ribeirão Branco - SP;3543006;SP;DCA-Anexo I-C;Padrão;Receitas Brutas Realizadas;RO1.1.1.4.00.0.0;1.1.1.4.00.0.0 - Impostos sobre a Produção e Circulação de Mercadorias e Serviços;1724692,53;15984
2022;Prefeitura Municipal de Ribeirão Branco - SP;3543006;SP;DCA-Anexo I-C;Padrão;Receitas Brutas Realizadas;RO1.1.1.4.51.0.0;1.1.1.4.51.0.0 - Impostos sobre Serviços;1724692,53;15984
2022;Prefeitura Municipal de Ribeirão Branco - SP;3543006;SP;DCA-Anexo I-C;Padrão;Receitas Brutas Realizadas;RO1.1.1.4.51.1.0;1.1.1.4.51.1.0 - Imposto sobre Serviços de Qualquer Natureza - ISSQN;1724692,53;15984
2022;Prefeitura Municipal de Ribeirão Branco - SP;3543006;SP;DCA-Anexo I-C;Padrão;Receitas Brutas Realizadas;RO1.1.2.0.00.0.0;1.1.2.0.00.0.0 - Taxas;472021,78;15984
2022;Prefeitura Municipal de Ribeirão Branco - SP;3543006;SP;DCA-Anexo I-C;Padrão;Receitas Brutas Realizadas;RO1.1.2.1.00.0.0;1.1.2.1.00.0.0 - Taxas pelo Exercício do Poder de Polícia;472021,78;15984
2022;Prefeitura Municipal de Ribeirão Branco - SP;3543006;SP;DCA-Anexo I-C;Padrão;Receitas Brutas Realizadas;RO1.1.2.1.01.0.0;1.1.2.1.01.0.0 - Taxas de Inspeção, Controle e Fiscalização;462833,60;15984
2022;Prefeitura Municipal de Ribeirão Branco - SP;3543006;SP;DCA-Anexo I-C;Padrão;Receitas Brutas Realizadas;RO1.1.2.1.50.0.0;1.1.2.1.50.0.0 - Taxa de Fiscalização de Vigilância Sanitária;9188,18;15984
2022;Prefeitura Municipal de Ribeirão Branco - SP;3543006;SP;DCA-Anexo I-C;Padrão;Receitas Brutas Realizadas;RO1.1.3.0.00.0.0;1.1.3.0.00.0.0 - Contribuição de Melhoria;175668,36;15984
2022;Prefeitura Municipal de Ribeirão Branco - SP;3543006;SP;DCA-Anexo I-C;Padrão;Receitas Brutas Realizadas;RO1.1.3.1.00.0.0;1.1.3.1.00.0.0 - Contribuição de Melhoria;175668,36;15984
2022;Prefeitura Municipal de Ribeirão Branco - SP;3543006;SP;DCA-Anexo I-C;Padrão;Receitas Brutas Realizadas;RO1.1.3.1.51.0.0;1.1.3.1.51.0.0 - Contribuição de Melhoria para Expansão da Rede de Iluminação Pública na Cidade;175668,36;15984
2022;Prefeitura Municipal de Ribeirão Branco - SP;3543006;SP;DCA-Anexo I-C;Padrão;Receitas Brutas Realizadas;RO1.3.0.0.00.0.0;1.3.0.0.00.0.0 - Receita Patrimonial;1058570,67;15984
2022;Prefeitura Municipal de Ribeirão Branco - SP;3543006;SP;DCA-Anexo I-C;Padrão;Receitas Brutas Realizadas;RO1.3.1.0.00.0.0;1.3.1.0.00.0.0 - Exploração do Patrimônio Imobiliário do Estado;34750,00;15984
2022;Prefeitura Municipal de Ribeirão Branco - SP;3543006;SP;DCA-Anexo I-C;Padrão;Receitas Brutas Realizadas;RO1.3.1.1.00.0.0;1.3.1.1.00.0.0 - Exploração do Patrimônio Imobiliário do Estado;34750,00;15984
2022;Prefeitura Municipal de Ribeirão Branco - SP;3543006;SP;DCA-Anexo I-C;Padrão;Receitas Brutas Realizadas;RO1.3.1.1.01.0.0;1.3.1.1.01.0.0 - Aluguéis, Arrendamentos, Foros, Laudêmios, Tarifas de Ocupação;34750,00;15984
2022;Prefeitura Municipal de Ribeirão Branco - SP;3543006;SP;DCA-Anexo I-C;Padrão;Receitas Brutas Realizadas;RO1.3.1.1.01.1.0;1.3.1.1.01.1.0 - Aluguéis e Arrendamentos;34750,00;15984
2022;Prefeitura Municipal de Ribeirão Branco - SP;3543006;SP;DCA-Anexo I-C;Padrão;Receitas Brutas Realizadas;RO1.3.2.0.00.0.0;1.3.2.0.00.0.0 - Valores Mobiliários;1023820,67;15984
2022;Prefeitura Municipal de Ribeirão Branco - SP;3543006;SP;DCA-Anexo I-C;Padrão;Receitas Brutas Realizadas;RO1.3.2.1.00.0.0;1.3.2.1.00.0.0 - Juros e Correções Monetárias;1023820,67;15984
2022;Prefeitura Municipal de Ribeirão Branco - SP;3543006;SP;DCA-Anexo I-C;Padrão;Receitas Brutas Realizadas;RO1.3.2.1.01.0.0;1.3.2.1.01.0.0 - Remuneração de Depósitos Bancários;1023820,67;15984
2022;Prefeitura Municipal de Ribeirão Branco - SP;3543006;SP;DCA-Anexo I-C;Padrão;Receitas Brutas Realizadas;RO1.7.0.0.00.0.0;1.7.0.0.00.0.0 - Transferências Correntes;75029335,82;15984
2022;Prefeitura Municipal de Ribeirão Branco - SP;3543006;SP;DCA-Anexo I-C;Padrão;Deduções - FUNDEB;RO1.7.0.0.00.0.0;1.7.0.0.00.0.0 - Transferências Correntes;8507144,78;15984
2022;Prefeitura Municipal de Ribeirão Branco - SP;3543006;SP;DCA-Anexo I-C;Padrão;Receitas Brutas Realizadas;RO1.7.1.0.00.0.0;1.7.1.0.00.0.0 - Transferências da União e de suas Entidades;38206919,35;15984
2022;Prefeitura Municipal de Ribeirão Branco - SP;3543006;SP;DCA-Anexo I-C;Padrão;Deduções - FUNDEB;RO1.7.1.0.00.0.0;1.7.1.0.00.0.0 - Transferências da União e de suas Entidades;5337915,01;15984
2022;Prefeitura Municipal de Ribeirão Branco - SP;3543006;SP;DCA-Anexo I-C;Padrão;Receitas Brutas Realizadas;RO1.7.1.1.00.0.0;1.7.1.1.00.0.0 - Transferências Decorrentes de Participação na Receita da União;29144140,98;15984
2022;Prefeitura Municipal de Ribeirão Branco - SP;3543006;SP;DCA-Anexo I-C;Padrão;Deduções - FUNDEB;RO1.7.1.1.00.0.0;1.7.1.1.00.0.0 - Transferências Decorrentes de Participação na Receita da União;5337915,01;15984
2022;Prefeitura Municipal de Ribeirão Branco - SP;3543006;SP;DCA-Anexo I-C;Padrão;Receitas Brutas Realizadas;RO1.7.1.1.51.0.0;1.7.1.1.51.0.0 -Cota-Parte do Fundo de Participação dos Municípios - FPM;29004065,38;15984
2022;Prefeitura Municipal de Ribeirão Branco - SP;3543006;SP;DCA-Anexo I-C;Padrão;Deduções - FUNDEB;RO1.7.1.1.51.0.0;1.7.1.1.51.0.0 -Cota-Parte do Fundo de Participação dos Municípios - FPM;5309900,01;15984
2022;Prefeitura Municipal de Ribeirão Branco - SP;3543006;SP;DCA-Anexo I-C;Padrão;Receitas Brutas Realizadas;RO1.7.1.1.51.1.0;1.7.1.1.51.1.0 - Cota-Parte do Fundo de Participação dos Municípios - Cota Mensal;26549501,50;15984
2022;Prefeitura Municipal de Ribeirão Branco - SP;3543006;SP;DCA-Anexo I-C;Padrão;Deduções - FUNDEB;RO1.7.1.1.51.1.0;1.7.1.1.51.1.0 - Cota-Parte do Fundo de Participação dos Municípios - Cota Mensal;5309900,01;15984
2022;Prefeitura Municipal de Ribeirão Branco - SP;3543006;SP;DCA-Anexo I-C;Padrão;Receitas Brutas Realizadas;RO1.7.1.1.51.2.0;1.7.1.1.51.2.0 - Cota-Parte do Fundo de Participação do Municípios ¿ 1% Cota entregue no mês de dezembro;1362290,50;15984
2022;Prefeitura Municipal de Ribeirão Branco - SP;3543006;SP;DCA-Anexo I-C;Padrão;Receitas Brutas Realizadas;RO1.7.1.1.51.3.0;1.7.1.1.51.3.0 - Cota-Parte do Fundo de Participação dos Municípios - 1% Cota entregue no mês de julho;1092273,38;15984
2022;Prefeitura Municipal de Ribeirão Branco - SP;3543006;SP;DCA-Anexo I-C;Padrão;Receitas Brutas Realizadas;RO1.7.1.1.52.0.0;1.7.1.1.52.0.0 - Cota-Parte do Imposto Sobre a Propriedade Territorial Rural;140075,60;15984
2022;Prefeitura Municipal de Ribeirão Branco - SP;3543006;SP;DCA-Anexo I-C;Padrão;Deduções - FUNDEB;RO1.7.1.1.52.0.0;1.7.1.1.52.0.0 - Cota-Parte do Imposto Sobre a Propriedade Territorial Rural;28015,00;15984
2022;Prefeitura Municipal de Ribeirão Branco - SP;3543006;SP;DCA-Anexo I-C;Padrão;Receitas Brutas Realizadas;RO1.7.1.2.00.0.0;1.7.1.2.00.0.0 -Transferências das Compensações Financeiras pela Exploração de Recursos Naturais;972854,85;15984
2022;Prefeitura Municipal de Ribeirão Branco - SP;3543006;SP;DCA-Anexo I-C;Padrão;Receitas Brutas Realizadas;RO1.7.1.2.51.0.0;1.7.1.2.51.0.0 -Cota-parte da Compensação Financeira pela Exploração de Recursos Minerais - CFEM;17049,99;15984
2022;Prefeitura Municipal de Ribeirão Branco - SP;3543006;SP;DCA-Anexo I-C;Padrão;Receitas Brutas Realizadas;RO1.7.1.2.52.0.0;1.7.1.2.52.0.0 - Cota-parte da Compensação Financeira pela Produção de Petróleo;642702,43;15984
2022;Prefeitura Municipal de Ribeirão Branco - SP;3543006;SP;DCA-Anexo I-C;Padrão;Receitas Brutas Realizadas;RO1.7.1.2.52.4.0;1.7.1.2.52.4.0 - Cota-Parte do Fundo Especial do Petróleo ¿ FEP;642702,43;15984
2022;Prefeitura Municipal de Ribeirão Branco - SP;3543006;SP;DCA-Anexo I-C;Padrão;Receitas Brutas Realizadas;RO1.7.1.2.99.0.0;1.7.1.2.99.0.0 - Outras Transferências decorrentes de Compensação Financeira pela Exploração de Recursos Naturais ;313102,43;15984
2022;Prefeitura Municipal de Ribeirão Branco - SP;3543006;SP;DCA-Anexo I-C;Padrão;Receitas Brutas Realizadas;RO1.7.1.3.00.0.0;1.7.1.3.00.0.0 -Transferências de Recursos do Sistema Único de Saúde ¿ SUS ;5239431,10;15984
2022;Prefeitura Municipal de Ribeirão Branco - SP;3543006;SP;DCA-Anexo I-C;Padrão;Receitas Brutas Realizadas;RO1.7.1.3.50.0.0;1.7.1.3.50.0.0 - Transferências de Recursos do Sistema Único de Saúde ¿ SUS ¿ Repasses Fundo a Fundo - Bloco de Manutenção das Ações e Serviços Públicos de Saúde;5239431,10;15984
2022;Prefeitura Municipal de Ribeirão Branco - SP;3543006;SP;DCA-Anexo I-C;Padrão;Receitas Brutas Realizadas;RO1.7.1.3.50.1.0;1.7.1.3.50.1.0 - Transferências de Recursos do Bloco de Manutenção das Ações e Serviços Públicos de Saúde ¿ Atenção Primária;1383360,00;15984
2022;Prefeitura Municipal de Ribeirão Branco - SP;3543006;SP;DCA-Anexo I-C;Padrão;Receitas Brutas Realizadas;RO1.7.1.3.50.2.0;1.7.1.3.50.2.0 - Transferências de Recursos do Bloco de Manutenção das Ações e Serviços Públicos de Saúde ¿ Atenção Especializada;870147,72;15984
2022;Prefeitura Municipal de Ribeirão Branco - SP;3543006;SP;DCA-Anexo I-C;Padrão;Receitas Brutas Realizadas;RO1.7.1.3.50.3.0;1.7.1.3.50.3.0 - Transferências de Recursos do Bloco de Manutenção das Ações e Serviços Públicos de Saúde ¿ Vigilância em Saúde;72943,84;15984
2022;Prefeitura Municipal de Ribeirão Branco - SP;3543006;SP;DCA-Anexo I-C;Padrão;Receitas Brutas Realizadas;RO1.7.1.3.50.4.0;1.7.1.3.50.4.0 -Transferências de Recursos do Bloco de Manutenção das Ações e Serviços Públicos de Saúde ¿ Assistência Farmacêutica;72567,24;15984
2022;Prefeitura Municipal de Ribeirão Branco - SP;3543006;SP;DCA-Anexo I-C;Padrão;Receitas Brutas Realizadas;RO1.7.1.3.50.5.0;1.7.1.3.50.5.0 - Transferências de Recursos do Bloco de Manutenção das Ações e Serviços Públicos de Saúde ¿ Gestão do SUS;2840412,30;15984
2022;Prefeitura Municipal de Ribeirão Branco - SP;3543006;SP;DCA-Anexo I-C;Padrão;Receitas Brutas Realizadas;RO1.7.1.4.00.0.0;1.7.1.4.00.0.0 -Transferências de Recursos do Fundo Nacional do Desenvolvimento da Educação ¿ FNDE¿ ;2308528,22;15984
2022;Prefeitura Municipal de Ribeirão Branco - SP;3543006;SP;DCA-Anexo I-C;Padrão;Receitas Brutas Realizadas;RO1.7.1.4.50.0.0;1.7.1.4.50.0.0 - Transferências do Salário-Educação;2085092,22;15984
2022;Prefeitura Municipal de Ribeirão Branco - SP;3543006;SP;DCA-Anexo I-C;Padrão;Receitas Brutas Realizadas;RO1.7.1.4.52.0.0;1.7.1.4.52.0.0 - Transferências referentes ao Programa Nacional de Alimentação Escolar ¿ PNAE;223436,00;15984
2022;Prefeitura Municipal de Ribeirão Branco - SP;3543006;SP;DCA-Anexo I-C;Padrão;Receitas Brutas Realizadas;RO1.7.1.6.00.0.0;1.7.1.6.00.0.0 - Transferências de Recursos do Fundo Nacional de Assistência Social ¿ FNAS;395975,12;15984
2022;Prefeitura Municipal de Ribeirão Branco - SP;3543006;SP;DCA-Anexo I-C;Padrão;Receitas Brutas Realizadas;RO1.7.1.9.00.0.0;1.7.1.9.00.0.0 - Outras Transferências de Recursos da União e de suas Entidades;145989,08;15984
2022;Prefeitura Municipal de Ribeirão Branco - SP;3543006;SP;DCA-Anexo I-C;Padrão;Receitas Brutas Realizadas;RO1.7.1.9.58.0.0;1.7.1.9.58.0.0 - Transferência Obrigatória Decorrente da Lei Complementar nº 176/2020;42528,48;15984
2022;Prefeitura Municipal de Ribeirão Branco - SP;3543006;SP;DCA-Anexo I-C;Padrão;Receitas Brutas Realizadas;RO1.7.1.9.99.0.0;1.7.1.9.99.0.0 - Outras Transferências de Recursos da União e de suas Entidades;103460,60;15984
2022;Prefeitura Municipal de Ribeirão Branco - SP;3543006;SP;DCA-Anexo I-C;Padrão;Receitas Brutas Realizadas;RO1.7.2.0.00.0.0;1.7.2.0.00.0.0 - Transferências dos Estados e do Distrito Federal e de suas Entidades;22738972,40;15984
2022;Prefeitura Municipal de Ribeirão Branco - SP;3543006;SP;DCA-Anexo I-C;Padrão;Deduções - FUNDEB;RO1.7.2.0.00.0.0;1.7.2.0.00.0.0 - Transferências dos Estados e do Distrito Federal e de suas Entidades;3169229,77;15984
2022;Prefeitura Municipal de Ribeirão Branco - SP;3543006;SP;DCA-Anexo I-C;Padrão;Receitas Brutas Realizadas;RO1.7.2.1.00.0.0;1.7.2.1.00.0.0 - Participação na Receita dos Estados e Distrito Federal;15868025,97;15984
2022;Prefeitura Municipal de Ribeirão Branco - SP;3543006;SP;DCA-Anexo I-C;Padrão;Deduções - FUNDEB;RO1.7.2.1.00.0.0;1.7.2.1.00.0.0 - Participação na Receita dos Estados e Distrito Federal;3169229,77;15984
2022;Prefeitura Municipal de Ribeirão Branco - SP;3543006;SP;DCA-Anexo I-C;Padrão;Receitas Brutas Realizadas;RO1.7.2.1.50.0.0;1.7.2.1.50.0.0 - Cota-Parte do ICMS;13863425,71;15984
2022;Prefeitura Municipal de Ribeirão Branco - SP;3543006;SP;DCA-Anexo I-C;Padrão;Deduções - FUNDEB;RO1.7.2.1.50.0.0;1.7.2.1.50.0.0 - Cota-Parte do ICMS;2772684,94;15984
2022;Prefeitura Municipal de Ribeirão Branco - SP;3543006;SP;DCA-Anexo I-C;Padrão;Receitas Brutas Realizadas;RO1.7.2.1.51.0.0;1.7.2.1.51.0.0 - Cota-Parte do IPVA;1899279,92;15984
2022;Prefeitura Municipal de Ribeirão Branco - SP;3543006;SP;DCA-Anexo I-C;Padrão;Deduções - FUNDEB;RO1.7.2.1.51.0.0;1.7.2.1.51.0.0 - Cota-Parte do IPVA;379855,90;15984
2022;Prefeitura Municipal de Ribeirão Branco - SP;3543006;SP;DCA-Anexo I-C;Padrão;Receitas Brutas Realizadas;RO1.7.2.1.52.0.0;1.7.2.1.52.0.0 - Cota-Parte do IPI - Municípios;83445,04;15984
2022;Prefeitura Municipal de Ribeirão Branco - SP;3543006;SP;DCA-Anexo I-C;Padrão;Deduções - FUNDEB;RO1.7.2.1.52.0.0;1.7.2.1.52.0.0 - Cota-Parte do IPI - Municípios;16688,93;15984
2022;Prefeitura Municipal de Ribeirão Branco - SP;3543006;SP;DCA-Anexo I-C;Padrão;Receitas Brutas Realizadas;RO1.7.2.1.53.0.0;1.7.2.1.53.0.0 - Cota-Parte da Contribuição de Intervenção no Domínio Econômico;21875,30;15984
2022;Prefeitura Municipal de Ribeirão Branco - SP;3543006;SP;DCA-Anexo I-C;Padrão;Receitas Brutas Realizadas;RO1.7.2.2.00.0.0;1.7.2.2.00.0.0 - Transferências das Compensações Financeiras pela Exploração de Recursos Naturais;50876,88;15984
2022;Prefeitura Municipal de Ribeirão Branco - SP;3543006;SP;DCA-Anexo I-C;Padrão;Receitas Brutas Realizadas;RO1.7.2.2.52.0.0;1.7.2.2.52.0.0 - Cota-parte Royalties ¿ Compensação Financeira pela Produção do Petróleo;50876,88;15984
2022;Prefeitura Municipal de Ribeirão Branco - SP;3543006;SP;DCA-Anexo I-C;Padrão;Receitas Brutas Realizadas;RO1.7.2.3.00.0.0;1.7.2.3.00.0.0 - Transferências de Recursos do Sistema Único de Saúde ¿ SUS;812838,45;15984
2022;Prefeitura Municipal de Ribeirão Branco - SP;3543006;SP;DCA-Anexo I-C;Padrão;Receitas Brutas Realizadas;RO1.7.2.4.00.0.0;1.7.2.4.00.0.0 - Transferências de Convênios dos Estados e DF e de Suas Entidades;5814031,64;15984
2022;Prefeitura Municipal de Ribeirão Branco - SP;3543006;SP;DCA-Anexo I-C;Padrão;Receitas Brutas Realizadas;RO1.7.2.4.51.0.0;1.7.2.4.51.0.0 -Transferências de Convênios dos Estados Destinadas a Programas de Educação;5717931,64;15984
2022;Prefeitura Municipal de Ribeirão Branco - SP;3543006;SP;DCA-Anexo I-C;Padrão;Receitas Brutas Realizadas;RO1.7.2.4.99.0.0;1.7.2.4.99.0.0 - Outras Transferências de Convênios dos Estados e DF e de Suas Entidades;96100,00;15984
2022;Prefeitura Municipal de Ribeirão Branco - SP;3543006;SP;DCA-Anexo I-C;Padrão;Receitas Brutas Realizadas;RO1.7.2.9.00.0.0;1.7.2.9.00.0.0 - Outras Transferências dos Estados e Distrito Federal;193199,46;15984
2022;Prefeitura Municipal de Ribeirão Branco - SP;3543006;SP;DCA-Anexo I-C;Padrão;Receitas Brutas Realizadas;RO1.7.2.9.51.0.0;1.7.2.9.51.0.0 - Transferências de Estados destinadas à Assistência Social;193199,46;15984
2022;Prefeitura Municipal de Ribeirão Branco - SP;3543006;SP;DCA-Anexo I-C;Padrão;Receitas Brutas Realizadas;RO1.7.5.0.00.0.0;1.7.5.0.00.0.0 - Transferências de Outras Instituições Públicas;14083444,07;15984
2022;Prefeitura Municipal de Ribeirão Branco - SP;3543006;SP;DCA-Anexo I-C;Padrão;Receitas Brutas Realizadas;RO1.7.5.1.00.0.0;1.7.5.1.00.0.0 - Transferências de Recursos do Fundo de Manutenção e Desenvolvimento da Educação Básica e de Valorização dos Profissionais da Educação - FUNDEB;14083444,07;15984
2022;Prefeitura Municipal de Ribeirão Branco - SP;3543006;SP;DCA-Anexo I-C;Padrão;Receitas Brutas Realizadas;RO1.9.0.0.00.0.0;1.9.0.0.00.0.0 - Outras Receitas Correntes;405026,12;15984
2022;Prefeitura Municipal de Ribeirão Branco - SP;3543006;SP;DCA-Anexo I-C;Padrão;Receitas Brutas Realizadas;RO1.9.1.0.00.0.0;1.9.1.0.00.0.0 - Multas Administrativas, Contratuais e Judiciais;46990,08;15984
2022;Prefeitura Municipal de Ribeirão Branco - SP;3543006;SP;DCA-Anexo I-C;Padrão;Receitas Brutas Realizadas;RO1.9.1.1.00.0.0;1.9.1.1.00.0.0 - Multas Administrativas, Contratuais e Judiciais;46990,08;15984
2022;Prefeitura Municipal de Ribeirão Branco - SP;3543006;SP;DCA-Anexo I-C;Padrão;Receitas Brutas Realizadas;RO1.9.1.1.01.0.0;1.9.1.1.01.0.0 - Multas Previstas em Legislação Específica;46990,08;15984
2022;Prefeitura Municipal de Ribeirão Branco - SP;3543006;SP;DCA-Anexo I-C;Padrão;Receitas Brutas Realizadas;RO1.9.2.0.00.0.0;1.9.2.0.00.0.0 - Indenizações, Restituições e Ressarcimentos;358036,04;15984
2022;Prefeitura Municipal de Ribeirão Branco - SP;3543006;SP;DCA-Anexo I-C;Padrão;Receitas Brutas Realizadas;RO1.9.2.2.00.0.0;1.9.2.2.00.0.0 - Restituições;330094,32;15984
2022;Prefeitura Municipal de Ribeirão Branco - SP;3543006;SP;DCA-Anexo I-C;Padrão;Receitas Brutas Realizadas;RO1.9.2.2.02.0.0;1.9.2.2.02.0.0 - Restituição de Benefícios Não Desembolsados;330094,32;15984
2022;Prefeitura Municipal de Ribeirão Branco - SP;3543006;SP;DCA-Anexo I-C;Padrão;Receitas Brutas Realizadas;RO1.9.2.3.00.0.0;1.9.2.3.00.0.0 - Ressarcimentos;27941,72;15984
2022;Prefeitura Municipal de Ribeirão Branco - SP;3543006;SP;DCA-Anexo I-C;Padrão;Receitas Brutas Realizadas;RO1.9.2.3.99.0.0;1.9.2.3.99.0.0 - Outros Ressarcimentos;27941,72;15984
2022;Prefeitura Municipal de Ribeirão Branco - SP;3543006;SP;DCA-Anexo I-C;Padrão;Receitas Brutas Realizadas;RO2.0.0.0.00.0.0;2.0.0.0.00.0.0 - Receitas de Capital;3200633,24;15984
2022;Prefeitura Municipal de Ribeirão Branco - SP;3543006;SP;DCA-Anexo I-C;Padrão;Receitas Brutas Realizadas;RO2.1.0.0.00.0.0;2.1.0.0.00.0.0 - Operações de Crédito;448000,00;15984
2022;Prefeitura Municipal de Ribeirão Branco - SP;3543006;SP;DCA-Anexo I-C;Padrão;Receitas Brutas Realizadas;RO2.1.1.0.00.0.0;2.1.1.0.00.0.0 - Operações de Crédito - Mercado Interno;448000,00;15984
2022;Prefeitura Municipal de Ribeirão Branco - SP;3543006;SP;DCA-Anexo I-C;Padrão;Receitas Brutas Realizadas;RO2.1.1.9.00.0.0;2.1.1.9.00.0.0 - Outras Operações de Crédito - Mercado Interno;448000,00;15984
2022;Prefeitura Municipal de Ribeirão Branco - SP;3543006;SP;DCA-Anexo I-C;Padrão;Receitas Brutas Realizadas;RO2.2.0.0.00.0.0;2.2.0.0.00.0.0 - Alienação de Bens;249200,00;15984
2022;Prefeitura Municipal de Ribeirão Branco - SP;3543006;SP;DCA-Anexo I-C;Padrão;Receitas Brutas Realizadas;RO2.2.1.0.00.0.0;2.2.1.0.00.0.0 - Alienação de Bens Móveis;249200,00;15984
2022;Prefeitura Municipal de Ribeirão Branco - SP;3543006;SP;DCA-Anexo I-C;Padrão;Receitas Brutas Realizadas;RO2.2.1.3.00.0.0;2.2.1.3.00.0.0 - Alienação de Bens Móveis e Semoventes;249200,00;15984
2022;Prefeitura Municipal de Ribeirão Branco - SP;3543006;SP;DCA-Anexo I-C;Padrão;Receitas Brutas Realizadas;RO2.4.0.0.00.0.0;2.4.0.0.00.0.0 - Transferências de Capital;2503433,24;15984
2022;Prefeitura Municipal de Ribeirão Branco - SP;3543006;SP;DCA-Anexo I-C;Padrão;Receitas Brutas Realizadas;RO2.4.1.0.00.0.0;2.4.1.0.00.0.0 - Transferências da União e de suas Entidades;772451,00;15984
2022;Prefeitura Municipal de Ribeirão Branco - SP;3543006;SP;DCA-Anexo I-C;Padrão;Receitas Brutas Realizadas;RO2.4.1.1.00.0.0;2.4.1.1.00.0.0 - Transferências de Recursos do Sistema Único de Saúde - SUS;244951,00;15984
2022;Prefeitura Municipal de Ribeirão Branco - SP;3543006;SP;DCA-Anexo I-C;Padrão;Receitas Brutas Realizadas;RO2.4.1.1.51.0.0;2.4.1.1.51.0.0 - Transferências de Recursos do Sistema Único de Saúde ¿ SUS - Fundo a Fundo - Bloco de Estruturação da Rede de Serviços Públicos de Saúde;244951,00;15984
2022;Prefeitura Municipal de Ribeirão Branco - SP;3543006;SP;DCA-Anexo I-C;Padrão;Receitas Brutas Realizadas;RO2.4.1.1.51.1.0;2.4.1.1.51.1.0 - Transferências de Recursos do Bloco de Estruturação da Rede de Serviços Públicos de Saúde - Atenção Primária;215526,00;15984
2022;Prefeitura Municipal de Ribeirão Branco - SP;3543006;SP;DCA-Anexo I-C;Padrão;Receitas Brutas Realizadas;RO2.4.1.1.51.2.0;2.4.1.1.51.2.0 - Transferências de Recursos do Bloco de Estruturação da Rede de Serviços Públicos de Saúde - Atenção Especializada;29425,00;15984
2022;Prefeitura Municipal de Ribeirão Branco - SP;3543006;SP;DCA-Anexo I-C;Padrão;Receitas Brutas Realizadas;RO2.4.1.4.00.0.0;2.4.1.4.00.0.0 - Transferências de Convênios da União e de suas Entidades ;527500,00;15984
2022;Prefeitura Municipal de Ribeirão Branco - SP;3543006;SP;DCA-Anexo I-C;Padrão;Receitas Brutas Realizadas;RO2.4.1.4.99.0.0;2.4.1.4.99.0.0 - Outras Transferências de Convênios da União e de Suas Entidades;527500,00;15984
2022;Prefeitura Municipal de Ribeirão Branco - SP;3543006;SP;DCA-Anexo I-C;Padrão;Receitas Brutas Realizadas;RO2.4.2.0.00.0.0;2.4.2.0.00.0.0 - Transferências dos Estados e do Distrito Federal e de suas Entidades;1730982,24;15984
2022;Prefeitura Municipal de Ribeirão Branco - SP;3543006;SP;DCA-Anexo I-C;Padrão;Receitas Brutas Realizadas;RO2.4.2.2.00.0.0;2.4.2.2.00.0.0 - Transferências de Convênios dos Estados e DF e de Suas Entidades ;1730982,24;15984
2022;Prefeitura Municipal de Ribeirão Branco - SP;3543006;SP;DCA-Anexo I-C;Padrão;Receitas Brutas Realizadas;RO2.4.2.2.50.0.0;2.4.2.2.50.0.0 - Transferências de Convênios dos Estados para o Sistema Único de Saúde ¿ SUS;300000,00;15984
2022;Prefeitura Municipal de Ribeirão Branco - SP;3543006;SP;DCA-Anexo I-C;Padrão;Receitas Brutas Realizadas;RO2.4.2.2.99.0.0;2.4.2.2.99.0.0 - Outras Transferências de Convênio dos Estados e DF e de Suas Entidades;1430982,24;15984
2022;Prefeitura Municipal de Ribeirão Branco - SP;3543006;SP;DCA-Anexo I-C;Padrão;Receitas Brutas Realizadas;TotalReceitas;TOTAL DAS RECEITAS (III) = (I + II);84643828,90;15984
2022;Prefeitura Municipal de Ribeirão Branco - SP;3543006;SP;DCA-Anexo I-C;Padrão;Deduções - FUNDEB;TotalReceitas;TOTAL DAS RECEITAS (III) = (I + II);8507144,78;15984
2023;Prefeitura Municipal de Ribeirão Branco - SP;3543006;SP;DCA-Anexo I-C;Padrão;Receitas Brutas Realizadas;ReceitasExcetoIntraOrcamentarias;RECEITAS (EXCETO INTRA-ORÇAMENTÁRIAS) (I);87186273,53;15984
2023;Prefeitura Municipal de Ribeirão Branco - SP;3543006;SP;DCA-Anexo I-C;Padrão;Deduções - FUNDEB;ReceitasExcetoIntraOrcamentarias;RECEITAS (EXCETO INTRA-ORÇAMENTÁRIAS) (I);8738554,27;15984
2023;Prefeitura Municipal de Ribeirão Branco - SP;3543006;SP;DCA-Anexo I-C;Padrão;Receitas Brutas Realizadas;RO1.0.0.0.00.0.0;1.0.0.0.00.0.0 - Receitas Correntes;80634743,05;15984
2023;Prefeitura Municipal de Ribeirão Branco - SP;3543006;SP;DCA-Anexo I-C;Padrão;Deduções - FUNDEB;RO1.0.0.0.00.0.0;1.0.0.0.00.0.0 - Receitas Correntes;8738554,27;15984
2023;Prefeitura Municipal de Ribeirão Branco - SP;3543006;SP;DCA-Anexo I-C;Padrão;Receitas Brutas Realizadas;RO1.1.0.0.00.0.0;1.1.0.0.00.0.0 - Impostos, Taxas e Contribuições de Melhoria;6414147,54;15984
2023;Prefeitura Municipal de Ribeirão Branco - SP;3543006;SP;DCA-Anexo I-C;Padrão;Receitas Brutas Realizadas;RO1.1.1.0.00.0.0;1.1.1.0.00.0.0 - Impostos;5949755,85;15984
2023;Prefeitura Municipal de Ribeirão Branco - SP;3543006;SP;DCA-Anexo I-C;Padrão;Receitas Brutas Realizadas;RO1.1.1.2.00.0.0;1.1.1.2.00.0.0 - Impostos sobre o Patrimônio;1690691,18;15984
2023;Prefeitura Municipal de Ribeirão Branco - SP;3543006;SP;DCA-Anexo I-C;Padrão;Receitas Brutas Realizadas;RO1.1.1.2.01.0.0;1.1.1.2.01.0.0 - Imposto sobre a Propriedade Territorial Rural;8529,42;15984
2023;Prefeitura Municipal de Ribeirão Branco - SP;3543006;SP;DCA-Anexo I-C;Padrão;Receitas Brutas Realizadas;RO1.1.1.2.50.0.0;1.1.1.2.50.0.0 - Imposto sobre a Propriedade Predial e Territorial Urbana;480253,98;15984
2023;Prefeitura Municipal de Ribeirão Branco - SP;3543006;SP;DCA-Anexo I-C;Padrão;Receitas Brutas Realizadas;RO1.1.1.2.53.0.0;"1.1.1.2.53.0.0 - Impostos sobre Transmissão ""Inter Vivos"" de Bens Imóveis e de Direitos Reais sobre Imóveis";1201907,78;15984
2023;Prefeitura Municipal de Ribeirão Branco - SP;3543006;SP;DCA-Anexo I-C;Padrão;Receitas Brutas Realizadas;RO1.1.1.3.00.0.0;1.1.1.3.00.0.0 - Impostos sobre a Renda e Proventos de Qualquer Natureza;1573425,34;15984
2023;Prefeitura Municipal de Ribeirão Branco - SP;3543006;SP;DCA-Anexo I-C;Padrão;Receitas Brutas Realizadas;RO1.1.1.3.03.0.0;1.1.1.3.03.0.0 - Imposto sobre a Renda - Retido na Fonte;1573425,34;15984
2023;Prefeitura Municipal de Ribeirão Branco - SP;3543006;SP;DCA-Anexo I-C;Padrão;Receitas Brutas Realizadas;RO1.1.1.3.03.1.0;1.1.1.3.03.1.0 - Imposto sobre a Renda - Retido na Fonte - Trabalho;1408764,37;15984
2023;Prefeitura Municipal de Ribeirão Branco - SP;3543006;SP;DCA-Anexo I-C;Padrão;Receitas Brutas Realizadas;RO1.1.1.3.03.4.0;1.1.1.3.03.4.0 - Imposto sobre a Renda - Retido na Fonte - Outros Rendimentos;164660,97;15984
2023;Prefeitura Municipal de Ribeirão Branco - SP;3543006;SP;DCA-Anexo I-C;Padrão;Receitas Brutas Realizadas;RO1.1.1.4.00.0.0;1.1.1.4.00.0.0 - Impostos sobre a Produção e Circulação de Mercadorias e Serviços;2685639,33;15984
2023;Prefeitura Municipal de Ribeirão Branco - SP;3543006;SP;DCA-Anexo I-C;Padrão;Receitas Brutas Realizadas;RO1.1.1.4.51.0.0;1.1.1.4.51.0.0 - Impostos sobre Serviços;2685639,33;15984
2023;Prefeitura Municipal de Ribeirão Branco - SP;3543006;SP;DCA-Anexo I-C;Padrão;Receitas Brutas Realizadas;RO1.1.1.4.51.1.0;1.1.1.4.51.1.0 - Imposto sobre Serviços de Qualquer Natureza - ISSQN;2685639,33;15984
2023;Prefeitura Municipal de Ribeirão Branco - SP;3543006;SP;DCA-Anexo I-C;Padrão;Receitas Brutas Realizadas;RO1.1.2.0.00.0.0;1.1.2.0.00.0.0 - Taxas;464391,69;15984
2023;Prefeitura Municipal de Ribeirão Branco - SP;3543006;SP;DCA-Anexo I-C;Padrão;Receitas Brutas Realizadas;RO1.1.2.1.00.0.0;1.1.2.1.00.0.0 - Taxas pelo Exercício do Poder de Polícia;464391,69;15984
2023;Prefeitura Municipal de Ribeirão Branco - SP;3543006;SP;DCA-Anexo I-C;Padrão;Receitas Brutas Realizadas;RO1.1.2.1.01.0.0;1.1.2.1.01.0.0 - Taxas de Inspeção, Controle e Fiscalização;462416,67;15984
2023;Prefeitura Municipal de Ribeirão Branco - SP;3543006;SP;DCA-Anexo I-C;Padrão;Receitas Brutas Realizadas;RO1.1.2.1.50.0.0;1.1.2.1.50.0.0 - Taxa de Fiscalização de Vigilância Sanitária;1975,02;15984
2023;Prefeitura Municipal de Ribeirão Branco - SP;3543006;SP;DCA-Anexo I-C;Padrão;Receitas Brutas Realizadas;RO1.2.0.0.00.0.0;1.2.0.0.00.0.0 - Contribuições;166100,84;15984
2023;Prefeitura Municipal de Ribeirão Branco - SP;3543006;SP;DCA-Anexo I-C;Padrão;Receitas Brutas Realizadas;RO1.2.4.0.00.0.0;1.2.4.0.00.0.0 - Contribuição para o Custeio do Serviço de Iluminação Pública;166100,84;15984
2023;Prefeitura Municipal de Ribeirão Branco - SP;3543006;SP;DCA-Anexo I-C;Padrão;Receitas Brutas Realizadas;RO1.3.0.0.00.0.0;1.3.0.0.00.0.0 - Receita Patrimonial;882909,06;15984
2023;Prefeitura Municipal de Ribeirão Branco - SP;3543006;SP;DCA-Anexo I-C;Padrão;Receitas Brutas Realizadas;RO1.3.1.0.00.0.0;1.3.1.0.00.0.0 - Exploração do Patrimônio Imobiliário do Estado;25000,00;15984
2023;Prefeitura Municipal de Ribeirão Branco - SP;3543006;SP;DCA-Anexo I-C;Padrão;Receitas Brutas Realizadas;RO1.3.1.1.00.0.0;1.3.1.1.00.0.0 - Exploração do Patrimônio Imobiliário do Estado;25000,00;15984
2023;Prefeitura Municipal de Ribeirão Branco - SP;3543006;SP;DCA-Anexo I-C;Padrão;Receitas Brutas Realizadas;RO1.3.1.1.01.0.0;1.3.1.1.01.0.0 - Aluguéis, Arrendamentos, Foros, Laudêmios, Tarifas de Ocupação;25000,00;15984
2023;Prefeitura Municipal de Ribeirão Branco - SP;3543006;SP;DCA-Anexo I-C;Padrão;Receitas Brutas Realizadas;RO1.3.1.1.01.1.0;1.3.1.1.01.1.0 - Aluguéis e Arrendamentos;25000,00;15984
2023;Prefeitura Municipal de Ribeirão Branco - SP;3543006;SP;DCA-Anexo I-C;Padrão;Receitas Brutas Realizadas;RO1.3.2.0.00.0.0;1.3.2.0.00.0.0 - Valores Mobiliários;857909,06;15984
2023;Prefeitura Municipal de Ribeirão Branco - SP;3543006;SP;DCA-Anexo I-C;Padrão;Receitas Brutas Realizadas;RO1.3.2.1.00.0.0;1.3.2.1.00.0.0 - Juros e Correções Monetárias;857909,06;15984
2023;Prefeitura Municipal de Ribeirão Branco - SP;3543006;SP;DCA-Anexo I-C;Padrão;Receitas Brutas Realizadas;RO1.3.2.1.01.0.0;1.3.2.1.01.0.0 - Remuneração de Depósitos Bancários;857909,06;15984
2023;Prefeitura Municipal de Ribeirão Branco - SP;3543006;SP;DCA-Anexo I-C;Padrão;Receitas Brutas Realizadas;RO1.7.0.0.00.0.0;1.7.0.0.00.0.0 - Transferências Correntes;73063054,68;15984
2023;Prefeitura Municipal de Ribeirão Branco - SP;3543006;SP;DCA-Anexo I-C;Padrão;Deduções - FUNDEB;RO1.7.0.0.00.0.0;1.7.0.0.00.0.0 - Transferências Correntes;8738554,27;15984
2023;Prefeitura Municipal de Ribeirão Branco - SP;3543006;SP;DCA-Anexo I-C;Padrão;Receitas Brutas Realizadas;RO1.7.1.0.00.0.0;1.7.1.0.00.0.0 - Transferências da União e de suas Entidades;38998457,32;15984
2023;Prefeitura Municipal de Ribeirão Branco - SP;3543006;SP;DCA-Anexo I-C;Padrão;Deduções - FUNDEB;RO1.7.1.0.00.0.0;1.7.1.0.00.0.0 - Transferências da União e de suas Entidades;5501354,00;15984
2023;Prefeitura Municipal de Ribeirão Branco - SP;3543006;SP;DCA-Anexo I-C;Padrão;Receitas Brutas Realizadas;RO1.7.1.1.00.0.0;1.7.1.1.00.0.0 - Transferências Decorrentes de Participação na Receita da União;30212727,16;15984
2023;Prefeitura Municipal de Ribeirão Branco - SP;3543006;SP;DCA-Anexo I-C;Padrão;Deduções - FUNDEB;RO1.7.1.1.00.0.0;1.7.1.1.00.0.0 - Transferências Decorrentes de Participação na Receita da União;5501354,00;15984
2023;Prefeitura Municipal de Ribeirão Branco - SP;3543006;SP;DCA-Anexo I-C;Padrão;Receitas Brutas Realizadas;RO1.7.1.1.51.0.0;1.7.1.1.51.0.0 -Cota-Parte do Fundo de Participação dos Municípios - FPM;30061179,12;15984
2023;Prefeitura Municipal de Ribeirão Branco - SP;3543006;SP;DCA-Anexo I-C;Padrão;Deduções - FUNDEB;RO1.7.1.1.51.0.0;1.7.1.1.51.0.0 -Cota-Parte do Fundo de Participação dos Municípios - FPM;5471044,51;15984
2023;Prefeitura Municipal de Ribeirão Branco - SP;3543006;SP;DCA-Anexo I-C;Padrão;Receitas Brutas Realizadas;RO1.7.1.1.51.1.0;1.7.1.1.51.1.0 - Cota-Parte do Fundo de Participação dos Municípios - Cota Mensal;27355224,03;15984
2023;Prefeitura Municipal de Ribeirão Branco - SP;3543006;SP;DCA-Anexo I-C;Padrão;Deduções - FUNDEB;RO1.7.1.1.51.1.0;1.7.1.1.51.1.0 - Cota-Parte do Fundo de Participação dos Municípios - Cota Mensal;5471044,51;15984
2023;Prefeitura Municipal de Ribeirão Branco - SP;3543006;SP;DCA-Anexo I-C;Padrão;Receitas Brutas Realizadas;RO1.7.1.1.51.2.0;1.7.1.1.51.2.0 - Cota-Parte do Fundo de Participação dos Municípios - Cotas Extraordinárias;2705955,09;15984
2023;Prefeitura Municipal de Ribeirão Branco - SP;3543006;SP;DCA-Anexo I-C;Padrão;Receitas Brutas Realizadas;RO1.7.1.1.52.0.0;1.7.1.1.52.0.0 - Cota-Parte do Imposto Sobre a Propriedade Territorial Rural;151548,04;15984
2023;Prefeitura Municipal de Ribeirão Branco - SP;3543006;SP;DCA-Anexo I-C;Padrão;Deduções - FUNDEB;RO1.7.1.1.52.0.0;1.7.1.1.52.0.0 - Cota-Parte do Imposto Sobre a Propriedade Territorial Rural;30309,49;15984
2023;Prefeitura Municipal de Ribeirão Branco - SP;3543006;SP;DCA-Anexo I-C;Padrão;Receitas Brutas Realizadas;RO1.7.1.2.00.0.0;1.7.1.2.00.0.0 -Transferências das Compensações Financeiras pela Exploração de Recursos Naturais;601291,75;15984
2023;Prefeitura Municipal de Ribeirão Branco - SP;3543006;SP;DCA-Anexo I-C;Padrão;Receitas Brutas Realizadas;RO1.7.1.2.51.0.0;1.7.1.2.51.0.0 -Cota-parte da Compensação Financeira pela Exploração de Recursos Minerais - CFEM;17674,94;15984
2023;Prefeitura Municipal de Ribeirão Branco - SP;3543006;SP;DCA-Anexo I-C;Padrão;Receitas Brutas Realizadas;RO1.7.1.2.52.0.0;1.7.1.2.52.0.0 - Cota-parte da Compensação Financeira pela Produção de Petróleo;583616,81;15984
2023;Prefeitura Municipal de Ribeirão Branco - SP;3543006;SP;DCA-Anexo I-C;Padrão;Receitas Brutas Realizadas;RO1.7.1.2.52.4.0;1.7.1.2.52.4.0 - Cota-Parte do Fundo Especial do Petróleo ¿ FEP;583616,81;15984
2023;Prefeitura Municipal de Ribeirão Branco - SP;3543006;SP;DCA-Anexo I-C;Padrão;Receitas Brutas Realizadas;RO1.7.1.3.00.0.0;1.7.1.3.00.0.0 -Transferências de Recursos do Sistema Único de Saúde ¿ SUS ;4265883,06;15984
2023;Prefeitura Municipal de Ribeirão Branco - SP;3543006;SP;DCA-Anexo I-C;Padrão;Receitas Brutas Realizadas;RO1.7.1.3.50.0.0;1.7.1.3.50.0.0 - Transferências de Recursos do Sistema Único de Saúde ¿ SUS ¿ Repasses Fundo a Fundo - Bloco de Manutenção das Ações e Serviços Públicos de Saúde;4265883,06;15984
2023;Prefeitura Municipal de Ribeirão Branco - SP;3543006;SP;DCA-Anexo I-C;Padrão;Receitas Brutas Realizadas;RO1.7.1.3.50.1.0;1.7.1.3.50.1.0 - Transferências de Recursos do Bloco de Manutenção das Ações e Serviços Públicos de Saúde ¿ Atenção Primária;1048932,00;15984
2023;Prefeitura Municipal de Ribeirão Branco - SP;3543006;SP;DCA-Anexo I-C;Padrão;Receitas Brutas Realizadas;RO1.7.1.3.50.2.0;1.7.1.3.50.2.0 - Transferências de Recursos do Bloco de Manutenção das Ações e Serviços Públicos de Saúde ¿ Atenção Especializada;850348,56;15984
2023;Prefeitura Municipal de Ribeirão Branco - SP;3543006;SP;DCA-Anexo I-C;Padrão;Receitas Brutas Realizadas;RO1.7.1.3.50.3.0;1.7.1.3.50.3.0 - Transferências de Recursos do Bloco de Manutenção das Ações e Serviços Públicos de Saúde ¿ Vigilância em Saúde;62062,91;15984
2023;Prefeitura Municipal de Ribeirão Branco - SP;3543006;SP;DCA-Anexo I-C;Padrão;Receitas Brutas Realizadas;RO1.7.1.3.50.4.0;1.7.1.3.50.4.0 -Transferências de Recursos do Bloco de Manutenção das Ações e Serviços Públicos de Saúde ¿ Assistência Farmacêutica;72567,24;15984
2023;Prefeitura Municipal de Ribeirão Branco - SP;3543006;SP;DCA-Anexo I-C;Padrão;Receitas Brutas Realizadas;RO1.7.1.3.50.5.0;1.7.1.3.50.5.0 - Transferências de Recursos do Bloco de Manutenção das Ações e Serviços Públicos de Saúde ¿ Gestão do SUS;1750339,56;15984
2023;Prefeitura Municipal de Ribeirão Branco - SP;3543006;SP;DCA-Anexo I-C;Padrão;Receitas Brutas Realizadas;RO1.7.1.3.50.9.0;1.7.1.3.50.9.0 - Transferências de Recursos do Bloco de Manutenção das Ações e Serviços Públicos de Saúde ¿ Outros Programas;481632,79;15984
2023;Prefeitura Municipal de Ribeirão Branco - SP;3543006;SP;DCA-Anexo I-C;Padrão;Receitas Brutas Realizadas;RO1.7.1.4.00.0.0;1.7.1.4.00.0.0 -Transferências de Recursos do Fundo Nacional do Desenvolvimento da Educação ¿ FNDE¿ ;2721039,48;15984
2023;Prefeitura Municipal de Ribeirão Branco - SP;3543006;SP;DCA-Anexo I-C;Padrão;Receitas Brutas Realizadas;RO1.7.1.4.50.0.0;1.7.1.4.50.0.0 - Transferências do Salário-Educação;2307796,87;15984
2023;Prefeitura Municipal de Ribeirão Branco - SP;3543006;SP;DCA-Anexo I-C;Padrão;Receitas Brutas Realizadas;RO1.7.1.4.52.0.0;1.7.1.4.52.0.0 - Transferências referentes ao Programa Nacional de Alimentação Escolar ¿ PNAE;265573,24;15984
2023;Prefeitura Municipal de Ribeirão Branco - SP;3543006;SP;DCA-Anexo I-C;Padrão;Receitas Brutas Realizadas;RO1.7.1.4.99.0.0;1.7.1.4.99.0.0 - Outras Transferências Diretas do Fundo Nacional do Desenvolvimento da Educação - FNDE;147669,37;15984
2023;Prefeitura Municipal de Ribeirão Branco - SP;3543006;SP;DCA-Anexo I-C;Padrão;Receitas Brutas Realizadas;RO1.7.1.6.00.0.0;1.7.1.6.00.0.0 - Transferências de Recursos do Fundo Nacional de Assistência Social ¿ FNAS;311607,17;15984
2023;Prefeitura Municipal de Ribeirão Branco - SP;3543006;SP;DCA-Anexo I-C;Padrão;Receitas Brutas Realizadas;RO1.7.1.7.00.0.0;1.7.1.7.00.0.0 - Transferências de Convênios da União e de Suas Entidades;170533,54;15984
2023;Prefeitura Municipal de Ribeirão Branco - SP;3543006;SP;DCA-Anexo I-C;Padrão;Receitas Brutas Realizadas;RO1.7.1.7.99.0.0;1.7.1.7.99.0.0 - Outras Transferências de Convênios da União e de Suas Entidades;170533,54;15984
2023;Prefeitura Municipal de Ribeirão Branco - SP;3543006;SP;DCA-Anexo I-C;Padrão;Receitas Brutas Realizadas;RO1.7.1.9.00.0.0;1.7.1.9.00.0.0 - Outras Transferências de Recursos da União e de suas Entidades;715375,16;15984
2023;Prefeitura Municipal de Ribeirão Branco - SP;3543006;SP;DCA-Anexo I-C;Padrão;Receitas Brutas Realizadas;RO1.7.1.9.58.0.0;1.7.1.9.58.0.0 - Transferência Obrigatória Decorrente da Lei Complementar nº 176/2020;42470,52;15984
2023;Prefeitura Municipal de Ribeirão Branco - SP;3543006;SP;DCA-Anexo I-C;Padrão;Receitas Brutas Realizadas;RO1.7.1.9.99.0.0;1.7.1.9.99.0.0 - Outras Transferências de Recursos da União e de suas Entidades;672904,64;15984
2023;Prefeitura Municipal de Ribeirão Branco - SP;3543006;SP;DCA-Anexo I-C;Padrão;Receitas Brutas Realizadas;RO1.7.2.0.00.0.0;1.7.2.0.00.0.0 - Transferências dos Estados e do Distrito Federal e de suas Entidades;20054435,88;15984
2023;Prefeitura Municipal de Ribeirão Branco - SP;3543006;SP;DCA-Anexo I-C;Padrão;Deduções - FUNDEB;RO1.7.2.0.00.0.0;1.7.2.0.00.0.0 - Transferências dos Estados e do Distrito Federal e de suas Entidades;3237200,27;15984
2023;Prefeitura Municipal de Ribeirão Branco - SP;3543006;SP;DCA-Anexo I-C;Padrão;Receitas Brutas Realizadas;RO1.7.2.1.00.0.0;1.7.2.1.00.0.0 - Participação na Receita dos Estados e Distrito Federal;16190418,69;15984
2023;Prefeitura Municipal de Ribeirão Branco - SP;3543006;SP;DCA-Anexo I-C;Padrão;Deduções - FUNDEB;RO1.7.2.1.00.0.0;1.7.2.1.00.0.0 - Participação na Receita dos Estados e Distrito Federal;3237200,27;15984
2023;Prefeitura Municipal de Ribeirão Branco - SP;3543006;SP;DCA-Anexo I-C;Padrão;Receitas Brutas Realizadas;RO1.7.2.1.50.0.0;1.7.2.1.50.0.0 - Cota-Parte do ICMS;13624397,62;15984
2023;Prefeitura Municipal de Ribeirão Branco - SP;3543006;SP;DCA-Anexo I-C;Padrão;Deduções - FUNDEB;RO1.7.2.1.50.0.0;1.7.2.1.50.0.0 - Cota-Parte do ICMS;2724879,29;15984
2023;Prefeitura Municipal de Ribeirão Branco - SP;3543006;SP;DCA-Anexo I-C;Padrão;Receitas Brutas Realizadas;RO1.7.2.1.51.0.0;1.7.2.1.51.0.0 - Cota-Parte do IPVA;2482886,12;15984
2023;Prefeitura Municipal de Ribeirão Branco - SP;3543006;SP;DCA-Anexo I-C;Padrão;Deduções - FUNDEB;RO1.7.2.1.51.0.0;1.7.2.1.51.0.0 - Cota-Parte do IPVA;496577,11;15984
2023;Prefeitura Municipal de Ribeirão Branco - SP;3543006;SP;DCA-Anexo I-C;Padrão;Receitas Brutas Realizadas;RO1.7.2.1.52.0.0;1.7.2.1.52.0.0 - Cota-Parte do IPI - Municípios;78719,80;15984
2023;Prefeitura Municipal de Ribeirão Branco - SP;3543006;SP;DCA-Anexo I-C;Padrão;Deduções - FUNDEB;RO1.7.2.1.52.0.0;1.7.2.1.52.0.0 - Cota-Parte do IPI - Municípios;15743,87;15984
2023;Prefeitura Municipal de Ribeirão Branco - SP;3543006;SP;DCA-Anexo I-C;Padrão;Receitas Brutas Realizadas;RO1.7.2.1.53.0.0;1.7.2.1.53.0.0 - Cota-Parte da Contribuição de Intervenção no Domínio Econômico;4415,15;15984
2023;Prefeitura Municipal de Ribeirão Branco - SP;3543006;SP;DCA-Anexo I-C;Padrão;Receitas Brutas Realizadas;RO1.7.2.2.00.0.0;1.7.2.2.00.0.0 - Transferências das Compensações Financeiras pela Exploração de Recursos Naturais;36958,17;15984
2023;Prefeitura Municipal de Ribeirão Branco - SP;3543006;SP;DCA-Anexo I-C;Padrão;Receitas Brutas Realizadas;RO1.7.2.2.52.0.0;1.7.2.2.52.0.0 - Cota-parte Royalties ¿ Compensação Financeira pela Produção do Petróleo;36958,17;15984
2023;Prefeitura Municipal de Ribeirão Branco - SP;3543006;SP;DCA-Anexo I-C;Padrão;Receitas Brutas Realizadas;RO1.7.2.3.00.0.0;1.7.2.3.00.0.0 - Transferências de Recursos do Sistema Único de Saúde ¿ SUS;337921,68;15984
2023;Prefeitura Municipal de Ribeirão Branco - SP;3543006;SP;DCA-Anexo I-C;Padrão;Receitas Brutas Realizadas;RO1.7.2.4.00.0.0;1.7.2.4.00.0.0 - Transferências de Convênios dos Estados e DF e de Suas Entidades;3312868,38;15984
2023;Prefeitura Municipal de Ribeirão Branco - SP;3543006;SP;DCA-Anexo I-C;Padrão;Receitas Brutas Realizadas;RO1.7.2.4.50.0.0;1.7.2.4.50.0.0 - Transferências de Convênios dos Estados e DF para o Sistema Único de Saúde ¿ SUS;700000,00;15984
2023;Prefeitura Municipal de Ribeirão Branco - SP;3543006;SP;DCA-Anexo I-C;Padrão;Receitas Brutas Realizadas;RO1.7.2.4.51.0.0;1.7.2.4.51.0.0 -Transferências de Convênios dos Estados Destinadas a Programas de Educação;2612868,38;15984
2023;Prefeitura Municipal de Ribeirão Branco - SP;3543006;SP;DCA-Anexo I-C;Padrão;Receitas Brutas Realizadas;RO1.7.2.9.00.0.0;1.7.2.9.00.0.0 - Outras Transferências dos Estados e Distrito Federal;176268,96;15984
2023;Prefeitura Municipal de Ribeirão Branco - SP;3543006;SP;DCA-Anexo I-C;Padrão;Receitas Brutas Realizadas;RO1.7.2.9.51.0.0;1.7.2.9.51.0.0 - Transferências de Estados destinadas à Assistência Social;176268,96;15984
2023;Prefeitura Municipal de Ribeirão Branco - SP;3543006;SP;DCA-Anexo I-C;Padrão;Receitas Brutas Realizadas;RO1.7.5.0.00.0.0;1.7.5.0.00.0.0 - Transferências de Outras Instituições Públicas;14010161,48;15984
2023;Prefeitura Municipal de Ribeirão Branco - SP;3543006;SP;DCA-Anexo I-C;Padrão;Receitas Brutas Realizadas;RO1.7.5.1.00.0.0;1.7.5.1.00.0.0 - Transferências de Recursos do Fundo de Manutenção e Desenvolvimento da Educação Básica e de Valorização dos Profissionais da Educação - FUNDEB;14010161,48;15984
2023;Prefeitura Municipal de Ribeirão Branco - SP;3543006;SP;DCA-Anexo I-C;Padrão;Receitas Brutas Realizadas;RO1.9.0.0.00.0.0;1.9.0.0.00.0.0 - Outras Receitas Correntes;108530,93;15984
2023;Prefeitura Municipal de Ribeirão Branco - SP;3543006;SP;DCA-Anexo I-C;Padrão;Receitas Brutas Realizadas;RO1.9.1.0.00.0.0;1.9.1.0.00.0.0 - Multas Administrativas, Contratuais e Judiciais;39892,98;15984
2023;Prefeitura Municipal de Ribeirão Branco - SP;3543006;SP;DCA-Anexo I-C;Padrão;Receitas Brutas Realizadas;RO1.9.1.1.00.0.0;1.9.1.1.00.0.0 - Multas Administrativas, Contratuais e Judiciais;39892,98;15984
2023;Prefeitura Municipal de Ribeirão Branco - SP;3543006;SP;DCA-Anexo I-C;Padrão;Receitas Brutas Realizadas;RO1.9.1.1.01.0.0;1.9.1.1.01.0.0 - Multas Previstas em Legislação Específica;39892,98;15984
2023;Prefeitura Municipal de Ribeirão Branco - SP;3543006;SP;DCA-Anexo I-C;Padrão;Receitas Brutas Realizadas;RO1.9.2.0.00.0.0;1.9.2.0.00.0.0 - Indenizações, Restituições e Ressarcimentos;68637,95;15984
2023;Prefeitura Municipal de Ribeirão Branco - SP;3543006;SP;DCA-Anexo I-C;Padrão;Receitas Brutas Realizadas;RO1.9.2.2.00.0.0;1.9.2.2.00.0.0 - Restituições;21156,28;15984
2023;Prefeitura Municipal de Ribeirão Branco - SP;3543006;SP;DCA-Anexo I-C;Padrão;Receitas Brutas Realizadas;RO1.9.2.2.02.0.0;1.9.2.2.02.0.0 - Restituição de Benefícios Não Desembolsados;21156,28;15984
2023;Prefeitura Municipal de Ribeirão Branco - SP;3543006;SP;DCA-Anexo I-C;Padrão;Receitas Brutas Realizadas;RO1.9.2.3.00.0.0;1.9.2.3.00.0.0 - Ressarcimentos;47481,67;15984
2023;Prefeitura Municipal de Ribeirão Branco - SP;3543006;SP;DCA-Anexo I-C;Padrão;Receitas Brutas Realizadas;RO1.9.2.3.99.0.0;1.9.2.3.99.0.0 - Outros Ressarcimentos;47481,67;15984
2023;Prefeitura Municipal de Ribeirão Branco - SP;3543006;SP;DCA-Anexo I-C;Padrão;Receitas Brutas Realizadas;RO2.0.0.0.00.0.0;2.0.0.0.00.0.0 - Receitas de Capital;6551530,48;15984
2023;Prefeitura Municipal de Ribeirão Branco - SP;3543006;SP;DCA-Anexo I-C;Padrão;Receitas Brutas Realizadas;RO2.1.0.0.00.0.0;2.1.0.0.00.0.0 - Operações de Crédito;1328000,00;15984
2023;Prefeitura Municipal de Ribeirão Branco - SP;3543006;SP;DCA-Anexo I-C;Padrão;Receitas Brutas Realizadas;RO2.1.1.0.00.0.0;2.1.1.0.00.0.0 - Operações de Crédito - Mercado Interno;1328000,00;15984
2023;Prefeitura Municipal de Ribeirão Branco - SP;3543006;SP;DCA-Anexo I-C;Padrão;Receitas Brutas Realizadas;RO2.1.1.2.00.0.0;2.1.1.2.00.0.0 - Operações de Crédito Contratuais - Mercado Interno;1328000,00;15984
2023;Prefeitura Municipal de Ribeirão Branco - SP;3543006;SP;DCA-Anexo I-C;Padrão;Receitas Brutas Realizadas;RO2.1.1.2.01.0.0;2.1.1.2.01.0.0 - Operações de Crédito Contratuais - Mercado Interno;1328000,00;15984
2023;Prefeitura Municipal de Ribeirão Branco - SP;3543006;SP;DCA-Anexo I-C;Padrão;Receitas Brutas Realizadas;RO2.2.0.0.00.0.0;2.2.0.0.00.0.0 - Alienação de Bens;37800,00;15984
2023;Prefeitura Municipal de Ribeirão Branco - SP;3543006;SP;DCA-Anexo I-C;Padrão;Receitas Brutas Realizadas;RO2.2.1.0.00.0.0;2.2.1.0.00.0.0 - Alienação de Bens Móveis;37800,00;15984
2023;Prefeitura Municipal de Ribeirão Branco - SP;3543006;SP;DCA-Anexo I-C;Padrão;Receitas Brutas Realizadas;RO2.2.1.3.00.0.0;2.2.1.3.00.0.0 - Alienação de Bens Móveis e Semoventes;37800,00;15984
2023;Prefeitura Municipal de Ribeirão Branco - SP;3543006;SP;DCA-Anexo I-C;Padrão;Receitas Brutas Realizadas;RO2.4.0.0.00.0.0;2.4.0.0.00.0.0 - Transferências de Capital;5185730,48;15984
2023;Prefeitura Municipal de Ribeirão Branco - SP;3543006;SP;DCA-Anexo I-C;Padrão;Receitas Brutas Realizadas;RO2.4.1.0.00.0.0;2.4.1.0.00.0.0 - Transferências da União e de suas Entidades;3084695,81;15984
2023;Prefeitura Municipal de Ribeirão Branco - SP;3543006;SP;DCA-Anexo I-C;Padrão;Receitas Brutas Realizadas;RO2.4.1.1.00.0.0;2.4.1.1.00.0.0 - Transferências de Recursos do Sistema Único de Saúde - SUS;200000,00;15984
2023;Prefeitura Municipal de Ribeirão Branco - SP;3543006;SP;DCA-Anexo I-C;Padrão;Receitas Brutas Realizadas;RO2.4.1.1.51.0.0;2.4.1.1.51.0.0 - Transferências de Recursos do Sistema Único de Saúde ¿ SUS - Fundo a Fundo - Bloco de Estruturação da Rede de Serviços Públicos de Saúde;200000,00;15984
2023;Prefeitura Municipal de Ribeirão Branco - SP;3543006;SP;DCA-Anexo I-C;Padrão;Receitas Brutas Realizadas;RO2.4.1.1.51.1.0;2.4.1.1.51.1.0 - Transferências de Recursos do Bloco de Estruturação da Rede de Serviços Públicos de Saúde - Atenção Primária;200000,00;15984
2023;Prefeitura Municipal de Ribeirão Branco - SP;3543006;SP;DCA-Anexo I-C;Padrão;Receitas Brutas Realizadas;RO2.4.1.2.00.0.0;2.4.1.2.00.0.0 - Transferências de Recursos do Fundo Nacional do Desenvolvimento da Educação ¿ FNDE ;699086,87;15984
2023;Prefeitura Municipal de Ribeirão Branco - SP;3543006;SP;DCA-Anexo I-C;Padrão;Receitas Brutas Realizadas;RO2.4.1.2.50.0.0;2.4.1.2.50.0.0 - Transferências de Recursos Destinados a Programas de Educação;699086,87;15984
2023;Prefeitura Municipal de Ribeirão Branco - SP;3543006;SP;DCA-Anexo I-C;Padrão;Receitas Brutas Realizadas;RO2.4.1.2.50.9.0;2.4.1.2.50.9.0 - Outras transferências destinadas a Programas de Educação;699086,87;15984
2023;Prefeitura Municipal de Ribeirão Branco - SP;3543006;SP;DCA-Anexo I-C;Padrão;Receitas Brutas Realizadas;RO2.4.1.4.00.0.0;2.4.1.4.00.0.0 - Transferências de Convênios da União e de suas Entidades ;2185608,94;15984
2023;Prefeitura Municipal de Ribeirão Branco - SP;3543006;SP;DCA-Anexo I-C;Padrão;Receitas Brutas Realizadas;RO2.4.1.4.99.0.0;2.4.1.4.99.0.0 - Outras Transferências de Convênios da União e de Suas Entidades;2185608,94;15984
2023;Prefeitura Municipal de Ribeirão Branco - SP;3543006;SP;DCA-Anexo I-C;Padrão;Receitas Brutas Realizadas;RO2.4.2.0.00.0.0;2.4.2.0.00.0.0 - Transferências dos Estados e do Distrito Federal e de suas Entidades;2101034,67;15984
2023;Prefeitura Municipal de Ribeirão Branco - SP;3543006;SP;DCA-Anexo I-C;Padrão;Receitas Brutas Realizadas;RO2.4.2.2.00.0.0;2.4.2.2.00.0.0 - Transferências de Convênios dos Estados e DF e de Suas Entidades ;2101034,67;15984
2023;Prefeitura Municipal de Ribeirão Branco - SP;3543006;SP;DCA-Anexo I-C;Padrão;Receitas Brutas Realizadas;RO2.4.2.2.50.0.0;2.4.2.2.50.0.0 - Transferências de Convênios dos Estados para o Sistema Único de Saúde ¿ SUS;160000,00;15984
2023;Prefeitura Municipal de Ribeirão Branco - SP;3543006;SP;DCA-Anexo I-C;Padrão;Receitas Brutas Realizadas;RO2.4.2.2.99.0.0;2.4.2.2.99.0.0 - Outras Transferências de Convênios dos Estados e DF e de Suas Entidades;1941034,67;15984
2023;Prefeitura Municipal de Ribeirão Branco - SP;3543006;SP;DCA-Anexo I-C;Padrão;Receitas Brutas Realizadas;TotalReceitas;TOTAL DAS RECEITAS (III) = (I + II);87186273,53;15984
2023;Prefeitura Municipal de Ribeirão Branco - SP;3543006;SP;DCA-Anexo I-C;Padrão;Deduções - FUNDEB;TotalReceitas;TOTAL DAS RECEITAS (III) = (I + II);8738554,27;15984
2024;Prefeitura Municipal de Ribeirão Branco - SP;3543006;SP;DCA-Anexo I-C;Padrão;Receitas Brutas Realizadas;ReceitasExcetoIntraOrcamentarias;RECEITAS (EXCETO INTRA-ORÇAMENTÁRIAS) (I);107114105,03;18494
2024;Prefeitura Municipal de Ribeirão Branco - SP;3543006;SP;DCA-Anexo I-C;Padrão;Deduções - FUNDEB;ReceitasExcetoIntraOrcamentarias;RECEITAS (EXCETO INTRA-ORÇAMENTÁRIAS) (I);10394913,34;18494
2024;Prefeitura Municipal de Ribeirão Branco - SP;3543006;SP;DCA-Anexo I-C;Padrão;Receitas Brutas Realizadas;RO1.0.0.0.00.0.0;1.0.0.0.00.0.0 - Receitas Correntes;103666745,44;18494
2024;Prefeitura Municipal de Ribeirão Branco - SP;3543006;SP;DCA-Anexo I-C;Padrão;Deduções - FUNDEB;RO1.0.0.0.00.0.0;1.0.0.0.00.0.0 - Receitas Correntes;10394913,34;18494
2024;Prefeitura Municipal de Ribeirão Branco - SP;3543006;SP;DCA-Anexo I-C;Padrão;Receitas Brutas Realizadas;RO1.1.0.0.00.0.0;1.1.0.0.00.0.0 - Impostos, Taxas e Contribuições de Melhoria;5470797,34;18494
2024;Prefeitura Municipal de Ribeirão Branco - SP;3543006;SP;DCA-Anexo I-C;Padrão;Receitas Brutas Realizadas;RO1.1.1.0.00.0.0;1.1.1.0.00.0.0 - Impostos;4989112,65;18494
2024;Prefeitura Municipal de Ribeirão Branco - SP;3543006;SP;DCA-Anexo I-C;Padrão;Receitas Brutas Realizadas;RO1.1.1.2.00.0.0;1.1.1.2.00.0.0 - Impostos sobre o Patrimônio;936819,99;18494
2024;Prefeitura Municipal de Ribeirão Branco - SP;3543006;SP;DCA-Anexo I-C;Padrão;Receitas Brutas Realizadas;RO1.1.1.2.50.0.0;1.1.1.2.50.0.0 - Imposto sobre a Propriedade Predial e Territorial Urbana;562407,86;18494
2024;Prefeitura Municipal de Ribeirão Branco - SP;3543006;SP;DCA-Anexo I-C;Padrão;Receitas Brutas Realizadas;RO1.1.1.2.53.0.0;"1.1.1.2.53.0.0 - Impostos sobre Transmissão ""Inter Vivos"" de Bens Imóveis e de Direitos Reais sobre Imóveis";374412,13;18494
2024;Prefeitura Municipal de Ribeirão Branco - SP;3543006;SP;DCA-Anexo I-C;Padrão;Receitas Brutas Realizadas;RO1.1.1.3.00.0.0;1.1.1.3.00.0.0 - Impostos sobre a Renda e Proventos de Qualquer Natureza;2016830,04;18494
2024;Prefeitura Municipal de Ribeirão Branco - SP;3543006;SP;DCA-Anexo I-C;Padrão;Receitas Brutas Realizadas;RO1.1.1.3.03.0.0;1.1.1.3.03.0.0 - Imposto sobre a Renda - Retido na Fonte;2016830,04;18494
2024;Prefeitura Municipal de Ribeirão Branco - SP;3543006;SP;DCA-Anexo I-C;Padrão;Receitas Brutas Realizadas;RO1.1.1.3.03.1.0;1.1.1.3.03.1.0 - Imposto sobre a Renda - Retido na Fonte - Trabalho;1856633,29;18494
2024;Prefeitura Municipal de Ribeirão Branco - SP;3543006;SP;DCA-Anexo I-C;Padrão;Receitas Brutas Realizadas;RO1.1.1.3.03.4.0;1.1.1.3.03.4.0 - Imposto sobre a Renda - Retido na Fonte - Outros Rendimentos;160196,75;18494
2024;Prefeitura Municipal de Ribeirão Branco - SP;3543006;SP;DCA-Anexo I-C;Padrão;Receitas Brutas Realizadas;RO1.1.1.4.00.0.0;1.1.1.4.00.0.0 - Impostos sobre a Produção e Circulação de Mercadorias e Serviços;2035462,62;18494
2024;Prefeitura Municipal de Ribeirão Branco - SP;3543006;SP;DCA-Anexo I-C;Padrão;Receitas Brutas Realizadas;RO1.1.1.4.51.0.0;1.1.1.4.51.0.0 - Impostos sobre Serviços;2035462,62;18494
2024;Prefeitura Municipal de Ribeirão Branco - SP;3543006;SP;DCA-Anexo I-C;Padrão;Receitas Brutas Realizadas;RO1.1.1.4.51.1.0;1.1.1.4.51.1.0 - Imposto sobre Serviços de Qualquer Natureza - ISSQN;2035462,62;18494
2024;Prefeitura Municipal de Ribeirão Branco - SP;3543006;SP;DCA-Anexo I-C;Padrão;Receitas Brutas Realizadas;RO1.1.2.0.00.0.0;1.1.2.0.00.0.0 - Taxas;481684,69;18494
2024;Prefeitura Municipal de Ribeirão Branco - SP;3543006;SP;DCA-Anexo I-C;Padrão;Receitas Brutas Realizadas;RO1.1.2.1.00.0.0;1.1.2.1.00.0.0 - Taxas pelo Exercício do Poder de Polícia;481684,69;18494
2024;Prefeitura Municipal de Ribeirão Branco - SP;3543006;SP;DCA-Anexo I-C;Padrão;Receitas Brutas Realizadas;RO1.1.2.1.01.0.0;1.1.2.1.01.0.0 - Taxas de Inspeção, Controle e Fiscalização;474900,56;18494
2024;Prefeitura Municipal de Ribeirão Branco - SP;3543006;SP;DCA-Anexo I-C;Padrão;Receitas Brutas Realizadas;RO1.1.2.1.50.0.0;1.1.2.1.50.0.0 - Taxa de Fiscalização de Vigilância Sanitária;6784,13;18494
2024;Prefeitura Municipal de Ribeirão Branco - SP;3543006;SP;DCA-Anexo I-C;Padrão;Receitas Brutas Realizadas;RO1.2.0.0.00.0.0;1.2.0.0.00.0.0 - Contribuições;174363,31;18494
2024;Prefeitura Municipal de Ribeirão Branco - SP;3543006;SP;DCA-Anexo I-C;Padrão;Receitas Brutas Realizadas;RO1.2.4.0.00.0.0;1.2.4.0.00.0.0 - Contribuição para o Custeio do Serviço de Iluminação Pública;174363,31;18494
2024;Prefeitura Municipal de Ribeirão Branco - SP;3543006;SP;DCA-Anexo I-C;Padrão;Receitas Brutas Realizadas;RO1.3.0.0.00.0.0;1.3.0.0.00.0.0 - Receita Patrimonial;777492,16;18494
2024;Prefeitura Municipal de Ribeirão Branco - SP;3543006;SP;DCA-Anexo I-C;Padrão;Receitas Brutas Realizadas;RO1.3.1.0.00.0.0;1.3.1.0.00.0.0 - Exploração do Patrimônio Imobiliário do Estado;30000,00;18494
2024;Prefeitura Municipal de Ribeirão Branco - SP;3543006;SP;DCA-Anexo I-C;Padrão;Receitas Brutas Realizadas;RO1.3.1.1.00.0.0;1.3.1.1.00.0.0 - Exploração do Patrimônio Imobiliário do Estado;30000,00;18494
2024;Prefeitura Municipal de Ribeirão Branco - SP;3543006;SP;DCA-Anexo I-C;Padrão;Receitas Brutas Realizadas;RO1.3.1.1.01.0.0;1.3.1.1.01.0.0 - Aluguéis, Arrendamentos, Foros, Laudêmios, Tarifas de Ocupação;30000,00;18494
2024;Prefeitura Municipal de Ribeirão Branco - SP;3543006;SP;DCA-Anexo I-C;Padrão;Receitas Brutas Realizadas;RO1.3.1.1.01.1.0;1.3.1.1.01.1.0 - Aluguéis e Arrendamentos;30000,00;18494
2024;Prefeitura Municipal de Ribeirão Branco - SP;3543006;SP;DCA-Anexo I-C;Padrão;Receitas Brutas Realizadas;RO1.3.2.0.00.0.0;1.3.2.0.00.0.0 - Valores Mobiliários;747492,16;18494
2024;Prefeitura Municipal de Ribeirão Branco - SP;3543006;SP;DCA-Anexo I-C;Padrão;Receitas Brutas Realizadas;RO1.3.2.1.00.0.0;1.3.2.1.00.0.0 - Juros e Correções Monetárias;747492,16;18494
2024;Prefeitura Municipal de Ribeirão Branco - SP;3543006;SP;DCA-Anexo I-C;Padrão;Receitas Brutas Realizadas;RO1.3.2.1.01.0.0;1.3.2.1.01.0.0 - Remuneração de Depósitos Bancários;747492,16;18494
2024;Prefeitura Municipal de Ribeirão Branco - SP;3543006;SP;DCA-Anexo I-C;Padrão;Receitas Brutas Realizadas;RO1.7.0.0.00.0.0;1.7.0.0.00.0.0 - Transferências Correntes;97084879,10;18494
2024;Prefeitura Municipal de Ribeirão Branco - SP;3543006;SP;DCA-Anexo I-C;Padrão;Deduções - FUNDEB;RO1.7.0.0.00.0.0;1.7.0.0.00.0.0 - Transferências Correntes;10394913,34;18494
2024;Prefeitura Municipal de Ribeirão Branco - SP;3543006;SP;DCA-Anexo I-C;Padrão;Receitas Brutas Realizadas;RO1.7.1.0.00.0.0;1.7.1.0.00.0.0 - Transferências da União e de suas Entidades;52469218,56;18494
2024;Prefeitura Municipal de Ribeirão Branco - SP;3543006;SP;DCA-Anexo I-C;Padrão;Deduções - FUNDEB;RO1.7.1.0.00.0.0;1.7.1.0.00.0.0 - Transferências da União e de suas Entidades;6378542,56;18494
2024;Prefeitura Municipal de Ribeirão Branco - SP;3543006;SP;DCA-Anexo I-C;Padrão;Receitas Brutas Realizadas;RO1.7.1.1.00.0.0;1.7.1.1.00.0.0 - Transferências Decorrentes de Participação na Receita da União;35165570,38;18494
2024;Prefeitura Municipal de Ribeirão Branco - SP;3543006;SP;DCA-Anexo I-C;Padrão;Deduções - FUNDEB;RO1.7.1.1.00.0.0;1.7.1.1.00.0.0 - Transferências Decorrentes de Participação na Receita da União;6378542,56;18494
2024;Prefeitura Municipal de Ribeirão Branco - SP;3543006;SP;DCA-Anexo I-C;Padrão;Receitas Brutas Realizadas;RO1.7.1.1.51.0.0;1.7.1.1.51.0.0 -Cota-Parte do Fundo de Participação dos Municípios - FPM;34975722,04;18494
2024;Prefeitura Municipal de Ribeirão Branco - SP;3543006;SP;DCA-Anexo I-C;Padrão;Deduções - FUNDEB;RO1.7.1.1.51.0.0;1.7.1.1.51.0.0 -Cota-Parte do Fundo de Participação dos Municípios - FPM;6340573,05;18494
2024;Prefeitura Municipal de Ribeirão Branco - SP;3543006;SP;DCA-Anexo I-C;Padrão;Receitas Brutas Realizadas;RO1.7.1.1.51.1.0;1.7.1.1.51.1.0 - Cota-Parte do Fundo de Participação dos Municípios - Cota Mensal;31702867,62;18494
2024;Prefeitura Municipal de Ribeirão Branco - SP;3543006;SP;DCA-Anexo I-C;Padrão;Deduções - FUNDEB;RO1.7.1.1.51.1.0;1.7.1.1.51.1.0 - Cota-Parte do Fundo de Participação dos Municípios - Cota Mensal;6340573,05;18494
2024;Prefeitura Municipal de Ribeirão Branco - SP;3543006;SP;DCA-Anexo I-C;Padrão;Receitas Brutas Realizadas;RO1.7.1.1.51.2.0;1.7.1.1.51.2.0 - Cota-Parte do Fundo de Participação dos Municípios - Cotas Extraordinárias;3272854,42;18494
2024;Prefeitura Municipal de Ribeirão Branco - SP;3543006;SP;DCA-Anexo I-C;Padrão;Receitas Brutas Realizadas;RO1.7.1.1.52.0.0;1.7.1.1.52.0.0 - Cota-Parte do Imposto Sobre a Propriedade Territorial Rural;189848,34;18494
2024;Prefeitura Municipal de Ribeirão Branco - SP;3543006;SP;DCA-Anexo I-C;Padrão;Deduções - FUNDEB;RO1.7.1.1.52.0.0;1.7.1.1.52.0.0 - Cota-Parte do Imposto Sobre a Propriedade Territorial Rural;37969,51;18494
2024;Prefeitura Municipal de Ribeirão Branco - SP;3543006;SP;DCA-Anexo I-C;Padrão;Receitas Brutas Realizadas;RO1.7.1.2.00.0.0;1.7.1.2.00.0.0 -Transferências das Compensações Financeiras pela Exploração de Recursos Naturais;6840774,62;18494
2024;Prefeitura Municipal de Ribeirão Branco - SP;3543006;SP;DCA-Anexo I-C;Padrão;Receitas Brutas Realizadas;RO1.7.1.2.51.0.0;1.7.1.2.51.0.0 -Cota-parte da Compensação Financeira pela Exploração de Recursos Minerais - CFEM;59267,02;18494
2024;Prefeitura Municipal de Ribeirão Branco - SP;3543006;SP;DCA-Anexo I-C;Padrão;Receitas Brutas Realizadas;RO1.7.1.2.52.0.0;1.7.1.2.52.0.0 - Cota-parte da Compensação Financeira pela Produção de Petróleo;629182,14;18494
2024;Prefeitura Municipal de Ribeirão Branco - SP;3543006;SP;DCA-Anexo I-C;Padrão;Receitas Brutas Realizadas;RO1.7.1.2.52.4.0;1.7.1.2.52.4.0 - Cota-Parte do Fundo Especial do Petróleo ¿ FEP;629182,14;18494
2024;Prefeitura Municipal de Ribeirão Branco - SP;3543006;SP;DCA-Anexo I-C;Padrão;Receitas Brutas Realizadas;RO1.7.1.2.99.0.0;1.7.1.2.99.0.0 - Outras Transferências decorrentes de Compensação Financeira pela Exploração de Recursos Naturais ;6152325,46;18494
2024;Prefeitura Municipal de Ribeirão Branco - SP;3543006;SP;DCA-Anexo I-C;Padrão;Receitas Brutas Realizadas;RO1.7.1.3.00.0.0;1.7.1.3.00.0.0 -Transferências de Recursos do Sistema Único de Saúde ¿ SUS ;6928239,76;18494
2024;Prefeitura Municipal de Ribeirão Branco - SP;3543006;SP;DCA-Anexo I-C;Padrão;Receitas Brutas Realizadas;RO1.7.1.3.50.0.0;1.7.1.3.50.0.0 - Transferências de Recursos do Sistema Único de Saúde ¿ SUS ¿ Repasses Fundo a Fundo - Bloco de Manutenção das Ações e Serviços Públicos de Saúde;6928239,76;18494
2024;Prefeitura Municipal de Ribeirão Branco - SP;3543006;SP;DCA-Anexo I-C;Padrão;Receitas Brutas Realizadas;RO1.7.1.3.50.1.0;1.7.1.3.50.1.0 - Transferências de Recursos do Bloco de Manutenção das Ações e Serviços Públicos de Saúde ¿ Atenção Primária;300000,00;18494
2024;Prefeitura Municipal de Ribeirão Branco - SP;3543006;SP;DCA-Anexo I-C;Padrão;Receitas Brutas Realizadas;RO1.7.1.3.50.3.0;1.7.1.3.50.3.0 - Transferências de Recursos do Bloco de Manutenção das Ações e Serviços Públicos de Saúde ¿ Vigilância em Saúde;104366,68;18494
2024;Prefeitura Municipal de Ribeirão Branco - SP;3543006;SP;DCA-Anexo I-C;Padrão;Receitas Brutas Realizadas;RO1.7.1.3.50.5.0;1.7.1.3.50.5.0 - Transferências de Recursos do Bloco de Manutenção das Ações e Serviços Públicos de Saúde ¿ Gestão do SUS;5746038,94;18494
2024;Prefeitura Municipal de Ribeirão Branco - SP;3543006;SP;DCA-Anexo I-C;Padrão;Receitas Brutas Realizadas;RO1.7.1.3.50.9.0;1.7.1.3.50.9.0 - Transferências de Recursos do Bloco de Manutenção das Ações e Serviços Públicos de Saúde ¿ Outros Programas;777834,14;18494
2024;Prefeitura Municipal de Ribeirão Branco - SP;3543006;SP;DCA-Anexo I-C;Padrão;Receitas Brutas Realizadas;RO1.7.1.4.00.0.0;1.7.1.4.00.0.0 -Transferências de Recursos do Fundo Nacional do Desenvolvimento da Educação ¿ FNDE¿ ;2802720,65;18494
2024;Prefeitura Municipal de Ribeirão Branco - SP;3543006;SP;DCA-Anexo I-C;Padrão;Receitas Brutas Realizadas;RO1.7.1.4.50.0.0;1.7.1.4.50.0.0 - Transferências do Salário-Educação;1396216,37;18494
2024;Prefeitura Municipal de Ribeirão Branco - SP;3543006;SP;DCA-Anexo I-C;Padrão;Receitas Brutas Realizadas;RO1.7.1.4.52.0.0;1.7.1.4.52.0.0 - Transferências referentes ao Programa Nacional de Alimentação Escolar ¿ PNAE;326360,00;18494
2024;Prefeitura Municipal de Ribeirão Branco - SP;3543006;SP;DCA-Anexo I-C;Padrão;Receitas Brutas Realizadas;RO1.7.1.4.99.0.0;1.7.1.4.99.0.0 - Outras Transferências Diretas do Fundo Nacional do Desenvolvimento da Educação - FNDE;1080144,28;18494
2024;Prefeitura Municipal de Ribeirão Branco - SP;3543006;SP;DCA-Anexo I-C;Padrão;Receitas Brutas Realizadas;RO1.7.1.6.00.0.0;1.7.1.6.00.0.0 - Transferências de Recursos do Fundo Nacional de Assistência Social ¿ FNAS;375327,60;18494
2024;Prefeitura Municipal de Ribeirão Branco - SP;3543006;SP;DCA-Anexo I-C;Padrão;Receitas Brutas Realizadas;RO1.7.1.7.00.0.0;1.7.1.7.00.0.0 - Transferências de Convênios da União e de Suas Entidades;308291,31;18494
2024;Prefeitura Municipal de Ribeirão Branco - SP;3543006;SP;DCA-Anexo I-C;Padrão;Receitas Brutas Realizadas;RO1.7.1.7.99.0.0;1.7.1.7.99.0.0 - Outras Transferências de Convênios da União e de Suas Entidades;308291,31;18494
2024;Prefeitura Municipal de Ribeirão Branco - SP;3543006;SP;DCA-Anexo I-C;Padrão;Receitas Brutas Realizadas;RO1.7.1.9.00.0.0;1.7.1.9.00.0.0 - Outras Transferências de Recursos da União e de suas Entidades;48294,24;18494
2024;Prefeitura Municipal de Ribeirão Branco - SP;3543006;SP;DCA-Anexo I-C;Padrão;Receitas Brutas Realizadas;RO1.7.1.9.58.0.0;1.7.1.9.58.0.0 - Transferência Obrigatória Decorrente da Lei Complementar nº 176/2020;48294,24;18494
2024;Prefeitura Municipal de Ribeirão Branco - SP;3543006;SP;DCA-Anexo I-C;Padrão;Receitas Brutas Realizadas;RO1.7.2.0.00.0.0;1.7.2.0.00.0.0 - Transferências dos Estados e do Distrito Federal e de suas Entidades;27502038,90;18494
2024;Prefeitura Municipal de Ribeirão Branco - SP;3543006;SP;DCA-Anexo I-C;Padrão;Deduções - FUNDEB;RO1.7.2.0.00.0.0;1.7.2.0.00.0.0 - Transferências dos Estados e do Distrito Federal e de suas Entidades;4016370,78;18494
2024;Prefeitura Municipal de Ribeirão Branco - SP;3543006;SP;DCA-Anexo I-C;Padrão;Receitas Brutas Realizadas;RO1.7.2.1.00.0.0;1.7.2.1.00.0.0 - Participação na Receita dos Estados e Distrito Federal;20113888,73;18494
2024;Prefeitura Municipal de Ribeirão Branco - SP;3543006;SP;DCA-Anexo I-C;Padrão;Deduções - FUNDEB;RO1.7.2.1.00.0.0;1.7.2.1.00.0.0 - Participação na Receita dos Estados e Distrito Federal;4016370,78;18494
2024;Prefeitura Municipal de Ribeirão Branco - SP;3543006;SP;DCA-Anexo I-C;Padrão;Receitas Brutas Realizadas;RO1.7.2.1.50.0.0;1.7.2.1.50.0.0 - Cota-Parte do ICMS;17078828,77;18494
2024;Prefeitura Municipal de Ribeirão Branco - SP;3543006;SP;DCA-Anexo I-C;Padrão;Deduções - FUNDEB;RO1.7.2.1.50.0.0;1.7.2.1.50.0.0 - Cota-Parte do ICMS;3415765,51;18494
2024;Prefeitura Municipal de Ribeirão Branco - SP;3543006;SP;DCA-Anexo I-C;Padrão;Receitas Brutas Realizadas;RO1.7.2.1.51.0.0;1.7.2.1.51.0.0 - Cota-Parte do IPVA;2871561,21;18494
2024;Prefeitura Municipal de Ribeirão Branco - SP;3543006;SP;DCA-Anexo I-C;Padrão;Deduções - FUNDEB;RO1.7.2.1.51.0.0;1.7.2.1.51.0.0 - Cota-Parte do IPVA;574312,15;18494
2024;Prefeitura Municipal de Ribeirão Branco - SP;3543006;SP;DCA-Anexo I-C;Padrão;Receitas Brutas Realizadas;RO1.7.2.1.52.0.0;1.7.2.1.52.0.0 - Cota-Parte do IPI - Municípios;131466,12;18494
2024;Prefeitura Municipal de Ribeirão Branco - SP;3543006;SP;DCA-Anexo I-C;Padrão;Deduções - FUNDEB;RO1.7.2.1.52.0.0;1.7.2.1.52.0.0 - Cota-Parte do IPI - Municípios;26293,12;18494
2024;Prefeitura Municipal de Ribeirão Branco - SP;3543006;SP;DCA-Anexo I-C;Padrão;Receitas Brutas Realizadas;RO1.7.2.1.53.0.0;1.7.2.1.53.0.0 - Cota-Parte da Contribuição de Intervenção no Domínio Econômico;32032,63;18494
2024;Prefeitura Municipal de Ribeirão Branco - SP;3543006;SP;DCA-Anexo I-C;Padrão;Receitas Brutas Realizadas;RO1.7.2.2.00.0.0;1.7.2.2.00.0.0 - Transferências das Compensações Financeiras pela Exploração de Recursos Naturais;37872,96;18494
2024;Prefeitura Municipal de Ribeirão Branco - SP;3543006;SP;DCA-Anexo I-C;Padrão;Receitas Brutas Realizadas;RO1.7.2.2.52.0.0;1.7.2.2.52.0.0 - Cota-parte Royalties ¿ Compensação Financeira pela Produção do Petróleo;37872,96;18494
2024;Prefeitura Municipal de Ribeirão Branco - SP;3543006;SP;DCA-Anexo I-C;Padrão;Receitas Brutas Realizadas;RO1.7.2.3.00.0.0;1.7.2.3.00.0.0 - Transferências de Recursos do Sistema Único de Saúde ¿ SUS;1094434,46;18494
2024;Prefeitura Municipal de Ribeirão Branco - SP;3543006;SP;DCA-Anexo I-C;Padrão;Receitas Brutas Realizadas;RO1.7.2.4.00.0.0;1.7.2.4.00.0.0 - Transferências de Convênios dos Estados e DF e de Suas Entidades;6070262,81;18494
2024;Prefeitura Municipal de Ribeirão Branco - SP;3543006;SP;DCA-Anexo I-C;Padrão;Receitas Brutas Realizadas;RO1.7.2.4.50.0.0;1.7.2.4.50.0.0 - Transferências de Convênios dos Estados e DF para o Sistema Único de Saúde ¿ SUS;900000,00;18494
2024;Prefeitura Municipal de Ribeirão Branco - SP;3543006;SP;DCA-Anexo I-C;Padrão;Receitas Brutas Realizadas;RO1.7.2.4.51.0.0;1.7.2.4.51.0.0 -Transferências de Convênios dos Estados Destinadas a Programas de Educação;5070262,81;18494
2024;Prefeitura Municipal de Ribeirão Branco - SP;3543006;SP;DCA-Anexo I-C;Padrão;Receitas Brutas Realizadas;RO1.7.2.4.99.0.0;1.7.2.4.99.0.0 - Outras Transferências de Convênios dos Estados e DF e de Suas Entidades;100000,00;18494
2024;Prefeitura Municipal de Ribeirão Branco - SP;3543006;SP;DCA-Anexo I-C;Padrão;Receitas Brutas Realizadas;RO1.7.2.9.00.0.0;1.7.2.9.00.0.0 - Outras Transferências dos Estados e Distrito Federal;185579,94;18494
2024;Prefeitura Municipal de Ribeirão Branco - SP;3543006;SP;DCA-Anexo I-C;Padrão;Receitas Brutas Realizadas;RO1.7.2.9.51.0.0;1.7.2.9.51.0.0 - Transferências de Estados destinadas à Assistência Social;185579,94;18494
2024;Prefeitura Municipal de Ribeirão Branco - SP;3543006;SP;DCA-Anexo I-C;Padrão;Receitas Brutas Realizadas;RO1.7.5.0.00.0.0;1.7.5.0.00.0.0 - Transferências de Outras Instituições Públicas;17113621,64;18494
2024;Prefeitura Municipal de Ribeirão Branco - SP;3543006;SP;DCA-Anexo I-C;Padrão;Receitas Brutas Realizadas;RO1.7.5.1.00.0.0;1.7.5.1.00.0.0 - Transferências de Recursos do Fundo de Manutenção e Desenvolvimento da Educação Básica e de Valorização dos Profissionais da Educação - FUNDEB;17113621,64;18494
2024;Prefeitura Municipal de Ribeirão Branco - SP;3543006;SP;DCA-Anexo I-C;Padrão;Receitas Brutas Realizadas;RO1.9.0.0.00.0.0;1.9.0.0.00.0.0 - Outras Receitas Correntes;159213,53;18494
2024;Prefeitura Municipal de Ribeirão Branco - SP;3543006;SP;DCA-Anexo I-C;Padrão;Receitas Brutas Realizadas;RO1.9.1.0.00.0.0;1.9.1.0.00.0.0 - Multas Administrativas, Contratuais e Judiciais;16809,89;18494
2024;Prefeitura Municipal de Ribeirão Branco - SP;3543006;SP;DCA-Anexo I-C;Padrão;Receitas Brutas Realizadas;RO1.9.1.1.00.0.0;1.9.1.1.00.0.0 - Multas Administrativas, Contratuais e Judiciais;16809,89;18494
2024;Prefeitura Municipal de Ribeirão Branco - SP;3543006;SP;DCA-Anexo I-C;Padrão;Receitas Brutas Realizadas;RO1.9.1.1.01.0.0;1.9.1.1.01.0.0 - Multas Previstas em Legislação Específica;16809,89;18494
2024;Prefeitura Municipal de Ribeirão Branco - SP;3543006;SP;DCA-Anexo I-C;Padrão;Receitas Brutas Realizadas;RO1.9.2.0.00.0.0;1.9.2.0.00.0.0 - Indenizações, Restituições e Ressarcimentos;67763,00;18494
2024;Prefeitura Municipal de Ribeirão Branco - SP;3543006;SP;DCA-Anexo I-C;Padrão;Receitas Brutas Realizadas;RO1.9.2.2.00.0.0;1.9.2.2.00.0.0 - Restituições;21515,97;18494
2024;Prefeitura Municipal de Ribeirão Branco - SP;3543006;SP;DCA-Anexo I-C;Padrão;Receitas Brutas Realizadas;RO1.9.2.2.02.0.0;1.9.2.2.02.0.0 - Restituição de Benefícios Não Desembolsados;21515,97;18494
2024;Prefeitura Municipal de Ribeirão Branco - SP;3543006;SP;DCA-Anexo I-C;Padrão;Receitas Brutas Realizadas;RO1.9.2.3.00.0.0;1.9.2.3.00.0.0 - Ressarcimentos;46247,03;18494
2024;Prefeitura Municipal de Ribeirão Branco - SP;3543006;SP;DCA-Anexo I-C;Padrão;Receitas Brutas Realizadas;RO1.9.2.3.99.0.0;1.9.2.3.99.0.0 - Outros Ressarcimentos;46247,03;18494
2024;Prefeitura Municipal de Ribeirão Branco - SP;3543006;SP;DCA-Anexo I-C;Padrão;Receitas Brutas Realizadas;RO1.9.9.0.00.0.0;1.9.9.0.00.0.0 - Demais Receitas Correntes;74640,64;18494
2024;Prefeitura Municipal de Ribeirão Branco - SP;3543006;SP;DCA-Anexo I-C;Padrão;Receitas Brutas Realizadas;RO1.9.9.9.00.0.0;1.9.9.9.00.0.0 - Outras Receitas Correntes;74640,64;18494
2024;Prefeitura Municipal de Ribeirão Branco - SP;3543006;SP;DCA-Anexo I-C;Padrão;Receitas Brutas Realizadas;RO1.9.9.9.99.0.0;1.9.9.9.99.0.0 - Outras Receitas;74640,64;18494
2024;Prefeitura Municipal de Ribeirão Branco - SP;3543006;SP;DCA-Anexo I-C;Padrão;Receitas Brutas Realizadas;RO1.9.9.9.99.3.0;1.9.9.9.99.3.0 - Outras Receitas Não Arrecadadas e Não Projetadas pela RFB - Financeiras;74640,64;18494
2024;Prefeitura Municipal de Ribeirão Branco - SP;3543006;SP;DCA-Anexo I-C;Padrão;Receitas Brutas Realizadas;RO2.0.0.0.00.0.0;2.0.0.0.00.0.0 - Receitas de Capital;3447359,59;18494
2024;Prefeitura Municipal de Ribeirão Branco - SP;3543006;SP;DCA-Anexo I-C;Padrão;Receitas Brutas Realizadas;RO2.1.0.0.00.0.0;2.1.0.0.00.0.0 - Operações de Crédito;257070,88;18494
2024;Prefeitura Municipal de Ribeirão Branco - SP;3543006;SP;DCA-Anexo I-C;Padrão;Receitas Brutas Realizadas;RO2.1.1.0.00.0.0;2.1.1.0.00.0.0 - Operações de Crédito - Mercado Interno;257070,88;18494
2024;Prefeitura Municipal de Ribeirão Branco - SP;3543006;SP;DCA-Anexo I-C;Padrão;Receitas Brutas Realizadas;RO2.1.1.2.00.0.0;2.1.1.2.00.0.0 - Operações de Crédito Contratuais - Mercado Interno;257070,88;18494
2024;Prefeitura Municipal de Ribeirão Branco - SP;3543006;SP;DCA-Anexo I-C;Padrão;Receitas Brutas Realizadas;RO2.1.1.2.01.0.0;2.1.1.2.01.0.0 - Operações de Crédito Contratuais - Mercado Interno;257070,88;18494
2024;Prefeitura Municipal de Ribeirão Branco - SP;3543006;SP;DCA-Anexo I-C;Padrão;Receitas Brutas Realizadas;RO2.4.0.0.00.0.0;2.4.0.0.00.0.0 - Transferências de Capital;3190288,71;18494
2024;Prefeitura Municipal de Ribeirão Branco - SP;3543006;SP;DCA-Anexo I-C;Padrão;Receitas Brutas Realizadas;RO2.4.1.0.00.0.0;2.4.1.0.00.0.0 - Transferências da União e de suas Entidades;2491632,35;18494
2024;Prefeitura Municipal de Ribeirão Branco - SP;3543006;SP;DCA-Anexo I-C;Padrão;Receitas Brutas Realizadas;RO2.4.1.1.00.0.0;2.4.1.1.00.0.0 - Transferências de Recursos do Sistema Único de Saúde - SUS;132353,00;18494
2024;Prefeitura Municipal de Ribeirão Branco - SP;3543006;SP;DCA-Anexo I-C;Padrão;Receitas Brutas Realizadas;RO2.4.1.1.51.0.0;2.4.1.1.51.0.0 - Transferências de Recursos do Sistema Único de Saúde ¿ SUS - Fundo a Fundo - Bloco de Estruturação da Rede de Serviços Públicos de Saúde;132353,00;18494
2024;Prefeitura Municipal de Ribeirão Branco - SP;3543006;SP;DCA-Anexo I-C;Padrão;Receitas Brutas Realizadas;RO2.4.1.1.51.1.0;2.4.1.1.51.1.0 - Transferências de Recursos do Bloco de Estruturação da Rede de Serviços Públicos de Saúde - Atenção Primária;132353,00;18494
2024;Prefeitura Municipal de Ribeirão Branco - SP;3543006;SP;DCA-Anexo I-C;Padrão;Receitas Brutas Realizadas;RO2.4.1.2.00.0.0;2.4.1.2.00.0.0 - Transferências de Recursos do Fundo Nacional do Desenvolvimento da Educação ¿ FNDE ;581567,35;18494
2024;Prefeitura Municipal de Ribeirão Branco - SP;3543006;SP;DCA-Anexo I-C;Padrão;Receitas Brutas Realizadas;RO2.4.1.2.50.0.0;2.4.1.2.50.0.0 - Transferências de Recursos Destinados a Programas de Educação;581567,35;18494
2024;Prefeitura Municipal de Ribeirão Branco - SP;3543006;SP;DCA-Anexo I-C;Padrão;Receitas Brutas Realizadas;RO2.4.1.2.50.1.0;2.4.1.2.50.1.0 - Transferências para o Programa de Apoio ao Transporte Escolar para Educação Básica - CAMINHO DA ESCOLA;581567,35;18494
2024;Prefeitura Municipal de Ribeirão Branco - SP;3543006;SP;DCA-Anexo I-C;Padrão;Receitas Brutas Realizadas;RO2.4.1.4.00.0.0;2.4.1.4.00.0.0 - Transferências de Convênios da União e de suas Entidades ;1777712,00;18494
2024;Prefeitura Municipal de Ribeirão Branco - SP;3543006;SP;DCA-Anexo I-C;Padrão;Receitas Brutas Realizadas;RO2.4.1.4.99.0.0;2.4.1.4.99.0.0 - Outras Transferências de Convênios da União e de Suas Entidades;1777712,00;18494
2024;Prefeitura Municipal de Ribeirão Branco - SP;3543006;SP;DCA-Anexo I-C;Padrão;Receitas Brutas Realizadas;RO2.4.2.0.00.0.0;2.4.2.0.00.0.0 - Transferências dos Estados e do Distrito Federal e de suas Entidades;698656,36;18494
2024;Prefeitura Municipal de Ribeirão Branco - SP;3543006;SP;DCA-Anexo I-C;Padrão;Receitas Brutas Realizadas;RO2.4.2.2.00.0.0;2.4.2.2.00.0.0 - Transferências de Convênios dos Estados e DF e de Suas Entidades ;698656,36;18494
2024;Prefeitura Municipal de Ribeirão Branco - SP;3543006;SP;DCA-Anexo I-C;Padrão;Receitas Brutas Realizadas;RO2.4.2.2.50.0.0;2.4.2.2.50.0.0 - Transferências de Convênios dos Estados para o Sistema Único de Saúde ¿ SUS;300000,00;18494
2024;Prefeitura Municipal de Ribeirão Branco - SP;3543006;SP;DCA-Anexo I-C;Padrão;Receitas Brutas Realizadas;RO2.4.2.2.99.0.0;2.4.2.2.99.0.0 - Outras Transferências de Convênios dos Estados e DF e de Suas Entidades;398656,36;18494
2024;Prefeitura Municipal de Ribeirão Branco - SP;3543006;SP;DCA-Anexo I-C;Padrão;Receitas Brutas Realizadas;TotalReceitas;TOTAL DAS RECEITAS (III) = (I + II);107114105,03;18494
2024;Prefeitura Municipal de Ribeirão Branco - SP;3543006;SP;DCA-Anexo I-C;Padrão;Deduções - FUNDEB;TotalReceitas;TOTAL DAS RECEITAS (III) = (I + II);10394913,34;18494
