exercicio;instituicao;cod_ibge;uf;anexo;rotulo;coluna;cod_conta;conta;valor;populacao
2014;Prefeitura Municipal de Corumbá - MS;5003207;MS;DCA-Anexo I-C;NA;Receitas Brutas Realizadas;TotalReceitas;Total Receitas;442176664,18;108010
2014;Prefeitura Municipal de Corumbá - MS;5003207;MS;DCA-Anexo I-C;NA;Deduções - FUNDEB;TotalReceitas;Total Receitas;37616869,45;108010
2014;Prefeitura Municipal de Corumbá - MS;5003207;MS;DCA-Anexo I-C;NA;Outras Deduções da Receita;TotalReceitas;Total Receitas;9240340,15;108010
2014;Prefeitura Municipal de Corumbá - MS;5003207;MS;DCA-Anexo I-C;NA;Receitas Brutas Realizadas;RO1.0.0.0.00.00.00;1.0.0.0.00.00.00 - Receitas Correntes;420152549,41;108010
2014;Prefeitura Municipal de Corumbá - MS;5003207;MS;DCA-Anexo I-C;NA;Deduções - FUNDEB;RO1.0.0.0.00.00.00;1.0.0.0.00.00.00 - Receitas Correntes;37616869,45;108010
2014;Prefeitura Municipal de Corumbá - MS;5003207;MS;DCA-Anexo I-C;NA;Outras Deduções da Receita;RO1.0.0.0.00.00.00;1.0.0.0.00.00.00 - Receitas Correntes;9240340,15;108010
2014;Prefeitura Municipal de Corumbá - MS;5003207;MS;DCA-Anexo I-C;NA;Receitas Brutas Realizadas;RO1.1.0.0.00.00.00;1.1.0.0.00.00.00 - Receita Tributária;57183743,03;108010
2014;Prefeitura Municipal de Corumbá - MS;5003207;MS;DCA-Anexo I-C;NA;Receitas Brutas Realizadas;RO1.1.1.0.00.00.00;1.1.1.0.00.00.00 - Impostos;52956546,94;108010
2014;Prefeitura Municipal de Corumbá - MS;5003207;MS;DCA-Anexo I-C;NA;Receitas Brutas Realizadas;RO1.1.1.2.00.00.00;1.1.1.2.00.00.00 - Impostos sobre o Patrimônio e a Renda;28294946,04;108010
2014;Prefeitura Municipal de Corumbá - MS;5003207;MS;DCA-Anexo I-C;NA;Receitas Brutas Realizadas;RO1.1.1.2.02.00.00;1.1.1.2.02.00.00 - Imposto sobre a Propriedade Predial e Territorial Urbana ¿ IPTU;5643599,50;108010
2014;Prefeitura Municipal de Corumbá - MS;5003207;MS;DCA-Anexo I-C;NA;Receitas Brutas Realizadas;RO1.1.1.2.04.00.00;1.1.1.2.04.00.00 - Imposto sobre a Renda e Proventos de Qualquer Natureza ¿ IR;14684752,09;108010
2014;Prefeitura Municipal de Corumbá - MS;5003207;MS;DCA-Anexo I-C;NA;Receitas Brutas Realizadas;RO1.1.1.2.04.31.00;1.1.1.2.04.31.00 - Retido nas Fontes - Trabalho;14137292,29;108010
2014;Prefeitura Municipal de Corumbá - MS;5003207;MS;DCA-Anexo I-C;NA;Receitas Brutas Realizadas;RO1.1.1.2.04.34.00;1.1.1.2.04.34.00 - Retido nas Fontes - Outros Rendimentos;547459,80;108010
2014;Prefeitura Municipal de Corumbá - MS;5003207;MS;DCA-Anexo I-C;NA;Receitas Brutas Realizadas;RO1.1.1.2.08.00.00;"1.1.1.2.08.00.00 - Imposto sobre Transmissão ""Inter Vivos"" de Bens Imóveis e de Direitos Reais sobre Imóveis ¿ ITBI";7966594,45;108010
2014;Prefeitura Municipal de Corumbá - MS;5003207;MS;DCA-Anexo I-C;NA;Receitas Brutas Realizadas;RO1.1.1.3.00.00.00;1.1.1.3.00.00.00 - Impostos sobre a Produção e a Circulação;24661600,90;108010
2014;Prefeitura Municipal de Corumbá - MS;5003207;MS;DCA-Anexo I-C;NA;Receitas Brutas Realizadas;RO1.1.1.3.05.00.00;1.1.1.3.05.00.00 - Imposto sobre Serviços de Qualquer Natureza ¿ ISSQN;24661600,90;108010
2014;Prefeitura Municipal de Corumbá - MS;5003207;MS;DCA-Anexo I-C;NA;Receitas Brutas Realizadas;RO1.1.2.0.00.00.00;1.1.2.0.00.00.00 - Taxas;4225757,51;108010
2014;Prefeitura Municipal de Corumbá - MS;5003207;MS;DCA-Anexo I-C;NA;Receitas Brutas Realizadas;RO1.1.2.1.00.00.00;1.1.2.1.00.00.00 - Taxas pelo Exercício do Poder de Polícia;1327254,23;108010
2014;Prefeitura Municipal de Corumbá - MS;5003207;MS;DCA-Anexo I-C;NA;Receitas Brutas Realizadas;RO1.1.2.2.00.00.00;1.1.2.2.00.00.00 - Taxas pela Prestação de Serviços;2898503,28;108010
2014;Prefeitura Municipal de Corumbá - MS;5003207;MS;DCA-Anexo I-C;NA;Receitas Brutas Realizadas;RO1.1.3.0.00.00.00;1.1.3.0.00.00.00 - Contribuição de Melhoria;1438,58;108010
2014;Prefeitura Municipal de Corumbá - MS;5003207;MS;DCA-Anexo I-C;NA;Receitas Brutas Realizadas;RO1.2.0.0.00.00.00;1.2.0.0.00.00.00 - Receitas de Contribuições;15888617,14;108010
2014;Prefeitura Municipal de Corumbá - MS;5003207;MS;DCA-Anexo I-C;NA;Receitas Brutas Realizadas;RO1.2.1.0.00.00.00;1.2.1.0.00.00.00 - Contribuições Sociais;12223443,64;108010
2014;Prefeitura Municipal de Corumbá - MS;5003207;MS;DCA-Anexo I-C;NA;Receitas Brutas Realizadas;RO1.2.1.0.29.00.00;1.2.1.0.29.00.00 - Contribuições para o Regime Próprio de Previdência do Servidor Público;9487454,89;108010
2014;Prefeitura Municipal de Corumbá - MS;5003207;MS;DCA-Anexo I-C;NA;Receitas Brutas Realizadas;RO1.2.1.0.29.07.00;1.2.1.0.29.07.00 - Contribuição do Servidor Ativo Civil para o Regime Próprio;9292874,52;108010
2014;Prefeitura Municipal de Corumbá - MS;5003207;MS;DCA-Anexo I-C;NA;Receitas Brutas Realizadas;RO1.2.1.0.29.09.00;1.2.1.0.29.09.00 - Contribuições do Servidor Inativo Civil para o Regime Próprio;194580,37;108010
2014;Prefeitura Municipal de Corumbá - MS;5003207;MS;DCA-Anexo I-C;NA;Receitas Brutas Realizadas;RO1.2.1.0.99.00.00;1.2.1.0.99.00.00 - Outras Contribuições Sociais;2735988,75;108010
2014;Prefeitura Municipal de Corumbá - MS;5003207;MS;DCA-Anexo I-C;NA;Receitas Brutas Realizadas;RO1.2.3.0.00.00.00;1.2.3.0.00.00.00 - Contribuição para Custeio do Serviço de Iluminação Pública;3665173,50;108010
2014;Prefeitura Municipal de Corumbá - MS;5003207;MS;DCA-Anexo I-C;NA;Receitas Brutas Realizadas;RO1.3.0.0.00.00.00;1.3.0.0.00.00.00 - Receita Patrimonial;28620930,87;108010
2014;Prefeitura Municipal de Corumbá - MS;5003207;MS;DCA-Anexo I-C;NA;Outras Deduções da Receita;RO1.3.0.0.00.00.00;1.3.0.0.00.00.00 - Receita Patrimonial;9240340,15;108010
2014;Prefeitura Municipal de Corumbá - MS;5003207;MS;DCA-Anexo I-C;NA;Receitas Brutas Realizadas;RO1.3.1.0.00.00.00;1.3.1.0.00.00.00 - Receitas Imobiliárias;183883,36;108010
2014;Prefeitura Municipal de Corumbá - MS;5003207;MS;DCA-Anexo I-C;NA;Receitas Brutas Realizadas;RO1.3.1.1.00.00.00;1.3.1.1.00.00.00 - Aluguéis;6599,38;108010
2014;Prefeitura Municipal de Corumbá - MS;5003207;MS;DCA-Anexo I-C;NA;Receitas Brutas Realizadas;RO1.3.1.4.00.00.00;1.3.1.4.00.00.00 - Laudêmios;177283,98;108010
2014;Prefeitura Municipal de Corumbá - MS;5003207;MS;DCA-Anexo I-C;NA;Receitas Brutas Realizadas;RO1.3.2.0.00.00.00;1.3.2.0.00.00.00 - Receitas de Valores Mobiliários;26274579,82;108010
2014;Prefeitura Municipal de Corumbá - MS;5003207;MS;DCA-Anexo I-C;NA;Outras Deduções da Receita;RO1.3.2.0.00.00.00;1.3.2.0.00.00.00 - Receitas de Valores Mobiliários;9240340,15;108010
2014;Prefeitura Municipal de Corumbá - MS;5003207;MS;DCA-Anexo I-C;NA;Receitas Brutas Realizadas;RO1.3.2.2.00.00.00;1.3.2.2.00.00.00 - Dividendos;50526,56;108010
2014;Prefeitura Municipal de Corumbá - MS;5003207;MS;DCA-Anexo I-C;NA;Receitas Brutas Realizadas;RO1.3.2.5.00.00.00;1.3.2.5.00.00.00 - Remuneração de Depósitos Bancários;4563256,41;108010
2014;Prefeitura Municipal de Corumbá - MS;5003207;MS;DCA-Anexo I-C;NA;Receitas Brutas Realizadas;RO1.3.2.8.00.00.00;1.3.2.8.00.00.00 - Remuneração dos Investimentos do Regime Próprio de Previdência do Servidor;21660796,85;108010
2014;Prefeitura Municipal de Corumbá - MS;5003207;MS;DCA-Anexo I-C;NA;Outras Deduções da Receita;RO1.3.2.8.00.00.00;1.3.2.8.00.00.00 - Remuneração dos Investimentos do Regime Próprio de Previdência do Servidor;9240340,15;108010
2014;Prefeitura Municipal de Corumbá - MS;5003207;MS;DCA-Anexo I-C;NA;Receitas Brutas Realizadas;RO1.3.3.0.00.00.00;1.3.3.0.00.00.00 - Receitas de Concessões e Permissões;212316,49;108010
2014;Prefeitura Municipal de Corumbá - MS;5003207;MS;DCA-Anexo I-C;NA;Receitas Brutas Realizadas;RO1.3.6.0.00.00.00;1.3.6.0.00.00.00 - Receita da Cessão de Direitos;1950151,20;108010
2014;Prefeitura Municipal de Corumbá - MS;5003207;MS;DCA-Anexo I-C;NA;Receitas Brutas Realizadas;RO1.6.0.0.00.00.00;1.6.0.0.00.00.00 - Receita de Serviços;113800,00;108010
2014;Prefeitura Municipal de Corumbá - MS;5003207;MS;DCA-Anexo I-C;NA;Receitas Brutas Realizadas;RO1.6.0.0.13.00.00;1.6.0.0.13.00.00 - Serviços Administrativos;113800,00;108010
2014;Prefeitura Municipal de Corumbá - MS;5003207;MS;DCA-Anexo I-C;NA;Receitas Brutas Realizadas;RO1.7.0.0.00.00.00;1.7.0.0.00.00.00 - Transferências Correntes;308148771,26;108010
2014;Prefeitura Municipal de Corumbá - MS;5003207;MS;DCA-Anexo I-C;NA;Deduções - FUNDEB;RO1.7.0.0.00.00.00;1.7.0.0.00.00.00 - Transferências Correntes;37616869,45;108010
2014;Prefeitura Municipal de Corumbá - MS;5003207;MS;DCA-Anexo I-C;NA;Receitas Brutas Realizadas;RO1.7.2.0.00.00.00;1.7.2.0.00.00.00 - Transferências Intergovernamentais;305094985,85;108010
2014;Prefeitura Municipal de Corumbá - MS;5003207;MS;DCA-Anexo I-C;NA;Deduções - FUNDEB;RO1.7.2.0.00.00.00;1.7.2.0.00.00.00 - Transferências Intergovernamentais;37616869,45;108010
2014;Prefeitura Municipal de Corumbá - MS;5003207;MS;DCA-Anexo I-C;NA;Receitas Brutas Realizadas;RO1.7.2.1.00.00.00;1.7.2.1.00.00.00 - Transferências da União;91763008,21;108010
2014;Prefeitura Municipal de Corumbá - MS;5003207;MS;DCA-Anexo I-C;NA;Deduções - FUNDEB;RO1.7.2.1.00.00.00;1.7.2.1.00.00.00 - Transferências da União;8353594,47;108010
2014;Prefeitura Municipal de Corumbá - MS;5003207;MS;DCA-Anexo I-C;NA;Receitas Brutas Realizadas;RO1.7.2.1.01.00.00;1.7.2.1.01.00.00 - Participação na Receita da União;42867086,94;108010
2014;Prefeitura Municipal de Corumbá - MS;5003207;MS;DCA-Anexo I-C;NA;Deduções - FUNDEB;RO1.7.2.1.01.00.00;1.7.2.1.01.00.00 - Participação na Receita da União;8253788,79;108010
2014;Prefeitura Municipal de Corumbá - MS;5003207;MS;DCA-Anexo I-C;NA;Receitas Brutas Realizadas;RO1.7.2.1.01.02.00;1.7.2.1.01.02.00 - Cota-Parte do Fundo de Participação dos Municípios ¿ FPM;37497297,02;108010
2014;Prefeitura Municipal de Corumbá - MS;5003207;MS;DCA-Anexo I-C;NA;Deduções - FUNDEB;RO1.7.2.1.01.02.00;1.7.2.1.01.02.00 - Cota-Parte do Fundo de Participação dos Municípios ¿ FPM;7180140,85;108010
2014;Prefeitura Municipal de Corumbá - MS;5003207;MS;DCA-Anexo I-C;NA;Receitas Brutas Realizadas;RO1.7.2.1.01.05.00;1.7.2.1.01.05.00 - Cota-Parte do Imposto Sobre a Propriedade Territorial Rural ¿ ITR;5369789,92;108010
2014;Prefeitura Municipal de Corumbá - MS;5003207;MS;DCA-Anexo I-C;NA;Deduções - FUNDEB;RO1.7.2.1.01.05.00;1.7.2.1.01.05.00 - Cota-Parte do Imposto Sobre a Propriedade Territorial Rural ¿ ITR;1073647,94;108010
2014;Prefeitura Municipal de Corumbá - MS;5003207;MS;DCA-Anexo I-C;NA;Receitas Brutas Realizadas;RO1.7.2.1.22.00.00;1.7.2.1.22.00.00 - Transferências da Compensação Financeira pela Exploração de Recursos Naturais;9214973,43;108010
2014;Prefeitura Municipal de Corumbá - MS;5003207;MS;DCA-Anexo I-C;NA;Receitas Brutas Realizadas;RO1.7.2.1.22.20.00;1.7.2.1.22.20.00 - Cota-Parte da Compensação Financeira de Recursos Minerais - CFEM;8655203,08;108010
2014;Prefeitura Municipal de Corumbá - MS;5003207;MS;DCA-Anexo I-C;NA;Receitas Brutas Realizadas;RO1.7.2.1.22.70.00;1.7.2.1.22.70.00 - Cota-Parte do Fundo Especial do Petróleo ¿ FEP;559770,35;108010
2014;Prefeitura Municipal de Corumbá - MS;5003207;MS;DCA-Anexo I-C;NA;Receitas Brutas Realizadas;RO1.7.2.1.33.00.00;1.7.2.1.33.00.00 - Transferências de Recursos do Sistema Único de Saúde - SUS - Repasses Fundo a Fundo;32018172,64;108010
2014;Prefeitura Municipal de Corumbá - MS;5003207;MS;DCA-Anexo I-C;NA;Receitas Brutas Realizadas;RO1.7.2.1.35.00.00;1.7.2.1.35.00.00 - Transferências de Recursos do Fundo Nacional do Desenvolvimento da Educação ¿ FNDE;5295232,86;108010
2014;Prefeitura Municipal de Corumbá - MS;5003207;MS;DCA-Anexo I-C;NA;Receitas Brutas Realizadas;RO1.7.2.1.36.00.00;1.7.2.1.36.00.00 - Transferências Financeiras do ICMS ¿ Desoneração ¿ L.C. Nº 87/96;499028,52;108010
2014;Prefeitura Municipal de Corumbá - MS;5003207;MS;DCA-Anexo I-C;NA;Deduções - FUNDEB;RO1.7.2.1.36.00.00;1.7.2.1.36.00.00 - Transferências Financeiras do ICMS ¿ Desoneração ¿ L.C. Nº 87/96;99805,68;108010
2014;Prefeitura Municipal de Corumbá - MS;5003207;MS;DCA-Anexo I-C;NA;Receitas Brutas Realizadas;RO1.7.2.1.99.00.00;1.7.2.1.99.00.00 - Outras Transferências da União;1868513,82;108010
2014;Prefeitura Municipal de Corumbá - MS;5003207;MS;DCA-Anexo I-C;NA;Receitas Brutas Realizadas;RO1.7.2.2.00.00.00;1.7.2.2.00.00.00 - Transferências dos Estados;163045491,67;108010
2014;Prefeitura Municipal de Corumbá - MS;5003207;MS;DCA-Anexo I-C;NA;Deduções - FUNDEB;RO1.7.2.2.00.00.00;1.7.2.2.00.00.00 - Transferências dos Estados;29263274,98;108010
2014;Prefeitura Municipal de Corumbá - MS;5003207;MS;DCA-Anexo I-C;NA;Receitas Brutas Realizadas;RO1.7.2.2.01.00.00;1.7.2.2.01.00.00 - Participação na Receita dos Estados;146341831,61;108010
2014;Prefeitura Municipal de Corumbá - MS;5003207;MS;DCA-Anexo I-C;NA;Deduções - FUNDEB;RO1.7.2.2.01.00.00;1.7.2.2.01.00.00 - Participação na Receita dos Estados;29263274,98;108010
2014;Prefeitura Municipal de Corumbá - MS;5003207;MS;DCA-Anexo I-C;NA;Receitas Brutas Realizadas;RO1.7.2.2.01.01.00;1.7.2.2.01.01.00 - Cota-Parte do ICMS;140357652,83;108010
2014;Prefeitura Municipal de Corumbá - MS;5003207;MS;DCA-Anexo I-C;NA;Deduções - FUNDEB;RO1.7.2.2.01.01.00;1.7.2.2.01.01.00 - Cota-Parte do ICMS;28071530,26;108010
2014;Prefeitura Municipal de Corumbá - MS;5003207;MS;DCA-Anexo I-C;NA;Receitas Brutas Realizadas;RO1.7.2.2.01.02.00;1.7.2.2.01.02.00 - Cota-Parte do IPVA;4135228,35;108010
2014;Prefeitura Municipal de Corumbá - MS;5003207;MS;DCA-Anexo I-C;NA;Deduções - FUNDEB;RO1.7.2.2.01.02.00;1.7.2.2.01.02.00 - Cota-Parte do IPVA;827325,82;108010
2014;Prefeitura Municipal de Corumbá - MS;5003207;MS;DCA-Anexo I-C;NA;Receitas Brutas Realizadas;RO1.7.2.2.01.04.00;1.7.2.2.01.04.00 - Cota-Parte do IPI sobre Exportação;1822094,50;108010
2014;Prefeitura Municipal de Corumbá - MS;5003207;MS;DCA-Anexo I-C;NA;Deduções - FUNDEB;RO1.7.2.2.01.04.00;1.7.2.2.01.04.00 - Cota-Parte do IPI sobre Exportação;364418,90;108010
2014;Prefeitura Municipal de Corumbá - MS;5003207;MS;DCA-Anexo I-C;NA;Receitas Brutas Realizadas;RO1.7.2.2.01.13.00;1.7.2.2.01.13.00 - Cota-Parte da Contribuição de Intervenção no Domínio Econômico;26855,93;108010
2014;Prefeitura Municipal de Corumbá - MS;5003207;MS;DCA-Anexo I-C;NA;Receitas Brutas Realizadas;RO1.7.2.2.33.00.00;1.7.2.2.33.00.00 - Transferências de Recursos do Estado para Programas de Saúde - Repasse Fundo a Fundo;8818036,50;108010
2014;Prefeitura Municipal de Corumbá - MS;5003207;MS;DCA-Anexo I-C;NA;Receitas Brutas Realizadas;RO1.7.2.2.99.00.00;1.7.2.2.99.00.00 - Outras Transferências dos Estados;7885623,56;108010
2014;Prefeitura Municipal de Corumbá - MS;5003207;MS;DCA-Anexo I-C;NA;Receitas Brutas Realizadas;RO1.7.2.4.00.00.00;1.7.2.4.00.00.00 - Transferências Multigovernamentais;50286485,97;108010
2014;Prefeitura Municipal de Corumbá - MS;5003207;MS;DCA-Anexo I-C;NA;Receitas Brutas Realizadas;RO1.7.2.4.01.00.00;1.7.2.4.01.00.00 - Transferências de Recursos do Fundo de Manutenção e Desenvolvimento do Ensino Fundamental e de Valorização do Magistério - FUNDEB;50286485,97;108010
2014;Prefeitura Municipal de Corumbá - MS;5003207;MS;DCA-Anexo I-C;NA;Receitas Brutas Realizadas;RO1.7.3.0.00.00.00;1.7.3.0.00.00.00 - Transferências de Instituições Privadas;200721,60;108010
2014;Prefeitura Municipal de Corumbá - MS;5003207;MS;DCA-Anexo I-C;NA;Receitas Brutas Realizadas;RO1.7.5.0.00.00.00;1.7.5.0.00.00.00 - Transferências de Pessoas;2724,97;108010
2014;Prefeitura Municipal de Corumbá - MS;5003207;MS;DCA-Anexo I-C;NA;Receitas Brutas Realizadas;RO1.7.6.0.00.00.00;1.7.6.0.00.00.00 - Transferências de Convênios;2850338,84;108010
2014;Prefeitura Municipal de Corumbá - MS;5003207;MS;DCA-Anexo I-C;NA;Receitas Brutas Realizadas;RO1.7.6.1.00.00.00;1.7.6.1.00.00.00 - Transferências de Convênios da União e de Suas Entidades;2529858,84;108010
2014;Prefeitura Municipal de Corumbá - MS;5003207;MS;DCA-Anexo I-C;NA;Receitas Brutas Realizadas;RO1.7.6.1.03.00.00;1.7.6.1.03.00.00 - Transferências de Convênios da União Destinadas a Programas de Assistência Social;1917068,60;108010
2014;Prefeitura Municipal de Corumbá - MS;5003207;MS;DCA-Anexo I-C;NA;Receitas Brutas Realizadas;RO1.7.6.1.04.00.00;1.7.6.1.04.00.00 - Transferências de Convênios da União Destinadas aos Programas de Combate à Fome;277719,75;108010
2014;Prefeitura Municipal de Corumbá - MS;5003207;MS;DCA-Anexo I-C;NA;Receitas Brutas Realizadas;RO1.7.6.1.99.00.00;1.7.6.1.99.00.00 - Outras Transferências de Convênios da União;335070,49;108010
2014;Prefeitura Municipal de Corumbá - MS;5003207;MS;DCA-Anexo I-C;NA;Receitas Brutas Realizadas;RO1.7.6.2.00.00.00;1.7.6.2.00.00.00 - Transferências de Convênios dos Estados e do Distrito Federal e de Suas Entidades;320480,00;108010
2014;Prefeitura Municipal de Corumbá - MS;5003207;MS;DCA-Anexo I-C;NA;Receitas Brutas Realizadas;RO1.7.6.2.02.00.00;1.7.6.2.02.00.00 - Transferências de Convênios dos Estados Destinadas a Programas de Educação;320480,00;108010
2014;Prefeitura Municipal de Corumbá - MS;5003207;MS;DCA-Anexo I-C;NA;Receitas Brutas Realizadas;RO1.9.0.0.00.00.00;1.9.0.0.00.00.00 - Outras Receitas Correntes;10196687,11;108010
2014;Prefeitura Municipal de Corumbá - MS;5003207;MS;DCA-Anexo I-C;NA;Receitas Brutas Realizadas;RO1.9.1.0.00.00.00;1.9.1.0.00.00.00 - Multas e Juros de Mora;2129184,91;108010
2014;Prefeitura Municipal de Corumbá - MS;5003207;MS;DCA-Anexo I-C;NA;Receitas Brutas Realizadas;RO1.9.1.2.00.00.00;1.9.1.2.00.00.00 - Multas e Juros de Mora das Contribuições;482090,55;108010
2014;Prefeitura Municipal de Corumbá - MS;5003207;MS;DCA-Anexo I-C;NA;Receitas Brutas Realizadas;RO1.9.1.3.00.00.00;1.9.1.3.00.00.00 - Multas e Juros de Mora da Dívida Ativa dos Tributos;1058232,84;108010
2014;Prefeitura Municipal de Corumbá - MS;5003207;MS;DCA-Anexo I-C;NA;Receitas Brutas Realizadas;RO1.9.1.5.00.00.00;1.9.1.5.00.00.00 - Multas e Juros de Mora da Dívida Ativa de Outras Receitas;7774,17;108010
2014;Prefeitura Municipal de Corumbá - MS;5003207;MS;DCA-Anexo I-C;NA;Receitas Brutas Realizadas;RO1.9.1.8.00.00.00;1.9.1.8.00.00.00 - Multas e Juros de Mora de Outras Receitas;2932,96;108010
2014;Prefeitura Municipal de Corumbá - MS;5003207;MS;DCA-Anexo I-C;NA;Receitas Brutas Realizadas;RO1.9.1.9.00.00.00;1.9.1.9.00.00.00 - Multas de Outras Origens;578154,39;108010
2014;Prefeitura Municipal de Corumbá - MS;5003207;MS;DCA-Anexo I-C;NA;Receitas Brutas Realizadas;RO1.9.2.0.00.00.00;1.9.2.0.00.00.00 - Indenizações e Restituições;1572916,84;108010
2014;Prefeitura Municipal de Corumbá - MS;5003207;MS;DCA-Anexo I-C;NA;Receitas Brutas Realizadas;RO1.9.2.2.00.00.00;1.9.2.2.00.00.00 - Restituições;1572916,84;108010
2014;Prefeitura Municipal de Corumbá - MS;5003207;MS;DCA-Anexo I-C;NA;Receitas Brutas Realizadas;RO1.9.2.2.10.00.00;1.9.2.2.10.00.00 - Compensações Financeiras entre o Regime Geral e os Regimes Próprios de Previdência dos Servidores;1156152,40;108010
2014;Prefeitura Municipal de Corumbá - MS;5003207;MS;DCA-Anexo I-C;NA;Receitas Brutas Realizadas;RO1.9.2.2.99.00.00;1.9.2.2.99.00.00 - Outras Restituições;416764,44;108010
2014;Prefeitura Municipal de Corumbá - MS;5003207;MS;DCA-Anexo I-C;NA;Receitas Brutas Realizadas;RO1.9.3.0.00.00.00;1.9.3.0.00.00.00 - Receita da Dívida Ativa;5668874,92;108010
2014;Prefeitura Municipal de Corumbá - MS;5003207;MS;DCA-Anexo I-C;NA;Receitas Brutas Realizadas;RO1.9.3.1.00.00.00;1.9.3.1.00.00.00 - Receita da Dívida Ativa Tributária;5594869,83;108010
2014;Prefeitura Municipal de Corumbá - MS;5003207;MS;DCA-Anexo I-C;NA;Receitas Brutas Realizadas;RO1.9.3.2.00.00.00;1.9.3.2.00.00.00 - Receita da Dívida Ativa Não Tributária;74005,09;108010
2014;Prefeitura Municipal de Corumbá - MS;5003207;MS;DCA-Anexo I-C;NA;Receitas Brutas Realizadas;RO1.9.9.0.00.00.00;1.9.9.0.00.00.00 - Receitas Diversas;825710,44;108010
2014;Prefeitura Municipal de Corumbá - MS;5003207;MS;DCA-Anexo I-C;NA;Receitas Brutas Realizadas;RO2.0.0.0.00.00.00;2.0.0.0.00.00.00 - Receitas de Capital;5034979,30;108010
2014;Prefeitura Municipal de Corumbá - MS;5003207;MS;DCA-Anexo I-C;NA;Receitas Brutas Realizadas;RO2.2.0.0.00.00.00;2.2.0.0.00.00.00 - Alienação de Bens;110800,00;108010
2014;Prefeitura Municipal de Corumbá - MS;5003207;MS;DCA-Anexo I-C;NA;Receitas Brutas Realizadas;RO2.2.1.0.00.00.00;2.2.1.0.00.00.00 - Alienação de Bens Móveis;110800,00;108010
2014;Prefeitura Municipal de Corumbá - MS;5003207;MS;DCA-Anexo I-C;NA;Receitas Brutas Realizadas;RO2.4.0.0.00.00.00;2.4.0.0.00.00.00 - Transferências de Capital;4924179,30;108010
2014;Prefeitura Municipal de Corumbá - MS;5003207;MS;DCA-Anexo I-C;NA;Receitas Brutas Realizadas;RO2.4.2.0.00.00.00;2.4.2.0.00.00.00 - Transferências Intergovernamentais;2438483,60;108010
2014;Prefeitura Municipal de Corumbá - MS;5003207;MS;DCA-Anexo I-C;NA;Receitas Brutas Realizadas;RO2.4.2.1.00.00.00;2.4.2.1.00.00.00 - Transferências da União;2438483,60;108010
2014;Prefeitura Municipal de Corumbá - MS;5003207;MS;DCA-Anexo I-C;NA;Receitas Brutas Realizadas;RO2.4.2.1.01.00.00;2.4.2.1.01.00.00 - Participação na Receita da União;835136,00;108010
2014;Prefeitura Municipal de Corumbá - MS;5003207;MS;DCA-Anexo I-C;NA;Receitas Brutas Realizadas;RO2.4.2.1.99.00.00;2.4.2.1.99.00.00 - Outras Transferências da União;1603347,60;108010
2014;Prefeitura Municipal de Corumbá - MS;5003207;MS;DCA-Anexo I-C;NA;Receitas Brutas Realizadas;RO2.4.7.0.00.00.00;2.4.7.0.00.00.00 - Transferências de Convênios;2485695,70;108010
2014;Prefeitura Municipal de Corumbá - MS;5003207;MS;DCA-Anexo I-C;NA;Receitas Brutas Realizadas;RO2.4.7.1.00.00.00;2.4.7.1.00.00.00 - Transferências de Convênios da União e de suas Entidades;1785695,70;108010
2014;Prefeitura Municipal de Corumbá - MS;5003207;MS;DCA-Anexo I-C;NA;Receitas Brutas Realizadas;RO2.4.7.1.05.00.00;2.4.7.1.05.00.00 - Transferências de Convênios da União Destinadas a Programas de Infraestrutura em Transporte;830318,70;108010
2014;Prefeitura Municipal de Corumbá - MS;5003207;MS;DCA-Anexo I-C;NA;Receitas Brutas Realizadas;RO2.4.7.1.99.00.00;2.4.7.1.99.00.00 - Outras Transferências de Convênios da União;955377,00;108010
2014;Prefeitura Municipal de Corumbá - MS;5003207;MS;DCA-Anexo I-C;NA;Receitas Brutas Realizadas;RO2.4.7.4.00.00.00;2.4.7.4.00.00.00 - Transferências de Convênios de Instituições Privadas;700000,00;108010
2014;Prefeitura Municipal de Corumbá - MS;5003207;MS;DCA-Anexo I-C;NA;Receitas Brutas Realizadas;RI7.0.0.0.00.00.00;7.0.0.0.00.00.00 - Receitas Correntes Intraorçamentárias;16989135,47;108010
2014;Prefeitura Municipal de Corumbá - MS;5003207;MS;DCA-Anexo I-C;NA;Receitas Brutas Realizadas;RI7.2.0.0.00.00.00;7.2.0.0.00.00.00 - Receitas de Contribuições Intraorçamentárias;16989135,47;108010
2014;Prefeitura Municipal de Corumbá - MS;5003207;MS;DCA-Anexo I-C;NA;Receitas Brutas Realizadas;RI7.2.1.0.00.00.00;7.2.1.0.00.00.00 - Contribuições Sociais Intraorçamentárias;16989135,47;108010
2014;Prefeitura Municipal de Corumbá - MS;5003207;MS;DCA-Anexo I-C;NA;Receitas Brutas Realizadas;RI7.2.1.0.29.00.00;7.2.1.0.29.00.00 - Contribuições para o Regime Próprio de Previdência do Servidor Público Intraorçamentárias;16989135,47;108010
2014;Prefeitura Municipal de Corumbá - MS;5003207;MS;DCA-Anexo I-C;NA;Receitas Brutas Realizadas;RI7.2.1.0.29.01.00;7.2.1.0.29.01.00 - Contribuição Patronal de Servidor Ativo Civil para o Regime Próprio Intraorçamentária;11691042,48;108010
2014;Prefeitura Municipal de Corumbá - MS;5003207;MS;DCA-Anexo I-C;NA;Receitas Brutas Realizadas;RI7.2.1.0.29.99.00;7.2.1.0.29.99.00 - Outras Contribuições para o Regime Próprio de Previdência do Servidor Público Intraorçamentárias;5298092,99;108010
2015;Prefeitura Municipal de Corumbá - MS;5003207;MS;DCA-Anexo I-C;NA;Receitas Brutas Realizadas;TotalReceitas;Total Receitas;455843771,72;108010
2015;Prefeitura Municipal de Corumbá - MS;5003207;MS;DCA-Anexo I-C;NA;Deduções - FUNDEB;TotalReceitas;Total Receitas;39452602,11;108010
2015;Prefeitura Municipal de Corumbá - MS;5003207;MS;DCA-Anexo I-C;NA;Outras Deduções da Receita;TotalReceitas;Total Receitas;8289431,68;108010
2015;Prefeitura Municipal de Corumbá - MS;5003207;MS;DCA-Anexo I-C;NA;Receitas Brutas Realizadas;RO1.0.0.0.00.00.00;1.0.0.0.00.00.00 - Receitas Correntes;430931324,64;108010
2015;Prefeitura Municipal de Corumbá - MS;5003207;MS;DCA-Anexo I-C;NA;Deduções - FUNDEB;RO1.0.0.0.00.00.00;1.0.0.0.00.00.00 - Receitas Correntes;39452602,11;108010
2015;Prefeitura Municipal de Corumbá - MS;5003207;MS;DCA-Anexo I-C;NA;Outras Deduções da Receita;RO1.0.0.0.00.00.00;1.0.0.0.00.00.00 - Receitas Correntes;8289431,68;108010
2015;Prefeitura Municipal de Corumbá - MS;5003207;MS;DCA-Anexo I-C;NA;Receitas Brutas Realizadas;RO1.1.0.0.00.00.00;1.1.0.0.00.00.00 - Receita Tributária;55940327,98;108010
2015;Prefeitura Municipal de Corumbá - MS;5003207;MS;DCA-Anexo I-C;NA;Receitas Brutas Realizadas;RO1.1.1.0.00.00.00;1.1.1.0.00.00.00 - Impostos;51672944,20;108010
2015;Prefeitura Municipal de Corumbá - MS;5003207;MS;DCA-Anexo I-C;NA;Receitas Brutas Realizadas;RO1.1.1.2.00.00.00;1.1.1.2.00.00.00 - Impostos sobre o Patrimônio e a Renda;30151621,02;108010
2015;Prefeitura Municipal de Corumbá - MS;5003207;MS;DCA-Anexo I-C;NA;Receitas Brutas Realizadas;RO1.1.1.2.02.00.00;1.1.1.2.02.00.00 - Imposto sobre a Propriedade Predial e Territorial Urbana ¿ IPTU;6353565,38;108010
2015;Prefeitura Municipal de Corumbá - MS;5003207;MS;DCA-Anexo I-C;NA;Receitas Brutas Realizadas;RO1.1.1.2.04.00.00;1.1.1.2.04.00.00 - Imposto sobre a Renda e Proventos de Qualquer Natureza ¿ IR;17345804,09;108010
2015;Prefeitura Municipal de Corumbá - MS;5003207;MS;DCA-Anexo I-C;NA;Receitas Brutas Realizadas;RO1.1.1.2.04.31.00;1.1.1.2.04.31.00 - Retido nas Fontes - Trabalho;16098888,56;108010
2015;Prefeitura Municipal de Corumbá - MS;5003207;MS;DCA-Anexo I-C;NA;Receitas Brutas Realizadas;RO1.1.1.2.04.34.00;1.1.1.2.04.34.00 - Retido nas Fontes - Outros Rendimentos;1246915,53;108010
2015;Prefeitura Municipal de Corumbá - MS;5003207;MS;DCA-Anexo I-C;NA;Receitas Brutas Realizadas;RO1.1.1.2.08.00.00;"1.1.1.2.08.00.00 - Imposto sobre Transmissão ""Inter Vivos"" de Bens Imóveis e de Direitos Reais sobre Imóveis ¿ ITBI";6452251,55;108010
2015;Prefeitura Municipal de Corumbá - MS;5003207;MS;DCA-Anexo I-C;NA;Receitas Brutas Realizadas;RO1.1.1.3.00.00.00;1.1.1.3.00.00.00 - Impostos sobre a Produção e a Circulação;21521323,18;108010
2015;Prefeitura Municipal de Corumbá - MS;5003207;MS;DCA-Anexo I-C;NA;Receitas Brutas Realizadas;RO1.1.1.3.05.00.00;1.1.1.3.05.00.00 - Imposto sobre Serviços de Qualquer Natureza ¿ ISSQN;21521323,18;108010
2015;Prefeitura Municipal de Corumbá - MS;5003207;MS;DCA-Anexo I-C;NA;Receitas Brutas Realizadas;RO1.1.2.0.00.00.00;1.1.2.0.00.00.00 - Taxas;4267383,78;108010
2015;Prefeitura Municipal de Corumbá - MS;5003207;MS;DCA-Anexo I-C;NA;Receitas Brutas Realizadas;RO1.1.2.1.00.00.00;1.1.2.1.00.00.00 - Taxas pelo Exercício do Poder de Polícia;1266768,67;108010
2015;Prefeitura Municipal de Corumbá - MS;5003207;MS;DCA-Anexo I-C;NA;Receitas Brutas Realizadas;RO1.1.2.2.00.00.00;1.1.2.2.00.00.00 - Taxas pela Prestação de Serviços;3000615,11;108010
2015;Prefeitura Municipal de Corumbá - MS;5003207;MS;DCA-Anexo I-C;NA;Receitas Brutas Realizadas;RO1.2.0.0.00.00.00;1.2.0.0.00.00.00 - Receitas de Contribuições;18569777,28;108010
2015;Prefeitura Municipal de Corumbá - MS;5003207;MS;DCA-Anexo I-C;NA;Receitas Brutas Realizadas;RO1.2.1.0.00.00.00;1.2.1.0.00.00.00 - Contribuições Sociais;13558478,50;108010
2015;Prefeitura Municipal de Corumbá - MS;5003207;MS;DCA-Anexo I-C;NA;Receitas Brutas Realizadas;RO1.2.1.0.29.00.00;1.2.1.0.29.00.00 - Contribuições para o Regime Próprio de Previdência do Servidor Público;10425515,00;108010
2015;Prefeitura Municipal de Corumbá - MS;5003207;MS;DCA-Anexo I-C;NA;Receitas Brutas Realizadas;RO1.2.1.0.29.07.00;1.2.1.0.29.07.00 - Contribuição do Servidor Ativo Civil para o Regime Próprio;10208340,45;108010
2015;Prefeitura Municipal de Corumbá - MS;5003207;MS;DCA-Anexo I-C;NA;Receitas Brutas Realizadas;RO1.2.1.0.29.09.00;1.2.1.0.29.09.00 - Contribuições do Servidor Inativo Civil para o Regime Próprio;217174,55;108010
2015;Prefeitura Municipal de Corumbá - MS;5003207;MS;DCA-Anexo I-C;NA;Receitas Brutas Realizadas;RO1.2.1.0.99.00.00;1.2.1.0.99.00.00 - Outras Contribuições Sociais;3132963,50;108010
2015;Prefeitura Municipal de Corumbá - MS;5003207;MS;DCA-Anexo I-C;NA;Receitas Brutas Realizadas;RO1.2.3.0.00.00.00;1.2.3.0.00.00.00 - Contribuição para Custeio do Serviço de Iluminação Pública;5011298,78;108010
2015;Prefeitura Municipal de Corumbá - MS;5003207;MS;DCA-Anexo I-C;NA;Receitas Brutas Realizadas;RO1.3.0.0.00.00.00;1.3.0.0.00.00.00 - Receita Patrimonial;22769467,05;108010
2015;Prefeitura Municipal de Corumbá - MS;5003207;MS;DCA-Anexo I-C;NA;Outras Deduções da Receita;RO1.3.0.0.00.00.00;1.3.0.0.00.00.00 - Receita Patrimonial;8289431,68;108010
2015;Prefeitura Municipal de Corumbá - MS;5003207;MS;DCA-Anexo I-C;NA;Receitas Brutas Realizadas;RO1.3.1.0.00.00.00;1.3.1.0.00.00.00 - Receitas Imobiliárias;156272,96;108010
2015;Prefeitura Municipal de Corumbá - MS;5003207;MS;DCA-Anexo I-C;NA;Receitas Brutas Realizadas;RO1.3.1.4.00.00.00;1.3.1.4.00.00.00 - Laudêmios;156272,96;108010
2015;Prefeitura Municipal de Corumbá - MS;5003207;MS;DCA-Anexo I-C;NA;Receitas Brutas Realizadas;RO1.3.2.0.00.00.00;1.3.2.0.00.00.00 - Receitas de Valores Mobiliários;20575922,18;108010
2015;Prefeitura Municipal de Corumbá - MS;5003207;MS;DCA-Anexo I-C;NA;Outras Deduções da Receita;RO1.3.2.0.00.00.00;1.3.2.0.00.00.00 - Receitas de Valores Mobiliários;8289431,68;108010
2015;Prefeitura Municipal de Corumbá - MS;5003207;MS;DCA-Anexo I-C;NA;Receitas Brutas Realizadas;RO1.3.2.2.00.00.00;1.3.2.2.00.00.00 - Dividendos;54348,60;108010
2015;Prefeitura Municipal de Corumbá - MS;5003207;MS;DCA-Anexo I-C;NA;Receitas Brutas Realizadas;RO1.3.2.5.00.00.00;1.3.2.5.00.00.00 - Remuneração de Depósitos Bancários;4387904,36;108010
2015;Prefeitura Municipal de Corumbá - MS;5003207;MS;DCA-Anexo I-C;NA;Receitas Brutas Realizadas;RO1.3.2.8.00.00.00;1.3.2.8.00.00.00 - Remuneração dos Investimentos do Regime Próprio de Previdência do Servidor;16133669,22;108010
2015;Prefeitura Municipal de Corumbá - MS;5003207;MS;DCA-Anexo I-C;NA;Outras Deduções da Receita;RO1.3.2.8.00.00.00;1.3.2.8.00.00.00 - Remuneração dos Investimentos do Regime Próprio de Previdência do Servidor;8289431,68;108010
2015;Prefeitura Municipal de Corumbá - MS;5003207;MS;DCA-Anexo I-C;NA;Receitas Brutas Realizadas;RO1.3.3.0.00.00.00;1.3.3.0.00.00.00 - Receitas de Concessões e Permissões;87120,71;108010
2015;Prefeitura Municipal de Corumbá - MS;5003207;MS;DCA-Anexo I-C;NA;Receitas Brutas Realizadas;RO1.3.6.0.00.00.00;1.3.6.0.00.00.00 - Receita da Cessão de Direitos;1950151,20;108010
2015;Prefeitura Municipal de Corumbá - MS;5003207;MS;DCA-Anexo I-C;NA;Receitas Brutas Realizadas;RO1.6.0.0.00.00.00;1.6.0.0.00.00.00 - Receita de Serviços;115650,00;108010
2015;Prefeitura Municipal de Corumbá - MS;5003207;MS;DCA-Anexo I-C;NA;Receitas Brutas Realizadas;RO1.6.0.0.13.00.00;1.6.0.0.13.00.00 - Serviços Administrativos;115650,00;108010
2015;Prefeitura Municipal de Corumbá - MS;5003207;MS;DCA-Anexo I-C;NA;Receitas Brutas Realizadas;RO1.7.0.0.00.00.00;1.7.0.0.00.00.00 - Transferências Correntes;320276291,03;108010
2015;Prefeitura Municipal de Corumbá - MS;5003207;MS;DCA-Anexo I-C;NA;Deduções - FUNDEB;RO1.7.0.0.00.00.00;1.7.0.0.00.00.00 - Transferências Correntes;39452602,11;108010
2015;Prefeitura Municipal de Corumbá - MS;5003207;MS;DCA-Anexo I-C;NA;Receitas Brutas Realizadas;RO1.7.2.0.00.00.00;1.7.2.0.00.00.00 - Transferências Intergovernamentais;317855673,32;108010
2015;Prefeitura Municipal de Corumbá - MS;5003207;MS;DCA-Anexo I-C;NA;Deduções - FUNDEB;RO1.7.2.0.00.00.00;1.7.2.0.00.00.00 - Transferências Intergovernamentais;39452602,11;108010
2015;Prefeitura Municipal de Corumbá - MS;5003207;MS;DCA-Anexo I-C;NA;Receitas Brutas Realizadas;RO1.7.2.1.00.00.00;1.7.2.1.00.00.00 - Transferências da União;95349830,01;108010
2015;Prefeitura Municipal de Corumbá - MS;5003207;MS;DCA-Anexo I-C;NA;Deduções - FUNDEB;RO1.7.2.1.00.00.00;1.7.2.1.00.00.00 - Transferências da União;9024832,22;108010
2015;Prefeitura Municipal de Corumbá - MS;5003207;MS;DCA-Anexo I-C;NA;Receitas Brutas Realizadas;RO1.7.2.1.01.00.00;1.7.2.1.01.00.00 - Participação na Receita da União;46714515,83;108010
2015;Prefeitura Municipal de Corumbá - MS;5003207;MS;DCA-Anexo I-C;NA;Deduções - FUNDEB;RO1.7.2.1.01.00.00;1.7.2.1.01.00.00 - Participação na Receita da União;8924200,79;108010
2015;Prefeitura Municipal de Corumbá - MS;5003207;MS;DCA-Anexo I-C;NA;Receitas Brutas Realizadas;RO1.7.2.1.01.02.00;1.7.2.1.01.02.00 - Cota-Parte do Fundo de Participação dos Municípios ¿ FPM;39689191,95;108010
2015;Prefeitura Municipal de Corumbá - MS;5003207;MS;DCA-Anexo I-C;NA;Deduções - FUNDEB;RO1.7.2.1.01.02.00;1.7.2.1.01.02.00 - Cota-Parte do Fundo de Participação dos Municípios ¿ FPM;7519136,15;108010
2015;Prefeitura Municipal de Corumbá - MS;5003207;MS;DCA-Anexo I-C;NA;Receitas Brutas Realizadas;RO1.7.2.1.01.05.00;1.7.2.1.01.05.00 - Cota-Parte do Imposto Sobre a Propriedade Territorial Rural ¿ ITR;7025323,88;108010
2015;Prefeitura Municipal de Corumbá - MS;5003207;MS;DCA-Anexo I-C;NA;Deduções - FUNDEB;RO1.7.2.1.01.05.00;1.7.2.1.01.05.00 - Cota-Parte do Imposto Sobre a Propriedade Territorial Rural ¿ ITR;1405064,64;108010
2015;Prefeitura Municipal de Corumbá - MS;5003207;MS;DCA-Anexo I-C;NA;Receitas Brutas Realizadas;RO1.7.2.1.22.00.00;1.7.2.1.22.00.00 - Transferências da Compensação Financeira pela Exploração de Recursos Naturais;6274824,98;108010
2015;Prefeitura Municipal de Corumbá - MS;5003207;MS;DCA-Anexo I-C;NA;Receitas Brutas Realizadas;RO1.7.2.1.22.20.00;1.7.2.1.22.20.00 - Cota-Parte da Compensação Financeira de Recursos Minerais - CFEM;5853278,35;108010
2015;Prefeitura Municipal de Corumbá - MS;5003207;MS;DCA-Anexo I-C;NA;Receitas Brutas Realizadas;RO1.7.2.1.22.70.00;1.7.2.1.22.70.00 - Cota-Parte do Fundo Especial do Petróleo ¿ FEP;421546,63;108010
2015;Prefeitura Municipal de Corumbá - MS;5003207;MS;DCA-Anexo I-C;NA;Receitas Brutas Realizadas;RO1.7.2.1.33.00.00;1.7.2.1.33.00.00 - Transferências de Recursos do Sistema Único de Saúde - SUS - Repasses Fundo a Fundo;34534118,58;108010
2015;Prefeitura Municipal de Corumbá - MS;5003207;MS;DCA-Anexo I-C;NA;Receitas Brutas Realizadas;RO1.7.2.1.35.00.00;1.7.2.1.35.00.00 - Transferências de Recursos do Fundo Nacional do Desenvolvimento da Educação ¿ FNDE;5634645,84;108010
2015;Prefeitura Municipal de Corumbá - MS;5003207;MS;DCA-Anexo I-C;NA;Receitas Brutas Realizadas;RO1.7.2.1.36.00.00;1.7.2.1.36.00.00 - Transferências Financeiras do ICMS ¿ Desoneração ¿ L.C. Nº 87/96;503157,50;108010
2015;Prefeitura Municipal de Corumbá - MS;5003207;MS;DCA-Anexo I-C;NA;Deduções - FUNDEB;RO1.7.2.1.36.00.00;1.7.2.1.36.00.00 - Transferências Financeiras do ICMS ¿ Desoneração ¿ L.C. Nº 87/96;100631,43;108010
2015;Prefeitura Municipal de Corumbá - MS;5003207;MS;DCA-Anexo I-C;NA;Receitas Brutas Realizadas;RO1.7.2.1.99.00.00;1.7.2.1.99.00.00 - Outras Transferências da União;1688567,28;108010
2015;Prefeitura Municipal de Corumbá - MS;5003207;MS;DCA-Anexo I-C;NA;Receitas Brutas Realizadas;RO1.7.2.2.00.00.00;1.7.2.2.00.00.00 - Transferências dos Estados;170561606,28;108010
2015;Prefeitura Municipal de Corumbá - MS;5003207;MS;DCA-Anexo I-C;NA;Deduções - FUNDEB;RO1.7.2.2.00.00.00;1.7.2.2.00.00.00 - Transferências dos Estados;30427769,89;108010
2015;Prefeitura Municipal de Corumbá - MS;5003207;MS;DCA-Anexo I-C;NA;Receitas Brutas Realizadas;RO1.7.2.2.01.00.00;1.7.2.2.01.00.00 - Participação na Receita dos Estados;152242663,19;108010
2015;Prefeitura Municipal de Corumbá - MS;5003207;MS;DCA-Anexo I-C;NA;Deduções - FUNDEB;RO1.7.2.2.01.00.00;1.7.2.2.01.00.00 - Participação na Receita dos Estados;30427769,89;108010
2015;Prefeitura Municipal de Corumbá - MS;5003207;MS;DCA-Anexo I-C;NA;Receitas Brutas Realizadas;RO1.7.2.2.01.01.00;1.7.2.2.01.01.00 - Cota-Parte do ICMS;146143152,42;108010
2015;Prefeitura Municipal de Corumbá - MS;5003207;MS;DCA-Anexo I-C;NA;Deduções - FUNDEB;RO1.7.2.2.01.01.00;1.7.2.2.01.01.00 - Cota-Parte do ICMS;29228630,18;108010
2015;Prefeitura Municipal de Corumbá - MS;5003207;MS;DCA-Anexo I-C;NA;Receitas Brutas Realizadas;RO1.7.2.2.01.02.00;1.7.2.2.01.02.00 - Cota-Parte do IPVA;4258071,05;108010
2015;Prefeitura Municipal de Corumbá - MS;5003207;MS;DCA-Anexo I-C;NA;Deduções - FUNDEB;RO1.7.2.2.01.02.00;1.7.2.2.01.02.00 - Cota-Parte do IPVA;851805,00;108010
2015;Prefeitura Municipal de Corumbá - MS;5003207;MS;DCA-Anexo I-C;NA;Receitas Brutas Realizadas;RO1.7.2.2.01.04.00;1.7.2.2.01.04.00 - Cota-Parte do IPI sobre Exportação;1736673,50;108010
2015;Prefeitura Municipal de Corumbá - MS;5003207;MS;DCA-Anexo I-C;NA;Deduções - FUNDEB;RO1.7.2.2.01.04.00;1.7.2.2.01.04.00 - Cota-Parte do IPI sobre Exportação;347334,71;108010
2015;Prefeitura Municipal de Corumbá - MS;5003207;MS;DCA-Anexo I-C;NA;Receitas Brutas Realizadas;RO1.7.2.2.01.13.00;1.7.2.2.01.13.00 - Cota-Parte da Contribuição de Intervenção no Domínio Econômico;104766,22;108010
2015;Prefeitura Municipal de Corumbá - MS;5003207;MS;DCA-Anexo I-C;NA;Receitas Brutas Realizadas;RO1.7.2.2.33.00.00;1.7.2.2.33.00.00 - Transferências de Recursos do Estado para Programas de Saúde - Repasse Fundo a Fundo;9283201,69;108010
2015;Prefeitura Municipal de Corumbá - MS;5003207;MS;DCA-Anexo I-C;NA;Receitas Brutas Realizadas;RO1.7.2.2.99.00.00;1.7.2.2.99.00.00 - Outras Transferências dos Estados;9035741,40;108010
2015;Prefeitura Municipal de Corumbá - MS;5003207;MS;DCA-Anexo I-C;NA;Receitas Brutas Realizadas;RO1.7.2.4.00.00.00;1.7.2.4.00.00.00 - Transferências Multigovernamentais;51944237,03;108010
2015;Prefeitura Municipal de Corumbá - MS;5003207;MS;DCA-Anexo I-C;NA;Receitas Brutas Realizadas;RO1.7.2.4.01.00.00;1.7.2.4.01.00.00 - Transferências de Recursos do Fundo de Manutenção e Desenvolvimento do Ensino Fundamental e de Valorização do Magistério - FUNDEB;51944237,03;108010
2015;Prefeitura Municipal de Corumbá - MS;5003207;MS;DCA-Anexo I-C;NA;Receitas Brutas Realizadas;RO1.7.5.0.00.00.00;1.7.5.0.00.00.00 - Transferências de Pessoas;34657,73;108010
2015;Prefeitura Municipal de Corumbá - MS;5003207;MS;DCA-Anexo I-C;NA;Receitas Brutas Realizadas;RO1.7.6.0.00.00.00;1.7.6.0.00.00.00 - Transferências de Convênios;2385959,98;108010
2015;Prefeitura Municipal de Corumbá - MS;5003207;MS;DCA-Anexo I-C;NA;Receitas Brutas Realizadas;RO1.7.6.1.00.00.00;1.7.6.1.00.00.00 - Transferências de Convênios da União e de Suas Entidades;2121272,38;108010
2015;Prefeitura Municipal de Corumbá - MS;5003207;MS;DCA-Anexo I-C;NA;Receitas Brutas Realizadas;RO1.7.6.1.03.00.00;1.7.6.1.03.00.00 - Transferências de Convênios da União Destinadas a Programas de Assistência Social;1608763,48;108010
2015;Prefeitura Municipal de Corumbá - MS;5003207;MS;DCA-Anexo I-C;NA;Receitas Brutas Realizadas;RO1.7.6.1.04.00.00;1.7.6.1.04.00.00 - Transferências de Convênios da União Destinadas aos Programas de Combate à Fome;442943,69;108010
2015;Prefeitura Municipal de Corumbá - MS;5003207;MS;DCA-Anexo I-C;NA;Receitas Brutas Realizadas;RO1.7.6.1.99.00.00;1.7.6.1.99.00.00 - Outras Transferências de Convênios da União;69565,21;108010
2015;Prefeitura Municipal de Corumbá - MS;5003207;MS;DCA-Anexo I-C;NA;Receitas Brutas Realizadas;RO1.7.6.2.00.00.00;1.7.6.2.00.00.00 - Transferências de Convênios dos Estados e do Distrito Federal e de Suas Entidades;214687,60;108010
2015;Prefeitura Municipal de Corumbá - MS;5003207;MS;DCA-Anexo I-C;NA;Receitas Brutas Realizadas;RO1.7.6.2.02.00.00;1.7.6.2.02.00.00 - Transferências de Convênios dos Estados Destinadas a Programas de Educação;194687,60;108010
2015;Prefeitura Municipal de Corumbá - MS;5003207;MS;DCA-Anexo I-C;NA;Receitas Brutas Realizadas;RO1.7.6.2.99.00.00;1.7.6.2.99.00.00 - Outras Transferências de Convênios dos Estados;20000,00;108010
2015;Prefeitura Municipal de Corumbá - MS;5003207;MS;DCA-Anexo I-C;NA;Receitas Brutas Realizadas;RO1.7.6.4.00.00.00;1.7.6.4.00.00.00 - Transferências de Convênios de Instituições Privadas;50000,00;108010
2015;Prefeitura Municipal de Corumbá - MS;5003207;MS;DCA-Anexo I-C;NA;Receitas Brutas Realizadas;RO1.9.0.0.00.00.00;1.9.0.0.00.00.00 - Outras Receitas Correntes;13259811,30;108010
2015;Prefeitura Municipal de Corumbá - MS;5003207;MS;DCA-Anexo I-C;NA;Receitas Brutas Realizadas;RO1.9.1.0.00.00.00;1.9.1.0.00.00.00 - Multas e Juros de Mora;2413763,91;108010
2015;Prefeitura Municipal de Corumbá - MS;5003207;MS;DCA-Anexo I-C;NA;Receitas Brutas Realizadas;RO1.9.1.1.00.00.00;1.9.1.1.00.00.00 - Multas e Juros de Mora dos Tributos;664756,86;108010
2015;Prefeitura Municipal de Corumbá - MS;5003207;MS;DCA-Anexo I-C;NA;Receitas Brutas Realizadas;RO1.9.1.1.35.00.00;1.9.1.1.35.00.00 - Multas e Juros de Mora da Taxa de Fiscalização e Vigilância Sanitária;2248,20;108010
2015;Prefeitura Municipal de Corumbá - MS;5003207;MS;DCA-Anexo I-C;NA;Receitas Brutas Realizadas;RO1.9.1.1.38.00.00;1.9.1.1.38.00.00 - Multas e Juros de Mora do Imposto sobre a Propriedade Predial e Territorial Urbana ¿ IPTU;113308,31;108010
2015;Prefeitura Municipal de Corumbá - MS;5003207;MS;DCA-Anexo I-C;NA;Receitas Brutas Realizadas;RO1.9.1.1.39.00.00;1.9.1.1.39.00.00 - Multas e Juros de Mora do Imposto sobre a Transmissão Inter Vivos de Bens Imóveis - ITBI;329,67;108010
2015;Prefeitura Municipal de Corumbá - MS;5003207;MS;DCA-Anexo I-C;NA;Receitas Brutas Realizadas;RO1.9.1.1.40.00.00;1.9.1.1.40.00.00 - Multas e Juros de Mora do Imposto sobre Serviços de Qualquer Natureza ¿ ISS;439451,09;108010
2015;Prefeitura Municipal de Corumbá - MS;5003207;MS;DCA-Anexo I-C;NA;Receitas Brutas Realizadas;RO1.9.1.1.99.00.00;1.9.1.1.99.00.00 - Multas e Juros de Mora de Outros Tributos;109419,59;108010
2015;Prefeitura Municipal de Corumbá - MS;5003207;MS;DCA-Anexo I-C;NA;Receitas Brutas Realizadas;RO1.9.1.3.00.00.00;1.9.1.3.00.00.00 - Multas e Juros de Mora da Dívida Ativa dos Tributos;1178256,14;108010
2015;Prefeitura Municipal de Corumbá - MS;5003207;MS;DCA-Anexo I-C;NA;Receitas Brutas Realizadas;RO1.9.1.3.11.00.00;1.9.1.3.11.00.00 - Multas e Juros de Mora da Dívida Ativa do Imposto sobre a Propriedade Predial e Territorial Urbana ¿ IPTU;1020075,20;108010
2015;Prefeitura Municipal de Corumbá - MS;5003207;MS;DCA-Anexo I-C;NA;Receitas Brutas Realizadas;RO1.9.1.3.13.00.00;1.9.1.3.13.00.00 - Multas e Juros de Mora da Dívida Ativa do Imposto sobre Serviços de Qualquer Natureza ¿ ISS;35714,62;108010
2015;Prefeitura Municipal de Corumbá - MS;5003207;MS;DCA-Anexo I-C;NA;Receitas Brutas Realizadas;RO1.9.1.3.99.00.00;1.9.1.3.99.00.00 - Multas e Juros de Mora da Dívida Ativa de Outros Tributos;122466,32;108010
2015;Prefeitura Municipal de Corumbá - MS;5003207;MS;DCA-Anexo I-C;NA;Receitas Brutas Realizadas;RO1.9.1.5.00.00.00;1.9.1.5.00.00.00 - Multas e Juros de Mora da Dívida Ativa de Outras Receitas;5939,92;108010
2015;Prefeitura Municipal de Corumbá - MS;5003207;MS;DCA-Anexo I-C;NA;Receitas Brutas Realizadas;RO1.9.1.8.00.00.00;1.9.1.8.00.00.00 - Multas e Juros de Mora de Outras Receitas;3096,38;108010
2015;Prefeitura Municipal de Corumbá - MS;5003207;MS;DCA-Anexo I-C;NA;Receitas Brutas Realizadas;RO1.9.1.9.00.00.00;1.9.1.9.00.00.00 - Multas de Outras Origens;561714,61;108010
2015;Prefeitura Municipal de Corumbá - MS;5003207;MS;DCA-Anexo I-C;NA;Receitas Brutas Realizadas;RO1.9.2.0.00.00.00;1.9.2.0.00.00.00 - Indenizações e Restituições;2817115,34;108010
2015;Prefeitura Municipal de Corumbá - MS;5003207;MS;DCA-Anexo I-C;NA;Receitas Brutas Realizadas;RO1.9.2.2.00.00.00;1.9.2.2.00.00.00 - Restituições;2817115,34;108010
2015;Prefeitura Municipal de Corumbá - MS;5003207;MS;DCA-Anexo I-C;NA;Receitas Brutas Realizadas;RO1.9.2.2.01.00.00;1.9.2.2.01.00.00 - Restituições de Convênios;32612,04;108010
2015;Prefeitura Municipal de Corumbá - MS;5003207;MS;DCA-Anexo I-C;NA;Receitas Brutas Realizadas;RO1.9.2.2.10.00.00;1.9.2.2.10.00.00 - Compensações Financeiras entre o Regime Geral e os Regimes Próprios de Previdência dos Servidores;1145446,15;108010
2015;Prefeitura Municipal de Corumbá - MS;5003207;MS;DCA-Anexo I-C;NA;Receitas Brutas Realizadas;RO1.9.2.2.99.00.00;1.9.2.2.99.00.00 - Outras Restituições;1639057,15;108010
2015;Prefeitura Municipal de Corumbá - MS;5003207;MS;DCA-Anexo I-C;NA;Receitas Brutas Realizadas;RO1.9.3.0.00.00.00;1.9.3.0.00.00.00 - Receita da Dívida Ativa;4093548,09;108010
2015;Prefeitura Municipal de Corumbá - MS;5003207;MS;DCA-Anexo I-C;NA;Receitas Brutas Realizadas;RO1.9.3.1.00.00.00;1.9.3.1.00.00.00 - Receita da Dívida Ativa Tributária;4090444,09;108010
2015;Prefeitura Municipal de Corumbá - MS;5003207;MS;DCA-Anexo I-C;NA;Receitas Brutas Realizadas;RO1.9.3.1.11.00.00;1.9.3.1.11.00.00 - Receita da Dívida Ativa do Imposto sobre a Propriedade Predial e Territorial Urbana ¿ IPTU;3335550,66;108010
2015;Prefeitura Municipal de Corumbá - MS;5003207;MS;DCA-Anexo I-C;NA;Receitas Brutas Realizadas;RO1.9.3.1.13.00.00;1.9.3.1.13.00.00 - Receita da Dívida Ativa do Imposto sobre Serviços de Qualquer Natureza ¿ ISS;206449,59;108010
2015;Prefeitura Municipal de Corumbá - MS;5003207;MS;DCA-Anexo I-C;NA;Receitas Brutas Realizadas;RO1.9.3.1.99.00.00;1.9.3.1.99.00.00 - Receita da Dívida Ativa de Outros Tributos;548443,84;108010
2015;Prefeitura Municipal de Corumbá - MS;5003207;MS;DCA-Anexo I-C;NA;Receitas Brutas Realizadas;RO1.9.3.2.00.00.00;1.9.3.2.00.00.00 - Receita da Dívida Ativa Não Tributária;3104,00;108010
2015;Prefeitura Municipal de Corumbá - MS;5003207;MS;DCA-Anexo I-C;NA;Receitas Brutas Realizadas;RO1.9.9.0.00.00.00;1.9.9.0.00.00.00 - Receitas Diversas;3935383,96;108010
2015;Prefeitura Municipal de Corumbá - MS;5003207;MS;DCA-Anexo I-C;NA;Receitas Brutas Realizadas;RO2.0.0.0.00.00.00;2.0.0.0.00.00.00 - Receitas de Capital;4779197,93;108010
2015;Prefeitura Municipal de Corumbá - MS;5003207;MS;DCA-Anexo I-C;NA;Receitas Brutas Realizadas;RO2.4.0.0.00.00.00;2.4.0.0.00.00.00 - Transferências de Capital;4779197,93;108010
2015;Prefeitura Municipal de Corumbá - MS;5003207;MS;DCA-Anexo I-C;NA;Receitas Brutas Realizadas;RO2.4.2.0.00.00.00;2.4.2.0.00.00.00 - Transferências Intergovernamentais;962572,39;108010
2015;Prefeitura Municipal de Corumbá - MS;5003207;MS;DCA-Anexo I-C;NA;Receitas Brutas Realizadas;RO2.4.2.1.00.00.00;2.4.2.1.00.00.00 - Transferências da União;962572,39;108010
2015;Prefeitura Municipal de Corumbá - MS;5003207;MS;DCA-Anexo I-C;NA;Receitas Brutas Realizadas;RO2.4.2.1.01.00.00;2.4.2.1.01.00.00 - Participação na Receita da União;563653,32;108010
2015;Prefeitura Municipal de Corumbá - MS;5003207;MS;DCA-Anexo I-C;NA;Receitas Brutas Realizadas;RO2.4.2.1.02.00.00;2.4.2.1.02.00.00 - Transferências de Recursos Destinados a Programas de Educação;398919,07;108010
2015;Prefeitura Municipal de Corumbá - MS;5003207;MS;DCA-Anexo I-C;NA;Receitas Brutas Realizadas;RO2.4.7.0.00.00.00;2.4.7.0.00.00.00 - Transferências de Convênios;3816625,54;108010
2015;Prefeitura Municipal de Corumbá - MS;5003207;MS;DCA-Anexo I-C;NA;Receitas Brutas Realizadas;RO2.4.7.1.00.00.00;2.4.7.1.00.00.00 - Transferências de Convênios da União e de suas Entidades;3816625,54;108010
2015;Prefeitura Municipal de Corumbá - MS;5003207;MS;DCA-Anexo I-C;NA;Receitas Brutas Realizadas;RO2.4.7.1.01.00.00;2.4.7.1.01.00.00 - Transferências de Convênios da União para o Sistema Único de Saúde - SUS;611645,70;108010
2015;Prefeitura Municipal de Corumbá - MS;5003207;MS;DCA-Anexo I-C;NA;Receitas Brutas Realizadas;RO2.4.7.1.05.00.00;2.4.7.1.05.00.00 - Transferências de Convênios da União Destinadas a Programas de Infraestrutura em Transporte;111032,59;108010
2015;Prefeitura Municipal de Corumbá - MS;5003207;MS;DCA-Anexo I-C;NA;Receitas Brutas Realizadas;RO2.4.7.1.99.00.00;2.4.7.1.99.00.00 - Outras Transferências de Convênios da União;3093947,25;108010
2015;Prefeitura Municipal de Corumbá - MS;5003207;MS;DCA-Anexo I-C;NA;Receitas Brutas Realizadas;RI7.0.0.0.00.00.00;7.0.0.0.00.00.00 - Receitas Correntes Intraorçamentárias;20133249,15;108010
2015;Prefeitura Municipal de Corumbá - MS;5003207;MS;DCA-Anexo I-C;NA;Receitas Brutas Realizadas;RI7.2.0.0.00.00.00;7.2.0.0.00.00.00 - Receitas de Contribuições Intraorçamentárias;20133249,15;108010
2015;Prefeitura Municipal de Corumbá - MS;5003207;MS;DCA-Anexo I-C;NA;Receitas Brutas Realizadas;RI7.2.1.0.00.00.00;7.2.1.0.00.00.00 - Contribuições Sociais Intraorçamentárias;20133249,15;108010
2015;Prefeitura Municipal de Corumbá - MS;5003207;MS;DCA-Anexo I-C;NA;Receitas Brutas Realizadas;RI7.2.1.0.29.00.00;7.2.1.0.29.00.00 - Contribuições para o Regime Próprio de Previdência do Servidor Público Intraorçamentárias;20133249,15;108010
2015;Prefeitura Municipal de Corumbá - MS;5003207;MS;DCA-Anexo I-C;NA;Receitas Brutas Realizadas;RI7.2.1.0.29.01.00;7.2.1.0.29.01.00 - Contribuição Patronal de Servidor Ativo Civil para o Regime Próprio Intraorçamentária;12325475,70;108010
2015;Prefeitura Municipal de Corumbá - MS;5003207;MS;DCA-Anexo I-C;NA;Receitas Brutas Realizadas;RI7.2.1.0.29.99.00;7.2.1.0.29.99.00 - Outras Contribuições para o Regime Próprio de Previdência do Servidor Público Intraorçamentárias;7807773,45;108010
2016;Prefeitura Municipal de Corumbá - MS;5003207;MS;DCA-Anexo I-C;NA;Receitas Brutas Realizadas;TotalReceitas;Total Receitas;525877447,33;108656
2016;Prefeitura Municipal de Corumbá - MS;5003207;MS;DCA-Anexo I-C;NA;Deduções - FUNDEB;TotalReceitas;Total Receitas;42346256,63;108656
2016;Prefeitura Municipal de Corumbá - MS;5003207;MS;DCA-Anexo I-C;NA;Outras Deduções da Receita;TotalReceitas;Total Receitas;3164538,58;108656
2016;Prefeitura Municipal de Corumbá - MS;5003207;MS;DCA-Anexo I-C;NA;Receitas Brutas Realizadas;RO1.0.0.0.00.00.00;1.0.0.0.00.00.00 - Receitas Correntes;488386925,76;108656
2016;Prefeitura Municipal de Corumbá - MS;5003207;MS;DCA-Anexo I-C;NA;Deduções - FUNDEB;RO1.0.0.0.00.00.00;1.0.0.0.00.00.00 - Receitas Correntes;42346256,63;108656
2016;Prefeitura Municipal de Corumbá - MS;5003207;MS;DCA-Anexo I-C;NA;Outras Deduções da Receita;RO1.0.0.0.00.00.00;1.0.0.0.00.00.00 - Receitas Correntes;3164538,58;108656
2016;Prefeitura Municipal de Corumbá - MS;5003207;MS;DCA-Anexo I-C;NA;Receitas Brutas Realizadas;RO1.1.0.0.00.00.00;1.1.0.0.00.00.00 - Receita Tributária;53294897,12;108656
2016;Prefeitura Municipal de Corumbá - MS;5003207;MS;DCA-Anexo I-C;NA;Receitas Brutas Realizadas;RO1.1.1.0.00.00.00;1.1.1.0.00.00.00 - Impostos;49669955,49;108656
2016;Prefeitura Municipal de Corumbá - MS;5003207;MS;DCA-Anexo I-C;NA;Receitas Brutas Realizadas;RO1.1.1.2.00.00.00;1.1.1.2.00.00.00 - Impostos sobre o Patrimônio e a Renda;28884819,37;108656
2016;Prefeitura Municipal de Corumbá - MS;5003207;MS;DCA-Anexo I-C;NA;Receitas Brutas Realizadas;RO1.1.1.2.02.00.00;1.1.1.2.02.00.00 - Imposto sobre a Propriedade Predial e Territorial Urbana ¿ IPTU;7075529,60;108656
2016;Prefeitura Municipal de Corumbá - MS;5003207;MS;DCA-Anexo I-C;NA;Receitas Brutas Realizadas;RO1.1.1.2.04.00.00;1.1.1.2.04.00.00 - Imposto sobre a Renda e Proventos de Qualquer Natureza ¿ IR;17707890,37;108656
2016;Prefeitura Municipal de Corumbá - MS;5003207;MS;DCA-Anexo I-C;NA;Receitas Brutas Realizadas;RO1.1.1.2.04.31.00;1.1.1.2.04.31.00 - Retido nas Fontes - Trabalho;17067280,38;108656
2016;Prefeitura Municipal de Corumbá - MS;5003207;MS;DCA-Anexo I-C;NA;Receitas Brutas Realizadas;RO1.1.1.2.04.34.00;1.1.1.2.04.34.00 - Retido nas Fontes - Outros Rendimentos;640609,99;108656
2016;Prefeitura Municipal de Corumbá - MS;5003207;MS;DCA-Anexo I-C;NA;Receitas Brutas Realizadas;RO1.1.1.2.08.00.00;"1.1.1.2.08.00.00 - Imposto sobre Transmissão ""Inter Vivos"" de Bens Imóveis e de Direitos Reais sobre Imóveis ¿ ITBI";4101399,40;108656
2016;Prefeitura Municipal de Corumbá - MS;5003207;MS;DCA-Anexo I-C;NA;Receitas Brutas Realizadas;RO1.1.1.3.00.00.00;1.1.1.3.00.00.00 - Impostos sobre a Produção e a Circulação;20785136,12;108656
2016;Prefeitura Municipal de Corumbá - MS;5003207;MS;DCA-Anexo I-C;NA;Receitas Brutas Realizadas;RO1.1.1.3.05.00.00;1.1.1.3.05.00.00 - Imposto sobre Serviços de Qualquer Natureza ¿ ISSQN;20785136,12;108656
2016;Prefeitura Municipal de Corumbá - MS;5003207;MS;DCA-Anexo I-C;NA;Receitas Brutas Realizadas;RO1.1.2.0.00.00.00;1.1.2.0.00.00.00 - Taxas;3624941,63;108656
2016;Prefeitura Municipal de Corumbá - MS;5003207;MS;DCA-Anexo I-C;NA;Receitas Brutas Realizadas;RO1.1.2.1.00.00.00;1.1.2.1.00.00.00 - Taxas pelo Exercício do Poder de Polícia;1230122,95;108656
2016;Prefeitura Municipal de Corumbá - MS;5003207;MS;DCA-Anexo I-C;NA;Receitas Brutas Realizadas;RO1.1.2.2.00.00.00;1.1.2.2.00.00.00 - Taxas pela Prestação de Serviços;2394818,68;108656
2016;Prefeitura Municipal de Corumbá - MS;5003207;MS;DCA-Anexo I-C;NA;Receitas Brutas Realizadas;RO1.1.2.2.12.00.00;1.1.2.2.12.00.00 - Emolumentos e Custas Processuais Administrativas;157697,63;108656
2016;Prefeitura Municipal de Corumbá - MS;5003207;MS;DCA-Anexo I-C;NA;Receitas Brutas Realizadas;RO1.1.2.2.90.00.00;1.1.2.2.90.00.00 - Taxa de Limpeza Pública;807252,58;108656
2016;Prefeitura Municipal de Corumbá - MS;5003207;MS;DCA-Anexo I-C;NA;Receitas Brutas Realizadas;RO1.1.2.2.99.00.00;1.1.2.2.99.00.00 - Outras Taxas pela Prestação de Serviços;1429868,47;108656
2016;Prefeitura Municipal de Corumbá - MS;5003207;MS;DCA-Anexo I-C;NA;Receitas Brutas Realizadas;RO1.2.0.0.00.00.00;1.2.0.0.00.00.00 - Receitas de Contribuições;20002700,10;108656
2016;Prefeitura Municipal de Corumbá - MS;5003207;MS;DCA-Anexo I-C;NA;Receitas Brutas Realizadas;RO1.2.1.0.00.00.00;1.2.1.0.00.00.00 - Contribuições Sociais;14400861,77;108656
2016;Prefeitura Municipal de Corumbá - MS;5003207;MS;DCA-Anexo I-C;NA;Receitas Brutas Realizadas;RO1.2.1.0.29.00.00;1.2.1.0.29.00.00 - Contribuições para o Regime Próprio de Previdência do Servidor Público;11708338,10;108656
2016;Prefeitura Municipal de Corumbá - MS;5003207;MS;DCA-Anexo I-C;NA;Receitas Brutas Realizadas;RO1.2.1.0.29.07.00;1.2.1.0.29.07.00 - Contribuição do Servidor Ativo Civil para o Regime Próprio;11434095,50;108656
2016;Prefeitura Municipal de Corumbá - MS;5003207;MS;DCA-Anexo I-C;NA;Receitas Brutas Realizadas;RO1.2.1.0.29.09.00;1.2.1.0.29.09.00 - Contribuições do Servidor Inativo Civil para o Regime Próprio;274242,60;108656
2016;Prefeitura Municipal de Corumbá - MS;5003207;MS;DCA-Anexo I-C;NA;Receitas Brutas Realizadas;RO1.2.1.0.99.00.00;1.2.1.0.99.00.00 - Outras Contribuições Sociais;2692523,67;108656
2016;Prefeitura Municipal de Corumbá - MS;5003207;MS;DCA-Anexo I-C;NA;Receitas Brutas Realizadas;RO1.2.3.0.00.00.00;1.2.3.0.00.00.00 - Contribuição para Custeio do Serviço de Iluminação Pública;5601838,33;108656
2016;Prefeitura Municipal de Corumbá - MS;5003207;MS;DCA-Anexo I-C;NA;Receitas Brutas Realizadas;RO1.3.0.0.00.00.00;1.3.0.0.00.00.00 - Receita Patrimonial;42200528,96;108656
2016;Prefeitura Municipal de Corumbá - MS;5003207;MS;DCA-Anexo I-C;NA;Outras Deduções da Receita;RO1.3.0.0.00.00.00;1.3.0.0.00.00.00 - Receita Patrimonial;3164538,58;108656
2016;Prefeitura Municipal de Corumbá - MS;5003207;MS;DCA-Anexo I-C;NA;Receitas Brutas Realizadas;RO1.3.1.0.00.00.00;1.3.1.0.00.00.00 - Receitas Imobiliárias;159875,26;108656
2016;Prefeitura Municipal de Corumbá - MS;5003207;MS;DCA-Anexo I-C;NA;Receitas Brutas Realizadas;RO1.3.1.4.00.00.00;1.3.1.4.00.00.00 - Laudêmios;159875,26;108656
2016;Prefeitura Municipal de Corumbá - MS;5003207;MS;DCA-Anexo I-C;NA;Receitas Brutas Realizadas;RO1.3.2.0.00.00.00;1.3.2.0.00.00.00 - Receitas de Valores Mobiliários;39366477,37;108656
2016;Prefeitura Municipal de Corumbá - MS;5003207;MS;DCA-Anexo I-C;NA;Outras Deduções da Receita;RO1.3.2.0.00.00.00;1.3.2.0.00.00.00 - Receitas de Valores Mobiliários;3164538,58;108656
2016;Prefeitura Municipal de Corumbá - MS;5003207;MS;DCA-Anexo I-C;NA;Receitas Brutas Realizadas;RO1.3.2.2.00.00.00;1.3.2.2.00.00.00 - Dividendos;59850,77;108656
2016;Prefeitura Municipal de Corumbá - MS;5003207;MS;DCA-Anexo I-C;NA;Receitas Brutas Realizadas;RO1.3.2.5.00.00.00;1.3.2.5.00.00.00 - Remuneração de Depósitos Bancários;5584888,64;108656
2016;Prefeitura Municipal de Corumbá - MS;5003207;MS;DCA-Anexo I-C;NA;Receitas Brutas Realizadas;RO1.3.2.8.00.00.00;1.3.2.8.00.00.00 - Remuneração dos Investimentos do Regime Próprio de Previdência do Servidor;33721737,96;108656
2016;Prefeitura Municipal de Corumbá - MS;5003207;MS;DCA-Anexo I-C;NA;Outras Deduções da Receita;RO1.3.2.8.00.00.00;1.3.2.8.00.00.00 - Remuneração dos Investimentos do Regime Próprio de Previdência do Servidor;3164538,58;108656
2016;Prefeitura Municipal de Corumbá - MS;5003207;MS;DCA-Anexo I-C;NA;Receitas Brutas Realizadas;RO1.3.3.0.00.00.00;1.3.3.0.00.00.00 - Receitas de Concessões e Permissões;74025,13;108656
2016;Prefeitura Municipal de Corumbá - MS;5003207;MS;DCA-Anexo I-C;NA;Receitas Brutas Realizadas;RO1.3.6.0.00.00.00;1.3.6.0.00.00.00 - Receita da Cessão de Direitos;2600151,20;108656
2016;Prefeitura Municipal de Corumbá - MS;5003207;MS;DCA-Anexo I-C;NA;Receitas Brutas Realizadas;RO1.6.0.0.00.00.00;1.6.0.0.00.00.00 - Receita de Serviços;88725,00;108656
2016;Prefeitura Municipal de Corumbá - MS;5003207;MS;DCA-Anexo I-C;NA;Receitas Brutas Realizadas;RO1.6.0.0.13.00.00;1.6.0.0.13.00.00 - Serviços Administrativos;88725,00;108656
2016;Prefeitura Municipal de Corumbá - MS;5003207;MS;DCA-Anexo I-C;NA;Receitas Brutas Realizadas;RO1.7.0.0.00.00.00;1.7.0.0.00.00.00 - Transferências Correntes;363719769,58;108656
2016;Prefeitura Municipal de Corumbá - MS;5003207;MS;DCA-Anexo I-C;NA;Deduções - FUNDEB;RO1.7.0.0.00.00.00;1.7.0.0.00.00.00 - Transferências Correntes;42346256,63;108656
2016;Prefeitura Municipal de Corumbá - MS;5003207;MS;DCA-Anexo I-C;NA;Receitas Brutas Realizadas;RO1.7.2.0.00.00.00;1.7.2.0.00.00.00 - Transferências Intergovernamentais;360096204,98;108656
2016;Prefeitura Municipal de Corumbá - MS;5003207;MS;DCA-Anexo I-C;NA;Deduções - FUNDEB;RO1.7.2.0.00.00.00;1.7.2.0.00.00.00 - Transferências Intergovernamentais;42346256,63;108656
2016;Prefeitura Municipal de Corumbá - MS;5003207;MS;DCA-Anexo I-C;NA;Receitas Brutas Realizadas;RO1.7.2.1.00.00.00;1.7.2.1.00.00.00 - Transferências da União;121265497,52;108656
2016;Prefeitura Municipal de Corumbá - MS;5003207;MS;DCA-Anexo I-C;NA;Deduções - FUNDEB;RO1.7.2.1.00.00.00;1.7.2.1.00.00.00 - Transferências da União;10262147,56;108656
2016;Prefeitura Municipal de Corumbá - MS;5003207;MS;DCA-Anexo I-C;NA;Receitas Brutas Realizadas;RO1.7.2.1.01.00.00;1.7.2.1.01.00.00 - Participação na Receita da União;53960187,98;108656
2016;Prefeitura Municipal de Corumbá - MS;5003207;MS;DCA-Anexo I-C;NA;Deduções - FUNDEB;RO1.7.2.1.01.00.00;1.7.2.1.01.00.00 - Participação na Receita da União;10160051,08;108656
2016;Prefeitura Municipal de Corumbá - MS;5003207;MS;DCA-Anexo I-C;NA;Receitas Brutas Realizadas;RO1.7.2.1.01.02.00;1.7.2.1.01.02.00 - Cota-Parte do Fundo de Participação dos Municípios ¿ FPM;45978387,93;108656
2016;Prefeitura Municipal de Corumbá - MS;5003207;MS;DCA-Anexo I-C;NA;Deduções - FUNDEB;RO1.7.2.1.01.02.00;1.7.2.1.01.02.00 - Cota-Parte do Fundo de Participação dos Municípios ¿ FPM;8563691,22;108656
2016;Prefeitura Municipal de Corumbá - MS;5003207;MS;DCA-Anexo I-C;NA;Receitas Brutas Realizadas;RO1.7.2.1.01.05.00;1.7.2.1.01.05.00 - Cota-Parte do Imposto Sobre a Propriedade Territorial Rural ¿ ITR;7981800,05;108656
2016;Prefeitura Municipal de Corumbá - MS;5003207;MS;DCA-Anexo I-C;NA;Deduções - FUNDEB;RO1.7.2.1.01.05.00;1.7.2.1.01.05.00 - Cota-Parte do Imposto Sobre a Propriedade Territorial Rural ¿ ITR;1596359,86;108656
2016;Prefeitura Municipal de Corumbá - MS;5003207;MS;DCA-Anexo I-C;NA;Receitas Brutas Realizadas;RO1.7.2.1.22.00.00;1.7.2.1.22.00.00 - Transferências da Compensação Financeira pela Exploração de Recursos Naturais;19238896,88;108656
2016;Prefeitura Municipal de Corumbá - MS;5003207;MS;DCA-Anexo I-C;NA;Receitas Brutas Realizadas;RO1.7.2.1.22.20.00;1.7.2.1.22.20.00 - Cota-Parte da Compensação Financeira de Recursos Minerais - CFEM;18878651,20;108656
2016;Prefeitura Municipal de Corumbá - MS;5003207;MS;DCA-Anexo I-C;NA;Receitas Brutas Realizadas;RO1.7.2.1.22.70.00;1.7.2.1.22.70.00 - Cota-Parte do Fundo Especial do Petróleo ¿ FEP;360245,68;108656
2016;Prefeitura Municipal de Corumbá - MS;5003207;MS;DCA-Anexo I-C;NA;Receitas Brutas Realizadas;RO1.7.2.1.33.00.00;1.7.2.1.33.00.00 - Transferências de Recursos do Sistema Único de Saúde - SUS - Repasses Fundo a Fundo;37761785,30;108656
2016;Prefeitura Municipal de Corumbá - MS;5003207;MS;DCA-Anexo I-C;NA;Receitas Brutas Realizadas;RO1.7.2.1.35.00.00;1.7.2.1.35.00.00 - Transferências de Recursos do Fundo Nacional do Desenvolvimento da Educação ¿ FNDE;6040519,82;108656
2016;Prefeitura Municipal de Corumbá - MS;5003207;MS;DCA-Anexo I-C;NA;Receitas Brutas Realizadas;RO1.7.2.1.36.00.00;1.7.2.1.36.00.00 - Transferências Financeiras do ICMS ¿ Desoneração ¿ L.C. Nº 87/96;510482,52;108656
2016;Prefeitura Municipal de Corumbá - MS;5003207;MS;DCA-Anexo I-C;NA;Deduções - FUNDEB;RO1.7.2.1.36.00.00;1.7.2.1.36.00.00 - Transferências Financeiras do ICMS ¿ Desoneração ¿ L.C. Nº 87/96;102096,48;108656
2016;Prefeitura Municipal de Corumbá - MS;5003207;MS;DCA-Anexo I-C;NA;Receitas Brutas Realizadas;RO1.7.2.1.99.00.00;1.7.2.1.99.00.00 - Outras Transferências da União;3753625,02;108656
2016;Prefeitura Municipal de Corumbá - MS;5003207;MS;DCA-Anexo I-C;NA;Receitas Brutas Realizadas;RO1.7.2.2.00.00.00;1.7.2.2.00.00.00 - Transferências dos Estados;185264552,03;108656
2016;Prefeitura Municipal de Corumbá - MS;5003207;MS;DCA-Anexo I-C;NA;Deduções - FUNDEB;RO1.7.2.2.00.00.00;1.7.2.2.00.00.00 - Transferências dos Estados;32084109,07;108656
2016;Prefeitura Municipal de Corumbá - MS;5003207;MS;DCA-Anexo I-C;NA;Receitas Brutas Realizadas;RO1.7.2.2.01.00.00;1.7.2.2.01.00.00 - Participação na Receita dos Estados;160711311,32;108656
2016;Prefeitura Municipal de Corumbá - MS;5003207;MS;DCA-Anexo I-C;NA;Deduções - FUNDEB;RO1.7.2.2.01.00.00;1.7.2.2.01.00.00 - Participação na Receita dos Estados;32084109,07;108656
2016;Prefeitura Municipal de Corumbá - MS;5003207;MS;DCA-Anexo I-C;NA;Receitas Brutas Realizadas;RO1.7.2.2.01.01.00;1.7.2.2.01.01.00 - Cota-Parte do ICMS;152261319,92;108656
2016;Prefeitura Municipal de Corumbá - MS;5003207;MS;DCA-Anexo I-C;NA;Deduções - FUNDEB;RO1.7.2.2.01.01.00;1.7.2.2.01.01.00 - Cota-Parte do ICMS;30452263,73;108656
2016;Prefeitura Municipal de Corumbá - MS;5003207;MS;DCA-Anexo I-C;NA;Receitas Brutas Realizadas;RO1.7.2.2.01.02.00;1.7.2.2.01.02.00 - Cota-Parte do IPVA;6390627,08;108656
2016;Prefeitura Municipal de Corumbá - MS;5003207;MS;DCA-Anexo I-C;NA;Deduções - FUNDEB;RO1.7.2.2.01.02.00;1.7.2.2.01.02.00 - Cota-Parte do IPVA;1278331,66;108656
2016;Prefeitura Municipal de Corumbá - MS;5003207;MS;DCA-Anexo I-C;NA;Receitas Brutas Realizadas;RO1.7.2.2.01.04.00;1.7.2.2.01.04.00 - Cota-Parte do IPI - Municípios;1767568,36;108656
2016;Prefeitura Municipal de Corumbá - MS;5003207;MS;DCA-Anexo I-C;NA;Deduções - FUNDEB;RO1.7.2.2.01.04.00;1.7.2.2.01.04.00 - Cota-Parte do IPI - Municípios;353513,68;108656
2016;Prefeitura Municipal de Corumbá - MS;5003207;MS;DCA-Anexo I-C;NA;Receitas Brutas Realizadas;RO1.7.2.2.01.13.00;1.7.2.2.01.13.00 - Cota-Parte da Contribuição de Intervenção no Domínio Econômico;291795,96;108656
2016;Prefeitura Municipal de Corumbá - MS;5003207;MS;DCA-Anexo I-C;NA;Receitas Brutas Realizadas;RO1.7.2.2.33.00.00;1.7.2.2.33.00.00 - Transferências de Recursos do Estado para Programas de Saúde - Repasse Fundo a Fundo;8154963,08;108656
2016;Prefeitura Municipal de Corumbá - MS;5003207;MS;DCA-Anexo I-C;NA;Receitas Brutas Realizadas;RO1.7.2.2.99.00.00;1.7.2.2.99.00.00 - Outras Transferências dos Estados;16398277,63;108656
2016;Prefeitura Municipal de Corumbá - MS;5003207;MS;DCA-Anexo I-C;NA;Receitas Brutas Realizadas;RO1.7.2.4.00.00.00;1.7.2.4.00.00.00 - Transferências Multigovernamentais;53566155,43;108656
2016;Prefeitura Municipal de Corumbá - MS;5003207;MS;DCA-Anexo I-C;NA;Receitas Brutas Realizadas;RO1.7.2.4.01.00.00;1.7.2.4.01.00.00 - Transferências de Recursos do Fundo de Manutenção e Desenvolvimento do Ensino Fundamental e de Valorização do Magistério - FUNDEB;53566155,43;108656
2016;Prefeitura Municipal de Corumbá - MS;5003207;MS;DCA-Anexo I-C;NA;Receitas Brutas Realizadas;RO1.7.5.0.00.00.00;1.7.5.0.00.00.00 - Transferências de Pessoas;22793,10;108656
2016;Prefeitura Municipal de Corumbá - MS;5003207;MS;DCA-Anexo I-C;NA;Receitas Brutas Realizadas;RO1.7.6.0.00.00.00;1.7.6.0.00.00.00 - Transferências de Convênios;3600771,50;108656
2016;Prefeitura Municipal de Corumbá - MS;5003207;MS;DCA-Anexo I-C;NA;Receitas Brutas Realizadas;RO1.7.6.1.00.00.00;1.7.6.1.00.00.00 - Transferências de Convênios da União e de Suas Entidades;3132781,12;108656
2016;Prefeitura Municipal de Corumbá - MS;5003207;MS;DCA-Anexo I-C;NA;Receitas Brutas Realizadas;RO1.7.6.1.03.00.00;1.7.6.1.03.00.00 - Transferências de Convênios da União Destinadas a Programas de Assistência Social;2779962,78;108656
2016;Prefeitura Municipal de Corumbá - MS;5003207;MS;DCA-Anexo I-C;NA;Receitas Brutas Realizadas;RO1.7.6.1.04.00.00;1.7.6.1.04.00.00 - Transferências de Convênios da União Destinadas aos Programas de Combate à Fome;352818,34;108656
2016;Prefeitura Municipal de Corumbá - MS;5003207;MS;DCA-Anexo I-C;NA;Receitas Brutas Realizadas;RO1.7.6.2.00.00.00;1.7.6.2.00.00.00 - Transferências de Convênios dos Estados e do Distrito Federal e de Suas Entidades;417990,38;108656
2016;Prefeitura Municipal de Corumbá - MS;5003207;MS;DCA-Anexo I-C;NA;Receitas Brutas Realizadas;RO1.7.6.2.02.00.00;1.7.6.2.02.00.00 - Transferências de Convênios dos Estados Destinadas a Programas de Educação;417990,38;108656
2016;Prefeitura Municipal de Corumbá - MS;5003207;MS;DCA-Anexo I-C;NA;Receitas Brutas Realizadas;RO1.7.6.4.00.00.00;1.7.6.4.00.00.00 - Transferências de Convênios de Instituições Privadas;50000,00;108656
2016;Prefeitura Municipal de Corumbá - MS;5003207;MS;DCA-Anexo I-C;NA;Receitas Brutas Realizadas;RO1.9.0.0.00.00.00;1.9.0.0.00.00.00 - Outras Receitas Correntes;9080305,00;108656
2016;Prefeitura Municipal de Corumbá - MS;5003207;MS;DCA-Anexo I-C;NA;Receitas Brutas Realizadas;RO1.9.1.0.00.00.00;1.9.1.0.00.00.00 - Multas e Juros de Mora;1489110,39;108656
2016;Prefeitura Municipal de Corumbá - MS;5003207;MS;DCA-Anexo I-C;NA;Receitas Brutas Realizadas;RO1.9.1.1.00.00.00;1.9.1.1.00.00.00 - Multas e Juros de Mora dos Tributos;281434,83;108656
2016;Prefeitura Municipal de Corumbá - MS;5003207;MS;DCA-Anexo I-C;NA;Receitas Brutas Realizadas;RO1.9.1.1.35.00.00;1.9.1.1.35.00.00 - Multas e Juros de Mora da Taxa de Fiscalização e Vigilância Sanitária;31881,29;108656
2016;Prefeitura Municipal de Corumbá - MS;5003207;MS;DCA-Anexo I-C;NA;Receitas Brutas Realizadas;RO1.9.1.1.38.00.00;1.9.1.1.38.00.00 - Multas e Juros de Mora do Imposto sobre a Propriedade Predial e Territorial Urbana ¿ IPTU;71956,97;108656
2016;Prefeitura Municipal de Corumbá - MS;5003207;MS;DCA-Anexo I-C;NA;Receitas Brutas Realizadas;RO1.9.1.1.39.00.00;1.9.1.1.39.00.00 - Multas e Juros de Mora do Imposto sobre a Transmissão Inter Vivos de Bens Imóveis - ITBI;54,71;108656
2016;Prefeitura Municipal de Corumbá - MS;5003207;MS;DCA-Anexo I-C;NA;Receitas Brutas Realizadas;RO1.9.1.1.40.00.00;1.9.1.1.40.00.00 - Multas e Juros de Mora do Imposto sobre Serviços de Qualquer Natureza ¿ ISS;130833,93;108656
2016;Prefeitura Municipal de Corumbá - MS;5003207;MS;DCA-Anexo I-C;NA;Receitas Brutas Realizadas;RO1.9.1.1.99.00.00;1.9.1.1.99.00.00 - Multas e Juros de Mora de Outros Tributos;46707,93;108656
2016;Prefeitura Municipal de Corumbá - MS;5003207;MS;DCA-Anexo I-C;NA;Receitas Brutas Realizadas;RO1.9.1.2.00.00.00;1.9.1.2.00.00.00 - Multas e Juros de Mora das Contribuições;19379,22;108656
2016;Prefeitura Municipal de Corumbá - MS;5003207;MS;DCA-Anexo I-C;NA;Receitas Brutas Realizadas;RO1.9.1.2.29.00.00;1.9.1.2.29.00.00 - Multas e Juros de Mora das Contribuições para o Regime Próprio de Previdência do Servidor;19379,22;108656
2016;Prefeitura Municipal de Corumbá - MS;5003207;MS;DCA-Anexo I-C;NA;Receitas Brutas Realizadas;RO1.9.1.3.00.00.00;1.9.1.3.00.00.00 - Multas e Juros de Mora da Dívida Ativa dos Tributos;820974,67;108656
2016;Prefeitura Municipal de Corumbá - MS;5003207;MS;DCA-Anexo I-C;NA;Receitas Brutas Realizadas;RO1.9.1.3.11.00.00;1.9.1.3.11.00.00 - Multas e Juros de Mora da Dívida Ativa do Imposto sobre a Propriedade Predial e Territorial Urbana ¿ IPTU;717033,73;108656
2016;Prefeitura Municipal de Corumbá - MS;5003207;MS;DCA-Anexo I-C;NA;Receitas Brutas Realizadas;RO1.9.1.3.13.00.00;1.9.1.3.13.00.00 - Multas e Juros de Mora da Dívida Ativa do Imposto sobre Serviços de Qualquer Natureza ¿ ISS;35183,00;108656
2016;Prefeitura Municipal de Corumbá - MS;5003207;MS;DCA-Anexo I-C;NA;Receitas Brutas Realizadas;RO1.9.1.3.99.00.00;1.9.1.3.99.00.00 - Multas e Juros de Mora da Dívida Ativa de Outros Tributos;68757,94;108656
2016;Prefeitura Municipal de Corumbá - MS;5003207;MS;DCA-Anexo I-C;NA;Receitas Brutas Realizadas;RO1.9.1.5.00.00.00;1.9.1.5.00.00.00 - Multas e Juros de Mora da Dívida Ativa de Outras Receitas;28638,57;108656
2016;Prefeitura Municipal de Corumbá - MS;5003207;MS;DCA-Anexo I-C;NA;Receitas Brutas Realizadas;RO1.9.1.5.99.00.00;1.9.1.5.99.00.00 - Outras Multas e Juros de Mora da Dívida Ativa de Outras Receitas;28638,57;108656
2016;Prefeitura Municipal de Corumbá - MS;5003207;MS;DCA-Anexo I-C;NA;Receitas Brutas Realizadas;RO1.9.1.8.00.00.00;1.9.1.8.00.00.00 - Multas e Juros de Mora de Outras Receitas;2434,63;108656
2016;Prefeitura Municipal de Corumbá - MS;5003207;MS;DCA-Anexo I-C;NA;Receitas Brutas Realizadas;RO1.9.1.8.99.00.00;1.9.1.8.99.00.00 - Outras Multas e Juros de Mora;2434,63;108656
2016;Prefeitura Municipal de Corumbá - MS;5003207;MS;DCA-Anexo I-C;NA;Receitas Brutas Realizadas;RO1.9.1.9.00.00.00;1.9.1.9.00.00.00 - Multas de Outras Origens;336248,47;108656
2016;Prefeitura Municipal de Corumbá - MS;5003207;MS;DCA-Anexo I-C;NA;Receitas Brutas Realizadas;RO1.9.2.0.00.00.00;1.9.2.0.00.00.00 - Indenizações e Restituições;2850427,79;108656
2016;Prefeitura Municipal de Corumbá - MS;5003207;MS;DCA-Anexo I-C;NA;Receitas Brutas Realizadas;RO1.9.2.2.00.00.00;1.9.2.2.00.00.00 - Restituições;2850427,79;108656
2016;Prefeitura Municipal de Corumbá - MS;5003207;MS;DCA-Anexo I-C;NA;Receitas Brutas Realizadas;RO1.9.2.2.01.00.00;1.9.2.2.01.00.00 - Restituições de Convênios;12403,50;108656
2016;Prefeitura Municipal de Corumbá - MS;5003207;MS;DCA-Anexo I-C;NA;Receitas Brutas Realizadas;RO1.9.2.2.10.00.00;1.9.2.2.10.00.00 - Compensações Financeiras entre o Regime Geral e os Regimes Próprios de Previdência dos Servidores;859820,39;108656
2016;Prefeitura Municipal de Corumbá - MS;5003207;MS;DCA-Anexo I-C;NA;Receitas Brutas Realizadas;RO1.9.2.2.99.00.00;1.9.2.2.99.00.00 - Outras Restituições;1978203,90;108656
2016;Prefeitura Municipal de Corumbá - MS;5003207;MS;DCA-Anexo I-C;NA;Receitas Brutas Realizadas;RO1.9.3.0.00.00.00;1.9.3.0.00.00.00 - Receita da Dívida Ativa;3203349,13;108656
2016;Prefeitura Municipal de Corumbá - MS;5003207;MS;DCA-Anexo I-C;NA;Receitas Brutas Realizadas;RO1.9.3.1.00.00.00;1.9.3.1.00.00.00 - Receita da Dívida Ativa Tributária;3182198,93;108656
2016;Prefeitura Municipal de Corumbá - MS;5003207;MS;DCA-Anexo I-C;NA;Receitas Brutas Realizadas;RO1.9.3.1.11.00.00;1.9.3.1.11.00.00 - Receita da Dívida Ativa do Imposto sobre a Propriedade Predial e Territorial Urbana ¿ IPTU;2778225,92;108656
2016;Prefeitura Municipal de Corumbá - MS;5003207;MS;DCA-Anexo I-C;NA;Receitas Brutas Realizadas;RO1.9.3.1.13.00.00;1.9.3.1.13.00.00 - Receita da Dívida Ativa do Imposto sobre Serviços de Qualquer Natureza ¿ ISS;177388,26;108656
2016;Prefeitura Municipal de Corumbá - MS;5003207;MS;DCA-Anexo I-C;NA;Receitas Brutas Realizadas;RO1.9.3.1.99.00.00;1.9.3.1.99.00.00 - Receita da Dívida Ativa de Outros Tributos;226584,75;108656
2016;Prefeitura Municipal de Corumbá - MS;5003207;MS;DCA-Anexo I-C;NA;Receitas Brutas Realizadas;RO1.9.3.2.00.00.00;1.9.3.2.00.00.00 - Receita da Dívida Ativa Não Tributária;21150,20;108656
2016;Prefeitura Municipal de Corumbá - MS;5003207;MS;DCA-Anexo I-C;NA;Receitas Brutas Realizadas;RO1.9.3.2.99.00.00;1.9.3.2.99.00.00 - Receita da Dívida Ativa Não Tributária de Outras Receitas;21150,20;108656
2016;Prefeitura Municipal de Corumbá - MS;5003207;MS;DCA-Anexo I-C;NA;Receitas Brutas Realizadas;RO1.9.9.0.00.00.00;1.9.9.0.00.00.00 - Receitas Diversas;1537417,69;108656
2016;Prefeitura Municipal de Corumbá - MS;5003207;MS;DCA-Anexo I-C;NA;Receitas Brutas Realizadas;RO1.9.9.0.02.00.00;1.9.9.0.02.00.00 - Encargos Legais pela Inscrição em Dívida Ativa e Receitas de Ônus de Sucumbência;87116,07;108656
2016;Prefeitura Municipal de Corumbá - MS;5003207;MS;DCA-Anexo I-C;NA;Receitas Brutas Realizadas;RO1.9.9.0.99.00.00;1.9.9.0.99.00.00 - Outras Receitas;1450301,62;108656
2016;Prefeitura Municipal de Corumbá - MS;5003207;MS;DCA-Anexo I-C;NA;Receitas Brutas Realizadas;RO2.0.0.0.00.00.00;2.0.0.0.00.00.00 - Receitas de Capital;11914448,15;108656
2016;Prefeitura Municipal de Corumbá - MS;5003207;MS;DCA-Anexo I-C;NA;Receitas Brutas Realizadas;RO2.4.0.0.00.00.00;2.4.0.0.00.00.00 - Transferências de Capital;11914448,15;108656
2016;Prefeitura Municipal de Corumbá - MS;5003207;MS;DCA-Anexo I-C;NA;Receitas Brutas Realizadas;RO2.4.2.0.00.00.00;2.4.2.0.00.00.00 - Transferências Intergovernamentais;1707976,65;108656
2016;Prefeitura Municipal de Corumbá - MS;5003207;MS;DCA-Anexo I-C;NA;Receitas Brutas Realizadas;RO2.4.2.1.00.00.00;2.4.2.1.00.00.00 - Transferências da União;1627976,65;108656
2016;Prefeitura Municipal de Corumbá - MS;5003207;MS;DCA-Anexo I-C;NA;Receitas Brutas Realizadas;RO2.4.2.1.01.00.00;2.4.2.1.01.00.00 - Participação na Receita da União;1320783,36;108656
2016;Prefeitura Municipal de Corumbá - MS;5003207;MS;DCA-Anexo I-C;NA;Receitas Brutas Realizadas;RO2.4.2.1.02.00.00;2.4.2.1.02.00.00 - Transferências de Recursos Destinados a Programas de Educação;307193,29;108656
2016;Prefeitura Municipal de Corumbá - MS;5003207;MS;DCA-Anexo I-C;NA;Receitas Brutas Realizadas;RO2.4.2.2.00.00.00;2.4.2.2.00.00.00 - Transferências dos Estados;80000,00;108656
2016;Prefeitura Municipal de Corumbá - MS;5003207;MS;DCA-Anexo I-C;NA;Receitas Brutas Realizadas;RO2.4.2.2.01.00.00;2.4.2.2.01.00.00 - Participação na Receita dos Estados;80000,00;108656
2016;Prefeitura Municipal de Corumbá - MS;5003207;MS;DCA-Anexo I-C;NA;Receitas Brutas Realizadas;RO2.4.7.0.00.00.00;2.4.7.0.00.00.00 - Transferências de Convênios;10206471,50;108656
2016;Prefeitura Municipal de Corumbá - MS;5003207;MS;DCA-Anexo I-C;NA;Receitas Brutas Realizadas;RO2.4.7.1.00.00.00;2.4.7.1.00.00.00 - Transferências de Convênios da União e de suas Entidades;10206471,50;108656
2016;Prefeitura Municipal de Corumbá - MS;5003207;MS;DCA-Anexo I-C;NA;Receitas Brutas Realizadas;RO2.4.7.1.01.00.00;2.4.7.1.01.00.00 - Transferências de Convênios da União para o Sistema Único de Saúde - SUS;1803509,02;108656
2016;Prefeitura Municipal de Corumbá - MS;5003207;MS;DCA-Anexo I-C;NA;Receitas Brutas Realizadas;RO2.4.7.1.05.00.00;2.4.7.1.05.00.00 - Transferências de Convênios da União Destinadas a Programas de Infraestrutura em Transporte;343981,08;108656
2016;Prefeitura Municipal de Corumbá - MS;5003207;MS;DCA-Anexo I-C;NA;Receitas Brutas Realizadas;RO2.4.7.1.99.00.00;2.4.7.1.99.00.00 - Outras Transferências de Convênios da União;8058981,40;108656
2016;Prefeitura Municipal de Corumbá - MS;5003207;MS;DCA-Anexo I-C;NA;Receitas Brutas Realizadas;RI7.0.0.0.00.00.00;7.0.0.0.00.00.00 - Receitas Correntes Intraorçamentárias;25576073,42;108656
2016;Prefeitura Municipal de Corumbá - MS;5003207;MS;DCA-Anexo I-C;NA;Receitas Brutas Realizadas;RI7.2.0.0.00.00.00;7.2.0.0.00.00.00 - Receitas de Contribuições Intraorçamentárias;25576073,42;108656
2016;Prefeitura Municipal de Corumbá - MS;5003207;MS;DCA-Anexo I-C;NA;Receitas Brutas Realizadas;RI7.2.1.0.00.00.00;7.2.1.0.00.00.00 - Contribuições Sociais Intraorçamentárias;25576073,42;108656
2016;Prefeitura Municipal de Corumbá - MS;5003207;MS;DCA-Anexo I-C;NA;Receitas Brutas Realizadas;RI7.2.1.0.29.00.00;7.2.1.0.29.00.00 - Contribuições para o Regime Próprio de Previdência do Servidor Público Intraorçamentárias;13852608,65;108656
2016;Prefeitura Municipal de Corumbá - MS;5003207;MS;DCA-Anexo I-C;NA;Receitas Brutas Realizadas;RI7.2.1.0.29.01.00;7.2.1.0.29.01.00 - Contribuição Patronal de Servidor Ativo Civil para o Regime Próprio Intraorçamentária;13852608,65;108656
2016;Prefeitura Municipal de Corumbá - MS;5003207;MS;DCA-Anexo I-C;NA;Receitas Brutas Realizadas;RI7.2.1.0.99.00.00;7.2.1.0.99.00.00 - Outras Contribuições Sociais Intraorçamentárias;11723464,77;108656
2017;Prefeitura Municipal de Corumbá - MS;5003207;MS;DCA-Anexo I-C;Padrão;Receitas Brutas Realizadas;TotalReceitas;Total Receitas;518024654,38;109294
2017;Prefeitura Municipal de Corumbá - MS;5003207;MS;DCA-Anexo I-C;Padrão;Deduções - FUNDEB;TotalReceitas;Total Receitas;44526330,40;109294
2017;Prefeitura Municipal de Corumbá - MS;5003207;MS;DCA-Anexo I-C;Padrão;Outras Deduções da Receita;TotalReceitas;Total Receitas;4036219,09;109294
2017;Prefeitura Municipal de Corumbá - MS;5003207;MS;DCA-Anexo I-C;Padrão;Receitas Brutas Realizadas;RO1.0.0.0.00.00.00;1.0.0.0.00.00.00 - Receitas Correntes;477822305,57;109294
2017;Prefeitura Municipal de Corumbá - MS;5003207;MS;DCA-Anexo I-C;Padrão;Deduções - FUNDEB;RO1.0.0.0.00.00.00;1.0.0.0.00.00.00 - Receitas Correntes;44526330,40;109294
2017;Prefeitura Municipal de Corumbá - MS;5003207;MS;DCA-Anexo I-C;Padrão;Outras Deduções da Receita;RO1.0.0.0.00.00.00;1.0.0.0.00.00.00 - Receitas Correntes;4036219,09;109294
2017;Prefeitura Municipal de Corumbá - MS;5003207;MS;DCA-Anexo I-C;Padrão;Receitas Brutas Realizadas;RO1.1.0.0.00.00.00;1.1.0.0.00.00.00 - Receita Tributária;54868875,71;109294
2017;Prefeitura Municipal de Corumbá - MS;5003207;MS;DCA-Anexo I-C;Padrão;Receitas Brutas Realizadas;RO1.1.1.0.00.00.00;1.1.1.0.00.00.00 - Impostos;50356170,56;109294
2017;Prefeitura Municipal de Corumbá - MS;5003207;MS;DCA-Anexo I-C;Padrão;Receitas Brutas Realizadas;RO1.1.1.2.00.00.00;1.1.1.2.00.00.00 - Impostos sobre o Patrimônio e a Renda;30928623,38;109294
2017;Prefeitura Municipal de Corumbá - MS;5003207;MS;DCA-Anexo I-C;Padrão;Receitas Brutas Realizadas;RO1.1.1.2.02.00.00;1.1.1.2.02.00.00 - Imposto sobre a Propriedade Predial e Territorial Urbana ¿ IPTU;8068523,27;109294
2017;Prefeitura Municipal de Corumbá - MS;5003207;MS;DCA-Anexo I-C;Padrão;Receitas Brutas Realizadas;RO1.1.1.2.04.00.00;1.1.1.2.04.00.00 - Imposto sobre a Renda e Proventos de Qualquer Natureza ¿ IR;17766768,84;109294
2017;Prefeitura Municipal de Corumbá - MS;5003207;MS;DCA-Anexo I-C;Padrão;Receitas Brutas Realizadas;RO1.1.1.2.04.31.00;1.1.1.2.04.31.00 - Retido nas Fontes - Trabalho;16145971,38;109294
2017;Prefeitura Municipal de Corumbá - MS;5003207;MS;DCA-Anexo I-C;Padrão;Receitas Brutas Realizadas;RO1.1.1.2.04.34.00;1.1.1.2.04.34.00 - Retido nas Fontes - Outros Rendimentos;1620797,46;109294
2017;Prefeitura Municipal de Corumbá - MS;5003207;MS;DCA-Anexo I-C;Padrão;Receitas Brutas Realizadas;RO1.1.1.2.08.00.00;"1.1.1.2.08.00.00 - Imposto sobre Transmissão ""Inter Vivos"" de Bens Imóveis e de Direitos Reais sobre Imóveis ¿ ITBI";5093331,27;109294
2017;Prefeitura Municipal de Corumbá - MS;5003207;MS;DCA-Anexo I-C;Padrão;Receitas Brutas Realizadas;RO1.1.1.3.00.00.00;1.1.1.3.00.00.00 - Impostos sobre a Produção e a Circulação;19427547,18;109294
2017;Prefeitura Municipal de Corumbá - MS;5003207;MS;DCA-Anexo I-C;Padrão;Receitas Brutas Realizadas;RO1.1.1.3.05.00.00;1.1.1.3.05.00.00 - Imposto sobre Serviços de Qualquer Natureza ¿ ISSQN;19427547,18;109294
2017;Prefeitura Municipal de Corumbá - MS;5003207;MS;DCA-Anexo I-C;Padrão;Receitas Brutas Realizadas;RO1.1.2.0.00.00.00;1.1.2.0.00.00.00 - Taxas;4512705,15;109294
2017;Prefeitura Municipal de Corumbá - MS;5003207;MS;DCA-Anexo I-C;Padrão;Receitas Brutas Realizadas;RO1.1.2.1.00.00.00;1.1.2.1.00.00.00 - Taxas pelo Exercício do Poder de Polícia;1325191,55;109294
2017;Prefeitura Municipal de Corumbá - MS;5003207;MS;DCA-Anexo I-C;Padrão;Receitas Brutas Realizadas;RO1.1.2.2.00.00.00;1.1.2.2.00.00.00 - Taxas pela Prestação de Serviços;3187513,60;109294
2017;Prefeitura Municipal de Corumbá - MS;5003207;MS;DCA-Anexo I-C;Padrão;Receitas Brutas Realizadas;RO1.1.2.2.12.00.00;1.1.2.2.12.00.00 - Emolumentos e Custas Processuais Administrativas;87488,45;109294
2017;Prefeitura Municipal de Corumbá - MS;5003207;MS;DCA-Anexo I-C;Padrão;Receitas Brutas Realizadas;RO1.1.2.2.90.00.00;1.1.2.2.90.00.00 - Taxa de Limpeza Pública;922077,05;109294
2017;Prefeitura Municipal de Corumbá - MS;5003207;MS;DCA-Anexo I-C;Padrão;Receitas Brutas Realizadas;RO1.1.2.2.99.00.00;1.1.2.2.99.00.00 - Outras Taxas pela Prestação de Serviços;2177948,10;109294
2017;Prefeitura Municipal de Corumbá - MS;5003207;MS;DCA-Anexo I-C;Padrão;Receitas Brutas Realizadas;RO1.2.0.0.00.00.00;1.2.0.0.00.00.00 - Receitas de Contribuições;19075811,15;109294
2017;Prefeitura Municipal de Corumbá - MS;5003207;MS;DCA-Anexo I-C;Padrão;Receitas Brutas Realizadas;RO1.2.1.0.00.00.00;1.2.1.0.00.00.00 - Contribuições Sociais;13424761,98;109294
2017;Prefeitura Municipal de Corumbá - MS;5003207;MS;DCA-Anexo I-C;Padrão;Receitas Brutas Realizadas;RO1.2.1.0.29.00.00;1.2.1.0.29.00.00 - Contribuições para o Regime Próprio de Previdência do Servidor Público;10592988,09;109294
2017;Prefeitura Municipal de Corumbá - MS;5003207;MS;DCA-Anexo I-C;Padrão;Receitas Brutas Realizadas;RO1.2.1.0.29.07.00;1.2.1.0.29.07.00 - Contribuição do Servidor Ativo Civil para o Regime Próprio;10260297,45;109294
2017;Prefeitura Municipal de Corumbá - MS;5003207;MS;DCA-Anexo I-C;Padrão;Receitas Brutas Realizadas;RO1.2.1.0.29.09.00;1.2.1.0.29.09.00 - Contribuições do Servidor Inativo Civil para o Regime Próprio;332690,64;109294
2017;Prefeitura Municipal de Corumbá - MS;5003207;MS;DCA-Anexo I-C;Padrão;Receitas Brutas Realizadas;RO1.2.1.0.99.00.00;1.2.1.0.99.00.00 - Outras Contribuições Sociais;2831773,89;109294
2017;Prefeitura Municipal de Corumbá - MS;5003207;MS;DCA-Anexo I-C;Padrão;Receitas Brutas Realizadas;RO1.2.3.0.00.00.00;1.2.3.0.00.00.00 - Contribuição para Custeio do Serviço de Iluminação Pública;5651049,17;109294
2017;Prefeitura Municipal de Corumbá - MS;5003207;MS;DCA-Anexo I-C;Padrão;Receitas Brutas Realizadas;RO1.3.0.0.00.00.00;1.3.0.0.00.00.00 - Receita Patrimonial;32840359,08;109294
2017;Prefeitura Municipal de Corumbá - MS;5003207;MS;DCA-Anexo I-C;Padrão;Outras Deduções da Receita;RO1.3.0.0.00.00.00;1.3.0.0.00.00.00 - Receita Patrimonial;4036219,09;109294
2017;Prefeitura Municipal de Corumbá - MS;5003207;MS;DCA-Anexo I-C;Padrão;Receitas Brutas Realizadas;RO1.3.1.0.00.00.00;1.3.1.0.00.00.00 - Receitas Imobiliárias;147192,72;109294
2017;Prefeitura Municipal de Corumbá - MS;5003207;MS;DCA-Anexo I-C;Padrão;Receitas Brutas Realizadas;RO1.3.1.4.00.00.00;1.3.1.4.00.00.00 - Laudêmios;147192,72;109294
2017;Prefeitura Municipal de Corumbá - MS;5003207;MS;DCA-Anexo I-C;Padrão;Receitas Brutas Realizadas;RO1.3.2.0.00.00.00;1.3.2.0.00.00.00 - Receitas de Valores Mobiliários;32608199,20;109294
2017;Prefeitura Municipal de Corumbá - MS;5003207;MS;DCA-Anexo I-C;Padrão;Outras Deduções da Receita;RO1.3.2.0.00.00.00;1.3.2.0.00.00.00 - Receitas de Valores Mobiliários;4036219,09;109294
2017;Prefeitura Municipal de Corumbá - MS;5003207;MS;DCA-Anexo I-C;Padrão;Receitas Brutas Realizadas;RO1.3.2.2.00.00.00;1.3.2.2.00.00.00 - Dividendos;65557,75;109294
2017;Prefeitura Municipal de Corumbá - MS;5003207;MS;DCA-Anexo I-C;Padrão;Receitas Brutas Realizadas;RO1.3.2.5.00.00.00;1.3.2.5.00.00.00 - Remuneração de Depósitos Bancários;3394349,45;109294
2017;Prefeitura Municipal de Corumbá - MS;5003207;MS;DCA-Anexo I-C;Padrão;Receitas Brutas Realizadas;RO1.3.2.8.00.00.00;1.3.2.8.00.00.00 - Remuneração dos Investimentos do Regime Próprio de Previdência do Servidor;29148292,00;109294
2017;Prefeitura Municipal de Corumbá - MS;5003207;MS;DCA-Anexo I-C;Padrão;Outras Deduções da Receita;RO1.3.2.8.00.00.00;1.3.2.8.00.00.00 - Remuneração dos Investimentos do Regime Próprio de Previdência do Servidor;4036219,09;109294
2017;Prefeitura Municipal de Corumbá - MS;5003207;MS;DCA-Anexo I-C;Padrão;Receitas Brutas Realizadas;RO1.3.3.0.00.00.00;1.3.3.0.00.00.00 - Receitas de Concessões e Permissões;84967,16;109294
2017;Prefeitura Municipal de Corumbá - MS;5003207;MS;DCA-Anexo I-C;Padrão;Receitas Brutas Realizadas;RO1.6.0.0.00.00.00;1.6.0.0.00.00.00 - Receita de Serviços;111060,00;109294
2017;Prefeitura Municipal de Corumbá - MS;5003207;MS;DCA-Anexo I-C;Padrão;Receitas Brutas Realizadas;RO1.6.0.0.13.00.00;1.6.0.0.13.00.00 - Serviços Administrativos;111060,00;109294
2017;Prefeitura Municipal de Corumbá - MS;5003207;MS;DCA-Anexo I-C;Padrão;Receitas Brutas Realizadas;RO1.7.0.0.00.00.00;1.7.0.0.00.00.00 - Transferências Correntes;360581746,92;109294
2017;Prefeitura Municipal de Corumbá - MS;5003207;MS;DCA-Anexo I-C;Padrão;Deduções - FUNDEB;RO1.7.0.0.00.00.00;1.7.0.0.00.00.00 - Transferências Correntes;44526330,40;109294
2017;Prefeitura Municipal de Corumbá - MS;5003207;MS;DCA-Anexo I-C;Padrão;Receitas Brutas Realizadas;RO1.7.2.0.00.00.00;1.7.2.0.00.00.00 - Transferências Intergovernamentais;356268426,14;109294
2017;Prefeitura Municipal de Corumbá - MS;5003207;MS;DCA-Anexo I-C;Padrão;Deduções - FUNDEB;RO1.7.2.0.00.00.00;1.7.2.0.00.00.00 - Transferências Intergovernamentais;44526330,40;109294
2017;Prefeitura Municipal de Corumbá - MS;5003207;MS;DCA-Anexo I-C;Padrão;Receitas Brutas Realizadas;RO1.7.2.1.00.00.00;1.7.2.1.00.00.00 - Transferências da União;103888922,31;109294
2017;Prefeitura Municipal de Corumbá - MS;5003207;MS;DCA-Anexo I-C;Padrão;Deduções - FUNDEB;RO1.7.2.1.00.00.00;1.7.2.1.00.00.00 - Transferências da União;10036129,20;109294
2017;Prefeitura Municipal de Corumbá - MS;5003207;MS;DCA-Anexo I-C;Padrão;Receitas Brutas Realizadas;RO1.7.2.1.01.00.00;1.7.2.1.01.00.00 - Participação na Receita da União;53316786,11;109294
2017;Prefeitura Municipal de Corumbá - MS;5003207;MS;DCA-Anexo I-C;Padrão;Deduções - FUNDEB;RO1.7.2.1.01.00.00;1.7.2.1.01.00.00 - Participação na Receita da União;9932441,28;109294
2017;Prefeitura Municipal de Corumbá - MS;5003207;MS;DCA-Anexo I-C;Padrão;Receitas Brutas Realizadas;RO1.7.2.1.01.02.00;1.7.2.1.01.02.00 - Cota-Parte do Fundo de Participação dos Municípios ¿ FPM;40461436,64;109294
2017;Prefeitura Municipal de Corumbá - MS;5003207;MS;DCA-Anexo I-C;Padrão;Deduções - FUNDEB;RO1.7.2.1.01.02.00;1.7.2.1.01.02.00 - Cota-Parte do Fundo de Participação dos Municípios ¿ FPM;8092286,99;109294
2017;Prefeitura Municipal de Corumbá - MS;5003207;MS;DCA-Anexo I-C;Padrão;Receitas Brutas Realizadas;RO1.7.2.1.01.03.00;1.7.2.1.01.03.00 - Cota-Parte do Fundo de Participação dos Municípios - 1% Cota Anual;1798747,92;109294
2017;Prefeitura Municipal de Corumbá - MS;5003207;MS;DCA-Anexo I-C;Padrão;Receitas Brutas Realizadas;RO1.7.2.1.01.04.00;1.7.2.1.01.04.00 - Cota-Parte do Fundo de Participação dos Municípios - 1% Cota entregue no mês de julho (67)(I);1855829,59;109294
2017;Prefeitura Municipal de Corumbá - MS;5003207;MS;DCA-Anexo I-C;Padrão;Receitas Brutas Realizadas;RO1.7.2.1.01.05.00;1.7.2.1.01.05.00 - Cota-Parte do Imposto Sobre a Propriedade Territorial Rural ¿ ITR;9200771,96;109294
2017;Prefeitura Municipal de Corumbá - MS;5003207;MS;DCA-Anexo I-C;Padrão;Deduções - FUNDEB;RO1.7.2.1.01.05.00;1.7.2.1.01.05.00 - Cota-Parte do Imposto Sobre a Propriedade Territorial Rural ¿ ITR;1840154,29;109294
2017;Prefeitura Municipal de Corumbá - MS;5003207;MS;DCA-Anexo I-C;Padrão;Receitas Brutas Realizadas;RO1.7.2.1.22.00.00;1.7.2.1.22.00.00 - Transferências da Compensação Financeira pela Exploração de Recursos Naturais;3523349,64;109294
2017;Prefeitura Municipal de Corumbá - MS;5003207;MS;DCA-Anexo I-C;Padrão;Receitas Brutas Realizadas;RO1.7.2.1.22.20.00;1.7.2.1.22.20.00 - Cota-Parte da Compensação Financeira de Recursos Minerais - CFEM;3053352,12;109294
2017;Prefeitura Municipal de Corumbá - MS;5003207;MS;DCA-Anexo I-C;Padrão;Receitas Brutas Realizadas;RO1.7.2.1.22.70.00;1.7.2.1.22.70.00 - Cota-Parte do Fundo Especial do Petróleo ¿ FEP;469997,52;109294
2017;Prefeitura Municipal de Corumbá - MS;5003207;MS;DCA-Anexo I-C;Padrão;Receitas Brutas Realizadas;RO1.7.2.1.33.00.00;1.7.2.1.33.00.00 - Transferências de Recursos do Sistema Único de Saúde - SUS - Repasses Fundo a Fundo;39043402,60;109294
2017;Prefeitura Municipal de Corumbá - MS;5003207;MS;DCA-Anexo I-C;Padrão;Receitas Brutas Realizadas;RO1.7.2.1.35.00.00;1.7.2.1.35.00.00 - Transferências de Recursos do Fundo Nacional do Desenvolvimento da Educação ¿ FNDE;5081763,47;109294
2017;Prefeitura Municipal de Corumbá - MS;5003207;MS;DCA-Anexo I-C;Padrão;Receitas Brutas Realizadas;RO1.7.2.1.36.00.00;1.7.2.1.36.00.00 - Transferências Financeiras do ICMS ¿ Desoneração ¿ L.C. Nº 87/96;518439,60;109294
2017;Prefeitura Municipal de Corumbá - MS;5003207;MS;DCA-Anexo I-C;Padrão;Deduções - FUNDEB;RO1.7.2.1.36.00.00;1.7.2.1.36.00.00 - Transferências Financeiras do ICMS ¿ Desoneração ¿ L.C. Nº 87/96;103687,92;109294
2017;Prefeitura Municipal de Corumbá - MS;5003207;MS;DCA-Anexo I-C;Padrão;Receitas Brutas Realizadas;RO1.7.2.1.99.00.00;1.7.2.1.99.00.00 - Outras Transferências da União;2405180,89;109294
2017;Prefeitura Municipal de Corumbá - MS;5003207;MS;DCA-Anexo I-C;Padrão;Receitas Brutas Realizadas;RO1.7.2.2.00.00.00;1.7.2.2.00.00.00 - Transferências dos Estados;200775702,98;109294
2017;Prefeitura Municipal de Corumbá - MS;5003207;MS;DCA-Anexo I-C;Padrão;Deduções - FUNDEB;RO1.7.2.2.00.00.00;1.7.2.2.00.00.00 - Transferências dos Estados;34490201,20;109294
2017;Prefeitura Municipal de Corumbá - MS;5003207;MS;DCA-Anexo I-C;Padrão;Receitas Brutas Realizadas;RO1.7.2.2.01.00.00;1.7.2.2.01.00.00 - Participação na Receita dos Estados;172846354,42;109294
2017;Prefeitura Municipal de Corumbá - MS;5003207;MS;DCA-Anexo I-C;Padrão;Deduções - FUNDEB;RO1.7.2.2.01.00.00;1.7.2.2.01.00.00 - Participação na Receita dos Estados;34490201,20;109294
2017;Prefeitura Municipal de Corumbá - MS;5003207;MS;DCA-Anexo I-C;Padrão;Receitas Brutas Realizadas;RO1.7.2.2.01.01.00;1.7.2.2.01.01.00 - Cota-Parte do ICMS;164023315,90;109294
2017;Prefeitura Municipal de Corumbá - MS;5003207;MS;DCA-Anexo I-C;Padrão;Deduções - FUNDEB;RO1.7.2.2.01.01.00;1.7.2.2.01.01.00 - Cota-Parte do ICMS;32804662,90;109294
2017;Prefeitura Municipal de Corumbá - MS;5003207;MS;DCA-Anexo I-C;Padrão;Receitas Brutas Realizadas;RO1.7.2.2.01.02.00;1.7.2.2.01.02.00 - Cota-Parte do IPVA;6678618,62;109294
2017;Prefeitura Municipal de Corumbá - MS;5003207;MS;DCA-Anexo I-C;Padrão;Deduções - FUNDEB;RO1.7.2.2.01.02.00;1.7.2.2.01.02.00 - Cota-Parte do IPVA;1335723,73;109294
2017;Prefeitura Municipal de Corumbá - MS;5003207;MS;DCA-Anexo I-C;Padrão;Receitas Brutas Realizadas;RO1.7.2.2.01.04.00;1.7.2.2.01.04.00 - Cota-Parte do IPI - Municípios;1749072,86;109294
2017;Prefeitura Municipal de Corumbá - MS;5003207;MS;DCA-Anexo I-C;Padrão;Deduções - FUNDEB;RO1.7.2.2.01.04.00;1.7.2.2.01.04.00 - Cota-Parte do IPI - Municípios;349814,57;109294
2017;Prefeitura Municipal de Corumbá - MS;5003207;MS;DCA-Anexo I-C;Padrão;Receitas Brutas Realizadas;RO1.7.2.2.01.13.00;1.7.2.2.01.13.00 - Cota-Parte da Contribuição de Intervenção no Domínio Econômico;395347,04;109294
2017;Prefeitura Municipal de Corumbá - MS;5003207;MS;DCA-Anexo I-C;Padrão;Receitas Brutas Realizadas;RO1.7.2.2.33.00.00;1.7.2.2.33.00.00 - Transferências de Recursos do Estado para Programas de Saúde - Repasse Fundo a Fundo;8708305,60;109294
2017;Prefeitura Municipal de Corumbá - MS;5003207;MS;DCA-Anexo I-C;Padrão;Receitas Brutas Realizadas;RO1.7.2.2.99.00.00;1.7.2.2.99.00.00 - Outras Transferências dos Estados;19221042,96;109294
2017;Prefeitura Municipal de Corumbá - MS;5003207;MS;DCA-Anexo I-C;Padrão;Receitas Brutas Realizadas;RO1.7.2.4.00.00.00;1.7.2.4.00.00.00 - Transferências Multigovernamentais;51603800,85;109294
2017;Prefeitura Municipal de Corumbá - MS;5003207;MS;DCA-Anexo I-C;Padrão;Receitas Brutas Realizadas;RO1.7.2.4.01.00.00;1.7.2.4.01.00.00 - Transferências de Recursos do Fundo de Manutenção e Desenvolvimento do Ensino Fundamental e de Valorização do Magistério - FUNDEB;51603800,85;109294
2017;Prefeitura Municipal de Corumbá - MS;5003207;MS;DCA-Anexo I-C;Padrão;Receitas Brutas Realizadas;RO1.7.5.0.00.00.00;1.7.5.0.00.00.00 - Transferências de Pessoas;28485,34;109294
2017;Prefeitura Municipal de Corumbá - MS;5003207;MS;DCA-Anexo I-C;Padrão;Receitas Brutas Realizadas;RO1.7.6.0.00.00.00;1.7.6.0.00.00.00 - Transferências de Convênios;4284835,44;109294
2017;Prefeitura Municipal de Corumbá - MS;5003207;MS;DCA-Anexo I-C;Padrão;Receitas Brutas Realizadas;RO1.7.6.1.00.00.00;1.7.6.1.00.00.00 - Transferências de Convênios da União e de Suas Entidades;4224835,44;109294
2017;Prefeitura Municipal de Corumbá - MS;5003207;MS;DCA-Anexo I-C;Padrão;Receitas Brutas Realizadas;RO1.7.6.1.03.00.00;1.7.6.1.03.00.00 - Transferências de Convênios da União Destinadas a Programas de Assistência Social;3783916,48;109294
2017;Prefeitura Municipal de Corumbá - MS;5003207;MS;DCA-Anexo I-C;Padrão;Receitas Brutas Realizadas;RO1.7.6.1.04.00.00;1.7.6.1.04.00.00 - Transferências de Convênios da União Destinadas aos Programas de Combate à Fome;364771,36;109294
2017;Prefeitura Municipal de Corumbá - MS;5003207;MS;DCA-Anexo I-C;Padrão;Receitas Brutas Realizadas;RO1.7.6.1.99.00.00;1.7.6.1.99.00.00 - Outras Transferências de Convênios da União;76147,60;109294
2017;Prefeitura Municipal de Corumbá - MS;5003207;MS;DCA-Anexo I-C;Padrão;Receitas Brutas Realizadas;RO1.7.6.4.00.00.00;1.7.6.4.00.00.00 - Transferências de Convênios de Instituições Privadas;60000,00;109294
2017;Prefeitura Municipal de Corumbá - MS;5003207;MS;DCA-Anexo I-C;Padrão;Receitas Brutas Realizadas;RO1.9.0.0.00.00.00;1.9.0.0.00.00.00 - Outras Receitas Correntes;10344452,71;109294
2017;Prefeitura Municipal de Corumbá - MS;5003207;MS;DCA-Anexo I-C;Padrão;Receitas Brutas Realizadas;RO1.9.1.0.00.00.00;1.9.1.0.00.00.00 - Multas e Juros de Mora;1884252,83;109294
2017;Prefeitura Municipal de Corumbá - MS;5003207;MS;DCA-Anexo I-C;Padrão;Receitas Brutas Realizadas;RO1.9.1.1.00.00.00;1.9.1.1.00.00.00 - Multas e Juros de Mora dos Tributos;465695,31;109294
2017;Prefeitura Municipal de Corumbá - MS;5003207;MS;DCA-Anexo I-C;Padrão;Receitas Brutas Realizadas;RO1.9.1.1.35.00.00;1.9.1.1.35.00.00 - Multas e Juros de Mora da Taxa de Fiscalização e Vigilância Sanitária;592,22;109294
2017;Prefeitura Municipal de Corumbá - MS;5003207;MS;DCA-Anexo I-C;Padrão;Receitas Brutas Realizadas;RO1.9.1.1.38.00.00;1.9.1.1.38.00.00 - Multas e Juros de Mora do Imposto sobre a Propriedade Predial e Territorial Urbana ¿ IPTU;106869,02;109294
2017;Prefeitura Municipal de Corumbá - MS;5003207;MS;DCA-Anexo I-C;Padrão;Receitas Brutas Realizadas;RO1.9.1.1.39.00.00;1.9.1.1.39.00.00 - Multas e Juros de Mora do Imposto sobre a Transmissão Inter Vivos de Bens Imóveis - ITBI;461,50;109294
2017;Prefeitura Municipal de Corumbá - MS;5003207;MS;DCA-Anexo I-C;Padrão;Receitas Brutas Realizadas;RO1.9.1.1.40.00.00;1.9.1.1.40.00.00 - Multas e Juros de Mora do Imposto sobre Serviços de Qualquer Natureza ¿ ISS;242957,01;109294
2017;Prefeitura Municipal de Corumbá - MS;5003207;MS;DCA-Anexo I-C;Padrão;Receitas Brutas Realizadas;RO1.9.1.1.99.00.00;1.9.1.1.99.00.00 - Multas e Juros de Mora de Outros Tributos;114815,56;109294
2017;Prefeitura Municipal de Corumbá - MS;5003207;MS;DCA-Anexo I-C;Padrão;Receitas Brutas Realizadas;RO1.9.1.2.00.00.00;1.9.1.2.00.00.00 - Multas e Juros de Mora das Contribuições;18658,92;109294
2017;Prefeitura Municipal de Corumbá - MS;5003207;MS;DCA-Anexo I-C;Padrão;Receitas Brutas Realizadas;RO1.9.1.2.29.00.00;1.9.1.2.29.00.00 - Multas e Juros de Mora das Contribuições para o Regime Próprio de Previdência do Servidor;18658,92;109294
2017;Prefeitura Municipal de Corumbá - MS;5003207;MS;DCA-Anexo I-C;Padrão;Receitas Brutas Realizadas;RO1.9.1.3.00.00.00;1.9.1.3.00.00.00 - Multas e Juros de Mora da Dívida Ativa dos Tributos;920167,18;109294
2017;Prefeitura Municipal de Corumbá - MS;5003207;MS;DCA-Anexo I-C;Padrão;Receitas Brutas Realizadas;RO1.9.1.3.11.00.00;1.9.1.3.11.00.00 - Multas e Juros de Mora da Dívida Ativa do Imposto sobre a Propriedade Predial e Territorial Urbana ¿ IPTU;784824,08;109294
2017;Prefeitura Municipal de Corumbá - MS;5003207;MS;DCA-Anexo I-C;Padrão;Receitas Brutas Realizadas;RO1.9.1.3.13.00.00;1.9.1.3.13.00.00 - Multas e Juros de Mora da Dívida Ativa do Imposto sobre Serviços de Qualquer Natureza ¿ ISS;49375,50;109294
2017;Prefeitura Municipal de Corumbá - MS;5003207;MS;DCA-Anexo I-C;Padrão;Receitas Brutas Realizadas;RO1.9.1.3.35.00.00;1.9.1.3.35.00.00 - Multas e Juros de Mora da Dívida Ativa da Taxa de Fiscalização e Vigilância Sanitária;1492,32;109294
2017;Prefeitura Municipal de Corumbá - MS;5003207;MS;DCA-Anexo I-C;Padrão;Receitas Brutas Realizadas;RO1.9.1.3.99.00.00;1.9.1.3.99.00.00 - Multas e Juros de Mora da Dívida Ativa de Outros Tributos;84475,28;109294
2017;Prefeitura Municipal de Corumbá - MS;5003207;MS;DCA-Anexo I-C;Padrão;Receitas Brutas Realizadas;RO1.9.1.5.00.00.00;1.9.1.5.00.00.00 - Multas e Juros de Mora da Dívida Ativa de Outras Receitas;48542,81;109294
2017;Prefeitura Municipal de Corumbá - MS;5003207;MS;DCA-Anexo I-C;Padrão;Receitas Brutas Realizadas;RO1.9.1.5.99.00.00;1.9.1.5.99.00.00 - Outras Multas e Juros de Mora da Dívida Ativa de Outras Receitas;48542,81;109294
2017;Prefeitura Municipal de Corumbá - MS;5003207;MS;DCA-Anexo I-C;Padrão;Receitas Brutas Realizadas;RO1.9.1.8.00.00.00;1.9.1.8.00.00.00 - Multas e Juros de Mora de Outras Receitas;9657,44;109294
2017;Prefeitura Municipal de Corumbá - MS;5003207;MS;DCA-Anexo I-C;Padrão;Receitas Brutas Realizadas;RO1.9.1.8.99.00.00;1.9.1.8.99.00.00 - Outras Multas e Juros de Mora;9657,44;109294
2017;Prefeitura Municipal de Corumbá - MS;5003207;MS;DCA-Anexo I-C;Padrão;Receitas Brutas Realizadas;RO1.9.1.9.00.00.00;1.9.1.9.00.00.00 - Multas de Outras Origens;421531,17;109294
2017;Prefeitura Municipal de Corumbá - MS;5003207;MS;DCA-Anexo I-C;Padrão;Receitas Brutas Realizadas;RO1.9.2.0.00.00.00;1.9.2.0.00.00.00 - Indenizações e Restituições;2445917,20;109294
2017;Prefeitura Municipal de Corumbá - MS;5003207;MS;DCA-Anexo I-C;Padrão;Receitas Brutas Realizadas;RO1.9.2.2.00.00.00;1.9.2.2.00.00.00 - Restituições;2445917,20;109294
2017;Prefeitura Municipal de Corumbá - MS;5003207;MS;DCA-Anexo I-C;Padrão;Receitas Brutas Realizadas;RO1.9.2.2.01.00.00;1.9.2.2.01.00.00 - Restituições de Convênios;15184,27;109294
2017;Prefeitura Municipal de Corumbá - MS;5003207;MS;DCA-Anexo I-C;Padrão;Receitas Brutas Realizadas;RO1.9.2.2.10.00.00;1.9.2.2.10.00.00 - Compensações Financeiras entre o Regime Geral e os Regimes Próprios de Previdência dos Servidores;1085423,35;109294
2017;Prefeitura Municipal de Corumbá - MS;5003207;MS;DCA-Anexo I-C;Padrão;Receitas Brutas Realizadas;RO1.9.2.2.99.00.00;1.9.2.2.99.00.00 - Outras Restituições;1345309,58;109294
2017;Prefeitura Municipal de Corumbá - MS;5003207;MS;DCA-Anexo I-C;Padrão;Receitas Brutas Realizadas;RO1.9.3.0.00.00.00;1.9.3.0.00.00.00 - Receita da Dívida Ativa;5015297,21;109294
2017;Prefeitura Municipal de Corumbá - MS;5003207;MS;DCA-Anexo I-C;Padrão;Receitas Brutas Realizadas;RO1.9.3.1.00.00.00;1.9.3.1.00.00.00 - Receita da Dívida Ativa Tributária;4991879,60;109294
2017;Prefeitura Municipal de Corumbá - MS;5003207;MS;DCA-Anexo I-C;Padrão;Receitas Brutas Realizadas;RO1.9.3.1.11.00.00;1.9.3.1.11.00.00 - Receita da Dívida Ativa do Imposto sobre a Propriedade Predial e Territorial Urbana ¿ IPTU;4387451,74;109294
2017;Prefeitura Municipal de Corumbá - MS;5003207;MS;DCA-Anexo I-C;Padrão;Receitas Brutas Realizadas;RO1.9.3.1.13.00.00;1.9.3.1.13.00.00 - Receita da Dívida Ativa do Imposto sobre Serviços de Qualquer Natureza ¿ ISS;270847,17;109294
2017;Prefeitura Municipal de Corumbá - MS;5003207;MS;DCA-Anexo I-C;Padrão;Receitas Brutas Realizadas;RO1.9.3.1.99.00.00;1.9.3.1.99.00.00 - Receita da Dívida Ativa de Outros Tributos;333580,69;109294
2017;Prefeitura Municipal de Corumbá - MS;5003207;MS;DCA-Anexo I-C;Padrão;Receitas Brutas Realizadas;RO1.9.3.2.00.00.00;1.9.3.2.00.00.00 - Receita da Dívida Ativa Não Tributária;23417,61;109294
2017;Prefeitura Municipal de Corumbá - MS;5003207;MS;DCA-Anexo I-C;Padrão;Receitas Brutas Realizadas;RO1.9.3.2.99.00.00;1.9.3.2.99.00.00 - Receita da Dívida Ativa Não Tributária de Outras Receitas;23417,61;109294
2017;Prefeitura Municipal de Corumbá - MS;5003207;MS;DCA-Anexo I-C;Padrão;Receitas Brutas Realizadas;RO1.9.9.0.00.00.00;1.9.9.0.00.00.00 - Receitas Diversas;998985,47;109294
2017;Prefeitura Municipal de Corumbá - MS;5003207;MS;DCA-Anexo I-C;Padrão;Receitas Brutas Realizadas;RO1.9.9.0.02.00.00;1.9.9.0.02.00.00 - Encargos Legais pela Inscrição em Dívida Ativa e Receitas de Ônus de Sucumbência;174330,14;109294
2017;Prefeitura Municipal de Corumbá - MS;5003207;MS;DCA-Anexo I-C;Padrão;Receitas Brutas Realizadas;RO1.9.9.0.99.00.00;1.9.9.0.99.00.00 - Outras Receitas;824655,33;109294
2017;Prefeitura Municipal de Corumbá - MS;5003207;MS;DCA-Anexo I-C;Padrão;Receitas Brutas Realizadas;RO2.0.0.0.00.00.00;2.0.0.0.00.00.00 - Receitas de Capital;18122245,64;109294
2017;Prefeitura Municipal de Corumbá - MS;5003207;MS;DCA-Anexo I-C;Padrão;Receitas Brutas Realizadas;RO2.1.0.0.00.00.00;2.1.0.0.00.00.00 - Operações de Crédito;14517051,87;109294
2017;Prefeitura Municipal de Corumbá - MS;5003207;MS;DCA-Anexo I-C;Padrão;Receitas Brutas Realizadas;RO2.1.2.0.00.00.00;2.1.2.0.00.00.00 - Operações de Crédito Externas;14517051,87;109294
2017;Prefeitura Municipal de Corumbá - MS;5003207;MS;DCA-Anexo I-C;Padrão;Receitas Brutas Realizadas;RO2.4.0.0.00.00.00;2.4.0.0.00.00.00 - Transferências de Capital;3605193,77;109294
2017;Prefeitura Municipal de Corumbá - MS;5003207;MS;DCA-Anexo I-C;Padrão;Receitas Brutas Realizadas;RO2.4.2.0.00.00.00;2.4.2.0.00.00.00 - Transferências Intergovernamentais;86683,30;109294
2017;Prefeitura Municipal de Corumbá - MS;5003207;MS;DCA-Anexo I-C;Padrão;Receitas Brutas Realizadas;RO2.4.2.1.00.00.00;2.4.2.1.00.00.00 - Transferências da União;86683,30;109294
2017;Prefeitura Municipal de Corumbá - MS;5003207;MS;DCA-Anexo I-C;Padrão;Receitas Brutas Realizadas;RO2.4.2.1.01.00.00;2.4.2.1.01.00.00 - Participação na Receita da União;51000,00;109294
2017;Prefeitura Municipal de Corumbá - MS;5003207;MS;DCA-Anexo I-C;Padrão;Receitas Brutas Realizadas;RO2.4.2.1.99.00.00;2.4.2.1.99.00.00 - Outras Transferências da União;35683,30;109294
2017;Prefeitura Municipal de Corumbá - MS;5003207;MS;DCA-Anexo I-C;Padrão;Receitas Brutas Realizadas;RO2.4.7.0.00.00.00;2.4.7.0.00.00.00 - Transferências de Convênios;3518510,47;109294
2017;Prefeitura Municipal de Corumbá - MS;5003207;MS;DCA-Anexo I-C;Padrão;Receitas Brutas Realizadas;RO2.4.7.1.00.00.00;2.4.7.1.00.00.00 - Transferências de Convênios da União e de suas Entidades;3491386,87;109294
2017;Prefeitura Municipal de Corumbá - MS;5003207;MS;DCA-Anexo I-C;Padrão;Receitas Brutas Realizadas;RO2.4.7.1.01.00.00;2.4.7.1.01.00.00 - Transferências de Convênios da União para o Sistema Único de Saúde - SUS;324368,98;109294
2017;Prefeitura Municipal de Corumbá - MS;5003207;MS;DCA-Anexo I-C;Padrão;Receitas Brutas Realizadas;RO2.4.7.1.99.00.00;2.4.7.1.99.00.00 - Outras Transferências de Convênios da União;3167017,89;109294
2017;Prefeitura Municipal de Corumbá - MS;5003207;MS;DCA-Anexo I-C;Padrão;Receitas Brutas Realizadas;RO2.4.7.4.00.00.00;2.4.7.4.00.00.00 - Transferências de Convênios de Instituições Privadas;27123,60;109294
2017;Prefeitura Municipal de Corumbá - MS;5003207;MS;DCA-Anexo I-C;Padrão;Receitas Brutas Realizadas;RI7.0.0.0.00.00.00;7.0.0.0.00.00.00 - Receitas Correntes Intraorçamentárias;22080103,17;109294
2017;Prefeitura Municipal de Corumbá - MS;5003207;MS;DCA-Anexo I-C;Padrão;Receitas Brutas Realizadas;RI7.2.0.0.00.00.00;7.2.0.0.00.00.00 - Receitas de Contribuições Intraorçamentárias;22080103,17;109294
2017;Prefeitura Municipal de Corumbá - MS;5003207;MS;DCA-Anexo I-C;Padrão;Receitas Brutas Realizadas;RI7.2.1.0.00.00.00;7.2.1.0.00.00.00 - Contribuições Sociais Intraorçamentárias;22080103,17;109294
2017;Prefeitura Municipal de Corumbá - MS;5003207;MS;DCA-Anexo I-C;Padrão;Receitas Brutas Realizadas;RI7.2.1.0.29.00.00;7.2.1.0.29.00.00 - Contribuições para o Regime Próprio de Previdência do Servidor Público Intraorçamentárias;22080103,17;109294
2017;Prefeitura Municipal de Corumbá - MS;5003207;MS;DCA-Anexo I-C;Padrão;Receitas Brutas Realizadas;RI7.2.1.0.29.01.00;7.2.1.0.29.01.00 - Contribuição Patronal de Servidor Ativo Civil para o Regime Próprio Intraorçamentária;21720240,92;109294
2017;Prefeitura Municipal de Corumbá - MS;5003207;MS;DCA-Anexo I-C;Padrão;Receitas Brutas Realizadas;RI7.2.1.0.29.99.00;7.2.1.0.29.99.00 - Outras Contribuições para o Regime Próprio de Previdência do Servidor Público Intraorçamentárias;359862,25;109294
2018;Prefeitura Municipal de Corumbá - MS;5003207;MS;DCA-Anexo I-C;Padrão;Receitas Brutas Realizadas;TotalReceitas;Total Receitas;577193385,40;109294
2018;Prefeitura Municipal de Corumbá - MS;5003207;MS;DCA-Anexo I-C;Padrão;Deduções - FUNDEB;TotalReceitas;Total Receitas;51560461,60;109294
2018;Prefeitura Municipal de Corumbá - MS;5003207;MS;DCA-Anexo I-C;Padrão;Outras Deduções da Receita;TotalReceitas;Total Receitas;9721787,29;109294
2018;Prefeitura Municipal de Corumbá - MS;5003207;MS;DCA-Anexo I-C;Padrão;Receitas Brutas Realizadas;RO1.0.0.0.00.0.0;1.0.0.0.00.0.0 - Receitas Correntes;534581980,94;109294
2018;Prefeitura Municipal de Corumbá - MS;5003207;MS;DCA-Anexo I-C;Padrão;Deduções - FUNDEB;RO1.0.0.0.00.0.0;1.0.0.0.00.0.0 - Receitas Correntes;51560461,60;109294
2018;Prefeitura Municipal de Corumbá - MS;5003207;MS;DCA-Anexo I-C;Padrão;Outras Deduções da Receita;RO1.0.0.0.00.0.0;1.0.0.0.00.0.0 - Receitas Correntes;9721787,29;109294
2018;Prefeitura Municipal de Corumbá - MS;5003207;MS;DCA-Anexo I-C;Padrão;Receitas Brutas Realizadas;RO1.1.0.0.00.0.0;1.1.0.0.00.0.0 - Impostos, Taxas e Contribuições de Melhoria;67608619,27;109294
2018;Prefeitura Municipal de Corumbá - MS;5003207;MS;DCA-Anexo I-C;Padrão;Receitas Brutas Realizadas;RO1.1.1.0.00.0.0;1.1.1.0.00.0.0 - Impostos;63620679,47;109294
2018;Prefeitura Municipal de Corumbá - MS;5003207;MS;DCA-Anexo I-C;Padrão;Receitas Brutas Realizadas;RO1.1.1.3.00.0.0;1.1.1.3.00.0.0 - Impostos sobre a Renda e Proventos de Qualquer Natureza;21506604,38;109294
2018;Prefeitura Municipal de Corumbá - MS;5003207;MS;DCA-Anexo I-C;Padrão;Receitas Brutas Realizadas;RO1.1.1.3.03.0.0;1.1.1.3.03.0.0 - Imposto sobre a Renda - Retido na Fonte;21506604,38;109294
2018;Prefeitura Municipal de Corumbá - MS;5003207;MS;DCA-Anexo I-C;Padrão;Receitas Brutas Realizadas;RO1.1.1.3.03.1.0;1.1.1.3.03.1.0 - Imposto sobre a Renda - Retido na Fonte - Trabalho;18367133,78;109294
2018;Prefeitura Municipal de Corumbá - MS;5003207;MS;DCA-Anexo I-C;Padrão;Receitas Brutas Realizadas;RO1.1.1.3.03.4.0;1.1.1.3.03.4.0 - Imposto sobre a Renda - Retido na Fonte - Outros Rendimentos;3139470,60;109294
2018;Prefeitura Municipal de Corumbá - MS;5003207;MS;DCA-Anexo I-C;Padrão;Receitas Brutas Realizadas;RO1.1.1.8.00.0.0;1.1.1.8.00.0.0 Impostos Específicos de Estados, DF e Municípios;42114075,09;109294
2018;Prefeitura Municipal de Corumbá - MS;5003207;MS;DCA-Anexo I-C;Padrão;Receitas Brutas Realizadas;RO1.1.1.8.01.0.0;1.1.1.8.01.0.0 Impostos sobre o Patrimônio para Estados/DF/Municípios;17342521,01;109294
2018;Prefeitura Municipal de Corumbá - MS;5003207;MS;DCA-Anexo I-C;Padrão;Receitas Brutas Realizadas;RO1.1.1.8.01.1.0;1.1.1.8.01.1.0 Imposto sobre a Propriedade Predial e Territorial Urbana;13077149,14;109294
2018;Prefeitura Municipal de Corumbá - MS;5003207;MS;DCA-Anexo I-C;Padrão;Receitas Brutas Realizadas;RO1.1.1.8.01.4.0;1.1.1.8.01.4.0 Imposto sobre Transmissão ¿Inter Vivos¿ de Bens Imóveis e de Direitos Reais sobre Imóveis;4265371,87;109294
2018;Prefeitura Municipal de Corumbá - MS;5003207;MS;DCA-Anexo I-C;Padrão;Receitas Brutas Realizadas;RO1.1.1.8.02.0.0;1.1.1.8.02.0.0 Impostos sobre a Produção, Circulação de Mercadorias e Serviços;24771554,08;109294
2018;Prefeitura Municipal de Corumbá - MS;5003207;MS;DCA-Anexo I-C;Padrão;Receitas Brutas Realizadas;RO1.1.1.8.02.3.0;1.1.1.8.02.3.0 Imposto sobre Serviços de Qualquer Natureza;24771554,08;109294
2018;Prefeitura Municipal de Corumbá - MS;5003207;MS;DCA-Anexo I-C;Padrão;Receitas Brutas Realizadas;RO1.1.2.0.00.0.0;1.1.2.0.00.0.0 - Taxas;3987939,80;109294
2018;Prefeitura Municipal de Corumbá - MS;5003207;MS;DCA-Anexo I-C;Padrão;Receitas Brutas Realizadas;RO1.1.2.1.00.0.0;1.1.2.1.00.0.0 - Taxas pelo Exercício do Poder de Polícia;1671543,39;109294
2018;Prefeitura Municipal de Corumbá - MS;5003207;MS;DCA-Anexo I-C;Padrão;Receitas Brutas Realizadas;RO1.1.2.1.01.0.0;1.1.2.1.01.0.0 - Taxas de Inspeção, Controle e Fiscalização;1604571,89;109294
2018;Prefeitura Municipal de Corumbá - MS;5003207;MS;DCA-Anexo I-C;Padrão;Receitas Brutas Realizadas;RO1.1.2.1.04.0.0;1.1.2.1.04.0.0 - Taxa de Controle e Fiscalização Ambiental;66971,50;109294
2018;Prefeitura Municipal de Corumbá - MS;5003207;MS;DCA-Anexo I-C;Padrão;Receitas Brutas Realizadas;RO1.1.2.2.00.0.0;1.1.2.2.00.0.0 - Taxas pela Prestação de Serviços;2316396,41;109294
2018;Prefeitura Municipal de Corumbá - MS;5003207;MS;DCA-Anexo I-C;Padrão;Receitas Brutas Realizadas;RO1.1.2.2.01.0.0;1.1.2.2.01.0.0 - Taxas pela Prestação de Serviços;2316396,41;109294
2018;Prefeitura Municipal de Corumbá - MS;5003207;MS;DCA-Anexo I-C;Padrão;Receitas Brutas Realizadas;RO1.2.0.0.00.0.0;1.2.0.0.00.0.0 - Contribuições;17703419,73;109294
2018;Prefeitura Municipal de Corumbá - MS;5003207;MS;DCA-Anexo I-C;Padrão;Receitas Brutas Realizadas;RO1.2.1.0.00.0.0;1.2.1.0.00.0.0 - Contribuições Sociais;11814306,51;109294
2018;Prefeitura Municipal de Corumbá - MS;5003207;MS;DCA-Anexo I-C;Padrão;Receitas Brutas Realizadas;RO1.2.1.0.04.0.0;1.2.1.0.04.0.0 - Contribuição para o Regime Próprio de Previdência Social - RPPS;11814306,51;109294
2018;Prefeitura Municipal de Corumbá - MS;5003207;MS;DCA-Anexo I-C;Padrão;Receitas Brutas Realizadas;RO1.2.1.0.04.2.0;1.2.1.0.04.2.0 - Contribuição do Servidor Ativo Civil para o RPPS;11357751,05;109294
2018;Prefeitura Municipal de Corumbá - MS;5003207;MS;DCA-Anexo I-C;Padrão;Receitas Brutas Realizadas;RO1.2.1.0.04.3.0;1.2.1.0.04.3.0 - Contribuição do Servidor Inativo para o RPPS;440833,54;109294
2018;Prefeitura Municipal de Corumbá - MS;5003207;MS;DCA-Anexo I-C;Padrão;Receitas Brutas Realizadas;RO1.2.1.0.04.4.0;1.2.1.0.04.4.0 - Contribuição do Pensionista para o RPPS;15721,92;109294
2018;Prefeitura Municipal de Corumbá - MS;5003207;MS;DCA-Anexo I-C;Padrão;Receitas Brutas Realizadas;RO1.2.4.0.00.0.0;1.2.4.0.00.0.0 - Contribuição para o Custeio do Serviço de Iluminação Pública;5889113,22;109294
2018;Prefeitura Municipal de Corumbá - MS;5003207;MS;DCA-Anexo I-C;Padrão;Receitas Brutas Realizadas;RO1.3.0.0.00.0.0;1.3.0.0.00.0.0 - Receita Patrimonial;34587519,93;109294
2018;Prefeitura Municipal de Corumbá - MS;5003207;MS;DCA-Anexo I-C;Padrão;Outras Deduções da Receita;RO1.3.0.0.00.0.0;1.3.0.0.00.0.0 - Receita Patrimonial;9721787,29;109294
2018;Prefeitura Municipal de Corumbá - MS;5003207;MS;DCA-Anexo I-C;Padrão;Receitas Brutas Realizadas;RO1.3.1.0.00.0.0;1.3.1.0.00.0.0 - Exploração do Patrimônio Imobiliário do Estado;572583,37;109294
2018;Prefeitura Municipal de Corumbá - MS;5003207;MS;DCA-Anexo I-C;Padrão;Receitas Brutas Realizadas;RO1.3.1.0.01.0.0;1.3.1.0.01.0.0 - Aluguéis, Arrendamentos, Foros, Laudêmios, Tarifas de Ocupação;221982,37;109294
2018;Prefeitura Municipal de Corumbá - MS;5003207;MS;DCA-Anexo I-C;Padrão;Receitas Brutas Realizadas;RO1.3.1.0.01.2.0;1.3.1.0.01.2.0 - Foros, Laudêmios e Tarifas de Ocupação;221982,37;109294
2018;Prefeitura Municipal de Corumbá - MS;5003207;MS;DCA-Anexo I-C;Padrão;Receitas Brutas Realizadas;RO1.3.1.0.02.0.0;1.3.1.0.02.0.0 - Concessão, Permissão, Autorização ou Cessão do Direito de Uso de Bens Imóveis Públicos;350601,00;109294
2018;Prefeitura Municipal de Corumbá - MS;5003207;MS;DCA-Anexo I-C;Padrão;Receitas Brutas Realizadas;RO1.3.2.0.00.0.0;1.3.2.0.00.0.0 - Valores Mobiliários;33925510,08;109294
2018;Prefeitura Municipal de Corumbá - MS;5003207;MS;DCA-Anexo I-C;Padrão;Outras Deduções da Receita;RO1.3.2.0.00.0.0;1.3.2.0.00.0.0 - Valores Mobiliários;9721787,29;109294
2018;Prefeitura Municipal de Corumbá - MS;5003207;MS;DCA-Anexo I-C;Padrão;Receitas Brutas Realizadas;RO1.3.2.1.00.0.0;1.3.2.1.00.0.0 - Juros e Correções Monetárias;33858622,83;109294
2018;Prefeitura Municipal de Corumbá - MS;5003207;MS;DCA-Anexo I-C;Padrão;Outras Deduções da Receita;RO1.3.2.1.00.0.0;1.3.2.1.00.0.0 - Juros e Correções Monetárias;9721787,29;109294
2018;Prefeitura Municipal de Corumbá - MS;5003207;MS;DCA-Anexo I-C;Padrão;Receitas Brutas Realizadas;RO1.3.2.1.00.1.0;1.3.2.1.00.1.0 - Remuneração de Depósitos Bancários;2510133,74;109294
2018;Prefeitura Municipal de Corumbá - MS;5003207;MS;DCA-Anexo I-C;Padrão;Receitas Brutas Realizadas;RO1.3.2.1.00.4.0;1.3.2.1.00.4.0 - Remuneração dos Recursos do Regime Próprio de Previdência Social - RPPS;31348489,09;109294
2018;Prefeitura Municipal de Corumbá - MS;5003207;MS;DCA-Anexo I-C;Padrão;Outras Deduções da Receita;RO1.3.2.1.00.4.0;1.3.2.1.00.4.0 - Remuneração dos Recursos do Regime Próprio de Previdência Social - RPPS;9721787,29;109294
2018;Prefeitura Municipal de Corumbá - MS;5003207;MS;DCA-Anexo I-C;Padrão;Receitas Brutas Realizadas;RO1.3.2.2.00.0.0;1.3.2.2.00.0.0 - Dividendos;66887,25;109294
2018;Prefeitura Municipal de Corumbá - MS;5003207;MS;DCA-Anexo I-C;Padrão;Receitas Brutas Realizadas;RO1.3.3.0.00.0.0;1.3.3.0.00.0.0 - Delegação de Serviços Públicos Mediante Concessão, Permissão, Autorização ou Licença;89426,48;109294
2018;Prefeitura Municipal de Corumbá - MS;5003207;MS;DCA-Anexo I-C;Padrão;Receitas Brutas Realizadas;RO1.3.3.9.00.0.0;1.3.3.9.00.0.0 - Demais Delegações de Serviços Públicos;89426,48;109294
2018;Prefeitura Municipal de Corumbá - MS;5003207;MS;DCA-Anexo I-C;Padrão;Receitas Brutas Realizadas;RO1.6.0.0.00.0.0;1.6.0.0.00.0.0 - Receita de Serviços;578380,00;109294
2018;Prefeitura Municipal de Corumbá - MS;5003207;MS;DCA-Anexo I-C;Padrão;Receitas Brutas Realizadas;RO1.6.1.0.00.0.0;1.6.1.0.00.0.0 - Serviços Administrativos e Comerciais Gerais;576375,00;109294
2018;Prefeitura Municipal de Corumbá - MS;5003207;MS;DCA-Anexo I-C;Padrão;Receitas Brutas Realizadas;RO1.6.1.0.02.0.0;1.6.1.0.02.0.0 - Inscrição em Concursos e Processos Seletivos;576375,00;109294
2018;Prefeitura Municipal de Corumbá - MS;5003207;MS;DCA-Anexo I-C;Padrão;Receitas Brutas Realizadas;RO1.6.2.0.00.0.0;1.6.2.0.00.0.0 - Serviços e Atividades Referentes à Navegação e ao Transporte;2005,00;109294
2018;Prefeitura Municipal de Corumbá - MS;5003207;MS;DCA-Anexo I-C;Padrão;Receitas Brutas Realizadas;RO1.6.2.0.02.0.0;1.6.2.0.02.0.0 - Serviços de Transporte;285,00;109294
2018;Prefeitura Municipal de Corumbá - MS;5003207;MS;DCA-Anexo I-C;Padrão;Receitas Brutas Realizadas;RO1.6.2.0.03.0.0;1.6.2.0.03.0.0 - Serviços Portuários;1720,00;109294
2018;Prefeitura Municipal de Corumbá - MS;5003207;MS;DCA-Anexo I-C;Padrão;Receitas Brutas Realizadas;RO1.7.0.0.00.0.0;1.7.0.0.00.0.0 - Transferências Correntes;408428961,44;109294
2018;Prefeitura Municipal de Corumbá - MS;5003207;MS;DCA-Anexo I-C;Padrão;Deduções - FUNDEB;RO1.7.0.0.00.0.0;1.7.0.0.00.0.0 - Transferências Correntes;51560461,60;109294
2018;Prefeitura Municipal de Corumbá - MS;5003207;MS;DCA-Anexo I-C;Padrão;Receitas Brutas Realizadas;RO1.7.1.0.00.0.0;1.7.1.0.00.0.0 - Transferências da União e de suas Entidades;113948849,28;109294
2018;Prefeitura Municipal de Corumbá - MS;5003207;MS;DCA-Anexo I-C;Padrão;Deduções - FUNDEB;RO1.7.1.0.00.0.0;1.7.1.0.00.0.0 - Transferências da União e de suas Entidades;10724026,20;109294
2018;Prefeitura Municipal de Corumbá - MS;5003207;MS;DCA-Anexo I-C;Padrão;Receitas Brutas Realizadas;RO1.7.1.8.00.0.0;1.7.1.8.00.0.0 Transferências da União - Específicas de Estados, DF e Municípios;113948849,28;109294
2018;Prefeitura Municipal de Corumbá - MS;5003207;MS;DCA-Anexo I-C;Padrão;Deduções - FUNDEB;RO1.7.1.8.00.0.0;1.7.1.8.00.0.0 Transferências da União - Específicas de Estados, DF e Municípios;10724026,20;109294
2018;Prefeitura Municipal de Corumbá - MS;5003207;MS;DCA-Anexo I-C;Padrão;Receitas Brutas Realizadas;RO1.7.1.8.01.0.0;1.7.1.8.01.0.0 Participação na Receita da União;56856573,01;109294
2018;Prefeitura Municipal de Corumbá - MS;5003207;MS;DCA-Anexo I-C;Padrão;Deduções - FUNDEB;RO1.7.1.8.01.0.0;1.7.1.8.01.0.0 Participação na Receita da União;10614948,60;109294
2018;Prefeitura Municipal de Corumbá - MS;5003207;MS;DCA-Anexo I-C;Padrão;Receitas Brutas Realizadas;RO1.7.1.8.01.2.0;1.7.1.8.01.2.0 Cota-Parte do Fundo de Participação dos Municípios - Cota Mensal;43099515,67;109294
2018;Prefeitura Municipal de Corumbá - MS;5003207;MS;DCA-Anexo I-C;Padrão;Deduções - FUNDEB;RO1.7.1.8.01.2.0;1.7.1.8.01.2.0 Cota-Parte do Fundo de Participação dos Municípios - Cota Mensal;8619902,88;109294
2018;Prefeitura Municipal de Corumbá - MS;5003207;MS;DCA-Anexo I-C;Padrão;Receitas Brutas Realizadas;RO1.7.1.8.01.3.0;1.7.1.8.01.3.0 Cota-Parte do Fundo de Participação do Municípios ¿ 1% Cota entregue no mês de dezembro;1914217,10;109294
2018;Prefeitura Municipal de Corumbá - MS;5003207;MS;DCA-Anexo I-C;Padrão;Receitas Brutas Realizadas;RO1.7.1.8.01.4.0;1.7.1.8.01.4.0 Cota-Parte do Fundo de Participação dos Municípios - 1% Cota entregue no mês de julho;1867610,88;109294
2018;Prefeitura Municipal de Corumbá - MS;5003207;MS;DCA-Anexo I-C;Padrão;Receitas Brutas Realizadas;RO1.7.1.8.01.5.0;1.7.1.8.01.5.0 Cota-Parte do Imposto Sobre a Propriedade Territorial Rural;9975229,36;109294
2018;Prefeitura Municipal de Corumbá - MS;5003207;MS;DCA-Anexo I-C;Padrão;Deduções - FUNDEB;RO1.7.1.8.01.5.0;1.7.1.8.01.5.0 Cota-Parte do Imposto Sobre a Propriedade Territorial Rural;1995045,72;109294
2018;Prefeitura Municipal de Corumbá - MS;5003207;MS;DCA-Anexo I-C;Padrão;Receitas Brutas Realizadas;RO1.7.1.8.02.0.0;1.7.1.8.02.0.0 Transferência da Compensação Financeira pela Exploração de Recursos Naturais;9047818,87;109294
2018;Prefeitura Municipal de Corumbá - MS;5003207;MS;DCA-Anexo I-C;Padrão;Receitas Brutas Realizadas;RO1.7.1.8.02.2.0;1.7.1.8.02.2.0 Cota-parte da Compensação Financeira de Recursos Minerais - CFEM;8330926,07;109294
2018;Prefeitura Municipal de Corumbá - MS;5003207;MS;DCA-Anexo I-C;Padrão;Receitas Brutas Realizadas;RO1.7.1.8.02.6.0;1.7.1.8.02.6.0 Cota-Parte do Fundo Especial do Petróleo ¿ FEP;716892,80;109294
2018;Prefeitura Municipal de Corumbá - MS;5003207;MS;DCA-Anexo I-C;Padrão;Receitas Brutas Realizadas;RO1.7.1.8.03.0.0;1.7.1.8.03.0.0 Transferência de Recursos do Sistema Único de Saúde ¿ SUS ¿ Repasses Fundo a Fundo;40208980,37;109294
2018;Prefeitura Municipal de Corumbá - MS;5003207;MS;DCA-Anexo I-C;Padrão;Receitas Brutas Realizadas;RO1.7.1.8.04.0.0;1.7.1.8.04.0.0 Transferências de Recursos do Fundo Nacional de Assistência Social ¿ FNAS;1524044,15;109294
2018;Prefeitura Municipal de Corumbá - MS;5003207;MS;DCA-Anexo I-C;Padrão;Receitas Brutas Realizadas;RO1.7.1.8.05.0.0;1.7.1.8.05.0.0 Transferências de Recursos do Fundo Nacional do Desenvolvimento da Educação ¿ FNDE;5717183,92;109294
2018;Prefeitura Municipal de Corumbá - MS;5003207;MS;DCA-Anexo I-C;Padrão;Receitas Brutas Realizadas;RO1.7.1.8.05.1.0;1.7.1.8.05.1.0 Transferências do Salário-Educação;3364142,38;109294
2018;Prefeitura Municipal de Corumbá - MS;5003207;MS;DCA-Anexo I-C;Padrão;Receitas Brutas Realizadas;RO1.7.1.8.05.2.0;1.7.1.8.05.2.0 Transferências Diretas do FNDE referentes ao Programa Dinheiro Direto na Escola ¿ PDDE;1320,00;109294
2018;Prefeitura Municipal de Corumbá - MS;5003207;MS;DCA-Anexo I-C;Padrão;Receitas Brutas Realizadas;RO1.7.1.8.05.3.0;1.7.1.8.05.3.0 Transferências Diretas do FNDE referentes ao Programa Nacional de Alimentação Escolar ¿ PNAE;1559264,40;109294
2018;Prefeitura Municipal de Corumbá - MS;5003207;MS;DCA-Anexo I-C;Padrão;Receitas Brutas Realizadas;RO1.7.1.8.05.4.0;1.7.1.8.05.4.0 Transferências Diretas do FNDE referentes ao Programa Nacional de Apoio ao Transporte do Escolar ¿ PNATE;265755,85;109294
2018;Prefeitura Municipal de Corumbá - MS;5003207;MS;DCA-Anexo I-C;Padrão;Receitas Brutas Realizadas;RO1.7.1.8.05.9.0;1.7.1.8.05.9.0 Outras Transferências Diretas do Fundo Nacional do Desenvolvimento da Educação ¿ FNDE;526701,29;109294
2018;Prefeitura Municipal de Corumbá - MS;5003207;MS;DCA-Anexo I-C;Padrão;Receitas Brutas Realizadas;RO1.7.1.8.06.0.0;1.7.1.8.06.0.0 Transferência Financeira do ICMS ¿ Desoneração ¿ L.C. Nº 87/96;545388,48;109294
2018;Prefeitura Municipal de Corumbá - MS;5003207;MS;DCA-Anexo I-C;Padrão;Deduções - FUNDEB;RO1.7.1.8.06.0.0;1.7.1.8.06.0.0 Transferência Financeira do ICMS ¿ Desoneração ¿ L.C. Nº 87/96;109077,60;109294
2018;Prefeitura Municipal de Corumbá - MS;5003207;MS;DCA-Anexo I-C;Padrão;Receitas Brutas Realizadas;RO1.7.1.8.06.1.0;1.7.1.8.06.1.0 Transferência Financeira do ICMS ¿ Desoneração ¿ L.C. Nº 87/96;545388,48;109294
2018;Prefeitura Municipal de Corumbá - MS;5003207;MS;DCA-Anexo I-C;Padrão;Deduções - FUNDEB;RO1.7.1.8.06.1.0;1.7.1.8.06.1.0 Transferência Financeira do ICMS ¿ Desoneração ¿ L.C. Nº 87/96;109077,60;109294
2018;Prefeitura Municipal de Corumbá - MS;5003207;MS;DCA-Anexo I-C;Padrão;Receitas Brutas Realizadas;RO1.7.1.8.10.0.0;1.7.1.8.10.0.0 Transferências de Convênios da União e de Suas Entidades;17043,48;109294
2018;Prefeitura Municipal de Corumbá - MS;5003207;MS;DCA-Anexo I-C;Padrão;Receitas Brutas Realizadas;RO1.7.1.8.10.9.0;1.7.1.8.10.9.0 Outras Transferências de Convênios da União;17043,48;109294
2018;Prefeitura Municipal de Corumbá - MS;5003207;MS;DCA-Anexo I-C;Padrão;Receitas Brutas Realizadas;RO1.7.1.8.99.0.0;1.7.1.8.99.0.0 Outras Transferências da União;31817,00;109294
2018;Prefeitura Municipal de Corumbá - MS;5003207;MS;DCA-Anexo I-C;Padrão;Receitas Brutas Realizadas;RO1.7.2.0.00.0.0;1.7.2.0.00.0.0 - Transferências dos Estados e do Distrito Federal e de suas Entidades;237563674,91;109294
2018;Prefeitura Municipal de Corumbá - MS;5003207;MS;DCA-Anexo I-C;Padrão;Deduções - FUNDEB;RO1.7.2.0.00.0.0;1.7.2.0.00.0.0 - Transferências dos Estados e do Distrito Federal e de suas Entidades;40836435,40;109294
2018;Prefeitura Municipal de Corumbá - MS;5003207;MS;DCA-Anexo I-C;Padrão;Receitas Brutas Realizadas;RO1.7.2.8.00.0.0;1.7.2.8.00.0.0 Transferências dos Estados - Específicas de Estados, DF e Municípios;237563674,91;109294
2018;Prefeitura Municipal de Corumbá - MS;5003207;MS;DCA-Anexo I-C;Padrão;Deduções - FUNDEB;RO1.7.2.8.00.0.0;1.7.2.8.00.0.0 Transferências dos Estados - Específicas de Estados, DF e Municípios;40836435,40;109294
2018;Prefeitura Municipal de Corumbá - MS;5003207;MS;DCA-Anexo I-C;Padrão;Receitas Brutas Realizadas;RO1.7.2.8.01.0.0;1.7.2.8.01.0.0 Participação na Receita dos Estados;204492290,34;109294
2018;Prefeitura Municipal de Corumbá - MS;5003207;MS;DCA-Anexo I-C;Padrão;Deduções - FUNDEB;RO1.7.2.8.01.0.0;1.7.2.8.01.0.0 Participação na Receita dos Estados;40836435,40;109294
2018;Prefeitura Municipal de Corumbá - MS;5003207;MS;DCA-Anexo I-C;Padrão;Receitas Brutas Realizadas;RO1.7.2.8.01.1.0;1.7.2.8.01.1.0 Cota-Parte do ICMS;194361550,36;109294
2018;Prefeitura Municipal de Corumbá - MS;5003207;MS;DCA-Anexo I-C;Padrão;Deduções - FUNDEB;RO1.7.2.8.01.1.0;1.7.2.8.01.1.0 Cota-Parte do ICMS;38872309,85;109294
2018;Prefeitura Municipal de Corumbá - MS;5003207;MS;DCA-Anexo I-C;Padrão;Receitas Brutas Realizadas;RO1.7.2.8.01.2.0;1.7.2.8.01.2.0 Cota-Parte do IPVA;7266172,30;109294
2018;Prefeitura Municipal de Corumbá - MS;5003207;MS;DCA-Anexo I-C;Padrão;Deduções - FUNDEB;RO1.7.2.8.01.2.0;1.7.2.8.01.2.0 Cota-Parte do IPVA;1453234,45;109294
2018;Prefeitura Municipal de Corumbá - MS;5003207;MS;DCA-Anexo I-C;Padrão;Receitas Brutas Realizadas;RO1.7.2.8.01.3.0;1.7.2.8.01.3.0 Cota-Parte do IPI - Municípios;2554455,47;109294
2018;Prefeitura Municipal de Corumbá - MS;5003207;MS;DCA-Anexo I-C;Padrão;Deduções - FUNDEB;RO1.7.2.8.01.3.0;1.7.2.8.01.3.0 Cota-Parte do IPI - Municípios;510891,10;109294
2018;Prefeitura Municipal de Corumbá - MS;5003207;MS;DCA-Anexo I-C;Padrão;Receitas Brutas Realizadas;RO1.7.2.8.01.4.0;1.7.2.8.01.4.0 Cota-Parte da Contribuição de Intervenção no Domínio Econômico;310112,21;109294
2018;Prefeitura Municipal de Corumbá - MS;5003207;MS;DCA-Anexo I-C;Padrão;Receitas Brutas Realizadas;RO1.7.2.8.03.0.0;1.7.2.8.03.0.0 Transferência de Recursos do Estado para Programas de Saúde ¿ Repasse Fundo a Fundo;8975814,84;109294
2018;Prefeitura Municipal de Corumbá - MS;5003207;MS;DCA-Anexo I-C;Padrão;Receitas Brutas Realizadas;RO1.7.2.8.10.0.0;1.7.2.8.10.0.0 Transferência de Convênios dos Estados e do Distrito Federal e de Suas Entidades;379584,10;109294
2018;Prefeitura Municipal de Corumbá - MS;5003207;MS;DCA-Anexo I-C;Padrão;Receitas Brutas Realizadas;RO1.7.2.8.10.2.0;1.7.2.8.10.2.0 Transferências de Convênio dos Estados Destinadas a Programas de Educação;379584,10;109294
2018;Prefeitura Municipal de Corumbá - MS;5003207;MS;DCA-Anexo I-C;Padrão;Receitas Brutas Realizadas;RO1.7.2.8.99.0.0;1.7.2.8.99.0.0 Outras Transferências dos Estados;23715985,63;109294
2018;Prefeitura Municipal de Corumbá - MS;5003207;MS;DCA-Anexo I-C;Padrão;Receitas Brutas Realizadas;RO1.7.4.0.00.0.0;1.7.4.0.00.0.0 - Transferências de Instituições Privadas;200000,00;109294
2018;Prefeitura Municipal de Corumbá - MS;5003207;MS;DCA-Anexo I-C;Padrão;Receitas Brutas Realizadas;RO1.7.4.8.00.0.0;1.7.4.8.00.0.0 Transferências de Instituições Privadas - Específicas de Estados, DF e Municípios;200000,00;109294
2018;Prefeitura Municipal de Corumbá - MS;5003207;MS;DCA-Anexo I-C;Padrão;Receitas Brutas Realizadas;RO1.7.5.0.00.0.0;1.7.5.0.00.0.0 - Transferências de Outras Instituições Públicas;56685062,25;109294
2018;Prefeitura Municipal de Corumbá - MS;5003207;MS;DCA-Anexo I-C;Padrão;Receitas Brutas Realizadas;RO1.7.5.8.00.0.0;1.7.5.8.00.0.0 Transferências de Outras Instituições Públicas - Específicas de Estados, DF e Municípios;56685062,25;109294
2018;Prefeitura Municipal de Corumbá - MS;5003207;MS;DCA-Anexo I-C;Padrão;Receitas Brutas Realizadas;RO1.7.5.8.01.0.0;1.7.5.8.01.0.0 Transferências de Recursos do Fundo de Manutenção e Desenvolvimento da Educação Básica e de Valorização dos Profissionais da Educação ¿ FUNDEB;56685062,25;109294
2018;Prefeitura Municipal de Corumbá - MS;5003207;MS;DCA-Anexo I-C;Padrão;Receitas Brutas Realizadas;RO1.7.7.0.00.0.0;1.7.7.0.00.0.0 - Transferências de Pessoas Físicas;31375,00;109294
2018;Prefeitura Municipal de Corumbá - MS;5003207;MS;DCA-Anexo I-C;Padrão;Receitas Brutas Realizadas;RO1.9.0.0.00.0.0;1.9.0.0.00.0.0 - Outras Receitas Correntes;5675080,57;109294
2018;Prefeitura Municipal de Corumbá - MS;5003207;MS;DCA-Anexo I-C;Padrão;Receitas Brutas Realizadas;RO1.9.1.0.00.0.0;1.9.1.0.00.0.0 - Multas Administrativas, Contratuais e Judiciais;484939,54;109294
2018;Prefeitura Municipal de Corumbá - MS;5003207;MS;DCA-Anexo I-C;Padrão;Receitas Brutas Realizadas;RO1.9.2.0.00.0.0;1.9.2.0.00.0.0 - Indenizações, Restituições e Ressarcimentos;3586355,66;109294
2018;Prefeitura Municipal de Corumbá - MS;5003207;MS;DCA-Anexo I-C;Padrão;Receitas Brutas Realizadas;RO1.9.2.2.00.0.0;1.9.2.2.00.0.0 - Restituições;3586355,66;109294
2018;Prefeitura Municipal de Corumbá - MS;5003207;MS;DCA-Anexo I-C;Padrão;Receitas Brutas Realizadas;RO1.9.2.2.01.0.0;1.9.2.2.01.0.0 - Restituição de Convênios;35361,99;109294
2018;Prefeitura Municipal de Corumbá - MS;5003207;MS;DCA-Anexo I-C;Padrão;Receitas Brutas Realizadas;RO1.9.2.2.99.0.0;1.9.2.2.99.0.0 - Outras Restituições;3550993,67;109294
2018;Prefeitura Municipal de Corumbá - MS;5003207;MS;DCA-Anexo I-C;Padrão;Receitas Brutas Realizadas;RO1.9.9.0.00.0.0;1.9.9.0.00.0.0 - Demais Receitas Correntes;1603785,37;109294
2018;Prefeitura Municipal de Corumbá - MS;5003207;MS;DCA-Anexo I-C;Padrão;Receitas Brutas Realizadas;RO1.9.9.0.03.0.0;1.9.9.0.03.0.0 - Compensações Financeiras entre o Regime Geral e os Regimes Próprios de Previdência dos Servidores;958120,98;109294
2018;Prefeitura Municipal de Corumbá - MS;5003207;MS;DCA-Anexo I-C;Padrão;Receitas Brutas Realizadas;RO1.9.9.0.12.0.0;1.9.9.0.12.0.0 - Encargos Legais pela Inscrição em Dívida Ativa e Receitas de Ônus de Sucumbência;468477,14;109294
2018;Prefeitura Municipal de Corumbá - MS;5003207;MS;DCA-Anexo I-C;Padrão;Receitas Brutas Realizadas;RO1.9.9.0.99.0.0;1.9.9.0.99.0.0 - Outras Receitas;177187,25;109294
2018;Prefeitura Municipal de Corumbá - MS;5003207;MS;DCA-Anexo I-C;Padrão;Receitas Brutas Realizadas;RO1.9.9.0.99.1.0;1.9.9.0.99.1.0 - Outras Receitas - Primárias;103305,79;109294
2018;Prefeitura Municipal de Corumbá - MS;5003207;MS;DCA-Anexo I-C;Padrão;Receitas Brutas Realizadas;RO1.9.9.0.99.2.0;1.9.9.0.99.2.0 - Outras Receitas - Financeiras;73881,46;109294
2018;Prefeitura Municipal de Corumbá - MS;5003207;MS;DCA-Anexo I-C;Padrão;Receitas Brutas Realizadas;RO2.0.0.0.00.0.0;2.0.0.0.00.0.0 - Receitas de Capital;10153849,22;109294
2018;Prefeitura Municipal de Corumbá - MS;5003207;MS;DCA-Anexo I-C;Padrão;Receitas Brutas Realizadas;RO2.1.0.0.00.0.0;2.1.0.0.00.0.0 - Operações de Crédito;6020192,63;109294
2018;Prefeitura Municipal de Corumbá - MS;5003207;MS;DCA-Anexo I-C;Padrão;Receitas Brutas Realizadas;RO2.1.2.0.00.0.0;2.1.2.0.00.0.0 - Operações de Crédito - Mercado Externo;6020192,63;109294
2018;Prefeitura Municipal de Corumbá - MS;5003207;MS;DCA-Anexo I-C;Padrão;Receitas Brutas Realizadas;RO2.1.2.9.00.0.0;2.1.2.9.00.0.0 Outras Operações de Crédito - Mercado Externo;6020192,63;109294
2018;Prefeitura Municipal de Corumbá - MS;5003207;MS;DCA-Anexo I-C;Padrão;Receitas Brutas Realizadas;RO2.4.0.0.00.0.0;2.4.0.0.00.0.0 - Transferências de Capital;4133656,59;109294
2018;Prefeitura Municipal de Corumbá - MS;5003207;MS;DCA-Anexo I-C;Padrão;Receitas Brutas Realizadas;RO2.4.1.0.00.0.0;2.4.1.0.00.0.0 - Transferências da União e de suas Entidades;1643840,21;109294
2018;Prefeitura Municipal de Corumbá - MS;5003207;MS;DCA-Anexo I-C;Padrão;Receitas Brutas Realizadas;RO2.4.1.8.00.0.0;2.4.1.8.00.0.0 Transferências da União - Específicas de Estados, DF e Municípios;1643840,21;109294
2018;Prefeitura Municipal de Corumbá - MS;5003207;MS;DCA-Anexo I-C;Padrão;Receitas Brutas Realizadas;RO2.4.1.8.03.0.0;2.4.1.8.03.0.0 Transferências de Recursos do Sistema Único de Saúde ¿ SUS;604650,00;109294
2018;Prefeitura Municipal de Corumbá - MS;5003207;MS;DCA-Anexo I-C;Padrão;Receitas Brutas Realizadas;RO2.4.1.8.10.0.0;2.4.1.8.10.0.0 Transferência de Convênios da União e de suas Entidades;1039190,21;109294
2018;Prefeitura Municipal de Corumbá - MS;5003207;MS;DCA-Anexo I-C;Padrão;Receitas Brutas Realizadas;RO2.4.2.0.00.0.0;2.4.2.0.00.0.0 - Transferências dos Estados e do Distrito Federal e de suas Entidades;2489816,38;109294
2018;Prefeitura Municipal de Corumbá - MS;5003207;MS;DCA-Anexo I-C;Padrão;Receitas Brutas Realizadas;RO2.4.2.8.00.0.0;2.4.2.8.00.0.0 Transferências dos Estados, Distrito Federal, e de suas Entidades;2489816,38;109294
2018;Prefeitura Municipal de Corumbá - MS;5003207;MS;DCA-Anexo I-C;Padrão;Receitas Brutas Realizadas;RO2.4.2.8.10.0.0;2.4.2.8.10.0.0 Transferências de Convênios dos Estados e do Distrito Federal e de suas Entidades;1994295,10;109294
2018;Prefeitura Municipal de Corumbá - MS;5003207;MS;DCA-Anexo I-C;Padrão;Receitas Brutas Realizadas;RO2.4.2.8.99.0.0;2.4.2.8.99.0.0 Outras Transferências dos Estados;495521,28;109294
2018;Prefeitura Municipal de Corumbá - MS;5003207;MS;DCA-Anexo I-C;Padrão;Receitas Brutas Realizadas;RO7.0.0.0.00.0.0;7.0.0.0.00.0.0 - Receitas Correntes - Intraorçamentárias;32457555,24;109294
2018;Prefeitura Municipal de Corumbá - MS;5003207;MS;DCA-Anexo I-C;Padrão;Receitas Brutas Realizadas;RO7.2.0.0.00.0.0;7.2.0.0.00.0.0 - Contribuições - Intraorçamentárias;25062486,52;109294
2018;Prefeitura Municipal de Corumbá - MS;5003207;MS;DCA-Anexo I-C;Padrão;Receitas Brutas Realizadas;RO7.2.1.0.00.0.0;7.2.1.0.00.0.0 - Contribuições Sociais - Intraorçamentárias;25062486,52;109294
2018;Prefeitura Municipal de Corumbá - MS;5003207;MS;DCA-Anexo I-C;Padrão;Receitas Brutas Realizadas;RO7.2.1.0.04.0.0;7.2.1.0.04.0.0 - Contribuição para o Regime Próprio de Previdência Social - RPPS - Intraorçamentárias;16691417,37;109294
2018;Prefeitura Municipal de Corumbá - MS;5003207;MS;DCA-Anexo I-C;Padrão;Receitas Brutas Realizadas;RO7.2.1.0.04.1.0;7.2.1.0.04.1.0 - Contribuição Patronal de Servidor Ativo Civil para o RPPS - Intraorçamentárias;16691417,37;109294
2018;Prefeitura Municipal de Corumbá - MS;5003207;MS;DCA-Anexo I-C;Padrão;Receitas Brutas Realizadas;RO7.2.1.8.00.0.0;7.2.1.8.00.0.0 Contribuições Sociais Específicas de Estados, DF e Municípios;8371069,15;109294
2018;Prefeitura Municipal de Corumbá - MS;5003207;MS;DCA-Anexo I-C;Padrão;Receitas Brutas Realizadas;RO7.2.1.8.01.0.0;7.2.1.8.01.0.0 Contribuições para o Regime Próprio de Previdência Social - RPPS de Estados/DF/Municípios;8371069,15;109294
2018;Prefeitura Municipal de Corumbá - MS;5003207;MS;DCA-Anexo I-C;Padrão;Receitas Brutas Realizadas;RO7.2.1.8.01.1.0;7.2.1.8.01.1.0 Contribuição Previdenciária para Amortização do Déficit Atuarial;8371069,15;109294
2018;Prefeitura Municipal de Corumbá - MS;5003207;MS;DCA-Anexo I-C;Padrão;Receitas Brutas Realizadas;RO7.9.0.0.00.0.0;7.9.0.0.00.0.0 - Outras Receitas Correntes - Intraorçamentárias;7395068,72;109294
2019;Prefeitura Municipal de Corumbá - MS;5003207;MS;DCA-Anexo I-C;Padrão;Receitas Brutas Realizadas;ReceitasExcetoIntraOrcamentarias;RECEITAS (EXCETO INTRA-ORÇAMENTÁRIAS) (I);603406434,46;110806
2019;Prefeitura Municipal de Corumbá - MS;5003207;MS;DCA-Anexo I-C;Padrão;Deduções - FUNDEB;ReceitasExcetoIntraOrcamentarias;RECEITAS (EXCETO INTRA-ORÇAMENTÁRIAS) (I);53508338,27;110806
2019;Prefeitura Municipal de Corumbá - MS;5003207;MS;DCA-Anexo I-C;Padrão;Receitas Brutas Realizadas;RO1.0.0.0.00.0.0;1.0.0.0.00.0.0 - Receitas Correntes;547729080,56;110806
2019;Prefeitura Municipal de Corumbá - MS;5003207;MS;DCA-Anexo I-C;Padrão;Deduções - FUNDEB;RO1.0.0.0.00.0.0;1.0.0.0.00.0.0 - Receitas Correntes;53508338,27;110806
2019;Prefeitura Municipal de Corumbá - MS;5003207;MS;DCA-Anexo I-C;Padrão;Receitas Brutas Realizadas;RO1.1.0.0.00.0.0;1.1.0.0.00.0.0 - Impostos, Taxas e Contribuições de Melhoria;78280525,66;110806
2019;Prefeitura Municipal de Corumbá - MS;5003207;MS;DCA-Anexo I-C;Padrão;Receitas Brutas Realizadas;RO1.1.1.0.00.0.0;1.1.1.0.00.0.0 - Impostos;73299865,93;110806
2019;Prefeitura Municipal de Corumbá - MS;5003207;MS;DCA-Anexo I-C;Padrão;Receitas Brutas Realizadas;RO1.1.1.3.00.0.0;1.1.1.3.00.0.0 - Impostos sobre a Renda e Proventos de Qualquer Natureza;26647821,44;110806
2019;Prefeitura Municipal de Corumbá - MS;5003207;MS;DCA-Anexo I-C;Padrão;Receitas Brutas Realizadas;RO1.1.1.3.03.0.0;1.1.1.3.03.0.0 - Imposto sobre a Renda - Retido na Fonte;26647821,44;110806
2019;Prefeitura Municipal de Corumbá - MS;5003207;MS;DCA-Anexo I-C;Padrão;Receitas Brutas Realizadas;RO1.1.1.3.03.1.0;1.1.1.3.03.1.0 - Imposto sobre a Renda - Retido na Fonte - Trabalho;26227897,21;110806
2019;Prefeitura Municipal de Corumbá - MS;5003207;MS;DCA-Anexo I-C;Padrão;Receitas Brutas Realizadas;RO1.1.1.3.03.4.0;1.1.1.3.03.4.0 - Imposto sobre a Renda - Retido na Fonte - Outros Rendimentos;419924,23;110806
2019;Prefeitura Municipal de Corumbá - MS;5003207;MS;DCA-Anexo I-C;Padrão;Receitas Brutas Realizadas;RO1.1.1.8.00.0.0;1.1.1.8.00.0.0 Impostos Específicos de Estados, DF e Municípios;46652044,49;110806
2019;Prefeitura Municipal de Corumbá - MS;5003207;MS;DCA-Anexo I-C;Padrão;Receitas Brutas Realizadas;RO1.1.1.8.01.0.0;1.1.1.8.01.0.0 Impostos sobre o Patrimônio para Estados/DF/Municípios;18893000,16;110806
2019;Prefeitura Municipal de Corumbá - MS;5003207;MS;DCA-Anexo I-C;Padrão;Receitas Brutas Realizadas;RO1.1.1.8.01.1.0;1.1.1.8.01.1.0 Imposto sobre a Propriedade Predial e Territorial Urbana;13826489,08;110806
2019;Prefeitura Municipal de Corumbá - MS;5003207;MS;DCA-Anexo I-C;Padrão;Receitas Brutas Realizadas;RO1.1.1.8.01.4.0;1.1.1.8.01.4.0 Imposto sobre Transmissão ¿Inter Vivos¿ de Bens Imóveis e de Direitos Reais sobre Imóveis;5066511,08;110806
2019;Prefeitura Municipal de Corumbá - MS;5003207;MS;DCA-Anexo I-C;Padrão;Receitas Brutas Realizadas;RO1.1.1.8.02.0.0;1.1.1.8.02.0.0 Impostos sobre a Produção, Circulação de Mercadorias e Serviços;27759044,33;110806
2019;Prefeitura Municipal de Corumbá - MS;5003207;MS;DCA-Anexo I-C;Padrão;Receitas Brutas Realizadas;RO1.1.1.8.02.3.0;1.1.1.8.02.3.0 Imposto sobre Serviços de Qualquer Natureza;27759044,33;110806
2019;Prefeitura Municipal de Corumbá - MS;5003207;MS;DCA-Anexo I-C;Padrão;Receitas Brutas Realizadas;RO1.1.2.0.00.0.0;1.1.2.0.00.0.0 - Taxas;4980659,73;110806
2019;Prefeitura Municipal de Corumbá - MS;5003207;MS;DCA-Anexo I-C;Padrão;Receitas Brutas Realizadas;RO1.1.2.1.00.0.0;1.1.2.1.00.0.0 - Taxas pelo Exercício do Poder de Polícia;107450,58;110806
2019;Prefeitura Municipal de Corumbá - MS;5003207;MS;DCA-Anexo I-C;Padrão;Receitas Brutas Realizadas;RO1.1.2.1.04.0.0;1.1.2.1.04.0.0 - Taxa de Controle e Fiscalização Ambiental;107450,58;110806
2019;Prefeitura Municipal de Corumbá - MS;5003207;MS;DCA-Anexo I-C;Padrão;Receitas Brutas Realizadas;RO1.1.2.2.00.0.0;1.1.2.2.00.0.0 - Taxas pela Prestação de Serviços;2860918,63;110806
2019;Prefeitura Municipal de Corumbá - MS;5003207;MS;DCA-Anexo I-C;Padrão;Receitas Brutas Realizadas;RO1.1.2.2.01.0.0;1.1.2.2.01.0.0 - Taxas pela Prestação de Serviços;2860918,63;110806
2019;Prefeitura Municipal de Corumbá - MS;5003207;MS;DCA-Anexo I-C;Padrão;Receitas Brutas Realizadas;RO1.1.2.8.00.0.0;1.1.2.8.00.0.0 - Taxas - Específicas de Estados, DF e Municípios;2012290,52;110806
2019;Prefeitura Municipal de Corumbá - MS;5003207;MS;DCA-Anexo I-C;Padrão;Receitas Brutas Realizadas;RO1.1.2.8.01.0.0;1.1.2.8.01.0.0 - Taxas de Inspeção, Controle e Fiscalização;2012290,52;110806
2019;Prefeitura Municipal de Corumbá - MS;5003207;MS;DCA-Anexo I-C;Padrão;Receitas Brutas Realizadas;RO1.1.2.8.01.1.0;1.1.2.8.01.1.0 - Taxa de Fiscalização de Vigilância Sanitária;78330,96;110806
2019;Prefeitura Municipal de Corumbá - MS;5003207;MS;DCA-Anexo I-C;Padrão;Receitas Brutas Realizadas;RO1.1.2.8.01.9.0;1.1.2.8.01.9.0 - Taxas de Inspeção, Controle e Fiscalização - Outras;1933959,56;110806
2019;Prefeitura Municipal de Corumbá - MS;5003207;MS;DCA-Anexo I-C;Padrão;Receitas Brutas Realizadas;RO1.2.0.0.00.0.0;1.2.0.0.00.0.0 - Contribuições;20966640,00;110806
2019;Prefeitura Municipal de Corumbá - MS;5003207;MS;DCA-Anexo I-C;Padrão;Receitas Brutas Realizadas;RO1.2.1.0.00.0.0;1.2.1.0.00.0.0 - Contribuições Sociais;14048266,62;110806
2019;Prefeitura Municipal de Corumbá - MS;5003207;MS;DCA-Anexo I-C;Padrão;Receitas Brutas Realizadas;RO1.2.1.8.00.0.0;1.2.1.8.00.0.0 Contribuições Sociais Específicas de Estados, DF e Municípios;14048266,62;110806
2019;Prefeitura Municipal de Corumbá - MS;5003207;MS;DCA-Anexo I-C;Padrão;Receitas Brutas Realizadas;RO1.2.1.8.01.0.0;1.2.1.8.01.0.0 - Contribuição do Servidor Civil para o Plano de Seguridade Social - CPSSS - Específico de EST/DF/MUN;14048266,62;110806
2019;Prefeitura Municipal de Corumbá - MS;5003207;MS;DCA-Anexo I-C;Padrão;Receitas Brutas Realizadas;RO1.2.1.8.01.1.0;1.2.1.8.01.1.0 - CPSSS do Servidor Civil Ativo;13382329,77;110806
2019;Prefeitura Municipal de Corumbá - MS;5003207;MS;DCA-Anexo I-C;Padrão;Receitas Brutas Realizadas;RO1.2.1.8.01.2.0;1.2.1.8.01.2.0 - CPSSS do Servidor Civil Inativo;649861,22;110806
2019;Prefeitura Municipal de Corumbá - MS;5003207;MS;DCA-Anexo I-C;Padrão;Receitas Brutas Realizadas;RO1.2.1.8.01.3.0;1.2.1.8.01.3.0 - CPSSS do Servidor Civil - Pensionistas;16075,63;110806
2019;Prefeitura Municipal de Corumbá - MS;5003207;MS;DCA-Anexo I-C;Padrão;Receitas Brutas Realizadas;RO1.2.4.0.00.0.0;1.2.4.0.00.0.0 - Contribuição para o Custeio do Serviço de Iluminação Pública;6918373,38;110806
2019;Prefeitura Municipal de Corumbá - MS;5003207;MS;DCA-Anexo I-C;Padrão;Receitas Brutas Realizadas;RO1.3.0.0.00.0.0;1.3.0.0.00.0.0 - Receita Patrimonial;4185668,55;110806
2019;Prefeitura Municipal de Corumbá - MS;5003207;MS;DCA-Anexo I-C;Padrão;Receitas Brutas Realizadas;RO1.3.1.0.00.0.0;1.3.1.0.00.0.0 - Exploração do Patrimônio Imobiliário do Estado;524889,99;110806
2019;Prefeitura Municipal de Corumbá - MS;5003207;MS;DCA-Anexo I-C;Padrão;Receitas Brutas Realizadas;RO1.3.1.0.01.0.0;1.3.1.0.01.0.0 - Aluguéis, Arrendamentos, Foros, Laudêmios, Tarifas de Ocupação;233037,99;110806
2019;Prefeitura Municipal de Corumbá - MS;5003207;MS;DCA-Anexo I-C;Padrão;Receitas Brutas Realizadas;RO1.3.1.0.01.2.0;1.3.1.0.01.2.0 - Foros, Laudêmios e Tarifas de Ocupação;233037,99;110806
2019;Prefeitura Municipal de Corumbá - MS;5003207;MS;DCA-Anexo I-C;Padrão;Receitas Brutas Realizadas;RO1.3.1.0.02.0.0;1.3.1.0.02.0.0 - Concessão, Permissão, Autorização ou Cessão do Direito de Uso de Bens Imóveis Públicos;291852,00;110806
2019;Prefeitura Municipal de Corumbá - MS;5003207;MS;DCA-Anexo I-C;Padrão;Receitas Brutas Realizadas;RO1.3.2.0.00.0.0;1.3.2.0.00.0.0 - Valores Mobiliários;3569968,29;110806
2019;Prefeitura Municipal de Corumbá - MS;5003207;MS;DCA-Anexo I-C;Padrão;Receitas Brutas Realizadas;RO1.3.2.1.00.0.0;1.3.2.1.00.0.0 - Juros e Correções Monetárias;3501911,25;110806
2019;Prefeitura Municipal de Corumbá - MS;5003207;MS;DCA-Anexo I-C;Padrão;Receitas Brutas Realizadas;RO1.3.2.1.00.1.0;1.3.2.1.00.1.0 - Remuneração de Depósitos Bancários;1868523,61;110806
2019;Prefeitura Municipal de Corumbá - MS;5003207;MS;DCA-Anexo I-C;Padrão;Receitas Brutas Realizadas;RO1.3.2.1.00.4.0;1.3.2.1.00.4.0 - Remuneração dos Recursos do Regime Próprio de Previdência Social - RPPS;1633387,64;110806
2019;Prefeitura Municipal de Corumbá - MS;5003207;MS;DCA-Anexo I-C;Padrão;Receitas Brutas Realizadas;RO1.3.2.2.00.0.0;1.3.2.2.00.0.0 - Dividendos;68057,04;110806
2019;Prefeitura Municipal de Corumbá - MS;5003207;MS;DCA-Anexo I-C;Padrão;Receitas Brutas Realizadas;RO1.3.3.0.00.0.0;1.3.3.0.00.0.0 - Delegação de Serviços Públicos Mediante Concessão, Permissão, Autorização ou Licença;90810,27;110806
2019;Prefeitura Municipal de Corumbá - MS;5003207;MS;DCA-Anexo I-C;Padrão;Receitas Brutas Realizadas;RO1.3.3.9.00.0.0;1.3.3.9.00.0.0 - Demais Delegações de Serviços Públicos;90810,27;110806
2019;Prefeitura Municipal de Corumbá - MS;5003207;MS;DCA-Anexo I-C;Padrão;Receitas Brutas Realizadas;RO1.6.0.0.00.0.0;1.6.0.0.00.0.0 - Receita de Serviços;115849,23;110806
2019;Prefeitura Municipal de Corumbá - MS;5003207;MS;DCA-Anexo I-C;Padrão;Receitas Brutas Realizadas;RO1.6.2.0.00.0.0;1.6.2.0.00.0.0 - Serviços e Atividades Referentes à Navegação e ao Transporte;115849,23;110806
2019;Prefeitura Municipal de Corumbá - MS;5003207;MS;DCA-Anexo I-C;Padrão;Receitas Brutas Realizadas;RO1.6.2.0.02.0.0;1.6.2.0.02.0.0 - Serviços de Transporte;49531,18;110806
2019;Prefeitura Municipal de Corumbá - MS;5003207;MS;DCA-Anexo I-C;Padrão;Receitas Brutas Realizadas;RO1.6.2.0.03.0.0;1.6.2.0.03.0.0 - Serviços Portuários;66318,05;110806
2019;Prefeitura Municipal de Corumbá - MS;5003207;MS;DCA-Anexo I-C;Padrão;Receitas Brutas Realizadas;RO1.7.0.0.00.0.0;1.7.0.0.00.0.0 - Transferências Correntes;442251313,84;110806
2019;Prefeitura Municipal de Corumbá - MS;5003207;MS;DCA-Anexo I-C;Padrão;Deduções - FUNDEB;RO1.7.0.0.00.0.0;1.7.0.0.00.0.0 - Transferências Correntes;53508338,27;110806
2019;Prefeitura Municipal de Corumbá - MS;5003207;MS;DCA-Anexo I-C;Padrão;Receitas Brutas Realizadas;RO1.7.1.0.00.0.0;1.7.1.0.00.0.0 - Transferências da União e de suas Entidades;130398884,08;110806
2019;Prefeitura Municipal de Corumbá - MS;5003207;MS;DCA-Anexo I-C;Padrão;Deduções - FUNDEB;RO1.7.1.0.00.0.0;1.7.1.0.00.0.0 - Transferências da União e de suas Entidades;11778093,95;110806
2019;Prefeitura Municipal de Corumbá - MS;5003207;MS;DCA-Anexo I-C;Padrão;Receitas Brutas Realizadas;RO1.7.1.8.00.0.0;1.7.1.8.00.0.0 Transferências da União - Específicas de Estados, DF e Municípios;130398884,08;110806
2019;Prefeitura Municipal de Corumbá - MS;5003207;MS;DCA-Anexo I-C;Padrão;Deduções - FUNDEB;RO1.7.1.8.00.0.0;1.7.1.8.00.0.0 Transferências da União - Específicas de Estados, DF e Municípios;11778093,95;110806
2019;Prefeitura Municipal de Corumbá - MS;5003207;MS;DCA-Anexo I-C;Padrão;Receitas Brutas Realizadas;RO1.7.1.8.01.0.0;1.7.1.8.01.0.0 Participação na Receita da União;62944221,30;110806
2019;Prefeitura Municipal de Corumbá - MS;5003207;MS;DCA-Anexo I-C;Padrão;Deduções - FUNDEB;RO1.7.1.8.01.0.0;1.7.1.8.01.0.0 Participação na Receita da União;11778093,95;110806
2019;Prefeitura Municipal de Corumbá - MS;5003207;MS;DCA-Anexo I-C;Padrão;Receitas Brutas Realizadas;RO1.7.1.8.01.2.0;1.7.1.8.01.2.0 Cota-Parte do Fundo de Participação dos Municípios - Cota Mensal;46792078,92;110806
2019;Prefeitura Municipal de Corumbá - MS;5003207;MS;DCA-Anexo I-C;Padrão;Deduções - FUNDEB;RO1.7.1.8.01.2.0;1.7.1.8.01.2.0 Cota-Parte do Fundo de Participação dos Municípios - Cota Mensal;9358415,45;110806
2019;Prefeitura Municipal de Corumbá - MS;5003207;MS;DCA-Anexo I-C;Padrão;Receitas Brutas Realizadas;RO1.7.1.8.01.3.0;1.7.1.8.01.3.0 Cota-Parte do Fundo de Participação do Municípios ¿ 1% Cota entregue no mês de dezembro;2065020,99;110806
2019;Prefeitura Municipal de Corumbá - MS;5003207;MS;DCA-Anexo I-C;Padrão;Receitas Brutas Realizadas;RO1.7.1.8.01.4.0;1.7.1.8.01.4.0 Cota-Parte do Fundo de Participação dos Municípios - 1% Cota entregue no mês de julho;1988728,11;110806
2019;Prefeitura Municipal de Corumbá - MS;5003207;MS;DCA-Anexo I-C;Padrão;Receitas Brutas Realizadas;RO1.7.1.8.01.5.0;1.7.1.8.01.5.0 Cota-Parte do Imposto Sobre a Propriedade Territorial Rural;12098393,28;110806
2019;Prefeitura Municipal de Corumbá - MS;5003207;MS;DCA-Anexo I-C;Padrão;Deduções - FUNDEB;RO1.7.1.8.01.5.0;1.7.1.8.01.5.0 Cota-Parte do Imposto Sobre a Propriedade Territorial Rural;2419678,50;110806
2019;Prefeitura Municipal de Corumbá - MS;5003207;MS;DCA-Anexo I-C;Padrão;Receitas Brutas Realizadas;RO1.7.1.8.02.0.0;1.7.1.8.02.0.0 Transferência da Compensação Financeira pela Exploração de Recursos Naturais;15339880,26;110806
2019;Prefeitura Municipal de Corumbá - MS;5003207;MS;DCA-Anexo I-C;Padrão;Receitas Brutas Realizadas;RO1.7.1.8.02.2.0;1.7.1.8.02.2.0 Cota-parte da Compensação Financeira de Recursos Minerais - CFEM;14618912,53;110806
2019;Prefeitura Municipal de Corumbá - MS;5003207;MS;DCA-Anexo I-C;Padrão;Receitas Brutas Realizadas;RO1.7.1.8.02.6.0;1.7.1.8.02.6.0 Cota-Parte do Fundo Especial do Petróleo ¿ FEP;720967,73;110806
2019;Prefeitura Municipal de Corumbá - MS;5003207;MS;DCA-Anexo I-C;Padrão;Receitas Brutas Realizadas;RO1.7.1.8.03.0.0;"1.7.1.8.03.0.0 Transferência de Recursos do Sistema Único de Saúde ¿ 
 SUS ¿ Bloco Custeio das Ações e Serviços Públicos de Saúde";39562225,79;110806
2019;Prefeitura Municipal de Corumbá - MS;5003207;MS;DCA-Anexo I-C;Padrão;Receitas Brutas Realizadas;RO1.7.1.8.03.1.0;1.7.1.8.03.1.0 - Transferência de Recursos do SUS ¿ Atenção Básica;9728644,43;110806
2019;Prefeitura Municipal de Corumbá - MS;5003207;MS;DCA-Anexo I-C;Padrão;Receitas Brutas Realizadas;RO1.7.1.8.03.2.0;1.7.1.8.03.2.0 - Transferência de Recursos do SUS ¿ Atenção de Média e Alta Complexidade Ambulatorial e Hospitalar;27543841,15;110806
2019;Prefeitura Municipal de Corumbá - MS;5003207;MS;DCA-Anexo I-C;Padrão;Receitas Brutas Realizadas;RO1.7.1.8.03.3.0;1.7.1.8.03.3.0 - Transferência de Recursos do SUS ¿ Vigilância em Saúde;1630668,22;110806
2019;Prefeitura Municipal de Corumbá - MS;5003207;MS;DCA-Anexo I-C;Padrão;Receitas Brutas Realizadas;RO1.7.1.8.03.4.0;1.7.1.8.03.4.0 - Transferência de Recursos do SUS ¿ Assistência Farmacêutica;627071,99;110806
2019;Prefeitura Municipal de Corumbá - MS;5003207;MS;DCA-Anexo I-C;Padrão;Receitas Brutas Realizadas;RO1.7.1.8.03.5.0;1.7.1.8.03.5.0 - Transferência de Recursos do SUS ¿ Gestão do SUS;32000,00;110806
2019;Prefeitura Municipal de Corumbá - MS;5003207;MS;DCA-Anexo I-C;Padrão;Receitas Brutas Realizadas;RO1.7.1.8.04.0.0;1.7.1.8.04.0.0 Transferências de Recursos do Sistema Único de Saúde ¿ SUS - Bloco Investimentos na Rede de Serviços Públicos de Saúde;54000,00;110806
2019;Prefeitura Municipal de Corumbá - MS;5003207;MS;DCA-Anexo I-C;Padrão;Receitas Brutas Realizadas;RO1.7.1.8.04.1.0;1.7.1.8.04.1.0 - Transferências de Recursos do Sistema Único de Saúde ¿ SUS destinados à Atenção Básica;54000,00;110806
2019;Prefeitura Municipal de Corumbá - MS;5003207;MS;DCA-Anexo I-C;Padrão;Receitas Brutas Realizadas;RO1.7.1.8.05.0.0;1.7.1.8.05.0.0 Transferências de Recursos do Fundo Nacional do Desenvolvimento da Educação ¿ FNDE;6150854,27;110806
2019;Prefeitura Municipal de Corumbá - MS;5003207;MS;DCA-Anexo I-C;Padrão;Receitas Brutas Realizadas;RO1.7.1.8.05.1.0;1.7.1.8.05.1.0 Transferências do Salário-Educação;4306382,05;110806
2019;Prefeitura Municipal de Corumbá - MS;5003207;MS;DCA-Anexo I-C;Padrão;Receitas Brutas Realizadas;RO1.7.1.8.05.3.0;1.7.1.8.05.3.0 Transferências Diretas do FNDE referentes ao Programa Nacional de Alimentação Escolar ¿ PNAE;1648907,96;110806
2019;Prefeitura Municipal de Corumbá - MS;5003207;MS;DCA-Anexo I-C;Padrão;Receitas Brutas Realizadas;RO1.7.1.8.05.4.0;1.7.1.8.05.4.0 Transferências Diretas do FNDE referentes ao Programa Nacional de Apoio ao Transporte do Escolar ¿ PNATE;195564,26;110806
2019;Prefeitura Municipal de Corumbá - MS;5003207;MS;DCA-Anexo I-C;Padrão;Receitas Brutas Realizadas;RO1.7.1.8.10.0.0;1.7.1.8.10.0.0 Transferências de Convênios da União e de Suas Entidades;17043,48;110806
2019;Prefeitura Municipal de Corumbá - MS;5003207;MS;DCA-Anexo I-C;Padrão;Receitas Brutas Realizadas;RO1.7.1.8.10.9.0;1.7.1.8.10.9.0 Outras Transferências de Convênios da União;17043,48;110806
2019;Prefeitura Municipal de Corumbá - MS;5003207;MS;DCA-Anexo I-C;Padrão;Receitas Brutas Realizadas;RO1.7.1.8.12.0.0;1.7.1.8.12.0.0 - Transferências de Recursos do Fundo Nacional de Assistência Social ¿ FNAS;3721216,90;110806
2019;Prefeitura Municipal de Corumbá - MS;5003207;MS;DCA-Anexo I-C;Padrão;Receitas Brutas Realizadas;RO1.7.1.8.99.0.0;1.7.1.8.99.0.0 Outras Transferências da União;2609442,08;110806
2019;Prefeitura Municipal de Corumbá - MS;5003207;MS;DCA-Anexo I-C;Padrão;Receitas Brutas Realizadas;RO1.7.2.0.00.0.0;1.7.2.0.00.0.0 - Transferências dos Estados e do Distrito Federal e de suas Entidades;248309649,25;110806
2019;Prefeitura Municipal de Corumbá - MS;5003207;MS;DCA-Anexo I-C;Padrão;Deduções - FUNDEB;RO1.7.2.0.00.0.0;1.7.2.0.00.0.0 - Transferências dos Estados e do Distrito Federal e de suas Entidades;41730244,32;110806
2019;Prefeitura Municipal de Corumbá - MS;5003207;MS;DCA-Anexo I-C;Padrão;Receitas Brutas Realizadas;RO1.7.2.8.00.0.0;1.7.2.8.00.0.0 Transferências dos Estados - Específicas de Estados, DF e Municípios;248309649,25;110806
2019;Prefeitura Municipal de Corumbá - MS;5003207;MS;DCA-Anexo I-C;Padrão;Deduções - FUNDEB;RO1.7.2.8.00.0.0;1.7.2.8.00.0.0 Transferências dos Estados - Específicas de Estados, DF e Municípios;41730244,32;110806
2019;Prefeitura Municipal de Corumbá - MS;5003207;MS;DCA-Anexo I-C;Padrão;Receitas Brutas Realizadas;RO1.7.2.8.01.0.0;1.7.2.8.01.0.0 Participação na Receita dos Estados;209180615,24;110806
2019;Prefeitura Municipal de Corumbá - MS;5003207;MS;DCA-Anexo I-C;Padrão;Deduções - FUNDEB;RO1.7.2.8.01.0.0;1.7.2.8.01.0.0 Participação na Receita dos Estados;41730244,32;110806
2019;Prefeitura Municipal de Corumbá - MS;5003207;MS;DCA-Anexo I-C;Padrão;Receitas Brutas Realizadas;RO1.7.2.8.01.1.0;1.7.2.8.01.1.0 Cota-Parte do ICMS;198302240,26;110806
2019;Prefeitura Municipal de Corumbá - MS;5003207;MS;DCA-Anexo I-C;Padrão;Deduções - FUNDEB;RO1.7.2.8.01.1.0;1.7.2.8.01.1.0 Cota-Parte do ICMS;39660447,79;110806
2019;Prefeitura Municipal de Corumbá - MS;5003207;MS;DCA-Anexo I-C;Padrão;Receitas Brutas Realizadas;RO1.7.2.8.01.2.0;1.7.2.8.01.2.0 Cota-Parte do IPVA;8086258,71;110806
2019;Prefeitura Municipal de Corumbá - MS;5003207;MS;DCA-Anexo I-C;Padrão;Deduções - FUNDEB;RO1.7.2.8.01.2.0;1.7.2.8.01.2.0 Cota-Parte do IPVA;1617251,71;110806
2019;Prefeitura Municipal de Corumbá - MS;5003207;MS;DCA-Anexo I-C;Padrão;Receitas Brutas Realizadas;RO1.7.2.8.01.3.0;1.7.2.8.01.3.0 Cota-Parte do IPI - Municípios;2262724,29;110806
2019;Prefeitura Municipal de Corumbá - MS;5003207;MS;DCA-Anexo I-C;Padrão;Deduções - FUNDEB;RO1.7.2.8.01.3.0;1.7.2.8.01.3.0 Cota-Parte do IPI - Municípios;452544,82;110806
2019;Prefeitura Municipal de Corumbá - MS;5003207;MS;DCA-Anexo I-C;Padrão;Receitas Brutas Realizadas;RO1.7.2.8.01.4.0;1.7.2.8.01.4.0 Cota-Parte da Contribuição de Intervenção no Domínio Econômico;187891,98;110806
2019;Prefeitura Municipal de Corumbá - MS;5003207;MS;DCA-Anexo I-C;Padrão;Receitas Brutas Realizadas;RO1.7.2.8.01.9.0;1.7.2.8.01.9.0 Outras Transferências dos Estados;341500,00;110806
2019;Prefeitura Municipal de Corumbá - MS;5003207;MS;DCA-Anexo I-C;Padrão;Receitas Brutas Realizadas;RO1.7.2.8.03.0.0;1.7.2.8.03.0.0 Transferência de Recursos do Estado para Programas de Saúde ¿ Repasse Fundo a Fundo;13811364,10;110806
2019;Prefeitura Municipal de Corumbá - MS;5003207;MS;DCA-Anexo I-C;Padrão;Receitas Brutas Realizadas;RO1.7.2.8.10.0.0;1.7.2.8.10.0.0 Transferência de Convênios dos Estados e do Distrito Federal e de Suas Entidades;997287,83;110806
2019;Prefeitura Municipal de Corumbá - MS;5003207;MS;DCA-Anexo I-C;Padrão;Receitas Brutas Realizadas;RO1.7.2.8.10.2.0;1.7.2.8.10.2.0 Transferências de Convênio dos Estados Destinadas a Programas de Educação;307187,51;110806
2019;Prefeitura Municipal de Corumbá - MS;5003207;MS;DCA-Anexo I-C;Padrão;Receitas Brutas Realizadas;RO1.7.2.8.10.9.0;1.7.2.8.10.9.0 Outras Transferências de Convênio dos Estados;690100,32;110806
2019;Prefeitura Municipal de Corumbá - MS;5003207;MS;DCA-Anexo I-C;Padrão;Receitas Brutas Realizadas;RO1.7.2.8.99.0.0;1.7.2.8.99.0.0 Outras Transferências dos Estados;24320382,08;110806
2019;Prefeitura Municipal de Corumbá - MS;5003207;MS;DCA-Anexo I-C;Padrão;Receitas Brutas Realizadas;RO1.7.4.0.00.0.0;1.7.4.0.00.0.0 - Transferências de Instituições Privadas;650000,00;110806
2019;Prefeitura Municipal de Corumbá - MS;5003207;MS;DCA-Anexo I-C;Padrão;Receitas Brutas Realizadas;RO1.7.4.0.00.1.0;1.7.4.0.00.1.0 - Transferências de Instituições Privadas;650000,00;110806
2019;Prefeitura Municipal de Corumbá - MS;5003207;MS;DCA-Anexo I-C;Padrão;Receitas Brutas Realizadas;RO1.7.5.0.00.0.0;1.7.5.0.00.0.0 - Transferências de Outras Instituições Públicas;62869521,24;110806
2019;Prefeitura Municipal de Corumbá - MS;5003207;MS;DCA-Anexo I-C;Padrão;Receitas Brutas Realizadas;RO1.7.5.8.00.0.0;1.7.5.8.00.0.0 Transferências de Outras Instituições Públicas - Específicas de Estados, DF e Municípios;62869521,24;110806
2019;Prefeitura Municipal de Corumbá - MS;5003207;MS;DCA-Anexo I-C;Padrão;Receitas Brutas Realizadas;RO1.7.5.8.01.0.0;1.7.5.8.01.0.0 Transferências de Recursos do Fundo de Manutenção e Desenvolvimento da Educação Básica e de Valorização dos Profissionais da Educação ¿ FUNDEB;62869521,24;110806
2019;Prefeitura Municipal de Corumbá - MS;5003207;MS;DCA-Anexo I-C;Padrão;Receitas Brutas Realizadas;RO1.7.7.0.00.0.0;1.7.7.0.00.0.0 - Transferências de Pessoas Físicas;23259,27;110806
2019;Prefeitura Municipal de Corumbá - MS;5003207;MS;DCA-Anexo I-C;Padrão;Receitas Brutas Realizadas;RO1.7.7.8.00.0.0;1.7.7.8.00.0.0 - Transferências de Pessoas Físicas - Específicas de Estados, DF e Municípios;23259,27;110806
2019;Prefeitura Municipal de Corumbá - MS;5003207;MS;DCA-Anexo I-C;Padrão;Receitas Brutas Realizadas;RO1.7.7.8.01.0.0;1.7.7.8.01.0.0 - Transferências de Pessoas Físicas - Específicas de E/DF/M;23259,27;110806
2019;Prefeitura Municipal de Corumbá - MS;5003207;MS;DCA-Anexo I-C;Padrão;Receitas Brutas Realizadas;RO1.7.7.8.01.1.0;1.7.7.8.01.1.0 - Transferências de Pessoas Físicas - Específicas de E/DF/M - Programas de Saúde;23259,27;110806
2019;Prefeitura Municipal de Corumbá - MS;5003207;MS;DCA-Anexo I-C;Padrão;Receitas Brutas Realizadas;RO1.9.0.0.00.0.0;1.9.0.0.00.0.0 - Outras Receitas Correntes;1929083,28;110806
2019;Prefeitura Municipal de Corumbá - MS;5003207;MS;DCA-Anexo I-C;Padrão;Receitas Brutas Realizadas;RO1.9.1.0.00.0.0;1.9.1.0.00.0.0 - Multas Administrativas, Contratuais e Judiciais;284847,02;110806
2019;Prefeitura Municipal de Corumbá - MS;5003207;MS;DCA-Anexo I-C;Padrão;Receitas Brutas Realizadas;RO1.9.1.0.01.0.0;1.9.1.0.01.0.0 - Multas Previstas em Legislação Específica;281668,12;110806
2019;Prefeitura Municipal de Corumbá - MS;5003207;MS;DCA-Anexo I-C;Padrão;Receitas Brutas Realizadas;RO1.9.1.0.06.0.0;1.9.1.0.06.0.0 - Multas por Danos Ambientais;10,17;110806
2019;Prefeitura Municipal de Corumbá - MS;5003207;MS;DCA-Anexo I-C;Padrão;Receitas Brutas Realizadas;RO1.9.1.0.06.1.0;1.9.1.0.06.1.0 - Multas Administrativas por Danos Ambientais;10,17;110806
2019;Prefeitura Municipal de Corumbá - MS;5003207;MS;DCA-Anexo I-C;Padrão;Receitas Brutas Realizadas;RO1.9.1.0.09.0.0;1.9.1.0.09.0.0 - Multas e Juros Previstos em Contratos;3168,73;110806
2019;Prefeitura Municipal de Corumbá - MS;5003207;MS;DCA-Anexo I-C;Padrão;Receitas Brutas Realizadas;RO1.9.2.0.00.0.0;1.9.2.0.00.0.0 - Indenizações, Restituições e Ressarcimentos;98450,82;110806
2019;Prefeitura Municipal de Corumbá - MS;5003207;MS;DCA-Anexo I-C;Padrão;Receitas Brutas Realizadas;RO1.9.2.1.00.0.0;1.9.2.1.00.0.0 - Indenizações;2707,56;110806
2019;Prefeitura Municipal de Corumbá - MS;5003207;MS;DCA-Anexo I-C;Padrão;Receitas Brutas Realizadas;RO1.9.2.1.99.0.0;1.9.2.1.99.0.0 - Outras Indenizações;2707,56;110806
2019;Prefeitura Municipal de Corumbá - MS;5003207;MS;DCA-Anexo I-C;Padrão;Receitas Brutas Realizadas;RO1.9.2.2.00.0.0;1.9.2.2.00.0.0 - Restituições;95743,26;110806
2019;Prefeitura Municipal de Corumbá - MS;5003207;MS;DCA-Anexo I-C;Padrão;Receitas Brutas Realizadas;RO1.9.2.2.01.0.0;1.9.2.2.01.0.0 - Restituição de Convênios;46245,96;110806
2019;Prefeitura Municipal de Corumbá - MS;5003207;MS;DCA-Anexo I-C;Padrão;Receitas Brutas Realizadas;RO1.9.2.2.99.0.0;1.9.2.2.99.0.0 - Outras Restituições;49497,30;110806
2019;Prefeitura Municipal de Corumbá - MS;5003207;MS;DCA-Anexo I-C;Padrão;Receitas Brutas Realizadas;RO1.9.9.0.00.0.0;1.9.9.0.00.0.0 - Demais Receitas Correntes;1545785,44;110806
2019;Prefeitura Municipal de Corumbá - MS;5003207;MS;DCA-Anexo I-C;Padrão;Receitas Brutas Realizadas;RO1.9.9.0.03.0.0;1.9.9.0.03.0.0 - Compensações Financeiras entre o Regime Geral e os Regimes Próprios de Previdência dos Servidores;962943,19;110806
2019;Prefeitura Municipal de Corumbá - MS;5003207;MS;DCA-Anexo I-C;Padrão;Receitas Brutas Realizadas;RO1.9.9.0.12.0.0;1.9.9.0.12.0.0 - Encargos Legais pela Inscrição em Dívida Ativa e Receitas de Ônus de Sucumbência;331164,30;110806
2019;Prefeitura Municipal de Corumbá - MS;5003207;MS;DCA-Anexo I-C;Padrão;Receitas Brutas Realizadas;RO1.9.9.0.12.1.0;1.9.9.0.12.1.0 - Encargos Legais pela Inscrição em Dívida Ativa;1490,22;110806
2019;Prefeitura Municipal de Corumbá - MS;5003207;MS;DCA-Anexo I-C;Padrão;Receitas Brutas Realizadas;RO1.9.9.0.12.2.0;1.9.9.0.12.2.0 - Ônus de Sucumbência;329674,08;110806
2019;Prefeitura Municipal de Corumbá - MS;5003207;MS;DCA-Anexo I-C;Padrão;Receitas Brutas Realizadas;RO1.9.9.0.99.0.0;1.9.9.0.99.0.0 - Outras Receitas;251677,95;110806
2019;Prefeitura Municipal de Corumbá - MS;5003207;MS;DCA-Anexo I-C;Padrão;Receitas Brutas Realizadas;RO1.9.9.0.99.1.0;1.9.9.0.99.1.0 - Outras Receitas - Primárias;251677,95;110806
2019;Prefeitura Municipal de Corumbá - MS;5003207;MS;DCA-Anexo I-C;Padrão;Receitas Brutas Realizadas;RO2.0.0.0.00.0.0;2.0.0.0.00.0.0 - Receitas de Capital;55677353,90;110806
2019;Prefeitura Municipal de Corumbá - MS;5003207;MS;DCA-Anexo I-C;Padrão;Receitas Brutas Realizadas;RO2.1.0.0.00.0.0;2.1.0.0.00.0.0 - Operações de Crédito;50780673,04;110806
2019;Prefeitura Municipal de Corumbá - MS;5003207;MS;DCA-Anexo I-C;Padrão;Receitas Brutas Realizadas;RO2.1.2.0.00.0.0;2.1.2.0.00.0.0 - Operações de Crédito - Mercado Externo;50780673,04;110806
2019;Prefeitura Municipal de Corumbá - MS;5003207;MS;DCA-Anexo I-C;Padrão;Receitas Brutas Realizadas;RO2.1.2.9.00.0.0;2.1.2.9.00.0.0 Outras Operações de Crédito - Mercado Externo;50780673,04;110806
2019;Prefeitura Municipal de Corumbá - MS;5003207;MS;DCA-Anexo I-C;Padrão;Receitas Brutas Realizadas;RO2.2.0.0.00.0.0;2.2.0.0.00.0.0 - Alienação de Bens;238300,00;110806
2019;Prefeitura Municipal de Corumbá - MS;5003207;MS;DCA-Anexo I-C;Padrão;Receitas Brutas Realizadas;RO2.2.1.0.00.0.0;2.2.1.0.00.0.0 - Alienação de Bens Móveis;238300,00;110806
2019;Prefeitura Municipal de Corumbá - MS;5003207;MS;DCA-Anexo I-C;Padrão;Receitas Brutas Realizadas;RO2.2.1.3.00.0.0;2.2.1.3.00.0.0 Alienação de Bens Móveis e Semoventes;238300,00;110806
2019;Prefeitura Municipal de Corumbá - MS;5003207;MS;DCA-Anexo I-C;Padrão;Receitas Brutas Realizadas;RO2.4.0.0.00.0.0;2.4.0.0.00.0.0 - Transferências de Capital;4658380,86;110806
2019;Prefeitura Municipal de Corumbá - MS;5003207;MS;DCA-Anexo I-C;Padrão;Receitas Brutas Realizadas;RO2.4.1.0.00.0.0;2.4.1.0.00.0.0 - Transferências da União e de suas Entidades;1920821,34;110806
2019;Prefeitura Municipal de Corumbá - MS;5003207;MS;DCA-Anexo I-C;Padrão;Receitas Brutas Realizadas;RO2.4.1.8.00.0.0;2.4.1.8.00.0.0 Transferências da União - Específicas de Estados, DF e Municípios;1920821,34;110806
2019;Prefeitura Municipal de Corumbá - MS;5003207;MS;DCA-Anexo I-C;Padrão;Receitas Brutas Realizadas;RO2.4.1.8.04.0.0;2.4.1.8.04.0.0 - Transferências de Recursos do Sistema Único de Saúde ¿ SUS - Bloco Investimentos na Rede de Serviços Públicos de Saúde;217680,00;110806
2019;Prefeitura Municipal de Corumbá - MS;5003207;MS;DCA-Anexo I-C;Padrão;Receitas Brutas Realizadas;RO2.4.1.8.04.1.0;2.4.1.8.04.1.0 - Transferências de Recursos do Sistema Único de Saúde ¿ SUS destinados à Atenção Básica;217680,00;110806
2019;Prefeitura Municipal de Corumbá - MS;5003207;MS;DCA-Anexo I-C;Padrão;Receitas Brutas Realizadas;RO2.4.1.8.05.0.0;2.4.1.8.05.0.0 Transferências de Recursos Destinados a Programas de Educação;488416,85;110806
2019;Prefeitura Municipal de Corumbá - MS;5003207;MS;DCA-Anexo I-C;Padrão;Receitas Brutas Realizadas;RO2.4.1.8.10.0.0;2.4.1.8.10.0.0 Transferência de Convênios da União e de suas Entidades;1214724,49;110806
2019;Prefeitura Municipal de Corumbá - MS;5003207;MS;DCA-Anexo I-C;Padrão;Receitas Brutas Realizadas;RO2.4.1.8.10.1.0;2.4.1.8.10.1.0 - Transferências de Convênio da União para o Sistema Único de Saúde ¿ SUS;98861,07;110806
2019;Prefeitura Municipal de Corumbá - MS;5003207;MS;DCA-Anexo I-C;Padrão;Receitas Brutas Realizadas;RO2.4.1.8.10.9.0;2.4.1.8.10.9.0 - Outras Transferências de Convênios da União;1115863,42;110806
2019;Prefeitura Municipal de Corumbá - MS;5003207;MS;DCA-Anexo I-C;Padrão;Receitas Brutas Realizadas;RO2.4.2.0.00.0.0;2.4.2.0.00.0.0 - Transferências dos Estados e do Distrito Federal e de suas Entidades;2737559,52;110806
2019;Prefeitura Municipal de Corumbá - MS;5003207;MS;DCA-Anexo I-C;Padrão;Receitas Brutas Realizadas;RO2.4.2.8.00.0.0;2.4.2.8.00.0.0 Transferências dos Estados, Distrito Federal, e de suas Entidades;2737559,52;110806
2019;Prefeitura Municipal de Corumbá - MS;5003207;MS;DCA-Anexo I-C;Padrão;Receitas Brutas Realizadas;RO2.4.2.8.10.0.0;2.4.2.8.10.0.0 Transferências de Convênios dos Estados e do Distrito Federal e de suas Entidades;1994295,10;110806
2019;Prefeitura Municipal de Corumbá - MS;5003207;MS;DCA-Anexo I-C;Padrão;Receitas Brutas Realizadas;RO2.4.2.8.10.1.0;2.4.2.8.10.1.0 - Transferências de Convênios dos Estados para o Sistema Único de Saúde ¿ SUS;1994295,10;110806
2019;Prefeitura Municipal de Corumbá - MS;5003207;MS;DCA-Anexo I-C;Padrão;Receitas Brutas Realizadas;RO2.4.2.8.99.0.0;2.4.2.8.99.0.0 Outras Transferências dos Estados;743264,42;110806
2019;Prefeitura Municipal de Corumbá - MS;5003207;MS;DCA-Anexo I-C;Padrão;Receitas Brutas Realizadas;ReceitasIntraOrcamentarias;RECEITAS (INTRA-ORÇAMENTÁRIAS) (II);31544713,88;110806
2019;Prefeitura Municipal de Corumbá - MS;5003207;MS;DCA-Anexo I-C;Padrão;Receitas Brutas Realizadas;RO7.0.0.0.00.0.0;7.0.0.0.00.0.0 - Receitas Correntes;31544713,88;110806
2019;Prefeitura Municipal de Corumbá - MS;5003207;MS;DCA-Anexo I-C;Padrão;Receitas Brutas Realizadas;RO7.2.0.0.00.0.0;7.2.0.0.00.0.0 - Contribuições;19503687,55;110806
2019;Prefeitura Municipal de Corumbá - MS;5003207;MS;DCA-Anexo I-C;Padrão;Receitas Brutas Realizadas;RO7.2.1.0.00.0.0;7.2.1.0.00.0.0 - Contribuições Sociais;19503687,55;110806
2019;Prefeitura Municipal de Corumbá - MS;5003207;MS;DCA-Anexo I-C;Padrão;Receitas Brutas Realizadas;RO7.2.1.8.00.0.0;"7.2.1.8.00.0.0 Contribuições Sociais Específicas de Estados, DF e 
 Municípios";19503687,55;110806
2019;Prefeitura Municipal de Corumbá - MS;5003207;MS;DCA-Anexo I-C;Padrão;Receitas Brutas Realizadas;RO7.2.1.8.03.0.0;7.2.1.8.03.0.0 - CPSSS Patronal - Servidor Civil - Específico de EST/DF/MUN;16934437,85;110806
2019;Prefeitura Municipal de Corumbá - MS;5003207;MS;DCA-Anexo I-C;Padrão;Receitas Brutas Realizadas;RO7.2.1.8.03.1.0;7.2.1.8.03.1.0 - CPSSS Patronal - Servidor Civil Ativo;16934437,85;110806
2019;Prefeitura Municipal de Corumbá - MS;5003207;MS;DCA-Anexo I-C;Padrão;Receitas Brutas Realizadas;RO7.2.1.8.04.0.0;7.2.1.8.04.0.0 - CPSSS Patronal - Parcelamentos - Específico de EST/DF/MUN;2569249,70;110806
2019;Prefeitura Municipal de Corumbá - MS;5003207;MS;DCA-Anexo I-C;Padrão;Receitas Brutas Realizadas;RO7.2.1.8.04.1.0;7.2.1.8.04.1.0 - CPSSS Patronal - Parcelamentos - Servidor Civil Ativo;2569249,70;110806
2019;Prefeitura Municipal de Corumbá - MS;5003207;MS;DCA-Anexo I-C;Padrão;Receitas Brutas Realizadas;RO7.9.0.0.00.0.0;7.9.0.0.00.0.0 - Outras Receitas Correntes;12041026,33;110806
2019;Prefeitura Municipal de Corumbá - MS;5003207;MS;DCA-Anexo I-C;Padrão;Receitas Brutas Realizadas;RO7.9.9.0.00.0.0;7.9.9.0.00.0.0 - Demais Receitas Correntes;12041026,33;110806
2019;Prefeitura Municipal de Corumbá - MS;5003207;MS;DCA-Anexo I-C;Padrão;Receitas Brutas Realizadas;RO7.9.9.0.01.0.0;7.9.9.0.01.0.0 - Aportes Periódicos para Amortização de Déficit Atuarial do RPPS;12041026,33;110806
2019;Prefeitura Municipal de Corumbá - MS;5003207;MS;DCA-Anexo I-C;Padrão;Receitas Brutas Realizadas;TotalReceitas;TOTAL DAS RECEITAS (III) = (I + II);634951148,34;110806
2019;Prefeitura Municipal de Corumbá - MS;5003207;MS;DCA-Anexo I-C;Padrão;Deduções - FUNDEB;TotalReceitas;TOTAL DAS RECEITAS (III) = (I + II);53508338,27;110806
2020;Prefeitura Municipal de Corumbá - MS;5003207;MS;DCA-Anexo I-C;Padrão;Receitas Brutas Realizadas;ReceitasExcetoIntraOrcamentarias;RECEITAS (EXCETO INTRA-ORÇAMENTÁRIAS) (I);676404764,00;111435
2020;Prefeitura Municipal de Corumbá - MS;5003207;MS;DCA-Anexo I-C;Padrão;Deduções - FUNDEB;ReceitasExcetoIntraOrcamentarias;RECEITAS (EXCETO INTRA-ORÇAMENTÁRIAS) (I);54212588,85;111435
2020;Prefeitura Municipal de Corumbá - MS;5003207;MS;DCA-Anexo I-C;Padrão;Receitas Brutas Realizadas;RO1.0.0.0.00.0.0;1.0.0.0.00.0.0 - Receitas Correntes;626122670,60;111435
2020;Prefeitura Municipal de Corumbá - MS;5003207;MS;DCA-Anexo I-C;Padrão;Deduções - FUNDEB;RO1.0.0.0.00.0.0;1.0.0.0.00.0.0 - Receitas Correntes;54212588,85;111435
2020;Prefeitura Municipal de Corumbá - MS;5003207;MS;DCA-Anexo I-C;Padrão;Receitas Brutas Realizadas;RO1.1.0.0.00.0.0;1.1.0.0.00.0.0 - Impostos, Taxas e Contribuições de Melhoria;85164235,37;111435
2020;Prefeitura Municipal de Corumbá - MS;5003207;MS;DCA-Anexo I-C;Padrão;Receitas Brutas Realizadas;RO1.1.1.0.00.0.0;1.1.1.0.00.0.0 - Impostos;80396386,05;111435
2020;Prefeitura Municipal de Corumbá - MS;5003207;MS;DCA-Anexo I-C;Padrão;Receitas Brutas Realizadas;RO1.1.1.3.00.0.0;1.1.1.3.00.0.0 - Impostos sobre a Renda e Proventos de Qualquer Natureza;30123745,99;111435
2020;Prefeitura Municipal de Corumbá - MS;5003207;MS;DCA-Anexo I-C;Padrão;Receitas Brutas Realizadas;RO1.1.1.3.03.0.0;1.1.1.3.03.0.0 - Imposto sobre a Renda - Retido na Fonte;30123745,99;111435
2020;Prefeitura Municipal de Corumbá - MS;5003207;MS;DCA-Anexo I-C;Padrão;Receitas Brutas Realizadas;RO1.1.1.3.03.1.0;1.1.1.3.03.1.0 - Imposto sobre a Renda - Retido na Fonte - Trabalho;29542372,66;111435
2020;Prefeitura Municipal de Corumbá - MS;5003207;MS;DCA-Anexo I-C;Padrão;Receitas Brutas Realizadas;RO1.1.1.3.03.4.0;1.1.1.3.03.4.0 - Imposto sobre a Renda - Retido na Fonte - Outros Rendimentos;581373,33;111435
2020;Prefeitura Municipal de Corumbá - MS;5003207;MS;DCA-Anexo I-C;Padrão;Receitas Brutas Realizadas;RO1.1.1.8.00.0.0;1.1.1.8.00.0.0 Impostos Específicos de Estados, DF e Municípios;50272640,06;111435
2020;Prefeitura Municipal de Corumbá - MS;5003207;MS;DCA-Anexo I-C;Padrão;Receitas Brutas Realizadas;RO1.1.1.8.01.0.0;1.1.1.8.01.0.0 Impostos sobre o Patrimônio para Estados/DF/Municípios;21887217,11;111435
2020;Prefeitura Municipal de Corumbá - MS;5003207;MS;DCA-Anexo I-C;Padrão;Receitas Brutas Realizadas;RO1.1.1.8.01.1.0;1.1.1.8.01.1.0 Imposto sobre a Propriedade Predial e Territorial Urbana;12295561,47;111435
2020;Prefeitura Municipal de Corumbá - MS;5003207;MS;DCA-Anexo I-C;Padrão;Receitas Brutas Realizadas;RO1.1.1.8.01.4.0;1.1.1.8.01.4.0 Imposto sobre Transmissão ¿Inter Vivos¿ de Bens Imóveis e de Direitos Reais sobre Imóveis;9591655,64;111435
2020;Prefeitura Municipal de Corumbá - MS;5003207;MS;DCA-Anexo I-C;Padrão;Receitas Brutas Realizadas;RO1.1.1.8.02.0.0;1.1.1.8.02.0.0 Impostos sobre a Produção, Circulação de Mercadorias e Serviços;28385422,95;111435
2020;Prefeitura Municipal de Corumbá - MS;5003207;MS;DCA-Anexo I-C;Padrão;Receitas Brutas Realizadas;RO1.1.1.8.02.3.0;1.1.1.8.02.3.0 Imposto sobre Serviços de Qualquer Natureza;28385422,95;111435
2020;Prefeitura Municipal de Corumbá - MS;5003207;MS;DCA-Anexo I-C;Padrão;Receitas Brutas Realizadas;RO1.1.2.0.00.0.0;1.1.2.0.00.0.0 - Taxas;4767849,32;111435
2020;Prefeitura Municipal de Corumbá - MS;5003207;MS;DCA-Anexo I-C;Padrão;Receitas Brutas Realizadas;RO1.1.2.1.00.0.0;1.1.2.1.00.0.0 - Taxas pelo Exercício do Poder de Polícia;76882,55;111435
2020;Prefeitura Municipal de Corumbá - MS;5003207;MS;DCA-Anexo I-C;Padrão;Receitas Brutas Realizadas;RO1.1.2.1.04.0.0;1.1.2.1.04.0.0 - Taxa de Controle e Fiscalização Ambiental;76882,55;111435
2020;Prefeitura Municipal de Corumbá - MS;5003207;MS;DCA-Anexo I-C;Padrão;Receitas Brutas Realizadas;RO1.1.2.2.00.0.0;1.1.2.2.00.0.0 - Taxas pela Prestação de Serviços;3005922,23;111435
2020;Prefeitura Municipal de Corumbá - MS;5003207;MS;DCA-Anexo I-C;Padrão;Receitas Brutas Realizadas;RO1.1.2.2.01.0.0;1.1.2.2.01.0.0 - Taxas pela Prestação de Serviços;3005922,23;111435
2020;Prefeitura Municipal de Corumbá - MS;5003207;MS;DCA-Anexo I-C;Padrão;Receitas Brutas Realizadas;RO1.1.2.8.00.0.0;1.1.2.8.00.0.0 - Taxas - Específicas de Estados, DF e Municípios;1685044,54;111435
2020;Prefeitura Municipal de Corumbá - MS;5003207;MS;DCA-Anexo I-C;Padrão;Receitas Brutas Realizadas;RO1.1.2.8.01.0.0;1.1.2.8.01.0.0 - Taxas de Inspeção, Controle e Fiscalização;1685044,54;111435
2020;Prefeitura Municipal de Corumbá - MS;5003207;MS;DCA-Anexo I-C;Padrão;Receitas Brutas Realizadas;RO1.1.2.8.01.1.0;1.1.2.8.01.1.0 - Taxa de Fiscalização de Vigilância Sanitária;70388,20;111435
2020;Prefeitura Municipal de Corumbá - MS;5003207;MS;DCA-Anexo I-C;Padrão;Receitas Brutas Realizadas;RO1.1.2.8.01.9.0;1.1.2.8.01.9.0 - Taxas de Inspeção, Controle e Fiscalização - Outras;1614656,34;111435
2020;Prefeitura Municipal de Corumbá - MS;5003207;MS;DCA-Anexo I-C;Padrão;Receitas Brutas Realizadas;RO1.2.0.0.00.0.0;1.2.0.0.00.0.0 - Contribuições;24248584,00;111435
2020;Prefeitura Municipal de Corumbá - MS;5003207;MS;DCA-Anexo I-C;Padrão;Receitas Brutas Realizadas;RO1.2.1.0.00.0.0;1.2.1.0.00.0.0 - Contribuições Sociais;16559568,81;111435
2020;Prefeitura Municipal de Corumbá - MS;5003207;MS;DCA-Anexo I-C;Padrão;Receitas Brutas Realizadas;RO1.2.1.8.00.0.0;1.2.1.8.00.0.0 Contribuições Sociais Específicas de Estados, DF e Municípios;16559568,81;111435
2020;Prefeitura Municipal de Corumbá - MS;5003207;MS;DCA-Anexo I-C;Padrão;Receitas Brutas Realizadas;RO1.2.1.8.01.0.0;1.2.1.8.01.0.0 - Contribuição do Servidor Civil para o Plano de Seguridade Social - CPSSS - Específico de EST/DF/MUN;16559568,81;111435
2020;Prefeitura Municipal de Corumbá - MS;5003207;MS;DCA-Anexo I-C;Padrão;Receitas Brutas Realizadas;RO1.2.1.8.01.1.0;1.2.1.8.01.1.0 - CPSSS do Servidor Civil Ativo;15781324,13;111435
2020;Prefeitura Municipal de Corumbá - MS;5003207;MS;DCA-Anexo I-C;Padrão;Receitas Brutas Realizadas;RO1.2.1.8.01.2.0;1.2.1.8.01.2.0 - CPSSS do Servidor Civil Inativo;760058,81;111435
2020;Prefeitura Municipal de Corumbá - MS;5003207;MS;DCA-Anexo I-C;Padrão;Receitas Brutas Realizadas;RO1.2.1.8.01.3.0;1.2.1.8.01.3.0 - CPSSS do Servidor Civil - Pensionistas;18185,87;111435
2020;Prefeitura Municipal de Corumbá - MS;5003207;MS;DCA-Anexo I-C;Padrão;Receitas Brutas Realizadas;RO1.2.4.0.00.0.0;1.2.4.0.00.0.0 - Contribuição para o Custeio do Serviço de Iluminação Pública;7689015,19;111435
2020;Prefeitura Municipal de Corumbá - MS;5003207;MS;DCA-Anexo I-C;Padrão;Receitas Brutas Realizadas;RO1.3.0.0.00.0.0;1.3.0.0.00.0.0 - Receita Patrimonial;12527454,98;111435
2020;Prefeitura Municipal de Corumbá - MS;5003207;MS;DCA-Anexo I-C;Padrão;Receitas Brutas Realizadas;RO1.3.1.0.00.0.0;1.3.1.0.00.0.0 - Exploração do Patrimônio Imobiliário do Estado;331528,34;111435
2020;Prefeitura Municipal de Corumbá - MS;5003207;MS;DCA-Anexo I-C;Padrão;Receitas Brutas Realizadas;RO1.3.1.0.01.0.0;1.3.1.0.01.0.0 - Aluguéis, Arrendamentos, Foros, Laudêmios, Tarifas de Ocupação;217076,84;111435
2020;Prefeitura Municipal de Corumbá - MS;5003207;MS;DCA-Anexo I-C;Padrão;Receitas Brutas Realizadas;RO1.3.1.0.01.2.0;1.3.1.0.01.2.0 - Foros, Laudêmios e Tarifas de Ocupação;217076,84;111435
2020;Prefeitura Municipal de Corumbá - MS;5003207;MS;DCA-Anexo I-C;Padrão;Receitas Brutas Realizadas;RO1.3.1.0.02.0.0;1.3.1.0.02.0.0 - Concessão, Permissão, Autorização ou Cessão do Direito de Uso de Bens Imóveis Públicos;114451,50;111435
2020;Prefeitura Municipal de Corumbá - MS;5003207;MS;DCA-Anexo I-C;Padrão;Receitas Brutas Realizadas;RO1.3.2.0.00.0.0;1.3.2.0.00.0.0 - Valores Mobiliários;1083937,51;111435
2020;Prefeitura Municipal de Corumbá - MS;5003207;MS;DCA-Anexo I-C;Padrão;Receitas Brutas Realizadas;RO1.3.2.1.00.0.0;1.3.2.1.00.0.0 - Juros e Correções Monetárias;1013898,83;111435
2020;Prefeitura Municipal de Corumbá - MS;5003207;MS;DCA-Anexo I-C;Padrão;Receitas Brutas Realizadas;RO1.3.2.1.00.1.0;1.3.2.1.00.1.0 - Remuneração de Depósitos Bancários;580067,05;111435
2020;Prefeitura Municipal de Corumbá - MS;5003207;MS;DCA-Anexo I-C;Padrão;Receitas Brutas Realizadas;RO1.3.2.1.00.4.0;1.3.2.1.00.4.0 - Remuneração dos Recursos do Regime Próprio de Previdência Social - RPPS;433831,78;111435
2020;Prefeitura Municipal de Corumbá - MS;5003207;MS;DCA-Anexo I-C;Padrão;Receitas Brutas Realizadas;RO1.3.2.2.00.0.0;1.3.2.2.00.0.0 - Dividendos;70038,68;111435
2020;Prefeitura Municipal de Corumbá - MS;5003207;MS;DCA-Anexo I-C;Padrão;Receitas Brutas Realizadas;RO1.3.3.0.00.0.0;1.3.3.0.00.0.0 - Delegação de Serviços Públicos Mediante Concessão, Permissão, Autorização ou Licença;31989,13;111435
2020;Prefeitura Municipal de Corumbá - MS;5003207;MS;DCA-Anexo I-C;Padrão;Receitas Brutas Realizadas;RO1.3.3.9.00.0.0;1.3.3.9.00.0.0 - Demais Delegações de Serviços Públicos;31989,13;111435
2020;Prefeitura Municipal de Corumbá - MS;5003207;MS;DCA-Anexo I-C;Padrão;Receitas Brutas Realizadas;RO1.3.6.0.00.0.0;1.3.6.0.00.0.0 - Cessão de Direitos;11080000,00;111435
2020;Prefeitura Municipal de Corumbá - MS;5003207;MS;DCA-Anexo I-C;Padrão;Receitas Brutas Realizadas;RO1.6.0.0.00.0.0;1.6.0.0.00.0.0 - Receita de Serviços;38111,58;111435
2020;Prefeitura Municipal de Corumbá - MS;5003207;MS;DCA-Anexo I-C;Padrão;Receitas Brutas Realizadas;RO1.6.2.0.00.0.0;1.6.2.0.00.0.0 - Serviços e Atividades Referentes à Navegação e ao Transporte;38111,58;111435
2020;Prefeitura Municipal de Corumbá - MS;5003207;MS;DCA-Anexo I-C;Padrão;Receitas Brutas Realizadas;RO1.6.2.0.02.0.0;1.6.2.0.02.0.0 - Serviços de Transporte;17034,19;111435
2020;Prefeitura Municipal de Corumbá - MS;5003207;MS;DCA-Anexo I-C;Padrão;Receitas Brutas Realizadas;RO1.6.2.0.03.0.0;1.6.2.0.03.0.0 - Serviços Portuários;21077,39;111435
2020;Prefeitura Municipal de Corumbá - MS;5003207;MS;DCA-Anexo I-C;Padrão;Receitas Brutas Realizadas;RO1.7.0.0.00.0.0;1.7.0.0.00.0.0 - Transferências Correntes;500809909,74;111435
2020;Prefeitura Municipal de Corumbá - MS;5003207;MS;DCA-Anexo I-C;Padrão;Deduções - FUNDEB;RO1.7.0.0.00.0.0;1.7.0.0.00.0.0 - Transferências Correntes;54212588,85;111435
2020;Prefeitura Municipal de Corumbá - MS;5003207;MS;DCA-Anexo I-C;Padrão;Receitas Brutas Realizadas;RO1.7.1.0.00.0.0;1.7.1.0.00.0.0 - Transferências da União e de suas Entidades;176701840,27;111435
2020;Prefeitura Municipal de Corumbá - MS;5003207;MS;DCA-Anexo I-C;Padrão;Deduções - FUNDEB;RO1.7.1.0.00.0.0;1.7.1.0.00.0.0 - Transferências da União e de suas Entidades;11559508,42;111435
2020;Prefeitura Municipal de Corumbá - MS;5003207;MS;DCA-Anexo I-C;Padrão;Receitas Brutas Realizadas;RO1.7.1.8.00.0.0;1.7.1.8.00.0.0 Transferências da União - Específicas de Estados, DF e Municípios;176701840,27;111435
2020;Prefeitura Municipal de Corumbá - MS;5003207;MS;DCA-Anexo I-C;Padrão;Deduções - FUNDEB;RO1.7.1.8.00.0.0;1.7.1.8.00.0.0 Transferências da União - Específicas de Estados, DF e Municípios;11559508,42;111435
2020;Prefeitura Municipal de Corumbá - MS;5003207;MS;DCA-Anexo I-C;Padrão;Receitas Brutas Realizadas;RO1.7.1.8.01.0.0;1.7.1.8.01.0.0 Participação na Receita da União;61804831,72;111435
2020;Prefeitura Municipal de Corumbá - MS;5003207;MS;DCA-Anexo I-C;Padrão;Deduções - FUNDEB;RO1.7.1.8.01.0.0;1.7.1.8.01.0.0 Participação na Receita da União;11559508,42;111435
2020;Prefeitura Municipal de Corumbá - MS;5003207;MS;DCA-Anexo I-C;Padrão;Receitas Brutas Realizadas;RO1.7.1.8.01.2.0;1.7.1.8.01.2.0 Cota-Parte do Fundo de Participação dos Municípios - Cota Mensal;44477637,54;111435
2020;Prefeitura Municipal de Corumbá - MS;5003207;MS;DCA-Anexo I-C;Padrão;Deduções - FUNDEB;RO1.7.1.8.01.2.0;1.7.1.8.01.2.0 Cota-Parte do Fundo de Participação dos Municípios - Cota Mensal;8895527,23;111435
2020;Prefeitura Municipal de Corumbá - MS;5003207;MS;DCA-Anexo I-C;Padrão;Receitas Brutas Realizadas;RO1.7.1.8.01.3.0;1.7.1.8.01.3.0 Cota-Parte do Fundo de Participação do Municípios ¿ 1% Cota entregue no mês de dezembro;2001510,10;111435
2020;Prefeitura Municipal de Corumbá - MS;5003207;MS;DCA-Anexo I-C;Padrão;Receitas Brutas Realizadas;RO1.7.1.8.01.4.0;1.7.1.8.01.4.0 Cota-Parte do Fundo de Participação dos Municípios - 1% Cota entregue no mês de julho;2005777,36;111435
2020;Prefeitura Municipal de Corumbá - MS;5003207;MS;DCA-Anexo I-C;Padrão;Receitas Brutas Realizadas;RO1.7.1.8.01.5.0;1.7.1.8.01.5.0 Cota-Parte do Imposto Sobre a Propriedade Territorial Rural;13319906,72;111435
2020;Prefeitura Municipal de Corumbá - MS;5003207;MS;DCA-Anexo I-C;Padrão;Deduções - FUNDEB;RO1.7.1.8.01.5.0;1.7.1.8.01.5.0 Cota-Parte do Imposto Sobre a Propriedade Territorial Rural;2663981,19;111435
2020;Prefeitura Municipal de Corumbá - MS;5003207;MS;DCA-Anexo I-C;Padrão;Receitas Brutas Realizadas;RO1.7.1.8.02.0.0;1.7.1.8.02.0.0 Transferência da Compensação Financeira pela Exploração de Recursos Naturais;13456699,59;111435
2020;Prefeitura Municipal de Corumbá - MS;5003207;MS;DCA-Anexo I-C;Padrão;Receitas Brutas Realizadas;RO1.7.1.8.02.2.0;1.7.1.8.02.2.0 Cota-parte da Compensação Financeira de Recursos Minerais - CFEM;12741103,22;111435
2020;Prefeitura Municipal de Corumbá - MS;5003207;MS;DCA-Anexo I-C;Padrão;Receitas Brutas Realizadas;RO1.7.1.8.02.6.0;1.7.1.8.02.6.0 Cota-Parte do Fundo Especial do Petróleo ¿ FEP;715596,37;111435
2020;Prefeitura Municipal de Corumbá - MS;5003207;MS;DCA-Anexo I-C;Padrão;Receitas Brutas Realizadas;RO1.7.1.8.03.0.0;"1.7.1.8.03.0.0 Transferência de Recursos do Sistema Único de Saúde ¿ 
 SUS ¿ Bloco Custeio das Ações e Serviços Públicos de Saúde";63813528,32;111435
2020;Prefeitura Municipal de Corumbá - MS;5003207;MS;DCA-Anexo I-C;Padrão;Receitas Brutas Realizadas;RO1.7.1.8.03.1.0;1.7.1.8.03.1.0 - Transferência de Recursos do SUS ¿ Atenção Básica;12505942,08;111435
2020;Prefeitura Municipal de Corumbá - MS;5003207;MS;DCA-Anexo I-C;Padrão;Receitas Brutas Realizadas;RO1.7.1.8.03.2.0;1.7.1.8.03.2.0 - Transferência de Recursos do SUS ¿ Atenção de Média e Alta Complexidade Ambulatorial e Hospitalar;29702997,34;111435
2020;Prefeitura Municipal de Corumbá - MS;5003207;MS;DCA-Anexo I-C;Padrão;Receitas Brutas Realizadas;RO1.7.1.8.03.3.0;1.7.1.8.03.3.0 - Transferência de Recursos do SUS ¿ Vigilância em Saúde;2086189,36;111435
2020;Prefeitura Municipal de Corumbá - MS;5003207;MS;DCA-Anexo I-C;Padrão;Receitas Brutas Realizadas;RO1.7.1.8.03.4.0;1.7.1.8.03.4.0 - Transferência de Recursos do SUS ¿ Assistência Farmacêutica;670941,24;111435
2020;Prefeitura Municipal de Corumbá - MS;5003207;MS;DCA-Anexo I-C;Padrão;Receitas Brutas Realizadas;RO1.7.1.8.03.5.0;1.7.1.8.03.5.0 - Transferência de Recursos do SUS ¿ Gestão do SUS;16000,00;111435
2020;Prefeitura Municipal de Corumbá - MS;5003207;MS;DCA-Anexo I-C;Padrão;Receitas Brutas Realizadas;RO1.7.1.8.03.9.0;1.7.1.8.03.9.0 - Transferência de Recursos do SUS ¿ Outros Programas Financiados por Transferências Fundo a Fundo;18831458,30;111435
2020;Prefeitura Municipal de Corumbá - MS;5003207;MS;DCA-Anexo I-C;Padrão;Receitas Brutas Realizadas;RO1.7.1.8.05.0.0;1.7.1.8.05.0.0 Transferências de Recursos do Fundo Nacional do Desenvolvimento da Educação ¿ FNDE;4883357,05;111435
2020;Prefeitura Municipal de Corumbá - MS;5003207;MS;DCA-Anexo I-C;Padrão;Receitas Brutas Realizadas;RO1.7.1.8.05.1.0;1.7.1.8.05.1.0 Transferências do Salário-Educação;2736673,37;111435
2020;Prefeitura Municipal de Corumbá - MS;5003207;MS;DCA-Anexo I-C;Padrão;Receitas Brutas Realizadas;RO1.7.1.8.05.2.0;1.7.1.8.05.2.0 Transferências Diretas do FNDE referentes ao Programa Dinheiro Direto na Escola ¿ PDDE;1560,00;111435
2020;Prefeitura Municipal de Corumbá - MS;5003207;MS;DCA-Anexo I-C;Padrão;Receitas Brutas Realizadas;RO1.7.1.8.05.3.0;1.7.1.8.05.3.0 Transferências Diretas do FNDE referentes ao Programa Nacional de Alimentação Escolar ¿ PNAE;1766666,00;111435
2020;Prefeitura Municipal de Corumbá - MS;5003207;MS;DCA-Anexo I-C;Padrão;Receitas Brutas Realizadas;RO1.7.1.8.05.4.0;1.7.1.8.05.4.0 Transferências Diretas do FNDE referentes ao Programa Nacional de Apoio ao Transporte do Escolar ¿ PNATE;279229,48;111435
2020;Prefeitura Municipal de Corumbá - MS;5003207;MS;DCA-Anexo I-C;Padrão;Receitas Brutas Realizadas;RO1.7.1.8.05.9.0;1.7.1.8.05.9.0 Outras Transferências Diretas do Fundo Nacional do Desenvolvimento da Educação ¿ FNDE;99228,20;111435
2020;Prefeitura Municipal de Corumbá - MS;5003207;MS;DCA-Anexo I-C;Padrão;Receitas Brutas Realizadas;RO1.7.1.8.12.0.0;1.7.1.8.12.0.0 - Transferências de Recursos do Fundo Nacional de Assistência Social ¿ FNAS;5086891,70;111435
2020;Prefeitura Municipal de Corumbá - MS;5003207;MS;DCA-Anexo I-C;Padrão;Receitas Brutas Realizadas;RO1.7.1.8.99.0.0;1.7.1.8.99.0.0 Outras Transferências da União;27656531,89;111435
2020;Prefeitura Municipal de Corumbá - MS;5003207;MS;DCA-Anexo I-C;Padrão;Receitas Brutas Realizadas;RO1.7.2.0.00.0.0;1.7.2.0.00.0.0 - Transferências dos Estados e do Distrito Federal e de suas Entidades;249751759,18;111435
2020;Prefeitura Municipal de Corumbá - MS;5003207;MS;DCA-Anexo I-C;Padrão;Deduções - FUNDEB;RO1.7.2.0.00.0.0;1.7.2.0.00.0.0 - Transferências dos Estados e do Distrito Federal e de suas Entidades;42653080,43;111435
2020;Prefeitura Municipal de Corumbá - MS;5003207;MS;DCA-Anexo I-C;Padrão;Receitas Brutas Realizadas;RO1.7.2.8.00.0.0;1.7.2.8.00.0.0 Transferências dos Estados - Específicas de Estados, DF e Municípios;249751759,18;111435
2020;Prefeitura Municipal de Corumbá - MS;5003207;MS;DCA-Anexo I-C;Padrão;Deduções - FUNDEB;RO1.7.2.8.00.0.0;1.7.2.8.00.0.0 Transferências dos Estados - Específicas de Estados, DF e Municípios;42653080,43;111435
2020;Prefeitura Municipal de Corumbá - MS;5003207;MS;DCA-Anexo I-C;Padrão;Receitas Brutas Realizadas;RO1.7.2.8.01.0.0;1.7.2.8.01.0.0 Participação na Receita dos Estados;213504967,70;111435
2020;Prefeitura Municipal de Corumbá - MS;5003207;MS;DCA-Anexo I-C;Padrão;Deduções - FUNDEB;RO1.7.2.8.01.0.0;1.7.2.8.01.0.0 Participação na Receita dos Estados;42653080,43;111435
2020;Prefeitura Municipal de Corumbá - MS;5003207;MS;DCA-Anexo I-C;Padrão;Receitas Brutas Realizadas;RO1.7.2.8.01.1.0;1.7.2.8.01.1.0 Cota-Parte do ICMS;202387757,70;111435
2020;Prefeitura Municipal de Corumbá - MS;5003207;MS;DCA-Anexo I-C;Padrão;Deduções - FUNDEB;RO1.7.2.8.01.1.0;1.7.2.8.01.1.0 Cota-Parte do ICMS;40477551,29;111435
2020;Prefeitura Municipal de Corumbá - MS;5003207;MS;DCA-Anexo I-C;Padrão;Receitas Brutas Realizadas;RO1.7.2.8.01.2.0;1.7.2.8.01.2.0 Cota-Parte do IPVA;8888452,32;111435
2020;Prefeitura Municipal de Corumbá - MS;5003207;MS;DCA-Anexo I-C;Padrão;Deduções - FUNDEB;RO1.7.2.8.01.2.0;1.7.2.8.01.2.0 Cota-Parte do IPVA;1777690,47;111435
2020;Prefeitura Municipal de Corumbá - MS;5003207;MS;DCA-Anexo I-C;Padrão;Receitas Brutas Realizadas;RO1.7.2.8.01.3.0;1.7.2.8.01.3.0 Cota-Parte do IPI - Municípios;1989193,34;111435
2020;Prefeitura Municipal de Corumbá - MS;5003207;MS;DCA-Anexo I-C;Padrão;Deduções - FUNDEB;RO1.7.2.8.01.3.0;1.7.2.8.01.3.0 Cota-Parte do IPI - Municípios;397838,67;111435
2020;Prefeitura Municipal de Corumbá - MS;5003207;MS;DCA-Anexo I-C;Padrão;Receitas Brutas Realizadas;RO1.7.2.8.01.4.0;1.7.2.8.01.4.0 Cota-Parte da Contribuição de Intervenção no Domínio Econômico;158064,34;111435
2020;Prefeitura Municipal de Corumbá - MS;5003207;MS;DCA-Anexo I-C;Padrão;Receitas Brutas Realizadas;RO1.7.2.8.01.9.0;1.7.2.8.01.9.0 Outras Transferências dos Estados;81500,00;111435
2020;Prefeitura Municipal de Corumbá - MS;5003207;MS;DCA-Anexo I-C;Padrão;Receitas Brutas Realizadas;RO1.7.2.8.03.0.0;1.7.2.8.03.0.0 Transferência de Recursos do Estado para Programas de Saúde ¿ Repasse Fundo a Fundo;11558020,84;111435
2020;Prefeitura Municipal de Corumbá - MS;5003207;MS;DCA-Anexo I-C;Padrão;Receitas Brutas Realizadas;RO1.7.2.8.10.0.0;1.7.2.8.10.0.0 Transferência de Convênios dos Estados e do Distrito Federal e de Suas Entidades;403607,45;111435
2020;Prefeitura Municipal de Corumbá - MS;5003207;MS;DCA-Anexo I-C;Padrão;Receitas Brutas Realizadas;RO1.7.2.8.10.2.0;1.7.2.8.10.2.0 Transferências de Convênio dos Estados Destinadas a Programas de Educação;103607,45;111435
2020;Prefeitura Municipal de Corumbá - MS;5003207;MS;DCA-Anexo I-C;Padrão;Receitas Brutas Realizadas;RO1.7.2.8.10.9.0;1.7.2.8.10.9.0 Outras Transferências de Convênio dos Estados;300000,00;111435
2020;Prefeitura Municipal de Corumbá - MS;5003207;MS;DCA-Anexo I-C;Padrão;Receitas Brutas Realizadas;RO1.7.2.8.99.0.0;1.7.2.8.99.0.0 Outras Transferências dos Estados;24285163,19;111435
2020;Prefeitura Municipal de Corumbá - MS;5003207;MS;DCA-Anexo I-C;Padrão;Receitas Brutas Realizadas;RO1.7.4.0.00.0.0;1.7.4.0.00.0.0 - Transferências de Instituições Privadas;5280081,89;111435
2020;Prefeitura Municipal de Corumbá - MS;5003207;MS;DCA-Anexo I-C;Padrão;Receitas Brutas Realizadas;RO1.7.4.8.00.0.0;1.7.4.8.00.0.0 Transferências de Instituições Privadas - Específicas de Estados, DF e Municípios;5280081,89;111435
2020;Prefeitura Municipal de Corumbá - MS;5003207;MS;DCA-Anexo I-C;Padrão;Receitas Brutas Realizadas;RO1.7.4.8.10.0.0;1.7.4.8.10.0.0 - Outras Transferência de Instituições Privadas para EST/DF/MUN - Não Especificadas Anteriormente;5280081,89;111435
2020;Prefeitura Municipal de Corumbá - MS;5003207;MS;DCA-Anexo I-C;Padrão;Receitas Brutas Realizadas;RO1.7.5.0.00.0.0;1.7.5.0.00.0.0 - Transferências de Outras Instituições Públicas;68794603,85;111435
2020;Prefeitura Municipal de Corumbá - MS;5003207;MS;DCA-Anexo I-C;Padrão;Receitas Brutas Realizadas;RO1.7.5.0.00.1.0;1.7.5.0.00.1.0 - Transferências de Outras Instituições Públicas;569483,05;111435
2020;Prefeitura Municipal de Corumbá - MS;5003207;MS;DCA-Anexo I-C;Padrão;Receitas Brutas Realizadas;RO1.7.5.8.00.0.0;1.7.5.8.00.0.0 Transferências de Outras Instituições Públicas - Específicas de Estados, DF e Municípios;68225120,80;111435
2020;Prefeitura Municipal de Corumbá - MS;5003207;MS;DCA-Anexo I-C;Padrão;Receitas Brutas Realizadas;RO1.7.5.8.01.0.0;1.7.5.8.01.0.0 Transferências de Recursos do Fundo de Manutenção e Desenvolvimento da Educação Básica e de Valorização dos Profissionais da Educação ¿ FUNDEB;68225120,80;111435
2020;Prefeitura Municipal de Corumbá - MS;5003207;MS;DCA-Anexo I-C;Padrão;Receitas Brutas Realizadas;RO1.7.6.0.00.0.0;1.7.6.0.00.0.0 - Transferências do Exterior;217980,00;111435
2020;Prefeitura Municipal de Corumbá - MS;5003207;MS;DCA-Anexo I-C;Padrão;Receitas Brutas Realizadas;RO1.7.6.8.00.0.0;1.7.6.8.00.0.0 Transferências do Exterior - Específicas de Estados, DF e Municípios;217980,00;111435
2020;Prefeitura Municipal de Corumbá - MS;5003207;MS;DCA-Anexo I-C;Padrão;Receitas Brutas Realizadas;RO1.7.6.8.01.0.0;1.7.6.8.01.0.0 - Transferência de Convênios do Exterior;217980,00;111435
2020;Prefeitura Municipal de Corumbá - MS;5003207;MS;DCA-Anexo I-C;Padrão;Receitas Brutas Realizadas;RO1.7.6.8.01.1.0;1.7.6.8.01.1.0 - Transferência de Convênios do Exterior - Programas de Saúde;217980,00;111435
2020;Prefeitura Municipal de Corumbá - MS;5003207;MS;DCA-Anexo I-C;Padrão;Receitas Brutas Realizadas;RO1.7.7.0.00.0.0;1.7.7.0.00.0.0 - Transferências de Pessoas Físicas;63644,55;111435
2020;Prefeitura Municipal de Corumbá - MS;5003207;MS;DCA-Anexo I-C;Padrão;Receitas Brutas Realizadas;RO1.7.7.8.00.0.0;1.7.7.8.00.0.0 - Transferências de Pessoas Físicas - Específicas de Estados, DF e Municípios;63644,55;111435
2020;Prefeitura Municipal de Corumbá - MS;5003207;MS;DCA-Anexo I-C;Padrão;Receitas Brutas Realizadas;RO1.7.7.8.01.0.0;1.7.7.8.01.0.0 - Transferências de Pessoas Físicas - Específicas de E/DF/M;63644,55;111435
2020;Prefeitura Municipal de Corumbá - MS;5003207;MS;DCA-Anexo I-C;Padrão;Receitas Brutas Realizadas;RO1.7.7.8.01.1.0;1.7.7.8.01.1.0 - Transferências de Pessoas Físicas - Específicas de E/DF/M - Programas de Saúde;40002,45;111435
2020;Prefeitura Municipal de Corumbá - MS;5003207;MS;DCA-Anexo I-C;Padrão;Receitas Brutas Realizadas;RO1.7.7.8.01.9.0;1.7.7.8.01.9.0 - Outras Transferência de Pessoas Físicas- Específicas de E/DF/M - Não Especificadas Anteriormente;23642,10;111435
2020;Prefeitura Municipal de Corumbá - MS;5003207;MS;DCA-Anexo I-C;Padrão;Receitas Brutas Realizadas;RO1.9.0.0.00.0.0;1.9.0.0.00.0.0 - Outras Receitas Correntes;3334374,93;111435
2020;Prefeitura Municipal de Corumbá - MS;5003207;MS;DCA-Anexo I-C;Padrão;Receitas Brutas Realizadas;RO1.9.1.0.00.0.0;1.9.1.0.00.0.0 - Multas Administrativas, Contratuais e Judiciais;389626,44;111435
2020;Prefeitura Municipal de Corumbá - MS;5003207;MS;DCA-Anexo I-C;Padrão;Receitas Brutas Realizadas;RO1.9.1.0.01.0.0;1.9.1.0.01.0.0 - Multas Previstas em Legislação Específica;389626,44;111435
2020;Prefeitura Municipal de Corumbá - MS;5003207;MS;DCA-Anexo I-C;Padrão;Receitas Brutas Realizadas;RO1.9.2.0.00.0.0;1.9.2.0.00.0.0 - Indenizações, Restituições e Ressarcimentos;408420,12;111435
2020;Prefeitura Municipal de Corumbá - MS;5003207;MS;DCA-Anexo I-C;Padrão;Receitas Brutas Realizadas;RO1.9.2.2.00.0.0;1.9.2.2.00.0.0 - Restituições;408420,12;111435
2020;Prefeitura Municipal de Corumbá - MS;5003207;MS;DCA-Anexo I-C;Padrão;Receitas Brutas Realizadas;RO1.9.2.2.01.0.0;1.9.2.2.01.0.0 - Restituição de Convênios;186324,10;111435
2020;Prefeitura Municipal de Corumbá - MS;5003207;MS;DCA-Anexo I-C;Padrão;Receitas Brutas Realizadas;RO1.9.2.2.99.0.0;1.9.2.2.99.0.0 - Outras Restituições;222096,02;111435
2020;Prefeitura Municipal de Corumbá - MS;5003207;MS;DCA-Anexo I-C;Padrão;Receitas Brutas Realizadas;RO1.9.9.0.00.0.0;1.9.9.0.00.0.0 - Demais Receitas Correntes;2536328,37;111435
2020;Prefeitura Municipal de Corumbá - MS;5003207;MS;DCA-Anexo I-C;Padrão;Receitas Brutas Realizadas;RO1.9.9.0.03.0.0;1.9.9.0.03.0.0 - Compensações Financeiras entre o Regime Geral e os Regimes Próprios de Previdência dos Servidores;1875667,74;111435
2020;Prefeitura Municipal de Corumbá - MS;5003207;MS;DCA-Anexo I-C;Padrão;Receitas Brutas Realizadas;RO1.9.9.0.12.0.0;1.9.9.0.12.0.0 - Encargos Legais pela Inscrição em Dívida Ativa e Receitas de Ônus de Sucumbência;305373,50;111435
2020;Prefeitura Municipal de Corumbá - MS;5003207;MS;DCA-Anexo I-C;Padrão;Receitas Brutas Realizadas;RO1.9.9.0.12.2.0;1.9.9.0.12.2.0 - Ônus de Sucumbência;305373,50;111435
2020;Prefeitura Municipal de Corumbá - MS;5003207;MS;DCA-Anexo I-C;Padrão;Receitas Brutas Realizadas;RO1.9.9.0.99.0.0;1.9.9.0.99.0.0 - Outras Receitas;355287,13;111435
2020;Prefeitura Municipal de Corumbá - MS;5003207;MS;DCA-Anexo I-C;Padrão;Receitas Brutas Realizadas;RO1.9.9.0.99.1.0;1.9.9.0.99.1.0 - Outras Receitas - Primárias;355287,13;111435
2020;Prefeitura Municipal de Corumbá - MS;5003207;MS;DCA-Anexo I-C;Padrão;Receitas Brutas Realizadas;RO2.0.0.0.00.0.0;2.0.0.0.00.0.0 - Receitas de Capital;50282093,40;111435
2020;Prefeitura Municipal de Corumbá - MS;5003207;MS;DCA-Anexo I-C;Padrão;Receitas Brutas Realizadas;RO2.1.0.0.00.0.0;2.1.0.0.00.0.0 - Operações de Crédito;38602856,82;111435
2020;Prefeitura Municipal de Corumbá - MS;5003207;MS;DCA-Anexo I-C;Padrão;Receitas Brutas Realizadas;RO2.1.2.0.00.0.0;2.1.2.0.00.0.0 - Operações de Crédito - Mercado Externo;38602856,82;111435
2020;Prefeitura Municipal de Corumbá - MS;5003207;MS;DCA-Anexo I-C;Padrão;Receitas Brutas Realizadas;RO2.1.2.9.00.0.0;2.1.2.9.00.0.0 Outras Operações de Crédito - Mercado Externo;38602856,82;111435
2020;Prefeitura Municipal de Corumbá - MS;5003207;MS;DCA-Anexo I-C;Padrão;Receitas Brutas Realizadas;RO2.4.0.0.00.0.0;2.4.0.0.00.0.0 - Transferências de Capital;11679236,58;111435
2020;Prefeitura Municipal de Corumbá - MS;5003207;MS;DCA-Anexo I-C;Padrão;Receitas Brutas Realizadas;RO2.4.1.0.00.0.0;2.4.1.0.00.0.0 - Transferências da União e de suas Entidades;6057787,11;111435
2020;Prefeitura Municipal de Corumbá - MS;5003207;MS;DCA-Anexo I-C;Padrão;Receitas Brutas Realizadas;RO2.4.1.8.00.0.0;2.4.1.8.00.0.0 Transferências da União - Específicas de Estados, DF e Municípios;6057787,11;111435
2020;Prefeitura Municipal de Corumbá - MS;5003207;MS;DCA-Anexo I-C;Padrão;Receitas Brutas Realizadas;RO2.4.1.8.04.0.0;2.4.1.8.04.0.0 - Transferências de Recursos do Sistema Único de Saúde ¿ SUS - Bloco Investimentos na Rede de Serviços Públicos de Saúde;1021202,00;111435
2020;Prefeitura Municipal de Corumbá - MS;5003207;MS;DCA-Anexo I-C;Padrão;Receitas Brutas Realizadas;RO2.4.1.8.04.1.0;2.4.1.8.04.1.0 - Transferências de Recursos do Sistema Único de Saúde ¿ SUS destinados à Atenção Básica;102400,00;111435
2020;Prefeitura Municipal de Corumbá - MS;5003207;MS;DCA-Anexo I-C;Padrão;Receitas Brutas Realizadas;RO2.4.1.8.04.2.0;2.4.1.8.04.2.0 - Transferências de Recursos do Sistema Único de Saúde ¿ SUS destinados à Atenção Especializada;808045,00;111435
2020;Prefeitura Municipal de Corumbá - MS;5003207;MS;DCA-Anexo I-C;Padrão;Receitas Brutas Realizadas;RO2.4.1.8.04.6.0;2.4.1.8.04.6.0 - Outras Transferências de Recursos do Sistema Único de Saúde ¿ SUS, não detalhadas anteriormente;110757,00;111435
2020;Prefeitura Municipal de Corumbá - MS;5003207;MS;DCA-Anexo I-C;Padrão;Receitas Brutas Realizadas;RO2.4.1.8.10.0.0;2.4.1.8.10.0.0 Transferência de Convênios da União e de suas Entidades;4686585,11;111435
2020;Prefeitura Municipal de Corumbá - MS;5003207;MS;DCA-Anexo I-C;Padrão;Receitas Brutas Realizadas;RO2.4.1.8.10.1.0;2.4.1.8.10.1.0 - Transferências de Convênio da União para o Sistema Único de Saúde ¿ SUS;1017419,23;111435
2020;Prefeitura Municipal de Corumbá - MS;5003207;MS;DCA-Anexo I-C;Padrão;Receitas Brutas Realizadas;RO2.4.1.8.10.9.0;2.4.1.8.10.9.0 - Outras Transferências de Convênios da União;3669165,88;111435
2020;Prefeitura Municipal de Corumbá - MS;5003207;MS;DCA-Anexo I-C;Padrão;Receitas Brutas Realizadas;RO2.4.1.8.99.0.0;2.4.1.8.99.0.0 Outras Transferências da União;350000,00;111435
2020;Prefeitura Municipal de Corumbá - MS;5003207;MS;DCA-Anexo I-C;Padrão;Receitas Brutas Realizadas;RO2.4.2.0.00.0.0;2.4.2.0.00.0.0 - Transferências dos Estados e do Distrito Federal e de suas Entidades;5336370,62;111435
2020;Prefeitura Municipal de Corumbá - MS;5003207;MS;DCA-Anexo I-C;Padrão;Receitas Brutas Realizadas;RO2.4.2.8.00.0.0;2.4.2.8.00.0.0 Transferências dos Estados, Distrito Federal, e de suas Entidades;5336370,62;111435
2020;Prefeitura Municipal de Corumbá - MS;5003207;MS;DCA-Anexo I-C;Padrão;Receitas Brutas Realizadas;RO2.4.2.8.10.0.0;2.4.2.8.10.0.0 Transferências de Convênios dos Estados e do Distrito Federal e de suas Entidades;4493150,20;111435
2020;Prefeitura Municipal de Corumbá - MS;5003207;MS;DCA-Anexo I-C;Padrão;Receitas Brutas Realizadas;RO2.4.2.8.10.1.0;2.4.2.8.10.1.0 - Transferências de Convênios dos Estados para o Sistema Único de Saúde ¿ SUS;3993150,20;111435
2020;Prefeitura Municipal de Corumbá - MS;5003207;MS;DCA-Anexo I-C;Padrão;Receitas Brutas Realizadas;RO2.4.2.8.10.9.0;2.4.2.8.10.9.0 - Outras Transferências de Convênio dos Estados;500000,00;111435
2020;Prefeitura Municipal de Corumbá - MS;5003207;MS;DCA-Anexo I-C;Padrão;Receitas Brutas Realizadas;RO2.4.2.8.99.0.0;2.4.2.8.99.0.0 Outras Transferências dos Estados;843220,42;111435
2020;Prefeitura Municipal de Corumbá - MS;5003207;MS;DCA-Anexo I-C;Padrão;Receitas Brutas Realizadas;RO2.4.6.0.00.0.0;2.4.6.0.00.0.0 - Transferências do Exterior;285078,85;111435
2020;Prefeitura Municipal de Corumbá - MS;5003207;MS;DCA-Anexo I-C;Padrão;Receitas Brutas Realizadas;RO2.4.6.8.00.0.0;2.4.6.8.00.0.0 Transferências do Exterior - Específicas de Estados, DF e Municípios;285078,85;111435
2020;Prefeitura Municipal de Corumbá - MS;5003207;MS;DCA-Anexo I-C;Padrão;Receitas Brutas Realizadas;RO2.4.6.8.01.0.0;2.4.6.8.01.0.0 - Transferências do Exterior;285078,85;111435
2020;Prefeitura Municipal de Corumbá - MS;5003207;MS;DCA-Anexo I-C;Padrão;Receitas Brutas Realizadas;RO2.4.6.8.01.1.0;2.4.6.8.01.1.0 - Transferências do Exterior para Programas de Saúde;285078,85;111435
2020;Prefeitura Municipal de Corumbá - MS;5003207;MS;DCA-Anexo I-C;Padrão;Receitas Brutas Realizadas;ReceitasIntraOrcamentarias;RECEITAS (INTRA-ORÇAMENTÁRIAS) (II);37485183,63;111435
2020;Prefeitura Municipal de Corumbá - MS;5003207;MS;DCA-Anexo I-C;Padrão;Receitas Brutas Realizadas;RI7.0.0.0.00.0.0;7.0.0.0.00.0.0 - Receitas Correntes;37485183,63;111435
2020;Prefeitura Municipal de Corumbá - MS;5003207;MS;DCA-Anexo I-C;Padrão;Receitas Brutas Realizadas;RI7.2.0.0.00.0.0;7.2.0.0.00.0.0 - Contribuições;22724534,07;111435
2020;Prefeitura Municipal de Corumbá - MS;5003207;MS;DCA-Anexo I-C;Padrão;Receitas Brutas Realizadas;RI7.2.1.0.00.0.0;7.2.1.0.00.0.0 - Contribuições Sociais;22724534,07;111435
2020;Prefeitura Municipal de Corumbá - MS;5003207;MS;DCA-Anexo I-C;Padrão;Receitas Brutas Realizadas;RI7.2.1.8.00.0.0;"7.2.1.8.00.0.0 Contribuições Sociais Específicas de Estados, DF e 
 Municípios";22724534,07;111435
2020;Prefeitura Municipal de Corumbá - MS;5003207;MS;DCA-Anexo I-C;Padrão;Receitas Brutas Realizadas;RI7.2.1.8.03.0.0;7.2.1.8.03.0.0 - CPSSS Patronal - Servidor Civil - Específico de EST/DF/MUN;19932824,27;111435
2020;Prefeitura Municipal de Corumbá - MS;5003207;MS;DCA-Anexo I-C;Padrão;Receitas Brutas Realizadas;RI7.2.1.8.03.1.0;7.2.1.8.03.1.0 - CPSSS Patronal - Servidor Civil Ativo;19932824,27;111435
2020;Prefeitura Municipal de Corumbá - MS;5003207;MS;DCA-Anexo I-C;Padrão;Receitas Brutas Realizadas;RI7.2.1.8.04.0.0;7.2.1.8.04.0.0 - CPSSS Patronal - Parcelamentos - Específico de EST/DF/MUN;2791709,80;111435
2020;Prefeitura Municipal de Corumbá - MS;5003207;MS;DCA-Anexo I-C;Padrão;Receitas Brutas Realizadas;RI7.2.1.8.04.1.0;7.2.1.8.04.1.0 - CPSSS Patronal - Parcelamentos - Servidor Civil Ativo;2791709,80;111435
2020;Prefeitura Municipal de Corumbá - MS;5003207;MS;DCA-Anexo I-C;Padrão;Receitas Brutas Realizadas;RI7.9.0.0.00.0.0;7.9.0.0.00.0.0 - Outras Receitas Correntes;14760649,56;111435
2020;Prefeitura Municipal de Corumbá - MS;5003207;MS;DCA-Anexo I-C;Padrão;Receitas Brutas Realizadas;RI7.9.9.0.00.0.0;7.9.9.0.00.0.0 - Demais Receitas Correntes;14760649,56;111435
2020;Prefeitura Municipal de Corumbá - MS;5003207;MS;DCA-Anexo I-C;Padrão;Receitas Brutas Realizadas;RI7.9.9.0.01.0.0;7.9.9.0.01.0.0 - Aportes Periódicos para Amortização de Déficit Atuarial do RPPS;14760649,56;111435
2020;Prefeitura Municipal de Corumbá - MS;5003207;MS;DCA-Anexo I-C;Padrão;Receitas Brutas Realizadas;TotalReceitas;TOTAL DAS RECEITAS (III) = (I + II);713889947,63;111435
2020;Prefeitura Municipal de Corumbá - MS;5003207;MS;DCA-Anexo I-C;Padrão;Deduções - FUNDEB;TotalReceitas;TOTAL DAS RECEITAS (III) = (I + II);54212588,85;111435
2021;Prefeitura Municipal de Corumbá - MS;5003207;MS;DCA-Anexo I-C;Padrão;Receitas Brutas Realizadas;ReceitasExcetoIntraOrcamentarias;RECEITAS (EXCETO INTRA-ORÇAMENTÁRIAS) (I);739793089,08;112058
2021;Prefeitura Municipal de Corumbá - MS;5003207;MS;DCA-Anexo I-C;Padrão;Deduções - FUNDEB;ReceitasExcetoIntraOrcamentarias;RECEITAS (EXCETO INTRA-ORÇAMENTÁRIAS) (I);61152225,62;112058
2021;Prefeitura Municipal de Corumbá - MS;5003207;MS;DCA-Anexo I-C;Padrão;Receitas Brutas Realizadas;RO1.0.0.0.00.0.0;1.0.0.0.00.0.0 - Receitas Correntes;693435179,51;112058
2021;Prefeitura Municipal de Corumbá - MS;5003207;MS;DCA-Anexo I-C;Padrão;Deduções - FUNDEB;RO1.0.0.0.00.0.0;1.0.0.0.00.0.0 - Receitas Correntes;61152225,62;112058
2021;Prefeitura Municipal de Corumbá - MS;5003207;MS;DCA-Anexo I-C;Padrão;Receitas Brutas Realizadas;RO1.1.0.0.00.0.0;1.1.0.0.00.0.0 - Impostos, Taxas e Contribuições de Melhoria;106747028,18;112058
2021;Prefeitura Municipal de Corumbá - MS;5003207;MS;DCA-Anexo I-C;Padrão;Receitas Brutas Realizadas;RO1.1.1.0.00.0.0;1.1.1.0.00.0.0 - Impostos;102310453,97;112058
2021;Prefeitura Municipal de Corumbá - MS;5003207;MS;DCA-Anexo I-C;Padrão;Receitas Brutas Realizadas;RO1.1.1.3.00.0.0;1.1.1.3.00.0.0 - Impostos sobre a Renda e Proventos de Qualquer Natureza;35670414,84;112058
2021;Prefeitura Municipal de Corumbá - MS;5003207;MS;DCA-Anexo I-C;Padrão;Receitas Brutas Realizadas;RO1.1.1.3.03.0.0;1.1.1.3.03.0.0 - Imposto sobre a Renda - Retido na Fonte;35670414,84;112058
2021;Prefeitura Municipal de Corumbá - MS;5003207;MS;DCA-Anexo I-C;Padrão;Receitas Brutas Realizadas;RO1.1.1.3.03.1.0;1.1.1.3.03.1.0 - Imposto sobre a Renda - Retido na Fonte - Trabalho;35206044,78;112058
2021;Prefeitura Municipal de Corumbá - MS;5003207;MS;DCA-Anexo I-C;Padrão;Receitas Brutas Realizadas;RO1.1.1.3.03.4.0;1.1.1.3.03.4.0 - Imposto sobre a Renda - Retido na Fonte - Outros Rendimentos;464370,06;112058
2021;Prefeitura Municipal de Corumbá - MS;5003207;MS;DCA-Anexo I-C;Padrão;Receitas Brutas Realizadas;RO1.1.1.8.00.0.0;1.1.1.8.00.0.0 - Impostos Específicos de Estados, DF e Municípios;66640039,13;112058
2021;Prefeitura Municipal de Corumbá - MS;5003207;MS;DCA-Anexo I-C;Padrão;Receitas Brutas Realizadas;RO1.1.1.8.01.0.0;1.1.1.8.01.0.0 - Impostos sobre o Patrimônio para Estados/DF/Municípios;25565017,01;112058
2021;Prefeitura Municipal de Corumbá - MS;5003207;MS;DCA-Anexo I-C;Padrão;Receitas Brutas Realizadas;RO1.1.1.8.01.1.0;1.1.1.8.01.1.0 - Imposto sobre a Propriedade Predial e Territorial Urbana;14925703,68;112058
2021;Prefeitura Municipal de Corumbá - MS;5003207;MS;DCA-Anexo I-C;Padrão;Receitas Brutas Realizadas;RO1.1.1.8.01.4.0;1.1.1.8.01.4.0 - Imposto sobre Transmissão ¿Inter Vivos¿ de Bens Imóveis e de Direitos Reais sobre Imóveis;10639313,33;112058
2021;Prefeitura Municipal de Corumbá - MS;5003207;MS;DCA-Anexo I-C;Padrão;Receitas Brutas Realizadas;RO1.1.1.8.02.0.0;1.1.1.8.02.0.0 - Impostos sobre a Produção, Circulação de Mercadorias e Serviços;41075022,12;112058
2021;Prefeitura Municipal de Corumbá - MS;5003207;MS;DCA-Anexo I-C;Padrão;Receitas Brutas Realizadas;RO1.1.1.8.02.3.0;1.1.1.8.02.3.0 - Imposto sobre Serviços de Qualquer Natureza;41075022,12;112058
2021;Prefeitura Municipal de Corumbá - MS;5003207;MS;DCA-Anexo I-C;Padrão;Receitas Brutas Realizadas;RO1.1.2.0.00.0.0;1.1.2.0.00.0.0 - Taxas;4436574,21;112058
2021;Prefeitura Municipal de Corumbá - MS;5003207;MS;DCA-Anexo I-C;Padrão;Receitas Brutas Realizadas;RO1.1.2.1.00.0.0;1.1.2.1.00.0.0 - Taxas pelo Exercício do Poder de Polícia;88978,51;112058
2021;Prefeitura Municipal de Corumbá - MS;5003207;MS;DCA-Anexo I-C;Padrão;Receitas Brutas Realizadas;RO1.1.2.1.04.0.0;1.1.2.1.04.0.0 - Taxa de Controle e Fiscalização Ambiental;88978,51;112058
2021;Prefeitura Municipal de Corumbá - MS;5003207;MS;DCA-Anexo I-C;Padrão;Receitas Brutas Realizadas;RO1.1.2.2.00.0.0;1.1.2.2.00.0.0 - Taxas pela Prestação de Serviços;2509024,73;112058
2021;Prefeitura Municipal de Corumbá - MS;5003207;MS;DCA-Anexo I-C;Padrão;Receitas Brutas Realizadas;RO1.1.2.2.01.0.0;1.1.2.2.01.0.0 - Taxas pela Prestação de Serviços;2509024,73;112058
2021;Prefeitura Municipal de Corumbá - MS;5003207;MS;DCA-Anexo I-C;Padrão;Receitas Brutas Realizadas;RO1.1.2.8.00.0.0;1.1.2.8.00.0.0 - Taxas - Específicas de Estados, DF e Municípios;1838570,97;112058
2021;Prefeitura Municipal de Corumbá - MS;5003207;MS;DCA-Anexo I-C;Padrão;Receitas Brutas Realizadas;RO1.1.2.8.01.0.0;1.1.2.8.01.0.0 - Taxas de Inspeção, Controle e Fiscalização;1838570,97;112058
2021;Prefeitura Municipal de Corumbá - MS;5003207;MS;DCA-Anexo I-C;Padrão;Receitas Brutas Realizadas;RO1.1.2.8.01.1.0;1.1.2.8.01.1.0 - Taxa de Fiscalização de Vigilância Sanitária;80028,30;112058
2021;Prefeitura Municipal de Corumbá - MS;5003207;MS;DCA-Anexo I-C;Padrão;Receitas Brutas Realizadas;RO1.1.2.8.01.9.0;1.1.2.8.01.9.0 - Taxas de Inspeção, Controle e Fiscalização - Outras;1758542,67;112058
2021;Prefeitura Municipal de Corumbá - MS;5003207;MS;DCA-Anexo I-C;Padrão;Receitas Brutas Realizadas;RO1.2.0.0.00.0.0;1.2.0.0.00.0.0 - Contribuições;27973463,37;112058
2021;Prefeitura Municipal de Corumbá - MS;5003207;MS;DCA-Anexo I-C;Padrão;Receitas Brutas Realizadas;RO1.2.1.0.00.0.0;1.2.1.0.00.0.0 - Contribuições Sociais;19717223,97;112058
2021;Prefeitura Municipal de Corumbá - MS;5003207;MS;DCA-Anexo I-C;Padrão;Receitas Brutas Realizadas;RO1.2.1.8.00.0.0;1.2.1.8.00.0.0 - Contribuições Sociais Específicas de Estados, DF e Municípios;19717223,97;112058
2021;Prefeitura Municipal de Corumbá - MS;5003207;MS;DCA-Anexo I-C;Padrão;Receitas Brutas Realizadas;RO1.2.1.8.01.0.0;1.2.1.8.01.0.0 - Contribuição do Servidor Civil para o Plano de Seguridade Social - CPSSS - Específico de EST/DF/MUN;19717223,97;112058
2021;Prefeitura Municipal de Corumbá - MS;5003207;MS;DCA-Anexo I-C;Padrão;Receitas Brutas Realizadas;RO1.2.1.8.01.1.0;1.2.1.8.01.1.0 - CPSSS do Servidor Civil Ativo;18828597,95;112058
2021;Prefeitura Municipal de Corumbá - MS;5003207;MS;DCA-Anexo I-C;Padrão;Receitas Brutas Realizadas;RO1.2.1.8.01.2.0;1.2.1.8.01.2.0 - CPSSS do Servidor Civil Inativo;843164,78;112058
2021;Prefeitura Municipal de Corumbá - MS;5003207;MS;DCA-Anexo I-C;Padrão;Receitas Brutas Realizadas;RO1.2.1.8.01.3.0;1.2.1.8.01.3.0 - CPSSS do Servidor Civil - Pensionistas;41312,38;112058
2021;Prefeitura Municipal de Corumbá - MS;5003207;MS;DCA-Anexo I-C;Padrão;Receitas Brutas Realizadas;RO1.2.1.8.01.4.0;1.2.1.8.01.4.0 - CPSSS Oriunda de Sentenças Judiciais - Servidor Civil Ativo;4148,86;112058
2021;Prefeitura Municipal de Corumbá - MS;5003207;MS;DCA-Anexo I-C;Padrão;Receitas Brutas Realizadas;RO1.2.4.0.00.0.0;1.2.4.0.00.0.0 - Contribuição para o Custeio do Serviço de Iluminação Pública;8256239,40;112058
2021;Prefeitura Municipal de Corumbá - MS;5003207;MS;DCA-Anexo I-C;Padrão;Receitas Brutas Realizadas;RO1.3.0.0.00.0.0;1.3.0.0.00.0.0 - Receita Patrimonial;13226893,09;112058
2021;Prefeitura Municipal de Corumbá - MS;5003207;MS;DCA-Anexo I-C;Padrão;Receitas Brutas Realizadas;RO1.3.1.0.00.0.0;1.3.1.0.00.0.0 - Exploração do Patrimônio Imobiliário do Estado;357132,32;112058
2021;Prefeitura Municipal de Corumbá - MS;5003207;MS;DCA-Anexo I-C;Padrão;Receitas Brutas Realizadas;RO1.3.1.0.01.0.0;1.3.1.0.01.0.0 - Aluguéis, Arrendamentos, Foros, Laudêmios, Tarifas de Ocupação;341170,06;112058
2021;Prefeitura Municipal de Corumbá - MS;5003207;MS;DCA-Anexo I-C;Padrão;Receitas Brutas Realizadas;RO1.3.1.0.01.2.0;1.3.1.0.01.2.0 - Foros, Laudêmios e Tarifas de Ocupação;341170,06;112058
2021;Prefeitura Municipal de Corumbá - MS;5003207;MS;DCA-Anexo I-C;Padrão;Receitas Brutas Realizadas;RO1.3.1.0.02.0.0;1.3.1.0.02.0.0 - Concessão, Permissão, Autorização ou Cessão do Direito de Uso de Bens Imóveis Públicos;15962,26;112058
2021;Prefeitura Municipal de Corumbá - MS;5003207;MS;DCA-Anexo I-C;Padrão;Receitas Brutas Realizadas;RO1.3.2.0.00.0.0;1.3.2.0.00.0.0 - Valores Mobiliários;12815042,02;112058
2021;Prefeitura Municipal de Corumbá - MS;5003207;MS;DCA-Anexo I-C;Padrão;Receitas Brutas Realizadas;RO1.3.2.1.00.0.0;1.3.2.1.00.0.0 - Juros e Correções Monetárias;12749130,52;112058
2021;Prefeitura Municipal de Corumbá - MS;5003207;MS;DCA-Anexo I-C;Padrão;Receitas Brutas Realizadas;RO1.3.2.1.00.1.0;1.3.2.1.00.1.0 - Remuneração de Depósitos Bancários;3945888,59;112058
2021;Prefeitura Municipal de Corumbá - MS;5003207;MS;DCA-Anexo I-C;Padrão;Receitas Brutas Realizadas;RO1.3.2.1.00.4.0;1.3.2.1.00.4.0 - Remuneração dos Recursos do Regime Próprio de Previdência Social - RPPS;8803241,93;112058
2021;Prefeitura Municipal de Corumbá - MS;5003207;MS;DCA-Anexo I-C;Padrão;Receitas Brutas Realizadas;RO1.3.2.2.00.0.0;1.3.2.2.00.0.0 - Dividendos;65911,50;112058
2021;Prefeitura Municipal de Corumbá - MS;5003207;MS;DCA-Anexo I-C;Padrão;Receitas Brutas Realizadas;RO1.3.3.0.00.0.0;1.3.3.0.00.0.0 - Delegação de Serviços Públicos Mediante Concessão, Permissão, Autorização ou Licença;54718,75;112058
2021;Prefeitura Municipal de Corumbá - MS;5003207;MS;DCA-Anexo I-C;Padrão;Receitas Brutas Realizadas;RO1.3.3.9.00.0.0;1.3.3.9.00.0.0 - Demais Delegações de Serviços Públicos;54718,75;112058
2021;Prefeitura Municipal de Corumbá - MS;5003207;MS;DCA-Anexo I-C;Padrão;Receitas Brutas Realizadas;RO1.6.0.0.00.0.0;1.6.0.0.00.0.0 - Receita de Serviços;78697,68;112058
2021;Prefeitura Municipal de Corumbá - MS;5003207;MS;DCA-Anexo I-C;Padrão;Receitas Brutas Realizadas;RO1.6.2.0.00.0.0;1.6.2.0.00.0.0 - Serviços e Atividades Referentes à Navegação e ao Transporte;78399,33;112058
2021;Prefeitura Municipal de Corumbá - MS;5003207;MS;DCA-Anexo I-C;Padrão;Receitas Brutas Realizadas;RO1.6.2.0.02.0.0;1.6.2.0.02.0.0 - Serviços de Transporte;35513,96;112058
2021;Prefeitura Municipal de Corumbá - MS;5003207;MS;DCA-Anexo I-C;Padrão;Receitas Brutas Realizadas;RO1.6.2.0.03.0.0;1.6.2.0.03.0.0 - Serviços Portuários;42885,37;112058
2021;Prefeitura Municipal de Corumbá - MS;5003207;MS;DCA-Anexo I-C;Padrão;Receitas Brutas Realizadas;RO1.6.9.0.00.0.0;1.6.9.0.00.0.0 - Outros Serviços;298,35;112058
2021;Prefeitura Municipal de Corumbá - MS;5003207;MS;DCA-Anexo I-C;Padrão;Receitas Brutas Realizadas;RO1.6.9.0.99.0.0;1.6.9.0.99.0.0 - Outros Serviços;298,35;112058
2021;Prefeitura Municipal de Corumbá - MS;5003207;MS;DCA-Anexo I-C;Padrão;Receitas Brutas Realizadas;RO1.7.0.0.00.0.0;1.7.0.0.00.0.0 - Transferências Correntes;541281282,59;112058
2021;Prefeitura Municipal de Corumbá - MS;5003207;MS;DCA-Anexo I-C;Padrão;Deduções - FUNDEB;RO1.7.0.0.00.0.0;1.7.0.0.00.0.0 - Transferências Correntes;61152225,62;112058
2021;Prefeitura Municipal de Corumbá - MS;5003207;MS;DCA-Anexo I-C;Padrão;Receitas Brutas Realizadas;RO1.7.1.0.00.0.0;1.7.1.0.00.0.0 - Transferências da União e de suas Entidades;181082445,61;112058
2021;Prefeitura Municipal de Corumbá - MS;5003207;MS;DCA-Anexo I-C;Padrão;Deduções - FUNDEB;RO1.7.1.0.00.0.0;1.7.1.0.00.0.0 - Transferências da União e de suas Entidades;15132915,11;112058
2021;Prefeitura Municipal de Corumbá - MS;5003207;MS;DCA-Anexo I-C;Padrão;Receitas Brutas Realizadas;RO1.7.1.8.00.0.0;1.7.1.8.00.0.0 - Transferências da União - Específicas de Estados, DF e Municípios;181082445,61;112058
2021;Prefeitura Municipal de Corumbá - MS;5003207;MS;DCA-Anexo I-C;Padrão;Deduções - FUNDEB;RO1.7.1.8.00.0.0;1.7.1.8.00.0.0 - Transferências da União - Específicas de Estados, DF e Municípios;15132915,11;112058
2021;Prefeitura Municipal de Corumbá - MS;5003207;MS;DCA-Anexo I-C;Padrão;Receitas Brutas Realizadas;RO1.7.1.8.01.0.0;1.7.1.8.01.0.0 - Participação na Receita da União;80608098,61;112058
2021;Prefeitura Municipal de Corumbá - MS;5003207;MS;DCA-Anexo I-C;Padrão;Deduções - FUNDEB;RO1.7.1.8.01.0.0;1.7.1.8.01.0.0 - Participação na Receita da União;15132915,11;112058
2021;Prefeitura Municipal de Corumbá - MS;5003207;MS;DCA-Anexo I-C;Padrão;Receitas Brutas Realizadas;RO1.7.1.8.01.2.0;1.7.1.8.01.2.0 - Cota-Parte do Fundo de Participação dos Municípios - Cota Mensal;59885588,18;112058
2021;Prefeitura Municipal de Corumbá - MS;5003207;MS;DCA-Anexo I-C;Padrão;Deduções - FUNDEB;RO1.7.1.8.01.2.0;1.7.1.8.01.2.0 - Cota-Parte do Fundo de Participação dos Municípios - Cota Mensal;11977117,32;112058
2021;Prefeitura Municipal de Corumbá - MS;5003207;MS;DCA-Anexo I-C;Padrão;Receitas Brutas Realizadas;RO1.7.1.8.01.3.0;1.7.1.8.01.3.0 - Cota-Parte do Fundo de Participação do Municípios ¿ 1% Cota entregue no mês de dezembro;2624858,44;112058
2021;Prefeitura Municipal de Corumbá - MS;5003207;MS;DCA-Anexo I-C;Padrão;Receitas Brutas Realizadas;RO1.7.1.8.01.4.0;1.7.1.8.01.4.0 - Cota-Parte do Fundo de Participação dos Municípios - 1% Cota entregue no mês de julho;2318662,27;112058
2021;Prefeitura Municipal de Corumbá - MS;5003207;MS;DCA-Anexo I-C;Padrão;Receitas Brutas Realizadas;RO1.7.1.8.01.5.0;1.7.1.8.01.5.0 - Cota-Parte do Imposto Sobre a Propriedade Territorial Rural;15778989,72;112058
2021;Prefeitura Municipal de Corumbá - MS;5003207;MS;DCA-Anexo I-C;Padrão;Deduções - FUNDEB;RO1.7.1.8.01.5.0;1.7.1.8.01.5.0 - Cota-Parte do Imposto Sobre a Propriedade Territorial Rural;3155797,79;112058
2021;Prefeitura Municipal de Corumbá - MS;5003207;MS;DCA-Anexo I-C;Padrão;Receitas Brutas Realizadas;RO1.7.1.8.02.0.0;1.7.1.8.02.0.0 - Transferência da Compensação Financeira pela Exploração de Recursos Naturais;35063935,22;112058
2021;Prefeitura Municipal de Corumbá - MS;5003207;MS;DCA-Anexo I-C;Padrão;Receitas Brutas Realizadas;RO1.7.1.8.02.2.0;1.7.1.8.02.2.0 - Cota-parte da Compensação Financeira de Recursos Minerais - CFEM;33906315,42;112058
2021;Prefeitura Municipal de Corumbá - MS;5003207;MS;DCA-Anexo I-C;Padrão;Receitas Brutas Realizadas;RO1.7.1.8.02.6.0;1.7.1.8.02.6.0 - Cota-Parte do Fundo Especial do Petróleo ¿ FEP;1157619,80;112058
2021;Prefeitura Municipal de Corumbá - MS;5003207;MS;DCA-Anexo I-C;Padrão;Receitas Brutas Realizadas;RO1.7.1.8.03.0.0;1.7.1.8.03.0.0 - Transferência de Recursos do Sistema Único de Saúde ¿ SUS ¿ Repasses Fundo a Fundo - Bloco de Manutenção das Ações e Serviços Públicos de Saúde;55777644,11;112058
2021;Prefeitura Municipal de Corumbá - MS;5003207;MS;DCA-Anexo I-C;Padrão;Receitas Brutas Realizadas;RO1.7.1.8.03.1.0;1.7.1.8.03.1.0 - Transferência de Recursos do SUS ¿ Atenção Primária;14736681,69;112058
2021;Prefeitura Municipal de Corumbá - MS;5003207;MS;DCA-Anexo I-C;Padrão;Receitas Brutas Realizadas;RO1.7.1.8.03.2.0;1.7.1.8.03.2.0 - Transferência de Recursos do SUS ¿ Atenção Especializada;28093807,26;112058
2021;Prefeitura Municipal de Corumbá - MS;5003207;MS;DCA-Anexo I-C;Padrão;Receitas Brutas Realizadas;RO1.7.1.8.03.3.0;1.7.1.8.03.3.0 - Transferência de Recursos do SUS ¿ Vigilância em Saúde;1731126,43;112058
2021;Prefeitura Municipal de Corumbá - MS;5003207;MS;DCA-Anexo I-C;Padrão;Receitas Brutas Realizadas;RO1.7.1.8.03.4.0;1.7.1.8.03.4.0 - Transferência de Recursos do SUS ¿ Assistência Farmacêutica;670675,29;112058
2021;Prefeitura Municipal de Corumbá - MS;5003207;MS;DCA-Anexo I-C;Padrão;Receitas Brutas Realizadas;RO1.7.1.8.03.5.0;1.7.1.8.03.5.0 - Transferência de Recursos do SUS ¿ Gestão do SUS;16000,00;112058
2021;Prefeitura Municipal de Corumbá - MS;5003207;MS;DCA-Anexo I-C;Padrão;Receitas Brutas Realizadas;RO1.7.1.8.03.9.0;1.7.1.8.03.9.0 - Transferência de Recursos do SUS ¿ Outros Programas Financiados por Transferências Fundo a Fundo;10529353,44;112058
2021;Prefeitura Municipal de Corumbá - MS;5003207;MS;DCA-Anexo I-C;Padrão;Receitas Brutas Realizadas;RO1.7.1.8.04.0.0;1.7.1.8.04.0.0 - Transferências de Recursos do Sistema Único de Saúde ¿ SUS - Repasses Fundo a Fundo - Bloco de Estruturação da Rede de Serviços Públicos de Saúde;600970,00;112058
2021;Prefeitura Municipal de Corumbá - MS;5003207;MS;DCA-Anexo I-C;Padrão;Receitas Brutas Realizadas;RO1.7.1.8.04.1.0;1.7.1.8.04.1.0 - Transferências de Recursos do Sistema Único de Saúde ¿ SUS Destinados à Atenção Primária;600970,00;112058
2021;Prefeitura Municipal de Corumbá - MS;5003207;MS;DCA-Anexo I-C;Padrão;Receitas Brutas Realizadas;RO1.7.1.8.05.0.0;1.7.1.8.05.0.0 - Transferências de Recursos do Fundo Nacional do Desenvolvimento da Educação ¿ FNDE;4869176,93;112058
2021;Prefeitura Municipal de Corumbá - MS;5003207;MS;DCA-Anexo I-C;Padrão;Receitas Brutas Realizadas;RO1.7.1.8.05.1.0;1.7.1.8.05.1.0 - Transferências do Salário-Educação;2733322,14;112058
2021;Prefeitura Municipal de Corumbá - MS;5003207;MS;DCA-Anexo I-C;Padrão;Receitas Brutas Realizadas;RO1.7.1.8.05.2.0;1.7.1.8.05.2.0 - Transferências Diretas do FNDE referentes ao Programa Dinheiro Direto na Escola ¿ PDDE;1620,00;112058
2021;Prefeitura Municipal de Corumbá - MS;5003207;MS;DCA-Anexo I-C;Padrão;Receitas Brutas Realizadas;RO1.7.1.8.05.3.0;1.7.1.8.05.3.0 - Transferências Diretas do FNDE referentes ao Programa Nacional de Alimentação Escolar ¿ PNAE;1711096,20;112058
2021;Prefeitura Municipal de Corumbá - MS;5003207;MS;DCA-Anexo I-C;Padrão;Receitas Brutas Realizadas;RO1.7.1.8.05.4.0;1.7.1.8.05.4.0 - Transferências Diretas do FNDE referentes ao Programa Nacional de Apoio ao Transporte do Escolar ¿ PNATE;233238,59;112058
2021;Prefeitura Municipal de Corumbá - MS;5003207;MS;DCA-Anexo I-C;Padrão;Receitas Brutas Realizadas;RO1.7.1.8.05.9.0;1.7.1.8.05.9.0 - Outras Transferências Diretas do Fundo Nacional do Desenvolvimento da Educação ¿ FNDE;189900,00;112058
2021;Prefeitura Municipal de Corumbá - MS;5003207;MS;DCA-Anexo I-C;Padrão;Receitas Brutas Realizadas;RO1.7.1.8.10.0.0;1.7.1.8.10.0.0 - Transferências de Convênios da União e de Suas Entidades;12629,80;112058
2021;Prefeitura Municipal de Corumbá - MS;5003207;MS;DCA-Anexo I-C;Padrão;Receitas Brutas Realizadas;RO1.7.1.8.10.9.0;1.7.1.8.10.9.0 - Outras Transferências de Convênios da União;12629,80;112058
2021;Prefeitura Municipal de Corumbá - MS;5003207;MS;DCA-Anexo I-C;Padrão;Receitas Brutas Realizadas;RO1.7.1.8.12.0.0;1.7.1.8.12.0.0 - Transferências de Recursos do Fundo Nacional de Assistência Social ¿ FNAS;1747235,22;112058
2021;Prefeitura Municipal de Corumbá - MS;5003207;MS;DCA-Anexo I-C;Padrão;Receitas Brutas Realizadas;RO1.7.1.8.99.0.0;1.7.1.8.99.0.0 - Outras Transferências da União;2402755,72;112058
2021;Prefeitura Municipal de Corumbá - MS;5003207;MS;DCA-Anexo I-C;Padrão;Receitas Brutas Realizadas;RO1.7.2.0.00.0.0;1.7.2.0.00.0.0 - Transferências dos Estados e do Distrito Federal e de suas Entidades;270780893,61;112058
2021;Prefeitura Municipal de Corumbá - MS;5003207;MS;DCA-Anexo I-C;Padrão;Deduções - FUNDEB;RO1.7.2.0.00.0.0;1.7.2.0.00.0.0 - Transferências dos Estados e do Distrito Federal e de suas Entidades;46019310,51;112058
2021;Prefeitura Municipal de Corumbá - MS;5003207;MS;DCA-Anexo I-C;Padrão;Receitas Brutas Realizadas;RO1.7.2.8.00.0.0;1.7.2.8.00.0.0 - Transferências dos Estados - Específicas de Estados, DF e Municípios;270780893,61;112058
2021;Prefeitura Municipal de Corumbá - MS;5003207;MS;DCA-Anexo I-C;Padrão;Deduções - FUNDEB;RO1.7.2.8.00.0.0;1.7.2.8.00.0.0 - Transferências dos Estados - Específicas de Estados, DF e Municípios;46019310,51;112058
2021;Prefeitura Municipal de Corumbá - MS;5003207;MS;DCA-Anexo I-C;Padrão;Receitas Brutas Realizadas;RO1.7.2.8.01.0.0;1.7.2.8.01.0.0 - Participação na Receita dos Estados;230254756,53;112058
2021;Prefeitura Municipal de Corumbá - MS;5003207;MS;DCA-Anexo I-C;Padrão;Deduções - FUNDEB;RO1.7.2.8.01.0.0;1.7.2.8.01.0.0 - Participação na Receita dos Estados;46019310,51;112058
2021;Prefeitura Municipal de Corumbá - MS;5003207;MS;DCA-Anexo I-C;Padrão;Receitas Brutas Realizadas;RO1.7.2.8.01.1.0;1.7.2.8.01.1.0 - Cota-Parte do ICMS;217417118,68;112058
2021;Prefeitura Municipal de Corumbá - MS;5003207;MS;DCA-Anexo I-C;Padrão;Deduções - FUNDEB;RO1.7.2.8.01.1.0;1.7.2.8.01.1.0 - Cota-Parte do ICMS;43483423,47;112058
2021;Prefeitura Municipal de Corumbá - MS;5003207;MS;DCA-Anexo I-C;Padrão;Receitas Brutas Realizadas;RO1.7.2.8.01.2.0;1.7.2.8.01.2.0 - Cota-Parte do IPVA;10270625,64;112058
2021;Prefeitura Municipal de Corumbá - MS;5003207;MS;DCA-Anexo I-C;Padrão;Deduções - FUNDEB;RO1.7.2.8.01.2.0;1.7.2.8.01.2.0 - Cota-Parte do IPVA;2054125,12;112058
2021;Prefeitura Municipal de Corumbá - MS;5003207;MS;DCA-Anexo I-C;Padrão;Receitas Brutas Realizadas;RO1.7.2.8.01.3.0;1.7.2.8.01.3.0 - Cota-Parte do IPI - Municípios;2408809,60;112058
2021;Prefeitura Municipal de Corumbá - MS;5003207;MS;DCA-Anexo I-C;Padrão;Deduções - FUNDEB;RO1.7.2.8.01.3.0;1.7.2.8.01.3.0 - Cota-Parte do IPI - Municípios;481761,92;112058
2021;Prefeitura Municipal de Corumbá - MS;5003207;MS;DCA-Anexo I-C;Padrão;Receitas Brutas Realizadas;RO1.7.2.8.01.4.0;1.7.2.8.01.4.0 - Cota-Parte da Contribuição de Intervenção no Domínio Econômico;103062,61;112058
2021;Prefeitura Municipal de Corumbá - MS;5003207;MS;DCA-Anexo I-C;Padrão;Receitas Brutas Realizadas;RO1.7.2.8.01.9.0;1.7.2.8.01.9.0 - Outras Transferências dos Estados;55140,00;112058
2021;Prefeitura Municipal de Corumbá - MS;5003207;MS;DCA-Anexo I-C;Padrão;Receitas Brutas Realizadas;RO1.7.2.8.03.0.0;1.7.2.8.03.0.0 - Transferência de Recursos do Estado para Programas de Saúde ¿ Repasse Fundo a Fundo;16545599,58;112058
2021;Prefeitura Municipal de Corumbá - MS;5003207;MS;DCA-Anexo I-C;Padrão;Receitas Brutas Realizadas;RO1.7.2.8.07.0.0;1.7.2.8.07.0.0 - Transferências de Estados destinadas à Assistência Social;785304,00;112058
2021;Prefeitura Municipal de Corumbá - MS;5003207;MS;DCA-Anexo I-C;Padrão;Receitas Brutas Realizadas;RO1.7.2.8.10.0.0;1.7.2.8.10.0.0 - Transferência de Convênios dos Estados e do Distrito Federal e de Suas Entidades;391548,49;112058
2021;Prefeitura Municipal de Corumbá - MS;5003207;MS;DCA-Anexo I-C;Padrão;Receitas Brutas Realizadas;RO1.7.2.8.10.2.0;1.7.2.8.10.2.0 - Transferências de Convênio dos Estados Destinadas a Programas de Educação;28008,49;112058
2021;Prefeitura Municipal de Corumbá - MS;5003207;MS;DCA-Anexo I-C;Padrão;Receitas Brutas Realizadas;RO1.7.2.8.10.9.0;1.7.2.8.10.9.0 - Outras Transferências de Convênio dos Estados;363540,00;112058
2021;Prefeitura Municipal de Corumbá - MS;5003207;MS;DCA-Anexo I-C;Padrão;Receitas Brutas Realizadas;RO1.7.2.8.99.0.0;1.7.2.8.99.0.0 - Outras Transferências dos Estados;22803685,01;112058
2021;Prefeitura Municipal de Corumbá - MS;5003207;MS;DCA-Anexo I-C;Padrão;Receitas Brutas Realizadas;RO1.7.4.0.00.0.0;1.7.4.0.00.0.0 - Transferências de Instituições Privadas;3057605,00;112058
2021;Prefeitura Municipal de Corumbá - MS;5003207;MS;DCA-Anexo I-C;Padrão;Receitas Brutas Realizadas;RO1.7.4.8.00.0.0;1.7.4.8.00.0.0 - Transferências de Instituições Privadas - Específicas de Estados, DF e Municípios;3057605,00;112058
2021;Prefeitura Municipal de Corumbá - MS;5003207;MS;DCA-Anexo I-C;Padrão;Receitas Brutas Realizadas;RO1.7.4.8.10.0.0;1.7.4.8.10.0.0 - Outras Transferência de Instituições Privadas para EST/DF/MUN - Não Especificadas Anteriormente;3057605,00;112058
2021;Prefeitura Municipal de Corumbá - MS;5003207;MS;DCA-Anexo I-C;Padrão;Receitas Brutas Realizadas;RO1.7.5.0.00.0.0;1.7.5.0.00.0.0 - Transferências de Outras Instituições Públicas;86172504,72;112058
2021;Prefeitura Municipal de Corumbá - MS;5003207;MS;DCA-Anexo I-C;Padrão;Receitas Brutas Realizadas;RO1.7.5.0.00.1.0;1.7.5.0.00.1.0 - Transferências de Outras Instituições Públicas;178555,95;112058
2021;Prefeitura Municipal de Corumbá - MS;5003207;MS;DCA-Anexo I-C;Padrão;Receitas Brutas Realizadas;RO1.7.5.8.00.0.0;1.7.5.8.00.0.0 - Transferências de Outras Instituições Públicas - Específicas de Estados, DF e Municípios;85993948,77;112058
2021;Prefeitura Municipal de Corumbá - MS;5003207;MS;DCA-Anexo I-C;Padrão;Receitas Brutas Realizadas;RO1.7.5.8.01.0.0;1.7.5.8.01.0.0 - Transferências de Recursos do Fundo de Manutenção e Desenvolvimento da Educação Básica e de Valorização dos Profissionais da Educação ¿ FUNDEB;85993948,77;112058
2021;Prefeitura Municipal de Corumbá - MS;5003207;MS;DCA-Anexo I-C;Padrão;Receitas Brutas Realizadas;RO1.7.6.0.00.0.0;1.7.6.0.00.0.0 - Transferências do Exterior;148220,00;112058
2021;Prefeitura Municipal de Corumbá - MS;5003207;MS;DCA-Anexo I-C;Padrão;Receitas Brutas Realizadas;RO1.7.6.8.00.0.0;1.7.6.8.00.0.0 - Transferências do Exterior - Específicas de Estados, DF e Municípios;148220,00;112058
2021;Prefeitura Municipal de Corumbá - MS;5003207;MS;DCA-Anexo I-C;Padrão;Receitas Brutas Realizadas;RO1.7.6.8.01.0.0;1.7.6.8.01.0.0 - Transferência de Convênios do Exterior;148220,00;112058
2021;Prefeitura Municipal de Corumbá - MS;5003207;MS;DCA-Anexo I-C;Padrão;Receitas Brutas Realizadas;RO1.7.6.8.01.1.0;1.7.6.8.01.1.0 - Transferência de Convênios do Exterior - Programas de Saúde;148220,00;112058
2021;Prefeitura Municipal de Corumbá - MS;5003207;MS;DCA-Anexo I-C;Padrão;Receitas Brutas Realizadas;RO1.7.7.0.00.0.0;1.7.7.0.00.0.0 - Transferências de Pessoas Físicas;39613,65;112058
2021;Prefeitura Municipal de Corumbá - MS;5003207;MS;DCA-Anexo I-C;Padrão;Receitas Brutas Realizadas;RO1.7.7.8.00.0.0;1.7.7.8.00.0.0 - Transferências de Pessoas Físicas - Específicas de Estados, DF e Municípios;39613,65;112058
2021;Prefeitura Municipal de Corumbá - MS;5003207;MS;DCA-Anexo I-C;Padrão;Receitas Brutas Realizadas;RO1.7.7.8.01.0.0;1.7.7.8.01.0.0 - Transferências de Pessoas Físicas - Específicas de E/DF/M;39613,65;112058
2021;Prefeitura Municipal de Corumbá - MS;5003207;MS;DCA-Anexo I-C;Padrão;Receitas Brutas Realizadas;RO1.7.7.8.01.9.0;1.7.7.8.01.9.0 - Outras Transferência de Pessoas Físicas- Específicas de E/DF/M - Não Especificadas Anteriormente;39613,65;112058
2021;Prefeitura Municipal de Corumbá - MS;5003207;MS;DCA-Anexo I-C;Padrão;Receitas Brutas Realizadas;RO1.9.0.0.00.0.0;1.9.0.0.00.0.0 - Outras Receitas Correntes;4127814,60;112058
2021;Prefeitura Municipal de Corumbá - MS;5003207;MS;DCA-Anexo I-C;Padrão;Receitas Brutas Realizadas;RO1.9.1.0.00.0.0;1.9.1.0.00.0.0 - Multas Administrativas, Contratuais e Judiciais;1427167,06;112058
2021;Prefeitura Municipal de Corumbá - MS;5003207;MS;DCA-Anexo I-C;Padrão;Receitas Brutas Realizadas;RO1.9.1.0.01.0.0;1.9.1.0.01.0.0 - Multas Previstas em Legislação Específica;1425189,56;112058
2021;Prefeitura Municipal de Corumbá - MS;5003207;MS;DCA-Anexo I-C;Padrão;Receitas Brutas Realizadas;RO1.9.1.0.09.0.0;1.9.1.0.09.0.0 - Multas e Juros Previstos em Contratos;1977,50;112058
2021;Prefeitura Municipal de Corumbá - MS;5003207;MS;DCA-Anexo I-C;Padrão;Receitas Brutas Realizadas;RO1.9.2.0.00.0.0;1.9.2.0.00.0.0 - Indenizações, Restituições e Ressarcimentos;542129,11;112058
2021;Prefeitura Municipal de Corumbá - MS;5003207;MS;DCA-Anexo I-C;Padrão;Receitas Brutas Realizadas;RO1.9.2.2.00.0.0;1.9.2.2.00.0.0 - Restituições;542129,11;112058
2021;Prefeitura Municipal de Corumbá - MS;5003207;MS;DCA-Anexo I-C;Padrão;Receitas Brutas Realizadas;RO1.9.2.2.01.0.0;1.9.2.2.01.0.0 - Restituição de Convênios;72050,54;112058
2021;Prefeitura Municipal de Corumbá - MS;5003207;MS;DCA-Anexo I-C;Padrão;Receitas Brutas Realizadas;RO1.9.2.2.99.0.0;1.9.2.2.99.0.0 - Outras Restituições;470078,57;112058
2021;Prefeitura Municipal de Corumbá - MS;5003207;MS;DCA-Anexo I-C;Padrão;Receitas Brutas Realizadas;RO1.9.9.0.00.0.0;1.9.9.0.00.0.0 - Demais Receitas Correntes;2158518,43;112058
2021;Prefeitura Municipal de Corumbá - MS;5003207;MS;DCA-Anexo I-C;Padrão;Receitas Brutas Realizadas;RO1.9.9.0.03.0.0;1.9.9.0.03.0.0 - Compensações Financeiras entre o Regime Geral e os Regimes Próprios de Previdência dos Servidores;982848,82;112058
2021;Prefeitura Municipal de Corumbá - MS;5003207;MS;DCA-Anexo I-C;Padrão;Receitas Brutas Realizadas;RO1.9.9.0.12.0.0;1.9.9.0.12.0.0 - Encargos Legais pela Inscrição em Dívida Ativa e Receitas de Ônus de Sucumbência;1037708,21;112058
2021;Prefeitura Municipal de Corumbá - MS;5003207;MS;DCA-Anexo I-C;Padrão;Receitas Brutas Realizadas;RO1.9.9.0.12.2.0;1.9.9.0.12.2.0 - Ônus de Sucumbência;1037708,21;112058
2021;Prefeitura Municipal de Corumbá - MS;5003207;MS;DCA-Anexo I-C;Padrão;Receitas Brutas Realizadas;RO1.9.9.0.99.0.0;1.9.9.0.99.0.0 - Outras Receitas;137961,40;112058
2021;Prefeitura Municipal de Corumbá - MS;5003207;MS;DCA-Anexo I-C;Padrão;Receitas Brutas Realizadas;RO1.9.9.0.99.1.0;1.9.9.0.99.1.0 - Outras Receitas - Primárias;75298,50;112058
2021;Prefeitura Municipal de Corumbá - MS;5003207;MS;DCA-Anexo I-C;Padrão;Receitas Brutas Realizadas;RO1.9.9.0.99.2.0;1.9.9.0.99.2.0 - Outras Receitas - Financeiras;62662,90;112058
2021;Prefeitura Municipal de Corumbá - MS;5003207;MS;DCA-Anexo I-C;Padrão;Receitas Brutas Realizadas;RO2.0.0.0.00.0.0;2.0.0.0.00.0.0 - Receitas de Capital;46357909,57;112058
2021;Prefeitura Municipal de Corumbá - MS;5003207;MS;DCA-Anexo I-C;Padrão;Receitas Brutas Realizadas;RO2.1.0.0.00.0.0;2.1.0.0.00.0.0 - Operações de Crédito;41956768,74;112058
2021;Prefeitura Municipal de Corumbá - MS;5003207;MS;DCA-Anexo I-C;Padrão;Receitas Brutas Realizadas;RO2.1.2.0.00.0.0;2.1.2.0.00.0.0 - Operações de Crédito - Mercado Externo;41956768,74;112058
2021;Prefeitura Municipal de Corumbá - MS;5003207;MS;DCA-Anexo I-C;Padrão;Receitas Brutas Realizadas;RO2.1.2.9.00.0.0;2.1.2.9.00.0.0 - Outras Operações de Crédito - Mercado Externo;41956768,74;112058
2021;Prefeitura Municipal de Corumbá - MS;5003207;MS;DCA-Anexo I-C;Padrão;Receitas Brutas Realizadas;RO2.4.0.0.00.0.0;2.4.0.0.00.0.0 - Transferências de Capital;4401140,83;112058
2021;Prefeitura Municipal de Corumbá - MS;5003207;MS;DCA-Anexo I-C;Padrão;Receitas Brutas Realizadas;RO2.4.1.0.00.0.0;2.4.1.0.00.0.0 - Transferências da União e de suas Entidades;1593983,14;112058
2021;Prefeitura Municipal de Corumbá - MS;5003207;MS;DCA-Anexo I-C;Padrão;Receitas Brutas Realizadas;RO2.4.1.8.00.0.0;2.4.1.8.00.0.0 - Transferências da União - Específicas de Estados, DF e Municípios;1593983,14;112058
2021;Prefeitura Municipal de Corumbá - MS;5003207;MS;DCA-Anexo I-C;Padrão;Receitas Brutas Realizadas;RO2.4.1.8.03.0.0;2.4.1.8.03.0.0 - Transferência de Recursos do Sistema Único de Saúde ¿ SUS ¿ Fundo a Fundo - Bloco de Manutenção das Ações e Serviços Públicos de Saúde;13500,00;112058
2021;Prefeitura Municipal de Corumbá - MS;5003207;MS;DCA-Anexo I-C;Padrão;Receitas Brutas Realizadas;RO2.4.1.8.03.1.0;2.4.1.8.03.1.0 - Transferência de Recursos do SUS ¿ Atenção Primária;13500,00;112058
2021;Prefeitura Municipal de Corumbá - MS;5003207;MS;DCA-Anexo I-C;Padrão;Receitas Brutas Realizadas;RO2.4.1.8.04.0.0;2.4.1.8.04.0.0 - Transferências de Recursos do Sistema Único de Saúde ¿ SUS - Fundo a Fundo - Bloco de Estruturação da Rede de Serviços Públicos de Saúde;1434027,00;112058
2021;Prefeitura Municipal de Corumbá - MS;5003207;MS;DCA-Anexo I-C;Padrão;Receitas Brutas Realizadas;RO2.4.1.8.04.1.0;2.4.1.8.04.1.0 - Transferências de Recursos do Sistema Único de Saúde ¿ SUS Destinados à Atenção Primária;1434027,00;112058
2021;Prefeitura Municipal de Corumbá - MS;5003207;MS;DCA-Anexo I-C;Padrão;Receitas Brutas Realizadas;RO2.4.1.8.10.0.0;2.4.1.8.10.0.0 - Transferência de Convênios da União e de suas Entidades;146456,14;112058
2021;Prefeitura Municipal de Corumbá - MS;5003207;MS;DCA-Anexo I-C;Padrão;Receitas Brutas Realizadas;RO2.4.1.8.10.1.0;2.4.1.8.10.1.0 - Transferências de Convênio da União para o Sistema Único de Saúde ¿ SUS;146456,14;112058
2021;Prefeitura Municipal de Corumbá - MS;5003207;MS;DCA-Anexo I-C;Padrão;Receitas Brutas Realizadas;RO2.4.2.0.00.0.0;2.4.2.0.00.0.0 - Transferências dos Estados e do Distrito Federal e de suas Entidades;2118153,42;112058
2021;Prefeitura Municipal de Corumbá - MS;5003207;MS;DCA-Anexo I-C;Padrão;Receitas Brutas Realizadas;RO2.4.2.8.00.0.0;2.4.2.8.00.0.0 - Transferências dos Estados, Distrito Federal, e de suas Entidades;2118153,42;112058
2021;Prefeitura Municipal de Corumbá - MS;5003207;MS;DCA-Anexo I-C;Padrão;Receitas Brutas Realizadas;RO2.4.2.8.10.0.0;2.4.2.8.10.0.0 - Transferências de Convênios dos Estados e do Distrito Federal e de suas Entidades;1994295,10;112058
2021;Prefeitura Municipal de Corumbá - MS;5003207;MS;DCA-Anexo I-C;Padrão;Receitas Brutas Realizadas;RO2.4.2.8.10.1.0;2.4.2.8.10.1.0 - Transferências de Convênios dos Estados para o Sistema Único de Saúde ¿ SUS;1994295,10;112058
2021;Prefeitura Municipal de Corumbá - MS;5003207;MS;DCA-Anexo I-C;Padrão;Receitas Brutas Realizadas;RO2.4.2.8.99.0.0;2.4.2.8.99.0.0 - Outras Transferências dos Estados;123858,32;112058
2021;Prefeitura Municipal de Corumbá - MS;5003207;MS;DCA-Anexo I-C;Padrão;Receitas Brutas Realizadas;RO2.4.5.0.00.0.0;2.4.5.0.00.0.0 - Transferências de Outras Instituições Públicas;689004,27;112058
2021;Prefeitura Municipal de Corumbá - MS;5003207;MS;DCA-Anexo I-C;Padrão;Receitas Brutas Realizadas;RO2.4.5.0.00.1.0;2.4.5.0.00.1.0 - Transferências de Outras Instituições Públicas;689004,27;112058
2021;Prefeitura Municipal de Corumbá - MS;5003207;MS;DCA-Anexo I-C;Padrão;Receitas Brutas Realizadas;ReceitasIntraOrcamentarias;RECEITAS (INTRA-ORÇAMENTÁRIAS) (II);40991195,76;112058
2021;Prefeitura Municipal de Corumbá - MS;5003207;MS;DCA-Anexo I-C;Padrão;Receitas Brutas Realizadas;RI7.0.0.0.00.0.0;7.0.0.0.00.0.0 - Receitas Correntes;40991195,76;112058
2021;Prefeitura Municipal de Corumbá - MS;5003207;MS;DCA-Anexo I-C;Padrão;Receitas Brutas Realizadas;RI7.2.0.0.00.0.0;7.2.0.0.00.0.0 - Contribuições;23000893,15;112058
2021;Prefeitura Municipal de Corumbá - MS;5003207;MS;DCA-Anexo I-C;Padrão;Receitas Brutas Realizadas;RI7.2.1.0.00.0.0;7.2.1.0.00.0.0 - Contribuições Sociais;23000893,15;112058
2021;Prefeitura Municipal de Corumbá - MS;5003207;MS;DCA-Anexo I-C;Padrão;Receitas Brutas Realizadas;RI7.2.1.8.00.0.0;7.2.1.8.00.0.0 - Contribuições Sociais Específicas de Estados, DF e   Municípios;23000893,15;112058
2021;Prefeitura Municipal de Corumbá - MS;5003207;MS;DCA-Anexo I-C;Padrão;Receitas Brutas Realizadas;RI7.2.1.8.03.0.0;7.2.1.8.03.0.0 - CPSSS Patronal - Servidor Civil - Específico de EST/DF/MUN;22397167,17;112058
2021;Prefeitura Municipal de Corumbá - MS;5003207;MS;DCA-Anexo I-C;Padrão;Receitas Brutas Realizadas;RI7.2.1.8.03.1.0;7.2.1.8.03.1.0 - CPSSS Patronal - Servidor Civil Ativo;22397167,17;112058
2021;Prefeitura Municipal de Corumbá - MS;5003207;MS;DCA-Anexo I-C;Padrão;Receitas Brutas Realizadas;RI7.2.1.8.04.0.0;7.2.1.8.04.0.0 - CPSSS Patronal - Parcelamentos - Específico de EST/DF/MUN;603725,98;112058
2021;Prefeitura Municipal de Corumbá - MS;5003207;MS;DCA-Anexo I-C;Padrão;Receitas Brutas Realizadas;RI7.2.1.8.04.1.0;7.2.1.8.04.1.0 - CPSSS Patronal - Parcelamentos - Servidor Civil Ativo;603725,98;112058
2021;Prefeitura Municipal de Corumbá - MS;5003207;MS;DCA-Anexo I-C;Padrão;Receitas Brutas Realizadas;RI7.9.0.0.00.0.0;7.9.0.0.00.0.0 - Outras Receitas Correntes;17990302,61;112058
2021;Prefeitura Municipal de Corumbá - MS;5003207;MS;DCA-Anexo I-C;Padrão;Receitas Brutas Realizadas;RI7.9.9.0.00.0.0;7.9.9.0.00.0.0 - Demais Receitas Correntes;17990302,61;112058
2021;Prefeitura Municipal de Corumbá - MS;5003207;MS;DCA-Anexo I-C;Padrão;Receitas Brutas Realizadas;RI7.9.9.0.01.0.0;7.9.9.0.01.0.0 - Aportes Periódicos para Amortização de Déficit Atuarial do RPPS;17990302,61;112058
2021;Prefeitura Municipal de Corumbá - MS;5003207;MS;DCA-Anexo I-C;Padrão;Receitas Brutas Realizadas;TotalReceitas;TOTAL DAS RECEITAS (III) = (I + II);780784284,84;112058
2021;Prefeitura Municipal de Corumbá - MS;5003207;MS;DCA-Anexo I-C;Padrão;Deduções - FUNDEB;TotalReceitas;TOTAL DAS RECEITAS (III) = (I + II);61152225,62;112058
2022;Prefeitura Municipal de Corumbá - MS;5003207;MS;DCA-Anexo I-C;Padrão;Receitas Brutas Realizadas;ReceitasExcetoIntraOrcamentarias;RECEITAS (EXCETO INTRA-ORÇAMENTÁRIAS) (I);812698051,47;112669
2022;Prefeitura Municipal de Corumbá - MS;5003207;MS;DCA-Anexo I-C;Padrão;Deduções - FUNDEB;ReceitasExcetoIntraOrcamentarias;RECEITAS (EXCETO INTRA-ORÇAMENTÁRIAS) (I);63459472,84;112669
2022;Prefeitura Municipal de Corumbá - MS;5003207;MS;DCA-Anexo I-C;Padrão;Receitas Brutas Realizadas;RO1.0.0.0.00.0.0;1.0.0.0.00.0.0 - Receitas Correntes;776650715,64;112669
2022;Prefeitura Municipal de Corumbá - MS;5003207;MS;DCA-Anexo I-C;Padrão;Deduções - FUNDEB;RO1.0.0.0.00.0.0;1.0.0.0.00.0.0 - Receitas Correntes;63459472,84;112669
2022;Prefeitura Municipal de Corumbá - MS;5003207;MS;DCA-Anexo I-C;Padrão;Receitas Brutas Realizadas;RO1.1.0.0.00.0.0;1.1.0.0.00.0.0 - Impostos, Taxas e Contribuições de Melhoria;127265149,22;112669
2022;Prefeitura Municipal de Corumbá - MS;5003207;MS;DCA-Anexo I-C;Padrão;Receitas Brutas Realizadas;RO1.1.1.0.00.0.0;1.1.1.0.00.0.0 - Impostos;121676393,70;112669
2022;Prefeitura Municipal de Corumbá - MS;5003207;MS;DCA-Anexo I-C;Padrão;Receitas Brutas Realizadas;RO1.1.1.2.00.0.0;1.1.1.2.00.0.0 - Impostos sobre o Patrimônio;27405623,22;112669
2022;Prefeitura Municipal de Corumbá - MS;5003207;MS;DCA-Anexo I-C;Padrão;Receitas Brutas Realizadas;RO1.1.1.2.50.0.0;1.1.1.2.50.0.0 - Imposto sobre a Propriedade Predial e Territorial Urbana;14758940,88;112669
2022;Prefeitura Municipal de Corumbá - MS;5003207;MS;DCA-Anexo I-C;Padrão;Receitas Brutas Realizadas;RO1.1.1.2.53.0.0;"1.1.1.2.53.0.0 - Impostos sobre Transmissão ""Inter Vivos"" de Bens Imóveis e de Direitos Reais sobre Imóveis";12646682,34;112669
2022;Prefeitura Municipal de Corumbá - MS;5003207;MS;DCA-Anexo I-C;Padrão;Receitas Brutas Realizadas;RO1.1.1.3.00.0.0;1.1.1.3.00.0.0 - Impostos sobre a Renda e Proventos de Qualquer Natureza;42011701,58;112669
2022;Prefeitura Municipal de Corumbá - MS;5003207;MS;DCA-Anexo I-C;Padrão;Receitas Brutas Realizadas;RO1.1.1.3.03.0.0;1.1.1.3.03.0.0 - Imposto sobre a Renda - Retido na Fonte;42011701,58;112669
2022;Prefeitura Municipal de Corumbá - MS;5003207;MS;DCA-Anexo I-C;Padrão;Receitas Brutas Realizadas;RO1.1.1.3.03.1.0;1.1.1.3.03.1.0 - Imposto sobre a Renda - Retido na Fonte - Trabalho;34107620,56;112669
2022;Prefeitura Municipal de Corumbá - MS;5003207;MS;DCA-Anexo I-C;Padrão;Receitas Brutas Realizadas;RO1.1.1.3.03.4.0;1.1.1.3.03.4.0 - Imposto sobre a Renda - Retido na Fonte - Outros Rendimentos;7904081,02;112669
2022;Prefeitura Municipal de Corumbá - MS;5003207;MS;DCA-Anexo I-C;Padrão;Receitas Brutas Realizadas;RO1.1.1.4.00.0.0;1.1.1.4.00.0.0 - Impostos sobre a Produção e Circulação de Mercadorias e Serviços;52259068,90;112669
2022;Prefeitura Municipal de Corumbá - MS;5003207;MS;DCA-Anexo I-C;Padrão;Receitas Brutas Realizadas;RO1.1.1.4.51.0.0;1.1.1.4.51.0.0 - Impostos sobre Serviços;52259068,90;112669
2022;Prefeitura Municipal de Corumbá - MS;5003207;MS;DCA-Anexo I-C;Padrão;Receitas Brutas Realizadas;RO1.1.1.4.51.1.0;1.1.1.4.51.1.0 - Imposto sobre Serviços de Qualquer Natureza - ISSQN;52259068,90;112669
2022;Prefeitura Municipal de Corumbá - MS;5003207;MS;DCA-Anexo I-C;Padrão;Receitas Brutas Realizadas;RO1.1.2.0.00.0.0;1.1.2.0.00.0.0 - Taxas;5588755,52;112669
2022;Prefeitura Municipal de Corumbá - MS;5003207;MS;DCA-Anexo I-C;Padrão;Receitas Brutas Realizadas;RO1.1.2.1.00.0.0;1.1.2.1.00.0.0 - Taxas pelo Exercício do Poder de Polícia;2567262,58;112669
2022;Prefeitura Municipal de Corumbá - MS;5003207;MS;DCA-Anexo I-C;Padrão;Receitas Brutas Realizadas;RO1.1.2.1.01.0.0;1.1.2.1.01.0.0 - Taxas de Inspeção, Controle e Fiscalização;2336841,41;112669
2022;Prefeitura Municipal de Corumbá - MS;5003207;MS;DCA-Anexo I-C;Padrão;Receitas Brutas Realizadas;RO1.1.2.1.04.0.0;1.1.2.1.04.0.0 - Taxa de Controle e Fiscalização Ambiental;130882,88;112669
2022;Prefeitura Municipal de Corumbá - MS;5003207;MS;DCA-Anexo I-C;Padrão;Receitas Brutas Realizadas;RO1.1.2.1.50.0.0;1.1.2.1.50.0.0 - Taxa de Fiscalização de Vigilância Sanitária;99538,29;112669
2022;Prefeitura Municipal de Corumbá - MS;5003207;MS;DCA-Anexo I-C;Padrão;Receitas Brutas Realizadas;RO1.1.2.2.00.0.0;1.1.2.2.00.0.0 - Taxas pela Prestação de Serviços;3021492,94;112669
2022;Prefeitura Municipal de Corumbá - MS;5003207;MS;DCA-Anexo I-C;Padrão;Receitas Brutas Realizadas;RO1.1.2.2.01.0.0;1.1.2.2.01.0.0 - Taxas pela Prestação de Serviços;3021492,94;112669
2022;Prefeitura Municipal de Corumbá - MS;5003207;MS;DCA-Anexo I-C;Padrão;Receitas Brutas Realizadas;RO1.2.0.0.00.0.0;1.2.0.0.00.0.0 - Contribuições;35282297,22;112669
2022;Prefeitura Municipal de Corumbá - MS;5003207;MS;DCA-Anexo I-C;Padrão;Receitas Brutas Realizadas;RO1.2.1.0.00.0.0;1.2.1.0.00.0.0 - Contribuições Sociais;26621009,72;112669
2022;Prefeitura Municipal de Corumbá - MS;5003207;MS;DCA-Anexo I-C;Padrão;Receitas Brutas Realizadas;RO1.2.1.5.00.0.0;1.2.1.5.00.0.0 - Contribuições para Regimes Próprios de Previdência e Sistema de Proteção Social;26621009,72;112669
2022;Prefeitura Municipal de Corumbá - MS;5003207;MS;DCA-Anexo I-C;Padrão;Receitas Brutas Realizadas;RO1.2.1.5.01.0.0;1.2.1.5.01.0.0 - Contribuição do Servidor Civil;26621009,72;112669
2022;Prefeitura Municipal de Corumbá - MS;5003207;MS;DCA-Anexo I-C;Padrão;Receitas Brutas Realizadas;RO1.2.1.5.01.1.0;1.2.1.5.01.1.0 - Contribuição do Servidor Civil Ativo;25385432,69;112669
2022;Prefeitura Municipal de Corumbá - MS;5003207;MS;DCA-Anexo I-C;Padrão;Receitas Brutas Realizadas;RO1.2.1.5.01.2.0;1.2.1.5.01.2.0 - Contribuição do Servidor Civil Inativo;1137957,73;112669
2022;Prefeitura Municipal de Corumbá - MS;5003207;MS;DCA-Anexo I-C;Padrão;Receitas Brutas Realizadas;RO1.2.1.5.01.3.0;1.2.1.5.01.3.0 -Contribuição do Servidor Civil - Pensionistas;97619,30;112669
2022;Prefeitura Municipal de Corumbá - MS;5003207;MS;DCA-Anexo I-C;Padrão;Receitas Brutas Realizadas;RO1.2.4.0.00.0.0;1.2.4.0.00.0.0 - Contribuição para o Custeio do Serviço de Iluminação Pública;8661287,50;112669
2022;Prefeitura Municipal de Corumbá - MS;5003207;MS;DCA-Anexo I-C;Padrão;Receitas Brutas Realizadas;RO1.3.0.0.00.0.0;1.3.0.0.00.0.0 - Receita Patrimonial;35582756,48;112669
2022;Prefeitura Municipal de Corumbá - MS;5003207;MS;DCA-Anexo I-C;Padrão;Receitas Brutas Realizadas;RO1.3.1.0.00.0.0;1.3.1.0.00.0.0 - Exploração do Patrimônio Imobiliário do Estado;402586,33;112669
2022;Prefeitura Municipal de Corumbá - MS;5003207;MS;DCA-Anexo I-C;Padrão;Receitas Brutas Realizadas;RO1.3.1.1.00.0.0;1.3.1.1.00.0.0 - Exploração do Patrimônio Imobiliário do Estado;402586,33;112669
2022;Prefeitura Municipal de Corumbá - MS;5003207;MS;DCA-Anexo I-C;Padrão;Receitas Brutas Realizadas;RO1.3.1.1.01.0.0;1.3.1.1.01.0.0 - Aluguéis, Arrendamentos, Foros, Laudêmios, Tarifas de Ocupação;402586,33;112669
2022;Prefeitura Municipal de Corumbá - MS;5003207;MS;DCA-Anexo I-C;Padrão;Receitas Brutas Realizadas;RO1.3.1.1.01.1.0;1.3.1.1.01.1.0 - Aluguéis e Arrendamentos;112047,49;112669
2022;Prefeitura Municipal de Corumbá - MS;5003207;MS;DCA-Anexo I-C;Padrão;Receitas Brutas Realizadas;RO1.3.1.1.01.2.0;1.3.1.1.01.2.0 - Foros, Laudêmios e Tarifas de Ocupação;290538,84;112669
2022;Prefeitura Municipal de Corumbá - MS;5003207;MS;DCA-Anexo I-C;Padrão;Receitas Brutas Realizadas;RO1.3.2.0.00.0.0;1.3.2.0.00.0.0 - Valores Mobiliários;35180170,15;112669
2022;Prefeitura Municipal de Corumbá - MS;5003207;MS;DCA-Anexo I-C;Padrão;Receitas Brutas Realizadas;RO1.3.2.1.00.0.0;1.3.2.1.00.0.0 - Juros e Correções Monetárias;35120821,15;112669
2022;Prefeitura Municipal de Corumbá - MS;5003207;MS;DCA-Anexo I-C;Padrão;Receitas Brutas Realizadas;RO1.3.2.1.01.0.0;1.3.2.1.01.0.0 - Remuneração de Depósitos Bancários;16762791,93;112669
2022;Prefeitura Municipal de Corumbá - MS;5003207;MS;DCA-Anexo I-C;Padrão;Receitas Brutas Realizadas;RO1.3.2.1.04.0.0;1.3.2.1.04.0.0 - Remuneração dos Recursos do Regime Próprio de Previdência Social - RPPS;18358029,22;112669
2022;Prefeitura Municipal de Corumbá - MS;5003207;MS;DCA-Anexo I-C;Padrão;Receitas Brutas Realizadas;RO1.3.2.2.00.0.0;1.3.2.2.00.0.0 - Dividendos;59349,00;112669
2022;Prefeitura Municipal de Corumbá - MS;5003207;MS;DCA-Anexo I-C;Padrão;Receitas Brutas Realizadas;RO1.6.0.0.00.0.0;1.6.0.0.00.0.0 - Receita de Serviços;73813,64;112669
2022;Prefeitura Municipal de Corumbá - MS;5003207;MS;DCA-Anexo I-C;Padrão;Receitas Brutas Realizadas;RO1.6.2.0.00.0.0;1.6.2.0.00.0.0 - Serviços e Atividades Referentes à Navegação e ao Transporte;73813,64;112669
2022;Prefeitura Municipal de Corumbá - MS;5003207;MS;DCA-Anexo I-C;Padrão;Receitas Brutas Realizadas;RO1.6.2.1.00.0.0;1.6.2.1.00.0.0 - Serviços e Atividades Referentes à Navegação e ao Transporte;73813,64;112669
2022;Prefeitura Municipal de Corumbá - MS;5003207;MS;DCA-Anexo I-C;Padrão;Receitas Brutas Realizadas;RO1.6.2.1.02.0.0;1.6.2.1.02.0.0 - Serviços de Transporte de Passageiros ou Mercadorias;36999,77;112669
2022;Prefeitura Municipal de Corumbá - MS;5003207;MS;DCA-Anexo I-C;Padrão;Receitas Brutas Realizadas;RO1.6.2.1.03.0.0;1.6.2.1.03.0.0 - Serviços Portuários;36813,87;112669
2022;Prefeitura Municipal de Corumbá - MS;5003207;MS;DCA-Anexo I-C;Padrão;Receitas Brutas Realizadas;RO1.7.0.0.00.0.0;1.7.0.0.00.0.0 - Transferências Correntes;573402538,92;112669
2022;Prefeitura Municipal de Corumbá - MS;5003207;MS;DCA-Anexo I-C;Padrão;Deduções - FUNDEB;RO1.7.0.0.00.0.0;1.7.0.0.00.0.0 - Transferências Correntes;63459472,84;112669
2022;Prefeitura Municipal de Corumbá - MS;5003207;MS;DCA-Anexo I-C;Padrão;Receitas Brutas Realizadas;RO1.7.1.0.00.0.0;1.7.1.0.00.0.0 - Transferências da União e de suas Entidades;205063809,44;112669
2022;Prefeitura Municipal de Corumbá - MS;5003207;MS;DCA-Anexo I-C;Padrão;Deduções - FUNDEB;RO1.7.1.0.00.0.0;1.7.1.0.00.0.0 - Transferências da União e de suas Entidades;18650051,41;112669
2022;Prefeitura Municipal de Corumbá - MS;5003207;MS;DCA-Anexo I-C;Padrão;Receitas Brutas Realizadas;RO1.7.1.1.00.0.0;1.7.1.1.00.0.0 - Transferências Decorrentes de Participação na Receita da União;100145361,78;112669
2022;Prefeitura Municipal de Corumbá - MS;5003207;MS;DCA-Anexo I-C;Padrão;Deduções - FUNDEB;RO1.7.1.1.00.0.0;1.7.1.1.00.0.0 - Transferências Decorrentes de Participação na Receita da União;18650051,41;112669
2022;Prefeitura Municipal de Corumbá - MS;5003207;MS;DCA-Anexo I-C;Padrão;Receitas Brutas Realizadas;RO1.7.1.1.51.0.0;1.7.1.1.51.0.0 -Cota-Parte do Fundo de Participação dos Municípios - FPM;81475173,74;112669
2022;Prefeitura Municipal de Corumbá - MS;5003207;MS;DCA-Anexo I-C;Padrão;Deduções - FUNDEB;RO1.7.1.1.51.0.0;1.7.1.1.51.0.0 -Cota-Parte do Fundo de Participação dos Municípios - FPM;14916013,92;112669
2022;Prefeitura Municipal de Corumbá - MS;5003207;MS;DCA-Anexo I-C;Padrão;Receitas Brutas Realizadas;RO1.7.1.1.51.1.0;1.7.1.1.51.1.0 - Cota-Parte do Fundo de Participação dos Municípios - Cota Mensal;74580070,83;112669
2022;Prefeitura Municipal de Corumbá - MS;5003207;MS;DCA-Anexo I-C;Padrão;Deduções - FUNDEB;RO1.7.1.1.51.1.0;1.7.1.1.51.1.0 - Cota-Parte do Fundo de Participação dos Municípios - Cota Mensal;14916013,92;112669
2022;Prefeitura Municipal de Corumbá - MS;5003207;MS;DCA-Anexo I-C;Padrão;Receitas Brutas Realizadas;RO1.7.1.1.51.2.0;1.7.1.1.51.2.0 - Cota-Parte do Fundo de Participação do Municípios ¿ 1% Cota entregue no mês de dezembro;3826803,27;112669
2022;Prefeitura Municipal de Corumbá - MS;5003207;MS;DCA-Anexo I-C;Padrão;Receitas Brutas Realizadas;RO1.7.1.1.51.3.0;1.7.1.1.51.3.0 - Cota-Parte do Fundo de Participação dos Municípios - 1% Cota entregue no mês de julho;3068299,64;112669
2022;Prefeitura Municipal de Corumbá - MS;5003207;MS;DCA-Anexo I-C;Padrão;Receitas Brutas Realizadas;RO1.7.1.1.52.0.0;1.7.1.1.52.0.0 - Cota-Parte do Imposto Sobre a Propriedade Territorial Rural;18670188,04;112669
2022;Prefeitura Municipal de Corumbá - MS;5003207;MS;DCA-Anexo I-C;Padrão;Deduções - FUNDEB;RO1.7.1.1.52.0.0;1.7.1.1.52.0.0 - Cota-Parte do Imposto Sobre a Propriedade Territorial Rural;3734037,49;112669
2022;Prefeitura Municipal de Corumbá - MS;5003207;MS;DCA-Anexo I-C;Padrão;Receitas Brutas Realizadas;RO1.7.1.2.00.0.0;1.7.1.2.00.0.0 -Transferências das Compensações Financeiras pela Exploração de Recursos Naturais;41285049,12;112669
2022;Prefeitura Municipal de Corumbá - MS;5003207;MS;DCA-Anexo I-C;Padrão;Receitas Brutas Realizadas;RO1.7.1.2.51.0.0;1.7.1.2.51.0.0 -Cota-parte da Compensação Financeira pela Exploração de Recursos Minerais - CFEM;39479636,93;112669
2022;Prefeitura Municipal de Corumbá - MS;5003207;MS;DCA-Anexo I-C;Padrão;Receitas Brutas Realizadas;RO1.7.1.2.52.0.0;1.7.1.2.52.0.0 - Cota-parte da Compensação Financeira pela Produção de Petróleo;1805412,19;112669
2022;Prefeitura Municipal de Corumbá - MS;5003207;MS;DCA-Anexo I-C;Padrão;Receitas Brutas Realizadas;RO1.7.1.2.52.4.0;1.7.1.2.52.4.0 - Cota-Parte do Fundo Especial do Petróleo ¿ FEP;1805412,19;112669
2022;Prefeitura Municipal de Corumbá - MS;5003207;MS;DCA-Anexo I-C;Padrão;Receitas Brutas Realizadas;RO1.7.1.3.00.0.0;1.7.1.3.00.0.0 -Transferências de Recursos do Sistema Único de Saúde ¿ SUS ;52184725,23;112669
2022;Prefeitura Municipal de Corumbá - MS;5003207;MS;DCA-Anexo I-C;Padrão;Receitas Brutas Realizadas;RO1.7.1.3.50.0.0;1.7.1.3.50.0.0 - Transferências de Recursos do Sistema Único de Saúde ¿ SUS ¿ Repasses Fundo a Fundo - Bloco de Manutenção das Ações e Serviços Públicos de Saúde;51636788,23;112669
2022;Prefeitura Municipal de Corumbá - MS;5003207;MS;DCA-Anexo I-C;Padrão;Receitas Brutas Realizadas;RO1.7.1.3.50.1.0;1.7.1.3.50.1.0 - Transferências de Recursos do Bloco de Manutenção das Ações e Serviços Públicos de Saúde ¿ Atenção Primária;14733627,79;112669
2022;Prefeitura Municipal de Corumbá - MS;5003207;MS;DCA-Anexo I-C;Padrão;Receitas Brutas Realizadas;RO1.7.1.3.50.2.0;1.7.1.3.50.2.0 - Transferências de Recursos do Bloco de Manutenção das Ações e Serviços Públicos de Saúde ¿ Atenção Especializada;31950443,45;112669
2022;Prefeitura Municipal de Corumbá - MS;5003207;MS;DCA-Anexo I-C;Padrão;Receitas Brutas Realizadas;RO1.7.1.3.50.3.0;1.7.1.3.50.3.0 - Transferências de Recursos do Bloco de Manutenção das Ações e Serviços Públicos de Saúde ¿ Vigilância em Saúde;2271460,94;112669
2022;Prefeitura Municipal de Corumbá - MS;5003207;MS;DCA-Anexo I-C;Padrão;Receitas Brutas Realizadas;RO1.7.1.3.50.4.0;1.7.1.3.50.4.0 -Transferências de Recursos do Bloco de Manutenção das Ações e Serviços Públicos de Saúde ¿ Assistência Farmacêutica;670799,40;112669
2022;Prefeitura Municipal de Corumbá - MS;5003207;MS;DCA-Anexo I-C;Padrão;Receitas Brutas Realizadas;RO1.7.1.3.50.5.0;1.7.1.3.50.5.0 - Transferências de Recursos do Bloco de Manutenção das Ações e Serviços Públicos de Saúde ¿ Gestão do SUS;41260,97;112669
2022;Prefeitura Municipal de Corumbá - MS;5003207;MS;DCA-Anexo I-C;Padrão;Receitas Brutas Realizadas;RO1.7.1.3.50.9.0;1.7.1.3.50.9.0 - Transferências de Recursos do Bloco de Manutenção das Ações e Serviços Públicos de Saúde ¿ Outros Programas;1969195,68;112669
2022;Prefeitura Municipal de Corumbá - MS;5003207;MS;DCA-Anexo I-C;Padrão;Receitas Brutas Realizadas;RO1.7.1.3.51.0.0;1.7.1.3.51.0.0 - Transferências de Recursos do Sistema Único de Saúde ¿ SUS - Repasses Fundo a Fundo - Bloco de Estruturação da Rede de Serviços Públicos de Saúde;547937,00;112669
2022;Prefeitura Municipal de Corumbá - MS;5003207;MS;DCA-Anexo I-C;Padrão;Receitas Brutas Realizadas;RO1.7.1.3.51.2.0;1.7.1.3.51.2.0 - Transferências de Recursos do Bloco de Estruturação da Rede de Serviços Públicos de Saúde - Atenção Especializada;547937,00;112669
2022;Prefeitura Municipal de Corumbá - MS;5003207;MS;DCA-Anexo I-C;Padrão;Receitas Brutas Realizadas;RO1.7.1.4.00.0.0;1.7.1.4.00.0.0 -Transferências de Recursos do Fundo Nacional do Desenvolvimento da Educação ¿ FNDE¿ ;4507386,67;112669
2022;Prefeitura Municipal de Corumbá - MS;5003207;MS;DCA-Anexo I-C;Padrão;Receitas Brutas Realizadas;RO1.7.1.4.50.0.0;1.7.1.4.50.0.0 - Transferências do Salário-Educação;3010594,14;112669
2022;Prefeitura Municipal de Corumbá - MS;5003207;MS;DCA-Anexo I-C;Padrão;Receitas Brutas Realizadas;RO1.7.1.4.51.0.0;1.7.1.4.51.0.0 - Transferências Diretas do FNDE referentes ao Programa Dinheiro Direto na Escola ¿ PDDE;2160,00;112669
2022;Prefeitura Municipal de Corumbá - MS;5003207;MS;DCA-Anexo I-C;Padrão;Receitas Brutas Realizadas;RO1.7.1.4.52.0.0;1.7.1.4.52.0.0 - Transferências referentes ao Programa Nacional de Alimentação Escolar ¿ PNAE;1166756,65;112669
2022;Prefeitura Municipal de Corumbá - MS;5003207;MS;DCA-Anexo I-C;Padrão;Receitas Brutas Realizadas;RO1.7.1.4.53.0.0;1.7.1.4.53.0.0 - Transferências referentes ao Programa Nacional de Apoio ao Transporte do Escolar ¿ PNATE;327875,88;112669
2022;Prefeitura Municipal de Corumbá - MS;5003207;MS;DCA-Anexo I-C;Padrão;Receitas Brutas Realizadas;RO1.7.1.6.00.0.0;1.7.1.6.00.0.0 - Transferências de Recursos do Fundo Nacional de Assistência Social ¿ FNAS;1918459,18;112669
2022;Prefeitura Municipal de Corumbá - MS;5003207;MS;DCA-Anexo I-C;Padrão;Receitas Brutas Realizadas;RO1.7.1.7.00.0.0;1.7.1.7.00.0.0 - Transferências de Convênios da União e de Suas Entidades;38036,18;112669
2022;Prefeitura Municipal de Corumbá - MS;5003207;MS;DCA-Anexo I-C;Padrão;Receitas Brutas Realizadas;RO1.7.1.7.99.0.0;1.7.1.7.99.0.0 - Outras Transferências de Convênios da União e de Suas Entidades;38036,18;112669
2022;Prefeitura Municipal de Corumbá - MS;5003207;MS;DCA-Anexo I-C;Padrão;Receitas Brutas Realizadas;RO1.7.1.9.00.0.0;1.7.1.9.00.0.0 - Outras Transferências de Recursos da União e de suas Entidades;4984791,28;112669
2022;Prefeitura Municipal de Corumbá - MS;5003207;MS;DCA-Anexo I-C;Padrão;Receitas Brutas Realizadas;RO1.7.1.9.58.0.0;1.7.1.9.58.0.0 - Transferência Obrigatória Decorrente da Lei Complementar nº 176/2020;2112361,68;112669
2022;Prefeitura Municipal de Corumbá - MS;5003207;MS;DCA-Anexo I-C;Padrão;Receitas Brutas Realizadas;RO1.7.1.9.99.0.0;1.7.1.9.99.0.0 - Outras Transferências de Recursos da União e de suas Entidades;2872429,60;112669
2022;Prefeitura Municipal de Corumbá - MS;5003207;MS;DCA-Anexo I-C;Padrão;Receitas Brutas Realizadas;RO1.7.2.0.00.0.0;1.7.2.0.00.0.0 - Transferências dos Estados e do Distrito Federal e de suas Entidades;269511649,84;112669
2022;Prefeitura Municipal de Corumbá - MS;5003207;MS;DCA-Anexo I-C;Padrão;Deduções - FUNDEB;RO1.7.2.0.00.0.0;1.7.2.0.00.0.0 - Transferências dos Estados e do Distrito Federal e de suas Entidades;44809421,43;112669
2022;Prefeitura Municipal de Corumbá - MS;5003207;MS;DCA-Anexo I-C;Padrão;Receitas Brutas Realizadas;RO1.7.2.1.00.0.0;1.7.2.1.00.0.0 - Participação na Receita dos Estados e Distrito Federal;224210270,58;112669
2022;Prefeitura Municipal de Corumbá - MS;5003207;MS;DCA-Anexo I-C;Padrão;Deduções - FUNDEB;RO1.7.2.1.00.0.0;1.7.2.1.00.0.0 - Participação na Receita dos Estados e Distrito Federal;44809421,43;112669
2022;Prefeitura Municipal de Corumbá - MS;5003207;MS;DCA-Anexo I-C;Padrão;Receitas Brutas Realizadas;RO1.7.2.1.50.0.0;1.7.2.1.50.0.0 - Cota-Parte do ICMS;211690631,07;112669
2022;Prefeitura Municipal de Corumbá - MS;5003207;MS;DCA-Anexo I-C;Padrão;Deduções - FUNDEB;RO1.7.2.1.50.0.0;1.7.2.1.50.0.0 - Cota-Parte do ICMS;42338125,96;112669
2022;Prefeitura Municipal de Corumbá - MS;5003207;MS;DCA-Anexo I-C;Padrão;Receitas Brutas Realizadas;RO1.7.2.1.51.0.0;1.7.2.1.51.0.0 - Cota-Parte do IPVA;10567267,51;112669
2022;Prefeitura Municipal de Corumbá - MS;5003207;MS;DCA-Anexo I-C;Padrão;Deduções - FUNDEB;RO1.7.2.1.51.0.0;1.7.2.1.51.0.0 - Cota-Parte do IPVA;2113453,50;112669
2022;Prefeitura Municipal de Corumbá - MS;5003207;MS;DCA-Anexo I-C;Padrão;Receitas Brutas Realizadas;RO1.7.2.1.52.0.0;1.7.2.1.52.0.0 - Cota-Parte do IPI - Municípios;1789209,89;112669
2022;Prefeitura Municipal de Corumbá - MS;5003207;MS;DCA-Anexo I-C;Padrão;Deduções - FUNDEB;RO1.7.2.1.52.0.0;1.7.2.1.52.0.0 - Cota-Parte do IPI - Municípios;357841,97;112669
2022;Prefeitura Municipal de Corumbá - MS;5003207;MS;DCA-Anexo I-C;Padrão;Receitas Brutas Realizadas;RO1.7.2.1.53.0.0;1.7.2.1.53.0.0 - Cota-Parte da Contribuição de Intervenção no Domínio Econômico;163162,11;112669
2022;Prefeitura Municipal de Corumbá - MS;5003207;MS;DCA-Anexo I-C;Padrão;Receitas Brutas Realizadas;RO1.7.2.3.00.0.0;1.7.2.3.00.0.0 - Transferências de Recursos do Sistema Único de Saúde ¿ SUS;20601800,97;112669
2022;Prefeitura Municipal de Corumbá - MS;5003207;MS;DCA-Anexo I-C;Padrão;Receitas Brutas Realizadas;RO1.7.2.4.00.0.0;1.7.2.4.00.0.0 - Transferências de Convênios dos Estados e DF e de Suas Entidades;888840,75;112669
2022;Prefeitura Municipal de Corumbá - MS;5003207;MS;DCA-Anexo I-C;Padrão;Receitas Brutas Realizadas;RO1.7.2.4.51.0.0;1.7.2.4.51.0.0 -Transferências de Convênios dos Estados Destinadas a Programas de Educação;200163,32;112669
2022;Prefeitura Municipal de Corumbá - MS;5003207;MS;DCA-Anexo I-C;Padrão;Receitas Brutas Realizadas;RO1.7.2.4.99.0.0;1.7.2.4.99.0.0 - Outras Transferências de Convênios dos Estados e DF e de Suas Entidades;688677,43;112669
2022;Prefeitura Municipal de Corumbá - MS;5003207;MS;DCA-Anexo I-C;Padrão;Receitas Brutas Realizadas;RO1.7.2.9.00.0.0;1.7.2.9.00.0.0 - Outras Transferências dos Estados e Distrito Federal;23810737,54;112669
2022;Prefeitura Municipal de Corumbá - MS;5003207;MS;DCA-Anexo I-C;Padrão;Receitas Brutas Realizadas;RO1.7.2.9.51.0.0;1.7.2.9.51.0.0 - Transferências de Estados destinadas à Assistência Social;746504,00;112669
2022;Prefeitura Municipal de Corumbá - MS;5003207;MS;DCA-Anexo I-C;Padrão;Receitas Brutas Realizadas;RO1.7.2.9.99.0.0;1.7.2.9.99.0.0 - Outras Transferências dos Estados e DF;23064233,54;112669
2022;Prefeitura Municipal de Corumbá - MS;5003207;MS;DCA-Anexo I-C;Padrão;Receitas Brutas Realizadas;RO1.7.4.0.00.0.0;1.7.4.0.00.0.0 - Transferências de Instituições Privadas;82962,40;112669
2022;Prefeitura Municipal de Corumbá - MS;5003207;MS;DCA-Anexo I-C;Padrão;Receitas Brutas Realizadas;RO1.7.4.1.00.0.0;1.7.4.1.00.0.0 - Transferências de Instituições Privadas;82962,40;112669
2022;Prefeitura Municipal de Corumbá - MS;5003207;MS;DCA-Anexo I-C;Padrão;Receitas Brutas Realizadas;RO1.7.4.1.99.0.0;1.7.4.1.99.0.0 - Outras Transferências de Instituições Privadas;82962,40;112669
2022;Prefeitura Municipal de Corumbá - MS;5003207;MS;DCA-Anexo I-C;Padrão;Receitas Brutas Realizadas;RO1.7.5.0.00.0.0;1.7.5.0.00.0.0 - Transferências de Outras Instituições Públicas;98705059,05;112669
2022;Prefeitura Municipal de Corumbá - MS;5003207;MS;DCA-Anexo I-C;Padrão;Receitas Brutas Realizadas;RO1.7.5.1.00.0.0;1.7.5.1.00.0.0 - Transferências de Recursos do Fundo de Manutenção e Desenvolvimento da Educação Básica e de Valorização dos Profissionais da Educação - FUNDEB;98705059,05;112669
2022;Prefeitura Municipal de Corumbá - MS;5003207;MS;DCA-Anexo I-C;Padrão;Receitas Brutas Realizadas;RO1.7.9.0.00.0.0;1.7.9.0.00.0.0 - Demais Transferências Correntes;39058,19;112669
2022;Prefeitura Municipal de Corumbá - MS;5003207;MS;DCA-Anexo I-C;Padrão;Receitas Brutas Realizadas;RO1.7.9.1.00.0.0;1.7.9.1.00.0.0 - Transferências de Pessoas Físicas;39058,19;112669
2022;Prefeitura Municipal de Corumbá - MS;5003207;MS;DCA-Anexo I-C;Padrão;Receitas Brutas Realizadas;RO1.7.9.1.99.0.0;1.7.9.1.99.0.0 - Outras Transferências de Pessoas Físicas;39058,19;112669
2022;Prefeitura Municipal de Corumbá - MS;5003207;MS;DCA-Anexo I-C;Padrão;Receitas Brutas Realizadas;RO1.9.0.0.00.0.0;1.9.0.0.00.0.0 - Outras Receitas Correntes;5044160,16;112669
2022;Prefeitura Municipal de Corumbá - MS;5003207;MS;DCA-Anexo I-C;Padrão;Receitas Brutas Realizadas;RO1.9.1.0.00.0.0;1.9.1.0.00.0.0 - Multas Administrativas, Contratuais e Judiciais;662361,88;112669
2022;Prefeitura Municipal de Corumbá - MS;5003207;MS;DCA-Anexo I-C;Padrão;Receitas Brutas Realizadas;RO1.9.1.1.00.0.0;1.9.1.1.00.0.0 - Multas Administrativas, Contratuais e Judiciais;662361,88;112669
2022;Prefeitura Municipal de Corumbá - MS;5003207;MS;DCA-Anexo I-C;Padrão;Receitas Brutas Realizadas;RO1.9.1.1.01.0.0;1.9.1.1.01.0.0 - Multas Previstas em Legislação Específica;660897,80;112669
2022;Prefeitura Municipal de Corumbá - MS;5003207;MS;DCA-Anexo I-C;Padrão;Receitas Brutas Realizadas;RO1.9.1.1.09.0.0;1.9.1.1.09.0.0 - Multas e Juros Previstos em Contratos;1464,08;112669
2022;Prefeitura Municipal de Corumbá - MS;5003207;MS;DCA-Anexo I-C;Padrão;Receitas Brutas Realizadas;RO1.9.2.0.00.0.0;1.9.2.0.00.0.0 - Indenizações, Restituições e Ressarcimentos;2030213,35;112669
2022;Prefeitura Municipal de Corumbá - MS;5003207;MS;DCA-Anexo I-C;Padrão;Receitas Brutas Realizadas;RO1.9.2.2.00.0.0;1.9.2.2.00.0.0 - Restituições;2030213,35;112669
2022;Prefeitura Municipal de Corumbá - MS;5003207;MS;DCA-Anexo I-C;Padrão;Receitas Brutas Realizadas;RO1.9.2.2.01.0.0;1.9.2.2.01.0.0 - Restituição de Convênios;44582,06;112669
2022;Prefeitura Municipal de Corumbá - MS;5003207;MS;DCA-Anexo I-C;Padrão;Receitas Brutas Realizadas;RO1.9.2.2.99.0.0;1.9.2.2.99.0.0 - Outras Restituições;1985631,29;112669
2022;Prefeitura Municipal de Corumbá - MS;5003207;MS;DCA-Anexo I-C;Padrão;Receitas Brutas Realizadas;RO1.9.9.0.00.0.0;1.9.9.0.00.0.0 - Demais Receitas Correntes;2351584,93;112669
2022;Prefeitura Municipal de Corumbá - MS;5003207;MS;DCA-Anexo I-C;Padrão;Receitas Brutas Realizadas;RO1.9.9.9.00.0.0;1.9.9.9.00.0.0 - Outras Receitas Correntes;2351584,93;112669
2022;Prefeitura Municipal de Corumbá - MS;5003207;MS;DCA-Anexo I-C;Padrão;Receitas Brutas Realizadas;RO1.9.9.9.03.0.0;1.9.9.9.03.0.0 - Compensações Financeiras entre o Regime Geral e os Regimes Próprios de Previdência e Sistema de Proteção Social;1766769,48;112669
2022;Prefeitura Municipal de Corumbá - MS;5003207;MS;DCA-Anexo I-C;Padrão;Receitas Brutas Realizadas;RO1.9.9.9.12.0.0;1.9.9.9.12.0.0 - Encargos Legais pela Inscrição em Dívida Ativa e Receitas de Ônus de Sucumbência;379365,22;112669
2022;Prefeitura Municipal de Corumbá - MS;5003207;MS;DCA-Anexo I-C;Padrão;Receitas Brutas Realizadas;RO1.9.9.9.12.2.0;1.9.9.9.12.2.0 - Ônus de Sucumbência;379365,22;112669
2022;Prefeitura Municipal de Corumbá - MS;5003207;MS;DCA-Anexo I-C;Padrão;Receitas Brutas Realizadas;RO1.9.9.9.16.0.0;1.9.9.9.16.0.0 - Títulos Executivos Extrajudiciais;132000,00;112669
2022;Prefeitura Municipal de Corumbá - MS;5003207;MS;DCA-Anexo I-C;Padrão;Receitas Brutas Realizadas;RO1.9.9.9.99.0.0;1.9.9.9.99.0.0 - Outras Receitas;73450,23;112669
2022;Prefeitura Municipal de Corumbá - MS;5003207;MS;DCA-Anexo I-C;Padrão;Receitas Brutas Realizadas;RO1.9.9.9.99.2.0;1.9.9.9.99.2.0 - Outras Receitas Não Arrecadadas e Não Projetadas pela RFB - Primárias;43680,05;112669
2022;Prefeitura Municipal de Corumbá - MS;5003207;MS;DCA-Anexo I-C;Padrão;Receitas Brutas Realizadas;RO1.9.9.9.99.3.0;1.9.9.9.99.3.0 - Outras Receitas Não Arrecadadas e Não Projetadas pela RFB - Financeiras;29770,18;112669
2022;Prefeitura Municipal de Corumbá - MS;5003207;MS;DCA-Anexo I-C;Padrão;Receitas Brutas Realizadas;RO2.0.0.0.00.0.0;2.0.0.0.00.0.0 - Receitas de Capital;36047335,83;112669
2022;Prefeitura Municipal de Corumbá - MS;5003207;MS;DCA-Anexo I-C;Padrão;Receitas Brutas Realizadas;RO2.1.0.0.00.0.0;2.1.0.0.00.0.0 - Operações de Crédito;32811760,51;112669
2022;Prefeitura Municipal de Corumbá - MS;5003207;MS;DCA-Anexo I-C;Padrão;Receitas Brutas Realizadas;RO2.1.2.0.00.0.0;2.1.2.0.00.0.0 - Operações de Crédito - Mercado Externo;32811760,51;112669
2022;Prefeitura Municipal de Corumbá - MS;5003207;MS;DCA-Anexo I-C;Padrão;Receitas Brutas Realizadas;RO2.1.2.2.00.0.0;2.1.2.2.00.0.0 - Operações de Crédito Contratuais - Mercado Externo;32811760,51;112669
2022;Prefeitura Municipal de Corumbá - MS;5003207;MS;DCA-Anexo I-C;Padrão;Receitas Brutas Realizadas;RO2.1.2.2.01.0.0;2.1.2.2.01.0.0 - Operações de Crédito Contratuais - Mercado Externo;32811760,51;112669
2022;Prefeitura Municipal de Corumbá - MS;5003207;MS;DCA-Anexo I-C;Padrão;Receitas Brutas Realizadas;RO2.4.0.0.00.0.0;2.4.0.0.00.0.0 - Transferências de Capital;3235575,32;112669
2022;Prefeitura Municipal de Corumbá - MS;5003207;MS;DCA-Anexo I-C;Padrão;Receitas Brutas Realizadas;RO2.4.1.0.00.0.0;2.4.1.0.00.0.0 - Transferências da União e de suas Entidades;526600,00;112669
2022;Prefeitura Municipal de Corumbá - MS;5003207;MS;DCA-Anexo I-C;Padrão;Receitas Brutas Realizadas;RO2.4.1.1.00.0.0;2.4.1.1.00.0.0 - Transferências de Recursos do Sistema Único de Saúde - SUS;426600,00;112669
2022;Prefeitura Municipal de Corumbá - MS;5003207;MS;DCA-Anexo I-C;Padrão;Receitas Brutas Realizadas;RO2.4.1.1.50.0.0;2.4.1.1.50.0.0 - Transferências de Recursos do Sistema Único de Saúde ¿ SUS ¿ Fundo a Fundo - Bloco de Manutenção das Ações e Serviços Públicos de Saúde;426600,00;112669
2022;Prefeitura Municipal de Corumbá - MS;5003207;MS;DCA-Anexo I-C;Padrão;Receitas Brutas Realizadas;RO2.4.1.1.50.1.0;2.4.1.1.50.1.0 - Transferências de Recursos do Bloco de Manutenção das Ações e Serviços Públicos de Saúde ¿ Atenção Primária;426600,00;112669
2022;Prefeitura Municipal de Corumbá - MS;5003207;MS;DCA-Anexo I-C;Padrão;Receitas Brutas Realizadas;RO2.4.1.3.00.0.0;2.4.1.3.00.0.0 - Transferências de Recursos do Fundo Nacional de Assistência Social ¿ FNAS ;100000,00;112669
2022;Prefeitura Municipal de Corumbá - MS;5003207;MS;DCA-Anexo I-C;Padrão;Receitas Brutas Realizadas;RO2.4.1.3.50.0.0;2.4.1.3.50.0.0 - Transferências de Recursos do Fundo Nacional de Assistência Social ¿ FNAS;100000,00;112669
2022;Prefeitura Municipal de Corumbá - MS;5003207;MS;DCA-Anexo I-C;Padrão;Receitas Brutas Realizadas;RO2.4.2.0.00.0.0;2.4.2.0.00.0.0 - Transferências dos Estados e do Distrito Federal e de suas Entidades;2708975,32;112669
2022;Prefeitura Municipal de Corumbá - MS;5003207;MS;DCA-Anexo I-C;Padrão;Receitas Brutas Realizadas;RO2.4.2.2.00.0.0;2.4.2.2.00.0.0 - Transferências de Convênios dos Estados e DF e de Suas Entidades ;2708975,32;112669
2022;Prefeitura Municipal de Corumbá - MS;5003207;MS;DCA-Anexo I-C;Padrão;Receitas Brutas Realizadas;RO2.4.2.2.50.0.0;2.4.2.2.50.0.0 - Transferências de Convênios dos Estados para o Sistema Único de Saúde ¿ SUS;2708975,32;112669
2022;Prefeitura Municipal de Corumbá - MS;5003207;MS;DCA-Anexo I-C;Padrão;Receitas Brutas Realizadas;ReceitasIntraOrcamentarias;RECEITAS (INTRA-ORÇAMENTÁRIAS) (II);45149808,00;112669
2022;Prefeitura Municipal de Corumbá - MS;5003207;MS;DCA-Anexo I-C;Padrão;Receitas Brutas Realizadas;RI7.0.0.0.00.0.0;7.0.0.0.00.0.0 - Receitas Correntes;45149808,00;112669
2022;Prefeitura Municipal de Corumbá - MS;5003207;MS;DCA-Anexo I-C;Padrão;Receitas Brutas Realizadas;RI7.2.0.0.00.0.0;7.2.0.0.00.0.0 - Contribuições;25044079,71;112669
2022;Prefeitura Municipal de Corumbá - MS;5003207;MS;DCA-Anexo I-C;Padrão;Receitas Brutas Realizadas;RI7.2.1.0.00.0.0;7.2.1.0.00.0.0 - Contribuições Sociais;25044079,71;112669
2022;Prefeitura Municipal de Corumbá - MS;5003207;MS;DCA-Anexo I-C;Padrão;Receitas Brutas Realizadas;RI7.2.1.5.00.0.0;7.2.1.5.00.0.0 - Contribuições para Regimes Próprios de Previdência e Sistema de Proteção Social;25044079,71;112669
2022;Prefeitura Municipal de Corumbá - MS;5003207;MS;DCA-Anexo I-C;Padrão;Receitas Brutas Realizadas;RI7.2.1.5.02.0.0;7.2.1.5.02.0.0 - Contribuição Patronal - Servidor Civil;25044079,71;112669
2022;Prefeitura Municipal de Corumbá - MS;5003207;MS;DCA-Anexo I-C;Padrão;Receitas Brutas Realizadas;RI7.2.1.5.02.1.0;7.2.1.5.02.1.0 - Contribuição Patronal - Servidor Civil Ativo;25044079,71;112669
2022;Prefeitura Municipal de Corumbá - MS;5003207;MS;DCA-Anexo I-C;Padrão;Receitas Brutas Realizadas;RI7.9.0.0.00.0.0;7.9.0.0.00.0.0 - Outras Receitas Correntes;20105728,29;112669
2022;Prefeitura Municipal de Corumbá - MS;5003207;MS;DCA-Anexo I-C;Padrão;Receitas Brutas Realizadas;RI7.9.9.0.00.0.0;7.9.9.0.00.0.0 - Demais Receitas Correntes;20105728,29;112669
2022;Prefeitura Municipal de Corumbá - MS;5003207;MS;DCA-Anexo I-C;Padrão;Receitas Brutas Realizadas;RI7.9.9.9.00.0.0;7.9.9.9.00.0.0 - Outras Receitas Correntes;20105728,29;112669
2022;Prefeitura Municipal de Corumbá - MS;5003207;MS;DCA-Anexo I-C;Padrão;Receitas Brutas Realizadas;RI7.9.9.9.01.0.0;7.9.9.9.01.0.0 - Aportes Periódicos para Amortização de Déficit Atuarial do Regimes Próprios de Previdência e Sistema de Proteção Social;20105728,29;112669
2022;Prefeitura Municipal de Corumbá - MS;5003207;MS;DCA-Anexo I-C;Padrão;Receitas Brutas Realizadas;TotalReceitas;TOTAL DAS RECEITAS (III) = (I + II);857847859,47;112669
2022;Prefeitura Municipal de Corumbá - MS;5003207;MS;DCA-Anexo I-C;Padrão;Deduções - FUNDEB;TotalReceitas;TOTAL DAS RECEITAS (III) = (I + II);63459472,84;112669
2023;Prefeitura Municipal de Corumbá - MS;5003207;MS;DCA-Anexo I-C;Padrão;Receitas Brutas Realizadas;ReceitasExcetoIntraOrcamentarias;RECEITAS (EXCETO INTRA-ORÇAMENTÁRIAS) (I);888302606,31;112669
2023;Prefeitura Municipal de Corumbá - MS;5003207;MS;DCA-Anexo I-C;Padrão;Deduções - FUNDEB;ReceitasExcetoIntraOrcamentarias;RECEITAS (EXCETO INTRA-ORÇAMENTÁRIAS) (I);77697263,85;112669
2023;Prefeitura Municipal de Corumbá - MS;5003207;MS;DCA-Anexo I-C;Padrão;Outras Deduções da Receita;ReceitasExcetoIntraOrcamentarias;RECEITAS (EXCETO INTRA-ORÇAMENTÁRIAS) (I);4610392,03;112669
2023;Prefeitura Municipal de Corumbá - MS;5003207;MS;DCA-Anexo I-C;Padrão;Receitas Brutas Realizadas;RO1.0.0.0.00.0.0;1.0.0.0.00.0.0 - Receitas Correntes;887793844,48;112669
2023;Prefeitura Municipal de Corumbá - MS;5003207;MS;DCA-Anexo I-C;Padrão;Deduções - FUNDEB;RO1.0.0.0.00.0.0;1.0.0.0.00.0.0 - Receitas Correntes;77697263,85;112669
2023;Prefeitura Municipal de Corumbá - MS;5003207;MS;DCA-Anexo I-C;Padrão;Outras Deduções da Receita;RO1.0.0.0.00.0.0;1.0.0.0.00.0.0 - Receitas Correntes;4610392,03;112669
2023;Prefeitura Municipal de Corumbá - MS;5003207;MS;DCA-Anexo I-C;Padrão;Receitas Brutas Realizadas;RO1.1.0.0.00.0.0;1.1.0.0.00.0.0 - Impostos, Taxas e Contribuições de Melhoria;132062895,84;112669
2023;Prefeitura Municipal de Corumbá - MS;5003207;MS;DCA-Anexo I-C;Padrão;Receitas Brutas Realizadas;RO1.1.1.0.00.0.0;1.1.1.0.00.0.0 - Impostos;126549161,85;112669
2023;Prefeitura Municipal de Corumbá - MS;5003207;MS;DCA-Anexo I-C;Padrão;Receitas Brutas Realizadas;RO1.1.1.2.00.0.0;1.1.1.2.00.0.0 - Impostos sobre o Patrimônio;25319380,47;112669
2023;Prefeitura Municipal de Corumbá - MS;5003207;MS;DCA-Anexo I-C;Padrão;Receitas Brutas Realizadas;RO1.1.1.2.50.0.0;1.1.1.2.50.0.0 - Imposto sobre a Propriedade Predial e Territorial Urbana;15978549,49;112669
2023;Prefeitura Municipal de Corumbá - MS;5003207;MS;DCA-Anexo I-C;Padrão;Receitas Brutas Realizadas;RO1.1.1.2.53.0.0;"1.1.1.2.53.0.0 - Impostos sobre Transmissão ""Inter Vivos"" de Bens Imóveis e de Direitos Reais sobre Imóveis";9340830,98;112669
2023;Prefeitura Municipal de Corumbá - MS;5003207;MS;DCA-Anexo I-C;Padrão;Receitas Brutas Realizadas;RO1.1.1.3.00.0.0;1.1.1.3.00.0.0 - Impostos sobre a Renda e Proventos de Qualquer Natureza;48234205,38;112669
2023;Prefeitura Municipal de Corumbá - MS;5003207;MS;DCA-Anexo I-C;Padrão;Receitas Brutas Realizadas;RO1.1.1.3.03.0.0;1.1.1.3.03.0.0 - Imposto sobre a Renda - Retido na Fonte;48234205,38;112669
2023;Prefeitura Municipal de Corumbá - MS;5003207;MS;DCA-Anexo I-C;Padrão;Receitas Brutas Realizadas;RO1.1.1.3.03.1.0;1.1.1.3.03.1.0 - Imposto sobre a Renda - Retido na Fonte - Trabalho;37376416,49;112669
2023;Prefeitura Municipal de Corumbá - MS;5003207;MS;DCA-Anexo I-C;Padrão;Receitas Brutas Realizadas;RO1.1.1.3.03.4.0;1.1.1.3.03.4.0 - Imposto sobre a Renda - Retido na Fonte - Outros Rendimentos;10857788,89;112669
2023;Prefeitura Municipal de Corumbá - MS;5003207;MS;DCA-Anexo I-C;Padrão;Receitas Brutas Realizadas;RO1.1.1.4.00.0.0;1.1.1.4.00.0.0 - Impostos sobre a Produção e Circulação de Mercadorias e Serviços;52995576,00;112669
2023;Prefeitura Municipal de Corumbá - MS;5003207;MS;DCA-Anexo I-C;Padrão;Receitas Brutas Realizadas;RO1.1.1.4.51.0.0;1.1.1.4.51.0.0 - Impostos sobre Serviços;52995576,00;112669
2023;Prefeitura Municipal de Corumbá - MS;5003207;MS;DCA-Anexo I-C;Padrão;Receitas Brutas Realizadas;RO1.1.1.4.51.1.0;1.1.1.4.51.1.0 - Imposto sobre Serviços de Qualquer Natureza - ISSQN;52995576,00;112669
2023;Prefeitura Municipal de Corumbá - MS;5003207;MS;DCA-Anexo I-C;Padrão;Receitas Brutas Realizadas;RO1.1.2.0.00.0.0;1.1.2.0.00.0.0 - Taxas;5513733,99;112669
2023;Prefeitura Municipal de Corumbá - MS;5003207;MS;DCA-Anexo I-C;Padrão;Receitas Brutas Realizadas;RO1.1.2.1.00.0.0;1.1.2.1.00.0.0 - Taxas pelo Exercício do Poder de Polícia;2920771,96;112669
2023;Prefeitura Municipal de Corumbá - MS;5003207;MS;DCA-Anexo I-C;Padrão;Receitas Brutas Realizadas;RO1.1.2.1.01.0.0;1.1.2.1.01.0.0 - Taxas de Inspeção, Controle e Fiscalização;2629310,17;112669
2023;Prefeitura Municipal de Corumbá - MS;5003207;MS;DCA-Anexo I-C;Padrão;Receitas Brutas Realizadas;RO1.1.2.1.04.0.0;1.1.2.1.04.0.0 - Taxa de Controle e Fiscalização Ambiental;181485,08;112669
2023;Prefeitura Municipal de Corumbá - MS;5003207;MS;DCA-Anexo I-C;Padrão;Receitas Brutas Realizadas;RO1.1.2.1.50.0.0;1.1.2.1.50.0.0 - Taxa de Fiscalização de Vigilância Sanitária;109976,71;112669
2023;Prefeitura Municipal de Corumbá - MS;5003207;MS;DCA-Anexo I-C;Padrão;Receitas Brutas Realizadas;RO1.1.2.2.00.0.0;1.1.2.2.00.0.0 - Taxas pela Prestação de Serviços;2592962,03;112669
2023;Prefeitura Municipal de Corumbá - MS;5003207;MS;DCA-Anexo I-C;Padrão;Receitas Brutas Realizadas;RO1.1.2.2.01.0.0;1.1.2.2.01.0.0 - Taxas pela Prestação de Serviços em Geral;2592962,03;112669
2023;Prefeitura Municipal de Corumbá - MS;5003207;MS;DCA-Anexo I-C;Padrão;Receitas Brutas Realizadas;RO1.2.0.0.00.0.0;1.2.0.0.00.0.0 - Contribuições;36033921,16;112669
2023;Prefeitura Municipal de Corumbá - MS;5003207;MS;DCA-Anexo I-C;Padrão;Receitas Brutas Realizadas;RO1.2.1.0.00.0.0;1.2.1.0.00.0.0 - Contribuições Sociais;26796108,06;112669
2023;Prefeitura Municipal de Corumbá - MS;5003207;MS;DCA-Anexo I-C;Padrão;Receitas Brutas Realizadas;RO1.2.1.5.00.0.0;1.2.1.5.00.0.0 - Contribuições para Regimes Próprios de Previdência e Sistema de Proteção Social;26796108,06;112669
2023;Prefeitura Municipal de Corumbá - MS;5003207;MS;DCA-Anexo I-C;Padrão;Receitas Brutas Realizadas;RO1.2.1.5.01.0.0;1.2.1.5.01.0.0 - Contribuição do Servidor Civil;26796108,06;112669
2023;Prefeitura Municipal de Corumbá - MS;5003207;MS;DCA-Anexo I-C;Padrão;Receitas Brutas Realizadas;RO1.2.1.5.01.1.0;1.2.1.5.01.1.0 - Contribuição do Servidor Civil Ativo;25321301,00;112669
2023;Prefeitura Municipal de Corumbá - MS;5003207;MS;DCA-Anexo I-C;Padrão;Receitas Brutas Realizadas;RO1.2.1.5.01.2.0;1.2.1.5.01.2.0 - Contribuição do Servidor Civil Inativo;1356052,57;112669
2023;Prefeitura Municipal de Corumbá - MS;5003207;MS;DCA-Anexo I-C;Padrão;Receitas Brutas Realizadas;RO1.2.1.5.01.3.0;1.2.1.5.01.3.0 -Contribuição do Servidor Civil - Pensionistas;118754,49;112669
2023;Prefeitura Municipal de Corumbá - MS;5003207;MS;DCA-Anexo I-C;Padrão;Receitas Brutas Realizadas;RO1.2.4.0.00.0.0;1.2.4.0.00.0.0 - Contribuição para o Custeio do Serviço de Iluminação Pública;9237813,10;112669
2023;Prefeitura Municipal de Corumbá - MS;5003207;MS;DCA-Anexo I-C;Padrão;Receitas Brutas Realizadas;RO1.3.0.0.00.0.0;1.3.0.0.00.0.0 - Receita Patrimonial;49896922,58;112669
2023;Prefeitura Municipal de Corumbá - MS;5003207;MS;DCA-Anexo I-C;Padrão;Outras Deduções da Receita;RO1.3.0.0.00.0.0;1.3.0.0.00.0.0 - Receita Patrimonial;4610392,03;112669
2023;Prefeitura Municipal de Corumbá - MS;5003207;MS;DCA-Anexo I-C;Padrão;Receitas Brutas Realizadas;RO1.3.1.0.00.0.0;1.3.1.0.00.0.0 - Exploração do Patrimônio Imobiliário do Estado;480325,68;112669
2023;Prefeitura Municipal de Corumbá - MS;5003207;MS;DCA-Anexo I-C;Padrão;Receitas Brutas Realizadas;RO1.3.1.1.00.0.0;1.3.1.1.00.0.0 - Exploração do Patrimônio Imobiliário do Estado;480325,68;112669
2023;Prefeitura Municipal de Corumbá - MS;5003207;MS;DCA-Anexo I-C;Padrão;Receitas Brutas Realizadas;RO1.3.1.1.01.0.0;1.3.1.1.01.0.0 - Aluguéis, Arrendamentos, Foros, Laudêmios, Tarifas de Ocupação;480325,68;112669
2023;Prefeitura Municipal de Corumbá - MS;5003207;MS;DCA-Anexo I-C;Padrão;Receitas Brutas Realizadas;RO1.3.1.1.01.1.0;1.3.1.1.01.1.0 - Aluguéis e Arrendamentos;164753,31;112669
2023;Prefeitura Municipal de Corumbá - MS;5003207;MS;DCA-Anexo I-C;Padrão;Receitas Brutas Realizadas;RO1.3.1.1.01.2.0;1.3.1.1.01.2.0 - Foros, Laudêmios e Tarifas de Ocupação;315572,37;112669
2023;Prefeitura Municipal de Corumbá - MS;5003207;MS;DCA-Anexo I-C;Padrão;Receitas Brutas Realizadas;RO1.3.2.0.00.0.0;1.3.2.0.00.0.0 - Valores Mobiliários;49416596,90;112669
2023;Prefeitura Municipal de Corumbá - MS;5003207;MS;DCA-Anexo I-C;Padrão;Outras Deduções da Receita;RO1.3.2.0.00.0.0;1.3.2.0.00.0.0 - Valores Mobiliários;4610392,03;112669
2023;Prefeitura Municipal de Corumbá - MS;5003207;MS;DCA-Anexo I-C;Padrão;Receitas Brutas Realizadas;RO1.3.2.1.00.0.0;1.3.2.1.00.0.0 - Juros e Correções Monetárias;49357247,90;112669
2023;Prefeitura Municipal de Corumbá - MS;5003207;MS;DCA-Anexo I-C;Padrão;Outras Deduções da Receita;RO1.3.2.1.00.0.0;1.3.2.1.00.0.0 - Juros e Correções Monetárias;4610392,03;112669
2023;Prefeitura Municipal de Corumbá - MS;5003207;MS;DCA-Anexo I-C;Padrão;Receitas Brutas Realizadas;RO1.3.2.1.01.0.0;1.3.2.1.01.0.0 - Remuneração de Depósitos Bancários;13881494,28;112669
2023;Prefeitura Municipal de Corumbá - MS;5003207;MS;DCA-Anexo I-C;Padrão;Receitas Brutas Realizadas;RO1.3.2.1.04.0.0;1.3.2.1.04.0.0 - Remuneração dos Recursos do Regime Próprio de Previdência Social - RPPS;35475753,62;112669
2023;Prefeitura Municipal de Corumbá - MS;5003207;MS;DCA-Anexo I-C;Padrão;Outras Deduções da Receita;RO1.3.2.1.04.0.0;1.3.2.1.04.0.0 - Remuneração dos Recursos do Regime Próprio de Previdência Social - RPPS;4610392,03;112669
2023;Prefeitura Municipal de Corumbá - MS;5003207;MS;DCA-Anexo I-C;Padrão;Receitas Brutas Realizadas;RO1.3.2.2.00.0.0;1.3.2.2.00.0.0 - Dividendos;59349,00;112669
2023;Prefeitura Municipal de Corumbá - MS;5003207;MS;DCA-Anexo I-C;Padrão;Receitas Brutas Realizadas;RO1.6.0.0.00.0.0;1.6.0.0.00.0.0 - Receita de Serviços;38508,05;112669
2023;Prefeitura Municipal de Corumbá - MS;5003207;MS;DCA-Anexo I-C;Padrão;Receitas Brutas Realizadas;RO1.6.2.0.00.0.0;1.6.2.0.00.0.0 - Serviços e Atividades Referentes à Navegação e ao Transporte;38508,05;112669
2023;Prefeitura Municipal de Corumbá - MS;5003207;MS;DCA-Anexo I-C;Padrão;Receitas Brutas Realizadas;RO1.6.2.1.00.0.0;1.6.2.1.00.0.0 - Serviços e Atividades Referentes à Navegação e ao Transporte;38508,05;112669
2023;Prefeitura Municipal de Corumbá - MS;5003207;MS;DCA-Anexo I-C;Padrão;Receitas Brutas Realizadas;RO1.6.2.1.02.0.0;1.6.2.1.02.0.0 - Serviços de Transporte de Passageiros ou Mercadorias;18302,10;112669
2023;Prefeitura Municipal de Corumbá - MS;5003207;MS;DCA-Anexo I-C;Padrão;Receitas Brutas Realizadas;RO1.6.2.1.03.0.0;1.6.2.1.03.0.0 - Serviços Portuários;20205,95;112669
2023;Prefeitura Municipal de Corumbá - MS;5003207;MS;DCA-Anexo I-C;Padrão;Receitas Brutas Realizadas;RO1.7.0.0.00.0.0;1.7.0.0.00.0.0 - Transferências Correntes;665624191,07;112669
2023;Prefeitura Municipal de Corumbá - MS;5003207;MS;DCA-Anexo I-C;Padrão;Deduções - FUNDEB;RO1.7.0.0.00.0.0;1.7.0.0.00.0.0 - Transferências Correntes;77697263,85;112669
2023;Prefeitura Municipal de Corumbá - MS;5003207;MS;DCA-Anexo I-C;Padrão;Receitas Brutas Realizadas;RO1.7.1.0.00.0.0;1.7.1.0.00.0.0 - Transferências da União e de suas Entidades;208301220,30;112669
2023;Prefeitura Municipal de Corumbá - MS;5003207;MS;DCA-Anexo I-C;Padrão;Deduções - FUNDEB;RO1.7.1.0.00.0.0;1.7.1.0.00.0.0 - Transferências da União e de suas Entidades;19220930,49;112669
2023;Prefeitura Municipal de Corumbá - MS;5003207;MS;DCA-Anexo I-C;Padrão;Receitas Brutas Realizadas;RO1.7.1.1.00.0.0;1.7.1.1.00.0.0 - Transferências Decorrentes de Participação na Receita da União;103513572,25;112669
2023;Prefeitura Municipal de Corumbá - MS;5003207;MS;DCA-Anexo I-C;Padrão;Deduções - FUNDEB;RO1.7.1.1.00.0.0;1.7.1.1.00.0.0 - Transferências Decorrentes de Participação na Receita da União;19196613,99;112669
2023;Prefeitura Municipal de Corumbá - MS;5003207;MS;DCA-Anexo I-C;Padrão;Receitas Brutas Realizadas;RO1.7.1.1.51.0.0;1.7.1.1.51.0.0 -Cota-Parte do Fundo de Participação dos Municípios - FPM;83981102,34;112669
2023;Prefeitura Municipal de Corumbá - MS;5003207;MS;DCA-Anexo I-C;Padrão;Deduções - FUNDEB;RO1.7.1.1.51.0.0;1.7.1.1.51.0.0 -Cota-Parte do Fundo de Participação dos Municípios - FPM;15290120,15;112669
2023;Prefeitura Municipal de Corumbá - MS;5003207;MS;DCA-Anexo I-C;Padrão;Receitas Brutas Realizadas;RO1.7.1.1.51.1.0;1.7.1.1.51.1.0 - Cota-Parte do Fundo de Participação dos Municípios - Cota Mensal;76450602,21;112669
2023;Prefeitura Municipal de Corumbá - MS;5003207;MS;DCA-Anexo I-C;Padrão;Deduções - FUNDEB;RO1.7.1.1.51.1.0;1.7.1.1.51.1.0 - Cota-Parte do Fundo de Participação dos Municípios - Cota Mensal;15290120,15;112669
2023;Prefeitura Municipal de Corumbá - MS;5003207;MS;DCA-Anexo I-C;Padrão;Receitas Brutas Realizadas;RO1.7.1.1.51.2.0;1.7.1.1.51.2.0 - Cota-Parte do Fundo de Participação dos Municípios - Cotas Extraordinárias;7530500,13;112669
2023;Prefeitura Municipal de Corumbá - MS;5003207;MS;DCA-Anexo I-C;Padrão;Receitas Brutas Realizadas;RO1.7.1.1.52.0.0;1.7.1.1.52.0.0 - Cota-Parte do Imposto Sobre a Propriedade Territorial Rural;19532469,91;112669
2023;Prefeitura Municipal de Corumbá - MS;5003207;MS;DCA-Anexo I-C;Padrão;Deduções - FUNDEB;RO1.7.1.1.52.0.0;1.7.1.1.52.0.0 - Cota-Parte do Imposto Sobre a Propriedade Territorial Rural;3906493,84;112669
2023;Prefeitura Municipal de Corumbá - MS;5003207;MS;DCA-Anexo I-C;Padrão;Receitas Brutas Realizadas;RO1.7.1.2.00.0.0;1.7.1.2.00.0.0 -Transferências das Compensações Financeiras pela Exploração de Recursos Naturais;30612148,21;112669
2023;Prefeitura Municipal de Corumbá - MS;5003207;MS;DCA-Anexo I-C;Padrão;Receitas Brutas Realizadas;RO1.7.1.2.51.0.0;1.7.1.2.51.0.0 -Cota-parte da Compensação Financeira pela Exploração de Recursos Minerais - CFEM;28986310,98;112669
2023;Prefeitura Municipal de Corumbá - MS;5003207;MS;DCA-Anexo I-C;Padrão;Receitas Brutas Realizadas;RO1.7.1.2.52.0.0;1.7.1.2.52.0.0 - Cota-parte da Compensação Financeira pela Produção de Petróleo;1625837,23;112669
2023;Prefeitura Municipal de Corumbá - MS;5003207;MS;DCA-Anexo I-C;Padrão;Receitas Brutas Realizadas;RO1.7.1.2.52.4.0;1.7.1.2.52.4.0 - Cota-Parte do Fundo Especial do Petróleo ¿ FEP;1625837,23;112669
2023;Prefeitura Municipal de Corumbá - MS;5003207;MS;DCA-Anexo I-C;Padrão;Receitas Brutas Realizadas;RO1.7.1.3.00.0.0;1.7.1.3.00.0.0 -Transferências de Recursos do Sistema Único de Saúde ¿ SUS ;57903877,49;112669
2023;Prefeitura Municipal de Corumbá - MS;5003207;MS;DCA-Anexo I-C;Padrão;Receitas Brutas Realizadas;RO1.7.1.3.50.0.0;1.7.1.3.50.0.0 - Transferências de Recursos do Sistema Único de Saúde ¿ SUS ¿ Repasses Fundo a Fundo - Bloco de Manutenção das Ações e Serviços Públicos de Saúde;57522036,49;112669
2023;Prefeitura Municipal de Corumbá - MS;5003207;MS;DCA-Anexo I-C;Padrão;Receitas Brutas Realizadas;RO1.7.1.3.50.1.0;1.7.1.3.50.1.0 - Transferências de Recursos do Bloco de Manutenção das Ações e Serviços Públicos de Saúde ¿ Atenção Primária;16938860,29;112669
2023;Prefeitura Municipal de Corumbá - MS;5003207;MS;DCA-Anexo I-C;Padrão;Receitas Brutas Realizadas;RO1.7.1.3.50.2.0;1.7.1.3.50.2.0 - Transferências de Recursos do Bloco de Manutenção das Ações e Serviços Públicos de Saúde ¿ Atenção Especializada;33110947,17;112669
2023;Prefeitura Municipal de Corumbá - MS;5003207;MS;DCA-Anexo I-C;Padrão;Receitas Brutas Realizadas;RO1.7.1.3.50.3.0;1.7.1.3.50.3.0 - Transferências de Recursos do Bloco de Manutenção das Ações e Serviços Públicos de Saúde ¿ Vigilância em Saúde;3255947,82;112669
2023;Prefeitura Municipal de Corumbá - MS;5003207;MS;DCA-Anexo I-C;Padrão;Receitas Brutas Realizadas;RO1.7.1.3.50.4.0;1.7.1.3.50.4.0 -Transferências de Recursos do Bloco de Manutenção das Ações e Serviços Públicos de Saúde ¿ Assistência Farmacêutica;670710,75;112669
2023;Prefeitura Municipal de Corumbá - MS;5003207;MS;DCA-Anexo I-C;Padrão;Receitas Brutas Realizadas;RO1.7.1.3.50.5.0;1.7.1.3.50.5.0 - Transferências de Recursos do Bloco de Manutenção das Ações e Serviços Públicos de Saúde ¿ Gestão do SUS;3545570,46;112669
2023;Prefeitura Municipal de Corumbá - MS;5003207;MS;DCA-Anexo I-C;Padrão;Receitas Brutas Realizadas;RO1.7.1.3.51.0.0;1.7.1.3.51.0.0 - Transferências de Recursos do Sistema Único de Saúde ¿ SUS - Repasses Fundo a Fundo - Bloco de Estruturação da Rede de Serviços Públicos de Saúde;381841,00;112669
2023;Prefeitura Municipal de Corumbá - MS;5003207;MS;DCA-Anexo I-C;Padrão;Receitas Brutas Realizadas;RO1.7.1.3.51.2.0;1.7.1.3.51.2.0 - Transferências de Recursos do Bloco de Estruturação da Rede de Serviços Públicos de Saúde - Atenção Especializada;323812,00;112669
2023;Prefeitura Municipal de Corumbá - MS;5003207;MS;DCA-Anexo I-C;Padrão;Receitas Brutas Realizadas;RO1.7.1.3.51.3.0;1.7.1.3.51.3.0 - Transferências de Recursos do Bloco de Estruturação da Rede de Serviços Públicos de Saúde - Vigilância em Saúde;58029,00;112669
2023;Prefeitura Municipal de Corumbá - MS;5003207;MS;DCA-Anexo I-C;Padrão;Receitas Brutas Realizadas;RO1.7.1.4.00.0.0;1.7.1.4.00.0.0 -Transferências de Recursos do Fundo Nacional do Desenvolvimento da Educação ¿ FNDE¿ ;5965787,15;112669
2023;Prefeitura Municipal de Corumbá - MS;5003207;MS;DCA-Anexo I-C;Padrão;Receitas Brutas Realizadas;RO1.7.1.4.50.0.0;1.7.1.4.50.0.0 - Transferências do Salário-Educação;3717258,44;112669
2023;Prefeitura Municipal de Corumbá - MS;5003207;MS;DCA-Anexo I-C;Padrão;Receitas Brutas Realizadas;RO1.7.1.4.51.0.0;1.7.1.4.51.0.0 - Transferências Diretas do FNDE referentes ao Programa Dinheiro Direto na Escola ¿ PDDE;2340,00;112669
2023;Prefeitura Municipal de Corumbá - MS;5003207;MS;DCA-Anexo I-C;Padrão;Receitas Brutas Realizadas;RO1.7.1.4.52.0.0;1.7.1.4.52.0.0 - Transferências referentes ao Programa Nacional de Alimentação Escolar ¿ PNAE;1961311,00;112669
2023;Prefeitura Municipal de Corumbá - MS;5003207;MS;DCA-Anexo I-C;Padrão;Receitas Brutas Realizadas;RO1.7.1.4.53.0.0;1.7.1.4.53.0.0 - Transferências referentes ao Programa Nacional de Apoio ao Transporte do Escolar ¿ PNATE;284877,71;112669
2023;Prefeitura Municipal de Corumbá - MS;5003207;MS;DCA-Anexo I-C;Padrão;Receitas Brutas Realizadas;RO1.7.1.5.00.0.0;1.7.1.5.00.0.0 - Transferências de Recursos de Complementação da União ao Fundo de Manutenção e Desenvolvimento da Educação Básica e de Valorização dos Profissionais da Educação ¿ FUNDEB ;1829241,27;112669
2023;Prefeitura Municipal de Corumbá - MS;5003207;MS;DCA-Anexo I-C;Padrão;Receitas Brutas Realizadas;RO1.7.1.6.00.0.0;1.7.1.6.00.0.0 - Transferências de Recursos do Fundo Nacional de Assistência Social ¿ FNAS;3034049,96;112669
2023;Prefeitura Municipal de Corumbá - MS;5003207;MS;DCA-Anexo I-C;Padrão;Receitas Brutas Realizadas;RO1.7.1.7.00.0.0;1.7.1.7.00.0.0 - Transferências de Convênios da União e de Suas Entidades;155059,10;112669
2023;Prefeitura Municipal de Corumbá - MS;5003207;MS;DCA-Anexo I-C;Padrão;Receitas Brutas Realizadas;RO1.7.1.7.99.0.0;1.7.1.7.99.0.0 - Outras Transferências de Convênios da União e de Suas Entidades;155059,10;112669
2023;Prefeitura Municipal de Corumbá - MS;5003207;MS;DCA-Anexo I-C;Padrão;Receitas Brutas Realizadas;RO1.7.1.9.00.0.0;1.7.1.9.00.0.0 - Outras Transferências de Recursos da União e de suas Entidades;5287484,87;112669
2023;Prefeitura Municipal de Corumbá - MS;5003207;MS;DCA-Anexo I-C;Padrão;Deduções - FUNDEB;RO1.7.1.9.00.0.0;1.7.1.9.00.0.0 - Outras Transferências de Recursos da União e de suas Entidades;24316,50;112669
2023;Prefeitura Municipal de Corumbá - MS;5003207;MS;DCA-Anexo I-C;Padrão;Receitas Brutas Realizadas;RO1.7.1.9.58.0.0;1.7.1.9.58.0.0 - Transferência Obrigatória Decorrente da Lei Complementar nº 176/2020;2344797,60;112669
2023;Prefeitura Municipal de Corumbá - MS;5003207;MS;DCA-Anexo I-C;Padrão;Receitas Brutas Realizadas;RO1.7.1.9.61.0.0;1.7.1.9.61.0.0 - Auxílio Financeiro - Outorga Crédito Tributário ICMS - Art. 5º, Inciso V, EC nº 123/2022;121582,48;112669
2023;Prefeitura Municipal de Corumbá - MS;5003207;MS;DCA-Anexo I-C;Padrão;Deduções - FUNDEB;RO1.7.1.9.61.0.0;1.7.1.9.61.0.0 - Auxílio Financeiro - Outorga Crédito Tributário ICMS - Art. 5º, Inciso V, EC nº 123/2022;24316,50;112669
2023;Prefeitura Municipal de Corumbá - MS;5003207;MS;DCA-Anexo I-C;Padrão;Receitas Brutas Realizadas;RO1.7.1.9.99.0.0;1.7.1.9.99.0.0 - Outras Transferências de Recursos da União e de suas Entidades;2821104,79;112669
2023;Prefeitura Municipal de Corumbá - MS;5003207;MS;DCA-Anexo I-C;Padrão;Receitas Brutas Realizadas;RO1.7.2.0.00.0.0;1.7.2.0.00.0.0 - Transferências dos Estados e do Distrito Federal e de suas Entidades;350679918,74;112669
2023;Prefeitura Municipal de Corumbá - MS;5003207;MS;DCA-Anexo I-C;Padrão;Deduções - FUNDEB;RO1.7.2.0.00.0.0;1.7.2.0.00.0.0 - Transferências dos Estados e do Distrito Federal e de suas Entidades;58476333,36;112669
2023;Prefeitura Municipal de Corumbá - MS;5003207;MS;DCA-Anexo I-C;Padrão;Receitas Brutas Realizadas;RO1.7.2.1.00.0.0;1.7.2.1.00.0.0 - Participação na Receita dos Estados e Distrito Federal;289601200,00;112669
2023;Prefeitura Municipal de Corumbá - MS;5003207;MS;DCA-Anexo I-C;Padrão;Deduções - FUNDEB;RO1.7.2.1.00.0.0;1.7.2.1.00.0.0 - Participação na Receita dos Estados e Distrito Federal;57913437,04;112669
2023;Prefeitura Municipal de Corumbá - MS;5003207;MS;DCA-Anexo I-C;Padrão;Receitas Brutas Realizadas;RO1.7.2.1.50.0.0;1.7.2.1.50.0.0 - Cota-Parte do ICMS;275615574,49;112669
2023;Prefeitura Municipal de Corumbá - MS;5003207;MS;DCA-Anexo I-C;Padrão;Deduções - FUNDEB;RO1.7.2.1.50.0.0;1.7.2.1.50.0.0 - Cota-Parte do ICMS;55123114,66;112669
2023;Prefeitura Municipal de Corumbá - MS;5003207;MS;DCA-Anexo I-C;Padrão;Receitas Brutas Realizadas;RO1.7.2.1.51.0.0;1.7.2.1.51.0.0 - Cota-Parte do IPVA;12161588,92;112669
2023;Prefeitura Municipal de Corumbá - MS;5003207;MS;DCA-Anexo I-C;Padrão;Deduções - FUNDEB;RO1.7.2.1.51.0.0;1.7.2.1.51.0.0 - Cota-Parte do IPVA;2432317,80;112669
2023;Prefeitura Municipal de Corumbá - MS;5003207;MS;DCA-Anexo I-C;Padrão;Receitas Brutas Realizadas;RO1.7.2.1.52.0.0;1.7.2.1.52.0.0 - Cota-Parte do IPI - Municípios;1790022,84;112669
2023;Prefeitura Municipal de Corumbá - MS;5003207;MS;DCA-Anexo I-C;Padrão;Deduções - FUNDEB;RO1.7.2.1.52.0.0;1.7.2.1.52.0.0 - Cota-Parte do IPI - Municípios;358004,58;112669
2023;Prefeitura Municipal de Corumbá - MS;5003207;MS;DCA-Anexo I-C;Padrão;Receitas Brutas Realizadas;RO1.7.2.1.53.0.0;1.7.2.1.53.0.0 - Cota-Parte da Contribuição de Intervenção no Domínio Econômico;34013,75;112669
2023;Prefeitura Municipal de Corumbá - MS;5003207;MS;DCA-Anexo I-C;Padrão;Receitas Brutas Realizadas;RO1.7.2.3.00.0.0;1.7.2.3.00.0.0 - Transferências de Recursos do Sistema Único de Saúde ¿ SUS;21060365,11;112669
2023;Prefeitura Municipal de Corumbá - MS;5003207;MS;DCA-Anexo I-C;Padrão;Receitas Brutas Realizadas;RO1.7.2.4.00.0.0;1.7.2.4.00.0.0 - Transferências de Convênios dos Estados e DF e de Suas Entidades;6967629,85;112669
2023;Prefeitura Municipal de Corumbá - MS;5003207;MS;DCA-Anexo I-C;Padrão;Receitas Brutas Realizadas;RO1.7.2.4.51.0.0;1.7.2.4.51.0.0 -Transferências de Convênios dos Estados Destinadas a Programas de Educação;260061,02;112669
2023;Prefeitura Municipal de Corumbá - MS;5003207;MS;DCA-Anexo I-C;Padrão;Receitas Brutas Realizadas;RO1.7.2.4.99.0.0;1.7.2.4.99.0.0 - Outras Transferências de Convênios dos Estados e DF e de Suas Entidades;6707568,83;112669
2023;Prefeitura Municipal de Corumbá - MS;5003207;MS;DCA-Anexo I-C;Padrão;Receitas Brutas Realizadas;RO1.7.2.9.00.0.0;1.7.2.9.00.0.0 - Outras Transferências dos Estados e Distrito Federal;33050723,78;112669
2023;Prefeitura Municipal de Corumbá - MS;5003207;MS;DCA-Anexo I-C;Padrão;Deduções - FUNDEB;RO1.7.2.9.00.0.0;1.7.2.9.00.0.0 - Outras Transferências dos Estados e Distrito Federal;562896,32;112669
2023;Prefeitura Municipal de Corumbá - MS;5003207;MS;DCA-Anexo I-C;Padrão;Receitas Brutas Realizadas;RO1.7.2.9.51.0.0;1.7.2.9.51.0.0 - Transferências de Estados destinadas à Assistência Social;827568,00;112669
2023;Prefeitura Municipal de Corumbá - MS;5003207;MS;DCA-Anexo I-C;Padrão;Receitas Brutas Realizadas;RO1.7.2.9.53.0.0;1.7.2.9.53.0.0 - Cota-Parte da Transferência da Compensação Financeira das Perdas com Arrecadação de ICMS - LC nº 194/2022;2814481,60;112669
2023;Prefeitura Municipal de Corumbá - MS;5003207;MS;DCA-Anexo I-C;Padrão;Deduções - FUNDEB;RO1.7.2.9.53.0.0;1.7.2.9.53.0.0 - Cota-Parte da Transferência da Compensação Financeira das Perdas com Arrecadação de ICMS - LC nº 194/2022;562896,32;112669
2023;Prefeitura Municipal de Corumbá - MS;5003207;MS;DCA-Anexo I-C;Padrão;Receitas Brutas Realizadas;RO1.7.2.9.99.0.0;1.7.2.9.99.0.0 - Outras Transferências dos Estados e DF;29408674,18;112669
2023;Prefeitura Municipal de Corumbá - MS;5003207;MS;DCA-Anexo I-C;Padrão;Receitas Brutas Realizadas;RO1.7.4.0.00.0.0;1.7.4.0.00.0.0 - Transferências de Instituições Privadas;151557,00;112669
2023;Prefeitura Municipal de Corumbá - MS;5003207;MS;DCA-Anexo I-C;Padrão;Receitas Brutas Realizadas;RO1.7.4.1.00.0.0;1.7.4.1.00.0.0 - Transferências de Instituições Privadas;151557,00;112669
2023;Prefeitura Municipal de Corumbá - MS;5003207;MS;DCA-Anexo I-C;Padrão;Receitas Brutas Realizadas;RO1.7.4.1.99.0.0;1.7.4.1.99.0.0 - Outras Transferências de Instituições Privadas;151557,00;112669
2023;Prefeitura Municipal de Corumbá - MS;5003207;MS;DCA-Anexo I-C;Padrão;Receitas Brutas Realizadas;RO1.7.5.0.00.0.0;1.7.5.0.00.0.0 - Transferências de Outras Instituições Públicas;106413208,64;112669
2023;Prefeitura Municipal de Corumbá - MS;5003207;MS;DCA-Anexo I-C;Padrão;Receitas Brutas Realizadas;RO1.7.5.1.00.0.0;1.7.5.1.00.0.0 - Transferências de Recursos do Fundo de Manutenção e Desenvolvimento da Educação Básica e de Valorização dos Profissionais da Educação - FUNDEB;106413208,64;112669
2023;Prefeitura Municipal de Corumbá - MS;5003207;MS;DCA-Anexo I-C;Padrão;Receitas Brutas Realizadas;RO1.7.9.0.00.0.0;1.7.9.0.00.0.0 - Demais Transferências Correntes;78286,39;112669
2023;Prefeitura Municipal de Corumbá - MS;5003207;MS;DCA-Anexo I-C;Padrão;Receitas Brutas Realizadas;RO1.7.9.1.00.0.0;1.7.9.1.00.0.0 - Transferências de Pessoas Físicas;78286,39;112669
2023;Prefeitura Municipal de Corumbá - MS;5003207;MS;DCA-Anexo I-C;Padrão;Receitas Brutas Realizadas;RO1.7.9.1.99.0.0;1.7.9.1.99.0.0 - Outras Transferências de Pessoas Físicas;78286,39;112669
2023;Prefeitura Municipal de Corumbá - MS;5003207;MS;DCA-Anexo I-C;Padrão;Receitas Brutas Realizadas;RO1.9.0.0.00.0.0;1.9.0.0.00.0.0 - Outras Receitas Correntes;4137405,78;112669
2023;Prefeitura Municipal de Corumbá - MS;5003207;MS;DCA-Anexo I-C;Padrão;Receitas Brutas Realizadas;RO1.9.1.0.00.0.0;1.9.1.0.00.0.0 - Multas Administrativas, Contratuais e Judiciais;1086525,82;112669
2023;Prefeitura Municipal de Corumbá - MS;5003207;MS;DCA-Anexo I-C;Padrão;Receitas Brutas Realizadas;RO1.9.1.1.00.0.0;1.9.1.1.00.0.0 - Multas Administrativas, Contratuais e Judiciais;1086525,82;112669
2023;Prefeitura Municipal de Corumbá - MS;5003207;MS;DCA-Anexo I-C;Padrão;Receitas Brutas Realizadas;RO1.9.1.1.01.0.0;1.9.1.1.01.0.0 - Multas Previstas em Legislação Específica;1086525,82;112669
2023;Prefeitura Municipal de Corumbá - MS;5003207;MS;DCA-Anexo I-C;Padrão;Receitas Brutas Realizadas;RO1.9.2.0.00.0.0;1.9.2.0.00.0.0 - Indenizações, Restituições e Ressarcimentos;590742,82;112669
2023;Prefeitura Municipal de Corumbá - MS;5003207;MS;DCA-Anexo I-C;Padrão;Receitas Brutas Realizadas;RO1.9.2.1.00.0.0;1.9.2.1.00.0.0 - Indenizações;86684,67;112669
2023;Prefeitura Municipal de Corumbá - MS;5003207;MS;DCA-Anexo I-C;Padrão;Receitas Brutas Realizadas;RO1.9.2.1.99.0.0;1.9.2.1.99.0.0 - Outras Indenizações;86684,67;112669
2023;Prefeitura Municipal de Corumbá - MS;5003207;MS;DCA-Anexo I-C;Padrão;Receitas Brutas Realizadas;RO1.9.2.2.00.0.0;1.9.2.2.00.0.0 - Restituições;504058,15;112669
2023;Prefeitura Municipal de Corumbá - MS;5003207;MS;DCA-Anexo I-C;Padrão;Receitas Brutas Realizadas;RO1.9.2.2.01.0.0;1.9.2.2.01.0.0 - Restituição de Convênios;258177,38;112669
2023;Prefeitura Municipal de Corumbá - MS;5003207;MS;DCA-Anexo I-C;Padrão;Receitas Brutas Realizadas;RO1.9.2.2.01.1.0;1.9.2.2.01.1.0 - Restituição de Convênios - Primárias;255139,21;112669
2023;Prefeitura Municipal de Corumbá - MS;5003207;MS;DCA-Anexo I-C;Padrão;Receitas Brutas Realizadas;RO1.9.2.2.01.2.0;1.9.2.2.01.2.0 - Restituição de Convênios - Financeiras;3038,17;112669
2023;Prefeitura Municipal de Corumbá - MS;5003207;MS;DCA-Anexo I-C;Padrão;Receitas Brutas Realizadas;RO1.9.2.2.51.0.0;1.9.2.2.51.0.0 - Restituições de Recuros do FUNDEB;2613,00;112669
2023;Prefeitura Municipal de Corumbá - MS;5003207;MS;DCA-Anexo I-C;Padrão;Receitas Brutas Realizadas;RO1.9.2.2.99.0.0;1.9.2.2.99.0.0 - Outras Restituições;243267,77;112669
2023;Prefeitura Municipal de Corumbá - MS;5003207;MS;DCA-Anexo I-C;Padrão;Receitas Brutas Realizadas;RO1.9.9.0.00.0.0;1.9.9.0.00.0.0 - Demais Receitas Correntes;2460137,14;112669
2023;Prefeitura Municipal de Corumbá - MS;5003207;MS;DCA-Anexo I-C;Padrão;Receitas Brutas Realizadas;RO1.9.9.9.00.0.0;1.9.9.9.00.0.0 - Outras Receitas Correntes;2460137,14;112669
2023;Prefeitura Municipal de Corumbá - MS;5003207;MS;DCA-Anexo I-C;Padrão;Receitas Brutas Realizadas;RO1.9.9.9.03.0.0;1.9.9.9.03.0.0 - Compensações Financeiras entre os Regimes de Previdência;1120119,18;112669
2023;Prefeitura Municipal de Corumbá - MS;5003207;MS;DCA-Anexo I-C;Padrão;Receitas Brutas Realizadas;RO1.9.9.9.12.0.0;1.9.9.9.12.0.0 - Encargos Legais pela Inscrição em Dívida Ativa e Receitas de Ônus de Sucumbência;1031538,27;112669
2023;Prefeitura Municipal de Corumbá - MS;5003207;MS;DCA-Anexo I-C;Padrão;Receitas Brutas Realizadas;RO1.9.9.9.12.2.0;1.9.9.9.12.2.0 - Ônus de Sucumbência;1031538,27;112669
2023;Prefeitura Municipal de Corumbá - MS;5003207;MS;DCA-Anexo I-C;Padrão;Receitas Brutas Realizadas;RO1.9.9.9.16.0.0;1.9.9.9.16.0.0 - Títulos Executivos Extrajudiciais;238124,34;112669
2023;Prefeitura Municipal de Corumbá - MS;5003207;MS;DCA-Anexo I-C;Padrão;Receitas Brutas Realizadas;RO1.9.9.9.99.0.0;1.9.9.9.99.0.0 - Outras Receitas;70355,35;112669
2023;Prefeitura Municipal de Corumbá - MS;5003207;MS;DCA-Anexo I-C;Padrão;Receitas Brutas Realizadas;RO1.9.9.9.99.1.0;1.9.9.9.99.1.0 - Outras Receitas Administradas pela RFB;107,78;112669
2023;Prefeitura Municipal de Corumbá - MS;5003207;MS;DCA-Anexo I-C;Padrão;Receitas Brutas Realizadas;RO1.9.9.9.99.2.0;1.9.9.9.99.2.0 - Outras Receitas Não Arrecadadas e Não Projetadas pela RFB - Primárias;42163,09;112669
2023;Prefeitura Municipal de Corumbá - MS;5003207;MS;DCA-Anexo I-C;Padrão;Receitas Brutas Realizadas;RO1.9.9.9.99.3.0;1.9.9.9.99.3.0 - Outras Receitas Não Arrecadadas e Não Projetadas pela RFB - Financeiras;28084,48;112669
2023;Prefeitura Municipal de Corumbá - MS;5003207;MS;DCA-Anexo I-C;Padrão;Receitas Brutas Realizadas;RO2.0.0.0.00.0.0;2.0.0.0.00.0.0 - Receitas de Capital;508761,83;112669
2023;Prefeitura Municipal de Corumbá - MS;5003207;MS;DCA-Anexo I-C;Padrão;Receitas Brutas Realizadas;RO2.4.0.0.00.0.0;2.4.0.0.00.0.0 - Transferências de Capital;481522,63;112669
2023;Prefeitura Municipal de Corumbá - MS;5003207;MS;DCA-Anexo I-C;Padrão;Receitas Brutas Realizadas;RO2.4.1.0.00.0.0;2.4.1.0.00.0.0 - Transferências da União e de suas Entidades;481522,63;112669
2023;Prefeitura Municipal de Corumbá - MS;5003207;MS;DCA-Anexo I-C;Padrão;Receitas Brutas Realizadas;RO2.4.1.4.00.0.0;2.4.1.4.00.0.0 - Transferências de Convênios da União e de suas Entidades ;381522,63;112669
2023;Prefeitura Municipal de Corumbá - MS;5003207;MS;DCA-Anexo I-C;Padrão;Receitas Brutas Realizadas;RO2.4.1.4.50.0.0;2.4.1.4.50.0.0 - Transferências de Convênios da União para o Sistema Único de Saúde ¿ SUS;86286,79;112669
2023;Prefeitura Municipal de Corumbá - MS;5003207;MS;DCA-Anexo I-C;Padrão;Receitas Brutas Realizadas;RO2.4.1.4.99.0.0;2.4.1.4.99.0.0 - Outras Transferências de Convênios da União e de Suas Entidades;295235,84;112669
2023;Prefeitura Municipal de Corumbá - MS;5003207;MS;DCA-Anexo I-C;Padrão;Receitas Brutas Realizadas;RO2.4.1.9.00.0.0;2.4.1.9.00.0.0 - Outras Transferências de Recursos da União e de suas Entidades;100000,00;112669
2023;Prefeitura Municipal de Corumbá - MS;5003207;MS;DCA-Anexo I-C;Padrão;Receitas Brutas Realizadas;RO2.4.1.9.51.0.0;2.4.1.9.51.0.0 - Transferência Especial da União;100000,00;112669
2023;Prefeitura Municipal de Corumbá - MS;5003207;MS;DCA-Anexo I-C;Padrão;Receitas Brutas Realizadas;RO2.9.0.0.00.0.0;2.9.0.0.00.0.0 - Outras Receitas de Capital;27239,20;112669
2023;Prefeitura Municipal de Corumbá - MS;5003207;MS;DCA-Anexo I-C;Padrão;Receitas Brutas Realizadas;RO2.9.9.0.00.0.0;2.9.9.0.00.0.0 - Demais Receitas de Capital;27239,20;112669
2023;Prefeitura Municipal de Corumbá - MS;5003207;MS;DCA-Anexo I-C;Padrão;Receitas Brutas Realizadas;RO2.9.9.9.00.0.0;2.9.9.9.00.0.0 - Outras Receitas de Capital;27239,20;112669
2023;Prefeitura Municipal de Corumbá - MS;5003207;MS;DCA-Anexo I-C;Padrão;Receitas Brutas Realizadas;RO2.9.9.9.99.0.0;2.9.9.9.99.0.0 - Outras Receitas de Capital;27239,20;112669
2023;Prefeitura Municipal de Corumbá - MS;5003207;MS;DCA-Anexo I-C;Padrão;Receitas Brutas Realizadas;ReceitasIntraOrcamentarias;RECEITAS (INTRA-ORÇAMENTÁRIAS) (II);47266385,14;112669
2023;Prefeitura Municipal de Corumbá - MS;5003207;MS;DCA-Anexo I-C;Padrão;Receitas Brutas Realizadas;RI7.0.0.0.00.0.0;7.0.0.0.00.0.0 - Receitas Correntes;47266385,14;112669
2023;Prefeitura Municipal de Corumbá - MS;5003207;MS;DCA-Anexo I-C;Padrão;Receitas Brutas Realizadas;RI7.2.0.0.00.0.0;7.2.0.0.00.0.0 - Contribuições;21070430,03;112669
2023;Prefeitura Municipal de Corumbá - MS;5003207;MS;DCA-Anexo I-C;Padrão;Receitas Brutas Realizadas;RI7.2.1.0.00.0.0;7.2.1.0.00.0.0 - Contribuições Sociais;21070430,03;112669
2023;Prefeitura Municipal de Corumbá - MS;5003207;MS;DCA-Anexo I-C;Padrão;Receitas Brutas Realizadas;RI7.2.1.5.00.0.0;7.2.1.5.00.0.0 - Contribuições para Regimes Próprios de Previdência e Sistema de Proteção Social;21070430,03;112669
2023;Prefeitura Municipal de Corumbá - MS;5003207;MS;DCA-Anexo I-C;Padrão;Receitas Brutas Realizadas;RI7.2.1.5.02.0.0;7.2.1.5.02.0.0 - Contribuição Patronal - Servidor Civil;21070430,03;112669
2023;Prefeitura Municipal de Corumbá - MS;5003207;MS;DCA-Anexo I-C;Padrão;Receitas Brutas Realizadas;RI7.2.1.5.02.1.0;7.2.1.5.02.1.0 - Contribuição Patronal - Servidor Civil Ativo;21070430,03;112669
2023;Prefeitura Municipal de Corumbá - MS;5003207;MS;DCA-Anexo I-C;Padrão;Receitas Brutas Realizadas;RI7.9.0.0.00.0.0;7.9.0.0.00.0.0 - Outras Receitas Correntes;26195955,11;112669
2023;Prefeitura Municipal de Corumbá - MS;5003207;MS;DCA-Anexo I-C;Padrão;Receitas Brutas Realizadas;RI7.9.9.0.00.0.0;7.9.9.0.00.0.0 - Demais Receitas Correntes;26195955,11;112669
2023;Prefeitura Municipal de Corumbá - MS;5003207;MS;DCA-Anexo I-C;Padrão;Receitas Brutas Realizadas;RI7.9.9.9.00.0.0;7.9.9.9.00.0.0 - Outras Receitas Correntes;26195955,11;112669
2023;Prefeitura Municipal de Corumbá - MS;5003207;MS;DCA-Anexo I-C;Padrão;Receitas Brutas Realizadas;RI7.9.9.9.01.0.0;7.9.9.9.01.0.0 - Aportes Periódicos para Amortização de Déficit Atuarial do Regimes Próprios de Previdência e Sistema de Proteção Social;26195955,11;112669
2023;Prefeitura Municipal de Corumbá - MS;5003207;MS;DCA-Anexo I-C;Padrão;Receitas Brutas Realizadas;TotalReceitas;TOTAL DAS RECEITAS (III) = (I + II);935568991,45;112669
2023;Prefeitura Municipal de Corumbá - MS;5003207;MS;DCA-Anexo I-C;Padrão;Deduções - FUNDEB;TotalReceitas;TOTAL DAS RECEITAS (III) = (I + II);77697263,85;112669
2023;Prefeitura Municipal de Corumbá - MS;5003207;MS;DCA-Anexo I-C;Padrão;Outras Deduções da Receita;TotalReceitas;TOTAL DAS RECEITAS (III) = (I + II);4610392,03;112669
2024;Prefeitura Municipal de Corumbá - MS;5003207;MS;DCA-Anexo I-C;Padrão;Receitas Brutas Realizadas;ReceitasExcetoIntraOrcamentarias;RECEITAS (EXCETO INTRA-ORÇAMENTÁRIAS) (I);985016754,74;94874
2024;Prefeitura Municipal de Corumbá - MS;5003207;MS;DCA-Anexo I-C;Padrão;Deduções - FUNDEB;ReceitasExcetoIntraOrcamentarias;RECEITAS (EXCETO INTRA-ORÇAMENTÁRIAS) (I);90260926,98;94874
2024;Prefeitura Municipal de Corumbá - MS;5003207;MS;DCA-Anexo I-C;Padrão;Outras Deduções da Receita;ReceitasExcetoIntraOrcamentarias;RECEITAS (EXCETO INTRA-ORÇAMENTÁRIAS) (I);53081,19;94874
2024;Prefeitura Municipal de Corumbá - MS;5003207;MS;DCA-Anexo I-C;Padrão;Receitas Brutas Realizadas;RO1.0.0.0.00.0.0;1.0.0.0.00.0.0 - Receitas Correntes;983091737,83;94874
2024;Prefeitura Municipal de Corumbá - MS;5003207;MS;DCA-Anexo I-C;Padrão;Deduções - FUNDEB;RO1.0.0.0.00.0.0;1.0.0.0.00.0.0 - Receitas Correntes;90260926,98;94874
2024;Prefeitura Municipal de Corumbá - MS;5003207;MS;DCA-Anexo I-C;Padrão;Outras Deduções da Receita;RO1.0.0.0.00.0.0;1.0.0.0.00.0.0 - Receitas Correntes;53081,19;94874
2024;Prefeitura Municipal de Corumbá - MS;5003207;MS;DCA-Anexo I-C;Padrão;Receitas Brutas Realizadas;RO1.1.0.0.00.0.0;1.1.0.0.00.0.0 - Impostos, Taxas e Contribuições de Melhoria;158849375,91;94874
2024;Prefeitura Municipal de Corumbá - MS;5003207;MS;DCA-Anexo I-C;Padrão;Receitas Brutas Realizadas;RO1.1.1.0.00.0.0;1.1.1.0.00.0.0 - Impostos;151283192,85;94874
2024;Prefeitura Municipal de Corumbá - MS;5003207;MS;DCA-Anexo I-C;Padrão;Receitas Brutas Realizadas;RO1.1.1.2.00.0.0;1.1.1.2.00.0.0 - Impostos sobre o Patrimônio;25894156,54;94874
2024;Prefeitura Municipal de Corumbá - MS;5003207;MS;DCA-Anexo I-C;Padrão;Receitas Brutas Realizadas;RO1.1.1.2.50.0.0;1.1.1.2.50.0.0 - Imposto sobre a Propriedade Predial e Territorial Urbana;15128561,80;94874
2024;Prefeitura Municipal de Corumbá - MS;5003207;MS;DCA-Anexo I-C;Padrão;Receitas Brutas Realizadas;RO1.1.1.2.53.0.0;"1.1.1.2.53.0.0 - Impostos sobre Transmissão ""Inter Vivos"" de Bens Imóveis e de Direitos Reais sobre Imóveis";10765594,74;94874
2024;Prefeitura Municipal de Corumbá - MS;5003207;MS;DCA-Anexo I-C;Padrão;Receitas Brutas Realizadas;RO1.1.1.3.00.0.0;1.1.1.3.00.0.0 - Impostos sobre a Renda e Proventos de Qualquer Natureza;57339888,66;94874
2024;Prefeitura Municipal de Corumbá - MS;5003207;MS;DCA-Anexo I-C;Padrão;Receitas Brutas Realizadas;RO1.1.1.3.03.0.0;1.1.1.3.03.0.0 - Imposto sobre a Renda - Retido na Fonte;57339888,66;94874
2024;Prefeitura Municipal de Corumbá - MS;5003207;MS;DCA-Anexo I-C;Padrão;Receitas Brutas Realizadas;RO1.1.1.3.03.1.0;1.1.1.3.03.1.0 - Imposto sobre a Renda - Retido na Fonte - Trabalho;42555533,93;94874
2024;Prefeitura Municipal de Corumbá - MS;5003207;MS;DCA-Anexo I-C;Padrão;Receitas Brutas Realizadas;RO1.1.1.3.03.4.0;1.1.1.3.03.4.0 - Imposto sobre a Renda - Retido na Fonte - Outros Rendimentos;14784354,73;94874
2024;Prefeitura Municipal de Corumbá - MS;5003207;MS;DCA-Anexo I-C;Padrão;Receitas Brutas Realizadas;RO1.1.1.4.00.0.0;1.1.1.4.00.0.0 - Impostos sobre a Produção e Circulação de Mercadorias e Serviços;68049147,65;94874
2024;Prefeitura Municipal de Corumbá - MS;5003207;MS;DCA-Anexo I-C;Padrão;Receitas Brutas Realizadas;RO1.1.1.4.51.0.0;1.1.1.4.51.0.0 - Impostos sobre Serviços;68049147,65;94874
2024;Prefeitura Municipal de Corumbá - MS;5003207;MS;DCA-Anexo I-C;Padrão;Receitas Brutas Realizadas;RO1.1.1.4.51.1.0;1.1.1.4.51.1.0 - Imposto sobre Serviços de Qualquer Natureza - ISSQN;68049147,65;94874
2024;Prefeitura Municipal de Corumbá - MS;5003207;MS;DCA-Anexo I-C;Padrão;Receitas Brutas Realizadas;RO1.1.2.0.00.0.0;1.1.2.0.00.0.0 - Taxas;7566183,06;94874
2024;Prefeitura Municipal de Corumbá - MS;5003207;MS;DCA-Anexo I-C;Padrão;Receitas Brutas Realizadas;RO1.1.2.1.00.0.0;1.1.2.1.00.0.0 - Taxas pelo Exercício do Poder de Polícia;3018805,80;94874
2024;Prefeitura Municipal de Corumbá - MS;5003207;MS;DCA-Anexo I-C;Padrão;Receitas Brutas Realizadas;RO1.1.2.1.01.0.0;1.1.2.1.01.0.0 - Taxas de Inspeção, Controle e Fiscalização;2748921,91;94874
2024;Prefeitura Municipal de Corumbá - MS;5003207;MS;DCA-Anexo I-C;Padrão;Receitas Brutas Realizadas;RO1.1.2.1.04.0.0;1.1.2.1.04.0.0 - Taxa de Controle e Fiscalização Ambiental;162328,78;94874
2024;Prefeitura Municipal de Corumbá - MS;5003207;MS;DCA-Anexo I-C;Padrão;Receitas Brutas Realizadas;RO1.1.2.1.50.0.0;1.1.2.1.50.0.0 - Taxa de Fiscalização de Vigilância Sanitária;107555,11;94874
2024;Prefeitura Municipal de Corumbá - MS;5003207;MS;DCA-Anexo I-C;Padrão;Receitas Brutas Realizadas;RO1.1.2.2.00.0.0;1.1.2.2.00.0.0 - Taxas pela Prestação de Serviços;4547377,26;94874
2024;Prefeitura Municipal de Corumbá - MS;5003207;MS;DCA-Anexo I-C;Padrão;Receitas Brutas Realizadas;RO1.1.2.2.01.0.0;1.1.2.2.01.0.0 - Taxas pela Prestação de Serviços em Geral;934929,06;94874
2024;Prefeitura Municipal de Corumbá - MS;5003207;MS;DCA-Anexo I-C;Padrão;Receitas Brutas Realizadas;RO1.1.2.2.53.0.0;1.1.2.2.53.0.0 - Taxa pela Prestação de Serviços de Limpeza Pública e Manejo de Resíduos Sólidos;3612448,20;94874
2024;Prefeitura Municipal de Corumbá - MS;5003207;MS;DCA-Anexo I-C;Padrão;Receitas Brutas Realizadas;RO1.2.0.0.00.0.0;1.2.0.0.00.0.0 - Contribuições;42038806,70;94874
2024;Prefeitura Municipal de Corumbá - MS;5003207;MS;DCA-Anexo I-C;Padrão;Receitas Brutas Realizadas;RO1.2.1.0.00.0.0;1.2.1.0.00.0.0 - Contribuições Sociais;29910218,90;94874
2024;Prefeitura Municipal de Corumbá - MS;5003207;MS;DCA-Anexo I-C;Padrão;Receitas Brutas Realizadas;RO1.2.1.5.00.0.0;1.2.1.5.00.0.0 - Contribuições para Regimes Próprios de Previdência e Sistema de Proteção Social;29910218,90;94874
2024;Prefeitura Municipal de Corumbá - MS;5003207;MS;DCA-Anexo I-C;Padrão;Receitas Brutas Realizadas;RO1.2.1.5.01.0.0;1.2.1.5.01.0.0 - Contribuição do Servidor Civil;29910218,90;94874
2024;Prefeitura Municipal de Corumbá - MS;5003207;MS;DCA-Anexo I-C;Padrão;Receitas Brutas Realizadas;RO1.2.1.5.01.1.0;1.2.1.5.01.1.0 - Contribuição do Servidor Civil Ativo;28078172,51;94874
2024;Prefeitura Municipal de Corumbá - MS;5003207;MS;DCA-Anexo I-C;Padrão;Receitas Brutas Realizadas;RO1.2.1.5.01.2.0;1.2.1.5.01.2.0 - Contribuição do Servidor Civil Inativo;1713626,24;94874
2024;Prefeitura Municipal de Corumbá - MS;5003207;MS;DCA-Anexo I-C;Padrão;Receitas Brutas Realizadas;RO1.2.1.5.01.3.0;1.2.1.5.01.3.0 -Contribuição do Servidor Civil - Pensionistas;117293,05;94874
2024;Prefeitura Municipal de Corumbá - MS;5003207;MS;DCA-Anexo I-C;Padrão;Receitas Brutas Realizadas;RO1.2.1.5.01.4.0;1.2.1.5.01.4.0 - Contribuição Oriunda de Sentenças Judiciais - Servidor Civil Ativo;1127,10;94874
2024;Prefeitura Municipal de Corumbá - MS;5003207;MS;DCA-Anexo I-C;Padrão;Receitas Brutas Realizadas;RO1.2.4.0.00.0.0;1.2.4.0.00.0.0 - Contribuição para o Custeio do Serviço de Iluminação Pública;12128587,80;94874
2024;Prefeitura Municipal de Corumbá - MS;5003207;MS;DCA-Anexo I-C;Padrão;Receitas Brutas Realizadas;RO1.3.0.0.00.0.0;1.3.0.0.00.0.0 - Receita Patrimonial;42070884,76;94874
2024;Prefeitura Municipal de Corumbá - MS;5003207;MS;DCA-Anexo I-C;Padrão;Outras Deduções da Receita;RO1.3.0.0.00.0.0;1.3.0.0.00.0.0 - Receita Patrimonial;53081,19;94874
2024;Prefeitura Municipal de Corumbá - MS;5003207;MS;DCA-Anexo I-C;Padrão;Receitas Brutas Realizadas;RO1.3.1.0.00.0.0;1.3.1.0.00.0.0 - Exploração do Patrimônio Imobiliário do Estado;532767,94;94874
2024;Prefeitura Municipal de Corumbá - MS;5003207;MS;DCA-Anexo I-C;Padrão;Receitas Brutas Realizadas;RO1.3.1.1.00.0.0;1.3.1.1.00.0.0 - Exploração do Patrimônio Imobiliário do Estado;532767,94;94874
2024;Prefeitura Municipal de Corumbá - MS;5003207;MS;DCA-Anexo I-C;Padrão;Receitas Brutas Realizadas;RO1.3.1.1.01.0.0;1.3.1.1.01.0.0 - Aluguéis, Arrendamentos, Foros, Laudêmios, Tarifas de Ocupação;357555,28;94874
2024;Prefeitura Municipal de Corumbá - MS;5003207;MS;DCA-Anexo I-C;Padrão;Receitas Brutas Realizadas;RO1.3.1.1.01.1.0;1.3.1.1.01.1.0 - Aluguéis e Arrendamentos;140510,73;94874
2024;Prefeitura Municipal de Corumbá - MS;5003207;MS;DCA-Anexo I-C;Padrão;Receitas Brutas Realizadas;RO1.3.1.1.01.2.0;1.3.1.1.01.2.0 - Foros, Laudêmios e Tarifas de Ocupação;217044,55;94874
2024;Prefeitura Municipal de Corumbá - MS;5003207;MS;DCA-Anexo I-C;Padrão;Receitas Brutas Realizadas;RO1.3.1.1.02.0.0;1.3.1.1.02.0.0 - Concessão, Permissão, Autorização ou Cessão do Direito de Uso de Bens Imóveis Públicos;175212,66;94874
2024;Prefeitura Municipal de Corumbá - MS;5003207;MS;DCA-Anexo I-C;Padrão;Receitas Brutas Realizadas;RO1.3.2.0.00.0.0;1.3.2.0.00.0.0 - Valores Mobiliários;41538116,82;94874
2024;Prefeitura Municipal de Corumbá - MS;5003207;MS;DCA-Anexo I-C;Padrão;Outras Deduções da Receita;RO1.3.2.0.00.0.0;1.3.2.0.00.0.0 - Valores Mobiliários;53081,19;94874
2024;Prefeitura Municipal de Corumbá - MS;5003207;MS;DCA-Anexo I-C;Padrão;Receitas Brutas Realizadas;RO1.3.2.1.00.0.0;1.3.2.1.00.0.0 - Juros e Correções Monetárias;41474442,57;94874
2024;Prefeitura Municipal de Corumbá - MS;5003207;MS;DCA-Anexo I-C;Padrão;Outras Deduções da Receita;RO1.3.2.1.00.0.0;1.3.2.1.00.0.0 - Juros e Correções Monetárias;53081,19;94874
2024;Prefeitura Municipal de Corumbá - MS;5003207;MS;DCA-Anexo I-C;Padrão;Receitas Brutas Realizadas;RO1.3.2.1.01.0.0;1.3.2.1.01.0.0 - Remuneração de Depósitos Bancários;10556591,31;94874
2024;Prefeitura Municipal de Corumbá - MS;5003207;MS;DCA-Anexo I-C;Padrão;Outras Deduções da Receita;RO1.3.2.1.01.0.0;1.3.2.1.01.0.0 - Remuneração de Depósitos Bancários;5044,98;94874
2024;Prefeitura Municipal de Corumbá - MS;5003207;MS;DCA-Anexo I-C;Padrão;Receitas Brutas Realizadas;RO1.3.2.1.04.0.0;1.3.2.1.04.0.0 - Remuneração dos Recursos do Regime Próprio de Previdência Social - RPPS;30917851,26;94874
2024;Prefeitura Municipal de Corumbá - MS;5003207;MS;DCA-Anexo I-C;Padrão;Outras Deduções da Receita;RO1.3.2.1.04.0.0;1.3.2.1.04.0.0 - Remuneração dos Recursos do Regime Próprio de Previdência Social - RPPS;48036,21;94874
2024;Prefeitura Municipal de Corumbá - MS;5003207;MS;DCA-Anexo I-C;Padrão;Receitas Brutas Realizadas;RO1.3.2.2.00.0.0;1.3.2.2.00.0.0 - Dividendos;63674,25;94874
2024;Prefeitura Municipal de Corumbá - MS;5003207;MS;DCA-Anexo I-C;Padrão;Receitas Brutas Realizadas;RO1.6.0.0.00.0.0;1.6.0.0.00.0.0 - Receita de Serviços;1402455,92;94874
2024;Prefeitura Municipal de Corumbá - MS;5003207;MS;DCA-Anexo I-C;Padrão;Receitas Brutas Realizadas;RO1.6.1.0.00.0.0;1.6.1.0.00.0.0 - Serviços Administrativos e Comerciais Gerais;1396630,00;94874
2024;Prefeitura Municipal de Corumbá - MS;5003207;MS;DCA-Anexo I-C;Padrão;Receitas Brutas Realizadas;RO1.6.1.1.00.0.0;1.6.1.1.00.0.0 - Serviços Administrativos e Comerciais Gerais;1396630,00;94874
2024;Prefeitura Municipal de Corumbá - MS;5003207;MS;DCA-Anexo I-C;Padrão;Receitas Brutas Realizadas;RO1.6.1.1.02.0.0;1.6.1.1.02.0.0 - Inscrição em Concursos e Processos Seletivos;1396630,00;94874
2024;Prefeitura Municipal de Corumbá - MS;5003207;MS;DCA-Anexo I-C;Padrão;Receitas Brutas Realizadas;RO1.6.2.0.00.0.0;1.6.2.0.00.0.0 - Serviços e Atividades Referentes à Navegação e ao Transporte;5825,92;94874
2024;Prefeitura Municipal de Corumbá - MS;5003207;MS;DCA-Anexo I-C;Padrão;Receitas Brutas Realizadas;RO1.6.2.1.00.0.0;1.6.2.1.00.0.0 - Serviços e Atividades Referentes à Navegação e ao Transporte;5825,92;94874
2024;Prefeitura Municipal de Corumbá - MS;5003207;MS;DCA-Anexo I-C;Padrão;Receitas Brutas Realizadas;RO1.6.2.1.02.0.0;1.6.2.1.02.0.0 - Serviços de Transporte de Passageiros ou Mercadorias;1949,81;94874
2024;Prefeitura Municipal de Corumbá - MS;5003207;MS;DCA-Anexo I-C;Padrão;Receitas Brutas Realizadas;RO1.6.2.1.03.0.0;1.6.2.1.03.0.0 - Serviços Portuários;3876,11;94874
2024;Prefeitura Municipal de Corumbá - MS;5003207;MS;DCA-Anexo I-C;Padrão;Receitas Brutas Realizadas;RO1.7.0.0.00.0.0;1.7.0.0.00.0.0 - Transferências Correntes;733749652,93;94874
2024;Prefeitura Municipal de Corumbá - MS;5003207;MS;DCA-Anexo I-C;Padrão;Deduções - FUNDEB;RO1.7.0.0.00.0.0;1.7.0.0.00.0.0 - Transferências Correntes;90260926,98;94874
2024;Prefeitura Municipal de Corumbá - MS;5003207;MS;DCA-Anexo I-C;Padrão;Receitas Brutas Realizadas;RO1.7.1.0.00.0.0;1.7.1.0.00.0.0 - Transferências da União e de suas Entidades;235952615,46;94874
2024;Prefeitura Municipal de Corumbá - MS;5003207;MS;DCA-Anexo I-C;Padrão;Deduções - FUNDEB;RO1.7.1.0.00.0.0;1.7.1.0.00.0.0 - Transferências da União e de suas Entidades;21926652,76;94874
2024;Prefeitura Municipal de Corumbá - MS;5003207;MS;DCA-Anexo I-C;Padrão;Receitas Brutas Realizadas;RO1.7.1.1.00.0.0;1.7.1.1.00.0.0 - Transferências Decorrentes de Participação na Receita da União;118660614,49;94874
2024;Prefeitura Municipal de Corumbá - MS;5003207;MS;DCA-Anexo I-C;Padrão;Deduções - FUNDEB;RO1.7.1.1.00.0.0;1.7.1.1.00.0.0 - Transferências Decorrentes de Participação na Receita da União;21926652,76;94874
2024;Prefeitura Municipal de Corumbá - MS;5003207;MS;DCA-Anexo I-C;Padrão;Receitas Brutas Realizadas;RO1.7.1.1.51.0.0;1.7.1.1.51.0.0 -Cota-Parte do Fundo de Participação dos Municípios - FPM;96471762,00;94874
2024;Prefeitura Municipal de Corumbá - MS;5003207;MS;DCA-Anexo I-C;Padrão;Deduções - FUNDEB;RO1.7.1.1.51.0.0;1.7.1.1.51.0.0 -Cota-Parte do Fundo de Participação dos Municípios - FPM;17488882,42;94874
2024;Prefeitura Municipal de Corumbá - MS;5003207;MS;DCA-Anexo I-C;Padrão;Receitas Brutas Realizadas;RO1.7.1.1.51.1.0;1.7.1.1.51.1.0 - Cota-Parte do Fundo de Participação dos Municípios - Cota Mensal;87444413,48;94874
2024;Prefeitura Municipal de Corumbá - MS;5003207;MS;DCA-Anexo I-C;Padrão;Deduções - FUNDEB;RO1.7.1.1.51.1.0;1.7.1.1.51.1.0 - Cota-Parte do Fundo de Participação dos Municípios - Cota Mensal;17488882,42;94874
2024;Prefeitura Municipal de Corumbá - MS;5003207;MS;DCA-Anexo I-C;Padrão;Receitas Brutas Realizadas;RO1.7.1.1.51.2.0;1.7.1.1.51.2.0 - Cota-Parte do Fundo de Participação dos Municípios - Cotas Extraordinárias;9027348,52;94874
2024;Prefeitura Municipal de Corumbá - MS;5003207;MS;DCA-Anexo I-C;Padrão;Receitas Brutas Realizadas;RO1.7.1.1.52.0.0;1.7.1.1.52.0.0 - Cota-Parte do Imposto Sobre a Propriedade Territorial Rural;22188852,49;94874
2024;Prefeitura Municipal de Corumbá - MS;5003207;MS;DCA-Anexo I-C;Padrão;Deduções - FUNDEB;RO1.7.1.1.52.0.0;1.7.1.1.52.0.0 - Cota-Parte do Imposto Sobre a Propriedade Territorial Rural;4437770,34;94874
2024;Prefeitura Municipal de Corumbá - MS;5003207;MS;DCA-Anexo I-C;Padrão;Receitas Brutas Realizadas;RO1.7.1.2.00.0.0;1.7.1.2.00.0.0 -Transferências das Compensações Financeiras pela Exploração de Recursos Naturais;34135512,79;94874
2024;Prefeitura Municipal de Corumbá - MS;5003207;MS;DCA-Anexo I-C;Padrão;Receitas Brutas Realizadas;RO1.7.1.2.51.0.0;1.7.1.2.51.0.0 -Cota-parte da Compensação Financeira pela Exploração de Recursos Minerais - CFEM;32384539,09;94874
2024;Prefeitura Municipal de Corumbá - MS;5003207;MS;DCA-Anexo I-C;Padrão;Receitas Brutas Realizadas;RO1.7.1.2.52.0.0;1.7.1.2.52.0.0 - Cota-parte da Compensação Financeira pela Produção de Petróleo;1750973,70;94874
2024;Prefeitura Municipal de Corumbá - MS;5003207;MS;DCA-Anexo I-C;Padrão;Receitas Brutas Realizadas;RO1.7.1.2.52.4.0;1.7.1.2.52.4.0 - Cota-Parte do Fundo Especial do Petróleo ¿ FEP;1750973,70;94874
2024;Prefeitura Municipal de Corumbá - MS;5003207;MS;DCA-Anexo I-C;Padrão;Receitas Brutas Realizadas;RO1.7.1.3.00.0.0;1.7.1.3.00.0.0 -Transferências de Recursos do Sistema Único de Saúde ¿ SUS ;61500403,56;94874
2024;Prefeitura Municipal de Corumbá - MS;5003207;MS;DCA-Anexo I-C;Padrão;Receitas Brutas Realizadas;RO1.7.1.3.50.0.0;1.7.1.3.50.0.0 - Transferências de Recursos do Sistema Único de Saúde ¿ SUS ¿ Repasses Fundo a Fundo - Bloco de Manutenção das Ações e Serviços Públicos de Saúde;61500403,56;94874
2024;Prefeitura Municipal de Corumbá - MS;5003207;MS;DCA-Anexo I-C;Padrão;Receitas Brutas Realizadas;RO1.7.1.3.50.1.0;1.7.1.3.50.1.0 - Transferências de Recursos do Bloco de Manutenção das Ações e Serviços Públicos de Saúde ¿ Atenção Primária;18057847,63;94874
2024;Prefeitura Municipal de Corumbá - MS;5003207;MS;DCA-Anexo I-C;Padrão;Receitas Brutas Realizadas;RO1.7.1.3.50.2.0;1.7.1.3.50.2.0 - Transferências de Recursos do Bloco de Manutenção das Ações e Serviços Públicos de Saúde ¿ Atenção Especializada;34863775,35;94874
2024;Prefeitura Municipal de Corumbá - MS;5003207;MS;DCA-Anexo I-C;Padrão;Receitas Brutas Realizadas;RO1.7.1.3.50.3.0;1.7.1.3.50.3.0 - Transferências de Recursos do Bloco de Manutenção das Ações e Serviços Públicos de Saúde ¿ Vigilância em Saúde;3226951,69;94874
2024;Prefeitura Municipal de Corumbá - MS;5003207;MS;DCA-Anexo I-C;Padrão;Receitas Brutas Realizadas;RO1.7.1.3.50.4.0;1.7.1.3.50.4.0 -Transferências de Recursos do Bloco de Manutenção das Ações e Serviços Públicos de Saúde ¿ Assistência Farmacêutica;871672,92;94874
2024;Prefeitura Municipal de Corumbá - MS;5003207;MS;DCA-Anexo I-C;Padrão;Receitas Brutas Realizadas;RO1.7.1.3.50.5.0;1.7.1.3.50.5.0 - Transferências de Recursos do Bloco de Manutenção das Ações e Serviços Públicos de Saúde ¿ Gestão do SUS;4480155,97;94874
2024;Prefeitura Municipal de Corumbá - MS;5003207;MS;DCA-Anexo I-C;Padrão;Receitas Brutas Realizadas;RO1.7.1.4.00.0.0;1.7.1.4.00.0.0 -Transferências de Recursos do Fundo Nacional do Desenvolvimento da Educação ¿ FNDE¿ ;10339160,68;94874
2024;Prefeitura Municipal de Corumbá - MS;5003207;MS;DCA-Anexo I-C;Padrão;Receitas Brutas Realizadas;RO1.7.1.4.50.0.0;1.7.1.4.50.0.0 - Transferências do Salário-Educação;6885330,50;94874
2024;Prefeitura Municipal de Corumbá - MS;5003207;MS;DCA-Anexo I-C;Padrão;Receitas Brutas Realizadas;RO1.7.1.4.51.0.0;1.7.1.4.51.0.0 - Transferências Diretas do FNDE referentes ao Programa Dinheiro Direto na Escola ¿ PDDE;2691,71;94874
2024;Prefeitura Municipal de Corumbá - MS;5003207;MS;DCA-Anexo I-C;Padrão;Receitas Brutas Realizadas;RO1.7.1.4.52.0.0;1.7.1.4.52.0.0 - Transferências referentes ao Programa Nacional de Alimentação Escolar ¿ PNAE;1637440,13;94874
2024;Prefeitura Municipal de Corumbá - MS;5003207;MS;DCA-Anexo I-C;Padrão;Receitas Brutas Realizadas;RO1.7.1.4.53.0.0;1.7.1.4.53.0.0 - Transferências referentes ao Programa Nacional de Apoio ao Transporte do Escolar ¿ PNATE;256737,12;94874
2024;Prefeitura Municipal de Corumbá - MS;5003207;MS;DCA-Anexo I-C;Padrão;Receitas Brutas Realizadas;RO1.7.1.4.99.0.0;1.7.1.4.99.0.0 - Outras Transferências Diretas do Fundo Nacional do Desenvolvimento da Educação - FNDE;1556961,22;94874
2024;Prefeitura Municipal de Corumbá - MS;5003207;MS;DCA-Anexo I-C;Padrão;Receitas Brutas Realizadas;RO1.7.1.5.00.0.0;1.7.1.5.00.0.0 - Transferências de Recursos de Complementação da União ao Fundo de Manutenção e Desenvolvimento da Educação Básica e de Valorização dos Profissionais da Educação ¿ FUNDEB ;387410,35;94874
2024;Prefeitura Municipal de Corumbá - MS;5003207;MS;DCA-Anexo I-C;Padrão;Receitas Brutas Realizadas;RO1.7.1.6.00.0.0;1.7.1.6.00.0.0 - Transferências de Recursos do Fundo Nacional de Assistência Social ¿ FNAS;4014137,51;94874
2024;Prefeitura Municipal de Corumbá - MS;5003207;MS;DCA-Anexo I-C;Padrão;Receitas Brutas Realizadas;RO1.7.1.7.00.0.0;1.7.1.7.00.0.0 - Transferências de Convênios da União e de Suas Entidades;2816641,52;94874
2024;Prefeitura Municipal de Corumbá - MS;5003207;MS;DCA-Anexo I-C;Padrão;Receitas Brutas Realizadas;RO1.7.1.7.99.0.0;1.7.1.7.99.0.0 - Outras Transferências de Convênios da União e de Suas Entidades;2816641,52;94874
2024;Prefeitura Municipal de Corumbá - MS;5003207;MS;DCA-Anexo I-C;Padrão;Receitas Brutas Realizadas;RO1.7.1.9.00.0.0;1.7.1.9.00.0.0 - Outras Transferências de Recursos da União e de suas Entidades;4098734,56;94874
2024;Prefeitura Municipal de Corumbá - MS;5003207;MS;DCA-Anexo I-C;Padrão;Receitas Brutas Realizadas;RO1.7.1.9.57.0.0;1.7.1.9.57.0.0 - Transferência Especial da União;1000000,00;94874
2024;Prefeitura Municipal de Corumbá - MS;5003207;MS;DCA-Anexo I-C;Padrão;Receitas Brutas Realizadas;RO1.7.1.9.58.0.0;1.7.1.9.58.0.0 - Transferência Obrigatória Decorrente da Lei Complementar nº 176/2020;3098734,56;94874
2024;Prefeitura Municipal de Corumbá - MS;5003207;MS;DCA-Anexo I-C;Padrão;Receitas Brutas Realizadas;RO1.7.2.0.00.0.0;1.7.2.0.00.0.0 - Transferências dos Estados e do Distrito Federal e de suas Entidades;379567078,46;94874
2024;Prefeitura Municipal de Corumbá - MS;5003207;MS;DCA-Anexo I-C;Padrão;Deduções - FUNDEB;RO1.7.2.0.00.0.0;1.7.2.0.00.0.0 - Transferências dos Estados e do Distrito Federal e de suas Entidades;68334274,22;94874
2024;Prefeitura Municipal de Corumbá - MS;5003207;MS;DCA-Anexo I-C;Padrão;Receitas Brutas Realizadas;RO1.7.2.1.00.0.0;1.7.2.1.00.0.0 - Participação na Receita dos Estados e Distrito Federal;341893342,93;94874
2024;Prefeitura Municipal de Corumbá - MS;5003207;MS;DCA-Anexo I-C;Padrão;Deduções - FUNDEB;RO1.7.2.1.00.0.0;1.7.2.1.00.0.0 - Participação na Receita dos Estados e Distrito Federal;68334274,22;94874
2024;Prefeitura Municipal de Corumbá - MS;5003207;MS;DCA-Anexo I-C;Padrão;Receitas Brutas Realizadas;RO1.7.2.1.50.0.0;1.7.2.1.50.0.0 - Cota-Parte do ICMS;326166379,46;94874
2024;Prefeitura Municipal de Corumbá - MS;5003207;MS;DCA-Anexo I-C;Padrão;Deduções - FUNDEB;RO1.7.2.1.50.0.0;1.7.2.1.50.0.0 - Cota-Parte do ICMS;65233275,64;94874
2024;Prefeitura Municipal de Corumbá - MS;5003207;MS;DCA-Anexo I-C;Padrão;Receitas Brutas Realizadas;RO1.7.2.1.51.0.0;1.7.2.1.51.0.0 - Cota-Parte do IPVA;12279428,30;94874
2024;Prefeitura Municipal de Corumbá - MS;5003207;MS;DCA-Anexo I-C;Padrão;Deduções - FUNDEB;RO1.7.2.1.51.0.0;1.7.2.1.51.0.0 - Cota-Parte do IPVA;2455885,65;94874
2024;Prefeitura Municipal de Corumbá - MS;5003207;MS;DCA-Anexo I-C;Padrão;Receitas Brutas Realizadas;RO1.7.2.1.52.0.0;1.7.2.1.52.0.0 - Cota-Parte do IPI - Municípios;3225564,68;94874
2024;Prefeitura Municipal de Corumbá - MS;5003207;MS;DCA-Anexo I-C;Padrão;Deduções - FUNDEB;RO1.7.2.1.52.0.0;1.7.2.1.52.0.0 - Cota-Parte do IPI - Municípios;645112,93;94874
2024;Prefeitura Municipal de Corumbá - MS;5003207;MS;DCA-Anexo I-C;Padrão;Receitas Brutas Realizadas;RO1.7.2.1.53.0.0;1.7.2.1.53.0.0 - Cota-Parte da Contribuição de Intervenção no Domínio Econômico;221970,49;94874
2024;Prefeitura Municipal de Corumbá - MS;5003207;MS;DCA-Anexo I-C;Padrão;Receitas Brutas Realizadas;RO1.7.2.3.00.0.0;1.7.2.3.00.0.0 - Transferências de Recursos do Sistema Único de Saúde ¿ SUS;29651119,29;94874
2024;Prefeitura Municipal de Corumbá - MS;5003207;MS;DCA-Anexo I-C;Padrão;Receitas Brutas Realizadas;RO1.7.2.4.00.0.0;1.7.2.4.00.0.0 - Transferências de Convênios dos Estados e DF e de Suas Entidades;2828846,17;94874
2024;Prefeitura Municipal de Corumbá - MS;5003207;MS;DCA-Anexo I-C;Padrão;Receitas Brutas Realizadas;RO1.7.2.4.51.0.0;1.7.2.4.51.0.0 -Transferências de Convênios dos Estados Destinadas a Programas de Educação;1448846,17;94874
2024;Prefeitura Municipal de Corumbá - MS;5003207;MS;DCA-Anexo I-C;Padrão;Receitas Brutas Realizadas;RO1.7.2.4.99.0.0;1.7.2.4.99.0.0 - Outras Transferências de Convênios dos Estados e DF e de Suas Entidades;1380000,00;94874
2024;Prefeitura Municipal de Corumbá - MS;5003207;MS;DCA-Anexo I-C;Padrão;Receitas Brutas Realizadas;RO1.7.2.9.00.0.0;1.7.2.9.00.0.0 - Outras Transferências dos Estados e Distrito Federal;5193770,07;94874
2024;Prefeitura Municipal de Corumbá - MS;5003207;MS;DCA-Anexo I-C;Padrão;Receitas Brutas Realizadas;RO1.7.2.9.51.0.0;1.7.2.9.51.0.0 - Transferências de Estados destinadas à Assistência Social;1115120,00;94874
2024;Prefeitura Municipal de Corumbá - MS;5003207;MS;DCA-Anexo I-C;Padrão;Receitas Brutas Realizadas;RO1.7.2.9.99.0.0;1.7.2.9.99.0.0 - Outras Transferências dos Estados e DF;4078650,07;94874
2024;Prefeitura Municipal de Corumbá - MS;5003207;MS;DCA-Anexo I-C;Padrão;Receitas Brutas Realizadas;RO1.7.4.0.00.0.0;1.7.4.0.00.0.0 - Transferências de Instituições Privadas;117054,00;94874
2024;Prefeitura Municipal de Corumbá - MS;5003207;MS;DCA-Anexo I-C;Padrão;Receitas Brutas Realizadas;RO1.7.4.1.00.0.0;1.7.4.1.00.0.0 - Transferências de Instituições Privadas;117054,00;94874
2024;Prefeitura Municipal de Corumbá - MS;5003207;MS;DCA-Anexo I-C;Padrão;Receitas Brutas Realizadas;RO1.7.4.1.99.0.0;1.7.4.1.99.0.0 - Outras Transferências de Instituições Privadas;117054,00;94874
2024;Prefeitura Municipal de Corumbá - MS;5003207;MS;DCA-Anexo I-C;Padrão;Receitas Brutas Realizadas;RO1.7.5.0.00.0.0;1.7.5.0.00.0.0 - Transferências de Outras Instituições Públicas;118036926,05;94874
2024;Prefeitura Municipal de Corumbá - MS;5003207;MS;DCA-Anexo I-C;Padrão;Receitas Brutas Realizadas;RO1.7.5.1.00.0.0;1.7.5.1.00.0.0 - Transferências de Recursos do Fundo de Manutenção e Desenvolvimento da Educação Básica e de Valorização dos Profissionais da Educação - FUNDEB;118036926,05;94874
2024;Prefeitura Municipal de Corumbá - MS;5003207;MS;DCA-Anexo I-C;Padrão;Receitas Brutas Realizadas;RO1.7.9.0.00.0.0;1.7.9.0.00.0.0 - Demais Transferências Correntes;75978,96;94874
2024;Prefeitura Municipal de Corumbá - MS;5003207;MS;DCA-Anexo I-C;Padrão;Receitas Brutas Realizadas;RO1.7.9.1.00.0.0;1.7.9.1.00.0.0 - Transferências de Pessoas Físicas;75978,96;94874
2024;Prefeitura Municipal de Corumbá - MS;5003207;MS;DCA-Anexo I-C;Padrão;Receitas Brutas Realizadas;RO1.7.9.1.99.0.0;1.7.9.1.99.0.0 - Outras Transferências de Pessoas Físicas;75978,96;94874
2024;Prefeitura Municipal de Corumbá - MS;5003207;MS;DCA-Anexo I-C;Padrão;Receitas Brutas Realizadas;RO1.9.0.0.00.0.0;1.9.0.0.00.0.0 - Outras Receitas Correntes;4980561,61;94874
2024;Prefeitura Municipal de Corumbá - MS;5003207;MS;DCA-Anexo I-C;Padrão;Receitas Brutas Realizadas;RO1.9.1.0.00.0.0;1.9.1.0.00.0.0 - Multas Administrativas, Contratuais e Judiciais;1235873,69;94874
2024;Prefeitura Municipal de Corumbá - MS;5003207;MS;DCA-Anexo I-C;Padrão;Receitas Brutas Realizadas;RO1.9.1.1.00.0.0;1.9.1.1.00.0.0 - Multas Administrativas, Contratuais e Judiciais;1235873,69;94874
2024;Prefeitura Municipal de Corumbá - MS;5003207;MS;DCA-Anexo I-C;Padrão;Receitas Brutas Realizadas;RO1.9.1.1.01.0.0;1.9.1.1.01.0.0 - Multas Previstas em Legislação Específica;1234059,34;94874
2024;Prefeitura Municipal de Corumbá - MS;5003207;MS;DCA-Anexo I-C;Padrão;Receitas Brutas Realizadas;RO1.9.1.1.08.0.0;1.9.1.1.08.0.0 - Multas Decorrentes de Sentenças Judiciais;1814,35;94874
2024;Prefeitura Municipal de Corumbá - MS;5003207;MS;DCA-Anexo I-C;Padrão;Receitas Brutas Realizadas;RO1.9.2.0.00.0.0;1.9.2.0.00.0.0 - Indenizações, Restituições e Ressarcimentos;1347729,02;94874
2024;Prefeitura Municipal de Corumbá - MS;5003207;MS;DCA-Anexo I-C;Padrão;Receitas Brutas Realizadas;RO1.9.2.1.00.0.0;1.9.2.1.00.0.0 - Indenizações;30055,00;94874
2024;Prefeitura Municipal de Corumbá - MS;5003207;MS;DCA-Anexo I-C;Padrão;Receitas Brutas Realizadas;RO1.9.2.1.99.0.0;1.9.2.1.99.0.0 - Outras Indenizações;30055,00;94874
2024;Prefeitura Municipal de Corumbá - MS;5003207;MS;DCA-Anexo I-C;Padrão;Receitas Brutas Realizadas;RO1.9.2.2.00.0.0;1.9.2.2.00.0.0 - Restituições;1317674,02;94874
2024;Prefeitura Municipal de Corumbá - MS;5003207;MS;DCA-Anexo I-C;Padrão;Receitas Brutas Realizadas;RO1.9.2.2.01.0.0;1.9.2.2.01.0.0 - Restituição de Convênios;118048,20;94874
2024;Prefeitura Municipal de Corumbá - MS;5003207;MS;DCA-Anexo I-C;Padrão;Receitas Brutas Realizadas;RO1.9.2.2.01.1.0;1.9.2.2.01.1.0 - Restituição de Convênios - Primárias;117828,49;94874
2024;Prefeitura Municipal de Corumbá - MS;5003207;MS;DCA-Anexo I-C;Padrão;Receitas Brutas Realizadas;RO1.9.2.2.01.2.0;1.9.2.2.01.2.0 - Restituição de Convênios - Financeiras;219,71;94874
2024;Prefeitura Municipal de Corumbá - MS;5003207;MS;DCA-Anexo I-C;Padrão;Receitas Brutas Realizadas;RO1.9.2.2.06.0.0;1.9.2.2.06.0.0 - Restituição de Despesas de Exercícios Anteriores;7541,59;94874
2024;Prefeitura Municipal de Corumbá - MS;5003207;MS;DCA-Anexo I-C;Padrão;Receitas Brutas Realizadas;RO1.9.2.2.06.3.0;1.9.2.2.06.3.0 - Restituição de Despesas Primárias de Exercícios Anteriores;1208,77;94874
2024;Prefeitura Municipal de Corumbá - MS;5003207;MS;DCA-Anexo I-C;Padrão;Receitas Brutas Realizadas;RO1.9.2.2.06.4.0;1.9.2.2.06.4.0 - Restituição de Despesas Financeiras de Exercícios Anteriores;6332,82;94874
2024;Prefeitura Municipal de Corumbá - MS;5003207;MS;DCA-Anexo I-C;Padrão;Receitas Brutas Realizadas;RO1.9.2.2.99.0.0;1.9.2.2.99.0.0 - Outras Restituições;1192084,23;94874
2024;Prefeitura Municipal de Corumbá - MS;5003207;MS;DCA-Anexo I-C;Padrão;Receitas Brutas Realizadas;RO1.9.9.0.00.0.0;1.9.9.0.00.0.0 - Demais Receitas Correntes;2396958,90;94874
2024;Prefeitura Municipal de Corumbá - MS;5003207;MS;DCA-Anexo I-C;Padrão;Receitas Brutas Realizadas;RO1.9.9.9.00.0.0;1.9.9.9.00.0.0 - Outras Receitas Correntes;2396958,90;94874
2024;Prefeitura Municipal de Corumbá - MS;5003207;MS;DCA-Anexo I-C;Padrão;Receitas Brutas Realizadas;RO1.9.9.9.03.0.0;1.9.9.9.03.0.0 - Compensações Financeiras entre os Regimes de Previdência;1553956,23;94874
2024;Prefeitura Municipal de Corumbá - MS;5003207;MS;DCA-Anexo I-C;Padrão;Receitas Brutas Realizadas;RO1.9.9.9.12.0.0;1.9.9.9.12.0.0 - Encargos Legais pela Inscrição em Dívida Ativa e Receitas de Ônus de Sucumbência;499283,42;94874
2024;Prefeitura Municipal de Corumbá - MS;5003207;MS;DCA-Anexo I-C;Padrão;Receitas Brutas Realizadas;RO1.9.9.9.12.2.0;1.9.9.9.12.2.0 - Ônus de Sucumbência;499283,42;94874
2024;Prefeitura Municipal de Corumbá - MS;5003207;MS;DCA-Anexo I-C;Padrão;Receitas Brutas Realizadas;RO1.9.9.9.16.0.0;1.9.9.9.16.0.0 - Títulos Executivos Extrajudiciais;209091,53;94874
2024;Prefeitura Municipal de Corumbá - MS;5003207;MS;DCA-Anexo I-C;Padrão;Receitas Brutas Realizadas;RO1.9.9.9.99.0.0;1.9.9.9.99.0.0 - Outras Receitas;134627,72;94874
2024;Prefeitura Municipal de Corumbá - MS;5003207;MS;DCA-Anexo I-C;Padrão;Receitas Brutas Realizadas;RO1.9.9.9.99.1.0;1.9.9.9.99.1.0 - Outras Receitas Administradas pela RFB;3448,54;94874
2024;Prefeitura Municipal de Corumbá - MS;5003207;MS;DCA-Anexo I-C;Padrão;Receitas Brutas Realizadas;RO1.9.9.9.99.2.0;1.9.9.9.99.2.0 - Outras Receitas Não Arrecadadas e Não Projetadas pela RFB - Primárias;44453,29;94874
2024;Prefeitura Municipal de Corumbá - MS;5003207;MS;DCA-Anexo I-C;Padrão;Receitas Brutas Realizadas;RO1.9.9.9.99.3.0;1.9.9.9.99.3.0 - Outras Receitas Não Arrecadadas e Não Projetadas pela RFB - Financeiras;86725,89;94874
2024;Prefeitura Municipal de Corumbá - MS;5003207;MS;DCA-Anexo I-C;Padrão;Receitas Brutas Realizadas;RO2.0.0.0.00.0.0;2.0.0.0.00.0.0 - Receitas de Capital;1925016,91;94874
2024;Prefeitura Municipal de Corumbá - MS;5003207;MS;DCA-Anexo I-C;Padrão;Receitas Brutas Realizadas;RO2.4.0.0.00.0.0;2.4.0.0.00.0.0 - Transferências de Capital;1925016,91;94874
2024;Prefeitura Municipal de Corumbá - MS;5003207;MS;DCA-Anexo I-C;Padrão;Receitas Brutas Realizadas;RO2.4.1.0.00.0.0;2.4.1.0.00.0.0 - Transferências da União e de suas Entidades;545016,91;94874
2024;Prefeitura Municipal de Corumbá - MS;5003207;MS;DCA-Anexo I-C;Padrão;Receitas Brutas Realizadas;RO2.4.1.1.00.0.0;2.4.1.1.00.0.0 - Transferências de Recursos do Sistema Único de Saúde - SUS;288843,00;94874
2024;Prefeitura Municipal de Corumbá - MS;5003207;MS;DCA-Anexo I-C;Padrão;Receitas Brutas Realizadas;RO2.4.1.1.50.0.0;2.4.1.1.50.0.0 - Transferências de Recursos do Sistema Único de Saúde ¿ SUS ¿ Fundo a Fundo - Bloco de Manutenção das Ações e Serviços Públicos de Saúde;288843,00;94874
2024;Prefeitura Municipal de Corumbá - MS;5003207;MS;DCA-Anexo I-C;Padrão;Receitas Brutas Realizadas;RO2.4.1.1.50.1.0;2.4.1.1.50.1.0 - Transferências de Recursos do Bloco de Manutenção das Ações e Serviços Públicos de Saúde ¿ Atenção Primária;288843,00;94874
2024;Prefeitura Municipal de Corumbá - MS;5003207;MS;DCA-Anexo I-C;Padrão;Receitas Brutas Realizadas;RO2.4.1.3.00.0.0;2.4.1.3.00.0.0 - Transferências de Recursos do Fundo Nacional de Assistência Social ¿ FNAS ;210000,00;94874
2024;Prefeitura Municipal de Corumbá - MS;5003207;MS;DCA-Anexo I-C;Padrão;Receitas Brutas Realizadas;RO2.4.1.3.50.0.0;2.4.1.3.50.0.0 - Transferências de Recursos do Fundo Nacional de Assistência Social ¿ FNAS;210000,00;94874
2024;Prefeitura Municipal de Corumbá - MS;5003207;MS;DCA-Anexo I-C;Padrão;Receitas Brutas Realizadas;RO2.4.1.4.00.0.0;2.4.1.4.00.0.0 - Transferências de Convênios da União e de suas Entidades ;46173,91;94874
2024;Prefeitura Municipal de Corumbá - MS;5003207;MS;DCA-Anexo I-C;Padrão;Receitas Brutas Realizadas;RO2.4.1.4.50.0.0;2.4.1.4.50.0.0 - Transferências de Convênios da União para o Sistema Único de Saúde ¿ SUS;46173,91;94874
2024;Prefeitura Municipal de Corumbá - MS;5003207;MS;DCA-Anexo I-C;Padrão;Receitas Brutas Realizadas;RO2.4.2.0.00.0.0;2.4.2.0.00.0.0 - Transferências dos Estados e do Distrito Federal e de suas Entidades;1380000,00;94874
2024;Prefeitura Municipal de Corumbá - MS;5003207;MS;DCA-Anexo I-C;Padrão;Receitas Brutas Realizadas;RO2.4.2.1.00.0.0;2.4.2.1.00.0.0 - Transferências de Recursos do Sistema Único de Saúde ¿ SUS dos Estados e DF;1380000,00;94874
2024;Prefeitura Municipal de Corumbá - MS;5003207;MS;DCA-Anexo I-C;Padrão;Receitas Brutas Realizadas;RO2.4.2.1.50.0.0;2.4.2.1.50.0.0 - Transferências de Recursos do Sistema Único de Saúde ¿ SUS;1380000,00;94874
2024;Prefeitura Municipal de Corumbá - MS;5003207;MS;DCA-Anexo I-C;Padrão;Receitas Brutas Realizadas;ReceitasIntraOrcamentarias;RECEITAS (INTRA-ORÇAMENTÁRIAS) (II);62181894,49;94874
2024;Prefeitura Municipal de Corumbá - MS;5003207;MS;DCA-Anexo I-C;Padrão;Receitas Brutas Realizadas;RI7.0.0.0.00.0.0;7.0.0.0.00.0.0 - Receitas Correntes;62181894,49;94874
2024;Prefeitura Municipal de Corumbá - MS;5003207;MS;DCA-Anexo I-C;Padrão;Receitas Brutas Realizadas;RI7.2.0.0.00.0.0;7.2.0.0.00.0.0 - Contribuições;29911287,96;94874
2024;Prefeitura Municipal de Corumbá - MS;5003207;MS;DCA-Anexo I-C;Padrão;Receitas Brutas Realizadas;RI7.2.1.0.00.0.0;7.2.1.0.00.0.0 - Contribuições Sociais;29911287,96;94874
2024;Prefeitura Municipal de Corumbá - MS;5003207;MS;DCA-Anexo I-C;Padrão;Receitas Brutas Realizadas;RI7.2.1.5.00.0.0;7.2.1.5.00.0.0 - Contribuições para Regimes Próprios de Previdência e Sistema de Proteção Social;29911287,96;94874
2024;Prefeitura Municipal de Corumbá - MS;5003207;MS;DCA-Anexo I-C;Padrão;Receitas Brutas Realizadas;RI7.2.1.5.02.0.0;7.2.1.5.02.0.0 - Contribuição Patronal - Servidor Civil;27874812,84;94874
2024;Prefeitura Municipal de Corumbá - MS;5003207;MS;DCA-Anexo I-C;Padrão;Receitas Brutas Realizadas;RI7.2.1.5.02.1.0;7.2.1.5.02.1.0 - Contribuição Patronal - Servidor Civil Ativo;27874812,84;94874
2024;Prefeitura Municipal de Corumbá - MS;5003207;MS;DCA-Anexo I-C;Padrão;Receitas Brutas Realizadas;RI7.2.1.5.51.0.0;7.2.1.5.51.0.0 - Contribuição Patronal - Parcelamentos;2036475,12;94874
2024;Prefeitura Municipal de Corumbá - MS;5003207;MS;DCA-Anexo I-C;Padrão;Receitas Brutas Realizadas;RI7.2.1.5.51.1.0;7.2.1.5.51.1.0 - Contribuição Patronal - Servidor Civil Ativo - Parcelamentos;2036475,12;94874
2024;Prefeitura Municipal de Corumbá - MS;5003207;MS;DCA-Anexo I-C;Padrão;Receitas Brutas Realizadas;RI7.9.0.0.00.0.0;7.9.0.0.00.0.0 - Outras Receitas Correntes;32270606,53;94874
2024;Prefeitura Municipal de Corumbá - MS;5003207;MS;DCA-Anexo I-C;Padrão;Receitas Brutas Realizadas;RI7.9.9.0.00.0.0;7.9.9.0.00.0.0 - Demais Receitas Correntes;32270606,53;94874
2024;Prefeitura Municipal de Corumbá - MS;5003207;MS;DCA-Anexo I-C;Padrão;Receitas Brutas Realizadas;RI7.9.9.9.00.0.0;7.9.9.9.00.0.0 - Outras Receitas Correntes;32270606,53;94874
2024;Prefeitura Municipal de Corumbá - MS;5003207;MS;DCA-Anexo I-C;Padrão;Receitas Brutas Realizadas;RI7.9.9.9.01.0.0;7.9.9.9.01.0.0 - Aportes Periódicos para Amortização de Déficit Atuarial do Regimes Próprios de Previdência e Sistema de Proteção Social;32270606,53;94874
2024;Prefeitura Municipal de Corumbá - MS;5003207;MS;DCA-Anexo I-C;Padrão;Receitas Brutas Realizadas;TotalReceitas;TOTAL DAS RECEITAS (III) = (I + II);1047198649,23;94874
2024;Prefeitura Municipal de Corumbá - MS;5003207;MS;DCA-Anexo I-C;Padrão;Deduções - FUNDEB;TotalReceitas;TOTAL DAS RECEITAS (III) = (I + II);90260926,98;94874
2024;Prefeitura Municipal de Corumbá - MS;5003207;MS;DCA-Anexo I-C;Padrão;Outras Deduções da Receita;TotalReceitas;TOTAL DAS RECEITAS (III) = (I + II);53081,19;94874
