exercicio;instituicao;cod_ibge;uf;anexo;rotulo;coluna;cod_conta;conta;valor;populacao
2014;Prefeitura Municipal de Marema - SC;4210555;SC;DCA-Anexo I-C;NA;Receitas Brutas Realizadas;TotalReceitas;Total Receitas;15207993,76;2046
2014;Prefeitura Municipal de Marema - SC;4210555;SC;DCA-Anexo I-C;NA;Deduções - FUNDEB;TotalReceitas;Total Receitas;2122155,55;2046
2014;Prefeitura Municipal de Marema - SC;4210555;SC;DCA-Anexo I-C;NA;Receitas Brutas Realizadas;RO1.0.0.0.00.00.00;1.0.0.0.00.00.00 - Receitas Correntes;13385899,70;2046
2014;Prefeitura Municipal de Marema - SC;4210555;SC;DCA-Anexo I-C;NA;Deduções - FUNDEB;RO1.0.0.0.00.00.00;1.0.0.0.00.00.00 - Receitas Correntes;2122155,55;2046
2014;Prefeitura Municipal de Marema - SC;4210555;SC;DCA-Anexo I-C;NA;Receitas Brutas Realizadas;RO1.1.0.0.00.00.00;1.1.0.0.00.00.00 - Receita Tributária;376282,78;2046
2014;Prefeitura Municipal de Marema - SC;4210555;SC;DCA-Anexo I-C;NA;Receitas Brutas Realizadas;RO1.1.1.0.00.00.00;1.1.1.0.00.00.00 - Impostos;363526,11;2046
2014;Prefeitura Municipal de Marema - SC;4210555;SC;DCA-Anexo I-C;NA;Receitas Brutas Realizadas;RO1.1.1.2.00.00.00;1.1.1.2.00.00.00 - Impostos sobre o Patrimônio e a Renda;262331,91;2046
2014;Prefeitura Municipal de Marema - SC;4210555;SC;DCA-Anexo I-C;NA;Receitas Brutas Realizadas;RO1.1.1.2.02.00.00;1.1.1.2.02.00.00 - Imposto sobre a Propriedade Predial e Territorial Urbana ¿ IPTU;36551,47;2046
2014;Prefeitura Municipal de Marema - SC;4210555;SC;DCA-Anexo I-C;NA;Receitas Brutas Realizadas;RO1.1.1.2.04.00.00;1.1.1.2.04.00.00 - Imposto sobre a Renda e Proventos de Qualquer Natureza ¿ IR;191846,45;2046
2014;Prefeitura Municipal de Marema - SC;4210555;SC;DCA-Anexo I-C;NA;Receitas Brutas Realizadas;RO1.1.1.2.04.31.00;1.1.1.2.04.31.00 - Retido nas Fontes - Trabalho;188744,29;2046
2014;Prefeitura Municipal de Marema - SC;4210555;SC;DCA-Anexo I-C;NA;Receitas Brutas Realizadas;RO1.1.1.2.04.34.00;1.1.1.2.04.34.00 - Retido nas Fontes - Outros Rendimentos;3102,16;2046
2014;Prefeitura Municipal de Marema - SC;4210555;SC;DCA-Anexo I-C;NA;Receitas Brutas Realizadas;RO1.1.1.2.08.00.00;"1.1.1.2.08.00.00 - Imposto sobre Transmissão ""Inter Vivos"" de Bens Imóveis e de Direitos Reais sobre Imóveis ¿ ITBI";33933,99;2046
2014;Prefeitura Municipal de Marema - SC;4210555;SC;DCA-Anexo I-C;NA;Receitas Brutas Realizadas;RO1.1.1.3.00.00.00;1.1.1.3.00.00.00 - Impostos sobre a Produção e a Circulação;101194,20;2046
2014;Prefeitura Municipal de Marema - SC;4210555;SC;DCA-Anexo I-C;NA;Receitas Brutas Realizadas;RO1.1.1.3.05.00.00;1.1.1.3.05.00.00 - Imposto sobre Serviços de Qualquer Natureza ¿ ISSQN;101194,20;2046
2014;Prefeitura Municipal de Marema - SC;4210555;SC;DCA-Anexo I-C;NA;Receitas Brutas Realizadas;RO1.1.2.0.00.00.00;1.1.2.0.00.00.00 - Taxas;12756,67;2046
2014;Prefeitura Municipal de Marema - SC;4210555;SC;DCA-Anexo I-C;NA;Receitas Brutas Realizadas;RO1.1.2.1.00.00.00;1.1.2.1.00.00.00 - Taxas pelo Exercício do Poder de Polícia;12756,67;2046
2014;Prefeitura Municipal de Marema - SC;4210555;SC;DCA-Anexo I-C;NA;Receitas Brutas Realizadas;RO1.2.0.0.00.00.00;1.2.0.0.00.00.00 - Receitas de Contribuições;27208,73;2046
2014;Prefeitura Municipal de Marema - SC;4210555;SC;DCA-Anexo I-C;NA;Receitas Brutas Realizadas;RO1.2.2.0.00.00.00;1.2.2.0.00.00.00 - Contribuições de Intervenção no Domínio Econômico;27208,73;2046
2014;Prefeitura Municipal de Marema - SC;4210555;SC;DCA-Anexo I-C;NA;Receitas Brutas Realizadas;RO1.3.0.0.00.00.00;1.3.0.0.00.00.00 - Receita Patrimonial;110774,53;2046
2014;Prefeitura Municipal de Marema - SC;4210555;SC;DCA-Anexo I-C;NA;Receitas Brutas Realizadas;RO1.3.2.0.00.00.00;1.3.2.0.00.00.00 - Receitas de Valores Mobiliários;110774,53;2046
2014;Prefeitura Municipal de Marema - SC;4210555;SC;DCA-Anexo I-C;NA;Receitas Brutas Realizadas;RO1.3.2.5.00.00.00;1.3.2.5.00.00.00 - Remuneração de Depósitos Bancários;110774,53;2046
2014;Prefeitura Municipal de Marema - SC;4210555;SC;DCA-Anexo I-C;NA;Receitas Brutas Realizadas;RO1.6.0.0.00.00.00;1.6.0.0.00.00.00 - Receita de Serviços;201371,55;2046
2014;Prefeitura Municipal de Marema - SC;4210555;SC;DCA-Anexo I-C;NA;Receitas Brutas Realizadas;RO1.6.0.0.13.00.00;1.6.0.0.13.00.00 - Serviços Administrativos;131,15;2046
2014;Prefeitura Municipal de Marema - SC;4210555;SC;DCA-Anexo I-C;NA;Receitas Brutas Realizadas;RO1.6.0.0.99.00.00;1.6.0.0.99.00.00 - Demais Receitas de Serviços;201240,40;2046
2014;Prefeitura Municipal de Marema - SC;4210555;SC;DCA-Anexo I-C;NA;Receitas Brutas Realizadas;RO1.7.0.0.00.00.00;1.7.0.0.00.00.00 - Transferências Correntes;12620612,83;2046
2014;Prefeitura Municipal de Marema - SC;4210555;SC;DCA-Anexo I-C;NA;Deduções - FUNDEB;RO1.7.0.0.00.00.00;1.7.0.0.00.00.00 - Transferências Correntes;2122155,55;2046
2014;Prefeitura Municipal de Marema - SC;4210555;SC;DCA-Anexo I-C;NA;Receitas Brutas Realizadas;RO1.7.2.0.00.00.00;1.7.2.0.00.00.00 - Transferências Intergovernamentais;12520032,38;2046
2014;Prefeitura Municipal de Marema - SC;4210555;SC;DCA-Anexo I-C;NA;Deduções - FUNDEB;RO1.7.2.0.00.00.00;1.7.2.0.00.00.00 - Transferências Intergovernamentais;2122155,55;2046
2014;Prefeitura Municipal de Marema - SC;4210555;SC;DCA-Anexo I-C;NA;Receitas Brutas Realizadas;RO1.7.2.1.00.00.00;1.7.2.1.00.00.00 - Transferências da União;7015327,10;2046
2014;Prefeitura Municipal de Marema - SC;4210555;SC;DCA-Anexo I-C;NA;Deduções - FUNDEB;RO1.7.2.1.00.00.00;1.7.2.1.00.00.00 - Transferências da União;1135289,70;2046
2014;Prefeitura Municipal de Marema - SC;4210555;SC;DCA-Anexo I-C;NA;Receitas Brutas Realizadas;RO1.7.2.1.01.00.00;1.7.2.1.01.00.00 - Participação na Receita da União;5656542,73;2046
2014;Prefeitura Municipal de Marema - SC;4210555;SC;DCA-Anexo I-C;NA;Deduções - FUNDEB;RO1.7.2.1.01.00.00;1.7.2.1.01.00.00 - Participação na Receita da União;1131308,22;2046
2014;Prefeitura Municipal de Marema - SC;4210555;SC;DCA-Anexo I-C;NA;Receitas Brutas Realizadas;RO1.7.2.1.01.02.00;1.7.2.1.01.02.00 - Cota-Parte do Fundo de Participação dos Municípios ¿ FPM;5653737,77;2046
2014;Prefeitura Municipal de Marema - SC;4210555;SC;DCA-Anexo I-C;NA;Deduções - FUNDEB;RO1.7.2.1.01.02.00;1.7.2.1.01.02.00 - Cota-Parte do Fundo de Participação dos Municípios ¿ FPM;1130747,28;2046
2014;Prefeitura Municipal de Marema - SC;4210555;SC;DCA-Anexo I-C;NA;Receitas Brutas Realizadas;RO1.7.2.1.01.05.00;1.7.2.1.01.05.00 - Cota-Parte do Imposto Sobre a Propriedade Territorial Rural ¿ ITR;2804,96;2046
2014;Prefeitura Municipal de Marema - SC;4210555;SC;DCA-Anexo I-C;NA;Deduções - FUNDEB;RO1.7.2.1.01.05.00;1.7.2.1.01.05.00 - Cota-Parte do Imposto Sobre a Propriedade Territorial Rural ¿ ITR;560,94;2046
2014;Prefeitura Municipal de Marema - SC;4210555;SC;DCA-Anexo I-C;NA;Receitas Brutas Realizadas;RO1.7.2.1.22.00.00;1.7.2.1.22.00.00 - Transferências da Compensação Financeira pela Exploração de Recursos Naturais;88154,12;2046
2014;Prefeitura Municipal de Marema - SC;4210555;SC;DCA-Anexo I-C;NA;Receitas Brutas Realizadas;RO1.7.2.1.22.70.00;1.7.2.1.22.70.00 - Cota-Parte do Fundo Especial do Petróleo ¿ FEP;88154,12;2046
2014;Prefeitura Municipal de Marema - SC;4210555;SC;DCA-Anexo I-C;NA;Receitas Brutas Realizadas;RO1.7.2.1.33.00.00;1.7.2.1.33.00.00 - Transferências de Recursos do Sistema Único de Saúde - SUS - Repasses Fundo a Fundo;540338,40;2046
2014;Prefeitura Municipal de Marema - SC;4210555;SC;DCA-Anexo I-C;NA;Receitas Brutas Realizadas;RO1.7.2.1.34.00.00;1.7.2.1.34.00.00 - Transferências de Recursos do Fundo Nacional de Assistência Social ¿ FNAS;170003,19;2046
2014;Prefeitura Municipal de Marema - SC;4210555;SC;DCA-Anexo I-C;NA;Receitas Brutas Realizadas;RO1.7.2.1.35.00.00;1.7.2.1.35.00.00 - Transferências de Recursos do Fundo Nacional do Desenvolvimento da Educação ¿ FNDE;161370,45;2046
2014;Prefeitura Municipal de Marema - SC;4210555;SC;DCA-Anexo I-C;NA;Receitas Brutas Realizadas;RO1.7.2.1.36.00.00;1.7.2.1.36.00.00 - Transferências Financeiras do ICMS ¿ Desoneração ¿ L.C. Nº 87/96;19907,88;2046
2014;Prefeitura Municipal de Marema - SC;4210555;SC;DCA-Anexo I-C;NA;Deduções - FUNDEB;RO1.7.2.1.36.00.00;1.7.2.1.36.00.00 - Transferências Financeiras do ICMS ¿ Desoneração ¿ L.C. Nº 87/96;3981,48;2046
2014;Prefeitura Municipal de Marema - SC;4210555;SC;DCA-Anexo I-C;NA;Receitas Brutas Realizadas;RO1.7.2.1.99.00.00;1.7.2.1.99.00.00 - Outras Transferências da União;379010,33;2046
2014;Prefeitura Municipal de Marema - SC;4210555;SC;DCA-Anexo I-C;NA;Receitas Brutas Realizadas;RO1.7.2.2.00.00.00;1.7.2.2.00.00.00 - Transferências dos Estados;4995089,59;2046
2014;Prefeitura Municipal de Marema - SC;4210555;SC;DCA-Anexo I-C;NA;Deduções - FUNDEB;RO1.7.2.2.00.00.00;1.7.2.2.00.00.00 - Transferências dos Estados;986865,85;2046
2014;Prefeitura Municipal de Marema - SC;4210555;SC;DCA-Anexo I-C;NA;Receitas Brutas Realizadas;RO1.7.2.2.01.00.00;1.7.2.2.01.00.00 - Participação na Receita dos Estados;4935474,42;2046
2014;Prefeitura Municipal de Marema - SC;4210555;SC;DCA-Anexo I-C;NA;Deduções - FUNDEB;RO1.7.2.2.01.00.00;1.7.2.2.01.00.00 - Participação na Receita dos Estados;986865,85;2046
2014;Prefeitura Municipal de Marema - SC;4210555;SC;DCA-Anexo I-C;NA;Receitas Brutas Realizadas;RO1.7.2.2.01.01.00;1.7.2.2.01.01.00 - Cota-Parte do ICMS;4696475,51;2046
2014;Prefeitura Municipal de Marema - SC;4210555;SC;DCA-Anexo I-C;NA;Deduções - FUNDEB;RO1.7.2.2.01.01.00;1.7.2.2.01.01.00 - Cota-Parte do ICMS;939293,38;2046
2014;Prefeitura Municipal de Marema - SC;4210555;SC;DCA-Anexo I-C;NA;Receitas Brutas Realizadas;RO1.7.2.2.01.02.00;1.7.2.2.01.02.00 - Cota-Parte do IPVA;164847,48;2046
2014;Prefeitura Municipal de Marema - SC;4210555;SC;DCA-Anexo I-C;NA;Deduções - FUNDEB;RO1.7.2.2.01.02.00;1.7.2.2.01.02.00 - Cota-Parte do IPVA;32968,89;2046
2014;Prefeitura Municipal de Marema - SC;4210555;SC;DCA-Anexo I-C;NA;Receitas Brutas Realizadas;RO1.7.2.2.01.04.00;1.7.2.2.01.04.00 - Cota-Parte do IPI sobre Exportação;73024,10;2046
2014;Prefeitura Municipal de Marema - SC;4210555;SC;DCA-Anexo I-C;NA;Deduções - FUNDEB;RO1.7.2.2.01.04.00;1.7.2.2.01.04.00 - Cota-Parte do IPI sobre Exportação;14603,58;2046
2014;Prefeitura Municipal de Marema - SC;4210555;SC;DCA-Anexo I-C;NA;Receitas Brutas Realizadas;RO1.7.2.2.01.99.00;1.7.2.2.01.99.00 - Outras Participações na Receita dos Estados;1127,33;2046
2014;Prefeitura Municipal de Marema - SC;4210555;SC;DCA-Anexo I-C;NA;Receitas Brutas Realizadas;RO1.7.2.2.33.00.00;1.7.2.2.33.00.00 - Transferências de Recursos do Estado para Programas de Saúde - Repasse Fundo a Fundo;59615,17;2046
2014;Prefeitura Municipal de Marema - SC;4210555;SC;DCA-Anexo I-C;NA;Receitas Brutas Realizadas;RO1.7.2.4.00.00.00;1.7.2.4.00.00.00 - Transferências Multigovernamentais;509615,69;2046
2014;Prefeitura Municipal de Marema - SC;4210555;SC;DCA-Anexo I-C;NA;Receitas Brutas Realizadas;RO1.7.2.4.01.00.00;1.7.2.4.01.00.00 - Transferências de Recursos do Fundo de Manutenção e Desenvolvimento do Ensino Fundamental e de Valorização do Magistério - FUNDEB;509615,69;2046
2014;Prefeitura Municipal de Marema - SC;4210555;SC;DCA-Anexo I-C;NA;Receitas Brutas Realizadas;RO1.7.6.0.00.00.00;1.7.6.0.00.00.00 - Transferências de Convênios;100580,45;2046
2014;Prefeitura Municipal de Marema - SC;4210555;SC;DCA-Anexo I-C;NA;Receitas Brutas Realizadas;RO1.7.6.2.00.00.00;1.7.6.2.00.00.00 - Transferências de Convênios dos Estados e do Distrito Federal e de Suas Entidades;100580,45;2046
2014;Prefeitura Municipal de Marema - SC;4210555;SC;DCA-Anexo I-C;NA;Receitas Brutas Realizadas;RO1.7.6.2.02.00.00;1.7.6.2.02.00.00 - Transferências de Convênios dos Estados Destinadas a Programas de Educação;56724,56;2046
2014;Prefeitura Municipal de Marema - SC;4210555;SC;DCA-Anexo I-C;NA;Receitas Brutas Realizadas;RO1.7.6.2.99.00.00;1.7.6.2.99.00.00 - Outras Transferências de Convênios dos Estados;43855,89;2046
2014;Prefeitura Municipal de Marema - SC;4210555;SC;DCA-Anexo I-C;NA;Receitas Brutas Realizadas;RO1.9.0.0.00.00.00;1.9.0.0.00.00.00 - Outras Receitas Correntes;49649,28;2046
2014;Prefeitura Municipal de Marema - SC;4210555;SC;DCA-Anexo I-C;NA;Receitas Brutas Realizadas;RO1.9.1.0.00.00.00;1.9.1.0.00.00.00 - Multas e Juros de Mora;19550,22;2046
2014;Prefeitura Municipal de Marema - SC;4210555;SC;DCA-Anexo I-C;NA;Receitas Brutas Realizadas;RO1.9.1.1.00.00.00;1.9.1.1.00.00.00 - Multas e Juros de Mora dos Tributos;71,34;2046
2014;Prefeitura Municipal de Marema - SC;4210555;SC;DCA-Anexo I-C;NA;Receitas Brutas Realizadas;RO1.9.1.3.00.00.00;1.9.1.3.00.00.00 - Multas e Juros de Mora da Dívida Ativa dos Tributos;950,77;2046
2014;Prefeitura Municipal de Marema - SC;4210555;SC;DCA-Anexo I-C;NA;Receitas Brutas Realizadas;RO1.9.1.9.00.00.00;1.9.1.9.00.00.00 - Multas de Outras Origens;18528,11;2046
2014;Prefeitura Municipal de Marema - SC;4210555;SC;DCA-Anexo I-C;NA;Receitas Brutas Realizadas;RO1.9.3.0.00.00.00;1.9.3.0.00.00.00 - Receita da Dívida Ativa;20599,11;2046
2014;Prefeitura Municipal de Marema - SC;4210555;SC;DCA-Anexo I-C;NA;Receitas Brutas Realizadas;RO1.9.3.1.00.00.00;1.9.3.1.00.00.00 - Receita da Dívida Ativa Tributária;6486,36;2046
2014;Prefeitura Municipal de Marema - SC;4210555;SC;DCA-Anexo I-C;NA;Receitas Brutas Realizadas;RO1.9.3.2.00.00.00;1.9.3.2.00.00.00 - Receita da Dívida Ativa Não Tributária;14112,75;2046
2014;Prefeitura Municipal de Marema - SC;4210555;SC;DCA-Anexo I-C;NA;Receitas Brutas Realizadas;RO1.9.9.0.00.00.00;1.9.9.0.00.00.00 - Receitas Diversas;9499,95;2046
2014;Prefeitura Municipal de Marema - SC;4210555;SC;DCA-Anexo I-C;NA;Receitas Brutas Realizadas;RO2.0.0.0.00.00.00;2.0.0.0.00.00.00 - Receitas de Capital;1822094,06;2046
2014;Prefeitura Municipal de Marema - SC;4210555;SC;DCA-Anexo I-C;NA;Receitas Brutas Realizadas;RO2.2.0.0.00.00.00;2.2.0.0.00.00.00 - Alienação de Bens;178800,00;2046
2014;Prefeitura Municipal de Marema - SC;4210555;SC;DCA-Anexo I-C;NA;Receitas Brutas Realizadas;RO2.2.1.0.00.00.00;2.2.1.0.00.00.00 - Alienação de Bens Móveis;178800,00;2046
2014;Prefeitura Municipal de Marema - SC;4210555;SC;DCA-Anexo I-C;NA;Receitas Brutas Realizadas;RO2.4.0.0.00.00.00;2.4.0.0.00.00.00 - Transferências de Capital;1643294,06;2046
2014;Prefeitura Municipal de Marema - SC;4210555;SC;DCA-Anexo I-C;NA;Receitas Brutas Realizadas;RO2.4.7.0.00.00.00;2.4.7.0.00.00.00 - Transferências de Convênios;1643294,06;2046
2014;Prefeitura Municipal de Marema - SC;4210555;SC;DCA-Anexo I-C;NA;Receitas Brutas Realizadas;RO2.4.7.1.00.00.00;2.4.7.1.00.00.00 - Transferências de Convênios da União e de suas Entidades;1092925,00;2046
2014;Prefeitura Municipal de Marema - SC;4210555;SC;DCA-Anexo I-C;NA;Receitas Brutas Realizadas;RO2.4.7.1.99.00.00;2.4.7.1.99.00.00 - Outras Transferências de Convênios da União;1092925,00;2046
2014;Prefeitura Municipal de Marema - SC;4210555;SC;DCA-Anexo I-C;NA;Receitas Brutas Realizadas;RO2.4.7.2.00.00.00;2.4.7.2.00.00.00 - Transferências de Convênios dos Estados e do Distrito Federal e de suas Entidades;550369,06;2046
2014;Prefeitura Municipal de Marema - SC;4210555;SC;DCA-Anexo I-C;NA;Receitas Brutas Realizadas;RO2.4.7.2.01.00.00;2.4.7.2.01.00.00 - Transferências de Convênios dos Estados para o Sistema Único de Saúde - SUS;80000,00;2046
2014;Prefeitura Municipal de Marema - SC;4210555;SC;DCA-Anexo I-C;NA;Receitas Brutas Realizadas;RO2.4.7.2.99.00.00;2.4.7.2.99.00.00 - Outras Transferências de Convênios dos Estados;470369,06;2046
2015;Prefeitura Municipal de Marema - SC;4210555;SC;DCA-Anexo I-C;NA;Receitas Brutas Realizadas;TotalReceitas;Total Receitas;14013461,03;2046
2015;Prefeitura Municipal de Marema - SC;4210555;SC;DCA-Anexo I-C;NA;Deduções - FUNDEB;TotalReceitas;Total Receitas;2198082,37;2046
2015;Prefeitura Municipal de Marema - SC;4210555;SC;DCA-Anexo I-C;NA;Outras Deduções da Receita;TotalReceitas;Total Receitas;55834,77;2046
2015;Prefeitura Municipal de Marema - SC;4210555;SC;DCA-Anexo I-C;NA;Receitas Brutas Realizadas;RO1.0.0.0.00.00.00;1.0.0.0.00.00.00 - Receitas Correntes;13761407,67;2046
2015;Prefeitura Municipal de Marema - SC;4210555;SC;DCA-Anexo I-C;NA;Deduções - FUNDEB;RO1.0.0.0.00.00.00;1.0.0.0.00.00.00 - Receitas Correntes;2198082,37;2046
2015;Prefeitura Municipal de Marema - SC;4210555;SC;DCA-Anexo I-C;NA;Receitas Brutas Realizadas;RO1.1.0.0.00.00.00;1.1.0.0.00.00.00 - Receita Tributária;395388,40;2046
2015;Prefeitura Municipal de Marema - SC;4210555;SC;DCA-Anexo I-C;NA;Receitas Brutas Realizadas;RO1.1.1.0.00.00.00;1.1.1.0.00.00.00 - Impostos;376227,11;2046
2015;Prefeitura Municipal de Marema - SC;4210555;SC;DCA-Anexo I-C;NA;Receitas Brutas Realizadas;RO1.1.1.2.00.00.00;1.1.1.2.00.00.00 - Impostos sobre o Patrimônio e a Renda;289432,12;2046
2015;Prefeitura Municipal de Marema - SC;4210555;SC;DCA-Anexo I-C;NA;Receitas Brutas Realizadas;RO1.1.1.2.02.00.00;1.1.1.2.02.00.00 - Imposto sobre a Propriedade Predial e Territorial Urbana ¿ IPTU;41751,38;2046
2015;Prefeitura Municipal de Marema - SC;4210555;SC;DCA-Anexo I-C;NA;Receitas Brutas Realizadas;RO1.1.1.2.04.00.00;1.1.1.2.04.00.00 - Imposto sobre a Renda e Proventos de Qualquer Natureza ¿ IR;203874,58;2046
2015;Prefeitura Municipal de Marema - SC;4210555;SC;DCA-Anexo I-C;NA;Receitas Brutas Realizadas;RO1.1.1.2.04.31.00;1.1.1.2.04.31.00 - Retido nas Fontes - Trabalho;197392,07;2046
2015;Prefeitura Municipal de Marema - SC;4210555;SC;DCA-Anexo I-C;NA;Receitas Brutas Realizadas;RO1.1.1.2.04.34.00;1.1.1.2.04.34.00 - Retido nas Fontes - Outros Rendimentos;6482,51;2046
2015;Prefeitura Municipal de Marema - SC;4210555;SC;DCA-Anexo I-C;NA;Receitas Brutas Realizadas;RO1.1.1.2.08.00.00;"1.1.1.2.08.00.00 - Imposto sobre Transmissão ""Inter Vivos"" de Bens Imóveis e de Direitos Reais sobre Imóveis ¿ ITBI";43806,16;2046
2015;Prefeitura Municipal de Marema - SC;4210555;SC;DCA-Anexo I-C;NA;Receitas Brutas Realizadas;RO1.1.1.3.00.00.00;1.1.1.3.00.00.00 - Impostos sobre a Produção e a Circulação;86794,99;2046
2015;Prefeitura Municipal de Marema - SC;4210555;SC;DCA-Anexo I-C;NA;Receitas Brutas Realizadas;RO1.1.1.3.05.00.00;1.1.1.3.05.00.00 - Imposto sobre Serviços de Qualquer Natureza ¿ ISSQN;86794,99;2046
2015;Prefeitura Municipal de Marema - SC;4210555;SC;DCA-Anexo I-C;NA;Receitas Brutas Realizadas;RO1.1.2.0.00.00.00;1.1.2.0.00.00.00 - Taxas;19161,29;2046
2015;Prefeitura Municipal de Marema - SC;4210555;SC;DCA-Anexo I-C;NA;Receitas Brutas Realizadas;RO1.1.2.1.00.00.00;1.1.2.1.00.00.00 - Taxas pelo Exercício do Poder de Polícia;13103,29;2046
2015;Prefeitura Municipal de Marema - SC;4210555;SC;DCA-Anexo I-C;NA;Receitas Brutas Realizadas;RO1.1.2.2.00.00.00;1.1.2.2.00.00.00 - Taxas pela Prestação de Serviços;6058,00;2046
2015;Prefeitura Municipal de Marema - SC;4210555;SC;DCA-Anexo I-C;NA;Receitas Brutas Realizadas;RO1.2.0.0.00.00.00;1.2.0.0.00.00.00 - Receitas de Contribuições;31966,47;2046
2015;Prefeitura Municipal de Marema - SC;4210555;SC;DCA-Anexo I-C;NA;Receitas Brutas Realizadas;RO1.2.2.0.00.00.00;1.2.2.0.00.00.00 - Contribuições de Intervenção no Domínio Econômico;31966,47;2046
2015;Prefeitura Municipal de Marema - SC;4210555;SC;DCA-Anexo I-C;NA;Receitas Brutas Realizadas;RO1.3.0.0.00.00.00;1.3.0.0.00.00.00 - Receita Patrimonial;147068,85;2046
2015;Prefeitura Municipal de Marema - SC;4210555;SC;DCA-Anexo I-C;NA;Receitas Brutas Realizadas;RO1.3.2.0.00.00.00;1.3.2.0.00.00.00 - Receitas de Valores Mobiliários;147068,85;2046
2015;Prefeitura Municipal de Marema - SC;4210555;SC;DCA-Anexo I-C;NA;Receitas Brutas Realizadas;RO1.3.2.5.00.00.00;1.3.2.5.00.00.00 - Remuneração de Depósitos Bancários;147068,85;2046
2015;Prefeitura Municipal de Marema - SC;4210555;SC;DCA-Anexo I-C;NA;Receitas Brutas Realizadas;RO1.4.0.0.00.00.00;1.4.0.0.00.00.00 - Receita Agropecuária;6291,56;2046
2015;Prefeitura Municipal de Marema - SC;4210555;SC;DCA-Anexo I-C;NA;Receitas Brutas Realizadas;RO1.4.9.0.00.00.00;1.4.9.0.00.00.00 - Outras Receitas Agropecuárias;6291,56;2046
2015;Prefeitura Municipal de Marema - SC;4210555;SC;DCA-Anexo I-C;NA;Receitas Brutas Realizadas;RO1.6.0.0.00.00.00;1.6.0.0.00.00.00 - Receita de Serviços;158387,11;2046
2015;Prefeitura Municipal de Marema - SC;4210555;SC;DCA-Anexo I-C;NA;Receitas Brutas Realizadas;RO1.6.0.0.13.00.00;1.6.0.0.13.00.00 - Serviços Administrativos;2680,85;2046
2015;Prefeitura Municipal de Marema - SC;4210555;SC;DCA-Anexo I-C;NA;Receitas Brutas Realizadas;RO1.6.0.0.45.00.00;1.6.0.0.45.00.00 - Serviços de Preparação da Terra em Propriedades Particulares;155659,56;2046
2015;Prefeitura Municipal de Marema - SC;4210555;SC;DCA-Anexo I-C;NA;Receitas Brutas Realizadas;RO1.6.0.0.99.00.00;1.6.0.0.99.00.00 - Outros Serviços;46,70;2046
2015;Prefeitura Municipal de Marema - SC;4210555;SC;DCA-Anexo I-C;NA;Receitas Brutas Realizadas;RO1.7.0.0.00.00.00;1.7.0.0.00.00.00 - Transferências Correntes;12901539,21;2046
2015;Prefeitura Municipal de Marema - SC;4210555;SC;DCA-Anexo I-C;NA;Deduções - FUNDEB;RO1.7.0.0.00.00.00;1.7.0.0.00.00.00 - Transferências Correntes;2198082,37;2046
2015;Prefeitura Municipal de Marema - SC;4210555;SC;DCA-Anexo I-C;NA;Receitas Brutas Realizadas;RO1.7.2.0.00.00.00;1.7.2.0.00.00.00 - Transferências Intergovernamentais;12765088,58;2046
2015;Prefeitura Municipal de Marema - SC;4210555;SC;DCA-Anexo I-C;NA;Deduções - FUNDEB;RO1.7.2.0.00.00.00;1.7.2.0.00.00.00 - Transferências Intergovernamentais;2198082,37;2046
2015;Prefeitura Municipal de Marema - SC;4210555;SC;DCA-Anexo I-C;NA;Receitas Brutas Realizadas;RO1.7.2.1.00.00.00;1.7.2.1.00.00.00 - Transferências da União;7137264,05;2046
2015;Prefeitura Municipal de Marema - SC;4210555;SC;DCA-Anexo I-C;NA;Deduções - FUNDEB;RO1.7.2.1.00.00.00;1.7.2.1.00.00.00 - Transferências da União;1182666,16;2046
2015;Prefeitura Municipal de Marema - SC;4210555;SC;DCA-Anexo I-C;NA;Receitas Brutas Realizadas;RO1.7.2.1.01.00.00;1.7.2.1.01.00.00 - Participação na Receita da União;5894786,34;2046
2015;Prefeitura Municipal de Marema - SC;4210555;SC;DCA-Anexo I-C;NA;Deduções - FUNDEB;RO1.7.2.1.01.00.00;1.7.2.1.01.00.00 - Participação na Receita da União;1178956,94;2046
2015;Prefeitura Municipal de Marema - SC;4210555;SC;DCA-Anexo I-C;NA;Receitas Brutas Realizadas;RO1.7.2.1.01.02.00;1.7.2.1.01.02.00 - Cota-Parte do Fundo de Participação dos Municípios ¿ FPM;5891264,88;2046
2015;Prefeitura Municipal de Marema - SC;4210555;SC;DCA-Anexo I-C;NA;Deduções - FUNDEB;RO1.7.2.1.01.02.00;1.7.2.1.01.02.00 - Cota-Parte do Fundo de Participação dos Municípios ¿ FPM;1178252,66;2046
2015;Prefeitura Municipal de Marema - SC;4210555;SC;DCA-Anexo I-C;NA;Receitas Brutas Realizadas;RO1.7.2.1.01.03.00;1.7.2.1.01.03.00 - Cota-Parte do Fundo de Participação dos Municípios - 1% Cota Anual;3521,46;2046
2015;Prefeitura Municipal de Marema - SC;4210555;SC;DCA-Anexo I-C;NA;Deduções - FUNDEB;RO1.7.2.1.01.03.00;1.7.2.1.01.03.00 - Cota-Parte do Fundo de Participação dos Municípios - 1% Cota Anual;704,28;2046
2015;Prefeitura Municipal de Marema - SC;4210555;SC;DCA-Anexo I-C;NA;Receitas Brutas Realizadas;RO1.7.2.1.22.00.00;1.7.2.1.22.00.00 - Transferências da Compensação Financeira pela Exploração de Recursos Naturais;66187,14;2046
2015;Prefeitura Municipal de Marema - SC;4210555;SC;DCA-Anexo I-C;NA;Receitas Brutas Realizadas;RO1.7.2.1.22.20.00;1.7.2.1.22.20.00 - Cota-Parte da Compensação Financeira de Recursos Minerais - CFEM;130,56;2046
2015;Prefeitura Municipal de Marema - SC;4210555;SC;DCA-Anexo I-C;NA;Receitas Brutas Realizadas;RO1.7.2.1.22.70.00;1.7.2.1.22.70.00 - Cota-Parte do Fundo Especial do Petróleo ¿ FEP;66056,58;2046
2015;Prefeitura Municipal de Marema - SC;4210555;SC;DCA-Anexo I-C;NA;Receitas Brutas Realizadas;RO1.7.2.1.33.00.00;1.7.2.1.33.00.00 - Transferências de Recursos do Sistema Único de Saúde - SUS - Repasses Fundo a Fundo;544257,91;2046
2015;Prefeitura Municipal de Marema - SC;4210555;SC;DCA-Anexo I-C;NA;Receitas Brutas Realizadas;RO1.7.2.1.34.00.00;1.7.2.1.34.00.00 - Transferências de Recursos do Fundo Nacional de Assistência Social ¿ FNAS;148422,50;2046
2015;Prefeitura Municipal de Marema - SC;4210555;SC;DCA-Anexo I-C;NA;Receitas Brutas Realizadas;RO1.7.2.1.35.00.00;1.7.2.1.35.00.00 - Transferências de Recursos do Fundo Nacional do Desenvolvimento da Educação ¿ FNDE;121293,12;2046
2015;Prefeitura Municipal de Marema - SC;4210555;SC;DCA-Anexo I-C;NA;Receitas Brutas Realizadas;RO1.7.2.1.36.00.00;1.7.2.1.36.00.00 - Transferências Financeiras do ICMS ¿ Desoneração ¿ L.C. Nº 87/96;18546,24;2046
2015;Prefeitura Municipal de Marema - SC;4210555;SC;DCA-Anexo I-C;NA;Deduções - FUNDEB;RO1.7.2.1.36.00.00;1.7.2.1.36.00.00 - Transferências Financeiras do ICMS ¿ Desoneração ¿ L.C. Nº 87/96;3709,22;2046
2015;Prefeitura Municipal de Marema - SC;4210555;SC;DCA-Anexo I-C;NA;Receitas Brutas Realizadas;RO1.7.2.1.99.00.00;1.7.2.1.99.00.00 - Outras Transferências da União;343770,80;2046
2015;Prefeitura Municipal de Marema - SC;4210555;SC;DCA-Anexo I-C;NA;Receitas Brutas Realizadas;RO1.7.2.2.00.00.00;1.7.2.2.00.00.00 - Transferências dos Estados;5148933,56;2046
2015;Prefeitura Municipal de Marema - SC;4210555;SC;DCA-Anexo I-C;NA;Deduções - FUNDEB;RO1.7.2.2.00.00.00;1.7.2.2.00.00.00 - Transferências dos Estados;1015416,21;2046
2015;Prefeitura Municipal de Marema - SC;4210555;SC;DCA-Anexo I-C;NA;Receitas Brutas Realizadas;RO1.7.2.2.01.00.00;1.7.2.2.01.00.00 - Participação na Receita dos Estados;5081222,52;2046
2015;Prefeitura Municipal de Marema - SC;4210555;SC;DCA-Anexo I-C;NA;Deduções - FUNDEB;RO1.7.2.2.01.00.00;1.7.2.2.01.00.00 - Participação na Receita dos Estados;1015416,21;2046
2015;Prefeitura Municipal de Marema - SC;4210555;SC;DCA-Anexo I-C;NA;Receitas Brutas Realizadas;RO1.7.2.2.01.01.00;1.7.2.2.01.01.00 - Cota-Parte do ICMS;4813924,84;2046
2015;Prefeitura Municipal de Marema - SC;4210555;SC;DCA-Anexo I-C;NA;Deduções - FUNDEB;RO1.7.2.2.01.01.00;1.7.2.2.01.01.00 - Cota-Parte do ICMS;962785,96;2046
2015;Prefeitura Municipal de Marema - SC;4210555;SC;DCA-Anexo I-C;NA;Receitas Brutas Realizadas;RO1.7.2.2.01.02.00;1.7.2.2.01.02.00 - Cota-Parte do IPVA;188147,84;2046
2015;Prefeitura Municipal de Marema - SC;4210555;SC;DCA-Anexo I-C;NA;Deduções - FUNDEB;RO1.7.2.2.01.02.00;1.7.2.2.01.02.00 - Cota-Parte do IPVA;37629,45;2046
2015;Prefeitura Municipal de Marema - SC;4210555;SC;DCA-Anexo I-C;NA;Receitas Brutas Realizadas;RO1.7.2.2.01.04.00;1.7.2.2.01.04.00 - Cota-Parte do IPI sobre Exportação;75002,93;2046
2015;Prefeitura Municipal de Marema - SC;4210555;SC;DCA-Anexo I-C;NA;Deduções - FUNDEB;RO1.7.2.2.01.04.00;1.7.2.2.01.04.00 - Cota-Parte do IPI sobre Exportação;15000,80;2046
2015;Prefeitura Municipal de Marema - SC;4210555;SC;DCA-Anexo I-C;NA;Receitas Brutas Realizadas;RO1.7.2.2.01.13.00;1.7.2.2.01.13.00 - Cota-Parte da Contribuição de Intervenção no Domínio Econômico;4146,91;2046
2015;Prefeitura Municipal de Marema - SC;4210555;SC;DCA-Anexo I-C;NA;Receitas Brutas Realizadas;RO1.7.2.2.33.00.00;1.7.2.2.33.00.00 - Transferências de Recursos do Estado para Programas de Saúde - Repasse Fundo a Fundo;67711,04;2046
2015;Prefeitura Municipal de Marema - SC;4210555;SC;DCA-Anexo I-C;NA;Receitas Brutas Realizadas;RO1.7.2.4.00.00.00;1.7.2.4.00.00.00 - Transferências Multigovernamentais;478890,97;2046
2015;Prefeitura Municipal de Marema - SC;4210555;SC;DCA-Anexo I-C;NA;Receitas Brutas Realizadas;RO1.7.2.4.01.00.00;1.7.2.4.01.00.00 - Transferências de Recursos do Fundo de Manutenção e Desenvolvimento do Ensino Fundamental e de Valorização do Magistério - FUNDEB;478890,97;2046
2015;Prefeitura Municipal de Marema - SC;4210555;SC;DCA-Anexo I-C;NA;Receitas Brutas Realizadas;RO1.7.6.0.00.00.00;1.7.6.0.00.00.00 - Transferências de Convênios;136450,63;2046
2015;Prefeitura Municipal de Marema - SC;4210555;SC;DCA-Anexo I-C;NA;Receitas Brutas Realizadas;RO1.7.6.2.00.00.00;1.7.6.2.00.00.00 - Transferências de Convênios dos Estados e do Distrito Federal e de Suas Entidades;136450,63;2046
2015;Prefeitura Municipal de Marema - SC;4210555;SC;DCA-Anexo I-C;NA;Receitas Brutas Realizadas;RO1.7.6.2.02.00.00;1.7.6.2.02.00.00 - Transferências de Convênios dos Estados Destinadas a Programas de Educação;50976,97;2046
2015;Prefeitura Municipal de Marema - SC;4210555;SC;DCA-Anexo I-C;NA;Receitas Brutas Realizadas;RO1.7.6.2.99.00.00;1.7.6.2.99.00.00 - Outras Transferências de Convênios dos Estados;85473,66;2046
2015;Prefeitura Municipal de Marema - SC;4210555;SC;DCA-Anexo I-C;NA;Receitas Brutas Realizadas;RO1.9.0.0.00.00.00;1.9.0.0.00.00.00 - Outras Receitas Correntes;120766,07;2046
2015;Prefeitura Municipal de Marema - SC;4210555;SC;DCA-Anexo I-C;NA;Receitas Brutas Realizadas;RO1.9.1.0.00.00.00;1.9.1.0.00.00.00 - Multas e Juros de Mora;16783,09;2046
2015;Prefeitura Municipal de Marema - SC;4210555;SC;DCA-Anexo I-C;NA;Receitas Brutas Realizadas;RO1.9.1.1.00.00.00;1.9.1.1.00.00.00 - Multas e Juros de Mora dos Tributos;620,54;2046
2015;Prefeitura Municipal de Marema - SC;4210555;SC;DCA-Anexo I-C;NA;Receitas Brutas Realizadas;RO1.9.1.1.99.00.00;1.9.1.1.99.00.00 - Multas e Juros de Mora de Outros Tributos;620,54;2046
2015;Prefeitura Municipal de Marema - SC;4210555;SC;DCA-Anexo I-C;NA;Receitas Brutas Realizadas;RO1.9.1.3.00.00.00;1.9.1.3.00.00.00 - Multas e Juros de Mora da Dívida Ativa dos Tributos;16,54;2046
2015;Prefeitura Municipal de Marema - SC;4210555;SC;DCA-Anexo I-C;NA;Receitas Brutas Realizadas;RO1.9.1.3.11.00.00;1.9.1.3.11.00.00 - Multas e Juros de Mora da Dívida Ativa do Imposto sobre a Propriedade Predial e Territorial Urbana ¿ IPTU;16,54;2046
2015;Prefeitura Municipal de Marema - SC;4210555;SC;DCA-Anexo I-C;NA;Receitas Brutas Realizadas;RO1.9.1.5.00.00.00;1.9.1.5.00.00.00 - Multas e Juros de Mora da Dívida Ativa de Outras Receitas;232,25;2046
2015;Prefeitura Municipal de Marema - SC;4210555;SC;DCA-Anexo I-C;NA;Receitas Brutas Realizadas;RO1.9.1.9.00.00.00;1.9.1.9.00.00.00 - Multas de Outras Origens;15913,76;2046
2015;Prefeitura Municipal de Marema - SC;4210555;SC;DCA-Anexo I-C;NA;Receitas Brutas Realizadas;RO1.9.3.0.00.00.00;1.9.3.0.00.00.00 - Receita da Dívida Ativa;9285,93;2046
2015;Prefeitura Municipal de Marema - SC;4210555;SC;DCA-Anexo I-C;NA;Receitas Brutas Realizadas;RO1.9.3.1.00.00.00;1.9.3.1.00.00.00 - Receita da Dívida Ativa Tributária;5827,04;2046
2015;Prefeitura Municipal de Marema - SC;4210555;SC;DCA-Anexo I-C;NA;Receitas Brutas Realizadas;RO1.9.3.1.11.00.00;1.9.3.1.11.00.00 - Receita da Dívida Ativa do Imposto sobre a Propriedade Predial e Territorial Urbana ¿ IPTU;1807,77;2046
2015;Prefeitura Municipal de Marema - SC;4210555;SC;DCA-Anexo I-C;NA;Receitas Brutas Realizadas;RO1.9.3.1.13.00.00;1.9.3.1.13.00.00 - Receita da Dívida Ativa do Imposto sobre Serviços de Qualquer Natureza ¿ ISS;3374,51;2046
2015;Prefeitura Municipal de Marema - SC;4210555;SC;DCA-Anexo I-C;NA;Receitas Brutas Realizadas;RO1.9.3.1.99.00.00;1.9.3.1.99.00.00 - Receita da Dívida Ativa de Outros Tributos;644,76;2046
2015;Prefeitura Municipal de Marema - SC;4210555;SC;DCA-Anexo I-C;NA;Receitas Brutas Realizadas;RO1.9.3.2.00.00.00;1.9.3.2.00.00.00 - Receita da Dívida Ativa Não Tributária;3458,89;2046
2015;Prefeitura Municipal de Marema - SC;4210555;SC;DCA-Anexo I-C;NA;Receitas Brutas Realizadas;RO1.9.9.0.00.00.00;1.9.9.0.00.00.00 - Receitas Diversas;94697,05;2046
2015;Prefeitura Municipal de Marema - SC;4210555;SC;DCA-Anexo I-C;NA;Receitas Brutas Realizadas;RO2.0.0.0.00.00.00;2.0.0.0.00.00.00 - Receitas de Capital;252053,36;2046
2015;Prefeitura Municipal de Marema - SC;4210555;SC;DCA-Anexo I-C;NA;Outras Deduções da Receita;RO2.0.0.0.00.00.00;2.0.0.0.00.00.00 - Receitas de Capital;55834,77;2046
2015;Prefeitura Municipal de Marema - SC;4210555;SC;DCA-Anexo I-C;NA;Receitas Brutas Realizadas;RO2.2.0.0.00.00.00;2.2.0.0.00.00.00 - Alienação de Bens;27500,00;2046
2015;Prefeitura Municipal de Marema - SC;4210555;SC;DCA-Anexo I-C;NA;Receitas Brutas Realizadas;RO2.2.1.0.00.00.00;2.2.1.0.00.00.00 - Alienação de Bens Móveis;27500,00;2046
2015;Prefeitura Municipal de Marema - SC;4210555;SC;DCA-Anexo I-C;NA;Receitas Brutas Realizadas;RO2.4.0.0.00.00.00;2.4.0.0.00.00.00 - Transferências de Capital;224553,36;2046
2015;Prefeitura Municipal de Marema - SC;4210555;SC;DCA-Anexo I-C;NA;Outras Deduções da Receita;RO2.4.0.0.00.00.00;2.4.0.0.00.00.00 - Transferências de Capital;55834,77;2046
2015;Prefeitura Municipal de Marema - SC;4210555;SC;DCA-Anexo I-C;NA;Receitas Brutas Realizadas;RO2.4.7.0.00.00.00;2.4.7.0.00.00.00 - Transferências de Convênios;224553,36;2046
2015;Prefeitura Municipal de Marema - SC;4210555;SC;DCA-Anexo I-C;NA;Outras Deduções da Receita;RO2.4.7.0.00.00.00;2.4.7.0.00.00.00 - Transferências de Convênios;55834,77;2046
2015;Prefeitura Municipal de Marema - SC;4210555;SC;DCA-Anexo I-C;NA;Receitas Brutas Realizadas;RO2.4.7.1.00.00.00;2.4.7.1.00.00.00 - Transferências de Convênios da União e de suas Entidades;224553,36;2046
2015;Prefeitura Municipal de Marema - SC;4210555;SC;DCA-Anexo I-C;NA;Outras Deduções da Receita;RO2.4.7.1.00.00.00;2.4.7.1.00.00.00 - Transferências de Convênios da União e de suas Entidades;55834,77;2046
2015;Prefeitura Municipal de Marema - SC;4210555;SC;DCA-Anexo I-C;NA;Receitas Brutas Realizadas;RO2.4.7.1.99.00.00;2.4.7.1.99.00.00 - Outras Transferências de Convênios da União;224553,36;2046
2015;Prefeitura Municipal de Marema - SC;4210555;SC;DCA-Anexo I-C;NA;Outras Deduções da Receita;RO2.4.7.1.99.00.00;2.4.7.1.99.00.00 - Outras Transferências de Convênios da União;55834,77;2046
2016;Prefeitura Municipal de Marema - SC;4210555;SC;DCA-Anexo I-C;NA;Receitas Brutas Realizadas;TotalReceitas;Total Receitas;16043912,79;1999
2016;Prefeitura Municipal de Marema - SC;4210555;SC;DCA-Anexo I-C;NA;Deduções - Transferências Constitucionais;TotalReceitas;Total Receitas;2441049,93;1999
2016;Prefeitura Municipal de Marema - SC;4210555;SC;DCA-Anexo I-C;NA;Receitas Brutas Realizadas;RO1.0.0.0.00.00.00;1.0.0.0.00.00.00 - Receitas Correntes;15336599,57;1999
2016;Prefeitura Municipal de Marema - SC;4210555;SC;DCA-Anexo I-C;NA;Deduções - Transferências Constitucionais;RO1.0.0.0.00.00.00;1.0.0.0.00.00.00 - Receitas Correntes;2441049,93;1999
2016;Prefeitura Municipal de Marema - SC;4210555;SC;DCA-Anexo I-C;NA;Receitas Brutas Realizadas;RO1.1.0.0.00.00.00;1.1.0.0.00.00.00 - Receita Tributária;440474,06;1999
2016;Prefeitura Municipal de Marema - SC;4210555;SC;DCA-Anexo I-C;NA;Receitas Brutas Realizadas;RO1.1.1.0.00.00.00;1.1.1.0.00.00.00 - Impostos;425754,11;1999
2016;Prefeitura Municipal de Marema - SC;4210555;SC;DCA-Anexo I-C;NA;Receitas Brutas Realizadas;RO1.1.1.2.00.00.00;1.1.1.2.00.00.00 - Impostos sobre o Patrimônio e a Renda;322734,98;1999
2016;Prefeitura Municipal de Marema - SC;4210555;SC;DCA-Anexo I-C;NA;Receitas Brutas Realizadas;RO1.1.1.2.02.00.00;1.1.1.2.02.00.00 - Imposto sobre a Propriedade Predial e Territorial Urbana ¿ IPTU;59456,54;1999
2016;Prefeitura Municipal de Marema - SC;4210555;SC;DCA-Anexo I-C;NA;Receitas Brutas Realizadas;RO1.1.1.2.04.00.00;1.1.1.2.04.00.00 - Imposto sobre a Renda e Proventos de Qualquer Natureza ¿ IR;226794,07;1999
2016;Prefeitura Municipal de Marema - SC;4210555;SC;DCA-Anexo I-C;NA;Receitas Brutas Realizadas;RO1.1.1.2.04.23.00;1.1.1.2.04.23.00 - Imposto de Renda Pessoa Jurídica - Simples Federal e Nacional;226794,07;1999
2016;Prefeitura Municipal de Marema - SC;4210555;SC;DCA-Anexo I-C;NA;Receitas Brutas Realizadas;RO1.1.1.2.08.00.00;"1.1.1.2.08.00.00 - Imposto sobre Transmissão ""Inter Vivos"" de Bens Imóveis e de Direitos Reais sobre Imóveis ¿ ITBI";36484,37;1999
2016;Prefeitura Municipal de Marema - SC;4210555;SC;DCA-Anexo I-C;NA;Receitas Brutas Realizadas;RO1.1.1.3.00.00.00;1.1.1.3.00.00.00 - Impostos sobre a Produção e a Circulação;103019,13;1999
2016;Prefeitura Municipal de Marema - SC;4210555;SC;DCA-Anexo I-C;NA;Receitas Brutas Realizadas;RO1.1.1.3.05.00.00;1.1.1.3.05.00.00 - Imposto sobre Serviços de Qualquer Natureza ¿ ISSQN;103019,13;1999
2016;Prefeitura Municipal de Marema - SC;4210555;SC;DCA-Anexo I-C;NA;Receitas Brutas Realizadas;RO1.1.2.0.00.00.00;1.1.2.0.00.00.00 - Taxas;14719,95;1999
2016;Prefeitura Municipal de Marema - SC;4210555;SC;DCA-Anexo I-C;NA;Receitas Brutas Realizadas;RO1.1.2.1.00.00.00;1.1.2.1.00.00.00 - Taxas pelo Exercício do Poder de Polícia;14305,42;1999
2016;Prefeitura Municipal de Marema - SC;4210555;SC;DCA-Anexo I-C;NA;Receitas Brutas Realizadas;RO1.1.2.2.00.00.00;1.1.2.2.00.00.00 - Taxas pela Prestação de Serviços;414,53;1999
2016;Prefeitura Municipal de Marema - SC;4210555;SC;DCA-Anexo I-C;NA;Receitas Brutas Realizadas;RO1.1.2.2.99.00.00;1.1.2.2.99.00.00 - Outras Taxas pela Prestação de Serviços;414,53;1999
2016;Prefeitura Municipal de Marema - SC;4210555;SC;DCA-Anexo I-C;NA;Receitas Brutas Realizadas;RO1.2.0.0.00.00.00;1.2.0.0.00.00.00 - Receitas de Contribuições;36875,28;1999
2016;Prefeitura Municipal de Marema - SC;4210555;SC;DCA-Anexo I-C;NA;Receitas Brutas Realizadas;RO1.2.3.0.00.00.00;1.2.3.0.00.00.00 - Contribuição para Custeio do Serviço de Iluminação Pública;36875,28;1999
2016;Prefeitura Municipal de Marema - SC;4210555;SC;DCA-Anexo I-C;NA;Receitas Brutas Realizadas;RO1.3.0.0.00.00.00;1.3.0.0.00.00.00 - Receita Patrimonial;144665,68;1999
2016;Prefeitura Municipal de Marema - SC;4210555;SC;DCA-Anexo I-C;NA;Receitas Brutas Realizadas;RO1.3.2.0.00.00.00;1.3.2.0.00.00.00 - Receitas de Valores Mobiliários;144665,68;1999
2016;Prefeitura Municipal de Marema - SC;4210555;SC;DCA-Anexo I-C;NA;Receitas Brutas Realizadas;RO1.3.2.5.00.00.00;1.3.2.5.00.00.00 - Remuneração de Depósitos Bancários;144665,68;1999
2016;Prefeitura Municipal de Marema - SC;4210555;SC;DCA-Anexo I-C;NA;Receitas Brutas Realizadas;RO1.4.0.0.00.00.00;1.4.0.0.00.00.00 - Receita Agropecuária;405,60;1999
2016;Prefeitura Municipal de Marema - SC;4210555;SC;DCA-Anexo I-C;NA;Receitas Brutas Realizadas;RO1.4.9.0.00.00.00;1.4.9.0.00.00.00 - Outras Receitas Agropecuárias;405,60;1999
2016;Prefeitura Municipal de Marema - SC;4210555;SC;DCA-Anexo I-C;NA;Receitas Brutas Realizadas;RO1.6.0.0.00.00.00;1.6.0.0.00.00.00 - Receita de Serviços;130142,09;1999
2016;Prefeitura Municipal de Marema - SC;4210555;SC;DCA-Anexo I-C;NA;Receitas Brutas Realizadas;RO1.6.0.0.13.00.00;1.6.0.0.13.00.00 - Serviços Administrativos;696,97;1999
2016;Prefeitura Municipal de Marema - SC;4210555;SC;DCA-Anexo I-C;NA;Receitas Brutas Realizadas;RO1.6.0.0.45.00.00;1.6.0.0.45.00.00 - Serviços de Preparação da Terra em Propriedades Particulares;127590,41;1999
2016;Prefeitura Municipal de Marema - SC;4210555;SC;DCA-Anexo I-C;NA;Receitas Brutas Realizadas;RO1.6.0.0.99.00.00;1.6.0.0.99.00.00 - Outros Serviços;1854,71;1999
2016;Prefeitura Municipal de Marema - SC;4210555;SC;DCA-Anexo I-C;NA;Receitas Brutas Realizadas;RO1.7.0.0.00.00.00;1.7.0.0.00.00.00 - Transferências Correntes;14534178,86;1999
2016;Prefeitura Municipal de Marema - SC;4210555;SC;DCA-Anexo I-C;NA;Deduções - Transferências Constitucionais;RO1.7.0.0.00.00.00;1.7.0.0.00.00.00 - Transferências Correntes;2441049,93;1999
2016;Prefeitura Municipal de Marema - SC;4210555;SC;DCA-Anexo I-C;NA;Receitas Brutas Realizadas;RO1.7.2.0.00.00.00;1.7.2.0.00.00.00 - Transferências Intergovernamentais;14400536,58;1999
2016;Prefeitura Municipal de Marema - SC;4210555;SC;DCA-Anexo I-C;NA;Deduções - Transferências Constitucionais;RO1.7.2.0.00.00.00;1.7.2.0.00.00.00 - Transferências Intergovernamentais;2441049,93;1999
2016;Prefeitura Municipal de Marema - SC;4210555;SC;DCA-Anexo I-C;NA;Receitas Brutas Realizadas;RO1.7.2.1.00.00.00;1.7.2.1.00.00.00 - Transferências da União;8344237,16;1999
2016;Prefeitura Municipal de Marema - SC;4210555;SC;DCA-Anexo I-C;NA;Deduções - Transferências Constitucionais;RO1.7.2.1.00.00.00;1.7.2.1.00.00.00 - Transferências da União;1348976,87;1999
2016;Prefeitura Municipal de Marema - SC;4210555;SC;DCA-Anexo I-C;NA;Receitas Brutas Realizadas;RO1.7.2.1.01.00.00;1.7.2.1.01.00.00 - Participação na Receita da União;6725883,37;1999
2016;Prefeitura Municipal de Marema - SC;4210555;SC;DCA-Anexo I-C;NA;Deduções - Transferências Constitucionais;RO1.7.2.1.01.00.00;1.7.2.1.01.00.00 - Participação na Receita da União;1345175,27;1999
2016;Prefeitura Municipal de Marema - SC;4210555;SC;DCA-Anexo I-C;NA;Receitas Brutas Realizadas;RO1.7.2.1.01.02.00;1.7.2.1.01.02.00 - Cota-Parte do Fundo de Participação dos Municípios ¿ FPM;6721901,95;1999
2016;Prefeitura Municipal de Marema - SC;4210555;SC;DCA-Anexo I-C;NA;Deduções - Transferências Constitucionais;RO1.7.2.1.01.02.00;1.7.2.1.01.02.00 - Cota-Parte do Fundo de Participação dos Municípios ¿ FPM;1344379,05;1999
2016;Prefeitura Municipal de Marema - SC;4210555;SC;DCA-Anexo I-C;NA;Receitas Brutas Realizadas;RO1.7.2.1.01.05.00;1.7.2.1.01.05.00 - Cota-Parte do Imposto Sobre a Propriedade Territorial Rural ¿ ITR;3981,42;1999
2016;Prefeitura Municipal de Marema - SC;4210555;SC;DCA-Anexo I-C;NA;Deduções - Transferências Constitucionais;RO1.7.2.1.01.05.00;1.7.2.1.01.05.00 - Cota-Parte do Imposto Sobre a Propriedade Territorial Rural ¿ ITR;796,22;1999
2016;Prefeitura Municipal de Marema - SC;4210555;SC;DCA-Anexo I-C;NA;Receitas Brutas Realizadas;RO1.7.2.1.22.00.00;1.7.2.1.22.00.00 - Transferências da Compensação Financeira pela Exploração de Recursos Naturais;56553,55;1999
2016;Prefeitura Municipal de Marema - SC;4210555;SC;DCA-Anexo I-C;NA;Receitas Brutas Realizadas;RO1.7.2.1.22.70.00;1.7.2.1.22.70.00 - Cota-Parte do Fundo Especial do Petróleo ¿ FEP;56553,55;1999
2016;Prefeitura Municipal de Marema - SC;4210555;SC;DCA-Anexo I-C;NA;Receitas Brutas Realizadas;RO1.7.2.1.33.00.00;1.7.2.1.33.00.00 - Transferências de Recursos do Sistema Único de Saúde - SUS - Repasses Fundo a Fundo;662241,53;1999
2016;Prefeitura Municipal de Marema - SC;4210555;SC;DCA-Anexo I-C;NA;Receitas Brutas Realizadas;RO1.7.2.1.34.00.00;1.7.2.1.34.00.00 - Transferências de Recursos do Fundo Nacional de Assistência Social ¿ FNAS;231635,40;1999
2016;Prefeitura Municipal de Marema - SC;4210555;SC;DCA-Anexo I-C;NA;Receitas Brutas Realizadas;RO1.7.2.1.35.00.00;1.7.2.1.35.00.00 - Transferências de Recursos do Fundo Nacional do Desenvolvimento da Educação ¿ FNDE;120163,52;1999
2016;Prefeitura Municipal de Marema - SC;4210555;SC;DCA-Anexo I-C;NA;Receitas Brutas Realizadas;RO1.7.2.1.36.00.00;1.7.2.1.36.00.00 - Transferências Financeiras do ICMS ¿ Desoneração ¿ L.C. Nº 87/96;19008,44;1999
2016;Prefeitura Municipal de Marema - SC;4210555;SC;DCA-Anexo I-C;NA;Deduções - Transferências Constitucionais;RO1.7.2.1.36.00.00;1.7.2.1.36.00.00 - Transferências Financeiras do ICMS ¿ Desoneração ¿ L.C. Nº 87/96;3801,60;1999
2016;Prefeitura Municipal de Marema - SC;4210555;SC;DCA-Anexo I-C;NA;Receitas Brutas Realizadas;RO1.7.2.1.99.00.00;1.7.2.1.99.00.00 - Outras Transferências da União;528751,35;1999
2016;Prefeitura Municipal de Marema - SC;4210555;SC;DCA-Anexo I-C;NA;Receitas Brutas Realizadas;RO1.7.2.2.00.00.00;1.7.2.2.00.00.00 - Transferências dos Estados;5546082,65;1999
2016;Prefeitura Municipal de Marema - SC;4210555;SC;DCA-Anexo I-C;NA;Deduções - Transferências Constitucionais;RO1.7.2.2.00.00.00;1.7.2.2.00.00.00 - Transferências dos Estados;1092073,06;1999
2016;Prefeitura Municipal de Marema - SC;4210555;SC;DCA-Anexo I-C;NA;Receitas Brutas Realizadas;RO1.7.2.2.01.00.00;1.7.2.2.01.00.00 - Participação na Receita dos Estados;5471768,83;1999
2016;Prefeitura Municipal de Marema - SC;4210555;SC;DCA-Anexo I-C;NA;Deduções - Transferências Constitucionais;RO1.7.2.2.01.00.00;1.7.2.2.01.00.00 - Participação na Receita dos Estados;1092073,06;1999
2016;Prefeitura Municipal de Marema - SC;4210555;SC;DCA-Anexo I-C;NA;Receitas Brutas Realizadas;RO1.7.2.2.01.01.00;1.7.2.2.01.01.00 - Cota-Parte do ICMS;5200170,96;1999
2016;Prefeitura Municipal de Marema - SC;4210555;SC;DCA-Anexo I-C;NA;Deduções - Transferências Constitucionais;RO1.7.2.2.01.01.00;1.7.2.2.01.01.00 - Cota-Parte do ICMS;1040032,12;1999
2016;Prefeitura Municipal de Marema - SC;4210555;SC;DCA-Anexo I-C;NA;Receitas Brutas Realizadas;RO1.7.2.2.01.02.00;1.7.2.2.01.02.00 - Cota-Parte do IPVA;185924,00;1999
2016;Prefeitura Municipal de Marema - SC;4210555;SC;DCA-Anexo I-C;NA;Deduções - Transferências Constitucionais;RO1.7.2.2.01.02.00;1.7.2.2.01.02.00 - Cota-Parte do IPVA;37184,50;1999
2016;Prefeitura Municipal de Marema - SC;4210555;SC;DCA-Anexo I-C;NA;Receitas Brutas Realizadas;RO1.7.2.2.01.04.00;1.7.2.2.01.04.00 - Cota-Parte do IPI - Municípios;74282,31;1999
2016;Prefeitura Municipal de Marema - SC;4210555;SC;DCA-Anexo I-C;NA;Deduções - Transferências Constitucionais;RO1.7.2.2.01.04.00;1.7.2.2.01.04.00 - Cota-Parte do IPI - Municípios;14856,44;1999
2016;Prefeitura Municipal de Marema - SC;4210555;SC;DCA-Anexo I-C;NA;Receitas Brutas Realizadas;RO1.7.2.2.01.13.00;1.7.2.2.01.13.00 - Cota-Parte da Contribuição de Intervenção no Domínio Econômico;11391,56;1999
2016;Prefeitura Municipal de Marema - SC;4210555;SC;DCA-Anexo I-C;NA;Receitas Brutas Realizadas;RO1.7.2.2.33.00.00;1.7.2.2.33.00.00 - Transferências de Recursos do Estado para Programas de Saúde - Repasse Fundo a Fundo;74313,82;1999
2016;Prefeitura Municipal de Marema - SC;4210555;SC;DCA-Anexo I-C;NA;Receitas Brutas Realizadas;RO1.7.2.4.00.00.00;1.7.2.4.00.00.00 - Transferências Multigovernamentais;510216,77;1999
2016;Prefeitura Municipal de Marema - SC;4210555;SC;DCA-Anexo I-C;NA;Receitas Brutas Realizadas;RO1.7.2.4.01.00.00;1.7.2.4.01.00.00 - Transferências de Recursos do Fundo de Manutenção e Desenvolvimento do Ensino Fundamental e de Valorização do Magistério - FUNDEB;510216,77;1999
2016;Prefeitura Municipal de Marema - SC;4210555;SC;DCA-Anexo I-C;NA;Receitas Brutas Realizadas;RO1.7.6.0.00.00.00;1.7.6.0.00.00.00 - Transferências de Convênios;133642,28;1999
2016;Prefeitura Municipal de Marema - SC;4210555;SC;DCA-Anexo I-C;NA;Receitas Brutas Realizadas;RO1.7.6.2.00.00.00;1.7.6.2.00.00.00 - Transferências de Convênios dos Estados e do Distrito Federal e de Suas Entidades;133642,28;1999
2016;Prefeitura Municipal de Marema - SC;4210555;SC;DCA-Anexo I-C;NA;Receitas Brutas Realizadas;RO1.7.6.2.02.00.00;1.7.6.2.02.00.00 - Transferências de Convênios dos Estados Destinadas a Programas de Educação;51527,24;1999
2016;Prefeitura Municipal de Marema - SC;4210555;SC;DCA-Anexo I-C;NA;Receitas Brutas Realizadas;RO1.7.6.2.99.00.00;1.7.6.2.99.00.00 - Outras Transferências de Convênios dos Estados;82115,04;1999
2016;Prefeitura Municipal de Marema - SC;4210555;SC;DCA-Anexo I-C;NA;Receitas Brutas Realizadas;RO1.9.0.0.00.00.00;1.9.0.0.00.00.00 - Outras Receitas Correntes;49858,00;1999
2016;Prefeitura Municipal de Marema - SC;4210555;SC;DCA-Anexo I-C;NA;Receitas Brutas Realizadas;RO1.9.1.0.00.00.00;1.9.1.0.00.00.00 - Multas e Juros de Mora;15253,84;1999
2016;Prefeitura Municipal de Marema - SC;4210555;SC;DCA-Anexo I-C;NA;Receitas Brutas Realizadas;RO1.9.1.1.00.00.00;1.9.1.1.00.00.00 - Multas e Juros de Mora dos Tributos;456,84;1999
2016;Prefeitura Municipal de Marema - SC;4210555;SC;DCA-Anexo I-C;NA;Receitas Brutas Realizadas;RO1.9.1.1.99.00.00;1.9.1.1.99.00.00 - Multas e Juros de Mora de Outros Tributos;456,84;1999
2016;Prefeitura Municipal de Marema - SC;4210555;SC;DCA-Anexo I-C;NA;Receitas Brutas Realizadas;RO1.9.1.3.00.00.00;1.9.1.3.00.00.00 - Multas e Juros de Mora da Dívida Ativa dos Tributos;3199,22;1999
2016;Prefeitura Municipal de Marema - SC;4210555;SC;DCA-Anexo I-C;NA;Receitas Brutas Realizadas;RO1.9.1.3.11.00.00;1.9.1.3.11.00.00 - Multas e Juros de Mora da Dívida Ativa do Imposto sobre a Propriedade Predial e Territorial Urbana ¿ IPTU;384,01;1999
2016;Prefeitura Municipal de Marema - SC;4210555;SC;DCA-Anexo I-C;NA;Receitas Brutas Realizadas;RO1.9.1.3.13.00.00;1.9.1.3.13.00.00 - Multas e Juros de Mora da Dívida Ativa do Imposto sobre Serviços de Qualquer Natureza ¿ ISS;816,66;1999
2016;Prefeitura Municipal de Marema - SC;4210555;SC;DCA-Anexo I-C;NA;Receitas Brutas Realizadas;RO1.9.1.3.99.00.00;1.9.1.3.99.00.00 - Multas e Juros de Mora da Dívida Ativa de Outros Tributos;1998,55;1999
2016;Prefeitura Municipal de Marema - SC;4210555;SC;DCA-Anexo I-C;NA;Receitas Brutas Realizadas;RO1.9.1.9.00.00.00;1.9.1.9.00.00.00 - Multas de Outras Origens;11597,78;1999
2016;Prefeitura Municipal de Marema - SC;4210555;SC;DCA-Anexo I-C;NA;Receitas Brutas Realizadas;RO1.9.3.0.00.00.00;1.9.3.0.00.00.00 - Receita da Dívida Ativa;16967,03;1999
2016;Prefeitura Municipal de Marema - SC;4210555;SC;DCA-Anexo I-C;NA;Receitas Brutas Realizadas;RO1.9.3.1.00.00.00;1.9.3.1.00.00.00 - Receita da Dívida Ativa Tributária;11999,20;1999
2016;Prefeitura Municipal de Marema - SC;4210555;SC;DCA-Anexo I-C;NA;Receitas Brutas Realizadas;RO1.9.3.1.11.00.00;1.9.3.1.11.00.00 - Receita da Dívida Ativa do Imposto sobre a Propriedade Predial e Territorial Urbana ¿ IPTU;3817,34;1999
2016;Prefeitura Municipal de Marema - SC;4210555;SC;DCA-Anexo I-C;NA;Receitas Brutas Realizadas;RO1.9.3.1.99.00.00;1.9.3.1.99.00.00 - Receita da Dívida Ativa de Outros Tributos;8181,86;1999
2016;Prefeitura Municipal de Marema - SC;4210555;SC;DCA-Anexo I-C;NA;Receitas Brutas Realizadas;RO1.9.3.2.00.00.00;1.9.3.2.00.00.00 - Receita da Dívida Ativa Não Tributária;4967,83;1999
2016;Prefeitura Municipal de Marema - SC;4210555;SC;DCA-Anexo I-C;NA;Receitas Brutas Realizadas;RO1.9.3.2.99.00.00;1.9.3.2.99.00.00 - Receita da Dívida Ativa Não Tributária de Outras Receitas;4967,83;1999
2016;Prefeitura Municipal de Marema - SC;4210555;SC;DCA-Anexo I-C;NA;Receitas Brutas Realizadas;RO1.9.9.0.00.00.00;1.9.9.0.00.00.00 - Receitas Diversas;17637,13;1999
2016;Prefeitura Municipal de Marema - SC;4210555;SC;DCA-Anexo I-C;NA;Receitas Brutas Realizadas;RO1.9.9.0.99.00.00;1.9.9.0.99.00.00 - Outras Receitas;17637,13;1999
2016;Prefeitura Municipal de Marema - SC;4210555;SC;DCA-Anexo I-C;NA;Receitas Brutas Realizadas;RO2.0.0.0.00.00.00;2.0.0.0.00.00.00 - Receitas de Capital;707313,22;1999
2016;Prefeitura Municipal de Marema - SC;4210555;SC;DCA-Anexo I-C;NA;Receitas Brutas Realizadas;RO2.2.0.0.00.00.00;2.2.0.0.00.00.00 - Alienação de Bens;26000,00;1999
2016;Prefeitura Municipal de Marema - SC;4210555;SC;DCA-Anexo I-C;NA;Receitas Brutas Realizadas;RO2.2.1.0.00.00.00;2.2.1.0.00.00.00 - Alienação de Bens Móveis;26000,00;1999
2016;Prefeitura Municipal de Marema - SC;4210555;SC;DCA-Anexo I-C;NA;Receitas Brutas Realizadas;RO2.4.0.0.00.00.00;2.4.0.0.00.00.00 - Transferências de Capital;681313,22;1999
2016;Prefeitura Municipal de Marema - SC;4210555;SC;DCA-Anexo I-C;NA;Receitas Brutas Realizadas;RO2.4.7.0.00.00.00;2.4.7.0.00.00.00 - Transferências de Convênios;681313,22;1999
2016;Prefeitura Municipal de Marema - SC;4210555;SC;DCA-Anexo I-C;NA;Receitas Brutas Realizadas;RO2.4.7.2.00.00.00;2.4.7.2.00.00.00 - Transferências de Convênios dos Estados e do Distrito Federal e de suas Entidades;681313,22;1999
2016;Prefeitura Municipal de Marema - SC;4210555;SC;DCA-Anexo I-C;NA;Receitas Brutas Realizadas;RO2.4.7.2.99.00.00;2.4.7.2.99.00.00 - Outras Transferências de Convênios dos Estados;681313,22;1999
2017;Prefeitura Municipal de Marema - SC;4210555;SC;DCA-Anexo I-C;Padrão;Receitas Brutas Realizadas;TotalReceitas;Total Receitas;16890713,02;1952
2017;Prefeitura Municipal de Marema - SC;4210555;SC;DCA-Anexo I-C;Padrão;Deduções - Transferências Constitucionais;TotalReceitas;Total Receitas;2568231,85;1952
2017;Prefeitura Municipal de Marema - SC;4210555;SC;DCA-Anexo I-C;Padrão;Receitas Brutas Realizadas;RO1.0.0.0.00.00.00;1.0.0.0.00.00.00 - Receitas Correntes;16424744,63;1952
2017;Prefeitura Municipal de Marema - SC;4210555;SC;DCA-Anexo I-C;Padrão;Deduções - Transferências Constitucionais;RO1.0.0.0.00.00.00;1.0.0.0.00.00.00 - Receitas Correntes;2568231,85;1952
2017;Prefeitura Municipal de Marema - SC;4210555;SC;DCA-Anexo I-C;Padrão;Receitas Brutas Realizadas;RO1.1.0.0.00.00.00;1.1.0.0.00.00.00 - Receita Tributária;491392,03;1952
2017;Prefeitura Municipal de Marema - SC;4210555;SC;DCA-Anexo I-C;Padrão;Receitas Brutas Realizadas;RO1.1.1.0.00.00.00;1.1.1.0.00.00.00 - Impostos;465748,38;1952
2017;Prefeitura Municipal de Marema - SC;4210555;SC;DCA-Anexo I-C;Padrão;Receitas Brutas Realizadas;RO1.1.1.2.00.00.00;1.1.1.2.00.00.00 - Impostos sobre o Patrimônio e a Renda;367085,27;1952
2017;Prefeitura Municipal de Marema - SC;4210555;SC;DCA-Anexo I-C;Padrão;Receitas Brutas Realizadas;RO1.1.1.2.02.00.00;1.1.1.2.02.00.00 - Imposto sobre a Propriedade Predial e Territorial Urbana ¿ IPTU;75017,40;1952
2017;Prefeitura Municipal de Marema - SC;4210555;SC;DCA-Anexo I-C;Padrão;Receitas Brutas Realizadas;RO1.1.1.2.04.00.00;1.1.1.2.04.00.00 - Imposto sobre a Renda e Proventos de Qualquer Natureza ¿ IR;261312,53;1952
2017;Prefeitura Municipal de Marema - SC;4210555;SC;DCA-Anexo I-C;Padrão;Receitas Brutas Realizadas;RO1.1.1.2.04.31.00;1.1.1.2.04.31.00 - Retido nas Fontes - Trabalho;201529,48;1952
2017;Prefeitura Municipal de Marema - SC;4210555;SC;DCA-Anexo I-C;Padrão;Receitas Brutas Realizadas;RO1.1.1.2.04.34.00;1.1.1.2.04.34.00 - Retido nas Fontes - Outros Rendimentos;59783,05;1952
2017;Prefeitura Municipal de Marema - SC;4210555;SC;DCA-Anexo I-C;Padrão;Receitas Brutas Realizadas;RO1.1.1.2.08.00.00;"1.1.1.2.08.00.00 - Imposto sobre Transmissão ""Inter Vivos"" de Bens Imóveis e de Direitos Reais sobre Imóveis ¿ ITBI";30755,34;1952
2017;Prefeitura Municipal de Marema - SC;4210555;SC;DCA-Anexo I-C;Padrão;Receitas Brutas Realizadas;RO1.1.1.3.00.00.00;1.1.1.3.00.00.00 - Impostos sobre a Produção e a Circulação;98663,11;1952
2017;Prefeitura Municipal de Marema - SC;4210555;SC;DCA-Anexo I-C;Padrão;Receitas Brutas Realizadas;RO1.1.1.3.05.00.00;1.1.1.3.05.00.00 - Imposto sobre Serviços de Qualquer Natureza ¿ ISSQN;98663,11;1952
2017;Prefeitura Municipal de Marema - SC;4210555;SC;DCA-Anexo I-C;Padrão;Receitas Brutas Realizadas;RO1.1.2.0.00.00.00;1.1.2.0.00.00.00 - Taxas;25643,65;1952
2017;Prefeitura Municipal de Marema - SC;4210555;SC;DCA-Anexo I-C;Padrão;Receitas Brutas Realizadas;RO1.1.2.1.00.00.00;1.1.2.1.00.00.00 - Taxas pelo Exercício do Poder de Polícia;18401,99;1952
2017;Prefeitura Municipal de Marema - SC;4210555;SC;DCA-Anexo I-C;Padrão;Receitas Brutas Realizadas;RO1.1.2.2.00.00.00;1.1.2.2.00.00.00 - Taxas pela Prestação de Serviços;7241,66;1952
2017;Prefeitura Municipal de Marema - SC;4210555;SC;DCA-Anexo I-C;Padrão;Receitas Brutas Realizadas;RO1.1.2.2.90.00.00;1.1.2.2.90.00.00 - Taxa de Limpeza Pública;7126,92;1952
2017;Prefeitura Municipal de Marema - SC;4210555;SC;DCA-Anexo I-C;Padrão;Receitas Brutas Realizadas;RO1.1.2.2.99.00.00;1.1.2.2.99.00.00 - Outras Taxas pela Prestação de Serviços;114,74;1952
2017;Prefeitura Municipal de Marema - SC;4210555;SC;DCA-Anexo I-C;Padrão;Receitas Brutas Realizadas;RO1.2.0.0.00.00.00;1.2.0.0.00.00.00 - Receitas de Contribuições;34191,88;1952
2017;Prefeitura Municipal de Marema - SC;4210555;SC;DCA-Anexo I-C;Padrão;Receitas Brutas Realizadas;RO1.2.3.0.00.00.00;1.2.3.0.00.00.00 - Contribuição para Custeio do Serviço de Iluminação Pública;34191,88;1952
2017;Prefeitura Municipal de Marema - SC;4210555;SC;DCA-Anexo I-C;Padrão;Receitas Brutas Realizadas;RO1.3.0.0.00.00.00;1.3.0.0.00.00.00 - Receita Patrimonial;162254,15;1952
2017;Prefeitura Municipal de Marema - SC;4210555;SC;DCA-Anexo I-C;Padrão;Receitas Brutas Realizadas;RO1.3.2.0.00.00.00;1.3.2.0.00.00.00 - Receitas de Valores Mobiliários;162254,15;1952
2017;Prefeitura Municipal de Marema - SC;4210555;SC;DCA-Anexo I-C;Padrão;Receitas Brutas Realizadas;RO1.3.2.5.00.00.00;1.3.2.5.00.00.00 - Remuneração de Depósitos Bancários;162254,15;1952
2017;Prefeitura Municipal de Marema - SC;4210555;SC;DCA-Anexo I-C;Padrão;Receitas Brutas Realizadas;RO1.4.0.0.00.00.00;1.4.0.0.00.00.00 - Receita Agropecuária;715,91;1952
2017;Prefeitura Municipal de Marema - SC;4210555;SC;DCA-Anexo I-C;Padrão;Receitas Brutas Realizadas;RO1.4.9.0.00.00.00;1.4.9.0.00.00.00 - Outras Receitas Agropecuárias;715,91;1952
2017;Prefeitura Municipal de Marema - SC;4210555;SC;DCA-Anexo I-C;Padrão;Receitas Brutas Realizadas;RO1.6.0.0.00.00.00;1.6.0.0.00.00.00 - Receita de Serviços;242543,76;1952
2017;Prefeitura Municipal de Marema - SC;4210555;SC;DCA-Anexo I-C;Padrão;Receitas Brutas Realizadas;RO1.6.0.0.13.00.00;1.6.0.0.13.00.00 - Serviços Administrativos;5472,88;1952
2017;Prefeitura Municipal de Marema - SC;4210555;SC;DCA-Anexo I-C;Padrão;Receitas Brutas Realizadas;RO1.6.0.0.45.00.00;1.6.0.0.45.00.00 - Serviços de Preparação da Terra em Propriedades Particulares;234843,14;1952
2017;Prefeitura Municipal de Marema - SC;4210555;SC;DCA-Anexo I-C;Padrão;Receitas Brutas Realizadas;RO1.6.0.0.99.00.00;1.6.0.0.99.00.00 - Outros Serviços;2227,74;1952
2017;Prefeitura Municipal de Marema - SC;4210555;SC;DCA-Anexo I-C;Padrão;Receitas Brutas Realizadas;RO1.7.0.0.00.00.00;1.7.0.0.00.00.00 - Transferências Correntes;15432417,42;1952
2017;Prefeitura Municipal de Marema - SC;4210555;SC;DCA-Anexo I-C;Padrão;Deduções - Transferências Constitucionais;RO1.7.0.0.00.00.00;1.7.0.0.00.00.00 - Transferências Correntes;2568231,85;1952
2017;Prefeitura Municipal de Marema - SC;4210555;SC;DCA-Anexo I-C;Padrão;Receitas Brutas Realizadas;RO1.7.2.0.00.00.00;1.7.2.0.00.00.00 - Transferências Intergovernamentais;15347210,61;1952
2017;Prefeitura Municipal de Marema - SC;4210555;SC;DCA-Anexo I-C;Padrão;Deduções - Transferências Constitucionais;RO1.7.2.0.00.00.00;1.7.2.0.00.00.00 - Transferências Intergovernamentais;2568231,85;1952
2017;Prefeitura Municipal de Marema - SC;4210555;SC;DCA-Anexo I-C;Padrão;Receitas Brutas Realizadas;RO1.7.2.1.00.00.00;1.7.2.1.00.00.00 - Transferências da União;8284805,51;1952
2017;Prefeitura Municipal de Marema - SC;4210555;SC;DCA-Anexo I-C;Padrão;Deduções - Transferências Constitucionais;RO1.7.2.1.00.00.00;1.7.2.1.00.00.00 - Transferências da União;1281748,73;1952
2017;Prefeitura Municipal de Marema - SC;4210555;SC;DCA-Anexo I-C;Padrão;Receitas Brutas Realizadas;RO1.7.2.1.01.00.00;1.7.2.1.01.00.00 - Participação na Receita da União;6963587,65;1952
2017;Prefeitura Municipal de Marema - SC;4210555;SC;DCA-Anexo I-C;Padrão;Deduções - Transferências Constitucionais;RO1.7.2.1.01.00.00;1.7.2.1.01.00.00 - Participação na Receita da União;1277404,73;1952
2017;Prefeitura Municipal de Marema - SC;4210555;SC;DCA-Anexo I-C;Padrão;Receitas Brutas Realizadas;RO1.7.2.1.01.02.00;1.7.2.1.01.02.00 - Cota-Parte do Fundo de Participação dos Municípios ¿ FPM;6383374,75;1952
2017;Prefeitura Municipal de Marema - SC;4210555;SC;DCA-Anexo I-C;Padrão;Deduções - Transferências Constitucionais;RO1.7.2.1.01.02.00;1.7.2.1.01.02.00 - Cota-Parte do Fundo de Participação dos Municípios ¿ FPM;1276674,65;1952
2017;Prefeitura Municipal de Marema - SC;4210555;SC;DCA-Anexo I-C;Padrão;Receitas Brutas Realizadas;RO1.7.2.1.01.03.00;1.7.2.1.01.03.00 - Cota-Parte do Fundo de Participação dos Municípios - 1% Cota Anual;283778,41;1952
2017;Prefeitura Municipal de Marema - SC;4210555;SC;DCA-Anexo I-C;Padrão;Receitas Brutas Realizadas;RO1.7.2.1.01.04.00;1.7.2.1.01.04.00 - Cota-Parte do Fundo de Participação dos Municípios - 1% Cota entregue no mês de julho (67)(I);292783,86;1952
2017;Prefeitura Municipal de Marema - SC;4210555;SC;DCA-Anexo I-C;Padrão;Receitas Brutas Realizadas;RO1.7.2.1.01.05.00;1.7.2.1.01.05.00 - Cota-Parte do Imposto Sobre a Propriedade Territorial Rural ¿ ITR;3650,63;1952
2017;Prefeitura Municipal de Marema - SC;4210555;SC;DCA-Anexo I-C;Padrão;Deduções - Transferências Constitucionais;RO1.7.2.1.01.05.00;1.7.2.1.01.05.00 - Cota-Parte do Imposto Sobre a Propriedade Territorial Rural ¿ ITR;730,08;1952
2017;Prefeitura Municipal de Marema - SC;4210555;SC;DCA-Anexo I-C;Padrão;Receitas Brutas Realizadas;RO1.7.2.1.22.00.00;1.7.2.1.22.00.00 - Transferências da Compensação Financeira pela Exploração de Recursos Naturais;74148,89;1952
2017;Prefeitura Municipal de Marema - SC;4210555;SC;DCA-Anexo I-C;Padrão;Receitas Brutas Realizadas;RO1.7.2.1.22.70.00;1.7.2.1.22.70.00 - Cota-Parte do Fundo Especial do Petróleo ¿ FEP;74148,89;1952
2017;Prefeitura Municipal de Marema - SC;4210555;SC;DCA-Anexo I-C;Padrão;Receitas Brutas Realizadas;RO1.7.2.1.33.00.00;1.7.2.1.33.00.00 - Transferências de Recursos do Sistema Único de Saúde - SUS - Repasses Fundo a Fundo;871041,25;1952
2017;Prefeitura Municipal de Marema - SC;4210555;SC;DCA-Anexo I-C;Padrão;Receitas Brutas Realizadas;RO1.7.2.1.34.00.00;1.7.2.1.34.00.00 - Transferências de Recursos do Fundo Nacional de Assistência Social ¿ FNAS;241331,88;1952
2017;Prefeitura Municipal de Marema - SC;4210555;SC;DCA-Anexo I-C;Padrão;Receitas Brutas Realizadas;RO1.7.2.1.35.00.00;1.7.2.1.35.00.00 - Transferências de Recursos do Fundo Nacional do Desenvolvimento da Educação ¿ FNDE;98292,08;1952
2017;Prefeitura Municipal de Marema - SC;4210555;SC;DCA-Anexo I-C;Padrão;Receitas Brutas Realizadas;RO1.7.2.1.36.00.00;1.7.2.1.36.00.00 - Transferências Financeiras do ICMS ¿ Desoneração ¿ L.C. Nº 87/96;21720,36;1952
2017;Prefeitura Municipal de Marema - SC;4210555;SC;DCA-Anexo I-C;Padrão;Deduções - Transferências Constitucionais;RO1.7.2.1.36.00.00;1.7.2.1.36.00.00 - Transferências Financeiras do ICMS ¿ Desoneração ¿ L.C. Nº 87/96;4344,00;1952
2017;Prefeitura Municipal de Marema - SC;4210555;SC;DCA-Anexo I-C;Padrão;Receitas Brutas Realizadas;RO1.7.2.1.99.00.00;1.7.2.1.99.00.00 - Outras Transferências da União;14683,40;1952
2017;Prefeitura Municipal de Marema - SC;4210555;SC;DCA-Anexo I-C;Padrão;Receitas Brutas Realizadas;RO1.7.2.2.00.00.00;1.7.2.2.00.00.00 - Transferências dos Estados;6489958,19;1952
2017;Prefeitura Municipal de Marema - SC;4210555;SC;DCA-Anexo I-C;Padrão;Deduções - Transferências Constitucionais;RO1.7.2.2.00.00.00;1.7.2.2.00.00.00 - Transferências dos Estados;1286483,12;1952
2017;Prefeitura Municipal de Marema - SC;4210555;SC;DCA-Anexo I-C;Padrão;Receitas Brutas Realizadas;RO1.7.2.2.01.00.00;1.7.2.2.01.00.00 - Participação na Receita dos Estados;6447918,15;1952
2017;Prefeitura Municipal de Marema - SC;4210555;SC;DCA-Anexo I-C;Padrão;Deduções - Transferências Constitucionais;RO1.7.2.2.01.00.00;1.7.2.2.01.00.00 - Participação na Receita dos Estados;1286483,12;1952
2017;Prefeitura Municipal de Marema - SC;4210555;SC;DCA-Anexo I-C;Padrão;Receitas Brutas Realizadas;RO1.7.2.2.01.01.00;1.7.2.2.01.01.00 - Cota-Parte do ICMS;6139358,84;1952
2017;Prefeitura Municipal de Marema - SC;4210555;SC;DCA-Anexo I-C;Padrão;Deduções - Transferências Constitucionais;RO1.7.2.2.01.01.00;1.7.2.2.01.01.00 - Cota-Parte do ICMS;1227960,92;1952
2017;Prefeitura Municipal de Marema - SC;4210555;SC;DCA-Anexo I-C;Padrão;Receitas Brutas Realizadas;RO1.7.2.2.01.02.00;1.7.2.2.01.02.00 - Cota-Parte do IPVA;203594,28;1952
2017;Prefeitura Municipal de Marema - SC;4210555;SC;DCA-Anexo I-C;Padrão;Deduções - Transferências Constitucionais;RO1.7.2.2.01.02.00;1.7.2.2.01.02.00 - Cota-Parte do IPVA;40718,63;1952
2017;Prefeitura Municipal de Marema - SC;4210555;SC;DCA-Anexo I-C;Padrão;Receitas Brutas Realizadas;RO1.7.2.2.01.04.00;1.7.2.2.01.04.00 - Cota-Parte do IPI - Municípios;89015,76;1952
2017;Prefeitura Municipal de Marema - SC;4210555;SC;DCA-Anexo I-C;Padrão;Deduções - Transferências Constitucionais;RO1.7.2.2.01.04.00;1.7.2.2.01.04.00 - Cota-Parte do IPI - Municípios;17803,57;1952
2017;Prefeitura Municipal de Marema - SC;4210555;SC;DCA-Anexo I-C;Padrão;Receitas Brutas Realizadas;RO1.7.2.2.01.13.00;1.7.2.2.01.13.00 - Cota-Parte da Contribuição de Intervenção no Domínio Econômico;15949,27;1952
2017;Prefeitura Municipal de Marema - SC;4210555;SC;DCA-Anexo I-C;Padrão;Receitas Brutas Realizadas;RO1.7.2.2.33.00.00;1.7.2.2.33.00.00 - Transferências de Recursos do Estado para Programas de Saúde - Repasse Fundo a Fundo;42040,04;1952
2017;Prefeitura Municipal de Marema - SC;4210555;SC;DCA-Anexo I-C;Padrão;Receitas Brutas Realizadas;RO1.7.2.4.00.00.00;1.7.2.4.00.00.00 - Transferências Multigovernamentais;572446,91;1952
2017;Prefeitura Municipal de Marema - SC;4210555;SC;DCA-Anexo I-C;Padrão;Receitas Brutas Realizadas;RO1.7.2.4.01.00.00;1.7.2.4.01.00.00 - Transferências de Recursos do Fundo de Manutenção e Desenvolvimento do Ensino Fundamental e de Valorização do Magistério - FUNDEB;572446,91;1952
2017;Prefeitura Municipal de Marema - SC;4210555;SC;DCA-Anexo I-C;Padrão;Receitas Brutas Realizadas;RO1.7.6.0.00.00.00;1.7.6.0.00.00.00 - Transferências de Convênios;85206,81;1952
2017;Prefeitura Municipal de Marema - SC;4210555;SC;DCA-Anexo I-C;Padrão;Receitas Brutas Realizadas;RO1.7.6.2.00.00.00;1.7.6.2.00.00.00 - Transferências de Convênios dos Estados e do Distrito Federal e de Suas Entidades;85206,81;1952
2017;Prefeitura Municipal de Marema - SC;4210555;SC;DCA-Anexo I-C;Padrão;Receitas Brutas Realizadas;RO1.7.6.2.02.00.00;1.7.6.2.02.00.00 - Transferências de Convênios dos Estados Destinadas a Programas de Educação;64621,10;1952
2017;Prefeitura Municipal de Marema - SC;4210555;SC;DCA-Anexo I-C;Padrão;Receitas Brutas Realizadas;RO1.7.6.2.99.00.00;1.7.6.2.99.00.00 - Outras Transferências de Convênios dos Estados;20585,71;1952
2017;Prefeitura Municipal de Marema - SC;4210555;SC;DCA-Anexo I-C;Padrão;Receitas Brutas Realizadas;RO1.9.0.0.00.00.00;1.9.0.0.00.00.00 - Outras Receitas Correntes;61229,48;1952
2017;Prefeitura Municipal de Marema - SC;4210555;SC;DCA-Anexo I-C;Padrão;Receitas Brutas Realizadas;RO1.9.1.0.00.00.00;1.9.1.0.00.00.00 - Multas e Juros de Mora;16118,46;1952
2017;Prefeitura Municipal de Marema - SC;4210555;SC;DCA-Anexo I-C;Padrão;Receitas Brutas Realizadas;RO1.9.1.3.00.00.00;1.9.1.3.00.00.00 - Multas e Juros de Mora da Dívida Ativa dos Tributos;256,17;1952
2017;Prefeitura Municipal de Marema - SC;4210555;SC;DCA-Anexo I-C;Padrão;Receitas Brutas Realizadas;RO1.9.1.3.11.00.00;1.9.1.3.11.00.00 - Multas e Juros de Mora da Dívida Ativa do Imposto sobre a Propriedade Predial e Territorial Urbana ¿ IPTU;256,17;1952
2017;Prefeitura Municipal de Marema - SC;4210555;SC;DCA-Anexo I-C;Padrão;Receitas Brutas Realizadas;RO1.9.1.5.00.00.00;1.9.1.5.00.00.00 - Multas e Juros de Mora da Dívida Ativa de Outras Receitas;523,33;1952
2017;Prefeitura Municipal de Marema - SC;4210555;SC;DCA-Anexo I-C;Padrão;Receitas Brutas Realizadas;RO1.9.1.5.99.00.00;1.9.1.5.99.00.00 - Outras Multas e Juros de Mora da Dívida Ativa de Outras Receitas;523,33;1952
2017;Prefeitura Municipal de Marema - SC;4210555;SC;DCA-Anexo I-C;Padrão;Receitas Brutas Realizadas;RO1.9.1.9.00.00.00;1.9.1.9.00.00.00 - Multas de Outras Origens;15338,96;1952
2017;Prefeitura Municipal de Marema - SC;4210555;SC;DCA-Anexo I-C;Padrão;Receitas Brutas Realizadas;RO1.9.3.0.00.00.00;1.9.3.0.00.00.00 - Receita da Dívida Ativa;33620,76;1952
2017;Prefeitura Municipal de Marema - SC;4210555;SC;DCA-Anexo I-C;Padrão;Receitas Brutas Realizadas;RO1.9.3.1.00.00.00;1.9.3.1.00.00.00 - Receita da Dívida Ativa Tributária;11228,75;1952
2017;Prefeitura Municipal de Marema - SC;4210555;SC;DCA-Anexo I-C;Padrão;Receitas Brutas Realizadas;RO1.9.3.1.11.00.00;1.9.3.1.11.00.00 - Receita da Dívida Ativa do Imposto sobre a Propriedade Predial e Territorial Urbana ¿ IPTU;5755,48;1952
2017;Prefeitura Municipal de Marema - SC;4210555;SC;DCA-Anexo I-C;Padrão;Receitas Brutas Realizadas;RO1.9.3.1.99.00.00;1.9.3.1.99.00.00 - Receita da Dívida Ativa de Outros Tributos;5473,27;1952
2017;Prefeitura Municipal de Marema - SC;4210555;SC;DCA-Anexo I-C;Padrão;Receitas Brutas Realizadas;RO1.9.3.2.00.00.00;1.9.3.2.00.00.00 - Receita da Dívida Ativa Não Tributária;22392,01;1952
2017;Prefeitura Municipal de Marema - SC;4210555;SC;DCA-Anexo I-C;Padrão;Receitas Brutas Realizadas;RO1.9.3.2.99.00.00;1.9.3.2.99.00.00 - Receita da Dívida Ativa Não Tributária de Outras Receitas;22392,01;1952
2017;Prefeitura Municipal de Marema - SC;4210555;SC;DCA-Anexo I-C;Padrão;Receitas Brutas Realizadas;RO1.9.9.0.00.00.00;1.9.9.0.00.00.00 - Receitas Diversas;11490,26;1952
2017;Prefeitura Municipal de Marema - SC;4210555;SC;DCA-Anexo I-C;Padrão;Receitas Brutas Realizadas;RO1.9.9.0.99.00.00;1.9.9.0.99.00.00 - Outras Receitas;11490,26;1952
2017;Prefeitura Municipal de Marema - SC;4210555;SC;DCA-Anexo I-C;Padrão;Receitas Brutas Realizadas;RO2.0.0.0.00.00.00;2.0.0.0.00.00.00 - Receitas de Capital;465968,39;1952
2017;Prefeitura Municipal de Marema - SC;4210555;SC;DCA-Anexo I-C;Padrão;Receitas Brutas Realizadas;RO2.4.0.0.00.00.00;2.4.0.0.00.00.00 - Transferências de Capital;465968,39;1952
2017;Prefeitura Municipal de Marema - SC;4210555;SC;DCA-Anexo I-C;Padrão;Receitas Brutas Realizadas;RO2.4.7.0.00.00.00;2.4.7.0.00.00.00 - Transferências de Convênios;465968,39;1952
2017;Prefeitura Municipal de Marema - SC;4210555;SC;DCA-Anexo I-C;Padrão;Receitas Brutas Realizadas;RO2.4.7.1.00.00.00;2.4.7.1.00.00.00 - Transferências de Convênios da União e de suas Entidades;346667,58;1952
2017;Prefeitura Municipal de Marema - SC;4210555;SC;DCA-Anexo I-C;Padrão;Receitas Brutas Realizadas;RO2.4.7.1.99.00.00;2.4.7.1.99.00.00 - Outras Transferências de Convênios da União;346667,58;1952
2017;Prefeitura Municipal de Marema - SC;4210555;SC;DCA-Anexo I-C;Padrão;Receitas Brutas Realizadas;RO2.4.7.2.00.00.00;2.4.7.2.00.00.00 - Transferências de Convênios dos Estados e do Distrito Federal e de suas Entidades;119300,81;1952
2017;Prefeitura Municipal de Marema - SC;4210555;SC;DCA-Anexo I-C;Padrão;Receitas Brutas Realizadas;RO2.4.7.2.99.00.00;2.4.7.2.99.00.00 - Outras Transferências de Convênios dos Estados;119300,81;1952
2018;Prefeitura Municipal de Marema - SC;4210555;SC;DCA-Anexo I-C;Padrão;Receitas Brutas Realizadas;TotalReceitas;Total Receitas;19088381,64;1952
2018;Prefeitura Municipal de Marema - SC;4210555;SC;DCA-Anexo I-C;Padrão;Deduções - FUNDEB;TotalReceitas;Total Receitas;2822435,04;1952
2018;Prefeitura Municipal de Marema - SC;4210555;SC;DCA-Anexo I-C;Padrão;Receitas Brutas Realizadas;RO1.0.0.0.00.0.0;1.0.0.0.00.0.0 - Receitas Correntes;18042112,88;1952
2018;Prefeitura Municipal de Marema - SC;4210555;SC;DCA-Anexo I-C;Padrão;Deduções - FUNDEB;RO1.0.0.0.00.0.0;1.0.0.0.00.0.0 - Receitas Correntes;2822435,04;1952
2018;Prefeitura Municipal de Marema - SC;4210555;SC;DCA-Anexo I-C;Padrão;Receitas Brutas Realizadas;RO1.1.0.0.00.0.0;1.1.0.0.00.0.0 - Impostos, Taxas e Contribuições de Melhoria;528896,31;1952
2018;Prefeitura Municipal de Marema - SC;4210555;SC;DCA-Anexo I-C;Padrão;Receitas Brutas Realizadas;RO1.1.1.0.00.0.0;1.1.1.0.00.0.0 - Impostos;512412,15;1952
2018;Prefeitura Municipal de Marema - SC;4210555;SC;DCA-Anexo I-C;Padrão;Receitas Brutas Realizadas;RO1.1.1.3.00.0.0;1.1.1.3.00.0.0 - Impostos sobre a Renda e Proventos de Qualquer Natureza;243265,44;1952
2018;Prefeitura Municipal de Marema - SC;4210555;SC;DCA-Anexo I-C;Padrão;Receitas Brutas Realizadas;RO1.1.1.3.03.0.0;1.1.1.3.03.0.0 - Imposto sobre a Renda - Retido na Fonte;243265,44;1952
2018;Prefeitura Municipal de Marema - SC;4210555;SC;DCA-Anexo I-C;Padrão;Receitas Brutas Realizadas;RO1.1.1.3.03.1.0;1.1.1.3.03.1.0 - Imposto sobre a Renda - Retido na Fonte - Trabalho;243265,44;1952
2018;Prefeitura Municipal de Marema - SC;4210555;SC;DCA-Anexo I-C;Padrão;Receitas Brutas Realizadas;RO1.1.1.8.00.0.0;1.1.1.8.00.0.0 Impostos Específicos de Estados, DF e Municípios;269146,71;1952
2018;Prefeitura Municipal de Marema - SC;4210555;SC;DCA-Anexo I-C;Padrão;Receitas Brutas Realizadas;RO1.1.1.8.01.0.0;1.1.1.8.01.0.0 Impostos sobre o Patrimônio para Estados/DF/Municípios;166006,99;1952
2018;Prefeitura Municipal de Marema - SC;4210555;SC;DCA-Anexo I-C;Padrão;Receitas Brutas Realizadas;RO1.1.1.8.01.1.0;1.1.1.8.01.1.0 Imposto sobre a Propriedade Predial e Territorial Urbana;112674,50;1952
2018;Prefeitura Municipal de Marema - SC;4210555;SC;DCA-Anexo I-C;Padrão;Receitas Brutas Realizadas;RO1.1.1.8.01.4.0;1.1.1.8.01.4.0 Imposto sobre Transmissão ¿Inter Vivos¿ de Bens Imóveis e de Direitos Reais sobre Imóveis;53332,49;1952
2018;Prefeitura Municipal de Marema - SC;4210555;SC;DCA-Anexo I-C;Padrão;Receitas Brutas Realizadas;RO1.1.1.8.02.0.0;1.1.1.8.02.0.0 Impostos sobre a Produção, Circulação de Mercadorias e Serviços;103139,72;1952
2018;Prefeitura Municipal de Marema - SC;4210555;SC;DCA-Anexo I-C;Padrão;Receitas Brutas Realizadas;RO1.1.1.8.02.3.0;1.1.1.8.02.3.0 Imposto sobre Serviços de Qualquer Natureza;103139,72;1952
2018;Prefeitura Municipal de Marema - SC;4210555;SC;DCA-Anexo I-C;Padrão;Receitas Brutas Realizadas;RO1.1.2.0.00.0.0;1.1.2.0.00.0.0 - Taxas;16484,16;1952
2018;Prefeitura Municipal de Marema - SC;4210555;SC;DCA-Anexo I-C;Padrão;Receitas Brutas Realizadas;RO1.1.2.1.00.0.0;1.1.2.1.00.0.0 - Taxas pelo Exercício do Poder de Polícia;16220,96;1952
2018;Prefeitura Municipal de Marema - SC;4210555;SC;DCA-Anexo I-C;Padrão;Receitas Brutas Realizadas;RO1.1.2.1.01.0.0;1.1.2.1.01.0.0 - Taxas de Inspeção, Controle e Fiscalização;16220,96;1952
2018;Prefeitura Municipal de Marema - SC;4210555;SC;DCA-Anexo I-C;Padrão;Receitas Brutas Realizadas;RO1.1.2.2.00.0.0;1.1.2.2.00.0.0 - Taxas pela Prestação de Serviços;263,20;1952
2018;Prefeitura Municipal de Marema - SC;4210555;SC;DCA-Anexo I-C;Padrão;Receitas Brutas Realizadas;RO1.1.2.2.01.0.0;1.1.2.2.01.0.0 - Taxas pela Prestação de Serviços;263,20;1952
2018;Prefeitura Municipal de Marema - SC;4210555;SC;DCA-Anexo I-C;Padrão;Receitas Brutas Realizadas;RO1.2.0.0.00.0.0;1.2.0.0.00.0.0 - Contribuições;40057,01;1952
2018;Prefeitura Municipal de Marema - SC;4210555;SC;DCA-Anexo I-C;Padrão;Receitas Brutas Realizadas;RO1.2.4.0.00.0.0;1.2.4.0.00.0.0 - Contribuição para o Custeio do Serviço de Iluminação Pública;40057,01;1952
2018;Prefeitura Municipal de Marema - SC;4210555;SC;DCA-Anexo I-C;Padrão;Receitas Brutas Realizadas;RO1.3.0.0.00.0.0;1.3.0.0.00.0.0 - Receita Patrimonial;100764,03;1952
2018;Prefeitura Municipal de Marema - SC;4210555;SC;DCA-Anexo I-C;Padrão;Receitas Brutas Realizadas;RO1.3.2.0.00.0.0;1.3.2.0.00.0.0 - Valores Mobiliários;100764,03;1952
2018;Prefeitura Municipal de Marema - SC;4210555;SC;DCA-Anexo I-C;Padrão;Receitas Brutas Realizadas;RO1.3.2.1.00.0.0;1.3.2.1.00.0.0 - Juros e Correções Monetárias;100764,03;1952
2018;Prefeitura Municipal de Marema - SC;4210555;SC;DCA-Anexo I-C;Padrão;Receitas Brutas Realizadas;RO1.3.2.1.00.1.0;1.3.2.1.00.1.0 - Remuneração de Depósitos Bancários;100764,03;1952
2018;Prefeitura Municipal de Marema - SC;4210555;SC;DCA-Anexo I-C;Padrão;Receitas Brutas Realizadas;RO1.6.0.0.00.0.0;1.6.0.0.00.0.0 - Receita de Serviços;288121,64;1952
2018;Prefeitura Municipal de Marema - SC;4210555;SC;DCA-Anexo I-C;Padrão;Receitas Brutas Realizadas;RO1.6.1.0.00.0.0;1.6.1.0.00.0.0 - Serviços Administrativos e Comerciais Gerais;288121,64;1952
2018;Prefeitura Municipal de Marema - SC;4210555;SC;DCA-Anexo I-C;Padrão;Receitas Brutas Realizadas;RO1.6.1.0.01.0.0;1.6.1.0.01.0.0 - Serviços Administrativos e Comerciais Gerais;288121,64;1952
2018;Prefeitura Municipal de Marema - SC;4210555;SC;DCA-Anexo I-C;Padrão;Receitas Brutas Realizadas;RO1.7.0.0.00.0.0;1.7.0.0.00.0.0 - Transferências Correntes;17001103,93;1952
2018;Prefeitura Municipal de Marema - SC;4210555;SC;DCA-Anexo I-C;Padrão;Deduções - FUNDEB;RO1.7.0.0.00.0.0;1.7.0.0.00.0.0 - Transferências Correntes;2822435,04;1952
2018;Prefeitura Municipal de Marema - SC;4210555;SC;DCA-Anexo I-C;Padrão;Receitas Brutas Realizadas;RO1.7.1.0.00.0.0;1.7.1.0.00.0.0 - Transferências da União e de suas Entidades;8889635,10;1952
2018;Prefeitura Municipal de Marema - SC;4210555;SC;DCA-Anexo I-C;Padrão;Deduções - FUNDEB;RO1.7.1.0.00.0.0;1.7.1.0.00.0.0 - Transferências da União e de suas Entidades;1370661,08;1952
2018;Prefeitura Municipal de Marema - SC;4210555;SC;DCA-Anexo I-C;Padrão;Receitas Brutas Realizadas;RO1.7.1.8.00.0.0;1.7.1.8.00.0.0 Transferências da União - Específicas de Estados, DF e Municípios;8889635,10;1952
2018;Prefeitura Municipal de Marema - SC;4210555;SC;DCA-Anexo I-C;Padrão;Deduções - FUNDEB;RO1.7.1.8.00.0.0;1.7.1.8.00.0.0 Transferências da União - Específicas de Estados, DF e Municípios;1370661,08;1952
2018;Prefeitura Municipal de Marema - SC;4210555;SC;DCA-Anexo I-C;Padrão;Receitas Brutas Realizadas;RO1.7.1.8.01.0.0;1.7.1.8.01.0.0 Participação na Receita da União;7430090,44;1952
2018;Prefeitura Municipal de Marema - SC;4210555;SC;DCA-Anexo I-C;Padrão;Deduções - FUNDEB;RO1.7.1.8.01.0.0;1.7.1.8.01.0.0 Participação na Receita da União;1366211,58;1952
2018;Prefeitura Municipal de Marema - SC;4210555;SC;DCA-Anexo I-C;Padrão;Receitas Brutas Realizadas;RO1.7.1.8.01.2.0;1.7.1.8.01.2.0 Cota-Parte do Fundo de Participação dos Municípios - Cota Mensal;6826840,34;1952
2018;Prefeitura Municipal de Marema - SC;4210555;SC;DCA-Anexo I-C;Padrão;Deduções - FUNDEB;RO1.7.1.8.01.2.0;1.7.1.8.01.2.0 Cota-Parte do Fundo de Participação dos Municípios - Cota Mensal;1365367,75;1952
2018;Prefeitura Municipal de Marema - SC;4210555;SC;DCA-Anexo I-C;Padrão;Receitas Brutas Realizadas;RO1.7.1.8.01.3.0;1.7.1.8.01.3.0 Cota-Parte do Fundo de Participação do Municípios ¿ 1% Cota entregue no mês de dezembro;295824,24;1952
2018;Prefeitura Municipal de Marema - SC;4210555;SC;DCA-Anexo I-C;Padrão;Receitas Brutas Realizadas;RO1.7.1.8.01.4.0;1.7.1.8.01.4.0 Cota-Parte do Fundo de Participação dos Municípios - 1% Cota entregue no mês de julho;303206,53;1952
2018;Prefeitura Municipal de Marema - SC;4210555;SC;DCA-Anexo I-C;Padrão;Receitas Brutas Realizadas;RO1.7.1.8.01.5.0;1.7.1.8.01.5.0 Cota-Parte do Imposto Sobre a Propriedade Territorial Rural;4219,33;1952
2018;Prefeitura Municipal de Marema - SC;4210555;SC;DCA-Anexo I-C;Padrão;Deduções - FUNDEB;RO1.7.1.8.01.5.0;1.7.1.8.01.5.0 Cota-Parte do Imposto Sobre a Propriedade Territorial Rural;843,83;1952
2018;Prefeitura Municipal de Marema - SC;4210555;SC;DCA-Anexo I-C;Padrão;Receitas Brutas Realizadas;RO1.7.1.8.02.0.0;1.7.1.8.02.0.0 Transferência da Compensação Financeira pela Exploração de Recursos Naturais;113553,77;1952
2018;Prefeitura Municipal de Marema - SC;4210555;SC;DCA-Anexo I-C;Padrão;Receitas Brutas Realizadas;RO1.7.1.8.02.6.0;1.7.1.8.02.6.0 Cota-Parte do Fundo Especial do Petróleo ¿ FEP;113553,77;1952
2018;Prefeitura Municipal de Marema - SC;4210555;SC;DCA-Anexo I-C;Padrão;Receitas Brutas Realizadas;RO1.7.1.8.03.0.0;1.7.1.8.03.0.0 Transferência de Recursos do Sistema Único de Saúde ¿ SUS ¿ Repasses Fundo a Fundo;1088664,00;1952
2018;Prefeitura Municipal de Marema - SC;4210555;SC;DCA-Anexo I-C;Padrão;Receitas Brutas Realizadas;RO1.7.1.8.04.0.0;1.7.1.8.04.0.0 Transferências de Recursos do Fundo Nacional de Assistência Social ¿ FNAS;67624,56;1952
2018;Prefeitura Municipal de Marema - SC;4210555;SC;DCA-Anexo I-C;Padrão;Receitas Brutas Realizadas;RO1.7.1.8.05.0.0;1.7.1.8.05.0.0 Transferências de Recursos do Fundo Nacional do Desenvolvimento da Educação ¿ FNDE;167454,45;1952
2018;Prefeitura Municipal de Marema - SC;4210555;SC;DCA-Anexo I-C;Padrão;Receitas Brutas Realizadas;RO1.7.1.8.05.1.0;1.7.1.8.05.1.0 Transferências do Salário-Educação;81946,62;1952
2018;Prefeitura Municipal de Marema - SC;4210555;SC;DCA-Anexo I-C;Padrão;Receitas Brutas Realizadas;RO1.7.1.8.05.3.0;1.7.1.8.05.3.0 Transferências Diretas do FNDE referentes ao Programa Nacional de Alimentação Escolar ¿ PNAE;19896,00;1952
2018;Prefeitura Municipal de Marema - SC;4210555;SC;DCA-Anexo I-C;Padrão;Receitas Brutas Realizadas;RO1.7.1.8.05.4.0;1.7.1.8.05.4.0 Transferências Diretas do FNDE referentes ao Programa Nacional de Apoio ao Transporte do Escolar ¿ PNATE;21806,51;1952
2018;Prefeitura Municipal de Marema - SC;4210555;SC;DCA-Anexo I-C;Padrão;Receitas Brutas Realizadas;RO1.7.1.8.05.9.0;1.7.1.8.05.9.0 Outras Transferências Diretas do Fundo Nacional do Desenvolvimento da Educação ¿ FNDE;43805,32;1952
2018;Prefeitura Municipal de Marema - SC;4210555;SC;DCA-Anexo I-C;Padrão;Receitas Brutas Realizadas;RO1.7.1.8.06.0.0;1.7.1.8.06.0.0 Transferência Financeira do ICMS ¿ Desoneração ¿ L.C. Nº 87/96;22247,88;1952
2018;Prefeitura Municipal de Marema - SC;4210555;SC;DCA-Anexo I-C;Padrão;Deduções - FUNDEB;RO1.7.1.8.06.0.0;1.7.1.8.06.0.0 Transferência Financeira do ICMS ¿ Desoneração ¿ L.C. Nº 87/96;4449,50;1952
2018;Prefeitura Municipal de Marema - SC;4210555;SC;DCA-Anexo I-C;Padrão;Receitas Brutas Realizadas;RO1.7.1.8.06.1.0;1.7.1.8.06.1.0 Transferência Financeira do ICMS ¿ Desoneração ¿ L.C. Nº 87/96;22247,88;1952
2018;Prefeitura Municipal de Marema - SC;4210555;SC;DCA-Anexo I-C;Padrão;Deduções - FUNDEB;RO1.7.1.8.06.1.0;1.7.1.8.06.1.0 Transferência Financeira do ICMS ¿ Desoneração ¿ L.C. Nº 87/96;4449,50;1952
2018;Prefeitura Municipal de Marema - SC;4210555;SC;DCA-Anexo I-C;Padrão;Receitas Brutas Realizadas;RO1.7.2.0.00.0.0;1.7.2.0.00.0.0 - Transferências dos Estados e do Distrito Federal e de suas Entidades;7415416,26;1952
2018;Prefeitura Municipal de Marema - SC;4210555;SC;DCA-Anexo I-C;Padrão;Deduções - FUNDEB;RO1.7.2.0.00.0.0;1.7.2.0.00.0.0 - Transferências dos Estados e do Distrito Federal e de suas Entidades;1451773,96;1952
2018;Prefeitura Municipal de Marema - SC;4210555;SC;DCA-Anexo I-C;Padrão;Receitas Brutas Realizadas;RO1.7.2.8.00.0.0;1.7.2.8.00.0.0 Transferências dos Estados - Específicas de Estados, DF e Municípios;7415416,26;1952
2018;Prefeitura Municipal de Marema - SC;4210555;SC;DCA-Anexo I-C;Padrão;Deduções - FUNDEB;RO1.7.2.8.00.0.0;1.7.2.8.00.0.0 Transferências dos Estados - Específicas de Estados, DF e Municípios;1451773,96;1952
2018;Prefeitura Municipal de Marema - SC;4210555;SC;DCA-Anexo I-C;Padrão;Receitas Brutas Realizadas;RO1.7.2.8.01.0.0;1.7.2.8.01.0.0 Participação na Receita dos Estados;7284135,91;1952
2018;Prefeitura Municipal de Marema - SC;4210555;SC;DCA-Anexo I-C;Padrão;Deduções - FUNDEB;RO1.7.2.8.01.0.0;1.7.2.8.01.0.0 Participação na Receita dos Estados;1451773,96;1952
2018;Prefeitura Municipal de Marema - SC;4210555;SC;DCA-Anexo I-C;Padrão;Receitas Brutas Realizadas;RO1.7.2.8.01.1.0;1.7.2.8.01.1.0 Cota-Parte do ICMS;6931916,44;1952
2018;Prefeitura Municipal de Marema - SC;4210555;SC;DCA-Anexo I-C;Padrão;Deduções - FUNDEB;RO1.7.2.8.01.1.0;1.7.2.8.01.1.0 Cota-Parte do ICMS;1386382,21;1952
2018;Prefeitura Municipal de Marema - SC;4210555;SC;DCA-Anexo I-C;Padrão;Receitas Brutas Realizadas;RO1.7.2.8.01.2.0;1.7.2.8.01.2.0 Cota-Parte do IPVA;220248,64;1952
2018;Prefeitura Municipal de Marema - SC;4210555;SC;DCA-Anexo I-C;Padrão;Deduções - FUNDEB;RO1.7.2.8.01.2.0;1.7.2.8.01.2.0 Cota-Parte do IPVA;44048,84;1952
2018;Prefeitura Municipal de Marema - SC;4210555;SC;DCA-Anexo I-C;Padrão;Receitas Brutas Realizadas;RO1.7.2.8.01.3.0;1.7.2.8.01.3.0 Cota-Parte do IPI - Municípios;106718,90;1952
2018;Prefeitura Municipal de Marema - SC;4210555;SC;DCA-Anexo I-C;Padrão;Deduções - FUNDEB;RO1.7.2.8.01.3.0;1.7.2.8.01.3.0 Cota-Parte do IPI - Municípios;21342,91;1952
2018;Prefeitura Municipal de Marema - SC;4210555;SC;DCA-Anexo I-C;Padrão;Receitas Brutas Realizadas;RO1.7.2.8.01.4.0;1.7.2.8.01.4.0 Cota-Parte da Contribuição de Intervenção no Domínio Econômico;12869,10;1952
2018;Prefeitura Municipal de Marema - SC;4210555;SC;DCA-Anexo I-C;Padrão;Receitas Brutas Realizadas;RO1.7.2.8.01.9.0;1.7.2.8.01.9.0 Outras Transferências dos Estados;12382,83;1952
2018;Prefeitura Municipal de Marema - SC;4210555;SC;DCA-Anexo I-C;Padrão;Receitas Brutas Realizadas;RO1.7.2.8.03.0.0;1.7.2.8.03.0.0 Transferência de Recursos do Estado para Programas de Saúde ¿ Repasse Fundo a Fundo;69346,40;1952
2018;Prefeitura Municipal de Marema - SC;4210555;SC;DCA-Anexo I-C;Padrão;Receitas Brutas Realizadas;RO1.7.2.8.99.0.0;1.7.2.8.99.0.0 Outras Transferências dos Estados;61933,95;1952
2018;Prefeitura Municipal de Marema - SC;4210555;SC;DCA-Anexo I-C;Padrão;Receitas Brutas Realizadas;RO1.7.5.0.00.0.0;1.7.5.0.00.0.0 - Transferências de Outras Instituições Públicas;696052,57;1952
2018;Prefeitura Municipal de Marema - SC;4210555;SC;DCA-Anexo I-C;Padrão;Receitas Brutas Realizadas;RO1.7.5.8.00.0.0;1.7.5.8.00.0.0 Transferências de Outras Instituições Públicas - Específicas de Estados, DF e Municípios;696052,57;1952
2018;Prefeitura Municipal de Marema - SC;4210555;SC;DCA-Anexo I-C;Padrão;Receitas Brutas Realizadas;RO1.7.5.8.01.0.0;1.7.5.8.01.0.0 Transferências de Recursos do Fundo de Manutenção e Desenvolvimento da Educação Básica e de Valorização dos Profissionais da Educação ¿ FUNDEB;696052,57;1952
2018;Prefeitura Municipal de Marema - SC;4210555;SC;DCA-Anexo I-C;Padrão;Receitas Brutas Realizadas;RO1.9.0.0.00.0.0;1.9.0.0.00.0.0 - Outras Receitas Correntes;83169,96;1952
2018;Prefeitura Municipal de Marema - SC;4210555;SC;DCA-Anexo I-C;Padrão;Receitas Brutas Realizadas;RO1.9.1.0.00.0.0;1.9.1.0.00.0.0 - Multas Administrativas, Contratuais e Judiciais;15495,59;1952
2018;Prefeitura Municipal de Marema - SC;4210555;SC;DCA-Anexo I-C;Padrão;Receitas Brutas Realizadas;RO1.9.2.0.00.0.0;1.9.2.0.00.0.0 - Indenizações, Restituições e Ressarcimentos;41144,07;1952
2018;Prefeitura Municipal de Marema - SC;4210555;SC;DCA-Anexo I-C;Padrão;Receitas Brutas Realizadas;RO1.9.2.1.00.0.0;1.9.2.1.00.0.0 - Indenizações;32329,51;1952
2018;Prefeitura Municipal de Marema - SC;4210555;SC;DCA-Anexo I-C;Padrão;Receitas Brutas Realizadas;RO1.9.2.2.00.0.0;1.9.2.2.00.0.0 - Restituições;8814,56;1952
2018;Prefeitura Municipal de Marema - SC;4210555;SC;DCA-Anexo I-C;Padrão;Receitas Brutas Realizadas;RO1.9.2.2.99.0.0;1.9.2.2.99.0.0 - Outras Restituições;8814,56;1952
2018;Prefeitura Municipal de Marema - SC;4210555;SC;DCA-Anexo I-C;Padrão;Receitas Brutas Realizadas;RO1.9.9.0.00.0.0;1.9.9.0.00.0.0 - Demais Receitas Correntes;26530,30;1952
2018;Prefeitura Municipal de Marema - SC;4210555;SC;DCA-Anexo I-C;Padrão;Receitas Brutas Realizadas;RO1.9.9.0.99.0.0;1.9.9.0.99.0.0 - Outras Receitas;26530,30;1952
2018;Prefeitura Municipal de Marema - SC;4210555;SC;DCA-Anexo I-C;Padrão;Receitas Brutas Realizadas;RO1.9.9.0.99.1.0;1.9.9.0.99.1.0 - Outras Receitas - Primárias;26530,30;1952
2018;Prefeitura Municipal de Marema - SC;4210555;SC;DCA-Anexo I-C;Padrão;Receitas Brutas Realizadas;RO2.0.0.0.00.0.0;2.0.0.0.00.0.0 - Receitas de Capital;1046268,76;1952
2018;Prefeitura Municipal de Marema - SC;4210555;SC;DCA-Anexo I-C;Padrão;Receitas Brutas Realizadas;RO2.2.0.0.00.0.0;2.2.0.0.00.0.0 - Alienação de Bens;287600,00;1952
2018;Prefeitura Municipal de Marema - SC;4210555;SC;DCA-Anexo I-C;Padrão;Receitas Brutas Realizadas;RO2.2.1.0.00.0.0;2.2.1.0.00.0.0 - Alienação de Bens Móveis;287600,00;1952
2018;Prefeitura Municipal de Marema - SC;4210555;SC;DCA-Anexo I-C;Padrão;Receitas Brutas Realizadas;RO2.2.1.3.00.0.0;2.2.1.3.00.0.0 Alienação de Bens Móveis e Semoventes;287600,00;1952
2018;Prefeitura Municipal de Marema - SC;4210555;SC;DCA-Anexo I-C;Padrão;Receitas Brutas Realizadas;RO2.4.0.0.00.0.0;2.4.0.0.00.0.0 - Transferências de Capital;758668,76;1952
2018;Prefeitura Municipal de Marema - SC;4210555;SC;DCA-Anexo I-C;Padrão;Receitas Brutas Realizadas;RO2.4.1.0.00.0.0;2.4.1.0.00.0.0 - Transferências da União e de suas Entidades;458698,76;1952
2018;Prefeitura Municipal de Marema - SC;4210555;SC;DCA-Anexo I-C;Padrão;Receitas Brutas Realizadas;RO2.4.1.8.00.0.0;2.4.1.8.00.0.0 Transferências da União - Específicas de Estados, DF e Municípios;458698,76;1952
2018;Prefeitura Municipal de Marema - SC;4210555;SC;DCA-Anexo I-C;Padrão;Receitas Brutas Realizadas;RO2.4.1.8.03.0.0;2.4.1.8.03.0.0 Transferências de Recursos do Sistema Único de Saúde ¿ SUS;178276,61;1952
2018;Prefeitura Municipal de Marema - SC;4210555;SC;DCA-Anexo I-C;Padrão;Receitas Brutas Realizadas;RO2.4.1.8.10.0.0;2.4.1.8.10.0.0 Transferência de Convênios da União e de suas Entidades;280422,15;1952
2018;Prefeitura Municipal de Marema - SC;4210555;SC;DCA-Anexo I-C;Padrão;Receitas Brutas Realizadas;RO2.4.2.0.00.0.0;2.4.2.0.00.0.0 - Transferências dos Estados e do Distrito Federal e de suas Entidades;299970,00;1952
2018;Prefeitura Municipal de Marema - SC;4210555;SC;DCA-Anexo I-C;Padrão;Receitas Brutas Realizadas;RO2.4.2.8.00.0.0;2.4.2.8.00.0.0 Transferências dos Estados, Distrito Federal, e de suas Entidades;299970,00;1952
2018;Prefeitura Municipal de Marema - SC;4210555;SC;DCA-Anexo I-C;Padrão;Receitas Brutas Realizadas;RO2.4.2.8.10.0.0;2.4.2.8.10.0.0 Transferências de Convênios dos Estados e do Distrito Federal e de suas Entidades;299970,00;1952
2019;Prefeitura Municipal de Marema - SC;4210555;SC;DCA-Anexo I-C;Padrão;Receitas Brutas Realizadas;ReceitasExcetoIntraOrcamentarias;RECEITAS (EXCETO INTRA-ORÇAMENTÁRIAS) (I);21410773,49;1846
2019;Prefeitura Municipal de Marema - SC;4210555;SC;DCA-Anexo I-C;Padrão;Deduções - FUNDEB;ReceitasExcetoIntraOrcamentarias;RECEITAS (EXCETO INTRA-ORÇAMENTÁRIAS) (I);3064598,35;1846
2019;Prefeitura Municipal de Marema - SC;4210555;SC;DCA-Anexo I-C;Padrão;Receitas Brutas Realizadas;RO1.0.0.0.00.0.0;1.0.0.0.00.0.0 - Receitas Correntes;20427175,32;1846
2019;Prefeitura Municipal de Marema - SC;4210555;SC;DCA-Anexo I-C;Padrão;Deduções - FUNDEB;RO1.0.0.0.00.0.0;1.0.0.0.00.0.0 - Receitas Correntes;3064598,35;1846
2019;Prefeitura Municipal de Marema - SC;4210555;SC;DCA-Anexo I-C;Padrão;Receitas Brutas Realizadas;RO1.1.0.0.00.0.0;1.1.0.0.00.0.0 - Impostos, Taxas e Contribuições de Melhoria;660630,39;1846
2019;Prefeitura Municipal de Marema - SC;4210555;SC;DCA-Anexo I-C;Padrão;Receitas Brutas Realizadas;RO1.1.1.0.00.0.0;1.1.1.0.00.0.0 - Impostos;648680,53;1846
2019;Prefeitura Municipal de Marema - SC;4210555;SC;DCA-Anexo I-C;Padrão;Receitas Brutas Realizadas;RO1.1.1.3.00.0.0;1.1.1.3.00.0.0 - Impostos sobre a Renda e Proventos de Qualquer Natureza;295879,17;1846
2019;Prefeitura Municipal de Marema - SC;4210555;SC;DCA-Anexo I-C;Padrão;Receitas Brutas Realizadas;RO1.1.1.3.03.0.0;1.1.1.3.03.0.0 - Imposto sobre a Renda - Retido na Fonte;295879,17;1846
2019;Prefeitura Municipal de Marema - SC;4210555;SC;DCA-Anexo I-C;Padrão;Receitas Brutas Realizadas;RO1.1.1.3.03.1.0;1.1.1.3.03.1.0 - Imposto sobre a Renda - Retido na Fonte - Trabalho;295879,17;1846
2019;Prefeitura Municipal de Marema - SC;4210555;SC;DCA-Anexo I-C;Padrão;Receitas Brutas Realizadas;RO1.1.1.8.00.0.0;1.1.1.8.00.0.0 Impostos Específicos de Estados, DF e Municípios;352801,36;1846
2019;Prefeitura Municipal de Marema - SC;4210555;SC;DCA-Anexo I-C;Padrão;Receitas Brutas Realizadas;RO1.1.1.8.01.0.0;1.1.1.8.01.0.0 Impostos sobre o Patrimônio para Estados/DF/Municípios;176343,15;1846
2019;Prefeitura Municipal de Marema - SC;4210555;SC;DCA-Anexo I-C;Padrão;Receitas Brutas Realizadas;RO1.1.1.8.01.1.0;1.1.1.8.01.1.0 Imposto sobre a Propriedade Predial e Territorial Urbana;122297,22;1846
2019;Prefeitura Municipal de Marema - SC;4210555;SC;DCA-Anexo I-C;Padrão;Receitas Brutas Realizadas;RO1.1.1.8.01.4.0;1.1.1.8.01.4.0 Imposto sobre Transmissão ¿Inter Vivos¿ de Bens Imóveis e de Direitos Reais sobre Imóveis;54045,93;1846
2019;Prefeitura Municipal de Marema - SC;4210555;SC;DCA-Anexo I-C;Padrão;Receitas Brutas Realizadas;RO1.1.1.8.02.0.0;1.1.1.8.02.0.0 Impostos sobre a Produção, Circulação de Mercadorias e Serviços;176458,21;1846
2019;Prefeitura Municipal de Marema - SC;4210555;SC;DCA-Anexo I-C;Padrão;Receitas Brutas Realizadas;RO1.1.1.8.02.3.0;1.1.1.8.02.3.0 Imposto sobre Serviços de Qualquer Natureza;176458,21;1846
2019;Prefeitura Municipal de Marema - SC;4210555;SC;DCA-Anexo I-C;Padrão;Receitas Brutas Realizadas;RO1.1.2.0.00.0.0;1.1.2.0.00.0.0 - Taxas;11949,86;1846
2019;Prefeitura Municipal de Marema - SC;4210555;SC;DCA-Anexo I-C;Padrão;Receitas Brutas Realizadas;RO1.1.2.1.00.0.0;1.1.2.1.00.0.0 - Taxas pelo Exercício do Poder de Polícia;5050,05;1846
2019;Prefeitura Municipal de Marema - SC;4210555;SC;DCA-Anexo I-C;Padrão;Receitas Brutas Realizadas;RO1.1.2.1.01.0.0;1.1.2.1.01.0.0 - Taxas de Inspeção, Controle e Fiscalização;5050,05;1846
2019;Prefeitura Municipal de Marema - SC;4210555;SC;DCA-Anexo I-C;Padrão;Receitas Brutas Realizadas;RO1.1.2.2.00.0.0;1.1.2.2.00.0.0 - Taxas pela Prestação de Serviços;6899,81;1846
2019;Prefeitura Municipal de Marema - SC;4210555;SC;DCA-Anexo I-C;Padrão;Receitas Brutas Realizadas;RO1.1.2.2.01.0.0;1.1.2.2.01.0.0 - Taxas pela Prestação de Serviços;6899,81;1846
2019;Prefeitura Municipal de Marema - SC;4210555;SC;DCA-Anexo I-C;Padrão;Receitas Brutas Realizadas;RO1.2.0.0.00.0.0;1.2.0.0.00.0.0 - Contribuições;42846,16;1846
2019;Prefeitura Municipal de Marema - SC;4210555;SC;DCA-Anexo I-C;Padrão;Receitas Brutas Realizadas;RO1.2.4.0.00.0.0;1.2.4.0.00.0.0 - Contribuição para o Custeio do Serviço de Iluminação Pública;42846,16;1846
2019;Prefeitura Municipal de Marema - SC;4210555;SC;DCA-Anexo I-C;Padrão;Receitas Brutas Realizadas;RO1.3.0.0.00.0.0;1.3.0.0.00.0.0 - Receita Patrimonial;101532,39;1846
2019;Prefeitura Municipal de Marema - SC;4210555;SC;DCA-Anexo I-C;Padrão;Receitas Brutas Realizadas;RO1.3.2.0.00.0.0;1.3.2.0.00.0.0 - Valores Mobiliários;101532,39;1846
2019;Prefeitura Municipal de Marema - SC;4210555;SC;DCA-Anexo I-C;Padrão;Receitas Brutas Realizadas;RO1.3.2.1.00.0.0;1.3.2.1.00.0.0 - Juros e Correções Monetárias;101532,39;1846
2019;Prefeitura Municipal de Marema - SC;4210555;SC;DCA-Anexo I-C;Padrão;Receitas Brutas Realizadas;RO1.3.2.1.00.1.0;1.3.2.1.00.1.0 - Remuneração de Depósitos Bancários;101532,39;1846
2019;Prefeitura Municipal de Marema - SC;4210555;SC;DCA-Anexo I-C;Padrão;Receitas Brutas Realizadas;RO1.6.0.0.00.0.0;1.6.0.0.00.0.0 - Receita de Serviços;423371,58;1846
2019;Prefeitura Municipal de Marema - SC;4210555;SC;DCA-Anexo I-C;Padrão;Receitas Brutas Realizadas;RO1.6.1.0.00.0.0;1.6.1.0.00.0.0 - Serviços Administrativos e Comerciais Gerais;423371,58;1846
2019;Prefeitura Municipal de Marema - SC;4210555;SC;DCA-Anexo I-C;Padrão;Receitas Brutas Realizadas;RO1.6.1.0.01.0.0;1.6.1.0.01.0.0 - Serviços Administrativos e Comerciais Gerais;423371,58;1846
2019;Prefeitura Municipal de Marema - SC;4210555;SC;DCA-Anexo I-C;Padrão;Receitas Brutas Realizadas;RO1.7.0.0.00.0.0;1.7.0.0.00.0.0 - Transferências Correntes;19130012,79;1846
2019;Prefeitura Municipal de Marema - SC;4210555;SC;DCA-Anexo I-C;Padrão;Deduções - FUNDEB;RO1.7.0.0.00.0.0;1.7.0.0.00.0.0 - Transferências Correntes;3064598,35;1846
2019;Prefeitura Municipal de Marema - SC;4210555;SC;DCA-Anexo I-C;Padrão;Receitas Brutas Realizadas;RO1.7.1.0.00.0.0;1.7.1.0.00.0.0 - Transferências da União e de suas Entidades;10331335,18;1846
2019;Prefeitura Municipal de Marema - SC;4210555;SC;DCA-Anexo I-C;Padrão;Deduções - FUNDEB;RO1.7.1.0.00.0.0;1.7.1.0.00.0.0 - Transferências da União e de suas Entidades;1483818,38;1846
2019;Prefeitura Municipal de Marema - SC;4210555;SC;DCA-Anexo I-C;Padrão;Receitas Brutas Realizadas;RO1.7.1.8.00.0.0;1.7.1.8.00.0.0 Transferências da União - Específicas de Estados, DF e Municípios;10331335,18;1846
2019;Prefeitura Municipal de Marema - SC;4210555;SC;DCA-Anexo I-C;Padrão;Deduções - FUNDEB;RO1.7.1.8.00.0.0;1.7.1.8.00.0.0 Transferências da União - Específicas de Estados, DF e Municípios;1483818,38;1846
2019;Prefeitura Municipal de Marema - SC;4210555;SC;DCA-Anexo I-C;Padrão;Receitas Brutas Realizadas;RO1.7.1.8.01.0.0;1.7.1.8.01.0.0 Participação na Receita da União;8061464,96;1846
2019;Prefeitura Municipal de Marema - SC;4210555;SC;DCA-Anexo I-C;Padrão;Deduções - FUNDEB;RO1.7.1.8.01.0.0;1.7.1.8.01.0.0 Participação na Receita da União;1483818,38;1846
2019;Prefeitura Municipal de Marema - SC;4210555;SC;DCA-Anexo I-C;Padrão;Receitas Brutas Realizadas;RO1.7.1.8.01.2.0;1.7.1.8.01.2.0 Cota-Parte do Fundo de Participação dos Municípios - Cota Mensal;7414834,46;1846
2019;Prefeitura Municipal de Marema - SC;4210555;SC;DCA-Anexo I-C;Padrão;Deduções - FUNDEB;RO1.7.1.8.01.2.0;1.7.1.8.01.2.0 Cota-Parte do Fundo de Participação dos Municípios - Cota Mensal;1482966,57;1846
2019;Prefeitura Municipal de Marema - SC;4210555;SC;DCA-Anexo I-C;Padrão;Receitas Brutas Realizadas;RO1.7.1.8.01.3.0;1.7.1.8.01.3.0 Cota-Parte do Fundo de Participação do Municípios ¿ 1% Cota entregue no mês de dezembro;327230,35;1846
2019;Prefeitura Municipal de Marema - SC;4210555;SC;DCA-Anexo I-C;Padrão;Receitas Brutas Realizadas;RO1.7.1.8.01.4.0;1.7.1.8.01.4.0 Cota-Parte do Fundo de Participação dos Municípios - 1% Cota entregue no mês de julho;315140,73;1846
2019;Prefeitura Municipal de Marema - SC;4210555;SC;DCA-Anexo I-C;Padrão;Receitas Brutas Realizadas;RO1.7.1.8.01.5.0;1.7.1.8.01.5.0 Cota-Parte do Imposto Sobre a Propriedade Territorial Rural;4259,42;1846
2019;Prefeitura Municipal de Marema - SC;4210555;SC;DCA-Anexo I-C;Padrão;Deduções - FUNDEB;RO1.7.1.8.01.5.0;1.7.1.8.01.5.0 Cota-Parte do Imposto Sobre a Propriedade Territorial Rural;851,81;1846
2019;Prefeitura Municipal de Marema - SC;4210555;SC;DCA-Anexo I-C;Padrão;Receitas Brutas Realizadas;RO1.7.1.8.02.0.0;1.7.1.8.02.0.0 Transferência da Compensação Financeira pela Exploração de Recursos Naturais;114247,03;1846
2019;Prefeitura Municipal de Marema - SC;4210555;SC;DCA-Anexo I-C;Padrão;Receitas Brutas Realizadas;RO1.7.1.8.02.6.0;1.7.1.8.02.6.0 Cota-Parte do Fundo Especial do Petróleo ¿ FEP;114247,03;1846
2019;Prefeitura Municipal de Marema - SC;4210555;SC;DCA-Anexo I-C;Padrão;Receitas Brutas Realizadas;RO1.7.1.8.03.0.0;"1.7.1.8.03.0.0 Transferência de Recursos do Sistema Único de Saúde ¿ 
 SUS ¿ Bloco Custeio das Ações e Serviços Públicos de Saúde";929638,41;1846
2019;Prefeitura Municipal de Marema - SC;4210555;SC;DCA-Anexo I-C;Padrão;Receitas Brutas Realizadas;RO1.7.1.8.03.1.0;1.7.1.8.03.1.0 - Transferência de Recursos do SUS ¿ Atenção Básica;910571,86;1846
2019;Prefeitura Municipal de Marema - SC;4210555;SC;DCA-Anexo I-C;Padrão;Receitas Brutas Realizadas;RO1.7.1.8.03.2.0;1.7.1.8.03.2.0 - Transferência de Recursos do SUS ¿ Atenção de Média e Alta Complexidade Ambulatorial e Hospitalar;3500,03;1846
2019;Prefeitura Municipal de Marema - SC;4210555;SC;DCA-Anexo I-C;Padrão;Receitas Brutas Realizadas;RO1.7.1.8.03.3.0;1.7.1.8.03.3.0 - Transferência de Recursos do SUS ¿ Vigilância em Saúde;2811,41;1846
2019;Prefeitura Municipal de Marema - SC;4210555;SC;DCA-Anexo I-C;Padrão;Receitas Brutas Realizadas;RO1.7.1.8.03.4.0;1.7.1.8.03.4.0 - Transferência de Recursos do SUS ¿ Assistência Farmacêutica;12755,11;1846
2019;Prefeitura Municipal de Marema - SC;4210555;SC;DCA-Anexo I-C;Padrão;Receitas Brutas Realizadas;RO1.7.1.8.05.0.0;1.7.1.8.05.0.0 Transferências de Recursos do Fundo Nacional do Desenvolvimento da Educação ¿ FNDE;119995,39;1846
2019;Prefeitura Municipal de Marema - SC;4210555;SC;DCA-Anexo I-C;Padrão;Receitas Brutas Realizadas;RO1.7.1.8.05.1.0;1.7.1.8.05.1.0 Transferências do Salário-Educação;66640,33;1846
2019;Prefeitura Municipal de Marema - SC;4210555;SC;DCA-Anexo I-C;Padrão;Receitas Brutas Realizadas;RO1.7.1.8.05.3.0;1.7.1.8.05.3.0 Transferências Diretas do FNDE referentes ao Programa Nacional de Alimentação Escolar ¿ PNAE;14671,80;1846
2019;Prefeitura Municipal de Marema - SC;4210555;SC;DCA-Anexo I-C;Padrão;Receitas Brutas Realizadas;RO1.7.1.8.05.4.0;1.7.1.8.05.4.0 Transferências Diretas do FNDE referentes ao Programa Nacional de Apoio ao Transporte do Escolar ¿ PNATE;21603,26;1846
2019;Prefeitura Municipal de Marema - SC;4210555;SC;DCA-Anexo I-C;Padrão;Receitas Brutas Realizadas;RO1.7.1.8.05.9.0;1.7.1.8.05.9.0 Outras Transferências Diretas do Fundo Nacional do Desenvolvimento da Educação ¿ FNDE;17080,00;1846
2019;Prefeitura Municipal de Marema - SC;4210555;SC;DCA-Anexo I-C;Padrão;Receitas Brutas Realizadas;RO1.7.1.8.10.0.0;1.7.1.8.10.0.0 Transferências de Convênios da União e de Suas Entidades;439842,72;1846
2019;Prefeitura Municipal de Marema - SC;4210555;SC;DCA-Anexo I-C;Padrão;Receitas Brutas Realizadas;RO1.7.1.8.10.9.0;1.7.1.8.10.9.0 Outras Transferências de Convênios da União;439842,72;1846
2019;Prefeitura Municipal de Marema - SC;4210555;SC;DCA-Anexo I-C;Padrão;Receitas Brutas Realizadas;RO1.7.1.8.12.0.0;1.7.1.8.12.0.0 - Transferências de Recursos do Fundo Nacional de Assistência Social ¿ FNAS;278434,96;1846
2019;Prefeitura Municipal de Marema - SC;4210555;SC;DCA-Anexo I-C;Padrão;Receitas Brutas Realizadas;RO1.7.1.8.99.0.0;1.7.1.8.99.0.0 Outras Transferências da União;387711,71;1846
2019;Prefeitura Municipal de Marema - SC;4210555;SC;DCA-Anexo I-C;Padrão;Receitas Brutas Realizadas;RO1.7.2.0.00.0.0;1.7.2.0.00.0.0 - Transferências dos Estados e do Distrito Federal e de suas Entidades;8121756,87;1846
2019;Prefeitura Municipal de Marema - SC;4210555;SC;DCA-Anexo I-C;Padrão;Deduções - FUNDEB;RO1.7.2.0.00.0.0;1.7.2.0.00.0.0 - Transferências dos Estados e do Distrito Federal e de suas Entidades;1580779,97;1846
2019;Prefeitura Municipal de Marema - SC;4210555;SC;DCA-Anexo I-C;Padrão;Receitas Brutas Realizadas;RO1.7.2.8.00.0.0;1.7.2.8.00.0.0 Transferências dos Estados - Específicas de Estados, DF e Municípios;8121756,87;1846
2019;Prefeitura Municipal de Marema - SC;4210555;SC;DCA-Anexo I-C;Padrão;Deduções - FUNDEB;RO1.7.2.8.00.0.0;1.7.2.8.00.0.0 Transferências dos Estados - Específicas de Estados, DF e Municípios;1580779,97;1846
2019;Prefeitura Municipal de Marema - SC;4210555;SC;DCA-Anexo I-C;Padrão;Receitas Brutas Realizadas;RO1.7.2.8.01.0.0;1.7.2.8.01.0.0 Participação na Receita dos Estados;7960782,68;1846
2019;Prefeitura Municipal de Marema - SC;4210555;SC;DCA-Anexo I-C;Padrão;Deduções - FUNDEB;RO1.7.2.8.01.0.0;1.7.2.8.01.0.0 Participação na Receita dos Estados;1580779,97;1846
2019;Prefeitura Municipal de Marema - SC;4210555;SC;DCA-Anexo I-C;Padrão;Receitas Brutas Realizadas;RO1.7.2.8.01.1.0;1.7.2.8.01.1.0 Cota-Parte do ICMS;7563288,15;1846
2019;Prefeitura Municipal de Marema - SC;4210555;SC;DCA-Anexo I-C;Padrão;Deduções - FUNDEB;RO1.7.2.8.01.1.0;1.7.2.8.01.1.0 Cota-Parte do ICMS;1512656,53;1846
2019;Prefeitura Municipal de Marema - SC;4210555;SC;DCA-Anexo I-C;Padrão;Receitas Brutas Realizadas;RO1.7.2.8.01.2.0;1.7.2.8.01.2.0 Cota-Parte do IPVA;243639,89;1846
2019;Prefeitura Municipal de Marema - SC;4210555;SC;DCA-Anexo I-C;Padrão;Deduções - FUNDEB;RO1.7.2.8.01.2.0;1.7.2.8.01.2.0 Cota-Parte do IPVA;48727,16;1846
2019;Prefeitura Municipal de Marema - SC;4210555;SC;DCA-Anexo I-C;Padrão;Receitas Brutas Realizadas;RO1.7.2.8.01.3.0;1.7.2.8.01.3.0 Cota-Parte do IPI - Municípios;96981,31;1846
2019;Prefeitura Municipal de Marema - SC;4210555;SC;DCA-Anexo I-C;Padrão;Deduções - FUNDEB;RO1.7.2.8.01.3.0;1.7.2.8.01.3.0 Cota-Parte do IPI - Municípios;19396,28;1846
2019;Prefeitura Municipal de Marema - SC;4210555;SC;DCA-Anexo I-C;Padrão;Receitas Brutas Realizadas;RO1.7.2.8.01.4.0;1.7.2.8.01.4.0 Cota-Parte da Contribuição de Intervenção no Domínio Econômico;7818,25;1846
2019;Prefeitura Municipal de Marema - SC;4210555;SC;DCA-Anexo I-C;Padrão;Receitas Brutas Realizadas;RO1.7.2.8.01.9.0;1.7.2.8.01.9.0 Outras Transferências dos Estados;49055,08;1846
2019;Prefeitura Municipal de Marema - SC;4210555;SC;DCA-Anexo I-C;Padrão;Receitas Brutas Realizadas;RO1.7.2.8.03.0.0;1.7.2.8.03.0.0 Transferência de Recursos do Estado para Programas de Saúde ¿ Repasse Fundo a Fundo;94462,00;1846
2019;Prefeitura Municipal de Marema - SC;4210555;SC;DCA-Anexo I-C;Padrão;Receitas Brutas Realizadas;RO1.7.2.8.99.0.0;1.7.2.8.99.0.0 Outras Transferências dos Estados;66512,19;1846
2019;Prefeitura Municipal de Marema - SC;4210555;SC;DCA-Anexo I-C;Padrão;Receitas Brutas Realizadas;RO1.7.5.0.00.0.0;1.7.5.0.00.0.0 - Transferências de Outras Instituições Públicas;676920,74;1846
2019;Prefeitura Municipal de Marema - SC;4210555;SC;DCA-Anexo I-C;Padrão;Receitas Brutas Realizadas;RO1.7.5.8.00.0.0;1.7.5.8.00.0.0 Transferências de Outras Instituições Públicas - Específicas de Estados, DF e Municípios;676920,74;1846
2019;Prefeitura Municipal de Marema - SC;4210555;SC;DCA-Anexo I-C;Padrão;Receitas Brutas Realizadas;RO1.7.5.8.01.0.0;1.7.5.8.01.0.0 Transferências de Recursos do Fundo de Manutenção e Desenvolvimento da Educação Básica e de Valorização dos Profissionais da Educação ¿ FUNDEB;676920,74;1846
2019;Prefeitura Municipal de Marema - SC;4210555;SC;DCA-Anexo I-C;Padrão;Receitas Brutas Realizadas;RO1.9.0.0.00.0.0;1.9.0.0.00.0.0 - Outras Receitas Correntes;68782,01;1846
2019;Prefeitura Municipal de Marema - SC;4210555;SC;DCA-Anexo I-C;Padrão;Receitas Brutas Realizadas;RO1.9.1.0.00.0.0;1.9.1.0.00.0.0 - Multas Administrativas, Contratuais e Judiciais;8952,03;1846
2019;Prefeitura Municipal de Marema - SC;4210555;SC;DCA-Anexo I-C;Padrão;Receitas Brutas Realizadas;RO1.9.1.0.01.0.0;1.9.1.0.01.0.0 - Multas Previstas em Legislação Específica;8952,03;1846
2019;Prefeitura Municipal de Marema - SC;4210555;SC;DCA-Anexo I-C;Padrão;Receitas Brutas Realizadas;RO1.9.2.0.00.0.0;1.9.2.0.00.0.0 - Indenizações, Restituições e Ressarcimentos;7290,35;1846
2019;Prefeitura Municipal de Marema - SC;4210555;SC;DCA-Anexo I-C;Padrão;Receitas Brutas Realizadas;RO1.9.2.2.00.0.0;1.9.2.2.00.0.0 - Restituições;7290,35;1846
2019;Prefeitura Municipal de Marema - SC;4210555;SC;DCA-Anexo I-C;Padrão;Receitas Brutas Realizadas;RO1.9.2.2.99.0.0;1.9.2.2.99.0.0 - Outras Restituições;7290,35;1846
2019;Prefeitura Municipal de Marema - SC;4210555;SC;DCA-Anexo I-C;Padrão;Receitas Brutas Realizadas;RO1.9.9.0.00.0.0;1.9.9.0.00.0.0 - Demais Receitas Correntes;52539,63;1846
2019;Prefeitura Municipal de Marema - SC;4210555;SC;DCA-Anexo I-C;Padrão;Receitas Brutas Realizadas;RO1.9.9.0.99.0.0;1.9.9.0.99.0.0 - Outras Receitas;52539,63;1846
2019;Prefeitura Municipal de Marema - SC;4210555;SC;DCA-Anexo I-C;Padrão;Receitas Brutas Realizadas;RO1.9.9.0.99.1.0;1.9.9.0.99.1.0 - Outras Receitas - Primárias;52539,63;1846
2019;Prefeitura Municipal de Marema - SC;4210555;SC;DCA-Anexo I-C;Padrão;Receitas Brutas Realizadas;RO2.0.0.0.00.0.0;2.0.0.0.00.0.0 - Receitas de Capital;983598,17;1846
2019;Prefeitura Municipal de Marema - SC;4210555;SC;DCA-Anexo I-C;Padrão;Receitas Brutas Realizadas;RO2.1.0.0.00.0.0;2.1.0.0.00.0.0 - Operações de Crédito;732085,03;1846
2019;Prefeitura Municipal de Marema - SC;4210555;SC;DCA-Anexo I-C;Padrão;Receitas Brutas Realizadas;RO2.1.1.0.00.0.0;2.1.1.0.00.0.0 - Operações de Crédito - Mercado Interno;732085,03;1846
2019;Prefeitura Municipal de Marema - SC;4210555;SC;DCA-Anexo I-C;Padrão;Receitas Brutas Realizadas;RO2.1.1.9.00.0.0;2.1.1.9.00.0.0 Outras Operações de Crédito - Mercado Interno;732085,03;1846
2019;Prefeitura Municipal de Marema - SC;4210555;SC;DCA-Anexo I-C;Padrão;Receitas Brutas Realizadas;RO2.4.0.0.00.0.0;2.4.0.0.00.0.0 - Transferências de Capital;251513,14;1846
2019;Prefeitura Municipal de Marema - SC;4210555;SC;DCA-Anexo I-C;Padrão;Receitas Brutas Realizadas;RO2.4.1.0.00.0.0;2.4.1.0.00.0.0 - Transferências da União e de suas Entidades;251513,14;1846
2019;Prefeitura Municipal de Marema - SC;4210555;SC;DCA-Anexo I-C;Padrão;Receitas Brutas Realizadas;RO2.4.1.8.00.0.0;2.4.1.8.00.0.0 Transferências da União - Específicas de Estados, DF e Municípios;251513,14;1846
2019;Prefeitura Municipal de Marema - SC;4210555;SC;DCA-Anexo I-C;Padrão;Receitas Brutas Realizadas;RO2.4.1.8.03.0.0;2.4.1.8.03.0.0 Transferências de Recursos do Sistema Único de Saúde ¿ SUS;251513,14;1846
2019;Prefeitura Municipal de Marema - SC;4210555;SC;DCA-Anexo I-C;Padrão;Receitas Brutas Realizadas;RO2.4.1.8.03.1.0;2.4.1.8.03.1.0 - Transferência de Recursos do SUS ¿ Atenção Básica;199993,00;1846
2019;Prefeitura Municipal de Marema - SC;4210555;SC;DCA-Anexo I-C;Padrão;Receitas Brutas Realizadas;RO2.4.1.8.03.2.0;2.4.1.8.03.2.0 - Transferência de Recursos do SUS ¿ Atenção de Média e Alta Complexidade Ambulatorial e Hospitalar;20977,67;1846
2019;Prefeitura Municipal de Marema - SC;4210555;SC;DCA-Anexo I-C;Padrão;Receitas Brutas Realizadas;RO2.4.1.8.03.3.0;2.4.1.8.03.3.0 - Transferência de Recursos do SUS ¿ Vigilância em Saúde;30542,47;1846
2019;Prefeitura Municipal de Marema - SC;4210555;SC;DCA-Anexo I-C;Padrão;Receitas Brutas Realizadas;TotalReceitas;TOTAL DAS RECEITAS (III) = (I + II);21410773,49;1846
2019;Prefeitura Municipal de Marema - SC;4210555;SC;DCA-Anexo I-C;Padrão;Deduções - FUNDEB;TotalReceitas;TOTAL DAS RECEITAS (III) = (I + II);3064598,35;1846
2020;Prefeitura Municipal de Marema - SC;4210555;SC;DCA-Anexo I-C;Padrão;Receitas Brutas Realizadas;ReceitasExcetoIntraOrcamentarias;RECEITAS (EXCETO INTRA-ORÇAMENTÁRIAS) (I);21554635,55;1797
2020;Prefeitura Municipal de Marema - SC;4210555;SC;DCA-Anexo I-C;Padrão;Deduções - FUNDEB;ReceitasExcetoIntraOrcamentarias;RECEITAS (EXCETO INTRA-ORÇAMENTÁRIAS) (I);2908799,61;1797
2020;Prefeitura Municipal de Marema - SC;4210555;SC;DCA-Anexo I-C;Padrão;Receitas Brutas Realizadas;RO1.0.0.0.00.0.0;1.0.0.0.00.0.0 - Receitas Correntes;20231042,55;1797
2020;Prefeitura Municipal de Marema - SC;4210555;SC;DCA-Anexo I-C;Padrão;Deduções - FUNDEB;RO1.0.0.0.00.0.0;1.0.0.0.00.0.0 - Receitas Correntes;2908799,61;1797
2020;Prefeitura Municipal de Marema - SC;4210555;SC;DCA-Anexo I-C;Padrão;Receitas Brutas Realizadas;RO1.1.0.0.00.0.0;1.1.0.0.00.0.0 - Impostos, Taxas e Contribuições de Melhoria;821070,77;1797
2020;Prefeitura Municipal de Marema - SC;4210555;SC;DCA-Anexo I-C;Padrão;Receitas Brutas Realizadas;RO1.1.1.0.00.0.0;1.1.1.0.00.0.0 - Impostos;794399,06;1797
2020;Prefeitura Municipal de Marema - SC;4210555;SC;DCA-Anexo I-C;Padrão;Receitas Brutas Realizadas;RO1.1.1.3.00.0.0;1.1.1.3.00.0.0 - Impostos sobre a Renda e Proventos de Qualquer Natureza;371983,09;1797
2020;Prefeitura Municipal de Marema - SC;4210555;SC;DCA-Anexo I-C;Padrão;Receitas Brutas Realizadas;RO1.1.1.3.03.0.0;1.1.1.3.03.0.0 - Imposto sobre a Renda - Retido na Fonte;371983,09;1797
2020;Prefeitura Municipal de Marema - SC;4210555;SC;DCA-Anexo I-C;Padrão;Receitas Brutas Realizadas;RO1.1.1.3.03.1.0;1.1.1.3.03.1.0 - Imposto sobre a Renda - Retido na Fonte - Trabalho;371983,09;1797
2020;Prefeitura Municipal de Marema - SC;4210555;SC;DCA-Anexo I-C;Padrão;Receitas Brutas Realizadas;RO1.1.1.8.00.0.0;1.1.1.8.00.0.0 Impostos Específicos de Estados, DF e Municípios;422415,97;1797
2020;Prefeitura Municipal de Marema - SC;4210555;SC;DCA-Anexo I-C;Padrão;Receitas Brutas Realizadas;RO1.1.1.8.01.0.0;1.1.1.8.01.0.0 Impostos sobre o Patrimônio para Estados/DF/Municípios;223228,60;1797
2020;Prefeitura Municipal de Marema - SC;4210555;SC;DCA-Anexo I-C;Padrão;Receitas Brutas Realizadas;RO1.1.1.8.01.1.0;1.1.1.8.01.1.0 Imposto sobre a Propriedade Predial e Territorial Urbana;137544,13;1797
2020;Prefeitura Municipal de Marema - SC;4210555;SC;DCA-Anexo I-C;Padrão;Receitas Brutas Realizadas;RO1.1.1.8.01.4.0;1.1.1.8.01.4.0 Imposto sobre Transmissão ¿Inter Vivos¿ de Bens Imóveis e de Direitos Reais sobre Imóveis;85684,47;1797
2020;Prefeitura Municipal de Marema - SC;4210555;SC;DCA-Anexo I-C;Padrão;Receitas Brutas Realizadas;RO1.1.1.8.02.0.0;1.1.1.8.02.0.0 Impostos sobre a Produção, Circulação de Mercadorias e Serviços;199187,37;1797
2020;Prefeitura Municipal de Marema - SC;4210555;SC;DCA-Anexo I-C;Padrão;Receitas Brutas Realizadas;RO1.1.1.8.02.3.0;1.1.1.8.02.3.0 Imposto sobre Serviços de Qualquer Natureza;199187,37;1797
2020;Prefeitura Municipal de Marema - SC;4210555;SC;DCA-Anexo I-C;Padrão;Receitas Brutas Realizadas;RO1.1.2.0.00.0.0;1.1.2.0.00.0.0 - Taxas;26671,71;1797
2020;Prefeitura Municipal de Marema - SC;4210555;SC;DCA-Anexo I-C;Padrão;Receitas Brutas Realizadas;RO1.1.2.1.00.0.0;1.1.2.1.00.0.0 - Taxas pelo Exercício do Poder de Polícia;22507,75;1797
2020;Prefeitura Municipal de Marema - SC;4210555;SC;DCA-Anexo I-C;Padrão;Receitas Brutas Realizadas;RO1.1.2.1.01.0.0;1.1.2.1.01.0.0 - Taxas de Inspeção, Controle e Fiscalização;22507,75;1797
2020;Prefeitura Municipal de Marema - SC;4210555;SC;DCA-Anexo I-C;Padrão;Receitas Brutas Realizadas;RO1.1.2.2.00.0.0;1.1.2.2.00.0.0 - Taxas pela Prestação de Serviços;4163,96;1797
2020;Prefeitura Municipal de Marema - SC;4210555;SC;DCA-Anexo I-C;Padrão;Receitas Brutas Realizadas;RO1.1.2.2.01.0.0;1.1.2.2.01.0.0 - Taxas pela Prestação de Serviços;4163,96;1797
2020;Prefeitura Municipal de Marema - SC;4210555;SC;DCA-Anexo I-C;Padrão;Receitas Brutas Realizadas;RO1.2.0.0.00.0.0;1.2.0.0.00.0.0 - Contribuições;44704,74;1797
2020;Prefeitura Municipal de Marema - SC;4210555;SC;DCA-Anexo I-C;Padrão;Receitas Brutas Realizadas;RO1.2.4.0.00.0.0;1.2.4.0.00.0.0 - Contribuição para o Custeio do Serviço de Iluminação Pública;44704,74;1797
2020;Prefeitura Municipal de Marema - SC;4210555;SC;DCA-Anexo I-C;Padrão;Receitas Brutas Realizadas;RO1.3.0.0.00.0.0;1.3.0.0.00.0.0 - Receita Patrimonial;30435,38;1797
2020;Prefeitura Municipal de Marema - SC;4210555;SC;DCA-Anexo I-C;Padrão;Receitas Brutas Realizadas;RO1.3.2.0.00.0.0;1.3.2.0.00.0.0 - Valores Mobiliários;30435,38;1797
2020;Prefeitura Municipal de Marema - SC;4210555;SC;DCA-Anexo I-C;Padrão;Receitas Brutas Realizadas;RO1.3.2.1.00.0.0;1.3.2.1.00.0.0 - Juros e Correções Monetárias;30435,38;1797
2020;Prefeitura Municipal de Marema - SC;4210555;SC;DCA-Anexo I-C;Padrão;Receitas Brutas Realizadas;RO1.3.2.1.00.1.0;1.3.2.1.00.1.0 - Remuneração de Depósitos Bancários;30435,38;1797
2020;Prefeitura Municipal de Marema - SC;4210555;SC;DCA-Anexo I-C;Padrão;Receitas Brutas Realizadas;RO1.6.0.0.00.0.0;1.6.0.0.00.0.0 - Receita de Serviços;269782,32;1797
2020;Prefeitura Municipal de Marema - SC;4210555;SC;DCA-Anexo I-C;Padrão;Receitas Brutas Realizadas;RO1.6.1.0.00.0.0;1.6.1.0.00.0.0 - Serviços Administrativos e Comerciais Gerais;269782,32;1797
2020;Prefeitura Municipal de Marema - SC;4210555;SC;DCA-Anexo I-C;Padrão;Receitas Brutas Realizadas;RO1.6.1.0.01.0.0;1.6.1.0.01.0.0 - Serviços Administrativos e Comerciais Gerais;269782,32;1797
2020;Prefeitura Municipal de Marema - SC;4210555;SC;DCA-Anexo I-C;Padrão;Receitas Brutas Realizadas;RO1.7.0.0.00.0.0;1.7.0.0.00.0.0 - Transferências Correntes;19050303,39;1797
2020;Prefeitura Municipal de Marema - SC;4210555;SC;DCA-Anexo I-C;Padrão;Deduções - FUNDEB;RO1.7.0.0.00.0.0;1.7.0.0.00.0.0 - Transferências Correntes;2908799,61;1797
2020;Prefeitura Municipal de Marema - SC;4210555;SC;DCA-Anexo I-C;Padrão;Receitas Brutas Realizadas;RO1.7.1.0.00.0.0;1.7.1.0.00.0.0 - Transferências da União e de suas Entidades;10511831,09;1797
2020;Prefeitura Municipal de Marema - SC;4210555;SC;DCA-Anexo I-C;Padrão;Deduções - FUNDEB;RO1.7.1.0.00.0.0;1.7.1.0.00.0.0 - Transferências da União e de suas Entidades;1410324,50;1797
2020;Prefeitura Municipal de Marema - SC;4210555;SC;DCA-Anexo I-C;Padrão;Receitas Brutas Realizadas;RO1.7.1.8.00.0.0;1.7.1.8.00.0.0 Transferências da União - Específicas de Estados, DF e Municípios;10511831,09;1797
2020;Prefeitura Municipal de Marema - SC;4210555;SC;DCA-Anexo I-C;Padrão;Deduções - FUNDEB;RO1.7.1.8.00.0.0;1.7.1.8.00.0.0 Transferências da União - Específicas de Estados, DF e Municípios;1410324,50;1797
2020;Prefeitura Municipal de Marema - SC;4210555;SC;DCA-Anexo I-C;Padrão;Receitas Brutas Realizadas;RO1.7.1.8.01.0.0;1.7.1.8.01.0.0 Participação na Receita da União;7686474,52;1797
2020;Prefeitura Municipal de Marema - SC;4210555;SC;DCA-Anexo I-C;Padrão;Deduções - FUNDEB;RO1.7.1.8.01.0.0;1.7.1.8.01.0.0 Participação na Receita da União;1410324,50;1797
2020;Prefeitura Municipal de Marema - SC;4210555;SC;DCA-Anexo I-C;Padrão;Receitas Brutas Realizadas;RO1.7.1.8.01.2.0;1.7.1.8.01.2.0 Cota-Parte do Fundo de Participação dos Municípios - Cota Mensal;7046317,58;1797
2020;Prefeitura Municipal de Marema - SC;4210555;SC;DCA-Anexo I-C;Padrão;Deduções - FUNDEB;RO1.7.1.8.01.2.0;1.7.1.8.01.2.0 Cota-Parte do Fundo de Participação dos Municípios - Cota Mensal;1409263,19;1797
2020;Prefeitura Municipal de Marema - SC;4210555;SC;DCA-Anexo I-C;Padrão;Receitas Brutas Realizadas;RO1.7.1.8.01.3.0;1.7.1.8.01.3.0 Cota-Parte do Fundo de Participação do Municípios ¿ 1% Cota entregue no mês de dezembro;317762,93;1797
2020;Prefeitura Municipal de Marema - SC;4210555;SC;DCA-Anexo I-C;Padrão;Receitas Brutas Realizadas;RO1.7.1.8.01.4.0;1.7.1.8.01.4.0 Cota-Parte do Fundo de Participação dos Municípios - 1% Cota entregue no mês de julho;317086,89;1797
2020;Prefeitura Municipal de Marema - SC;4210555;SC;DCA-Anexo I-C;Padrão;Receitas Brutas Realizadas;RO1.7.1.8.01.5.0;1.7.1.8.01.5.0 Cota-Parte do Imposto Sobre a Propriedade Territorial Rural;5307,12;1797
2020;Prefeitura Municipal de Marema - SC;4210555;SC;DCA-Anexo I-C;Padrão;Deduções - FUNDEB;RO1.7.1.8.01.5.0;1.7.1.8.01.5.0 Cota-Parte do Imposto Sobre a Propriedade Territorial Rural;1061,31;1797
2020;Prefeitura Municipal de Marema - SC;4210555;SC;DCA-Anexo I-C;Padrão;Receitas Brutas Realizadas;RO1.7.1.8.02.0.0;1.7.1.8.02.0.0 Transferência da Compensação Financeira pela Exploração de Recursos Naturais;113831,84;1797
2020;Prefeitura Municipal de Marema - SC;4210555;SC;DCA-Anexo I-C;Padrão;Receitas Brutas Realizadas;RO1.7.1.8.02.6.0;1.7.1.8.02.6.0 Cota-Parte do Fundo Especial do Petróleo ¿ FEP;113831,84;1797
2020;Prefeitura Municipal de Marema - SC;4210555;SC;DCA-Anexo I-C;Padrão;Receitas Brutas Realizadas;RO1.7.1.8.03.0.0;"1.7.1.8.03.0.0 Transferência de Recursos do Sistema Único de Saúde ¿ 
 SUS ¿ Bloco Custeio das Ações e Serviços Públicos de Saúde";1514692,59;1797
2020;Prefeitura Municipal de Marema - SC;4210555;SC;DCA-Anexo I-C;Padrão;Receitas Brutas Realizadas;RO1.7.1.8.03.1.0;1.7.1.8.03.1.0 - Transferência de Recursos do SUS ¿ Atenção Básica;1118746,57;1797
2020;Prefeitura Municipal de Marema - SC;4210555;SC;DCA-Anexo I-C;Padrão;Receitas Brutas Realizadas;RO1.7.1.8.03.2.0;1.7.1.8.03.2.0 - Transferência de Recursos do SUS ¿ Atenção de Média e Alta Complexidade Ambulatorial e Hospitalar;27331,98;1797
2020;Prefeitura Municipal de Marema - SC;4210555;SC;DCA-Anexo I-C;Padrão;Receitas Brutas Realizadas;RO1.7.1.8.03.3.0;1.7.1.8.03.3.0 - Transferência de Recursos do SUS ¿ Vigilância em Saúde;36632,56;1797
2020;Prefeitura Municipal de Marema - SC;4210555;SC;DCA-Anexo I-C;Padrão;Receitas Brutas Realizadas;RO1.7.1.8.03.4.0;1.7.1.8.03.4.0 - Transferência de Recursos do SUS ¿ Assistência Farmacêutica;13422,48;1797
2020;Prefeitura Municipal de Marema - SC;4210555;SC;DCA-Anexo I-C;Padrão;Receitas Brutas Realizadas;RO1.7.1.8.03.9.0;1.7.1.8.03.9.0 - Transferência de Recursos do SUS ¿ Outros Programas Financiados por Transferências Fundo a Fundo;318559,00;1797
2020;Prefeitura Municipal de Marema - SC;4210555;SC;DCA-Anexo I-C;Padrão;Receitas Brutas Realizadas;RO1.7.1.8.05.0.0;1.7.1.8.05.0.0 Transferências de Recursos do Fundo Nacional do Desenvolvimento da Educação ¿ FNDE;108183,19;1797
2020;Prefeitura Municipal de Marema - SC;4210555;SC;DCA-Anexo I-C;Padrão;Receitas Brutas Realizadas;RO1.7.1.8.05.1.0;1.7.1.8.05.1.0 Transferências do Salário-Educação;65655,57;1797
2020;Prefeitura Municipal de Marema - SC;4210555;SC;DCA-Anexo I-C;Padrão;Receitas Brutas Realizadas;RO1.7.1.8.05.3.0;1.7.1.8.05.3.0 Transferências Diretas do FNDE referentes ao Programa Nacional de Alimentação Escolar ¿ PNAE;18935,40;1797
2020;Prefeitura Municipal de Marema - SC;4210555;SC;DCA-Anexo I-C;Padrão;Receitas Brutas Realizadas;RO1.7.1.8.05.4.0;1.7.1.8.05.4.0 Transferências Diretas do FNDE referentes ao Programa Nacional de Apoio ao Transporte do Escolar ¿ PNATE;23592,22;1797
2020;Prefeitura Municipal de Marema - SC;4210555;SC;DCA-Anexo I-C;Padrão;Receitas Brutas Realizadas;RO1.7.1.8.10.0.0;1.7.1.8.10.0.0 Transferências de Convênios da União e de Suas Entidades;98340,00;1797
2020;Prefeitura Municipal de Marema - SC;4210555;SC;DCA-Anexo I-C;Padrão;Receitas Brutas Realizadas;RO1.7.1.8.10.9.0;1.7.1.8.10.9.0 Outras Transferências de Convênios da União;98340,00;1797
2020;Prefeitura Municipal de Marema - SC;4210555;SC;DCA-Anexo I-C;Padrão;Receitas Brutas Realizadas;RO1.7.1.8.12.0.0;1.7.1.8.12.0.0 - Transferências de Recursos do Fundo Nacional de Assistência Social ¿ FNAS;194758,03;1797
2020;Prefeitura Municipal de Marema - SC;4210555;SC;DCA-Anexo I-C;Padrão;Receitas Brutas Realizadas;RO1.7.1.8.99.0.0;1.7.1.8.99.0.0 Outras Transferências da União;795550,92;1797
2020;Prefeitura Municipal de Marema - SC;4210555;SC;DCA-Anexo I-C;Padrão;Receitas Brutas Realizadas;RO1.7.2.0.00.0.0;1.7.2.0.00.0.0 - Transferências dos Estados e do Distrito Federal e de suas Entidades;7809134,20;1797
2020;Prefeitura Municipal de Marema - SC;4210555;SC;DCA-Anexo I-C;Padrão;Deduções - FUNDEB;RO1.7.2.0.00.0.0;1.7.2.0.00.0.0 - Transferências dos Estados e do Distrito Federal e de suas Entidades;1498475,11;1797
2020;Prefeitura Municipal de Marema - SC;4210555;SC;DCA-Anexo I-C;Padrão;Receitas Brutas Realizadas;RO1.7.2.8.00.0.0;1.7.2.8.00.0.0 Transferências dos Estados - Específicas de Estados, DF e Municípios;7809134,20;1797
2020;Prefeitura Municipal de Marema - SC;4210555;SC;DCA-Anexo I-C;Padrão;Deduções - FUNDEB;RO1.7.2.8.00.0.0;1.7.2.8.00.0.0 Transferências dos Estados - Específicas de Estados, DF e Municípios;1498475,11;1797
2020;Prefeitura Municipal de Marema - SC;4210555;SC;DCA-Anexo I-C;Padrão;Receitas Brutas Realizadas;RO1.7.2.8.01.0.0;1.7.2.8.01.0.0 Participação na Receita dos Estados;7687861,16;1797
2020;Prefeitura Municipal de Marema - SC;4210555;SC;DCA-Anexo I-C;Padrão;Deduções - FUNDEB;RO1.7.2.8.01.0.0;1.7.2.8.01.0.0 Participação na Receita dos Estados;1498475,11;1797
2020;Prefeitura Municipal de Marema - SC;4210555;SC;DCA-Anexo I-C;Padrão;Receitas Brutas Realizadas;RO1.7.2.8.01.1.0;1.7.2.8.01.1.0 Cota-Parte do ICMS;7158552,24;1797
2020;Prefeitura Municipal de Marema - SC;4210555;SC;DCA-Anexo I-C;Padrão;Deduções - FUNDEB;RO1.7.2.8.01.1.0;1.7.2.8.01.1.0 Cota-Parte do ICMS;1431709,46;1797
2020;Prefeitura Municipal de Marema - SC;4210555;SC;DCA-Anexo I-C;Padrão;Receitas Brutas Realizadas;RO1.7.2.8.01.2.0;1.7.2.8.01.2.0 Cota-Parte do IPVA;236063,48;1797
2020;Prefeitura Municipal de Marema - SC;4210555;SC;DCA-Anexo I-C;Padrão;Deduções - FUNDEB;RO1.7.2.8.01.2.0;1.7.2.8.01.2.0 Cota-Parte do IPVA;47211,78;1797
2020;Prefeitura Municipal de Marema - SC;4210555;SC;DCA-Anexo I-C;Padrão;Receitas Brutas Realizadas;RO1.7.2.8.01.3.0;1.7.2.8.01.3.0 Cota-Parte do IPI - Municípios;97769,30;1797
2020;Prefeitura Municipal de Marema - SC;4210555;SC;DCA-Anexo I-C;Padrão;Deduções - FUNDEB;RO1.7.2.8.01.3.0;1.7.2.8.01.3.0 Cota-Parte do IPI - Municípios;19553,87;1797
2020;Prefeitura Municipal de Marema - SC;4210555;SC;DCA-Anexo I-C;Padrão;Receitas Brutas Realizadas;RO1.7.2.8.01.4.0;1.7.2.8.01.4.0 Cota-Parte da Contribuição de Intervenção no Domínio Econômico;6392,39;1797
2020;Prefeitura Municipal de Marema - SC;4210555;SC;DCA-Anexo I-C;Padrão;Receitas Brutas Realizadas;RO1.7.2.8.01.5.0;1.7.2.8.01.5.0 Outras Participações na Receita dos Estados;29300,00;1797
2020;Prefeitura Municipal de Marema - SC;4210555;SC;DCA-Anexo I-C;Padrão;Receitas Brutas Realizadas;RO1.7.2.8.01.9.0;1.7.2.8.01.9.0 Outras Transferências dos Estados;159783,75;1797
2020;Prefeitura Municipal de Marema - SC;4210555;SC;DCA-Anexo I-C;Padrão;Receitas Brutas Realizadas;RO1.7.2.8.03.0.0;1.7.2.8.03.0.0 Transferência de Recursos do Estado para Programas de Saúde ¿ Repasse Fundo a Fundo;102189,95;1797
2020;Prefeitura Municipal de Marema - SC;4210555;SC;DCA-Anexo I-C;Padrão;Receitas Brutas Realizadas;RO1.7.2.8.99.0.0;1.7.2.8.99.0.0 Outras Transferências dos Estados;19083,09;1797
2020;Prefeitura Municipal de Marema - SC;4210555;SC;DCA-Anexo I-C;Padrão;Receitas Brutas Realizadas;RO1.7.5.0.00.0.0;1.7.5.0.00.0.0 - Transferências de Outras Instituições Públicas;729338,10;1797
2020;Prefeitura Municipal de Marema - SC;4210555;SC;DCA-Anexo I-C;Padrão;Receitas Brutas Realizadas;RO1.7.5.8.00.0.0;1.7.5.8.00.0.0 Transferências de Outras Instituições Públicas - Específicas de Estados, DF e Municípios;729338,10;1797
2020;Prefeitura Municipal de Marema - SC;4210555;SC;DCA-Anexo I-C;Padrão;Receitas Brutas Realizadas;RO1.7.5.8.01.0.0;1.7.5.8.01.0.0 Transferências de Recursos do Fundo de Manutenção e Desenvolvimento da Educação Básica e de Valorização dos Profissionais da Educação ¿ FUNDEB;729338,10;1797
2020;Prefeitura Municipal de Marema - SC;4210555;SC;DCA-Anexo I-C;Padrão;Receitas Brutas Realizadas;RO1.9.0.0.00.0.0;1.9.0.0.00.0.0 - Outras Receitas Correntes;14745,95;1797
2020;Prefeitura Municipal de Marema - SC;4210555;SC;DCA-Anexo I-C;Padrão;Receitas Brutas Realizadas;RO1.9.1.0.00.0.0;1.9.1.0.00.0.0 - Multas Administrativas, Contratuais e Judiciais;3226,27;1797
2020;Prefeitura Municipal de Marema - SC;4210555;SC;DCA-Anexo I-C;Padrão;Receitas Brutas Realizadas;RO1.9.1.0.01.0.0;1.9.1.0.01.0.0 - Multas Previstas em Legislação Específica;3226,27;1797
2020;Prefeitura Municipal de Marema - SC;4210555;SC;DCA-Anexo I-C;Padrão;Receitas Brutas Realizadas;RO1.9.2.0.00.0.0;1.9.2.0.00.0.0 - Indenizações, Restituições e Ressarcimentos;11519,68;1797
2020;Prefeitura Municipal de Marema - SC;4210555;SC;DCA-Anexo I-C;Padrão;Receitas Brutas Realizadas;RO1.9.2.2.00.0.0;1.9.2.2.00.0.0 - Restituições;11519,68;1797
2020;Prefeitura Municipal de Marema - SC;4210555;SC;DCA-Anexo I-C;Padrão;Receitas Brutas Realizadas;RO1.9.2.2.99.0.0;1.9.2.2.99.0.0 - Outras Restituições;11519,68;1797
2020;Prefeitura Municipal de Marema - SC;4210555;SC;DCA-Anexo I-C;Padrão;Receitas Brutas Realizadas;RO2.0.0.0.00.0.0;2.0.0.0.00.0.0 - Receitas de Capital;1323593,00;1797
2020;Prefeitura Municipal de Marema - SC;4210555;SC;DCA-Anexo I-C;Padrão;Receitas Brutas Realizadas;RO2.1.0.0.00.0.0;2.1.0.0.00.0.0 - Operações de Crédito;718116,92;1797
2020;Prefeitura Municipal de Marema - SC;4210555;SC;DCA-Anexo I-C;Padrão;Receitas Brutas Realizadas;RO2.1.1.0.00.0.0;2.1.1.0.00.0.0 - Operações de Crédito - Mercado Interno;718116,92;1797
2020;Prefeitura Municipal de Marema - SC;4210555;SC;DCA-Anexo I-C;Padrão;Receitas Brutas Realizadas;RO2.1.1.9.00.0.0;2.1.1.9.00.0.0 Outras Operações de Crédito - Mercado Interno;718116,92;1797
2020;Prefeitura Municipal de Marema - SC;4210555;SC;DCA-Anexo I-C;Padrão;Receitas Brutas Realizadas;RO2.4.0.0.00.0.0;2.4.0.0.00.0.0 - Transferências de Capital;605476,08;1797
2020;Prefeitura Municipal de Marema - SC;4210555;SC;DCA-Anexo I-C;Padrão;Receitas Brutas Realizadas;RO2.4.1.0.00.0.0;2.4.1.0.00.0.0 - Transferências da União e de suas Entidades;307430,83;1797
2020;Prefeitura Municipal de Marema - SC;4210555;SC;DCA-Anexo I-C;Padrão;Receitas Brutas Realizadas;RO2.4.1.8.00.0.0;2.4.1.8.00.0.0 Transferências da União - Específicas de Estados, DF e Municípios;307430,83;1797
2020;Prefeitura Municipal de Marema - SC;4210555;SC;DCA-Anexo I-C;Padrão;Receitas Brutas Realizadas;RO2.4.1.8.03.0.0;2.4.1.8.03.0.0 Transferências de Recursos do Sistema Único de Saúde ¿ SUS;7430,83;1797
2020;Prefeitura Municipal de Marema - SC;4210555;SC;DCA-Anexo I-C;Padrão;Receitas Brutas Realizadas;RO2.4.1.8.03.1.0;2.4.1.8.03.1.0 - Transferência de Recursos do SUS ¿ Atenção Básica;3475,00;1797
2020;Prefeitura Municipal de Marema - SC;4210555;SC;DCA-Anexo I-C;Padrão;Receitas Brutas Realizadas;RO2.4.1.8.03.2.0;2.4.1.8.03.2.0 - Transferência de Recursos do SUS ¿ Atenção de Média e Alta Complexidade Ambulatorial e Hospitalar;1555,83;1797
2020;Prefeitura Municipal de Marema - SC;4210555;SC;DCA-Anexo I-C;Padrão;Receitas Brutas Realizadas;RO2.4.1.8.03.3.0;2.4.1.8.03.3.0 - Transferência de Recursos do SUS ¿ Vigilância em Saúde;2400,00;1797
2020;Prefeitura Municipal de Marema - SC;4210555;SC;DCA-Anexo I-C;Padrão;Receitas Brutas Realizadas;RO2.4.1.8.10.0.0;2.4.1.8.10.0.0 Transferência de Convênios da União e de suas Entidades;300000,00;1797
2020;Prefeitura Municipal de Marema - SC;4210555;SC;DCA-Anexo I-C;Padrão;Receitas Brutas Realizadas;RO2.4.1.8.10.9.0;2.4.1.8.10.9.0 - Outras Transferências de Convênios da União;300000,00;1797
2020;Prefeitura Municipal de Marema - SC;4210555;SC;DCA-Anexo I-C;Padrão;Receitas Brutas Realizadas;RO2.4.2.0.00.0.0;2.4.2.0.00.0.0 - Transferências dos Estados e do Distrito Federal e de suas Entidades;298045,25;1797
2020;Prefeitura Municipal de Marema - SC;4210555;SC;DCA-Anexo I-C;Padrão;Receitas Brutas Realizadas;RO2.4.2.8.00.0.0;2.4.2.8.00.0.0 Transferências dos Estados, Distrito Federal, e de suas Entidades;298045,25;1797
2020;Prefeitura Municipal de Marema - SC;4210555;SC;DCA-Anexo I-C;Padrão;Receitas Brutas Realizadas;RO2.4.2.8.05.0.0;2.4.2.8.05.0.0 Transferências de Recursos Destinados a Programas de Educação;298045,25;1797
2020;Prefeitura Municipal de Marema - SC;4210555;SC;DCA-Anexo I-C;Padrão;Receitas Brutas Realizadas;TotalReceitas;TOTAL DAS RECEITAS (III) = (I + II);21554635,55;1797
2020;Prefeitura Municipal de Marema - SC;4210555;SC;DCA-Anexo I-C;Padrão;Deduções - FUNDEB;TotalReceitas;TOTAL DAS RECEITAS (III) = (I + II);2908799,61;1797
2021;Prefeitura Municipal de Marema - SC;4210555;SC;DCA-Anexo I-C;Padrão;Receitas Brutas Realizadas;ReceitasExcetoIntraOrcamentarias;RECEITAS (EXCETO INTRA-ORÇAMENTÁRIAS) (I);24628624,61;1750
2021;Prefeitura Municipal de Marema - SC;4210555;SC;DCA-Anexo I-C;Padrão;Deduções - FUNDEB;ReceitasExcetoIntraOrcamentarias;RECEITAS (EXCETO INTRA-ORÇAMENTÁRIAS) (I);3639655,40;1750
2021;Prefeitura Municipal de Marema - SC;4210555;SC;DCA-Anexo I-C;Padrão;Receitas Brutas Realizadas;RO1.0.0.0.00.0.0;1.0.0.0.00.0.0 - Receitas Correntes;23754548,98;1750
2021;Prefeitura Municipal de Marema - SC;4210555;SC;DCA-Anexo I-C;Padrão;Deduções - FUNDEB;RO1.0.0.0.00.0.0;1.0.0.0.00.0.0 - Receitas Correntes;3639655,40;1750
2021;Prefeitura Municipal de Marema - SC;4210555;SC;DCA-Anexo I-C;Padrão;Receitas Brutas Realizadas;RO1.1.0.0.00.0.0;1.1.0.0.00.0.0 - Impostos, Taxas e Contribuições de Melhoria;1039580,69;1750
2021;Prefeitura Municipal de Marema - SC;4210555;SC;DCA-Anexo I-C;Padrão;Receitas Brutas Realizadas;RO1.1.1.0.00.0.0;1.1.1.0.00.0.0 - Impostos;1004508,44;1750
2021;Prefeitura Municipal de Marema - SC;4210555;SC;DCA-Anexo I-C;Padrão;Receitas Brutas Realizadas;RO1.1.1.3.00.0.0;1.1.1.3.00.0.0 - Impostos sobre a Renda e Proventos de Qualquer Natureza;403601,44;1750
2021;Prefeitura Municipal de Marema - SC;4210555;SC;DCA-Anexo I-C;Padrão;Receitas Brutas Realizadas;RO1.1.1.3.03.0.0;1.1.1.3.03.0.0 - Imposto sobre a Renda - Retido na Fonte;403601,44;1750
2021;Prefeitura Municipal de Marema - SC;4210555;SC;DCA-Anexo I-C;Padrão;Receitas Brutas Realizadas;RO1.1.1.3.03.1.0;1.1.1.3.03.1.0 - Imposto sobre a Renda - Retido na Fonte - Trabalho;403601,44;1750
2021;Prefeitura Municipal de Marema - SC;4210555;SC;DCA-Anexo I-C;Padrão;Receitas Brutas Realizadas;RO1.1.1.8.00.0.0;1.1.1.8.00.0.0 - Impostos Específicos de Estados, DF e Municípios;600907,00;1750
2021;Prefeitura Municipal de Marema - SC;4210555;SC;DCA-Anexo I-C;Padrão;Receitas Brutas Realizadas;RO1.1.1.8.01.0.0;1.1.1.8.01.0.0 - Impostos sobre o Patrimônio para Estados/DF/Municípios;367426,40;1750
2021;Prefeitura Municipal de Marema - SC;4210555;SC;DCA-Anexo I-C;Padrão;Receitas Brutas Realizadas;RO1.1.1.8.01.1.0;1.1.1.8.01.1.0 - Imposto sobre a Propriedade Predial e Territorial Urbana;284751,30;1750
2021;Prefeitura Municipal de Marema - SC;4210555;SC;DCA-Anexo I-C;Padrão;Receitas Brutas Realizadas;RO1.1.1.8.01.4.0;1.1.1.8.01.4.0 - Imposto sobre Transmissão ¿Inter Vivos¿ de Bens Imóveis e de Direitos Reais sobre Imóveis;82675,10;1750
2021;Prefeitura Municipal de Marema - SC;4210555;SC;DCA-Anexo I-C;Padrão;Receitas Brutas Realizadas;RO1.1.1.8.02.0.0;1.1.1.8.02.0.0 - Impostos sobre a Produção, Circulação de Mercadorias e Serviços;233480,60;1750
2021;Prefeitura Municipal de Marema - SC;4210555;SC;DCA-Anexo I-C;Padrão;Receitas Brutas Realizadas;RO1.1.1.8.02.3.0;1.1.1.8.02.3.0 - Imposto sobre Serviços de Qualquer Natureza;233480,60;1750
2021;Prefeitura Municipal de Marema - SC;4210555;SC;DCA-Anexo I-C;Padrão;Receitas Brutas Realizadas;RO1.1.2.0.00.0.0;1.1.2.0.00.0.0 - Taxas;35072,25;1750
2021;Prefeitura Municipal de Marema - SC;4210555;SC;DCA-Anexo I-C;Padrão;Receitas Brutas Realizadas;RO1.1.2.1.00.0.0;1.1.2.1.00.0.0 - Taxas pelo Exercício do Poder de Polícia;27928,26;1750
2021;Prefeitura Municipal de Marema - SC;4210555;SC;DCA-Anexo I-C;Padrão;Receitas Brutas Realizadas;RO1.1.2.1.01.0.0;1.1.2.1.01.0.0 - Taxas de Inspeção, Controle e Fiscalização;27928,26;1750
2021;Prefeitura Municipal de Marema - SC;4210555;SC;DCA-Anexo I-C;Padrão;Receitas Brutas Realizadas;RO1.1.2.2.00.0.0;1.1.2.2.00.0.0 - Taxas pela Prestação de Serviços;7143,99;1750
2021;Prefeitura Municipal de Marema - SC;4210555;SC;DCA-Anexo I-C;Padrão;Receitas Brutas Realizadas;RO1.1.2.2.01.0.0;1.1.2.2.01.0.0 - Taxas pela Prestação de Serviços;7143,99;1750
2021;Prefeitura Municipal de Marema - SC;4210555;SC;DCA-Anexo I-C;Padrão;Receitas Brutas Realizadas;RO1.2.0.0.00.0.0;1.2.0.0.00.0.0 - Contribuições;45119,10;1750
2021;Prefeitura Municipal de Marema - SC;4210555;SC;DCA-Anexo I-C;Padrão;Receitas Brutas Realizadas;RO1.2.4.0.00.0.0;1.2.4.0.00.0.0 - Contribuição para o Custeio do Serviço de Iluminação Pública;45119,10;1750
2021;Prefeitura Municipal de Marema - SC;4210555;SC;DCA-Anexo I-C;Padrão;Receitas Brutas Realizadas;RO1.3.0.0.00.0.0;1.3.0.0.00.0.0 - Receita Patrimonial;88986,81;1750
2021;Prefeitura Municipal de Marema - SC;4210555;SC;DCA-Anexo I-C;Padrão;Receitas Brutas Realizadas;RO1.3.2.0.00.0.0;1.3.2.0.00.0.0 - Valores Mobiliários;88986,81;1750
2021;Prefeitura Municipal de Marema - SC;4210555;SC;DCA-Anexo I-C;Padrão;Receitas Brutas Realizadas;RO1.3.2.1.00.0.0;1.3.2.1.00.0.0 - Juros e Correções Monetárias;88986,81;1750
2021;Prefeitura Municipal de Marema - SC;4210555;SC;DCA-Anexo I-C;Padrão;Receitas Brutas Realizadas;RO1.3.2.1.00.1.0;1.3.2.1.00.1.0 - Remuneração de Depósitos Bancários;88986,81;1750
2021;Prefeitura Municipal de Marema - SC;4210555;SC;DCA-Anexo I-C;Padrão;Receitas Brutas Realizadas;RO1.6.0.0.00.0.0;1.6.0.0.00.0.0 - Receita de Serviços;457825,08;1750
2021;Prefeitura Municipal de Marema - SC;4210555;SC;DCA-Anexo I-C;Padrão;Receitas Brutas Realizadas;RO1.6.1.0.00.0.0;1.6.1.0.00.0.0 - Serviços Administrativos e Comerciais Gerais;457825,08;1750
2021;Prefeitura Municipal de Marema - SC;4210555;SC;DCA-Anexo I-C;Padrão;Receitas Brutas Realizadas;RO1.6.1.0.01.0.0;1.6.1.0.01.0.0 - Serviços Administrativos e Comerciais Gerais;457825,08;1750
2021;Prefeitura Municipal de Marema - SC;4210555;SC;DCA-Anexo I-C;Padrão;Receitas Brutas Realizadas;RO1.7.0.0.00.0.0;1.7.0.0.00.0.0 - Transferências Correntes;22037087,49;1750
2021;Prefeitura Municipal de Marema - SC;4210555;SC;DCA-Anexo I-C;Padrão;Deduções - FUNDEB;RO1.7.0.0.00.0.0;1.7.0.0.00.0.0 - Transferências Correntes;3639655,40;1750
2021;Prefeitura Municipal de Marema - SC;4210555;SC;DCA-Anexo I-C;Padrão;Receitas Brutas Realizadas;RO1.7.1.0.00.0.0;1.7.1.0.00.0.0 - Transferências da União e de suas Entidades;11986627,96;1750
2021;Prefeitura Municipal de Marema - SC;4210555;SC;DCA-Anexo I-C;Padrão;Deduções - FUNDEB;RO1.7.1.0.00.0.0;1.7.1.0.00.0.0 - Transferências da União e de suas Entidades;1893655,06;1750
2021;Prefeitura Municipal de Marema - SC;4210555;SC;DCA-Anexo I-C;Padrão;Receitas Brutas Realizadas;RO1.7.1.8.00.0.0;1.7.1.8.00.0.0 - Transferências da União - Específicas de Estados, DF e Municípios;11986627,96;1750
2021;Prefeitura Municipal de Marema - SC;4210555;SC;DCA-Anexo I-C;Padrão;Deduções - FUNDEB;RO1.7.1.8.00.0.0;1.7.1.8.00.0.0 - Transferências da União - Específicas de Estados, DF e Municípios;1893655,06;1750
2021;Prefeitura Municipal de Marema - SC;4210555;SC;DCA-Anexo I-C;Padrão;Receitas Brutas Realizadas;RO1.7.1.8.01.0.0;1.7.1.8.01.0.0 - Participação na Receita da União;10249537,59;1750
2021;Prefeitura Municipal de Marema - SC;4210555;SC;DCA-Anexo I-C;Padrão;Deduções - FUNDEB;RO1.7.1.8.01.0.0;1.7.1.8.01.0.0 - Participação na Receita da União;1893655,06;1750
2021;Prefeitura Municipal de Marema - SC;4210555;SC;DCA-Anexo I-C;Padrão;Receitas Brutas Realizadas;RO1.7.1.8.01.2.0;1.7.1.8.01.2.0 - Cota-Parte do Fundo de Participação dos Municípios - Cota Mensal;9464152,66;1750
2021;Prefeitura Municipal de Marema - SC;4210555;SC;DCA-Anexo I-C;Padrão;Deduções - FUNDEB;RO1.7.1.8.01.2.0;1.7.1.8.01.2.0 - Cota-Parte do Fundo de Participação dos Municípios - Cota Mensal;1892830,21;1750
2021;Prefeitura Municipal de Marema - SC;4210555;SC;DCA-Anexo I-C;Padrão;Receitas Brutas Realizadas;RO1.7.1.8.01.3.0;1.7.1.8.01.3.0 - Cota-Parte do Fundo de Participação do Municípios ¿ 1% Cota entregue no mês de dezembro;414825,36;1750
2021;Prefeitura Municipal de Marema - SC;4210555;SC;DCA-Anexo I-C;Padrão;Receitas Brutas Realizadas;RO1.7.1.8.01.4.0;1.7.1.8.01.4.0 - Cota-Parte do Fundo de Participação dos Municípios - 1% Cota entregue no mês de julho;366434,97;1750
2021;Prefeitura Municipal de Marema - SC;4210555;SC;DCA-Anexo I-C;Padrão;Receitas Brutas Realizadas;RO1.7.1.8.01.5.0;1.7.1.8.01.5.0 - Cota-Parte do Imposto Sobre a Propriedade Territorial Rural;4124,60;1750
2021;Prefeitura Municipal de Marema - SC;4210555;SC;DCA-Anexo I-C;Padrão;Deduções - FUNDEB;RO1.7.1.8.01.5.0;1.7.1.8.01.5.0 - Cota-Parte do Imposto Sobre a Propriedade Territorial Rural;824,85;1750
2021;Prefeitura Municipal de Marema - SC;4210555;SC;DCA-Anexo I-C;Padrão;Receitas Brutas Realizadas;RO1.7.1.8.02.0.0;1.7.1.8.02.0.0 - Transferência da Compensação Financeira pela Exploração de Recursos Naturais;182947,03;1750
2021;Prefeitura Municipal de Marema - SC;4210555;SC;DCA-Anexo I-C;Padrão;Receitas Brutas Realizadas;RO1.7.1.8.02.6.0;1.7.1.8.02.6.0 - Cota-Parte do Fundo Especial do Petróleo ¿ FEP;182947,03;1750
2021;Prefeitura Municipal de Marema - SC;4210555;SC;DCA-Anexo I-C;Padrão;Receitas Brutas Realizadas;RO1.7.1.8.03.0.0;1.7.1.8.03.0.0 - Transferência de Recursos do Sistema Único de Saúde ¿ SUS ¿ Repasses Fundo a Fundo - Bloco de Manutenção das Ações e Serviços Públicos de Saúde;1237640,07;1750
2021;Prefeitura Municipal de Marema - SC;4210555;SC;DCA-Anexo I-C;Padrão;Receitas Brutas Realizadas;RO1.7.1.8.03.1.0;1.7.1.8.03.1.0 - Transferência de Recursos do SUS ¿ Atenção Primária;1166102,01;1750
2021;Prefeitura Municipal de Marema - SC;4210555;SC;DCA-Anexo I-C;Padrão;Receitas Brutas Realizadas;RO1.7.1.8.03.2.0;1.7.1.8.03.2.0 - Transferência de Recursos do SUS ¿ Atenção Especializada;38118,38;1750
2021;Prefeitura Municipal de Marema - SC;4210555;SC;DCA-Anexo I-C;Padrão;Receitas Brutas Realizadas;RO1.7.1.8.03.3.0;1.7.1.8.03.3.0 - Transferência de Recursos do SUS ¿ Vigilância em Saúde;22234,28;1750
2021;Prefeitura Municipal de Marema - SC;4210555;SC;DCA-Anexo I-C;Padrão;Receitas Brutas Realizadas;RO1.7.1.8.03.4.0;1.7.1.8.03.4.0 - Transferência de Recursos do SUS ¿ Assistência Farmacêutica;11185,40;1750
2021;Prefeitura Municipal de Marema - SC;4210555;SC;DCA-Anexo I-C;Padrão;Receitas Brutas Realizadas;RO1.7.1.8.05.0.0;1.7.1.8.05.0.0 - Transferências de Recursos do Fundo Nacional do Desenvolvimento da Educação ¿ FNDE;129899,61;1750
2021;Prefeitura Municipal de Marema - SC;4210555;SC;DCA-Anexo I-C;Padrão;Receitas Brutas Realizadas;RO1.7.1.8.05.1.0;1.7.1.8.05.1.0 - Transferências do Salário-Educação;96666,85;1750
2021;Prefeitura Municipal de Marema - SC;4210555;SC;DCA-Anexo I-C;Padrão;Receitas Brutas Realizadas;RO1.7.1.8.05.3.0;1.7.1.8.05.3.0 - Transferências Diretas do FNDE referentes ao Programa Nacional de Alimentação Escolar ¿ PNAE;23192,40;1750
2021;Prefeitura Municipal de Marema - SC;4210555;SC;DCA-Anexo I-C;Padrão;Receitas Brutas Realizadas;RO1.7.1.8.05.4.0;1.7.1.8.05.4.0 - Transferências Diretas do FNDE referentes ao Programa Nacional de Apoio ao Transporte do Escolar ¿ PNATE;10040,36;1750
2021;Prefeitura Municipal de Marema - SC;4210555;SC;DCA-Anexo I-C;Padrão;Receitas Brutas Realizadas;RO1.7.1.8.10.0.0;1.7.1.8.10.0.0 - Transferências de Convênios da União e de Suas Entidades;44571,42;1750
2021;Prefeitura Municipal de Marema - SC;4210555;SC;DCA-Anexo I-C;Padrão;Receitas Brutas Realizadas;RO1.7.1.8.10.9.0;1.7.1.8.10.9.0 - Outras Transferências de Convênios da União;44571,42;1750
2021;Prefeitura Municipal de Marema - SC;4210555;SC;DCA-Anexo I-C;Padrão;Receitas Brutas Realizadas;RO1.7.1.8.12.0.0;1.7.1.8.12.0.0 - Transferências de Recursos do Fundo Nacional de Assistência Social ¿ FNAS;73240,61;1750
2021;Prefeitura Municipal de Marema - SC;4210555;SC;DCA-Anexo I-C;Padrão;Receitas Brutas Realizadas;RO1.7.1.8.99.0.0;1.7.1.8.99.0.0 - Outras Transferências da União;68791,63;1750
2021;Prefeitura Municipal de Marema - SC;4210555;SC;DCA-Anexo I-C;Padrão;Receitas Brutas Realizadas;RO1.7.2.0.00.0.0;1.7.2.0.00.0.0 - Transferências dos Estados e do Distrito Federal e de suas Entidades;9028774,51;1750
2021;Prefeitura Municipal de Marema - SC;4210555;SC;DCA-Anexo I-C;Padrão;Deduções - FUNDEB;RO1.7.2.0.00.0.0;1.7.2.0.00.0.0 - Transferências dos Estados e do Distrito Federal e de suas Entidades;1746000,34;1750
2021;Prefeitura Municipal de Marema - SC;4210555;SC;DCA-Anexo I-C;Padrão;Receitas Brutas Realizadas;RO1.7.2.8.00.0.0;1.7.2.8.00.0.0 - Transferências dos Estados - Específicas de Estados, DF e Municípios;9028774,51;1750
2021;Prefeitura Municipal de Marema - SC;4210555;SC;DCA-Anexo I-C;Padrão;Deduções - FUNDEB;RO1.7.2.8.00.0.0;1.7.2.8.00.0.0 - Transferências dos Estados - Específicas de Estados, DF e Municípios;1746000,34;1750
2021;Prefeitura Municipal de Marema - SC;4210555;SC;DCA-Anexo I-C;Padrão;Receitas Brutas Realizadas;RO1.7.2.8.01.0.0;1.7.2.8.01.0.0 - Participação na Receita dos Estados;8861605,58;1750
2021;Prefeitura Municipal de Marema - SC;4210555;SC;DCA-Anexo I-C;Padrão;Deduções - FUNDEB;RO1.7.2.8.01.0.0;1.7.2.8.01.0.0 - Participação na Receita dos Estados;1746000,34;1750
2021;Prefeitura Municipal de Marema - SC;4210555;SC;DCA-Anexo I-C;Padrão;Receitas Brutas Realizadas;RO1.7.2.8.01.1.0;1.7.2.8.01.1.0 - Cota-Parte do ICMS;8347592,82;1750
2021;Prefeitura Municipal de Marema - SC;4210555;SC;DCA-Anexo I-C;Padrão;Deduções - FUNDEB;RO1.7.2.8.01.1.0;1.7.2.8.01.1.0 - Cota-Parte do ICMS;1669517,48;1750
2021;Prefeitura Municipal de Marema - SC;4210555;SC;DCA-Anexo I-C;Padrão;Receitas Brutas Realizadas;RO1.7.2.8.01.2.0;1.7.2.8.01.2.0 - Cota-Parte do IPVA;265706,43;1750
2021;Prefeitura Municipal de Marema - SC;4210555;SC;DCA-Anexo I-C;Padrão;Deduções - FUNDEB;RO1.7.2.8.01.2.0;1.7.2.8.01.2.0 - Cota-Parte do IPVA;53140,43;1750
2021;Prefeitura Municipal de Marema - SC;4210555;SC;DCA-Anexo I-C;Padrão;Receitas Brutas Realizadas;RO1.7.2.8.01.3.0;1.7.2.8.01.3.0 - Cota-Parte do IPI - Municípios;116700,80;1750
2021;Prefeitura Municipal de Marema - SC;4210555;SC;DCA-Anexo I-C;Padrão;Deduções - FUNDEB;RO1.7.2.8.01.3.0;1.7.2.8.01.3.0 - Cota-Parte do IPI - Municípios;23342,43;1750
2021;Prefeitura Municipal de Marema - SC;4210555;SC;DCA-Anexo I-C;Padrão;Receitas Brutas Realizadas;RO1.7.2.8.01.4.0;1.7.2.8.01.4.0 - Cota-Parte da Contribuição de Intervenção no Domínio Econômico;4054,53;1750
2021;Prefeitura Municipal de Marema - SC;4210555;SC;DCA-Anexo I-C;Padrão;Receitas Brutas Realizadas;RO1.7.2.8.01.9.0;1.7.2.8.01.9.0 - Outras Transferências dos Estados;127551,00;1750
2021;Prefeitura Municipal de Marema - SC;4210555;SC;DCA-Anexo I-C;Padrão;Receitas Brutas Realizadas;RO1.7.2.8.03.0.0;1.7.2.8.03.0.0 - Transferência de Recursos do Estado para Programas de Saúde ¿ Repasse Fundo a Fundo;99854,89;1750
2021;Prefeitura Municipal de Marema - SC;4210555;SC;DCA-Anexo I-C;Padrão;Receitas Brutas Realizadas;RO1.7.2.8.99.0.0;1.7.2.8.99.0.0 - Outras Transferências dos Estados;67314,04;1750
2021;Prefeitura Municipal de Marema - SC;4210555;SC;DCA-Anexo I-C;Padrão;Receitas Brutas Realizadas;RO1.7.5.0.00.0.0;1.7.5.0.00.0.0 - Transferências de Outras Instituições Públicas;1021685,02;1750
2021;Prefeitura Municipal de Marema - SC;4210555;SC;DCA-Anexo I-C;Padrão;Receitas Brutas Realizadas;RO1.7.5.8.00.0.0;1.7.5.8.00.0.0 - Transferências de Outras Instituições Públicas - Específicas de Estados, DF e Municípios;1021685,02;1750
2021;Prefeitura Municipal de Marema - SC;4210555;SC;DCA-Anexo I-C;Padrão;Receitas Brutas Realizadas;RO1.7.5.8.01.0.0;1.7.5.8.01.0.0 - Transferências de Recursos do Fundo de Manutenção e Desenvolvimento da Educação Básica e de Valorização dos Profissionais da Educação ¿ FUNDEB;1021685,02;1750
2021;Prefeitura Municipal de Marema - SC;4210555;SC;DCA-Anexo I-C;Padrão;Receitas Brutas Realizadas;RO1.9.0.0.00.0.0;1.9.0.0.00.0.0 - Outras Receitas Correntes;85949,81;1750
2021;Prefeitura Municipal de Marema - SC;4210555;SC;DCA-Anexo I-C;Padrão;Receitas Brutas Realizadas;RO1.9.1.0.00.0.0;1.9.1.0.00.0.0 - Multas Administrativas, Contratuais e Judiciais;24744,58;1750
2021;Prefeitura Municipal de Marema - SC;4210555;SC;DCA-Anexo I-C;Padrão;Receitas Brutas Realizadas;RO1.9.1.0.01.0.0;1.9.1.0.01.0.0 - Multas Previstas em Legislação Específica;24744,58;1750
2021;Prefeitura Municipal de Marema - SC;4210555;SC;DCA-Anexo I-C;Padrão;Receitas Brutas Realizadas;RO1.9.2.0.00.0.0;1.9.2.0.00.0.0 - Indenizações, Restituições e Ressarcimentos;23090,70;1750
2021;Prefeitura Municipal de Marema - SC;4210555;SC;DCA-Anexo I-C;Padrão;Receitas Brutas Realizadas;RO1.9.2.2.00.0.0;1.9.2.2.00.0.0 - Restituições;23090,70;1750
2021;Prefeitura Municipal de Marema - SC;4210555;SC;DCA-Anexo I-C;Padrão;Receitas Brutas Realizadas;RO1.9.2.2.99.0.0;1.9.2.2.99.0.0 - Outras Restituições;23090,70;1750
2021;Prefeitura Municipal de Marema - SC;4210555;SC;DCA-Anexo I-C;Padrão;Receitas Brutas Realizadas;RO1.9.9.0.00.0.0;1.9.9.0.00.0.0 - Demais Receitas Correntes;38114,53;1750
2021;Prefeitura Municipal de Marema - SC;4210555;SC;DCA-Anexo I-C;Padrão;Receitas Brutas Realizadas;RO1.9.9.0.99.0.0;1.9.9.0.99.0.0 - Outras Receitas;38114,53;1750
2021;Prefeitura Municipal de Marema - SC;4210555;SC;DCA-Anexo I-C;Padrão;Receitas Brutas Realizadas;RO1.9.9.0.99.1.0;1.9.9.0.99.1.0 - Outras Receitas - Primárias;38114,53;1750
2021;Prefeitura Municipal de Marema - SC;4210555;SC;DCA-Anexo I-C;Padrão;Receitas Brutas Realizadas;RO2.0.0.0.00.0.0;2.0.0.0.00.0.0 - Receitas de Capital;874075,63;1750
2021;Prefeitura Municipal de Marema - SC;4210555;SC;DCA-Anexo I-C;Padrão;Receitas Brutas Realizadas;RO2.4.0.0.00.0.0;2.4.0.0.00.0.0 - Transferências de Capital;874075,63;1750
2021;Prefeitura Municipal de Marema - SC;4210555;SC;DCA-Anexo I-C;Padrão;Receitas Brutas Realizadas;RO2.4.1.0.00.0.0;2.4.1.0.00.0.0 - Transferências da União e de suas Entidades;404075,63;1750
2021;Prefeitura Municipal de Marema - SC;4210555;SC;DCA-Anexo I-C;Padrão;Receitas Brutas Realizadas;RO2.4.1.8.00.0.0;2.4.1.8.00.0.0 - Transferências da União - Específicas de Estados, DF e Municípios;404075,63;1750
2021;Prefeitura Municipal de Marema - SC;4210555;SC;DCA-Anexo I-C;Padrão;Receitas Brutas Realizadas;RO2.4.1.8.03.0.0;2.4.1.8.03.0.0 - Transferência de Recursos do Sistema Único de Saúde ¿ SUS ¿ Fundo a Fundo - Bloco de Manutenção das Ações e Serviços Públicos de Saúde;34789,91;1750
2021;Prefeitura Municipal de Marema - SC;4210555;SC;DCA-Anexo I-C;Padrão;Receitas Brutas Realizadas;RO2.4.1.8.03.1.0;2.4.1.8.03.1.0 - Transferência de Recursos do SUS ¿ Atenção Primária;11968,54;1750
2021;Prefeitura Municipal de Marema - SC;4210555;SC;DCA-Anexo I-C;Padrão;Receitas Brutas Realizadas;RO2.4.1.8.03.2.0;2.4.1.8.03.2.0 - Transferência de Recursos do SUS ¿ Atenção Especializada;6071,37;1750
2021;Prefeitura Municipal de Marema - SC;4210555;SC;DCA-Anexo I-C;Padrão;Receitas Brutas Realizadas;RO2.4.1.8.03.3.0;2.4.1.8.03.3.0 - Transferência de Recursos do SUS ¿ Vigilância em Saúde;16750,00;1750
2021;Prefeitura Municipal de Marema - SC;4210555;SC;DCA-Anexo I-C;Padrão;Receitas Brutas Realizadas;RO2.4.1.8.10.0.0;2.4.1.8.10.0.0 - Transferência de Convênios da União e de suas Entidades;369285,72;1750
2021;Prefeitura Municipal de Marema - SC;4210555;SC;DCA-Anexo I-C;Padrão;Receitas Brutas Realizadas;RO2.4.1.8.10.9.0;2.4.1.8.10.9.0 - Outras Transferências de Convênios da União;369285,72;1750
2021;Prefeitura Municipal de Marema - SC;4210555;SC;DCA-Anexo I-C;Padrão;Receitas Brutas Realizadas;RO2.4.2.0.00.0.0;2.4.2.0.00.0.0 - Transferências dos Estados e do Distrito Federal e de suas Entidades;470000,00;1750
2021;Prefeitura Municipal de Marema - SC;4210555;SC;DCA-Anexo I-C;Padrão;Receitas Brutas Realizadas;RO2.4.2.8.00.0.0;2.4.2.8.00.0.0 - Transferências dos Estados, Distrito Federal, e de suas Entidades;470000,00;1750
2021;Prefeitura Municipal de Marema - SC;4210555;SC;DCA-Anexo I-C;Padrão;Receitas Brutas Realizadas;RO2.4.2.8.05.0.0;2.4.2.8.05.0.0 - Transferências de Recursos Destinados a Programas de Educação;100000,00;1750
2021;Prefeitura Municipal de Marema - SC;4210555;SC;DCA-Anexo I-C;Padrão;Receitas Brutas Realizadas;RO2.4.2.8.10.0.0;2.4.2.8.10.0.0 - Transferências de Convênios dos Estados e do Distrito Federal e de suas Entidades;370000,00;1750
2021;Prefeitura Municipal de Marema - SC;4210555;SC;DCA-Anexo I-C;Padrão;Receitas Brutas Realizadas;RO2.4.2.8.10.9.0;2.4.2.8.10.9.0 - Outras Transferências de Convênio dos Estados;370000,00;1750
2021;Prefeitura Municipal de Marema - SC;4210555;SC;DCA-Anexo I-C;Padrão;Receitas Brutas Realizadas;TotalReceitas;TOTAL DAS RECEITAS (III) = (I + II);24628624,61;1750
2021;Prefeitura Municipal de Marema - SC;4210555;SC;DCA-Anexo I-C;Padrão;Deduções - FUNDEB;TotalReceitas;TOTAL DAS RECEITAS (III) = (I + II);3639655,40;1750
2022;Prefeitura Municipal de Marema - SC;4210555;SC;DCA-Anexo I-C;Padrão;Receitas Brutas Realizadas;ReceitasExcetoIntraOrcamentarias;RECEITAS (EXCETO INTRA-ORÇAMENTÁRIAS) (I);33400536,91;1703
2022;Prefeitura Municipal de Marema - SC;4210555;SC;DCA-Anexo I-C;Padrão;Deduções - FUNDEB;ReceitasExcetoIntraOrcamentarias;RECEITAS (EXCETO INTRA-ORÇAMENTÁRIAS) (I);4455163,62;1703
2022;Prefeitura Municipal de Marema - SC;4210555;SC;DCA-Anexo I-C;Padrão;Receitas Brutas Realizadas;RO1.0.0.0.00.0.0;1.0.0.0.00.0.0 - Receitas Correntes;29559105,95;1703
2022;Prefeitura Municipal de Marema - SC;4210555;SC;DCA-Anexo I-C;Padrão;Deduções - FUNDEB;RO1.0.0.0.00.0.0;1.0.0.0.00.0.0 - Receitas Correntes;4455163,62;1703
2022;Prefeitura Municipal de Marema - SC;4210555;SC;DCA-Anexo I-C;Padrão;Receitas Brutas Realizadas;RO1.1.0.0.00.0.0;1.1.0.0.00.0.0 - Impostos, Taxas e Contribuições de Melhoria;1258904,15;1703
2022;Prefeitura Municipal de Marema - SC;4210555;SC;DCA-Anexo I-C;Padrão;Receitas Brutas Realizadas;RO1.1.1.0.00.0.0;1.1.1.0.00.0.0 - Impostos;1203083,86;1703
2022;Prefeitura Municipal de Marema - SC;4210555;SC;DCA-Anexo I-C;Padrão;Receitas Brutas Realizadas;RO1.1.1.2.00.0.0;1.1.1.2.00.0.0 - Impostos sobre o Patrimônio;294781,58;1703
2022;Prefeitura Municipal de Marema - SC;4210555;SC;DCA-Anexo I-C;Padrão;Receitas Brutas Realizadas;RO1.1.1.2.50.0.0;1.1.1.2.50.0.0 - Imposto sobre a Propriedade Predial e Territorial Urbana;212513,53;1703
2022;Prefeitura Municipal de Marema - SC;4210555;SC;DCA-Anexo I-C;Padrão;Receitas Brutas Realizadas;RO1.1.1.2.53.0.0;"1.1.1.2.53.0.0 - Impostos sobre Transmissão ""Inter Vivos"" de Bens Imóveis e de Direitos Reais sobre Imóveis";82268,05;1703
2022;Prefeitura Municipal de Marema - SC;4210555;SC;DCA-Anexo I-C;Padrão;Receitas Brutas Realizadas;RO1.1.1.3.00.0.0;1.1.1.3.00.0.0 - Impostos sobre a Renda e Proventos de Qualquer Natureza;584087,10;1703
2022;Prefeitura Municipal de Marema - SC;4210555;SC;DCA-Anexo I-C;Padrão;Receitas Brutas Realizadas;RO1.1.1.3.03.0.0;1.1.1.3.03.0.0 - Imposto sobre a Renda - Retido na Fonte;584087,10;1703
2022;Prefeitura Municipal de Marema - SC;4210555;SC;DCA-Anexo I-C;Padrão;Receitas Brutas Realizadas;RO1.1.1.3.03.1.0;1.1.1.3.03.1.0 - Imposto sobre a Renda - Retido na Fonte - Trabalho;584087,10;1703
2022;Prefeitura Municipal de Marema - SC;4210555;SC;DCA-Anexo I-C;Padrão;Receitas Brutas Realizadas;RO1.1.1.4.00.0.0;1.1.1.4.00.0.0 - Impostos sobre a Produção e Circulação de Mercadorias e Serviços;324215,18;1703
2022;Prefeitura Municipal de Marema - SC;4210555;SC;DCA-Anexo I-C;Padrão;Receitas Brutas Realizadas;RO1.1.1.4.51.0.0;1.1.1.4.51.0.0 - Impostos sobre Serviços;324215,18;1703
2022;Prefeitura Municipal de Marema - SC;4210555;SC;DCA-Anexo I-C;Padrão;Receitas Brutas Realizadas;RO1.1.1.4.51.1.0;1.1.1.4.51.1.0 - Imposto sobre Serviços de Qualquer Natureza - ISSQN;324215,18;1703
2022;Prefeitura Municipal de Marema - SC;4210555;SC;DCA-Anexo I-C;Padrão;Receitas Brutas Realizadas;RO1.1.2.0.00.0.0;1.1.2.0.00.0.0 - Taxas;55820,29;1703
2022;Prefeitura Municipal de Marema - SC;4210555;SC;DCA-Anexo I-C;Padrão;Receitas Brutas Realizadas;RO1.1.2.1.00.0.0;1.1.2.1.00.0.0 - Taxas pelo Exercício do Poder de Polícia;16218,66;1703
2022;Prefeitura Municipal de Marema - SC;4210555;SC;DCA-Anexo I-C;Padrão;Receitas Brutas Realizadas;RO1.1.2.1.01.0.0;1.1.2.1.01.0.0 - Taxas de Inspeção, Controle e Fiscalização;16218,66;1703
2022;Prefeitura Municipal de Marema - SC;4210555;SC;DCA-Anexo I-C;Padrão;Receitas Brutas Realizadas;RO1.1.2.2.00.0.0;1.1.2.2.00.0.0 - Taxas pela Prestação de Serviços;39601,63;1703
2022;Prefeitura Municipal de Marema - SC;4210555;SC;DCA-Anexo I-C;Padrão;Receitas Brutas Realizadas;RO1.1.2.2.01.0.0;1.1.2.2.01.0.0 - Taxas pela Prestação de Serviços;39601,63;1703
2022;Prefeitura Municipal de Marema - SC;4210555;SC;DCA-Anexo I-C;Padrão;Receitas Brutas Realizadas;RO1.2.0.0.00.0.0;1.2.0.0.00.0.0 - Contribuições;47555,25;1703
2022;Prefeitura Municipal de Marema - SC;4210555;SC;DCA-Anexo I-C;Padrão;Receitas Brutas Realizadas;RO1.2.4.0.00.0.0;1.2.4.0.00.0.0 - Contribuição para o Custeio do Serviço de Iluminação Pública;47555,25;1703
2022;Prefeitura Municipal de Marema - SC;4210555;SC;DCA-Anexo I-C;Padrão;Receitas Brutas Realizadas;RO1.3.0.0.00.0.0;1.3.0.0.00.0.0 - Receita Patrimonial;455416,59;1703
2022;Prefeitura Municipal de Marema - SC;4210555;SC;DCA-Anexo I-C;Padrão;Receitas Brutas Realizadas;RO1.3.2.0.00.0.0;1.3.2.0.00.0.0 - Valores Mobiliários;455416,59;1703
2022;Prefeitura Municipal de Marema - SC;4210555;SC;DCA-Anexo I-C;Padrão;Receitas Brutas Realizadas;RO1.3.2.1.00.0.0;1.3.2.1.00.0.0 - Juros e Correções Monetárias;455416,59;1703
2022;Prefeitura Municipal de Marema - SC;4210555;SC;DCA-Anexo I-C;Padrão;Receitas Brutas Realizadas;RO1.3.2.1.01.0.0;1.3.2.1.01.0.0 - Remuneração de Depósitos Bancários;455416,59;1703
2022;Prefeitura Municipal de Marema - SC;4210555;SC;DCA-Anexo I-C;Padrão;Receitas Brutas Realizadas;RO1.6.0.0.00.0.0;1.6.0.0.00.0.0 - Receita de Serviços;605175,06;1703
2022;Prefeitura Municipal de Marema - SC;4210555;SC;DCA-Anexo I-C;Padrão;Receitas Brutas Realizadas;RO1.6.1.0.00.0.0;1.6.1.0.00.0.0 - Serviços Administrativos e Comerciais Gerais;564507,74;1703
2022;Prefeitura Municipal de Marema - SC;4210555;SC;DCA-Anexo I-C;Padrão;Receitas Brutas Realizadas;RO1.6.1.1.00.0.0;1.6.1.1.00.0.0 - Serviços Administrativos e Comerciais Gerais;564507,74;1703
2022;Prefeitura Municipal de Marema - SC;4210555;SC;DCA-Anexo I-C;Padrão;Receitas Brutas Realizadas;RO1.6.1.1.01.0.0;1.6.1.1.01.0.0 - Serviços Administrativos e Comerciais Gerais;564507,74;1703
2022;Prefeitura Municipal de Marema - SC;4210555;SC;DCA-Anexo I-C;Padrão;Receitas Brutas Realizadas;RO1.6.9.0.00.0.0;1.6.9.0.00.0.0 - Outros Serviços;40667,32;1703
2022;Prefeitura Municipal de Marema - SC;4210555;SC;DCA-Anexo I-C;Padrão;Receitas Brutas Realizadas;RO1.7.0.0.00.0.0;1.7.0.0.00.0.0 - Transferências Correntes;27104807,22;1703
2022;Prefeitura Municipal de Marema - SC;4210555;SC;DCA-Anexo I-C;Padrão;Deduções - FUNDEB;RO1.7.0.0.00.0.0;1.7.0.0.00.0.0 - Transferências Correntes;4455163,62;1703
2022;Prefeitura Municipal de Marema - SC;4210555;SC;DCA-Anexo I-C;Padrão;Receitas Brutas Realizadas;RO1.7.1.0.00.0.0;1.7.1.0.00.0.0 - Transferências da União e de suas Entidades;14811264,21;1703
2022;Prefeitura Municipal de Marema - SC;4210555;SC;DCA-Anexo I-C;Padrão;Deduções - FUNDEB;RO1.7.1.0.00.0.0;1.7.1.0.00.0.0 - Transferências da União e de suas Entidades;2350146,80;1703
2022;Prefeitura Municipal de Marema - SC;4210555;SC;DCA-Anexo I-C;Padrão;Receitas Brutas Realizadas;RO1.7.1.1.00.0.0;1.7.1.1.00.0.0 - Transferências Decorrentes de Participação na Receita da União;12833002,32;1703
2022;Prefeitura Municipal de Marema - SC;4210555;SC;DCA-Anexo I-C;Padrão;Deduções - FUNDEB;RO1.7.1.1.00.0.0;1.7.1.1.00.0.0 - Transferências Decorrentes de Participação na Receita da União;2349477,84;1703
2022;Prefeitura Municipal de Marema - SC;4210555;SC;DCA-Anexo I-C;Padrão;Receitas Brutas Realizadas;RO1.7.1.1.51.0.0;1.7.1.1.51.0.0 -Cota-Parte do Fundo de Participação dos Municípios - FPM;12828724,03;1703
2022;Prefeitura Municipal de Marema - SC;4210555;SC;DCA-Anexo I-C;Padrão;Deduções - FUNDEB;RO1.7.1.1.51.0.0;1.7.1.1.51.0.0 -Cota-Parte do Fundo de Participação dos Municípios - FPM;2348622,18;1703
2022;Prefeitura Municipal de Marema - SC;4210555;SC;DCA-Anexo I-C;Padrão;Receitas Brutas Realizadas;RO1.7.1.1.51.1.0;1.7.1.1.51.1.0 - Cota-Parte do Fundo de Participação dos Municípios - Cota Mensal;11743112,39;1703
2022;Prefeitura Municipal de Marema - SC;4210555;SC;DCA-Anexo I-C;Padrão;Deduções - FUNDEB;RO1.7.1.1.51.1.0;1.7.1.1.51.1.0 - Cota-Parte do Fundo de Participação dos Municípios - Cota Mensal;2348622,18;1703
2022;Prefeitura Municipal de Marema - SC;4210555;SC;DCA-Anexo I-C;Padrão;Receitas Brutas Realizadas;RO1.7.1.1.51.2.0;1.7.1.1.51.2.0 - Cota-Parte do Fundo de Participação do Municípios ¿ 1% Cota entregue no mês de dezembro;515230,55;1703
2022;Prefeitura Municipal de Marema - SC;4210555;SC;DCA-Anexo I-C;Padrão;Receitas Brutas Realizadas;RO1.7.1.1.51.3.0;1.7.1.1.51.3.0 - Cota-Parte do Fundo de Participação dos Municípios - 1% Cota entregue no mês de julho;570381,09;1703
2022;Prefeitura Municipal de Marema - SC;4210555;SC;DCA-Anexo I-C;Padrão;Receitas Brutas Realizadas;RO1.7.1.1.52.0.0;1.7.1.1.52.0.0 - Cota-Parte do Imposto Sobre a Propriedade Territorial Rural;4278,29;1703
2022;Prefeitura Municipal de Marema - SC;4210555;SC;DCA-Anexo I-C;Padrão;Deduções - FUNDEB;RO1.7.1.1.52.0.0;1.7.1.1.52.0.0 - Cota-Parte do Imposto Sobre a Propriedade Territorial Rural;855,66;1703
2022;Prefeitura Municipal de Marema - SC;4210555;SC;DCA-Anexo I-C;Padrão;Receitas Brutas Realizadas;RO1.7.1.2.00.0.0;1.7.1.2.00.0.0 -Transferências das Compensações Financeiras pela Exploração de Recursos Naturais;284256,31;1703
2022;Prefeitura Municipal de Marema - SC;4210555;SC;DCA-Anexo I-C;Padrão;Receitas Brutas Realizadas;RO1.7.1.2.52.0.0;1.7.1.2.52.0.0 - Cota-parte da Compensação Financeira pela Produção de Petróleo;284256,31;1703
2022;Prefeitura Municipal de Marema - SC;4210555;SC;DCA-Anexo I-C;Padrão;Receitas Brutas Realizadas;RO1.7.1.2.52.4.0;1.7.1.2.52.4.0 - Cota-Parte do Fundo Especial do Petróleo ¿ FEP;284256,31;1703
2022;Prefeitura Municipal de Marema - SC;4210555;SC;DCA-Anexo I-C;Padrão;Receitas Brutas Realizadas;RO1.7.1.3.00.0.0;1.7.1.3.00.0.0 -Transferências de Recursos do Sistema Único de Saúde ¿ SUS ;917092,75;1703
2022;Prefeitura Municipal de Marema - SC;4210555;SC;DCA-Anexo I-C;Padrão;Receitas Brutas Realizadas;RO1.7.1.3.50.0.0;1.7.1.3.50.0.0 - Transferências de Recursos do Sistema Único de Saúde ¿ SUS ¿ Repasses Fundo a Fundo - Bloco de Manutenção das Ações e Serviços Públicos de Saúde;914474,03;1703
2022;Prefeitura Municipal de Marema - SC;4210555;SC;DCA-Anexo I-C;Padrão;Receitas Brutas Realizadas;RO1.7.1.3.50.1.0;1.7.1.3.50.1.0 - Transferências de Recursos do Bloco de Manutenção das Ações e Serviços Públicos de Saúde ¿ Atenção Primária;715442,04;1703
2022;Prefeitura Municipal de Marema - SC;4210555;SC;DCA-Anexo I-C;Padrão;Receitas Brutas Realizadas;RO1.7.1.3.50.2.0;1.7.1.3.50.2.0 - Transferências de Recursos do Bloco de Manutenção das Ações e Serviços Públicos de Saúde ¿ Atenção Especializada;22678,12;1703
2022;Prefeitura Municipal de Marema - SC;4210555;SC;DCA-Anexo I-C;Padrão;Receitas Brutas Realizadas;RO1.7.1.3.50.3.0;1.7.1.3.50.3.0 - Transferências de Recursos do Bloco de Manutenção das Ações e Serviços Públicos de Saúde ¿ Vigilância em Saúde;149139,76;1703
2022;Prefeitura Municipal de Marema - SC;4210555;SC;DCA-Anexo I-C;Padrão;Receitas Brutas Realizadas;RO1.7.1.3.50.4.0;1.7.1.3.50.4.0 -Transferências de Recursos do Bloco de Manutenção das Ações e Serviços Públicos de Saúde ¿ Assistência Farmacêutica;14314,98;1703
2022;Prefeitura Municipal de Marema - SC;4210555;SC;DCA-Anexo I-C;Padrão;Receitas Brutas Realizadas;RO1.7.1.3.50.5.0;1.7.1.3.50.5.0 - Transferências de Recursos do Bloco de Manutenção das Ações e Serviços Públicos de Saúde ¿ Gestão do SUS;12899,13;1703
2022;Prefeitura Municipal de Marema - SC;4210555;SC;DCA-Anexo I-C;Padrão;Receitas Brutas Realizadas;RO1.7.1.3.51.0.0;1.7.1.3.51.0.0 - Transferências de Recursos do Sistema Único de Saúde ¿ SUS - Repasses Fundo a Fundo - Bloco de Estruturação da Rede de Serviços Públicos de Saúde;2618,72;1703
2022;Prefeitura Municipal de Marema - SC;4210555;SC;DCA-Anexo I-C;Padrão;Receitas Brutas Realizadas;RO1.7.1.3.51.1.0;1.7.1.3.51.1.0 - Transferências de Recursos do Bloco de Estruturação da Rede de Serviços Públicos de Saúde - Atenção Primária;2618,72;1703
2022;Prefeitura Municipal de Marema - SC;4210555;SC;DCA-Anexo I-C;Padrão;Receitas Brutas Realizadas;RO1.7.1.4.00.0.0;1.7.1.4.00.0.0 -Transferências de Recursos do Fundo Nacional do Desenvolvimento da Educação ¿ FNDE¿ ;188364,69;1703
2022;Prefeitura Municipal de Marema - SC;4210555;SC;DCA-Anexo I-C;Padrão;Receitas Brutas Realizadas;RO1.7.1.4.50.0.0;1.7.1.4.50.0.0 - Transferências do Salário-Educação;131448,73;1703
2022;Prefeitura Municipal de Marema - SC;4210555;SC;DCA-Anexo I-C;Padrão;Receitas Brutas Realizadas;RO1.7.1.4.52.0.0;1.7.1.4.52.0.0 - Transferências referentes ao Programa Nacional de Alimentação Escolar ¿ PNAE;24932,40;1703
2022;Prefeitura Municipal de Marema - SC;4210555;SC;DCA-Anexo I-C;Padrão;Receitas Brutas Realizadas;RO1.7.1.4.53.0.0;1.7.1.4.53.0.0 - Transferências referentes ao Programa Nacional de Apoio ao Transporte do Escolar ¿ PNATE;31983,56;1703
2022;Prefeitura Municipal de Marema - SC;4210555;SC;DCA-Anexo I-C;Padrão;Receitas Brutas Realizadas;RO1.7.1.6.00.0.0;1.7.1.6.00.0.0 - Transferências de Recursos do Fundo Nacional de Assistência Social ¿ FNAS;65432,89;1703
2022;Prefeitura Municipal de Marema - SC;4210555;SC;DCA-Anexo I-C;Padrão;Receitas Brutas Realizadas;RO1.7.1.9.00.0.0;1.7.1.9.00.0.0 - Outras Transferências de Recursos da União e de suas Entidades;523115,25;1703
2022;Prefeitura Municipal de Marema - SC;4210555;SC;DCA-Anexo I-C;Padrão;Deduções - FUNDEB;RO1.7.1.9.00.0.0;1.7.1.9.00.0.0 - Outras Transferências de Recursos da União e de suas Entidades;668,96;1703
2022;Prefeitura Municipal de Marema - SC;4210555;SC;DCA-Anexo I-C;Padrão;Receitas Brutas Realizadas;RO1.7.1.9.99.0.0;1.7.1.9.99.0.0 - Outras Transferências de Recursos da União e de suas Entidades;523115,25;1703
2022;Prefeitura Municipal de Marema - SC;4210555;SC;DCA-Anexo I-C;Padrão;Deduções - FUNDEB;RO1.7.1.9.99.0.0;1.7.1.9.99.0.0 - Outras Transferências de Recursos da União e de suas Entidades;668,96;1703
2022;Prefeitura Municipal de Marema - SC;4210555;SC;DCA-Anexo I-C;Padrão;Receitas Brutas Realizadas;RO1.7.2.0.00.0.0;1.7.2.0.00.0.0 - Transferências dos Estados e do Distrito Federal e de suas Entidades;10864282,56;1703
2022;Prefeitura Municipal de Marema - SC;4210555;SC;DCA-Anexo I-C;Padrão;Deduções - FUNDEB;RO1.7.2.0.00.0.0;1.7.2.0.00.0.0 - Transferências dos Estados e do Distrito Federal e de suas Entidades;2105016,82;1703
2022;Prefeitura Municipal de Marema - SC;4210555;SC;DCA-Anexo I-C;Padrão;Receitas Brutas Realizadas;RO1.7.2.1.00.0.0;1.7.2.1.00.0.0 - Participação na Receita dos Estados e Distrito Federal;10531378,98;1703
2022;Prefeitura Municipal de Marema - SC;4210555;SC;DCA-Anexo I-C;Padrão;Deduções - FUNDEB;RO1.7.2.1.00.0.0;1.7.2.1.00.0.0 - Participação na Receita dos Estados e Distrito Federal;2105016,82;1703
2022;Prefeitura Municipal de Marema - SC;4210555;SC;DCA-Anexo I-C;Padrão;Receitas Brutas Realizadas;RO1.7.2.1.50.0.0;1.7.2.1.50.0.0 - Cota-Parte do ICMS;10082138,31;1703
2022;Prefeitura Municipal de Marema - SC;4210555;SC;DCA-Anexo I-C;Padrão;Deduções - FUNDEB;RO1.7.2.1.50.0.0;1.7.2.1.50.0.0 - Cota-Parte do ICMS;2016426,55;1703
2022;Prefeitura Municipal de Marema - SC;4210555;SC;DCA-Anexo I-C;Padrão;Receitas Brutas Realizadas;RO1.7.2.1.51.0.0;1.7.2.1.51.0.0 - Cota-Parte do IPVA;345595,96;1703
2022;Prefeitura Municipal de Marema - SC;4210555;SC;DCA-Anexo I-C;Padrão;Deduções - FUNDEB;RO1.7.2.1.51.0.0;1.7.2.1.51.0.0 - Cota-Parte do IPVA;69118,30;1703
2022;Prefeitura Municipal de Marema - SC;4210555;SC;DCA-Anexo I-C;Padrão;Receitas Brutas Realizadas;RO1.7.2.1.52.0.0;1.7.2.1.52.0.0 - Cota-Parte do IPI - Municípios;97359,42;1703
2022;Prefeitura Municipal de Marema - SC;4210555;SC;DCA-Anexo I-C;Padrão;Deduções - FUNDEB;RO1.7.2.1.52.0.0;1.7.2.1.52.0.0 - Cota-Parte do IPI - Municípios;19471,97;1703
2022;Prefeitura Municipal de Marema - SC;4210555;SC;DCA-Anexo I-C;Padrão;Receitas Brutas Realizadas;RO1.7.2.1.53.0.0;1.7.2.1.53.0.0 - Cota-Parte da Contribuição de Intervenção no Domínio Econômico;6285,29;1703
2022;Prefeitura Municipal de Marema - SC;4210555;SC;DCA-Anexo I-C;Padrão;Receitas Brutas Realizadas;RO1.7.2.3.00.0.0;1.7.2.3.00.0.0 - Transferências de Recursos do Sistema Único de Saúde ¿ SUS;135014,36;1703
2022;Prefeitura Municipal de Marema - SC;4210555;SC;DCA-Anexo I-C;Padrão;Receitas Brutas Realizadas;RO1.7.2.4.00.0.0;1.7.2.4.00.0.0 - Transferências de Convênios dos Estados e DF e de Suas Entidades;197889,22;1703
2022;Prefeitura Municipal de Marema - SC;4210555;SC;DCA-Anexo I-C;Padrão;Receitas Brutas Realizadas;RO1.7.2.4.51.0.0;1.7.2.4.51.0.0 -Transferências de Convênios dos Estados Destinadas a Programas de Educação;70520,94;1703
2022;Prefeitura Municipal de Marema - SC;4210555;SC;DCA-Anexo I-C;Padrão;Receitas Brutas Realizadas;RO1.7.2.4.99.0.0;1.7.2.4.99.0.0 - Outras Transferências de Convênios dos Estados e DF e de Suas Entidades;127368,28;1703
2022;Prefeitura Municipal de Marema - SC;4210555;SC;DCA-Anexo I-C;Padrão;Receitas Brutas Realizadas;RO1.7.5.0.00.0.0;1.7.5.0.00.0.0 - Transferências de Outras Instituições Públicas;1429260,45;1703
2022;Prefeitura Municipal de Marema - SC;4210555;SC;DCA-Anexo I-C;Padrão;Receitas Brutas Realizadas;RO1.7.5.1.00.0.0;1.7.5.1.00.0.0 - Transferências de Recursos do Fundo de Manutenção e Desenvolvimento da Educação Básica e de Valorização dos Profissionais da Educação - FUNDEB;1429260,45;1703
2022;Prefeitura Municipal de Marema - SC;4210555;SC;DCA-Anexo I-C;Padrão;Receitas Brutas Realizadas;RO1.9.0.0.00.0.0;1.9.0.0.00.0.0 - Outras Receitas Correntes;87247,68;1703
2022;Prefeitura Municipal de Marema - SC;4210555;SC;DCA-Anexo I-C;Padrão;Receitas Brutas Realizadas;RO1.9.1.0.00.0.0;1.9.1.0.00.0.0 - Multas Administrativas, Contratuais e Judiciais;15485,84;1703
2022;Prefeitura Municipal de Marema - SC;4210555;SC;DCA-Anexo I-C;Padrão;Receitas Brutas Realizadas;RO1.9.1.1.00.0.0;1.9.1.1.00.0.0 - Multas Administrativas, Contratuais e Judiciais;15485,84;1703
2022;Prefeitura Municipal de Marema - SC;4210555;SC;DCA-Anexo I-C;Padrão;Receitas Brutas Realizadas;RO1.9.1.1.01.0.0;1.9.1.1.01.0.0 - Multas Previstas em Legislação Específica;15485,84;1703
2022;Prefeitura Municipal de Marema - SC;4210555;SC;DCA-Anexo I-C;Padrão;Receitas Brutas Realizadas;RO1.9.2.0.00.0.0;1.9.2.0.00.0.0 - Indenizações, Restituições e Ressarcimentos;43067,13;1703
2022;Prefeitura Municipal de Marema - SC;4210555;SC;DCA-Anexo I-C;Padrão;Receitas Brutas Realizadas;RO1.9.2.2.00.0.0;1.9.2.2.00.0.0 - Restituições;43067,13;1703
2022;Prefeitura Municipal de Marema - SC;4210555;SC;DCA-Anexo I-C;Padrão;Receitas Brutas Realizadas;RO1.9.2.2.99.0.0;1.9.2.2.99.0.0 - Outras Restituições;43067,13;1703
2022;Prefeitura Municipal de Marema - SC;4210555;SC;DCA-Anexo I-C;Padrão;Receitas Brutas Realizadas;RO1.9.9.0.00.0.0;1.9.9.0.00.0.0 - Demais Receitas Correntes;28694,71;1703
2022;Prefeitura Municipal de Marema - SC;4210555;SC;DCA-Anexo I-C;Padrão;Receitas Brutas Realizadas;RO1.9.9.9.00.0.0;1.9.9.9.00.0.0 - Outras Receitas Correntes;28694,71;1703
2022;Prefeitura Municipal de Marema - SC;4210555;SC;DCA-Anexo I-C;Padrão;Receitas Brutas Realizadas;RO1.9.9.9.99.0.0;1.9.9.9.99.0.0 - Outras Receitas;28694,71;1703
2022;Prefeitura Municipal de Marema - SC;4210555;SC;DCA-Anexo I-C;Padrão;Receitas Brutas Realizadas;RO1.9.9.9.99.2.0;1.9.9.9.99.2.0 - Outras Receitas Não Arrecadadas e Não Projetadas pela RFB - Primárias;28694,71;1703
2022;Prefeitura Municipal de Marema - SC;4210555;SC;DCA-Anexo I-C;Padrão;Receitas Brutas Realizadas;RO2.0.0.0.00.0.0;2.0.0.0.00.0.0 - Receitas de Capital;3841430,96;1703
2022;Prefeitura Municipal de Marema - SC;4210555;SC;DCA-Anexo I-C;Padrão;Receitas Brutas Realizadas;RO2.1.0.0.00.0.0;2.1.0.0.00.0.0 - Operações de Crédito;881900,00;1703
2022;Prefeitura Municipal de Marema - SC;4210555;SC;DCA-Anexo I-C;Padrão;Receitas Brutas Realizadas;RO2.1.1.0.00.0.0;2.1.1.0.00.0.0 - Operações de Crédito - Mercado Interno;881900,00;1703
2022;Prefeitura Municipal de Marema - SC;4210555;SC;DCA-Anexo I-C;Padrão;Receitas Brutas Realizadas;RO2.1.1.2.00.0.0;2.1.1.2.00.0.0 - Operações de Crédito Contratuais - Mercado Interno;881900,00;1703
2022;Prefeitura Municipal de Marema - SC;4210555;SC;DCA-Anexo I-C;Padrão;Receitas Brutas Realizadas;RO2.1.1.2.01.0.0;2.1.1.2.01.0.0 - Operações de Crédito Contratuais - Mercado Interno;881900,00;1703
2022;Prefeitura Municipal de Marema - SC;4210555;SC;DCA-Anexo I-C;Padrão;Receitas Brutas Realizadas;RO2.2.0.0.00.0.0;2.2.0.0.00.0.0 - Alienação de Bens;557050,00;1703
2022;Prefeitura Municipal de Marema - SC;4210555;SC;DCA-Anexo I-C;Padrão;Receitas Brutas Realizadas;RO2.2.1.0.00.0.0;2.2.1.0.00.0.0 - Alienação de Bens Móveis;557050,00;1703
2022;Prefeitura Municipal de Marema - SC;4210555;SC;DCA-Anexo I-C;Padrão;Receitas Brutas Realizadas;RO2.2.1.3.00.0.0;2.2.1.3.00.0.0 - Alienação de Bens Móveis e Semoventes;557050,00;1703
2022;Prefeitura Municipal de Marema - SC;4210555;SC;DCA-Anexo I-C;Padrão;Receitas Brutas Realizadas;RO2.4.0.0.00.0.0;2.4.0.0.00.0.0 - Transferências de Capital;2402480,96;1703
2022;Prefeitura Municipal de Marema - SC;4210555;SC;DCA-Anexo I-C;Padrão;Receitas Brutas Realizadas;RO2.4.1.0.00.0.0;2.4.1.0.00.0.0 - Transferências da União e de suas Entidades;700000,00;1703
2022;Prefeitura Municipal de Marema - SC;4210555;SC;DCA-Anexo I-C;Padrão;Receitas Brutas Realizadas;RO2.4.1.4.00.0.0;2.4.1.4.00.0.0 - Transferências de Convênios da União e de suas Entidades ;500000,00;1703
2022;Prefeitura Municipal de Marema - SC;4210555;SC;DCA-Anexo I-C;Padrão;Receitas Brutas Realizadas;RO2.4.1.4.99.0.0;2.4.1.4.99.0.0 - Outras Transferências de Convênios da União e de Suas Entidades;500000,00;1703
2022;Prefeitura Municipal de Marema - SC;4210555;SC;DCA-Anexo I-C;Padrão;Receitas Brutas Realizadas;RO2.4.1.9.00.0.0;2.4.1.9.00.0.0 - Outras Transferências de Recursos da União e de suas Entidades;200000,00;1703
2022;Prefeitura Municipal de Marema - SC;4210555;SC;DCA-Anexo I-C;Padrão;Receitas Brutas Realizadas;RO2.4.1.9.99.0.0;2.4.1.9.99.0.0 - Outras Transferências De Recursos da União e de suas Entidades;200000,00;1703
2022;Prefeitura Municipal de Marema - SC;4210555;SC;DCA-Anexo I-C;Padrão;Receitas Brutas Realizadas;RO2.4.2.0.00.0.0;2.4.2.0.00.0.0 - Transferências dos Estados e do Distrito Federal e de suas Entidades;1702480,96;1703
2022;Prefeitura Municipal de Marema - SC;4210555;SC;DCA-Anexo I-C;Padrão;Receitas Brutas Realizadas;RO2.4.2.2.00.0.0;2.4.2.2.00.0.0 - Transferências de Convênios dos Estados e DF e de Suas Entidades ;802480,96;1703
2022;Prefeitura Municipal de Marema - SC;4210555;SC;DCA-Anexo I-C;Padrão;Receitas Brutas Realizadas;RO2.4.2.2.51.0.0;2.4.2.2.51.0.0 - Transferências de Convênios dos Estados destinadas a Programas de Educação;300001,96;1703
2022;Prefeitura Municipal de Marema - SC;4210555;SC;DCA-Anexo I-C;Padrão;Receitas Brutas Realizadas;RO2.4.2.2.99.0.0;2.4.2.2.99.0.0 - Outras Transferências de Convênio dos Estados e DF e de Suas Entidades;502479,00;1703
2022;Prefeitura Municipal de Marema - SC;4210555;SC;DCA-Anexo I-C;Padrão;Receitas Brutas Realizadas;RO2.4.2.9.00.0.0;2.4.2.9.00.0.0 - Outras Transferências de Recursos dos Estados;900000,00;1703
2022;Prefeitura Municipal de Marema - SC;4210555;SC;DCA-Anexo I-C;Padrão;Receitas Brutas Realizadas;RO2.4.2.9.99.0.0;2.4.2.9.99.0.0 - Outras Transferências de Recursos dos Estados;900000,00;1703
2022;Prefeitura Municipal de Marema - SC;4210555;SC;DCA-Anexo I-C;Padrão;Receitas Brutas Realizadas;TotalReceitas;TOTAL DAS RECEITAS (III) = (I + II);33400536,91;1703
2022;Prefeitura Municipal de Marema - SC;4210555;SC;DCA-Anexo I-C;Padrão;Deduções - FUNDEB;TotalReceitas;TOTAL DAS RECEITAS (III) = (I + II);4455163,62;1703
2023;Prefeitura Municipal de Marema - SC;4210555;SC;DCA-Anexo I-C;Padrão;Receitas Brutas Realizadas;ReceitasExcetoIntraOrcamentarias;RECEITAS (EXCETO INTRA-ORÇAMENTÁRIAS) (I);33422251,59;1703
2023;Prefeitura Municipal de Marema - SC;4210555;SC;DCA-Anexo I-C;Padrão;Deduções - FUNDEB;ReceitasExcetoIntraOrcamentarias;RECEITAS (EXCETO INTRA-ORÇAMENTÁRIAS) (I);4764517,52;1703
2023;Prefeitura Municipal de Marema - SC;4210555;SC;DCA-Anexo I-C;Padrão;Receitas Brutas Realizadas;RO1.0.0.0.00.0.0;1.0.0.0.00.0.0 - Receitas Correntes;32109331,88;1703
2023;Prefeitura Municipal de Marema - SC;4210555;SC;DCA-Anexo I-C;Padrão;Deduções - FUNDEB;RO1.0.0.0.00.0.0;1.0.0.0.00.0.0 - Receitas Correntes;4764517,52;1703
2023;Prefeitura Municipal de Marema - SC;4210555;SC;DCA-Anexo I-C;Padrão;Receitas Brutas Realizadas;RO1.1.0.0.00.0.0;1.1.0.0.00.0.0 - Impostos, Taxas e Contribuições de Melhoria;1358538,49;1703
2023;Prefeitura Municipal de Marema - SC;4210555;SC;DCA-Anexo I-C;Padrão;Receitas Brutas Realizadas;RO1.1.1.0.00.0.0;1.1.1.0.00.0.0 - Impostos;1313674,67;1703
2023;Prefeitura Municipal de Marema - SC;4210555;SC;DCA-Anexo I-C;Padrão;Receitas Brutas Realizadas;RO1.1.1.2.00.0.0;1.1.1.2.00.0.0 - Impostos sobre o Patrimônio;294195,92;1703
2023;Prefeitura Municipal de Marema - SC;4210555;SC;DCA-Anexo I-C;Padrão;Receitas Brutas Realizadas;RO1.1.1.2.50.0.0;1.1.1.2.50.0.0 - Imposto sobre a Propriedade Predial e Territorial Urbana;210147,60;1703
2023;Prefeitura Municipal de Marema - SC;4210555;SC;DCA-Anexo I-C;Padrão;Receitas Brutas Realizadas;RO1.1.1.2.53.0.0;"1.1.1.2.53.0.0 - Impostos sobre Transmissão ""Inter Vivos"" de Bens Imóveis e de Direitos Reais sobre Imóveis";84048,32;1703
2023;Prefeitura Municipal de Marema - SC;4210555;SC;DCA-Anexo I-C;Padrão;Receitas Brutas Realizadas;RO1.1.1.3.00.0.0;1.1.1.3.00.0.0 - Impostos sobre a Renda e Proventos de Qualquer Natureza;726677,80;1703
2023;Prefeitura Municipal de Marema - SC;4210555;SC;DCA-Anexo I-C;Padrão;Receitas Brutas Realizadas;RO1.1.1.3.01.0.0;1.1.1.3.01.0.0 - Imposto sobre a Renda de Pessoa Física - IRPF;661591,50;1703
2023;Prefeitura Municipal de Marema - SC;4210555;SC;DCA-Anexo I-C;Padrão;Receitas Brutas Realizadas;RO1.1.1.3.02.0.0;1.1.1.3.02.0.0 - Imposto sobre a Renda de Pessoa Jurídica - IRPJ - Líquida de Incentivos;64838,98;1703
2023;Prefeitura Municipal de Marema - SC;4210555;SC;DCA-Anexo I-C;Padrão;Receitas Brutas Realizadas;RO1.1.1.3.03.0.0;1.1.1.3.03.0.0 - Imposto sobre a Renda - Retido na Fonte;247,32;1703
2023;Prefeitura Municipal de Marema - SC;4210555;SC;DCA-Anexo I-C;Padrão;Receitas Brutas Realizadas;RO1.1.1.3.03.1.0;1.1.1.3.03.1.0 - Imposto sobre a Renda - Retido na Fonte - Trabalho;247,32;1703
2023;Prefeitura Municipal de Marema - SC;4210555;SC;DCA-Anexo I-C;Padrão;Receitas Brutas Realizadas;RO1.1.1.4.00.0.0;1.1.1.4.00.0.0 - Impostos sobre a Produção e Circulação de Mercadorias e Serviços;292800,95;1703
2023;Prefeitura Municipal de Marema - SC;4210555;SC;DCA-Anexo I-C;Padrão;Receitas Brutas Realizadas;RO1.1.1.4.51.0.0;1.1.1.4.51.0.0 - Impostos sobre Serviços;292800,95;1703
2023;Prefeitura Municipal de Marema - SC;4210555;SC;DCA-Anexo I-C;Padrão;Receitas Brutas Realizadas;RO1.1.1.4.51.1.0;1.1.1.4.51.1.0 - Imposto sobre Serviços de Qualquer Natureza - ISSQN;292800,95;1703
2023;Prefeitura Municipal de Marema - SC;4210555;SC;DCA-Anexo I-C;Padrão;Receitas Brutas Realizadas;RO1.1.2.0.00.0.0;1.1.2.0.00.0.0 - Taxas;44863,82;1703
2023;Prefeitura Municipal de Marema - SC;4210555;SC;DCA-Anexo I-C;Padrão;Receitas Brutas Realizadas;RO1.1.2.1.00.0.0;1.1.2.1.00.0.0 - Taxas pelo Exercício do Poder de Polícia;38187,13;1703
2023;Prefeitura Municipal de Marema - SC;4210555;SC;DCA-Anexo I-C;Padrão;Receitas Brutas Realizadas;RO1.1.2.1.01.0.0;1.1.2.1.01.0.0 - Taxas de Inspeção, Controle e Fiscalização;38187,13;1703
2023;Prefeitura Municipal de Marema - SC;4210555;SC;DCA-Anexo I-C;Padrão;Receitas Brutas Realizadas;RO1.1.2.2.00.0.0;1.1.2.2.00.0.0 - Taxas pela Prestação de Serviços;6676,69;1703
2023;Prefeitura Municipal de Marema - SC;4210555;SC;DCA-Anexo I-C;Padrão;Receitas Brutas Realizadas;RO1.1.2.2.01.0.0;1.1.2.2.01.0.0 - Taxas pela Prestação de Serviços em Geral;6676,69;1703
2023;Prefeitura Municipal de Marema - SC;4210555;SC;DCA-Anexo I-C;Padrão;Receitas Brutas Realizadas;RO1.2.0.0.00.0.0;1.2.0.0.00.0.0 - Contribuições;48811,33;1703
2023;Prefeitura Municipal de Marema - SC;4210555;SC;DCA-Anexo I-C;Padrão;Receitas Brutas Realizadas;RO1.2.4.0.00.0.0;1.2.4.0.00.0.0 - Contribuição para o Custeio do Serviço de Iluminação Pública;48811,33;1703
2023;Prefeitura Municipal de Marema - SC;4210555;SC;DCA-Anexo I-C;Padrão;Receitas Brutas Realizadas;RO1.3.0.0.00.0.0;1.3.0.0.00.0.0 - Receita Patrimonial;413140,61;1703
2023;Prefeitura Municipal de Marema - SC;4210555;SC;DCA-Anexo I-C;Padrão;Receitas Brutas Realizadas;RO1.3.2.0.00.0.0;1.3.2.0.00.0.0 - Valores Mobiliários;413140,61;1703
2023;Prefeitura Municipal de Marema - SC;4210555;SC;DCA-Anexo I-C;Padrão;Receitas Brutas Realizadas;RO1.3.2.1.00.0.0;1.3.2.1.00.0.0 - Juros e Correções Monetárias;413140,61;1703
2023;Prefeitura Municipal de Marema - SC;4210555;SC;DCA-Anexo I-C;Padrão;Receitas Brutas Realizadas;RO1.3.2.1.01.0.0;1.3.2.1.01.0.0 - Remuneração de Depósitos Bancários;413140,61;1703
2023;Prefeitura Municipal de Marema - SC;4210555;SC;DCA-Anexo I-C;Padrão;Receitas Brutas Realizadas;RO1.4.0.0.00.0.0;1.4.0.0.00.0.0 - Receita Agropecuária;2025,40;1703
2023;Prefeitura Municipal de Marema - SC;4210555;SC;DCA-Anexo I-C;Padrão;Receitas Brutas Realizadas;RO1.6.0.0.00.0.0;1.6.0.0.00.0.0 - Receita de Serviços;480693,60;1703
2023;Prefeitura Municipal de Marema - SC;4210555;SC;DCA-Anexo I-C;Padrão;Receitas Brutas Realizadas;RO1.6.1.0.00.0.0;1.6.1.0.00.0.0 - Serviços Administrativos e Comerciais Gerais;480693,60;1703
2023;Prefeitura Municipal de Marema - SC;4210555;SC;DCA-Anexo I-C;Padrão;Receitas Brutas Realizadas;RO1.6.1.1.00.0.0;1.6.1.1.00.0.0 - Serviços Administrativos e Comerciais Gerais;480693,60;1703
2023;Prefeitura Municipal de Marema - SC;4210555;SC;DCA-Anexo I-C;Padrão;Receitas Brutas Realizadas;RO1.6.1.1.01.0.0;1.6.1.1.01.0.0 - Serviços Administrativos e Comerciais Gerais Prestados por Entidades e Órgãos Públicos em Geral;480693,60;1703
2023;Prefeitura Municipal de Marema - SC;4210555;SC;DCA-Anexo I-C;Padrão;Receitas Brutas Realizadas;RO1.7.0.0.00.0.0;1.7.0.0.00.0.0 - Transferências Correntes;29687824,98;1703
2023;Prefeitura Municipal de Marema - SC;4210555;SC;DCA-Anexo I-C;Padrão;Deduções - FUNDEB;RO1.7.0.0.00.0.0;1.7.0.0.00.0.0 - Transferências Correntes;4764517,52;1703
2023;Prefeitura Municipal de Marema - SC;4210555;SC;DCA-Anexo I-C;Padrão;Receitas Brutas Realizadas;RO1.7.1.0.00.0.0;1.7.1.0.00.0.0 - Transferências da União e de suas Entidades;15736673,84;1703
2023;Prefeitura Municipal de Marema - SC;4210555;SC;DCA-Anexo I-C;Padrão;Deduções - FUNDEB;RO1.7.1.0.00.0.0;1.7.1.0.00.0.0 - Transferências da União e de suas Entidades;2400249,40;1703
2023;Prefeitura Municipal de Marema - SC;4210555;SC;DCA-Anexo I-C;Padrão;Receitas Brutas Realizadas;RO1.7.1.1.00.0.0;1.7.1.1.00.0.0 - Transferências Decorrentes de Participação na Receita da União;13176897,53;1703
2023;Prefeitura Municipal de Marema - SC;4210555;SC;DCA-Anexo I-C;Padrão;Deduções - FUNDEB;RO1.7.1.1.00.0.0;1.7.1.1.00.0.0 - Transferências Decorrentes de Participação na Receita da União;2400082,16;1703
2023;Prefeitura Municipal de Marema - SC;4210555;SC;DCA-Anexo I-C;Padrão;Receitas Brutas Realizadas;RO1.7.1.1.51.0.0;1.7.1.1.51.0.0 -Cota-Parte do Fundo de Participação dos Municípios - FPM;13172484,96;1703
2023;Prefeitura Municipal de Marema - SC;4210555;SC;DCA-Anexo I-C;Padrão;Deduções - FUNDEB;RO1.7.1.1.51.0.0;1.7.1.1.51.0.0 -Cota-Parte do Fundo de Participação dos Municípios - FPM;2399199,69;1703
2023;Prefeitura Municipal de Marema - SC;4210555;SC;DCA-Anexo I-C;Padrão;Receitas Brutas Realizadas;RO1.7.1.1.51.1.0;1.7.1.1.51.1.0 - Cota-Parte do Fundo de Participação dos Municípios - Cota Mensal;11995999,50;1703
2023;Prefeitura Municipal de Marema - SC;4210555;SC;DCA-Anexo I-C;Padrão;Deduções - FUNDEB;RO1.7.1.1.51.1.0;1.7.1.1.51.1.0 - Cota-Parte do Fundo de Participação dos Municípios - Cota Mensal;2399199,69;1703
2023;Prefeitura Municipal de Marema - SC;4210555;SC;DCA-Anexo I-C;Padrão;Receitas Brutas Realizadas;RO1.7.1.1.51.2.0;1.7.1.1.51.2.0 - Cota-Parte do Fundo de Participação dos Municípios - Cotas Extraordinárias;1176485,46;1703
2023;Prefeitura Municipal de Marema - SC;4210555;SC;DCA-Anexo I-C;Padrão;Receitas Brutas Realizadas;RO1.7.1.1.52.0.0;1.7.1.1.52.0.0 - Cota-Parte do Imposto Sobre a Propriedade Territorial Rural;4412,57;1703
2023;Prefeitura Municipal de Marema - SC;4210555;SC;DCA-Anexo I-C;Padrão;Deduções - FUNDEB;RO1.7.1.1.52.0.0;1.7.1.1.52.0.0 - Cota-Parte do Imposto Sobre a Propriedade Territorial Rural;882,47;1703
2023;Prefeitura Municipal de Marema - SC;4210555;SC;DCA-Anexo I-C;Padrão;Receitas Brutas Realizadas;RO1.7.1.2.00.0.0;1.7.1.2.00.0.0 -Transferências das Compensações Financeiras pela Exploração de Recursos Naturais;255458,61;1703
2023;Prefeitura Municipal de Marema - SC;4210555;SC;DCA-Anexo I-C;Padrão;Receitas Brutas Realizadas;RO1.7.1.2.52.0.0;1.7.1.2.52.0.0 - Cota-parte da Compensação Financeira pela Produção de Petróleo;255458,61;1703
2023;Prefeitura Municipal de Marema - SC;4210555;SC;DCA-Anexo I-C;Padrão;Receitas Brutas Realizadas;RO1.7.1.2.52.4.0;1.7.1.2.52.4.0 - Cota-Parte do Fundo Especial do Petróleo ¿ FEP;255458,61;1703
2023;Prefeitura Municipal de Marema - SC;4210555;SC;DCA-Anexo I-C;Padrão;Receitas Brutas Realizadas;RO1.7.1.3.00.0.0;1.7.1.3.00.0.0 -Transferências de Recursos do Sistema Único de Saúde ¿ SUS ;985742,00;1703
2023;Prefeitura Municipal de Marema - SC;4210555;SC;DCA-Anexo I-C;Padrão;Receitas Brutas Realizadas;RO1.7.1.3.50.0.0;1.7.1.3.50.0.0 - Transferências de Recursos do Sistema Único de Saúde ¿ SUS ¿ Repasses Fundo a Fundo - Bloco de Manutenção das Ações e Serviços Públicos de Saúde;985742,00;1703
2023;Prefeitura Municipal de Marema - SC;4210555;SC;DCA-Anexo I-C;Padrão;Receitas Brutas Realizadas;RO1.7.1.3.50.1.0;1.7.1.3.50.1.0 - Transferências de Recursos do Bloco de Manutenção das Ações e Serviços Públicos de Saúde ¿ Atenção Primária;929847,34;1703
2023;Prefeitura Municipal de Marema - SC;4210555;SC;DCA-Anexo I-C;Padrão;Receitas Brutas Realizadas;RO1.7.1.3.50.2.0;1.7.1.3.50.2.0 - Transferências de Recursos do Bloco de Manutenção das Ações e Serviços Públicos de Saúde ¿ Atenção Especializada;25547,36;1703
2023;Prefeitura Municipal de Marema - SC;4210555;SC;DCA-Anexo I-C;Padrão;Receitas Brutas Realizadas;RO1.7.1.3.50.3.0;1.7.1.3.50.3.0 - Transferências de Recursos do Bloco de Manutenção das Ações e Serviços Públicos de Saúde ¿ Vigilância em Saúde;22754,60;1703
2023;Prefeitura Municipal de Marema - SC;4210555;SC;DCA-Anexo I-C;Padrão;Receitas Brutas Realizadas;RO1.7.1.3.50.4.0;1.7.1.3.50.4.0 -Transferências de Recursos do Bloco de Manutenção das Ações e Serviços Públicos de Saúde ¿ Assistência Farmacêutica;5592,70;1703
2023;Prefeitura Municipal de Marema - SC;4210555;SC;DCA-Anexo I-C;Padrão;Receitas Brutas Realizadas;RO1.7.1.3.50.5.0;1.7.1.3.50.5.0 - Transferências de Recursos do Bloco de Manutenção das Ações e Serviços Públicos de Saúde ¿ Gestão do SUS;2000,00;1703
2023;Prefeitura Municipal de Marema - SC;4210555;SC;DCA-Anexo I-C;Padrão;Receitas Brutas Realizadas;RO1.7.1.4.00.0.0;1.7.1.4.00.0.0 -Transferências de Recursos do Fundo Nacional do Desenvolvimento da Educação ¿ FNDE¿ ;234963,91;1703
2023;Prefeitura Municipal de Marema - SC;4210555;SC;DCA-Anexo I-C;Padrão;Receitas Brutas Realizadas;RO1.7.1.4.50.0.0;1.7.1.4.50.0.0 - Transferências do Salário-Educação;160705,12;1703
2023;Prefeitura Municipal de Marema - SC;4210555;SC;DCA-Anexo I-C;Padrão;Receitas Brutas Realizadas;RO1.7.1.4.52.0.0;1.7.1.4.52.0.0 - Transferências referentes ao Programa Nacional de Alimentação Escolar ¿ PNAE;37880,20;1703
2023;Prefeitura Municipal de Marema - SC;4210555;SC;DCA-Anexo I-C;Padrão;Receitas Brutas Realizadas;RO1.7.1.4.53.0.0;1.7.1.4.53.0.0 - Transferências referentes ao Programa Nacional de Apoio ao Transporte do Escolar ¿ PNATE;36378,59;1703
2023;Prefeitura Municipal de Marema - SC;4210555;SC;DCA-Anexo I-C;Padrão;Receitas Brutas Realizadas;RO1.7.1.6.00.0.0;1.7.1.6.00.0.0 - Transferências de Recursos do Fundo Nacional de Assistência Social ¿ FNAS;163674,64;1703
2023;Prefeitura Municipal de Marema - SC;4210555;SC;DCA-Anexo I-C;Padrão;Receitas Brutas Realizadas;RO1.7.1.9.00.0.0;1.7.1.9.00.0.0 - Outras Transferências de Recursos da União e de suas Entidades;919937,15;1703
2023;Prefeitura Municipal de Marema - SC;4210555;SC;DCA-Anexo I-C;Padrão;Deduções - FUNDEB;RO1.7.1.9.00.0.0;1.7.1.9.00.0.0 - Outras Transferências de Recursos da União e de suas Entidades;167,24;1703
2023;Prefeitura Municipal de Marema - SC;4210555;SC;DCA-Anexo I-C;Padrão;Receitas Brutas Realizadas;RO1.7.1.9.58.0.0;1.7.1.9.58.0.0 - Transferência Obrigatória Decorrente da Lei Complementar nº 176/2020;26537,88;1703
2023;Prefeitura Municipal de Marema - SC;4210555;SC;DCA-Anexo I-C;Padrão;Receitas Brutas Realizadas;RO1.7.1.9.99.0.0;1.7.1.9.99.0.0 - Outras Transferências de Recursos da União e de suas Entidades;893399,27;1703
2023;Prefeitura Municipal de Marema - SC;4210555;SC;DCA-Anexo I-C;Padrão;Deduções - FUNDEB;RO1.7.1.9.99.0.0;1.7.1.9.99.0.0 - Outras Transferências de Recursos da União e de suas Entidades;167,24;1703
2023;Prefeitura Municipal de Marema - SC;4210555;SC;DCA-Anexo I-C;Padrão;Receitas Brutas Realizadas;RO1.7.2.0.00.0.0;1.7.2.0.00.0.0 - Transferências dos Estados e do Distrito Federal e de suas Entidades;12337765,50;1703
2023;Prefeitura Municipal de Marema - SC;4210555;SC;DCA-Anexo I-C;Padrão;Deduções - FUNDEB;RO1.7.2.0.00.0.0;1.7.2.0.00.0.0 - Transferências dos Estados e do Distrito Federal e de suas Entidades;2364268,12;1703
2023;Prefeitura Municipal de Marema - SC;4210555;SC;DCA-Anexo I-C;Padrão;Receitas Brutas Realizadas;RO1.7.2.1.00.0.0;1.7.2.1.00.0.0 - Participação na Receita dos Estados e Distrito Federal;11643322,23;1703
2023;Prefeitura Municipal de Marema - SC;4210555;SC;DCA-Anexo I-C;Padrão;Deduções - FUNDEB;RO1.7.2.1.00.0.0;1.7.2.1.00.0.0 - Participação na Receita dos Estados e Distrito Federal;2328404,25;1703
2023;Prefeitura Municipal de Marema - SC;4210555;SC;DCA-Anexo I-C;Padrão;Receitas Brutas Realizadas;RO1.7.2.1.50.0.0;1.7.2.1.50.0.0 - Cota-Parte do ICMS;11110541,15;1703
2023;Prefeitura Municipal de Marema - SC;4210555;SC;DCA-Anexo I-C;Padrão;Deduções - FUNDEB;RO1.7.2.1.50.0.0;1.7.2.1.50.0.0 - Cota-Parte do ICMS;2222107,11;1703
2023;Prefeitura Municipal de Marema - SC;4210555;SC;DCA-Anexo I-C;Padrão;Receitas Brutas Realizadas;RO1.7.2.1.51.0.0;1.7.2.1.51.0.0 - Cota-Parte do IPVA;431703,68;1703
2023;Prefeitura Municipal de Marema - SC;4210555;SC;DCA-Anexo I-C;Padrão;Deduções - FUNDEB;RO1.7.2.1.51.0.0;1.7.2.1.51.0.0 - Cota-Parte do IPVA;86339,90;1703
2023;Prefeitura Municipal de Marema - SC;4210555;SC;DCA-Anexo I-C;Padrão;Receitas Brutas Realizadas;RO1.7.2.1.52.0.0;1.7.2.1.52.0.0 - Cota-Parte do IPI - Municípios;99796,43;1703
2023;Prefeitura Municipal de Marema - SC;4210555;SC;DCA-Anexo I-C;Padrão;Deduções - FUNDEB;RO1.7.2.1.52.0.0;1.7.2.1.52.0.0 - Cota-Parte do IPI - Municípios;19957,24;1703
2023;Prefeitura Municipal de Marema - SC;4210555;SC;DCA-Anexo I-C;Padrão;Receitas Brutas Realizadas;RO1.7.2.1.53.0.0;1.7.2.1.53.0.0 - Cota-Parte da Contribuição de Intervenção no Domínio Econômico;1280,97;1703
2023;Prefeitura Municipal de Marema - SC;4210555;SC;DCA-Anexo I-C;Padrão;Receitas Brutas Realizadas;RO1.7.2.3.00.0.0;1.7.2.3.00.0.0 - Transferências de Recursos do Sistema Único de Saúde ¿ SUS;114443,67;1703
2023;Prefeitura Municipal de Marema - SC;4210555;SC;DCA-Anexo I-C;Padrão;Receitas Brutas Realizadas;RO1.7.2.4.00.0.0;1.7.2.4.00.0.0 - Transferências de Convênios dos Estados e DF e de Suas Entidades;73803,09;1703
2023;Prefeitura Municipal de Marema - SC;4210555;SC;DCA-Anexo I-C;Padrão;Receitas Brutas Realizadas;RO1.7.2.4.51.0.0;1.7.2.4.51.0.0 -Transferências de Convênios dos Estados Destinadas a Programas de Educação;73803,09;1703
2023;Prefeitura Municipal de Marema - SC;4210555;SC;DCA-Anexo I-C;Padrão;Receitas Brutas Realizadas;RO1.7.2.9.00.0.0;1.7.2.9.00.0.0 - Outras Transferências dos Estados e Distrito Federal;506196,51;1703
2023;Prefeitura Municipal de Marema - SC;4210555;SC;DCA-Anexo I-C;Padrão;Deduções - FUNDEB;RO1.7.2.9.00.0.0;1.7.2.9.00.0.0 - Outras Transferências dos Estados e Distrito Federal;35863,87;1703
2023;Prefeitura Municipal de Marema - SC;4210555;SC;DCA-Anexo I-C;Padrão;Receitas Brutas Realizadas;RO1.7.2.9.51.0.0;1.7.2.9.51.0.0 - Transferências de Estados destinadas à Assistência Social;101876,96;1703
2023;Prefeitura Municipal de Marema - SC;4210555;SC;DCA-Anexo I-C;Padrão;Receitas Brutas Realizadas;RO1.7.2.9.53.0.0;1.7.2.9.53.0.0 - Cota-Parte da Transferência da Compensação Financeira das Perdas com Arrecadação de ICMS - LC nº 194/2022;179319,54;1703
2023;Prefeitura Municipal de Marema - SC;4210555;SC;DCA-Anexo I-C;Padrão;Deduções - FUNDEB;RO1.7.2.9.53.0.0;1.7.2.9.53.0.0 - Cota-Parte da Transferência da Compensação Financeira das Perdas com Arrecadação de ICMS - LC nº 194/2022;35863,87;1703
2023;Prefeitura Municipal de Marema - SC;4210555;SC;DCA-Anexo I-C;Padrão;Receitas Brutas Realizadas;RO1.7.2.9.99.0.0;1.7.2.9.99.0.0 - Outras Transferências dos Estados e DF;225000,01;1703
2023;Prefeitura Municipal de Marema - SC;4210555;SC;DCA-Anexo I-C;Padrão;Receitas Brutas Realizadas;RO1.7.5.0.00.0.0;1.7.5.0.00.0.0 - Transferências de Outras Instituições Públicas;1613385,64;1703
2023;Prefeitura Municipal de Marema - SC;4210555;SC;DCA-Anexo I-C;Padrão;Receitas Brutas Realizadas;RO1.7.5.1.00.0.0;1.7.5.1.00.0.0 - Transferências de Recursos do Fundo de Manutenção e Desenvolvimento da Educação Básica e de Valorização dos Profissionais da Educação - FUNDEB;1613385,64;1703
2023;Prefeitura Municipal de Marema - SC;4210555;SC;DCA-Anexo I-C;Padrão;Receitas Brutas Realizadas;RO1.9.0.0.00.0.0;1.9.0.0.00.0.0 - Outras Receitas Correntes;118297,47;1703
2023;Prefeitura Municipal de Marema - SC;4210555;SC;DCA-Anexo I-C;Padrão;Receitas Brutas Realizadas;RO1.9.1.0.00.0.0;1.9.1.0.00.0.0 - Multas Administrativas, Contratuais e Judiciais;3919,86;1703
2023;Prefeitura Municipal de Marema - SC;4210555;SC;DCA-Anexo I-C;Padrão;Receitas Brutas Realizadas;RO1.9.1.1.00.0.0;1.9.1.1.00.0.0 - Multas Administrativas, Contratuais e Judiciais;3919,86;1703
2023;Prefeitura Municipal de Marema - SC;4210555;SC;DCA-Anexo I-C;Padrão;Receitas Brutas Realizadas;RO1.9.1.1.01.0.0;1.9.1.1.01.0.0 - Multas Previstas em Legislação Específica;3919,86;1703
2023;Prefeitura Municipal de Marema - SC;4210555;SC;DCA-Anexo I-C;Padrão;Receitas Brutas Realizadas;RO1.9.2.0.00.0.0;1.9.2.0.00.0.0 - Indenizações, Restituições e Ressarcimentos;100546,01;1703
2023;Prefeitura Municipal de Marema - SC;4210555;SC;DCA-Anexo I-C;Padrão;Receitas Brutas Realizadas;RO1.9.2.2.00.0.0;1.9.2.2.00.0.0 - Restituições;100546,01;1703
2023;Prefeitura Municipal de Marema - SC;4210555;SC;DCA-Anexo I-C;Padrão;Receitas Brutas Realizadas;RO1.9.2.2.99.0.0;1.9.2.2.99.0.0 - Outras Restituições;100546,01;1703
2023;Prefeitura Municipal de Marema - SC;4210555;SC;DCA-Anexo I-C;Padrão;Receitas Brutas Realizadas;RO1.9.9.0.00.0.0;1.9.9.0.00.0.0 - Demais Receitas Correntes;13831,60;1703
2023;Prefeitura Municipal de Marema - SC;4210555;SC;DCA-Anexo I-C;Padrão;Receitas Brutas Realizadas;RO1.9.9.9.00.0.0;1.9.9.9.00.0.0 - Outras Receitas Correntes;13831,60;1703
2023;Prefeitura Municipal de Marema - SC;4210555;SC;DCA-Anexo I-C;Padrão;Receitas Brutas Realizadas;RO1.9.9.9.99.0.0;1.9.9.9.99.0.0 - Outras Receitas;13831,60;1703
2023;Prefeitura Municipal de Marema - SC;4210555;SC;DCA-Anexo I-C;Padrão;Receitas Brutas Realizadas;RO1.9.9.9.99.1.0;1.9.9.9.99.1.0 - Outras Receitas Administradas pela RFB;13831,60;1703
2023;Prefeitura Municipal de Marema - SC;4210555;SC;DCA-Anexo I-C;Padrão;Receitas Brutas Realizadas;RO2.0.0.0.00.0.0;2.0.0.0.00.0.0 - Receitas de Capital;1312919,71;1703
2023;Prefeitura Municipal de Marema - SC;4210555;SC;DCA-Anexo I-C;Padrão;Receitas Brutas Realizadas;RO2.1.0.0.00.0.0;2.1.0.0.00.0.0 - Operações de Crédito;602919,71;1703
2023;Prefeitura Municipal de Marema - SC;4210555;SC;DCA-Anexo I-C;Padrão;Receitas Brutas Realizadas;RO2.1.1.0.00.0.0;2.1.1.0.00.0.0 - Operações de Crédito - Mercado Interno;602919,71;1703
2023;Prefeitura Municipal de Marema - SC;4210555;SC;DCA-Anexo I-C;Padrão;Receitas Brutas Realizadas;RO2.1.1.2.00.0.0;2.1.1.2.00.0.0 - Operações de Crédito Contratuais - Mercado Interno;602919,71;1703
2023;Prefeitura Municipal de Marema - SC;4210555;SC;DCA-Anexo I-C;Padrão;Receitas Brutas Realizadas;RO2.1.1.2.01.0.0;2.1.1.2.01.0.0 - Operações de Crédito Contratuais - Mercado Interno;602919,71;1703
2023;Prefeitura Municipal de Marema - SC;4210555;SC;DCA-Anexo I-C;Padrão;Receitas Brutas Realizadas;RO2.4.0.0.00.0.0;2.4.0.0.00.0.0 - Transferências de Capital;710000,00;1703
2023;Prefeitura Municipal de Marema - SC;4210555;SC;DCA-Anexo I-C;Padrão;Receitas Brutas Realizadas;RO2.4.1.0.00.0.0;2.4.1.0.00.0.0 - Transferências da União e de suas Entidades;310000,00;1703
2023;Prefeitura Municipal de Marema - SC;4210555;SC;DCA-Anexo I-C;Padrão;Receitas Brutas Realizadas;RO2.4.1.3.00.0.0;2.4.1.3.00.0.0 - Transferências de Recursos do Fundo Nacional de Assistência Social ¿ FNAS ;310000,00;1703
2023;Prefeitura Municipal de Marema - SC;4210555;SC;DCA-Anexo I-C;Padrão;Receitas Brutas Realizadas;RO2.4.1.3.50.0.0;2.4.1.3.50.0.0 - Transferências de Recursos do Fundo Nacional de Assistência Social ¿ FNAS;310000,00;1703
2023;Prefeitura Municipal de Marema - SC;4210555;SC;DCA-Anexo I-C;Padrão;Receitas Brutas Realizadas;RO2.4.2.0.00.0.0;2.4.2.0.00.0.0 - Transferências dos Estados e do Distrito Federal e de suas Entidades;400000,00;1703
2023;Prefeitura Municipal de Marema - SC;4210555;SC;DCA-Anexo I-C;Padrão;Receitas Brutas Realizadas;RO2.4.2.9.00.0.0;2.4.2.9.00.0.0 - Outras Transferências de Recursos dos Estados;400000,00;1703
2023;Prefeitura Municipal de Marema - SC;4210555;SC;DCA-Anexo I-C;Padrão;Receitas Brutas Realizadas;RO2.4.2.9.99.0.0;2.4.2.9.99.0.0 - Outras Transferências de Recursos dos Estados;400000,00;1703
2023;Prefeitura Municipal de Marema - SC;4210555;SC;DCA-Anexo I-C;Padrão;Receitas Brutas Realizadas;TotalReceitas;TOTAL DAS RECEITAS (III) = (I + II);33422251,59;1703
2023;Prefeitura Municipal de Marema - SC;4210555;SC;DCA-Anexo I-C;Padrão;Deduções - FUNDEB;TotalReceitas;TOTAL DAS RECEITAS (III) = (I + II);4764517,52;1703
2024;Prefeitura Municipal de Marema - SC;4210555;SC;DCA-Anexo I-C;Padrão;Receitas Brutas Realizadas;ReceitasExcetoIntraOrcamentarias;RECEITAS (EXCETO INTRA-ORÇAMENTÁRIAS) (I);41213208,37;2177
2024;Prefeitura Municipal de Marema - SC;4210555;SC;DCA-Anexo I-C;Padrão;Deduções - FUNDEB;ReceitasExcetoIntraOrcamentarias;RECEITAS (EXCETO INTRA-ORÇAMENTÁRIAS) (I);5568191,58;2177
2024;Prefeitura Municipal de Marema - SC;4210555;SC;DCA-Anexo I-C;Padrão;Outras Deduções da Receita;ReceitasExcetoIntraOrcamentarias;RECEITAS (EXCETO INTRA-ORÇAMENTÁRIAS) (I);107,90;2177
2024;Prefeitura Municipal de Marema - SC;4210555;SC;DCA-Anexo I-C;Padrão;Receitas Brutas Realizadas;RO1.0.0.0.00.0.0;1.0.0.0.00.0.0 - Receitas Correntes;37195416,01;2177
2024;Prefeitura Municipal de Marema - SC;4210555;SC;DCA-Anexo I-C;Padrão;Deduções - FUNDEB;RO1.0.0.0.00.0.0;1.0.0.0.00.0.0 - Receitas Correntes;5568191,58;2177
2024;Prefeitura Municipal de Marema - SC;4210555;SC;DCA-Anexo I-C;Padrão;Outras Deduções da Receita;RO1.0.0.0.00.0.0;1.0.0.0.00.0.0 - Receitas Correntes;107,90;2177
2024;Prefeitura Municipal de Marema - SC;4210555;SC;DCA-Anexo I-C;Padrão;Receitas Brutas Realizadas;RO1.1.0.0.00.0.0;1.1.0.0.00.0.0 - Impostos, Taxas e Contribuições de Melhoria;1540883,97;2177
2024;Prefeitura Municipal de Marema - SC;4210555;SC;DCA-Anexo I-C;Padrão;Outras Deduções da Receita;RO1.1.0.0.00.0.0;1.1.0.0.00.0.0 - Impostos, Taxas e Contribuições de Melhoria;57,84;2177
2024;Prefeitura Municipal de Marema - SC;4210555;SC;DCA-Anexo I-C;Padrão;Receitas Brutas Realizadas;RO1.1.1.0.00.0.0;1.1.1.0.00.0.0 - Impostos;1494519,43;2177
2024;Prefeitura Municipal de Marema - SC;4210555;SC;DCA-Anexo I-C;Padrão;Outras Deduções da Receita;RO1.1.1.0.00.0.0;1.1.1.0.00.0.0 - Impostos;56,67;2177
2024;Prefeitura Municipal de Marema - SC;4210555;SC;DCA-Anexo I-C;Padrão;Receitas Brutas Realizadas;RO1.1.1.2.00.0.0;1.1.1.2.00.0.0 - Impostos sobre o Patrimônio;282357,43;2177
2024;Prefeitura Municipal de Marema - SC;4210555;SC;DCA-Anexo I-C;Padrão;Outras Deduções da Receita;RO1.1.1.2.00.0.0;1.1.1.2.00.0.0 - Impostos sobre o Patrimônio;36,23;2177
2024;Prefeitura Municipal de Marema - SC;4210555;SC;DCA-Anexo I-C;Padrão;Receitas Brutas Realizadas;RO1.1.1.2.50.0.0;1.1.1.2.50.0.0 - Imposto sobre a Propriedade Predial e Territorial Urbana;227029,94;2177
2024;Prefeitura Municipal de Marema - SC;4210555;SC;DCA-Anexo I-C;Padrão;Outras Deduções da Receita;RO1.1.1.2.50.0.0;1.1.1.2.50.0.0 - Imposto sobre a Propriedade Predial e Territorial Urbana;36,23;2177
2024;Prefeitura Municipal de Marema - SC;4210555;SC;DCA-Anexo I-C;Padrão;Receitas Brutas Realizadas;RO1.1.1.2.53.0.0;"1.1.1.2.53.0.0 - Impostos sobre Transmissão ""Inter Vivos"" de Bens Imóveis e de Direitos Reais sobre Imóveis";55327,49;2177
2024;Prefeitura Municipal de Marema - SC;4210555;SC;DCA-Anexo I-C;Padrão;Receitas Brutas Realizadas;RO1.1.1.3.00.0.0;1.1.1.3.00.0.0 - Impostos sobre a Renda e Proventos de Qualquer Natureza;858851,95;2177
2024;Prefeitura Municipal de Marema - SC;4210555;SC;DCA-Anexo I-C;Padrão;Receitas Brutas Realizadas;RO1.1.1.3.03.0.0;1.1.1.3.03.0.0 - Imposto sobre a Renda - Retido na Fonte;858851,95;2177
2024;Prefeitura Municipal de Marema - SC;4210555;SC;DCA-Anexo I-C;Padrão;Receitas Brutas Realizadas;RO1.1.1.3.03.1.0;1.1.1.3.03.1.0 - Imposto sobre a Renda - Retido na Fonte - Trabalho;645483,93;2177
2024;Prefeitura Municipal de Marema - SC;4210555;SC;DCA-Anexo I-C;Padrão;Receitas Brutas Realizadas;RO1.1.1.3.03.4.0;1.1.1.3.03.4.0 - Imposto sobre a Renda - Retido na Fonte - Outros Rendimentos;213368,02;2177
2024;Prefeitura Municipal de Marema - SC;4210555;SC;DCA-Anexo I-C;Padrão;Receitas Brutas Realizadas;RO1.1.1.4.00.0.0;1.1.1.4.00.0.0 - Impostos sobre a Produção e Circulação de Mercadorias e Serviços;353310,05;2177
2024;Prefeitura Municipal de Marema - SC;4210555;SC;DCA-Anexo I-C;Padrão;Outras Deduções da Receita;RO1.1.1.4.00.0.0;1.1.1.4.00.0.0 - Impostos sobre a Produção e Circulação de Mercadorias e Serviços;20,44;2177
2024;Prefeitura Municipal de Marema - SC;4210555;SC;DCA-Anexo I-C;Padrão;Receitas Brutas Realizadas;RO1.1.1.4.51.0.0;1.1.1.4.51.0.0 - Impostos sobre Serviços;353310,05;2177
2024;Prefeitura Municipal de Marema - SC;4210555;SC;DCA-Anexo I-C;Padrão;Outras Deduções da Receita;RO1.1.1.4.51.0.0;1.1.1.4.51.0.0 - Impostos sobre Serviços;20,44;2177
2024;Prefeitura Municipal de Marema - SC;4210555;SC;DCA-Anexo I-C;Padrão;Receitas Brutas Realizadas;RO1.1.1.4.51.1.0;1.1.1.4.51.1.0 - Imposto sobre Serviços de Qualquer Natureza - ISSQN;353310,05;2177
2024;Prefeitura Municipal de Marema - SC;4210555;SC;DCA-Anexo I-C;Padrão;Outras Deduções da Receita;RO1.1.1.4.51.1.0;1.1.1.4.51.1.0 - Imposto sobre Serviços de Qualquer Natureza - ISSQN;20,44;2177
2024;Prefeitura Municipal de Marema - SC;4210555;SC;DCA-Anexo I-C;Padrão;Receitas Brutas Realizadas;RO1.1.2.0.00.0.0;1.1.2.0.00.0.0 - Taxas;46364,54;2177
2024;Prefeitura Municipal de Marema - SC;4210555;SC;DCA-Anexo I-C;Padrão;Outras Deduções da Receita;RO1.1.2.0.00.0.0;1.1.2.0.00.0.0 - Taxas;1,17;2177
2024;Prefeitura Municipal de Marema - SC;4210555;SC;DCA-Anexo I-C;Padrão;Receitas Brutas Realizadas;RO1.1.2.1.00.0.0;1.1.2.1.00.0.0 - Taxas pelo Exercício do Poder de Polícia;40012,71;2177
2024;Prefeitura Municipal de Marema - SC;4210555;SC;DCA-Anexo I-C;Padrão;Receitas Brutas Realizadas;RO1.1.2.1.01.0.0;1.1.2.1.01.0.0 - Taxas de Inspeção, Controle e Fiscalização;39908,02;2177
2024;Prefeitura Municipal de Marema - SC;4210555;SC;DCA-Anexo I-C;Padrão;Receitas Brutas Realizadas;RO1.1.2.1.50.0.0;1.1.2.1.50.0.0 - Taxa de Fiscalização de Vigilância Sanitária;104,69;2177
2024;Prefeitura Municipal de Marema - SC;4210555;SC;DCA-Anexo I-C;Padrão;Receitas Brutas Realizadas;RO1.1.2.2.00.0.0;1.1.2.2.00.0.0 - Taxas pela Prestação de Serviços;6351,83;2177
2024;Prefeitura Municipal de Marema - SC;4210555;SC;DCA-Anexo I-C;Padrão;Outras Deduções da Receita;RO1.1.2.2.00.0.0;1.1.2.2.00.0.0 - Taxas pela Prestação de Serviços;1,17;2177
2024;Prefeitura Municipal de Marema - SC;4210555;SC;DCA-Anexo I-C;Padrão;Receitas Brutas Realizadas;RO1.1.2.2.01.0.0;1.1.2.2.01.0.0 - Taxas pela Prestação de Serviços em Geral;6351,83;2177
2024;Prefeitura Municipal de Marema - SC;4210555;SC;DCA-Anexo I-C;Padrão;Outras Deduções da Receita;RO1.1.2.2.01.0.0;1.1.2.2.01.0.0 - Taxas pela Prestação de Serviços em Geral;1,17;2177
2024;Prefeitura Municipal de Marema - SC;4210555;SC;DCA-Anexo I-C;Padrão;Receitas Brutas Realizadas;RO1.2.0.0.00.0.0;1.2.0.0.00.0.0 - Contribuições;53450,46;2177
2024;Prefeitura Municipal de Marema - SC;4210555;SC;DCA-Anexo I-C;Padrão;Receitas Brutas Realizadas;RO1.2.4.0.00.0.0;1.2.4.0.00.0.0 - Contribuição para o Custeio do Serviço de Iluminação Pública;53450,46;2177
2024;Prefeitura Municipal de Marema - SC;4210555;SC;DCA-Anexo I-C;Padrão;Receitas Brutas Realizadas;RO1.3.0.0.00.0.0;1.3.0.0.00.0.0 - Receita Patrimonial;514064,87;2177
2024;Prefeitura Municipal de Marema - SC;4210555;SC;DCA-Anexo I-C;Padrão;Receitas Brutas Realizadas;RO1.3.2.0.00.0.0;1.3.2.0.00.0.0 - Valores Mobiliários;514064,87;2177
2024;Prefeitura Municipal de Marema - SC;4210555;SC;DCA-Anexo I-C;Padrão;Receitas Brutas Realizadas;RO1.3.2.1.00.0.0;1.3.2.1.00.0.0 - Juros e Correções Monetárias;514064,87;2177
2024;Prefeitura Municipal de Marema - SC;4210555;SC;DCA-Anexo I-C;Padrão;Receitas Brutas Realizadas;RO1.3.2.1.01.0.0;1.3.2.1.01.0.0 - Remuneração de Depósitos Bancários;514064,87;2177
2024;Prefeitura Municipal de Marema - SC;4210555;SC;DCA-Anexo I-C;Padrão;Receitas Brutas Realizadas;RO1.4.0.0.00.0.0;1.4.0.0.00.0.0 - Receita Agropecuária;990,04;2177
2024;Prefeitura Municipal de Marema - SC;4210555;SC;DCA-Anexo I-C;Padrão;Receitas Brutas Realizadas;RO1.6.0.0.00.0.0;1.6.0.0.00.0.0 - Receita de Serviços;485249,68;2177
2024;Prefeitura Municipal de Marema - SC;4210555;SC;DCA-Anexo I-C;Padrão;Outras Deduções da Receita;RO1.6.0.0.00.0.0;1.6.0.0.00.0.0 - Receita de Serviços;50,06;2177
2024;Prefeitura Municipal de Marema - SC;4210555;SC;DCA-Anexo I-C;Padrão;Receitas Brutas Realizadas;RO1.6.1.0.00.0.0;1.6.1.0.00.0.0 - Serviços Administrativos e Comerciais Gerais;485249,68;2177
2024;Prefeitura Municipal de Marema - SC;4210555;SC;DCA-Anexo I-C;Padrão;Outras Deduções da Receita;RO1.6.1.0.00.0.0;1.6.1.0.00.0.0 - Serviços Administrativos e Comerciais Gerais;50,06;2177
2024;Prefeitura Municipal de Marema - SC;4210555;SC;DCA-Anexo I-C;Padrão;Receitas Brutas Realizadas;RO1.6.1.1.00.0.0;1.6.1.1.00.0.0 - Serviços Administrativos e Comerciais Gerais;485249,68;2177
2024;Prefeitura Municipal de Marema - SC;4210555;SC;DCA-Anexo I-C;Padrão;Outras Deduções da Receita;RO1.6.1.1.00.0.0;1.6.1.1.00.0.0 - Serviços Administrativos e Comerciais Gerais;50,06;2177
2024;Prefeitura Municipal de Marema - SC;4210555;SC;DCA-Anexo I-C;Padrão;Receitas Brutas Realizadas;RO1.6.1.1.01.0.0;1.6.1.1.01.0.0 - Serviços Administrativos e Comerciais Gerais Prestados por Entidades e Órgãos Públicos em Geral;485249,68;2177
2024;Prefeitura Municipal de Marema - SC;4210555;SC;DCA-Anexo I-C;Padrão;Outras Deduções da Receita;RO1.6.1.1.01.0.0;1.6.1.1.01.0.0 - Serviços Administrativos e Comerciais Gerais Prestados por Entidades e Órgãos Públicos em Geral;50,06;2177
2024;Prefeitura Municipal de Marema - SC;4210555;SC;DCA-Anexo I-C;Padrão;Receitas Brutas Realizadas;RO1.7.0.0.00.0.0;1.7.0.0.00.0.0 - Transferências Correntes;34430299,97;2177
2024;Prefeitura Municipal de Marema - SC;4210555;SC;DCA-Anexo I-C;Padrão;Deduções - FUNDEB;RO1.7.0.0.00.0.0;1.7.0.0.00.0.0 - Transferências Correntes;5568191,58;2177
2024;Prefeitura Municipal de Marema - SC;4210555;SC;DCA-Anexo I-C;Padrão;Receitas Brutas Realizadas;RO1.7.1.0.00.0.0;1.7.1.0.00.0.0 - Transferências da União e de suas Entidades;17441608,50;2177
2024;Prefeitura Municipal de Marema - SC;4210555;SC;DCA-Anexo I-C;Padrão;Deduções - FUNDEB;RO1.7.1.0.00.0.0;1.7.1.0.00.0.0 - Transferências da União e de suas Entidades;2752520,99;2177
2024;Prefeitura Municipal de Marema - SC;4210555;SC;DCA-Anexo I-C;Padrão;Receitas Brutas Realizadas;RO1.7.1.1.00.0.0;1.7.1.1.00.0.0 - Transferências Decorrentes de Participação na Receita da União;15182777,87;2177
2024;Prefeitura Municipal de Marema - SC;4210555;SC;DCA-Anexo I-C;Padrão;Deduções - FUNDEB;RO1.7.1.1.00.0.0;1.7.1.1.00.0.0 - Transferências Decorrentes de Participação na Receita da União;2752520,99;2177
2024;Prefeitura Municipal de Marema - SC;4210555;SC;DCA-Anexo I-C;Padrão;Receitas Brutas Realizadas;RO1.7.1.1.51.0.0;1.7.1.1.51.0.0 -Cota-Parte do Fundo de Participação dos Municípios - FPM;15176811,78;2177
2024;Prefeitura Municipal de Marema - SC;4210555;SC;DCA-Anexo I-C;Padrão;Deduções - FUNDEB;RO1.7.1.1.51.0.0;1.7.1.1.51.0.0 -Cota-Parte do Fundo de Participação dos Municípios - FPM;2751327,83;2177
2024;Prefeitura Municipal de Marema - SC;4210555;SC;DCA-Anexo I-C;Padrão;Receitas Brutas Realizadas;RO1.7.1.1.51.1.0;1.7.1.1.51.1.0 - Cota-Parte do Fundo de Participação dos Municípios - Cota Mensal;13756641,09;2177
2024;Prefeitura Municipal de Marema - SC;4210555;SC;DCA-Anexo I-C;Padrão;Deduções - FUNDEB;RO1.7.1.1.51.1.0;1.7.1.1.51.1.0 - Cota-Parte do Fundo de Participação dos Municípios - Cota Mensal;2751327,83;2177
2024;Prefeitura Municipal de Marema - SC;4210555;SC;DCA-Anexo I-C;Padrão;Receitas Brutas Realizadas;RO1.7.1.1.51.2.0;1.7.1.1.51.2.0 - Cota-Parte do Fundo de Participação dos Municípios - Cotas Extraordinárias;1420170,69;2177
2024;Prefeitura Municipal de Marema - SC;4210555;SC;DCA-Anexo I-C;Padrão;Receitas Brutas Realizadas;RO1.7.1.1.52.0.0;1.7.1.1.52.0.0 - Cota-Parte do Imposto Sobre a Propriedade Territorial Rural;5966,09;2177
2024;Prefeitura Municipal de Marema - SC;4210555;SC;DCA-Anexo I-C;Padrão;Deduções - FUNDEB;RO1.7.1.1.52.0.0;1.7.1.1.52.0.0 - Cota-Parte do Imposto Sobre a Propriedade Territorial Rural;1193,16;2177
2024;Prefeitura Municipal de Marema - SC;4210555;SC;DCA-Anexo I-C;Padrão;Receitas Brutas Realizadas;RO1.7.1.2.00.0.0;1.7.1.2.00.0.0 -Transferências das Compensações Financeiras pela Exploração de Recursos Naturais;273555,00;2177
2024;Prefeitura Municipal de Marema - SC;4210555;SC;DCA-Anexo I-C;Padrão;Receitas Brutas Realizadas;RO1.7.1.2.51.0.0;1.7.1.2.51.0.0 -Cota-parte da Compensação Financeira pela Exploração de Recursos Minerais - CFEM;1,44;2177
2024;Prefeitura Municipal de Marema - SC;4210555;SC;DCA-Anexo I-C;Padrão;Receitas Brutas Realizadas;RO1.7.1.2.52.0.0;1.7.1.2.52.0.0 - Cota-parte da Compensação Financeira pela Produção de Petróleo;273553,56;2177
2024;Prefeitura Municipal de Marema - SC;4210555;SC;DCA-Anexo I-C;Padrão;Receitas Brutas Realizadas;RO1.7.1.2.52.4.0;1.7.1.2.52.4.0 - Cota-Parte do Fundo Especial do Petróleo ¿ FEP;273553,56;2177
2024;Prefeitura Municipal de Marema - SC;4210555;SC;DCA-Anexo I-C;Padrão;Receitas Brutas Realizadas;RO1.7.1.3.00.0.0;1.7.1.3.00.0.0 -Transferências de Recursos do Sistema Único de Saúde ¿ SUS ;1018926,03;2177
2024;Prefeitura Municipal de Marema - SC;4210555;SC;DCA-Anexo I-C;Padrão;Receitas Brutas Realizadas;RO1.7.1.3.50.0.0;1.7.1.3.50.0.0 - Transferências de Recursos do Sistema Único de Saúde ¿ SUS ¿ Repasses Fundo a Fundo - Bloco de Manutenção das Ações e Serviços Públicos de Saúde;1018926,03;2177
2024;Prefeitura Municipal de Marema - SC;4210555;SC;DCA-Anexo I-C;Padrão;Receitas Brutas Realizadas;RO1.7.1.3.50.1.0;1.7.1.3.50.1.0 - Transferências de Recursos do Bloco de Manutenção das Ações e Serviços Públicos de Saúde ¿ Atenção Primária;926892,50;2177
2024;Prefeitura Municipal de Marema - SC;4210555;SC;DCA-Anexo I-C;Padrão;Receitas Brutas Realizadas;RO1.7.1.3.50.2.0;1.7.1.3.50.2.0 - Transferências de Recursos do Bloco de Manutenção das Ações e Serviços Públicos de Saúde ¿ Atenção Especializada;37948,53;2177
2024;Prefeitura Municipal de Marema - SC;4210555;SC;DCA-Anexo I-C;Padrão;Receitas Brutas Realizadas;RO1.7.1.3.50.3.0;1.7.1.3.50.3.0 - Transferências de Recursos do Bloco de Manutenção das Ações e Serviços Públicos de Saúde ¿ Vigilância em Saúde;34956,80;2177
2024;Prefeitura Municipal de Marema - SC;4210555;SC;DCA-Anexo I-C;Padrão;Receitas Brutas Realizadas;RO1.7.1.3.50.4.0;1.7.1.3.50.4.0 -Transferências de Recursos do Bloco de Manutenção das Ações e Serviços Públicos de Saúde ¿ Assistência Farmacêutica;19128,20;2177
2024;Prefeitura Municipal de Marema - SC;4210555;SC;DCA-Anexo I-C;Padrão;Receitas Brutas Realizadas;RO1.7.1.4.00.0.0;1.7.1.4.00.0.0 -Transferências de Recursos do Fundo Nacional do Desenvolvimento da Educação ¿ FNDE¿ ;297619,03;2177
2024;Prefeitura Municipal de Marema - SC;4210555;SC;DCA-Anexo I-C;Padrão;Receitas Brutas Realizadas;RO1.7.1.4.50.0.0;1.7.1.4.50.0.0 - Transferências do Salário-Educação;119114,63;2177
2024;Prefeitura Municipal de Marema - SC;4210555;SC;DCA-Anexo I-C;Padrão;Receitas Brutas Realizadas;RO1.7.1.4.52.0.0;1.7.1.4.52.0.0 - Transferências referentes ao Programa Nacional de Alimentação Escolar ¿ PNAE;33084,00;2177
2024;Prefeitura Municipal de Marema - SC;4210555;SC;DCA-Anexo I-C;Padrão;Receitas Brutas Realizadas;RO1.7.1.4.53.0.0;1.7.1.4.53.0.0 - Transferências referentes ao Programa Nacional de Apoio ao Transporte do Escolar ¿ PNATE;37338,20;2177
2024;Prefeitura Municipal de Marema - SC;4210555;SC;DCA-Anexo I-C;Padrão;Receitas Brutas Realizadas;RO1.7.1.4.99.0.0;1.7.1.4.99.0.0 - Outras Transferências Diretas do Fundo Nacional do Desenvolvimento da Educação - FNDE;108082,20;2177
2024;Prefeitura Municipal de Marema - SC;4210555;SC;DCA-Anexo I-C;Padrão;Receitas Brutas Realizadas;RO1.7.1.6.00.0.0;1.7.1.6.00.0.0 - Transferências de Recursos do Fundo Nacional de Assistência Social ¿ FNAS;87788,03;2177
2024;Prefeitura Municipal de Marema - SC;4210555;SC;DCA-Anexo I-C;Padrão;Receitas Brutas Realizadas;RO1.7.1.9.00.0.0;1.7.1.9.00.0.0 - Outras Transferências de Recursos da União e de suas Entidades;580942,54;2177
2024;Prefeitura Municipal de Marema - SC;4210555;SC;DCA-Anexo I-C;Padrão;Receitas Brutas Realizadas;RO1.7.1.9.58.0.0;1.7.1.9.58.0.0 - Transferência Obrigatória Decorrente da Lei Complementar nº 176/2020;27015,72;2177
2024;Prefeitura Municipal de Marema - SC;4210555;SC;DCA-Anexo I-C;Padrão;Receitas Brutas Realizadas;RO1.7.1.9.60.0.0;1.7.1.9.60.0.0 - Transferências da Política Nacional Aldir Blanc de Fomento à Cultura - Lei nº 14.399/2022;33926,82;2177
2024;Prefeitura Municipal de Marema - SC;4210555;SC;DCA-Anexo I-C;Padrão;Receitas Brutas Realizadas;RO1.7.1.9.99.0.0;1.7.1.9.99.0.0 - Outras Transferências de Recursos da União e de suas Entidades;520000,00;2177
2024;Prefeitura Municipal de Marema - SC;4210555;SC;DCA-Anexo I-C;Padrão;Receitas Brutas Realizadas;RO1.7.2.0.00.0.0;1.7.2.0.00.0.0 - Transferências dos Estados e do Distrito Federal e de suas Entidades;15187147,93;2177
2024;Prefeitura Municipal de Marema - SC;4210555;SC;DCA-Anexo I-C;Padrão;Deduções - FUNDEB;RO1.7.2.0.00.0.0;1.7.2.0.00.0.0 - Transferências dos Estados e do Distrito Federal e de suas Entidades;2815670,59;2177
2024;Prefeitura Municipal de Marema - SC;4210555;SC;DCA-Anexo I-C;Padrão;Receitas Brutas Realizadas;RO1.7.2.1.00.0.0;1.7.2.1.00.0.0 - Participação na Receita dos Estados e Distrito Federal;14087480,80;2177
2024;Prefeitura Municipal de Marema - SC;4210555;SC;DCA-Anexo I-C;Padrão;Deduções - FUNDEB;RO1.7.2.1.00.0.0;1.7.2.1.00.0.0 - Participação na Receita dos Estados e Distrito Federal;2815670,59;2177
2024;Prefeitura Municipal de Marema - SC;4210555;SC;DCA-Anexo I-C;Padrão;Receitas Brutas Realizadas;RO1.7.2.1.50.0.0;1.7.2.1.50.0.0 - Cota-Parte do ICMS;13451612,46;2177
2024;Prefeitura Municipal de Marema - SC;4210555;SC;DCA-Anexo I-C;Padrão;Deduções - FUNDEB;RO1.7.2.1.50.0.0;1.7.2.1.50.0.0 - Cota-Parte do ICMS;2690321,26;2177
2024;Prefeitura Municipal de Marema - SC;4210555;SC;DCA-Anexo I-C;Padrão;Receitas Brutas Realizadas;RO1.7.2.1.51.0.0;1.7.2.1.51.0.0 - Cota-Parte do IPVA;467465,23;2177
2024;Prefeitura Municipal de Marema - SC;4210555;SC;DCA-Anexo I-C;Padrão;Deduções - FUNDEB;RO1.7.2.1.51.0.0;1.7.2.1.51.0.0 - Cota-Parte do IPVA;93492,18;2177
2024;Prefeitura Municipal de Marema - SC;4210555;SC;DCA-Anexo I-C;Padrão;Receitas Brutas Realizadas;RO1.7.2.1.52.0.0;1.7.2.1.52.0.0 - Cota-Parte do IPI - Municípios;159286,71;2177
2024;Prefeitura Municipal de Marema - SC;4210555;SC;DCA-Anexo I-C;Padrão;Deduções - FUNDEB;RO1.7.2.1.52.0.0;1.7.2.1.52.0.0 - Cota-Parte do IPI - Municípios;31857,15;2177
2024;Prefeitura Municipal de Marema - SC;4210555;SC;DCA-Anexo I-C;Padrão;Receitas Brutas Realizadas;RO1.7.2.1.53.0.0;1.7.2.1.53.0.0 - Cota-Parte da Contribuição de Intervenção no Domínio Econômico;9116,40;2177
2024;Prefeitura Municipal de Marema - SC;4210555;SC;DCA-Anexo I-C;Padrão;Receitas Brutas Realizadas;RO1.7.2.3.00.0.0;1.7.2.3.00.0.0 - Transferências de Recursos do Sistema Único de Saúde ¿ SUS;107539,15;2177
2024;Prefeitura Municipal de Marema - SC;4210555;SC;DCA-Anexo I-C;Padrão;Receitas Brutas Realizadas;RO1.7.2.4.00.0.0;1.7.2.4.00.0.0 - Transferências de Convênios dos Estados e DF e de Suas Entidades;581005,91;2177
2024;Prefeitura Municipal de Marema - SC;4210555;SC;DCA-Anexo I-C;Padrão;Receitas Brutas Realizadas;RO1.7.2.4.51.0.0;1.7.2.4.51.0.0 -Transferências de Convênios dos Estados Destinadas a Programas de Educação;81005,91;2177
2024;Prefeitura Municipal de Marema - SC;4210555;SC;DCA-Anexo I-C;Padrão;Receitas Brutas Realizadas;RO1.7.2.4.99.0.0;1.7.2.4.99.0.0 - Outras Transferências de Convênios dos Estados e DF e de Suas Entidades;500000,00;2177
2024;Prefeitura Municipal de Marema - SC;4210555;SC;DCA-Anexo I-C;Padrão;Receitas Brutas Realizadas;RO1.7.2.9.00.0.0;1.7.2.9.00.0.0 - Outras Transferências dos Estados e Distrito Federal;411122,07;2177
2024;Prefeitura Municipal de Marema - SC;4210555;SC;DCA-Anexo I-C;Padrão;Receitas Brutas Realizadas;RO1.7.2.9.51.0.0;1.7.2.9.51.0.0 - Transferências de Estados destinadas à Assistência Social;61122,07;2177
2024;Prefeitura Municipal de Marema - SC;4210555;SC;DCA-Anexo I-C;Padrão;Receitas Brutas Realizadas;RO1.7.2.9.99.0.0;1.7.2.9.99.0.0 - Outras Transferências dos Estados e DF;350000,00;2177
2024;Prefeitura Municipal de Marema - SC;4210555;SC;DCA-Anexo I-C;Padrão;Receitas Brutas Realizadas;RO1.7.5.0.00.0.0;1.7.5.0.00.0.0 - Transferências de Outras Instituições Públicas;1801543,54;2177
2024;Prefeitura Municipal de Marema - SC;4210555;SC;DCA-Anexo I-C;Padrão;Receitas Brutas Realizadas;RO1.7.5.1.00.0.0;1.7.5.1.00.0.0 - Transferências de Recursos do Fundo de Manutenção e Desenvolvimento da Educação Básica e de Valorização dos Profissionais da Educação - FUNDEB;1801543,54;2177
2024;Prefeitura Municipal de Marema - SC;4210555;SC;DCA-Anexo I-C;Padrão;Receitas Brutas Realizadas;RO1.9.0.0.00.0.0;1.9.0.0.00.0.0 - Outras Receitas Correntes;170477,02;2177
2024;Prefeitura Municipal de Marema - SC;4210555;SC;DCA-Anexo I-C;Padrão;Receitas Brutas Realizadas;RO1.9.1.0.00.0.0;1.9.1.0.00.0.0 - Multas Administrativas, Contratuais e Judiciais;8037,21;2177
2024;Prefeitura Municipal de Marema - SC;4210555;SC;DCA-Anexo I-C;Padrão;Receitas Brutas Realizadas;RO1.9.1.1.00.0.0;1.9.1.1.00.0.0 - Multas Administrativas, Contratuais e Judiciais;8037,21;2177
2024;Prefeitura Municipal de Marema - SC;4210555;SC;DCA-Anexo I-C;Padrão;Receitas Brutas Realizadas;RO1.9.1.1.14.0.0;1.9.1.1.14.0.0 - Multas Previstas no Código de Trânsito Brasileiro - CTB;8037,21;2177
2024;Prefeitura Municipal de Marema - SC;4210555;SC;DCA-Anexo I-C;Padrão;Receitas Brutas Realizadas;RO1.9.2.0.00.0.0;1.9.2.0.00.0.0 - Indenizações, Restituições e Ressarcimentos;162439,81;2177
2024;Prefeitura Municipal de Marema - SC;4210555;SC;DCA-Anexo I-C;Padrão;Receitas Brutas Realizadas;RO1.9.2.2.00.0.0;1.9.2.2.00.0.0 - Restituições;162439,81;2177
2024;Prefeitura Municipal de Marema - SC;4210555;SC;DCA-Anexo I-C;Padrão;Receitas Brutas Realizadas;RO1.9.2.2.99.0.0;1.9.2.2.99.0.0 - Outras Restituições;162439,81;2177
2024;Prefeitura Municipal de Marema - SC;4210555;SC;DCA-Anexo I-C;Padrão;Receitas Brutas Realizadas;RO2.0.0.0.00.0.0;2.0.0.0.00.0.0 - Receitas de Capital;4017792,36;2177
2024;Prefeitura Municipal de Marema - SC;4210555;SC;DCA-Anexo I-C;Padrão;Receitas Brutas Realizadas;RO2.1.0.0.00.0.0;2.1.0.0.00.0.0 - Operações de Crédito;95450,43;2177
2024;Prefeitura Municipal de Marema - SC;4210555;SC;DCA-Anexo I-C;Padrão;Receitas Brutas Realizadas;RO2.1.1.0.00.0.0;2.1.1.0.00.0.0 - Operações de Crédito - Mercado Interno;95450,43;2177
2024;Prefeitura Municipal de Marema - SC;4210555;SC;DCA-Anexo I-C;Padrão;Receitas Brutas Realizadas;RO2.1.1.2.00.0.0;2.1.1.2.00.0.0 - Operações de Crédito Contratuais - Mercado Interno;95450,43;2177
2024;Prefeitura Municipal de Marema - SC;4210555;SC;DCA-Anexo I-C;Padrão;Receitas Brutas Realizadas;RO2.1.1.2.01.0.0;2.1.1.2.01.0.0 - Operações de Crédito Contratuais - Mercado Interno;95450,43;2177
2024;Prefeitura Municipal de Marema - SC;4210555;SC;DCA-Anexo I-C;Padrão;Receitas Brutas Realizadas;RO2.2.0.0.00.0.0;2.2.0.0.00.0.0 - Alienação de Bens;273200,00;2177
2024;Prefeitura Municipal de Marema - SC;4210555;SC;DCA-Anexo I-C;Padrão;Receitas Brutas Realizadas;RO2.2.1.0.00.0.0;2.2.1.0.00.0.0 - Alienação de Bens Móveis;273200,00;2177
2024;Prefeitura Municipal de Marema - SC;4210555;SC;DCA-Anexo I-C;Padrão;Receitas Brutas Realizadas;RO2.2.1.3.00.0.0;2.2.1.3.00.0.0 - Alienação de Bens Móveis e Semoventes;273200,00;2177
2024;Prefeitura Municipal de Marema - SC;4210555;SC;DCA-Anexo I-C;Padrão;Receitas Brutas Realizadas;RO2.4.0.0.00.0.0;2.4.0.0.00.0.0 - Transferências de Capital;3649141,93;2177
2024;Prefeitura Municipal de Marema - SC;4210555;SC;DCA-Anexo I-C;Padrão;Receitas Brutas Realizadas;RO2.4.1.0.00.0.0;2.4.1.0.00.0.0 - Transferências da União e de suas Entidades;499994,00;2177
2024;Prefeitura Municipal de Marema - SC;4210555;SC;DCA-Anexo I-C;Padrão;Receitas Brutas Realizadas;RO2.4.1.4.00.0.0;2.4.1.4.00.0.0 - Transferências de Convênios da União e de suas Entidades ;199994,00;2177
2024;Prefeitura Municipal de Marema - SC;4210555;SC;DCA-Anexo I-C;Padrão;Receitas Brutas Realizadas;RO2.4.1.4.50.0.0;2.4.1.4.50.0.0 - Transferências de Convênios da União para o Sistema Único de Saúde ¿ SUS;199994,00;2177
2024;Prefeitura Municipal de Marema - SC;4210555;SC;DCA-Anexo I-C;Padrão;Receitas Brutas Realizadas;RO2.4.1.9.00.0.0;2.4.1.9.00.0.0 - Outras Transferências de Recursos da União e de suas Entidades;300000,00;2177
2024;Prefeitura Municipal de Marema - SC;4210555;SC;DCA-Anexo I-C;Padrão;Receitas Brutas Realizadas;RO2.4.1.9.99.0.0;2.4.1.9.99.0.0 - Outras Transferências De Recursos da União e de suas Entidades;300000,00;2177
2024;Prefeitura Municipal de Marema - SC;4210555;SC;DCA-Anexo I-C;Padrão;Receitas Brutas Realizadas;RO2.4.2.0.00.0.0;2.4.2.0.00.0.0 - Transferências dos Estados e do Distrito Federal e de suas Entidades;3149147,93;2177
2024;Prefeitura Municipal de Marema - SC;4210555;SC;DCA-Anexo I-C;Padrão;Receitas Brutas Realizadas;RO2.4.2.2.00.0.0;2.4.2.2.00.0.0 - Transferências de Convênios dos Estados e DF e de Suas Entidades ;2499147,93;2177
2024;Prefeitura Municipal de Marema - SC;4210555;SC;DCA-Anexo I-C;Padrão;Receitas Brutas Realizadas;RO2.4.2.2.50.0.0;2.4.2.2.50.0.0 - Transferências de Convênios dos Estados para o Sistema Único de Saúde ¿ SUS;100000,00;2177
2024;Prefeitura Municipal de Marema - SC;4210555;SC;DCA-Anexo I-C;Padrão;Receitas Brutas Realizadas;RO2.4.2.2.54.0.0;2.4.2.2.54.0.0 - Transferências de Convênios dos Estados destinadas a Programas de Infraestrutura em Transporte;2399147,93;2177
2024;Prefeitura Municipal de Marema - SC;4210555;SC;DCA-Anexo I-C;Padrão;Receitas Brutas Realizadas;RO2.4.2.9.00.0.0;2.4.2.9.00.0.0 - Outras Transferências de Recursos dos Estados;650000,00;2177
2024;Prefeitura Municipal de Marema - SC;4210555;SC;DCA-Anexo I-C;Padrão;Receitas Brutas Realizadas;RO2.4.2.9.99.0.0;2.4.2.9.99.0.0 - Outras Transferências de Recursos dos Estados;650000,00;2177
2024;Prefeitura Municipal de Marema - SC;4210555;SC;DCA-Anexo I-C;Padrão;Receitas Brutas Realizadas;TotalReceitas;TOTAL DAS RECEITAS (III) = (I + II);41213208,37;2177
2024;Prefeitura Municipal de Marema - SC;4210555;SC;DCA-Anexo I-C;Padrão;Deduções - FUNDEB;TotalReceitas;TOTAL DAS RECEITAS (III) = (I + II);5568191,58;2177
2024;Prefeitura Municipal de Marema - SC;4210555;SC;DCA-Anexo I-C;Padrão;Outras Deduções da Receita;TotalReceitas;TOTAL DAS RECEITAS (III) = (I + II);107,90;2177
