exercicio;instituicao;cod_ibge;uf;anexo;rotulo;coluna;cod_conta;conta;valor;populacao
2014;Prefeitura Municipal de Jenipapo dos Vieiras - MA;2105476;MA;DCA-Anexo I-C;NA;Receitas Brutas Realizadas;TotalReceitas;Total Receitas;31111263,24;16015
2014;Prefeitura Municipal de Jenipapo dos Vieiras - MA;2105476;MA;DCA-Anexo I-C;NA;Deduções - FUNDEB;TotalReceitas;Total Receitas;2175193,70;16015
2014;Prefeitura Municipal de Jenipapo dos Vieiras - MA;2105476;MA;DCA-Anexo I-C;NA;Receitas Brutas Realizadas;RO1.0.0.0.00.00.00;1.0.0.0.00.00.00 - Receitas Correntes;28773189,24;16015
2014;Prefeitura Municipal de Jenipapo dos Vieiras - MA;2105476;MA;DCA-Anexo I-C;NA;Deduções - FUNDEB;RO1.0.0.0.00.00.00;1.0.0.0.00.00.00 - Receitas Correntes;2175193,70;16015
2014;Prefeitura Municipal de Jenipapo dos Vieiras - MA;2105476;MA;DCA-Anexo I-C;NA;Receitas Brutas Realizadas;RO1.1.0.0.00.00.00;1.1.0.0.00.00.00 - Receita Tributária;304790,20;16015
2014;Prefeitura Municipal de Jenipapo dos Vieiras - MA;2105476;MA;DCA-Anexo I-C;NA;Receitas Brutas Realizadas;RO1.1.1.0.00.00.00;1.1.1.0.00.00.00 - Impostos;304360,20;16015
2014;Prefeitura Municipal de Jenipapo dos Vieiras - MA;2105476;MA;DCA-Anexo I-C;NA;Receitas Brutas Realizadas;RO1.1.1.2.00.00.00;1.1.1.2.00.00.00 - Impostos sobre o Patrimônio e a Renda;141613,22;16015
2014;Prefeitura Municipal de Jenipapo dos Vieiras - MA;2105476;MA;DCA-Anexo I-C;NA;Receitas Brutas Realizadas;RO1.1.1.2.02.00.00;1.1.1.2.02.00.00 - Imposto sobre a Propriedade Predial e Territorial Urbana ¿ IPTU;2516,76;16015
2014;Prefeitura Municipal de Jenipapo dos Vieiras - MA;2105476;MA;DCA-Anexo I-C;NA;Receitas Brutas Realizadas;RO1.1.1.2.04.00.00;1.1.1.2.04.00.00 - Imposto sobre a Renda e Proventos de Qualquer Natureza ¿ IR;130402,76;16015
2014;Prefeitura Municipal de Jenipapo dos Vieiras - MA;2105476;MA;DCA-Anexo I-C;NA;Receitas Brutas Realizadas;RO1.1.1.2.04.31.00;1.1.1.2.04.31.00 - Retido nas Fontes - Trabalho;130402,76;16015
2014;Prefeitura Municipal de Jenipapo dos Vieiras - MA;2105476;MA;DCA-Anexo I-C;NA;Receitas Brutas Realizadas;RO1.1.1.2.08.00.00;"1.1.1.2.08.00.00 - Imposto sobre Transmissão ""Inter Vivos"" de Bens Imóveis e de Direitos Reais sobre Imóveis ¿ ITBI";8693,70;16015
2014;Prefeitura Municipal de Jenipapo dos Vieiras - MA;2105476;MA;DCA-Anexo I-C;NA;Receitas Brutas Realizadas;RO1.1.1.3.00.00.00;1.1.1.3.00.00.00 - Impostos sobre a Produção e a Circulação;162746,98;16015
2014;Prefeitura Municipal de Jenipapo dos Vieiras - MA;2105476;MA;DCA-Anexo I-C;NA;Receitas Brutas Realizadas;RO1.1.1.3.05.00.00;1.1.1.3.05.00.00 - Imposto sobre Serviços de Qualquer Natureza ¿ ISSQN;162746,98;16015
2014;Prefeitura Municipal de Jenipapo dos Vieiras - MA;2105476;MA;DCA-Anexo I-C;NA;Receitas Brutas Realizadas;RO1.1.2.0.00.00.00;1.1.2.0.00.00.00 - Taxas;430,00;16015
2014;Prefeitura Municipal de Jenipapo dos Vieiras - MA;2105476;MA;DCA-Anexo I-C;NA;Receitas Brutas Realizadas;RO1.1.2.1.00.00.00;1.1.2.1.00.00.00 - Taxas pelo Exercício do Poder de Polícia;370,00;16015
2014;Prefeitura Municipal de Jenipapo dos Vieiras - MA;2105476;MA;DCA-Anexo I-C;NA;Receitas Brutas Realizadas;RO1.1.2.2.00.00.00;1.1.2.2.00.00.00 - Taxas pela Prestação de Serviços;60,00;16015
2014;Prefeitura Municipal de Jenipapo dos Vieiras - MA;2105476;MA;DCA-Anexo I-C;NA;Receitas Brutas Realizadas;RO1.2.0.0.00.00.00;1.2.0.0.00.00.00 - Receitas de Contribuições;82358,06;16015
2014;Prefeitura Municipal de Jenipapo dos Vieiras - MA;2105476;MA;DCA-Anexo I-C;NA;Receitas Brutas Realizadas;RO1.2.3.0.00.00.00;1.2.3.0.00.00.00 - Contribuição para Custeio do Serviço de Iluminação Pública;82358,06;16015
2014;Prefeitura Municipal de Jenipapo dos Vieiras - MA;2105476;MA;DCA-Anexo I-C;NA;Receitas Brutas Realizadas;RO1.3.0.0.00.00.00;1.3.0.0.00.00.00 - Receita Patrimonial;174454,19;16015
2014;Prefeitura Municipal de Jenipapo dos Vieiras - MA;2105476;MA;DCA-Anexo I-C;NA;Receitas Brutas Realizadas;RO1.3.2.0.00.00.00;1.3.2.0.00.00.00 - Receitas de Valores Mobiliários;174454,19;16015
2014;Prefeitura Municipal de Jenipapo dos Vieiras - MA;2105476;MA;DCA-Anexo I-C;NA;Receitas Brutas Realizadas;RO1.3.2.5.00.00.00;1.3.2.5.00.00.00 - Remuneração de Depósitos Bancários;174454,19;16015
2014;Prefeitura Municipal de Jenipapo dos Vieiras - MA;2105476;MA;DCA-Anexo I-C;NA;Receitas Brutas Realizadas;RO1.7.0.0.00.00.00;1.7.0.0.00.00.00 - Transferências Correntes;28211554,90;16015
2014;Prefeitura Municipal de Jenipapo dos Vieiras - MA;2105476;MA;DCA-Anexo I-C;NA;Deduções - FUNDEB;RO1.7.0.0.00.00.00;1.7.0.0.00.00.00 - Transferências Correntes;2175193,70;16015
2014;Prefeitura Municipal de Jenipapo dos Vieiras - MA;2105476;MA;DCA-Anexo I-C;NA;Receitas Brutas Realizadas;RO1.7.2.0.00.00.00;1.7.2.0.00.00.00 - Transferências Intergovernamentais;27492917,86;16015
2014;Prefeitura Municipal de Jenipapo dos Vieiras - MA;2105476;MA;DCA-Anexo I-C;NA;Deduções - FUNDEB;RO1.7.2.0.00.00.00;1.7.2.0.00.00.00 - Transferências Intergovernamentais;2175193,70;16015
2014;Prefeitura Municipal de Jenipapo dos Vieiras - MA;2105476;MA;DCA-Anexo I-C;NA;Receitas Brutas Realizadas;RO1.7.2.1.00.00.00;1.7.2.1.00.00.00 - Transferências da União;16298014,83;16015
2014;Prefeitura Municipal de Jenipapo dos Vieiras - MA;2105476;MA;DCA-Anexo I-C;NA;Deduções - FUNDEB;RO1.7.2.1.00.00.00;1.7.2.1.00.00.00 - Transferências da União;1911599,58;16015
2014;Prefeitura Municipal de Jenipapo dos Vieiras - MA;2105476;MA;DCA-Anexo I-C;NA;Receitas Brutas Realizadas;RO1.7.2.1.01.00.00;1.7.2.1.01.00.00 - Participação na Receita da União;9971520,37;16015
2014;Prefeitura Municipal de Jenipapo dos Vieiras - MA;2105476;MA;DCA-Anexo I-C;NA;Deduções - FUNDEB;RO1.7.2.1.01.00.00;1.7.2.1.01.00.00 - Participação na Receita da União;1909641,30;16015
2014;Prefeitura Municipal de Jenipapo dos Vieiras - MA;2105476;MA;DCA-Anexo I-C;NA;Receitas Brutas Realizadas;RO1.7.2.1.01.02.00;1.7.2.1.01.02.00 - Cota-Parte do Fundo de Participação dos Municípios ¿ FPM;9966161,22;16015
2014;Prefeitura Municipal de Jenipapo dos Vieiras - MA;2105476;MA;DCA-Anexo I-C;NA;Deduções - FUNDEB;RO1.7.2.1.01.02.00;1.7.2.1.01.02.00 - Cota-Parte do Fundo de Participação dos Municípios ¿ FPM;1908569,58;16015
2014;Prefeitura Municipal de Jenipapo dos Vieiras - MA;2105476;MA;DCA-Anexo I-C;NA;Receitas Brutas Realizadas;RO1.7.2.1.01.05.00;1.7.2.1.01.05.00 - Cota-Parte do Imposto Sobre a Propriedade Territorial Rural ¿ ITR;5359,15;16015
2014;Prefeitura Municipal de Jenipapo dos Vieiras - MA;2105476;MA;DCA-Anexo I-C;NA;Deduções - FUNDEB;RO1.7.2.1.01.05.00;1.7.2.1.01.05.00 - Cota-Parte do Imposto Sobre a Propriedade Territorial Rural ¿ ITR;1071,72;16015
2014;Prefeitura Municipal de Jenipapo dos Vieiras - MA;2105476;MA;DCA-Anexo I-C;NA;Receitas Brutas Realizadas;RO1.7.2.1.22.00.00;1.7.2.1.22.00.00 - Transferências da Compensação Financeira pela Exploração de Recursos Naturais;158323,45;16015
2014;Prefeitura Municipal de Jenipapo dos Vieiras - MA;2105476;MA;DCA-Anexo I-C;NA;Receitas Brutas Realizadas;RO1.7.2.1.22.70.00;1.7.2.1.22.70.00 - Cota-Parte do Fundo Especial do Petróleo ¿ FEP;148806,26;16015
2014;Prefeitura Municipal de Jenipapo dos Vieiras - MA;2105476;MA;DCA-Anexo I-C;NA;Receitas Brutas Realizadas;RO1.7.2.1.22.90.00;1.7.2.1.22.90.00 - Outras Transferências Decorrentes de Compensação Financeira pela Exploração de Recursos Naturais;9517,19;16015
2014;Prefeitura Municipal de Jenipapo dos Vieiras - MA;2105476;MA;DCA-Anexo I-C;NA;Receitas Brutas Realizadas;RO1.7.2.1.33.00.00;1.7.2.1.33.00.00 - Transferências de Recursos do Sistema Único de Saúde - SUS - Repasses Fundo a Fundo;4409543,44;16015
2014;Prefeitura Municipal de Jenipapo dos Vieiras - MA;2105476;MA;DCA-Anexo I-C;NA;Receitas Brutas Realizadas;RO1.7.2.1.34.00.00;1.7.2.1.34.00.00 - Transferências de Recursos do Fundo Nacional de Assistência Social ¿ FNAS;328048,73;16015
2014;Prefeitura Municipal de Jenipapo dos Vieiras - MA;2105476;MA;DCA-Anexo I-C;NA;Receitas Brutas Realizadas;RO1.7.2.1.35.00.00;1.7.2.1.35.00.00 - Transferências de Recursos do Fundo Nacional do Desenvolvimento da Educação ¿ FNDE;1230368,74;16015
2014;Prefeitura Municipal de Jenipapo dos Vieiras - MA;2105476;MA;DCA-Anexo I-C;NA;Receitas Brutas Realizadas;RO1.7.2.1.36.00.00;1.7.2.1.36.00.00 - Transferências Financeiras do ICMS ¿ Desoneração ¿ L.C. Nº 87/96;9791,52;16015
2014;Prefeitura Municipal de Jenipapo dos Vieiras - MA;2105476;MA;DCA-Anexo I-C;NA;Deduções - FUNDEB;RO1.7.2.1.36.00.00;1.7.2.1.36.00.00 - Transferências Financeiras do ICMS ¿ Desoneração ¿ L.C. Nº 87/96;1958,28;16015
2014;Prefeitura Municipal de Jenipapo dos Vieiras - MA;2105476;MA;DCA-Anexo I-C;NA;Receitas Brutas Realizadas;RO1.7.2.1.99.00.00;1.7.2.1.99.00.00 - Outras Transferências da União;190418,58;16015
2014;Prefeitura Municipal de Jenipapo dos Vieiras - MA;2105476;MA;DCA-Anexo I-C;NA;Receitas Brutas Realizadas;RO1.7.2.2.00.00.00;1.7.2.2.00.00.00 - Transferências dos Estados;1411903,78;16015
2014;Prefeitura Municipal de Jenipapo dos Vieiras - MA;2105476;MA;DCA-Anexo I-C;NA;Deduções - FUNDEB;RO1.7.2.2.00.00.00;1.7.2.2.00.00.00 - Transferências dos Estados;263594,12;16015
2014;Prefeitura Municipal de Jenipapo dos Vieiras - MA;2105476;MA;DCA-Anexo I-C;NA;Receitas Brutas Realizadas;RO1.7.2.2.01.00.00;1.7.2.2.01.00.00 - Participação na Receita dos Estados;1401903,78;16015
2014;Prefeitura Municipal de Jenipapo dos Vieiras - MA;2105476;MA;DCA-Anexo I-C;NA;Deduções - FUNDEB;RO1.7.2.2.01.00.00;1.7.2.2.01.00.00 - Participação na Receita dos Estados;263594,12;16015
2014;Prefeitura Municipal de Jenipapo dos Vieiras - MA;2105476;MA;DCA-Anexo I-C;NA;Receitas Brutas Realizadas;RO1.7.2.2.01.01.00;1.7.2.2.01.01.00 - Cota-Parte do ICMS;1335955,49;16015
2014;Prefeitura Municipal de Jenipapo dos Vieiras - MA;2105476;MA;DCA-Anexo I-C;NA;Deduções - FUNDEB;RO1.7.2.2.01.01.00;1.7.2.2.01.01.00 - Cota-Parte do ICMS;263594,12;16015
2014;Prefeitura Municipal de Jenipapo dos Vieiras - MA;2105476;MA;DCA-Anexo I-C;NA;Receitas Brutas Realizadas;RO1.7.2.2.01.02.00;1.7.2.2.01.02.00 - Cota-Parte do IPVA;53277,58;16015
2014;Prefeitura Municipal de Jenipapo dos Vieiras - MA;2105476;MA;DCA-Anexo I-C;NA;Receitas Brutas Realizadas;RO1.7.2.2.01.04.00;1.7.2.2.01.04.00 - Cota-Parte do IPI sobre Exportação;10213,36;16015
2014;Prefeitura Municipal de Jenipapo dos Vieiras - MA;2105476;MA;DCA-Anexo I-C;NA;Receitas Brutas Realizadas;RO1.7.2.2.01.13.00;1.7.2.2.01.13.00 - Cota-Parte da Contribuição de Intervenção no Domínio Econômico;2457,35;16015
2014;Prefeitura Municipal de Jenipapo dos Vieiras - MA;2105476;MA;DCA-Anexo I-C;NA;Receitas Brutas Realizadas;RO1.7.2.2.99.00.00;1.7.2.2.99.00.00 - Outras Transferências dos Estados;10000,00;16015
2014;Prefeitura Municipal de Jenipapo dos Vieiras - MA;2105476;MA;DCA-Anexo I-C;NA;Receitas Brutas Realizadas;RO1.7.2.4.00.00.00;1.7.2.4.00.00.00 - Transferências Multigovernamentais;9782999,25;16015
2014;Prefeitura Municipal de Jenipapo dos Vieiras - MA;2105476;MA;DCA-Anexo I-C;NA;Receitas Brutas Realizadas;RO1.7.2.4.01.00.00;1.7.2.4.01.00.00 - Transferências de Recursos do Fundo de Manutenção e Desenvolvimento do Ensino Fundamental e de Valorização do Magistério - FUNDEB;5522082,39;16015
2014;Prefeitura Municipal de Jenipapo dos Vieiras - MA;2105476;MA;DCA-Anexo I-C;NA;Receitas Brutas Realizadas;RO1.7.2.4.02.00.00;1.7.2.4.02.00.00 - Transferências de Recursos da Complementação ao Fundo de Manutenção e Desenvolvimento do Ensino Fundamental e de Valorização do Magistério - FUNDEB;4260916,86;16015
2014;Prefeitura Municipal de Jenipapo dos Vieiras - MA;2105476;MA;DCA-Anexo I-C;NA;Receitas Brutas Realizadas;RO1.7.6.0.00.00.00;1.7.6.0.00.00.00 - Transferências de Convênios;718637,04;16015
2014;Prefeitura Municipal de Jenipapo dos Vieiras - MA;2105476;MA;DCA-Anexo I-C;NA;Receitas Brutas Realizadas;RO1.7.6.1.00.00.00;1.7.6.1.00.00.00 - Transferências de Convênios da União e de Suas Entidades;718637,04;16015
2014;Prefeitura Municipal de Jenipapo dos Vieiras - MA;2105476;MA;DCA-Anexo I-C;NA;Receitas Brutas Realizadas;RO1.7.6.1.01.00.00;1.7.6.1.01.00.00 - Transferências de Convênios da União para o Sistema Único de Saúde - SUS;616680,00;16015
2014;Prefeitura Municipal de Jenipapo dos Vieiras - MA;2105476;MA;DCA-Anexo I-C;NA;Receitas Brutas Realizadas;RO1.7.6.1.02.00.00;1.7.6.1.02.00.00 - Transferências de Convênios da União Destinadas a Programas de Educação;101957,04;16015
2014;Prefeitura Municipal de Jenipapo dos Vieiras - MA;2105476;MA;DCA-Anexo I-C;NA;Receitas Brutas Realizadas;RO1.9.0.0.00.00.00;1.9.0.0.00.00.00 - Outras Receitas Correntes;31,89;16015
2014;Prefeitura Municipal de Jenipapo dos Vieiras - MA;2105476;MA;DCA-Anexo I-C;NA;Receitas Brutas Realizadas;RO1.9.9.0.00.00.00;1.9.9.0.00.00.00 - Receitas Diversas;31,89;16015
2014;Prefeitura Municipal de Jenipapo dos Vieiras - MA;2105476;MA;DCA-Anexo I-C;NA;Receitas Brutas Realizadas;RO2.0.0.0.00.00.00;2.0.0.0.00.00.00 - Receitas de Capital;2338074,00;16015
2014;Prefeitura Municipal de Jenipapo dos Vieiras - MA;2105476;MA;DCA-Anexo I-C;NA;Receitas Brutas Realizadas;RO2.4.0.0.00.00.00;2.4.0.0.00.00.00 - Transferências de Capital;2338074,00;16015
2014;Prefeitura Municipal de Jenipapo dos Vieiras - MA;2105476;MA;DCA-Anexo I-C;NA;Receitas Brutas Realizadas;RO2.4.7.0.00.00.00;2.4.7.0.00.00.00 - Transferências de Convênios;2338074,00;16015
2014;Prefeitura Municipal de Jenipapo dos Vieiras - MA;2105476;MA;DCA-Anexo I-C;NA;Receitas Brutas Realizadas;RO2.4.7.1.00.00.00;2.4.7.1.00.00.00 - Transferências de Convênios da União e de suas Entidades;1102572,26;16015
2014;Prefeitura Municipal de Jenipapo dos Vieiras - MA;2105476;MA;DCA-Anexo I-C;NA;Receitas Brutas Realizadas;RO2.4.7.1.01.00.00;2.4.7.1.01.00.00 - Transferências de Convênios da União para o Sistema Único de Saúde - SUS;105000,00;16015
2014;Prefeitura Municipal de Jenipapo dos Vieiras - MA;2105476;MA;DCA-Anexo I-C;NA;Receitas Brutas Realizadas;RO2.4.7.1.02.00.00;2.4.7.1.02.00.00 - Transferências de Convênios da União Destinadas a Programas de Educação;997572,26;16015
2014;Prefeitura Municipal de Jenipapo dos Vieiras - MA;2105476;MA;DCA-Anexo I-C;NA;Receitas Brutas Realizadas;RO2.4.7.2.00.00.00;2.4.7.2.00.00.00 - Transferências de Convênios dos Estados e do Distrito Federal e de suas Entidades;1235501,74;16015
2014;Prefeitura Municipal de Jenipapo dos Vieiras - MA;2105476;MA;DCA-Anexo I-C;NA;Receitas Brutas Realizadas;RO2.4.7.2.99.00.00;2.4.7.2.99.00.00 - Outras Transferências de Convênios dos Estados;1235501,74;16015
2015;Prefeitura Municipal de Jenipapo dos Vieiras - MA;2105476;MA;DCA-Anexo I-C;NA;Receitas Brutas Realizadas;TotalReceitas;Total Receitas;31391142,53;16015
2015;Prefeitura Municipal de Jenipapo dos Vieiras - MA;2105476;MA;DCA-Anexo I-C;NA;Deduções - FUNDEB;TotalReceitas;Total Receitas;2283573,35;16015
2015;Prefeitura Municipal de Jenipapo dos Vieiras - MA;2105476;MA;DCA-Anexo I-C;NA;Receitas Brutas Realizadas;RO1.0.0.0.00.00.00;1.0.0.0.00.00.00 - Receitas Correntes;30346840,13;16015
2015;Prefeitura Municipal de Jenipapo dos Vieiras - MA;2105476;MA;DCA-Anexo I-C;NA;Deduções - FUNDEB;RO1.0.0.0.00.00.00;1.0.0.0.00.00.00 - Receitas Correntes;2283573,35;16015
2015;Prefeitura Municipal de Jenipapo dos Vieiras - MA;2105476;MA;DCA-Anexo I-C;NA;Receitas Brutas Realizadas;RO1.1.0.0.00.00.00;1.1.0.0.00.00.00 - Receita Tributária;633075,58;16015
2015;Prefeitura Municipal de Jenipapo dos Vieiras - MA;2105476;MA;DCA-Anexo I-C;NA;Receitas Brutas Realizadas;RO1.1.1.0.00.00.00;1.1.1.0.00.00.00 - Impostos;631980,58;16015
2015;Prefeitura Municipal de Jenipapo dos Vieiras - MA;2105476;MA;DCA-Anexo I-C;NA;Receitas Brutas Realizadas;RO1.1.1.2.00.00.00;1.1.1.2.00.00.00 - Impostos sobre o Patrimônio e a Renda;280166,15;16015
2015;Prefeitura Municipal de Jenipapo dos Vieiras - MA;2105476;MA;DCA-Anexo I-C;NA;Receitas Brutas Realizadas;RO1.1.1.2.02.00.00;1.1.1.2.02.00.00 - Imposto sobre a Propriedade Predial e Territorial Urbana ¿ IPTU;3900,00;16015
2015;Prefeitura Municipal de Jenipapo dos Vieiras - MA;2105476;MA;DCA-Anexo I-C;NA;Receitas Brutas Realizadas;RO1.1.1.2.04.00.00;1.1.1.2.04.00.00 - Imposto sobre a Renda e Proventos de Qualquer Natureza ¿ IR;253436,90;16015
2015;Prefeitura Municipal de Jenipapo dos Vieiras - MA;2105476;MA;DCA-Anexo I-C;NA;Receitas Brutas Realizadas;RO1.1.1.2.04.23.00;1.1.1.2.04.23.00 - Imposto de Renda Pessoa Jurídica - Simples Federal e Nacional;1815,52;16015
2015;Prefeitura Municipal de Jenipapo dos Vieiras - MA;2105476;MA;DCA-Anexo I-C;NA;Receitas Brutas Realizadas;RO1.1.1.2.04.30.00;1.1.1.2.04.30.00 - Retido nas Fontes;251621,38;16015
2015;Prefeitura Municipal de Jenipapo dos Vieiras - MA;2105476;MA;DCA-Anexo I-C;NA;Receitas Brutas Realizadas;RO1.1.1.2.08.00.00;"1.1.1.2.08.00.00 - Imposto sobre Transmissão ""Inter Vivos"" de Bens Imóveis e de Direitos Reais sobre Imóveis ¿ ITBI";22829,25;16015
2015;Prefeitura Municipal de Jenipapo dos Vieiras - MA;2105476;MA;DCA-Anexo I-C;NA;Receitas Brutas Realizadas;RO1.1.1.3.00.00.00;1.1.1.3.00.00.00 - Impostos sobre a Produção e a Circulação;351814,43;16015
2015;Prefeitura Municipal de Jenipapo dos Vieiras - MA;2105476;MA;DCA-Anexo I-C;NA;Receitas Brutas Realizadas;RO1.1.1.3.05.00.00;1.1.1.3.05.00.00 - Imposto sobre Serviços de Qualquer Natureza ¿ ISSQN;351814,43;16015
2015;Prefeitura Municipal de Jenipapo dos Vieiras - MA;2105476;MA;DCA-Anexo I-C;NA;Receitas Brutas Realizadas;RO1.1.2.0.00.00.00;1.1.2.0.00.00.00 - Taxas;1095,00;16015
2015;Prefeitura Municipal de Jenipapo dos Vieiras - MA;2105476;MA;DCA-Anexo I-C;NA;Receitas Brutas Realizadas;RO1.1.2.1.00.00.00;1.1.2.1.00.00.00 - Taxas pelo Exercício do Poder de Polícia;1095,00;16015
2015;Prefeitura Municipal de Jenipapo dos Vieiras - MA;2105476;MA;DCA-Anexo I-C;NA;Receitas Brutas Realizadas;RO1.2.0.0.00.00.00;1.2.0.0.00.00.00 - Receitas de Contribuições;43358,07;16015
2015;Prefeitura Municipal de Jenipapo dos Vieiras - MA;2105476;MA;DCA-Anexo I-C;NA;Receitas Brutas Realizadas;RO1.2.3.0.00.00.00;1.2.3.0.00.00.00 - Contribuição para Custeio do Serviço de Iluminação Pública;43358,07;16015
2015;Prefeitura Municipal de Jenipapo dos Vieiras - MA;2105476;MA;DCA-Anexo I-C;NA;Receitas Brutas Realizadas;RO1.3.0.0.00.00.00;1.3.0.0.00.00.00 - Receita Patrimonial;231737,41;16015
2015;Prefeitura Municipal de Jenipapo dos Vieiras - MA;2105476;MA;DCA-Anexo I-C;NA;Receitas Brutas Realizadas;RO1.3.2.0.00.00.00;1.3.2.0.00.00.00 - Receitas de Valores Mobiliários;231737,41;16015
2015;Prefeitura Municipal de Jenipapo dos Vieiras - MA;2105476;MA;DCA-Anexo I-C;NA;Receitas Brutas Realizadas;RO1.3.2.5.00.00.00;1.3.2.5.00.00.00 - Remuneração de Depósitos Bancários;231737,41;16015
2015;Prefeitura Municipal de Jenipapo dos Vieiras - MA;2105476;MA;DCA-Anexo I-C;NA;Receitas Brutas Realizadas;RO1.7.0.0.00.00.00;1.7.0.0.00.00.00 - Transferências Correntes;29438669,07;16015
2015;Prefeitura Municipal de Jenipapo dos Vieiras - MA;2105476;MA;DCA-Anexo I-C;NA;Deduções - FUNDEB;RO1.7.0.0.00.00.00;1.7.0.0.00.00.00 - Transferências Correntes;2283573,35;16015
2015;Prefeitura Municipal de Jenipapo dos Vieiras - MA;2105476;MA;DCA-Anexo I-C;NA;Receitas Brutas Realizadas;RO1.7.2.0.00.00.00;1.7.2.0.00.00.00 - Transferências Intergovernamentais;28606973,23;16015
2015;Prefeitura Municipal de Jenipapo dos Vieiras - MA;2105476;MA;DCA-Anexo I-C;NA;Deduções - FUNDEB;RO1.7.2.0.00.00.00;1.7.2.0.00.00.00 - Transferências Intergovernamentais;2283573,35;16015
2015;Prefeitura Municipal de Jenipapo dos Vieiras - MA;2105476;MA;DCA-Anexo I-C;NA;Receitas Brutas Realizadas;RO1.7.2.1.00.00.00;1.7.2.1.00.00.00 - Transferências da União;15237709,85;16015
2015;Prefeitura Municipal de Jenipapo dos Vieiras - MA;2105476;MA;DCA-Anexo I-C;NA;Deduções - FUNDEB;RO1.7.2.1.00.00.00;1.7.2.1.00.00.00 - Transferências da União;2006834,03;16015
2015;Prefeitura Municipal de Jenipapo dos Vieiras - MA;2105476;MA;DCA-Anexo I-C;NA;Receitas Brutas Realizadas;RO1.7.2.1.01.00.00;1.7.2.1.01.00.00 - Participação na Receita da União;10563142,20;16015
2015;Prefeitura Municipal de Jenipapo dos Vieiras - MA;2105476;MA;DCA-Anexo I-C;NA;Deduções - FUNDEB;RO1.7.2.1.01.00.00;1.7.2.1.01.00.00 - Participação na Receita da União;2001088,36;16015
2015;Prefeitura Municipal de Jenipapo dos Vieiras - MA;2105476;MA;DCA-Anexo I-C;NA;Receitas Brutas Realizadas;RO1.7.2.1.01.02.00;1.7.2.1.01.02.00 - Cota-Parte do Fundo de Participação dos Municípios ¿ FPM;10557663,37;16015
2015;Prefeitura Municipal de Jenipapo dos Vieiras - MA;2105476;MA;DCA-Anexo I-C;NA;Deduções - FUNDEB;RO1.7.2.1.01.02.00;1.7.2.1.01.02.00 - Cota-Parte do Fundo de Participação dos Municípios ¿ FPM;2000030,78;16015
2015;Prefeitura Municipal de Jenipapo dos Vieiras - MA;2105476;MA;DCA-Anexo I-C;NA;Receitas Brutas Realizadas;RO1.7.2.1.01.05.00;1.7.2.1.01.05.00 - Cota-Parte do Imposto Sobre a Propriedade Territorial Rural ¿ ITR;5478,83;16015
2015;Prefeitura Municipal de Jenipapo dos Vieiras - MA;2105476;MA;DCA-Anexo I-C;NA;Deduções - FUNDEB;RO1.7.2.1.01.05.00;1.7.2.1.01.05.00 - Cota-Parte do Imposto Sobre a Propriedade Territorial Rural ¿ ITR;1057,58;16015
2015;Prefeitura Municipal de Jenipapo dos Vieiras - MA;2105476;MA;DCA-Anexo I-C;NA;Receitas Brutas Realizadas;RO1.7.2.1.09.00.00;1.7.2.1.09.00.00 - Outras Transferências da União;18509,98;16015
2015;Prefeitura Municipal de Jenipapo dos Vieiras - MA;2105476;MA;DCA-Anexo I-C;NA;Deduções - FUNDEB;RO1.7.2.1.09.00.00;1.7.2.1.09.00.00 - Outras Transferências da União;5745,67;16015
2015;Prefeitura Municipal de Jenipapo dos Vieiras - MA;2105476;MA;DCA-Anexo I-C;NA;Receitas Brutas Realizadas;RO1.7.2.1.09.01.00;1.7.2.1.09.01.00 - Transferência Financeira - L.C. nº 87/96;8844,78;16015
2015;Prefeitura Municipal de Jenipapo dos Vieiras - MA;2105476;MA;DCA-Anexo I-C;NA;Deduções - FUNDEB;RO1.7.2.1.09.01.00;1.7.2.1.09.01.00 - Transferência Financeira - L.C. nº 87/96;5745,67;16015
2015;Prefeitura Municipal de Jenipapo dos Vieiras - MA;2105476;MA;DCA-Anexo I-C;NA;Receitas Brutas Realizadas;RO1.7.2.1.09.99.00;1.7.2.1.09.99.00 - Demais Transferências da União;9665,20;16015
2015;Prefeitura Municipal de Jenipapo dos Vieiras - MA;2105476;MA;DCA-Anexo I-C;NA;Receitas Brutas Realizadas;RO1.7.2.1.22.00.00;1.7.2.1.22.00.00 - Transferências da Compensação Financeira pela Exploração de Recursos Naturais;112161,62;16015
2015;Prefeitura Municipal de Jenipapo dos Vieiras - MA;2105476;MA;DCA-Anexo I-C;NA;Receitas Brutas Realizadas;RO1.7.2.1.22.70.00;1.7.2.1.22.70.00 - Cota-Parte do Fundo Especial do Petróleo ¿ FEP;112161,62;16015
2015;Prefeitura Municipal de Jenipapo dos Vieiras - MA;2105476;MA;DCA-Anexo I-C;NA;Receitas Brutas Realizadas;RO1.7.2.1.33.00.00;1.7.2.1.33.00.00 - Transferências de Recursos do Sistema Único de Saúde - SUS - Repasses Fundo a Fundo;3137550,45;16015
2015;Prefeitura Municipal de Jenipapo dos Vieiras - MA;2105476;MA;DCA-Anexo I-C;NA;Receitas Brutas Realizadas;RO1.7.2.1.34.00.00;1.7.2.1.34.00.00 - Transferências de Recursos do Fundo Nacional de Assistência Social ¿ FNAS;348433,16;16015
2015;Prefeitura Municipal de Jenipapo dos Vieiras - MA;2105476;MA;DCA-Anexo I-C;NA;Receitas Brutas Realizadas;RO1.7.2.1.35.00.00;1.7.2.1.35.00.00 - Transferências de Recursos do Fundo Nacional do Desenvolvimento da Educação ¿ FNDE;1057912,44;16015
2015;Prefeitura Municipal de Jenipapo dos Vieiras - MA;2105476;MA;DCA-Anexo I-C;NA;Receitas Brutas Realizadas;RO1.7.2.2.00.00.00;1.7.2.2.00.00.00 - Transferências dos Estados;1511153,93;16015
2015;Prefeitura Municipal de Jenipapo dos Vieiras - MA;2105476;MA;DCA-Anexo I-C;NA;Deduções - FUNDEB;RO1.7.2.2.00.00.00;1.7.2.2.00.00.00 - Transferências dos Estados;276739,32;16015
2015;Prefeitura Municipal de Jenipapo dos Vieiras - MA;2105476;MA;DCA-Anexo I-C;NA;Receitas Brutas Realizadas;RO1.7.2.2.01.00.00;1.7.2.2.01.00.00 - Participação na Receita dos Estados;1511153,93;16015
2015;Prefeitura Municipal de Jenipapo dos Vieiras - MA;2105476;MA;DCA-Anexo I-C;NA;Deduções - FUNDEB;RO1.7.2.2.01.00.00;1.7.2.2.01.00.00 - Participação na Receita dos Estados;276739,32;16015
2015;Prefeitura Municipal de Jenipapo dos Vieiras - MA;2105476;MA;DCA-Anexo I-C;NA;Receitas Brutas Realizadas;RO1.7.2.2.01.01.00;1.7.2.2.01.01.00 - Cota-Parte do ICMS;1383698,03;16015
2015;Prefeitura Municipal de Jenipapo dos Vieiras - MA;2105476;MA;DCA-Anexo I-C;NA;Deduções - FUNDEB;RO1.7.2.2.01.01.00;1.7.2.2.01.01.00 - Cota-Parte do ICMS;276739,32;16015
2015;Prefeitura Municipal de Jenipapo dos Vieiras - MA;2105476;MA;DCA-Anexo I-C;NA;Receitas Brutas Realizadas;RO1.7.2.2.01.02.00;1.7.2.2.01.02.00 - Cota-Parte do IPVA;86317,99;16015
2015;Prefeitura Municipal de Jenipapo dos Vieiras - MA;2105476;MA;DCA-Anexo I-C;NA;Receitas Brutas Realizadas;RO1.7.2.2.01.04.00;1.7.2.2.01.04.00 - Cota-Parte do IPI sobre Exportação;6952,05;16015
2015;Prefeitura Municipal de Jenipapo dos Vieiras - MA;2105476;MA;DCA-Anexo I-C;NA;Receitas Brutas Realizadas;RO1.7.2.2.01.13.00;1.7.2.2.01.13.00 - Cota-Parte da Contribuição de Intervenção no Domínio Econômico;9352,53;16015
2015;Prefeitura Municipal de Jenipapo dos Vieiras - MA;2105476;MA;DCA-Anexo I-C;NA;Receitas Brutas Realizadas;RO1.7.2.2.01.99.00;1.7.2.2.01.99.00 - Outras Participações na Receita dos Estados;24833,33;16015
2015;Prefeitura Municipal de Jenipapo dos Vieiras - MA;2105476;MA;DCA-Anexo I-C;NA;Receitas Brutas Realizadas;RO1.7.2.4.00.00.00;1.7.2.4.00.00.00 - Transferências Multigovernamentais;11858109,45;16015
2015;Prefeitura Municipal de Jenipapo dos Vieiras - MA;2105476;MA;DCA-Anexo I-C;NA;Receitas Brutas Realizadas;RO1.7.2.4.01.00.00;1.7.2.4.01.00.00 - Transferências de Recursos do Fundo de Manutenção e Desenvolvimento do Ensino Fundamental e de Valorização do Magistério - FUNDEB;6023271,01;16015
2015;Prefeitura Municipal de Jenipapo dos Vieiras - MA;2105476;MA;DCA-Anexo I-C;NA;Receitas Brutas Realizadas;RO1.7.2.4.02.00.00;1.7.2.4.02.00.00 - Transferências de Recursos da Complementação ao Fundo de Manutenção e Desenvolvimento do Ensino Fundamental e de Valorização do Magistério - FUNDEB;5834838,44;16015
2015;Prefeitura Municipal de Jenipapo dos Vieiras - MA;2105476;MA;DCA-Anexo I-C;NA;Receitas Brutas Realizadas;RO1.7.6.0.00.00.00;1.7.6.0.00.00.00 - Transferências de Convênios;831695,84;16015
2015;Prefeitura Municipal de Jenipapo dos Vieiras - MA;2105476;MA;DCA-Anexo I-C;NA;Receitas Brutas Realizadas;RO1.7.6.1.00.00.00;1.7.6.1.00.00.00 - Transferências de Convênios da União e de Suas Entidades;804495,84;16015
2015;Prefeitura Municipal de Jenipapo dos Vieiras - MA;2105476;MA;DCA-Anexo I-C;NA;Receitas Brutas Realizadas;RO1.7.6.1.01.00.00;1.7.6.1.01.00.00 - Transferências de Convênios da União para o Sistema Único de Saúde - SUS;500000,00;16015
2015;Prefeitura Municipal de Jenipapo dos Vieiras - MA;2105476;MA;DCA-Anexo I-C;NA;Receitas Brutas Realizadas;RO1.7.6.1.02.00.00;1.7.6.1.02.00.00 - Transferências de Convênios da União Destinadas a Programas de Educação;304495,84;16015
2015;Prefeitura Municipal de Jenipapo dos Vieiras - MA;2105476;MA;DCA-Anexo I-C;NA;Receitas Brutas Realizadas;RO1.7.6.2.00.00.00;1.7.6.2.00.00.00 - Transferências de Convênios dos Estados e do Distrito Federal e de Suas Entidades;27200,00;16015
2015;Prefeitura Municipal de Jenipapo dos Vieiras - MA;2105476;MA;DCA-Anexo I-C;NA;Receitas Brutas Realizadas;RO1.7.6.2.02.00.00;1.7.6.2.02.00.00 - Transferências de Convênios dos Estados Destinadas a Programas de Educação;27200,00;16015
2015;Prefeitura Municipal de Jenipapo dos Vieiras - MA;2105476;MA;DCA-Anexo I-C;NA;Receitas Brutas Realizadas;RO2.0.0.0.00.00.00;2.0.0.0.00.00.00 - Receitas de Capital;1044302,40;16015
2015;Prefeitura Municipal de Jenipapo dos Vieiras - MA;2105476;MA;DCA-Anexo I-C;NA;Receitas Brutas Realizadas;RO2.4.0.0.00.00.00;2.4.0.0.00.00.00 - Transferências de Capital;1044302,40;16015
2015;Prefeitura Municipal de Jenipapo dos Vieiras - MA;2105476;MA;DCA-Anexo I-C;NA;Receitas Brutas Realizadas;RO2.4.7.0.00.00.00;2.4.7.0.00.00.00 - Transferências de Convênios;1044302,40;16015
2015;Prefeitura Municipal de Jenipapo dos Vieiras - MA;2105476;MA;DCA-Anexo I-C;NA;Receitas Brutas Realizadas;RO2.4.7.1.00.00.00;2.4.7.1.00.00.00 - Transferências de Convênios da União e de suas Entidades;1044302,40;16015
2015;Prefeitura Municipal de Jenipapo dos Vieiras - MA;2105476;MA;DCA-Anexo I-C;NA;Receitas Brutas Realizadas;RO2.4.7.1.01.00.00;2.4.7.1.01.00.00 - Transferências de Convênios da União para o Sistema Único de Saúde - SUS;459302,40;16015
2015;Prefeitura Municipal de Jenipapo dos Vieiras - MA;2105476;MA;DCA-Anexo I-C;NA;Receitas Brutas Realizadas;RO2.4.7.1.99.00.00;2.4.7.1.99.00.00 - Outras Transferências de Convênios da União;585000,00;16015
2016;Prefeitura Municipal de Jenipapo dos Vieiras - MA;2105476;MA;DCA-Anexo I-C;NA;Receitas Brutas Realizadas;TotalReceitas;Total Receitas;36363194,97;16124
2016;Prefeitura Municipal de Jenipapo dos Vieiras - MA;2105476;MA;DCA-Anexo I-C;NA;Deduções - FUNDEB;TotalReceitas;Total Receitas;2616925,03;16124
2016;Prefeitura Municipal de Jenipapo dos Vieiras - MA;2105476;MA;DCA-Anexo I-C;NA;Receitas Brutas Realizadas;RO1.0.0.0.00.00.00;1.0.0.0.00.00.00 - Receitas Correntes;34498094,97;16124
2016;Prefeitura Municipal de Jenipapo dos Vieiras - MA;2105476;MA;DCA-Anexo I-C;NA;Deduções - FUNDEB;RO1.0.0.0.00.00.00;1.0.0.0.00.00.00 - Receitas Correntes;2616925,03;16124
2016;Prefeitura Municipal de Jenipapo dos Vieiras - MA;2105476;MA;DCA-Anexo I-C;NA;Receitas Brutas Realizadas;RO1.1.0.0.00.00.00;1.1.0.0.00.00.00 - Receita Tributária;215316,68;16124
2016;Prefeitura Municipal de Jenipapo dos Vieiras - MA;2105476;MA;DCA-Anexo I-C;NA;Receitas Brutas Realizadas;RO1.1.1.0.00.00.00;1.1.1.0.00.00.00 - Impostos;214436,68;16124
2016;Prefeitura Municipal de Jenipapo dos Vieiras - MA;2105476;MA;DCA-Anexo I-C;NA;Receitas Brutas Realizadas;RO1.1.1.2.00.00.00;1.1.1.2.00.00.00 - Impostos sobre o Patrimônio e a Renda;66430,01;16124
2016;Prefeitura Municipal de Jenipapo dos Vieiras - MA;2105476;MA;DCA-Anexo I-C;NA;Receitas Brutas Realizadas;RO1.1.1.2.02.00.00;1.1.1.2.02.00.00 - Imposto sobre a Propriedade Predial e Territorial Urbana ¿ IPTU;4681,15;16124
2016;Prefeitura Municipal de Jenipapo dos Vieiras - MA;2105476;MA;DCA-Anexo I-C;NA;Receitas Brutas Realizadas;RO1.1.1.2.04.00.00;1.1.1.2.04.00.00 - Imposto sobre a Renda e Proventos de Qualquer Natureza ¿ IR;54550,68;16124
2016;Prefeitura Municipal de Jenipapo dos Vieiras - MA;2105476;MA;DCA-Anexo I-C;NA;Receitas Brutas Realizadas;RO1.1.1.2.04.34.00;1.1.1.2.04.34.00 - Retido nas Fontes - Outros Rendimentos;54550,68;16124
2016;Prefeitura Municipal de Jenipapo dos Vieiras - MA;2105476;MA;DCA-Anexo I-C;NA;Receitas Brutas Realizadas;RO1.1.1.2.08.00.00;"1.1.1.2.08.00.00 - Imposto sobre Transmissão ""Inter Vivos"" de Bens Imóveis e de Direitos Reais sobre Imóveis ¿ ITBI";7198,18;16124
2016;Prefeitura Municipal de Jenipapo dos Vieiras - MA;2105476;MA;DCA-Anexo I-C;NA;Receitas Brutas Realizadas;RO1.1.1.3.00.00.00;1.1.1.3.00.00.00 - Impostos sobre a Produção e a Circulação;148006,67;16124
2016;Prefeitura Municipal de Jenipapo dos Vieiras - MA;2105476;MA;DCA-Anexo I-C;NA;Receitas Brutas Realizadas;RO1.1.1.3.05.00.00;1.1.1.3.05.00.00 - Imposto sobre Serviços de Qualquer Natureza ¿ ISSQN;148006,67;16124
2016;Prefeitura Municipal de Jenipapo dos Vieiras - MA;2105476;MA;DCA-Anexo I-C;NA;Receitas Brutas Realizadas;RO1.1.2.0.00.00.00;1.1.2.0.00.00.00 - Taxas;880,00;16124
2016;Prefeitura Municipal de Jenipapo dos Vieiras - MA;2105476;MA;DCA-Anexo I-C;NA;Receitas Brutas Realizadas;RO1.1.2.2.00.00.00;1.1.2.2.00.00.00 - Taxas pela Prestação de Serviços;880,00;16124
2016;Prefeitura Municipal de Jenipapo dos Vieiras - MA;2105476;MA;DCA-Anexo I-C;NA;Receitas Brutas Realizadas;RO1.1.2.2.01.00.00;1.1.2.2.01.00.00 - Emolumentos Consulares;880,00;16124
2016;Prefeitura Municipal de Jenipapo dos Vieiras - MA;2105476;MA;DCA-Anexo I-C;NA;Receitas Brutas Realizadas;RO1.2.0.0.00.00.00;1.2.0.0.00.00.00 - Receitas de Contribuições;57632,41;16124
2016;Prefeitura Municipal de Jenipapo dos Vieiras - MA;2105476;MA;DCA-Anexo I-C;NA;Receitas Brutas Realizadas;RO1.2.3.0.00.00.00;1.2.3.0.00.00.00 - Contribuição para Custeio do Serviço de Iluminação Pública;57632,41;16124
2016;Prefeitura Municipal de Jenipapo dos Vieiras - MA;2105476;MA;DCA-Anexo I-C;NA;Receitas Brutas Realizadas;RO1.3.0.0.00.00.00;1.3.0.0.00.00.00 - Receita Patrimonial;231174,96;16124
2016;Prefeitura Municipal de Jenipapo dos Vieiras - MA;2105476;MA;DCA-Anexo I-C;NA;Receitas Brutas Realizadas;RO1.3.2.0.00.00.00;1.3.2.0.00.00.00 - Receitas de Valores Mobiliários;218088,12;16124
2016;Prefeitura Municipal de Jenipapo dos Vieiras - MA;2105476;MA;DCA-Anexo I-C;NA;Receitas Brutas Realizadas;RO1.3.2.5.00.00.00;1.3.2.5.00.00.00 - Remuneração de Depósitos Bancários;218088,12;16124
2016;Prefeitura Municipal de Jenipapo dos Vieiras - MA;2105476;MA;DCA-Anexo I-C;NA;Receitas Brutas Realizadas;RO1.3.9.0.00.00.00;1.3.9.0.00.00.00 - Outras Receitas Patrimoniais;13086,84;16124
2016;Prefeitura Municipal de Jenipapo dos Vieiras - MA;2105476;MA;DCA-Anexo I-C;NA;Receitas Brutas Realizadas;RO1.7.0.0.00.00.00;1.7.0.0.00.00.00 - Transferências Correntes;33993970,92;16124
2016;Prefeitura Municipal de Jenipapo dos Vieiras - MA;2105476;MA;DCA-Anexo I-C;NA;Deduções - FUNDEB;RO1.7.0.0.00.00.00;1.7.0.0.00.00.00 - Transferências Correntes;2616925,03;16124
2016;Prefeitura Municipal de Jenipapo dos Vieiras - MA;2105476;MA;DCA-Anexo I-C;NA;Receitas Brutas Realizadas;RO1.7.2.0.00.00.00;1.7.2.0.00.00.00 - Transferências Intergovernamentais;32320525,03;16124
2016;Prefeitura Municipal de Jenipapo dos Vieiras - MA;2105476;MA;DCA-Anexo I-C;NA;Deduções - FUNDEB;RO1.7.2.0.00.00.00;1.7.2.0.00.00.00 - Transferências Intergovernamentais;2616925,03;16124
2016;Prefeitura Municipal de Jenipapo dos Vieiras - MA;2105476;MA;DCA-Anexo I-C;NA;Receitas Brutas Realizadas;RO1.7.2.1.00.00.00;1.7.2.1.00.00.00 - Transferências da União;17084014,29;16124
2016;Prefeitura Municipal de Jenipapo dos Vieiras - MA;2105476;MA;DCA-Anexo I-C;NA;Deduções - FUNDEB;RO1.7.2.1.00.00.00;1.7.2.1.00.00.00 - Transferências da União;2286773,77;16124
2016;Prefeitura Municipal de Jenipapo dos Vieiras - MA;2105476;MA;DCA-Anexo I-C;NA;Receitas Brutas Realizadas;RO1.7.2.1.01.00.00;1.7.2.1.01.00.00 - Participação na Receita da União;12267191,55;16124
2016;Prefeitura Municipal de Jenipapo dos Vieiras - MA;2105476;MA;DCA-Anexo I-C;NA;Deduções - FUNDEB;RO1.7.2.1.01.00.00;1.7.2.1.01.00.00 - Participação na Receita da União;2284856,29;16124
2016;Prefeitura Municipal de Jenipapo dos Vieiras - MA;2105476;MA;DCA-Anexo I-C;NA;Receitas Brutas Realizadas;RO1.7.2.1.01.02.00;1.7.2.1.01.02.00 - Cota-Parte do Fundo de Participação dos Municípios ¿ FPM;12262367,44;16124
2016;Prefeitura Municipal de Jenipapo dos Vieiras - MA;2105476;MA;DCA-Anexo I-C;NA;Deduções - FUNDEB;RO1.7.2.1.01.02.00;1.7.2.1.01.02.00 - Cota-Parte do Fundo de Participação dos Municípios ¿ FPM;2283891,58;16124
2016;Prefeitura Municipal de Jenipapo dos Vieiras - MA;2105476;MA;DCA-Anexo I-C;NA;Receitas Brutas Realizadas;RO1.7.2.1.01.05.00;1.7.2.1.01.05.00 - Cota-Parte do Imposto Sobre a Propriedade Territorial Rural ¿ ITR;4824,11;16124
2016;Prefeitura Municipal de Jenipapo dos Vieiras - MA;2105476;MA;DCA-Anexo I-C;NA;Deduções - FUNDEB;RO1.7.2.1.01.05.00;1.7.2.1.01.05.00 - Cota-Parte do Imposto Sobre a Propriedade Territorial Rural ¿ ITR;964,71;16124
2016;Prefeitura Municipal de Jenipapo dos Vieiras - MA;2105476;MA;DCA-Anexo I-C;NA;Receitas Brutas Realizadas;RO1.7.2.1.22.00.00;1.7.2.1.22.00.00 - Transferências da Compensação Financeira pela Exploração de Recursos Naturais;96078,45;16124
2016;Prefeitura Municipal de Jenipapo dos Vieiras - MA;2105476;MA;DCA-Anexo I-C;NA;Receitas Brutas Realizadas;RO1.7.2.1.22.70.00;1.7.2.1.22.70.00 - Cota-Parte do Fundo Especial do Petróleo ¿ FEP;96078,45;16124
2016;Prefeitura Municipal de Jenipapo dos Vieiras - MA;2105476;MA;DCA-Anexo I-C;NA;Receitas Brutas Realizadas;RO1.7.2.1.33.00.00;1.7.2.1.33.00.00 - Transferências de Recursos do Sistema Único de Saúde - SUS - Repasses Fundo a Fundo;2754543,50;16124
2016;Prefeitura Municipal de Jenipapo dos Vieiras - MA;2105476;MA;DCA-Anexo I-C;NA;Receitas Brutas Realizadas;RO1.7.2.1.34.00.00;1.7.2.1.34.00.00 - Transferências de Recursos do Fundo Nacional de Assistência Social ¿ FNAS;278354,08;16124
2016;Prefeitura Municipal de Jenipapo dos Vieiras - MA;2105476;MA;DCA-Anexo I-C;NA;Receitas Brutas Realizadas;RO1.7.2.1.35.00.00;1.7.2.1.35.00.00 - Transferências de Recursos do Fundo Nacional do Desenvolvimento da Educação ¿ FNDE;1656053,29;16124
2016;Prefeitura Municipal de Jenipapo dos Vieiras - MA;2105476;MA;DCA-Anexo I-C;NA;Receitas Brutas Realizadas;RO1.7.2.1.36.00.00;1.7.2.1.36.00.00 - Transferências Financeiras do ICMS ¿ Desoneração ¿ L.C. Nº 87/96;7989,90;16124
2016;Prefeitura Municipal de Jenipapo dos Vieiras - MA;2105476;MA;DCA-Anexo I-C;NA;Deduções - FUNDEB;RO1.7.2.1.36.00.00;1.7.2.1.36.00.00 - Transferências Financeiras do ICMS ¿ Desoneração ¿ L.C. Nº 87/96;1917,48;16124
2016;Prefeitura Municipal de Jenipapo dos Vieiras - MA;2105476;MA;DCA-Anexo I-C;NA;Receitas Brutas Realizadas;RO1.7.2.1.99.00.00;1.7.2.1.99.00.00 - Outras Transferências da União;23803,52;16124
2016;Prefeitura Municipal de Jenipapo dos Vieiras - MA;2105476;MA;DCA-Anexo I-C;NA;Receitas Brutas Realizadas;RO1.7.2.2.00.00.00;1.7.2.2.00.00.00 - Transferências dos Estados;1870283,78;16124
2016;Prefeitura Municipal de Jenipapo dos Vieiras - MA;2105476;MA;DCA-Anexo I-C;NA;Deduções - FUNDEB;RO1.7.2.2.00.00.00;1.7.2.2.00.00.00 - Transferências dos Estados;330151,26;16124
2016;Prefeitura Municipal de Jenipapo dos Vieiras - MA;2105476;MA;DCA-Anexo I-C;NA;Receitas Brutas Realizadas;RO1.7.2.2.01.00.00;1.7.2.2.01.00.00 - Participação na Receita dos Estados;1771769,54;16124
2016;Prefeitura Municipal de Jenipapo dos Vieiras - MA;2105476;MA;DCA-Anexo I-C;NA;Deduções - FUNDEB;RO1.7.2.2.01.00.00;1.7.2.2.01.00.00 - Participação na Receita dos Estados;330151,26;16124
2016;Prefeitura Municipal de Jenipapo dos Vieiras - MA;2105476;MA;DCA-Anexo I-C;NA;Receitas Brutas Realizadas;RO1.7.2.2.01.01.00;1.7.2.2.01.01.00 - Cota-Parte do ICMS;1651556,86;16124
2016;Prefeitura Municipal de Jenipapo dos Vieiras - MA;2105476;MA;DCA-Anexo I-C;NA;Deduções - FUNDEB;RO1.7.2.2.01.01.00;1.7.2.2.01.01.00 - Cota-Parte do ICMS;330151,26;16124
2016;Prefeitura Municipal de Jenipapo dos Vieiras - MA;2105476;MA;DCA-Anexo I-C;NA;Receitas Brutas Realizadas;RO1.7.2.2.01.02.00;1.7.2.2.01.02.00 - Cota-Parte do IPVA;81491,26;16124
2016;Prefeitura Municipal de Jenipapo dos Vieiras - MA;2105476;MA;DCA-Anexo I-C;NA;Receitas Brutas Realizadas;RO1.7.2.2.01.04.00;1.7.2.2.01.04.00 - Cota-Parte do IPI - Municípios;12891,21;16124
2016;Prefeitura Municipal de Jenipapo dos Vieiras - MA;2105476;MA;DCA-Anexo I-C;NA;Receitas Brutas Realizadas;RO1.7.2.2.01.13.00;1.7.2.2.01.13.00 - Cota-Parte da Contribuição de Intervenção no Domínio Econômico;25830,21;16124
2016;Prefeitura Municipal de Jenipapo dos Vieiras - MA;2105476;MA;DCA-Anexo I-C;NA;Receitas Brutas Realizadas;RO1.7.2.2.99.00.00;1.7.2.2.99.00.00 - Outras Transferências dos Estados;98514,24;16124
2016;Prefeitura Municipal de Jenipapo dos Vieiras - MA;2105476;MA;DCA-Anexo I-C;NA;Receitas Brutas Realizadas;RO1.7.2.4.00.00.00;1.7.2.4.00.00.00 - Transferências Multigovernamentais;13366226,96;16124
2016;Prefeitura Municipal de Jenipapo dos Vieiras - MA;2105476;MA;DCA-Anexo I-C;NA;Receitas Brutas Realizadas;RO1.7.2.4.01.00.00;1.7.2.4.01.00.00 - Transferências de Recursos do Fundo de Manutenção e Desenvolvimento do Ensino Fundamental e de Valorização do Magistério - FUNDEB;7119903,67;16124
2016;Prefeitura Municipal de Jenipapo dos Vieiras - MA;2105476;MA;DCA-Anexo I-C;NA;Receitas Brutas Realizadas;RO1.7.2.4.02.00.00;1.7.2.4.02.00.00 - Transferências de Recursos da Complementação ao Fundo de Manutenção e Desenvolvimento do Ensino Fundamental e de Valorização do Magistério - FUNDEB;6246323,29;16124
2016;Prefeitura Municipal de Jenipapo dos Vieiras - MA;2105476;MA;DCA-Anexo I-C;NA;Receitas Brutas Realizadas;RO1.7.6.0.00.00.00;1.7.6.0.00.00.00 - Transferências de Convênios;1673445,89;16124
2016;Prefeitura Municipal de Jenipapo dos Vieiras - MA;2105476;MA;DCA-Anexo I-C;NA;Receitas Brutas Realizadas;RO1.7.6.1.00.00.00;1.7.6.1.00.00.00 - Transferências de Convênios da União e de Suas Entidades;1673445,89;16124
2016;Prefeitura Municipal de Jenipapo dos Vieiras - MA;2105476;MA;DCA-Anexo I-C;NA;Receitas Brutas Realizadas;RO1.7.6.1.01.00.00;1.7.6.1.01.00.00 - Transferências de Convênios da União para o Sistema Único de Saúde - SUS;368832,00;16124
2016;Prefeitura Municipal de Jenipapo dos Vieiras - MA;2105476;MA;DCA-Anexo I-C;NA;Receitas Brutas Realizadas;RO1.7.6.1.02.00.00;1.7.6.1.02.00.00 - Transferências de Convênios da União Destinadas a Programas de Educação;1304613,89;16124
2016;Prefeitura Municipal de Jenipapo dos Vieiras - MA;2105476;MA;DCA-Anexo I-C;NA;Receitas Brutas Realizadas;RO2.0.0.0.00.00.00;2.0.0.0.00.00.00 - Receitas de Capital;1865100,00;16124
2016;Prefeitura Municipal de Jenipapo dos Vieiras - MA;2105476;MA;DCA-Anexo I-C;NA;Receitas Brutas Realizadas;RO2.4.0.0.00.00.00;2.4.0.0.00.00.00 - Transferências de Capital;1865100,00;16124
2016;Prefeitura Municipal de Jenipapo dos Vieiras - MA;2105476;MA;DCA-Anexo I-C;NA;Receitas Brutas Realizadas;RO2.4.7.0.00.00.00;2.4.7.0.00.00.00 - Transferências de Convênios;1865100,00;16124
2016;Prefeitura Municipal de Jenipapo dos Vieiras - MA;2105476;MA;DCA-Anexo I-C;NA;Receitas Brutas Realizadas;RO2.4.7.1.00.00.00;2.4.7.1.00.00.00 - Transferências de Convênios da União e de suas Entidades;1865100,00;16124
2016;Prefeitura Municipal de Jenipapo dos Vieiras - MA;2105476;MA;DCA-Anexo I-C;NA;Receitas Brutas Realizadas;RO2.4.7.1.01.00.00;2.4.7.1.01.00.00 - Transferências de Convênios da União para o Sistema Único de Saúde - SUS;108000,00;16124
2016;Prefeitura Municipal de Jenipapo dos Vieiras - MA;2105476;MA;DCA-Anexo I-C;NA;Receitas Brutas Realizadas;RO2.4.7.1.99.00.00;2.4.7.1.99.00.00 - Outras Transferências de Convênios da União;1757100,00;16124
2017;Prefeitura Municipal de Jenipapo dos Vieiras - MA;2105476;MA;DCA-Anexo I-C;Padrão;Receitas Brutas Realizadas;TotalReceitas;Total Receitas;35567679,55;16226
2017;Prefeitura Municipal de Jenipapo dos Vieiras - MA;2105476;MA;DCA-Anexo I-C;Padrão;Deduções - FUNDEB;TotalReceitas;Total Receitas;2522551,43;16226
2017;Prefeitura Municipal de Jenipapo dos Vieiras - MA;2105476;MA;DCA-Anexo I-C;Padrão;Receitas Brutas Realizadas;RO1.0.0.0.00.00.00;1.0.0.0.00.00.00 - Receitas Correntes;34761036,85;16226
2017;Prefeitura Municipal de Jenipapo dos Vieiras - MA;2105476;MA;DCA-Anexo I-C;Padrão;Deduções - FUNDEB;RO1.0.0.0.00.00.00;1.0.0.0.00.00.00 - Receitas Correntes;2522551,43;16226
2017;Prefeitura Municipal de Jenipapo dos Vieiras - MA;2105476;MA;DCA-Anexo I-C;Padrão;Receitas Brutas Realizadas;RO1.1.0.0.00.00.00;1.1.0.0.00.00.00 - Receita Tributária;999918,71;16226
2017;Prefeitura Municipal de Jenipapo dos Vieiras - MA;2105476;MA;DCA-Anexo I-C;Padrão;Receitas Brutas Realizadas;RO1.1.1.0.00.00.00;1.1.1.0.00.00.00 - Impostos;996383,13;16226
2017;Prefeitura Municipal de Jenipapo dos Vieiras - MA;2105476;MA;DCA-Anexo I-C;Padrão;Receitas Brutas Realizadas;RO1.1.1.2.00.00.00;1.1.1.2.00.00.00 - Impostos sobre o Patrimônio e a Renda;270670,44;16226
2017;Prefeitura Municipal de Jenipapo dos Vieiras - MA;2105476;MA;DCA-Anexo I-C;Padrão;Receitas Brutas Realizadas;RO1.1.1.2.02.00.00;1.1.1.2.02.00.00 - Imposto sobre a Propriedade Predial e Territorial Urbana ¿ IPTU;1790,00;16226
2017;Prefeitura Municipal de Jenipapo dos Vieiras - MA;2105476;MA;DCA-Anexo I-C;Padrão;Receitas Brutas Realizadas;RO1.1.1.2.04.00.00;1.1.1.2.04.00.00 - Imposto sobre a Renda e Proventos de Qualquer Natureza ¿ IR;253834,66;16226
2017;Prefeitura Municipal de Jenipapo dos Vieiras - MA;2105476;MA;DCA-Anexo I-C;Padrão;Receitas Brutas Realizadas;RO1.1.1.2.04.34.00;1.1.1.2.04.34.00 - Retido nas Fontes - Outros Rendimentos;253834,66;16226
2017;Prefeitura Municipal de Jenipapo dos Vieiras - MA;2105476;MA;DCA-Anexo I-C;Padrão;Receitas Brutas Realizadas;RO1.1.1.2.08.00.00;"1.1.1.2.08.00.00 - Imposto sobre Transmissão ""Inter Vivos"" de Bens Imóveis e de Direitos Reais sobre Imóveis ¿ ITBI";15045,78;16226
2017;Prefeitura Municipal de Jenipapo dos Vieiras - MA;2105476;MA;DCA-Anexo I-C;Padrão;Receitas Brutas Realizadas;RO1.1.1.3.00.00.00;1.1.1.3.00.00.00 - Impostos sobre a Produção e a Circulação;725712,69;16226
2017;Prefeitura Municipal de Jenipapo dos Vieiras - MA;2105476;MA;DCA-Anexo I-C;Padrão;Receitas Brutas Realizadas;RO1.1.1.3.05.00.00;1.1.1.3.05.00.00 - Imposto sobre Serviços de Qualquer Natureza ¿ ISSQN;725712,69;16226
2017;Prefeitura Municipal de Jenipapo dos Vieiras - MA;2105476;MA;DCA-Anexo I-C;Padrão;Receitas Brutas Realizadas;RO1.1.2.0.00.00.00;1.1.2.0.00.00.00 - Taxas;3535,58;16226
2017;Prefeitura Municipal de Jenipapo dos Vieiras - MA;2105476;MA;DCA-Anexo I-C;Padrão;Receitas Brutas Realizadas;RO1.1.2.1.00.00.00;1.1.2.1.00.00.00 - Taxas pelo Exercício do Poder de Polícia;3485,58;16226
2017;Prefeitura Municipal de Jenipapo dos Vieiras - MA;2105476;MA;DCA-Anexo I-C;Padrão;Receitas Brutas Realizadas;RO1.1.2.2.00.00.00;1.1.2.2.00.00.00 - Taxas pela Prestação de Serviços;50,00;16226
2017;Prefeitura Municipal de Jenipapo dos Vieiras - MA;2105476;MA;DCA-Anexo I-C;Padrão;Receitas Brutas Realizadas;RO1.1.2.2.99.00.00;1.1.2.2.99.00.00 - Outras Taxas pela Prestação de Serviços;50,00;16226
2017;Prefeitura Municipal de Jenipapo dos Vieiras - MA;2105476;MA;DCA-Anexo I-C;Padrão;Receitas Brutas Realizadas;RO1.2.0.0.00.00.00;1.2.0.0.00.00.00 - Receitas de Contribuições;9576,10;16226
2017;Prefeitura Municipal de Jenipapo dos Vieiras - MA;2105476;MA;DCA-Anexo I-C;Padrão;Receitas Brutas Realizadas;RO1.2.3.0.00.00.00;1.2.3.0.00.00.00 - Contribuição para Custeio do Serviço de Iluminação Pública;9576,10;16226
2017;Prefeitura Municipal de Jenipapo dos Vieiras - MA;2105476;MA;DCA-Anexo I-C;Padrão;Receitas Brutas Realizadas;RO1.3.0.0.00.00.00;1.3.0.0.00.00.00 - Receita Patrimonial;109977,40;16226
2017;Prefeitura Municipal de Jenipapo dos Vieiras - MA;2105476;MA;DCA-Anexo I-C;Padrão;Receitas Brutas Realizadas;RO1.3.2.0.00.00.00;1.3.2.0.00.00.00 - Receitas de Valores Mobiliários;109977,40;16226
2017;Prefeitura Municipal de Jenipapo dos Vieiras - MA;2105476;MA;DCA-Anexo I-C;Padrão;Receitas Brutas Realizadas;RO1.3.2.5.00.00.00;1.3.2.5.00.00.00 - Remuneração de Depósitos Bancários;109977,40;16226
2017;Prefeitura Municipal de Jenipapo dos Vieiras - MA;2105476;MA;DCA-Anexo I-C;Padrão;Receitas Brutas Realizadas;RO1.7.0.0.00.00.00;1.7.0.0.00.00.00 - Transferências Correntes;33343712,18;16226
2017;Prefeitura Municipal de Jenipapo dos Vieiras - MA;2105476;MA;DCA-Anexo I-C;Padrão;Deduções - FUNDEB;RO1.7.0.0.00.00.00;1.7.0.0.00.00.00 - Transferências Correntes;2522551,43;16226
2017;Prefeitura Municipal de Jenipapo dos Vieiras - MA;2105476;MA;DCA-Anexo I-C;Padrão;Receitas Brutas Realizadas;RO1.7.2.0.00.00.00;1.7.2.0.00.00.00 - Transferências Intergovernamentais;32017389,75;16226
2017;Prefeitura Municipal de Jenipapo dos Vieiras - MA;2105476;MA;DCA-Anexo I-C;Padrão;Deduções - FUNDEB;RO1.7.2.0.00.00.00;1.7.2.0.00.00.00 - Transferências Intergovernamentais;2522551,43;16226
2017;Prefeitura Municipal de Jenipapo dos Vieiras - MA;2105476;MA;DCA-Anexo I-C;Padrão;Receitas Brutas Realizadas;RO1.7.2.1.00.00.00;1.7.2.1.00.00.00 - Transferências da União;17492914,97;16226
2017;Prefeitura Municipal de Jenipapo dos Vieiras - MA;2105476;MA;DCA-Anexo I-C;Padrão;Deduções - FUNDEB;RO1.7.2.1.00.00.00;1.7.2.1.00.00.00 - Transferências da União;2171282,06;16226
2017;Prefeitura Municipal de Jenipapo dos Vieiras - MA;2105476;MA;DCA-Anexo I-C;Padrão;Receitas Brutas Realizadas;RO1.7.2.1.01.00.00;1.7.2.1.01.00.00 - Participação na Receita da União;11807497,36;16226
2017;Prefeitura Municipal de Jenipapo dos Vieiras - MA;2105476;MA;DCA-Anexo I-C;Padrão;Deduções - FUNDEB;RO1.7.2.1.01.00.00;1.7.2.1.01.00.00 - Participação na Receita da União;2169357,86;16226
2017;Prefeitura Municipal de Jenipapo dos Vieiras - MA;2105476;MA;DCA-Anexo I-C;Padrão;Receitas Brutas Realizadas;RO1.7.2.1.01.02.00;1.7.2.1.01.02.00 - Cota-Parte do Fundo de Participação dos Municípios ¿ FPM;11801654,06;16226
2017;Prefeitura Municipal de Jenipapo dos Vieiras - MA;2105476;MA;DCA-Anexo I-C;Padrão;Deduções - FUNDEB;RO1.7.2.1.01.02.00;1.7.2.1.01.02.00 - Cota-Parte do Fundo de Participação dos Municípios ¿ FPM;2168189,31;16226
2017;Prefeitura Municipal de Jenipapo dos Vieiras - MA;2105476;MA;DCA-Anexo I-C;Padrão;Receitas Brutas Realizadas;RO1.7.2.1.01.05.00;1.7.2.1.01.05.00 - Cota-Parte do Imposto Sobre a Propriedade Territorial Rural ¿ ITR;5843,30;16226
2017;Prefeitura Municipal de Jenipapo dos Vieiras - MA;2105476;MA;DCA-Anexo I-C;Padrão;Deduções - FUNDEB;RO1.7.2.1.01.05.00;1.7.2.1.01.05.00 - Cota-Parte do Imposto Sobre a Propriedade Territorial Rural ¿ ITR;1168,55;16226
2017;Prefeitura Municipal de Jenipapo dos Vieiras - MA;2105476;MA;DCA-Anexo I-C;Padrão;Receitas Brutas Realizadas;RO1.7.2.1.22.00.00;1.7.2.1.22.00.00 - Transferências da Compensação Financeira pela Exploração de Recursos Naturais;125927,77;16226
2017;Prefeitura Municipal de Jenipapo dos Vieiras - MA;2105476;MA;DCA-Anexo I-C;Padrão;Receitas Brutas Realizadas;RO1.7.2.1.22.70.00;1.7.2.1.22.70.00 - Cota-Parte do Fundo Especial do Petróleo ¿ FEP;125927,77;16226
2017;Prefeitura Municipal de Jenipapo dos Vieiras - MA;2105476;MA;DCA-Anexo I-C;Padrão;Receitas Brutas Realizadas;RO1.7.2.1.33.00.00;1.7.2.1.33.00.00 - Transferências de Recursos do Sistema Único de Saúde - SUS - Repasses Fundo a Fundo;3983618,27;16226
2017;Prefeitura Municipal de Jenipapo dos Vieiras - MA;2105476;MA;DCA-Anexo I-C;Padrão;Receitas Brutas Realizadas;RO1.7.2.1.34.00.00;1.7.2.1.34.00.00 - Transferências de Recursos do Fundo Nacional de Assistência Social ¿ FNAS;454856,49;16226
2017;Prefeitura Municipal de Jenipapo dos Vieiras - MA;2105476;MA;DCA-Anexo I-C;Padrão;Receitas Brutas Realizadas;RO1.7.2.1.35.00.00;1.7.2.1.35.00.00 - Transferências de Recursos do Fundo Nacional do Desenvolvimento da Educação ¿ FNDE;1101433,31;16226
2017;Prefeitura Municipal de Jenipapo dos Vieiras - MA;2105476;MA;DCA-Anexo I-C;Padrão;Receitas Brutas Realizadas;RO1.7.2.1.36.00.00;1.7.2.1.36.00.00 - Transferências Financeiras do ICMS ¿ Desoneração ¿ L.C. Nº 87/96;8819,47;16226
2017;Prefeitura Municipal de Jenipapo dos Vieiras - MA;2105476;MA;DCA-Anexo I-C;Padrão;Deduções - FUNDEB;RO1.7.2.1.36.00.00;1.7.2.1.36.00.00 - Transferências Financeiras do ICMS ¿ Desoneração ¿ L.C. Nº 87/96;1924,20;16226
2017;Prefeitura Municipal de Jenipapo dos Vieiras - MA;2105476;MA;DCA-Anexo I-C;Padrão;Receitas Brutas Realizadas;RO1.7.2.1.99.00.00;1.7.2.1.99.00.00 - Outras Transferências da União;10762,30;16226
2017;Prefeitura Municipal de Jenipapo dos Vieiras - MA;2105476;MA;DCA-Anexo I-C;Padrão;Receitas Brutas Realizadas;RO1.7.2.2.00.00.00;1.7.2.2.00.00.00 - Transferências dos Estados;2940609,52;16226
2017;Prefeitura Municipal de Jenipapo dos Vieiras - MA;2105476;MA;DCA-Anexo I-C;Padrão;Deduções - FUNDEB;RO1.7.2.2.00.00.00;1.7.2.2.00.00.00 - Transferências dos Estados;351269,37;16226
2017;Prefeitura Municipal de Jenipapo dos Vieiras - MA;2105476;MA;DCA-Anexo I-C;Padrão;Receitas Brutas Realizadas;RO1.7.2.2.01.00.00;1.7.2.2.01.00.00 - Participação na Receita dos Estados;1897613,02;16226
2017;Prefeitura Municipal de Jenipapo dos Vieiras - MA;2105476;MA;DCA-Anexo I-C;Padrão;Deduções - FUNDEB;RO1.7.2.2.01.00.00;1.7.2.2.01.00.00 - Participação na Receita dos Estados;351269,37;16226
2017;Prefeitura Municipal de Jenipapo dos Vieiras - MA;2105476;MA;DCA-Anexo I-C;Padrão;Receitas Brutas Realizadas;RO1.7.2.2.01.01.00;1.7.2.2.01.01.00 - Cota-Parte do ICMS;1756348,32;16226
2017;Prefeitura Municipal de Jenipapo dos Vieiras - MA;2105476;MA;DCA-Anexo I-C;Padrão;Deduções - FUNDEB;RO1.7.2.2.01.01.00;1.7.2.2.01.01.00 - Cota-Parte do ICMS;351269,37;16226
2017;Prefeitura Municipal de Jenipapo dos Vieiras - MA;2105476;MA;DCA-Anexo I-C;Padrão;Receitas Brutas Realizadas;RO1.7.2.2.01.02.00;1.7.2.2.01.02.00 - Cota-Parte do IPVA;81736,94;16226
2017;Prefeitura Municipal de Jenipapo dos Vieiras - MA;2105476;MA;DCA-Anexo I-C;Padrão;Receitas Brutas Realizadas;RO1.7.2.2.01.04.00;1.7.2.2.01.04.00 - Cota-Parte do IPI - Municípios;24856,22;16226
2017;Prefeitura Municipal de Jenipapo dos Vieiras - MA;2105476;MA;DCA-Anexo I-C;Padrão;Receitas Brutas Realizadas;RO1.7.2.2.01.13.00;1.7.2.2.01.13.00 - Cota-Parte da Contribuição de Intervenção no Domínio Econômico;34671,54;16226
2017;Prefeitura Municipal de Jenipapo dos Vieiras - MA;2105476;MA;DCA-Anexo I-C;Padrão;Receitas Brutas Realizadas;RO1.7.2.2.33.00.00;1.7.2.2.33.00.00 - Transferências de Recursos do Estado para Programas de Saúde - Repasse Fundo a Fundo;942996,50;16226
2017;Prefeitura Municipal de Jenipapo dos Vieiras - MA;2105476;MA;DCA-Anexo I-C;Padrão;Receitas Brutas Realizadas;RO1.7.2.2.99.00.00;1.7.2.2.99.00.00 - Outras Transferências dos Estados;100000,00;16226
2017;Prefeitura Municipal de Jenipapo dos Vieiras - MA;2105476;MA;DCA-Anexo I-C;Padrão;Receitas Brutas Realizadas;RO1.7.2.4.00.00.00;1.7.2.4.00.00.00 - Transferências Multigovernamentais;11583865,26;16226
2017;Prefeitura Municipal de Jenipapo dos Vieiras - MA;2105476;MA;DCA-Anexo I-C;Padrão;Receitas Brutas Realizadas;RO1.7.2.4.01.00.00;1.7.2.4.01.00.00 - Transferências de Recursos do Fundo de Manutenção e Desenvolvimento do Ensino Fundamental e de Valorização do Magistério - FUNDEB;5999391,92;16226
2017;Prefeitura Municipal de Jenipapo dos Vieiras - MA;2105476;MA;DCA-Anexo I-C;Padrão;Receitas Brutas Realizadas;RO1.7.2.4.02.00.00;1.7.2.4.02.00.00 - Transferências de Recursos da Complementação ao Fundo de Manutenção e Desenvolvimento do Ensino Fundamental e de Valorização do Magistério - FUNDEB;5584473,34;16226
2017;Prefeitura Municipal de Jenipapo dos Vieiras - MA;2105476;MA;DCA-Anexo I-C;Padrão;Receitas Brutas Realizadas;RO1.7.6.0.00.00.00;1.7.6.0.00.00.00 - Transferências de Convênios;1326322,43;16226
2017;Prefeitura Municipal de Jenipapo dos Vieiras - MA;2105476;MA;DCA-Anexo I-C;Padrão;Receitas Brutas Realizadas;RO1.7.6.1.00.00.00;1.7.6.1.00.00.00 - Transferências de Convênios da União e de Suas Entidades;741122,39;16226
2017;Prefeitura Municipal de Jenipapo dos Vieiras - MA;2105476;MA;DCA-Anexo I-C;Padrão;Receitas Brutas Realizadas;RO1.7.6.1.01.00.00;1.7.6.1.01.00.00 - Transferências de Convênios da União para o Sistema Único de Saúde - SUS;244800,00;16226
2017;Prefeitura Municipal de Jenipapo dos Vieiras - MA;2105476;MA;DCA-Anexo I-C;Padrão;Receitas Brutas Realizadas;RO1.7.6.1.02.00.00;1.7.6.1.02.00.00 - Transferências de Convênios da União Destinadas a Programas de Educação;496322,39;16226
2017;Prefeitura Municipal de Jenipapo dos Vieiras - MA;2105476;MA;DCA-Anexo I-C;Padrão;Receitas Brutas Realizadas;RO1.7.6.2.00.00.00;1.7.6.2.00.00.00 - Transferências de Convênios dos Estados e do Distrito Federal e de Suas Entidades;585200,04;16226
2017;Prefeitura Municipal de Jenipapo dos Vieiras - MA;2105476;MA;DCA-Anexo I-C;Padrão;Receitas Brutas Realizadas;RO1.7.6.2.02.00.00;1.7.6.2.02.00.00 - Transferências de Convênios dos Estados Destinadas a Programas de Educação;585200,04;16226
2017;Prefeitura Municipal de Jenipapo dos Vieiras - MA;2105476;MA;DCA-Anexo I-C;Padrão;Receitas Brutas Realizadas;RO1.9.0.0.00.00.00;1.9.0.0.00.00.00 - Outras Receitas Correntes;297852,46;16226
2017;Prefeitura Municipal de Jenipapo dos Vieiras - MA;2105476;MA;DCA-Anexo I-C;Padrão;Receitas Brutas Realizadas;RO1.9.9.0.00.00.00;1.9.9.0.00.00.00 - Receitas Diversas;297852,46;16226
2017;Prefeitura Municipal de Jenipapo dos Vieiras - MA;2105476;MA;DCA-Anexo I-C;Padrão;Receitas Brutas Realizadas;RO1.9.9.0.99.00.00;1.9.9.0.99.00.00 - Outras Receitas;297852,46;16226
2017;Prefeitura Municipal de Jenipapo dos Vieiras - MA;2105476;MA;DCA-Anexo I-C;Padrão;Receitas Brutas Realizadas;RO2.0.0.0.00.00.00;2.0.0.0.00.00.00 - Receitas de Capital;806642,70;16226
2017;Prefeitura Municipal de Jenipapo dos Vieiras - MA;2105476;MA;DCA-Anexo I-C;Padrão;Receitas Brutas Realizadas;RO2.4.0.0.00.00.00;2.4.0.0.00.00.00 - Transferências de Capital;806642,70;16226
2017;Prefeitura Municipal de Jenipapo dos Vieiras - MA;2105476;MA;DCA-Anexo I-C;Padrão;Receitas Brutas Realizadas;RO2.4.7.0.00.00.00;2.4.7.0.00.00.00 - Transferências de Convênios;806642,70;16226
2017;Prefeitura Municipal de Jenipapo dos Vieiras - MA;2105476;MA;DCA-Anexo I-C;Padrão;Receitas Brutas Realizadas;RO2.4.7.1.00.00.00;2.4.7.1.00.00.00 - Transferências de Convênios da União e de suas Entidades;506642,70;16226
2017;Prefeitura Municipal de Jenipapo dos Vieiras - MA;2105476;MA;DCA-Anexo I-C;Padrão;Receitas Brutas Realizadas;RO2.4.7.1.02.00.00;2.4.7.1.02.00.00 - Transferências de Convênios da União Destinadas a Programas de Educação;259496,43;16226
2017;Prefeitura Municipal de Jenipapo dos Vieiras - MA;2105476;MA;DCA-Anexo I-C;Padrão;Receitas Brutas Realizadas;RO2.4.7.1.99.00.00;2.4.7.1.99.00.00 - Outras Transferências de Convênios da União;247146,27;16226
2017;Prefeitura Municipal de Jenipapo dos Vieiras - MA;2105476;MA;DCA-Anexo I-C;Padrão;Receitas Brutas Realizadas;RO2.4.7.2.00.00.00;2.4.7.2.00.00.00 - Transferências de Convênios dos Estados e do Distrito Federal e de suas Entidades;300000,00;16226
2017;Prefeitura Municipal de Jenipapo dos Vieiras - MA;2105476;MA;DCA-Anexo I-C;Padrão;Receitas Brutas Realizadas;RO2.4.7.2.99.00.00;2.4.7.2.99.00.00 - Outras Transferências de Convênios dos Estados;300000,00;16226
2018;Prefeitura Municipal de Jenipapo dos Vieiras - MA;2105476;MA;DCA-Anexo I-C;Padrão;Receitas Brutas Realizadas;TotalReceitas;Total Receitas;41355586,07;16226
2018;Prefeitura Municipal de Jenipapo dos Vieiras - MA;2105476;MA;DCA-Anexo I-C;Padrão;Deduções - FUNDEB;TotalReceitas;Total Receitas;2429933,39;16226
2018;Prefeitura Municipal de Jenipapo dos Vieiras - MA;2105476;MA;DCA-Anexo I-C;Padrão;Receitas Brutas Realizadas;RO1.0.0.0.00.0.0;1.0.0.0.00.0.0 - Receitas Correntes;40278760,37;16226
2018;Prefeitura Municipal de Jenipapo dos Vieiras - MA;2105476;MA;DCA-Anexo I-C;Padrão;Deduções - FUNDEB;RO1.0.0.0.00.0.0;1.0.0.0.00.0.0 - Receitas Correntes;2429933,39;16226
2018;Prefeitura Municipal de Jenipapo dos Vieiras - MA;2105476;MA;DCA-Anexo I-C;Padrão;Receitas Brutas Realizadas;RO1.1.0.0.00.0.0;1.1.0.0.00.0.0 - Impostos, Taxas e Contribuições de Melhoria;807584,29;16226
2018;Prefeitura Municipal de Jenipapo dos Vieiras - MA;2105476;MA;DCA-Anexo I-C;Padrão;Receitas Brutas Realizadas;RO1.1.1.0.00.0.0;1.1.1.0.00.0.0 - Impostos;805314,29;16226
2018;Prefeitura Municipal de Jenipapo dos Vieiras - MA;2105476;MA;DCA-Anexo I-C;Padrão;Receitas Brutas Realizadas;RO1.1.1.3.00.0.0;1.1.1.3.00.0.0 - Impostos sobre a Renda e Proventos de Qualquer Natureza;384412,23;16226
2018;Prefeitura Municipal de Jenipapo dos Vieiras - MA;2105476;MA;DCA-Anexo I-C;Padrão;Receitas Brutas Realizadas;RO1.1.1.3.03.0.0;1.1.1.3.03.0.0 - Imposto sobre a Renda - Retido na Fonte;384412,23;16226
2018;Prefeitura Municipal de Jenipapo dos Vieiras - MA;2105476;MA;DCA-Anexo I-C;Padrão;Receitas Brutas Realizadas;RO1.1.1.3.03.1.0;1.1.1.3.03.1.0 - Imposto sobre a Renda - Retido na Fonte - Trabalho;384412,23;16226
2018;Prefeitura Municipal de Jenipapo dos Vieiras - MA;2105476;MA;DCA-Anexo I-C;Padrão;Receitas Brutas Realizadas;RO1.1.1.8.00.0.0;1.1.1.8.00.0.0 Impostos Específicos de Estados, DF e Municípios;420902,06;16226
2018;Prefeitura Municipal de Jenipapo dos Vieiras - MA;2105476;MA;DCA-Anexo I-C;Padrão;Receitas Brutas Realizadas;RO1.1.1.8.01.0.0;1.1.1.8.01.0.0 Impostos sobre o Patrimônio para Estados/DF/Municípios;16342,93;16226
2018;Prefeitura Municipal de Jenipapo dos Vieiras - MA;2105476;MA;DCA-Anexo I-C;Padrão;Receitas Brutas Realizadas;RO1.1.1.8.01.1.0;1.1.1.8.01.1.0 Imposto sobre a Propriedade Predial e Territorial Urbana;5400,00;16226
2018;Prefeitura Municipal de Jenipapo dos Vieiras - MA;2105476;MA;DCA-Anexo I-C;Padrão;Receitas Brutas Realizadas;RO1.1.1.8.01.4.0;1.1.1.8.01.4.0 Imposto sobre Transmissão ¿Inter Vivos¿ de Bens Imóveis e de Direitos Reais sobre Imóveis;10942,93;16226
2018;Prefeitura Municipal de Jenipapo dos Vieiras - MA;2105476;MA;DCA-Anexo I-C;Padrão;Receitas Brutas Realizadas;RO1.1.1.8.02.0.0;1.1.1.8.02.0.0 Impostos sobre a Produção, Circulação de Mercadorias e Serviços;404559,13;16226
2018;Prefeitura Municipal de Jenipapo dos Vieiras - MA;2105476;MA;DCA-Anexo I-C;Padrão;Receitas Brutas Realizadas;RO1.1.1.8.02.3.0;1.1.1.8.02.3.0 Imposto sobre Serviços de Qualquer Natureza;404559,13;16226
2018;Prefeitura Municipal de Jenipapo dos Vieiras - MA;2105476;MA;DCA-Anexo I-C;Padrão;Receitas Brutas Realizadas;RO1.1.2.0.00.0.0;1.1.2.0.00.0.0 - Taxas;2270,00;16226
2018;Prefeitura Municipal de Jenipapo dos Vieiras - MA;2105476;MA;DCA-Anexo I-C;Padrão;Receitas Brutas Realizadas;RO1.1.2.1.00.0.0;1.1.2.1.00.0.0 - Taxas pelo Exercício do Poder de Polícia;360,00;16226
2018;Prefeitura Municipal de Jenipapo dos Vieiras - MA;2105476;MA;DCA-Anexo I-C;Padrão;Receitas Brutas Realizadas;RO1.1.2.1.01.0.0;1.1.2.1.01.0.0 - Taxas de Inspeção, Controle e Fiscalização;360,00;16226
2018;Prefeitura Municipal de Jenipapo dos Vieiras - MA;2105476;MA;DCA-Anexo I-C;Padrão;Receitas Brutas Realizadas;RO1.1.2.2.00.0.0;1.1.2.2.00.0.0 - Taxas pela Prestação de Serviços;1910,00;16226
2018;Prefeitura Municipal de Jenipapo dos Vieiras - MA;2105476;MA;DCA-Anexo I-C;Padrão;Receitas Brutas Realizadas;RO1.1.2.2.01.0.0;1.1.2.2.01.0.0 - Taxas pela Prestação de Serviços;1910,00;16226
2018;Prefeitura Municipal de Jenipapo dos Vieiras - MA;2105476;MA;DCA-Anexo I-C;Padrão;Receitas Brutas Realizadas;RO1.2.0.0.00.0.0;1.2.0.0.00.0.0 - Contribuições;117716,39;16226
2018;Prefeitura Municipal de Jenipapo dos Vieiras - MA;2105476;MA;DCA-Anexo I-C;Padrão;Receitas Brutas Realizadas;RO1.2.4.0.00.0.0;1.2.4.0.00.0.0 - Contribuição para o Custeio do Serviço de Iluminação Pública;117716,39;16226
2018;Prefeitura Municipal de Jenipapo dos Vieiras - MA;2105476;MA;DCA-Anexo I-C;Padrão;Receitas Brutas Realizadas;RO1.3.0.0.00.0.0;1.3.0.0.00.0.0 - Receita Patrimonial;1000908,97;16226
2018;Prefeitura Municipal de Jenipapo dos Vieiras - MA;2105476;MA;DCA-Anexo I-C;Padrão;Receitas Brutas Realizadas;RO1.3.2.0.00.0.0;1.3.2.0.00.0.0 - Valores Mobiliários;1000908,97;16226
2018;Prefeitura Municipal de Jenipapo dos Vieiras - MA;2105476;MA;DCA-Anexo I-C;Padrão;Receitas Brutas Realizadas;RO1.3.2.1.00.0.0;1.3.2.1.00.0.0 - Juros e Correções Monetárias;1000908,97;16226
2018;Prefeitura Municipal de Jenipapo dos Vieiras - MA;2105476;MA;DCA-Anexo I-C;Padrão;Receitas Brutas Realizadas;RO1.3.2.1.00.1.0;1.3.2.1.00.1.0 - Remuneração de Depósitos Bancários;1000908,97;16226
2018;Prefeitura Municipal de Jenipapo dos Vieiras - MA;2105476;MA;DCA-Anexo I-C;Padrão;Receitas Brutas Realizadas;RO1.7.0.0.00.0.0;1.7.0.0.00.0.0 - Transferências Correntes;38338422,98;16226
2018;Prefeitura Municipal de Jenipapo dos Vieiras - MA;2105476;MA;DCA-Anexo I-C;Padrão;Deduções - FUNDEB;RO1.7.0.0.00.0.0;1.7.0.0.00.0.0 - Transferências Correntes;2429933,39;16226
2018;Prefeitura Municipal de Jenipapo dos Vieiras - MA;2105476;MA;DCA-Anexo I-C;Padrão;Receitas Brutas Realizadas;RO1.7.1.0.00.0.0;1.7.1.0.00.0.0 - Transferências da União e de suas Entidades;20093431,36;16226
2018;Prefeitura Municipal de Jenipapo dos Vieiras - MA;2105476;MA;DCA-Anexo I-C;Padrão;Deduções - FUNDEB;RO1.7.1.0.00.0.0;1.7.1.0.00.0.0 - Transferências da União e de suas Entidades;2317943,58;16226
2018;Prefeitura Municipal de Jenipapo dos Vieiras - MA;2105476;MA;DCA-Anexo I-C;Padrão;Receitas Brutas Realizadas;RO1.7.1.8.00.0.0;1.7.1.8.00.0.0 Transferências da União - Específicas de Estados, DF e Municípios;20093431,36;16226
2018;Prefeitura Municipal de Jenipapo dos Vieiras - MA;2105476;MA;DCA-Anexo I-C;Padrão;Deduções - FUNDEB;RO1.7.1.8.00.0.0;1.7.1.8.00.0.0 Transferências da União - Específicas de Estados, DF e Municípios;2317943,58;16226
2018;Prefeitura Municipal de Jenipapo dos Vieiras - MA;2105476;MA;DCA-Anexo I-C;Padrão;Receitas Brutas Realizadas;RO1.7.1.8.01.0.0;1.7.1.8.01.0.0 Participação na Receita da União;11715102,25;16226
2018;Prefeitura Municipal de Jenipapo dos Vieiras - MA;2105476;MA;DCA-Anexo I-C;Padrão;Deduções - FUNDEB;RO1.7.1.8.01.0.0;1.7.1.8.01.0.0 Participação na Receita da União;2316052,86;16226
2018;Prefeitura Municipal de Jenipapo dos Vieiras - MA;2105476;MA;DCA-Anexo I-C;Padrão;Receitas Brutas Realizadas;RO1.7.1.8.01.2.0;1.7.1.8.01.2.0 Cota-Parte do Fundo de Participação dos Municípios - Cota Mensal;10167443,73;16226
2018;Prefeitura Municipal de Jenipapo dos Vieiras - MA;2105476;MA;DCA-Anexo I-C;Padrão;Deduções - FUNDEB;RO1.7.1.8.01.2.0;1.7.1.8.01.2.0 Cota-Parte do Fundo de Participação dos Municípios - Cota Mensal;2315006,14;16226
2018;Prefeitura Municipal de Jenipapo dos Vieiras - MA;2105476;MA;DCA-Anexo I-C;Padrão;Receitas Brutas Realizadas;RO1.7.1.8.01.3.0;1.7.1.8.01.3.0 Cota-Parte do Fundo de Participação do Municípios ¿ 1% Cota entregue no mês de dezembro;514088,64;16226
2018;Prefeitura Municipal de Jenipapo dos Vieiras - MA;2105476;MA;DCA-Anexo I-C;Padrão;Receitas Brutas Realizadas;RO1.7.1.8.01.4.0;1.7.1.8.01.4.0 Cota-Parte do Fundo de Participação dos Municípios - 1% Cota entregue no mês de julho;1028638,67;16226
2018;Prefeitura Municipal de Jenipapo dos Vieiras - MA;2105476;MA;DCA-Anexo I-C;Padrão;Receitas Brutas Realizadas;RO1.7.1.8.01.5.0;1.7.1.8.01.5.0 Cota-Parte do Imposto Sobre a Propriedade Territorial Rural;4931,21;16226
2018;Prefeitura Municipal de Jenipapo dos Vieiras - MA;2105476;MA;DCA-Anexo I-C;Padrão;Deduções - FUNDEB;RO1.7.1.8.01.5.0;1.7.1.8.01.5.0 Cota-Parte do Imposto Sobre a Propriedade Territorial Rural;1046,72;16226
2018;Prefeitura Municipal de Jenipapo dos Vieiras - MA;2105476;MA;DCA-Anexo I-C;Padrão;Receitas Brutas Realizadas;RO1.7.1.8.02.0.0;1.7.1.8.02.0.0 Transferência da Compensação Financeira pela Exploração de Recursos Naturais;249992,08;16226
2018;Prefeitura Municipal de Jenipapo dos Vieiras - MA;2105476;MA;DCA-Anexo I-C;Padrão;Receitas Brutas Realizadas;RO1.7.1.8.02.6.0;1.7.1.8.02.6.0 Cota-Parte do Fundo Especial do Petróleo ¿ FEP;249992,08;16226
2018;Prefeitura Municipal de Jenipapo dos Vieiras - MA;2105476;MA;DCA-Anexo I-C;Padrão;Receitas Brutas Realizadas;RO1.7.1.8.03.0.0;1.7.1.8.03.0.0 Transferência de Recursos do Sistema Único de Saúde ¿ SUS ¿ Repasses Fundo a Fundo;5907906,96;16226
2018;Prefeitura Municipal de Jenipapo dos Vieiras - MA;2105476;MA;DCA-Anexo I-C;Padrão;Receitas Brutas Realizadas;RO1.7.1.8.04.0.0;1.7.1.8.04.0.0 Transferências de Recursos do Fundo Nacional de Assistência Social ¿ FNAS;497798,87;16226
2018;Prefeitura Municipal de Jenipapo dos Vieiras - MA;2105476;MA;DCA-Anexo I-C;Padrão;Receitas Brutas Realizadas;RO1.7.1.8.05.0.0;1.7.1.8.05.0.0 Transferências de Recursos do Fundo Nacional do Desenvolvimento da Educação ¿ FNDE;1405258,64;16226
2018;Prefeitura Municipal de Jenipapo dos Vieiras - MA;2105476;MA;DCA-Anexo I-C;Padrão;Receitas Brutas Realizadas;RO1.7.1.8.05.1.0;1.7.1.8.05.1.0 Transferências do Salário-Educação;303730,39;16226
2018;Prefeitura Municipal de Jenipapo dos Vieiras - MA;2105476;MA;DCA-Anexo I-C;Padrão;Receitas Brutas Realizadas;RO1.7.1.8.05.2.0;1.7.1.8.05.2.0 Transferências Diretas do FNDE referentes ao Programa Dinheiro Direto na Escola ¿ PDDE;4800,00;16226
2018;Prefeitura Municipal de Jenipapo dos Vieiras - MA;2105476;MA;DCA-Anexo I-C;Padrão;Receitas Brutas Realizadas;RO1.7.1.8.05.3.0;1.7.1.8.05.3.0 Transferências Diretas do FNDE referentes ao Programa Nacional de Alimentação Escolar ¿ PNAE;630414,74;16226
2018;Prefeitura Municipal de Jenipapo dos Vieiras - MA;2105476;MA;DCA-Anexo I-C;Padrão;Receitas Brutas Realizadas;RO1.7.1.8.05.4.0;1.7.1.8.05.4.0 Transferências Diretas do FNDE referentes ao Programa Nacional de Apoio ao Transporte do Escolar ¿ PNATE;296094,75;16226
2018;Prefeitura Municipal de Jenipapo dos Vieiras - MA;2105476;MA;DCA-Anexo I-C;Padrão;Receitas Brutas Realizadas;RO1.7.1.8.05.9.0;1.7.1.8.05.9.0 Outras Transferências Diretas do Fundo Nacional do Desenvolvimento da Educação ¿ FNDE;170218,76;16226
2018;Prefeitura Municipal de Jenipapo dos Vieiras - MA;2105476;MA;DCA-Anexo I-C;Padrão;Receitas Brutas Realizadas;RO1.7.1.8.06.0.0;1.7.1.8.06.0.0 Transferência Financeira do ICMS ¿ Desoneração ¿ L.C. Nº 87/96;8665,80;16226
2018;Prefeitura Municipal de Jenipapo dos Vieiras - MA;2105476;MA;DCA-Anexo I-C;Padrão;Deduções - FUNDEB;RO1.7.1.8.06.0.0;1.7.1.8.06.0.0 Transferência Financeira do ICMS ¿ Desoneração ¿ L.C. Nº 87/96;1890,72;16226
2018;Prefeitura Municipal de Jenipapo dos Vieiras - MA;2105476;MA;DCA-Anexo I-C;Padrão;Receitas Brutas Realizadas;RO1.7.1.8.06.1.0;1.7.1.8.06.1.0 Transferência Financeira do ICMS ¿ Desoneração ¿ L.C. Nº 87/96;8665,80;16226
2018;Prefeitura Municipal de Jenipapo dos Vieiras - MA;2105476;MA;DCA-Anexo I-C;Padrão;Deduções - FUNDEB;RO1.7.1.8.06.1.0;1.7.1.8.06.1.0 Transferência Financeira do ICMS ¿ Desoneração ¿ L.C. Nº 87/96;1890,72;16226
2018;Prefeitura Municipal de Jenipapo dos Vieiras - MA;2105476;MA;DCA-Anexo I-C;Padrão;Receitas Brutas Realizadas;RO1.7.1.8.10.0.0;1.7.1.8.10.0.0 Transferências de Convênios da União e de Suas Entidades;303784,96;16226
2018;Prefeitura Municipal de Jenipapo dos Vieiras - MA;2105476;MA;DCA-Anexo I-C;Padrão;Receitas Brutas Realizadas;RO1.7.1.8.10.1.0;1.7.1.8.10.1.0 Transferências de Convênios da União para o Sistema Único de Saúde ¿ SUS;12000,00;16226
2018;Prefeitura Municipal de Jenipapo dos Vieiras - MA;2105476;MA;DCA-Anexo I-C;Padrão;Receitas Brutas Realizadas;RO1.7.1.8.10.2.0;1.7.1.8.10.2.0 Transferências de Convênios da União Destinadas a Programas de Educação;291784,96;16226
2018;Prefeitura Municipal de Jenipapo dos Vieiras - MA;2105476;MA;DCA-Anexo I-C;Padrão;Receitas Brutas Realizadas;RO1.7.1.8.99.0.0;1.7.1.8.99.0.0 Outras Transferências da União;4921,80;16226
2018;Prefeitura Municipal de Jenipapo dos Vieiras - MA;2105476;MA;DCA-Anexo I-C;Padrão;Receitas Brutas Realizadas;RO1.7.2.0.00.0.0;1.7.2.0.00.0.0 - Transferências dos Estados e do Distrito Federal e de suas Entidades;3084419,26;16226
2018;Prefeitura Municipal de Jenipapo dos Vieiras - MA;2105476;MA;DCA-Anexo I-C;Padrão;Deduções - FUNDEB;RO1.7.2.0.00.0.0;1.7.2.0.00.0.0 - Transferências dos Estados e do Distrito Federal e de suas Entidades;111989,81;16226
2018;Prefeitura Municipal de Jenipapo dos Vieiras - MA;2105476;MA;DCA-Anexo I-C;Padrão;Receitas Brutas Realizadas;RO1.7.2.8.00.0.0;1.7.2.8.00.0.0 Transferências dos Estados - Específicas de Estados, DF e Municípios;3084419,26;16226
2018;Prefeitura Municipal de Jenipapo dos Vieiras - MA;2105476;MA;DCA-Anexo I-C;Padrão;Deduções - FUNDEB;RO1.7.2.8.00.0.0;1.7.2.8.00.0.0 Transferências dos Estados - Específicas de Estados, DF e Municípios;111989,81;16226
2018;Prefeitura Municipal de Jenipapo dos Vieiras - MA;2105476;MA;DCA-Anexo I-C;Padrão;Receitas Brutas Realizadas;RO1.7.2.8.01.0.0;1.7.2.8.01.0.0 Participação na Receita dos Estados;1582203,53;16226
2018;Prefeitura Municipal de Jenipapo dos Vieiras - MA;2105476;MA;DCA-Anexo I-C;Padrão;Deduções - FUNDEB;RO1.7.2.8.01.0.0;1.7.2.8.01.0.0 Participação na Receita dos Estados;111989,81;16226
2018;Prefeitura Municipal de Jenipapo dos Vieiras - MA;2105476;MA;DCA-Anexo I-C;Padrão;Receitas Brutas Realizadas;RO1.7.2.8.01.1.0;1.7.2.8.01.1.0 Cota-Parte do ICMS;1424153,83;16226
2018;Prefeitura Municipal de Jenipapo dos Vieiras - MA;2105476;MA;DCA-Anexo I-C;Padrão;Deduções - FUNDEB;RO1.7.2.8.01.1.0;1.7.2.8.01.1.0 Cota-Parte do ICMS;111989,81;16226
2018;Prefeitura Municipal de Jenipapo dos Vieiras - MA;2105476;MA;DCA-Anexo I-C;Padrão;Receitas Brutas Realizadas;RO1.7.2.8.01.2.0;1.7.2.8.01.2.0 Cota-Parte do IPVA;79179,96;16226
2018;Prefeitura Municipal de Jenipapo dos Vieiras - MA;2105476;MA;DCA-Anexo I-C;Padrão;Receitas Brutas Realizadas;RO1.7.2.8.01.3.0;1.7.2.8.01.3.0 Cota-Parte do IPI - Municípios;59930,08;16226
2018;Prefeitura Municipal de Jenipapo dos Vieiras - MA;2105476;MA;DCA-Anexo I-C;Padrão;Receitas Brutas Realizadas;RO1.7.2.8.01.4.0;1.7.2.8.01.4.0 Cota-Parte da Contribuição de Intervenção no Domínio Econômico;18939,66;16226
2018;Prefeitura Municipal de Jenipapo dos Vieiras - MA;2105476;MA;DCA-Anexo I-C;Padrão;Receitas Brutas Realizadas;RO1.7.2.8.03.0.0;1.7.2.8.03.0.0 Transferência de Recursos do Estado para Programas de Saúde ¿ Repasse Fundo a Fundo;1160029,67;16226
2018;Prefeitura Municipal de Jenipapo dos Vieiras - MA;2105476;MA;DCA-Anexo I-C;Padrão;Receitas Brutas Realizadas;RO1.7.2.8.10.0.0;1.7.2.8.10.0.0 Transferência de Convênios dos Estados e do Distrito Federal e de Suas Entidades;57863,60;16226
2018;Prefeitura Municipal de Jenipapo dos Vieiras - MA;2105476;MA;DCA-Anexo I-C;Padrão;Receitas Brutas Realizadas;RO1.7.2.8.10.1.0;1.7.2.8.10.1.0 Transferências de Convênio dos Estados para o Sistema Único de Saúde ¿ SUS;6253,60;16226
2018;Prefeitura Municipal de Jenipapo dos Vieiras - MA;2105476;MA;DCA-Anexo I-C;Padrão;Receitas Brutas Realizadas;RO1.7.2.8.10.2.0;1.7.2.8.10.2.0 Transferências de Convênio dos Estados Destinadas a Programas de Educação;31610,00;16226
2018;Prefeitura Municipal de Jenipapo dos Vieiras - MA;2105476;MA;DCA-Anexo I-C;Padrão;Receitas Brutas Realizadas;RO1.7.2.8.10.9.0;1.7.2.8.10.9.0 Outras Transferências de Convênio dos Estados;20000,00;16226
2018;Prefeitura Municipal de Jenipapo dos Vieiras - MA;2105476;MA;DCA-Anexo I-C;Padrão;Receitas Brutas Realizadas;RO1.7.2.8.99.0.0;1.7.2.8.99.0.0 Outras Transferências dos Estados;284322,46;16226
2018;Prefeitura Municipal de Jenipapo dos Vieiras - MA;2105476;MA;DCA-Anexo I-C;Padrão;Receitas Brutas Realizadas;RO1.7.5.0.00.0.0;1.7.5.0.00.0.0 - Transferências de Outras Instituições Públicas;15160572,36;16226
2018;Prefeitura Municipal de Jenipapo dos Vieiras - MA;2105476;MA;DCA-Anexo I-C;Padrão;Receitas Brutas Realizadas;RO1.7.5.8.00.0.0;1.7.5.8.00.0.0 Transferências de Outras Instituições Públicas - Específicas de Estados, DF e Municípios;15160572,36;16226
2018;Prefeitura Municipal de Jenipapo dos Vieiras - MA;2105476;MA;DCA-Anexo I-C;Padrão;Receitas Brutas Realizadas;RO1.7.5.8.01.0.0;1.7.5.8.01.0.0 Transferências de Recursos do Fundo de Manutenção e Desenvolvimento da Educação Básica e de Valorização dos Profissionais da Educação ¿ FUNDEB;15160572,36;16226
2018;Prefeitura Municipal de Jenipapo dos Vieiras - MA;2105476;MA;DCA-Anexo I-C;Padrão;Receitas Brutas Realizadas;RO1.9.0.0.00.0.0;1.9.0.0.00.0.0 - Outras Receitas Correntes;14127,74;16226
2018;Prefeitura Municipal de Jenipapo dos Vieiras - MA;2105476;MA;DCA-Anexo I-C;Padrão;Receitas Brutas Realizadas;RO1.9.9.0.00.0.0;1.9.9.0.00.0.0 - Demais Receitas Correntes;14127,74;16226
2018;Prefeitura Municipal de Jenipapo dos Vieiras - MA;2105476;MA;DCA-Anexo I-C;Padrão;Receitas Brutas Realizadas;RO1.9.9.0.99.0.0;1.9.9.0.99.0.0 - Outras Receitas;14127,74;16226
2018;Prefeitura Municipal de Jenipapo dos Vieiras - MA;2105476;MA;DCA-Anexo I-C;Padrão;Receitas Brutas Realizadas;RO1.9.9.0.99.1.0;1.9.9.0.99.1.0 - Outras Receitas - Primárias;14127,74;16226
2018;Prefeitura Municipal de Jenipapo dos Vieiras - MA;2105476;MA;DCA-Anexo I-C;Padrão;Receitas Brutas Realizadas;RO2.0.0.0.00.0.0;2.0.0.0.00.0.0 - Receitas de Capital;1076825,70;16226
2018;Prefeitura Municipal de Jenipapo dos Vieiras - MA;2105476;MA;DCA-Anexo I-C;Padrão;Receitas Brutas Realizadas;RO2.4.0.0.00.0.0;2.4.0.0.00.0.0 - Transferências de Capital;1076825,70;16226
2018;Prefeitura Municipal de Jenipapo dos Vieiras - MA;2105476;MA;DCA-Anexo I-C;Padrão;Receitas Brutas Realizadas;RO2.4.1.0.00.0.0;2.4.1.0.00.0.0 - Transferências da União e de suas Entidades;1076825,70;16226
2018;Prefeitura Municipal de Jenipapo dos Vieiras - MA;2105476;MA;DCA-Anexo I-C;Padrão;Receitas Brutas Realizadas;RO2.4.1.8.00.0.0;2.4.1.8.00.0.0 Transferências da União - Específicas de Estados, DF e Municípios;1076825,70;16226
2018;Prefeitura Municipal de Jenipapo dos Vieiras - MA;2105476;MA;DCA-Anexo I-C;Padrão;Receitas Brutas Realizadas;RO2.4.1.8.10.0.0;2.4.1.8.10.0.0 Transferência de Convênios da União e de suas Entidades;1076825,70;16226
2019;Prefeitura Municipal de Jenipapo dos Vieiras - MA;2105476;MA;DCA-Anexo I-C;Padrão;Receitas Brutas Realizadas;ReceitasExcetoIntraOrcamentarias;RECEITAS (EXCETO INTRA-ORÇAMENTÁRIAS) (I);32736148,07;16432
2019;Prefeitura Municipal de Jenipapo dos Vieiras - MA;2105476;MA;DCA-Anexo I-C;Padrão;Deduções - FUNDEB;ReceitasExcetoIntraOrcamentarias;RECEITAS (EXCETO INTRA-ORÇAMENTÁRIAS) (I);7344508,01;16432
2019;Prefeitura Municipal de Jenipapo dos Vieiras - MA;2105476;MA;DCA-Anexo I-C;Padrão;Receitas Brutas Realizadas;RO1.0.0.0.00.0.0;1.0.0.0.00.0.0 - Receitas Correntes;31555795,96;16432
2019;Prefeitura Municipal de Jenipapo dos Vieiras - MA;2105476;MA;DCA-Anexo I-C;Padrão;Deduções - FUNDEB;RO1.0.0.0.00.0.0;1.0.0.0.00.0.0 - Receitas Correntes;7344508,01;16432
2019;Prefeitura Municipal de Jenipapo dos Vieiras - MA;2105476;MA;DCA-Anexo I-C;Padrão;Receitas Brutas Realizadas;RO1.1.0.0.00.0.0;1.1.0.0.00.0.0 - Impostos, Taxas e Contribuições de Melhoria;651916,56;16432
2019;Prefeitura Municipal de Jenipapo dos Vieiras - MA;2105476;MA;DCA-Anexo I-C;Padrão;Receitas Brutas Realizadas;RO1.1.1.0.00.0.0;1.1.1.0.00.0.0 - Impostos;180094,74;16432
2019;Prefeitura Municipal de Jenipapo dos Vieiras - MA;2105476;MA;DCA-Anexo I-C;Padrão;Receitas Brutas Realizadas;RO1.1.1.3.00.0.0;1.1.1.3.00.0.0 - Impostos sobre a Renda e Proventos de Qualquer Natureza;17531,53;16432
2019;Prefeitura Municipal de Jenipapo dos Vieiras - MA;2105476;MA;DCA-Anexo I-C;Padrão;Receitas Brutas Realizadas;RO1.1.1.3.03.0.0;1.1.1.3.03.0.0 - Imposto sobre a Renda - Retido na Fonte;17531,53;16432
2019;Prefeitura Municipal de Jenipapo dos Vieiras - MA;2105476;MA;DCA-Anexo I-C;Padrão;Receitas Brutas Realizadas;RO1.1.1.3.03.1.0;1.1.1.3.03.1.0 - Imposto sobre a Renda - Retido na Fonte - Trabalho;17531,53;16432
2019;Prefeitura Municipal de Jenipapo dos Vieiras - MA;2105476;MA;DCA-Anexo I-C;Padrão;Receitas Brutas Realizadas;RO1.1.1.8.00.0.0;1.1.1.8.00.0.0 Impostos Específicos de Estados, DF e Municípios;162563,21;16432
2019;Prefeitura Municipal de Jenipapo dos Vieiras - MA;2105476;MA;DCA-Anexo I-C;Padrão;Receitas Brutas Realizadas;RO1.1.1.8.01.0.0;1.1.1.8.01.0.0 Impostos sobre o Patrimônio para Estados/DF/Municípios;9111,79;16432
2019;Prefeitura Municipal de Jenipapo dos Vieiras - MA;2105476;MA;DCA-Anexo I-C;Padrão;Receitas Brutas Realizadas;RO1.1.1.8.01.1.0;1.1.1.8.01.1.0 Imposto sobre a Propriedade Predial e Territorial Urbana;616,00;16432
2019;Prefeitura Municipal de Jenipapo dos Vieiras - MA;2105476;MA;DCA-Anexo I-C;Padrão;Receitas Brutas Realizadas;RO1.1.1.8.01.4.0;1.1.1.8.01.4.0 Imposto sobre Transmissão ¿Inter Vivos¿ de Bens Imóveis e de Direitos Reais sobre Imóveis;8495,79;16432
2019;Prefeitura Municipal de Jenipapo dos Vieiras - MA;2105476;MA;DCA-Anexo I-C;Padrão;Receitas Brutas Realizadas;RO1.1.1.8.02.0.0;1.1.1.8.02.0.0 Impostos sobre a Produção, Circulação de Mercadorias e Serviços;153451,42;16432
2019;Prefeitura Municipal de Jenipapo dos Vieiras - MA;2105476;MA;DCA-Anexo I-C;Padrão;Receitas Brutas Realizadas;RO1.1.1.8.02.3.0;1.1.1.8.02.3.0 Imposto sobre Serviços de Qualquer Natureza;153451,42;16432
2019;Prefeitura Municipal de Jenipapo dos Vieiras - MA;2105476;MA;DCA-Anexo I-C;Padrão;Receitas Brutas Realizadas;RO1.1.2.0.00.0.0;1.1.2.0.00.0.0 - Taxas;9638,09;16432
2019;Prefeitura Municipal de Jenipapo dos Vieiras - MA;2105476;MA;DCA-Anexo I-C;Padrão;Receitas Brutas Realizadas;RO1.1.2.8.00.0.0;1.1.2.8.00.0.0 - Taxas - Específicas de Estados, DF e Municípios;9638,09;16432
2019;Prefeitura Municipal de Jenipapo dos Vieiras - MA;2105476;MA;DCA-Anexo I-C;Padrão;Receitas Brutas Realizadas;RO1.1.2.8.01.0.0;1.1.2.8.01.0.0 - Taxas de Inspeção, Controle e Fiscalização;9638,09;16432
2019;Prefeitura Municipal de Jenipapo dos Vieiras - MA;2105476;MA;DCA-Anexo I-C;Padrão;Receitas Brutas Realizadas;RO1.1.2.8.01.9.0;1.1.2.8.01.9.0 - Taxas de Inspeção, Controle e Fiscalização - Outras;9638,09;16432
2019;Prefeitura Municipal de Jenipapo dos Vieiras - MA;2105476;MA;DCA-Anexo I-C;Padrão;Receitas Brutas Realizadas;RO1.1.3.0.00.0.0;1.1.3.0.00.0.0 - Contribuição de Melhoria;462183,73;16432
2019;Prefeitura Municipal de Jenipapo dos Vieiras - MA;2105476;MA;DCA-Anexo I-C;Padrão;Receitas Brutas Realizadas;RO1.1.3.8.00.0.0;1.1.3.8.00.0.0 - Contribuição de Melhoria - Específica de Estados, DF e Municípios;462183,73;16432
2019;Prefeitura Municipal de Jenipapo dos Vieiras - MA;2105476;MA;DCA-Anexo I-C;Padrão;Receitas Brutas Realizadas;RO1.1.3.8.02.0.0;1.1.3.8.02.0.0 - Contribuição de Melhoria para Expansão da Rede de Iluminação Pública na Cidade;462054,71;16432
2019;Prefeitura Municipal de Jenipapo dos Vieiras - MA;2105476;MA;DCA-Anexo I-C;Padrão;Receitas Brutas Realizadas;RO1.1.3.8.99.0.0;1.1.3.8.99.0.0 - Outras Contribuições de Melhoria;129,02;16432
2019;Prefeitura Municipal de Jenipapo dos Vieiras - MA;2105476;MA;DCA-Anexo I-C;Padrão;Receitas Brutas Realizadas;RO1.3.0.0.00.0.0;1.3.0.0.00.0.0 - Receita Patrimonial;24367,85;16432
2019;Prefeitura Municipal de Jenipapo dos Vieiras - MA;2105476;MA;DCA-Anexo I-C;Padrão;Receitas Brutas Realizadas;RO1.3.2.0.00.0.0;1.3.2.0.00.0.0 - Valores Mobiliários;23433,06;16432
2019;Prefeitura Municipal de Jenipapo dos Vieiras - MA;2105476;MA;DCA-Anexo I-C;Padrão;Receitas Brutas Realizadas;RO1.3.2.1.00.0.0;1.3.2.1.00.0.0 - Juros e Correções Monetárias;23433,06;16432
2019;Prefeitura Municipal de Jenipapo dos Vieiras - MA;2105476;MA;DCA-Anexo I-C;Padrão;Receitas Brutas Realizadas;RO1.3.2.1.00.1.0;1.3.2.1.00.1.0 - Remuneração de Depósitos Bancários;23433,06;16432
2019;Prefeitura Municipal de Jenipapo dos Vieiras - MA;2105476;MA;DCA-Anexo I-C;Padrão;Receitas Brutas Realizadas;RO1.3.3.0.00.0.0;1.3.3.0.00.0.0 - Delegação de Serviços Públicos Mediante Concessão, Permissão, Autorização ou Licença;192,68;16432
2019;Prefeitura Municipal de Jenipapo dos Vieiras - MA;2105476;MA;DCA-Anexo I-C;Padrão;Receitas Brutas Realizadas;RO1.3.3.9.00.0.0;1.3.3.9.00.0.0 - Demais Delegações de Serviços Públicos;192,68;16432
2019;Prefeitura Municipal de Jenipapo dos Vieiras - MA;2105476;MA;DCA-Anexo I-C;Padrão;Receitas Brutas Realizadas;RO1.3.9.0.00.0.0;1.3.9.0.00.0.0 - Demais Receitas Patrimoniais;742,11;16432
2019;Prefeitura Municipal de Jenipapo dos Vieiras - MA;2105476;MA;DCA-Anexo I-C;Padrão;Receitas Brutas Realizadas;RO1.6.0.0.00.0.0;1.6.0.0.00.0.0 - Receita de Serviços;785661,99;16432
2019;Prefeitura Municipal de Jenipapo dos Vieiras - MA;2105476;MA;DCA-Anexo I-C;Padrão;Receitas Brutas Realizadas;RO1.6.1.0.00.0.0;1.6.1.0.00.0.0 - Serviços Administrativos e Comerciais Gerais;227315,51;16432
2019;Prefeitura Municipal de Jenipapo dos Vieiras - MA;2105476;MA;DCA-Anexo I-C;Padrão;Receitas Brutas Realizadas;RO1.6.1.0.01.0.0;1.6.1.0.01.0.0 - Serviços Administrativos e Comerciais Gerais;227315,51;16432
2019;Prefeitura Municipal de Jenipapo dos Vieiras - MA;2105476;MA;DCA-Anexo I-C;Padrão;Receitas Brutas Realizadas;RO1.6.3.0.00.0.0;1.6.3.0.00.0.0 - Serviços e Atividades Referentes à Saúde;558346,48;16432
2019;Prefeitura Municipal de Jenipapo dos Vieiras - MA;2105476;MA;DCA-Anexo I-C;Padrão;Receitas Brutas Realizadas;RO1.6.3.8.00.0.0;1.6.3.8.00.0.0 - Serviços e Atividades Referentes à Saúde - Específico para Estados/DF/Municípios;558346,48;16432
2019;Prefeitura Municipal de Jenipapo dos Vieiras - MA;2105476;MA;DCA-Anexo I-C;Padrão;Receitas Brutas Realizadas;RO1.6.3.8.01.0.0;1.6.3.8.01.0.0 - Serviços de Saúde - Específico para Estados/DF/Municípios;558346,48;16432
2019;Prefeitura Municipal de Jenipapo dos Vieiras - MA;2105476;MA;DCA-Anexo I-C;Padrão;Receitas Brutas Realizadas;RO1.6.3.8.01.1.0;1.6.3.8.01.1.0 - Serviços Hospitalares;558346,48;16432
2019;Prefeitura Municipal de Jenipapo dos Vieiras - MA;2105476;MA;DCA-Anexo I-C;Padrão;Receitas Brutas Realizadas;RO1.7.0.0.00.0.0;1.7.0.0.00.0.0 - Transferências Correntes;30093849,56;16432
2019;Prefeitura Municipal de Jenipapo dos Vieiras - MA;2105476;MA;DCA-Anexo I-C;Padrão;Deduções - FUNDEB;RO1.7.0.0.00.0.0;1.7.0.0.00.0.0 - Transferências Correntes;7344508,01;16432
2019;Prefeitura Municipal de Jenipapo dos Vieiras - MA;2105476;MA;DCA-Anexo I-C;Padrão;Receitas Brutas Realizadas;RO1.7.1.0.00.0.0;1.7.1.0.00.0.0 - Transferências da União e de suas Entidades;24703972,89;16432
2019;Prefeitura Municipal de Jenipapo dos Vieiras - MA;2105476;MA;DCA-Anexo I-C;Padrão;Deduções - FUNDEB;RO1.7.1.0.00.0.0;1.7.1.0.00.0.0 - Transferências da União e de suas Entidades;2432509,05;16432
2019;Prefeitura Municipal de Jenipapo dos Vieiras - MA;2105476;MA;DCA-Anexo I-C;Padrão;Receitas Brutas Realizadas;RO1.7.1.8.00.0.0;1.7.1.8.00.0.0 Transferências da União - Específicas de Estados, DF e Municípios;24703972,89;16432
2019;Prefeitura Municipal de Jenipapo dos Vieiras - MA;2105476;MA;DCA-Anexo I-C;Padrão;Deduções - FUNDEB;RO1.7.1.8.00.0.0;1.7.1.8.00.0.0 Transferências da União - Específicas de Estados, DF e Municípios;2432509,05;16432
2019;Prefeitura Municipal de Jenipapo dos Vieiras - MA;2105476;MA;DCA-Anexo I-C;Padrão;Receitas Brutas Realizadas;RO1.7.1.8.01.0.0;1.7.1.8.01.0.0 Participação na Receita da União;15037693,44;16432
2019;Prefeitura Municipal de Jenipapo dos Vieiras - MA;2105476;MA;DCA-Anexo I-C;Padrão;Deduções - FUNDEB;RO1.7.1.8.01.0.0;1.7.1.8.01.0.0 Participação na Receita da União;2432509,05;16432
2019;Prefeitura Municipal de Jenipapo dos Vieiras - MA;2105476;MA;DCA-Anexo I-C;Padrão;Receitas Brutas Realizadas;RO1.7.1.8.01.2.0;1.7.1.8.01.2.0 Cota-Parte do Fundo de Participação dos Municípios - Cota Mensal;13951227,75;16432
2019;Prefeitura Municipal de Jenipapo dos Vieiras - MA;2105476;MA;DCA-Anexo I-C;Padrão;Deduções - FUNDEB;RO1.7.1.8.01.2.0;1.7.1.8.01.2.0 Cota-Parte do Fundo de Participação dos Municípios - Cota Mensal;2431376,36;16432
2019;Prefeitura Municipal de Jenipapo dos Vieiras - MA;2105476;MA;DCA-Anexo I-C;Padrão;Receitas Brutas Realizadas;RO1.7.1.8.01.3.0;1.7.1.8.01.3.0 Cota-Parte do Fundo de Participação do Municípios ¿ 1% Cota entregue no mês de dezembro;540361,05;16432
2019;Prefeitura Municipal de Jenipapo dos Vieiras - MA;2105476;MA;DCA-Anexo I-C;Padrão;Receitas Brutas Realizadas;RO1.7.1.8.01.4.0;1.7.1.8.01.4.0 Cota-Parte do Fundo de Participação dos Municípios - 1% Cota entregue no mês de julho;540361,05;16432
2019;Prefeitura Municipal de Jenipapo dos Vieiras - MA;2105476;MA;DCA-Anexo I-C;Padrão;Receitas Brutas Realizadas;RO1.7.1.8.01.5.0;1.7.1.8.01.5.0 Cota-Parte do Imposto Sobre a Propriedade Territorial Rural;5743,59;16432
2019;Prefeitura Municipal de Jenipapo dos Vieiras - MA;2105476;MA;DCA-Anexo I-C;Padrão;Deduções - FUNDEB;RO1.7.1.8.01.5.0;1.7.1.8.01.5.0 Cota-Parte do Imposto Sobre a Propriedade Territorial Rural;1132,69;16432
2019;Prefeitura Municipal de Jenipapo dos Vieiras - MA;2105476;MA;DCA-Anexo I-C;Padrão;Receitas Brutas Realizadas;RO1.7.1.8.02.0.0;1.7.1.8.02.0.0 Transferência da Compensação Financeira pela Exploração de Recursos Naturais;193194,82;16432
2019;Prefeitura Municipal de Jenipapo dos Vieiras - MA;2105476;MA;DCA-Anexo I-C;Padrão;Receitas Brutas Realizadas;RO1.7.1.8.02.6.0;1.7.1.8.02.6.0 Cota-Parte do Fundo Especial do Petróleo ¿ FEP;193194,82;16432
2019;Prefeitura Municipal de Jenipapo dos Vieiras - MA;2105476;MA;DCA-Anexo I-C;Padrão;Receitas Brutas Realizadas;RO1.7.1.8.03.0.0;"1.7.1.8.03.0.0 Transferência de Recursos do Sistema Único de Saúde ¿ 
 SUS ¿ Bloco Custeio das Ações e Serviços Públicos de Saúde";8433048,54;16432
2019;Prefeitura Municipal de Jenipapo dos Vieiras - MA;2105476;MA;DCA-Anexo I-C;Padrão;Receitas Brutas Realizadas;RO1.7.1.8.03.1.0;1.7.1.8.03.1.0 - Transferência de Recursos do SUS ¿ Atenção Básica;4466394,77;16432
2019;Prefeitura Municipal de Jenipapo dos Vieiras - MA;2105476;MA;DCA-Anexo I-C;Padrão;Receitas Brutas Realizadas;RO1.7.1.8.03.2.0;1.7.1.8.03.2.0 - Transferência de Recursos do SUS ¿ Atenção de Média e Alta Complexidade Ambulatorial e Hospitalar;357123,76;16432
2019;Prefeitura Municipal de Jenipapo dos Vieiras - MA;2105476;MA;DCA-Anexo I-C;Padrão;Receitas Brutas Realizadas;RO1.7.1.8.03.3.0;1.7.1.8.03.3.0 - Transferência de Recursos do SUS ¿ Vigilância em Saúde;209865,52;16432
2019;Prefeitura Municipal de Jenipapo dos Vieiras - MA;2105476;MA;DCA-Anexo I-C;Padrão;Receitas Brutas Realizadas;RO1.7.1.8.03.4.0;1.7.1.8.03.4.0 - Transferência de Recursos do SUS ¿ Assistência Farmacêutica;114666,91;16432
2019;Prefeitura Municipal de Jenipapo dos Vieiras - MA;2105476;MA;DCA-Anexo I-C;Padrão;Receitas Brutas Realizadas;RO1.7.1.8.03.9.0;1.7.1.8.03.9.0 - Transferência de Recursos do SUS ¿ Outros Programas Financiados por Transferências Fundo a Fundo;3284997,58;16432
2019;Prefeitura Municipal de Jenipapo dos Vieiras - MA;2105476;MA;DCA-Anexo I-C;Padrão;Receitas Brutas Realizadas;RO1.7.1.8.05.0.0;1.7.1.8.05.0.0 Transferências de Recursos do Fundo Nacional do Desenvolvimento da Educação ¿ FNDE;1040036,09;16432
2019;Prefeitura Municipal de Jenipapo dos Vieiras - MA;2105476;MA;DCA-Anexo I-C;Padrão;Receitas Brutas Realizadas;RO1.7.1.8.05.1.0;1.7.1.8.05.1.0 Transferências do Salário-Educação;210099,51;16432
2019;Prefeitura Municipal de Jenipapo dos Vieiras - MA;2105476;MA;DCA-Anexo I-C;Padrão;Receitas Brutas Realizadas;RO1.7.1.8.05.2.0;1.7.1.8.05.2.0 Transferências Diretas do FNDE referentes ao Programa Dinheiro Direto na Escola ¿ PDDE;6600,00;16432
2019;Prefeitura Municipal de Jenipapo dos Vieiras - MA;2105476;MA;DCA-Anexo I-C;Padrão;Receitas Brutas Realizadas;RO1.7.1.8.05.3.0;1.7.1.8.05.3.0 Transferências Diretas do FNDE referentes ao Programa Nacional de Alimentação Escolar ¿ PNAE;527164,00;16432
2019;Prefeitura Municipal de Jenipapo dos Vieiras - MA;2105476;MA;DCA-Anexo I-C;Padrão;Receitas Brutas Realizadas;RO1.7.1.8.05.4.0;1.7.1.8.05.4.0 Transferências Diretas do FNDE referentes ao Programa Nacional de Apoio ao Transporte do Escolar ¿ PNATE;296172,58;16432
2019;Prefeitura Municipal de Jenipapo dos Vieiras - MA;2105476;MA;DCA-Anexo I-C;Padrão;Receitas Brutas Realizadas;RO1.7.2.0.00.0.0;1.7.2.0.00.0.0 - Transferências dos Estados e do Distrito Federal e de suas Entidades;5389876,67;16432
2019;Prefeitura Municipal de Jenipapo dos Vieiras - MA;2105476;MA;DCA-Anexo I-C;Padrão;Deduções - FUNDEB;RO1.7.2.0.00.0.0;1.7.2.0.00.0.0 - Transferências dos Estados e do Distrito Federal e de suas Entidades;4911998,96;16432
2019;Prefeitura Municipal de Jenipapo dos Vieiras - MA;2105476;MA;DCA-Anexo I-C;Padrão;Receitas Brutas Realizadas;RO1.7.2.8.00.0.0;1.7.2.8.00.0.0 Transferências dos Estados - Específicas de Estados, DF e Municípios;5389876,67;16432
2019;Prefeitura Municipal de Jenipapo dos Vieiras - MA;2105476;MA;DCA-Anexo I-C;Padrão;Deduções - FUNDEB;RO1.7.2.8.00.0.0;1.7.2.8.00.0.0 Transferências dos Estados - Específicas de Estados, DF e Municípios;4911998,96;16432
2019;Prefeitura Municipal de Jenipapo dos Vieiras - MA;2105476;MA;DCA-Anexo I-C;Padrão;Receitas Brutas Realizadas;RO1.7.2.8.01.0.0;1.7.2.8.01.0.0 Participação na Receita dos Estados;5021776,67;16432
2019;Prefeitura Municipal de Jenipapo dos Vieiras - MA;2105476;MA;DCA-Anexo I-C;Padrão;Deduções - FUNDEB;RO1.7.2.8.01.0.0;1.7.2.8.01.0.0 Participação na Receita dos Estados;4911998,96;16432
2019;Prefeitura Municipal de Jenipapo dos Vieiras - MA;2105476;MA;DCA-Anexo I-C;Padrão;Receitas Brutas Realizadas;RO1.7.2.8.01.1.0;1.7.2.8.01.1.0 Cota-Parte do ICMS;4591601,29;16432
2019;Prefeitura Municipal de Jenipapo dos Vieiras - MA;2105476;MA;DCA-Anexo I-C;Padrão;Deduções - FUNDEB;RO1.7.2.8.01.1.0;1.7.2.8.01.1.0 Cota-Parte do ICMS;4591601,29;16432
2019;Prefeitura Municipal de Jenipapo dos Vieiras - MA;2105476;MA;DCA-Anexo I-C;Padrão;Receitas Brutas Realizadas;RO1.7.2.8.01.2.0;1.7.2.8.01.2.0 Cota-Parte do IPVA;320397,67;16432
2019;Prefeitura Municipal de Jenipapo dos Vieiras - MA;2105476;MA;DCA-Anexo I-C;Padrão;Deduções - FUNDEB;RO1.7.2.8.01.2.0;1.7.2.8.01.2.0 Cota-Parte do IPVA;320397,67;16432
2019;Prefeitura Municipal de Jenipapo dos Vieiras - MA;2105476;MA;DCA-Anexo I-C;Padrão;Receitas Brutas Realizadas;RO1.7.2.8.01.3.0;1.7.2.8.01.3.0 Cota-Parte do IPI - Municípios;33038,97;16432
2019;Prefeitura Municipal de Jenipapo dos Vieiras - MA;2105476;MA;DCA-Anexo I-C;Padrão;Receitas Brutas Realizadas;RO1.7.2.8.01.4.0;1.7.2.8.01.4.0 Cota-Parte da Contribuição de Intervenção no Domínio Econômico;14390,74;16432
2019;Prefeitura Municipal de Jenipapo dos Vieiras - MA;2105476;MA;DCA-Anexo I-C;Padrão;Receitas Brutas Realizadas;RO1.7.2.8.01.5.0;1.7.2.8.01.5.0 Outras Participações na Receita dos Estados;62348,00;16432
2019;Prefeitura Municipal de Jenipapo dos Vieiras - MA;2105476;MA;DCA-Anexo I-C;Padrão;Receitas Brutas Realizadas;RO1.7.2.8.99.0.0;1.7.2.8.99.0.0 Outras Transferências dos Estados;368100,00;16432
2019;Prefeitura Municipal de Jenipapo dos Vieiras - MA;2105476;MA;DCA-Anexo I-C;Padrão;Receitas Brutas Realizadas;RO2.0.0.0.00.0.0;2.0.0.0.00.0.0 - Receitas de Capital;1180352,11;16432
2019;Prefeitura Municipal de Jenipapo dos Vieiras - MA;2105476;MA;DCA-Anexo I-C;Padrão;Receitas Brutas Realizadas;RO2.4.0.0.00.0.0;2.4.0.0.00.0.0 - Transferências de Capital;1180352,11;16432
2019;Prefeitura Municipal de Jenipapo dos Vieiras - MA;2105476;MA;DCA-Anexo I-C;Padrão;Receitas Brutas Realizadas;RO2.4.2.0.00.0.0;2.4.2.0.00.0.0 - Transferências dos Estados e do Distrito Federal e de suas Entidades;1180352,11;16432
2019;Prefeitura Municipal de Jenipapo dos Vieiras - MA;2105476;MA;DCA-Anexo I-C;Padrão;Receitas Brutas Realizadas;RO2.4.2.8.00.0.0;2.4.2.8.00.0.0 Transferências dos Estados, Distrito Federal, e de suas Entidades;1180352,11;16432
2019;Prefeitura Municipal de Jenipapo dos Vieiras - MA;2105476;MA;DCA-Anexo I-C;Padrão;Receitas Brutas Realizadas;RO2.4.2.8.03.0.0;2.4.2.8.03.0.0 Transferências de Recursos do Sistema Único de Saúde ¿ SUS;1180352,11;16432
2019;Prefeitura Municipal de Jenipapo dos Vieiras - MA;2105476;MA;DCA-Anexo I-C;Padrão;Receitas Brutas Realizadas;TotalReceitas;TOTAL DAS RECEITAS (III) = (I + II);32736148,07;16432
2019;Prefeitura Municipal de Jenipapo dos Vieiras - MA;2105476;MA;DCA-Anexo I-C;Padrão;Deduções - FUNDEB;TotalReceitas;TOTAL DAS RECEITAS (III) = (I + II);7344508,01;16432
2020;Prefeitura Municipal de Jenipapo dos Vieiras - MA;2105476;MA;DCA-Anexo I-C;Padrão;Receitas Brutas Realizadas;ReceitasExcetoIntraOrcamentarias;RECEITAS (EXCETO INTRA-ORÇAMENTÁRIAS) (I);48479142,34;16515
2020;Prefeitura Municipal de Jenipapo dos Vieiras - MA;2105476;MA;DCA-Anexo I-C;Padrão;Deduções - FUNDEB;ReceitasExcetoIntraOrcamentarias;RECEITAS (EXCETO INTRA-ORÇAMENTÁRIAS) (I);2849642,78;16515
2020;Prefeitura Municipal de Jenipapo dos Vieiras - MA;2105476;MA;DCA-Anexo I-C;Padrão;Receitas Brutas Realizadas;RO1.0.0.0.00.0.0;1.0.0.0.00.0.0 - Receitas Correntes;46732391,05;16515
2020;Prefeitura Municipal de Jenipapo dos Vieiras - MA;2105476;MA;DCA-Anexo I-C;Padrão;Deduções - FUNDEB;RO1.0.0.0.00.0.0;1.0.0.0.00.0.0 - Receitas Correntes;2849642,78;16515
2020;Prefeitura Municipal de Jenipapo dos Vieiras - MA;2105476;MA;DCA-Anexo I-C;Padrão;Receitas Brutas Realizadas;RO1.1.0.0.00.0.0;1.1.0.0.00.0.0 - Impostos, Taxas e Contribuições de Melhoria;181316,74;16515
2020;Prefeitura Municipal de Jenipapo dos Vieiras - MA;2105476;MA;DCA-Anexo I-C;Padrão;Receitas Brutas Realizadas;RO1.1.1.0.00.0.0;1.1.1.0.00.0.0 - Impostos;180094,74;16515
2020;Prefeitura Municipal de Jenipapo dos Vieiras - MA;2105476;MA;DCA-Anexo I-C;Padrão;Receitas Brutas Realizadas;RO1.1.1.3.00.0.0;1.1.1.3.00.0.0 - Impostos sobre a Renda e Proventos de Qualquer Natureza;17531,53;16515
2020;Prefeitura Municipal de Jenipapo dos Vieiras - MA;2105476;MA;DCA-Anexo I-C;Padrão;Receitas Brutas Realizadas;RO1.1.1.3.03.0.0;1.1.1.3.03.0.0 - Imposto sobre a Renda - Retido na Fonte;17531,53;16515
2020;Prefeitura Municipal de Jenipapo dos Vieiras - MA;2105476;MA;DCA-Anexo I-C;Padrão;Receitas Brutas Realizadas;RO1.1.1.3.03.1.0;1.1.1.3.03.1.0 - Imposto sobre a Renda - Retido na Fonte - Trabalho;17531,53;16515
2020;Prefeitura Municipal de Jenipapo dos Vieiras - MA;2105476;MA;DCA-Anexo I-C;Padrão;Receitas Brutas Realizadas;RO1.1.1.8.00.0.0;1.1.1.8.00.0.0 Impostos Específicos de Estados, DF e Municípios;162563,21;16515
2020;Prefeitura Municipal de Jenipapo dos Vieiras - MA;2105476;MA;DCA-Anexo I-C;Padrão;Receitas Brutas Realizadas;RO1.1.1.8.01.0.0;1.1.1.8.01.0.0 Impostos sobre o Patrimônio para Estados/DF/Municípios;9111,79;16515
2020;Prefeitura Municipal de Jenipapo dos Vieiras - MA;2105476;MA;DCA-Anexo I-C;Padrão;Receitas Brutas Realizadas;RO1.1.1.8.01.1.0;1.1.1.8.01.1.0 Imposto sobre a Propriedade Predial e Territorial Urbana;616,00;16515
2020;Prefeitura Municipal de Jenipapo dos Vieiras - MA;2105476;MA;DCA-Anexo I-C;Padrão;Receitas Brutas Realizadas;RO1.1.1.8.01.4.0;1.1.1.8.01.4.0 Imposto sobre Transmissão ¿Inter Vivos¿ de Bens Imóveis e de Direitos Reais sobre Imóveis;8495,79;16515
2020;Prefeitura Municipal de Jenipapo dos Vieiras - MA;2105476;MA;DCA-Anexo I-C;Padrão;Receitas Brutas Realizadas;RO1.1.1.8.02.0.0;1.1.1.8.02.0.0 Impostos sobre a Produção, Circulação de Mercadorias e Serviços;153451,42;16515
2020;Prefeitura Municipal de Jenipapo dos Vieiras - MA;2105476;MA;DCA-Anexo I-C;Padrão;Receitas Brutas Realizadas;RO1.1.1.8.02.3.0;1.1.1.8.02.3.0 Imposto sobre Serviços de Qualquer Natureza;153451,42;16515
2020;Prefeitura Municipal de Jenipapo dos Vieiras - MA;2105476;MA;DCA-Anexo I-C;Padrão;Receitas Brutas Realizadas;RO1.1.2.0.00.0.0;1.1.2.0.00.0.0 - Taxas;1222,00;16515
2020;Prefeitura Municipal de Jenipapo dos Vieiras - MA;2105476;MA;DCA-Anexo I-C;Padrão;Receitas Brutas Realizadas;RO1.1.2.2.00.0.0;1.1.2.2.00.0.0 - Taxas pela Prestação de Serviços;1222,00;16515
2020;Prefeitura Municipal de Jenipapo dos Vieiras - MA;2105476;MA;DCA-Anexo I-C;Padrão;Receitas Brutas Realizadas;RO1.1.2.2.01.0.0;1.1.2.2.01.0.0 - Taxas pela Prestação de Serviços;1222,00;16515
2020;Prefeitura Municipal de Jenipapo dos Vieiras - MA;2105476;MA;DCA-Anexo I-C;Padrão;Receitas Brutas Realizadas;RO1.2.0.0.00.0.0;1.2.0.0.00.0.0 - Contribuições;329250,58;16515
2020;Prefeitura Municipal de Jenipapo dos Vieiras - MA;2105476;MA;DCA-Anexo I-C;Padrão;Receitas Brutas Realizadas;RO1.2.2.0.00.0.0;1.2.2.0.00.0.0 - Contribuições Econômicas;329250,58;16515
2020;Prefeitura Municipal de Jenipapo dos Vieiras - MA;2105476;MA;DCA-Anexo I-C;Padrão;Receitas Brutas Realizadas;RO1.2.2.0.99.0.0;1.2.2.0.99.0.0 - Outras Contribuições Econômicas;329250,58;16515
2020;Prefeitura Municipal de Jenipapo dos Vieiras - MA;2105476;MA;DCA-Anexo I-C;Padrão;Receitas Brutas Realizadas;RO1.3.0.0.00.0.0;1.3.0.0.00.0.0 - Receita Patrimonial;10416,91;16515
2020;Prefeitura Municipal de Jenipapo dos Vieiras - MA;2105476;MA;DCA-Anexo I-C;Padrão;Receitas Brutas Realizadas;RO1.3.2.0.00.0.0;1.3.2.0.00.0.0 - Valores Mobiliários;10416,91;16515
2020;Prefeitura Municipal de Jenipapo dos Vieiras - MA;2105476;MA;DCA-Anexo I-C;Padrão;Receitas Brutas Realizadas;RO1.3.2.1.00.0.0;1.3.2.1.00.0.0 - Juros e Correções Monetárias;10416,91;16515
2020;Prefeitura Municipal de Jenipapo dos Vieiras - MA;2105476;MA;DCA-Anexo I-C;Padrão;Receitas Brutas Realizadas;RO1.3.2.1.00.1.0;1.3.2.1.00.1.0 - Remuneração de Depósitos Bancários;5751,84;16515
2020;Prefeitura Municipal de Jenipapo dos Vieiras - MA;2105476;MA;DCA-Anexo I-C;Padrão;Receitas Brutas Realizadas;RO1.3.2.1.00.2.0;1.3.2.1.00.2.0 - Remuneração de Depósitos Especiais;4665,07;16515
2020;Prefeitura Municipal de Jenipapo dos Vieiras - MA;2105476;MA;DCA-Anexo I-C;Padrão;Receitas Brutas Realizadas;RO1.7.0.0.00.0.0;1.7.0.0.00.0.0 - Transferências Correntes;46158712,37;16515
2020;Prefeitura Municipal de Jenipapo dos Vieiras - MA;2105476;MA;DCA-Anexo I-C;Padrão;Deduções - FUNDEB;RO1.7.0.0.00.0.0;1.7.0.0.00.0.0 - Transferências Correntes;2849642,78;16515
2020;Prefeitura Municipal de Jenipapo dos Vieiras - MA;2105476;MA;DCA-Anexo I-C;Padrão;Receitas Brutas Realizadas;RO1.7.1.0.00.0.0;1.7.1.0.00.0.0 - Transferências da União e de suas Entidades;34372607,20;16515
2020;Prefeitura Municipal de Jenipapo dos Vieiras - MA;2105476;MA;DCA-Anexo I-C;Padrão;Deduções - FUNDEB;RO1.7.1.0.00.0.0;1.7.1.0.00.0.0 - Transferências da União e de suas Entidades;2432509,05;16515
2020;Prefeitura Municipal de Jenipapo dos Vieiras - MA;2105476;MA;DCA-Anexo I-C;Padrão;Receitas Brutas Realizadas;RO1.7.1.8.00.0.0;1.7.1.8.00.0.0 Transferências da União - Específicas de Estados, DF e Municípios;34372607,20;16515
2020;Prefeitura Municipal de Jenipapo dos Vieiras - MA;2105476;MA;DCA-Anexo I-C;Padrão;Deduções - FUNDEB;RO1.7.1.8.00.0.0;1.7.1.8.00.0.0 Transferências da União - Específicas de Estados, DF e Municípios;2432509,05;16515
2020;Prefeitura Municipal de Jenipapo dos Vieiras - MA;2105476;MA;DCA-Anexo I-C;Padrão;Receitas Brutas Realizadas;RO1.7.1.8.01.0.0;1.7.1.8.01.0.0 Participação na Receita da União;15038845,50;16515
2020;Prefeitura Municipal de Jenipapo dos Vieiras - MA;2105476;MA;DCA-Anexo I-C;Padrão;Deduções - FUNDEB;RO1.7.1.8.01.0.0;1.7.1.8.01.0.0 Participação na Receita da União;2432509,05;16515
2020;Prefeitura Municipal de Jenipapo dos Vieiras - MA;2105476;MA;DCA-Anexo I-C;Padrão;Receitas Brutas Realizadas;RO1.7.1.8.01.2.0;1.7.1.8.01.2.0 Cota-Parte do Fundo de Participação dos Municípios - Cota Mensal;13951227,75;16515
2020;Prefeitura Municipal de Jenipapo dos Vieiras - MA;2105476;MA;DCA-Anexo I-C;Padrão;Deduções - FUNDEB;RO1.7.1.8.01.2.0;1.7.1.8.01.2.0 Cota-Parte do Fundo de Participação dos Municípios - Cota Mensal;2431376,36;16515
2020;Prefeitura Municipal de Jenipapo dos Vieiras - MA;2105476;MA;DCA-Anexo I-C;Padrão;Receitas Brutas Realizadas;RO1.7.1.8.01.3.0;1.7.1.8.01.3.0 Cota-Parte do Fundo de Participação do Municípios ¿ 1% Cota entregue no mês de dezembro;540361,05;16515
2020;Prefeitura Municipal de Jenipapo dos Vieiras - MA;2105476;MA;DCA-Anexo I-C;Padrão;Receitas Brutas Realizadas;RO1.7.1.8.01.4.0;1.7.1.8.01.4.0 Cota-Parte do Fundo de Participação dos Municípios - 1% Cota entregue no mês de julho;541513,11;16515
2020;Prefeitura Municipal de Jenipapo dos Vieiras - MA;2105476;MA;DCA-Anexo I-C;Padrão;Receitas Brutas Realizadas;RO1.7.1.8.01.5.0;1.7.1.8.01.5.0 Cota-Parte do Imposto Sobre a Propriedade Territorial Rural;5743,59;16515
2020;Prefeitura Municipal de Jenipapo dos Vieiras - MA;2105476;MA;DCA-Anexo I-C;Padrão;Deduções - FUNDEB;RO1.7.1.8.01.5.0;1.7.1.8.01.5.0 Cota-Parte do Imposto Sobre a Propriedade Territorial Rural;1132,69;16515
2020;Prefeitura Municipal de Jenipapo dos Vieiras - MA;2105476;MA;DCA-Anexo I-C;Padrão;Receitas Brutas Realizadas;RO1.7.1.8.02.0.0;1.7.1.8.02.0.0 Transferência da Compensação Financeira pela Exploração de Recursos Naturais;193194,82;16515
2020;Prefeitura Municipal de Jenipapo dos Vieiras - MA;2105476;MA;DCA-Anexo I-C;Padrão;Receitas Brutas Realizadas;RO1.7.1.8.02.6.0;1.7.1.8.02.6.0 Cota-Parte do Fundo Especial do Petróleo ¿ FEP;193194,82;16515
2020;Prefeitura Municipal de Jenipapo dos Vieiras - MA;2105476;MA;DCA-Anexo I-C;Padrão;Receitas Brutas Realizadas;RO1.7.1.8.03.0.0;"1.7.1.8.03.0.0 Transferência de Recursos do Sistema Único de Saúde ¿ 
 SUS ¿ Bloco Custeio das Ações e Serviços Públicos de Saúde";8433048,54;16515
2020;Prefeitura Municipal de Jenipapo dos Vieiras - MA;2105476;MA;DCA-Anexo I-C;Padrão;Receitas Brutas Realizadas;RO1.7.1.8.03.1.0;1.7.1.8.03.1.0 - Transferência de Recursos do SUS ¿ Atenção Básica;4466394,77;16515
2020;Prefeitura Municipal de Jenipapo dos Vieiras - MA;2105476;MA;DCA-Anexo I-C;Padrão;Receitas Brutas Realizadas;RO1.7.1.8.03.2.0;1.7.1.8.03.2.0 - Transferência de Recursos do SUS ¿ Atenção de Média e Alta Complexidade Ambulatorial e Hospitalar;357123,76;16515
2020;Prefeitura Municipal de Jenipapo dos Vieiras - MA;2105476;MA;DCA-Anexo I-C;Padrão;Receitas Brutas Realizadas;RO1.7.1.8.03.3.0;1.7.1.8.03.3.0 - Transferência de Recursos do SUS ¿ Vigilância em Saúde;209865,52;16515
2020;Prefeitura Municipal de Jenipapo dos Vieiras - MA;2105476;MA;DCA-Anexo I-C;Padrão;Receitas Brutas Realizadas;RO1.7.1.8.03.4.0;1.7.1.8.03.4.0 - Transferência de Recursos do SUS ¿ Assistência Farmacêutica;114666,91;16515
2020;Prefeitura Municipal de Jenipapo dos Vieiras - MA;2105476;MA;DCA-Anexo I-C;Padrão;Receitas Brutas Realizadas;RO1.7.1.8.03.9.0;1.7.1.8.03.9.0 - Transferência de Recursos do SUS ¿ Outros Programas Financiados por Transferências Fundo a Fundo;3284997,58;16515
2020;Prefeitura Municipal de Jenipapo dos Vieiras - MA;2105476;MA;DCA-Anexo I-C;Padrão;Receitas Brutas Realizadas;RO1.7.1.8.05.0.0;1.7.1.8.05.0.0 Transferências de Recursos do Fundo Nacional do Desenvolvimento da Educação ¿ FNDE;1040036,09;16515
2020;Prefeitura Municipal de Jenipapo dos Vieiras - MA;2105476;MA;DCA-Anexo I-C;Padrão;Receitas Brutas Realizadas;RO1.7.1.8.05.1.0;1.7.1.8.05.1.0 Transferências do Salário-Educação;210099,51;16515
2020;Prefeitura Municipal de Jenipapo dos Vieiras - MA;2105476;MA;DCA-Anexo I-C;Padrão;Receitas Brutas Realizadas;RO1.7.1.8.05.2.0;1.7.1.8.05.2.0 Transferências Diretas do FNDE referentes ao Programa Dinheiro Direto na Escola ¿ PDDE;6600,00;16515
2020;Prefeitura Municipal de Jenipapo dos Vieiras - MA;2105476;MA;DCA-Anexo I-C;Padrão;Receitas Brutas Realizadas;RO1.7.1.8.05.3.0;1.7.1.8.05.3.0 Transferências Diretas do FNDE referentes ao Programa Nacional de Alimentação Escolar ¿ PNAE;527164,00;16515
2020;Prefeitura Municipal de Jenipapo dos Vieiras - MA;2105476;MA;DCA-Anexo I-C;Padrão;Receitas Brutas Realizadas;RO1.7.1.8.05.4.0;1.7.1.8.05.4.0 Transferências Diretas do FNDE referentes ao Programa Nacional de Apoio ao Transporte do Escolar ¿ PNATE;296172,58;16515
2020;Prefeitura Municipal de Jenipapo dos Vieiras - MA;2105476;MA;DCA-Anexo I-C;Padrão;Receitas Brutas Realizadas;RO1.7.1.8.09.0.0;1.7.1.8.09.0.0 - Transferências de Recursos de Complementação da União ao Fundo de Manutenção e Desenvolvimento da Educação Básica e de Valorização dos Profissionais da Educação ¿ FUNDEB;7231860,87;16515
2020;Prefeitura Municipal de Jenipapo dos Vieiras - MA;2105476;MA;DCA-Anexo I-C;Padrão;Receitas Brutas Realizadas;RO1.7.1.8.10.0.0;1.7.1.8.10.0.0 Transferências de Convênios da União e de Suas Entidades;558840,28;16515
2020;Prefeitura Municipal de Jenipapo dos Vieiras - MA;2105476;MA;DCA-Anexo I-C;Padrão;Receitas Brutas Realizadas;RO1.7.1.8.10.1.0;1.7.1.8.10.1.0 Transferências de Convênios da União para o Sistema Único de Saúde ¿ SUS;558000,00;16515
2020;Prefeitura Municipal de Jenipapo dos Vieiras - MA;2105476;MA;DCA-Anexo I-C;Padrão;Receitas Brutas Realizadas;RO1.7.1.8.10.9.0;1.7.1.8.10.9.0 Outras Transferências de Convênios da União;840,28;16515
2020;Prefeitura Municipal de Jenipapo dos Vieiras - MA;2105476;MA;DCA-Anexo I-C;Padrão;Receitas Brutas Realizadas;RO1.7.1.8.12.0.0;1.7.1.8.12.0.0 - Transferências de Recursos do Fundo Nacional de Assistência Social ¿ FNAS;460446,97;16515
2020;Prefeitura Municipal de Jenipapo dos Vieiras - MA;2105476;MA;DCA-Anexo I-C;Padrão;Receitas Brutas Realizadas;RO1.7.1.8.99.0.0;1.7.1.8.99.0.0 Outras Transferências da União;1416334,13;16515
2020;Prefeitura Municipal de Jenipapo dos Vieiras - MA;2105476;MA;DCA-Anexo I-C;Padrão;Receitas Brutas Realizadas;RO1.7.2.0.00.0.0;1.7.2.0.00.0.0 - Transferências dos Estados e do Distrito Federal e de suas Entidades;2788053,52;16515
2020;Prefeitura Municipal de Jenipapo dos Vieiras - MA;2105476;MA;DCA-Anexo I-C;Padrão;Deduções - FUNDEB;RO1.7.2.0.00.0.0;1.7.2.0.00.0.0 - Transferências dos Estados e do Distrito Federal e de suas Entidades;417133,73;16515
2020;Prefeitura Municipal de Jenipapo dos Vieiras - MA;2105476;MA;DCA-Anexo I-C;Padrão;Receitas Brutas Realizadas;RO1.7.2.8.00.0.0;1.7.2.8.00.0.0 Transferências dos Estados - Específicas de Estados, DF e Municípios;2788053,52;16515
2020;Prefeitura Municipal de Jenipapo dos Vieiras - MA;2105476;MA;DCA-Anexo I-C;Padrão;Deduções - FUNDEB;RO1.7.2.8.00.0.0;1.7.2.8.00.0.0 Transferências dos Estados - Específicas de Estados, DF e Municípios;417133,73;16515
2020;Prefeitura Municipal de Jenipapo dos Vieiras - MA;2105476;MA;DCA-Anexo I-C;Padrão;Receitas Brutas Realizadas;RO1.7.2.8.01.0.0;1.7.2.8.01.0.0 Participação na Receita dos Estados;2462255,80;16515
2020;Prefeitura Municipal de Jenipapo dos Vieiras - MA;2105476;MA;DCA-Anexo I-C;Padrão;Deduções - FUNDEB;RO1.7.2.8.01.0.0;1.7.2.8.01.0.0 Participação na Receita dos Estados;417133,73;16515
2020;Prefeitura Municipal de Jenipapo dos Vieiras - MA;2105476;MA;DCA-Anexo I-C;Padrão;Receitas Brutas Realizadas;RO1.7.2.8.01.1.0;1.7.2.8.01.1.0 Cota-Parte do ICMS;1700126,72;16515
2020;Prefeitura Municipal de Jenipapo dos Vieiras - MA;2105476;MA;DCA-Anexo I-C;Padrão;Deduções - FUNDEB;RO1.7.2.8.01.1.0;1.7.2.8.01.1.0 Cota-Parte do ICMS;417133,73;16515
2020;Prefeitura Municipal de Jenipapo dos Vieiras - MA;2105476;MA;DCA-Anexo I-C;Padrão;Receitas Brutas Realizadas;RO1.7.2.8.01.2.0;1.7.2.8.01.2.0 Cota-Parte do IPVA;110038,09;16515
2020;Prefeitura Municipal de Jenipapo dos Vieiras - MA;2105476;MA;DCA-Anexo I-C;Padrão;Receitas Brutas Realizadas;RO1.7.2.8.01.3.0;1.7.2.8.01.3.0 Cota-Parte do IPI - Municípios;583738,45;16515
2020;Prefeitura Municipal de Jenipapo dos Vieiras - MA;2105476;MA;DCA-Anexo I-C;Padrão;Receitas Brutas Realizadas;RO1.7.2.8.01.4.0;1.7.2.8.01.4.0 Cota-Parte da Contribuição de Intervenção no Domínio Econômico;8356,85;16515
2020;Prefeitura Municipal de Jenipapo dos Vieiras - MA;2105476;MA;DCA-Anexo I-C;Padrão;Receitas Brutas Realizadas;RO1.7.2.8.01.9.0;1.7.2.8.01.9.0 Outras Transferências dos Estados;59995,69;16515
2020;Prefeitura Municipal de Jenipapo dos Vieiras - MA;2105476;MA;DCA-Anexo I-C;Padrão;Receitas Brutas Realizadas;RO1.7.2.8.03.0.0;1.7.2.8.03.0.0 Transferência de Recursos do Estado para Programas de Saúde ¿ Repasse Fundo a Fundo;51771,79;16515
2020;Prefeitura Municipal de Jenipapo dos Vieiras - MA;2105476;MA;DCA-Anexo I-C;Padrão;Receitas Brutas Realizadas;RO1.7.2.8.10.0.0;1.7.2.8.10.0.0 Transferência de Convênios dos Estados e do Distrito Federal e de Suas Entidades;256374,75;16515
2020;Prefeitura Municipal de Jenipapo dos Vieiras - MA;2105476;MA;DCA-Anexo I-C;Padrão;Receitas Brutas Realizadas;RO1.7.2.8.10.1.0;1.7.2.8.10.1.0 Transferências de Convênio dos Estados para o Sistema Único de Saúde ¿ SUS;256374,75;16515
2020;Prefeitura Municipal de Jenipapo dos Vieiras - MA;2105476;MA;DCA-Anexo I-C;Padrão;Receitas Brutas Realizadas;RO1.7.2.8.99.0.0;1.7.2.8.99.0.0 Outras Transferências dos Estados;17651,18;16515
2020;Prefeitura Municipal de Jenipapo dos Vieiras - MA;2105476;MA;DCA-Anexo I-C;Padrão;Receitas Brutas Realizadas;RO1.7.5.0.00.0.0;1.7.5.0.00.0.0 - Transferências de Outras Instituições Públicas;8998051,65;16515
2020;Prefeitura Municipal de Jenipapo dos Vieiras - MA;2105476;MA;DCA-Anexo I-C;Padrão;Receitas Brutas Realizadas;RO1.7.5.8.00.0.0;1.7.5.8.00.0.0 Transferências de Outras Instituições Públicas - Específicas de Estados, DF e Municípios;8998051,65;16515
2020;Prefeitura Municipal de Jenipapo dos Vieiras - MA;2105476;MA;DCA-Anexo I-C;Padrão;Receitas Brutas Realizadas;RO1.7.5.8.01.0.0;1.7.5.8.01.0.0 Transferências de Recursos do Fundo de Manutenção e Desenvolvimento da Educação Básica e de Valorização dos Profissionais da Educação ¿ FUNDEB;8998051,65;16515
2020;Prefeitura Municipal de Jenipapo dos Vieiras - MA;2105476;MA;DCA-Anexo I-C;Padrão;Receitas Brutas Realizadas;RO1.9.0.0.00.0.0;1.9.0.0.00.0.0 - Outras Receitas Correntes;52694,45;16515
2020;Prefeitura Municipal de Jenipapo dos Vieiras - MA;2105476;MA;DCA-Anexo I-C;Padrão;Receitas Brutas Realizadas;RO1.9.9.0.00.0.0;1.9.9.0.00.0.0 - Demais Receitas Correntes;52694,45;16515
2020;Prefeitura Municipal de Jenipapo dos Vieiras - MA;2105476;MA;DCA-Anexo I-C;Padrão;Receitas Brutas Realizadas;RO1.9.9.0.99.0.0;1.9.9.0.99.0.0 - Outras Receitas;52694,45;16515
2020;Prefeitura Municipal de Jenipapo dos Vieiras - MA;2105476;MA;DCA-Anexo I-C;Padrão;Receitas Brutas Realizadas;RO1.9.9.0.99.1.0;1.9.9.0.99.1.0 - Outras Receitas - Primárias;52694,45;16515
2020;Prefeitura Municipal de Jenipapo dos Vieiras - MA;2105476;MA;DCA-Anexo I-C;Padrão;Receitas Brutas Realizadas;RO2.0.0.0.00.0.0;2.0.0.0.00.0.0 - Receitas de Capital;1746751,29;16515
2020;Prefeitura Municipal de Jenipapo dos Vieiras - MA;2105476;MA;DCA-Anexo I-C;Padrão;Receitas Brutas Realizadas;RO2.4.0.0.00.0.0;2.4.0.0.00.0.0 - Transferências de Capital;1746751,29;16515
2020;Prefeitura Municipal de Jenipapo dos Vieiras - MA;2105476;MA;DCA-Anexo I-C;Padrão;Receitas Brutas Realizadas;RO2.4.1.0.00.0.0;2.4.1.0.00.0.0 - Transferências da União e de suas Entidades;1432500,00;16515
2020;Prefeitura Municipal de Jenipapo dos Vieiras - MA;2105476;MA;DCA-Anexo I-C;Padrão;Receitas Brutas Realizadas;RO2.4.1.8.00.0.0;2.4.1.8.00.0.0 Transferências da União - Específicas de Estados, DF e Municípios;1432500,00;16515
2020;Prefeitura Municipal de Jenipapo dos Vieiras - MA;2105476;MA;DCA-Anexo I-C;Padrão;Receitas Brutas Realizadas;RO2.4.1.8.10.0.0;2.4.1.8.10.0.0 Transferência de Convênios da União e de suas Entidades;1432500,00;16515
2020;Prefeitura Municipal de Jenipapo dos Vieiras - MA;2105476;MA;DCA-Anexo I-C;Padrão;Receitas Brutas Realizadas;RO2.4.1.8.10.9.0;2.4.1.8.10.9.0 - Outras Transferências de Convênios da União;1432500,00;16515
2020;Prefeitura Municipal de Jenipapo dos Vieiras - MA;2105476;MA;DCA-Anexo I-C;Padrão;Receitas Brutas Realizadas;RO2.4.2.0.00.0.0;2.4.2.0.00.0.0 - Transferências dos Estados e do Distrito Federal e de suas Entidades;314251,29;16515
2020;Prefeitura Municipal de Jenipapo dos Vieiras - MA;2105476;MA;DCA-Anexo I-C;Padrão;Receitas Brutas Realizadas;RO2.4.2.8.00.0.0;2.4.2.8.00.0.0 Transferências dos Estados, Distrito Federal, e de suas Entidades;314251,29;16515
2020;Prefeitura Municipal de Jenipapo dos Vieiras - MA;2105476;MA;DCA-Anexo I-C;Padrão;Receitas Brutas Realizadas;RO2.4.2.8.10.0.0;2.4.2.8.10.0.0 Transferências de Convênios dos Estados e do Distrito Federal e de suas Entidades;314251,29;16515
2020;Prefeitura Municipal de Jenipapo dos Vieiras - MA;2105476;MA;DCA-Anexo I-C;Padrão;Receitas Brutas Realizadas;RO2.4.2.8.10.9.0;2.4.2.8.10.9.0 - Outras Transferências de Convênio dos Estados;314251,29;16515
2020;Prefeitura Municipal de Jenipapo dos Vieiras - MA;2105476;MA;DCA-Anexo I-C;Padrão;Receitas Brutas Realizadas;TotalReceitas;TOTAL DAS RECEITAS (III) = (I + II);48479142,34;16515
2020;Prefeitura Municipal de Jenipapo dos Vieiras - MA;2105476;MA;DCA-Anexo I-C;Padrão;Deduções - FUNDEB;TotalReceitas;TOTAL DAS RECEITAS (III) = (I + II);2849642,78;16515
2021;Prefeitura Municipal de Jenipapo dos Vieiras - MA;2105476;MA;DCA-Anexo I-C;Padrão;Receitas Brutas Realizadas;ReceitasExcetoIntraOrcamentarias;RECEITAS (EXCETO INTRA-ORÇAMENTÁRIAS) (I);59720251,68;17040
2021;Prefeitura Municipal de Jenipapo dos Vieiras - MA;2105476;MA;DCA-Anexo I-C;Padrão;Deduções - FUNDEB;ReceitasExcetoIntraOrcamentarias;RECEITAS (EXCETO INTRA-ORÇAMENTÁRIAS) (I);4463272,80;17040
2021;Prefeitura Municipal de Jenipapo dos Vieiras - MA;2105476;MA;DCA-Anexo I-C;Padrão;Receitas Brutas Realizadas;RO1.0.0.0.00.0.0;1.0.0.0.00.0.0 - Receitas Correntes;58765251,68;17040
2021;Prefeitura Municipal de Jenipapo dos Vieiras - MA;2105476;MA;DCA-Anexo I-C;Padrão;Deduções - FUNDEB;RO1.0.0.0.00.0.0;1.0.0.0.00.0.0 - Receitas Correntes;4463272,80;17040
2021;Prefeitura Municipal de Jenipapo dos Vieiras - MA;2105476;MA;DCA-Anexo I-C;Padrão;Receitas Brutas Realizadas;RO1.1.0.0.00.0.0;1.1.0.0.00.0.0 - Impostos, Taxas e Contribuições de Melhoria;879794,73;17040
2021;Prefeitura Municipal de Jenipapo dos Vieiras - MA;2105476;MA;DCA-Anexo I-C;Padrão;Receitas Brutas Realizadas;RO1.1.1.0.00.0.0;1.1.1.0.00.0.0 - Impostos;874599,57;17040
2021;Prefeitura Municipal de Jenipapo dos Vieiras - MA;2105476;MA;DCA-Anexo I-C;Padrão;Receitas Brutas Realizadas;RO1.1.1.3.00.0.0;1.1.1.3.00.0.0 - Impostos sobre a Renda e Proventos de Qualquer Natureza;270417,05;17040
2021;Prefeitura Municipal de Jenipapo dos Vieiras - MA;2105476;MA;DCA-Anexo I-C;Padrão;Receitas Brutas Realizadas;RO1.1.1.3.03.0.0;1.1.1.3.03.0.0 - Imposto sobre a Renda - Retido na Fonte;270417,05;17040
2021;Prefeitura Municipal de Jenipapo dos Vieiras - MA;2105476;MA;DCA-Anexo I-C;Padrão;Receitas Brutas Realizadas;RO1.1.1.3.03.1.0;1.1.1.3.03.1.0 - Imposto sobre a Renda - Retido na Fonte - Trabalho;270417,05;17040
2021;Prefeitura Municipal de Jenipapo dos Vieiras - MA;2105476;MA;DCA-Anexo I-C;Padrão;Receitas Brutas Realizadas;RO1.1.1.8.00.0.0;1.1.1.8.00.0.0 - Impostos Específicos de Estados, DF e Municípios;604182,52;17040
2021;Prefeitura Municipal de Jenipapo dos Vieiras - MA;2105476;MA;DCA-Anexo I-C;Padrão;Receitas Brutas Realizadas;RO1.1.1.8.01.0.0;1.1.1.8.01.0.0 - Impostos sobre o Patrimônio para Estados/DF/Municípios;65904,23;17040
2021;Prefeitura Municipal de Jenipapo dos Vieiras - MA;2105476;MA;DCA-Anexo I-C;Padrão;Receitas Brutas Realizadas;RO1.1.1.8.01.1.0;1.1.1.8.01.1.0 - Imposto sobre a Propriedade Predial e Territorial Urbana;3443,80;17040
2021;Prefeitura Municipal de Jenipapo dos Vieiras - MA;2105476;MA;DCA-Anexo I-C;Padrão;Receitas Brutas Realizadas;RO1.1.1.8.01.4.0;1.1.1.8.01.4.0 - Imposto sobre Transmissão ¿Inter Vivos¿ de Bens Imóveis e de Direitos Reais sobre Imóveis;62460,43;17040
2021;Prefeitura Municipal de Jenipapo dos Vieiras - MA;2105476;MA;DCA-Anexo I-C;Padrão;Receitas Brutas Realizadas;RO1.1.1.8.02.0.0;1.1.1.8.02.0.0 - Impostos sobre a Produção, Circulação de Mercadorias e Serviços;538278,29;17040
2021;Prefeitura Municipal de Jenipapo dos Vieiras - MA;2105476;MA;DCA-Anexo I-C;Padrão;Receitas Brutas Realizadas;RO1.1.1.8.02.3.0;1.1.1.8.02.3.0 - Imposto sobre Serviços de Qualquer Natureza;538278,29;17040
2021;Prefeitura Municipal de Jenipapo dos Vieiras - MA;2105476;MA;DCA-Anexo I-C;Padrão;Receitas Brutas Realizadas;RO1.1.2.0.00.0.0;1.1.2.0.00.0.0 - Taxas;5195,16;17040
2021;Prefeitura Municipal de Jenipapo dos Vieiras - MA;2105476;MA;DCA-Anexo I-C;Padrão;Receitas Brutas Realizadas;RO1.1.2.1.00.0.0;1.1.2.1.00.0.0 - Taxas pelo Exercício do Poder de Polícia;3541,88;17040
2021;Prefeitura Municipal de Jenipapo dos Vieiras - MA;2105476;MA;DCA-Anexo I-C;Padrão;Receitas Brutas Realizadas;RO1.1.2.1.01.0.0;1.1.2.1.01.0.0 - Taxas de Inspeção, Controle e Fiscalização;3541,88;17040
2021;Prefeitura Municipal de Jenipapo dos Vieiras - MA;2105476;MA;DCA-Anexo I-C;Padrão;Receitas Brutas Realizadas;RO1.1.2.2.00.0.0;1.1.2.2.00.0.0 - Taxas pela Prestação de Serviços;1653,28;17040
2021;Prefeitura Municipal de Jenipapo dos Vieiras - MA;2105476;MA;DCA-Anexo I-C;Padrão;Receitas Brutas Realizadas;RO1.1.2.2.01.0.0;1.1.2.2.01.0.0 - Taxas pela Prestação de Serviços;1653,28;17040
2021;Prefeitura Municipal de Jenipapo dos Vieiras - MA;2105476;MA;DCA-Anexo I-C;Padrão;Receitas Brutas Realizadas;RO1.2.0.0.00.0.0;1.2.0.0.00.0.0 - Contribuições;358938,61;17040
2021;Prefeitura Municipal de Jenipapo dos Vieiras - MA;2105476;MA;DCA-Anexo I-C;Padrão;Receitas Brutas Realizadas;RO1.2.2.0.00.0.0;1.2.2.0.00.0.0 - Contribuições Econômicas;358938,61;17040
2021;Prefeitura Municipal de Jenipapo dos Vieiras - MA;2105476;MA;DCA-Anexo I-C;Padrão;Receitas Brutas Realizadas;RO1.2.2.0.99.0.0;1.2.2.0.99.0.0 - Outras Contribuições Econômicas;358938,61;17040
2021;Prefeitura Municipal de Jenipapo dos Vieiras - MA;2105476;MA;DCA-Anexo I-C;Padrão;Receitas Brutas Realizadas;RO1.3.0.0.00.0.0;1.3.0.0.00.0.0 - Receita Patrimonial;196922,05;17040
2021;Prefeitura Municipal de Jenipapo dos Vieiras - MA;2105476;MA;DCA-Anexo I-C;Padrão;Receitas Brutas Realizadas;RO1.3.2.0.00.0.0;1.3.2.0.00.0.0 - Valores Mobiliários;196922,05;17040
2021;Prefeitura Municipal de Jenipapo dos Vieiras - MA;2105476;MA;DCA-Anexo I-C;Padrão;Receitas Brutas Realizadas;RO1.3.2.1.00.0.0;1.3.2.1.00.0.0 - Juros e Correções Monetárias;196922,05;17040
2021;Prefeitura Municipal de Jenipapo dos Vieiras - MA;2105476;MA;DCA-Anexo I-C;Padrão;Receitas Brutas Realizadas;RO1.3.2.1.00.1.0;1.3.2.1.00.1.0 - Remuneração de Depósitos Bancários;196918,99;17040
2021;Prefeitura Municipal de Jenipapo dos Vieiras - MA;2105476;MA;DCA-Anexo I-C;Padrão;Receitas Brutas Realizadas;RO1.3.2.1.00.2.0;1.3.2.1.00.2.0 - Remuneração de Depósitos Especiais;3,06;17040
2021;Prefeitura Municipal de Jenipapo dos Vieiras - MA;2105476;MA;DCA-Anexo I-C;Padrão;Receitas Brutas Realizadas;RO1.7.0.0.00.0.0;1.7.0.0.00.0.0 - Transferências Correntes;57295696,30;17040
2021;Prefeitura Municipal de Jenipapo dos Vieiras - MA;2105476;MA;DCA-Anexo I-C;Padrão;Deduções - FUNDEB;RO1.7.0.0.00.0.0;1.7.0.0.00.0.0 - Transferências Correntes;4463272,80;17040
2021;Prefeitura Municipal de Jenipapo dos Vieiras - MA;2105476;MA;DCA-Anexo I-C;Padrão;Receitas Brutas Realizadas;RO1.7.1.0.00.0.0;1.7.1.0.00.0.0 - Transferências da União e de suas Entidades;39562420,51;17040
2021;Prefeitura Municipal de Jenipapo dos Vieiras - MA;2105476;MA;DCA-Anexo I-C;Padrão;Deduções - FUNDEB;RO1.7.1.0.00.0.0;1.7.1.0.00.0.0 - Transferências da União e de suas Entidades;3878192,02;17040
2021;Prefeitura Municipal de Jenipapo dos Vieiras - MA;2105476;MA;DCA-Anexo I-C;Padrão;Receitas Brutas Realizadas;RO1.7.1.8.00.0.0;1.7.1.8.00.0.0 - Transferências da União - Específicas de Estados, DF e Municípios;39562420,51;17040
2021;Prefeitura Municipal de Jenipapo dos Vieiras - MA;2105476;MA;DCA-Anexo I-C;Padrão;Deduções - FUNDEB;RO1.7.1.8.00.0.0;1.7.1.8.00.0.0 - Transferências da União - Específicas de Estados, DF e Municípios;3878192,02;17040
2021;Prefeitura Municipal de Jenipapo dos Vieiras - MA;2105476;MA;DCA-Anexo I-C;Padrão;Receitas Brutas Realizadas;RO1.7.1.8.01.0.0;1.7.1.8.01.0.0 - Participação na Receita da União;20996559,72;17040
2021;Prefeitura Municipal de Jenipapo dos Vieiras - MA;2105476;MA;DCA-Anexo I-C;Padrão;Deduções - FUNDEB;RO1.7.1.8.01.0.0;1.7.1.8.01.0.0 - Participação na Receita da União;3878192,02;17040
2021;Prefeitura Municipal de Jenipapo dos Vieiras - MA;2105476;MA;DCA-Anexo I-C;Padrão;Receitas Brutas Realizadas;RO1.7.1.8.01.2.0;1.7.1.8.01.2.0 - Cota-Parte do Fundo de Participação dos Municípios - Cota Mensal;20985361,93;17040
2021;Prefeitura Municipal de Jenipapo dos Vieiras - MA;2105476;MA;DCA-Anexo I-C;Padrão;Deduções - FUNDEB;RO1.7.1.8.01.2.0;1.7.1.8.01.2.0 - Cota-Parte do Fundo de Participação dos Municípios - Cota Mensal;3877096,31;17040
2021;Prefeitura Municipal de Jenipapo dos Vieiras - MA;2105476;MA;DCA-Anexo I-C;Padrão;Receitas Brutas Realizadas;RO1.7.1.8.01.3.0;1.7.1.8.01.3.0 - Cota-Parte do Fundo de Participação do Municípios ¿ 1% Cota entregue no mês de dezembro;5718,69;17040
2021;Prefeitura Municipal de Jenipapo dos Vieiras - MA;2105476;MA;DCA-Anexo I-C;Padrão;Receitas Brutas Realizadas;RO1.7.1.8.01.5.0;1.7.1.8.01.5.0 - Cota-Parte do Imposto Sobre a Propriedade Territorial Rural;5479,10;17040
2021;Prefeitura Municipal de Jenipapo dos Vieiras - MA;2105476;MA;DCA-Anexo I-C;Padrão;Deduções - FUNDEB;RO1.7.1.8.01.5.0;1.7.1.8.01.5.0 - Cota-Parte do Imposto Sobre a Propriedade Territorial Rural;1095,71;17040
2021;Prefeitura Municipal de Jenipapo dos Vieiras - MA;2105476;MA;DCA-Anexo I-C;Padrão;Receitas Brutas Realizadas;RO1.7.1.8.02.0.0;1.7.1.8.02.0.0 - Transferência da Compensação Financeira pela Exploração de Recursos Naturais;374784,75;17040
2021;Prefeitura Municipal de Jenipapo dos Vieiras - MA;2105476;MA;DCA-Anexo I-C;Padrão;Receitas Brutas Realizadas;RO1.7.1.8.02.6.0;1.7.1.8.02.6.0 - Cota-Parte do Fundo Especial do Petróleo ¿ FEP;374784,75;17040
2021;Prefeitura Municipal de Jenipapo dos Vieiras - MA;2105476;MA;DCA-Anexo I-C;Padrão;Receitas Brutas Realizadas;RO1.7.1.8.03.0.0;1.7.1.8.03.0.0 - Transferência de Recursos do Sistema Único de Saúde ¿ SUS ¿ Repasses Fundo a Fundo - Bloco de Manutenção das Ações e Serviços Públicos de Saúde;9946787,11;17040
2021;Prefeitura Municipal de Jenipapo dos Vieiras - MA;2105476;MA;DCA-Anexo I-C;Padrão;Receitas Brutas Realizadas;RO1.7.1.8.03.1.0;1.7.1.8.03.1.0 - Transferência de Recursos do SUS ¿ Atenção Primária;6191247,01;17040
2021;Prefeitura Municipal de Jenipapo dos Vieiras - MA;2105476;MA;DCA-Anexo I-C;Padrão;Receitas Brutas Realizadas;RO1.7.1.8.03.2.0;1.7.1.8.03.2.0 - Transferência de Recursos do SUS ¿ Atenção Especializada;1826769,80;17040
2021;Prefeitura Municipal de Jenipapo dos Vieiras - MA;2105476;MA;DCA-Anexo I-C;Padrão;Receitas Brutas Realizadas;RO1.7.1.8.03.3.0;1.7.1.8.03.3.0 - Transferência de Recursos do SUS ¿ Vigilância em Saúde;205182,07;17040
2021;Prefeitura Municipal de Jenipapo dos Vieiras - MA;2105476;MA;DCA-Anexo I-C;Padrão;Receitas Brutas Realizadas;RO1.7.1.8.03.4.0;1.7.1.8.03.4.0 - Transferência de Recursos do SUS ¿ Assistência Farmacêutica;1723588,23;17040
2021;Prefeitura Municipal de Jenipapo dos Vieiras - MA;2105476;MA;DCA-Anexo I-C;Padrão;Receitas Brutas Realizadas;RO1.7.1.8.05.0.0;1.7.1.8.05.0.0 - Transferências de Recursos do Fundo Nacional do Desenvolvimento da Educação ¿ FNDE;1187117,51;17040
2021;Prefeitura Municipal de Jenipapo dos Vieiras - MA;2105476;MA;DCA-Anexo I-C;Padrão;Receitas Brutas Realizadas;RO1.7.1.8.05.1.0;1.7.1.8.05.1.0 - Transferências do Salário-Educação;221375,37;17040
2021;Prefeitura Municipal de Jenipapo dos Vieiras - MA;2105476;MA;DCA-Anexo I-C;Padrão;Receitas Brutas Realizadas;RO1.7.1.8.05.2.0;1.7.1.8.05.2.0 - Transferências Diretas do FNDE referentes ao Programa Dinheiro Direto na Escola ¿ PDDE;4160,00;17040
2021;Prefeitura Municipal de Jenipapo dos Vieiras - MA;2105476;MA;DCA-Anexo I-C;Padrão;Receitas Brutas Realizadas;RO1.7.1.8.05.3.0;1.7.1.8.05.3.0 - Transferências Diretas do FNDE referentes ao Programa Nacional de Alimentação Escolar ¿ PNAE;419309,00;17040
2021;Prefeitura Municipal de Jenipapo dos Vieiras - MA;2105476;MA;DCA-Anexo I-C;Padrão;Receitas Brutas Realizadas;RO1.7.1.8.05.4.0;1.7.1.8.05.4.0 - Transferências Diretas do FNDE referentes ao Programa Nacional de Apoio ao Transporte do Escolar ¿ PNATE;270769,08;17040
2021;Prefeitura Municipal de Jenipapo dos Vieiras - MA;2105476;MA;DCA-Anexo I-C;Padrão;Receitas Brutas Realizadas;RO1.7.1.8.05.9.0;1.7.1.8.05.9.0 - Outras Transferências Diretas do Fundo Nacional do Desenvolvimento da Educação ¿ FNDE;271504,06;17040
2021;Prefeitura Municipal de Jenipapo dos Vieiras - MA;2105476;MA;DCA-Anexo I-C;Padrão;Receitas Brutas Realizadas;RO1.7.1.8.09.0.0;1.7.1.8.09.0.0 - Transferências de Recursos de Complementação da União ao Fundo de Manutenção e Desenvolvimento da Educação Básica e de Valorização dos Profissionais da Educação ¿ FUNDEB;5775265,87;17040
2021;Prefeitura Municipal de Jenipapo dos Vieiras - MA;2105476;MA;DCA-Anexo I-C;Padrão;Receitas Brutas Realizadas;RO1.7.1.8.10.0.0;1.7.1.8.10.0.0 - Transferências de Convênios da União e de Suas Entidades;1000763,00;17040
2021;Prefeitura Municipal de Jenipapo dos Vieiras - MA;2105476;MA;DCA-Anexo I-C;Padrão;Receitas Brutas Realizadas;RO1.7.1.8.10.1.0;1.7.1.8.10.1.0 - Transferências de Convênios da União para o Sistema Único de Saúde ¿ SUS;1000763,00;17040
2021;Prefeitura Municipal de Jenipapo dos Vieiras - MA;2105476;MA;DCA-Anexo I-C;Padrão;Receitas Brutas Realizadas;RO1.7.1.8.12.0.0;1.7.1.8.12.0.0 - Transferências de Recursos do Fundo Nacional de Assistência Social ¿ FNAS;231018,23;17040
2021;Prefeitura Municipal de Jenipapo dos Vieiras - MA;2105476;MA;DCA-Anexo I-C;Padrão;Receitas Brutas Realizadas;RO1.7.1.8.99.0.0;1.7.1.8.99.0.0 - Outras Transferências da União;50124,32;17040
2021;Prefeitura Municipal de Jenipapo dos Vieiras - MA;2105476;MA;DCA-Anexo I-C;Padrão;Receitas Brutas Realizadas;RO1.7.2.0.00.0.0;1.7.2.0.00.0.0 - Transferências dos Estados e do Distrito Federal e de suas Entidades;3339574,15;17040
2021;Prefeitura Municipal de Jenipapo dos Vieiras - MA;2105476;MA;DCA-Anexo I-C;Padrão;Deduções - FUNDEB;RO1.7.2.0.00.0.0;1.7.2.0.00.0.0 - Transferências dos Estados e do Distrito Federal e de suas Entidades;585080,78;17040
2021;Prefeitura Municipal de Jenipapo dos Vieiras - MA;2105476;MA;DCA-Anexo I-C;Padrão;Receitas Brutas Realizadas;RO1.7.2.8.00.0.0;1.7.2.8.00.0.0 - Transferências dos Estados - Específicas de Estados, DF e Municípios;3339574,15;17040
2021;Prefeitura Municipal de Jenipapo dos Vieiras - MA;2105476;MA;DCA-Anexo I-C;Padrão;Deduções - FUNDEB;RO1.7.2.8.00.0.0;1.7.2.8.00.0.0 - Transferências dos Estados - Específicas de Estados, DF e Municípios;585080,78;17040
2021;Prefeitura Municipal de Jenipapo dos Vieiras - MA;2105476;MA;DCA-Anexo I-C;Padrão;Receitas Brutas Realizadas;RO1.7.2.8.01.0.0;1.7.2.8.01.0.0 - Participação na Receita dos Estados;3139242,15;17040
2021;Prefeitura Municipal de Jenipapo dos Vieiras - MA;2105476;MA;DCA-Anexo I-C;Padrão;Deduções - FUNDEB;RO1.7.2.8.01.0.0;1.7.2.8.01.0.0 - Participação na Receita dos Estados;585080,78;17040
2021;Prefeitura Municipal de Jenipapo dos Vieiras - MA;2105476;MA;DCA-Anexo I-C;Padrão;Receitas Brutas Realizadas;RO1.7.2.8.01.1.0;1.7.2.8.01.1.0 - Cota-Parte do ICMS;2925405,21;17040
2021;Prefeitura Municipal de Jenipapo dos Vieiras - MA;2105476;MA;DCA-Anexo I-C;Padrão;Deduções - FUNDEB;RO1.7.2.8.01.1.0;1.7.2.8.01.1.0 - Cota-Parte do ICMS;585080,78;17040
2021;Prefeitura Municipal de Jenipapo dos Vieiras - MA;2105476;MA;DCA-Anexo I-C;Padrão;Receitas Brutas Realizadas;RO1.7.2.8.01.2.0;1.7.2.8.01.2.0 - Cota-Parte do IPVA;177907,60;17040
2021;Prefeitura Municipal de Jenipapo dos Vieiras - MA;2105476;MA;DCA-Anexo I-C;Padrão;Receitas Brutas Realizadas;RO1.7.2.8.01.3.0;1.7.2.8.01.3.0 - Cota-Parte do IPI - Municípios;24923,85;17040
2021;Prefeitura Municipal de Jenipapo dos Vieiras - MA;2105476;MA;DCA-Anexo I-C;Padrão;Receitas Brutas Realizadas;RO1.7.2.8.01.4.0;1.7.2.8.01.4.0 - Cota-Parte da Contribuição de Intervenção no Domínio Econômico;11005,49;17040
2021;Prefeitura Municipal de Jenipapo dos Vieiras - MA;2105476;MA;DCA-Anexo I-C;Padrão;Receitas Brutas Realizadas;RO1.7.2.8.03.0.0;1.7.2.8.03.0.0 - Transferência de Recursos do Estado para Programas de Saúde ¿ Repasse Fundo a Fundo;186619,68;17040
2021;Prefeitura Municipal de Jenipapo dos Vieiras - MA;2105476;MA;DCA-Anexo I-C;Padrão;Receitas Brutas Realizadas;RO1.7.2.8.07.0.0;1.7.2.8.07.0.0 - Transferências de Estados destinadas à Assistência Social;13712,32;17040
2021;Prefeitura Municipal de Jenipapo dos Vieiras - MA;2105476;MA;DCA-Anexo I-C;Padrão;Receitas Brutas Realizadas;RO1.7.5.0.00.0.0;1.7.5.0.00.0.0 - Transferências de Outras Instituições Públicas;14393701,64;17040
2021;Prefeitura Municipal de Jenipapo dos Vieiras - MA;2105476;MA;DCA-Anexo I-C;Padrão;Receitas Brutas Realizadas;RO1.7.5.8.00.0.0;1.7.5.8.00.0.0 - Transferências de Outras Instituições Públicas - Específicas de Estados, DF e Municípios;14393701,64;17040
2021;Prefeitura Municipal de Jenipapo dos Vieiras - MA;2105476;MA;DCA-Anexo I-C;Padrão;Receitas Brutas Realizadas;RO1.7.5.8.01.0.0;1.7.5.8.01.0.0 - Transferências de Recursos do Fundo de Manutenção e Desenvolvimento da Educação Básica e de Valorização dos Profissionais da Educação ¿ FUNDEB;14393701,64;17040
2021;Prefeitura Municipal de Jenipapo dos Vieiras - MA;2105476;MA;DCA-Anexo I-C;Padrão;Receitas Brutas Realizadas;RO1.9.0.0.00.0.0;1.9.0.0.00.0.0 - Outras Receitas Correntes;33899,99;17040
2021;Prefeitura Municipal de Jenipapo dos Vieiras - MA;2105476;MA;DCA-Anexo I-C;Padrão;Receitas Brutas Realizadas;RO1.9.9.0.00.0.0;1.9.9.0.00.0.0 - Demais Receitas Correntes;33899,99;17040
2021;Prefeitura Municipal de Jenipapo dos Vieiras - MA;2105476;MA;DCA-Anexo I-C;Padrão;Receitas Brutas Realizadas;RO1.9.9.0.99.0.0;1.9.9.0.99.0.0 - Outras Receitas;33899,99;17040
2021;Prefeitura Municipal de Jenipapo dos Vieiras - MA;2105476;MA;DCA-Anexo I-C;Padrão;Receitas Brutas Realizadas;RO1.9.9.0.99.1.0;1.9.9.0.99.1.0 - Outras Receitas - Primárias;33899,99;17040
2021;Prefeitura Municipal de Jenipapo dos Vieiras - MA;2105476;MA;DCA-Anexo I-C;Padrão;Receitas Brutas Realizadas;RO2.0.0.0.00.0.0;2.0.0.0.00.0.0 - Receitas de Capital;955000,00;17040
2021;Prefeitura Municipal de Jenipapo dos Vieiras - MA;2105476;MA;DCA-Anexo I-C;Padrão;Receitas Brutas Realizadas;RO2.4.0.0.00.0.0;2.4.0.0.00.0.0 - Transferências de Capital;955000,00;17040
2021;Prefeitura Municipal de Jenipapo dos Vieiras - MA;2105476;MA;DCA-Anexo I-C;Padrão;Receitas Brutas Realizadas;RO2.4.1.0.00.0.0;2.4.1.0.00.0.0 - Transferências da União e de suas Entidades;955000,00;17040
2021;Prefeitura Municipal de Jenipapo dos Vieiras - MA;2105476;MA;DCA-Anexo I-C;Padrão;Receitas Brutas Realizadas;RO2.4.1.8.00.0.0;2.4.1.8.00.0.0 - Transferências da União - Específicas de Estados, DF e Municípios;955000,00;17040
2021;Prefeitura Municipal de Jenipapo dos Vieiras - MA;2105476;MA;DCA-Anexo I-C;Padrão;Receitas Brutas Realizadas;RO2.4.1.8.10.0.0;2.4.1.8.10.0.0 - Transferência de Convênios da União e de suas Entidades;955000,00;17040
2021;Prefeitura Municipal de Jenipapo dos Vieiras - MA;2105476;MA;DCA-Anexo I-C;Padrão;Receitas Brutas Realizadas;RO2.4.1.8.10.9.0;2.4.1.8.10.9.0 - Outras Transferências de Convênios da União;955000,00;17040
2021;Prefeitura Municipal de Jenipapo dos Vieiras - MA;2105476;MA;DCA-Anexo I-C;Padrão;Receitas Brutas Realizadas;TotalReceitas;TOTAL DAS RECEITAS (III) = (I + II);59720251,68;17040
2021;Prefeitura Municipal de Jenipapo dos Vieiras - MA;2105476;MA;DCA-Anexo I-C;Padrão;Deduções - FUNDEB;TotalReceitas;TOTAL DAS RECEITAS (III) = (I + II);4463272,80;17040
2022;Prefeitura Municipal de Jenipapo dos Vieiras - MA;2105476;MA;DCA-Anexo I-C;Padrão;Receitas Brutas Realizadas;ReceitasExcetoIntraOrcamentarias;RECEITAS (EXCETO INTRA-ORÇAMENTÁRIAS) (I);69954822,81;17123
2022;Prefeitura Municipal de Jenipapo dos Vieiras - MA;2105476;MA;DCA-Anexo I-C;Padrão;Deduções - FUNDEB;ReceitasExcetoIntraOrcamentarias;RECEITAS (EXCETO INTRA-ORÇAMENTÁRIAS) (I);5551914,91;17123
2022;Prefeitura Municipal de Jenipapo dos Vieiras - MA;2105476;MA;DCA-Anexo I-C;Padrão;Receitas Brutas Realizadas;RO1.0.0.0.00.0.0;1.0.0.0.00.0.0 - Receitas Correntes;67176660,38;17123
2022;Prefeitura Municipal de Jenipapo dos Vieiras - MA;2105476;MA;DCA-Anexo I-C;Padrão;Deduções - FUNDEB;RO1.0.0.0.00.0.0;1.0.0.0.00.0.0 - Receitas Correntes;5551914,91;17123
2022;Prefeitura Municipal de Jenipapo dos Vieiras - MA;2105476;MA;DCA-Anexo I-C;Padrão;Receitas Brutas Realizadas;RO1.1.0.0.00.0.0;1.1.0.0.00.0.0 - Impostos, Taxas e Contribuições de Melhoria;1480585,10;17123
2022;Prefeitura Municipal de Jenipapo dos Vieiras - MA;2105476;MA;DCA-Anexo I-C;Padrão;Receitas Brutas Realizadas;RO1.1.1.0.00.0.0;1.1.1.0.00.0.0 - Impostos;1113369,58;17123
2022;Prefeitura Municipal de Jenipapo dos Vieiras - MA;2105476;MA;DCA-Anexo I-C;Padrão;Receitas Brutas Realizadas;RO1.1.1.2.00.0.0;1.1.1.2.00.0.0 - Impostos sobre o Patrimônio;7297,66;17123
2022;Prefeitura Municipal de Jenipapo dos Vieiras - MA;2105476;MA;DCA-Anexo I-C;Padrão;Receitas Brutas Realizadas;RO1.1.1.2.50.0.0;1.1.1.2.50.0.0 - Imposto sobre a Propriedade Predial e Territorial Urbana;3097,66;17123
2022;Prefeitura Municipal de Jenipapo dos Vieiras - MA;2105476;MA;DCA-Anexo I-C;Padrão;Receitas Brutas Realizadas;RO1.1.1.2.53.0.0;"1.1.1.2.53.0.0 - Impostos sobre Transmissão ""Inter Vivos"" de Bens Imóveis e de Direitos Reais sobre Imóveis";4200,00;17123
2022;Prefeitura Municipal de Jenipapo dos Vieiras - MA;2105476;MA;DCA-Anexo I-C;Padrão;Receitas Brutas Realizadas;RO1.1.1.3.00.0.0;1.1.1.3.00.0.0 - Impostos sobre a Renda e Proventos de Qualquer Natureza;154392,11;17123
2022;Prefeitura Municipal de Jenipapo dos Vieiras - MA;2105476;MA;DCA-Anexo I-C;Padrão;Receitas Brutas Realizadas;RO1.1.1.3.03.0.0;1.1.1.3.03.0.0 - Imposto sobre a Renda - Retido na Fonte;154392,11;17123
2022;Prefeitura Municipal de Jenipapo dos Vieiras - MA;2105476;MA;DCA-Anexo I-C;Padrão;Receitas Brutas Realizadas;RO1.1.1.3.03.1.0;1.1.1.3.03.1.0 - Imposto sobre a Renda - Retido na Fonte - Trabalho;154392,11;17123
2022;Prefeitura Municipal de Jenipapo dos Vieiras - MA;2105476;MA;DCA-Anexo I-C;Padrão;Receitas Brutas Realizadas;RO1.1.1.4.00.0.0;1.1.1.4.00.0.0 - Impostos sobre a Produção e Circulação de Mercadorias e Serviços;951679,81;17123
2022;Prefeitura Municipal de Jenipapo dos Vieiras - MA;2105476;MA;DCA-Anexo I-C;Padrão;Receitas Brutas Realizadas;RO1.1.1.4.51.0.0;1.1.1.4.51.0.0 - Impostos sobre Serviços;951679,81;17123
2022;Prefeitura Municipal de Jenipapo dos Vieiras - MA;2105476;MA;DCA-Anexo I-C;Padrão;Receitas Brutas Realizadas;RO1.1.1.4.51.1.0;1.1.1.4.51.1.0 - Imposto sobre Serviços de Qualquer Natureza - ISSQN;951679,81;17123
2022;Prefeitura Municipal de Jenipapo dos Vieiras - MA;2105476;MA;DCA-Anexo I-C;Padrão;Receitas Brutas Realizadas;RO1.1.2.0.00.0.0;1.1.2.0.00.0.0 - Taxas;367215,52;17123
2022;Prefeitura Municipal de Jenipapo dos Vieiras - MA;2105476;MA;DCA-Anexo I-C;Padrão;Receitas Brutas Realizadas;RO1.1.2.2.00.0.0;1.1.2.2.00.0.0 - Taxas pela Prestação de Serviços;367215,52;17123
2022;Prefeitura Municipal de Jenipapo dos Vieiras - MA;2105476;MA;DCA-Anexo I-C;Padrão;Receitas Brutas Realizadas;RO1.1.2.2.01.0.0;1.1.2.2.01.0.0 - Taxas pela Prestação de Serviços;367215,52;17123
2022;Prefeitura Municipal de Jenipapo dos Vieiras - MA;2105476;MA;DCA-Anexo I-C;Padrão;Receitas Brutas Realizadas;RO1.2.0.0.00.0.0;1.2.0.0.00.0.0 - Contribuições;424722,81;17123
2022;Prefeitura Municipal de Jenipapo dos Vieiras - MA;2105476;MA;DCA-Anexo I-C;Padrão;Receitas Brutas Realizadas;RO1.2.4.0.00.0.0;1.2.4.0.00.0.0 - Contribuição para o Custeio do Serviço de Iluminação Pública;424722,81;17123
2022;Prefeitura Municipal de Jenipapo dos Vieiras - MA;2105476;MA;DCA-Anexo I-C;Padrão;Receitas Brutas Realizadas;RO1.3.0.0.00.0.0;1.3.0.0.00.0.0 - Receita Patrimonial;796518,96;17123
2022;Prefeitura Municipal de Jenipapo dos Vieiras - MA;2105476;MA;DCA-Anexo I-C;Padrão;Receitas Brutas Realizadas;RO1.3.2.0.00.0.0;1.3.2.0.00.0.0 - Valores Mobiliários;796518,96;17123
2022;Prefeitura Municipal de Jenipapo dos Vieiras - MA;2105476;MA;DCA-Anexo I-C;Padrão;Receitas Brutas Realizadas;RO1.3.2.1.00.0.0;1.3.2.1.00.0.0 - Juros e Correções Monetárias;796518,96;17123
2022;Prefeitura Municipal de Jenipapo dos Vieiras - MA;2105476;MA;DCA-Anexo I-C;Padrão;Receitas Brutas Realizadas;RO1.3.2.1.01.0.0;1.3.2.1.01.0.0 - Remuneração de Depósitos Bancários;740629,94;17123
2022;Prefeitura Municipal de Jenipapo dos Vieiras - MA;2105476;MA;DCA-Anexo I-C;Padrão;Receitas Brutas Realizadas;RO1.3.2.1.02.0.0;1.3.2.1.02.0.0 - Remuneração de Depósitos Especiais;55889,02;17123
2022;Prefeitura Municipal de Jenipapo dos Vieiras - MA;2105476;MA;DCA-Anexo I-C;Padrão;Receitas Brutas Realizadas;RO1.7.0.0.00.0.0;1.7.0.0.00.0.0 - Transferências Correntes;64474833,51;17123
2022;Prefeitura Municipal de Jenipapo dos Vieiras - MA;2105476;MA;DCA-Anexo I-C;Padrão;Deduções - FUNDEB;RO1.7.0.0.00.0.0;1.7.0.0.00.0.0 - Transferências Correntes;5551914,91;17123
2022;Prefeitura Municipal de Jenipapo dos Vieiras - MA;2105476;MA;DCA-Anexo I-C;Padrão;Receitas Brutas Realizadas;RO1.7.1.0.00.0.0;1.7.1.0.00.0.0 - Transferências da União e de suas Entidades;46952205,89;17123
2022;Prefeitura Municipal de Jenipapo dos Vieiras - MA;2105476;MA;DCA-Anexo I-C;Padrão;Deduções - FUNDEB;RO1.7.1.0.00.0.0;1.7.1.0.00.0.0 - Transferências da União e de suas Entidades;4830453,39;17123
2022;Prefeitura Municipal de Jenipapo dos Vieiras - MA;2105476;MA;DCA-Anexo I-C;Padrão;Receitas Brutas Realizadas;RO1.7.1.1.00.0.0;1.7.1.1.00.0.0 - Transferências Decorrentes de Participação na Receita da União;26384695,87;17123
2022;Prefeitura Municipal de Jenipapo dos Vieiras - MA;2105476;MA;DCA-Anexo I-C;Padrão;Deduções - FUNDEB;RO1.7.1.1.00.0.0;1.7.1.1.00.0.0 - Transferências Decorrentes de Participação na Receita da União;4830453,39;17123
2022;Prefeitura Municipal de Jenipapo dos Vieiras - MA;2105476;MA;DCA-Anexo I-C;Padrão;Receitas Brutas Realizadas;RO1.7.1.1.51.0.0;1.7.1.1.51.0.0 -Cota-Parte do Fundo de Participação dos Municípios - FPM;26379207,62;17123
2022;Prefeitura Municipal de Jenipapo dos Vieiras - MA;2105476;MA;DCA-Anexo I-C;Padrão;Deduções - FUNDEB;RO1.7.1.1.51.0.0;1.7.1.1.51.0.0 -Cota-Parte do Fundo de Participação dos Municípios - FPM;4829355,87;17123
2022;Prefeitura Municipal de Jenipapo dos Vieiras - MA;2105476;MA;DCA-Anexo I-C;Padrão;Receitas Brutas Realizadas;RO1.7.1.1.51.1.0;1.7.1.1.51.1.0 - Cota-Parte do Fundo de Participação dos Municípios - Cota Mensal;24204967,37;17123
2022;Prefeitura Municipal de Jenipapo dos Vieiras - MA;2105476;MA;DCA-Anexo I-C;Padrão;Deduções - FUNDEB;RO1.7.1.1.51.1.0;1.7.1.1.51.1.0 - Cota-Parte do Fundo de Participação dos Municípios - Cota Mensal;4829355,87;17123
2022;Prefeitura Municipal de Jenipapo dos Vieiras - MA;2105476;MA;DCA-Anexo I-C;Padrão;Receitas Brutas Realizadas;RO1.7.1.1.51.2.0;1.7.1.1.51.2.0 - Cota-Parte do Fundo de Participação do Municípios ¿ 1% Cota entregue no mês de dezembro;2174240,25;17123
2022;Prefeitura Municipal de Jenipapo dos Vieiras - MA;2105476;MA;DCA-Anexo I-C;Padrão;Receitas Brutas Realizadas;RO1.7.1.1.52.0.0;1.7.1.1.52.0.0 - Cota-Parte do Imposto Sobre a Propriedade Territorial Rural;5488,25;17123
2022;Prefeitura Municipal de Jenipapo dos Vieiras - MA;2105476;MA;DCA-Anexo I-C;Padrão;Deduções - FUNDEB;RO1.7.1.1.52.0.0;1.7.1.1.52.0.0 - Cota-Parte do Imposto Sobre a Propriedade Territorial Rural;1097,52;17123
2022;Prefeitura Municipal de Jenipapo dos Vieiras - MA;2105476;MA;DCA-Anexo I-C;Padrão;Receitas Brutas Realizadas;RO1.7.1.2.00.0.0;1.7.1.2.00.0.0 -Transferências das Compensações Financeiras pela Exploração de Recursos Naturais;584538,10;17123
2022;Prefeitura Municipal de Jenipapo dos Vieiras - MA;2105476;MA;DCA-Anexo I-C;Padrão;Receitas Brutas Realizadas;RO1.7.1.2.52.0.0;1.7.1.2.52.0.0 - Cota-parte da Compensação Financeira pela Produção de Petróleo;584538,10;17123
2022;Prefeitura Municipal de Jenipapo dos Vieiras - MA;2105476;MA;DCA-Anexo I-C;Padrão;Receitas Brutas Realizadas;RO1.7.1.2.52.4.0;1.7.1.2.52.4.0 - Cota-Parte do Fundo Especial do Petróleo ¿ FEP;584538,10;17123
2022;Prefeitura Municipal de Jenipapo dos Vieiras - MA;2105476;MA;DCA-Anexo I-C;Padrão;Receitas Brutas Realizadas;RO1.7.1.3.00.0.0;1.7.1.3.00.0.0 -Transferências de Recursos do Sistema Único de Saúde ¿ SUS ;4244458,19;17123
2022;Prefeitura Municipal de Jenipapo dos Vieiras - MA;2105476;MA;DCA-Anexo I-C;Padrão;Receitas Brutas Realizadas;RO1.7.1.3.50.0.0;1.7.1.3.50.0.0 - Transferências de Recursos do Sistema Único de Saúde ¿ SUS ¿ Repasses Fundo a Fundo - Bloco de Manutenção das Ações e Serviços Públicos de Saúde;4244458,19;17123
2022;Prefeitura Municipal de Jenipapo dos Vieiras - MA;2105476;MA;DCA-Anexo I-C;Padrão;Receitas Brutas Realizadas;RO1.7.1.3.50.1.0;1.7.1.3.50.1.0 - Transferências de Recursos do Bloco de Manutenção das Ações e Serviços Públicos de Saúde ¿ Atenção Primária;3682493,15;17123
2022;Prefeitura Municipal de Jenipapo dos Vieiras - MA;2105476;MA;DCA-Anexo I-C;Padrão;Receitas Brutas Realizadas;RO1.7.1.3.50.3.0;1.7.1.3.50.3.0 - Transferências de Recursos do Bloco de Manutenção das Ações e Serviços Públicos de Saúde ¿ Vigilância em Saúde;236071,37;17123
2022;Prefeitura Municipal de Jenipapo dos Vieiras - MA;2105476;MA;DCA-Anexo I-C;Padrão;Receitas Brutas Realizadas;RO1.7.1.3.50.4.0;1.7.1.3.50.4.0 -Transferências de Recursos do Bloco de Manutenção das Ações e Serviços Públicos de Saúde ¿ Assistência Farmacêutica;49957,86;17123
2022;Prefeitura Municipal de Jenipapo dos Vieiras - MA;2105476;MA;DCA-Anexo I-C;Padrão;Receitas Brutas Realizadas;RO1.7.1.3.50.9.0;1.7.1.3.50.9.0 - Transferências de Recursos do Bloco de Manutenção das Ações e Serviços Públicos de Saúde ¿ Outros Programas;275935,81;17123
2022;Prefeitura Municipal de Jenipapo dos Vieiras - MA;2105476;MA;DCA-Anexo I-C;Padrão;Receitas Brutas Realizadas;RO1.7.1.4.00.0.0;1.7.1.4.00.0.0 -Transferências de Recursos do Fundo Nacional do Desenvolvimento da Educação ¿ FNDE¿ ;940539,12;17123
2022;Prefeitura Municipal de Jenipapo dos Vieiras - MA;2105476;MA;DCA-Anexo I-C;Padrão;Receitas Brutas Realizadas;RO1.7.1.4.50.0.0;1.7.1.4.50.0.0 - Transferências do Salário-Educação;215313,64;17123
2022;Prefeitura Municipal de Jenipapo dos Vieiras - MA;2105476;MA;DCA-Anexo I-C;Padrão;Receitas Brutas Realizadas;RO1.7.1.4.51.0.0;1.7.1.4.51.0.0 - Transferências Diretas do FNDE referentes ao Programa Dinheiro Direto na Escola ¿ PDDE;4961,64;17123
2022;Prefeitura Municipal de Jenipapo dos Vieiras - MA;2105476;MA;DCA-Anexo I-C;Padrão;Receitas Brutas Realizadas;RO1.7.1.4.52.0.0;1.7.1.4.52.0.0 - Transferências referentes ao Programa Nacional de Alimentação Escolar ¿ PNAE;413842,06;17123
2022;Prefeitura Municipal de Jenipapo dos Vieiras - MA;2105476;MA;DCA-Anexo I-C;Padrão;Receitas Brutas Realizadas;RO1.7.1.4.53.0.0;1.7.1.4.53.0.0 - Transferências referentes ao Programa Nacional de Apoio ao Transporte do Escolar ¿ PNATE;306421,78;17123
2022;Prefeitura Municipal de Jenipapo dos Vieiras - MA;2105476;MA;DCA-Anexo I-C;Padrão;Receitas Brutas Realizadas;RO1.7.1.5.00.0.0;1.7.1.5.00.0.0 - Transferências de Recursos de Complementação da União ao Fundo de Manutenção e Desenvolvimento da Educação Básica e de Valorização dos Profissionais da Educação ¿ FUNDEB ;10063630,42;17123
2022;Prefeitura Municipal de Jenipapo dos Vieiras - MA;2105476;MA;DCA-Anexo I-C;Padrão;Receitas Brutas Realizadas;RO1.7.1.6.00.0.0;1.7.1.6.00.0.0 - Transferências de Recursos do Fundo Nacional de Assistência Social ¿ FNAS;716039,47;17123
2022;Prefeitura Municipal de Jenipapo dos Vieiras - MA;2105476;MA;DCA-Anexo I-C;Padrão;Receitas Brutas Realizadas;RO1.7.1.7.00.0.0;1.7.1.7.00.0.0 - Transferências de Convênios da União e de Suas Entidades;716250,00;17123
2022;Prefeitura Municipal de Jenipapo dos Vieiras - MA;2105476;MA;DCA-Anexo I-C;Padrão;Receitas Brutas Realizadas;RO1.7.1.7.99.0.0;1.7.1.7.99.0.0 - Outras Transferências de Convênios da União e de Suas Entidades;716250,00;17123
2022;Prefeitura Municipal de Jenipapo dos Vieiras - MA;2105476;MA;DCA-Anexo I-C;Padrão;Receitas Brutas Realizadas;RO1.7.1.9.00.0.0;1.7.1.9.00.0.0 - Outras Transferências de Recursos da União e de suas Entidades;3302054,72;17123
2022;Prefeitura Municipal de Jenipapo dos Vieiras - MA;2105476;MA;DCA-Anexo I-C;Padrão;Receitas Brutas Realizadas;RO1.7.1.9.51.0.0;1.7.1.9.51.0.0 - Transferências Financeiras do ICMS ¿ Desoneração ¿ L.C. Nº 87/96;4221,46;17123
2022;Prefeitura Municipal de Jenipapo dos Vieiras - MA;2105476;MA;DCA-Anexo I-C;Padrão;Receitas Brutas Realizadas;RO1.7.1.9.99.0.0;1.7.1.9.99.0.0 - Outras Transferências de Recursos da União e de suas Entidades;3297833,26;17123
2022;Prefeitura Municipal de Jenipapo dos Vieiras - MA;2105476;MA;DCA-Anexo I-C;Padrão;Receitas Brutas Realizadas;RO1.7.2.0.00.0.0;1.7.2.0.00.0.0 - Transferências dos Estados e do Distrito Federal e de suas Entidades;4018148,91;17123
2022;Prefeitura Municipal de Jenipapo dos Vieiras - MA;2105476;MA;DCA-Anexo I-C;Padrão;Deduções - FUNDEB;RO1.7.2.0.00.0.0;1.7.2.0.00.0.0 - Transferências dos Estados e do Distrito Federal e de suas Entidades;721461,52;17123
2022;Prefeitura Municipal de Jenipapo dos Vieiras - MA;2105476;MA;DCA-Anexo I-C;Padrão;Receitas Brutas Realizadas;RO1.7.2.1.00.0.0;1.7.2.1.00.0.0 - Participação na Receita dos Estados e Distrito Federal;3946200,34;17123
2022;Prefeitura Municipal de Jenipapo dos Vieiras - MA;2105476;MA;DCA-Anexo I-C;Padrão;Deduções - FUNDEB;RO1.7.2.1.00.0.0;1.7.2.1.00.0.0 - Participação na Receita dos Estados e Distrito Federal;721461,52;17123
2022;Prefeitura Municipal de Jenipapo dos Vieiras - MA;2105476;MA;DCA-Anexo I-C;Padrão;Receitas Brutas Realizadas;RO1.7.2.1.50.0.0;1.7.2.1.50.0.0 - Cota-Parte do ICMS;3607308,95;17123
2022;Prefeitura Municipal de Jenipapo dos Vieiras - MA;2105476;MA;DCA-Anexo I-C;Padrão;Deduções - FUNDEB;RO1.7.2.1.50.0.0;1.7.2.1.50.0.0 - Cota-Parte do ICMS;721461,52;17123
2022;Prefeitura Municipal de Jenipapo dos Vieiras - MA;2105476;MA;DCA-Anexo I-C;Padrão;Receitas Brutas Realizadas;RO1.7.2.1.51.0.0;1.7.2.1.51.0.0 - Cota-Parte do IPVA;300320,18;17123
2022;Prefeitura Municipal de Jenipapo dos Vieiras - MA;2105476;MA;DCA-Anexo I-C;Padrão;Receitas Brutas Realizadas;RO1.7.2.1.52.0.0;1.7.2.1.52.0.0 - Cota-Parte do IPI - Municípios;21059,15;17123
2022;Prefeitura Municipal de Jenipapo dos Vieiras - MA;2105476;MA;DCA-Anexo I-C;Padrão;Receitas Brutas Realizadas;RO1.7.2.1.53.0.0;1.7.2.1.53.0.0 - Cota-Parte da Contribuição de Intervenção no Domínio Econômico;17512,06;17123
2022;Prefeitura Municipal de Jenipapo dos Vieiras - MA;2105476;MA;DCA-Anexo I-C;Padrão;Receitas Brutas Realizadas;RO1.7.2.9.00.0.0;1.7.2.9.00.0.0 - Outras Transferências dos Estados e Distrito Federal;71948,57;17123
2022;Prefeitura Municipal de Jenipapo dos Vieiras - MA;2105476;MA;DCA-Anexo I-C;Padrão;Receitas Brutas Realizadas;RO1.7.2.9.99.0.0;1.7.2.9.99.0.0 - Outras Transferências dos Estados e DF;71948,57;17123
2022;Prefeitura Municipal de Jenipapo dos Vieiras - MA;2105476;MA;DCA-Anexo I-C;Padrão;Receitas Brutas Realizadas;RO1.7.5.0.00.0.0;1.7.5.0.00.0.0 - Transferências de Outras Instituições Públicas;13504478,71;17123
2022;Prefeitura Municipal de Jenipapo dos Vieiras - MA;2105476;MA;DCA-Anexo I-C;Padrão;Receitas Brutas Realizadas;RO1.7.5.1.00.0.0;1.7.5.1.00.0.0 - Transferências de Recursos do Fundo de Manutenção e Desenvolvimento da Educação Básica e de Valorização dos Profissionais da Educação - FUNDEB;13504478,71;17123
2022;Prefeitura Municipal de Jenipapo dos Vieiras - MA;2105476;MA;DCA-Anexo I-C;Padrão;Receitas Brutas Realizadas;RO2.0.0.0.00.0.0;2.0.0.0.00.0.0 - Receitas de Capital;2778162,43;17123
2022;Prefeitura Municipal de Jenipapo dos Vieiras - MA;2105476;MA;DCA-Anexo I-C;Padrão;Receitas Brutas Realizadas;RO2.4.0.0.00.0.0;2.4.0.0.00.0.0 - Transferências de Capital;2778162,43;17123
2022;Prefeitura Municipal de Jenipapo dos Vieiras - MA;2105476;MA;DCA-Anexo I-C;Padrão;Receitas Brutas Realizadas;RO2.4.1.0.00.0.0;2.4.1.0.00.0.0 - Transferências da União e de suas Entidades;2715319,15;17123
2022;Prefeitura Municipal de Jenipapo dos Vieiras - MA;2105476;MA;DCA-Anexo I-C;Padrão;Receitas Brutas Realizadas;RO2.4.1.3.00.0.0;2.4.1.3.00.0.0 - Transferências de Recursos do Fundo Nacional de Assistência Social ¿ FNAS ;327819,15;17123
2022;Prefeitura Municipal de Jenipapo dos Vieiras - MA;2105476;MA;DCA-Anexo I-C;Padrão;Receitas Brutas Realizadas;RO2.4.1.3.50.0.0;2.4.1.3.50.0.0 - Transferências de Recursos do Fundo Nacional de Assistência Social ¿ FNAS;327819,15;17123
2022;Prefeitura Municipal de Jenipapo dos Vieiras - MA;2105476;MA;DCA-Anexo I-C;Padrão;Receitas Brutas Realizadas;RO2.4.1.4.00.0.0;2.4.1.4.00.0.0 - Transferências de Convênios da União e de suas Entidades ;2387500,00;17123
2022;Prefeitura Municipal de Jenipapo dos Vieiras - MA;2105476;MA;DCA-Anexo I-C;Padrão;Receitas Brutas Realizadas;RO2.4.1.4.99.0.0;2.4.1.4.99.0.0 - Outras Transferências de Convênios da União e de Suas Entidades;2387500,00;17123
2022;Prefeitura Municipal de Jenipapo dos Vieiras - MA;2105476;MA;DCA-Anexo I-C;Padrão;Receitas Brutas Realizadas;RO2.4.2.0.00.0.0;2.4.2.0.00.0.0 - Transferências dos Estados e do Distrito Federal e de suas Entidades;62843,28;17123
2022;Prefeitura Municipal de Jenipapo dos Vieiras - MA;2105476;MA;DCA-Anexo I-C;Padrão;Receitas Brutas Realizadas;RO2.4.2.1.00.0.0;2.4.2.1.00.0.0 - Transferências de Recursos do Sistema Único de Saúde ¿ SUS dos Estados e DF;62843,28;17123
2022;Prefeitura Municipal de Jenipapo dos Vieiras - MA;2105476;MA;DCA-Anexo I-C;Padrão;Receitas Brutas Realizadas;RO2.4.2.1.50.0.0;2.4.2.1.50.0.0 - Transferências de Recursos do Sistema Único de Saúde ¿ SUS;62843,28;17123
2022;Prefeitura Municipal de Jenipapo dos Vieiras - MA;2105476;MA;DCA-Anexo I-C;Padrão;Receitas Brutas Realizadas;TotalReceitas;TOTAL DAS RECEITAS (III) = (I + II);69954822,81;17123
2022;Prefeitura Municipal de Jenipapo dos Vieiras - MA;2105476;MA;DCA-Anexo I-C;Padrão;Deduções - FUNDEB;TotalReceitas;TOTAL DAS RECEITAS (III) = (I + II);5551914,91;17123
2023;Prefeitura Municipal de Jenipapo dos Vieiras - MA;2105476;MA;DCA-Anexo I-C;Padrão;Receitas Brutas Realizadas;ReceitasExcetoIntraOrcamentarias;RECEITAS (EXCETO INTRA-ORÇAMENTÁRIAS) (I);79854157,81;17123
2023;Prefeitura Municipal de Jenipapo dos Vieiras - MA;2105476;MA;DCA-Anexo I-C;Padrão;Deduções - FUNDEB;ReceitasExcetoIntraOrcamentarias;RECEITAS (EXCETO INTRA-ORÇAMENTÁRIAS) (I);5658237,94;17123
2023;Prefeitura Municipal de Jenipapo dos Vieiras - MA;2105476;MA;DCA-Anexo I-C;Padrão;Receitas Brutas Realizadas;RO1.0.0.0.00.0.0;1.0.0.0.00.0.0 - Receitas Correntes;77247186,38;17123
2023;Prefeitura Municipal de Jenipapo dos Vieiras - MA;2105476;MA;DCA-Anexo I-C;Padrão;Deduções - FUNDEB;RO1.0.0.0.00.0.0;1.0.0.0.00.0.0 - Receitas Correntes;5658237,94;17123
2023;Prefeitura Municipal de Jenipapo dos Vieiras - MA;2105476;MA;DCA-Anexo I-C;Padrão;Receitas Brutas Realizadas;RO1.1.0.0.00.0.0;1.1.0.0.00.0.0 - Impostos, Taxas e Contribuições de Melhoria;938865,35;17123
2023;Prefeitura Municipal de Jenipapo dos Vieiras - MA;2105476;MA;DCA-Anexo I-C;Padrão;Receitas Brutas Realizadas;RO1.1.1.0.00.0.0;1.1.1.0.00.0.0 - Impostos;925691,62;17123
2023;Prefeitura Municipal de Jenipapo dos Vieiras - MA;2105476;MA;DCA-Anexo I-C;Padrão;Receitas Brutas Realizadas;RO1.1.1.2.00.0.0;1.1.1.2.00.0.0 - Impostos sobre o Patrimônio;5932,78;17123
2023;Prefeitura Municipal de Jenipapo dos Vieiras - MA;2105476;MA;DCA-Anexo I-C;Padrão;Receitas Brutas Realizadas;RO1.1.1.2.50.0.0;1.1.1.2.50.0.0 - Imposto sobre a Propriedade Predial e Territorial Urbana;4003,06;17123
2023;Prefeitura Municipal de Jenipapo dos Vieiras - MA;2105476;MA;DCA-Anexo I-C;Padrão;Receitas Brutas Realizadas;RO1.1.1.2.53.0.0;"1.1.1.2.53.0.0 - Impostos sobre Transmissão ""Inter Vivos"" de Bens Imóveis e de Direitos Reais sobre Imóveis";1929,72;17123
2023;Prefeitura Municipal de Jenipapo dos Vieiras - MA;2105476;MA;DCA-Anexo I-C;Padrão;Receitas Brutas Realizadas;RO1.1.1.3.00.0.0;1.1.1.3.00.0.0 - Impostos sobre a Renda e Proventos de Qualquer Natureza;182717,22;17123
2023;Prefeitura Municipal de Jenipapo dos Vieiras - MA;2105476;MA;DCA-Anexo I-C;Padrão;Receitas Brutas Realizadas;RO1.1.1.3.03.0.0;1.1.1.3.03.0.0 - Imposto sobre a Renda - Retido na Fonte;182717,22;17123
2023;Prefeitura Municipal de Jenipapo dos Vieiras - MA;2105476;MA;DCA-Anexo I-C;Padrão;Receitas Brutas Realizadas;RO1.1.1.3.03.1.0;1.1.1.3.03.1.0 - Imposto sobre a Renda - Retido na Fonte - Trabalho;182717,22;17123
2023;Prefeitura Municipal de Jenipapo dos Vieiras - MA;2105476;MA;DCA-Anexo I-C;Padrão;Receitas Brutas Realizadas;RO1.1.1.4.00.0.0;1.1.1.4.00.0.0 - Impostos sobre a Produção e Circulação de Mercadorias e Serviços;737041,62;17123
2023;Prefeitura Municipal de Jenipapo dos Vieiras - MA;2105476;MA;DCA-Anexo I-C;Padrão;Receitas Brutas Realizadas;RO1.1.1.4.51.0.0;1.1.1.4.51.0.0 - Impostos sobre Serviços;737041,62;17123
2023;Prefeitura Municipal de Jenipapo dos Vieiras - MA;2105476;MA;DCA-Anexo I-C;Padrão;Receitas Brutas Realizadas;RO1.1.1.4.51.1.0;1.1.1.4.51.1.0 - Imposto sobre Serviços de Qualquer Natureza - ISSQN;737041,62;17123
2023;Prefeitura Municipal de Jenipapo dos Vieiras - MA;2105476;MA;DCA-Anexo I-C;Padrão;Receitas Brutas Realizadas;RO1.1.2.0.00.0.0;1.1.2.0.00.0.0 - Taxas;13173,73;17123
2023;Prefeitura Municipal de Jenipapo dos Vieiras - MA;2105476;MA;DCA-Anexo I-C;Padrão;Receitas Brutas Realizadas;RO1.1.2.2.00.0.0;1.1.2.2.00.0.0 - Taxas pela Prestação de Serviços;13173,73;17123
2023;Prefeitura Municipal de Jenipapo dos Vieiras - MA;2105476;MA;DCA-Anexo I-C;Padrão;Receitas Brutas Realizadas;RO1.1.2.2.01.0.0;1.1.2.2.01.0.0 - Taxas pela Prestação de Serviços em Geral;13173,73;17123
2023;Prefeitura Municipal de Jenipapo dos Vieiras - MA;2105476;MA;DCA-Anexo I-C;Padrão;Receitas Brutas Realizadas;RO1.2.0.0.00.0.0;1.2.0.0.00.0.0 - Contribuições;506008,49;17123
2023;Prefeitura Municipal de Jenipapo dos Vieiras - MA;2105476;MA;DCA-Anexo I-C;Padrão;Receitas Brutas Realizadas;RO1.2.4.0.00.0.0;1.2.4.0.00.0.0 - Contribuição para o Custeio do Serviço de Iluminação Pública;506008,49;17123
2023;Prefeitura Municipal de Jenipapo dos Vieiras - MA;2105476;MA;DCA-Anexo I-C;Padrão;Receitas Brutas Realizadas;RO1.3.0.0.00.0.0;1.3.0.0.00.0.0 - Receita Patrimonial;544290,52;17123
2023;Prefeitura Municipal de Jenipapo dos Vieiras - MA;2105476;MA;DCA-Anexo I-C;Padrão;Receitas Brutas Realizadas;RO1.3.2.0.00.0.0;1.3.2.0.00.0.0 - Valores Mobiliários;544290,52;17123
2023;Prefeitura Municipal de Jenipapo dos Vieiras - MA;2105476;MA;DCA-Anexo I-C;Padrão;Receitas Brutas Realizadas;RO1.3.2.1.00.0.0;1.3.2.1.00.0.0 - Juros e Correções Monetárias;544290,52;17123
2023;Prefeitura Municipal de Jenipapo dos Vieiras - MA;2105476;MA;DCA-Anexo I-C;Padrão;Receitas Brutas Realizadas;RO1.3.2.1.01.0.0;1.3.2.1.01.0.0 - Remuneração de Depósitos Bancários;544290,52;17123
2023;Prefeitura Municipal de Jenipapo dos Vieiras - MA;2105476;MA;DCA-Anexo I-C;Padrão;Receitas Brutas Realizadas;RO1.7.0.0.00.0.0;1.7.0.0.00.0.0 - Transferências Correntes;75258022,02;17123
2023;Prefeitura Municipal de Jenipapo dos Vieiras - MA;2105476;MA;DCA-Anexo I-C;Padrão;Deduções - FUNDEB;RO1.7.0.0.00.0.0;1.7.0.0.00.0.0 - Transferências Correntes;5658237,94;17123
2023;Prefeitura Municipal de Jenipapo dos Vieiras - MA;2105476;MA;DCA-Anexo I-C;Padrão;Receitas Brutas Realizadas;RO1.7.1.0.00.0.0;1.7.1.0.00.0.0 - Transferências da União e de suas Entidades;57203631,51;17123
2023;Prefeitura Municipal de Jenipapo dos Vieiras - MA;2105476;MA;DCA-Anexo I-C;Padrão;Deduções - FUNDEB;RO1.7.1.0.00.0.0;1.7.1.0.00.0.0 - Transferências da União e de suas Entidades;4977323,60;17123
2023;Prefeitura Municipal de Jenipapo dos Vieiras - MA;2105476;MA;DCA-Anexo I-C;Padrão;Receitas Brutas Realizadas;RO1.7.1.1.00.0.0;1.7.1.1.00.0.0 - Transferências Decorrentes de Participação na Receita da União;27300111,74;17123
2023;Prefeitura Municipal de Jenipapo dos Vieiras - MA;2105476;MA;DCA-Anexo I-C;Padrão;Deduções - FUNDEB;RO1.7.1.1.00.0.0;1.7.1.1.00.0.0 - Transferências Decorrentes de Participação na Receita da União;4977323,60;17123
2023;Prefeitura Municipal de Jenipapo dos Vieiras - MA;2105476;MA;DCA-Anexo I-C;Padrão;Receitas Brutas Realizadas;RO1.7.1.1.51.0.0;1.7.1.1.51.0.0 -Cota-Parte do Fundo de Participação dos Municípios - FPM;27294423,58;17123
2023;Prefeitura Municipal de Jenipapo dos Vieiras - MA;2105476;MA;DCA-Anexo I-C;Padrão;Deduções - FUNDEB;RO1.7.1.1.51.0.0;1.7.1.1.51.0.0 -Cota-Parte do Fundo de Participação dos Municípios - FPM;4976186,11;17123
2023;Prefeitura Municipal de Jenipapo dos Vieiras - MA;2105476;MA;DCA-Anexo I-C;Padrão;Receitas Brutas Realizadas;RO1.7.1.1.51.1.0;1.7.1.1.51.1.0 - Cota-Parte do Fundo de Participação dos Municípios - Cota Mensal;27294423,58;17123
2023;Prefeitura Municipal de Jenipapo dos Vieiras - MA;2105476;MA;DCA-Anexo I-C;Padrão;Deduções - FUNDEB;RO1.7.1.1.51.1.0;1.7.1.1.51.1.0 - Cota-Parte do Fundo de Participação dos Municípios - Cota Mensal;4976186,11;17123
2023;Prefeitura Municipal de Jenipapo dos Vieiras - MA;2105476;MA;DCA-Anexo I-C;Padrão;Receitas Brutas Realizadas;RO1.7.1.1.52.0.0;1.7.1.1.52.0.0 - Cota-Parte do Imposto Sobre a Propriedade Territorial Rural;5688,16;17123
2023;Prefeitura Municipal de Jenipapo dos Vieiras - MA;2105476;MA;DCA-Anexo I-C;Padrão;Deduções - FUNDEB;RO1.7.1.1.52.0.0;1.7.1.1.52.0.0 - Cota-Parte do Imposto Sobre a Propriedade Territorial Rural;1137,49;17123
2023;Prefeitura Municipal de Jenipapo dos Vieiras - MA;2105476;MA;DCA-Anexo I-C;Padrão;Receitas Brutas Realizadas;RO1.7.1.2.00.0.0;1.7.1.2.00.0.0 -Transferências das Compensações Financeiras pela Exploração de Recursos Naturais;530601,24;17123
2023;Prefeitura Municipal de Jenipapo dos Vieiras - MA;2105476;MA;DCA-Anexo I-C;Padrão;Receitas Brutas Realizadas;RO1.7.1.2.52.0.0;1.7.1.2.52.0.0 - Cota-parte da Compensação Financeira pela Produção de Petróleo;530601,24;17123
2023;Prefeitura Municipal de Jenipapo dos Vieiras - MA;2105476;MA;DCA-Anexo I-C;Padrão;Receitas Brutas Realizadas;RO1.7.1.2.52.4.0;1.7.1.2.52.4.0 - Cota-Parte do Fundo Especial do Petróleo ¿ FEP;530601,24;17123
2023;Prefeitura Municipal de Jenipapo dos Vieiras - MA;2105476;MA;DCA-Anexo I-C;Padrão;Receitas Brutas Realizadas;RO1.7.1.3.00.0.0;1.7.1.3.00.0.0 -Transferências de Recursos do Sistema Único de Saúde ¿ SUS ;4708737,03;17123
2023;Prefeitura Municipal de Jenipapo dos Vieiras - MA;2105476;MA;DCA-Anexo I-C;Padrão;Receitas Brutas Realizadas;RO1.7.1.3.50.0.0;1.7.1.3.50.0.0 - Transferências de Recursos do Sistema Único de Saúde ¿ SUS ¿ Repasses Fundo a Fundo - Bloco de Manutenção das Ações e Serviços Públicos de Saúde;4708737,03;17123
2023;Prefeitura Municipal de Jenipapo dos Vieiras - MA;2105476;MA;DCA-Anexo I-C;Padrão;Receitas Brutas Realizadas;RO1.7.1.3.50.1.0;1.7.1.3.50.1.0 - Transferências de Recursos do Bloco de Manutenção das Ações e Serviços Públicos de Saúde ¿ Atenção Primária;4265614,60;17123
2023;Prefeitura Municipal de Jenipapo dos Vieiras - MA;2105476;MA;DCA-Anexo I-C;Padrão;Receitas Brutas Realizadas;RO1.7.1.3.50.3.0;1.7.1.3.50.3.0 - Transferências de Recursos do Bloco de Manutenção das Ações e Serviços Públicos de Saúde ¿ Vigilância em Saúde;228184,95;17123
2023;Prefeitura Municipal de Jenipapo dos Vieiras - MA;2105476;MA;DCA-Anexo I-C;Padrão;Receitas Brutas Realizadas;RO1.7.1.3.50.4.0;1.7.1.3.50.4.0 -Transferências de Recursos do Bloco de Manutenção das Ações e Serviços Públicos de Saúde ¿ Assistência Farmacêutica;33305,24;17123
2023;Prefeitura Municipal de Jenipapo dos Vieiras - MA;2105476;MA;DCA-Anexo I-C;Padrão;Receitas Brutas Realizadas;RO1.7.1.3.50.9.0;1.7.1.3.50.9.0 - Transferências de Recursos do Bloco de Manutenção das Ações e Serviços Públicos de Saúde ¿ Outros Programas;181632,24;17123
2023;Prefeitura Municipal de Jenipapo dos Vieiras - MA;2105476;MA;DCA-Anexo I-C;Padrão;Receitas Brutas Realizadas;RO1.7.1.4.00.0.0;1.7.1.4.00.0.0 -Transferências de Recursos do Fundo Nacional do Desenvolvimento da Educação ¿ FNDE¿ ;1087719,65;17123
2023;Prefeitura Municipal de Jenipapo dos Vieiras - MA;2105476;MA;DCA-Anexo I-C;Padrão;Receitas Brutas Realizadas;RO1.7.1.4.50.0.0;1.7.1.4.50.0.0 - Transferências do Salário-Educação;276746,62;17123
2023;Prefeitura Municipal de Jenipapo dos Vieiras - MA;2105476;MA;DCA-Anexo I-C;Padrão;Receitas Brutas Realizadas;RO1.7.1.4.51.0.0;1.7.1.4.51.0.0 - Transferências Diretas do FNDE referentes ao Programa Dinheiro Direto na Escola ¿ PDDE;4460,00;17123
2023;Prefeitura Municipal de Jenipapo dos Vieiras - MA;2105476;MA;DCA-Anexo I-C;Padrão;Receitas Brutas Realizadas;RO1.7.1.4.52.0.0;1.7.1.4.52.0.0 - Transferências referentes ao Programa Nacional de Alimentação Escolar ¿ PNAE;544814,80;17123
2023;Prefeitura Municipal de Jenipapo dos Vieiras - MA;2105476;MA;DCA-Anexo I-C;Padrão;Receitas Brutas Realizadas;RO1.7.1.4.53.0.0;1.7.1.4.53.0.0 - Transferências referentes ao Programa Nacional de Apoio ao Transporte do Escolar ¿ PNATE;261698,23;17123
2023;Prefeitura Municipal de Jenipapo dos Vieiras - MA;2105476;MA;DCA-Anexo I-C;Padrão;Receitas Brutas Realizadas;RO1.7.1.5.00.0.0;1.7.1.5.00.0.0 - Transferências de Recursos de Complementação da União ao Fundo de Manutenção e Desenvolvimento da Educação Básica e de Valorização dos Profissionais da Educação ¿ FUNDEB ;14939505,64;17123
2023;Prefeitura Municipal de Jenipapo dos Vieiras - MA;2105476;MA;DCA-Anexo I-C;Padrão;Receitas Brutas Realizadas;RO1.7.1.6.00.0.0;1.7.1.6.00.0.0 - Transferências de Recursos do Fundo Nacional de Assistência Social ¿ FNAS;409084,16;17123
2023;Prefeitura Municipal de Jenipapo dos Vieiras - MA;2105476;MA;DCA-Anexo I-C;Padrão;Receitas Brutas Realizadas;RO1.7.1.7.00.0.0;1.7.1.7.00.0.0 - Transferências de Convênios da União e de Suas Entidades;955000,00;17123
2023;Prefeitura Municipal de Jenipapo dos Vieiras - MA;2105476;MA;DCA-Anexo I-C;Padrão;Receitas Brutas Realizadas;RO1.7.1.7.99.0.0;1.7.1.7.99.0.0 - Outras Transferências de Convênios da União e de Suas Entidades;955000,00;17123
2023;Prefeitura Municipal de Jenipapo dos Vieiras - MA;2105476;MA;DCA-Anexo I-C;Padrão;Receitas Brutas Realizadas;RO1.7.1.9.00.0.0;1.7.1.9.00.0.0 - Outras Transferências de Recursos da União e de suas Entidades;7272872,05;17123
2023;Prefeitura Municipal de Jenipapo dos Vieiras - MA;2105476;MA;DCA-Anexo I-C;Padrão;Receitas Brutas Realizadas;RO1.7.1.9.58.0.0;1.7.1.9.58.0.0 - Transferência Obrigatória Decorrente da Lei Complementar nº 176/2020;2303,45;17123
2023;Prefeitura Municipal de Jenipapo dos Vieiras - MA;2105476;MA;DCA-Anexo I-C;Padrão;Receitas Brutas Realizadas;RO1.7.1.9.99.0.0;1.7.1.9.99.0.0 - Outras Transferências de Recursos da União e de suas Entidades;7270568,60;17123
2023;Prefeitura Municipal de Jenipapo dos Vieiras - MA;2105476;MA;DCA-Anexo I-C;Padrão;Receitas Brutas Realizadas;RO1.7.2.0.00.0.0;1.7.2.0.00.0.0 - Transferências dos Estados e do Distrito Federal e de suas Entidades;3926598,31;17123
2023;Prefeitura Municipal de Jenipapo dos Vieiras - MA;2105476;MA;DCA-Anexo I-C;Padrão;Deduções - FUNDEB;RO1.7.2.0.00.0.0;1.7.2.0.00.0.0 - Transferências dos Estados e do Distrito Federal e de suas Entidades;680914,34;17123
2023;Prefeitura Municipal de Jenipapo dos Vieiras - MA;2105476;MA;DCA-Anexo I-C;Padrão;Receitas Brutas Realizadas;RO1.7.2.1.00.0.0;1.7.2.1.00.0.0 - Participação na Receita dos Estados e Distrito Federal;3875358,56;17123
2023;Prefeitura Municipal de Jenipapo dos Vieiras - MA;2105476;MA;DCA-Anexo I-C;Padrão;Deduções - FUNDEB;RO1.7.2.1.00.0.0;1.7.2.1.00.0.0 - Participação na Receita dos Estados e Distrito Federal;680914,34;17123
2023;Prefeitura Municipal de Jenipapo dos Vieiras - MA;2105476;MA;DCA-Anexo I-C;Padrão;Receitas Brutas Realizadas;RO1.7.2.1.50.0.0;1.7.2.1.50.0.0 - Cota-Parte do ICMS;3404572,60;17123
2023;Prefeitura Municipal de Jenipapo dos Vieiras - MA;2105476;MA;DCA-Anexo I-C;Padrão;Deduções - FUNDEB;RO1.7.2.1.50.0.0;1.7.2.1.50.0.0 - Cota-Parte do ICMS;680914,34;17123
2023;Prefeitura Municipal de Jenipapo dos Vieiras - MA;2105476;MA;DCA-Anexo I-C;Padrão;Receitas Brutas Realizadas;RO1.7.2.1.51.0.0;1.7.2.1.51.0.0 - Cota-Parte do IPVA;450118,63;17123
2023;Prefeitura Municipal de Jenipapo dos Vieiras - MA;2105476;MA;DCA-Anexo I-C;Padrão;Receitas Brutas Realizadas;RO1.7.2.1.52.0.0;1.7.2.1.52.0.0 - Cota-Parte do IPI - Municípios;17153,83;17123
2023;Prefeitura Municipal de Jenipapo dos Vieiras - MA;2105476;MA;DCA-Anexo I-C;Padrão;Receitas Brutas Realizadas;RO1.7.2.1.53.0.0;1.7.2.1.53.0.0 - Cota-Parte da Contribuição de Intervenção no Domínio Econômico;3513,50;17123
2023;Prefeitura Municipal de Jenipapo dos Vieiras - MA;2105476;MA;DCA-Anexo I-C;Padrão;Receitas Brutas Realizadas;RO1.7.2.4.00.0.0;1.7.2.4.00.0.0 - Transferências de Convênios dos Estados e DF e de Suas Entidades;35000,00;17123
2023;Prefeitura Municipal de Jenipapo dos Vieiras - MA;2105476;MA;DCA-Anexo I-C;Padrão;Receitas Brutas Realizadas;RO1.7.2.4.99.0.0;1.7.2.4.99.0.0 - Outras Transferências de Convênios dos Estados e DF e de Suas Entidades;35000,00;17123
2023;Prefeitura Municipal de Jenipapo dos Vieiras - MA;2105476;MA;DCA-Anexo I-C;Padrão;Receitas Brutas Realizadas;RO1.7.2.9.00.0.0;1.7.2.9.00.0.0 - Outras Transferências dos Estados e Distrito Federal;16239,75;17123
2023;Prefeitura Municipal de Jenipapo dos Vieiras - MA;2105476;MA;DCA-Anexo I-C;Padrão;Receitas Brutas Realizadas;RO1.7.2.9.99.0.0;1.7.2.9.99.0.0 - Outras Transferências dos Estados e DF;16239,75;17123
2023;Prefeitura Municipal de Jenipapo dos Vieiras - MA;2105476;MA;DCA-Anexo I-C;Padrão;Receitas Brutas Realizadas;RO1.7.3.0.00.0.0;1.7.3.0.00.0.0 - Transferências dos Municípios e de suas Entidades;297927,99;17123
2023;Prefeitura Municipal de Jenipapo dos Vieiras - MA;2105476;MA;DCA-Anexo I-C;Padrão;Receitas Brutas Realizadas;RO1.7.3.1.00.0.0;1.7.3.1.00.0.0 - Transferências de Recursos do Sistema Único de Saúde ¿ SUS;297927,99;17123
2023;Prefeitura Municipal de Jenipapo dos Vieiras - MA;2105476;MA;DCA-Anexo I-C;Padrão;Receitas Brutas Realizadas;RO1.7.3.1.50.0.0;1.7.3.1.50.0.0 - Transferências de Recursos do Sistema Único de Saúde ¿ SUS;297927,99;17123
2023;Prefeitura Municipal de Jenipapo dos Vieiras - MA;2105476;MA;DCA-Anexo I-C;Padrão;Receitas Brutas Realizadas;RO1.7.5.0.00.0.0;1.7.5.0.00.0.0 - Transferências de Outras Instituições Públicas;13829864,21;17123
2023;Prefeitura Municipal de Jenipapo dos Vieiras - MA;2105476;MA;DCA-Anexo I-C;Padrão;Receitas Brutas Realizadas;RO1.7.5.1.00.0.0;1.7.5.1.00.0.0 - Transferências de Recursos do Fundo de Manutenção e Desenvolvimento da Educação Básica e de Valorização dos Profissionais da Educação - FUNDEB;13829864,21;17123
2023;Prefeitura Municipal de Jenipapo dos Vieiras - MA;2105476;MA;DCA-Anexo I-C;Padrão;Receitas Brutas Realizadas;RO2.0.0.0.00.0.0;2.0.0.0.00.0.0 - Receitas de Capital;2606971,43;17123
2023;Prefeitura Municipal de Jenipapo dos Vieiras - MA;2105476;MA;DCA-Anexo I-C;Padrão;Receitas Brutas Realizadas;RO2.4.0.0.00.0.0;2.4.0.0.00.0.0 - Transferências de Capital;2606971,43;17123
2023;Prefeitura Municipal de Jenipapo dos Vieiras - MA;2105476;MA;DCA-Anexo I-C;Padrão;Receitas Brutas Realizadas;RO2.4.1.0.00.0.0;2.4.1.0.00.0.0 - Transferências da União e de suas Entidades;2171514,50;17123
2023;Prefeitura Municipal de Jenipapo dos Vieiras - MA;2105476;MA;DCA-Anexo I-C;Padrão;Receitas Brutas Realizadas;RO2.4.1.3.00.0.0;2.4.1.3.00.0.0 - Transferências de Recursos do Fundo Nacional de Assistência Social ¿ FNAS ;18322,37;17123
2023;Prefeitura Municipal de Jenipapo dos Vieiras - MA;2105476;MA;DCA-Anexo I-C;Padrão;Receitas Brutas Realizadas;RO2.4.1.3.50.0.0;2.4.1.3.50.0.0 - Transferências de Recursos do Fundo Nacional de Assistência Social ¿ FNAS;18322,37;17123
2023;Prefeitura Municipal de Jenipapo dos Vieiras - MA;2105476;MA;DCA-Anexo I-C;Padrão;Receitas Brutas Realizadas;RO2.4.1.4.00.0.0;2.4.1.4.00.0.0 - Transferências de Convênios da União e de suas Entidades ;2153192,13;17123
2023;Prefeitura Municipal de Jenipapo dos Vieiras - MA;2105476;MA;DCA-Anexo I-C;Padrão;Receitas Brutas Realizadas;RO2.4.1.4.50.0.0;2.4.1.4.50.0.0 - Transferências de Convênios da União para o Sistema Único de Saúde ¿ SUS;248755,60;17123
2023;Prefeitura Municipal de Jenipapo dos Vieiras - MA;2105476;MA;DCA-Anexo I-C;Padrão;Receitas Brutas Realizadas;RO2.4.1.4.99.0.0;2.4.1.4.99.0.0 - Outras Transferências de Convênios da União e de Suas Entidades;1904436,53;17123
2023;Prefeitura Municipal de Jenipapo dos Vieiras - MA;2105476;MA;DCA-Anexo I-C;Padrão;Receitas Brutas Realizadas;RO2.4.2.0.00.0.0;2.4.2.0.00.0.0 - Transferências dos Estados e do Distrito Federal e de suas Entidades;435456,93;17123
2023;Prefeitura Municipal de Jenipapo dos Vieiras - MA;2105476;MA;DCA-Anexo I-C;Padrão;Receitas Brutas Realizadas;RO2.4.2.1.00.0.0;2.4.2.1.00.0.0 - Transferências de Recursos do Sistema Único de Saúde ¿ SUS dos Estados e DF;435456,93;17123
2023;Prefeitura Municipal de Jenipapo dos Vieiras - MA;2105476;MA;DCA-Anexo I-C;Padrão;Receitas Brutas Realizadas;RO2.4.2.1.50.0.0;2.4.2.1.50.0.0 - Transferências de Recursos do Sistema Único de Saúde ¿ SUS;435456,93;17123
2023;Prefeitura Municipal de Jenipapo dos Vieiras - MA;2105476;MA;DCA-Anexo I-C;Padrão;Receitas Brutas Realizadas;TotalReceitas;TOTAL DAS RECEITAS (III) = (I + II);79854157,81;17123
2023;Prefeitura Municipal de Jenipapo dos Vieiras - MA;2105476;MA;DCA-Anexo I-C;Padrão;Deduções - FUNDEB;TotalReceitas;TOTAL DAS RECEITAS (III) = (I + II);5658237,94;17123
2024;Prefeitura Municipal de Jenipapo dos Vieiras - MA;2105476;MA;DCA-Anexo I-C;Padrão;Receitas Brutas Realizadas;ReceitasExcetoIntraOrcamentarias;RECEITAS (EXCETO INTRA-ORÇAMENTÁRIAS) (I);95720017,72;17066
2024;Prefeitura Municipal de Jenipapo dos Vieiras - MA;2105476;MA;DCA-Anexo I-C;Padrão;Deduções - FUNDEB;ReceitasExcetoIntraOrcamentarias;RECEITAS (EXCETO INTRA-ORÇAMENTÁRIAS) (I);7066570,01;17066
2024;Prefeitura Municipal de Jenipapo dos Vieiras - MA;2105476;MA;DCA-Anexo I-C;Padrão;Receitas Brutas Realizadas;RO1.0.0.0.00.0.0;1.0.0.0.00.0.0 - Receitas Correntes;91606417,06;17066
2024;Prefeitura Municipal de Jenipapo dos Vieiras - MA;2105476;MA;DCA-Anexo I-C;Padrão;Deduções - FUNDEB;RO1.0.0.0.00.0.0;1.0.0.0.00.0.0 - Receitas Correntes;7066570,01;17066
2024;Prefeitura Municipal de Jenipapo dos Vieiras - MA;2105476;MA;DCA-Anexo I-C;Padrão;Receitas Brutas Realizadas;RO1.1.0.0.00.0.0;1.1.0.0.00.0.0 - Impostos, Taxas e Contribuições de Melhoria;833068,98;17066
2024;Prefeitura Municipal de Jenipapo dos Vieiras - MA;2105476;MA;DCA-Anexo I-C;Padrão;Receitas Brutas Realizadas;RO1.1.1.0.00.0.0;1.1.1.0.00.0.0 - Impostos;833068,98;17066
2024;Prefeitura Municipal de Jenipapo dos Vieiras - MA;2105476;MA;DCA-Anexo I-C;Padrão;Receitas Brutas Realizadas;RO1.1.1.2.00.0.0;1.1.1.2.00.0.0 - Impostos sobre o Patrimônio;21651,22;17066
2024;Prefeitura Municipal de Jenipapo dos Vieiras - MA;2105476;MA;DCA-Anexo I-C;Padrão;Receitas Brutas Realizadas;RO1.1.1.2.50.0.0;1.1.1.2.50.0.0 - Imposto sobre a Propriedade Predial e Territorial Urbana;4950,76;17066
2024;Prefeitura Municipal de Jenipapo dos Vieiras - MA;2105476;MA;DCA-Anexo I-C;Padrão;Receitas Brutas Realizadas;RO1.1.1.2.53.0.0;"1.1.1.2.53.0.0 - Impostos sobre Transmissão ""Inter Vivos"" de Bens Imóveis e de Direitos Reais sobre Imóveis";16700,46;17066
2024;Prefeitura Municipal de Jenipapo dos Vieiras - MA;2105476;MA;DCA-Anexo I-C;Padrão;Receitas Brutas Realizadas;RO1.1.1.3.00.0.0;1.1.1.3.00.0.0 - Impostos sobre a Renda e Proventos de Qualquer Natureza;200990,97;17066
2024;Prefeitura Municipal de Jenipapo dos Vieiras - MA;2105476;MA;DCA-Anexo I-C;Padrão;Receitas Brutas Realizadas;RO1.1.1.3.03.0.0;1.1.1.3.03.0.0 - Imposto sobre a Renda - Retido na Fonte;200990,97;17066
2024;Prefeitura Municipal de Jenipapo dos Vieiras - MA;2105476;MA;DCA-Anexo I-C;Padrão;Receitas Brutas Realizadas;RO1.1.1.3.03.1.0;1.1.1.3.03.1.0 - Imposto sobre a Renda - Retido na Fonte - Trabalho;200990,97;17066
2024;Prefeitura Municipal de Jenipapo dos Vieiras - MA;2105476;MA;DCA-Anexo I-C;Padrão;Receitas Brutas Realizadas;RO1.1.1.4.00.0.0;1.1.1.4.00.0.0 - Impostos sobre a Produção e Circulação de Mercadorias e Serviços;610426,79;17066
2024;Prefeitura Municipal de Jenipapo dos Vieiras - MA;2105476;MA;DCA-Anexo I-C;Padrão;Receitas Brutas Realizadas;RO1.1.1.4.51.0.0;1.1.1.4.51.0.0 - Impostos sobre Serviços;610426,79;17066
2024;Prefeitura Municipal de Jenipapo dos Vieiras - MA;2105476;MA;DCA-Anexo I-C;Padrão;Receitas Brutas Realizadas;RO1.1.1.4.51.1.0;1.1.1.4.51.1.0 - Imposto sobre Serviços de Qualquer Natureza - ISSQN;610426,79;17066
2024;Prefeitura Municipal de Jenipapo dos Vieiras - MA;2105476;MA;DCA-Anexo I-C;Padrão;Receitas Brutas Realizadas;RO1.2.0.0.00.0.0;1.2.0.0.00.0.0 - Contribuições;548553,94;17066
2024;Prefeitura Municipal de Jenipapo dos Vieiras - MA;2105476;MA;DCA-Anexo I-C;Padrão;Receitas Brutas Realizadas;RO1.2.4.0.00.0.0;1.2.4.0.00.0.0 - Contribuição para o Custeio do Serviço de Iluminação Pública;548553,94;17066
2024;Prefeitura Municipal de Jenipapo dos Vieiras - MA;2105476;MA;DCA-Anexo I-C;Padrão;Receitas Brutas Realizadas;RO1.3.0.0.00.0.0;1.3.0.0.00.0.0 - Receita Patrimonial;718209,75;17066
2024;Prefeitura Municipal de Jenipapo dos Vieiras - MA;2105476;MA;DCA-Anexo I-C;Padrão;Receitas Brutas Realizadas;RO1.3.2.0.00.0.0;1.3.2.0.00.0.0 - Valores Mobiliários;718209,75;17066
2024;Prefeitura Municipal de Jenipapo dos Vieiras - MA;2105476;MA;DCA-Anexo I-C;Padrão;Receitas Brutas Realizadas;RO1.3.2.1.00.0.0;1.3.2.1.00.0.0 - Juros e Correções Monetárias;718209,75;17066
2024;Prefeitura Municipal de Jenipapo dos Vieiras - MA;2105476;MA;DCA-Anexo I-C;Padrão;Receitas Brutas Realizadas;RO1.3.2.1.01.0.0;1.3.2.1.01.0.0 - Remuneração de Depósitos Bancários;718209,75;17066
2024;Prefeitura Municipal de Jenipapo dos Vieiras - MA;2105476;MA;DCA-Anexo I-C;Padrão;Receitas Brutas Realizadas;RO1.7.0.0.00.0.0;1.7.0.0.00.0.0 - Transferências Correntes;89506584,39;17066
2024;Prefeitura Municipal de Jenipapo dos Vieiras - MA;2105476;MA;DCA-Anexo I-C;Padrão;Deduções - FUNDEB;RO1.7.0.0.00.0.0;1.7.0.0.00.0.0 - Transferências Correntes;7066570,01;17066
2024;Prefeitura Municipal de Jenipapo dos Vieiras - MA;2105476;MA;DCA-Anexo I-C;Padrão;Receitas Brutas Realizadas;RO1.7.1.0.00.0.0;1.7.1.0.00.0.0 - Transferências da União e de suas Entidades;66052434,08;17066
2024;Prefeitura Municipal de Jenipapo dos Vieiras - MA;2105476;MA;DCA-Anexo I-C;Padrão;Deduções - FUNDEB;RO1.7.1.0.00.0.0;1.7.1.0.00.0.0 - Transferências da União e de suas Entidades;5768442,38;17066
2024;Prefeitura Municipal de Jenipapo dos Vieiras - MA;2105476;MA;DCA-Anexo I-C;Padrão;Receitas Brutas Realizadas;RO1.7.1.1.00.0.0;1.7.1.1.00.0.0 - Transferências Decorrentes de Participação na Receita da União;31819085,51;17066
2024;Prefeitura Municipal de Jenipapo dos Vieiras - MA;2105476;MA;DCA-Anexo I-C;Padrão;Deduções - FUNDEB;RO1.7.1.1.00.0.0;1.7.1.1.00.0.0 - Transferências Decorrentes de Participação na Receita da União;5768442,38;17066
2024;Prefeitura Municipal de Jenipapo dos Vieiras - MA;2105476;MA;DCA-Anexo I-C;Padrão;Receitas Brutas Realizadas;RO1.7.1.1.51.0.0;1.7.1.1.51.0.0 -Cota-Parte do Fundo de Participação dos Municípios - FPM;31812673,95;17066
2024;Prefeitura Municipal de Jenipapo dos Vieiras - MA;2105476;MA;DCA-Anexo I-C;Padrão;Deduções - FUNDEB;RO1.7.1.1.51.0.0;1.7.1.1.51.0.0 -Cota-Parte do Fundo de Participação dos Municípios - FPM;5767160,20;17066
2024;Prefeitura Municipal de Jenipapo dos Vieiras - MA;2105476;MA;DCA-Anexo I-C;Padrão;Receitas Brutas Realizadas;RO1.7.1.1.51.1.0;1.7.1.1.51.1.0 - Cota-Parte do Fundo de Participação dos Municípios - Cota Mensal;31812673,95;17066
2024;Prefeitura Municipal de Jenipapo dos Vieiras - MA;2105476;MA;DCA-Anexo I-C;Padrão;Deduções - FUNDEB;RO1.7.1.1.51.1.0;1.7.1.1.51.1.0 - Cota-Parte do Fundo de Participação dos Municípios - Cota Mensal;5767160,20;17066
2024;Prefeitura Municipal de Jenipapo dos Vieiras - MA;2105476;MA;DCA-Anexo I-C;Padrão;Receitas Brutas Realizadas;RO1.7.1.1.52.0.0;1.7.1.1.52.0.0 - Cota-Parte do Imposto Sobre a Propriedade Territorial Rural;6411,56;17066
2024;Prefeitura Municipal de Jenipapo dos Vieiras - MA;2105476;MA;DCA-Anexo I-C;Padrão;Deduções - FUNDEB;RO1.7.1.1.52.0.0;1.7.1.1.52.0.0 - Cota-Parte do Imposto Sobre a Propriedade Territorial Rural;1282,18;17066
2024;Prefeitura Municipal de Jenipapo dos Vieiras - MA;2105476;MA;DCA-Anexo I-C;Padrão;Receitas Brutas Realizadas;RO1.7.1.2.00.0.0;1.7.1.2.00.0.0 -Transferências das Compensações Financeiras pela Exploração de Recursos Naturais;570697,92;17066
2024;Prefeitura Municipal de Jenipapo dos Vieiras - MA;2105476;MA;DCA-Anexo I-C;Padrão;Receitas Brutas Realizadas;RO1.7.1.2.52.0.0;1.7.1.2.52.0.0 - Cota-parte da Compensação Financeira pela Produção de Petróleo;570697,92;17066
2024;Prefeitura Municipal de Jenipapo dos Vieiras - MA;2105476;MA;DCA-Anexo I-C;Padrão;Receitas Brutas Realizadas;RO1.7.1.2.52.4.0;1.7.1.2.52.4.0 - Cota-Parte do Fundo Especial do Petróleo ¿ FEP;570697,92;17066
2024;Prefeitura Municipal de Jenipapo dos Vieiras - MA;2105476;MA;DCA-Anexo I-C;Padrão;Receitas Brutas Realizadas;RO1.7.1.3.00.0.0;1.7.1.3.00.0.0 -Transferências de Recursos do Sistema Único de Saúde ¿ SUS ;3562461,67;17066
2024;Prefeitura Municipal de Jenipapo dos Vieiras - MA;2105476;MA;DCA-Anexo I-C;Padrão;Receitas Brutas Realizadas;RO1.7.1.3.50.0.0;1.7.1.3.50.0.0 - Transferências de Recursos do Sistema Único de Saúde ¿ SUS ¿ Repasses Fundo a Fundo - Bloco de Manutenção das Ações e Serviços Públicos de Saúde;3562461,67;17066
2024;Prefeitura Municipal de Jenipapo dos Vieiras - MA;2105476;MA;DCA-Anexo I-C;Padrão;Receitas Brutas Realizadas;RO1.7.1.3.50.1.0;1.7.1.3.50.1.0 - Transferências de Recursos do Bloco de Manutenção das Ações e Serviços Públicos de Saúde ¿ Atenção Primária;3281927,46;17066
2024;Prefeitura Municipal de Jenipapo dos Vieiras - MA;2105476;MA;DCA-Anexo I-C;Padrão;Receitas Brutas Realizadas;RO1.7.1.3.50.3.0;1.7.1.3.50.3.0 - Transferências de Recursos do Bloco de Manutenção das Ações e Serviços Públicos de Saúde ¿ Vigilância em Saúde;280534,21;17066
2024;Prefeitura Municipal de Jenipapo dos Vieiras - MA;2105476;MA;DCA-Anexo I-C;Padrão;Receitas Brutas Realizadas;RO1.7.1.4.00.0.0;1.7.1.4.00.0.0 -Transferências de Recursos do Fundo Nacional do Desenvolvimento da Educação ¿ FNDE¿ ;2463707,06;17066
2024;Prefeitura Municipal de Jenipapo dos Vieiras - MA;2105476;MA;DCA-Anexo I-C;Padrão;Receitas Brutas Realizadas;RO1.7.1.4.50.0.0;1.7.1.4.50.0.0 - Transferências do Salário-Educação;1693690,46;17066
2024;Prefeitura Municipal de Jenipapo dos Vieiras - MA;2105476;MA;DCA-Anexo I-C;Padrão;Receitas Brutas Realizadas;RO1.7.1.4.51.0.0;1.7.1.4.51.0.0 - Transferências Diretas do FNDE referentes ao Programa Dinheiro Direto na Escola ¿ PDDE;2000,00;17066
2024;Prefeitura Municipal de Jenipapo dos Vieiras - MA;2105476;MA;DCA-Anexo I-C;Padrão;Receitas Brutas Realizadas;RO1.7.1.4.52.0.0;1.7.1.4.52.0.0 - Transferências referentes ao Programa Nacional de Alimentação Escolar ¿ PNAE;500714,00;17066
2024;Prefeitura Municipal de Jenipapo dos Vieiras - MA;2105476;MA;DCA-Anexo I-C;Padrão;Receitas Brutas Realizadas;RO1.7.1.4.53.0.0;1.7.1.4.53.0.0 - Transferências referentes ao Programa Nacional de Apoio ao Transporte do Escolar ¿ PNATE;267302,60;17066
2024;Prefeitura Municipal de Jenipapo dos Vieiras - MA;2105476;MA;DCA-Anexo I-C;Padrão;Receitas Brutas Realizadas;RO1.7.1.5.00.0.0;1.7.1.5.00.0.0 - Transferências de Recursos de Complementação da União ao Fundo de Manutenção e Desenvolvimento da Educação Básica e de Valorização dos Profissionais da Educação ¿ FUNDEB ;17815077,06;17066
2024;Prefeitura Municipal de Jenipapo dos Vieiras - MA;2105476;MA;DCA-Anexo I-C;Padrão;Receitas Brutas Realizadas;RO1.7.1.6.00.0.0;1.7.1.6.00.0.0 - Transferências de Recursos do Fundo Nacional de Assistência Social ¿ FNAS;481324,09;17066
2024;Prefeitura Municipal de Jenipapo dos Vieiras - MA;2105476;MA;DCA-Anexo I-C;Padrão;Receitas Brutas Realizadas;RO1.7.1.7.00.0.0;1.7.1.7.00.0.0 - Transferências de Convênios da União e de Suas Entidades;2184027,45;17066
2024;Prefeitura Municipal de Jenipapo dos Vieiras - MA;2105476;MA;DCA-Anexo I-C;Padrão;Receitas Brutas Realizadas;RO1.7.1.7.99.0.0;1.7.1.7.99.0.0 - Outras Transferências de Convênios da União e de Suas Entidades;2184027,45;17066
2024;Prefeitura Municipal de Jenipapo dos Vieiras - MA;2105476;MA;DCA-Anexo I-C;Padrão;Receitas Brutas Realizadas;RO1.7.1.9.00.0.0;1.7.1.9.00.0.0 - Outras Transferências de Recursos da União e de suas Entidades;7156053,32;17066
2024;Prefeitura Municipal de Jenipapo dos Vieiras - MA;2105476;MA;DCA-Anexo I-C;Padrão;Receitas Brutas Realizadas;RO1.7.1.9.58.0.0;1.7.1.9.58.0.0 - Transferência Obrigatória Decorrente da Lei Complementar nº 176/2020;7471,20;17066
2024;Prefeitura Municipal de Jenipapo dos Vieiras - MA;2105476;MA;DCA-Anexo I-C;Padrão;Receitas Brutas Realizadas;RO1.7.1.9.99.0.0;1.7.1.9.99.0.0 - Outras Transferências de Recursos da União e de suas Entidades;7148582,12;17066
2024;Prefeitura Municipal de Jenipapo dos Vieiras - MA;2105476;MA;DCA-Anexo I-C;Padrão;Receitas Brutas Realizadas;RO1.7.2.0.00.0.0;1.7.2.0.00.0.0 - Transferências dos Estados e do Distrito Federal e de suas Entidades;7114706,95;17066
2024;Prefeitura Municipal de Jenipapo dos Vieiras - MA;2105476;MA;DCA-Anexo I-C;Padrão;Deduções - FUNDEB;RO1.7.2.0.00.0.0;1.7.2.0.00.0.0 - Transferências dos Estados e do Distrito Federal e de suas Entidades;1298127,63;17066
2024;Prefeitura Municipal de Jenipapo dos Vieiras - MA;2105476;MA;DCA-Anexo I-C;Padrão;Receitas Brutas Realizadas;RO1.7.2.1.00.0.0;1.7.2.1.00.0.0 - Participação na Receita dos Estados e Distrito Federal;7076936,50;17066
2024;Prefeitura Municipal de Jenipapo dos Vieiras - MA;2105476;MA;DCA-Anexo I-C;Padrão;Deduções - FUNDEB;RO1.7.2.1.00.0.0;1.7.2.1.00.0.0 - Participação na Receita dos Estados e Distrito Federal;1298127,63;17066
2024;Prefeitura Municipal de Jenipapo dos Vieiras - MA;2105476;MA;DCA-Anexo I-C;Padrão;Receitas Brutas Realizadas;RO1.7.2.1.50.0.0;1.7.2.1.50.0.0 - Cota-Parte do ICMS;6490639,26;17066
2024;Prefeitura Municipal de Jenipapo dos Vieiras - MA;2105476;MA;DCA-Anexo I-C;Padrão;Deduções - FUNDEB;RO1.7.2.1.50.0.0;1.7.2.1.50.0.0 - Cota-Parte do ICMS;1298127,63;17066
2024;Prefeitura Municipal de Jenipapo dos Vieiras - MA;2105476;MA;DCA-Anexo I-C;Padrão;Receitas Brutas Realizadas;RO1.7.2.1.51.0.0;1.7.2.1.51.0.0 - Cota-Parte do IPVA;526875,52;17066
2024;Prefeitura Municipal de Jenipapo dos Vieiras - MA;2105476;MA;DCA-Anexo I-C;Padrão;Receitas Brutas Realizadas;RO1.7.2.1.52.0.0;1.7.2.1.52.0.0 - Cota-Parte do IPI - Municípios;34400,78;17066
2024;Prefeitura Municipal de Jenipapo dos Vieiras - MA;2105476;MA;DCA-Anexo I-C;Padrão;Receitas Brutas Realizadas;RO1.7.2.1.53.0.0;1.7.2.1.53.0.0 - Cota-Parte da Contribuição de Intervenção no Domínio Econômico;25020,94;17066
2024;Prefeitura Municipal de Jenipapo dos Vieiras - MA;2105476;MA;DCA-Anexo I-C;Padrão;Receitas Brutas Realizadas;RO1.7.2.9.00.0.0;1.7.2.9.00.0.0 - Outras Transferências dos Estados e Distrito Federal;37770,45;17066
2024;Prefeitura Municipal de Jenipapo dos Vieiras - MA;2105476;MA;DCA-Anexo I-C;Padrão;Receitas Brutas Realizadas;RO1.7.2.9.51.0.0;1.7.2.9.51.0.0 - Transferências de Estados destinadas à Assistência Social;2043,00;17066
2024;Prefeitura Municipal de Jenipapo dos Vieiras - MA;2105476;MA;DCA-Anexo I-C;Padrão;Receitas Brutas Realizadas;RO1.7.2.9.99.0.0;1.7.2.9.99.0.0 - Outras Transferências dos Estados e DF;35727,45;17066
2024;Prefeitura Municipal de Jenipapo dos Vieiras - MA;2105476;MA;DCA-Anexo I-C;Padrão;Receitas Brutas Realizadas;RO1.7.3.0.00.0.0;1.7.3.0.00.0.0 - Transferências dos Municípios e de suas Entidades;409245,27;17066
2024;Prefeitura Municipal de Jenipapo dos Vieiras - MA;2105476;MA;DCA-Anexo I-C;Padrão;Receitas Brutas Realizadas;RO1.7.3.1.00.0.0;1.7.3.1.00.0.0 - Transferências de Recursos do Sistema Único de Saúde ¿ SUS;409245,27;17066
2024;Prefeitura Municipal de Jenipapo dos Vieiras - MA;2105476;MA;DCA-Anexo I-C;Padrão;Receitas Brutas Realizadas;RO1.7.3.1.50.0.0;1.7.3.1.50.0.0 - Transferências de Recursos do Sistema Único de Saúde ¿ SUS;409245,27;17066
2024;Prefeitura Municipal de Jenipapo dos Vieiras - MA;2105476;MA;DCA-Anexo I-C;Padrão;Receitas Brutas Realizadas;RO1.7.5.0.00.0.0;1.7.5.0.00.0.0 - Transferências de Outras Instituições Públicas;15930198,09;17066
2024;Prefeitura Municipal de Jenipapo dos Vieiras - MA;2105476;MA;DCA-Anexo I-C;Padrão;Receitas Brutas Realizadas;RO1.7.5.1.00.0.0;1.7.5.1.00.0.0 - Transferências de Recursos do Fundo de Manutenção e Desenvolvimento da Educação Básica e de Valorização dos Profissionais da Educação - FUNDEB;15930198,09;17066
2024;Prefeitura Municipal de Jenipapo dos Vieiras - MA;2105476;MA;DCA-Anexo I-C;Padrão;Receitas Brutas Realizadas;RO2.0.0.0.00.0.0;2.0.0.0.00.0.0 - Receitas de Capital;4113600,66;17066
2024;Prefeitura Municipal de Jenipapo dos Vieiras - MA;2105476;MA;DCA-Anexo I-C;Padrão;Receitas Brutas Realizadas;RO2.4.0.0.00.0.0;2.4.0.0.00.0.0 - Transferências de Capital;4113600,66;17066
2024;Prefeitura Municipal de Jenipapo dos Vieiras - MA;2105476;MA;DCA-Anexo I-C;Padrão;Receitas Brutas Realizadas;RO2.4.1.0.00.0.0;2.4.1.0.00.0.0 - Transferências da União e de suas Entidades;3788964,35;17066
2024;Prefeitura Municipal de Jenipapo dos Vieiras - MA;2105476;MA;DCA-Anexo I-C;Padrão;Receitas Brutas Realizadas;RO2.4.1.1.00.0.0;2.4.1.1.00.0.0 - Transferências de Recursos do Sistema Único de Saúde - SUS;3768591,05;17066
2024;Prefeitura Municipal de Jenipapo dos Vieiras - MA;2105476;MA;DCA-Anexo I-C;Padrão;Receitas Brutas Realizadas;RO2.4.1.1.50.0.0;2.4.1.1.50.0.0 - Transferências de Recursos do Sistema Único de Saúde ¿ SUS ¿ Fundo a Fundo - Bloco de Manutenção das Ações e Serviços Públicos de Saúde;3768591,05;17066
2024;Prefeitura Municipal de Jenipapo dos Vieiras - MA;2105476;MA;DCA-Anexo I-C;Padrão;Receitas Brutas Realizadas;RO2.4.1.1.50.1.0;2.4.1.1.50.1.0 - Transferências de Recursos do Bloco de Manutenção das Ações e Serviços Públicos de Saúde ¿ Atenção Primária;3768591,05;17066
2024;Prefeitura Municipal de Jenipapo dos Vieiras - MA;2105476;MA;DCA-Anexo I-C;Padrão;Receitas Brutas Realizadas;RO2.4.1.3.00.0.0;2.4.1.3.00.0.0 - Transferências de Recursos do Fundo Nacional de Assistência Social ¿ FNAS ;20373,30;17066
2024;Prefeitura Municipal de Jenipapo dos Vieiras - MA;2105476;MA;DCA-Anexo I-C;Padrão;Receitas Brutas Realizadas;RO2.4.1.3.50.0.0;2.4.1.3.50.0.0 - Transferências de Recursos do Fundo Nacional de Assistência Social ¿ FNAS;20373,30;17066
2024;Prefeitura Municipal de Jenipapo dos Vieiras - MA;2105476;MA;DCA-Anexo I-C;Padrão;Receitas Brutas Realizadas;RO2.4.2.0.00.0.0;2.4.2.0.00.0.0 - Transferências dos Estados e do Distrito Federal e de suas Entidades;324636,31;17066
2024;Prefeitura Municipal de Jenipapo dos Vieiras - MA;2105476;MA;DCA-Anexo I-C;Padrão;Receitas Brutas Realizadas;RO2.4.2.1.00.0.0;2.4.2.1.00.0.0 - Transferências de Recursos do Sistema Único de Saúde ¿ SUS dos Estados e DF;324636,31;17066
2024;Prefeitura Municipal de Jenipapo dos Vieiras - MA;2105476;MA;DCA-Anexo I-C;Padrão;Receitas Brutas Realizadas;RO2.4.2.1.50.0.0;2.4.2.1.50.0.0 - Transferências de Recursos do Sistema Único de Saúde ¿ SUS;324636,31;17066
2024;Prefeitura Municipal de Jenipapo dos Vieiras - MA;2105476;MA;DCA-Anexo I-C;Padrão;Receitas Brutas Realizadas;TotalReceitas;TOTAL DAS RECEITAS (III) = (I + II);95720017,72;17066
2024;Prefeitura Municipal de Jenipapo dos Vieiras - MA;2105476;MA;DCA-Anexo I-C;Padrão;Deduções - FUNDEB;TotalReceitas;TOTAL DAS RECEITAS (III) = (I + II);7066570,01;17066
