exercicio;instituicao;cod_ibge;uf;anexo;rotulo;coluna;cod_conta;conta;valor;populacao
2014;Prefeitura Municipal de Coxilha - RS;4305975;RS;DCA-Anexo I-C;NA;Receitas Brutas Realizadas;TotalReceitas;Total Receitas;16236599,84;2889
2014;Prefeitura Municipal de Coxilha - RS;4305975;RS;DCA-Anexo I-C;NA;Deduções - FUNDEB;TotalReceitas;Total Receitas;2334443,52;2889
2014;Prefeitura Municipal de Coxilha - RS;4305975;RS;DCA-Anexo I-C;NA;Outras Deduções da Receita;TotalReceitas;Total Receitas;13440,49;2889
2014;Prefeitura Municipal de Coxilha - RS;4305975;RS;DCA-Anexo I-C;NA;Receitas Brutas Realizadas;RO1.0.0.0.00.00.00;1.0.0.0.00.00.00 - Receitas Correntes;15647473,59;2889
2014;Prefeitura Municipal de Coxilha - RS;4305975;RS;DCA-Anexo I-C;NA;Deduções - FUNDEB;RO1.0.0.0.00.00.00;1.0.0.0.00.00.00 - Receitas Correntes;2334443,52;2889
2014;Prefeitura Municipal de Coxilha - RS;4305975;RS;DCA-Anexo I-C;NA;Outras Deduções da Receita;RO1.0.0.0.00.00.00;1.0.0.0.00.00.00 - Receitas Correntes;13440,49;2889
2014;Prefeitura Municipal de Coxilha - RS;4305975;RS;DCA-Anexo I-C;NA;Receitas Brutas Realizadas;RO1.1.0.0.00.00.00;1.1.0.0.00.00.00 - Receita Tributária;705215,96;2889
2014;Prefeitura Municipal de Coxilha - RS;4305975;RS;DCA-Anexo I-C;NA;Outras Deduções da Receita;RO1.1.0.0.00.00.00;1.1.0.0.00.00.00 - Receita Tributária;13440,49;2889
2014;Prefeitura Municipal de Coxilha - RS;4305975;RS;DCA-Anexo I-C;NA;Receitas Brutas Realizadas;RO1.1.1.0.00.00.00;1.1.1.0.00.00.00 - Impostos;669895,68;2889
2014;Prefeitura Municipal de Coxilha - RS;4305975;RS;DCA-Anexo I-C;NA;Outras Deduções da Receita;RO1.1.1.0.00.00.00;1.1.1.0.00.00.00 - Impostos;13440,49;2889
2014;Prefeitura Municipal de Coxilha - RS;4305975;RS;DCA-Anexo I-C;NA;Receitas Brutas Realizadas;RO1.1.1.2.00.00.00;1.1.1.2.00.00.00 - Impostos sobre o Patrimônio e a Renda;376112,88;2889
2014;Prefeitura Municipal de Coxilha - RS;4305975;RS;DCA-Anexo I-C;NA;Outras Deduções da Receita;RO1.1.1.2.00.00.00;1.1.1.2.00.00.00 - Impostos sobre o Patrimônio e a Renda;13440,49;2889
2014;Prefeitura Municipal de Coxilha - RS;4305975;RS;DCA-Anexo I-C;NA;Receitas Brutas Realizadas;RO1.1.1.2.02.00.00;1.1.1.2.02.00.00 - Imposto sobre a Propriedade Predial e Territorial Urbana ¿ IPTU;94393,02;2889
2014;Prefeitura Municipal de Coxilha - RS;4305975;RS;DCA-Anexo I-C;NA;Outras Deduções da Receita;RO1.1.1.2.02.00.00;1.1.1.2.02.00.00 - Imposto sobre a Propriedade Predial e Territorial Urbana ¿ IPTU;13440,49;2889
2014;Prefeitura Municipal de Coxilha - RS;4305975;RS;DCA-Anexo I-C;NA;Receitas Brutas Realizadas;RO1.1.1.2.04.00.00;1.1.1.2.04.00.00 - Imposto sobre a Renda e Proventos de Qualquer Natureza ¿ IR;160348,23;2889
2014;Prefeitura Municipal de Coxilha - RS;4305975;RS;DCA-Anexo I-C;NA;Receitas Brutas Realizadas;RO1.1.1.2.04.31.00;1.1.1.2.04.31.00 - Retido nas Fontes - Trabalho;160346,85;2889
2014;Prefeitura Municipal de Coxilha - RS;4305975;RS;DCA-Anexo I-C;NA;Receitas Brutas Realizadas;RO1.1.1.2.04.34.00;1.1.1.2.04.34.00 - Retido nas Fontes - Outros Rendimentos;1,38;2889
2014;Prefeitura Municipal de Coxilha - RS;4305975;RS;DCA-Anexo I-C;NA;Receitas Brutas Realizadas;RO1.1.1.2.08.00.00;"1.1.1.2.08.00.00 - Imposto sobre Transmissão ""Inter Vivos"" de Bens Imóveis e de Direitos Reais sobre Imóveis ¿ ITBI";121371,63;2889
2014;Prefeitura Municipal de Coxilha - RS;4305975;RS;DCA-Anexo I-C;NA;Receitas Brutas Realizadas;RO1.1.1.3.00.00.00;1.1.1.3.00.00.00 - Impostos sobre a Produção e a Circulação;293782,80;2889
2014;Prefeitura Municipal de Coxilha - RS;4305975;RS;DCA-Anexo I-C;NA;Receitas Brutas Realizadas;RO1.1.1.3.05.00.00;1.1.1.3.05.00.00 - Imposto sobre Serviços de Qualquer Natureza ¿ ISSQN;293782,80;2889
2014;Prefeitura Municipal de Coxilha - RS;4305975;RS;DCA-Anexo I-C;NA;Receitas Brutas Realizadas;RO1.1.2.0.00.00.00;1.1.2.0.00.00.00 - Taxas;35320,28;2889
2014;Prefeitura Municipal de Coxilha - RS;4305975;RS;DCA-Anexo I-C;NA;Receitas Brutas Realizadas;RO1.1.2.1.00.00.00;1.1.2.1.00.00.00 - Taxas pelo Exercício do Poder de Polícia;16031,26;2889
2014;Prefeitura Municipal de Coxilha - RS;4305975;RS;DCA-Anexo I-C;NA;Receitas Brutas Realizadas;RO1.1.2.2.00.00.00;1.1.2.2.00.00.00 - Taxas pela Prestação de Serviços;19289,02;2889
2014;Prefeitura Municipal de Coxilha - RS;4305975;RS;DCA-Anexo I-C;NA;Receitas Brutas Realizadas;RO1.2.0.0.00.00.00;1.2.0.0.00.00.00 - Receitas de Contribuições;21689,71;2889
2014;Prefeitura Municipal de Coxilha - RS;4305975;RS;DCA-Anexo I-C;NA;Receitas Brutas Realizadas;RO1.2.3.0.00.00.00;1.2.3.0.00.00.00 - Contribuição para Custeio do Serviço de Iluminação Pública;21689,71;2889
2014;Prefeitura Municipal de Coxilha - RS;4305975;RS;DCA-Anexo I-C;NA;Receitas Brutas Realizadas;RO1.3.0.0.00.00.00;1.3.0.0.00.00.00 - Receita Patrimonial;163683,94;2889
2014;Prefeitura Municipal de Coxilha - RS;4305975;RS;DCA-Anexo I-C;NA;Receitas Brutas Realizadas;RO1.3.1.0.00.00.00;1.3.1.0.00.00.00 - Receitas Imobiliárias;8908,50;2889
2014;Prefeitura Municipal de Coxilha - RS;4305975;RS;DCA-Anexo I-C;NA;Receitas Brutas Realizadas;RO1.3.1.1.00.00.00;1.3.1.1.00.00.00 - Aluguéis;8908,50;2889
2014;Prefeitura Municipal de Coxilha - RS;4305975;RS;DCA-Anexo I-C;NA;Receitas Brutas Realizadas;RO1.3.2.0.00.00.00;1.3.2.0.00.00.00 - Receitas de Valores Mobiliários;154775,44;2889
2014;Prefeitura Municipal de Coxilha - RS;4305975;RS;DCA-Anexo I-C;NA;Receitas Brutas Realizadas;RO1.3.2.5.00.00.00;1.3.2.5.00.00.00 - Remuneração de Depósitos Bancários;154775,44;2889
2014;Prefeitura Municipal de Coxilha - RS;4305975;RS;DCA-Anexo I-C;NA;Receitas Brutas Realizadas;RO1.6.0.0.00.00.00;1.6.0.0.00.00.00 - Receita de Serviços;99215,62;2889
2014;Prefeitura Municipal de Coxilha - RS;4305975;RS;DCA-Anexo I-C;NA;Receitas Brutas Realizadas;RO1.6.0.0.13.00.00;1.6.0.0.13.00.00 - Serviços Administrativos;165,58;2889
2014;Prefeitura Municipal de Coxilha - RS;4305975;RS;DCA-Anexo I-C;NA;Receitas Brutas Realizadas;RO1.6.0.0.26.00.00;1.6.0.0.26.00.00 - Serviços de Fornecimento de Água;96912,37;2889
2014;Prefeitura Municipal de Coxilha - RS;4305975;RS;DCA-Anexo I-C;NA;Receitas Brutas Realizadas;RO1.6.0.0.99.00.00;1.6.0.0.99.00.00 - Demais Receitas de Serviços;2137,67;2889
2014;Prefeitura Municipal de Coxilha - RS;4305975;RS;DCA-Anexo I-C;NA;Receitas Brutas Realizadas;RO1.7.0.0.00.00.00;1.7.0.0.00.00.00 - Transferências Correntes;14599744,02;2889
2014;Prefeitura Municipal de Coxilha - RS;4305975;RS;DCA-Anexo I-C;NA;Deduções - FUNDEB;RO1.7.0.0.00.00.00;1.7.0.0.00.00.00 - Transferências Correntes;2334443,52;2889
2014;Prefeitura Municipal de Coxilha - RS;4305975;RS;DCA-Anexo I-C;NA;Receitas Brutas Realizadas;RO1.7.2.0.00.00.00;1.7.2.0.00.00.00 - Transferências Intergovernamentais;14451561,70;2889
2014;Prefeitura Municipal de Coxilha - RS;4305975;RS;DCA-Anexo I-C;NA;Deduções - FUNDEB;RO1.7.2.0.00.00.00;1.7.2.0.00.00.00 - Transferências Intergovernamentais;2334443,52;2889
2014;Prefeitura Municipal de Coxilha - RS;4305975;RS;DCA-Anexo I-C;NA;Receitas Brutas Realizadas;RO1.7.2.1.00.00.00;1.7.2.1.00.00.00 - Transferências da União;7637163,18;2889
2014;Prefeitura Municipal de Coxilha - RS;4305975;RS;DCA-Anexo I-C;NA;Deduções - FUNDEB;RO1.7.2.1.00.00.00;1.7.2.1.00.00.00 - Transferências da União;1306826,86;2889
2014;Prefeitura Municipal de Coxilha - RS;4305975;RS;DCA-Anexo I-C;NA;Receitas Brutas Realizadas;RO1.7.2.1.01.00.00;1.7.2.1.01.00.00 - Participação na Receita da União;6692828,67;2889
2014;Prefeitura Municipal de Coxilha - RS;4305975;RS;DCA-Anexo I-C;NA;Deduções - FUNDEB;RO1.7.2.1.01.00.00;1.7.2.1.01.00.00 - Participação na Receita da União;1299645,22;2889
2014;Prefeitura Municipal de Coxilha - RS;4305975;RS;DCA-Anexo I-C;NA;Receitas Brutas Realizadas;RO1.7.2.1.01.02.00;1.7.2.1.01.02.00 - Cota-Parte do Fundo de Participação dos Municípios ¿ FPM;6312536,04;2889
2014;Prefeitura Municipal de Coxilha - RS;4305975;RS;DCA-Anexo I-C;NA;Deduções - FUNDEB;RO1.7.2.1.01.02.00;1.7.2.1.01.02.00 - Cota-Parte do Fundo de Participação dos Municípios ¿ FPM;1208886,33;2889
2014;Prefeitura Municipal de Coxilha - RS;4305975;RS;DCA-Anexo I-C;NA;Receitas Brutas Realizadas;RO1.7.2.1.01.05.00;1.7.2.1.01.05.00 - Cota-Parte do Imposto Sobre a Propriedade Territorial Rural ¿ ITR;380292,63;2889
2014;Prefeitura Municipal de Coxilha - RS;4305975;RS;DCA-Anexo I-C;NA;Deduções - FUNDEB;RO1.7.2.1.01.05.00;1.7.2.1.01.05.00 - Cota-Parte do Imposto Sobre a Propriedade Territorial Rural ¿ ITR;90758,89;2889
2014;Prefeitura Municipal de Coxilha - RS;4305975;RS;DCA-Anexo I-C;NA;Receitas Brutas Realizadas;RO1.7.2.1.22.00.00;1.7.2.1.22.00.00 - Transferências da Compensação Financeira pela Exploração de Recursos Naturais;94245,89;2889
2014;Prefeitura Municipal de Coxilha - RS;4305975;RS;DCA-Anexo I-C;NA;Receitas Brutas Realizadas;RO1.7.2.1.22.11.00;1.7.2.1.22.11.00 - Cota-Parte da Compensação Financeira de Recursos Hídricos;94245,89;2889
2014;Prefeitura Municipal de Coxilha - RS;4305975;RS;DCA-Anexo I-C;NA;Receitas Brutas Realizadas;RO1.7.2.1.33.00.00;1.7.2.1.33.00.00 - Transferências de Recursos do Sistema Único de Saúde - SUS - Repasses Fundo a Fundo;388772,54;2889
2014;Prefeitura Municipal de Coxilha - RS;4305975;RS;DCA-Anexo I-C;NA;Receitas Brutas Realizadas;RO1.7.2.1.34.00.00;1.7.2.1.34.00.00 - Transferências de Recursos do Fundo Nacional de Assistência Social ¿ FNAS;77253,16;2889
2014;Prefeitura Municipal de Coxilha - RS;4305975;RS;DCA-Anexo I-C;NA;Receitas Brutas Realizadas;RO1.7.2.1.35.00.00;1.7.2.1.35.00.00 - Transferências de Recursos do Fundo Nacional do Desenvolvimento da Educação ¿ FNDE;202922,00;2889
2014;Prefeitura Municipal de Coxilha - RS;4305975;RS;DCA-Anexo I-C;NA;Receitas Brutas Realizadas;RO1.7.2.1.36.00.00;1.7.2.1.36.00.00 - Transferências Financeiras do ICMS ¿ Desoneração ¿ L.C. Nº 87/96;35908,32;2889
2014;Prefeitura Municipal de Coxilha - RS;4305975;RS;DCA-Anexo I-C;NA;Deduções - FUNDEB;RO1.7.2.1.36.00.00;1.7.2.1.36.00.00 - Transferências Financeiras do ICMS ¿ Desoneração ¿ L.C. Nº 87/96;7181,64;2889
2014;Prefeitura Municipal de Coxilha - RS;4305975;RS;DCA-Anexo I-C;NA;Receitas Brutas Realizadas;RO1.7.2.1.99.00.00;1.7.2.1.99.00.00 - Outras Transferências da União;145232,60;2889
2014;Prefeitura Municipal de Coxilha - RS;4305975;RS;DCA-Anexo I-C;NA;Receitas Brutas Realizadas;RO1.7.2.2.00.00.00;1.7.2.2.00.00.00 - Transferências dos Estados;5236927,38;2889
2014;Prefeitura Municipal de Coxilha - RS;4305975;RS;DCA-Anexo I-C;NA;Deduções - FUNDEB;RO1.7.2.2.00.00.00;1.7.2.2.00.00.00 - Transferências dos Estados;1027616,66;2889
2014;Prefeitura Municipal de Coxilha - RS;4305975;RS;DCA-Anexo I-C;NA;Receitas Brutas Realizadas;RO1.7.2.2.01.00.00;1.7.2.2.01.00.00 - Participação na Receita dos Estados;5143705,88;2889
2014;Prefeitura Municipal de Coxilha - RS;4305975;RS;DCA-Anexo I-C;NA;Deduções - FUNDEB;RO1.7.2.2.01.00.00;1.7.2.2.01.00.00 - Participação na Receita dos Estados;1027616,66;2889
2014;Prefeitura Municipal de Coxilha - RS;4305975;RS;DCA-Anexo I-C;NA;Receitas Brutas Realizadas;RO1.7.2.2.01.01.00;1.7.2.2.01.01.00 - Cota-Parte do ICMS;4730127,87;2889
2014;Prefeitura Municipal de Coxilha - RS;4305975;RS;DCA-Anexo I-C;NA;Deduções - FUNDEB;RO1.7.2.2.01.01.00;1.7.2.2.01.01.00 - Cota-Parte do ICMS;859657,64;2889
2014;Prefeitura Municipal de Coxilha - RS;4305975;RS;DCA-Anexo I-C;NA;Receitas Brutas Realizadas;RO1.7.2.2.01.02.00;1.7.2.2.01.02.00 - Cota-Parte do IPVA;327412,02;2889
2014;Prefeitura Municipal de Coxilha - RS;4305975;RS;DCA-Anexo I-C;NA;Deduções - FUNDEB;RO1.7.2.2.01.02.00;1.7.2.2.01.02.00 - Cota-Parte do IPVA;150945,67;2889
2014;Prefeitura Municipal de Coxilha - RS;4305975;RS;DCA-Anexo I-C;NA;Receitas Brutas Realizadas;RO1.7.2.2.01.04.00;1.7.2.2.01.04.00 - Cota-Parte do IPI sobre Exportação;85066,61;2889
2014;Prefeitura Municipal de Coxilha - RS;4305975;RS;DCA-Anexo I-C;NA;Deduções - FUNDEB;RO1.7.2.2.01.04.00;1.7.2.2.01.04.00 - Cota-Parte do IPI sobre Exportação;17013,35;2889
2014;Prefeitura Municipal de Coxilha - RS;4305975;RS;DCA-Anexo I-C;NA;Receitas Brutas Realizadas;RO1.7.2.2.01.13.00;1.7.2.2.01.13.00 - Cota-Parte da Contribuição de Intervenção no Domínio Econômico;1099,38;2889
2014;Prefeitura Municipal de Coxilha - RS;4305975;RS;DCA-Anexo I-C;NA;Receitas Brutas Realizadas;RO1.7.2.2.33.00.00;1.7.2.2.33.00.00 - Transferências de Recursos do Estado para Programas de Saúde - Repasse Fundo a Fundo;93221,50;2889
2014;Prefeitura Municipal de Coxilha - RS;4305975;RS;DCA-Anexo I-C;NA;Receitas Brutas Realizadas;RO1.7.2.4.00.00.00;1.7.2.4.00.00.00 - Transferências Multigovernamentais;1577471,14;2889
2014;Prefeitura Municipal de Coxilha - RS;4305975;RS;DCA-Anexo I-C;NA;Receitas Brutas Realizadas;RO1.7.2.4.01.00.00;1.7.2.4.01.00.00 - Transferências de Recursos do Fundo de Manutenção e Desenvolvimento do Ensino Fundamental e de Valorização do Magistério - FUNDEB;1577471,14;2889
2014;Prefeitura Municipal de Coxilha - RS;4305975;RS;DCA-Anexo I-C;NA;Receitas Brutas Realizadas;RO1.7.3.0.00.00.00;1.7.3.0.00.00.00 - Transferências de Instituições Privadas;47986,82;2889
2014;Prefeitura Municipal de Coxilha - RS;4305975;RS;DCA-Anexo I-C;NA;Receitas Brutas Realizadas;RO1.7.6.0.00.00.00;1.7.6.0.00.00.00 - Transferências de Convênios;100195,50;2889
2014;Prefeitura Municipal de Coxilha - RS;4305975;RS;DCA-Anexo I-C;NA;Receitas Brutas Realizadas;RO1.7.6.2.00.00.00;1.7.6.2.00.00.00 - Transferências de Convênios dos Estados e do Distrito Federal e de Suas Entidades;100195,50;2889
2014;Prefeitura Municipal de Coxilha - RS;4305975;RS;DCA-Anexo I-C;NA;Receitas Brutas Realizadas;RO1.7.6.2.02.00.00;1.7.6.2.02.00.00 - Transferências de Convênios dos Estados Destinadas a Programas de Educação;59240,72;2889
2014;Prefeitura Municipal de Coxilha - RS;4305975;RS;DCA-Anexo I-C;NA;Receitas Brutas Realizadas;RO1.7.6.2.99.00.00;1.7.6.2.99.00.00 - Outras Transferências de Convênios dos Estados;40954,78;2889
2014;Prefeitura Municipal de Coxilha - RS;4305975;RS;DCA-Anexo I-C;NA;Receitas Brutas Realizadas;RO1.9.0.0.00.00.00;1.9.0.0.00.00.00 - Outras Receitas Correntes;57924,34;2889
2014;Prefeitura Municipal de Coxilha - RS;4305975;RS;DCA-Anexo I-C;NA;Receitas Brutas Realizadas;RO1.9.1.0.00.00.00;1.9.1.0.00.00.00 - Multas e Juros de Mora;13719,24;2889
2014;Prefeitura Municipal de Coxilha - RS;4305975;RS;DCA-Anexo I-C;NA;Receitas Brutas Realizadas;RO1.9.1.1.00.00.00;1.9.1.1.00.00.00 - Multas e Juros de Mora dos Tributos;1874,65;2889
2014;Prefeitura Municipal de Coxilha - RS;4305975;RS;DCA-Anexo I-C;NA;Receitas Brutas Realizadas;RO1.9.1.3.00.00.00;1.9.1.3.00.00.00 - Multas e Juros de Mora da Dívida Ativa dos Tributos;2397,86;2889
2014;Prefeitura Municipal de Coxilha - RS;4305975;RS;DCA-Anexo I-C;NA;Receitas Brutas Realizadas;RO1.9.1.5.00.00.00;1.9.1.5.00.00.00 - Multas e Juros de Mora da Dívida Ativa de Outras Receitas;7642,29;2889
2014;Prefeitura Municipal de Coxilha - RS;4305975;RS;DCA-Anexo I-C;NA;Receitas Brutas Realizadas;RO1.9.1.8.00.00.00;1.9.1.8.00.00.00 - Multas e Juros de Mora de Outras Receitas;1804,44;2889
2014;Prefeitura Municipal de Coxilha - RS;4305975;RS;DCA-Anexo I-C;NA;Receitas Brutas Realizadas;RO1.9.2.0.00.00.00;1.9.2.0.00.00.00 - Indenizações e Restituições;6435,23;2889
2014;Prefeitura Municipal de Coxilha - RS;4305975;RS;DCA-Anexo I-C;NA;Receitas Brutas Realizadas;RO1.9.2.1.00.00.00;1.9.2.1.00.00.00 - Indenizações;146,26;2889
2014;Prefeitura Municipal de Coxilha - RS;4305975;RS;DCA-Anexo I-C;NA;Receitas Brutas Realizadas;RO1.9.2.2.00.00.00;1.9.2.2.00.00.00 - Restituições;6288,97;2889
2014;Prefeitura Municipal de Coxilha - RS;4305975;RS;DCA-Anexo I-C;NA;Receitas Brutas Realizadas;RO1.9.2.2.99.00.00;1.9.2.2.99.00.00 - Outras Restituições;6288,97;2889
2014;Prefeitura Municipal de Coxilha - RS;4305975;RS;DCA-Anexo I-C;NA;Receitas Brutas Realizadas;RO1.9.3.0.00.00.00;1.9.3.0.00.00.00 - Receita da Dívida Ativa;37619,40;2889
2014;Prefeitura Municipal de Coxilha - RS;4305975;RS;DCA-Anexo I-C;NA;Receitas Brutas Realizadas;RO1.9.3.1.00.00.00;1.9.3.1.00.00.00 - Receita da Dívida Ativa Tributária;13697,10;2889
2014;Prefeitura Municipal de Coxilha - RS;4305975;RS;DCA-Anexo I-C;NA;Receitas Brutas Realizadas;RO1.9.3.2.00.00.00;1.9.3.2.00.00.00 - Receita da Dívida Ativa Não Tributária;23922,30;2889
2014;Prefeitura Municipal de Coxilha - RS;4305975;RS;DCA-Anexo I-C;NA;Receitas Brutas Realizadas;RO1.9.9.0.00.00.00;1.9.9.0.00.00.00 - Receitas Diversas;150,47;2889
2014;Prefeitura Municipal de Coxilha - RS;4305975;RS;DCA-Anexo I-C;NA;Receitas Brutas Realizadas;RO2.0.0.0.00.00.00;2.0.0.0.00.00.00 - Receitas de Capital;589126,25;2889
2014;Prefeitura Municipal de Coxilha - RS;4305975;RS;DCA-Anexo I-C;NA;Receitas Brutas Realizadas;RO2.2.0.0.00.00.00;2.2.0.0.00.00.00 - Alienação de Bens;179284,90;2889
2014;Prefeitura Municipal de Coxilha - RS;4305975;RS;DCA-Anexo I-C;NA;Receitas Brutas Realizadas;RO2.2.1.0.00.00.00;2.2.1.0.00.00.00 - Alienação de Bens Móveis;153924,90;2889
2014;Prefeitura Municipal de Coxilha - RS;4305975;RS;DCA-Anexo I-C;NA;Receitas Brutas Realizadas;RO2.2.2.0.00.00.00;2.2.2.0.00.00.00 - Alienação de Bens Imóveis;25360,00;2889
2014;Prefeitura Municipal de Coxilha - RS;4305975;RS;DCA-Anexo I-C;NA;Receitas Brutas Realizadas;RO2.3.0.0.00.00.00;2.3.0.0.00.00.00 - Amortização de Empréstimos;1110,12;2889
2014;Prefeitura Municipal de Coxilha - RS;4305975;RS;DCA-Anexo I-C;NA;Receitas Brutas Realizadas;RO2.4.0.0.00.00.00;2.4.0.0.00.00.00 - Transferências de Capital;400396,81;2889
2014;Prefeitura Municipal de Coxilha - RS;4305975;RS;DCA-Anexo I-C;NA;Receitas Brutas Realizadas;RO2.4.7.0.00.00.00;2.4.7.0.00.00.00 - Transferências de Convênios;400396,81;2889
2014;Prefeitura Municipal de Coxilha - RS;4305975;RS;DCA-Anexo I-C;NA;Receitas Brutas Realizadas;RO2.4.7.1.00.00.00;2.4.7.1.00.00.00 - Transferências de Convênios da União e de suas Entidades;244800,00;2889
2014;Prefeitura Municipal de Coxilha - RS;4305975;RS;DCA-Anexo I-C;NA;Receitas Brutas Realizadas;RO2.4.7.1.99.00.00;2.4.7.1.99.00.00 - Outras Transferências de Convênios da União;244800,00;2889
2014;Prefeitura Municipal de Coxilha - RS;4305975;RS;DCA-Anexo I-C;NA;Receitas Brutas Realizadas;RO2.4.7.2.00.00.00;2.4.7.2.00.00.00 - Transferências de Convênios dos Estados e do Distrito Federal e de suas Entidades;155596,81;2889
2014;Prefeitura Municipal de Coxilha - RS;4305975;RS;DCA-Anexo I-C;NA;Receitas Brutas Realizadas;RO2.4.7.2.01.00.00;2.4.7.2.01.00.00 - Transferências de Convênios dos Estados para o Sistema Único de Saúde - SUS;74896,81;2889
2014;Prefeitura Municipal de Coxilha - RS;4305975;RS;DCA-Anexo I-C;NA;Receitas Brutas Realizadas;RO2.4.7.2.99.00.00;2.4.7.2.99.00.00 - Outras Transferências de Convênios dos Estados;80700,00;2889
2014;Prefeitura Municipal de Coxilha - RS;4305975;RS;DCA-Anexo I-C;NA;Receitas Brutas Realizadas;RO2.5.0.0.00.00.00;2.5.0.0.00.00.00 - Outras Receitas de Capital;8334,42;2889
2014;Prefeitura Municipal de Coxilha - RS;4305975;RS;DCA-Anexo I-C;NA;Receitas Brutas Realizadas;RO2.5.9.0.00.00.00;2.5.9.0.00.00.00 - Outras Receitas;8334,42;2889
2015;Prefeitura Municipal de Coxilha - RS;4305975;RS;DCA-Anexo I-C;Padrão;Receitas Brutas Realizadas;TotalReceitas;Total Receitas;18062360,11;2889
2015;Prefeitura Municipal de Coxilha - RS;4305975;RS;DCA-Anexo I-C;Padrão;Deduções - Transferências Constitucionais;TotalReceitas;Total Receitas;20798,48;2889
2015;Prefeitura Municipal de Coxilha - RS;4305975;RS;DCA-Anexo I-C;Padrão;Deduções - FUNDEB;TotalReceitas;Total Receitas;2490050,73;2889
2015;Prefeitura Municipal de Coxilha - RS;4305975;RS;DCA-Anexo I-C;Padrão;Receitas Brutas Realizadas;RO1.0.0.0.00.00.00;1.0.0.0.00.00.00 - Receitas Correntes;16992169,28;2889
2015;Prefeitura Municipal de Coxilha - RS;4305975;RS;DCA-Anexo I-C;Padrão;Deduções - Transferências Constitucionais;RO1.0.0.0.00.00.00;1.0.0.0.00.00.00 - Receitas Correntes;20798,48;2889
2015;Prefeitura Municipal de Coxilha - RS;4305975;RS;DCA-Anexo I-C;Padrão;Deduções - FUNDEB;RO1.0.0.0.00.00.00;1.0.0.0.00.00.00 - Receitas Correntes;2490050,73;2889
2015;Prefeitura Municipal de Coxilha - RS;4305975;RS;DCA-Anexo I-C;Padrão;Receitas Brutas Realizadas;RO1.1.0.0.00.00.00;1.1.0.0.00.00.00 - Receita Tributária;787509,88;2889
2015;Prefeitura Municipal de Coxilha - RS;4305975;RS;DCA-Anexo I-C;Padrão;Deduções - Transferências Constitucionais;RO1.1.0.0.00.00.00;1.1.0.0.00.00.00 - Receita Tributária;20798,48;2889
2015;Prefeitura Municipal de Coxilha - RS;4305975;RS;DCA-Anexo I-C;Padrão;Receitas Brutas Realizadas;RO1.1.1.0.00.00.00;1.1.1.0.00.00.00 - Impostos;748490,46;2889
2015;Prefeitura Municipal de Coxilha - RS;4305975;RS;DCA-Anexo I-C;Padrão;Deduções - Transferências Constitucionais;RO1.1.1.0.00.00.00;1.1.1.0.00.00.00 - Impostos;20798,48;2889
2015;Prefeitura Municipal de Coxilha - RS;4305975;RS;DCA-Anexo I-C;Padrão;Receitas Brutas Realizadas;RO1.1.1.2.00.00.00;1.1.1.2.00.00.00 - Impostos sobre o Patrimônio e a Renda;435029,94;2889
2015;Prefeitura Municipal de Coxilha - RS;4305975;RS;DCA-Anexo I-C;Padrão;Deduções - Transferências Constitucionais;RO1.1.1.2.00.00.00;1.1.1.2.00.00.00 - Impostos sobre o Patrimônio e a Renda;20798,48;2889
2015;Prefeitura Municipal de Coxilha - RS;4305975;RS;DCA-Anexo I-C;Padrão;Receitas Brutas Realizadas;RO1.1.1.2.02.00.00;1.1.1.2.02.00.00 - Imposto sobre a Propriedade Predial e Territorial Urbana ¿ IPTU;107264,49;2889
2015;Prefeitura Municipal de Coxilha - RS;4305975;RS;DCA-Anexo I-C;Padrão;Deduções - Transferências Constitucionais;RO1.1.1.2.02.00.00;1.1.1.2.02.00.00 - Imposto sobre a Propriedade Predial e Territorial Urbana ¿ IPTU;17418,14;2889
2015;Prefeitura Municipal de Coxilha - RS;4305975;RS;DCA-Anexo I-C;Padrão;Receitas Brutas Realizadas;RO1.1.1.2.04.00.00;1.1.1.2.04.00.00 - Imposto sobre a Renda e Proventos de Qualquer Natureza ¿ IR;196357,62;2889
2015;Prefeitura Municipal de Coxilha - RS;4305975;RS;DCA-Anexo I-C;Padrão;Receitas Brutas Realizadas;RO1.1.1.2.04.31.00;1.1.1.2.04.31.00 - Retido nas Fontes - Trabalho;196357,62;2889
2015;Prefeitura Municipal de Coxilha - RS;4305975;RS;DCA-Anexo I-C;Padrão;Receitas Brutas Realizadas;RO1.1.1.2.08.00.00;"1.1.1.2.08.00.00 - Imposto sobre Transmissão ""Inter Vivos"" de Bens Imóveis e de Direitos Reais sobre Imóveis ¿ ITBI";131407,83;2889
2015;Prefeitura Municipal de Coxilha - RS;4305975;RS;DCA-Anexo I-C;Padrão;Deduções - Transferências Constitucionais;RO1.1.1.2.08.00.00;"1.1.1.2.08.00.00 - Imposto sobre Transmissão ""Inter Vivos"" de Bens Imóveis e de Direitos Reais sobre Imóveis ¿ ITBI";3380,34;2889
2015;Prefeitura Municipal de Coxilha - RS;4305975;RS;DCA-Anexo I-C;Padrão;Receitas Brutas Realizadas;RO1.1.1.3.00.00.00;1.1.1.3.00.00.00 - Impostos sobre a Produção e a Circulação;313460,52;2889
2015;Prefeitura Municipal de Coxilha - RS;4305975;RS;DCA-Anexo I-C;Padrão;Receitas Brutas Realizadas;RO1.1.1.3.05.00.00;1.1.1.3.05.00.00 - Imposto sobre Serviços de Qualquer Natureza ¿ ISSQN;313460,52;2889
2015;Prefeitura Municipal de Coxilha - RS;4305975;RS;DCA-Anexo I-C;Padrão;Receitas Brutas Realizadas;RO1.1.2.0.00.00.00;1.1.2.0.00.00.00 - Taxas;39019,42;2889
2015;Prefeitura Municipal de Coxilha - RS;4305975;RS;DCA-Anexo I-C;Padrão;Receitas Brutas Realizadas;RO1.1.2.1.00.00.00;1.1.2.1.00.00.00 - Taxas pelo Exercício do Poder de Polícia;29607,48;2889
2015;Prefeitura Municipal de Coxilha - RS;4305975;RS;DCA-Anexo I-C;Padrão;Receitas Brutas Realizadas;RO1.1.2.2.00.00.00;1.1.2.2.00.00.00 - Taxas pela Prestação de Serviços;9411,94;2889
2015;Prefeitura Municipal de Coxilha - RS;4305975;RS;DCA-Anexo I-C;Padrão;Receitas Brutas Realizadas;RO1.2.0.0.00.00.00;1.2.0.0.00.00.00 - Receitas de Contribuições;26451,74;2889
2015;Prefeitura Municipal de Coxilha - RS;4305975;RS;DCA-Anexo I-C;Padrão;Receitas Brutas Realizadas;RO1.2.3.0.00.00.00;1.2.3.0.00.00.00 - Contribuição para Custeio do Serviço de Iluminação Pública;26451,74;2889
2015;Prefeitura Municipal de Coxilha - RS;4305975;RS;DCA-Anexo I-C;Padrão;Receitas Brutas Realizadas;RO1.3.0.0.00.00.00;1.3.0.0.00.00.00 - Receita Patrimonial;171998,85;2889
2015;Prefeitura Municipal de Coxilha - RS;4305975;RS;DCA-Anexo I-C;Padrão;Receitas Brutas Realizadas;RO1.3.1.0.00.00.00;1.3.1.0.00.00.00 - Receitas Imobiliárias;9250,00;2889
2015;Prefeitura Municipal de Coxilha - RS;4305975;RS;DCA-Anexo I-C;Padrão;Receitas Brutas Realizadas;RO1.3.1.1.00.00.00;1.3.1.1.00.00.00 - Aluguéis;9250,00;2889
2015;Prefeitura Municipal de Coxilha - RS;4305975;RS;DCA-Anexo I-C;Padrão;Receitas Brutas Realizadas;RO1.3.2.0.00.00.00;1.3.2.0.00.00.00 - Receitas de Valores Mobiliários;162748,85;2889
2015;Prefeitura Municipal de Coxilha - RS;4305975;RS;DCA-Anexo I-C;Padrão;Receitas Brutas Realizadas;RO1.3.2.5.00.00.00;1.3.2.5.00.00.00 - Remuneração de Depósitos Bancários;162748,85;2889
2015;Prefeitura Municipal de Coxilha - RS;4305975;RS;DCA-Anexo I-C;Padrão;Receitas Brutas Realizadas;RO1.6.0.0.00.00.00;1.6.0.0.00.00.00 - Receita de Serviços;118077,08;2889
2015;Prefeitura Municipal de Coxilha - RS;4305975;RS;DCA-Anexo I-C;Padrão;Receitas Brutas Realizadas;RO1.6.0.0.04.00.00;1.6.0.0.04.00.00 - Serviços de Comunicação;1329,67;2889
2015;Prefeitura Municipal de Coxilha - RS;4305975;RS;DCA-Anexo I-C;Padrão;Receitas Brutas Realizadas;RO1.6.0.0.13.00.00;1.6.0.0.13.00.00 - Serviços Administrativos;1054,09;2889
2015;Prefeitura Municipal de Coxilha - RS;4305975;RS;DCA-Anexo I-C;Padrão;Receitas Brutas Realizadas;RO1.6.0.0.19.00.00;1.6.0.0.19.00.00 - Serviços Recreativos e Culturais;2700,45;2889
2015;Prefeitura Municipal de Coxilha - RS;4305975;RS;DCA-Anexo I-C;Padrão;Receitas Brutas Realizadas;RO1.6.0.0.26.00.00;1.6.0.0.26.00.00 - Serviços de Fornecimento de Água;112441,03;2889
2015;Prefeitura Municipal de Coxilha - RS;4305975;RS;DCA-Anexo I-C;Padrão;Receitas Brutas Realizadas;RO1.6.0.0.99.00.00;1.6.0.0.99.00.00 - Outros Serviços;551,84;2889
2015;Prefeitura Municipal de Coxilha - RS;4305975;RS;DCA-Anexo I-C;Padrão;Receitas Brutas Realizadas;RO1.7.0.0.00.00.00;1.7.0.0.00.00.00 - Transferências Correntes;15765334,38;2889
2015;Prefeitura Municipal de Coxilha - RS;4305975;RS;DCA-Anexo I-C;Padrão;Deduções - FUNDEB;RO1.7.0.0.00.00.00;1.7.0.0.00.00.00 - Transferências Correntes;2490050,73;2889
2015;Prefeitura Municipal de Coxilha - RS;4305975;RS;DCA-Anexo I-C;Padrão;Receitas Brutas Realizadas;RO1.7.2.0.00.00.00;1.7.2.0.00.00.00 - Transferências Intergovernamentais;15757632,68;2889
2015;Prefeitura Municipal de Coxilha - RS;4305975;RS;DCA-Anexo I-C;Padrão;Deduções - FUNDEB;RO1.7.2.0.00.00.00;1.7.2.0.00.00.00 - Transferências Intergovernamentais;2490050,73;2889
2015;Prefeitura Municipal de Coxilha - RS;4305975;RS;DCA-Anexo I-C;Padrão;Receitas Brutas Realizadas;RO1.7.2.1.00.00.00;1.7.2.1.00.00.00 - Transferências da União;8394129,64;2889
2015;Prefeitura Municipal de Coxilha - RS;4305975;RS;DCA-Anexo I-C;Padrão;Deduções - FUNDEB;RO1.7.2.1.00.00.00;1.7.2.1.00.00.00 - Transferências da União;1369088,37;2889
2015;Prefeitura Municipal de Coxilha - RS;4305975;RS;DCA-Anexo I-C;Padrão;Receitas Brutas Realizadas;RO1.7.2.1.01.00.00;1.7.2.1.01.00.00 - Participação na Receita da União;7203129,41;2889
2015;Prefeitura Municipal de Coxilha - RS;4305975;RS;DCA-Anexo I-C;Padrão;Deduções - FUNDEB;RO1.7.2.1.01.00.00;1.7.2.1.01.00.00 - Participação na Receita da União;1361777,38;2889
2015;Prefeitura Municipal de Coxilha - RS;4305975;RS;DCA-Anexo I-C;Padrão;Receitas Brutas Realizadas;RO1.7.2.1.01.02.00;1.7.2.1.01.02.00 - Cota-Parte do Fundo de Participação dos Municípios ¿ FPM;6707087,39;2889
2015;Prefeitura Municipal de Coxilha - RS;4305975;RS;DCA-Anexo I-C;Padrão;Deduções - FUNDEB;RO1.7.2.1.01.02.00;1.7.2.1.01.02.00 - Cota-Parte do Fundo de Participação dos Municípios ¿ FPM;1270660,60;2889
2015;Prefeitura Municipal de Coxilha - RS;4305975;RS;DCA-Anexo I-C;Padrão;Receitas Brutas Realizadas;RO1.7.2.1.01.05.00;1.7.2.1.01.05.00 - Cota-Parte do Imposto Sobre a Propriedade Territorial Rural ¿ ITR;496042,02;2889
2015;Prefeitura Municipal de Coxilha - RS;4305975;RS;DCA-Anexo I-C;Padrão;Deduções - FUNDEB;RO1.7.2.1.01.05.00;1.7.2.1.01.05.00 - Cota-Parte do Imposto Sobre a Propriedade Territorial Rural ¿ ITR;91116,78;2889
2015;Prefeitura Municipal de Coxilha - RS;4305975;RS;DCA-Anexo I-C;Padrão;Receitas Brutas Realizadas;RO1.7.2.1.22.00.00;1.7.2.1.22.00.00 - Transferências da Compensação Financeira pela Exploração de Recursos Naturais;71237,28;2889
2015;Prefeitura Municipal de Coxilha - RS;4305975;RS;DCA-Anexo I-C;Padrão;Receitas Brutas Realizadas;RO1.7.2.1.22.70.00;1.7.2.1.22.70.00 - Cota-Parte do Fundo Especial do Petróleo ¿ FEP;71237,28;2889
2015;Prefeitura Municipal de Coxilha - RS;4305975;RS;DCA-Anexo I-C;Padrão;Receitas Brutas Realizadas;RO1.7.2.1.33.00.00;1.7.2.1.33.00.00 - Transferências de Recursos do Sistema Único de Saúde - SUS - Repasses Fundo a Fundo;324003,81;2889
2015;Prefeitura Municipal de Coxilha - RS;4305975;RS;DCA-Anexo I-C;Padrão;Receitas Brutas Realizadas;RO1.7.2.1.34.00.00;1.7.2.1.34.00.00 - Transferências de Recursos do Fundo Nacional de Assistência Social ¿ FNAS;67677,76;2889
2015;Prefeitura Municipal de Coxilha - RS;4305975;RS;DCA-Anexo I-C;Padrão;Receitas Brutas Realizadas;RO1.7.2.1.35.00.00;1.7.2.1.35.00.00 - Transferências de Recursos do Fundo Nacional do Desenvolvimento da Educação ¿ FNDE;663922,31;2889
2015;Prefeitura Municipal de Coxilha - RS;4305975;RS;DCA-Anexo I-C;Padrão;Receitas Brutas Realizadas;RO1.7.2.1.36.00.00;1.7.2.1.36.00.00 - Transferências Financeiras do ICMS ¿ Desoneração ¿ L.C. Nº 87/96;36553,19;2889
2015;Prefeitura Municipal de Coxilha - RS;4305975;RS;DCA-Anexo I-C;Padrão;Deduções - FUNDEB;RO1.7.2.1.36.00.00;1.7.2.1.36.00.00 - Transferências Financeiras do ICMS ¿ Desoneração ¿ L.C. Nº 87/96;7310,99;2889
2015;Prefeitura Municipal de Coxilha - RS;4305975;RS;DCA-Anexo I-C;Padrão;Receitas Brutas Realizadas;RO1.7.2.1.99.00.00;1.7.2.1.99.00.00 - Outras Transferências da União;27605,88;2889
2015;Prefeitura Municipal de Coxilha - RS;4305975;RS;DCA-Anexo I-C;Padrão;Receitas Brutas Realizadas;RO1.7.2.2.00.00.00;1.7.2.2.00.00.00 - Transferências dos Estados;5679825,20;2889
2015;Prefeitura Municipal de Coxilha - RS;4305975;RS;DCA-Anexo I-C;Padrão;Deduções - FUNDEB;RO1.7.2.2.00.00.00;1.7.2.2.00.00.00 - Transferências dos Estados;1120962,36;2889
2015;Prefeitura Municipal de Coxilha - RS;4305975;RS;DCA-Anexo I-C;Padrão;Receitas Brutas Realizadas;RO1.7.2.2.01.00.00;1.7.2.2.01.00.00 - Participação na Receita dos Estados;5608988,38;2889
2015;Prefeitura Municipal de Coxilha - RS;4305975;RS;DCA-Anexo I-C;Padrão;Deduções - FUNDEB;RO1.7.2.2.01.00.00;1.7.2.2.01.00.00 - Participação na Receita dos Estados;1120962,36;2889
2015;Prefeitura Municipal de Coxilha - RS;4305975;RS;DCA-Anexo I-C;Padrão;Receitas Brutas Realizadas;RO1.7.2.2.01.01.00;1.7.2.2.01.01.00 - Cota-Parte do ICMS;4984246,03;2889
2015;Prefeitura Municipal de Coxilha - RS;4305975;RS;DCA-Anexo I-C;Padrão;Deduções - FUNDEB;RO1.7.2.2.01.01.00;1.7.2.2.01.01.00 - Cota-Parte do ICMS;1011543,71;2889
2015;Prefeitura Municipal de Coxilha - RS;4305975;RS;DCA-Anexo I-C;Padrão;Receitas Brutas Realizadas;RO1.7.2.2.01.02.00;1.7.2.2.01.02.00 - Cota-Parte do IPVA;522579,42;2889
2015;Prefeitura Municipal de Coxilha - RS;4305975;RS;DCA-Anexo I-C;Padrão;Deduções - FUNDEB;RO1.7.2.2.01.02.00;1.7.2.2.01.02.00 - Cota-Parte do IPVA;90075,85;2889
2015;Prefeitura Municipal de Coxilha - RS;4305975;RS;DCA-Anexo I-C;Padrão;Receitas Brutas Realizadas;RO1.7.2.2.01.04.00;1.7.2.2.01.04.00 - Cota-Parte do IPI sobre Exportação;97982,76;2889
2015;Prefeitura Municipal de Coxilha - RS;4305975;RS;DCA-Anexo I-C;Padrão;Deduções - FUNDEB;RO1.7.2.2.01.04.00;1.7.2.2.01.04.00 - Cota-Parte do IPI sobre Exportação;19342,80;2889
2015;Prefeitura Municipal de Coxilha - RS;4305975;RS;DCA-Anexo I-C;Padrão;Receitas Brutas Realizadas;RO1.7.2.2.01.13.00;1.7.2.2.01.13.00 - Cota-Parte da Contribuição de Intervenção no Domínio Econômico;4180,17;2889
2015;Prefeitura Municipal de Coxilha - RS;4305975;RS;DCA-Anexo I-C;Padrão;Receitas Brutas Realizadas;RO1.7.2.2.33.00.00;1.7.2.2.33.00.00 - Transferências de Recursos do Estado para Programas de Saúde - Repasse Fundo a Fundo;70836,82;2889
2015;Prefeitura Municipal de Coxilha - RS;4305975;RS;DCA-Anexo I-C;Padrão;Receitas Brutas Realizadas;RO1.7.2.4.00.00.00;1.7.2.4.00.00.00 - Transferências Multigovernamentais;1683677,84;2889
2015;Prefeitura Municipal de Coxilha - RS;4305975;RS;DCA-Anexo I-C;Padrão;Receitas Brutas Realizadas;RO1.7.2.4.01.00.00;1.7.2.4.01.00.00 - Transferências de Recursos do Fundo de Manutenção e Desenvolvimento do Ensino Fundamental e de Valorização do Magistério - FUNDEB;1683677,84;2889
2015;Prefeitura Municipal de Coxilha - RS;4305975;RS;DCA-Anexo I-C;Padrão;Receitas Brutas Realizadas;RO1.7.6.0.00.00.00;1.7.6.0.00.00.00 - Transferências de Convênios;7701,70;2889
2015;Prefeitura Municipal de Coxilha - RS;4305975;RS;DCA-Anexo I-C;Padrão;Receitas Brutas Realizadas;RO1.7.6.2.00.00.00;1.7.6.2.00.00.00 - Transferências de Convênios dos Estados e do Distrito Federal e de Suas Entidades;7701,70;2889
2015;Prefeitura Municipal de Coxilha - RS;4305975;RS;DCA-Anexo I-C;Padrão;Receitas Brutas Realizadas;RO1.7.6.2.02.00.00;1.7.6.2.02.00.00 - Transferências de Convênios dos Estados Destinadas a Programas de Educação;7701,70;2889
2015;Prefeitura Municipal de Coxilha - RS;4305975;RS;DCA-Anexo I-C;Padrão;Receitas Brutas Realizadas;RO1.9.0.0.00.00.00;1.9.0.0.00.00.00 - Outras Receitas Correntes;122797,35;2889
2015;Prefeitura Municipal de Coxilha - RS;4305975;RS;DCA-Anexo I-C;Padrão;Receitas Brutas Realizadas;RO1.9.1.0.00.00.00;1.9.1.0.00.00.00 - Multas e Juros de Mora;13372,27;2889
2015;Prefeitura Municipal de Coxilha - RS;4305975;RS;DCA-Anexo I-C;Padrão;Receitas Brutas Realizadas;RO1.9.1.1.00.00.00;1.9.1.1.00.00.00 - Multas e Juros de Mora dos Tributos;2050,67;2889
2015;Prefeitura Municipal de Coxilha - RS;4305975;RS;DCA-Anexo I-C;Padrão;Receitas Brutas Realizadas;RO1.9.1.1.38.00.00;1.9.1.1.38.00.00 - Multas e Juros de Mora do Imposto sobre a Propriedade Predial e Territorial Urbana ¿ IPTU;343,25;2889
2015;Prefeitura Municipal de Coxilha - RS;4305975;RS;DCA-Anexo I-C;Padrão;Receitas Brutas Realizadas;RO1.9.1.1.40.00.00;1.9.1.1.40.00.00 - Multas e Juros de Mora do Imposto sobre Serviços de Qualquer Natureza ¿ ISS;1622,31;2889
2015;Prefeitura Municipal de Coxilha - RS;4305975;RS;DCA-Anexo I-C;Padrão;Receitas Brutas Realizadas;RO1.9.1.1.99.00.00;1.9.1.1.99.00.00 - Multas e Juros de Mora de Outros Tributos;85,11;2889
2015;Prefeitura Municipal de Coxilha - RS;4305975;RS;DCA-Anexo I-C;Padrão;Receitas Brutas Realizadas;RO1.9.1.3.00.00.00;1.9.1.3.00.00.00 - Multas e Juros de Mora da Dívida Ativa dos Tributos;2653,73;2889
2015;Prefeitura Municipal de Coxilha - RS;4305975;RS;DCA-Anexo I-C;Padrão;Receitas Brutas Realizadas;RO1.9.1.3.11.00.00;1.9.1.3.11.00.00 - Multas e Juros de Mora da Dívida Ativa do Imposto sobre a Propriedade Predial e Territorial Urbana ¿ IPTU;2629,07;2889
2015;Prefeitura Municipal de Coxilha - RS;4305975;RS;DCA-Anexo I-C;Padrão;Receitas Brutas Realizadas;RO1.9.1.3.99.00.00;1.9.1.3.99.00.00 - Multas e Juros de Mora da Dívida Ativa de Outros Tributos;24,66;2889
2015;Prefeitura Municipal de Coxilha - RS;4305975;RS;DCA-Anexo I-C;Padrão;Receitas Brutas Realizadas;RO1.9.1.5.00.00.00;1.9.1.5.00.00.00 - Multas e Juros de Mora da Dívida Ativa de Outras Receitas;7265,53;2889
2015;Prefeitura Municipal de Coxilha - RS;4305975;RS;DCA-Anexo I-C;Padrão;Receitas Brutas Realizadas;RO1.9.1.8.00.00.00;1.9.1.8.00.00.00 - Multas e Juros de Mora de Outras Receitas;1402,34;2889
2015;Prefeitura Municipal de Coxilha - RS;4305975;RS;DCA-Anexo I-C;Padrão;Receitas Brutas Realizadas;RO1.9.2.0.00.00.00;1.9.2.0.00.00.00 - Indenizações e Restituições;7054,00;2889
2015;Prefeitura Municipal de Coxilha - RS;4305975;RS;DCA-Anexo I-C;Padrão;Receitas Brutas Realizadas;RO1.9.2.1.00.00.00;1.9.2.1.00.00.00 - Indenizações;289,41;2889
2015;Prefeitura Municipal de Coxilha - RS;4305975;RS;DCA-Anexo I-C;Padrão;Receitas Brutas Realizadas;RO1.9.2.2.00.00.00;1.9.2.2.00.00.00 - Restituições;6764,59;2889
2015;Prefeitura Municipal de Coxilha - RS;4305975;RS;DCA-Anexo I-C;Padrão;Receitas Brutas Realizadas;RO1.9.2.2.99.00.00;1.9.2.2.99.00.00 - Outras Restituições;6764,59;2889
2015;Prefeitura Municipal de Coxilha - RS;4305975;RS;DCA-Anexo I-C;Padrão;Receitas Brutas Realizadas;RO1.9.3.0.00.00.00;1.9.3.0.00.00.00 - Receita da Dívida Ativa;36240,45;2889
2015;Prefeitura Municipal de Coxilha - RS;4305975;RS;DCA-Anexo I-C;Padrão;Receitas Brutas Realizadas;RO1.9.3.1.00.00.00;1.9.3.1.00.00.00 - Receita da Dívida Ativa Tributária;14052,02;2889
2015;Prefeitura Municipal de Coxilha - RS;4305975;RS;DCA-Anexo I-C;Padrão;Receitas Brutas Realizadas;RO1.9.3.1.11.00.00;1.9.3.1.11.00.00 - Receita da Dívida Ativa do Imposto sobre a Propriedade Predial e Territorial Urbana ¿ IPTU;13963,97;2889
2015;Prefeitura Municipal de Coxilha - RS;4305975;RS;DCA-Anexo I-C;Padrão;Receitas Brutas Realizadas;RO1.9.3.1.99.00.00;1.9.3.1.99.00.00 - Receita da Dívida Ativa de Outros Tributos;88,05;2889
2015;Prefeitura Municipal de Coxilha - RS;4305975;RS;DCA-Anexo I-C;Padrão;Receitas Brutas Realizadas;RO1.9.3.2.00.00.00;1.9.3.2.00.00.00 - Receita da Dívida Ativa Não Tributária;22188,43;2889
2015;Prefeitura Municipal de Coxilha - RS;4305975;RS;DCA-Anexo I-C;Padrão;Receitas Brutas Realizadas;RO1.9.9.0.00.00.00;1.9.9.0.00.00.00 - Receitas Diversas;66130,63;2889
2015;Prefeitura Municipal de Coxilha - RS;4305975;RS;DCA-Anexo I-C;Padrão;Receitas Brutas Realizadas;RO2.0.0.0.00.00.00;2.0.0.0.00.00.00 - Receitas de Capital;1043690,83;2889
2015;Prefeitura Municipal de Coxilha - RS;4305975;RS;DCA-Anexo I-C;Padrão;Receitas Brutas Realizadas;RO2.2.0.0.00.00.00;2.2.0.0.00.00.00 - Alienação de Bens;28500,00;2889
2015;Prefeitura Municipal de Coxilha - RS;4305975;RS;DCA-Anexo I-C;Padrão;Receitas Brutas Realizadas;RO2.2.1.0.00.00.00;2.2.1.0.00.00.00 - Alienação de Bens Móveis;28500,00;2889
2015;Prefeitura Municipal de Coxilha - RS;4305975;RS;DCA-Anexo I-C;Padrão;Receitas Brutas Realizadas;RO2.4.0.0.00.00.00;2.4.0.0.00.00.00 - Transferências de Capital;1001133,52;2889
2015;Prefeitura Municipal de Coxilha - RS;4305975;RS;DCA-Anexo I-C;Padrão;Receitas Brutas Realizadas;RO2.4.2.0.00.00.00;2.4.2.0.00.00.00 - Transferências Intergovernamentais;1001133,52;2889
2015;Prefeitura Municipal de Coxilha - RS;4305975;RS;DCA-Anexo I-C;Padrão;Receitas Brutas Realizadas;RO2.4.2.1.00.00.00;2.4.2.1.00.00.00 - Transferências da União;1001133,52;2889
2015;Prefeitura Municipal de Coxilha - RS;4305975;RS;DCA-Anexo I-C;Padrão;Receitas Brutas Realizadas;RO2.4.2.1.99.00.00;2.4.2.1.99.00.00 - Outras Transferências da União;1001133,52;2889
2015;Prefeitura Municipal de Coxilha - RS;4305975;RS;DCA-Anexo I-C;Padrão;Receitas Brutas Realizadas;RO2.5.0.0.00.00.00;2.5.0.0.00.00.00 - Outras Receitas de Capital;14057,31;2889
2015;Prefeitura Municipal de Coxilha - RS;4305975;RS;DCA-Anexo I-C;Padrão;Receitas Brutas Realizadas;RO2.5.9.0.00.00.00;2.5.9.0.00.00.00 - Outras Receitas;14057,31;2889
2015;Prefeitura Municipal de Coxilha - RS;4305975;RS;DCA-Anexo I-C;Padrão;Receitas Brutas Realizadas;RI8.0.0.0.00.00.00;8.0.0.0.00.00.00 - Receitas de Capital Intraorçamentárias;26500,00;2889
2016;Prefeitura Municipal de Coxilha - RS;4305975;RS;DCA-Anexo I-C;Padrão;Receitas Brutas Realizadas;TotalReceitas;Total Receitas;18894475,83;2885
2016;Prefeitura Municipal de Coxilha - RS;4305975;RS;DCA-Anexo I-C;Padrão;Deduções - Transferências Constitucionais;TotalReceitas;Total Receitas;23490,32;2885
2016;Prefeitura Municipal de Coxilha - RS;4305975;RS;DCA-Anexo I-C;Padrão;Deduções - FUNDEB;TotalReceitas;Total Receitas;2823471,31;2885
2016;Prefeitura Municipal de Coxilha - RS;4305975;RS;DCA-Anexo I-C;Padrão;Receitas Brutas Realizadas;RO1.0.0.0.00.00.00;1.0.0.0.00.00.00 - Receitas Correntes;18618308,03;2885
2016;Prefeitura Municipal de Coxilha - RS;4305975;RS;DCA-Anexo I-C;Padrão;Deduções - Transferências Constitucionais;RO1.0.0.0.00.00.00;1.0.0.0.00.00.00 - Receitas Correntes;23490,32;2885
2016;Prefeitura Municipal de Coxilha - RS;4305975;RS;DCA-Anexo I-C;Padrão;Deduções - FUNDEB;RO1.0.0.0.00.00.00;1.0.0.0.00.00.00 - Receitas Correntes;2823471,31;2885
2016;Prefeitura Municipal de Coxilha - RS;4305975;RS;DCA-Anexo I-C;Padrão;Receitas Brutas Realizadas;RO1.1.0.0.00.00.00;1.1.0.0.00.00.00 - Receita Tributária;993043,38;2885
2016;Prefeitura Municipal de Coxilha - RS;4305975;RS;DCA-Anexo I-C;Padrão;Deduções - Transferências Constitucionais;RO1.1.0.0.00.00.00;1.1.0.0.00.00.00 - Receita Tributária;23490,32;2885
2016;Prefeitura Municipal de Coxilha - RS;4305975;RS;DCA-Anexo I-C;Padrão;Receitas Brutas Realizadas;RO1.1.1.0.00.00.00;1.1.1.0.00.00.00 - Impostos;932121,99;2885
2016;Prefeitura Municipal de Coxilha - RS;4305975;RS;DCA-Anexo I-C;Padrão;Deduções - Transferências Constitucionais;RO1.1.1.0.00.00.00;1.1.1.0.00.00.00 - Impostos;19922,81;2885
2016;Prefeitura Municipal de Coxilha - RS;4305975;RS;DCA-Anexo I-C;Padrão;Receitas Brutas Realizadas;RO1.1.1.2.00.00.00;1.1.1.2.00.00.00 - Impostos sobre o Patrimônio e a Renda;569568,74;2885
2016;Prefeitura Municipal de Coxilha - RS;4305975;RS;DCA-Anexo I-C;Padrão;Deduções - Transferências Constitucionais;RO1.1.1.2.00.00.00;1.1.1.2.00.00.00 - Impostos sobre o Patrimônio e a Renda;19922,38;2885
2016;Prefeitura Municipal de Coxilha - RS;4305975;RS;DCA-Anexo I-C;Padrão;Receitas Brutas Realizadas;RO1.1.1.2.02.00.00;1.1.1.2.02.00.00 - Imposto sobre a Propriedade Predial e Territorial Urbana ¿ IPTU;116744,22;2885
2016;Prefeitura Municipal de Coxilha - RS;4305975;RS;DCA-Anexo I-C;Padrão;Deduções - Transferências Constitucionais;RO1.1.1.2.02.00.00;1.1.1.2.02.00.00 - Imposto sobre a Propriedade Predial e Territorial Urbana ¿ IPTU;19922,38;2885
2016;Prefeitura Municipal de Coxilha - RS;4305975;RS;DCA-Anexo I-C;Padrão;Receitas Brutas Realizadas;RO1.1.1.2.04.00.00;1.1.1.2.04.00.00 - Imposto sobre a Renda e Proventos de Qualquer Natureza ¿ IR;239973,94;2885
2016;Prefeitura Municipal de Coxilha - RS;4305975;RS;DCA-Anexo I-C;Padrão;Receitas Brutas Realizadas;RO1.1.1.2.04.31.00;1.1.1.2.04.31.00 - Retido nas Fontes - Trabalho;239973,94;2885
2016;Prefeitura Municipal de Coxilha - RS;4305975;RS;DCA-Anexo I-C;Padrão;Receitas Brutas Realizadas;RO1.1.1.2.08.00.00;"1.1.1.2.08.00.00 - Imposto sobre Transmissão ""Inter Vivos"" de Bens Imóveis e de Direitos Reais sobre Imóveis ¿ ITBI";212850,58;2885
2016;Prefeitura Municipal de Coxilha - RS;4305975;RS;DCA-Anexo I-C;Padrão;Receitas Brutas Realizadas;RO1.1.1.3.00.00.00;1.1.1.3.00.00.00 - Impostos sobre a Produção e a Circulação;362553,25;2885
2016;Prefeitura Municipal de Coxilha - RS;4305975;RS;DCA-Anexo I-C;Padrão;Deduções - Transferências Constitucionais;RO1.1.1.3.00.00.00;1.1.1.3.00.00.00 - Impostos sobre a Produção e a Circulação;0,43;2885
2016;Prefeitura Municipal de Coxilha - RS;4305975;RS;DCA-Anexo I-C;Padrão;Receitas Brutas Realizadas;RO1.1.1.3.05.00.00;1.1.1.3.05.00.00 - Imposto sobre Serviços de Qualquer Natureza ¿ ISSQN;362553,25;2885
2016;Prefeitura Municipal de Coxilha - RS;4305975;RS;DCA-Anexo I-C;Padrão;Deduções - Transferências Constitucionais;RO1.1.1.3.05.00.00;1.1.1.3.05.00.00 - Imposto sobre Serviços de Qualquer Natureza ¿ ISSQN;0,43;2885
2016;Prefeitura Municipal de Coxilha - RS;4305975;RS;DCA-Anexo I-C;Padrão;Receitas Brutas Realizadas;RO1.1.2.0.00.00.00;1.1.2.0.00.00.00 - Taxas;60921,39;2885
2016;Prefeitura Municipal de Coxilha - RS;4305975;RS;DCA-Anexo I-C;Padrão;Deduções - Transferências Constitucionais;RO1.1.2.0.00.00.00;1.1.2.0.00.00.00 - Taxas;3567,51;2885
2016;Prefeitura Municipal de Coxilha - RS;4305975;RS;DCA-Anexo I-C;Padrão;Receitas Brutas Realizadas;RO1.1.2.1.00.00.00;1.1.2.1.00.00.00 - Taxas pelo Exercício do Poder de Polícia;41608,25;2885
2016;Prefeitura Municipal de Coxilha - RS;4305975;RS;DCA-Anexo I-C;Padrão;Deduções - Transferências Constitucionais;RO1.1.2.1.00.00.00;1.1.2.1.00.00.00 - Taxas pelo Exercício do Poder de Polícia;3093,64;2885
2016;Prefeitura Municipal de Coxilha - RS;4305975;RS;DCA-Anexo I-C;Padrão;Receitas Brutas Realizadas;RO1.1.2.2.00.00.00;1.1.2.2.00.00.00 - Taxas pela Prestação de Serviços;19313,14;2885
2016;Prefeitura Municipal de Coxilha - RS;4305975;RS;DCA-Anexo I-C;Padrão;Deduções - Transferências Constitucionais;RO1.1.2.2.00.00.00;1.1.2.2.00.00.00 - Taxas pela Prestação de Serviços;473,87;2885
2016;Prefeitura Municipal de Coxilha - RS;4305975;RS;DCA-Anexo I-C;Padrão;Receitas Brutas Realizadas;RO1.1.2.2.21.00.00;1.1.2.2.21.00.00 - Taxas de Serviços Cadastrais;19313,14;2885
2016;Prefeitura Municipal de Coxilha - RS;4305975;RS;DCA-Anexo I-C;Padrão;Deduções - Transferências Constitucionais;RO1.1.2.2.21.00.00;1.1.2.2.21.00.00 - Taxas de Serviços Cadastrais;473,87;2885
2016;Prefeitura Municipal de Coxilha - RS;4305975;RS;DCA-Anexo I-C;Padrão;Receitas Brutas Realizadas;RO1.2.0.0.00.00.00;1.2.0.0.00.00.00 - Receitas de Contribuições;34002,56;2885
2016;Prefeitura Municipal de Coxilha - RS;4305975;RS;DCA-Anexo I-C;Padrão;Receitas Brutas Realizadas;RO1.2.3.0.00.00.00;1.2.3.0.00.00.00 - Contribuição para Custeio do Serviço de Iluminação Pública;34002,56;2885
2016;Prefeitura Municipal de Coxilha - RS;4305975;RS;DCA-Anexo I-C;Padrão;Receitas Brutas Realizadas;RO1.3.0.0.00.00.00;1.3.0.0.00.00.00 - Receita Patrimonial;102073,88;2885
2016;Prefeitura Municipal de Coxilha - RS;4305975;RS;DCA-Anexo I-C;Padrão;Receitas Brutas Realizadas;RO1.3.1.0.00.00.00;1.3.1.0.00.00.00 - Receitas Imobiliárias;7868,00;2885
2016;Prefeitura Municipal de Coxilha - RS;4305975;RS;DCA-Anexo I-C;Padrão;Receitas Brutas Realizadas;RO1.3.1.1.00.00.00;1.3.1.1.00.00.00 - Aluguéis;7868,00;2885
2016;Prefeitura Municipal de Coxilha - RS;4305975;RS;DCA-Anexo I-C;Padrão;Receitas Brutas Realizadas;RO1.3.2.0.00.00.00;1.3.2.0.00.00.00 - Receitas de Valores Mobiliários;94205,88;2885
2016;Prefeitura Municipal de Coxilha - RS;4305975;RS;DCA-Anexo I-C;Padrão;Receitas Brutas Realizadas;RO1.3.2.5.00.00.00;1.3.2.5.00.00.00 - Remuneração de Depósitos Bancários;94205,88;2885
2016;Prefeitura Municipal de Coxilha - RS;4305975;RS;DCA-Anexo I-C;Padrão;Receitas Brutas Realizadas;RO1.6.0.0.00.00.00;1.6.0.0.00.00.00 - Receita de Serviços;121589,69;2885
2016;Prefeitura Municipal de Coxilha - RS;4305975;RS;DCA-Anexo I-C;Padrão;Receitas Brutas Realizadas;RO1.6.0.0.04.00.00;1.6.0.0.04.00.00 - Serviços de Comunicação;1456,82;2885
2016;Prefeitura Municipal de Coxilha - RS;4305975;RS;DCA-Anexo I-C;Padrão;Receitas Brutas Realizadas;RO1.6.0.0.13.00.00;1.6.0.0.13.00.00 - Serviços Administrativos;90,40;2885
2016;Prefeitura Municipal de Coxilha - RS;4305975;RS;DCA-Anexo I-C;Padrão;Receitas Brutas Realizadas;RO1.6.0.0.19.00.00;1.6.0.0.19.00.00 - Serviços Recreativos e Culturais;779,20;2885
2016;Prefeitura Municipal de Coxilha - RS;4305975;RS;DCA-Anexo I-C;Padrão;Receitas Brutas Realizadas;RO1.6.0.0.26.00.00;1.6.0.0.26.00.00 - Serviços de Fornecimento de Água;118494,27;2885
2016;Prefeitura Municipal de Coxilha - RS;4305975;RS;DCA-Anexo I-C;Padrão;Receitas Brutas Realizadas;RO1.6.0.0.99.00.00;1.6.0.0.99.00.00 - Outros Serviços;769,00;2885
2016;Prefeitura Municipal de Coxilha - RS;4305975;RS;DCA-Anexo I-C;Padrão;Receitas Brutas Realizadas;RO1.7.0.0.00.00.00;1.7.0.0.00.00.00 - Transferências Correntes;17312756,91;2885
2016;Prefeitura Municipal de Coxilha - RS;4305975;RS;DCA-Anexo I-C;Padrão;Deduções - FUNDEB;RO1.7.0.0.00.00.00;1.7.0.0.00.00.00 - Transferências Correntes;2823471,31;2885
2016;Prefeitura Municipal de Coxilha - RS;4305975;RS;DCA-Anexo I-C;Padrão;Receitas Brutas Realizadas;RO1.7.2.0.00.00.00;1.7.2.0.00.00.00 - Transferências Intergovernamentais;17233119,87;2885
2016;Prefeitura Municipal de Coxilha - RS;4305975;RS;DCA-Anexo I-C;Padrão;Deduções - FUNDEB;RO1.7.2.0.00.00.00;1.7.2.0.00.00.00 - Transferências Intergovernamentais;2823471,31;2885
2016;Prefeitura Municipal de Coxilha - RS;4305975;RS;DCA-Anexo I-C;Padrão;Receitas Brutas Realizadas;RO1.7.2.1.00.00.00;1.7.2.1.00.00.00 - Transferências da União;9265917,24;2885
2016;Prefeitura Municipal de Coxilha - RS;4305975;RS;DCA-Anexo I-C;Padrão;Deduções - FUNDEB;RO1.7.2.1.00.00.00;1.7.2.1.00.00.00 - Transferências da União;1558541,54;2885
2016;Prefeitura Municipal de Coxilha - RS;4305975;RS;DCA-Anexo I-C;Padrão;Receitas Brutas Realizadas;RO1.7.2.1.01.00.00;1.7.2.1.01.00.00 - Participação na Receita da União;8351215,70;2885
2016;Prefeitura Municipal de Coxilha - RS;4305975;RS;DCA-Anexo I-C;Padrão;Deduções - FUNDEB;RO1.7.2.1.01.00.00;1.7.2.1.01.00.00 - Participação na Receita da União;1551027,18;2885
2016;Prefeitura Municipal de Coxilha - RS;4305975;RS;DCA-Anexo I-C;Padrão;Receitas Brutas Realizadas;RO1.7.2.1.01.02.00;1.7.2.1.01.02.00 - Cota-Parte do Fundo de Participação dos Municípios ¿ FPM;7798587,28;2885
2016;Prefeitura Municipal de Coxilha - RS;4305975;RS;DCA-Anexo I-C;Padrão;Deduções - FUNDEB;RO1.7.2.1.01.02.00;1.7.2.1.01.02.00 - Cota-Parte do Fundo de Participação dos Municípios ¿ FPM;1440501,57;2885
2016;Prefeitura Municipal de Coxilha - RS;4305975;RS;DCA-Anexo I-C;Padrão;Receitas Brutas Realizadas;RO1.7.2.1.01.05.00;1.7.2.1.01.05.00 - Cota-Parte do Imposto Sobre a Propriedade Territorial Rural ¿ ITR;552628,42;2885
2016;Prefeitura Municipal de Coxilha - RS;4305975;RS;DCA-Anexo I-C;Padrão;Deduções - FUNDEB;RO1.7.2.1.01.05.00;1.7.2.1.01.05.00 - Cota-Parte do Imposto Sobre a Propriedade Territorial Rural ¿ ITR;110525,61;2885
2016;Prefeitura Municipal de Coxilha - RS;4305975;RS;DCA-Anexo I-C;Padrão;Receitas Brutas Realizadas;RO1.7.2.1.22.00.00;1.7.2.1.22.00.00 - Transferências da Compensação Financeira pela Exploração de Recursos Naturais;61102,78;2885
2016;Prefeitura Municipal de Coxilha - RS;4305975;RS;DCA-Anexo I-C;Padrão;Receitas Brutas Realizadas;RO1.7.2.1.22.70.00;1.7.2.1.22.70.00 - Cota-Parte do Fundo Especial do Petróleo ¿ FEP;61102,78;2885
2016;Prefeitura Municipal de Coxilha - RS;4305975;RS;DCA-Anexo I-C;Padrão;Receitas Brutas Realizadas;RO1.7.2.1.33.00.00;1.7.2.1.33.00.00 - Transferências de Recursos do Sistema Único de Saúde - SUS - Repasses Fundo a Fundo;361525,96;2885
2016;Prefeitura Municipal de Coxilha - RS;4305975;RS;DCA-Anexo I-C;Padrão;Receitas Brutas Realizadas;RO1.7.2.1.34.00.00;1.7.2.1.34.00.00 - Transferências de Recursos do Fundo Nacional de Assistência Social ¿ FNAS;126800,15;2885
2016;Prefeitura Municipal de Coxilha - RS;4305975;RS;DCA-Anexo I-C;Padrão;Receitas Brutas Realizadas;RO1.7.2.1.35.00.00;1.7.2.1.35.00.00 - Transferências de Recursos do Fundo Nacional do Desenvolvimento da Educação ¿ FNDE;264919,35;2885
2016;Prefeitura Municipal de Coxilha - RS;4305975;RS;DCA-Anexo I-C;Padrão;Receitas Brutas Realizadas;RO1.7.2.1.36.00.00;1.7.2.1.36.00.00 - Transferências Financeiras do ICMS ¿ Desoneração ¿ L.C. Nº 87/96;34441,25;2885
2016;Prefeitura Municipal de Coxilha - RS;4305975;RS;DCA-Anexo I-C;Padrão;Deduções - FUNDEB;RO1.7.2.1.36.00.00;1.7.2.1.36.00.00 - Transferências Financeiras do ICMS ¿ Desoneração ¿ L.C. Nº 87/96;7514,36;2885
2016;Prefeitura Municipal de Coxilha - RS;4305975;RS;DCA-Anexo I-C;Padrão;Receitas Brutas Realizadas;RO1.7.2.1.99.00.00;1.7.2.1.99.00.00 - Outras Transferências da União;65912,05;2885
2016;Prefeitura Municipal de Coxilha - RS;4305975;RS;DCA-Anexo I-C;Padrão;Receitas Brutas Realizadas;RO1.7.2.2.00.00.00;1.7.2.2.00.00.00 - Transferências dos Estados;6345077,64;2885
2016;Prefeitura Municipal de Coxilha - RS;4305975;RS;DCA-Anexo I-C;Padrão;Deduções - FUNDEB;RO1.7.2.2.00.00.00;1.7.2.2.00.00.00 - Transferências dos Estados;1264929,77;2885
2016;Prefeitura Municipal de Coxilha - RS;4305975;RS;DCA-Anexo I-C;Padrão;Receitas Brutas Realizadas;RO1.7.2.2.01.00.00;1.7.2.2.01.00.00 - Participação na Receita dos Estados;6279196,14;2885
2016;Prefeitura Municipal de Coxilha - RS;4305975;RS;DCA-Anexo I-C;Padrão;Deduções - FUNDEB;RO1.7.2.2.01.00.00;1.7.2.2.01.00.00 - Participação na Receita dos Estados;1264929,77;2885
2016;Prefeitura Municipal de Coxilha - RS;4305975;RS;DCA-Anexo I-C;Padrão;Receitas Brutas Realizadas;RO1.7.2.2.01.01.00;1.7.2.2.01.01.00 - Cota-Parte do ICMS;5770022,40;2885
2016;Prefeitura Municipal de Coxilha - RS;4305975;RS;DCA-Anexo I-C;Padrão;Deduções - FUNDEB;RO1.7.2.2.01.01.00;1.7.2.2.01.01.00 - Cota-Parte do ICMS;1097076,88;2885
2016;Prefeitura Municipal de Coxilha - RS;4305975;RS;DCA-Anexo I-C;Padrão;Receitas Brutas Realizadas;RO1.7.2.2.01.02.00;1.7.2.2.01.02.00 - Cota-Parte do IPVA;425429,54;2885
2016;Prefeitura Municipal de Coxilha - RS;4305975;RS;DCA-Anexo I-C;Padrão;Deduções - FUNDEB;RO1.7.2.2.01.02.00;1.7.2.2.01.02.00 - Cota-Parte do IPVA;153409,54;2885
2016;Prefeitura Municipal de Coxilha - RS;4305975;RS;DCA-Anexo I-C;Padrão;Receitas Brutas Realizadas;RO1.7.2.2.01.04.00;1.7.2.2.01.04.00 - Cota-Parte do IPI - Municípios;72216,61;2885
2016;Prefeitura Municipal de Coxilha - RS;4305975;RS;DCA-Anexo I-C;Padrão;Deduções - FUNDEB;RO1.7.2.2.01.04.00;1.7.2.2.01.04.00 - Cota-Parte do IPI - Municípios;14443,35;2885
2016;Prefeitura Municipal de Coxilha - RS;4305975;RS;DCA-Anexo I-C;Padrão;Receitas Brutas Realizadas;RO1.7.2.2.01.13.00;1.7.2.2.01.13.00 - Cota-Parte da Contribuição de Intervenção no Domínio Econômico;11527,59;2885
2016;Prefeitura Municipal de Coxilha - RS;4305975;RS;DCA-Anexo I-C;Padrão;Receitas Brutas Realizadas;RO1.7.2.2.33.00.00;1.7.2.2.33.00.00 - Transferências de Recursos do Estado para Programas de Saúde - Repasse Fundo a Fundo;65881,50;2885
2016;Prefeitura Municipal de Coxilha - RS;4305975;RS;DCA-Anexo I-C;Padrão;Receitas Brutas Realizadas;RO1.7.2.4.00.00.00;1.7.2.4.00.00.00 - Transferências Multigovernamentais;1622124,99;2885
2016;Prefeitura Municipal de Coxilha - RS;4305975;RS;DCA-Anexo I-C;Padrão;Receitas Brutas Realizadas;RO1.7.2.4.01.00.00;1.7.2.4.01.00.00 - Transferências de Recursos do Fundo de Manutenção e Desenvolvimento do Ensino Fundamental e de Valorização do Magistério - FUNDEB;1622124,99;2885
2016;Prefeitura Municipal de Coxilha - RS;4305975;RS;DCA-Anexo I-C;Padrão;Receitas Brutas Realizadas;RO1.7.6.0.00.00.00;1.7.6.0.00.00.00 - Transferências de Convênios;79637,04;2885
2016;Prefeitura Municipal de Coxilha - RS;4305975;RS;DCA-Anexo I-C;Padrão;Receitas Brutas Realizadas;RO1.7.6.2.00.00.00;1.7.6.2.00.00.00 - Transferências de Convênios dos Estados e do Distrito Federal e de Suas Entidades;79637,04;2885
2016;Prefeitura Municipal de Coxilha - RS;4305975;RS;DCA-Anexo I-C;Padrão;Receitas Brutas Realizadas;RO1.7.6.2.02.00.00;1.7.6.2.02.00.00 - Transferências de Convênios dos Estados Destinadas a Programas de Educação;45077,10;2885
2016;Prefeitura Municipal de Coxilha - RS;4305975;RS;DCA-Anexo I-C;Padrão;Receitas Brutas Realizadas;RO1.7.6.2.99.00.00;1.7.6.2.99.00.00 - Outras Transferências de Convênios dos Estados;34559,94;2885
2016;Prefeitura Municipal de Coxilha - RS;4305975;RS;DCA-Anexo I-C;Padrão;Receitas Brutas Realizadas;RO1.9.0.0.00.00.00;1.9.0.0.00.00.00 - Outras Receitas Correntes;54841,61;2885
2016;Prefeitura Municipal de Coxilha - RS;4305975;RS;DCA-Anexo I-C;Padrão;Receitas Brutas Realizadas;RO1.9.1.0.00.00.00;1.9.1.0.00.00.00 - Multas e Juros de Mora;15907,09;2885
2016;Prefeitura Municipal de Coxilha - RS;4305975;RS;DCA-Anexo I-C;Padrão;Receitas Brutas Realizadas;RO1.9.1.1.00.00.00;1.9.1.1.00.00.00 - Multas e Juros de Mora dos Tributos;4983,03;2885
2016;Prefeitura Municipal de Coxilha - RS;4305975;RS;DCA-Anexo I-C;Padrão;Receitas Brutas Realizadas;RO1.9.1.1.38.00.00;1.9.1.1.38.00.00 - Multas e Juros de Mora do Imposto sobre a Propriedade Predial e Territorial Urbana ¿ IPTU;477,49;2885
2016;Prefeitura Municipal de Coxilha - RS;4305975;RS;DCA-Anexo I-C;Padrão;Receitas Brutas Realizadas;RO1.9.1.1.40.00.00;1.9.1.1.40.00.00 - Multas e Juros de Mora do Imposto sobre Serviços de Qualquer Natureza ¿ ISS;4155,00;2885
2016;Prefeitura Municipal de Coxilha - RS;4305975;RS;DCA-Anexo I-C;Padrão;Receitas Brutas Realizadas;RO1.9.1.1.99.00.00;1.9.1.1.99.00.00 - Multas e Juros de Mora de Outros Tributos;350,54;2885
2016;Prefeitura Municipal de Coxilha - RS;4305975;RS;DCA-Anexo I-C;Padrão;Receitas Brutas Realizadas;RO1.9.1.3.00.00.00;1.9.1.3.00.00.00 - Multas e Juros de Mora da Dívida Ativa dos Tributos;1672,56;2885
2016;Prefeitura Municipal de Coxilha - RS;4305975;RS;DCA-Anexo I-C;Padrão;Receitas Brutas Realizadas;RO1.9.1.3.02.00.00;1.9.1.3.02.00.00 - Multas e Juros de Mora da Dívida Ativa do Imposto sobre a Renda e Proventos de Qualquer Natureza;1672,56;2885
2016;Prefeitura Municipal de Coxilha - RS;4305975;RS;DCA-Anexo I-C;Padrão;Receitas Brutas Realizadas;RO1.9.1.5.00.00.00;1.9.1.5.00.00.00 - Multas e Juros de Mora da Dívida Ativa de Outras Receitas;8025,95;2885
2016;Prefeitura Municipal de Coxilha - RS;4305975;RS;DCA-Anexo I-C;Padrão;Receitas Brutas Realizadas;RO1.9.1.5.99.00.00;1.9.1.5.99.00.00 - Outras Multas e Juros de Mora da Dívida Ativa de Outras Receitas;8025,95;2885
2016;Prefeitura Municipal de Coxilha - RS;4305975;RS;DCA-Anexo I-C;Padrão;Receitas Brutas Realizadas;RO1.9.1.8.00.00.00;1.9.1.8.00.00.00 - Multas e Juros de Mora de Outras Receitas;1225,55;2885
2016;Prefeitura Municipal de Coxilha - RS;4305975;RS;DCA-Anexo I-C;Padrão;Receitas Brutas Realizadas;RO1.9.1.8.99.00.00;1.9.1.8.99.00.00 - Outras Multas e Juros de Mora;1225,55;2885
2016;Prefeitura Municipal de Coxilha - RS;4305975;RS;DCA-Anexo I-C;Padrão;Receitas Brutas Realizadas;RO1.9.2.0.00.00.00;1.9.2.0.00.00.00 - Indenizações e Restituições;6130,24;2885
2016;Prefeitura Municipal de Coxilha - RS;4305975;RS;DCA-Anexo I-C;Padrão;Receitas Brutas Realizadas;RO1.9.2.2.00.00.00;1.9.2.2.00.00.00 - Restituições;6130,24;2885
2016;Prefeitura Municipal de Coxilha - RS;4305975;RS;DCA-Anexo I-C;Padrão;Receitas Brutas Realizadas;RO1.9.2.2.99.00.00;1.9.2.2.99.00.00 - Outras Restituições;6130,24;2885
2016;Prefeitura Municipal de Coxilha - RS;4305975;RS;DCA-Anexo I-C;Padrão;Receitas Brutas Realizadas;RO1.9.3.0.00.00.00;1.9.3.0.00.00.00 - Receita da Dívida Ativa;27662,64;2885
2016;Prefeitura Municipal de Coxilha - RS;4305975;RS;DCA-Anexo I-C;Padrão;Receitas Brutas Realizadas;RO1.9.3.1.00.00.00;1.9.3.1.00.00.00 - Receita da Dívida Ativa Tributária;8102,39;2885
2016;Prefeitura Municipal de Coxilha - RS;4305975;RS;DCA-Anexo I-C;Padrão;Receitas Brutas Realizadas;RO1.9.3.1.11.00.00;1.9.3.1.11.00.00 - Receita da Dívida Ativa do Imposto sobre a Propriedade Predial e Territorial Urbana ¿ IPTU;6686,04;2885
2016;Prefeitura Municipal de Coxilha - RS;4305975;RS;DCA-Anexo I-C;Padrão;Receitas Brutas Realizadas;RO1.9.3.1.13.00.00;1.9.3.1.13.00.00 - Receita da Dívida Ativa do Imposto sobre Serviços de Qualquer Natureza ¿ ISS;1306,54;2885
2016;Prefeitura Municipal de Coxilha - RS;4305975;RS;DCA-Anexo I-C;Padrão;Receitas Brutas Realizadas;RO1.9.3.1.99.00.00;1.9.3.1.99.00.00 - Receita da Dívida Ativa de Outros Tributos;109,81;2885
2016;Prefeitura Municipal de Coxilha - RS;4305975;RS;DCA-Anexo I-C;Padrão;Receitas Brutas Realizadas;RO1.9.3.2.00.00.00;1.9.3.2.00.00.00 - Receita da Dívida Ativa Não Tributária;19560,25;2885
2016;Prefeitura Municipal de Coxilha - RS;4305975;RS;DCA-Anexo I-C;Padrão;Receitas Brutas Realizadas;RO1.9.3.2.99.00.00;1.9.3.2.99.00.00 - Receita da Dívida Ativa Não Tributária de Outras Receitas;19560,25;2885
2016;Prefeitura Municipal de Coxilha - RS;4305975;RS;DCA-Anexo I-C;Padrão;Receitas Brutas Realizadas;RO1.9.9.0.00.00.00;1.9.9.0.00.00.00 - Receitas Diversas;5141,64;2885
2016;Prefeitura Municipal de Coxilha - RS;4305975;RS;DCA-Anexo I-C;Padrão;Receitas Brutas Realizadas;RO1.9.9.0.99.00.00;1.9.9.0.99.00.00 - Outras Receitas;5141,64;2885
2016;Prefeitura Municipal de Coxilha - RS;4305975;RS;DCA-Anexo I-C;Padrão;Receitas Brutas Realizadas;RO2.0.0.0.00.00.00;2.0.0.0.00.00.00 - Receitas de Capital;276167,80;2885
2016;Prefeitura Municipal de Coxilha - RS;4305975;RS;DCA-Anexo I-C;Padrão;Receitas Brutas Realizadas;RO2.2.0.0.00.00.00;2.2.0.0.00.00.00 - Alienação de Bens;15000,00;2885
2016;Prefeitura Municipal de Coxilha - RS;4305975;RS;DCA-Anexo I-C;Padrão;Receitas Brutas Realizadas;RO2.2.1.0.00.00.00;2.2.1.0.00.00.00 - Alienação de Bens Móveis;15000,00;2885
2016;Prefeitura Municipal de Coxilha - RS;4305975;RS;DCA-Anexo I-C;Padrão;Receitas Brutas Realizadas;RO2.3.0.0.00.00.00;2.3.0.0.00.00.00 - Amortização de Empréstimos;363,38;2885
2016;Prefeitura Municipal de Coxilha - RS;4305975;RS;DCA-Anexo I-C;Padrão;Receitas Brutas Realizadas;RO2.4.0.0.00.00.00;2.4.0.0.00.00.00 - Transferências de Capital;251915,14;2885
2016;Prefeitura Municipal de Coxilha - RS;4305975;RS;DCA-Anexo I-C;Padrão;Receitas Brutas Realizadas;RO2.4.2.0.00.00.00;2.4.2.0.00.00.00 - Transferências Intergovernamentais;251915,14;2885
2016;Prefeitura Municipal de Coxilha - RS;4305975;RS;DCA-Anexo I-C;Padrão;Receitas Brutas Realizadas;RO2.4.2.1.00.00.00;2.4.2.1.00.00.00 - Transferências da União;251915,14;2885
2016;Prefeitura Municipal de Coxilha - RS;4305975;RS;DCA-Anexo I-C;Padrão;Receitas Brutas Realizadas;RO2.4.2.1.99.00.00;2.4.2.1.99.00.00 - Outras Transferências da União;251915,14;2885
2016;Prefeitura Municipal de Coxilha - RS;4305975;RS;DCA-Anexo I-C;Padrão;Receitas Brutas Realizadas;RO2.5.0.0.00.00.00;2.5.0.0.00.00.00 - Outras Receitas de Capital;8889,28;2885
2016;Prefeitura Municipal de Coxilha - RS;4305975;RS;DCA-Anexo I-C;Padrão;Receitas Brutas Realizadas;RO2.5.9.0.00.00.00;2.5.9.0.00.00.00 - Outras Receitas;8889,28;2885
2017;Prefeitura Municipal de Coxilha - RS;4305975;RS;DCA-Anexo I-C;Padrão;Receitas Brutas Realizadas;TotalReceitas;Total Receitas;20612125,08;2880
2017;Prefeitura Municipal de Coxilha - RS;4305975;RS;DCA-Anexo I-C;Padrão;Deduções - Transferências Constitucionais;TotalReceitas;Total Receitas;48919,74;2880
2017;Prefeitura Municipal de Coxilha - RS;4305975;RS;DCA-Anexo I-C;Padrão;Deduções - FUNDEB;TotalReceitas;Total Receitas;2967603,53;2880
2017;Prefeitura Municipal de Coxilha - RS;4305975;RS;DCA-Anexo I-C;Padrão;Receitas Brutas Realizadas;RO1.0.0.0.00.00.00;1.0.0.0.00.00.00 - Receitas Correntes;20142687,69;2880
2017;Prefeitura Municipal de Coxilha - RS;4305975;RS;DCA-Anexo I-C;Padrão;Deduções - Transferências Constitucionais;RO1.0.0.0.00.00.00;1.0.0.0.00.00.00 - Receitas Correntes;48919,74;2880
2017;Prefeitura Municipal de Coxilha - RS;4305975;RS;DCA-Anexo I-C;Padrão;Deduções - FUNDEB;RO1.0.0.0.00.00.00;1.0.0.0.00.00.00 - Receitas Correntes;2967603,53;2880
2017;Prefeitura Municipal de Coxilha - RS;4305975;RS;DCA-Anexo I-C;Padrão;Receitas Brutas Realizadas;RO1.1.0.0.00.00.00;1.1.0.0.00.00.00 - Receita Tributária;1098310,85;2880
2017;Prefeitura Municipal de Coxilha - RS;4305975;RS;DCA-Anexo I-C;Padrão;Deduções - Transferências Constitucionais;RO1.1.0.0.00.00.00;1.1.0.0.00.00.00 - Receita Tributária;48822,23;2880
2017;Prefeitura Municipal de Coxilha - RS;4305975;RS;DCA-Anexo I-C;Padrão;Receitas Brutas Realizadas;RO1.1.1.0.00.00.00;1.1.1.0.00.00.00 - Impostos;1042348,13;2880
2017;Prefeitura Municipal de Coxilha - RS;4305975;RS;DCA-Anexo I-C;Padrão;Deduções - Transferências Constitucionais;RO1.1.1.0.00.00.00;1.1.1.0.00.00.00 - Impostos;45051,57;2880
2017;Prefeitura Municipal de Coxilha - RS;4305975;RS;DCA-Anexo I-C;Padrão;Receitas Brutas Realizadas;RO1.1.1.2.00.00.00;1.1.1.2.00.00.00 - Impostos sobre o Patrimônio e a Renda;512028,26;2880
2017;Prefeitura Municipal de Coxilha - RS;4305975;RS;DCA-Anexo I-C;Padrão;Deduções - Transferências Constitucionais;RO1.1.1.2.00.00.00;1.1.1.2.00.00.00 - Impostos sobre o Patrimônio e a Renda;44845,60;2880
2017;Prefeitura Municipal de Coxilha - RS;4305975;RS;DCA-Anexo I-C;Padrão;Receitas Brutas Realizadas;RO1.1.1.2.01.00.00;1.1.1.2.01.00.00 - Imposto sobre a Propriedade Territorial Rural - ITR;843,65;2880
2017;Prefeitura Municipal de Coxilha - RS;4305975;RS;DCA-Anexo I-C;Padrão;Receitas Brutas Realizadas;RO1.1.1.2.02.00.00;1.1.1.2.02.00.00 - Imposto sobre a Propriedade Predial e Territorial Urbana ¿ IPTU;125452,15;2880
2017;Prefeitura Municipal de Coxilha - RS;4305975;RS;DCA-Anexo I-C;Padrão;Deduções - Transferências Constitucionais;RO1.1.1.2.02.00.00;1.1.1.2.02.00.00 - Imposto sobre a Propriedade Predial e Territorial Urbana ¿ IPTU;21315,89;2880
2017;Prefeitura Municipal de Coxilha - RS;4305975;RS;DCA-Anexo I-C;Padrão;Receitas Brutas Realizadas;RO1.1.1.2.04.00.00;1.1.1.2.04.00.00 - Imposto sobre a Renda e Proventos de Qualquer Natureza ¿ IR;248744,18;2880
2017;Prefeitura Municipal de Coxilha - RS;4305975;RS;DCA-Anexo I-C;Padrão;Receitas Brutas Realizadas;RO1.1.1.2.04.31.00;1.1.1.2.04.31.00 - Retido nas Fontes - Trabalho;248744,18;2880
2017;Prefeitura Municipal de Coxilha - RS;4305975;RS;DCA-Anexo I-C;Padrão;Receitas Brutas Realizadas;RO1.1.1.2.08.00.00;"1.1.1.2.08.00.00 - Imposto sobre Transmissão ""Inter Vivos"" de Bens Imóveis e de Direitos Reais sobre Imóveis ¿ ITBI";136988,28;2880
2017;Prefeitura Municipal de Coxilha - RS;4305975;RS;DCA-Anexo I-C;Padrão;Deduções - Transferências Constitucionais;RO1.1.1.2.08.00.00;"1.1.1.2.08.00.00 - Imposto sobre Transmissão ""Inter Vivos"" de Bens Imóveis e de Direitos Reais sobre Imóveis ¿ ITBI";23529,71;2880
2017;Prefeitura Municipal de Coxilha - RS;4305975;RS;DCA-Anexo I-C;Padrão;Receitas Brutas Realizadas;RO1.1.1.3.00.00.00;1.1.1.3.00.00.00 - Impostos sobre a Produção e a Circulação;530319,87;2880
2017;Prefeitura Municipal de Coxilha - RS;4305975;RS;DCA-Anexo I-C;Padrão;Deduções - Transferências Constitucionais;RO1.1.1.3.00.00.00;1.1.1.3.00.00.00 - Impostos sobre a Produção e a Circulação;205,97;2880
2017;Prefeitura Municipal de Coxilha - RS;4305975;RS;DCA-Anexo I-C;Padrão;Receitas Brutas Realizadas;RO1.1.1.3.05.00.00;1.1.1.3.05.00.00 - Imposto sobre Serviços de Qualquer Natureza ¿ ISSQN;530319,87;2880
2017;Prefeitura Municipal de Coxilha - RS;4305975;RS;DCA-Anexo I-C;Padrão;Deduções - Transferências Constitucionais;RO1.1.1.3.05.00.00;1.1.1.3.05.00.00 - Imposto sobre Serviços de Qualquer Natureza ¿ ISSQN;205,97;2880
2017;Prefeitura Municipal de Coxilha - RS;4305975;RS;DCA-Anexo I-C;Padrão;Receitas Brutas Realizadas;RO1.1.2.0.00.00.00;1.1.2.0.00.00.00 - Taxas;55962,72;2880
2017;Prefeitura Municipal de Coxilha - RS;4305975;RS;DCA-Anexo I-C;Padrão;Deduções - Transferências Constitucionais;RO1.1.2.0.00.00.00;1.1.2.0.00.00.00 - Taxas;3770,66;2880
2017;Prefeitura Municipal de Coxilha - RS;4305975;RS;DCA-Anexo I-C;Padrão;Receitas Brutas Realizadas;RO1.1.2.1.00.00.00;1.1.2.1.00.00.00 - Taxas pelo Exercício do Poder de Polícia;33591,55;2880
2017;Prefeitura Municipal de Coxilha - RS;4305975;RS;DCA-Anexo I-C;Padrão;Receitas Brutas Realizadas;RO1.1.2.2.00.00.00;1.1.2.2.00.00.00 - Taxas pela Prestação de Serviços;22371,17;2880
2017;Prefeitura Municipal de Coxilha - RS;4305975;RS;DCA-Anexo I-C;Padrão;Deduções - Transferências Constitucionais;RO1.1.2.2.00.00.00;1.1.2.2.00.00.00 - Taxas pela Prestação de Serviços;3770,66;2880
2017;Prefeitura Municipal de Coxilha - RS;4305975;RS;DCA-Anexo I-C;Padrão;Receitas Brutas Realizadas;RO1.1.2.2.28.00.00;1.1.2.2.28.00.00 - Taxa de Cemitérios;1047,01;2880
2017;Prefeitura Municipal de Coxilha - RS;4305975;RS;DCA-Anexo I-C;Padrão;Receitas Brutas Realizadas;RO1.1.2.2.29.00.00;1.1.2.2.29.00.00 - Emolumentos e Custas Extrajudiciais;6884,01;2880
2017;Prefeitura Municipal de Coxilha - RS;4305975;RS;DCA-Anexo I-C;Padrão;Receitas Brutas Realizadas;RO1.1.2.2.99.00.00;1.1.2.2.99.00.00 - Outras Taxas pela Prestação de Serviços;14440,15;2880
2017;Prefeitura Municipal de Coxilha - RS;4305975;RS;DCA-Anexo I-C;Padrão;Deduções - Transferências Constitucionais;RO1.1.2.2.99.00.00;1.1.2.2.99.00.00 - Outras Taxas pela Prestação de Serviços;3770,66;2880
2017;Prefeitura Municipal de Coxilha - RS;4305975;RS;DCA-Anexo I-C;Padrão;Receitas Brutas Realizadas;RO1.2.0.0.00.00.00;1.2.0.0.00.00.00 - Receitas de Contribuições;28402,19;2880
2017;Prefeitura Municipal de Coxilha - RS;4305975;RS;DCA-Anexo I-C;Padrão;Receitas Brutas Realizadas;RO1.2.3.0.00.00.00;1.2.3.0.00.00.00 - Contribuição para Custeio do Serviço de Iluminação Pública;28402,19;2880
2017;Prefeitura Municipal de Coxilha - RS;4305975;RS;DCA-Anexo I-C;Padrão;Receitas Brutas Realizadas;RO1.3.0.0.00.00.00;1.3.0.0.00.00.00 - Receita Patrimonial;231262,11;2880
2017;Prefeitura Municipal de Coxilha - RS;4305975;RS;DCA-Anexo I-C;Padrão;Receitas Brutas Realizadas;RO1.3.1.0.00.00.00;1.3.1.0.00.00.00 - Receitas Imobiliárias;1110,00;2880
2017;Prefeitura Municipal de Coxilha - RS;4305975;RS;DCA-Anexo I-C;Padrão;Receitas Brutas Realizadas;RO1.3.1.1.00.00.00;1.3.1.1.00.00.00 - Aluguéis;1110,00;2880
2017;Prefeitura Municipal de Coxilha - RS;4305975;RS;DCA-Anexo I-C;Padrão;Receitas Brutas Realizadas;RO1.3.2.0.00.00.00;1.3.2.0.00.00.00 - Receitas de Valores Mobiliários;106333,11;2880
2017;Prefeitura Municipal de Coxilha - RS;4305975;RS;DCA-Anexo I-C;Padrão;Receitas Brutas Realizadas;RO1.3.2.5.00.00.00;1.3.2.5.00.00.00 - Remuneração de Depósitos Bancários;106333,11;2880
2017;Prefeitura Municipal de Coxilha - RS;4305975;RS;DCA-Anexo I-C;Padrão;Receitas Brutas Realizadas;RO1.3.6.0.00.00.00;1.3.6.0.00.00.00 - Receita da Cessão de Direitos;123819,00;2880
2017;Prefeitura Municipal de Coxilha - RS;4305975;RS;DCA-Anexo I-C;Padrão;Receitas Brutas Realizadas;RO1.6.0.0.00.00.00;1.6.0.0.00.00.00 - Receita de Serviços;140173,09;2880
2017;Prefeitura Municipal de Coxilha - RS;4305975;RS;DCA-Anexo I-C;Padrão;Receitas Brutas Realizadas;RO1.6.0.0.04.00.00;1.6.0.0.04.00.00 - Serviços de Comunicação;1290,23;2880
2017;Prefeitura Municipal de Coxilha - RS;4305975;RS;DCA-Anexo I-C;Padrão;Receitas Brutas Realizadas;RO1.6.0.0.26.00.00;1.6.0.0.26.00.00 - Serviços de Fornecimento de Água;138882,86;2880
2017;Prefeitura Municipal de Coxilha - RS;4305975;RS;DCA-Anexo I-C;Padrão;Receitas Brutas Realizadas;RO1.7.0.0.00.00.00;1.7.0.0.00.00.00 - Transferências Correntes;18510527,20;2880
2017;Prefeitura Municipal de Coxilha - RS;4305975;RS;DCA-Anexo I-C;Padrão;Deduções - FUNDEB;RO1.7.0.0.00.00.00;1.7.0.0.00.00.00 - Transferências Correntes;2967603,53;2880
2017;Prefeitura Municipal de Coxilha - RS;4305975;RS;DCA-Anexo I-C;Padrão;Receitas Brutas Realizadas;RO1.7.2.0.00.00.00;1.7.2.0.00.00.00 - Transferências Intergovernamentais;18400851,77;2880
2017;Prefeitura Municipal de Coxilha - RS;4305975;RS;DCA-Anexo I-C;Padrão;Deduções - FUNDEB;RO1.7.2.0.00.00.00;1.7.2.0.00.00.00 - Transferências Intergovernamentais;2967603,53;2880
2017;Prefeitura Municipal de Coxilha - RS;4305975;RS;DCA-Anexo I-C;Padrão;Receitas Brutas Realizadas;RO1.7.2.1.00.00.00;1.7.2.1.00.00.00 - Transferências da União;9088775,98;2880
2017;Prefeitura Municipal de Coxilha - RS;4305975;RS;DCA-Anexo I-C;Padrão;Deduções - FUNDEB;RO1.7.2.1.00.00.00;1.7.2.1.00.00.00 - Transferências da União;1506303,25;2880
2017;Prefeitura Municipal de Coxilha - RS;4305975;RS;DCA-Anexo I-C;Padrão;Receitas Brutas Realizadas;RO1.7.2.1.01.00.00;1.7.2.1.01.00.00 - Participação na Receita da União;8118006,45;2880
2017;Prefeitura Municipal de Coxilha - RS;4305975;RS;DCA-Anexo I-C;Padrão;Deduções - FUNDEB;RO1.7.2.1.01.00.00;1.7.2.1.01.00.00 - Participação na Receita da União;1498612,71;2880
2017;Prefeitura Municipal de Coxilha - RS;4305975;RS;DCA-Anexo I-C;Padrão;Receitas Brutas Realizadas;RO1.7.2.1.01.02.00;1.7.2.1.01.02.00 - Cota-Parte do Fundo de Participação dos Municípios ¿ FPM;6918993,96;2880
2017;Prefeitura Municipal de Coxilha - RS;4305975;RS;DCA-Anexo I-C;Padrão;Deduções - FUNDEB;RO1.7.2.1.01.02.00;1.7.2.1.01.02.00 - Cota-Parte do Fundo de Participação dos Municípios ¿ FPM;1383798,46;2880
2017;Prefeitura Municipal de Coxilha - RS;4305975;RS;DCA-Anexo I-C;Padrão;Receitas Brutas Realizadas;RO1.7.2.1.01.03.00;1.7.2.1.01.03.00 - Cota-Parte do Fundo de Participação dos Municípios - 1% Cota Anual;307589,82;2880
2017;Prefeitura Municipal de Coxilha - RS;4305975;RS;DCA-Anexo I-C;Padrão;Receitas Brutas Realizadas;RO1.7.2.1.01.04.00;1.7.2.1.01.04.00 - Cota-Parte do Fundo de Participação dos Municípios - 1% Cota entregue no mês de julho (67)(I);317350,91;2880
2017;Prefeitura Municipal de Coxilha - RS;4305975;RS;DCA-Anexo I-C;Padrão;Receitas Brutas Realizadas;RO1.7.2.1.01.05.00;1.7.2.1.01.05.00 - Cota-Parte do Imposto Sobre a Propriedade Territorial Rural ¿ ITR;574071,76;2880
2017;Prefeitura Municipal de Coxilha - RS;4305975;RS;DCA-Anexo I-C;Padrão;Deduções - FUNDEB;RO1.7.2.1.01.05.00;1.7.2.1.01.05.00 - Cota-Parte do Imposto Sobre a Propriedade Territorial Rural ¿ ITR;114814,25;2880
2017;Prefeitura Municipal de Coxilha - RS;4305975;RS;DCA-Anexo I-C;Padrão;Receitas Brutas Realizadas;RO1.7.2.1.22.00.00;1.7.2.1.22.00.00 - Transferências da Compensação Financeira pela Exploração de Recursos Naturais;80370,61;2880
2017;Prefeitura Municipal de Coxilha - RS;4305975;RS;DCA-Anexo I-C;Padrão;Receitas Brutas Realizadas;RO1.7.2.1.22.70.00;1.7.2.1.22.70.00 - Cota-Parte do Fundo Especial do Petróleo ¿ FEP;80370,61;2880
2017;Prefeitura Municipal de Coxilha - RS;4305975;RS;DCA-Anexo I-C;Padrão;Receitas Brutas Realizadas;RO1.7.2.1.33.00.00;1.7.2.1.33.00.00 - Transferências de Recursos do Sistema Único de Saúde - SUS - Repasses Fundo a Fundo;337607,98;2880
2017;Prefeitura Municipal de Coxilha - RS;4305975;RS;DCA-Anexo I-C;Padrão;Receitas Brutas Realizadas;RO1.7.2.1.34.00.00;1.7.2.1.34.00.00 - Transferências de Recursos do Fundo Nacional de Assistência Social ¿ FNAS;107595,04;2880
2017;Prefeitura Municipal de Coxilha - RS;4305975;RS;DCA-Anexo I-C;Padrão;Receitas Brutas Realizadas;RO1.7.2.1.35.00.00;1.7.2.1.35.00.00 - Transferências de Recursos do Fundo Nacional do Desenvolvimento da Educação ¿ FNDE;364287,70;2880
2017;Prefeitura Municipal de Coxilha - RS;4305975;RS;DCA-Anexo I-C;Padrão;Receitas Brutas Realizadas;RO1.7.2.1.36.00.00;1.7.2.1.36.00.00 - Transferências Financeiras do ICMS ¿ Desoneração ¿ L.C. Nº 87/96;41249,74;2880
2017;Prefeitura Municipal de Coxilha - RS;4305975;RS;DCA-Anexo I-C;Padrão;Deduções - FUNDEB;RO1.7.2.1.36.00.00;1.7.2.1.36.00.00 - Transferências Financeiras do ICMS ¿ Desoneração ¿ L.C. Nº 87/96;7690,54;2880
2017;Prefeitura Municipal de Coxilha - RS;4305975;RS;DCA-Anexo I-C;Padrão;Receitas Brutas Realizadas;RO1.7.2.1.99.00.00;1.7.2.1.99.00.00 - Outras Transferências da União;39658,46;2880
2017;Prefeitura Municipal de Coxilha - RS;4305975;RS;DCA-Anexo I-C;Padrão;Receitas Brutas Realizadas;RO1.7.2.2.00.00.00;1.7.2.2.00.00.00 - Transferências dos Estados;7493689,61;2880
2017;Prefeitura Municipal de Coxilha - RS;4305975;RS;DCA-Anexo I-C;Padrão;Deduções - FUNDEB;RO1.7.2.2.00.00.00;1.7.2.2.00.00.00 - Transferências dos Estados;1461300,28;2880
2017;Prefeitura Municipal de Coxilha - RS;4305975;RS;DCA-Anexo I-C;Padrão;Receitas Brutas Realizadas;RO1.7.2.2.01.00.00;1.7.2.2.01.00.00 - Participação na Receita dos Estados;7322547,47;2880
2017;Prefeitura Municipal de Coxilha - RS;4305975;RS;DCA-Anexo I-C;Padrão;Deduções - FUNDEB;RO1.7.2.2.01.00.00;1.7.2.2.01.00.00 - Participação na Receita dos Estados;1461300,28;2880
2017;Prefeitura Municipal de Coxilha - RS;4305975;RS;DCA-Anexo I-C;Padrão;Receitas Brutas Realizadas;RO1.7.2.2.01.01.00;1.7.2.2.01.01.00 - Cota-Parte do ICMS;6754277,68;2880
2017;Prefeitura Municipal de Coxilha - RS;4305975;RS;DCA-Anexo I-C;Padrão;Deduções - FUNDEB;RO1.7.2.2.01.01.00;1.7.2.2.01.01.00 - Cota-Parte do ICMS;1285472,58;2880
2017;Prefeitura Municipal de Coxilha - RS;4305975;RS;DCA-Anexo I-C;Padrão;Receitas Brutas Realizadas;RO1.7.2.2.01.02.00;1.7.2.2.01.02.00 - Cota-Parte do IPVA;449941,80;2880
2017;Prefeitura Municipal de Coxilha - RS;4305975;RS;DCA-Anexo I-C;Padrão;Deduções - FUNDEB;RO1.7.2.2.01.02.00;1.7.2.2.01.02.00 - Cota-Parte do IPVA;155371,62;2880
2017;Prefeitura Municipal de Coxilha - RS;4305975;RS;DCA-Anexo I-C;Padrão;Receitas Brutas Realizadas;RO1.7.2.2.01.04.00;1.7.2.2.01.04.00 - Cota-Parte do IPI - Municípios;102280,23;2880
2017;Prefeitura Municipal de Coxilha - RS;4305975;RS;DCA-Anexo I-C;Padrão;Deduções - FUNDEB;RO1.7.2.2.01.04.00;1.7.2.2.01.04.00 - Cota-Parte do IPI - Municípios;20456,08;2880
2017;Prefeitura Municipal de Coxilha - RS;4305975;RS;DCA-Anexo I-C;Padrão;Receitas Brutas Realizadas;RO1.7.2.2.01.13.00;1.7.2.2.01.13.00 - Cota-Parte da Contribuição de Intervenção no Domínio Econômico;16047,76;2880
2017;Prefeitura Municipal de Coxilha - RS;4305975;RS;DCA-Anexo I-C;Padrão;Receitas Brutas Realizadas;RO1.7.2.2.33.00.00;1.7.2.2.33.00.00 - Transferências de Recursos do Estado para Programas de Saúde - Repasse Fundo a Fundo;171142,14;2880
2017;Prefeitura Municipal de Coxilha - RS;4305975;RS;DCA-Anexo I-C;Padrão;Receitas Brutas Realizadas;RO1.7.2.4.00.00.00;1.7.2.4.00.00.00 - Transferências Multigovernamentais;1818386,18;2880
2017;Prefeitura Municipal de Coxilha - RS;4305975;RS;DCA-Anexo I-C;Padrão;Receitas Brutas Realizadas;RO1.7.2.4.01.00.00;1.7.2.4.01.00.00 - Transferências de Recursos do Fundo de Manutenção e Desenvolvimento do Ensino Fundamental e de Valorização do Magistério - FUNDEB;1818386,18;2880
2017;Prefeitura Municipal de Coxilha - RS;4305975;RS;DCA-Anexo I-C;Padrão;Receitas Brutas Realizadas;RO1.7.3.0.00.00.00;1.7.3.0.00.00.00 - Transferências de Instituições Privadas;60333,42;2880
2017;Prefeitura Municipal de Coxilha - RS;4305975;RS;DCA-Anexo I-C;Padrão;Receitas Brutas Realizadas;RO1.7.6.0.00.00.00;1.7.6.0.00.00.00 - Transferências de Convênios;49342,01;2880
2017;Prefeitura Municipal de Coxilha - RS;4305975;RS;DCA-Anexo I-C;Padrão;Receitas Brutas Realizadas;RO1.7.6.2.00.00.00;1.7.6.2.00.00.00 - Transferências de Convênios dos Estados e do Distrito Federal e de Suas Entidades;49342,01;2880
2017;Prefeitura Municipal de Coxilha - RS;4305975;RS;DCA-Anexo I-C;Padrão;Receitas Brutas Realizadas;RO1.7.6.2.02.00.00;1.7.6.2.02.00.00 - Transferências de Convênios dos Estados Destinadas a Programas de Educação;49342,01;2880
2017;Prefeitura Municipal de Coxilha - RS;4305975;RS;DCA-Anexo I-C;Padrão;Receitas Brutas Realizadas;RO1.9.0.0.00.00.00;1.9.0.0.00.00.00 - Outras Receitas Correntes;134012,25;2880
2017;Prefeitura Municipal de Coxilha - RS;4305975;RS;DCA-Anexo I-C;Padrão;Deduções - Transferências Constitucionais;RO1.9.0.0.00.00.00;1.9.0.0.00.00.00 - Outras Receitas Correntes;97,51;2880
2017;Prefeitura Municipal de Coxilha - RS;4305975;RS;DCA-Anexo I-C;Padrão;Receitas Brutas Realizadas;RO1.9.1.0.00.00.00;1.9.1.0.00.00.00 - Multas e Juros de Mora;58341,45;2880
2017;Prefeitura Municipal de Coxilha - RS;4305975;RS;DCA-Anexo I-C;Padrão;Deduções - Transferências Constitucionais;RO1.9.1.0.00.00.00;1.9.1.0.00.00.00 - Multas e Juros de Mora;97,51;2880
2017;Prefeitura Municipal de Coxilha - RS;4305975;RS;DCA-Anexo I-C;Padrão;Receitas Brutas Realizadas;RO1.9.1.1.00.00.00;1.9.1.1.00.00.00 - Multas e Juros de Mora dos Tributos;5626,68;2880
2017;Prefeitura Municipal de Coxilha - RS;4305975;RS;DCA-Anexo I-C;Padrão;Receitas Brutas Realizadas;RO1.9.1.1.38.00.00;1.9.1.1.38.00.00 - Multas e Juros de Mora do Imposto sobre a Propriedade Predial e Territorial Urbana ¿ IPTU;492,58;2880
2017;Prefeitura Municipal de Coxilha - RS;4305975;RS;DCA-Anexo I-C;Padrão;Receitas Brutas Realizadas;RO1.9.1.1.40.00.00;1.9.1.1.40.00.00 - Multas e Juros de Mora do Imposto sobre Serviços de Qualquer Natureza ¿ ISS;4990,71;2880
2017;Prefeitura Municipal de Coxilha - RS;4305975;RS;DCA-Anexo I-C;Padrão;Receitas Brutas Realizadas;RO1.9.1.1.99.00.00;1.9.1.1.99.00.00 - Multas e Juros de Mora de Outros Tributos;143,39;2880
2017;Prefeitura Municipal de Coxilha - RS;4305975;RS;DCA-Anexo I-C;Padrão;Receitas Brutas Realizadas;RO1.9.1.3.00.00.00;1.9.1.3.00.00.00 - Multas e Juros de Mora da Dívida Ativa dos Tributos;4622,28;2880
2017;Prefeitura Municipal de Coxilha - RS;4305975;RS;DCA-Anexo I-C;Padrão;Receitas Brutas Realizadas;RO1.9.1.3.11.00.00;1.9.1.3.11.00.00 - Multas e Juros de Mora da Dívida Ativa do Imposto sobre a Propriedade Predial e Territorial Urbana ¿ IPTU;4591,97;2880
2017;Prefeitura Municipal de Coxilha - RS;4305975;RS;DCA-Anexo I-C;Padrão;Receitas Brutas Realizadas;RO1.9.1.3.13.00.00;1.9.1.3.13.00.00 - Multas e Juros de Mora da Dívida Ativa do Imposto sobre Serviços de Qualquer Natureza ¿ ISS;16,74;2880
2017;Prefeitura Municipal de Coxilha - RS;4305975;RS;DCA-Anexo I-C;Padrão;Receitas Brutas Realizadas;RO1.9.1.3.99.00.00;1.9.1.3.99.00.00 - Multas e Juros de Mora da Dívida Ativa de Outros Tributos;13,57;2880
2017;Prefeitura Municipal de Coxilha - RS;4305975;RS;DCA-Anexo I-C;Padrão;Receitas Brutas Realizadas;RO1.9.1.5.00.00.00;1.9.1.5.00.00.00 - Multas e Juros de Mora da Dívida Ativa de Outras Receitas;9617,31;2880
2017;Prefeitura Municipal de Coxilha - RS;4305975;RS;DCA-Anexo I-C;Padrão;Receitas Brutas Realizadas;RO1.9.1.5.99.00.00;1.9.1.5.99.00.00 - Outras Multas e Juros de Mora da Dívida Ativa de Outras Receitas;9617,31;2880
2017;Prefeitura Municipal de Coxilha - RS;4305975;RS;DCA-Anexo I-C;Padrão;Receitas Brutas Realizadas;RO1.9.1.8.00.00.00;1.9.1.8.00.00.00 - Multas e Juros de Mora de Outras Receitas;38331,79;2880
2017;Prefeitura Municipal de Coxilha - RS;4305975;RS;DCA-Anexo I-C;Padrão;Deduções - Transferências Constitucionais;RO1.9.1.8.00.00.00;1.9.1.8.00.00.00 - Multas e Juros de Mora de Outras Receitas;97,51;2880
2017;Prefeitura Municipal de Coxilha - RS;4305975;RS;DCA-Anexo I-C;Padrão;Receitas Brutas Realizadas;RO1.9.1.8.99.00.00;1.9.1.8.99.00.00 - Outras Multas e Juros de Mora;38331,79;2880
2017;Prefeitura Municipal de Coxilha - RS;4305975;RS;DCA-Anexo I-C;Padrão;Deduções - Transferências Constitucionais;RO1.9.1.8.99.00.00;1.9.1.8.99.00.00 - Outras Multas e Juros de Mora;97,51;2880
2017;Prefeitura Municipal de Coxilha - RS;4305975;RS;DCA-Anexo I-C;Padrão;Receitas Brutas Realizadas;RO1.9.1.9.00.00.00;1.9.1.9.00.00.00 - Multas de Outras Origens;143,39;2880
2017;Prefeitura Municipal de Coxilha - RS;4305975;RS;DCA-Anexo I-C;Padrão;Receitas Brutas Realizadas;RO1.9.2.0.00.00.00;1.9.2.0.00.00.00 - Indenizações e Restituições;32949,32;2880
2017;Prefeitura Municipal de Coxilha - RS;4305975;RS;DCA-Anexo I-C;Padrão;Receitas Brutas Realizadas;RO1.9.2.2.00.00.00;1.9.2.2.00.00.00 - Restituições;32949,32;2880
2017;Prefeitura Municipal de Coxilha - RS;4305975;RS;DCA-Anexo I-C;Padrão;Receitas Brutas Realizadas;RO1.9.2.2.99.00.00;1.9.2.2.99.00.00 - Outras Restituições;32949,32;2880
2017;Prefeitura Municipal de Coxilha - RS;4305975;RS;DCA-Anexo I-C;Padrão;Receitas Brutas Realizadas;RO1.9.3.0.00.00.00;1.9.3.0.00.00.00 - Receita da Dívida Ativa;37307,11;2880
2017;Prefeitura Municipal de Coxilha - RS;4305975;RS;DCA-Anexo I-C;Padrão;Receitas Brutas Realizadas;RO1.9.3.1.00.00.00;1.9.3.1.00.00.00 - Receita da Dívida Ativa Tributária;13461,61;2880
2017;Prefeitura Municipal de Coxilha - RS;4305975;RS;DCA-Anexo I-C;Padrão;Receitas Brutas Realizadas;RO1.9.3.1.11.00.00;1.9.3.1.11.00.00 - Receita da Dívida Ativa do Imposto sobre a Propriedade Predial e Territorial Urbana ¿ IPTU;12829,37;2880
2017;Prefeitura Municipal de Coxilha - RS;4305975;RS;DCA-Anexo I-C;Padrão;Receitas Brutas Realizadas;RO1.9.3.1.13.00.00;1.9.3.1.13.00.00 - Receita da Dívida Ativa do Imposto sobre Serviços de Qualquer Natureza ¿ ISS;278,85;2880
2017;Prefeitura Municipal de Coxilha - RS;4305975;RS;DCA-Anexo I-C;Padrão;Receitas Brutas Realizadas;RO1.9.3.1.99.00.00;1.9.3.1.99.00.00 - Receita da Dívida Ativa de Outros Tributos;353,39;2880
2017;Prefeitura Municipal de Coxilha - RS;4305975;RS;DCA-Anexo I-C;Padrão;Receitas Brutas Realizadas;RO1.9.3.2.00.00.00;1.9.3.2.00.00.00 - Receita da Dívida Ativa Não Tributária;23845,50;2880
2017;Prefeitura Municipal de Coxilha - RS;4305975;RS;DCA-Anexo I-C;Padrão;Receitas Brutas Realizadas;RO1.9.3.2.99.00.00;1.9.3.2.99.00.00 - Receita da Dívida Ativa Não Tributária de Outras Receitas;23845,50;2880
2017;Prefeitura Municipal de Coxilha - RS;4305975;RS;DCA-Anexo I-C;Padrão;Receitas Brutas Realizadas;RO1.9.9.0.00.00.00;1.9.9.0.00.00.00 - Receitas Diversas;5414,37;2880
2017;Prefeitura Municipal de Coxilha - RS;4305975;RS;DCA-Anexo I-C;Padrão;Receitas Brutas Realizadas;RO1.9.9.0.99.00.00;1.9.9.0.99.00.00 - Outras Receitas;5414,37;2880
2017;Prefeitura Municipal de Coxilha - RS;4305975;RS;DCA-Anexo I-C;Padrão;Receitas Brutas Realizadas;RO2.0.0.0.00.00.00;2.0.0.0.00.00.00 - Receitas de Capital;469437,39;2880
2017;Prefeitura Municipal de Coxilha - RS;4305975;RS;DCA-Anexo I-C;Padrão;Receitas Brutas Realizadas;RO2.2.0.0.00.00.00;2.2.0.0.00.00.00 - Alienação de Bens;75399,83;2880
2017;Prefeitura Municipal de Coxilha - RS;4305975;RS;DCA-Anexo I-C;Padrão;Receitas Brutas Realizadas;RO2.2.2.0.00.00.00;2.2.2.0.00.00.00 - Alienação de Bens Imóveis;75399,83;2880
2017;Prefeitura Municipal de Coxilha - RS;4305975;RS;DCA-Anexo I-C;Padrão;Receitas Brutas Realizadas;RO2.4.0.0.00.00.00;2.4.0.0.00.00.00 - Transferências de Capital;394037,56;2880
2017;Prefeitura Municipal de Coxilha - RS;4305975;RS;DCA-Anexo I-C;Padrão;Receitas Brutas Realizadas;RO2.4.2.0.00.00.00;2.4.2.0.00.00.00 - Transferências Intergovernamentais;93062,56;2880
2017;Prefeitura Municipal de Coxilha - RS;4305975;RS;DCA-Anexo I-C;Padrão;Receitas Brutas Realizadas;RO2.4.2.1.00.00.00;2.4.2.1.00.00.00 - Transferências da União;93062,56;2880
2017;Prefeitura Municipal de Coxilha - RS;4305975;RS;DCA-Anexo I-C;Padrão;Receitas Brutas Realizadas;RO2.4.2.1.02.00.00;2.4.2.1.02.00.00 - Transferências de Recursos Destinados a Programas de Educação;19937,56;2880
2017;Prefeitura Municipal de Coxilha - RS;4305975;RS;DCA-Anexo I-C;Padrão;Receitas Brutas Realizadas;RO2.4.2.1.99.00.00;2.4.2.1.99.00.00 - Outras Transferências da União;73125,00;2880
2017;Prefeitura Municipal de Coxilha - RS;4305975;RS;DCA-Anexo I-C;Padrão;Receitas Brutas Realizadas;RO2.4.7.0.00.00.00;2.4.7.0.00.00.00 - Transferências de Convênios;300975,00;2880
2017;Prefeitura Municipal de Coxilha - RS;4305975;RS;DCA-Anexo I-C;Padrão;Receitas Brutas Realizadas;RO2.4.7.1.00.00.00;2.4.7.1.00.00.00 - Transferências de Convênios da União e de suas Entidades;300975,00;2880
2017;Prefeitura Municipal de Coxilha - RS;4305975;RS;DCA-Anexo I-C;Padrão;Receitas Brutas Realizadas;RO2.4.7.1.99.00.00;2.4.7.1.99.00.00 - Outras Transferências de Convênios da União;300975,00;2880
2018;Prefeitura Municipal de Coxilha - RS;4305975;RS;DCA-Anexo I-C;Padrão;Receitas Brutas Realizadas;TotalReceitas;Total Receitas;24178593,23;2876
2018;Prefeitura Municipal de Coxilha - RS;4305975;RS;DCA-Anexo I-C;Padrão;Deduções - Transferências Constitucionais;TotalReceitas;Total Receitas;22088,25;2876
2018;Prefeitura Municipal de Coxilha - RS;4305975;RS;DCA-Anexo I-C;Padrão;Deduções - FUNDEB;TotalReceitas;Total Receitas;3289432,73;2876
2018;Prefeitura Municipal de Coxilha - RS;4305975;RS;DCA-Anexo I-C;Padrão;Receitas Brutas Realizadas;RO1.0.0.0.00.0.0;1.0.0.0.00.0.0 - Receitas Correntes;22990365,81;2876
2018;Prefeitura Municipal de Coxilha - RS;4305975;RS;DCA-Anexo I-C;Padrão;Deduções - Transferências Constitucionais;RO1.0.0.0.00.0.0;1.0.0.0.00.0.0 - Receitas Correntes;22088,25;2876
2018;Prefeitura Municipal de Coxilha - RS;4305975;RS;DCA-Anexo I-C;Padrão;Deduções - FUNDEB;RO1.0.0.0.00.0.0;1.0.0.0.00.0.0 - Receitas Correntes;3289432,73;2876
2018;Prefeitura Municipal de Coxilha - RS;4305975;RS;DCA-Anexo I-C;Padrão;Receitas Brutas Realizadas;RO1.1.0.0.00.0.0;1.1.0.0.00.0.0 - Impostos, Taxas e Contribuições de Melhoria;2497422,39;2876
2018;Prefeitura Municipal de Coxilha - RS;4305975;RS;DCA-Anexo I-C;Padrão;Deduções - Transferências Constitucionais;RO1.1.0.0.00.0.0;1.1.0.0.00.0.0 - Impostos, Taxas e Contribuições de Melhoria;22088,25;2876
2018;Prefeitura Municipal de Coxilha - RS;4305975;RS;DCA-Anexo I-C;Padrão;Deduções - FUNDEB;RO1.1.0.0.00.0.0;1.1.0.0.00.0.0 - Impostos, Taxas e Contribuições de Melhoria;132071,89;2876
2018;Prefeitura Municipal de Coxilha - RS;4305975;RS;DCA-Anexo I-C;Padrão;Receitas Brutas Realizadas;RO1.1.1.0.00.0.0;1.1.1.0.00.0.0 - Impostos;2242351,54;2876
2018;Prefeitura Municipal de Coxilha - RS;4305975;RS;DCA-Anexo I-C;Padrão;Deduções - Transferências Constitucionais;RO1.1.1.0.00.0.0;1.1.1.0.00.0.0 - Impostos;21147,41;2876
2018;Prefeitura Municipal de Coxilha - RS;4305975;RS;DCA-Anexo I-C;Padrão;Deduções - FUNDEB;RO1.1.1.0.00.0.0;1.1.1.0.00.0.0 - Impostos;132071,89;2876
2018;Prefeitura Municipal de Coxilha - RS;4305975;RS;DCA-Anexo I-C;Padrão;Receitas Brutas Realizadas;RO1.1.1.2.00.0.0;1.1.1.2.00.0.0 - Impostos sobre o Patrimônio;660370,97;2876
2018;Prefeitura Municipal de Coxilha - RS;4305975;RS;DCA-Anexo I-C;Padrão;Deduções - FUNDEB;RO1.1.1.2.00.0.0;1.1.1.2.00.0.0 - Impostos sobre o Patrimônio;132071,89;2876
2018;Prefeitura Municipal de Coxilha - RS;4305975;RS;DCA-Anexo I-C;Padrão;Receitas Brutas Realizadas;RO1.1.1.2.01.0.0;1.1.1.2.01.0.0 - Imposto sobre a Propriedade Territorial Rural;660370,97;2876
2018;Prefeitura Municipal de Coxilha - RS;4305975;RS;DCA-Anexo I-C;Padrão;Deduções - FUNDEB;RO1.1.1.2.01.0.0;1.1.1.2.01.0.0 - Imposto sobre a Propriedade Territorial Rural;132071,89;2876
2018;Prefeitura Municipal de Coxilha - RS;4305975;RS;DCA-Anexo I-C;Padrão;Receitas Brutas Realizadas;RO1.1.1.3.00.0.0;1.1.1.3.00.0.0 - Impostos sobre a Renda e Proventos de Qualquer Natureza;320283,76;2876
2018;Prefeitura Municipal de Coxilha - RS;4305975;RS;DCA-Anexo I-C;Padrão;Deduções - Transferências Constitucionais;RO1.1.1.3.00.0.0;1.1.1.3.00.0.0 - Impostos sobre a Renda e Proventos de Qualquer Natureza;4897,72;2876
2018;Prefeitura Municipal de Coxilha - RS;4305975;RS;DCA-Anexo I-C;Padrão;Receitas Brutas Realizadas;RO1.1.1.3.03.0.0;1.1.1.3.03.0.0 - Imposto sobre a Renda - Retido na Fonte;320283,76;2876
2018;Prefeitura Municipal de Coxilha - RS;4305975;RS;DCA-Anexo I-C;Padrão;Deduções - Transferências Constitucionais;RO1.1.1.3.03.0.0;1.1.1.3.03.0.0 - Imposto sobre a Renda - Retido na Fonte;4897,72;2876
2018;Prefeitura Municipal de Coxilha - RS;4305975;RS;DCA-Anexo I-C;Padrão;Receitas Brutas Realizadas;RO1.1.1.3.03.1.0;1.1.1.3.03.1.0 - Imposto sobre a Renda - Retido na Fonte - Trabalho;309654,62;2876
2018;Prefeitura Municipal de Coxilha - RS;4305975;RS;DCA-Anexo I-C;Padrão;Deduções - Transferências Constitucionais;RO1.1.1.3.03.1.0;1.1.1.3.03.1.0 - Imposto sobre a Renda - Retido na Fonte - Trabalho;4897,72;2876
2018;Prefeitura Municipal de Coxilha - RS;4305975;RS;DCA-Anexo I-C;Padrão;Receitas Brutas Realizadas;RO1.1.1.3.03.4.0;1.1.1.3.03.4.0 - Imposto sobre a Renda - Retido na Fonte - Outros Rendimentos;10629,14;2876
2018;Prefeitura Municipal de Coxilha - RS;4305975;RS;DCA-Anexo I-C;Padrão;Receitas Brutas Realizadas;RO1.1.1.8.00.0.0;1.1.1.8.00.0.0 Impostos Específicos de Estados, DF e Municípios;1261696,81;2876
2018;Prefeitura Municipal de Coxilha - RS;4305975;RS;DCA-Anexo I-C;Padrão;Deduções - Transferências Constitucionais;RO1.1.1.8.00.0.0;1.1.1.8.00.0.0 Impostos Específicos de Estados, DF e Municípios;16249,69;2876
2018;Prefeitura Municipal de Coxilha - RS;4305975;RS;DCA-Anexo I-C;Padrão;Receitas Brutas Realizadas;RO1.1.1.8.01.0.0;1.1.1.8.01.0.0 Impostos sobre o Patrimônio para Estados/DF/Municípios;680174,11;2876
2018;Prefeitura Municipal de Coxilha - RS;4305975;RS;DCA-Anexo I-C;Padrão;Deduções - Transferências Constitucionais;RO1.1.1.8.01.0.0;1.1.1.8.01.0.0 Impostos sobre o Patrimônio para Estados/DF/Municípios;16249,69;2876
2018;Prefeitura Municipal de Coxilha - RS;4305975;RS;DCA-Anexo I-C;Padrão;Receitas Brutas Realizadas;RO1.1.1.8.01.1.0;1.1.1.8.01.1.0 Imposto sobre a Propriedade Predial e Territorial Urbana;142671,38;2876
2018;Prefeitura Municipal de Coxilha - RS;4305975;RS;DCA-Anexo I-C;Padrão;Deduções - Transferências Constitucionais;RO1.1.1.8.01.1.0;1.1.1.8.01.1.0 Imposto sobre a Propriedade Predial e Territorial Urbana;16249,69;2876
2018;Prefeitura Municipal de Coxilha - RS;4305975;RS;DCA-Anexo I-C;Padrão;Receitas Brutas Realizadas;RO1.1.1.8.01.4.0;1.1.1.8.01.4.0 Imposto sobre Transmissão ¿Inter Vivos¿ de Bens Imóveis e de Direitos Reais sobre Imóveis;537502,73;2876
2018;Prefeitura Municipal de Coxilha - RS;4305975;RS;DCA-Anexo I-C;Padrão;Receitas Brutas Realizadas;RO1.1.1.8.02.0.0;1.1.1.8.02.0.0 Impostos sobre a Produção, Circulação de Mercadorias e Serviços;581522,70;2876
2018;Prefeitura Municipal de Coxilha - RS;4305975;RS;DCA-Anexo I-C;Padrão;Receitas Brutas Realizadas;RO1.1.1.8.02.3.0;1.1.1.8.02.3.0 Imposto sobre Serviços de Qualquer Natureza;581522,70;2876
2018;Prefeitura Municipal de Coxilha - RS;4305975;RS;DCA-Anexo I-C;Padrão;Receitas Brutas Realizadas;RO1.1.2.0.00.0.0;1.1.2.0.00.0.0 - Taxas;255070,85;2876
2018;Prefeitura Municipal de Coxilha - RS;4305975;RS;DCA-Anexo I-C;Padrão;Deduções - Transferências Constitucionais;RO1.1.2.0.00.0.0;1.1.2.0.00.0.0 - Taxas;940,84;2876
2018;Prefeitura Municipal de Coxilha - RS;4305975;RS;DCA-Anexo I-C;Padrão;Receitas Brutas Realizadas;RO1.1.2.1.00.0.0;1.1.2.1.00.0.0 - Taxas pelo Exercício do Poder de Polícia;29598,19;2876
2018;Prefeitura Municipal de Coxilha - RS;4305975;RS;DCA-Anexo I-C;Padrão;Receitas Brutas Realizadas;RO1.1.2.1.01.0.0;1.1.2.1.01.0.0 - Taxas de Inspeção, Controle e Fiscalização;7497,62;2876
2018;Prefeitura Municipal de Coxilha - RS;4305975;RS;DCA-Anexo I-C;Padrão;Receitas Brutas Realizadas;RO1.1.2.1.04.0.0;1.1.2.1.04.0.0 - Taxa de Controle e Fiscalização Ambiental;22100,57;2876
2018;Prefeitura Municipal de Coxilha - RS;4305975;RS;DCA-Anexo I-C;Padrão;Receitas Brutas Realizadas;RO1.1.2.2.00.0.0;1.1.2.2.00.0.0 - Taxas pela Prestação de Serviços;225472,66;2876
2018;Prefeitura Municipal de Coxilha - RS;4305975;RS;DCA-Anexo I-C;Padrão;Deduções - Transferências Constitucionais;RO1.1.2.2.00.0.0;1.1.2.2.00.0.0 - Taxas pela Prestação de Serviços;940,84;2876
2018;Prefeitura Municipal de Coxilha - RS;4305975;RS;DCA-Anexo I-C;Padrão;Receitas Brutas Realizadas;RO1.1.2.2.01.0.0;1.1.2.2.01.0.0 - Taxas pela Prestação de Serviços;225472,66;2876
2018;Prefeitura Municipal de Coxilha - RS;4305975;RS;DCA-Anexo I-C;Padrão;Deduções - Transferências Constitucionais;RO1.1.2.2.01.0.0;1.1.2.2.01.0.0 - Taxas pela Prestação de Serviços;940,84;2876
2018;Prefeitura Municipal de Coxilha - RS;4305975;RS;DCA-Anexo I-C;Padrão;Receitas Brutas Realizadas;RO1.2.0.0.00.0.0;1.2.0.0.00.0.0 - Contribuições;36708,22;2876
2018;Prefeitura Municipal de Coxilha - RS;4305975;RS;DCA-Anexo I-C;Padrão;Receitas Brutas Realizadas;RO1.2.4.0.00.0.0;1.2.4.0.00.0.0 - Contribuição para o Custeio do Serviço de Iluminação Pública;36708,22;2876
2018;Prefeitura Municipal de Coxilha - RS;4305975;RS;DCA-Anexo I-C;Padrão;Receitas Brutas Realizadas;RO1.3.0.0.00.0.0;1.3.0.0.00.0.0 - Receita Patrimonial;81196,32;2876
2018;Prefeitura Municipal de Coxilha - RS;4305975;RS;DCA-Anexo I-C;Padrão;Receitas Brutas Realizadas;RO1.3.1.0.00.0.0;1.3.1.0.00.0.0 - Exploração do Patrimônio Imobiliário do Estado;7860,00;2876
2018;Prefeitura Municipal de Coxilha - RS;4305975;RS;DCA-Anexo I-C;Padrão;Receitas Brutas Realizadas;RO1.3.1.0.01.0.0;1.3.1.0.01.0.0 - Aluguéis, Arrendamentos, Foros, Laudêmios, Tarifas de Ocupação;7860,00;2876
2018;Prefeitura Municipal de Coxilha - RS;4305975;RS;DCA-Anexo I-C;Padrão;Receitas Brutas Realizadas;RO1.3.1.0.01.1.0;1.3.1.0.01.1.0 - Aluguéis e Arrendamentos;7860,00;2876
2018;Prefeitura Municipal de Coxilha - RS;4305975;RS;DCA-Anexo I-C;Padrão;Receitas Brutas Realizadas;RO1.3.2.0.00.0.0;1.3.2.0.00.0.0 - Valores Mobiliários;73336,32;2876
2018;Prefeitura Municipal de Coxilha - RS;4305975;RS;DCA-Anexo I-C;Padrão;Receitas Brutas Realizadas;RO1.3.2.1.00.0.0;1.3.2.1.00.0.0 - Juros e Correções Monetárias;73336,32;2876
2018;Prefeitura Municipal de Coxilha - RS;4305975;RS;DCA-Anexo I-C;Padrão;Receitas Brutas Realizadas;RO1.3.2.1.00.1.0;1.3.2.1.00.1.0 - Remuneração de Depósitos Bancários;73336,32;2876
2018;Prefeitura Municipal de Coxilha - RS;4305975;RS;DCA-Anexo I-C;Padrão;Receitas Brutas Realizadas;RO1.6.0.0.00.0.0;1.6.0.0.00.0.0 - Receita de Serviços;363,67;2876
2018;Prefeitura Municipal de Coxilha - RS;4305975;RS;DCA-Anexo I-C;Padrão;Receitas Brutas Realizadas;RO1.6.1.0.00.0.0;1.6.1.0.00.0.0 - Serviços Administrativos e Comerciais Gerais;140,97;2876
2018;Prefeitura Municipal de Coxilha - RS;4305975;RS;DCA-Anexo I-C;Padrão;Receitas Brutas Realizadas;RO1.6.1.0.01.0.0;1.6.1.0.01.0.0 - Serviços Administrativos e Comerciais Gerais;140,97;2876
2018;Prefeitura Municipal de Coxilha - RS;4305975;RS;DCA-Anexo I-C;Padrão;Receitas Brutas Realizadas;RO1.6.9.0.00.0.0;1.6.9.0.00.0.0 - Outros Serviços;222,70;2876
2018;Prefeitura Municipal de Coxilha - RS;4305975;RS;DCA-Anexo I-C;Padrão;Receitas Brutas Realizadas;RO1.6.9.0.99.0.0;1.6.9.0.99.0.0 - Outros Serviços;222,70;2876
2018;Prefeitura Municipal de Coxilha - RS;4305975;RS;DCA-Anexo I-C;Padrão;Receitas Brutas Realizadas;RO1.7.0.0.00.0.0;1.7.0.0.00.0.0 - Transferências Correntes;20359022,82;2876
2018;Prefeitura Municipal de Coxilha - RS;4305975;RS;DCA-Anexo I-C;Padrão;Deduções - FUNDEB;RO1.7.0.0.00.0.0;1.7.0.0.00.0.0 - Transferências Correntes;3157360,84;2876
2018;Prefeitura Municipal de Coxilha - RS;4305975;RS;DCA-Anexo I-C;Padrão;Receitas Brutas Realizadas;RO1.7.1.0.00.0.0;1.7.1.0.00.0.0 - Transferências da União e de suas Entidades;9447627,29;2876
2018;Prefeitura Municipal de Coxilha - RS;4305975;RS;DCA-Anexo I-C;Padrão;Deduções - FUNDEB;RO1.7.1.0.00.0.0;1.7.1.0.00.0.0 - Transferências da União e de suas Entidades;1491269,43;2876
2018;Prefeitura Municipal de Coxilha - RS;4305975;RS;DCA-Anexo I-C;Padrão;Receitas Brutas Realizadas;RO1.7.1.8.00.0.0;1.7.1.8.00.0.0 Transferências da União - Específicas de Estados, DF e Municípios;9447627,29;2876
2018;Prefeitura Municipal de Coxilha - RS;4305975;RS;DCA-Anexo I-C;Padrão;Deduções - FUNDEB;RO1.7.1.8.00.0.0;1.7.1.8.00.0.0 Transferências da União - Específicas de Estados, DF e Municípios;1491269,43;2876
2018;Prefeitura Municipal de Coxilha - RS;4305975;RS;DCA-Anexo I-C;Padrão;Receitas Brutas Realizadas;RO1.7.1.8.01.0.0;1.7.1.8.01.0.0 Participação na Receita da União;8063854,06;2876
2018;Prefeitura Municipal de Coxilha - RS;4305975;RS;DCA-Anexo I-C;Padrão;Deduções - FUNDEB;RO1.7.1.8.01.0.0;1.7.1.8.01.0.0 Participação na Receita da União;1482671,39;2876
2018;Prefeitura Municipal de Coxilha - RS;4305975;RS;DCA-Anexo I-C;Padrão;Receitas Brutas Realizadas;RO1.7.1.8.01.2.0;1.7.1.8.01.2.0 Cota-Parte do Fundo de Participação dos Municípios - Cota Mensal;7413358,43;2876
2018;Prefeitura Municipal de Coxilha - RS;4305975;RS;DCA-Anexo I-C;Padrão;Deduções - FUNDEB;RO1.7.1.8.01.2.0;1.7.1.8.01.2.0 Cota-Parte do Fundo de Participação dos Municípios - Cota Mensal;1482671,39;2876
2018;Prefeitura Municipal de Coxilha - RS;4305975;RS;DCA-Anexo I-C;Padrão;Receitas Brutas Realizadas;RO1.7.1.8.01.3.0;1.7.1.8.01.3.0 Cota-Parte do Fundo de Participação do Municípios ¿ 1% Cota entregue no mês de dezembro;329256,07;2876
2018;Prefeitura Municipal de Coxilha - RS;4305975;RS;DCA-Anexo I-C;Padrão;Receitas Brutas Realizadas;RO1.7.1.8.01.4.0;1.7.1.8.01.4.0 Cota-Parte do Fundo de Participação dos Municípios - 1% Cota entregue no mês de julho;321239,56;2876
2018;Prefeitura Municipal de Coxilha - RS;4305975;RS;DCA-Anexo I-C;Padrão;Receitas Brutas Realizadas;RO1.7.1.8.02.0.0;1.7.1.8.02.0.0 Transferência da Compensação Financeira pela Exploração de Recursos Naturais;123309,59;2876
2018;Prefeitura Municipal de Coxilha - RS;4305975;RS;DCA-Anexo I-C;Padrão;Receitas Brutas Realizadas;RO1.7.1.8.02.6.0;1.7.1.8.02.6.0 Cota-Parte do Fundo Especial do Petróleo ¿ FEP;123309,59;2876
2018;Prefeitura Municipal de Coxilha - RS;4305975;RS;DCA-Anexo I-C;Padrão;Receitas Brutas Realizadas;RO1.7.1.8.03.0.0;1.7.1.8.03.0.0 Transferência de Recursos do Sistema Único de Saúde ¿ SUS ¿ Repasses Fundo a Fundo;739175,97;2876
2018;Prefeitura Municipal de Coxilha - RS;4305975;RS;DCA-Anexo I-C;Padrão;Receitas Brutas Realizadas;RO1.7.1.8.04.0.0;1.7.1.8.04.0.0 Transferências de Recursos do Fundo Nacional de Assistência Social ¿ FNAS;132128,33;2876
2018;Prefeitura Municipal de Coxilha - RS;4305975;RS;DCA-Anexo I-C;Padrão;Receitas Brutas Realizadas;RO1.7.1.8.05.0.0;1.7.1.8.05.0.0 Transferências de Recursos do Fundo Nacional do Desenvolvimento da Educação ¿ FNDE;346169,10;2876
2018;Prefeitura Municipal de Coxilha - RS;4305975;RS;DCA-Anexo I-C;Padrão;Receitas Brutas Realizadas;RO1.7.1.8.05.1.0;1.7.1.8.05.1.0 Transferências do Salário-Educação;197795,67;2876
2018;Prefeitura Municipal de Coxilha - RS;4305975;RS;DCA-Anexo I-C;Padrão;Receitas Brutas Realizadas;RO1.7.1.8.05.3.0;1.7.1.8.05.3.0 Transferências Diretas do FNDE referentes ao Programa Nacional de Alimentação Escolar ¿ PNAE;32488,00;2876
2018;Prefeitura Municipal de Coxilha - RS;4305975;RS;DCA-Anexo I-C;Padrão;Receitas Brutas Realizadas;RO1.7.1.8.05.4.0;1.7.1.8.05.4.0 Transferências Diretas do FNDE referentes ao Programa Nacional de Apoio ao Transporte do Escolar ¿ PNATE;10249,25;2876
2018;Prefeitura Municipal de Coxilha - RS;4305975;RS;DCA-Anexo I-C;Padrão;Receitas Brutas Realizadas;RO1.7.1.8.05.9.0;1.7.1.8.05.9.0 Outras Transferências Diretas do Fundo Nacional do Desenvolvimento da Educação ¿ FNDE;105636,18;2876
2018;Prefeitura Municipal de Coxilha - RS;4305975;RS;DCA-Anexo I-C;Padrão;Receitas Brutas Realizadas;RO1.7.1.8.06.0.0;1.7.1.8.06.0.0 Transferência Financeira do ICMS ¿ Desoneração ¿ L.C. Nº 87/96;42990,24;2876
2018;Prefeitura Municipal de Coxilha - RS;4305975;RS;DCA-Anexo I-C;Padrão;Deduções - FUNDEB;RO1.7.1.8.06.0.0;1.7.1.8.06.0.0 Transferência Financeira do ICMS ¿ Desoneração ¿ L.C. Nº 87/96;8598,04;2876
2018;Prefeitura Municipal de Coxilha - RS;4305975;RS;DCA-Anexo I-C;Padrão;Receitas Brutas Realizadas;RO1.7.1.8.06.1.0;1.7.1.8.06.1.0 Transferência Financeira do ICMS ¿ Desoneração ¿ L.C. Nº 87/96;42990,24;2876
2018;Prefeitura Municipal de Coxilha - RS;4305975;RS;DCA-Anexo I-C;Padrão;Deduções - FUNDEB;RO1.7.1.8.06.1.0;1.7.1.8.06.1.0 Transferência Financeira do ICMS ¿ Desoneração ¿ L.C. Nº 87/96;8598,04;2876
2018;Prefeitura Municipal de Coxilha - RS;4305975;RS;DCA-Anexo I-C;Padrão;Receitas Brutas Realizadas;RO1.7.2.0.00.0.0;1.7.2.0.00.0.0 - Transferências dos Estados e do Distrito Federal e de suas Entidades;8511535,04;2876
2018;Prefeitura Municipal de Coxilha - RS;4305975;RS;DCA-Anexo I-C;Padrão;Deduções - FUNDEB;RO1.7.2.0.00.0.0;1.7.2.0.00.0.0 - Transferências dos Estados e do Distrito Federal e de suas Entidades;1666091,41;2876
2018;Prefeitura Municipal de Coxilha - RS;4305975;RS;DCA-Anexo I-C;Padrão;Receitas Brutas Realizadas;RO1.7.2.8.00.0.0;1.7.2.8.00.0.0 Transferências dos Estados - Específicas de Estados, DF e Municípios;8511535,04;2876
2018;Prefeitura Municipal de Coxilha - RS;4305975;RS;DCA-Anexo I-C;Padrão;Deduções - FUNDEB;RO1.7.2.8.00.0.0;1.7.2.8.00.0.0 Transferências dos Estados - Específicas de Estados, DF e Municípios;1666091,41;2876
2018;Prefeitura Municipal de Coxilha - RS;4305975;RS;DCA-Anexo I-C;Padrão;Receitas Brutas Realizadas;RO1.7.2.8.01.0.0;1.7.2.8.01.0.0 Participação na Receita dos Estados;8342907,60;2876
2018;Prefeitura Municipal de Coxilha - RS;4305975;RS;DCA-Anexo I-C;Padrão;Deduções - FUNDEB;RO1.7.2.8.01.0.0;1.7.2.8.01.0.0 Participação na Receita dos Estados;1666091,41;2876
2018;Prefeitura Municipal de Coxilha - RS;4305975;RS;DCA-Anexo I-C;Padrão;Receitas Brutas Realizadas;RO1.7.2.8.01.1.0;1.7.2.8.01.1.0 Cota-Parte do ICMS;7717022,17;2876
2018;Prefeitura Municipal de Coxilha - RS;4305975;RS;DCA-Anexo I-C;Padrão;Deduções - FUNDEB;RO1.7.2.8.01.1.0;1.7.2.8.01.1.0 Cota-Parte do ICMS;1543404,50;2876
2018;Prefeitura Municipal de Coxilha - RS;4305975;RS;DCA-Anexo I-C;Padrão;Receitas Brutas Realizadas;RO1.7.2.8.01.2.0;1.7.2.8.01.2.0 Cota-Parte do IPVA;500029,56;2876
2018;Prefeitura Municipal de Coxilha - RS;4305975;RS;DCA-Anexo I-C;Padrão;Deduções - FUNDEB;RO1.7.2.8.01.2.0;1.7.2.8.01.2.0 Cota-Parte do IPVA;100098,69;2876
2018;Prefeitura Municipal de Coxilha - RS;4305975;RS;DCA-Anexo I-C;Padrão;Receitas Brutas Realizadas;RO1.7.2.8.01.3.0;1.7.2.8.01.3.0 Cota-Parte do IPI - Municípios;112891,02;2876
2018;Prefeitura Municipal de Coxilha - RS;4305975;RS;DCA-Anexo I-C;Padrão;Deduções - FUNDEB;RO1.7.2.8.01.3.0;1.7.2.8.01.3.0 Cota-Parte do IPI - Municípios;22588,22;2876
2018;Prefeitura Municipal de Coxilha - RS;4305975;RS;DCA-Anexo I-C;Padrão;Receitas Brutas Realizadas;RO1.7.2.8.01.4.0;1.7.2.8.01.4.0 Cota-Parte da Contribuição de Intervenção no Domínio Econômico;12964,85;2876
2018;Prefeitura Municipal de Coxilha - RS;4305975;RS;DCA-Anexo I-C;Padrão;Receitas Brutas Realizadas;RO1.7.2.8.03.0.0;1.7.2.8.03.0.0 Transferência de Recursos do Estado para Programas de Saúde ¿ Repasse Fundo a Fundo;115714,50;2876
2018;Prefeitura Municipal de Coxilha - RS;4305975;RS;DCA-Anexo I-C;Padrão;Receitas Brutas Realizadas;RO1.7.2.8.10.0.0;1.7.2.8.10.0.0 Transferência de Convênios dos Estados e do Distrito Federal e de Suas Entidades;52863,80;2876
2018;Prefeitura Municipal de Coxilha - RS;4305975;RS;DCA-Anexo I-C;Padrão;Receitas Brutas Realizadas;RO1.7.2.8.10.2.0;1.7.2.8.10.2.0 Transferências de Convênio dos Estados Destinadas a Programas de Educação;46747,52;2876
2018;Prefeitura Municipal de Coxilha - RS;4305975;RS;DCA-Anexo I-C;Padrão;Receitas Brutas Realizadas;RO1.7.2.8.10.9.0;1.7.2.8.10.9.0 Outras Transferências de Convênio dos Estados;6116,28;2876
2018;Prefeitura Municipal de Coxilha - RS;4305975;RS;DCA-Anexo I-C;Padrão;Receitas Brutas Realizadas;RO1.7.2.8.99.0.0;1.7.2.8.99.0.0 Outras Transferências dos Estados;49,14;2876
2018;Prefeitura Municipal de Coxilha - RS;4305975;RS;DCA-Anexo I-C;Padrão;Receitas Brutas Realizadas;RO1.7.4.0.00.0.0;1.7.4.0.00.0.0 - Transferências de Instituições Privadas;71277,00;2876
2018;Prefeitura Municipal de Coxilha - RS;4305975;RS;DCA-Anexo I-C;Padrão;Receitas Brutas Realizadas;RO1.7.4.8.00.0.0;1.7.4.8.00.0.0 Transferências de Instituições Privadas - Específicas de Estados, DF e Municípios;71277,00;2876
2018;Prefeitura Municipal de Coxilha - RS;4305975;RS;DCA-Anexo I-C;Padrão;Receitas Brutas Realizadas;RO1.7.5.0.00.0.0;1.7.5.0.00.0.0 - Transferências de Outras Instituições Públicas;2328583,49;2876
2018;Prefeitura Municipal de Coxilha - RS;4305975;RS;DCA-Anexo I-C;Padrão;Receitas Brutas Realizadas;RO1.7.5.8.00.0.0;1.7.5.8.00.0.0 Transferências de Outras Instituições Públicas - Específicas de Estados, DF e Municípios;2328583,49;2876
2018;Prefeitura Municipal de Coxilha - RS;4305975;RS;DCA-Anexo I-C;Padrão;Receitas Brutas Realizadas;RO1.7.5.8.01.0.0;1.7.5.8.01.0.0 Transferências de Recursos do Fundo de Manutenção e Desenvolvimento da Educação Básica e de Valorização dos Profissionais da Educação ¿ FUNDEB;2328583,49;2876
2018;Prefeitura Municipal de Coxilha - RS;4305975;RS;DCA-Anexo I-C;Padrão;Receitas Brutas Realizadas;RO1.9.0.0.00.0.0;1.9.0.0.00.0.0 - Outras Receitas Correntes;15652,39;2876
2018;Prefeitura Municipal de Coxilha - RS;4305975;RS;DCA-Anexo I-C;Padrão;Receitas Brutas Realizadas;RO1.9.2.0.00.0.0;1.9.2.0.00.0.0 - Indenizações, Restituições e Ressarcimentos;15209,84;2876
2018;Prefeitura Municipal de Coxilha - RS;4305975;RS;DCA-Anexo I-C;Padrão;Receitas Brutas Realizadas;RO1.9.2.1.00.0.0;1.9.2.1.00.0.0 - Indenizações;4246,46;2876
2018;Prefeitura Municipal de Coxilha - RS;4305975;RS;DCA-Anexo I-C;Padrão;Receitas Brutas Realizadas;RO1.9.2.2.00.0.0;1.9.2.2.00.0.0 - Restituições;10963,38;2876
2018;Prefeitura Municipal de Coxilha - RS;4305975;RS;DCA-Anexo I-C;Padrão;Receitas Brutas Realizadas;RO1.9.2.2.06.0.0;1.9.2.2.06.0.0 - Restituição de Despesas de Exercícios Anteriores;6459,43;2876
2018;Prefeitura Municipal de Coxilha - RS;4305975;RS;DCA-Anexo I-C;Padrão;Receitas Brutas Realizadas;RO1.9.2.2.99.0.0;1.9.2.2.99.0.0 - Outras Restituições;4503,95;2876
2018;Prefeitura Municipal de Coxilha - RS;4305975;RS;DCA-Anexo I-C;Padrão;Receitas Brutas Realizadas;RO1.9.9.0.00.0.0;1.9.9.0.00.0.0 - Demais Receitas Correntes;442,55;2876
2018;Prefeitura Municipal de Coxilha - RS;4305975;RS;DCA-Anexo I-C;Padrão;Receitas Brutas Realizadas;RO1.9.9.0.12.0.0;1.9.9.0.12.0.0 - Encargos Legais pela Inscrição em Dívida Ativa e Receitas de Ônus de Sucumbência;442,55;2876
2018;Prefeitura Municipal de Coxilha - RS;4305975;RS;DCA-Anexo I-C;Padrão;Receitas Brutas Realizadas;RO2.0.0.0.00.0.0;2.0.0.0.00.0.0 - Receitas de Capital;1188227,42;2876
2018;Prefeitura Municipal de Coxilha - RS;4305975;RS;DCA-Anexo I-C;Padrão;Receitas Brutas Realizadas;RO2.1.0.0.00.0.0;2.1.0.0.00.0.0 - Operações de Crédito;434848,35;2876
2018;Prefeitura Municipal de Coxilha - RS;4305975;RS;DCA-Anexo I-C;Padrão;Receitas Brutas Realizadas;RO2.1.1.0.00.0.0;2.1.1.0.00.0.0 - Operações de Crédito - Mercado Interno;434848,35;2876
2018;Prefeitura Municipal de Coxilha - RS;4305975;RS;DCA-Anexo I-C;Padrão;Receitas Brutas Realizadas;RO2.1.1.9.00.0.0;2.1.1.9.00.0.0 Outras Operações de Crédito - Mercado Interno;434848,35;2876
2018;Prefeitura Municipal de Coxilha - RS;4305975;RS;DCA-Anexo I-C;Padrão;Receitas Brutas Realizadas;RO2.4.0.0.00.0.0;2.4.0.0.00.0.0 - Transferências de Capital;752884,64;2876
2018;Prefeitura Municipal de Coxilha - RS;4305975;RS;DCA-Anexo I-C;Padrão;Receitas Brutas Realizadas;RO2.4.1.0.00.0.0;2.4.1.0.00.0.0 - Transferências da União e de suas Entidades;634613,06;2876
2018;Prefeitura Municipal de Coxilha - RS;4305975;RS;DCA-Anexo I-C;Padrão;Receitas Brutas Realizadas;RO2.4.1.8.00.0.0;2.4.1.8.00.0.0 Transferências da União - Específicas de Estados, DF e Municípios;634613,06;2876
2018;Prefeitura Municipal de Coxilha - RS;4305975;RS;DCA-Anexo I-C;Padrão;Receitas Brutas Realizadas;RO2.4.1.8.03.0.0;2.4.1.8.03.0.0 Transferências de Recursos do Sistema Único de Saúde ¿ SUS;231488,06;2876
2018;Prefeitura Municipal de Coxilha - RS;4305975;RS;DCA-Anexo I-C;Padrão;Receitas Brutas Realizadas;RO2.4.1.8.10.0.0;2.4.1.8.10.0.0 Transferência de Convênios da União e de suas Entidades;403125,00;2876
2018;Prefeitura Municipal de Coxilha - RS;4305975;RS;DCA-Anexo I-C;Padrão;Receitas Brutas Realizadas;RO2.4.2.0.00.0.0;2.4.2.0.00.0.0 - Transferências dos Estados e do Distrito Federal e de suas Entidades;118271,58;2876
2018;Prefeitura Municipal de Coxilha - RS;4305975;RS;DCA-Anexo I-C;Padrão;Receitas Brutas Realizadas;RO2.4.2.8.00.0.0;2.4.2.8.00.0.0 Transferências dos Estados, Distrito Federal, e de suas Entidades;118271,58;2876
2018;Prefeitura Municipal de Coxilha - RS;4305975;RS;DCA-Anexo I-C;Padrão;Receitas Brutas Realizadas;RO2.4.2.8.10.0.0;2.4.2.8.10.0.0 Transferências de Convênios dos Estados e do Distrito Federal e de suas Entidades;118271,58;2876
2018;Prefeitura Municipal de Coxilha - RS;4305975;RS;DCA-Anexo I-C;Padrão;Receitas Brutas Realizadas;RO2.9.0.0.00.0.0;2.9.0.0.00.0.0 - Outras Receitas de Capital;494,43;2876
2018;Prefeitura Municipal de Coxilha - RS;4305975;RS;DCA-Anexo I-C;Padrão;Receitas Brutas Realizadas;RO2.9.9.0.00.0.0;2.9.9.0.00.0.0 - Demais Receitas de Capital;494,43;2876
2018;Prefeitura Municipal de Coxilha - RS;4305975;RS;DCA-Anexo I-C;Padrão;Receitas Brutas Realizadas;RO2.9.9.0.00.1.0;2.9.9.0.00.1.0 Demais Receitas de Capital;494,43;2876
2019;Prefeitura Municipal de Coxilha - RS;4305975;RS;DCA-Anexo I-C;Padrão;Receitas Brutas Realizadas;ReceitasExcetoIntraOrcamentarias;RECEITAS (EXCETO INTRA-ORÇAMENTÁRIAS) (I);24365227,87;2769
2019;Prefeitura Municipal de Coxilha - RS;4305975;RS;DCA-Anexo I-C;Padrão;Outras Deduções da Receita;ReceitasExcetoIntraOrcamentarias;RECEITAS (EXCETO INTRA-ORÇAMENTÁRIAS) (I);3501357,26;2769
2019;Prefeitura Municipal de Coxilha - RS;4305975;RS;DCA-Anexo I-C;Padrão;Receitas Brutas Realizadas;RO1.0.0.0.00.0.0;1.0.0.0.00.0.0 - Receitas Correntes;23628499,35;2769
2019;Prefeitura Municipal de Coxilha - RS;4305975;RS;DCA-Anexo I-C;Padrão;Outras Deduções da Receita;RO1.0.0.0.00.0.0;1.0.0.0.00.0.0 - Receitas Correntes;3501357,26;2769
2019;Prefeitura Municipal de Coxilha - RS;4305975;RS;DCA-Anexo I-C;Padrão;Receitas Brutas Realizadas;RO1.1.0.0.00.0.0;1.1.0.0.00.0.0 - Impostos, Taxas e Contribuições de Melhoria;2098039,99;2769
2019;Prefeitura Municipal de Coxilha - RS;4305975;RS;DCA-Anexo I-C;Padrão;Outras Deduções da Receita;RO1.1.0.0.00.0.0;1.1.0.0.00.0.0 - Impostos, Taxas e Contribuições de Melhoria;14443,57;2769
2019;Prefeitura Municipal de Coxilha - RS;4305975;RS;DCA-Anexo I-C;Padrão;Receitas Brutas Realizadas;RO1.1.1.0.00.0.0;1.1.1.0.00.0.0 - Impostos;2046262,12;2769
2019;Prefeitura Municipal de Coxilha - RS;4305975;RS;DCA-Anexo I-C;Padrão;Outras Deduções da Receita;RO1.1.1.0.00.0.0;1.1.1.0.00.0.0 - Impostos;14391,62;2769
2019;Prefeitura Municipal de Coxilha - RS;4305975;RS;DCA-Anexo I-C;Padrão;Receitas Brutas Realizadas;RO1.1.1.2.00.0.0;1.1.1.2.00.0.0 - Impostos sobre o Patrimônio;786637,84;2769
2019;Prefeitura Municipal de Coxilha - RS;4305975;RS;DCA-Anexo I-C;Padrão;Receitas Brutas Realizadas;RO1.1.1.2.01.0.0;1.1.1.2.01.0.0 - Imposto sobre a Propriedade Territorial Rural;786637,84;2769
2019;Prefeitura Municipal de Coxilha - RS;4305975;RS;DCA-Anexo I-C;Padrão;Receitas Brutas Realizadas;RO1.1.1.3.00.0.0;1.1.1.3.00.0.0 - Impostos sobre a Renda e Proventos de Qualquer Natureza;374092,01;2769
2019;Prefeitura Municipal de Coxilha - RS;4305975;RS;DCA-Anexo I-C;Padrão;Receitas Brutas Realizadas;RO1.1.1.3.03.0.0;1.1.1.3.03.0.0 - Imposto sobre a Renda - Retido na Fonte;374092,01;2769
2019;Prefeitura Municipal de Coxilha - RS;4305975;RS;DCA-Anexo I-C;Padrão;Receitas Brutas Realizadas;RO1.1.1.3.03.1.0;1.1.1.3.03.1.0 - Imposto sobre a Renda - Retido na Fonte - Trabalho;374092,01;2769
2019;Prefeitura Municipal de Coxilha - RS;4305975;RS;DCA-Anexo I-C;Padrão;Receitas Brutas Realizadas;RO1.1.1.8.00.0.0;1.1.1.8.00.0.0 Impostos Específicos de Estados, DF e Municípios;885532,27;2769
2019;Prefeitura Municipal de Coxilha - RS;4305975;RS;DCA-Anexo I-C;Padrão;Outras Deduções da Receita;RO1.1.1.8.00.0.0;1.1.1.8.00.0.0 Impostos Específicos de Estados, DF e Municípios;14391,62;2769
2019;Prefeitura Municipal de Coxilha - RS;4305975;RS;DCA-Anexo I-C;Padrão;Receitas Brutas Realizadas;RO1.1.1.8.01.0.0;1.1.1.8.01.0.0 Impostos sobre o Patrimônio para Estados/DF/Municípios;321817,13;2769
2019;Prefeitura Municipal de Coxilha - RS;4305975;RS;DCA-Anexo I-C;Padrão;Outras Deduções da Receita;RO1.1.1.8.01.0.0;1.1.1.8.01.0.0 Impostos sobre o Patrimônio para Estados/DF/Municípios;3884,30;2769
2019;Prefeitura Municipal de Coxilha - RS;4305975;RS;DCA-Anexo I-C;Padrão;Receitas Brutas Realizadas;RO1.1.1.8.01.1.0;1.1.1.8.01.1.0 Imposto sobre a Propriedade Predial e Territorial Urbana;165655,84;2769
2019;Prefeitura Municipal de Coxilha - RS;4305975;RS;DCA-Anexo I-C;Padrão;Outras Deduções da Receita;RO1.1.1.8.01.1.0;1.1.1.8.01.1.0 Imposto sobre a Propriedade Predial e Territorial Urbana;3884,30;2769
2019;Prefeitura Municipal de Coxilha - RS;4305975;RS;DCA-Anexo I-C;Padrão;Receitas Brutas Realizadas;RO1.1.1.8.01.4.0;1.1.1.8.01.4.0 Imposto sobre Transmissão ¿Inter Vivos¿ de Bens Imóveis e de Direitos Reais sobre Imóveis;156161,29;2769
2019;Prefeitura Municipal de Coxilha - RS;4305975;RS;DCA-Anexo I-C;Padrão;Receitas Brutas Realizadas;RO1.1.1.8.02.0.0;1.1.1.8.02.0.0 Impostos sobre a Produção, Circulação de Mercadorias e Serviços;563715,14;2769
2019;Prefeitura Municipal de Coxilha - RS;4305975;RS;DCA-Anexo I-C;Padrão;Outras Deduções da Receita;RO1.1.1.8.02.0.0;1.1.1.8.02.0.0 Impostos sobre a Produção, Circulação de Mercadorias e Serviços;10507,32;2769
2019;Prefeitura Municipal de Coxilha - RS;4305975;RS;DCA-Anexo I-C;Padrão;Receitas Brutas Realizadas;RO1.1.1.8.02.3.0;1.1.1.8.02.3.0 Imposto sobre Serviços de Qualquer Natureza;563715,14;2769
2019;Prefeitura Municipal de Coxilha - RS;4305975;RS;DCA-Anexo I-C;Padrão;Outras Deduções da Receita;RO1.1.1.8.02.3.0;1.1.1.8.02.3.0 Imposto sobre Serviços de Qualquer Natureza;10507,32;2769
2019;Prefeitura Municipal de Coxilha - RS;4305975;RS;DCA-Anexo I-C;Padrão;Receitas Brutas Realizadas;RO1.1.2.0.00.0.0;1.1.2.0.00.0.0 - Taxas;51777,87;2769
2019;Prefeitura Municipal de Coxilha - RS;4305975;RS;DCA-Anexo I-C;Padrão;Outras Deduções da Receita;RO1.1.2.0.00.0.0;1.1.2.0.00.0.0 - Taxas;51,95;2769
2019;Prefeitura Municipal de Coxilha - RS;4305975;RS;DCA-Anexo I-C;Padrão;Receitas Brutas Realizadas;RO1.1.2.2.00.0.0;1.1.2.2.00.0.0 - Taxas pela Prestação de Serviços;33564,19;2769
2019;Prefeitura Municipal de Coxilha - RS;4305975;RS;DCA-Anexo I-C;Padrão;Outras Deduções da Receita;RO1.1.2.2.00.0.0;1.1.2.2.00.0.0 - Taxas pela Prestação de Serviços;51,95;2769
2019;Prefeitura Municipal de Coxilha - RS;4305975;RS;DCA-Anexo I-C;Padrão;Receitas Brutas Realizadas;RO1.1.2.2.01.0.0;1.1.2.2.01.0.0 - Taxas pela Prestação de Serviços;33564,19;2769
2019;Prefeitura Municipal de Coxilha - RS;4305975;RS;DCA-Anexo I-C;Padrão;Outras Deduções da Receita;RO1.1.2.2.01.0.0;1.1.2.2.01.0.0 - Taxas pela Prestação de Serviços;51,95;2769
2019;Prefeitura Municipal de Coxilha - RS;4305975;RS;DCA-Anexo I-C;Padrão;Receitas Brutas Realizadas;RO1.1.2.8.00.0.0;1.1.2.8.00.0.0 - Taxas - Específicas de Estados, DF e Municípios;18213,68;2769
2019;Prefeitura Municipal de Coxilha - RS;4305975;RS;DCA-Anexo I-C;Padrão;Receitas Brutas Realizadas;RO1.1.2.8.01.0.0;1.1.2.8.01.0.0 - Taxas de Inspeção, Controle e Fiscalização;18213,68;2769
2019;Prefeitura Municipal de Coxilha - RS;4305975;RS;DCA-Anexo I-C;Padrão;Receitas Brutas Realizadas;RO1.1.2.8.01.9.0;1.1.2.8.01.9.0 - Taxas de Inspeção, Controle e Fiscalização - Outras;18213,68;2769
2019;Prefeitura Municipal de Coxilha - RS;4305975;RS;DCA-Anexo I-C;Padrão;Receitas Brutas Realizadas;RO1.2.0.0.00.0.0;1.2.0.0.00.0.0 - Contribuições;40092,93;2769
2019;Prefeitura Municipal de Coxilha - RS;4305975;RS;DCA-Anexo I-C;Padrão;Receitas Brutas Realizadas;RO1.2.2.0.00.0.0;1.2.2.0.00.0.0 - Contribuições Econômicas;2100,00;2769
2019;Prefeitura Municipal de Coxilha - RS;4305975;RS;DCA-Anexo I-C;Padrão;Receitas Brutas Realizadas;RO1.2.2.0.99.0.0;1.2.2.0.99.0.0 - Outras Contribuições Econômicas;2100,00;2769
2019;Prefeitura Municipal de Coxilha - RS;4305975;RS;DCA-Anexo I-C;Padrão;Receitas Brutas Realizadas;RO1.2.4.0.00.0.0;1.2.4.0.00.0.0 - Contribuição para o Custeio do Serviço de Iluminação Pública;37992,93;2769
2019;Prefeitura Municipal de Coxilha - RS;4305975;RS;DCA-Anexo I-C;Padrão;Receitas Brutas Realizadas;RO1.3.0.0.00.0.0;1.3.0.0.00.0.0 - Receita Patrimonial;72721,26;2769
2019;Prefeitura Municipal de Coxilha - RS;4305975;RS;DCA-Anexo I-C;Padrão;Receitas Brutas Realizadas;RO1.3.2.0.00.0.0;1.3.2.0.00.0.0 - Valores Mobiliários;72721,26;2769
2019;Prefeitura Municipal de Coxilha - RS;4305975;RS;DCA-Anexo I-C;Padrão;Receitas Brutas Realizadas;RO1.3.2.1.00.0.0;1.3.2.1.00.0.0 - Juros e Correções Monetárias;72721,26;2769
2019;Prefeitura Municipal de Coxilha - RS;4305975;RS;DCA-Anexo I-C;Padrão;Receitas Brutas Realizadas;RO1.3.2.1.00.1.0;1.3.2.1.00.1.0 - Remuneração de Depósitos Bancários;72709,86;2769
2019;Prefeitura Municipal de Coxilha - RS;4305975;RS;DCA-Anexo I-C;Padrão;Receitas Brutas Realizadas;RO1.3.2.1.00.5.0;1.3.2.1.00.5.0 - Juros de Títulos de Renda;11,40;2769
2019;Prefeitura Municipal de Coxilha - RS;4305975;RS;DCA-Anexo I-C;Padrão;Receitas Brutas Realizadas;RO1.6.0.0.00.0.0;1.6.0.0.00.0.0 - Receita de Serviços;225808,03;2769
2019;Prefeitura Municipal de Coxilha - RS;4305975;RS;DCA-Anexo I-C;Padrão;Receitas Brutas Realizadas;RO1.6.1.0.00.0.0;1.6.1.0.00.0.0 - Serviços Administrativos e Comerciais Gerais;225608,03;2769
2019;Prefeitura Municipal de Coxilha - RS;4305975;RS;DCA-Anexo I-C;Padrão;Receitas Brutas Realizadas;RO1.6.1.0.01.0.0;1.6.1.0.01.0.0 - Serviços Administrativos e Comerciais Gerais;225608,03;2769
2019;Prefeitura Municipal de Coxilha - RS;4305975;RS;DCA-Anexo I-C;Padrão;Receitas Brutas Realizadas;RO1.6.9.0.00.0.0;1.6.9.0.00.0.0 - Outros Serviços;200,00;2769
2019;Prefeitura Municipal de Coxilha - RS;4305975;RS;DCA-Anexo I-C;Padrão;Receitas Brutas Realizadas;RO1.6.9.0.99.0.0;1.6.9.0.99.0.0 - Outros Serviços;200,00;2769
2019;Prefeitura Municipal de Coxilha - RS;4305975;RS;DCA-Anexo I-C;Padrão;Receitas Brutas Realizadas;RO1.7.0.0.00.0.0;1.7.0.0.00.0.0 - Transferências Correntes;21166453,56;2769
2019;Prefeitura Municipal de Coxilha - RS;4305975;RS;DCA-Anexo I-C;Padrão;Outras Deduções da Receita;RO1.7.0.0.00.0.0;1.7.0.0.00.0.0 - Transferências Correntes;3486913,69;2769
2019;Prefeitura Municipal de Coxilha - RS;4305975;RS;DCA-Anexo I-C;Padrão;Receitas Brutas Realizadas;RO1.7.1.0.00.0.0;1.7.1.0.00.0.0 - Transferências da União e de suas Entidades;9994985,68;2769
2019;Prefeitura Municipal de Coxilha - RS;4305975;RS;DCA-Anexo I-C;Padrão;Outras Deduções da Receita;RO1.7.1.0.00.0.0;1.7.1.0.00.0.0 - Transferências da União e de suas Entidades;1764753,69;2769
2019;Prefeitura Municipal de Coxilha - RS;4305975;RS;DCA-Anexo I-C;Padrão;Receitas Brutas Realizadas;RO1.7.1.8.00.0.0;1.7.1.8.00.0.0 Transferências da União - Específicas de Estados, DF e Municípios;9994985,68;2769
2019;Prefeitura Municipal de Coxilha - RS;4305975;RS;DCA-Anexo I-C;Padrão;Outras Deduções da Receita;RO1.7.1.8.00.0.0;1.7.1.8.00.0.0 Transferências da União - Específicas de Estados, DF e Municípios;1764753,69;2769
2019;Prefeitura Municipal de Coxilha - RS;4305975;RS;DCA-Anexo I-C;Padrão;Receitas Brutas Realizadas;RO1.7.1.8.01.0.0;1.7.1.8.01.0.0 Participação na Receita da União;8733415,32;2769
2019;Prefeitura Municipal de Coxilha - RS;4305975;RS;DCA-Anexo I-C;Padrão;Outras Deduções da Receita;RO1.7.1.8.01.0.0;1.7.1.8.01.0.0 Participação na Receita da União;1764753,69;2769
2019;Prefeitura Municipal de Coxilha - RS;4305975;RS;DCA-Anexo I-C;Padrão;Receitas Brutas Realizadas;RO1.7.1.8.01.2.0;1.7.1.8.01.2.0 Cota-Parte do Fundo de Participação dos Municípios - Cota Mensal;8037132,55;2769
2019;Prefeitura Municipal de Coxilha - RS;4305975;RS;DCA-Anexo I-C;Padrão;Outras Deduções da Receita;RO1.7.1.8.01.2.0;1.7.1.8.01.2.0 Cota-Parte do Fundo de Participação dos Municípios - Cota Mensal;1607426,26;2769
2019;Prefeitura Municipal de Coxilha - RS;4305975;RS;DCA-Anexo I-C;Padrão;Receitas Brutas Realizadas;RO1.7.1.8.01.3.0;1.7.1.8.01.3.0 Cota-Parte do Fundo de Participação do Municípios ¿ 1% Cota entregue no mês de dezembro;354693,52;2769
2019;Prefeitura Municipal de Coxilha - RS;4305975;RS;DCA-Anexo I-C;Padrão;Receitas Brutas Realizadas;RO1.7.1.8.01.4.0;1.7.1.8.01.4.0 Cota-Parte do Fundo de Participação dos Municípios - 1% Cota entregue no mês de julho;341589,25;2769
2019;Prefeitura Municipal de Coxilha - RS;4305975;RS;DCA-Anexo I-C;Padrão;Outras Deduções da Receita;RO1.7.1.8.01.5.0;1.7.1.8.01.5.0 Cota-Parte do Imposto Sobre a Propriedade Territorial Rural;157327,43;2769
2019;Prefeitura Municipal de Coxilha - RS;4305975;RS;DCA-Anexo I-C;Padrão;Receitas Brutas Realizadas;RO1.7.1.8.02.0.0;1.7.1.8.02.0.0 Transferência da Compensação Financeira pela Exploração de Recursos Naturais;123835,34;2769
2019;Prefeitura Municipal de Coxilha - RS;4305975;RS;DCA-Anexo I-C;Padrão;Receitas Brutas Realizadas;RO1.7.1.8.02.6.0;1.7.1.8.02.6.0 Cota-Parte do Fundo Especial do Petróleo ¿ FEP;123835,34;2769
2019;Prefeitura Municipal de Coxilha - RS;4305975;RS;DCA-Anexo I-C;Padrão;Receitas Brutas Realizadas;RO1.7.1.8.03.0.0;"1.7.1.8.03.0.0 Transferência de Recursos do Sistema Único de Saúde ¿ 
 SUS ¿ Bloco Custeio das Ações e Serviços Públicos de Saúde";379057,30;2769
2019;Prefeitura Municipal de Coxilha - RS;4305975;RS;DCA-Anexo I-C;Padrão;Receitas Brutas Realizadas;RO1.7.1.8.03.1.0;1.7.1.8.03.1.0 - Transferência de Recursos do SUS ¿ Atenção Básica;302647,77;2769
2019;Prefeitura Municipal de Coxilha - RS;4305975;RS;DCA-Anexo I-C;Padrão;Receitas Brutas Realizadas;RO1.7.1.8.03.3.0;1.7.1.8.03.3.0 - Transferência de Recursos do SUS ¿ Vigilância em Saúde;34933,66;2769
2019;Prefeitura Municipal de Coxilha - RS;4305975;RS;DCA-Anexo I-C;Padrão;Receitas Brutas Realizadas;RO1.7.1.8.03.4.0;1.7.1.8.03.4.0 - Transferência de Recursos do SUS ¿ Assistência Farmacêutica;40803,13;2769
2019;Prefeitura Municipal de Coxilha - RS;4305975;RS;DCA-Anexo I-C;Padrão;Receitas Brutas Realizadas;RO1.7.1.8.03.5.0;1.7.1.8.03.5.0 - Transferência de Recursos do SUS ¿ Gestão do SUS;672,74;2769
2019;Prefeitura Municipal de Coxilha - RS;4305975;RS;DCA-Anexo I-C;Padrão;Receitas Brutas Realizadas;RO1.7.1.8.05.0.0;1.7.1.8.05.0.0 Transferências de Recursos do Fundo Nacional do Desenvolvimento da Educação ¿ FNDE;244800,37;2769
2019;Prefeitura Municipal de Coxilha - RS;4305975;RS;DCA-Anexo I-C;Padrão;Receitas Brutas Realizadas;RO1.7.1.8.05.1.0;1.7.1.8.05.1.0 Transferências do Salário-Educação;187068,57;2769
2019;Prefeitura Municipal de Coxilha - RS;4305975;RS;DCA-Anexo I-C;Padrão;Receitas Brutas Realizadas;RO1.7.1.8.05.3.0;1.7.1.8.05.3.0 Transferências Diretas do FNDE referentes ao Programa Nacional de Alimentação Escolar ¿ PNAE;43400,98;2769
2019;Prefeitura Municipal de Coxilha - RS;4305975;RS;DCA-Anexo I-C;Padrão;Receitas Brutas Realizadas;RO1.7.1.8.05.4.0;1.7.1.8.05.4.0 Transferências Diretas do FNDE referentes ao Programa Nacional de Apoio ao Transporte do Escolar ¿ PNATE;14228,07;2769
2019;Prefeitura Municipal de Coxilha - RS;4305975;RS;DCA-Anexo I-C;Padrão;Receitas Brutas Realizadas;RO1.7.1.8.05.9.0;1.7.1.8.05.9.0 Outras Transferências Diretas do Fundo Nacional do Desenvolvimento da Educação ¿ FNDE;102,75;2769
2019;Prefeitura Municipal de Coxilha - RS;4305975;RS;DCA-Anexo I-C;Padrão;Receitas Brutas Realizadas;RO1.7.1.8.12.0.0;1.7.1.8.12.0.0 - Transferências de Recursos do Fundo Nacional de Assistência Social ¿ FNAS;93626,52;2769
2019;Prefeitura Municipal de Coxilha - RS;4305975;RS;DCA-Anexo I-C;Padrão;Receitas Brutas Realizadas;RO1.7.1.8.99.0.0;1.7.1.8.99.0.0 Outras Transferências da União;420250,83;2769
2019;Prefeitura Municipal de Coxilha - RS;4305975;RS;DCA-Anexo I-C;Padrão;Receitas Brutas Realizadas;RO1.7.2.0.00.0.0;1.7.2.0.00.0.0 - Transferências dos Estados e do Distrito Federal e de suas Entidades;8822764,56;2769
2019;Prefeitura Municipal de Coxilha - RS;4305975;RS;DCA-Anexo I-C;Padrão;Outras Deduções da Receita;RO1.7.2.0.00.0.0;1.7.2.0.00.0.0 - Transferências dos Estados e do Distrito Federal e de suas Entidades;1722160,00;2769
2019;Prefeitura Municipal de Coxilha - RS;4305975;RS;DCA-Anexo I-C;Padrão;Receitas Brutas Realizadas;RO1.7.2.8.00.0.0;1.7.2.8.00.0.0 Transferências dos Estados - Específicas de Estados, DF e Municípios;8822764,56;2769
2019;Prefeitura Municipal de Coxilha - RS;4305975;RS;DCA-Anexo I-C;Padrão;Outras Deduções da Receita;RO1.7.2.8.00.0.0;1.7.2.8.00.0.0 Transferências dos Estados - Específicas de Estados, DF e Municípios;1722160,00;2769
2019;Prefeitura Municipal de Coxilha - RS;4305975;RS;DCA-Anexo I-C;Padrão;Receitas Brutas Realizadas;RO1.7.2.8.01.0.0;1.7.2.8.01.0.0 Participação na Receita dos Estados;8618332,88;2769
2019;Prefeitura Municipal de Coxilha - RS;4305975;RS;DCA-Anexo I-C;Padrão;Outras Deduções da Receita;RO1.7.2.8.01.0.0;1.7.2.8.01.0.0 Participação na Receita dos Estados;1722160,00;2769
2019;Prefeitura Municipal de Coxilha - RS;4305975;RS;DCA-Anexo I-C;Padrão;Receitas Brutas Realizadas;RO1.7.2.8.01.1.0;1.7.2.8.01.1.0 Cota-Parte do ICMS;7951170,64;2769
2019;Prefeitura Municipal de Coxilha - RS;4305975;RS;DCA-Anexo I-C;Padrão;Outras Deduções da Receita;RO1.7.2.8.01.1.0;1.7.2.8.01.1.0 Cota-Parte do ICMS;1590234,17;2769
2019;Prefeitura Municipal de Coxilha - RS;4305975;RS;DCA-Anexo I-C;Padrão;Receitas Brutas Realizadas;RO1.7.2.8.01.2.0;1.7.2.8.01.2.0 Cota-Parte do IPVA;541614,80;2769
2019;Prefeitura Municipal de Coxilha - RS;4305975;RS;DCA-Anexo I-C;Padrão;Outras Deduções da Receita;RO1.7.2.8.01.2.0;1.7.2.8.01.2.0 Cota-Parte do IPVA;108323,13;2769
2019;Prefeitura Municipal de Coxilha - RS;4305975;RS;DCA-Anexo I-C;Padrão;Receitas Brutas Realizadas;RO1.7.2.8.01.3.0;1.7.2.8.01.3.0 Cota-Parte do IPI - Municípios;118013,42;2769
2019;Prefeitura Municipal de Coxilha - RS;4305975;RS;DCA-Anexo I-C;Padrão;Outras Deduções da Receita;RO1.7.2.8.01.3.0;1.7.2.8.01.3.0 Cota-Parte do IPI - Municípios;23602,70;2769
2019;Prefeitura Municipal de Coxilha - RS;4305975;RS;DCA-Anexo I-C;Padrão;Receitas Brutas Realizadas;RO1.7.2.8.01.4.0;1.7.2.8.01.4.0 Cota-Parte da Contribuição de Intervenção no Domínio Econômico;7534,02;2769
2019;Prefeitura Municipal de Coxilha - RS;4305975;RS;DCA-Anexo I-C;Padrão;Receitas Brutas Realizadas;RO1.7.2.8.03.0.0;1.7.2.8.03.0.0 Transferência de Recursos do Estado para Programas de Saúde ¿ Repasse Fundo a Fundo;128292,36;2769
2019;Prefeitura Municipal de Coxilha - RS;4305975;RS;DCA-Anexo I-C;Padrão;Receitas Brutas Realizadas;RO1.7.2.8.10.0.0;1.7.2.8.10.0.0 Transferência de Convênios dos Estados e do Distrito Federal e de Suas Entidades;75373,22;2769
2019;Prefeitura Municipal de Coxilha - RS;4305975;RS;DCA-Anexo I-C;Padrão;Receitas Brutas Realizadas;RO1.7.2.8.10.2.0;1.7.2.8.10.2.0 Transferências de Convênio dos Estados Destinadas a Programas de Educação;75373,22;2769
2019;Prefeitura Municipal de Coxilha - RS;4305975;RS;DCA-Anexo I-C;Padrão;Receitas Brutas Realizadas;RO1.7.2.8.99.0.0;1.7.2.8.99.0.0 Outras Transferências dos Estados;766,10;2769
2019;Prefeitura Municipal de Coxilha - RS;4305975;RS;DCA-Anexo I-C;Padrão;Receitas Brutas Realizadas;RO1.7.4.0.00.0.0;1.7.4.0.00.0.0 - Transferências de Instituições Privadas;45822,22;2769
2019;Prefeitura Municipal de Coxilha - RS;4305975;RS;DCA-Anexo I-C;Padrão;Receitas Brutas Realizadas;RO1.7.4.0.00.1.0;1.7.4.0.00.1.0 - Transferências de Instituições Privadas;45822,22;2769
2019;Prefeitura Municipal de Coxilha - RS;4305975;RS;DCA-Anexo I-C;Padrão;Receitas Brutas Realizadas;RO1.7.5.0.00.0.0;1.7.5.0.00.0.0 - Transferências de Outras Instituições Públicas;2302881,10;2769
2019;Prefeitura Municipal de Coxilha - RS;4305975;RS;DCA-Anexo I-C;Padrão;Receitas Brutas Realizadas;RO1.7.5.8.00.0.0;1.7.5.8.00.0.0 Transferências de Outras Instituições Públicas - Específicas de Estados, DF e Municípios;2302881,10;2769
2019;Prefeitura Municipal de Coxilha - RS;4305975;RS;DCA-Anexo I-C;Padrão;Receitas Brutas Realizadas;RO1.7.5.8.01.0.0;1.7.5.8.01.0.0 Transferências de Recursos do Fundo de Manutenção e Desenvolvimento da Educação Básica e de Valorização dos Profissionais da Educação ¿ FUNDEB;2302881,10;2769
2019;Prefeitura Municipal de Coxilha - RS;4305975;RS;DCA-Anexo I-C;Padrão;Receitas Brutas Realizadas;RO1.9.0.0.00.0.0;1.9.0.0.00.0.0 - Outras Receitas Correntes;25383,58;2769
2019;Prefeitura Municipal de Coxilha - RS;4305975;RS;DCA-Anexo I-C;Padrão;Receitas Brutas Realizadas;RO1.9.1.0.00.0.0;1.9.1.0.00.0.0 - Multas Administrativas, Contratuais e Judiciais;1452,40;2769
2019;Prefeitura Municipal de Coxilha - RS;4305975;RS;DCA-Anexo I-C;Padrão;Receitas Brutas Realizadas;RO1.9.1.0.06.0.0;1.9.1.0.06.0.0 - Multas por Danos Ambientais;1452,40;2769
2019;Prefeitura Municipal de Coxilha - RS;4305975;RS;DCA-Anexo I-C;Padrão;Receitas Brutas Realizadas;RO1.9.1.0.06.1.0;1.9.1.0.06.1.0 - Multas Administrativas por Danos Ambientais;1452,40;2769
2019;Prefeitura Municipal de Coxilha - RS;4305975;RS;DCA-Anexo I-C;Padrão;Receitas Brutas Realizadas;RO1.9.2.0.00.0.0;1.9.2.0.00.0.0 - Indenizações, Restituições e Ressarcimentos;23931,18;2769
2019;Prefeitura Municipal de Coxilha - RS;4305975;RS;DCA-Anexo I-C;Padrão;Receitas Brutas Realizadas;RO1.9.2.8.00.0.0;1.9.2.8.00.0.0 - Indenizações, Restituições e Ressarcimentos - Específicas para Estados/DF/Municípios;23931,18;2769
2019;Prefeitura Municipal de Coxilha - RS;4305975;RS;DCA-Anexo I-C;Padrão;Receitas Brutas Realizadas;RO1.9.2.8.02.0.0;1.9.2.8.02.0.0 - Restituições - Específicas para Estados/DF/Municípios;23931,18;2769
2019;Prefeitura Municipal de Coxilha - RS;4305975;RS;DCA-Anexo I-C;Padrão;Receitas Brutas Realizadas;RO1.9.2.8.02.9.0;1.9.2.8.02.9.0 - Outras Restituições - Específicas para Estados/DF/Municípios - Não Especificadas Anteriormente;23931,18;2769
2019;Prefeitura Municipal de Coxilha - RS;4305975;RS;DCA-Anexo I-C;Padrão;Receitas Brutas Realizadas;RO2.0.0.0.00.0.0;2.0.0.0.00.0.0 - Receitas de Capital;736728,52;2769
2019;Prefeitura Municipal de Coxilha - RS;4305975;RS;DCA-Anexo I-C;Padrão;Receitas Brutas Realizadas;RO2.1.0.0.00.0.0;2.1.0.0.00.0.0 - Operações de Crédito;265151,65;2769
2019;Prefeitura Municipal de Coxilha - RS;4305975;RS;DCA-Anexo I-C;Padrão;Receitas Brutas Realizadas;RO2.1.1.0.00.0.0;2.1.1.0.00.0.0 - Operações de Crédito - Mercado Interno;265151,65;2769
2019;Prefeitura Municipal de Coxilha - RS;4305975;RS;DCA-Anexo I-C;Padrão;Receitas Brutas Realizadas;RO2.1.1.9.00.0.0;2.1.1.9.00.0.0 Outras Operações de Crédito - Mercado Interno;265151,65;2769
2019;Prefeitura Municipal de Coxilha - RS;4305975;RS;DCA-Anexo I-C;Padrão;Receitas Brutas Realizadas;RO2.2.0.0.00.0.0;2.2.0.0.00.0.0 - Alienação de Bens;40161,75;2769
2019;Prefeitura Municipal de Coxilha - RS;4305975;RS;DCA-Anexo I-C;Padrão;Receitas Brutas Realizadas;RO2.2.2.0.00.0.0;2.2.2.0.00.0.0 - Alienação de Bens Imóveis;40161,75;2769
2019;Prefeitura Municipal de Coxilha - RS;4305975;RS;DCA-Anexo I-C;Padrão;Receitas Brutas Realizadas;RO2.4.0.0.00.0.0;2.4.0.0.00.0.0 - Transferências de Capital;431415,12;2769
2019;Prefeitura Municipal de Coxilha - RS;4305975;RS;DCA-Anexo I-C;Padrão;Receitas Brutas Realizadas;RO2.4.1.0.00.0.0;2.4.1.0.00.0.0 - Transferências da União e de suas Entidades;377038,70;2769
2019;Prefeitura Municipal de Coxilha - RS;4305975;RS;DCA-Anexo I-C;Padrão;Receitas Brutas Realizadas;RO2.4.1.8.00.0.0;2.4.1.8.00.0.0 Transferências da União - Específicas de Estados, DF e Municípios;377038,70;2769
2019;Prefeitura Municipal de Coxilha - RS;4305975;RS;DCA-Anexo I-C;Padrão;Receitas Brutas Realizadas;RO2.4.1.8.05.0.0;2.4.1.8.05.0.0 Transferências de Recursos Destinados a Programas de Educação;66434,39;2769
2019;Prefeitura Municipal de Coxilha - RS;4305975;RS;DCA-Anexo I-C;Padrão;Receitas Brutas Realizadas;RO2.4.1.8.10.0.0;2.4.1.8.10.0.0 Transferência de Convênios da União e de suas Entidades;310604,31;2769
2019;Prefeitura Municipal de Coxilha - RS;4305975;RS;DCA-Anexo I-C;Padrão;Receitas Brutas Realizadas;RO2.4.1.8.10.1.0;2.4.1.8.10.1.0 - Transferências de Convênio da União para o Sistema Único de Saúde ¿ SUS;125000,00;2769
2019;Prefeitura Municipal de Coxilha - RS;4305975;RS;DCA-Anexo I-C;Padrão;Receitas Brutas Realizadas;RO2.4.1.8.10.9.0;2.4.1.8.10.9.0 - Outras Transferências de Convênios da União;185604,31;2769
2019;Prefeitura Municipal de Coxilha - RS;4305975;RS;DCA-Anexo I-C;Padrão;Receitas Brutas Realizadas;RO2.4.2.0.00.0.0;2.4.2.0.00.0.0 - Transferências dos Estados e do Distrito Federal e de suas Entidades;54376,42;2769
2019;Prefeitura Municipal de Coxilha - RS;4305975;RS;DCA-Anexo I-C;Padrão;Receitas Brutas Realizadas;RO2.4.2.8.00.0.0;2.4.2.8.00.0.0 Transferências dos Estados, Distrito Federal, e de suas Entidades;54376,42;2769
2019;Prefeitura Municipal de Coxilha - RS;4305975;RS;DCA-Anexo I-C;Padrão;Receitas Brutas Realizadas;RO2.4.2.8.10.0.0;2.4.2.8.10.0.0 Transferências de Convênios dos Estados e do Distrito Federal e de suas Entidades;54376,42;2769
2019;Prefeitura Municipal de Coxilha - RS;4305975;RS;DCA-Anexo I-C;Padrão;Receitas Brutas Realizadas;RO2.4.2.8.10.9.0;2.4.2.8.10.9.0 - Outras Transferências de Convênio dos Estados;54376,42;2769
2019;Prefeitura Municipal de Coxilha - RS;4305975;RS;DCA-Anexo I-C;Padrão;Receitas Brutas Realizadas;TotalReceitas;TOTAL DAS RECEITAS (III) = (I + II);24365227,87;2769
2019;Prefeitura Municipal de Coxilha - RS;4305975;RS;DCA-Anexo I-C;Padrão;Outras Deduções da Receita;TotalReceitas;TOTAL DAS RECEITAS (III) = (I + II);3501357,26;2769
2020;Prefeitura Municipal de Coxilha - RS;4305975;RS;DCA-Anexo I-C;Padrão;Receitas Brutas Realizadas;ReceitasExcetoIntraOrcamentarias;RECEITAS (EXCETO INTRA-ORÇAMENTÁRIAS) (I);29461078,88;2756
2020;Prefeitura Municipal de Coxilha - RS;4305975;RS;DCA-Anexo I-C;Padrão;Deduções - Transferências Constitucionais;ReceitasExcetoIntraOrcamentarias;RECEITAS (EXCETO INTRA-ORÇAMENTÁRIAS) (I);169691,92;2756
2020;Prefeitura Municipal de Coxilha - RS;4305975;RS;DCA-Anexo I-C;Padrão;Deduções - FUNDEB;ReceitasExcetoIntraOrcamentarias;RECEITAS (EXCETO INTRA-ORÇAMENTÁRIAS) (I);3375790,53;2756
2020;Prefeitura Municipal de Coxilha - RS;4305975;RS;DCA-Anexo I-C;Padrão;Outras Deduções da Receita;ReceitasExcetoIntraOrcamentarias;RECEITAS (EXCETO INTRA-ORÇAMENTÁRIAS) (I);2053,66;2756
2020;Prefeitura Municipal de Coxilha - RS;4305975;RS;DCA-Anexo I-C;Padrão;Receitas Brutas Realizadas;RO1.0.0.0.00.0.0;1.0.0.0.00.0.0 - Receitas Correntes;26078819,46;2756
2020;Prefeitura Municipal de Coxilha - RS;4305975;RS;DCA-Anexo I-C;Padrão;Deduções - Transferências Constitucionais;RO1.0.0.0.00.0.0;1.0.0.0.00.0.0 - Receitas Correntes;169691,92;2756
2020;Prefeitura Municipal de Coxilha - RS;4305975;RS;DCA-Anexo I-C;Padrão;Deduções - FUNDEB;RO1.0.0.0.00.0.0;1.0.0.0.00.0.0 - Receitas Correntes;3375790,53;2756
2020;Prefeitura Municipal de Coxilha - RS;4305975;RS;DCA-Anexo I-C;Padrão;Outras Deduções da Receita;RO1.0.0.0.00.0.0;1.0.0.0.00.0.0 - Receitas Correntes;2053,66;2756
2020;Prefeitura Municipal de Coxilha - RS;4305975;RS;DCA-Anexo I-C;Padrão;Receitas Brutas Realizadas;RO1.1.0.0.00.0.0;1.1.0.0.00.0.0 - Impostos, Taxas e Contribuições de Melhoria;2300045,55;2756
2020;Prefeitura Municipal de Coxilha - RS;4305975;RS;DCA-Anexo I-C;Padrão;Deduções - Transferências Constitucionais;RO1.1.0.0.00.0.0;1.1.0.0.00.0.0 - Impostos, Taxas e Contribuições de Melhoria;169691,92;2756
2020;Prefeitura Municipal de Coxilha - RS;4305975;RS;DCA-Anexo I-C;Padrão;Outras Deduções da Receita;RO1.1.0.0.00.0.0;1.1.0.0.00.0.0 - Impostos, Taxas e Contribuições de Melhoria;1003,04;2756
2020;Prefeitura Municipal de Coxilha - RS;4305975;RS;DCA-Anexo I-C;Padrão;Receitas Brutas Realizadas;RO1.1.1.0.00.0.0;1.1.1.0.00.0.0 - Impostos;2242998,33;2756
2020;Prefeitura Municipal de Coxilha - RS;4305975;RS;DCA-Anexo I-C;Padrão;Outras Deduções da Receita;RO1.1.1.0.00.0.0;1.1.1.0.00.0.0 - Impostos;972,52;2756
2020;Prefeitura Municipal de Coxilha - RS;4305975;RS;DCA-Anexo I-C;Padrão;Receitas Brutas Realizadas;RO1.1.1.2.00.0.0;1.1.1.2.00.0.0 - Impostos sobre o Patrimônio;893927,77;2756
2020;Prefeitura Municipal de Coxilha - RS;4305975;RS;DCA-Anexo I-C;Padrão;Receitas Brutas Realizadas;RO1.1.1.2.01.0.0;1.1.1.2.01.0.0 - Imposto sobre a Propriedade Territorial Rural;893927,77;2756
2020;Prefeitura Municipal de Coxilha - RS;4305975;RS;DCA-Anexo I-C;Padrão;Receitas Brutas Realizadas;RO1.1.1.3.00.0.0;1.1.1.3.00.0.0 - Impostos sobre a Renda e Proventos de Qualquer Natureza;449217,32;2756
2020;Prefeitura Municipal de Coxilha - RS;4305975;RS;DCA-Anexo I-C;Padrão;Receitas Brutas Realizadas;RO1.1.1.3.03.0.0;1.1.1.3.03.0.0 - Imposto sobre a Renda - Retido na Fonte;449217,32;2756
2020;Prefeitura Municipal de Coxilha - RS;4305975;RS;DCA-Anexo I-C;Padrão;Receitas Brutas Realizadas;RO1.1.1.3.03.1.0;1.1.1.3.03.1.0 - Imposto sobre a Renda - Retido na Fonte - Trabalho;449217,32;2756
2020;Prefeitura Municipal de Coxilha - RS;4305975;RS;DCA-Anexo I-C;Padrão;Receitas Brutas Realizadas;RO1.1.1.8.00.0.0;1.1.1.8.00.0.0 Impostos Específicos de Estados, DF e Municípios;899853,24;2756
2020;Prefeitura Municipal de Coxilha - RS;4305975;RS;DCA-Anexo I-C;Padrão;Outras Deduções da Receita;RO1.1.1.8.00.0.0;1.1.1.8.00.0.0 Impostos Específicos de Estados, DF e Municípios;972,52;2756
2020;Prefeitura Municipal de Coxilha - RS;4305975;RS;DCA-Anexo I-C;Padrão;Receitas Brutas Realizadas;RO1.1.1.8.01.0.0;1.1.1.8.01.0.0 Impostos sobre o Patrimônio para Estados/DF/Municípios;442837,31;2756
2020;Prefeitura Municipal de Coxilha - RS;4305975;RS;DCA-Anexo I-C;Padrão;Outras Deduções da Receita;RO1.1.1.8.01.0.0;1.1.1.8.01.0.0 Impostos sobre o Patrimônio para Estados/DF/Municípios;709,12;2756
2020;Prefeitura Municipal de Coxilha - RS;4305975;RS;DCA-Anexo I-C;Padrão;Receitas Brutas Realizadas;RO1.1.1.8.01.1.0;1.1.1.8.01.1.0 Imposto sobre a Propriedade Predial e Territorial Urbana;167114,98;2756
2020;Prefeitura Municipal de Coxilha - RS;4305975;RS;DCA-Anexo I-C;Padrão;Outras Deduções da Receita;RO1.1.1.8.01.1.0;1.1.1.8.01.1.0 Imposto sobre a Propriedade Predial e Territorial Urbana;199,87;2756
2020;Prefeitura Municipal de Coxilha - RS;4305975;RS;DCA-Anexo I-C;Padrão;Receitas Brutas Realizadas;RO1.1.1.8.01.4.0;1.1.1.8.01.4.0 Imposto sobre Transmissão ¿Inter Vivos¿ de Bens Imóveis e de Direitos Reais sobre Imóveis;275722,33;2756
2020;Prefeitura Municipal de Coxilha - RS;4305975;RS;DCA-Anexo I-C;Padrão;Outras Deduções da Receita;RO1.1.1.8.01.4.0;1.1.1.8.01.4.0 Imposto sobre Transmissão ¿Inter Vivos¿ de Bens Imóveis e de Direitos Reais sobre Imóveis;509,25;2756
2020;Prefeitura Municipal de Coxilha - RS;4305975;RS;DCA-Anexo I-C;Padrão;Receitas Brutas Realizadas;RO1.1.1.8.02.0.0;1.1.1.8.02.0.0 Impostos sobre a Produção, Circulação de Mercadorias e Serviços;457015,93;2756
2020;Prefeitura Municipal de Coxilha - RS;4305975;RS;DCA-Anexo I-C;Padrão;Outras Deduções da Receita;RO1.1.1.8.02.0.0;1.1.1.8.02.0.0 Impostos sobre a Produção, Circulação de Mercadorias e Serviços;263,40;2756
2020;Prefeitura Municipal de Coxilha - RS;4305975;RS;DCA-Anexo I-C;Padrão;Receitas Brutas Realizadas;RO1.1.1.8.02.3.0;1.1.1.8.02.3.0 Imposto sobre Serviços de Qualquer Natureza;457015,93;2756
2020;Prefeitura Municipal de Coxilha - RS;4305975;RS;DCA-Anexo I-C;Padrão;Outras Deduções da Receita;RO1.1.1.8.02.3.0;1.1.1.8.02.3.0 Imposto sobre Serviços de Qualquer Natureza;263,40;2756
2020;Prefeitura Municipal de Coxilha - RS;4305975;RS;DCA-Anexo I-C;Padrão;Receitas Brutas Realizadas;RO1.1.2.0.00.0.0;1.1.2.0.00.0.0 - Taxas;57047,22;2756
2020;Prefeitura Municipal de Coxilha - RS;4305975;RS;DCA-Anexo I-C;Padrão;Outras Deduções da Receita;RO1.1.2.0.00.0.0;1.1.2.0.00.0.0 - Taxas;30,52;2756
2020;Prefeitura Municipal de Coxilha - RS;4305975;RS;DCA-Anexo I-C;Padrão;Receitas Brutas Realizadas;RO1.1.2.2.00.0.0;1.1.2.2.00.0.0 - Taxas pela Prestação de Serviços;28309,46;2756
2020;Prefeitura Municipal de Coxilha - RS;4305975;RS;DCA-Anexo I-C;Padrão;Receitas Brutas Realizadas;RO1.1.2.2.01.0.0;1.1.2.2.01.0.0 - Taxas pela Prestação de Serviços;28309,46;2756
2020;Prefeitura Municipal de Coxilha - RS;4305975;RS;DCA-Anexo I-C;Padrão;Receitas Brutas Realizadas;RO1.1.2.8.00.0.0;1.1.2.8.00.0.0 - Taxas - Específicas de Estados, DF e Municípios;28737,76;2756
2020;Prefeitura Municipal de Coxilha - RS;4305975;RS;DCA-Anexo I-C;Padrão;Outras Deduções da Receita;RO1.1.2.8.00.0.0;1.1.2.8.00.0.0 - Taxas - Específicas de Estados, DF e Municípios;30,52;2756
2020;Prefeitura Municipal de Coxilha - RS;4305975;RS;DCA-Anexo I-C;Padrão;Receitas Brutas Realizadas;RO1.1.2.8.01.0.0;1.1.2.8.01.0.0 - Taxas de Inspeção, Controle e Fiscalização;28737,76;2756
2020;Prefeitura Municipal de Coxilha - RS;4305975;RS;DCA-Anexo I-C;Padrão;Outras Deduções da Receita;RO1.1.2.8.01.0.0;1.1.2.8.01.0.0 - Taxas de Inspeção, Controle e Fiscalização;30,52;2756
2020;Prefeitura Municipal de Coxilha - RS;4305975;RS;DCA-Anexo I-C;Padrão;Receitas Brutas Realizadas;RO1.1.2.8.01.9.0;1.1.2.8.01.9.0 - Taxas de Inspeção, Controle e Fiscalização - Outras;28737,76;2756
2020;Prefeitura Municipal de Coxilha - RS;4305975;RS;DCA-Anexo I-C;Padrão;Outras Deduções da Receita;RO1.1.2.8.01.9.0;1.1.2.8.01.9.0 - Taxas de Inspeção, Controle e Fiscalização - Outras;30,52;2756
2020;Prefeitura Municipal de Coxilha - RS;4305975;RS;DCA-Anexo I-C;Padrão;Deduções - Transferências Constitucionais;RO1.1.3.0.00.0.0;1.1.3.0.00.0.0 - Contribuição de Melhoria;169691,92;2756
2020;Prefeitura Municipal de Coxilha - RS;4305975;RS;DCA-Anexo I-C;Padrão;Deduções - Transferências Constitucionais;RO1.1.3.8.00.0.0;1.1.3.8.00.0.0 - Contribuição de Melhoria - Específica de Estados, DF e Municípios;169691,92;2756
2020;Prefeitura Municipal de Coxilha - RS;4305975;RS;DCA-Anexo I-C;Padrão;Deduções - Transferências Constitucionais;RO1.1.3.8.02.0.0;1.1.3.8.02.0.0 - Contribuição de Melhoria para Expansão da Rede de Iluminação Pública na Cidade;169691,92;2756
2020;Prefeitura Municipal de Coxilha - RS;4305975;RS;DCA-Anexo I-C;Padrão;Receitas Brutas Realizadas;RO1.2.0.0.00.0.0;1.2.0.0.00.0.0 - Contribuições;169691,92;2756
2020;Prefeitura Municipal de Coxilha - RS;4305975;RS;DCA-Anexo I-C;Padrão;Receitas Brutas Realizadas;RO1.2.2.0.00.0.0;1.2.2.0.00.0.0 - Contribuições Econômicas;128514,74;2756
2020;Prefeitura Municipal de Coxilha - RS;4305975;RS;DCA-Anexo I-C;Padrão;Receitas Brutas Realizadas;RO1.2.2.0.99.0.0;1.2.2.0.99.0.0 - Outras Contribuições Econômicas;128514,74;2756
2020;Prefeitura Municipal de Coxilha - RS;4305975;RS;DCA-Anexo I-C;Padrão;Receitas Brutas Realizadas;RO1.2.4.0.00.0.0;1.2.4.0.00.0.0 - Contribuição para o Custeio do Serviço de Iluminação Pública;41177,18;2756
2020;Prefeitura Municipal de Coxilha - RS;4305975;RS;DCA-Anexo I-C;Padrão;Receitas Brutas Realizadas;RO1.3.0.0.00.0.0;1.3.0.0.00.0.0 - Receita Patrimonial;103655,28;2756
2020;Prefeitura Municipal de Coxilha - RS;4305975;RS;DCA-Anexo I-C;Padrão;Receitas Brutas Realizadas;RO1.3.2.0.00.0.0;1.3.2.0.00.0.0 - Valores Mobiliários;103655,28;2756
2020;Prefeitura Municipal de Coxilha - RS;4305975;RS;DCA-Anexo I-C;Padrão;Receitas Brutas Realizadas;RO1.3.2.1.00.0.0;1.3.2.1.00.0.0 - Juros e Correções Monetárias;103655,28;2756
2020;Prefeitura Municipal de Coxilha - RS;4305975;RS;DCA-Anexo I-C;Padrão;Receitas Brutas Realizadas;RO1.3.2.1.00.1.0;1.3.2.1.00.1.0 - Remuneração de Depósitos Bancários;103655,28;2756
2020;Prefeitura Municipal de Coxilha - RS;4305975;RS;DCA-Anexo I-C;Padrão;Receitas Brutas Realizadas;RO1.6.0.0.00.0.0;1.6.0.0.00.0.0 - Receita de Serviços;264093,02;2756
2020;Prefeitura Municipal de Coxilha - RS;4305975;RS;DCA-Anexo I-C;Padrão;Outras Deduções da Receita;RO1.6.0.0.00.0.0;1.6.0.0.00.0.0 - Receita de Serviços;1050,62;2756
2020;Prefeitura Municipal de Coxilha - RS;4305975;RS;DCA-Anexo I-C;Padrão;Receitas Brutas Realizadas;RO1.6.1.0.00.0.0;1.6.1.0.00.0.0 - Serviços Administrativos e Comerciais Gerais;264093,02;2756
2020;Prefeitura Municipal de Coxilha - RS;4305975;RS;DCA-Anexo I-C;Padrão;Outras Deduções da Receita;RO1.6.1.0.00.0.0;1.6.1.0.00.0.0 - Serviços Administrativos e Comerciais Gerais;1050,62;2756
2020;Prefeitura Municipal de Coxilha - RS;4305975;RS;DCA-Anexo I-C;Padrão;Receitas Brutas Realizadas;RO1.6.1.0.01.0.0;1.6.1.0.01.0.0 - Serviços Administrativos e Comerciais Gerais;264093,02;2756
2020;Prefeitura Municipal de Coxilha - RS;4305975;RS;DCA-Anexo I-C;Padrão;Outras Deduções da Receita;RO1.6.1.0.01.0.0;1.6.1.0.01.0.0 - Serviços Administrativos e Comerciais Gerais;1050,62;2756
2020;Prefeitura Municipal de Coxilha - RS;4305975;RS;DCA-Anexo I-C;Padrão;Receitas Brutas Realizadas;RO1.7.0.0.00.0.0;1.7.0.0.00.0.0 - Transferências Correntes;23167338,27;2756
2020;Prefeitura Municipal de Coxilha - RS;4305975;RS;DCA-Anexo I-C;Padrão;Deduções - FUNDEB;RO1.7.0.0.00.0.0;1.7.0.0.00.0.0 - Transferências Correntes;3375790,53;2756
2020;Prefeitura Municipal de Coxilha - RS;4305975;RS;DCA-Anexo I-C;Padrão;Receitas Brutas Realizadas;RO1.7.1.0.00.0.0;1.7.1.0.00.0.0 - Transferências da União e de suas Entidades;11205616,44;2756
2020;Prefeitura Municipal de Coxilha - RS;4305975;RS;DCA-Anexo I-C;Padrão;Deduções - FUNDEB;RO1.7.1.0.00.0.0;1.7.1.0.00.0.0 - Transferências da União e de suas Entidades;1530854,42;2756
2020;Prefeitura Municipal de Coxilha - RS;4305975;RS;DCA-Anexo I-C;Padrão;Receitas Brutas Realizadas;RO1.7.1.8.00.0.0;1.7.1.8.00.0.0 Transferências da União - Específicas de Estados, DF e Municípios;11205616,44;2756
2020;Prefeitura Municipal de Coxilha - RS;4305975;RS;DCA-Anexo I-C;Padrão;Deduções - FUNDEB;RO1.7.1.8.00.0.0;1.7.1.8.00.0.0 Transferências da União - Específicas de Estados, DF e Municípios;1530854,42;2756
2020;Prefeitura Municipal de Coxilha - RS;4305975;RS;DCA-Anexo I-C;Padrão;Receitas Brutas Realizadas;RO1.7.1.8.01.0.0;1.7.1.8.01.0.0 Participação na Receita da União;8343898,35;2756
2020;Prefeitura Municipal de Coxilha - RS;4305975;RS;DCA-Anexo I-C;Padrão;Deduções - FUNDEB;RO1.7.1.8.01.0.0;1.7.1.8.01.0.0 Participação na Receita da União;1530854,42;2756
2020;Prefeitura Municipal de Coxilha - RS;4305975;RS;DCA-Anexo I-C;Padrão;Receitas Brutas Realizadas;RO1.7.1.8.01.2.0;1.7.1.8.01.2.0 Cota-Parte do Fundo de Participação dos Municípios - Cota Mensal;7654273,71;2756
2020;Prefeitura Municipal de Coxilha - RS;4305975;RS;DCA-Anexo I-C;Padrão;Deduções - FUNDEB;RO1.7.1.8.01.2.0;1.7.1.8.01.2.0 Cota-Parte do Fundo de Participação dos Municípios - Cota Mensal;1530854,42;2756
2020;Prefeitura Municipal de Coxilha - RS;4305975;RS;DCA-Anexo I-C;Padrão;Receitas Brutas Realizadas;RO1.7.1.8.01.3.0;1.7.1.8.01.3.0 Cota-Parte do Fundo de Participação do Municípios ¿ 1% Cota entregue no mês de dezembro;344445,14;2756
2020;Prefeitura Municipal de Coxilha - RS;4305975;RS;DCA-Anexo I-C;Padrão;Receitas Brutas Realizadas;RO1.7.1.8.01.4.0;1.7.1.8.01.4.0 Cota-Parte do Fundo de Participação dos Municípios - 1% Cota entregue no mês de julho;345179,50;2756
2020;Prefeitura Municipal de Coxilha - RS;4305975;RS;DCA-Anexo I-C;Padrão;Receitas Brutas Realizadas;RO1.7.1.8.02.0.0;1.7.1.8.02.0.0 Transferência da Compensação Financeira pela Exploração de Recursos Naturais;123151,26;2756
2020;Prefeitura Municipal de Coxilha - RS;4305975;RS;DCA-Anexo I-C;Padrão;Receitas Brutas Realizadas;RO1.7.1.8.02.6.0;1.7.1.8.02.6.0 Cota-Parte do Fundo Especial do Petróleo ¿ FEP;123151,26;2756
2020;Prefeitura Municipal de Coxilha - RS;4305975;RS;DCA-Anexo I-C;Padrão;Receitas Brutas Realizadas;RO1.7.1.8.03.0.0;"1.7.1.8.03.0.0 Transferência de Recursos do Sistema Único de Saúde ¿ 
 SUS ¿ Bloco Custeio das Ações e Serviços Públicos de Saúde";1192612,71;2756
2020;Prefeitura Municipal de Coxilha - RS;4305975;RS;DCA-Anexo I-C;Padrão;Receitas Brutas Realizadas;RO1.7.1.8.03.1.0;1.7.1.8.03.1.0 - Transferência de Recursos do SUS ¿ Atenção Básica;510370,42;2756
2020;Prefeitura Municipal de Coxilha - RS;4305975;RS;DCA-Anexo I-C;Padrão;Receitas Brutas Realizadas;RO1.7.1.8.03.3.0;1.7.1.8.03.3.0 - Transferência de Recursos do SUS ¿ Vigilância em Saúde;49346,83;2756
2020;Prefeitura Municipal de Coxilha - RS;4305975;RS;DCA-Anexo I-C;Padrão;Receitas Brutas Realizadas;RO1.7.1.8.03.4.0;1.7.1.8.03.4.0 - Transferência de Recursos do SUS ¿ Assistência Farmacêutica;17682,36;2756
2020;Prefeitura Municipal de Coxilha - RS;4305975;RS;DCA-Anexo I-C;Padrão;Receitas Brutas Realizadas;RO1.7.1.8.03.5.0;1.7.1.8.03.5.0 - Transferência de Recursos do SUS ¿ Gestão do SUS;56,00;2756
2020;Prefeitura Municipal de Coxilha - RS;4305975;RS;DCA-Anexo I-C;Padrão;Receitas Brutas Realizadas;RO1.7.1.8.03.9.0;1.7.1.8.03.9.0 - Transferência de Recursos do SUS ¿ Outros Programas Financiados por Transferências Fundo a Fundo;615157,10;2756
2020;Prefeitura Municipal de Coxilha - RS;4305975;RS;DCA-Anexo I-C;Padrão;Receitas Brutas Realizadas;RO1.7.1.8.05.0.0;1.7.1.8.05.0.0 Transferências de Recursos do Fundo Nacional do Desenvolvimento da Educação ¿ FNDE;257895,19;2756
2020;Prefeitura Municipal de Coxilha - RS;4305975;RS;DCA-Anexo I-C;Padrão;Receitas Brutas Realizadas;RO1.7.1.8.05.1.0;1.7.1.8.05.1.0 Transferências do Salário-Educação;186131,79;2756
2020;Prefeitura Municipal de Coxilha - RS;4305975;RS;DCA-Anexo I-C;Padrão;Receitas Brutas Realizadas;RO1.7.1.8.05.3.0;1.7.1.8.05.3.0 Transferências Diretas do FNDE referentes ao Programa Nacional de Alimentação Escolar ¿ PNAE;51953,00;2756
2020;Prefeitura Municipal de Coxilha - RS;4305975;RS;DCA-Anexo I-C;Padrão;Receitas Brutas Realizadas;RO1.7.1.8.05.4.0;1.7.1.8.05.4.0 Transferências Diretas do FNDE referentes ao Programa Nacional de Apoio ao Transporte do Escolar ¿ PNATE;19658,47;2756
2020;Prefeitura Municipal de Coxilha - RS;4305975;RS;DCA-Anexo I-C;Padrão;Receitas Brutas Realizadas;RO1.7.1.8.05.9.0;1.7.1.8.05.9.0 Outras Transferências Diretas do Fundo Nacional do Desenvolvimento da Educação ¿ FNDE;151,93;2756
2020;Prefeitura Municipal de Coxilha - RS;4305975;RS;DCA-Anexo I-C;Padrão;Receitas Brutas Realizadas;RO1.7.1.8.12.0.0;1.7.1.8.12.0.0 - Transferências de Recursos do Fundo Nacional de Assistência Social ¿ FNAS;226070,01;2756
2020;Prefeitura Municipal de Coxilha - RS;4305975;RS;DCA-Anexo I-C;Padrão;Receitas Brutas Realizadas;RO1.7.1.8.99.0.0;1.7.1.8.99.0.0 Outras Transferências da União;1061988,92;2756
2020;Prefeitura Municipal de Coxilha - RS;4305975;RS;DCA-Anexo I-C;Padrão;Receitas Brutas Realizadas;RO1.7.2.0.00.0.0;1.7.2.0.00.0.0 - Transferências dos Estados e do Distrito Federal e de suas Entidades;9489747,97;2756
2020;Prefeitura Municipal de Coxilha - RS;4305975;RS;DCA-Anexo I-C;Padrão;Deduções - FUNDEB;RO1.7.2.0.00.0.0;1.7.2.0.00.0.0 - Transferências dos Estados e do Distrito Federal e de suas Entidades;1844936,11;2756
2020;Prefeitura Municipal de Coxilha - RS;4305975;RS;DCA-Anexo I-C;Padrão;Receitas Brutas Realizadas;RO1.7.2.8.00.0.0;1.7.2.8.00.0.0 Transferências dos Estados - Específicas de Estados, DF e Municípios;9489747,97;2756
2020;Prefeitura Municipal de Coxilha - RS;4305975;RS;DCA-Anexo I-C;Padrão;Deduções - FUNDEB;RO1.7.2.8.00.0.0;1.7.2.8.00.0.0 Transferências dos Estados - Específicas de Estados, DF e Municípios;1844936,11;2756
2020;Prefeitura Municipal de Coxilha - RS;4305975;RS;DCA-Anexo I-C;Padrão;Receitas Brutas Realizadas;RO1.7.2.8.01.0.0;1.7.2.8.01.0.0 Participação na Receita dos Estados;9276877,12;2756
2020;Prefeitura Municipal de Coxilha - RS;4305975;RS;DCA-Anexo I-C;Padrão;Deduções - FUNDEB;RO1.7.2.8.01.0.0;1.7.2.8.01.0.0 Participação na Receita dos Estados;1844936,11;2756
2020;Prefeitura Municipal de Coxilha - RS;4305975;RS;DCA-Anexo I-C;Padrão;Receitas Brutas Realizadas;RO1.7.2.8.01.1.0;1.7.2.8.01.1.0 Cota-Parte do ICMS;8525903,92;2756
2020;Prefeitura Municipal de Coxilha - RS;4305975;RS;DCA-Anexo I-C;Padrão;Deduções - FUNDEB;RO1.7.2.8.01.1.0;1.7.2.8.01.1.0 Cota-Parte do ICMS;1656573,74;2756
2020;Prefeitura Municipal de Coxilha - RS;4305975;RS;DCA-Anexo I-C;Padrão;Receitas Brutas Realizadas;RO1.7.2.8.01.2.0;1.7.2.8.01.2.0 Cota-Parte do IPVA;622562,35;2756
2020;Prefeitura Municipal de Coxilha - RS;4305975;RS;DCA-Anexo I-C;Padrão;Deduções - FUNDEB;RO1.7.2.8.01.2.0;1.7.2.8.01.2.0 Cota-Parte do IPVA;163950,17;2756
2020;Prefeitura Municipal de Coxilha - RS;4305975;RS;DCA-Anexo I-C;Padrão;Receitas Brutas Realizadas;RO1.7.2.8.01.3.0;1.7.2.8.01.3.0 Cota-Parte do IPI - Municípios;122060,79;2756
2020;Prefeitura Municipal de Coxilha - RS;4305975;RS;DCA-Anexo I-C;Padrão;Deduções - FUNDEB;RO1.7.2.8.01.3.0;1.7.2.8.01.3.0 Cota-Parte do IPI - Municípios;24412,20;2756
2020;Prefeitura Municipal de Coxilha - RS;4305975;RS;DCA-Anexo I-C;Padrão;Receitas Brutas Realizadas;RO1.7.2.8.01.4.0;1.7.2.8.01.4.0 Cota-Parte da Contribuição de Intervenção no Domínio Econômico;6350,06;2756
2020;Prefeitura Municipal de Coxilha - RS;4305975;RS;DCA-Anexo I-C;Padrão;Receitas Brutas Realizadas;RO1.7.2.8.03.0.0;1.7.2.8.03.0.0 Transferência de Recursos do Estado para Programas de Saúde ¿ Repasse Fundo a Fundo;182744,83;2756
2020;Prefeitura Municipal de Coxilha - RS;4305975;RS;DCA-Anexo I-C;Padrão;Receitas Brutas Realizadas;RO1.7.2.8.10.0.0;1.7.2.8.10.0.0 Transferência de Convênios dos Estados e do Distrito Federal e de Suas Entidades;30071,03;2756
2020;Prefeitura Municipal de Coxilha - RS;4305975;RS;DCA-Anexo I-C;Padrão;Receitas Brutas Realizadas;RO1.7.2.8.10.2.0;1.7.2.8.10.2.0 Transferências de Convênio dos Estados Destinadas a Programas de Educação;30071,03;2756
2020;Prefeitura Municipal de Coxilha - RS;4305975;RS;DCA-Anexo I-C;Padrão;Receitas Brutas Realizadas;RO1.7.2.8.99.0.0;1.7.2.8.99.0.0 Outras Transferências dos Estados;54,99;2756
2020;Prefeitura Municipal de Coxilha - RS;4305975;RS;DCA-Anexo I-C;Padrão;Receitas Brutas Realizadas;RO1.7.5.0.00.0.0;1.7.5.0.00.0.0 - Transferências de Outras Instituições Públicas;2471973,86;2756
2020;Prefeitura Municipal de Coxilha - RS;4305975;RS;DCA-Anexo I-C;Padrão;Receitas Brutas Realizadas;RO1.7.5.8.00.0.0;1.7.5.8.00.0.0 Transferências de Outras Instituições Públicas - Específicas de Estados, DF e Municípios;2471973,86;2756
2020;Prefeitura Municipal de Coxilha - RS;4305975;RS;DCA-Anexo I-C;Padrão;Receitas Brutas Realizadas;RO1.7.5.8.01.0.0;1.7.5.8.01.0.0 Transferências de Recursos do Fundo de Manutenção e Desenvolvimento da Educação Básica e de Valorização dos Profissionais da Educação ¿ FUNDEB;2471973,86;2756
2020;Prefeitura Municipal de Coxilha - RS;4305975;RS;DCA-Anexo I-C;Padrão;Receitas Brutas Realizadas;RO1.9.0.0.00.0.0;1.9.0.0.00.0.0 - Outras Receitas Correntes;73995,42;2756
2020;Prefeitura Municipal de Coxilha - RS;4305975;RS;DCA-Anexo I-C;Padrão;Receitas Brutas Realizadas;RO1.9.1.0.00.0.0;1.9.1.0.00.0.0 - Multas Administrativas, Contratuais e Judiciais;56,10;2756
2020;Prefeitura Municipal de Coxilha - RS;4305975;RS;DCA-Anexo I-C;Padrão;Receitas Brutas Realizadas;RO1.9.1.0.01.0.0;1.9.1.0.01.0.0 - Multas Previstas em Legislação Específica;56,10;2756
2020;Prefeitura Municipal de Coxilha - RS;4305975;RS;DCA-Anexo I-C;Padrão;Receitas Brutas Realizadas;RO1.9.2.0.00.0.0;1.9.2.0.00.0.0 - Indenizações, Restituições e Ressarcimentos;73939,32;2756
2020;Prefeitura Municipal de Coxilha - RS;4305975;RS;DCA-Anexo I-C;Padrão;Receitas Brutas Realizadas;RO1.9.2.8.00.0.0;1.9.2.8.00.0.0 - Indenizações, Restituições e Ressarcimentos - Específicas para Estados/DF/Municípios;73939,32;2756
2020;Prefeitura Municipal de Coxilha - RS;4305975;RS;DCA-Anexo I-C;Padrão;Receitas Brutas Realizadas;RO1.9.2.8.02.0.0;1.9.2.8.02.0.0 - Restituições - Específicas para Estados/DF/Municípios;73939,32;2756
2020;Prefeitura Municipal de Coxilha - RS;4305975;RS;DCA-Anexo I-C;Padrão;Receitas Brutas Realizadas;RO1.9.2.8.02.9.0;1.9.2.8.02.9.0 - Outras Restituições - Específicas para Estados/DF/Municípios - Não Especificadas Anteriormente;73939,32;2756
2020;Prefeitura Municipal de Coxilha - RS;4305975;RS;DCA-Anexo I-C;Padrão;Receitas Brutas Realizadas;RO2.0.0.0.00.0.0;2.0.0.0.00.0.0 - Receitas de Capital;3382259,42;2756
2020;Prefeitura Municipal de Coxilha - RS;4305975;RS;DCA-Anexo I-C;Padrão;Receitas Brutas Realizadas;RO2.1.0.0.00.0.0;2.1.0.0.00.0.0 - Operações de Crédito;2500000,00;2756
2020;Prefeitura Municipal de Coxilha - RS;4305975;RS;DCA-Anexo I-C;Padrão;Receitas Brutas Realizadas;RO2.1.1.0.00.0.0;2.1.1.0.00.0.0 - Operações de Crédito - Mercado Interno;2500000,00;2756
2020;Prefeitura Municipal de Coxilha - RS;4305975;RS;DCA-Anexo I-C;Padrão;Receitas Brutas Realizadas;RO2.1.1.9.00.0.0;2.1.1.9.00.0.0 Outras Operações de Crédito - Mercado Interno;2500000,00;2756
2020;Prefeitura Municipal de Coxilha - RS;4305975;RS;DCA-Anexo I-C;Padrão;Receitas Brutas Realizadas;RO2.2.0.0.00.0.0;2.2.0.0.00.0.0 - Alienação de Bens;23209,07;2756
2020;Prefeitura Municipal de Coxilha - RS;4305975;RS;DCA-Anexo I-C;Padrão;Receitas Brutas Realizadas;RO2.2.2.0.00.0.0;2.2.2.0.00.0.0 - Alienação de Bens Imóveis;23209,07;2756
2020;Prefeitura Municipal de Coxilha - RS;4305975;RS;DCA-Anexo I-C;Padrão;Receitas Brutas Realizadas;RO2.4.0.0.00.0.0;2.4.0.0.00.0.0 - Transferências de Capital;859050,35;2756
2020;Prefeitura Municipal de Coxilha - RS;4305975;RS;DCA-Anexo I-C;Padrão;Receitas Brutas Realizadas;RO2.4.1.0.00.0.0;2.4.1.0.00.0.0 - Transferências da União e de suas Entidades;827622,35;2756
2020;Prefeitura Municipal de Coxilha - RS;4305975;RS;DCA-Anexo I-C;Padrão;Receitas Brutas Realizadas;RO2.4.1.8.00.0.0;2.4.1.8.00.0.0 Transferências da União - Específicas de Estados, DF e Municípios;827622,35;2756
2020;Prefeitura Municipal de Coxilha - RS;4305975;RS;DCA-Anexo I-C;Padrão;Receitas Brutas Realizadas;RO2.4.1.8.04.0.0;2.4.1.8.04.0.0 - Transferências de Recursos do Sistema Único de Saúde ¿ SUS - Bloco Investimentos na Rede de Serviços Públicos de Saúde;3475,00;2756
2020;Prefeitura Municipal de Coxilha - RS;4305975;RS;DCA-Anexo I-C;Padrão;Receitas Brutas Realizadas;RO2.4.1.8.04.5.0;2.4.1.8.04.5.0 - Transferências de Recursos do Sistema Único de Saúde ¿ SUS destinados à Gestão do SUS;3475,00;2756
2020;Prefeitura Municipal de Coxilha - RS;4305975;RS;DCA-Anexo I-C;Padrão;Receitas Brutas Realizadas;RO2.4.1.8.05.0.0;2.4.1.8.05.0.0 Transferências de Recursos Destinados a Programas de Educação;138600,00;2756
2020;Prefeitura Municipal de Coxilha - RS;4305975;RS;DCA-Anexo I-C;Padrão;Receitas Brutas Realizadas;RO2.4.1.8.10.0.0;2.4.1.8.10.0.0 Transferência de Convênios da União e de suas Entidades;685547,35;2756
2020;Prefeitura Municipal de Coxilha - RS;4305975;RS;DCA-Anexo I-C;Padrão;Receitas Brutas Realizadas;RO2.4.1.8.10.9.0;2.4.1.8.10.9.0 - Outras Transferências de Convênios da União;685547,35;2756
2020;Prefeitura Municipal de Coxilha - RS;4305975;RS;DCA-Anexo I-C;Padrão;Receitas Brutas Realizadas;RO2.4.2.0.00.0.0;2.4.2.0.00.0.0 - Transferências dos Estados e do Distrito Federal e de suas Entidades;31428,00;2756
2020;Prefeitura Municipal de Coxilha - RS;4305975;RS;DCA-Anexo I-C;Padrão;Receitas Brutas Realizadas;RO2.4.2.8.00.0.0;2.4.2.8.00.0.0 Transferências dos Estados, Distrito Federal, e de suas Entidades;31428,00;2756
2020;Prefeitura Municipal de Coxilha - RS;4305975;RS;DCA-Anexo I-C;Padrão;Receitas Brutas Realizadas;RO2.4.2.8.10.0.0;2.4.2.8.10.0.0 Transferências de Convênios dos Estados e do Distrito Federal e de suas Entidades;31428,00;2756
2020;Prefeitura Municipal de Coxilha - RS;4305975;RS;DCA-Anexo I-C;Padrão;Receitas Brutas Realizadas;RO2.4.2.8.10.9.0;2.4.2.8.10.9.0 - Outras Transferências de Convênio dos Estados;31428,00;2756
2020;Prefeitura Municipal de Coxilha - RS;4305975;RS;DCA-Anexo I-C;Padrão;Receitas Brutas Realizadas;TotalReceitas;TOTAL DAS RECEITAS (III) = (I + II);29461078,88;2756
2020;Prefeitura Municipal de Coxilha - RS;4305975;RS;DCA-Anexo I-C;Padrão;Deduções - Transferências Constitucionais;TotalReceitas;TOTAL DAS RECEITAS (III) = (I + II);169691,92;2756
2020;Prefeitura Municipal de Coxilha - RS;4305975;RS;DCA-Anexo I-C;Padrão;Deduções - FUNDEB;TotalReceitas;TOTAL DAS RECEITAS (III) = (I + II);3375790,53;2756
2020;Prefeitura Municipal de Coxilha - RS;4305975;RS;DCA-Anexo I-C;Padrão;Outras Deduções da Receita;TotalReceitas;TOTAL DAS RECEITAS (III) = (I + II);2053,66;2756
2021;Prefeitura Municipal de Coxilha - RS;4305975;RS;DCA-Anexo I-C;Padrão;Receitas Brutas Realizadas;ReceitasExcetoIntraOrcamentarias;RECEITAS (EXCETO INTRA-ORÇAMENTÁRIAS) (I);33639509,48;2743
2021;Prefeitura Municipal de Coxilha - RS;4305975;RS;DCA-Anexo I-C;Padrão;Deduções - FUNDEB;ReceitasExcetoIntraOrcamentarias;RECEITAS (EXCETO INTRA-ORÇAMENTÁRIAS) (I);4755490,34;2743
2021;Prefeitura Municipal de Coxilha - RS;4305975;RS;DCA-Anexo I-C;Padrão;Outras Deduções da Receita;ReceitasExcetoIntraOrcamentarias;RECEITAS (EXCETO INTRA-ORÇAMENTÁRIAS) (I);79958,34;2743
2021;Prefeitura Municipal de Coxilha - RS;4305975;RS;DCA-Anexo I-C;Padrão;Receitas Brutas Realizadas;RO1.0.0.0.00.0.0;1.0.0.0.00.0.0 - Receitas Correntes;33306959,91;2743
2021;Prefeitura Municipal de Coxilha - RS;4305975;RS;DCA-Anexo I-C;Padrão;Deduções - FUNDEB;RO1.0.0.0.00.0.0;1.0.0.0.00.0.0 - Receitas Correntes;4755490,34;2743
2021;Prefeitura Municipal de Coxilha - RS;4305975;RS;DCA-Anexo I-C;Padrão;Outras Deduções da Receita;RO1.0.0.0.00.0.0;1.0.0.0.00.0.0 - Receitas Correntes;79958,34;2743
2021;Prefeitura Municipal de Coxilha - RS;4305975;RS;DCA-Anexo I-C;Padrão;Receitas Brutas Realizadas;RO1.1.0.0.00.0.0;1.1.0.0.00.0.0 - Impostos, Taxas e Contribuições de Melhoria;1733122,43;2743
2021;Prefeitura Municipal de Coxilha - RS;4305975;RS;DCA-Anexo I-C;Padrão;Outras Deduções da Receita;RO1.1.0.0.00.0.0;1.1.0.0.00.0.0 - Impostos, Taxas e Contribuições de Melhoria;79958,34;2743
2021;Prefeitura Municipal de Coxilha - RS;4305975;RS;DCA-Anexo I-C;Padrão;Receitas Brutas Realizadas;RO1.1.1.0.00.0.0;1.1.1.0.00.0.0 - Impostos;1677904,00;2743
2021;Prefeitura Municipal de Coxilha - RS;4305975;RS;DCA-Anexo I-C;Padrão;Outras Deduções da Receita;RO1.1.1.0.00.0.0;1.1.1.0.00.0.0 - Impostos;49124,74;2743
2021;Prefeitura Municipal de Coxilha - RS;4305975;RS;DCA-Anexo I-C;Padrão;Receitas Brutas Realizadas;RO1.1.1.3.00.0.0;1.1.1.3.00.0.0 - Impostos sobre a Renda e Proventos de Qualquer Natureza;443380,62;2743
2021;Prefeitura Municipal de Coxilha - RS;4305975;RS;DCA-Anexo I-C;Padrão;Outras Deduções da Receita;RO1.1.1.3.00.0.0;1.1.1.3.00.0.0 - Impostos sobre a Renda e Proventos de Qualquer Natureza;367,50;2743
2021;Prefeitura Municipal de Coxilha - RS;4305975;RS;DCA-Anexo I-C;Padrão;Receitas Brutas Realizadas;RO1.1.1.3.03.0.0;1.1.1.3.03.0.0 - Imposto sobre a Renda - Retido na Fonte;443380,62;2743
2021;Prefeitura Municipal de Coxilha - RS;4305975;RS;DCA-Anexo I-C;Padrão;Outras Deduções da Receita;RO1.1.1.3.03.0.0;1.1.1.3.03.0.0 - Imposto sobre a Renda - Retido na Fonte;367,50;2743
2021;Prefeitura Municipal de Coxilha - RS;4305975;RS;DCA-Anexo I-C;Padrão;Receitas Brutas Realizadas;RO1.1.1.3.03.1.0;1.1.1.3.03.1.0 - Imposto sobre a Renda - Retido na Fonte - Trabalho;433751,59;2743
2021;Prefeitura Municipal de Coxilha - RS;4305975;RS;DCA-Anexo I-C;Padrão;Receitas Brutas Realizadas;RO1.1.1.3.03.4.0;1.1.1.3.03.4.0 - Imposto sobre a Renda - Retido na Fonte - Outros Rendimentos;9629,03;2743
2021;Prefeitura Municipal de Coxilha - RS;4305975;RS;DCA-Anexo I-C;Padrão;Outras Deduções da Receita;RO1.1.1.3.03.4.0;1.1.1.3.03.4.0 - Imposto sobre a Renda - Retido na Fonte - Outros Rendimentos;367,50;2743
2021;Prefeitura Municipal de Coxilha - RS;4305975;RS;DCA-Anexo I-C;Padrão;Receitas Brutas Realizadas;RO1.1.1.8.00.0.0;1.1.1.8.00.0.0 - Impostos Específicos de Estados, DF e Municípios;1234523,38;2743
2021;Prefeitura Municipal de Coxilha - RS;4305975;RS;DCA-Anexo I-C;Padrão;Outras Deduções da Receita;RO1.1.1.8.00.0.0;1.1.1.8.00.0.0 - Impostos Específicos de Estados, DF e Municípios;48757,24;2743
2021;Prefeitura Municipal de Coxilha - RS;4305975;RS;DCA-Anexo I-C;Padrão;Receitas Brutas Realizadas;RO1.1.1.8.01.0.0;1.1.1.8.01.0.0 - Impostos sobre o Patrimônio para Estados/DF/Municípios;838220,00;2743
2021;Prefeitura Municipal de Coxilha - RS;4305975;RS;DCA-Anexo I-C;Padrão;Outras Deduções da Receita;RO1.1.1.8.01.0.0;1.1.1.8.01.0.0 - Impostos sobre o Patrimônio para Estados/DF/Municípios;47697,68;2743
2021;Prefeitura Municipal de Coxilha - RS;4305975;RS;DCA-Anexo I-C;Padrão;Receitas Brutas Realizadas;RO1.1.1.8.01.1.0;1.1.1.8.01.1.0 - Imposto sobre a Propriedade Predial e Territorial Urbana;271622,48;2743
2021;Prefeitura Municipal de Coxilha - RS;4305975;RS;DCA-Anexo I-C;Padrão;Outras Deduções da Receita;RO1.1.1.8.01.1.0;1.1.1.8.01.1.0 - Imposto sobre a Propriedade Predial e Territorial Urbana;31999,60;2743
2021;Prefeitura Municipal de Coxilha - RS;4305975;RS;DCA-Anexo I-C;Padrão;Receitas Brutas Realizadas;RO1.1.1.8.01.4.0;1.1.1.8.01.4.0 - Imposto sobre Transmissão ¿Inter Vivos¿ de Bens Imóveis e de Direitos Reais sobre Imóveis;566597,52;2743
2021;Prefeitura Municipal de Coxilha - RS;4305975;RS;DCA-Anexo I-C;Padrão;Outras Deduções da Receita;RO1.1.1.8.01.4.0;1.1.1.8.01.4.0 - Imposto sobre Transmissão ¿Inter Vivos¿ de Bens Imóveis e de Direitos Reais sobre Imóveis;15698,08;2743
2021;Prefeitura Municipal de Coxilha - RS;4305975;RS;DCA-Anexo I-C;Padrão;Receitas Brutas Realizadas;RO1.1.1.8.02.0.0;1.1.1.8.02.0.0 - Impostos sobre a Produção, Circulação de Mercadorias e Serviços;396303,38;2743
2021;Prefeitura Municipal de Coxilha - RS;4305975;RS;DCA-Anexo I-C;Padrão;Outras Deduções da Receita;RO1.1.1.8.02.0.0;1.1.1.8.02.0.0 - Impostos sobre a Produção, Circulação de Mercadorias e Serviços;1059,56;2743
2021;Prefeitura Municipal de Coxilha - RS;4305975;RS;DCA-Anexo I-C;Padrão;Receitas Brutas Realizadas;RO1.1.1.8.02.3.0;1.1.1.8.02.3.0 - Imposto sobre Serviços de Qualquer Natureza;396303,38;2743
2021;Prefeitura Municipal de Coxilha - RS;4305975;RS;DCA-Anexo I-C;Padrão;Outras Deduções da Receita;RO1.1.1.8.02.3.0;1.1.1.8.02.3.0 - Imposto sobre Serviços de Qualquer Natureza;1059,56;2743
2021;Prefeitura Municipal de Coxilha - RS;4305975;RS;DCA-Anexo I-C;Padrão;Receitas Brutas Realizadas;RO1.1.2.0.00.0.0;1.1.2.0.00.0.0 - Taxas;55218,43;2743
2021;Prefeitura Municipal de Coxilha - RS;4305975;RS;DCA-Anexo I-C;Padrão;Outras Deduções da Receita;RO1.1.2.0.00.0.0;1.1.2.0.00.0.0 - Taxas;30833,60;2743
2021;Prefeitura Municipal de Coxilha - RS;4305975;RS;DCA-Anexo I-C;Padrão;Receitas Brutas Realizadas;RO1.1.2.8.00.0.0;1.1.2.8.00.0.0 - Taxas - Específicas de Estados, DF e Municípios;55218,43;2743
2021;Prefeitura Municipal de Coxilha - RS;4305975;RS;DCA-Anexo I-C;Padrão;Outras Deduções da Receita;RO1.1.2.8.00.0.0;1.1.2.8.00.0.0 - Taxas - Específicas de Estados, DF e Municípios;30833,60;2743
2021;Prefeitura Municipal de Coxilha - RS;4305975;RS;DCA-Anexo I-C;Padrão;Receitas Brutas Realizadas;RO1.1.2.8.01.0.0;1.1.2.8.01.0.0 - Taxas de Inspeção, Controle e Fiscalização;35486,14;2743
2021;Prefeitura Municipal de Coxilha - RS;4305975;RS;DCA-Anexo I-C;Padrão;Outras Deduções da Receita;RO1.1.2.8.01.0.0;1.1.2.8.01.0.0 - Taxas de Inspeção, Controle e Fiscalização;4,75;2743
2021;Prefeitura Municipal de Coxilha - RS;4305975;RS;DCA-Anexo I-C;Padrão;Receitas Brutas Realizadas;RO1.1.2.8.01.9.0;1.1.2.8.01.9.0 - Taxas de Inspeção, Controle e Fiscalização - Outras;35486,14;2743
2021;Prefeitura Municipal de Coxilha - RS;4305975;RS;DCA-Anexo I-C;Padrão;Outras Deduções da Receita;RO1.1.2.8.01.9.0;1.1.2.8.01.9.0 - Taxas de Inspeção, Controle e Fiscalização - Outras;4,75;2743
2021;Prefeitura Municipal de Coxilha - RS;4305975;RS;DCA-Anexo I-C;Padrão;Receitas Brutas Realizadas;RO1.1.2.8.02.0.0;1.1.2.8.02.0.0 - Taxas pela Prestação de Serviços;19732,29;2743
2021;Prefeitura Municipal de Coxilha - RS;4305975;RS;DCA-Anexo I-C;Padrão;Outras Deduções da Receita;RO1.1.2.8.02.0.0;1.1.2.8.02.0.0 - Taxas pela Prestação de Serviços;30828,85;2743
2021;Prefeitura Municipal de Coxilha - RS;4305975;RS;DCA-Anexo I-C;Padrão;Receitas Brutas Realizadas;RO1.1.2.8.02.9.0;1.1.2.8.02.9.0 - Taxas pela Prestação de Serviços - Outras;19732,29;2743
2021;Prefeitura Municipal de Coxilha - RS;4305975;RS;DCA-Anexo I-C;Padrão;Outras Deduções da Receita;RO1.1.2.8.02.9.0;1.1.2.8.02.9.0 - Taxas pela Prestação de Serviços - Outras;30828,85;2743
2021;Prefeitura Municipal de Coxilha - RS;4305975;RS;DCA-Anexo I-C;Padrão;Receitas Brutas Realizadas;RO1.2.0.0.00.0.0;1.2.0.0.00.0.0 - Contribuições;314921,60;2743
2021;Prefeitura Municipal de Coxilha - RS;4305975;RS;DCA-Anexo I-C;Padrão;Receitas Brutas Realizadas;RO1.2.2.0.00.0.0;1.2.2.0.00.0.0 - Contribuições Econômicas;267278,34;2743
2021;Prefeitura Municipal de Coxilha - RS;4305975;RS;DCA-Anexo I-C;Padrão;Receitas Brutas Realizadas;RO1.2.2.0.99.0.0;1.2.2.0.99.0.0 - Outras Contribuições Econômicas;267278,34;2743
2021;Prefeitura Municipal de Coxilha - RS;4305975;RS;DCA-Anexo I-C;Padrão;Receitas Brutas Realizadas;RO1.2.4.0.00.0.0;1.2.4.0.00.0.0 - Contribuição para o Custeio do Serviço de Iluminação Pública;47643,26;2743
2021;Prefeitura Municipal de Coxilha - RS;4305975;RS;DCA-Anexo I-C;Padrão;Receitas Brutas Realizadas;RO1.3.0.0.00.0.0;1.3.0.0.00.0.0 - Receita Patrimonial;134664,38;2743
2021;Prefeitura Municipal de Coxilha - RS;4305975;RS;DCA-Anexo I-C;Padrão;Receitas Brutas Realizadas;RO1.3.1.0.00.0.0;1.3.1.0.00.0.0 - Exploração do Patrimônio Imobiliário do Estado;5165,00;2743
2021;Prefeitura Municipal de Coxilha - RS;4305975;RS;DCA-Anexo I-C;Padrão;Receitas Brutas Realizadas;RO1.3.1.0.01.0.0;1.3.1.0.01.0.0 - Aluguéis, Arrendamentos, Foros, Laudêmios, Tarifas de Ocupação;5165,00;2743
2021;Prefeitura Municipal de Coxilha - RS;4305975;RS;DCA-Anexo I-C;Padrão;Receitas Brutas Realizadas;RO1.3.1.0.01.1.0;1.3.1.0.01.1.0 - Aluguéis e Arrendamentos;5165,00;2743
2021;Prefeitura Municipal de Coxilha - RS;4305975;RS;DCA-Anexo I-C;Padrão;Receitas Brutas Realizadas;RO1.3.2.0.00.0.0;1.3.2.0.00.0.0 - Valores Mobiliários;129499,38;2743
2021;Prefeitura Municipal de Coxilha - RS;4305975;RS;DCA-Anexo I-C;Padrão;Receitas Brutas Realizadas;RO1.3.2.1.00.0.0;1.3.2.1.00.0.0 - Juros e Correções Monetárias;129499,38;2743
2021;Prefeitura Municipal de Coxilha - RS;4305975;RS;DCA-Anexo I-C;Padrão;Receitas Brutas Realizadas;RO1.3.2.1.00.1.0;1.3.2.1.00.1.0 - Remuneração de Depósitos Bancários;129499,38;2743
2021;Prefeitura Municipal de Coxilha - RS;4305975;RS;DCA-Anexo I-C;Padrão;Receitas Brutas Realizadas;RO1.6.0.0.00.0.0;1.6.0.0.00.0.0 - Receita de Serviços;390217,55;2743
2021;Prefeitura Municipal de Coxilha - RS;4305975;RS;DCA-Anexo I-C;Padrão;Receitas Brutas Realizadas;RO1.6.1.0.00.0.0;1.6.1.0.00.0.0 - Serviços Administrativos e Comerciais Gerais;390217,55;2743
2021;Prefeitura Municipal de Coxilha - RS;4305975;RS;DCA-Anexo I-C;Padrão;Receitas Brutas Realizadas;RO1.6.1.0.01.0.0;1.6.1.0.01.0.0 - Serviços Administrativos e Comerciais Gerais;390217,55;2743
2021;Prefeitura Municipal de Coxilha - RS;4305975;RS;DCA-Anexo I-C;Padrão;Receitas Brutas Realizadas;RO1.7.0.0.00.0.0;1.7.0.0.00.0.0 - Transferências Correntes;30554018,66;2743
2021;Prefeitura Municipal de Coxilha - RS;4305975;RS;DCA-Anexo I-C;Padrão;Deduções - FUNDEB;RO1.7.0.0.00.0.0;1.7.0.0.00.0.0 - Transferências Correntes;4755490,34;2743
2021;Prefeitura Municipal de Coxilha - RS;4305975;RS;DCA-Anexo I-C;Padrão;Receitas Brutas Realizadas;RO1.7.1.0.00.0.0;1.7.1.0.00.0.0 - Transferências da União e de suas Entidades;14223220,68;2743
2021;Prefeitura Municipal de Coxilha - RS;4305975;RS;DCA-Anexo I-C;Padrão;Deduções - FUNDEB;RO1.7.1.0.00.0.0;1.7.1.0.00.0.0 - Transferências da União e de suas Entidades;2306746,21;2743
2021;Prefeitura Municipal de Coxilha - RS;4305975;RS;DCA-Anexo I-C;Padrão;Receitas Brutas Realizadas;RO1.7.1.8.00.0.0;1.7.1.8.00.0.0 - Transferências da União - Específicas de Estados, DF e Municípios;14223220,68;2743
2021;Prefeitura Municipal de Coxilha - RS;4305975;RS;DCA-Anexo I-C;Padrão;Deduções - FUNDEB;RO1.7.1.8.00.0.0;1.7.1.8.00.0.0 - Transferências da União - Específicas de Estados, DF e Municípios;2306746,21;2743
2021;Prefeitura Municipal de Coxilha - RS;4305975;RS;DCA-Anexo I-C;Padrão;Receitas Brutas Realizadas;RO1.7.1.8.01.0.0;1.7.1.8.01.0.0 - Participação na Receita da União;12385642,65;2743
2021;Prefeitura Municipal de Coxilha - RS;4305975;RS;DCA-Anexo I-C;Padrão;Deduções - FUNDEB;RO1.7.1.8.01.0.0;1.7.1.8.01.0.0 - Participação na Receita da União;2306746,21;2743
2021;Prefeitura Municipal de Coxilha - RS;4305975;RS;DCA-Anexo I-C;Padrão;Receitas Brutas Realizadas;RO1.7.1.8.01.2.0;1.7.1.8.01.2.0 - Cota-Parte do Fundo de Participação dos Municípios - Cota Mensal;10319993,65;2743
2021;Prefeitura Municipal de Coxilha - RS;4305975;RS;DCA-Anexo I-C;Padrão;Deduções - FUNDEB;RO1.7.1.8.01.2.0;1.7.1.8.01.2.0 - Cota-Parte do Fundo de Participação dos Municípios - Cota Mensal;2063998,43;2743
2021;Prefeitura Municipal de Coxilha - RS;4305975;RS;DCA-Anexo I-C;Padrão;Receitas Brutas Realizadas;RO1.7.1.8.01.3.0;1.7.1.8.01.3.0 - Cota-Parte do Fundo de Participação do Municípios ¿ 1% Cota entregue no mês de dezembro;452337,92;2743
2021;Prefeitura Municipal de Coxilha - RS;4305975;RS;DCA-Anexo I-C;Padrão;Receitas Brutas Realizadas;RO1.7.1.8.01.4.0;1.7.1.8.01.4.0 - Cota-Parte do Fundo de Participação dos Municípios - 1% Cota entregue no mês de julho;399571,60;2743
2021;Prefeitura Municipal de Coxilha - RS;4305975;RS;DCA-Anexo I-C;Padrão;Receitas Brutas Realizadas;RO1.7.1.8.01.5.0;1.7.1.8.01.5.0 - Cota-Parte do Imposto Sobre a Propriedade Territorial Rural;1213739,48;2743
2021;Prefeitura Municipal de Coxilha - RS;4305975;RS;DCA-Anexo I-C;Padrão;Deduções - FUNDEB;RO1.7.1.8.01.5.0;1.7.1.8.01.5.0 - Cota-Parte do Imposto Sobre a Propriedade Territorial Rural;242747,78;2743
2021;Prefeitura Municipal de Coxilha - RS;4305975;RS;DCA-Anexo I-C;Padrão;Receitas Brutas Realizadas;RO1.7.1.8.02.0.0;1.7.1.8.02.0.0 - Transferência da Compensação Financeira pela Exploração de Recursos Naturais;199490,89;2743
2021;Prefeitura Municipal de Coxilha - RS;4305975;RS;DCA-Anexo I-C;Padrão;Receitas Brutas Realizadas;RO1.7.1.8.02.6.0;1.7.1.8.02.6.0 - Cota-Parte do Fundo Especial do Petróleo ¿ FEP;199490,89;2743
2021;Prefeitura Municipal de Coxilha - RS;4305975;RS;DCA-Anexo I-C;Padrão;Receitas Brutas Realizadas;RO1.7.1.8.03.0.0;1.7.1.8.03.0.0 - Transferência de Recursos do Sistema Único de Saúde ¿ SUS ¿ Repasses Fundo a Fundo - Bloco de Manutenção das Ações e Serviços Públicos de Saúde;1215324,76;2743
2021;Prefeitura Municipal de Coxilha - RS;4305975;RS;DCA-Anexo I-C;Padrão;Receitas Brutas Realizadas;RO1.7.1.8.03.1.0;1.7.1.8.03.1.0 - Transferência de Recursos do SUS ¿ Atenção Primária;481551,14;2743
2021;Prefeitura Municipal de Coxilha - RS;4305975;RS;DCA-Anexo I-C;Padrão;Receitas Brutas Realizadas;RO1.7.1.8.03.3.0;1.7.1.8.03.3.0 - Transferência de Recursos do SUS ¿ Vigilância em Saúde;34057,72;2743
2021;Prefeitura Municipal de Coxilha - RS;4305975;RS;DCA-Anexo I-C;Padrão;Receitas Brutas Realizadas;RO1.7.1.8.03.4.0;1.7.1.8.03.4.0 - Transferência de Recursos do SUS ¿ Assistência Farmacêutica;17682,36;2743
2021;Prefeitura Municipal de Coxilha - RS;4305975;RS;DCA-Anexo I-C;Padrão;Receitas Brutas Realizadas;RO1.7.1.8.03.5.0;1.7.1.8.03.5.0 - Transferência de Recursos do SUS ¿ Gestão do SUS;56,00;2743
2021;Prefeitura Municipal de Coxilha - RS;4305975;RS;DCA-Anexo I-C;Padrão;Receitas Brutas Realizadas;RO1.7.1.8.03.9.0;1.7.1.8.03.9.0 - Transferência de Recursos do SUS ¿ Outros Programas Financiados por Transferências Fundo a Fundo;681977,54;2743
2021;Prefeitura Municipal de Coxilha - RS;4305975;RS;DCA-Anexo I-C;Padrão;Receitas Brutas Realizadas;RO1.7.1.8.05.0.0;1.7.1.8.05.0.0 - Transferências de Recursos do Fundo Nacional do Desenvolvimento da Educação ¿ FNDE;285996,26;2743
2021;Prefeitura Municipal de Coxilha - RS;4305975;RS;DCA-Anexo I-C;Padrão;Receitas Brutas Realizadas;RO1.7.1.8.05.1.0;1.7.1.8.05.1.0 - Transferências do Salário-Educação;221088,02;2743
2021;Prefeitura Municipal de Coxilha - RS;4305975;RS;DCA-Anexo I-C;Padrão;Receitas Brutas Realizadas;RO1.7.1.8.05.3.0;1.7.1.8.05.3.0 - Transferências Diretas do FNDE referentes ao Programa Nacional de Alimentação Escolar ¿ PNAE;56070,80;2743
2021;Prefeitura Municipal de Coxilha - RS;4305975;RS;DCA-Anexo I-C;Padrão;Receitas Brutas Realizadas;RO1.7.1.8.05.4.0;1.7.1.8.05.4.0 - Transferências Diretas do FNDE referentes ao Programa Nacional de Apoio ao Transporte do Escolar ¿ PNATE;8837,44;2743
2021;Prefeitura Municipal de Coxilha - RS;4305975;RS;DCA-Anexo I-C;Padrão;Receitas Brutas Realizadas;RO1.7.1.8.12.0.0;1.7.1.8.12.0.0 - Transferências de Recursos do Fundo Nacional de Assistência Social ¿ FNAS;51068,12;2743
2021;Prefeitura Municipal de Coxilha - RS;4305975;RS;DCA-Anexo I-C;Padrão;Receitas Brutas Realizadas;RO1.7.1.8.99.0.0;1.7.1.8.99.0.0 - Outras Transferências da União;85698,00;2743
2021;Prefeitura Municipal de Coxilha - RS;4305975;RS;DCA-Anexo I-C;Padrão;Receitas Brutas Realizadas;RO1.7.2.0.00.0.0;1.7.2.0.00.0.0 - Transferências dos Estados e do Distrito Federal e de suas Entidades;12747565,47;2743
2021;Prefeitura Municipal de Coxilha - RS;4305975;RS;DCA-Anexo I-C;Padrão;Deduções - FUNDEB;RO1.7.2.0.00.0.0;1.7.2.0.00.0.0 - Transferências dos Estados e do Distrito Federal e de suas Entidades;2448744,13;2743
2021;Prefeitura Municipal de Coxilha - RS;4305975;RS;DCA-Anexo I-C;Padrão;Receitas Brutas Realizadas;RO1.7.2.8.00.0.0;1.7.2.8.00.0.0 - Transferências dos Estados - Específicas de Estados, DF e Municípios;12747565,47;2743
2021;Prefeitura Municipal de Coxilha - RS;4305975;RS;DCA-Anexo I-C;Padrão;Deduções - FUNDEB;RO1.7.2.8.00.0.0;1.7.2.8.00.0.0 - Transferências dos Estados - Específicas de Estados, DF e Municípios;2448744,13;2743
2021;Prefeitura Municipal de Coxilha - RS;4305975;RS;DCA-Anexo I-C;Padrão;Receitas Brutas Realizadas;RO1.7.2.8.01.0.0;1.7.2.8.01.0.0 - Participação na Receita dos Estados;12247797,71;2743
2021;Prefeitura Municipal de Coxilha - RS;4305975;RS;DCA-Anexo I-C;Padrão;Deduções - FUNDEB;RO1.7.2.8.01.0.0;1.7.2.8.01.0.0 - Participação na Receita dos Estados;2448744,13;2743
2021;Prefeitura Municipal de Coxilha - RS;4305975;RS;DCA-Anexo I-C;Padrão;Receitas Brutas Realizadas;RO1.7.2.8.01.1.0;1.7.2.8.01.1.0 - Cota-Parte do ICMS;11355088,88;2743
2021;Prefeitura Municipal de Coxilha - RS;4305975;RS;DCA-Anexo I-C;Padrão;Deduções - FUNDEB;RO1.7.2.8.01.1.0;1.7.2.8.01.1.0 - Cota-Parte do ICMS;2271017,82;2743
2021;Prefeitura Municipal de Coxilha - RS;4305975;RS;DCA-Anexo I-C;Padrão;Receitas Brutas Realizadas;RO1.7.2.8.01.2.0;1.7.2.8.01.2.0 - Cota-Parte do IPVA;766229,01;2743
2021;Prefeitura Municipal de Coxilha - RS;4305975;RS;DCA-Anexo I-C;Padrão;Deduções - FUNDEB;RO1.7.2.8.01.2.0;1.7.2.8.01.2.0 - Cota-Parte do IPVA;153246,01;2743
2021;Prefeitura Municipal de Coxilha - RS;4305975;RS;DCA-Anexo I-C;Padrão;Receitas Brutas Realizadas;RO1.7.2.8.01.3.0;1.7.2.8.01.3.0 - Cota-Parte do IPI - Municípios;122401,31;2743
2021;Prefeitura Municipal de Coxilha - RS;4305975;RS;DCA-Anexo I-C;Padrão;Deduções - FUNDEB;RO1.7.2.8.01.3.0;1.7.2.8.01.3.0 - Cota-Parte do IPI - Municípios;24480,30;2743
2021;Prefeitura Municipal de Coxilha - RS;4305975;RS;DCA-Anexo I-C;Padrão;Receitas Brutas Realizadas;RO1.7.2.8.01.4.0;1.7.2.8.01.4.0 - Cota-Parte da Contribuição de Intervenção no Domínio Econômico;4078,51;2743
2021;Prefeitura Municipal de Coxilha - RS;4305975;RS;DCA-Anexo I-C;Padrão;Receitas Brutas Realizadas;RO1.7.2.8.03.0.0;1.7.2.8.03.0.0 - Transferência de Recursos do Estado para Programas de Saúde ¿ Repasse Fundo a Fundo;474321,40;2743
2021;Prefeitura Municipal de Coxilha - RS;4305975;RS;DCA-Anexo I-C;Padrão;Receitas Brutas Realizadas;RO1.7.2.8.07.0.0;1.7.2.8.07.0.0 - Transferências de Estados destinadas à Assistência Social;24854,69;2743
2021;Prefeitura Municipal de Coxilha - RS;4305975;RS;DCA-Anexo I-C;Padrão;Receitas Brutas Realizadas;RO1.7.2.8.99.0.0;1.7.2.8.99.0.0 - Outras Transferências dos Estados;591,67;2743
2021;Prefeitura Municipal de Coxilha - RS;4305975;RS;DCA-Anexo I-C;Padrão;Receitas Brutas Realizadas;RO1.7.3.0.00.0.0;1.7.3.0.00.0.0 - Transferências dos Municípios e de suas Entidades;40874,54;2743
2021;Prefeitura Municipal de Coxilha - RS;4305975;RS;DCA-Anexo I-C;Padrão;Receitas Brutas Realizadas;RO1.7.3.8.00.0.0;1.7.3.8.00.0.0 - Transferências dos Municípios -Específicas de Estados, DF e Municípios;40874,54;2743
2021;Prefeitura Municipal de Coxilha - RS;4305975;RS;DCA-Anexo I-C;Padrão;Receitas Brutas Realizadas;RO1.7.3.8.10.0.0;1.7.3.8.10.0.0 - Transferência de Convênios dos Municípios e de Suas Entidades;40874,54;2743
2021;Prefeitura Municipal de Coxilha - RS;4305975;RS;DCA-Anexo I-C;Padrão;Receitas Brutas Realizadas;RO1.7.3.8.10.9.0;1.7.3.8.10.9.0 - Outras Transferências de Convênios dos Municípios;40874,54;2743
2021;Prefeitura Municipal de Coxilha - RS;4305975;RS;DCA-Anexo I-C;Padrão;Receitas Brutas Realizadas;RO1.7.5.0.00.0.0;1.7.5.0.00.0.0 - Transferências de Outras Instituições Públicas;3542357,97;2743
2021;Prefeitura Municipal de Coxilha - RS;4305975;RS;DCA-Anexo I-C;Padrão;Receitas Brutas Realizadas;RO1.7.5.8.00.0.0;1.7.5.8.00.0.0 - Transferências de Outras Instituições Públicas - Específicas de Estados, DF e Municípios;3542357,97;2743
2021;Prefeitura Municipal de Coxilha - RS;4305975;RS;DCA-Anexo I-C;Padrão;Receitas Brutas Realizadas;RO1.7.5.8.01.0.0;1.7.5.8.01.0.0 - Transferências de Recursos do Fundo de Manutenção e Desenvolvimento da Educação Básica e de Valorização dos Profissionais da Educação ¿ FUNDEB;3542357,97;2743
2021;Prefeitura Municipal de Coxilha - RS;4305975;RS;DCA-Anexo I-C;Padrão;Receitas Brutas Realizadas;RO1.9.0.0.00.0.0;1.9.0.0.00.0.0 - Outras Receitas Correntes;180015,29;2743
2021;Prefeitura Municipal de Coxilha - RS;4305975;RS;DCA-Anexo I-C;Padrão;Receitas Brutas Realizadas;RO1.9.2.0.00.0.0;1.9.2.0.00.0.0 - Indenizações, Restituições e Ressarcimentos;180015,29;2743
2021;Prefeitura Municipal de Coxilha - RS;4305975;RS;DCA-Anexo I-C;Padrão;Receitas Brutas Realizadas;RO1.9.2.8.00.0.0;1.9.2.8.00.0.0 - Indenizações, Restituições e Ressarcimentos - Específicas para Estados/DF/Municípios;180015,29;2743
2021;Prefeitura Municipal de Coxilha - RS;4305975;RS;DCA-Anexo I-C;Padrão;Receitas Brutas Realizadas;RO1.9.2.8.01.0.0;1.9.2.8.01.0.0 - Indenizações- Específicas para Estados/DF/Municípios;84677,43;2743
2021;Prefeitura Municipal de Coxilha - RS;4305975;RS;DCA-Anexo I-C;Padrão;Receitas Brutas Realizadas;RO1.9.2.8.02.0.0;1.9.2.8.02.0.0 - Restituições - Específicas para Estados/DF/Municípios;95337,86;2743
2021;Prefeitura Municipal de Coxilha - RS;4305975;RS;DCA-Anexo I-C;Padrão;Receitas Brutas Realizadas;RO1.9.2.8.02.9.0;1.9.2.8.02.9.0 - Outras Restituições - Específicas para Estados/DF/Municípios - Não Especificadas Anteriormente;95337,86;2743
2021;Prefeitura Municipal de Coxilha - RS;4305975;RS;DCA-Anexo I-C;Padrão;Receitas Brutas Realizadas;RO2.0.0.0.00.0.0;2.0.0.0.00.0.0 - Receitas de Capital;332549,57;2743
2021;Prefeitura Municipal de Coxilha - RS;4305975;RS;DCA-Anexo I-C;Padrão;Receitas Brutas Realizadas;RO2.4.0.0.00.0.0;2.4.0.0.00.0.0 - Transferências de Capital;332549,57;2743
2021;Prefeitura Municipal de Coxilha - RS;4305975;RS;DCA-Anexo I-C;Padrão;Receitas Brutas Realizadas;RO2.4.1.0.00.0.0;2.4.1.0.00.0.0 - Transferências da União e de suas Entidades;240257,14;2743
2021;Prefeitura Municipal de Coxilha - RS;4305975;RS;DCA-Anexo I-C;Padrão;Receitas Brutas Realizadas;RO2.4.1.8.00.0.0;2.4.1.8.00.0.0 - Transferências da União - Específicas de Estados, DF e Municípios;240257,14;2743
2021;Prefeitura Municipal de Coxilha - RS;4305975;RS;DCA-Anexo I-C;Padrão;Receitas Brutas Realizadas;RO2.4.1.8.10.0.0;2.4.1.8.10.0.0 - Transferência de Convênios da União e de suas Entidades;240257,14;2743
2021;Prefeitura Municipal de Coxilha - RS;4305975;RS;DCA-Anexo I-C;Padrão;Receitas Brutas Realizadas;RO2.4.1.8.10.9.0;2.4.1.8.10.9.0 - Outras Transferências de Convênios da União;240257,14;2743
2021;Prefeitura Municipal de Coxilha - RS;4305975;RS;DCA-Anexo I-C;Padrão;Receitas Brutas Realizadas;RO2.4.2.0.00.0.0;2.4.2.0.00.0.0 - Transferências dos Estados e do Distrito Federal e de suas Entidades;92292,43;2743
2021;Prefeitura Municipal de Coxilha - RS;4305975;RS;DCA-Anexo I-C;Padrão;Receitas Brutas Realizadas;RO2.4.2.8.00.0.0;2.4.2.8.00.0.0 - Transferências dos Estados, Distrito Federal, e de suas Entidades;92292,43;2743
2021;Prefeitura Municipal de Coxilha - RS;4305975;RS;DCA-Anexo I-C;Padrão;Receitas Brutas Realizadas;RO2.4.2.8.03.0.0;2.4.2.8.03.0.0 - Transferências de Recursos do Sistema Único de Saúde ¿ SUS;92292,43;2743
2021;Prefeitura Municipal de Coxilha - RS;4305975;RS;DCA-Anexo I-C;Padrão;Receitas Brutas Realizadas;TotalReceitas;TOTAL DAS RECEITAS (III) = (I + II);33639509,48;2743
2021;Prefeitura Municipal de Coxilha - RS;4305975;RS;DCA-Anexo I-C;Padrão;Deduções - FUNDEB;TotalReceitas;TOTAL DAS RECEITAS (III) = (I + II);4755490,34;2743
2021;Prefeitura Municipal de Coxilha - RS;4305975;RS;DCA-Anexo I-C;Padrão;Outras Deduções da Receita;TotalReceitas;TOTAL DAS RECEITAS (III) = (I + II);79958,34;2743
2022;Prefeitura Municipal de Coxilha - RS;4305975;RS;DCA-Anexo I-C;Padrão;Receitas Brutas Realizadas;ReceitasExcetoIntraOrcamentarias;RECEITAS (EXCETO INTRA-ORÇAMENTÁRIAS) (I);38886877,01;2731
2022;Prefeitura Municipal de Coxilha - RS;4305975;RS;DCA-Anexo I-C;Padrão;Deduções - FUNDEB;ReceitasExcetoIntraOrcamentarias;RECEITAS (EXCETO INTRA-ORÇAMENTÁRIAS) (I);5124523,16;2731
2022;Prefeitura Municipal de Coxilha - RS;4305975;RS;DCA-Anexo I-C;Padrão;Outras Deduções da Receita;ReceitasExcetoIntraOrcamentarias;RECEITAS (EXCETO INTRA-ORÇAMENTÁRIAS) (I);47435,09;2731
2022;Prefeitura Municipal de Coxilha - RS;4305975;RS;DCA-Anexo I-C;Padrão;Receitas Brutas Realizadas;RO1.0.0.0.00.0.0;1.0.0.0.00.0.0 - Receitas Correntes;37462162,93;2731
2022;Prefeitura Municipal de Coxilha - RS;4305975;RS;DCA-Anexo I-C;Padrão;Deduções - FUNDEB;RO1.0.0.0.00.0.0;1.0.0.0.00.0.0 - Receitas Correntes;5124523,16;2731
2022;Prefeitura Municipal de Coxilha - RS;4305975;RS;DCA-Anexo I-C;Padrão;Outras Deduções da Receita;RO1.0.0.0.00.0.0;1.0.0.0.00.0.0 - Receitas Correntes;47435,09;2731
2022;Prefeitura Municipal de Coxilha - RS;4305975;RS;DCA-Anexo I-C;Padrão;Receitas Brutas Realizadas;RO1.1.0.0.00.0.0;1.1.0.0.00.0.0 - Impostos, Taxas e Contribuições de Melhoria;2233502,18;2731
2022;Prefeitura Municipal de Coxilha - RS;4305975;RS;DCA-Anexo I-C;Padrão;Outras Deduções da Receita;RO1.1.0.0.00.0.0;1.1.0.0.00.0.0 - Impostos, Taxas e Contribuições de Melhoria;34584,31;2731
2022;Prefeitura Municipal de Coxilha - RS;4305975;RS;DCA-Anexo I-C;Padrão;Receitas Brutas Realizadas;RO1.1.1.0.00.0.0;1.1.1.0.00.0.0 - Impostos;2160258,64;2731
2022;Prefeitura Municipal de Coxilha - RS;4305975;RS;DCA-Anexo I-C;Padrão;Outras Deduções da Receita;RO1.1.1.0.00.0.0;1.1.1.0.00.0.0 - Impostos;34584,31;2731
2022;Prefeitura Municipal de Coxilha - RS;4305975;RS;DCA-Anexo I-C;Padrão;Receitas Brutas Realizadas;RO1.1.1.3.00.0.0;1.1.1.3.00.0.0 - Impostos sobre a Renda e Proventos de Qualquer Natureza;685788,34;2731
2022;Prefeitura Municipal de Coxilha - RS;4305975;RS;DCA-Anexo I-C;Padrão;Receitas Brutas Realizadas;RO1.1.1.3.03.0.0;1.1.1.3.03.0.0 - Imposto sobre a Renda - Retido na Fonte;685788,34;2731
2022;Prefeitura Municipal de Coxilha - RS;4305975;RS;DCA-Anexo I-C;Padrão;Receitas Brutas Realizadas;RO1.1.1.3.03.1.0;1.1.1.3.03.1.0 - Imposto sobre a Renda - Retido na Fonte - Trabalho;642541,35;2731
2022;Prefeitura Municipal de Coxilha - RS;4305975;RS;DCA-Anexo I-C;Padrão;Receitas Brutas Realizadas;RO1.1.1.3.03.4.0;1.1.1.3.03.4.0 - Imposto sobre a Renda - Retido na Fonte - Outros Rendimentos;43246,99;2731
2022;Prefeitura Municipal de Coxilha - RS;4305975;RS;DCA-Anexo I-C;Padrão;Receitas Brutas Realizadas;RO1.1.1.9.00.0.0;1.1.1.9.00.0.0 - Outros Impostos;1474470,30;2731
2022;Prefeitura Municipal de Coxilha - RS;4305975;RS;DCA-Anexo I-C;Padrão;Outras Deduções da Receita;RO1.1.1.9.00.0.0;1.1.1.9.00.0.0 - Outros Impostos;34584,31;2731
2022;Prefeitura Municipal de Coxilha - RS;4305975;RS;DCA-Anexo I-C;Padrão;Receitas Brutas Realizadas;RO1.1.2.0.00.0.0;1.1.2.0.00.0.0 - Taxas;73243,54;2731
2022;Prefeitura Municipal de Coxilha - RS;4305975;RS;DCA-Anexo I-C;Padrão;Receitas Brutas Realizadas;RO1.1.2.1.00.0.0;1.1.2.1.00.0.0 - Taxas pelo Exercício do Poder de Polícia;12556,37;2731
2022;Prefeitura Municipal de Coxilha - RS;4305975;RS;DCA-Anexo I-C;Padrão;Receitas Brutas Realizadas;RO1.1.2.1.01.0.0;1.1.2.1.01.0.0 - Taxas de Inspeção, Controle e Fiscalização;12556,37;2731
2022;Prefeitura Municipal de Coxilha - RS;4305975;RS;DCA-Anexo I-C;Padrão;Receitas Brutas Realizadas;RO1.1.2.2.00.0.0;1.1.2.2.00.0.0 - Taxas pela Prestação de Serviços;60687,17;2731
2022;Prefeitura Municipal de Coxilha - RS;4305975;RS;DCA-Anexo I-C;Padrão;Receitas Brutas Realizadas;RO1.1.2.2.01.0.0;1.1.2.2.01.0.0 - Taxas pela Prestação de Serviços;60687,17;2731
2022;Prefeitura Municipal de Coxilha - RS;4305975;RS;DCA-Anexo I-C;Padrão;Receitas Brutas Realizadas;RO1.2.0.0.00.0.0;1.2.0.0.00.0.0 - Contribuições;408512,49;2731
2022;Prefeitura Municipal de Coxilha - RS;4305975;RS;DCA-Anexo I-C;Padrão;Receitas Brutas Realizadas;RO1.2.2.0.00.0.0;1.2.2.0.00.0.0 - Contribuições Econômicas;351589,80;2731
2022;Prefeitura Municipal de Coxilha - RS;4305975;RS;DCA-Anexo I-C;Padrão;Receitas Brutas Realizadas;RO1.2.2.1.00.0.0;1.2.2.1.00.0.0 - Contribuições Econômicas;351589,80;2731
2022;Prefeitura Municipal de Coxilha - RS;4305975;RS;DCA-Anexo I-C;Padrão;Receitas Brutas Realizadas;RO1.2.2.1.99.0.0;1.2.2.1.99.0.0 - Outras Contribuições Econômicas;351589,80;2731
2022;Prefeitura Municipal de Coxilha - RS;4305975;RS;DCA-Anexo I-C;Padrão;Receitas Brutas Realizadas;RO1.2.4.0.00.0.0;1.2.4.0.00.0.0 - Contribuição para o Custeio do Serviço de Iluminação Pública;56922,69;2731
2022;Prefeitura Municipal de Coxilha - RS;4305975;RS;DCA-Anexo I-C;Padrão;Receitas Brutas Realizadas;RO1.3.0.0.00.0.0;1.3.0.0.00.0.0 - Receita Patrimonial;966464,45;2731
2022;Prefeitura Municipal de Coxilha - RS;4305975;RS;DCA-Anexo I-C;Padrão;Receitas Brutas Realizadas;RO1.3.1.0.00.0.0;1.3.1.0.00.0.0 - Exploração do Patrimônio Imobiliário do Estado;12999,50;2731
2022;Prefeitura Municipal de Coxilha - RS;4305975;RS;DCA-Anexo I-C;Padrão;Receitas Brutas Realizadas;RO1.3.1.1.00.0.0;1.3.1.1.00.0.0 - Exploração do Patrimônio Imobiliário do Estado;12999,50;2731
2022;Prefeitura Municipal de Coxilha - RS;4305975;RS;DCA-Anexo I-C;Padrão;Receitas Brutas Realizadas;RO1.3.1.1.01.0.0;1.3.1.1.01.0.0 - Aluguéis, Arrendamentos, Foros, Laudêmios, Tarifas de Ocupação;12999,50;2731
2022;Prefeitura Municipal de Coxilha - RS;4305975;RS;DCA-Anexo I-C;Padrão;Receitas Brutas Realizadas;RO1.3.1.1.01.1.0;1.3.1.1.01.1.0 - Aluguéis e Arrendamentos;12999,50;2731
2022;Prefeitura Municipal de Coxilha - RS;4305975;RS;DCA-Anexo I-C;Padrão;Receitas Brutas Realizadas;RO1.3.2.0.00.0.0;1.3.2.0.00.0.0 - Valores Mobiliários;612397,41;2731
2022;Prefeitura Municipal de Coxilha - RS;4305975;RS;DCA-Anexo I-C;Padrão;Receitas Brutas Realizadas;RO1.3.2.1.00.0.0;1.3.2.1.00.0.0 - Juros e Correções Monetárias;612397,41;2731
2022;Prefeitura Municipal de Coxilha - RS;4305975;RS;DCA-Anexo I-C;Padrão;Receitas Brutas Realizadas;RO1.3.2.1.01.0.0;1.3.2.1.01.0.0 - Remuneração de Depósitos Bancários;612397,41;2731
2022;Prefeitura Municipal de Coxilha - RS;4305975;RS;DCA-Anexo I-C;Padrão;Receitas Brutas Realizadas;RO1.3.6.0.00.0.0;1.3.6.0.00.0.0 - Cessão de Direitos;341067,54;2731
2022;Prefeitura Municipal de Coxilha - RS;4305975;RS;DCA-Anexo I-C;Padrão;Receitas Brutas Realizadas;RO1.3.6.1.00.0.0;1.3.6.1.00.0.0 - Cessão de Direitos;341067,54;2731
2022;Prefeitura Municipal de Coxilha - RS;4305975;RS;DCA-Anexo I-C;Padrão;Receitas Brutas Realizadas;RO1.3.6.1.01.0.0;1.3.6.1.01.0.0 - Cessão do Direito de Operacionalização de Pagamentos;341067,54;2731
2022;Prefeitura Municipal de Coxilha - RS;4305975;RS;DCA-Anexo I-C;Padrão;Receitas Brutas Realizadas;RO1.3.6.1.01.1.0;1.3.6.1.01.1.0 - Cessão do Direito de Operacionalização de Pagamentos - Poderes Executivo e Legislativo;341067,54;2731
2022;Prefeitura Municipal de Coxilha - RS;4305975;RS;DCA-Anexo I-C;Padrão;Receitas Brutas Realizadas;RO1.6.0.0.00.0.0;1.6.0.0.00.0.0 - Receita de Serviços;388007,46;2731
2022;Prefeitura Municipal de Coxilha - RS;4305975;RS;DCA-Anexo I-C;Padrão;Outras Deduções da Receita;RO1.6.0.0.00.0.0;1.6.0.0.00.0.0 - Receita de Serviços;12850,78;2731
2022;Prefeitura Municipal de Coxilha - RS;4305975;RS;DCA-Anexo I-C;Padrão;Receitas Brutas Realizadas;RO1.6.1.0.00.0.0;1.6.1.0.00.0.0 - Serviços Administrativos e Comerciais Gerais;388007,46;2731
2022;Prefeitura Municipal de Coxilha - RS;4305975;RS;DCA-Anexo I-C;Padrão;Receitas Brutas Realizadas;RO1.6.1.1.00.0.0;1.6.1.1.00.0.0 - Serviços Administrativos e Comerciais Gerais;388007,46;2731
2022;Prefeitura Municipal de Coxilha - RS;4305975;RS;DCA-Anexo I-C;Padrão;Receitas Brutas Realizadas;RO1.6.1.1.01.0.0;1.6.1.1.01.0.0 - Serviços Administrativos e Comerciais Gerais;388007,46;2731
2022;Prefeitura Municipal de Coxilha - RS;4305975;RS;DCA-Anexo I-C;Padrão;Outras Deduções da Receita;RO1.6.9.0.00.0.0;1.6.9.0.00.0.0 - Outros Serviços;12850,78;2731
2022;Prefeitura Municipal de Coxilha - RS;4305975;RS;DCA-Anexo I-C;Padrão;Receitas Brutas Realizadas;RO1.7.0.0.00.0.0;1.7.0.0.00.0.0 - Transferências Correntes;33380343,13;2731
2022;Prefeitura Municipal de Coxilha - RS;4305975;RS;DCA-Anexo I-C;Padrão;Deduções - FUNDEB;RO1.7.0.0.00.0.0;1.7.0.0.00.0.0 - Transferências Correntes;5124523,16;2731
2022;Prefeitura Municipal de Coxilha - RS;4305975;RS;DCA-Anexo I-C;Padrão;Receitas Brutas Realizadas;RO1.7.1.0.00.0.0;1.7.1.0.00.0.0 - Transferências da União e de suas Entidades;17970113,25;2731
2022;Prefeitura Municipal de Coxilha - RS;4305975;RS;DCA-Anexo I-C;Padrão;Deduções - FUNDEB;RO1.7.1.0.00.0.0;1.7.1.0.00.0.0 - Transferências da União e de suas Entidades;2895756,81;2731
2022;Prefeitura Municipal de Coxilha - RS;4305975;RS;DCA-Anexo I-C;Padrão;Receitas Brutas Realizadas;RO1.7.1.1.00.0.0;1.7.1.1.00.0.0 - Transferências Decorrentes de Participação na Receita da União;15666661,49;2731
2022;Prefeitura Municipal de Coxilha - RS;4305975;RS;DCA-Anexo I-C;Padrão;Deduções - FUNDEB;RO1.7.1.1.00.0.0;1.7.1.1.00.0.0 - Transferências Decorrentes de Participação na Receita da União;2895756,81;2731
2022;Prefeitura Municipal de Coxilha - RS;4305975;RS;DCA-Anexo I-C;Padrão;Receitas Brutas Realizadas;RO1.7.1.1.51.0.0;1.7.1.1.51.0.0 -Cota-Parte do Fundo de Participação dos Municípios - FPM;14036392,92;2731
2022;Prefeitura Municipal de Coxilha - RS;4305975;RS;DCA-Anexo I-C;Padrão;Deduções - FUNDEB;RO1.7.1.1.51.0.0;1.7.1.1.51.0.0 -Cota-Parte do Fundo de Participação dos Municípios - FPM;2569703,19;2731
2022;Prefeitura Municipal de Coxilha - RS;4305975;RS;DCA-Anexo I-C;Padrão;Receitas Brutas Realizadas;RO1.7.1.1.51.1.0;1.7.1.1.51.1.0 - Cota-Parte do Fundo de Participação dos Municípios - Cota Mensal;12848517,26;2731
2022;Prefeitura Municipal de Coxilha - RS;4305975;RS;DCA-Anexo I-C;Padrão;Deduções - FUNDEB;RO1.7.1.1.51.1.0;1.7.1.1.51.1.0 - Cota-Parte do Fundo de Participação dos Municípios - Cota Mensal;2569703,19;2731
2022;Prefeitura Municipal de Coxilha - RS;4305975;RS;DCA-Anexo I-C;Padrão;Receitas Brutas Realizadas;RO1.7.1.1.51.2.0;1.7.1.1.51.2.0 - Cota-Parte do Fundo de Participação do Municípios ¿ 1% Cota entregue no mês de dezembro;563764,97;2731
2022;Prefeitura Municipal de Coxilha - RS;4305975;RS;DCA-Anexo I-C;Padrão;Receitas Brutas Realizadas;RO1.7.1.1.51.3.0;1.7.1.1.51.3.0 - Cota-Parte do Fundo de Participação dos Municípios - 1% Cota entregue no mês de julho;624110,69;2731
2022;Prefeitura Municipal de Coxilha - RS;4305975;RS;DCA-Anexo I-C;Padrão;Receitas Brutas Realizadas;RO1.7.1.1.52.0.0;1.7.1.1.52.0.0 - Cota-Parte do Imposto Sobre a Propriedade Territorial Rural;1630268,57;2731
2022;Prefeitura Municipal de Coxilha - RS;4305975;RS;DCA-Anexo I-C;Padrão;Deduções - FUNDEB;RO1.7.1.1.52.0.0;1.7.1.1.52.0.0 - Cota-Parte do Imposto Sobre a Propriedade Territorial Rural;326053,62;2731
2022;Prefeitura Municipal de Coxilha - RS;4305975;RS;DCA-Anexo I-C;Padrão;Receitas Brutas Realizadas;RO1.7.1.2.00.0.0;1.7.1.2.00.0.0 -Transferências das Compensações Financeiras pela Exploração de Recursos Naturais;311033,11;2731
2022;Prefeitura Municipal de Coxilha - RS;4305975;RS;DCA-Anexo I-C;Padrão;Receitas Brutas Realizadas;RO1.7.1.2.52.0.0;1.7.1.2.52.0.0 - Cota-parte da Compensação Financeira pela Produção de Petróleo;311033,11;2731
2022;Prefeitura Municipal de Coxilha - RS;4305975;RS;DCA-Anexo I-C;Padrão;Receitas Brutas Realizadas;RO1.7.1.2.52.4.0;1.7.1.2.52.4.0 - Cota-Parte do Fundo Especial do Petróleo ¿ FEP;311033,11;2731
2022;Prefeitura Municipal de Coxilha - RS;4305975;RS;DCA-Anexo I-C;Padrão;Receitas Brutas Realizadas;RO1.7.1.3.00.0.0;1.7.1.3.00.0.0 -Transferências de Recursos do Sistema Único de Saúde ¿ SUS ;1249764,49;2731
2022;Prefeitura Municipal de Coxilha - RS;4305975;RS;DCA-Anexo I-C;Padrão;Receitas Brutas Realizadas;RO1.7.1.3.50.0.0;1.7.1.3.50.0.0 - Transferências de Recursos do Sistema Único de Saúde ¿ SUS ¿ Repasses Fundo a Fundo - Bloco de Manutenção das Ações e Serviços Públicos de Saúde;543867,52;2731
2022;Prefeitura Municipal de Coxilha - RS;4305975;RS;DCA-Anexo I-C;Padrão;Receitas Brutas Realizadas;RO1.7.1.3.50.1.0;1.7.1.3.50.1.0 - Transferências de Recursos do Bloco de Manutenção das Ações e Serviços Públicos de Saúde ¿ Atenção Primária;493080,13;2731
2022;Prefeitura Municipal de Coxilha - RS;4305975;RS;DCA-Anexo I-C;Padrão;Receitas Brutas Realizadas;RO1.7.1.3.50.3.0;1.7.1.3.50.3.0 - Transferências de Recursos do Bloco de Manutenção das Ações e Serviços Públicos de Saúde ¿ Vigilância em Saúde;33105,03;2731
2022;Prefeitura Municipal de Coxilha - RS;4305975;RS;DCA-Anexo I-C;Padrão;Receitas Brutas Realizadas;RO1.7.1.3.50.4.0;1.7.1.3.50.4.0 -Transferências de Recursos do Bloco de Manutenção das Ações e Serviços Públicos de Saúde ¿ Assistência Farmacêutica;17682,36;2731
2022;Prefeitura Municipal de Coxilha - RS;4305975;RS;DCA-Anexo I-C;Padrão;Receitas Brutas Realizadas;RO1.7.1.3.99.0.0;1.7.1.3.99.0.0 - Outras Transferências de Recursos do Sistema Único de Saúde - SUS;705896,97;2731
2022;Prefeitura Municipal de Coxilha - RS;4305975;RS;DCA-Anexo I-C;Padrão;Receitas Brutas Realizadas;RO1.7.1.4.00.0.0;1.7.1.4.00.0.0 -Transferências de Recursos do Fundo Nacional do Desenvolvimento da Educação ¿ FNDE¿ ;287421,80;2731
2022;Prefeitura Municipal de Coxilha - RS;4305975;RS;DCA-Anexo I-C;Padrão;Receitas Brutas Realizadas;RO1.7.1.4.50.0.0;1.7.1.4.50.0.0 - Transferências do Salário-Educação;276597,00;2731
2022;Prefeitura Municipal de Coxilha - RS;4305975;RS;DCA-Anexo I-C;Padrão;Receitas Brutas Realizadas;RO1.7.1.4.52.0.0;1.7.1.4.52.0.0 - Transferências referentes ao Programa Nacional de Alimentação Escolar ¿ PNAE;10824,80;2731
2022;Prefeitura Municipal de Coxilha - RS;4305975;RS;DCA-Anexo I-C;Padrão;Receitas Brutas Realizadas;RO1.7.1.6.00.0.0;1.7.1.6.00.0.0 - Transferências de Recursos do Fundo Nacional de Assistência Social ¿ FNAS;168023,72;2731
2022;Prefeitura Municipal de Coxilha - RS;4305975;RS;DCA-Anexo I-C;Padrão;Receitas Brutas Realizadas;RO1.7.1.9.00.0.0;1.7.1.9.00.0.0 - Outras Transferências de Recursos da União e de suas Entidades;287208,64;2731
2022;Prefeitura Municipal de Coxilha - RS;4305975;RS;DCA-Anexo I-C;Padrão;Receitas Brutas Realizadas;RO1.7.1.9.99.0.0;1.7.1.9.99.0.0 - Outras Transferências de Recursos da União e de suas Entidades;287208,64;2731
2022;Prefeitura Municipal de Coxilha - RS;4305975;RS;DCA-Anexo I-C;Padrão;Receitas Brutas Realizadas;RO1.7.2.0.00.0.0;1.7.2.0.00.0.0 - Transferências dos Estados e do Distrito Federal e de suas Entidades;11572776,40;2731
2022;Prefeitura Municipal de Coxilha - RS;4305975;RS;DCA-Anexo I-C;Padrão;Deduções - FUNDEB;RO1.7.2.0.00.0.0;1.7.2.0.00.0.0 - Transferências dos Estados e do Distrito Federal e de suas Entidades;2228766,35;2731
2022;Prefeitura Municipal de Coxilha - RS;4305975;RS;DCA-Anexo I-C;Padrão;Receitas Brutas Realizadas;RO1.7.2.1.00.0.0;1.7.2.1.00.0.0 - Participação na Receita dos Estados e Distrito Federal;11157073,16;2731
2022;Prefeitura Municipal de Coxilha - RS;4305975;RS;DCA-Anexo I-C;Padrão;Deduções - FUNDEB;RO1.7.2.1.00.0.0;1.7.2.1.00.0.0 - Participação na Receita dos Estados e Distrito Federal;2228766,35;2731
2022;Prefeitura Municipal de Coxilha - RS;4305975;RS;DCA-Anexo I-C;Padrão;Receitas Brutas Realizadas;RO1.7.2.1.50.0.0;1.7.2.1.50.0.0 - Cota-Parte do ICMS;10139804,95;2731
2022;Prefeitura Municipal de Coxilha - RS;4305975;RS;DCA-Anexo I-C;Padrão;Deduções - FUNDEB;RO1.7.2.1.50.0.0;1.7.2.1.50.0.0 - Cota-Parte do ICMS;2026572,75;2731
2022;Prefeitura Municipal de Coxilha - RS;4305975;RS;DCA-Anexo I-C;Padrão;Receitas Brutas Realizadas;RO1.7.2.1.51.0.0;1.7.2.1.51.0.0 - Cota-Parte do IPVA;910624,92;2731
2022;Prefeitura Municipal de Coxilha - RS;4305975;RS;DCA-Anexo I-C;Padrão;Deduções - FUNDEB;RO1.7.2.1.51.0.0;1.7.2.1.51.0.0 - Cota-Parte do IPVA;182125,15;2731
2022;Prefeitura Municipal de Coxilha - RS;4305975;RS;DCA-Anexo I-C;Padrão;Receitas Brutas Realizadas;RO1.7.2.1.52.0.0;1.7.2.1.52.0.0 - Cota-Parte do IPI - Municípios;100342,13;2731
2022;Prefeitura Municipal de Coxilha - RS;4305975;RS;DCA-Anexo I-C;Padrão;Deduções - FUNDEB;RO1.7.2.1.52.0.0;1.7.2.1.52.0.0 - Cota-Parte do IPI - Municípios;20068,45;2731
2022;Prefeitura Municipal de Coxilha - RS;4305975;RS;DCA-Anexo I-C;Padrão;Receitas Brutas Realizadas;RO1.7.2.1.53.0.0;1.7.2.1.53.0.0 - Cota-Parte da Contribuição de Intervenção no Domínio Econômico;6301,16;2731
2022;Prefeitura Municipal de Coxilha - RS;4305975;RS;DCA-Anexo I-C;Padrão;Receitas Brutas Realizadas;RO1.7.2.3.00.0.0;1.7.2.3.00.0.0 - Transferências de Recursos do Sistema Único de Saúde ¿ SUS;285141,85;2731
2022;Prefeitura Municipal de Coxilha - RS;4305975;RS;DCA-Anexo I-C;Padrão;Receitas Brutas Realizadas;RO1.7.2.4.00.0.0;1.7.2.4.00.0.0 - Transferências de Convênios dos Estados e DF e de Suas Entidades;85726,90;2731
2022;Prefeitura Municipal de Coxilha - RS;4305975;RS;DCA-Anexo I-C;Padrão;Receitas Brutas Realizadas;RO1.7.2.4.51.0.0;1.7.2.4.51.0.0 -Transferências de Convênios dos Estados Destinadas a Programas de Educação;85726,90;2731
2022;Prefeitura Municipal de Coxilha - RS;4305975;RS;DCA-Anexo I-C;Padrão;Receitas Brutas Realizadas;RO1.7.2.9.00.0.0;1.7.2.9.00.0.0 - Outras Transferências dos Estados e Distrito Federal;44834,49;2731
2022;Prefeitura Municipal de Coxilha - RS;4305975;RS;DCA-Anexo I-C;Padrão;Receitas Brutas Realizadas;RO1.7.2.9.51.0.0;1.7.2.9.51.0.0 - Transferências de Estados destinadas à Assistência Social;42767,04;2731
2022;Prefeitura Municipal de Coxilha - RS;4305975;RS;DCA-Anexo I-C;Padrão;Receitas Brutas Realizadas;RO1.7.2.9.99.0.0;1.7.2.9.99.0.0 - Outras Transferências dos Estados e DF;2067,45;2731
2022;Prefeitura Municipal de Coxilha - RS;4305975;RS;DCA-Anexo I-C;Padrão;Receitas Brutas Realizadas;RO1.7.3.0.00.0.0;1.7.3.0.00.0.0 - Transferências dos Municípios e de suas Entidades;66997,90;2731
2022;Prefeitura Municipal de Coxilha - RS;4305975;RS;DCA-Anexo I-C;Padrão;Receitas Brutas Realizadas;RO1.7.3.9.00.0.0;1.7.3.9.00.0.0 - Outras Transferências dos Municípios;66997,90;2731
2022;Prefeitura Municipal de Coxilha - RS;4305975;RS;DCA-Anexo I-C;Padrão;Receitas Brutas Realizadas;RO1.7.3.9.99.0.0;1.7.3.9.99.0.0 - Outras Transferências dos Municípios;66997,90;2731
2022;Prefeitura Municipal de Coxilha - RS;4305975;RS;DCA-Anexo I-C;Padrão;Receitas Brutas Realizadas;RO1.7.5.0.00.0.0;1.7.5.0.00.0.0 - Transferências de Outras Instituições Públicas;3770455,58;2731
2022;Prefeitura Municipal de Coxilha - RS;4305975;RS;DCA-Anexo I-C;Padrão;Receitas Brutas Realizadas;RO1.7.5.1.00.0.0;1.7.5.1.00.0.0 - Transferências de Recursos do Fundo de Manutenção e Desenvolvimento da Educação Básica e de Valorização dos Profissionais da Educação - FUNDEB;3770455,58;2731
2022;Prefeitura Municipal de Coxilha - RS;4305975;RS;DCA-Anexo I-C;Padrão;Receitas Brutas Realizadas;RO1.9.0.0.00.0.0;1.9.0.0.00.0.0 - Outras Receitas Correntes;85333,22;2731
2022;Prefeitura Municipal de Coxilha - RS;4305975;RS;DCA-Anexo I-C;Padrão;Receitas Brutas Realizadas;RO1.9.2.0.00.0.0;1.9.2.0.00.0.0 - Indenizações, Restituições e Ressarcimentos;80308,40;2731
2022;Prefeitura Municipal de Coxilha - RS;4305975;RS;DCA-Anexo I-C;Padrão;Receitas Brutas Realizadas;RO1.9.2.1.00.0.0;1.9.2.1.00.0.0 - Indenizações;17393,39;2731
2022;Prefeitura Municipal de Coxilha - RS;4305975;RS;DCA-Anexo I-C;Padrão;Receitas Brutas Realizadas;RO1.9.2.1.99.0.0;1.9.2.1.99.0.0 - Outras Indenizações;17393,39;2731
2022;Prefeitura Municipal de Coxilha - RS;4305975;RS;DCA-Anexo I-C;Padrão;Receitas Brutas Realizadas;RO1.9.2.2.00.0.0;1.9.2.2.00.0.0 - Restituições;62915,01;2731
2022;Prefeitura Municipal de Coxilha - RS;4305975;RS;DCA-Anexo I-C;Padrão;Receitas Brutas Realizadas;RO1.9.2.2.99.0.0;1.9.2.2.99.0.0 - Outras Restituições;62915,01;2731
2022;Prefeitura Municipal de Coxilha - RS;4305975;RS;DCA-Anexo I-C;Padrão;Receitas Brutas Realizadas;RO1.9.9.0.00.0.0;1.9.9.0.00.0.0 - Demais Receitas Correntes;5024,82;2731
2022;Prefeitura Municipal de Coxilha - RS;4305975;RS;DCA-Anexo I-C;Padrão;Receitas Brutas Realizadas;RO1.9.9.9.00.0.0;1.9.9.9.00.0.0 - Outras Receitas Correntes;5024,82;2731
2022;Prefeitura Municipal de Coxilha - RS;4305975;RS;DCA-Anexo I-C;Padrão;Receitas Brutas Realizadas;RO1.9.9.9.12.0.0;1.9.9.9.12.0.0 - Encargos Legais pela Inscrição em Dívida Ativa e Receitas de Ônus de Sucumbência;5024,82;2731
2022;Prefeitura Municipal de Coxilha - RS;4305975;RS;DCA-Anexo I-C;Padrão;Receitas Brutas Realizadas;RO1.9.9.9.12.2.0;1.9.9.9.12.2.0 - Ônus de Sucumbência;5024,82;2731
2022;Prefeitura Municipal de Coxilha - RS;4305975;RS;DCA-Anexo I-C;Padrão;Receitas Brutas Realizadas;RO2.0.0.0.00.0.0;2.0.0.0.00.0.0 - Receitas de Capital;1424714,08;2731
2022;Prefeitura Municipal de Coxilha - RS;4305975;RS;DCA-Anexo I-C;Padrão;Receitas Brutas Realizadas;RO2.2.0.0.00.0.0;2.2.0.0.00.0.0 - Alienação de Bens;578300,00;2731
2022;Prefeitura Municipal de Coxilha - RS;4305975;RS;DCA-Anexo I-C;Padrão;Receitas Brutas Realizadas;RO2.2.1.0.00.0.0;2.2.1.0.00.0.0 - Alienação de Bens Móveis;578300,00;2731
2022;Prefeitura Municipal de Coxilha - RS;4305975;RS;DCA-Anexo I-C;Padrão;Receitas Brutas Realizadas;RO2.2.1.3.00.0.0;2.2.1.3.00.0.0 - Alienação de Bens Móveis e Semoventes;578300,00;2731
2022;Prefeitura Municipal de Coxilha - RS;4305975;RS;DCA-Anexo I-C;Padrão;Receitas Brutas Realizadas;RO2.4.0.0.00.0.0;2.4.0.0.00.0.0 - Transferências de Capital;846414,08;2731
2022;Prefeitura Municipal de Coxilha - RS;4305975;RS;DCA-Anexo I-C;Padrão;Receitas Brutas Realizadas;RO2.4.1.0.00.0.0;2.4.1.0.00.0.0 - Transferências da União e de suas Entidades;389530,00;2731
2022;Prefeitura Municipal de Coxilha - RS;4305975;RS;DCA-Anexo I-C;Padrão;Receitas Brutas Realizadas;RO2.4.1.1.00.0.0;2.4.1.1.00.0.0 - Transferências de Recursos do Sistema Único de Saúde - SUS;246280,00;2731
2022;Prefeitura Municipal de Coxilha - RS;4305975;RS;DCA-Anexo I-C;Padrão;Receitas Brutas Realizadas;RO2.4.1.1.50.0.0;2.4.1.1.50.0.0 - Transferências de Recursos do Sistema Único de Saúde ¿ SUS ¿ Fundo a Fundo - Bloco de Manutenção das Ações e Serviços Públicos de Saúde;246280,00;2731
2022;Prefeitura Municipal de Coxilha - RS;4305975;RS;DCA-Anexo I-C;Padrão;Receitas Brutas Realizadas;RO2.4.1.1.50.1.0;2.4.1.1.50.1.0 - Transferências de Recursos do Bloco de Manutenção das Ações e Serviços Públicos de Saúde ¿ Atenção Primária;246280,00;2731
2022;Prefeitura Municipal de Coxilha - RS;4305975;RS;DCA-Anexo I-C;Padrão;Receitas Brutas Realizadas;RO2.4.1.4.00.0.0;2.4.1.4.00.0.0 - Transferências de Convênios da União e de suas Entidades ;143250,00;2731
2022;Prefeitura Municipal de Coxilha - RS;4305975;RS;DCA-Anexo I-C;Padrão;Receitas Brutas Realizadas;RO2.4.1.4.99.0.0;2.4.1.4.99.0.0 - Outras Transferências de Convênios da União e de Suas Entidades;143250,00;2731
2022;Prefeitura Municipal de Coxilha - RS;4305975;RS;DCA-Anexo I-C;Padrão;Receitas Brutas Realizadas;RO2.4.2.0.00.0.0;2.4.2.0.00.0.0 - Transferências dos Estados e do Distrito Federal e de suas Entidades;456884,08;2731
2022;Prefeitura Municipal de Coxilha - RS;4305975;RS;DCA-Anexo I-C;Padrão;Receitas Brutas Realizadas;RO2.4.2.2.00.0.0;2.4.2.2.00.0.0 - Transferências de Convênios dos Estados e DF e de Suas Entidades ;175000,00;2731
2022;Prefeitura Municipal de Coxilha - RS;4305975;RS;DCA-Anexo I-C;Padrão;Receitas Brutas Realizadas;RO2.4.2.2.50.0.0;2.4.2.2.50.0.0 - Transferências de Convênios dos Estados para o Sistema Único de Saúde ¿ SUS;175000,00;2731
2022;Prefeitura Municipal de Coxilha - RS;4305975;RS;DCA-Anexo I-C;Padrão;Receitas Brutas Realizadas;RO2.4.2.9.00.0.0;2.4.2.9.00.0.0 - Outras Transferências de Recursos dos Estados;281884,08;2731
2022;Prefeitura Municipal de Coxilha - RS;4305975;RS;DCA-Anexo I-C;Padrão;Receitas Brutas Realizadas;RO2.4.2.9.99.0.0;2.4.2.9.99.0.0 - Outras Transferências de Recursos dos Estados;281884,08;2731
2022;Prefeitura Municipal de Coxilha - RS;4305975;RS;DCA-Anexo I-C;Padrão;Receitas Brutas Realizadas;TotalReceitas;TOTAL DAS RECEITAS (III) = (I + II);38886877,01;2731
2022;Prefeitura Municipal de Coxilha - RS;4305975;RS;DCA-Anexo I-C;Padrão;Deduções - FUNDEB;TotalReceitas;TOTAL DAS RECEITAS (III) = (I + II);5124523,16;2731
2022;Prefeitura Municipal de Coxilha - RS;4305975;RS;DCA-Anexo I-C;Padrão;Outras Deduções da Receita;TotalReceitas;TOTAL DAS RECEITAS (III) = (I + II);47435,09;2731
2023;Prefeitura Municipal de Coxilha - RS;4305975;RS;DCA-Anexo I-C;Padrão;Receitas Brutas Realizadas;ReceitasExcetoIntraOrcamentarias;RECEITAS (EXCETO INTRA-ORÇAMENTÁRIAS) (I);44130501,93;2731
2023;Prefeitura Municipal de Coxilha - RS;4305975;RS;DCA-Anexo I-C;Padrão;Deduções - FUNDEB;ReceitasExcetoIntraOrcamentarias;RECEITAS (EXCETO INTRA-ORÇAMENTÁRIAS) (I);5675061,73;2731
2023;Prefeitura Municipal de Coxilha - RS;4305975;RS;DCA-Anexo I-C;Padrão;Outras Deduções da Receita;ReceitasExcetoIntraOrcamentarias;RECEITAS (EXCETO INTRA-ORÇAMENTÁRIAS) (I);77126,56;2731
2023;Prefeitura Municipal de Coxilha - RS;4305975;RS;DCA-Anexo I-C;Padrão;Receitas Brutas Realizadas;RO1.0.0.0.00.0.0;1.0.0.0.00.0.0 - Receitas Correntes;42312537,78;2731
2023;Prefeitura Municipal de Coxilha - RS;4305975;RS;DCA-Anexo I-C;Padrão;Deduções - FUNDEB;RO1.0.0.0.00.0.0;1.0.0.0.00.0.0 - Receitas Correntes;5675061,73;2731
2023;Prefeitura Municipal de Coxilha - RS;4305975;RS;DCA-Anexo I-C;Padrão;Outras Deduções da Receita;RO1.0.0.0.00.0.0;1.0.0.0.00.0.0 - Receitas Correntes;77126,56;2731
2023;Prefeitura Municipal de Coxilha - RS;4305975;RS;DCA-Anexo I-C;Padrão;Receitas Brutas Realizadas;RO1.1.0.0.00.0.0;1.1.0.0.00.0.0 - Impostos, Taxas e Contribuições de Melhoria;3543439,39;2731
2023;Prefeitura Municipal de Coxilha - RS;4305975;RS;DCA-Anexo I-C;Padrão;Outras Deduções da Receita;RO1.1.0.0.00.0.0;1.1.0.0.00.0.0 - Impostos, Taxas e Contribuições de Melhoria;76949,78;2731
2023;Prefeitura Municipal de Coxilha - RS;4305975;RS;DCA-Anexo I-C;Padrão;Receitas Brutas Realizadas;RO1.1.1.0.00.0.0;1.1.1.0.00.0.0 - Impostos;3468368,19;2731
2023;Prefeitura Municipal de Coxilha - RS;4305975;RS;DCA-Anexo I-C;Padrão;Outras Deduções da Receita;RO1.1.1.0.00.0.0;1.1.1.0.00.0.0 - Impostos;76949,78;2731
2023;Prefeitura Municipal de Coxilha - RS;4305975;RS;DCA-Anexo I-C;Padrão;Receitas Brutas Realizadas;RO1.1.1.2.00.0.0;1.1.1.2.00.0.0 - Impostos sobre o Patrimônio;1809839,79;2731
2023;Prefeitura Municipal de Coxilha - RS;4305975;RS;DCA-Anexo I-C;Padrão;Outras Deduções da Receita;RO1.1.1.2.00.0.0;1.1.1.2.00.0.0 - Impostos sobre o Patrimônio;76871,18;2731
2023;Prefeitura Municipal de Coxilha - RS;4305975;RS;DCA-Anexo I-C;Padrão;Receitas Brutas Realizadas;RO1.1.1.2.50.0.0;1.1.1.2.50.0.0 - Imposto sobre a Propriedade Predial e Territorial Urbana;265162,87;2731
2023;Prefeitura Municipal de Coxilha - RS;4305975;RS;DCA-Anexo I-C;Padrão;Outras Deduções da Receita;RO1.1.1.2.50.0.0;1.1.1.2.50.0.0 - Imposto sobre a Propriedade Predial e Territorial Urbana;30725,27;2731
2023;Prefeitura Municipal de Coxilha - RS;4305975;RS;DCA-Anexo I-C;Padrão;Receitas Brutas Realizadas;RO1.1.1.2.53.0.0;"1.1.1.2.53.0.0 - Impostos sobre Transmissão ""Inter Vivos"" de Bens Imóveis e de Direitos Reais sobre Imóveis";1544676,92;2731
2023;Prefeitura Municipal de Coxilha - RS;4305975;RS;DCA-Anexo I-C;Padrão;Outras Deduções da Receita;RO1.1.1.2.53.0.0;"1.1.1.2.53.0.0 - Impostos sobre Transmissão ""Inter Vivos"" de Bens Imóveis e de Direitos Reais sobre Imóveis";46145,91;2731
2023;Prefeitura Municipal de Coxilha - RS;4305975;RS;DCA-Anexo I-C;Padrão;Receitas Brutas Realizadas;RO1.1.1.3.00.0.0;1.1.1.3.00.0.0 - Impostos sobre a Renda e Proventos de Qualquer Natureza;922904,28;2731
2023;Prefeitura Municipal de Coxilha - RS;4305975;RS;DCA-Anexo I-C;Padrão;Outras Deduções da Receita;RO1.1.1.3.00.0.0;1.1.1.3.00.0.0 - Impostos sobre a Renda e Proventos de Qualquer Natureza;78,60;2731
2023;Prefeitura Municipal de Coxilha - RS;4305975;RS;DCA-Anexo I-C;Padrão;Receitas Brutas Realizadas;RO1.1.1.3.03.0.0;1.1.1.3.03.0.0 - Imposto sobre a Renda - Retido na Fonte;922904,28;2731
2023;Prefeitura Municipal de Coxilha - RS;4305975;RS;DCA-Anexo I-C;Padrão;Outras Deduções da Receita;RO1.1.1.3.03.0.0;1.1.1.3.03.0.0 - Imposto sobre a Renda - Retido na Fonte;78,60;2731
2023;Prefeitura Municipal de Coxilha - RS;4305975;RS;DCA-Anexo I-C;Padrão;Receitas Brutas Realizadas;RO1.1.1.3.03.1.0;1.1.1.3.03.1.0 - Imposto sobre a Renda - Retido na Fonte - Trabalho;774668,17;2731
2023;Prefeitura Municipal de Coxilha - RS;4305975;RS;DCA-Anexo I-C;Padrão;Receitas Brutas Realizadas;RO1.1.1.3.03.2.0;1.1.1.3.03.2.0 - Imposto sobre a Renda - Retido na Fonte - Capital;148236,11;2731
2023;Prefeitura Municipal de Coxilha - RS;4305975;RS;DCA-Anexo I-C;Padrão;Outras Deduções da Receita;RO1.1.1.3.03.2.0;1.1.1.3.03.2.0 - Imposto sobre a Renda - Retido na Fonte - Capital;78,60;2731
2023;Prefeitura Municipal de Coxilha - RS;4305975;RS;DCA-Anexo I-C;Padrão;Receitas Brutas Realizadas;RO1.1.1.4.00.0.0;1.1.1.4.00.0.0 - Impostos sobre a Produção e Circulação de Mercadorias e Serviços;735624,12;2731
2023;Prefeitura Municipal de Coxilha - RS;4305975;RS;DCA-Anexo I-C;Padrão;Receitas Brutas Realizadas;RO1.1.1.4.51.0.0;1.1.1.4.51.0.0 - Impostos sobre Serviços;735624,12;2731
2023;Prefeitura Municipal de Coxilha - RS;4305975;RS;DCA-Anexo I-C;Padrão;Receitas Brutas Realizadas;RO1.1.1.4.51.1.0;1.1.1.4.51.1.0 - Imposto sobre Serviços de Qualquer Natureza - ISSQN;735624,12;2731
2023;Prefeitura Municipal de Coxilha - RS;4305975;RS;DCA-Anexo I-C;Padrão;Receitas Brutas Realizadas;RO1.1.2.0.00.0.0;1.1.2.0.00.0.0 - Taxas;75071,20;2731
2023;Prefeitura Municipal de Coxilha - RS;4305975;RS;DCA-Anexo I-C;Padrão;Receitas Brutas Realizadas;RO1.1.2.1.00.0.0;1.1.2.1.00.0.0 - Taxas pelo Exercício do Poder de Polícia;24439,74;2731
2023;Prefeitura Municipal de Coxilha - RS;4305975;RS;DCA-Anexo I-C;Padrão;Receitas Brutas Realizadas;RO1.1.2.1.01.0.0;1.1.2.1.01.0.0 - Taxas de Inspeção, Controle e Fiscalização;24439,74;2731
2023;Prefeitura Municipal de Coxilha - RS;4305975;RS;DCA-Anexo I-C;Padrão;Receitas Brutas Realizadas;RO1.1.2.2.00.0.0;1.1.2.2.00.0.0 - Taxas pela Prestação de Serviços;50631,46;2731
2023;Prefeitura Municipal de Coxilha - RS;4305975;RS;DCA-Anexo I-C;Padrão;Receitas Brutas Realizadas;RO1.1.2.2.01.0.0;1.1.2.2.01.0.0 - Taxas pela Prestação de Serviços em Geral;50631,46;2731
2023;Prefeitura Municipal de Coxilha - RS;4305975;RS;DCA-Anexo I-C;Padrão;Receitas Brutas Realizadas;RO1.2.0.0.00.0.0;1.2.0.0.00.0.0 - Contribuições;154028,66;2731
2023;Prefeitura Municipal de Coxilha - RS;4305975;RS;DCA-Anexo I-C;Padrão;Receitas Brutas Realizadas;RO1.2.1.0.00.0.0;1.2.1.0.00.0.0 - Contribuições Sociais;91167,12;2731
2023;Prefeitura Municipal de Coxilha - RS;4305975;RS;DCA-Anexo I-C;Padrão;Receitas Brutas Realizadas;RO1.2.1.9.00.0.0;1.2.1.9.00.0.0 - Outras Contribuições Sociais;91167,12;2731
2023;Prefeitura Municipal de Coxilha - RS;4305975;RS;DCA-Anexo I-C;Padrão;Receitas Brutas Realizadas;RO1.2.1.9.99.0.0;1.2.1.9.99.0.0 - Demais Contribuições Sociais;91167,12;2731
2023;Prefeitura Municipal de Coxilha - RS;4305975;RS;DCA-Anexo I-C;Padrão;Receitas Brutas Realizadas;RO1.2.1.9.99.1.0;1.2.1.9.99.1.0 - Demais Contribuições Sociais Não Arrecadadas e Não Projetadas pela RFB;91167,12;2731
2023;Prefeitura Municipal de Coxilha - RS;4305975;RS;DCA-Anexo I-C;Padrão;Receitas Brutas Realizadas;RO1.2.4.0.00.0.0;1.2.4.0.00.0.0 - Contribuição para o Custeio do Serviço de Iluminação Pública;62861,54;2731
2023;Prefeitura Municipal de Coxilha - RS;4305975;RS;DCA-Anexo I-C;Padrão;Receitas Brutas Realizadas;RO1.3.0.0.00.0.0;1.3.0.0.00.0.0 - Receita Patrimonial;595026,24;2731
2023;Prefeitura Municipal de Coxilha - RS;4305975;RS;DCA-Anexo I-C;Padrão;Receitas Brutas Realizadas;RO1.3.1.0.00.0.0;1.3.1.0.00.0.0 - Exploração do Patrimônio Imobiliário do Estado;11869,90;2731
2023;Prefeitura Municipal de Coxilha - RS;4305975;RS;DCA-Anexo I-C;Padrão;Receitas Brutas Realizadas;RO1.3.1.1.00.0.0;1.3.1.1.00.0.0 - Exploração do Patrimônio Imobiliário do Estado;11869,90;2731
2023;Prefeitura Municipal de Coxilha - RS;4305975;RS;DCA-Anexo I-C;Padrão;Receitas Brutas Realizadas;RO1.3.1.1.01.0.0;1.3.1.1.01.0.0 - Aluguéis, Arrendamentos, Foros, Laudêmios, Tarifas de Ocupação;11869,90;2731
2023;Prefeitura Municipal de Coxilha - RS;4305975;RS;DCA-Anexo I-C;Padrão;Receitas Brutas Realizadas;RO1.3.1.1.01.1.0;1.3.1.1.01.1.0 - Aluguéis e Arrendamentos;11869,90;2731
2023;Prefeitura Municipal de Coxilha - RS;4305975;RS;DCA-Anexo I-C;Padrão;Receitas Brutas Realizadas;RO1.3.2.0.00.0.0;1.3.2.0.00.0.0 - Valores Mobiliários;583156,34;2731
2023;Prefeitura Municipal de Coxilha - RS;4305975;RS;DCA-Anexo I-C;Padrão;Receitas Brutas Realizadas;RO1.3.2.1.00.0.0;1.3.2.1.00.0.0 - Juros e Correções Monetárias;583156,34;2731
2023;Prefeitura Municipal de Coxilha - RS;4305975;RS;DCA-Anexo I-C;Padrão;Receitas Brutas Realizadas;RO1.3.2.1.01.0.0;1.3.2.1.01.0.0 - Remuneração de Depósitos Bancários;583156,34;2731
2023;Prefeitura Municipal de Coxilha - RS;4305975;RS;DCA-Anexo I-C;Padrão;Receitas Brutas Realizadas;RO1.6.0.0.00.0.0;1.6.0.0.00.0.0 - Receita de Serviços;429000,18;2731
2023;Prefeitura Municipal de Coxilha - RS;4305975;RS;DCA-Anexo I-C;Padrão;Outras Deduções da Receita;RO1.6.0.0.00.0.0;1.6.0.0.00.0.0 - Receita de Serviços;176,78;2731
2023;Prefeitura Municipal de Coxilha - RS;4305975;RS;DCA-Anexo I-C;Padrão;Receitas Brutas Realizadas;RO1.6.1.0.00.0.0;1.6.1.0.00.0.0 - Serviços Administrativos e Comerciais Gerais;217985,39;2731
2023;Prefeitura Municipal de Coxilha - RS;4305975;RS;DCA-Anexo I-C;Padrão;Outras Deduções da Receita;RO1.6.1.0.00.0.0;1.6.1.0.00.0.0 - Serviços Administrativos e Comerciais Gerais;176,78;2731
2023;Prefeitura Municipal de Coxilha - RS;4305975;RS;DCA-Anexo I-C;Padrão;Receitas Brutas Realizadas;RO1.6.1.1.00.0.0;1.6.1.1.00.0.0 - Serviços Administrativos e Comerciais Gerais;217985,39;2731
2023;Prefeitura Municipal de Coxilha - RS;4305975;RS;DCA-Anexo I-C;Padrão;Outras Deduções da Receita;RO1.6.1.1.00.0.0;1.6.1.1.00.0.0 - Serviços Administrativos e Comerciais Gerais;176,78;2731
2023;Prefeitura Municipal de Coxilha - RS;4305975;RS;DCA-Anexo I-C;Padrão;Receitas Brutas Realizadas;RO1.6.1.1.02.0.0;1.6.1.1.02.0.0 - Inscrição em Concursos e Processos Seletivos;217985,39;2731
2023;Prefeitura Municipal de Coxilha - RS;4305975;RS;DCA-Anexo I-C;Padrão;Outras Deduções da Receita;RO1.6.1.1.02.0.0;1.6.1.1.02.0.0 - Inscrição em Concursos e Processos Seletivos;176,78;2731
2023;Prefeitura Municipal de Coxilha - RS;4305975;RS;DCA-Anexo I-C;Padrão;Receitas Brutas Realizadas;RO1.6.9.0.00.0.0;1.6.9.0.00.0.0 - Outros Serviços;211014,79;2731
2023;Prefeitura Municipal de Coxilha - RS;4305975;RS;DCA-Anexo I-C;Padrão;Receitas Brutas Realizadas;RO1.7.0.0.00.0.0;1.7.0.0.00.0.0 - Transferências Correntes;37513357,70;2731
2023;Prefeitura Municipal de Coxilha - RS;4305975;RS;DCA-Anexo I-C;Padrão;Deduções - FUNDEB;RO1.7.0.0.00.0.0;1.7.0.0.00.0.0 - Transferências Correntes;5675061,73;2731
2023;Prefeitura Municipal de Coxilha - RS;4305975;RS;DCA-Anexo I-C;Padrão;Receitas Brutas Realizadas;RO1.7.1.0.00.0.0;1.7.1.0.00.0.0 - Transferências da União e de suas Entidades;19355253,35;2731
2023;Prefeitura Municipal de Coxilha - RS;4305975;RS;DCA-Anexo I-C;Padrão;Deduções - FUNDEB;RO1.7.1.0.00.0.0;1.7.1.0.00.0.0 - Transferências da União e de suas Entidades;3090966,54;2731
2023;Prefeitura Municipal de Coxilha - RS;4305975;RS;DCA-Anexo I-C;Padrão;Receitas Brutas Realizadas;RO1.7.1.1.00.0.0;1.7.1.1.00.0.0 - Transferências Decorrentes de Participação na Receita da União;16763965,40;2731
2023;Prefeitura Municipal de Coxilha - RS;4305975;RS;DCA-Anexo I-C;Padrão;Deduções - FUNDEB;RO1.7.1.1.00.0.0;1.7.1.1.00.0.0 - Transferências Decorrentes de Participação na Receita da União;3090966,54;2731
2023;Prefeitura Municipal de Coxilha - RS;4305975;RS;DCA-Anexo I-C;Padrão;Receitas Brutas Realizadas;RO1.7.1.1.51.0.0;1.7.1.1.51.0.0 -Cota-Parte do Fundo de Participação dos Municípios - FPM;14536940,70;2731
2023;Prefeitura Municipal de Coxilha - RS;4305975;RS;DCA-Anexo I-C;Padrão;Deduções - FUNDEB;RO1.7.1.1.51.0.0;1.7.1.1.51.0.0 -Cota-Parte do Fundo de Participação dos Municípios - FPM;2645481,71;2731
2023;Prefeitura Municipal de Coxilha - RS;4305975;RS;DCA-Anexo I-C;Padrão;Receitas Brutas Realizadas;RO1.7.1.1.51.1.0;1.7.1.1.51.1.0 - Cota-Parte do Fundo de Participação dos Municípios - Cota Mensal;13227232,61;2731
2023;Prefeitura Municipal de Coxilha - RS;4305975;RS;DCA-Anexo I-C;Padrão;Deduções - FUNDEB;RO1.7.1.1.51.1.0;1.7.1.1.51.1.0 - Cota-Parte do Fundo de Participação dos Municípios - Cota Mensal;2645481,71;2731
2023;Prefeitura Municipal de Coxilha - RS;4305975;RS;DCA-Anexo I-C;Padrão;Receitas Brutas Realizadas;RO1.7.1.1.51.2.0;1.7.1.1.51.2.0 - Cota-Parte do Fundo de Participação dos Municípios - Cotas Extraordinárias;1309708,09;2731
2023;Prefeitura Municipal de Coxilha - RS;4305975;RS;DCA-Anexo I-C;Padrão;Receitas Brutas Realizadas;RO1.7.1.1.52.0.0;1.7.1.1.52.0.0 - Cota-Parte do Imposto Sobre a Propriedade Territorial Rural;2227024,70;2731
2023;Prefeitura Municipal de Coxilha - RS;4305975;RS;DCA-Anexo I-C;Padrão;Deduções - FUNDEB;RO1.7.1.1.52.0.0;1.7.1.1.52.0.0 - Cota-Parte do Imposto Sobre a Propriedade Territorial Rural;445484,83;2731
2023;Prefeitura Municipal de Coxilha - RS;4305975;RS;DCA-Anexo I-C;Padrão;Receitas Brutas Realizadas;RO1.7.1.2.00.0.0;1.7.1.2.00.0.0 -Transferências das Compensações Financeiras pela Exploração de Recursos Naturais;282451,45;2731
2023;Prefeitura Municipal de Coxilha - RS;4305975;RS;DCA-Anexo I-C;Padrão;Receitas Brutas Realizadas;RO1.7.1.2.52.0.0;1.7.1.2.52.0.0 - Cota-parte da Compensação Financeira pela Produção de Petróleo;282451,45;2731
2023;Prefeitura Municipal de Coxilha - RS;4305975;RS;DCA-Anexo I-C;Padrão;Receitas Brutas Realizadas;RO1.7.1.2.52.1.0;1.7.1.2.52.1.0 - Cota-parte da Compensação Financeira pela Produção de Petróleo ¿ Lei nº 7.990/89;282451,45;2731
2023;Prefeitura Municipal de Coxilha - RS;4305975;RS;DCA-Anexo I-C;Padrão;Receitas Brutas Realizadas;RO1.7.1.3.00.0.0;1.7.1.3.00.0.0 -Transferências de Recursos do Sistema Único de Saúde ¿ SUS ;962372,25;2731
2023;Prefeitura Municipal de Coxilha - RS;4305975;RS;DCA-Anexo I-C;Padrão;Receitas Brutas Realizadas;RO1.7.1.3.50.0.0;1.7.1.3.50.0.0 - Transferências de Recursos do Sistema Único de Saúde ¿ SUS ¿ Repasses Fundo a Fundo - Bloco de Manutenção das Ações e Serviços Públicos de Saúde;662372,25;2731
2023;Prefeitura Municipal de Coxilha - RS;4305975;RS;DCA-Anexo I-C;Padrão;Receitas Brutas Realizadas;RO1.7.1.3.50.1.0;1.7.1.3.50.1.0 - Transferências de Recursos do Bloco de Manutenção das Ações e Serviços Públicos de Saúde ¿ Atenção Primária;608266,72;2731
2023;Prefeitura Municipal de Coxilha - RS;4305975;RS;DCA-Anexo I-C;Padrão;Receitas Brutas Realizadas;RO1.7.1.3.50.2.0;1.7.1.3.50.2.0 - Transferências de Recursos do Bloco de Manutenção das Ações e Serviços Públicos de Saúde ¿ Atenção Especializada;161,86;2731
2023;Prefeitura Municipal de Coxilha - RS;4305975;RS;DCA-Anexo I-C;Padrão;Receitas Brutas Realizadas;RO1.7.1.3.50.3.0;1.7.1.3.50.3.0 - Transferências de Recursos do Bloco de Manutenção das Ações e Serviços Públicos de Saúde ¿ Vigilância em Saúde;36261,31;2731
2023;Prefeitura Municipal de Coxilha - RS;4305975;RS;DCA-Anexo I-C;Padrão;Receitas Brutas Realizadas;RO1.7.1.3.50.4.0;1.7.1.3.50.4.0 -Transferências de Recursos do Bloco de Manutenção das Ações e Serviços Públicos de Saúde ¿ Assistência Farmacêutica;17682,36;2731
2023;Prefeitura Municipal de Coxilha - RS;4305975;RS;DCA-Anexo I-C;Padrão;Receitas Brutas Realizadas;RO1.7.1.3.99.0.0;1.7.1.3.99.0.0 - Outras Transferências de Recursos do Sistema Único de Saúde - SUS;300000,00;2731
2023;Prefeitura Municipal de Coxilha - RS;4305975;RS;DCA-Anexo I-C;Padrão;Receitas Brutas Realizadas;RO1.7.1.4.00.0.0;1.7.1.4.00.0.0 -Transferências de Recursos do Fundo Nacional do Desenvolvimento da Educação ¿ FNDE¿ ;388064,07;2731
2023;Prefeitura Municipal de Coxilha - RS;4305975;RS;DCA-Anexo I-C;Padrão;Receitas Brutas Realizadas;RO1.7.1.4.50.0.0;1.7.1.4.50.0.0 - Transferências do Salário-Educação;311163,35;2731
2023;Prefeitura Municipal de Coxilha - RS;4305975;RS;DCA-Anexo I-C;Padrão;Receitas Brutas Realizadas;RO1.7.1.4.53.0.0;1.7.1.4.53.0.0 - Transferências referentes ao Programa Nacional de Apoio ao Transporte do Escolar ¿ PNATE;19502,92;2731
2023;Prefeitura Municipal de Coxilha - RS;4305975;RS;DCA-Anexo I-C;Padrão;Receitas Brutas Realizadas;RO1.7.1.4.99.0.0;1.7.1.4.99.0.0 - Outras Transferências Diretas do Fundo Nacional do Desenvolvimento da Educação - FNDE;57397,80;2731
2023;Prefeitura Municipal de Coxilha - RS;4305975;RS;DCA-Anexo I-C;Padrão;Receitas Brutas Realizadas;RO1.7.1.6.00.0.0;1.7.1.6.00.0.0 - Transferências de Recursos do Fundo Nacional de Assistência Social ¿ FNAS;483460,76;2731
2023;Prefeitura Municipal de Coxilha - RS;4305975;RS;DCA-Anexo I-C;Padrão;Receitas Brutas Realizadas;RO1.7.1.9.00.0.0;1.7.1.9.00.0.0 - Outras Transferências de Recursos da União e de suas Entidades;474939,42;2731
2023;Prefeitura Municipal de Coxilha - RS;4305975;RS;DCA-Anexo I-C;Padrão;Receitas Brutas Realizadas;RO1.7.1.9.58.0.0;1.7.1.9.58.0.0 - Transferência Obrigatória Decorrente da Lei Complementar nº 176/2020;82085,28;2731
2023;Prefeitura Municipal de Coxilha - RS;4305975;RS;DCA-Anexo I-C;Padrão;Receitas Brutas Realizadas;RO1.7.1.9.99.0.0;1.7.1.9.99.0.0 - Outras Transferências de Recursos da União e de suas Entidades;392854,14;2731
2023;Prefeitura Municipal de Coxilha - RS;4305975;RS;DCA-Anexo I-C;Padrão;Receitas Brutas Realizadas;RO1.7.2.0.00.0.0;1.7.2.0.00.0.0 - Transferências dos Estados e do Distrito Federal e de suas Entidades;14088999,97;2731
2023;Prefeitura Municipal de Coxilha - RS;4305975;RS;DCA-Anexo I-C;Padrão;Deduções - FUNDEB;RO1.7.2.0.00.0.0;1.7.2.0.00.0.0 - Transferências dos Estados e do Distrito Federal e de suas Entidades;2584095,19;2731
2023;Prefeitura Municipal de Coxilha - RS;4305975;RS;DCA-Anexo I-C;Padrão;Receitas Brutas Realizadas;RO1.7.2.1.00.0.0;1.7.2.1.00.0.0 - Participação na Receita dos Estados e Distrito Federal;12646156,38;2731
2023;Prefeitura Municipal de Coxilha - RS;4305975;RS;DCA-Anexo I-C;Padrão;Deduções - FUNDEB;RO1.7.2.1.00.0.0;1.7.2.1.00.0.0 - Participação na Receita dos Estados e Distrito Federal;2473636,26;2731
2023;Prefeitura Municipal de Coxilha - RS;4305975;RS;DCA-Anexo I-C;Padrão;Receitas Brutas Realizadas;RO1.7.2.1.50.0.0;1.7.2.1.50.0.0 - Cota-Parte do ICMS;11633303,19;2731
2023;Prefeitura Municipal de Coxilha - RS;4305975;RS;DCA-Anexo I-C;Padrão;Deduções - FUNDEB;RO1.7.2.1.50.0.0;1.7.2.1.50.0.0 - Cota-Parte do ICMS;2277370,48;2731
2023;Prefeitura Municipal de Coxilha - RS;4305975;RS;DCA-Anexo I-C;Padrão;Receitas Brutas Realizadas;RO1.7.2.1.51.0.0;1.7.2.1.51.0.0 - Cota-Parte do IPVA;897308,78;2731
2023;Prefeitura Municipal de Coxilha - RS;4305975;RS;DCA-Anexo I-C;Padrão;Deduções - FUNDEB;RO1.7.2.1.51.0.0;1.7.2.1.51.0.0 - Cota-Parte do IPVA;173409,62;2731
2023;Prefeitura Municipal de Coxilha - RS;4305975;RS;DCA-Anexo I-C;Padrão;Receitas Brutas Realizadas;RO1.7.2.1.52.0.0;1.7.2.1.52.0.0 - Cota-Parte do IPI - Municípios;114280,71;2731
2023;Prefeitura Municipal de Coxilha - RS;4305975;RS;DCA-Anexo I-C;Padrão;Deduções - FUNDEB;RO1.7.2.1.52.0.0;1.7.2.1.52.0.0 - Cota-Parte do IPI - Municípios;22856,16;2731
2023;Prefeitura Municipal de Coxilha - RS;4305975;RS;DCA-Anexo I-C;Padrão;Receitas Brutas Realizadas;RO1.7.2.1.53.0.0;1.7.2.1.53.0.0 - Cota-Parte da Contribuição de Intervenção no Domínio Econômico;1263,70;2731
2023;Prefeitura Municipal de Coxilha - RS;4305975;RS;DCA-Anexo I-C;Padrão;Receitas Brutas Realizadas;RO1.7.2.3.00.0.0;1.7.2.3.00.0.0 - Transferências de Recursos do Sistema Único de Saúde ¿ SUS;347181,44;2731
2023;Prefeitura Municipal de Coxilha - RS;4305975;RS;DCA-Anexo I-C;Padrão;Receitas Brutas Realizadas;RO1.7.2.9.00.0.0;1.7.2.9.00.0.0 - Outras Transferências dos Estados e Distrito Federal;1095662,15;2731
2023;Prefeitura Municipal de Coxilha - RS;4305975;RS;DCA-Anexo I-C;Padrão;Deduções - FUNDEB;RO1.7.2.9.00.0.0;1.7.2.9.00.0.0 - Outras Transferências dos Estados e Distrito Federal;110458,93;2731
2023;Prefeitura Municipal de Coxilha - RS;4305975;RS;DCA-Anexo I-C;Padrão;Receitas Brutas Realizadas;RO1.7.2.9.52.0.0;1.7.2.9.52.0.0 - Transferências de Recursos Destinados a Programas de Educação;91457,30;2731
2023;Prefeitura Municipal de Coxilha - RS;4305975;RS;DCA-Anexo I-C;Padrão;Receitas Brutas Realizadas;RO1.7.2.9.53.0.0;1.7.2.9.53.0.0 - Cota-Parte da Transferência da Compensação Financeira das Perdas com Arrecadação de ICMS - LC nº 194/2022;552294,66;2731
2023;Prefeitura Municipal de Coxilha - RS;4305975;RS;DCA-Anexo I-C;Padrão;Deduções - FUNDEB;RO1.7.2.9.53.0.0;1.7.2.9.53.0.0 - Cota-Parte da Transferência da Compensação Financeira das Perdas com Arrecadação de ICMS - LC nº 194/2022;110458,93;2731
2023;Prefeitura Municipal de Coxilha - RS;4305975;RS;DCA-Anexo I-C;Padrão;Receitas Brutas Realizadas;RO1.7.2.9.99.0.0;1.7.2.9.99.0.0 - Outras Transferências dos Estados e DF;451910,19;2731
2023;Prefeitura Municipal de Coxilha - RS;4305975;RS;DCA-Anexo I-C;Padrão;Receitas Brutas Realizadas;RO1.7.3.0.00.0.0;1.7.3.0.00.0.0 - Transferências dos Municípios e de suas Entidades;16831,88;2731
2023;Prefeitura Municipal de Coxilha - RS;4305975;RS;DCA-Anexo I-C;Padrão;Receitas Brutas Realizadas;RO1.7.3.2.00.0.0;1.7.3.2.00.0.0 - Transferências de Convênios dos Municípios e de Suas Entidades;106,60;2731
2023;Prefeitura Municipal de Coxilha - RS;4305975;RS;DCA-Anexo I-C;Padrão;Receitas Brutas Realizadas;RO1.7.3.2.99.0.0;1.7.3.2.99.0.0 - Outras Transferências de Convênios dos Municípios e de Suas Entidades;106,60;2731
2023;Prefeitura Municipal de Coxilha - RS;4305975;RS;DCA-Anexo I-C;Padrão;Receitas Brutas Realizadas;RO1.7.3.9.00.0.0;1.7.3.9.00.0.0 - Outras Transferências dos Municípios;16725,28;2731
2023;Prefeitura Municipal de Coxilha - RS;4305975;RS;DCA-Anexo I-C;Padrão;Receitas Brutas Realizadas;RO1.7.3.9.99.0.0;1.7.3.9.99.0.0 - Outras Transferências dos Municípios;16725,28;2731
2023;Prefeitura Municipal de Coxilha - RS;4305975;RS;DCA-Anexo I-C;Padrão;Receitas Brutas Realizadas;RO1.7.5.0.00.0.0;1.7.5.0.00.0.0 - Transferências de Outras Instituições Públicas;4052272,50;2731
2023;Prefeitura Municipal de Coxilha - RS;4305975;RS;DCA-Anexo I-C;Padrão;Receitas Brutas Realizadas;RO1.7.5.1.00.0.0;1.7.5.1.00.0.0 - Transferências de Recursos do Fundo de Manutenção e Desenvolvimento da Educação Básica e de Valorização dos Profissionais da Educação - FUNDEB;4050913,09;2731
2023;Prefeitura Municipal de Coxilha - RS;4305975;RS;DCA-Anexo I-C;Padrão;Receitas Brutas Realizadas;RO1.7.5.9.00.0.0;1.7.5.9.00.0.0 - Demais Transferências de Outras Instituições Públicas;1359,41;2731
2023;Prefeitura Municipal de Coxilha - RS;4305975;RS;DCA-Anexo I-C;Padrão;Receitas Brutas Realizadas;RO1.9.0.0.00.0.0;1.9.0.0.00.0.0 - Outras Receitas Correntes;77685,61;2731
2023;Prefeitura Municipal de Coxilha - RS;4305975;RS;DCA-Anexo I-C;Padrão;Receitas Brutas Realizadas;RO1.9.1.0.00.0.0;1.9.1.0.00.0.0 - Multas Administrativas, Contratuais e Judiciais;646,35;2731
2023;Prefeitura Municipal de Coxilha - RS;4305975;RS;DCA-Anexo I-C;Padrão;Receitas Brutas Realizadas;RO1.9.1.1.00.0.0;1.9.1.1.00.0.0 - Multas Administrativas, Contratuais e Judiciais;646,35;2731
2023;Prefeitura Municipal de Coxilha - RS;4305975;RS;DCA-Anexo I-C;Padrão;Receitas Brutas Realizadas;RO1.9.1.1.01.0.0;1.9.1.1.01.0.0 - Multas Previstas em Legislação Específica;646,35;2731
2023;Prefeitura Municipal de Coxilha - RS;4305975;RS;DCA-Anexo I-C;Padrão;Receitas Brutas Realizadas;RO1.9.2.0.00.0.0;1.9.2.0.00.0.0 - Indenizações, Restituições e Ressarcimentos;70126,81;2731
2023;Prefeitura Municipal de Coxilha - RS;4305975;RS;DCA-Anexo I-C;Padrão;Receitas Brutas Realizadas;RO1.9.2.2.00.0.0;1.9.2.2.00.0.0 - Restituições;70126,81;2731
2023;Prefeitura Municipal de Coxilha - RS;4305975;RS;DCA-Anexo I-C;Padrão;Receitas Brutas Realizadas;RO1.9.2.2.06.0.0;1.9.2.2.06.0.0 - Restituição de Despesas de Exercícios Anteriores;643,89;2731
2023;Prefeitura Municipal de Coxilha - RS;4305975;RS;DCA-Anexo I-C;Padrão;Receitas Brutas Realizadas;RO1.9.2.2.06.3.0;1.9.2.2.06.3.0 - Restituição de Despesas Primárias de Exercícios Anteriores;643,89;2731
2023;Prefeitura Municipal de Coxilha - RS;4305975;RS;DCA-Anexo I-C;Padrão;Receitas Brutas Realizadas;RO1.9.2.2.99.0.0;1.9.2.2.99.0.0 - Outras Restituições;69482,92;2731
2023;Prefeitura Municipal de Coxilha - RS;4305975;RS;DCA-Anexo I-C;Padrão;Receitas Brutas Realizadas;RO1.9.9.0.00.0.0;1.9.9.0.00.0.0 - Demais Receitas Correntes;6912,45;2731
2023;Prefeitura Municipal de Coxilha - RS;4305975;RS;DCA-Anexo I-C;Padrão;Receitas Brutas Realizadas;RO1.9.9.9.00.0.0;1.9.9.9.00.0.0 - Outras Receitas Correntes;6912,45;2731
2023;Prefeitura Municipal de Coxilha - RS;4305975;RS;DCA-Anexo I-C;Padrão;Receitas Brutas Realizadas;RO1.9.9.9.12.0.0;1.9.9.9.12.0.0 - Encargos Legais pela Inscrição em Dívida Ativa e Receitas de Ônus de Sucumbência;549,24;2731
2023;Prefeitura Municipal de Coxilha - RS;4305975;RS;DCA-Anexo I-C;Padrão;Receitas Brutas Realizadas;RO1.9.9.9.12.2.0;1.9.9.9.12.2.0 - Ônus de Sucumbência;549,24;2731
2023;Prefeitura Municipal de Coxilha - RS;4305975;RS;DCA-Anexo I-C;Padrão;Receitas Brutas Realizadas;RO1.9.9.9.99.0.0;1.9.9.9.99.0.0 - Outras Receitas;6363,21;2731
2023;Prefeitura Municipal de Coxilha - RS;4305975;RS;DCA-Anexo I-C;Padrão;Receitas Brutas Realizadas;RO1.9.9.9.99.3.0;1.9.9.9.99.3.0 - Outras Receitas Não Arrecadadas e Não Projetadas pela RFB - Financeiras;6363,21;2731
2023;Prefeitura Municipal de Coxilha - RS;4305975;RS;DCA-Anexo I-C;Padrão;Receitas Brutas Realizadas;RO2.0.0.0.00.0.0;2.0.0.0.00.0.0 - Receitas de Capital;1817964,15;2731
2023;Prefeitura Municipal de Coxilha - RS;4305975;RS;DCA-Anexo I-C;Padrão;Receitas Brutas Realizadas;RO2.2.0.0.00.0.0;2.2.0.0.00.0.0 - Alienação de Bens;569450,00;2731
2023;Prefeitura Municipal de Coxilha - RS;4305975;RS;DCA-Anexo I-C;Padrão;Receitas Brutas Realizadas;RO2.2.1.0.00.0.0;2.2.1.0.00.0.0 - Alienação de Bens Móveis;569450,00;2731
2023;Prefeitura Municipal de Coxilha - RS;4305975;RS;DCA-Anexo I-C;Padrão;Receitas Brutas Realizadas;RO2.2.1.3.00.0.0;2.2.1.3.00.0.0 - Alienação de Bens Móveis e Semoventes;569450,00;2731
2023;Prefeitura Municipal de Coxilha - RS;4305975;RS;DCA-Anexo I-C;Padrão;Receitas Brutas Realizadas;RO2.4.0.0.00.0.0;2.4.0.0.00.0.0 - Transferências de Capital;1248514,15;2731
2023;Prefeitura Municipal de Coxilha - RS;4305975;RS;DCA-Anexo I-C;Padrão;Receitas Brutas Realizadas;RO2.4.1.0.00.0.0;2.4.1.0.00.0.0 - Transferências da União e de suas Entidades;923812,00;2731
2023;Prefeitura Municipal de Coxilha - RS;4305975;RS;DCA-Anexo I-C;Padrão;Receitas Brutas Realizadas;RO2.4.1.1.00.0.0;2.4.1.1.00.0.0 - Transferências de Recursos do Sistema Único de Saúde - SUS;323812,00;2731
2023;Prefeitura Municipal de Coxilha - RS;4305975;RS;DCA-Anexo I-C;Padrão;Receitas Brutas Realizadas;RO2.4.1.1.51.0.0;2.4.1.1.51.0.0 - Transferências de Recursos do Sistema Único de Saúde ¿ SUS - Fundo a Fundo - Bloco de Estruturação da Rede de Serviços Públicos de Saúde;323812,00;2731
2023;Prefeitura Municipal de Coxilha - RS;4305975;RS;DCA-Anexo I-C;Padrão;Receitas Brutas Realizadas;RO2.4.1.1.51.1.0;2.4.1.1.51.1.0 - Transferências de Recursos do Bloco de Estruturação da Rede de Serviços Públicos de Saúde - Atenção Primária;323812,00;2731
2023;Prefeitura Municipal de Coxilha - RS;4305975;RS;DCA-Anexo I-C;Padrão;Receitas Brutas Realizadas;RO2.4.1.4.00.0.0;2.4.1.4.00.0.0 - Transferências de Convênios da União e de suas Entidades ;600000,00;2731
2023;Prefeitura Municipal de Coxilha - RS;4305975;RS;DCA-Anexo I-C;Padrão;Receitas Brutas Realizadas;RO2.4.1.4.99.0.0;2.4.1.4.99.0.0 - Outras Transferências de Convênios da União e de Suas Entidades;600000,00;2731
2023;Prefeitura Municipal de Coxilha - RS;4305975;RS;DCA-Anexo I-C;Padrão;Receitas Brutas Realizadas;RO2.4.2.0.00.0.0;2.4.2.0.00.0.0 - Transferências dos Estados e do Distrito Federal e de suas Entidades;324702,15;2731
2023;Prefeitura Municipal de Coxilha - RS;4305975;RS;DCA-Anexo I-C;Padrão;Receitas Brutas Realizadas;RO2.4.2.1.00.0.0;2.4.2.1.00.0.0 - Transferências de Recursos do Sistema Único de Saúde ¿ SUS dos Estados e DF;50000,00;2731
2023;Prefeitura Municipal de Coxilha - RS;4305975;RS;DCA-Anexo I-C;Padrão;Receitas Brutas Realizadas;RO2.4.2.1.50.0.0;2.4.2.1.50.0.0 - Transferências de Recursos do Sistema Único de Saúde ¿ SUS;50000,00;2731
2023;Prefeitura Municipal de Coxilha - RS;4305975;RS;DCA-Anexo I-C;Padrão;Receitas Brutas Realizadas;RO2.4.2.9.00.0.0;2.4.2.9.00.0.0 - Outras Transferências de Recursos dos Estados;274702,15;2731
2023;Prefeitura Municipal de Coxilha - RS;4305975;RS;DCA-Anexo I-C;Padrão;Receitas Brutas Realizadas;RO2.4.2.9.99.0.0;2.4.2.9.99.0.0 - Outras Transferências de Recursos dos Estados;274702,15;2731
2023;Prefeitura Municipal de Coxilha - RS;4305975;RS;DCA-Anexo I-C;Padrão;Receitas Brutas Realizadas;TotalReceitas;TOTAL DAS RECEITAS (III) = (I + II);44130501,93;2731
2023;Prefeitura Municipal de Coxilha - RS;4305975;RS;DCA-Anexo I-C;Padrão;Deduções - FUNDEB;TotalReceitas;TOTAL DAS RECEITAS (III) = (I + II);5675061,73;2731
2023;Prefeitura Municipal de Coxilha - RS;4305975;RS;DCA-Anexo I-C;Padrão;Outras Deduções da Receita;TotalReceitas;TOTAL DAS RECEITAS (III) = (I + II);77126,56;2731
2024;Prefeitura Municipal de Coxilha - RS;4305975;RS;DCA-Anexo I-C;Padrão;Receitas Brutas Realizadas;ReceitasExcetoIntraOrcamentarias;RECEITAS (EXCETO INTRA-ORÇAMENTÁRIAS) (I);50883783,09;3172
2024;Prefeitura Municipal de Coxilha - RS;4305975;RS;DCA-Anexo I-C;Padrão;Deduções - FUNDEB;ReceitasExcetoIntraOrcamentarias;RECEITAS (EXCETO INTRA-ORÇAMENTÁRIAS) (I);6411918,88;3172
2024;Prefeitura Municipal de Coxilha - RS;4305975;RS;DCA-Anexo I-C;Padrão;Outras Deduções da Receita;ReceitasExcetoIntraOrcamentarias;RECEITAS (EXCETO INTRA-ORÇAMENTÁRIAS) (I);38930,69;3172
2024;Prefeitura Municipal de Coxilha - RS;4305975;RS;DCA-Anexo I-C;Padrão;Receitas Brutas Realizadas;RO1.0.0.0.00.0.0;1.0.0.0.00.0.0 - Receitas Correntes;46117195,09;3172
2024;Prefeitura Municipal de Coxilha - RS;4305975;RS;DCA-Anexo I-C;Padrão;Deduções - FUNDEB;RO1.0.0.0.00.0.0;1.0.0.0.00.0.0 - Receitas Correntes;6411918,88;3172
2024;Prefeitura Municipal de Coxilha - RS;4305975;RS;DCA-Anexo I-C;Padrão;Outras Deduções da Receita;RO1.0.0.0.00.0.0;1.0.0.0.00.0.0 - Receitas Correntes;38930,69;3172
2024;Prefeitura Municipal de Coxilha - RS;4305975;RS;DCA-Anexo I-C;Padrão;Receitas Brutas Realizadas;RO1.1.0.0.00.0.0;1.1.0.0.00.0.0 - Impostos, Taxas e Contribuições de Melhoria;3133451,84;3172
2024;Prefeitura Municipal de Coxilha - RS;4305975;RS;DCA-Anexo I-C;Padrão;Outras Deduções da Receita;RO1.1.0.0.00.0.0;1.1.0.0.00.0.0 - Impostos, Taxas e Contribuições de Melhoria;38663,94;3172
2024;Prefeitura Municipal de Coxilha - RS;4305975;RS;DCA-Anexo I-C;Padrão;Receitas Brutas Realizadas;RO1.1.1.0.00.0.0;1.1.1.0.00.0.0 - Impostos;2932471,70;3172
2024;Prefeitura Municipal de Coxilha - RS;4305975;RS;DCA-Anexo I-C;Padrão;Outras Deduções da Receita;RO1.1.1.0.00.0.0;1.1.1.0.00.0.0 - Impostos;32017,97;3172
2024;Prefeitura Municipal de Coxilha - RS;4305975;RS;DCA-Anexo I-C;Padrão;Receitas Brutas Realizadas;RO1.1.1.2.00.0.0;1.1.1.2.00.0.0 - Impostos sobre o Patrimônio;1192504,00;3172
2024;Prefeitura Municipal de Coxilha - RS;4305975;RS;DCA-Anexo I-C;Padrão;Outras Deduções da Receita;RO1.1.1.2.00.0.0;1.1.1.2.00.0.0 - Impostos sobre o Patrimônio;30417,70;3172
2024;Prefeitura Municipal de Coxilha - RS;4305975;RS;DCA-Anexo I-C;Padrão;Receitas Brutas Realizadas;RO1.1.1.2.50.0.0;1.1.1.2.50.0.0 - Imposto sobre a Propriedade Predial e Territorial Urbana;307834,13;3172
2024;Prefeitura Municipal de Coxilha - RS;4305975;RS;DCA-Anexo I-C;Padrão;Outras Deduções da Receita;RO1.1.1.2.50.0.0;1.1.1.2.50.0.0 - Imposto sobre a Propriedade Predial e Territorial Urbana;30417,70;3172
2024;Prefeitura Municipal de Coxilha - RS;4305975;RS;DCA-Anexo I-C;Padrão;Receitas Brutas Realizadas;RO1.1.1.2.53.0.0;"1.1.1.2.53.0.0 - Impostos sobre Transmissão ""Inter Vivos"" de Bens Imóveis e de Direitos Reais sobre Imóveis";884669,87;3172
2024;Prefeitura Municipal de Coxilha - RS;4305975;RS;DCA-Anexo I-C;Padrão;Receitas Brutas Realizadas;RO1.1.1.3.00.0.0;1.1.1.3.00.0.0 - Impostos sobre a Renda e Proventos de Qualquer Natureza;1023382,00;3172
2024;Prefeitura Municipal de Coxilha - RS;4305975;RS;DCA-Anexo I-C;Padrão;Outras Deduções da Receita;RO1.1.1.3.00.0.0;1.1.1.3.00.0.0 - Impostos sobre a Renda e Proventos de Qualquer Natureza;121,02;3172
2024;Prefeitura Municipal de Coxilha - RS;4305975;RS;DCA-Anexo I-C;Padrão;Receitas Brutas Realizadas;RO1.1.1.3.03.0.0;1.1.1.3.03.0.0 - Imposto sobre a Renda - Retido na Fonte;1023382,00;3172
2024;Prefeitura Municipal de Coxilha - RS;4305975;RS;DCA-Anexo I-C;Padrão;Outras Deduções da Receita;RO1.1.1.3.03.0.0;1.1.1.3.03.0.0 - Imposto sobre a Renda - Retido na Fonte;121,02;3172
2024;Prefeitura Municipal de Coxilha - RS;4305975;RS;DCA-Anexo I-C;Padrão;Receitas Brutas Realizadas;RO1.1.1.3.03.1.0;1.1.1.3.03.1.0 - Imposto sobre a Renda - Retido na Fonte - Trabalho;845590,51;3172
2024;Prefeitura Municipal de Coxilha - RS;4305975;RS;DCA-Anexo I-C;Padrão;Receitas Brutas Realizadas;RO1.1.1.3.03.4.0;1.1.1.3.03.4.0 - Imposto sobre a Renda - Retido na Fonte - Outros Rendimentos;177791,49;3172
2024;Prefeitura Municipal de Coxilha - RS;4305975;RS;DCA-Anexo I-C;Padrão;Outras Deduções da Receita;RO1.1.1.3.03.4.0;1.1.1.3.03.4.0 - Imposto sobre a Renda - Retido na Fonte - Outros Rendimentos;121,02;3172
2024;Prefeitura Municipal de Coxilha - RS;4305975;RS;DCA-Anexo I-C;Padrão;Receitas Brutas Realizadas;RO1.1.1.4.00.0.0;1.1.1.4.00.0.0 - Impostos sobre a Produção e Circulação de Mercadorias e Serviços;716585,70;3172
2024;Prefeitura Municipal de Coxilha - RS;4305975;RS;DCA-Anexo I-C;Padrão;Outras Deduções da Receita;RO1.1.1.4.00.0.0;1.1.1.4.00.0.0 - Impostos sobre a Produção e Circulação de Mercadorias e Serviços;1479,25;3172
2024;Prefeitura Municipal de Coxilha - RS;4305975;RS;DCA-Anexo I-C;Padrão;Receitas Brutas Realizadas;RO1.1.1.4.51.0.0;1.1.1.4.51.0.0 - Impostos sobre Serviços;716585,70;3172
2024;Prefeitura Municipal de Coxilha - RS;4305975;RS;DCA-Anexo I-C;Padrão;Outras Deduções da Receita;RO1.1.1.4.51.0.0;1.1.1.4.51.0.0 - Impostos sobre Serviços;1479,25;3172
2024;Prefeitura Municipal de Coxilha - RS;4305975;RS;DCA-Anexo I-C;Padrão;Receitas Brutas Realizadas;RO1.1.1.4.51.1.0;1.1.1.4.51.1.0 - Imposto sobre Serviços de Qualquer Natureza - ISSQN;716585,70;3172
2024;Prefeitura Municipal de Coxilha - RS;4305975;RS;DCA-Anexo I-C;Padrão;Outras Deduções da Receita;RO1.1.1.4.51.1.0;1.1.1.4.51.1.0 - Imposto sobre Serviços de Qualquer Natureza - ISSQN;1479,25;3172
2024;Prefeitura Municipal de Coxilha - RS;4305975;RS;DCA-Anexo I-C;Padrão;Receitas Brutas Realizadas;RO1.1.2.0.00.0.0;1.1.2.0.00.0.0 - Taxas;69556,76;3172
2024;Prefeitura Municipal de Coxilha - RS;4305975;RS;DCA-Anexo I-C;Padrão;Receitas Brutas Realizadas;RO1.1.2.1.00.0.0;1.1.2.1.00.0.0 - Taxas pelo Exercício do Poder de Polícia;26306,90;3172
2024;Prefeitura Municipal de Coxilha - RS;4305975;RS;DCA-Anexo I-C;Padrão;Receitas Brutas Realizadas;RO1.1.2.1.01.0.0;1.1.2.1.01.0.0 - Taxas de Inspeção, Controle e Fiscalização;26306,90;3172
2024;Prefeitura Municipal de Coxilha - RS;4305975;RS;DCA-Anexo I-C;Padrão;Receitas Brutas Realizadas;RO1.1.2.2.00.0.0;1.1.2.2.00.0.0 - Taxas pela Prestação de Serviços;43249,86;3172
2024;Prefeitura Municipal de Coxilha - RS;4305975;RS;DCA-Anexo I-C;Padrão;Receitas Brutas Realizadas;RO1.1.2.2.01.0.0;1.1.2.2.01.0.0 - Taxas pela Prestação de Serviços em Geral;43249,86;3172
2024;Prefeitura Municipal de Coxilha - RS;4305975;RS;DCA-Anexo I-C;Padrão;Receitas Brutas Realizadas;RO1.1.3.0.00.0.0;1.1.3.0.00.0.0 - Contribuição de Melhoria;131423,38;3172
2024;Prefeitura Municipal de Coxilha - RS;4305975;RS;DCA-Anexo I-C;Padrão;Outras Deduções da Receita;RO1.1.3.0.00.0.0;1.1.3.0.00.0.0 - Contribuição de Melhoria;6645,97;3172
2024;Prefeitura Municipal de Coxilha - RS;4305975;RS;DCA-Anexo I-C;Padrão;Receitas Brutas Realizadas;RO1.1.3.1.00.0.0;1.1.3.1.00.0.0 - Contribuição de Melhoria;131423,38;3172
2024;Prefeitura Municipal de Coxilha - RS;4305975;RS;DCA-Anexo I-C;Padrão;Outras Deduções da Receita;RO1.1.3.1.00.0.0;1.1.3.1.00.0.0 - Contribuição de Melhoria;6645,97;3172
2024;Prefeitura Municipal de Coxilha - RS;4305975;RS;DCA-Anexo I-C;Padrão;Receitas Brutas Realizadas;RO1.1.3.1.53.0.0;1.1.3.1.53.0.0 - Contribuição de Melhoria para Pavimentação e Obras Complementares;131423,38;3172
2024;Prefeitura Municipal de Coxilha - RS;4305975;RS;DCA-Anexo I-C;Padrão;Outras Deduções da Receita;RO1.1.3.1.53.0.0;1.1.3.1.53.0.0 - Contribuição de Melhoria para Pavimentação e Obras Complementares;6645,97;3172
2024;Prefeitura Municipal de Coxilha - RS;4305975;RS;DCA-Anexo I-C;Padrão;Receitas Brutas Realizadas;RO1.2.0.0.00.0.0;1.2.0.0.00.0.0 - Contribuições;250158,04;3172
2024;Prefeitura Municipal de Coxilha - RS;4305975;RS;DCA-Anexo I-C;Padrão;Receitas Brutas Realizadas;RO1.2.1.0.00.0.0;1.2.1.0.00.0.0 - Contribuições Sociais;177587,64;3172
2024;Prefeitura Municipal de Coxilha - RS;4305975;RS;DCA-Anexo I-C;Padrão;Receitas Brutas Realizadas;RO1.2.1.9.00.0.0;1.2.1.9.00.0.0 - Outras Contribuições Sociais;177587,64;3172
2024;Prefeitura Municipal de Coxilha - RS;4305975;RS;DCA-Anexo I-C;Padrão;Receitas Brutas Realizadas;RO1.2.1.9.99.0.0;1.2.1.9.99.0.0 - Demais Contribuições Sociais;177587,64;3172
2024;Prefeitura Municipal de Coxilha - RS;4305975;RS;DCA-Anexo I-C;Padrão;Receitas Brutas Realizadas;RO1.2.1.9.99.1.0;1.2.1.9.99.1.0 - Demais Contribuições Sociais Não Arrecadadas e Não Projetadas pela RFB;177587,64;3172
2024;Prefeitura Municipal de Coxilha - RS;4305975;RS;DCA-Anexo I-C;Padrão;Receitas Brutas Realizadas;RO1.2.4.0.00.0.0;1.2.4.0.00.0.0 - Contribuição para o Custeio do Serviço de Iluminação Pública;72570,40;3172
2024;Prefeitura Municipal de Coxilha - RS;4305975;RS;DCA-Anexo I-C;Padrão;Receitas Brutas Realizadas;RO1.3.0.0.00.0.0;1.3.0.0.00.0.0 - Receita Patrimonial;752932,64;3172
2024;Prefeitura Municipal de Coxilha - RS;4305975;RS;DCA-Anexo I-C;Padrão;Receitas Brutas Realizadas;RO1.3.1.0.00.0.0;1.3.1.0.00.0.0 - Exploração do Patrimônio Imobiliário do Estado;12918,40;3172
2024;Prefeitura Municipal de Coxilha - RS;4305975;RS;DCA-Anexo I-C;Padrão;Receitas Brutas Realizadas;RO1.3.1.1.00.0.0;1.3.1.1.00.0.0 - Exploração do Patrimônio Imobiliário do Estado;12918,40;3172
2024;Prefeitura Municipal de Coxilha - RS;4305975;RS;DCA-Anexo I-C;Padrão;Receitas Brutas Realizadas;RO1.3.1.1.01.0.0;1.3.1.1.01.0.0 - Aluguéis, Arrendamentos, Foros, Laudêmios, Tarifas de Ocupação;12918,40;3172
2024;Prefeitura Municipal de Coxilha - RS;4305975;RS;DCA-Anexo I-C;Padrão;Receitas Brutas Realizadas;RO1.3.1.1.01.1.0;1.3.1.1.01.1.0 - Aluguéis e Arrendamentos;12918,40;3172
2024;Prefeitura Municipal de Coxilha - RS;4305975;RS;DCA-Anexo I-C;Padrão;Receitas Brutas Realizadas;RO1.3.2.0.00.0.0;1.3.2.0.00.0.0 - Valores Mobiliários;740014,24;3172
2024;Prefeitura Municipal de Coxilha - RS;4305975;RS;DCA-Anexo I-C;Padrão;Receitas Brutas Realizadas;RO1.3.2.1.00.0.0;1.3.2.1.00.0.0 - Juros e Correções Monetárias;740014,24;3172
2024;Prefeitura Municipal de Coxilha - RS;4305975;RS;DCA-Anexo I-C;Padrão;Receitas Brutas Realizadas;RO1.3.2.1.01.0.0;1.3.2.1.01.0.0 - Remuneração de Depósitos Bancários;740014,24;3172
2024;Prefeitura Municipal de Coxilha - RS;4305975;RS;DCA-Anexo I-C;Padrão;Receitas Brutas Realizadas;RO1.6.0.0.00.0.0;1.6.0.0.00.0.0 - Receita de Serviços;469121,70;3172
2024;Prefeitura Municipal de Coxilha - RS;4305975;RS;DCA-Anexo I-C;Padrão;Outras Deduções da Receita;RO1.6.0.0.00.0.0;1.6.0.0.00.0.0 - Receita de Serviços;266,75;3172
2024;Prefeitura Municipal de Coxilha - RS;4305975;RS;DCA-Anexo I-C;Padrão;Receitas Brutas Realizadas;RO1.6.1.0.00.0.0;1.6.1.0.00.0.0 - Serviços Administrativos e Comerciais Gerais;63157,40;3172
2024;Prefeitura Municipal de Coxilha - RS;4305975;RS;DCA-Anexo I-C;Padrão;Outras Deduções da Receita;RO1.6.1.0.00.0.0;1.6.1.0.00.0.0 - Serviços Administrativos e Comerciais Gerais;266,75;3172
2024;Prefeitura Municipal de Coxilha - RS;4305975;RS;DCA-Anexo I-C;Padrão;Receitas Brutas Realizadas;RO1.6.1.1.00.0.0;1.6.1.1.00.0.0 - Serviços Administrativos e Comerciais Gerais;63157,40;3172
2024;Prefeitura Municipal de Coxilha - RS;4305975;RS;DCA-Anexo I-C;Padrão;Outras Deduções da Receita;RO1.6.1.1.00.0.0;1.6.1.1.00.0.0 - Serviços Administrativos e Comerciais Gerais;266,75;3172
2024;Prefeitura Municipal de Coxilha - RS;4305975;RS;DCA-Anexo I-C;Padrão;Receitas Brutas Realizadas;RO1.6.1.1.01.0.0;1.6.1.1.01.0.0 - Serviços Administrativos e Comerciais Gerais Prestados por Entidades e Órgãos Públicos em Geral;63157,40;3172
2024;Prefeitura Municipal de Coxilha - RS;4305975;RS;DCA-Anexo I-C;Padrão;Outras Deduções da Receita;RO1.6.1.1.01.0.0;1.6.1.1.01.0.0 - Serviços Administrativos e Comerciais Gerais Prestados por Entidades e Órgãos Públicos em Geral;266,75;3172
2024;Prefeitura Municipal de Coxilha - RS;4305975;RS;DCA-Anexo I-C;Padrão;Receitas Brutas Realizadas;RO1.6.9.0.00.0.0;1.6.9.0.00.0.0 - Outros Serviços;405964,30;3172
2024;Prefeitura Municipal de Coxilha - RS;4305975;RS;DCA-Anexo I-C;Padrão;Receitas Brutas Realizadas;RO1.7.0.0.00.0.0;1.7.0.0.00.0.0 - Transferências Correntes;41403638,27;3172
2024;Prefeitura Municipal de Coxilha - RS;4305975;RS;DCA-Anexo I-C;Padrão;Deduções - FUNDEB;RO1.7.0.0.00.0.0;1.7.0.0.00.0.0 - Transferências Correntes;6411918,88;3172
2024;Prefeitura Municipal de Coxilha - RS;4305975;RS;DCA-Anexo I-C;Padrão;Receitas Brutas Realizadas;RO1.7.1.0.00.0.0;1.7.1.0.00.0.0 - Transferências da União e de suas Entidades;21499599,18;3172
2024;Prefeitura Municipal de Coxilha - RS;4305975;RS;DCA-Anexo I-C;Padrão;Deduções - FUNDEB;RO1.7.1.0.00.0.0;1.7.1.0.00.0.0 - Transferências da União e de suas Entidades;3453902,14;3172
2024;Prefeitura Municipal de Coxilha - RS;4305975;RS;DCA-Anexo I-C;Padrão;Receitas Brutas Realizadas;RO1.7.1.1.00.0.0;1.7.1.1.00.0.0 - Transferências Decorrentes de Participação na Receita da União;18992723,85;3172
2024;Prefeitura Municipal de Coxilha - RS;4305975;RS;DCA-Anexo I-C;Padrão;Deduções - FUNDEB;RO1.7.1.1.00.0.0;1.7.1.1.00.0.0 - Transferências Decorrentes de Participação na Receita da União;3453902,14;3172
2024;Prefeitura Municipal de Coxilha - RS;4305975;RS;DCA-Anexo I-C;Padrão;Receitas Brutas Realizadas;RO1.7.1.1.51.0.0;1.7.1.1.51.0.0 -Cota-Parte do Fundo de Participação dos Municípios - FPM;16882497,70;3172
2024;Prefeitura Municipal de Coxilha - RS;4305975;RS;DCA-Anexo I-C;Padrão;Deduções - FUNDEB;RO1.7.1.1.51.0.0;1.7.1.1.51.0.0 -Cota-Parte do Fundo de Participação dos Municípios - FPM;3031857,02;3172
2024;Prefeitura Municipal de Coxilha - RS;4305975;RS;DCA-Anexo I-C;Padrão;Receitas Brutas Realizadas;RO1.7.1.1.51.1.0;1.7.1.1.51.1.0 - Cota-Parte do Fundo de Participação dos Municípios - Cota Mensal;15299438,71;3172
2024;Prefeitura Municipal de Coxilha - RS;4305975;RS;DCA-Anexo I-C;Padrão;Deduções - FUNDEB;RO1.7.1.1.51.1.0;1.7.1.1.51.1.0 - Cota-Parte do Fundo de Participação dos Municípios - Cota Mensal;3031857,02;3172
2024;Prefeitura Municipal de Coxilha - RS;4305975;RS;DCA-Anexo I-C;Padrão;Receitas Brutas Realizadas;RO1.7.1.1.51.2.0;1.7.1.1.51.2.0 - Cota-Parte do Fundo de Participação dos Municípios - Cotas Extraordinárias;1583058,99;3172
2024;Prefeitura Municipal de Coxilha - RS;4305975;RS;DCA-Anexo I-C;Padrão;Receitas Brutas Realizadas;RO1.7.1.1.52.0.0;1.7.1.1.52.0.0 - Cota-Parte do Imposto Sobre a Propriedade Territorial Rural;2110226,15;3172
2024;Prefeitura Municipal de Coxilha - RS;4305975;RS;DCA-Anexo I-C;Padrão;Deduções - FUNDEB;RO1.7.1.1.52.0.0;1.7.1.1.52.0.0 - Cota-Parte do Imposto Sobre a Propriedade Territorial Rural;422045,12;3172
2024;Prefeitura Municipal de Coxilha - RS;4305975;RS;DCA-Anexo I-C;Padrão;Receitas Brutas Realizadas;RO1.7.1.2.00.0.0;1.7.1.2.00.0.0 -Transferências das Compensações Financeiras pela Exploração de Recursos Naturais;306326,13;3172
2024;Prefeitura Municipal de Coxilha - RS;4305975;RS;DCA-Anexo I-C;Padrão;Receitas Brutas Realizadas;RO1.7.1.2.51.0.0;1.7.1.2.51.0.0 -Cota-parte da Compensação Financeira pela Exploração de Recursos Minerais - CFEM;1837,22;3172
2024;Prefeitura Municipal de Coxilha - RS;4305975;RS;DCA-Anexo I-C;Padrão;Receitas Brutas Realizadas;RO1.7.1.2.52.0.0;1.7.1.2.52.0.0 - Cota-parte da Compensação Financeira pela Produção de Petróleo;304488,91;3172
2024;Prefeitura Municipal de Coxilha - RS;4305975;RS;DCA-Anexo I-C;Padrão;Receitas Brutas Realizadas;RO1.7.1.2.52.4.0;1.7.1.2.52.4.0 - Cota-Parte do Fundo Especial do Petróleo ¿ FEP;304488,91;3172
2024;Prefeitura Municipal de Coxilha - RS;4305975;RS;DCA-Anexo I-C;Padrão;Receitas Brutas Realizadas;RO1.7.1.3.00.0.0;1.7.1.3.00.0.0 -Transferências de Recursos do Sistema Único de Saúde ¿ SUS ;1649847,70;3172
2024;Prefeitura Municipal de Coxilha - RS;4305975;RS;DCA-Anexo I-C;Padrão;Receitas Brutas Realizadas;RO1.7.1.3.50.0.0;1.7.1.3.50.0.0 - Transferências de Recursos do Sistema Único de Saúde ¿ SUS ¿ Repasses Fundo a Fundo - Bloco de Manutenção das Ações e Serviços Públicos de Saúde;1649847,70;3172
2024;Prefeitura Municipal de Coxilha - RS;4305975;RS;DCA-Anexo I-C;Padrão;Receitas Brutas Realizadas;RO1.7.1.3.50.1.0;1.7.1.3.50.1.0 - Transferências de Recursos do Bloco de Manutenção das Ações e Serviços Públicos de Saúde ¿ Atenção Primária;1563687,58;3172
2024;Prefeitura Municipal de Coxilha - RS;4305975;RS;DCA-Anexo I-C;Padrão;Receitas Brutas Realizadas;RO1.7.1.3.50.3.0;1.7.1.3.50.3.0 - Transferências de Recursos do Bloco de Manutenção das Ações e Serviços Públicos de Saúde ¿ Vigilância em Saúde;62495,00;3172
2024;Prefeitura Municipal de Coxilha - RS;4305975;RS;DCA-Anexo I-C;Padrão;Receitas Brutas Realizadas;RO1.7.1.3.50.4.0;1.7.1.3.50.4.0 -Transferências de Recursos do Bloco de Manutenção das Ações e Serviços Públicos de Saúde ¿ Assistência Farmacêutica;23665,12;3172
2024;Prefeitura Municipal de Coxilha - RS;4305975;RS;DCA-Anexo I-C;Padrão;Receitas Brutas Realizadas;RO1.7.1.4.00.0.0;1.7.1.4.00.0.0 -Transferências de Recursos do Fundo Nacional do Desenvolvimento da Educação ¿ FNDE¿ ;439933,72;3172
2024;Prefeitura Municipal de Coxilha - RS;4305975;RS;DCA-Anexo I-C;Padrão;Receitas Brutas Realizadas;RO1.7.1.4.50.0.0;1.7.1.4.50.0.0 - Transferências do Salário-Educação;291365,29;3172
2024;Prefeitura Municipal de Coxilha - RS;4305975;RS;DCA-Anexo I-C;Padrão;Receitas Brutas Realizadas;RO1.7.1.4.52.0.0;1.7.1.4.52.0.0 - Transferências referentes ao Programa Nacional de Alimentação Escolar ¿ PNAE;78435,69;3172
2024;Prefeitura Municipal de Coxilha - RS;4305975;RS;DCA-Anexo I-C;Padrão;Receitas Brutas Realizadas;RO1.7.1.4.53.0.0;1.7.1.4.53.0.0 - Transferências referentes ao Programa Nacional de Apoio ao Transporte do Escolar ¿ PNATE;12734,94;3172
2024;Prefeitura Municipal de Coxilha - RS;4305975;RS;DCA-Anexo I-C;Padrão;Receitas Brutas Realizadas;RO1.7.1.4.99.0.0;1.7.1.4.99.0.0 - Outras Transferências Diretas do Fundo Nacional do Desenvolvimento da Educação - FNDE;57397,80;3172
2024;Prefeitura Municipal de Coxilha - RS;4305975;RS;DCA-Anexo I-C;Padrão;Receitas Brutas Realizadas;RO1.7.1.6.00.0.0;1.7.1.6.00.0.0 - Transferências de Recursos do Fundo Nacional de Assistência Social ¿ FNAS;34816,70;3172
2024;Prefeitura Municipal de Coxilha - RS;4305975;RS;DCA-Anexo I-C;Padrão;Receitas Brutas Realizadas;RO1.7.1.9.00.0.0;1.7.1.9.00.0.0 - Outras Transferências de Recursos da União e de suas Entidades;75951,08;3172
2024;Prefeitura Municipal de Coxilha - RS;4305975;RS;DCA-Anexo I-C;Padrão;Receitas Brutas Realizadas;RO1.7.1.9.58.0.0;1.7.1.9.58.0.0 - Transferência Obrigatória Decorrente da Lei Complementar nº 176/2020;75751,08;3172
2024;Prefeitura Municipal de Coxilha - RS;4305975;RS;DCA-Anexo I-C;Padrão;Receitas Brutas Realizadas;RO1.7.1.9.99.0.0;1.7.1.9.99.0.0 - Outras Transferências de Recursos da União e de suas Entidades;200,00;3172
2024;Prefeitura Municipal de Coxilha - RS;4305975;RS;DCA-Anexo I-C;Padrão;Receitas Brutas Realizadas;RO1.7.2.0.00.0.0;1.7.2.0.00.0.0 - Transferências dos Estados e do Distrito Federal e de suas Entidades;15278390,73;3172
2024;Prefeitura Municipal de Coxilha - RS;4305975;RS;DCA-Anexo I-C;Padrão;Deduções - FUNDEB;RO1.7.2.0.00.0.0;1.7.2.0.00.0.0 - Transferências dos Estados e do Distrito Federal e de suas Entidades;2958016,74;3172
2024;Prefeitura Municipal de Coxilha - RS;4305975;RS;DCA-Anexo I-C;Padrão;Receitas Brutas Realizadas;RO1.7.2.1.00.0.0;1.7.2.1.00.0.0 - Participação na Receita dos Estados e Distrito Federal;14795849,86;3172
2024;Prefeitura Municipal de Coxilha - RS;4305975;RS;DCA-Anexo I-C;Padrão;Deduções - FUNDEB;RO1.7.2.1.00.0.0;1.7.2.1.00.0.0 - Participação na Receita dos Estados e Distrito Federal;2958016,74;3172
2024;Prefeitura Municipal de Coxilha - RS;4305975;RS;DCA-Anexo I-C;Padrão;Receitas Brutas Realizadas;RO1.7.2.1.50.0.0;1.7.2.1.50.0.0 - Cota-Parte do ICMS;13268346,84;3172
2024;Prefeitura Municipal de Coxilha - RS;4305975;RS;DCA-Anexo I-C;Padrão;Deduções - FUNDEB;RO1.7.2.1.50.0.0;1.7.2.1.50.0.0 - Cota-Parte do ICMS;2699144,47;3172
2024;Prefeitura Municipal de Coxilha - RS;4305975;RS;DCA-Anexo I-C;Padrão;Receitas Brutas Realizadas;RO1.7.2.1.51.0.0;1.7.2.1.51.0.0 - Cota-Parte do IPVA;1353206,88;3172
2024;Prefeitura Municipal de Coxilha - RS;4305975;RS;DCA-Anexo I-C;Padrão;Deduções - FUNDEB;RO1.7.2.1.51.0.0;1.7.2.1.51.0.0 - Cota-Parte do IPVA;225166,54;3172
2024;Prefeitura Municipal de Coxilha - RS;4305975;RS;DCA-Anexo I-C;Padrão;Receitas Brutas Realizadas;RO1.7.2.1.52.0.0;1.7.2.1.52.0.0 - Cota-Parte do IPI - Municípios;168528,52;3172
2024;Prefeitura Municipal de Coxilha - RS;4305975;RS;DCA-Anexo I-C;Padrão;Deduções - FUNDEB;RO1.7.2.1.52.0.0;1.7.2.1.52.0.0 - Cota-Parte do IPI - Municípios;33705,73;3172
2024;Prefeitura Municipal de Coxilha - RS;4305975;RS;DCA-Anexo I-C;Padrão;Receitas Brutas Realizadas;RO1.7.2.1.53.0.0;1.7.2.1.53.0.0 - Cota-Parte da Contribuição de Intervenção no Domínio Econômico;5767,62;3172
2024;Prefeitura Municipal de Coxilha - RS;4305975;RS;DCA-Anexo I-C;Padrão;Receitas Brutas Realizadas;RO1.7.2.3.00.0.0;1.7.2.3.00.0.0 - Transferências de Recursos do Sistema Único de Saúde ¿ SUS;354157,39;3172
2024;Prefeitura Municipal de Coxilha - RS;4305975;RS;DCA-Anexo I-C;Padrão;Receitas Brutas Realizadas;RO1.7.2.9.00.0.0;1.7.2.9.00.0.0 - Outras Transferências dos Estados e Distrito Federal;128383,48;3172
2024;Prefeitura Municipal de Coxilha - RS;4305975;RS;DCA-Anexo I-C;Padrão;Receitas Brutas Realizadas;RO1.7.2.9.51.0.0;1.7.2.9.51.0.0 - Transferências de Estados destinadas à Assistência Social;33789,21;3172
2024;Prefeitura Municipal de Coxilha - RS;4305975;RS;DCA-Anexo I-C;Padrão;Receitas Brutas Realizadas;RO1.7.2.9.52.0.0;1.7.2.9.52.0.0 - Transferências de Recursos Destinados a Programas de Educação;91349,10;3172
2024;Prefeitura Municipal de Coxilha - RS;4305975;RS;DCA-Anexo I-C;Padrão;Receitas Brutas Realizadas;RO1.7.2.9.99.0.0;1.7.2.9.99.0.0 - Outras Transferências dos Estados e DF;3245,17;3172
2024;Prefeitura Municipal de Coxilha - RS;4305975;RS;DCA-Anexo I-C;Padrão;Receitas Brutas Realizadas;RO1.7.4.0.00.0.0;1.7.4.0.00.0.0 - Transferências de Instituições Privadas;28400,00;3172
2024;Prefeitura Municipal de Coxilha - RS;4305975;RS;DCA-Anexo I-C;Padrão;Receitas Brutas Realizadas;RO1.7.4.1.00.0.0;1.7.4.1.00.0.0 - Transferências de Instituições Privadas;28400,00;3172
2024;Prefeitura Municipal de Coxilha - RS;4305975;RS;DCA-Anexo I-C;Padrão;Receitas Brutas Realizadas;RO1.7.4.1.99.0.0;1.7.4.1.99.0.0 - Outras Transferências de Instituições Privadas;28400,00;3172
2024;Prefeitura Municipal de Coxilha - RS;4305975;RS;DCA-Anexo I-C;Padrão;Receitas Brutas Realizadas;RO1.7.5.0.00.0.0;1.7.5.0.00.0.0 - Transferências de Outras Instituições Públicas;4597248,36;3172
2024;Prefeitura Municipal de Coxilha - RS;4305975;RS;DCA-Anexo I-C;Padrão;Receitas Brutas Realizadas;RO1.7.5.1.00.0.0;1.7.5.1.00.0.0 - Transferências de Recursos do Fundo de Manutenção e Desenvolvimento da Educação Básica e de Valorização dos Profissionais da Educação - FUNDEB;4597248,36;3172
2024;Prefeitura Municipal de Coxilha - RS;4305975;RS;DCA-Anexo I-C;Padrão;Receitas Brutas Realizadas;RO1.9.0.0.00.0.0;1.9.0.0.00.0.0 - Outras Receitas Correntes;107892,60;3172
2024;Prefeitura Municipal de Coxilha - RS;4305975;RS;DCA-Anexo I-C;Padrão;Receitas Brutas Realizadas;RO1.9.2.0.00.0.0;1.9.2.0.00.0.0 - Indenizações, Restituições e Ressarcimentos;102614,49;3172
2024;Prefeitura Municipal de Coxilha - RS;4305975;RS;DCA-Anexo I-C;Padrão;Receitas Brutas Realizadas;RO1.9.2.1.00.0.0;1.9.2.1.00.0.0 - Indenizações;27,77;3172
2024;Prefeitura Municipal de Coxilha - RS;4305975;RS;DCA-Anexo I-C;Padrão;Receitas Brutas Realizadas;RO1.9.2.1.99.0.0;1.9.2.1.99.0.0 - Outras Indenizações;27,77;3172
2024;Prefeitura Municipal de Coxilha - RS;4305975;RS;DCA-Anexo I-C;Padrão;Receitas Brutas Realizadas;RO1.9.2.2.00.0.0;1.9.2.2.00.0.0 - Restituições;102586,72;3172
2024;Prefeitura Municipal de Coxilha - RS;4305975;RS;DCA-Anexo I-C;Padrão;Receitas Brutas Realizadas;RO1.9.2.2.06.0.0;1.9.2.2.06.0.0 - Restituição de Despesas de Exercícios Anteriores;1287,62;3172
2024;Prefeitura Municipal de Coxilha - RS;4305975;RS;DCA-Anexo I-C;Padrão;Receitas Brutas Realizadas;RO1.9.2.2.06.3.0;1.9.2.2.06.3.0 - Restituição de Despesas Primárias de Exercícios Anteriores;1287,62;3172
2024;Prefeitura Municipal de Coxilha - RS;4305975;RS;DCA-Anexo I-C;Padrão;Receitas Brutas Realizadas;RO1.9.2.2.99.0.0;1.9.2.2.99.0.0 - Outras Restituições;101299,10;3172
2024;Prefeitura Municipal de Coxilha - RS;4305975;RS;DCA-Anexo I-C;Padrão;Receitas Brutas Realizadas;RO1.9.9.0.00.0.0;1.9.9.0.00.0.0 - Demais Receitas Correntes;5278,11;3172
2024;Prefeitura Municipal de Coxilha - RS;4305975;RS;DCA-Anexo I-C;Padrão;Receitas Brutas Realizadas;RO1.9.9.9.00.0.0;1.9.9.9.00.0.0 - Outras Receitas Correntes;5278,11;3172
2024;Prefeitura Municipal de Coxilha - RS;4305975;RS;DCA-Anexo I-C;Padrão;Receitas Brutas Realizadas;RO1.9.9.9.12.0.0;1.9.9.9.12.0.0 - Encargos Legais pela Inscrição em Dívida Ativa e Receitas de Ônus de Sucumbência;168,63;3172
2024;Prefeitura Municipal de Coxilha - RS;4305975;RS;DCA-Anexo I-C;Padrão;Receitas Brutas Realizadas;RO1.9.9.9.12.2.0;1.9.9.9.12.2.0 - Ônus de Sucumbência;168,63;3172
2024;Prefeitura Municipal de Coxilha - RS;4305975;RS;DCA-Anexo I-C;Padrão;Receitas Brutas Realizadas;RO1.9.9.9.99.0.0;1.9.9.9.99.0.0 - Outras Receitas;5109,48;3172
2024;Prefeitura Municipal de Coxilha - RS;4305975;RS;DCA-Anexo I-C;Padrão;Receitas Brutas Realizadas;RO1.9.9.9.99.3.0;1.9.9.9.99.3.0 - Outras Receitas Não Arrecadadas e Não Projetadas pela RFB - Financeiras;5109,48;3172
2024;Prefeitura Municipal de Coxilha - RS;4305975;RS;DCA-Anexo I-C;Padrão;Receitas Brutas Realizadas;RO2.0.0.0.00.0.0;2.0.0.0.00.0.0 - Receitas de Capital;4766588,00;3172
2024;Prefeitura Municipal de Coxilha - RS;4305975;RS;DCA-Anexo I-C;Padrão;Receitas Brutas Realizadas;RO2.1.0.0.00.0.0;2.1.0.0.00.0.0 - Operações de Crédito;4105000,00;3172
2024;Prefeitura Municipal de Coxilha - RS;4305975;RS;DCA-Anexo I-C;Padrão;Receitas Brutas Realizadas;RO2.1.1.0.00.0.0;2.1.1.0.00.0.0 - Operações de Crédito - Mercado Interno;4105000,00;3172
2024;Prefeitura Municipal de Coxilha - RS;4305975;RS;DCA-Anexo I-C;Padrão;Receitas Brutas Realizadas;RO2.1.1.2.00.0.0;2.1.1.2.00.0.0 - Operações de Crédito Contratuais - Mercado Interno;4105000,00;3172
2024;Prefeitura Municipal de Coxilha - RS;4305975;RS;DCA-Anexo I-C;Padrão;Receitas Brutas Realizadas;RO2.1.1.2.01.0.0;2.1.1.2.01.0.0 - Operações de Crédito Contratuais - Mercado Interno;1605000,00;3172
2024;Prefeitura Municipal de Coxilha - RS;4305975;RS;DCA-Anexo I-C;Padrão;Receitas Brutas Realizadas;RO2.1.1.2.56.0.0;2.1.1.2.56.0.0 - Operações de Crédito Internas para Programas de Moradia Popular;2500000,00;3172
2024;Prefeitura Municipal de Coxilha - RS;4305975;RS;DCA-Anexo I-C;Padrão;Receitas Brutas Realizadas;RO2.4.0.0.00.0.0;2.4.0.0.00.0.0 - Transferências de Capital;661588,00;3172
2024;Prefeitura Municipal de Coxilha - RS;4305975;RS;DCA-Anexo I-C;Padrão;Receitas Brutas Realizadas;RO2.4.1.0.00.0.0;2.4.1.0.00.0.0 - Transferências da União e de suas Entidades;561588,00;3172
2024;Prefeitura Municipal de Coxilha - RS;4305975;RS;DCA-Anexo I-C;Padrão;Receitas Brutas Realizadas;RO2.4.1.2.00.0.0;2.4.1.2.00.0.0 - Transferências de Recursos do Fundo Nacional do Desenvolvimento da Educação ¿ FNDE ;411588,00;3172
2024;Prefeitura Municipal de Coxilha - RS;4305975;RS;DCA-Anexo I-C;Padrão;Receitas Brutas Realizadas;RO2.4.1.2.50.0.0;2.4.1.2.50.0.0 - Transferências de Recursos Destinados a Programas de Educação;411588,00;3172
2024;Prefeitura Municipal de Coxilha - RS;4305975;RS;DCA-Anexo I-C;Padrão;Receitas Brutas Realizadas;RO2.4.1.2.50.1.0;2.4.1.2.50.1.0 - Transferências para o Programa de Apoio ao Transporte Escolar para Educação Básica - CAMINHO DA ESCOLA;411588,00;3172
2024;Prefeitura Municipal de Coxilha - RS;4305975;RS;DCA-Anexo I-C;Padrão;Receitas Brutas Realizadas;RO2.4.1.4.00.0.0;2.4.1.4.00.0.0 - Transferências de Convênios da União e de suas Entidades ;150000,00;3172
2024;Prefeitura Municipal de Coxilha - RS;4305975;RS;DCA-Anexo I-C;Padrão;Receitas Brutas Realizadas;RO2.4.1.4.99.0.0;2.4.1.4.99.0.0 - Outras Transferências de Convênios da União e de Suas Entidades;150000,00;3172
2024;Prefeitura Municipal de Coxilha - RS;4305975;RS;DCA-Anexo I-C;Padrão;Receitas Brutas Realizadas;RO2.4.2.0.00.0.0;2.4.2.0.00.0.0 - Transferências dos Estados e do Distrito Federal e de suas Entidades;100000,00;3172
2024;Prefeitura Municipal de Coxilha - RS;4305975;RS;DCA-Anexo I-C;Padrão;Receitas Brutas Realizadas;RO2.4.2.9.00.0.0;2.4.2.9.00.0.0 - Outras Transferências de Recursos dos Estados;100000,00;3172
2024;Prefeitura Municipal de Coxilha - RS;4305975;RS;DCA-Anexo I-C;Padrão;Receitas Brutas Realizadas;RO2.4.2.9.99.0.0;2.4.2.9.99.0.0 - Outras Transferências de Recursos dos Estados;100000,00;3172
2024;Prefeitura Municipal de Coxilha - RS;4305975;RS;DCA-Anexo I-C;Padrão;Receitas Brutas Realizadas;TotalReceitas;TOTAL DAS RECEITAS (III) = (I + II);50883783,09;3172
2024;Prefeitura Municipal de Coxilha - RS;4305975;RS;DCA-Anexo I-C;Padrão;Deduções - FUNDEB;TotalReceitas;TOTAL DAS RECEITAS (III) = (I + II);6411918,88;3172
2024;Prefeitura Municipal de Coxilha - RS;4305975;RS;DCA-Anexo I-C;Padrão;Outras Deduções da Receita;TotalReceitas;TOTAL DAS RECEITAS (III) = (I + II);38930,69;3172
