exercicio;instituicao;cod_ibge;uf;anexo;rotulo;coluna;cod_conta;conta;valor;populacao
2014;Prefeitura Municipal de Governador Nunes Freire - MA;2104677;MA;DCA-Anexo I-C;NA;Receitas Brutas Realizadas;TotalReceitas;Total Receitas;52509855,84;25188
2014;Prefeitura Municipal de Governador Nunes Freire - MA;2104677;MA;DCA-Anexo I-C;NA;Deduções - FUNDEB;TotalReceitas;Total Receitas;3015635,67;25188
2014;Prefeitura Municipal de Governador Nunes Freire - MA;2104677;MA;DCA-Anexo I-C;NA;Receitas Brutas Realizadas;RO1.0.0.0.00.00.00;1.0.0.0.00.00.00 - Receitas Correntes;52509855,84;25188
2014;Prefeitura Municipal de Governador Nunes Freire - MA;2104677;MA;DCA-Anexo I-C;NA;Deduções - FUNDEB;RO1.0.0.0.00.00.00;1.0.0.0.00.00.00 - Receitas Correntes;3015635,67;25188
2014;Prefeitura Municipal de Governador Nunes Freire - MA;2104677;MA;DCA-Anexo I-C;NA;Receitas Brutas Realizadas;RO1.1.0.0.00.00.00;1.1.0.0.00.00.00 - Receita Tributária;309110,30;25188
2014;Prefeitura Municipal de Governador Nunes Freire - MA;2104677;MA;DCA-Anexo I-C;NA;Receitas Brutas Realizadas;RO1.1.1.0.00.00.00;1.1.1.0.00.00.00 - Impostos;309110,30;25188
2014;Prefeitura Municipal de Governador Nunes Freire - MA;2104677;MA;DCA-Anexo I-C;NA;Receitas Brutas Realizadas;RO1.1.1.2.00.00.00;1.1.1.2.00.00.00 - Impostos sobre o Patrimônio e a Renda;66752,35;25188
2014;Prefeitura Municipal de Governador Nunes Freire - MA;2104677;MA;DCA-Anexo I-C;NA;Receitas Brutas Realizadas;RO1.1.1.2.02.00.00;1.1.1.2.02.00.00 - Imposto sobre a Propriedade Predial e Territorial Urbana ¿ IPTU;7174,33;25188
2014;Prefeitura Municipal de Governador Nunes Freire - MA;2104677;MA;DCA-Anexo I-C;NA;Receitas Brutas Realizadas;RO1.1.1.2.04.00.00;1.1.1.2.04.00.00 - Imposto sobre a Renda e Proventos de Qualquer Natureza ¿ IR;50097,86;25188
2014;Prefeitura Municipal de Governador Nunes Freire - MA;2104677;MA;DCA-Anexo I-C;NA;Receitas Brutas Realizadas;RO1.1.1.2.04.31.00;1.1.1.2.04.31.00 - Retido nas Fontes - Trabalho;50097,86;25188
2014;Prefeitura Municipal de Governador Nunes Freire - MA;2104677;MA;DCA-Anexo I-C;NA;Receitas Brutas Realizadas;RO1.1.1.2.08.00.00;"1.1.1.2.08.00.00 - Imposto sobre Transmissão ""Inter Vivos"" de Bens Imóveis e de Direitos Reais sobre Imóveis ¿ ITBI";9480,16;25188
2014;Prefeitura Municipal de Governador Nunes Freire - MA;2104677;MA;DCA-Anexo I-C;NA;Receitas Brutas Realizadas;RO1.1.1.3.00.00.00;1.1.1.3.00.00.00 - Impostos sobre a Produção e a Circulação;242357,95;25188
2014;Prefeitura Municipal de Governador Nunes Freire - MA;2104677;MA;DCA-Anexo I-C;NA;Receitas Brutas Realizadas;RO1.1.1.3.05.00.00;1.1.1.3.05.00.00 - Imposto sobre Serviços de Qualquer Natureza ¿ ISSQN;242357,95;25188
2014;Prefeitura Municipal de Governador Nunes Freire - MA;2104677;MA;DCA-Anexo I-C;NA;Receitas Brutas Realizadas;RO1.2.0.0.00.00.00;1.2.0.0.00.00.00 - Receitas de Contribuições;299762,56;25188
2014;Prefeitura Municipal de Governador Nunes Freire - MA;2104677;MA;DCA-Anexo I-C;NA;Receitas Brutas Realizadas;RO1.2.3.0.00.00.00;1.2.3.0.00.00.00 - Contribuição para Custeio do Serviço de Iluminação Pública;299762,56;25188
2014;Prefeitura Municipal de Governador Nunes Freire - MA;2104677;MA;DCA-Anexo I-C;NA;Receitas Brutas Realizadas;RO1.3.0.0.00.00.00;1.3.0.0.00.00.00 - Receita Patrimonial;58877,68;25188
2014;Prefeitura Municipal de Governador Nunes Freire - MA;2104677;MA;DCA-Anexo I-C;NA;Receitas Brutas Realizadas;RO1.3.2.0.00.00.00;1.3.2.0.00.00.00 - Receitas de Valores Mobiliários;58877,68;25188
2014;Prefeitura Municipal de Governador Nunes Freire - MA;2104677;MA;DCA-Anexo I-C;NA;Receitas Brutas Realizadas;RO1.3.2.5.00.00.00;1.3.2.5.00.00.00 - Remuneração de Depósitos Bancários;58877,68;25188
2014;Prefeitura Municipal de Governador Nunes Freire - MA;2104677;MA;DCA-Anexo I-C;NA;Receitas Brutas Realizadas;RO1.7.0.0.00.00.00;1.7.0.0.00.00.00 - Transferências Correntes;51842105,30;25188
2014;Prefeitura Municipal de Governador Nunes Freire - MA;2104677;MA;DCA-Anexo I-C;NA;Deduções - FUNDEB;RO1.7.0.0.00.00.00;1.7.0.0.00.00.00 - Transferências Correntes;3015635,67;25188
2014;Prefeitura Municipal de Governador Nunes Freire - MA;2104677;MA;DCA-Anexo I-C;NA;Receitas Brutas Realizadas;RO1.7.2.0.00.00.00;1.7.2.0.00.00.00 - Transferências Intergovernamentais;48104215,21;25188
2014;Prefeitura Municipal de Governador Nunes Freire - MA;2104677;MA;DCA-Anexo I-C;NA;Deduções - FUNDEB;RO1.7.2.0.00.00.00;1.7.2.0.00.00.00 - Transferências Intergovernamentais;3015635,67;25188
2014;Prefeitura Municipal de Governador Nunes Freire - MA;2104677;MA;DCA-Anexo I-C;NA;Receitas Brutas Realizadas;RO1.7.2.1.00.00.00;1.7.2.1.00.00.00 - Transferências da União;25570219,11;25188
2014;Prefeitura Municipal de Governador Nunes Freire - MA;2104677;MA;DCA-Anexo I-C;NA;Deduções - FUNDEB;RO1.7.2.1.00.00.00;1.7.2.1.00.00.00 - Transferências da União;2674859,04;25188
2014;Prefeitura Municipal de Governador Nunes Freire - MA;2104677;MA;DCA-Anexo I-C;NA;Receitas Brutas Realizadas;RO1.7.2.1.01.00.00;1.7.2.1.01.00.00 - Participação na Receita da União;13971687,02;25188
2014;Prefeitura Municipal de Governador Nunes Freire - MA;2104677;MA;DCA-Anexo I-C;NA;Deduções - FUNDEB;RO1.7.2.1.01.00.00;1.7.2.1.01.00.00 - Participação na Receita da União;2672370,72;25188
2014;Prefeitura Municipal de Governador Nunes Freire - MA;2104677;MA;DCA-Anexo I-C;NA;Receitas Brutas Realizadas;RO1.7.2.1.01.02.00;1.7.2.1.01.02.00 - Cota-Parte do Fundo de Participação dos Municípios ¿ FPM;13969820,63;25188
2014;Prefeitura Municipal de Governador Nunes Freire - MA;2104677;MA;DCA-Anexo I-C;NA;Deduções - FUNDEB;RO1.7.2.1.01.02.00;1.7.2.1.01.02.00 - Cota-Parte do Fundo de Participação dos Municípios ¿ FPM;2671997,50;25188
2014;Prefeitura Municipal de Governador Nunes Freire - MA;2104677;MA;DCA-Anexo I-C;NA;Receitas Brutas Realizadas;RO1.7.2.1.01.05.00;1.7.2.1.01.05.00 - Cota-Parte do Imposto Sobre a Propriedade Territorial Rural ¿ ITR;1866,39;25188
2014;Prefeitura Municipal de Governador Nunes Freire - MA;2104677;MA;DCA-Anexo I-C;NA;Deduções - FUNDEB;RO1.7.2.1.01.05.00;1.7.2.1.01.05.00 - Cota-Parte do Imposto Sobre a Propriedade Territorial Rural ¿ ITR;373,22;25188
2014;Prefeitura Municipal de Governador Nunes Freire - MA;2104677;MA;DCA-Anexo I-C;NA;Receitas Brutas Realizadas;RO1.7.2.1.22.00.00;1.7.2.1.22.00.00 - Transferências da Compensação Financeira pela Exploração de Recursos Naturais;194262,37;25188
2014;Prefeitura Municipal de Governador Nunes Freire - MA;2104677;MA;DCA-Anexo I-C;NA;Receitas Brutas Realizadas;RO1.7.2.1.22.70.00;1.7.2.1.22.70.00 - Cota-Parte do Fundo Especial do Petróleo ¿ FEP;191133,84;25188
2014;Prefeitura Municipal de Governador Nunes Freire - MA;2104677;MA;DCA-Anexo I-C;NA;Receitas Brutas Realizadas;RO1.7.2.1.22.90.00;1.7.2.1.22.90.00 - Outras Transferências Decorrentes de Compensação Financeira pela Exploração de Recursos Naturais;3128,53;25188
2014;Prefeitura Municipal de Governador Nunes Freire - MA;2104677;MA;DCA-Anexo I-C;NA;Receitas Brutas Realizadas;RO1.7.2.1.33.00.00;1.7.2.1.33.00.00 - Transferências de Recursos do Sistema Único de Saúde - SUS - Repasses Fundo a Fundo;9513976,24;25188
2014;Prefeitura Municipal de Governador Nunes Freire - MA;2104677;MA;DCA-Anexo I-C;NA;Receitas Brutas Realizadas;RO1.7.2.1.34.00.00;1.7.2.1.34.00.00 - Transferências de Recursos do Fundo Nacional de Assistência Social ¿ FNAS;351016,76;25188
2014;Prefeitura Municipal de Governador Nunes Freire - MA;2104677;MA;DCA-Anexo I-C;NA;Receitas Brutas Realizadas;RO1.7.2.1.35.00.00;1.7.2.1.35.00.00 - Transferências de Recursos do Fundo Nacional do Desenvolvimento da Educação ¿ FNDE;1514139,21;25188
2014;Prefeitura Municipal de Governador Nunes Freire - MA;2104677;MA;DCA-Anexo I-C;NA;Receitas Brutas Realizadas;RO1.7.2.1.36.00.00;1.7.2.1.36.00.00 - Transferências Financeiras do ICMS ¿ Desoneração ¿ L.C. Nº 87/96;12441,96;25188
2014;Prefeitura Municipal de Governador Nunes Freire - MA;2104677;MA;DCA-Anexo I-C;NA;Deduções - FUNDEB;RO1.7.2.1.36.00.00;1.7.2.1.36.00.00 - Transferências Financeiras do ICMS ¿ Desoneração ¿ L.C. Nº 87/96;2488,32;25188
2014;Prefeitura Municipal de Governador Nunes Freire - MA;2104677;MA;DCA-Anexo I-C;NA;Receitas Brutas Realizadas;RO1.7.2.1.99.00.00;1.7.2.1.99.00.00 - Outras Transferências da União;12695,55;25188
2014;Prefeitura Municipal de Governador Nunes Freire - MA;2104677;MA;DCA-Anexo I-C;NA;Receitas Brutas Realizadas;RO1.7.2.2.00.00.00;1.7.2.2.00.00.00 - Transferências dos Estados;1931227,69;25188
2014;Prefeitura Municipal de Governador Nunes Freire - MA;2104677;MA;DCA-Anexo I-C;NA;Deduções - FUNDEB;RO1.7.2.2.00.00.00;1.7.2.2.00.00.00 - Transferências dos Estados;340776,63;25188
2014;Prefeitura Municipal de Governador Nunes Freire - MA;2104677;MA;DCA-Anexo I-C;NA;Receitas Brutas Realizadas;RO1.7.2.2.01.00.00;1.7.2.2.01.00.00 - Participação na Receita dos Estados;1931227,69;25188
2014;Prefeitura Municipal de Governador Nunes Freire - MA;2104677;MA;DCA-Anexo I-C;NA;Deduções - FUNDEB;RO1.7.2.2.01.00.00;1.7.2.2.01.00.00 - Participação na Receita dos Estados;340776,63;25188
2014;Prefeitura Municipal de Governador Nunes Freire - MA;2104677;MA;DCA-Anexo I-C;NA;Receitas Brutas Realizadas;RO1.7.2.2.01.01.00;1.7.2.2.01.01.00 - Cota-Parte do ICMS;1711944,52;25188
2014;Prefeitura Municipal de Governador Nunes Freire - MA;2104677;MA;DCA-Anexo I-C;NA;Deduções - FUNDEB;RO1.7.2.2.01.01.00;1.7.2.2.01.01.00 - Cota-Parte do ICMS;340776,63;25188
2014;Prefeitura Municipal de Governador Nunes Freire - MA;2104677;MA;DCA-Anexo I-C;NA;Receitas Brutas Realizadas;RO1.7.2.2.01.02.00;1.7.2.2.01.02.00 - Cota-Parte do IPVA;186963,50;25188
2014;Prefeitura Municipal de Governador Nunes Freire - MA;2104677;MA;DCA-Anexo I-C;NA;Receitas Brutas Realizadas;RO1.7.2.2.01.04.00;1.7.2.2.01.04.00 - Cota-Parte do IPI sobre Exportação;12977,97;25188
2014;Prefeitura Municipal de Governador Nunes Freire - MA;2104677;MA;DCA-Anexo I-C;NA;Receitas Brutas Realizadas;RO1.7.2.2.01.13.00;1.7.2.2.01.13.00 - Cota-Parte da Contribuição de Intervenção no Domínio Econômico;3658,70;25188
2014;Prefeitura Municipal de Governador Nunes Freire - MA;2104677;MA;DCA-Anexo I-C;NA;Receitas Brutas Realizadas;RO1.7.2.2.01.99.00;1.7.2.2.01.99.00 - Outras Participações na Receita dos Estados;15683,00;25188
2014;Prefeitura Municipal de Governador Nunes Freire - MA;2104677;MA;DCA-Anexo I-C;NA;Receitas Brutas Realizadas;RO1.7.2.4.00.00.00;1.7.2.4.00.00.00 - Transferências Multigovernamentais;20602768,41;25188
2014;Prefeitura Municipal de Governador Nunes Freire - MA;2104677;MA;DCA-Anexo I-C;NA;Receitas Brutas Realizadas;RO1.7.2.4.01.00.00;1.7.2.4.01.00.00 - Transferências de Recursos do Fundo de Manutenção e Desenvolvimento do Ensino Fundamental e de Valorização do Magistério - FUNDEB;11437168,61;25188
2014;Prefeitura Municipal de Governador Nunes Freire - MA;2104677;MA;DCA-Anexo I-C;NA;Receitas Brutas Realizadas;RO1.7.2.4.02.00.00;1.7.2.4.02.00.00 - Transferências de Recursos da Complementação ao Fundo de Manutenção e Desenvolvimento do Ensino Fundamental e de Valorização do Magistério - FUNDEB;9165599,80;25188
2014;Prefeitura Municipal de Governador Nunes Freire - MA;2104677;MA;DCA-Anexo I-C;NA;Receitas Brutas Realizadas;RO1.7.6.0.00.00.00;1.7.6.0.00.00.00 - Transferências de Convênios;3737890,09;25188
2014;Prefeitura Municipal de Governador Nunes Freire - MA;2104677;MA;DCA-Anexo I-C;NA;Receitas Brutas Realizadas;RO1.7.6.1.00.00.00;1.7.6.1.00.00.00 - Transferências de Convênios da União e de Suas Entidades;3737890,09;25188
2014;Prefeitura Municipal de Governador Nunes Freire - MA;2104677;MA;DCA-Anexo I-C;NA;Receitas Brutas Realizadas;RO1.7.6.1.01.00.00;1.7.6.1.01.00.00 - Transferências de Convênios da União para o Sistema Único de Saúde - SUS;475000,00;25188
2014;Prefeitura Municipal de Governador Nunes Freire - MA;2104677;MA;DCA-Anexo I-C;NA;Receitas Brutas Realizadas;RO1.7.6.1.02.00.00;1.7.6.1.02.00.00 - Transferências de Convênios da União Destinadas a Programas de Educação;2462009,72;25188
2014;Prefeitura Municipal de Governador Nunes Freire - MA;2104677;MA;DCA-Anexo I-C;NA;Receitas Brutas Realizadas;RO1.7.6.1.99.00.00;1.7.6.1.99.00.00 - Outras Transferências de Convênios da União;800880,37;25188
2015;Prefeitura Municipal de Governador Nunes Freire - MA;2104677;MA;DCA-Anexo I-C;NA;Receitas Brutas Realizadas;TotalReceitas;Total Receitas;53559631,99;25188
2015;Prefeitura Municipal de Governador Nunes Freire - MA;2104677;MA;DCA-Anexo I-C;NA;Deduções - FUNDEB;TotalReceitas;Total Receitas;3166513,61;25188
2015;Prefeitura Municipal de Governador Nunes Freire - MA;2104677;MA;DCA-Anexo I-C;NA;Receitas Brutas Realizadas;RO1.0.0.0.00.00.00;1.0.0.0.00.00.00 - Receitas Correntes;53559631,99;25188
2015;Prefeitura Municipal de Governador Nunes Freire - MA;2104677;MA;DCA-Anexo I-C;NA;Deduções - FUNDEB;RO1.0.0.0.00.00.00;1.0.0.0.00.00.00 - Receitas Correntes;3166513,61;25188
2015;Prefeitura Municipal de Governador Nunes Freire - MA;2104677;MA;DCA-Anexo I-C;NA;Receitas Brutas Realizadas;RO1.1.0.0.00.00.00;1.1.0.0.00.00.00 - Receita Tributária;331801,94;25188
2015;Prefeitura Municipal de Governador Nunes Freire - MA;2104677;MA;DCA-Anexo I-C;NA;Receitas Brutas Realizadas;RO1.1.1.0.00.00.00;1.1.1.0.00.00.00 - Impostos;331801,94;25188
2015;Prefeitura Municipal de Governador Nunes Freire - MA;2104677;MA;DCA-Anexo I-C;NA;Receitas Brutas Realizadas;RO1.1.1.2.00.00.00;1.1.1.2.00.00.00 - Impostos sobre o Patrimônio e a Renda;99936,43;25188
2015;Prefeitura Municipal de Governador Nunes Freire - MA;2104677;MA;DCA-Anexo I-C;NA;Receitas Brutas Realizadas;RO1.1.1.2.02.00.00;1.1.1.2.02.00.00 - Imposto sobre a Propriedade Predial e Territorial Urbana ¿ IPTU;3212,89;25188
2015;Prefeitura Municipal de Governador Nunes Freire - MA;2104677;MA;DCA-Anexo I-C;NA;Receitas Brutas Realizadas;RO1.1.1.2.04.00.00;1.1.1.2.04.00.00 - Imposto sobre a Renda e Proventos de Qualquer Natureza ¿ IR;41945,83;25188
2015;Prefeitura Municipal de Governador Nunes Freire - MA;2104677;MA;DCA-Anexo I-C;NA;Receitas Brutas Realizadas;RO1.1.1.2.04.31.00;1.1.1.2.04.31.00 - Retido nas Fontes - Trabalho;41945,83;25188
2015;Prefeitura Municipal de Governador Nunes Freire - MA;2104677;MA;DCA-Anexo I-C;NA;Receitas Brutas Realizadas;RO1.1.1.2.08.00.00;"1.1.1.2.08.00.00 - Imposto sobre Transmissão ""Inter Vivos"" de Bens Imóveis e de Direitos Reais sobre Imóveis ¿ ITBI";54777,71;25188
2015;Prefeitura Municipal de Governador Nunes Freire - MA;2104677;MA;DCA-Anexo I-C;NA;Receitas Brutas Realizadas;RO1.1.1.3.00.00.00;1.1.1.3.00.00.00 - Impostos sobre a Produção e a Circulação;231865,51;25188
2015;Prefeitura Municipal de Governador Nunes Freire - MA;2104677;MA;DCA-Anexo I-C;NA;Receitas Brutas Realizadas;RO1.1.1.3.05.00.00;1.1.1.3.05.00.00 - Imposto sobre Serviços de Qualquer Natureza ¿ ISSQN;231865,51;25188
2015;Prefeitura Municipal de Governador Nunes Freire - MA;2104677;MA;DCA-Anexo I-C;NA;Receitas Brutas Realizadas;RO1.2.0.0.00.00.00;1.2.0.0.00.00.00 - Receitas de Contribuições;191328,97;25188
2015;Prefeitura Municipal de Governador Nunes Freire - MA;2104677;MA;DCA-Anexo I-C;NA;Receitas Brutas Realizadas;RO1.2.2.0.00.00.00;1.2.2.0.00.00.00 - Contribuições de Intervenção no Domínio Econômico;191328,97;25188
2015;Prefeitura Municipal de Governador Nunes Freire - MA;2104677;MA;DCA-Anexo I-C;NA;Receitas Brutas Realizadas;RO1.3.0.0.00.00.00;1.3.0.0.00.00.00 - Receita Patrimonial;40825,01;25188
2015;Prefeitura Municipal de Governador Nunes Freire - MA;2104677;MA;DCA-Anexo I-C;NA;Receitas Brutas Realizadas;RO1.3.2.0.00.00.00;1.3.2.0.00.00.00 - Receitas de Valores Mobiliários;29591,05;25188
2015;Prefeitura Municipal de Governador Nunes Freire - MA;2104677;MA;DCA-Anexo I-C;NA;Receitas Brutas Realizadas;RO1.3.2.5.00.00.00;1.3.2.5.00.00.00 - Remuneração de Depósitos Bancários;29591,05;25188
2015;Prefeitura Municipal de Governador Nunes Freire - MA;2104677;MA;DCA-Anexo I-C;NA;Receitas Brutas Realizadas;RO1.3.9.0.00.00.00;1.3.9.0.00.00.00 - Outras Receitas Patrimoniais;11233,96;25188
2015;Prefeitura Municipal de Governador Nunes Freire - MA;2104677;MA;DCA-Anexo I-C;NA;Receitas Brutas Realizadas;RO1.7.0.0.00.00.00;1.7.0.0.00.00.00 - Transferências Correntes;52995676,07;25188
2015;Prefeitura Municipal de Governador Nunes Freire - MA;2104677;MA;DCA-Anexo I-C;NA;Deduções - FUNDEB;RO1.7.0.0.00.00.00;1.7.0.0.00.00.00 - Transferências Correntes;3166513,61;25188
2015;Prefeitura Municipal de Governador Nunes Freire - MA;2104677;MA;DCA-Anexo I-C;NA;Receitas Brutas Realizadas;RO1.7.2.0.00.00.00;1.7.2.0.00.00.00 - Transferências Intergovernamentais;52940176,07;25188
2015;Prefeitura Municipal de Governador Nunes Freire - MA;2104677;MA;DCA-Anexo I-C;NA;Deduções - FUNDEB;RO1.7.2.0.00.00.00;1.7.2.0.00.00.00 - Transferências Intergovernamentais;3166513,61;25188
2015;Prefeitura Municipal de Governador Nunes Freire - MA;2104677;MA;DCA-Anexo I-C;NA;Receitas Brutas Realizadas;RO1.7.2.1.00.00.00;1.7.2.1.00.00.00 - Transferências da União;26933141,12;25188
2015;Prefeitura Municipal de Governador Nunes Freire - MA;2104677;MA;DCA-Anexo I-C;NA;Deduções - FUNDEB;RO1.7.2.1.00.00.00;1.7.2.1.00.00.00 - Transferências da União;2800383,02;25188
2015;Prefeitura Municipal de Governador Nunes Freire - MA;2104677;MA;DCA-Anexo I-C;NA;Receitas Brutas Realizadas;RO1.7.2.1.01.00.00;1.7.2.1.01.00.00 - Participação na Receita da União;14781302,48;25188
2015;Prefeitura Municipal de Governador Nunes Freire - MA;2104677;MA;DCA-Anexo I-C;NA;Deduções - FUNDEB;RO1.7.2.1.01.00.00;1.7.2.1.01.00.00 - Participação na Receita da União;2800383,02;25188
2015;Prefeitura Municipal de Governador Nunes Freire - MA;2104677;MA;DCA-Anexo I-C;NA;Receitas Brutas Realizadas;RO1.7.2.1.01.02.00;1.7.2.1.01.02.00 - Cota-Parte do Fundo de Participação dos Municípios ¿ FPM;14779603,03;25188
2015;Prefeitura Municipal de Governador Nunes Freire - MA;2104677;MA;DCA-Anexo I-C;NA;Deduções - FUNDEB;RO1.7.2.1.01.02.00;1.7.2.1.01.02.00 - Cota-Parte do Fundo de Participação dos Municípios ¿ FPM;2800043,20;25188
2015;Prefeitura Municipal de Governador Nunes Freire - MA;2104677;MA;DCA-Anexo I-C;NA;Receitas Brutas Realizadas;RO1.7.2.1.01.05.00;1.7.2.1.01.05.00 - Cota-Parte do Imposto Sobre a Propriedade Territorial Rural ¿ ITR;1699,45;25188
2015;Prefeitura Municipal de Governador Nunes Freire - MA;2104677;MA;DCA-Anexo I-C;NA;Deduções - FUNDEB;RO1.7.2.1.01.05.00;1.7.2.1.01.05.00 - Cota-Parte do Imposto Sobre a Propriedade Territorial Rural ¿ ITR;339,82;25188
2015;Prefeitura Municipal de Governador Nunes Freire - MA;2104677;MA;DCA-Anexo I-C;NA;Receitas Brutas Realizadas;RO1.7.2.1.09.00.00;1.7.2.1.09.00.00 - Outras Transferências da União;92911,74;25188
2015;Prefeitura Municipal de Governador Nunes Freire - MA;2104677;MA;DCA-Anexo I-C;NA;Receitas Brutas Realizadas;RO1.7.2.1.09.99.00;1.7.2.1.09.99.00 - Demais Transferências da União;92911,74;25188
2015;Prefeitura Municipal de Governador Nunes Freire - MA;2104677;MA;DCA-Anexo I-C;NA;Receitas Brutas Realizadas;RO1.7.2.1.22.00.00;1.7.2.1.22.00.00 - Transferências da Compensação Financeira pela Exploração de Recursos Naturais;64114,54;25188
2015;Prefeitura Municipal de Governador Nunes Freire - MA;2104677;MA;DCA-Anexo I-C;NA;Receitas Brutas Realizadas;RO1.7.2.1.22.70.00;1.7.2.1.22.70.00 - Cota-Parte do Fundo Especial do Petróleo ¿ FEP;64114,54;25188
2015;Prefeitura Municipal de Governador Nunes Freire - MA;2104677;MA;DCA-Anexo I-C;NA;Receitas Brutas Realizadas;RO1.7.2.1.33.00.00;1.7.2.1.33.00.00 - Transferências de Recursos do Sistema Único de Saúde - SUS - Repasses Fundo a Fundo;9785798,38;25188
2015;Prefeitura Municipal de Governador Nunes Freire - MA;2104677;MA;DCA-Anexo I-C;NA;Receitas Brutas Realizadas;RO1.7.2.1.34.00.00;1.7.2.1.34.00.00 - Transferências de Recursos do Fundo Nacional de Assistência Social ¿ FNAS;859599,48;25188
2015;Prefeitura Municipal de Governador Nunes Freire - MA;2104677;MA;DCA-Anexo I-C;NA;Receitas Brutas Realizadas;RO1.7.2.1.35.00.00;1.7.2.1.35.00.00 - Transferências de Recursos do Fundo Nacional do Desenvolvimento da Educação ¿ FNDE;1329539,05;25188
2015;Prefeitura Municipal de Governador Nunes Freire - MA;2104677;MA;DCA-Anexo I-C;NA;Receitas Brutas Realizadas;RO1.7.2.1.36.00.00;1.7.2.1.36.00.00 - Transferências Financeiras do ICMS ¿ Desoneração ¿ L.C. Nº 87/96;12593,89;25188
2015;Prefeitura Municipal de Governador Nunes Freire - MA;2104677;MA;DCA-Anexo I-C;NA;Receitas Brutas Realizadas;RO1.7.2.1.99.00.00;1.7.2.1.99.00.00 - Outras Transferências da União;7281,56;25188
2015;Prefeitura Municipal de Governador Nunes Freire - MA;2104677;MA;DCA-Anexo I-C;NA;Receitas Brutas Realizadas;RO1.7.2.2.00.00.00;1.7.2.2.00.00.00 - Transferências dos Estados;2094142,15;25188
2015;Prefeitura Municipal de Governador Nunes Freire - MA;2104677;MA;DCA-Anexo I-C;NA;Deduções - FUNDEB;RO1.7.2.2.00.00.00;1.7.2.2.00.00.00 - Transferências dos Estados;366130,59;25188
2015;Prefeitura Municipal de Governador Nunes Freire - MA;2104677;MA;DCA-Anexo I-C;NA;Receitas Brutas Realizadas;RO1.7.2.2.01.00.00;1.7.2.2.01.00.00 - Participação na Receita dos Estados;2094142,15;25188
2015;Prefeitura Municipal de Governador Nunes Freire - MA;2104677;MA;DCA-Anexo I-C;NA;Deduções - FUNDEB;RO1.7.2.2.01.00.00;1.7.2.2.01.00.00 - Participação na Receita dos Estados;366130,59;25188
2015;Prefeitura Municipal de Governador Nunes Freire - MA;2104677;MA;DCA-Anexo I-C;NA;Receitas Brutas Realizadas;RO1.7.2.2.01.01.00;1.7.2.2.01.01.00 - Cota-Parte do ICMS;1830654,54;25188
2015;Prefeitura Municipal de Governador Nunes Freire - MA;2104677;MA;DCA-Anexo I-C;NA;Deduções - FUNDEB;RO1.7.2.2.01.01.00;1.7.2.2.01.01.00 - Cota-Parte do ICMS;366130,59;25188
2015;Prefeitura Municipal de Governador Nunes Freire - MA;2104677;MA;DCA-Anexo I-C;NA;Receitas Brutas Realizadas;RO1.7.2.2.01.02.00;1.7.2.2.01.02.00 - Cota-Parte do IPVA;254413,67;25188
2015;Prefeitura Municipal de Governador Nunes Freire - MA;2104677;MA;DCA-Anexo I-C;NA;Receitas Brutas Realizadas;RO1.7.2.2.01.04.00;1.7.2.2.01.04.00 - Cota-Parte do IPI sobre Exportação;9073,94;25188
2015;Prefeitura Municipal de Governador Nunes Freire - MA;2104677;MA;DCA-Anexo I-C;NA;Receitas Brutas Realizadas;RO1.7.2.4.00.00.00;1.7.2.4.00.00.00 - Transferências Multigovernamentais;23912892,80;25188
2015;Prefeitura Municipal de Governador Nunes Freire - MA;2104677;MA;DCA-Anexo I-C;NA;Receitas Brutas Realizadas;RO1.7.2.4.01.00.00;1.7.2.4.01.00.00 - Transferências de Recursos do Fundo de Manutenção e Desenvolvimento do Ensino Fundamental e de Valorização do Magistério - FUNDEB;11314687,06;25188
2015;Prefeitura Municipal de Governador Nunes Freire - MA;2104677;MA;DCA-Anexo I-C;NA;Receitas Brutas Realizadas;RO1.7.2.4.02.00.00;1.7.2.4.02.00.00 - Transferências de Recursos da Complementação ao Fundo de Manutenção e Desenvolvimento do Ensino Fundamental e de Valorização do Magistério - FUNDEB;12598205,74;25188
2015;Prefeitura Municipal de Governador Nunes Freire - MA;2104677;MA;DCA-Anexo I-C;NA;Receitas Brutas Realizadas;RO1.7.6.0.00.00.00;1.7.6.0.00.00.00 - Transferências de Convênios;55500,00;25188
2015;Prefeitura Municipal de Governador Nunes Freire - MA;2104677;MA;DCA-Anexo I-C;NA;Receitas Brutas Realizadas;RO1.7.6.1.00.00.00;1.7.6.1.00.00.00 - Transferências de Convênios da União e de Suas Entidades;55500,00;25188
2015;Prefeitura Municipal de Governador Nunes Freire - MA;2104677;MA;DCA-Anexo I-C;NA;Receitas Brutas Realizadas;RO1.7.6.1.02.00.00;1.7.6.1.02.00.00 - Transferências de Convênios da União Destinadas a Programas de Educação;55500,00;25188
2016;Prefeitura Municipal de Governador Nunes Freire - MA;2104677;MA;DCA-Anexo I-C;NA;Receitas Brutas Realizadas;TotalReceitas;Total Receitas;61078830,25;25117
2016;Prefeitura Municipal de Governador Nunes Freire - MA;2104677;MA;DCA-Anexo I-C;NA;Deduções - FUNDEB;TotalReceitas;Total Receitas;3208059,66;25117
2016;Prefeitura Municipal de Governador Nunes Freire - MA;2104677;MA;DCA-Anexo I-C;NA;Receitas Brutas Realizadas;RO1.0.0.0.00.00.00;1.0.0.0.00.00.00 - Receitas Correntes;61078830,25;25117
2016;Prefeitura Municipal de Governador Nunes Freire - MA;2104677;MA;DCA-Anexo I-C;NA;Deduções - FUNDEB;RO1.0.0.0.00.00.00;1.0.0.0.00.00.00 - Receitas Correntes;3208059,66;25117
2016;Prefeitura Municipal de Governador Nunes Freire - MA;2104677;MA;DCA-Anexo I-C;NA;Receitas Brutas Realizadas;RO1.1.0.0.00.00.00;1.1.0.0.00.00.00 - Receita Tributária;605450,11;25117
2016;Prefeitura Municipal de Governador Nunes Freire - MA;2104677;MA;DCA-Anexo I-C;NA;Receitas Brutas Realizadas;RO1.1.1.0.00.00.00;1.1.1.0.00.00.00 - Impostos;605450,11;25117
2016;Prefeitura Municipal de Governador Nunes Freire - MA;2104677;MA;DCA-Anexo I-C;NA;Receitas Brutas Realizadas;RO1.1.1.2.00.00.00;1.1.1.2.00.00.00 - Impostos sobre o Patrimônio e a Renda;61597,61;25117
2016;Prefeitura Municipal de Governador Nunes Freire - MA;2104677;MA;DCA-Anexo I-C;NA;Receitas Brutas Realizadas;RO1.1.1.2.04.00.00;1.1.1.2.04.00.00 - Imposto sobre a Renda e Proventos de Qualquer Natureza ¿ IR;52591,81;25117
2016;Prefeitura Municipal de Governador Nunes Freire - MA;2104677;MA;DCA-Anexo I-C;NA;Receitas Brutas Realizadas;RO1.1.1.2.04.31.00;1.1.1.2.04.31.00 - Retido nas Fontes - Trabalho;23561,76;25117
2016;Prefeitura Municipal de Governador Nunes Freire - MA;2104677;MA;DCA-Anexo I-C;NA;Receitas Brutas Realizadas;RO1.1.1.2.04.34.00;1.1.1.2.04.34.00 - Retido nas Fontes - Outros Rendimentos;29030,05;25117
2016;Prefeitura Municipal de Governador Nunes Freire - MA;2104677;MA;DCA-Anexo I-C;NA;Receitas Brutas Realizadas;RO1.1.1.2.08.00.00;"1.1.1.2.08.00.00 - Imposto sobre Transmissão ""Inter Vivos"" de Bens Imóveis e de Direitos Reais sobre Imóveis ¿ ITBI";9005,80;25117
2016;Prefeitura Municipal de Governador Nunes Freire - MA;2104677;MA;DCA-Anexo I-C;NA;Receitas Brutas Realizadas;RO1.1.1.3.00.00.00;1.1.1.3.00.00.00 - Impostos sobre a Produção e a Circulação;543852,50;25117
2016;Prefeitura Municipal de Governador Nunes Freire - MA;2104677;MA;DCA-Anexo I-C;NA;Receitas Brutas Realizadas;RO1.1.1.3.05.00.00;1.1.1.3.05.00.00 - Imposto sobre Serviços de Qualquer Natureza ¿ ISSQN;543852,50;25117
2016;Prefeitura Municipal de Governador Nunes Freire - MA;2104677;MA;DCA-Anexo I-C;NA;Receitas Brutas Realizadas;RO1.2.0.0.00.00.00;1.2.0.0.00.00.00 - Receitas de Contribuições;174467,22;25117
2016;Prefeitura Municipal de Governador Nunes Freire - MA;2104677;MA;DCA-Anexo I-C;NA;Receitas Brutas Realizadas;RO1.2.3.0.00.00.00;1.2.3.0.00.00.00 - Contribuição para Custeio do Serviço de Iluminação Pública;174467,22;25117
2016;Prefeitura Municipal de Governador Nunes Freire - MA;2104677;MA;DCA-Anexo I-C;NA;Receitas Brutas Realizadas;RO1.3.0.0.00.00.00;1.3.0.0.00.00.00 - Receita Patrimonial;123636,48;25117
2016;Prefeitura Municipal de Governador Nunes Freire - MA;2104677;MA;DCA-Anexo I-C;NA;Receitas Brutas Realizadas;RO1.3.2.0.00.00.00;1.3.2.0.00.00.00 - Receitas de Valores Mobiliários;35512,18;25117
2016;Prefeitura Municipal de Governador Nunes Freire - MA;2104677;MA;DCA-Anexo I-C;NA;Receitas Brutas Realizadas;RO1.3.2.5.00.00.00;1.3.2.5.00.00.00 - Remuneração de Depósitos Bancários;35512,18;25117
2016;Prefeitura Municipal de Governador Nunes Freire - MA;2104677;MA;DCA-Anexo I-C;NA;Receitas Brutas Realizadas;RO1.3.9.0.00.00.00;1.3.9.0.00.00.00 - Outras Receitas Patrimoniais;88124,30;25117
2016;Prefeitura Municipal de Governador Nunes Freire - MA;2104677;MA;DCA-Anexo I-C;NA;Receitas Brutas Realizadas;RO1.7.0.0.00.00.00;1.7.0.0.00.00.00 - Transferências Correntes;60175276,44;25117
2016;Prefeitura Municipal de Governador Nunes Freire - MA;2104677;MA;DCA-Anexo I-C;NA;Deduções - FUNDEB;RO1.7.0.0.00.00.00;1.7.0.0.00.00.00 - Transferências Correntes;3208059,66;25117
2016;Prefeitura Municipal de Governador Nunes Freire - MA;2104677;MA;DCA-Anexo I-C;NA;Receitas Brutas Realizadas;RO1.7.2.0.00.00.00;1.7.2.0.00.00.00 - Transferências Intergovernamentais;59429776,44;25117
2016;Prefeitura Municipal de Governador Nunes Freire - MA;2104677;MA;DCA-Anexo I-C;NA;Deduções - FUNDEB;RO1.7.2.0.00.00.00;1.7.2.0.00.00.00 - Transferências Intergovernamentais;3208059,66;25117
2016;Prefeitura Municipal de Governador Nunes Freire - MA;2104677;MA;DCA-Anexo I-C;NA;Receitas Brutas Realizadas;RO1.7.2.1.00.00.00;1.7.2.1.00.00.00 - Transferências da União;31046537,39;25117
2016;Prefeitura Municipal de Governador Nunes Freire - MA;2104677;MA;DCA-Anexo I-C;NA;Deduções - FUNDEB;RO1.7.2.1.00.00.00;1.7.2.1.00.00.00 - Transferências da União;2801101,25;25117
2016;Prefeitura Municipal de Governador Nunes Freire - MA;2104677;MA;DCA-Anexo I-C;NA;Receitas Brutas Realizadas;RO1.7.2.1.01.00.00;1.7.2.1.01.00.00 - Participação na Receita da União;17568044,60;25117
2016;Prefeitura Municipal de Governador Nunes Freire - MA;2104677;MA;DCA-Anexo I-C;NA;Deduções - FUNDEB;RO1.7.2.1.01.00.00;1.7.2.1.01.00.00 - Participação na Receita da União;2798737,73;25117
2016;Prefeitura Municipal de Governador Nunes Freire - MA;2104677;MA;DCA-Anexo I-C;NA;Receitas Brutas Realizadas;RO1.7.2.1.01.02.00;1.7.2.1.01.02.00 - Cota-Parte do Fundo de Participação dos Municípios ¿ FPM;17566161,95;25117
2016;Prefeitura Municipal de Governador Nunes Freire - MA;2104677;MA;DCA-Anexo I-C;NA;Deduções - FUNDEB;RO1.7.2.1.01.02.00;1.7.2.1.01.02.00 - Cota-Parte do Fundo de Participação dos Municípios ¿ FPM;2798361,29;25117
2016;Prefeitura Municipal de Governador Nunes Freire - MA;2104677;MA;DCA-Anexo I-C;NA;Receitas Brutas Realizadas;RO1.7.2.1.01.05.00;1.7.2.1.01.05.00 - Cota-Parte do Imposto Sobre a Propriedade Territorial Rural ¿ ITR;1882,65;25117
2016;Prefeitura Municipal de Governador Nunes Freire - MA;2104677;MA;DCA-Anexo I-C;NA;Deduções - FUNDEB;RO1.7.2.1.01.05.00;1.7.2.1.01.05.00 - Cota-Parte do Imposto Sobre a Propriedade Territorial Rural ¿ ITR;376,44;25117
2016;Prefeitura Municipal de Governador Nunes Freire - MA;2104677;MA;DCA-Anexo I-C;NA;Receitas Brutas Realizadas;RO1.7.2.1.22.00.00;1.7.2.1.22.00.00 - Transferências da Compensação Financeira pela Exploração de Recursos Naturais;134505,90;25117
2016;Prefeitura Municipal de Governador Nunes Freire - MA;2104677;MA;DCA-Anexo I-C;NA;Receitas Brutas Realizadas;RO1.7.2.1.22.70.00;1.7.2.1.22.70.00 - Cota-Parte do Fundo Especial do Petróleo ¿ FEP;134505,90;25117
2016;Prefeitura Municipal de Governador Nunes Freire - MA;2104677;MA;DCA-Anexo I-C;NA;Receitas Brutas Realizadas;RO1.7.2.1.33.00.00;1.7.2.1.33.00.00 - Transferências de Recursos do Sistema Único de Saúde - SUS - Repasses Fundo a Fundo;10689705,69;25117
2016;Prefeitura Municipal de Governador Nunes Freire - MA;2104677;MA;DCA-Anexo I-C;NA;Receitas Brutas Realizadas;RO1.7.2.1.34.00.00;1.7.2.1.34.00.00 - Transferências de Recursos do Fundo Nacional de Assistência Social ¿ FNAS;158890,89;25117
2016;Prefeitura Municipal de Governador Nunes Freire - MA;2104677;MA;DCA-Anexo I-C;NA;Receitas Brutas Realizadas;RO1.7.2.1.35.00.00;1.7.2.1.35.00.00 - Transferências de Recursos do Fundo Nacional do Desenvolvimento da Educação ¿ FNDE;1543740,58;25117
2016;Prefeitura Municipal de Governador Nunes Freire - MA;2104677;MA;DCA-Anexo I-C;NA;Receitas Brutas Realizadas;RO1.7.2.1.36.00.00;1.7.2.1.36.00.00 - Transferências Financeiras do ICMS ¿ Desoneração ¿ L.C. Nº 87/96;11817,72;25117
2016;Prefeitura Municipal de Governador Nunes Freire - MA;2104677;MA;DCA-Anexo I-C;NA;Deduções - FUNDEB;RO1.7.2.1.36.00.00;1.7.2.1.36.00.00 - Transferências Financeiras do ICMS ¿ Desoneração ¿ L.C. Nº 87/96;2363,52;25117
2016;Prefeitura Municipal de Governador Nunes Freire - MA;2104677;MA;DCA-Anexo I-C;NA;Receitas Brutas Realizadas;RO1.7.2.1.99.00.00;1.7.2.1.99.00.00 - Outras Transferências da União;939832,01;25117
2016;Prefeitura Municipal de Governador Nunes Freire - MA;2104677;MA;DCA-Anexo I-C;NA;Receitas Brutas Realizadas;RO1.7.2.2.00.00.00;1.7.2.2.00.00.00 - Transferências dos Estados;2370893,67;25117
2016;Prefeitura Municipal de Governador Nunes Freire - MA;2104677;MA;DCA-Anexo I-C;NA;Deduções - FUNDEB;RO1.7.2.2.00.00.00;1.7.2.2.00.00.00 - Transferências dos Estados;406958,41;25117
2016;Prefeitura Municipal de Governador Nunes Freire - MA;2104677;MA;DCA-Anexo I-C;NA;Receitas Brutas Realizadas;RO1.7.2.2.01.00.00;1.7.2.2.01.00.00 - Participação na Receita dos Estados;2370893,67;25117
2016;Prefeitura Municipal de Governador Nunes Freire - MA;2104677;MA;DCA-Anexo I-C;NA;Deduções - FUNDEB;RO1.7.2.2.01.00.00;1.7.2.2.01.00.00 - Participação na Receita dos Estados;406958,41;25117
2016;Prefeitura Municipal de Governador Nunes Freire - MA;2104677;MA;DCA-Anexo I-C;NA;Receitas Brutas Realizadas;RO1.7.2.2.01.01.00;1.7.2.2.01.01.00 - Cota-Parte do ICMS;2061427,32;25117
2016;Prefeitura Municipal de Governador Nunes Freire - MA;2104677;MA;DCA-Anexo I-C;NA;Deduções - FUNDEB;RO1.7.2.2.01.01.00;1.7.2.2.01.01.00 - Cota-Parte do ICMS;406958,41;25117
2016;Prefeitura Municipal de Governador Nunes Freire - MA;2104677;MA;DCA-Anexo I-C;NA;Receitas Brutas Realizadas;RO1.7.2.2.01.02.00;1.7.2.2.01.02.00 - Cota-Parte do IPVA;255633,13;25117
2016;Prefeitura Municipal de Governador Nunes Freire - MA;2104677;MA;DCA-Anexo I-C;NA;Receitas Brutas Realizadas;RO1.7.2.2.01.04.00;1.7.2.2.01.04.00 - Cota-Parte do IPI - Municípios;15815,37;25117
2016;Prefeitura Municipal de Governador Nunes Freire - MA;2104677;MA;DCA-Anexo I-C;NA;Receitas Brutas Realizadas;RO1.7.2.2.01.13.00;1.7.2.2.01.13.00 - Cota-Parte da Contribuição de Intervenção no Domínio Econômico;38017,85;25117
2016;Prefeitura Municipal de Governador Nunes Freire - MA;2104677;MA;DCA-Anexo I-C;NA;Receitas Brutas Realizadas;RO1.7.2.4.00.00.00;1.7.2.4.00.00.00 - Transferências Multigovernamentais;26012345,38;25117
2016;Prefeitura Municipal de Governador Nunes Freire - MA;2104677;MA;DCA-Anexo I-C;NA;Receitas Brutas Realizadas;RO1.7.2.4.01.00.00;1.7.2.4.01.00.00 - Transferências de Recursos do Fundo de Manutenção e Desenvolvimento do Ensino Fundamental e de Valorização do Magistério - FUNDEB;13027668,14;25117
2016;Prefeitura Municipal de Governador Nunes Freire - MA;2104677;MA;DCA-Anexo I-C;NA;Receitas Brutas Realizadas;RO1.7.2.4.02.00.00;1.7.2.4.02.00.00 - Transferências de Recursos da Complementação ao Fundo de Manutenção e Desenvolvimento do Ensino Fundamental e de Valorização do Magistério - FUNDEB;12984677,24;25117
2016;Prefeitura Municipal de Governador Nunes Freire - MA;2104677;MA;DCA-Anexo I-C;NA;Receitas Brutas Realizadas;RO1.7.6.0.00.00.00;1.7.6.0.00.00.00 - Transferências de Convênios;745500,00;25117
2016;Prefeitura Municipal de Governador Nunes Freire - MA;2104677;MA;DCA-Anexo I-C;NA;Receitas Brutas Realizadas;RO1.7.6.1.00.00.00;1.7.6.1.00.00.00 - Transferências de Convênios da União e de Suas Entidades;745500,00;25117
2016;Prefeitura Municipal de Governador Nunes Freire - MA;2104677;MA;DCA-Anexo I-C;NA;Receitas Brutas Realizadas;RO1.7.6.1.01.00.00;1.7.6.1.01.00.00 - Transferências de Convênios da União para o Sistema Único de Saúde - SUS;734400,00;25117
2016;Prefeitura Municipal de Governador Nunes Freire - MA;2104677;MA;DCA-Anexo I-C;NA;Receitas Brutas Realizadas;RO1.7.6.1.02.00.00;1.7.6.1.02.00.00 - Transferências de Convênios da União Destinadas a Programas de Educação;11100,00;25117
2017;Prefeitura Municipal de Governador Nunes Freire - MA;2104677;MA;DCA-Anexo I-C;Padrão;Receitas Brutas Realizadas;TotalReceitas;Total Receitas;54743824,08;25052
2017;Prefeitura Municipal de Governador Nunes Freire - MA;2104677;MA;DCA-Anexo I-C;Padrão;Deduções - FUNDEB;TotalReceitas;Total Receitas;3481721,37;25052
2017;Prefeitura Municipal de Governador Nunes Freire - MA;2104677;MA;DCA-Anexo I-C;Padrão;Receitas Brutas Realizadas;RO1.0.0.0.00.00.00;1.0.0.0.00.00.00 - Receitas Correntes;54373274,08;25052
2017;Prefeitura Municipal de Governador Nunes Freire - MA;2104677;MA;DCA-Anexo I-C;Padrão;Deduções - FUNDEB;RO1.0.0.0.00.00.00;1.0.0.0.00.00.00 - Receitas Correntes;3481721,37;25052
2017;Prefeitura Municipal de Governador Nunes Freire - MA;2104677;MA;DCA-Anexo I-C;Padrão;Receitas Brutas Realizadas;RO1.1.0.0.00.00.00;1.1.0.0.00.00.00 - Receita Tributária;604473,08;25052
2017;Prefeitura Municipal de Governador Nunes Freire - MA;2104677;MA;DCA-Anexo I-C;Padrão;Receitas Brutas Realizadas;RO1.1.1.0.00.00.00;1.1.1.0.00.00.00 - Impostos;563181,82;25052
2017;Prefeitura Municipal de Governador Nunes Freire - MA;2104677;MA;DCA-Anexo I-C;Padrão;Receitas Brutas Realizadas;RO1.1.1.2.00.00.00;1.1.1.2.00.00.00 - Impostos sobre o Patrimônio e a Renda;270741,65;25052
2017;Prefeitura Municipal de Governador Nunes Freire - MA;2104677;MA;DCA-Anexo I-C;Padrão;Receitas Brutas Realizadas;RO1.1.1.2.04.00.00;1.1.1.2.04.00.00 - Imposto sobre a Renda e Proventos de Qualquer Natureza ¿ IR;248461,65;25052
2017;Prefeitura Municipal de Governador Nunes Freire - MA;2104677;MA;DCA-Anexo I-C;Padrão;Receitas Brutas Realizadas;RO1.1.1.2.04.31.00;1.1.1.2.04.31.00 - Retido nas Fontes - Trabalho;243292,66;25052
2017;Prefeitura Municipal de Governador Nunes Freire - MA;2104677;MA;DCA-Anexo I-C;Padrão;Receitas Brutas Realizadas;RO1.1.1.2.04.34.00;1.1.1.2.04.34.00 - Retido nas Fontes - Outros Rendimentos;5168,99;25052
2017;Prefeitura Municipal de Governador Nunes Freire - MA;2104677;MA;DCA-Anexo I-C;Padrão;Receitas Brutas Realizadas;RO1.1.1.2.08.00.00;"1.1.1.2.08.00.00 - Imposto sobre Transmissão ""Inter Vivos"" de Bens Imóveis e de Direitos Reais sobre Imóveis ¿ ITBI";22280,00;25052
2017;Prefeitura Municipal de Governador Nunes Freire - MA;2104677;MA;DCA-Anexo I-C;Padrão;Receitas Brutas Realizadas;RO1.1.1.3.00.00.00;1.1.1.3.00.00.00 - Impostos sobre a Produção e a Circulação;292440,17;25052
2017;Prefeitura Municipal de Governador Nunes Freire - MA;2104677;MA;DCA-Anexo I-C;Padrão;Receitas Brutas Realizadas;RO1.1.1.3.05.00.00;1.1.1.3.05.00.00 - Imposto sobre Serviços de Qualquer Natureza ¿ ISSQN;292440,17;25052
2017;Prefeitura Municipal de Governador Nunes Freire - MA;2104677;MA;DCA-Anexo I-C;Padrão;Receitas Brutas Realizadas;RO1.1.2.0.00.00.00;1.1.2.0.00.00.00 - Taxas;41291,26;25052
2017;Prefeitura Municipal de Governador Nunes Freire - MA;2104677;MA;DCA-Anexo I-C;Padrão;Receitas Brutas Realizadas;RO1.1.2.1.00.00.00;1.1.2.1.00.00.00 - Taxas pelo Exercício do Poder de Polícia;35871,33;25052
2017;Prefeitura Municipal de Governador Nunes Freire - MA;2104677;MA;DCA-Anexo I-C;Padrão;Receitas Brutas Realizadas;RO1.1.2.2.00.00.00;1.1.2.2.00.00.00 - Taxas pela Prestação de Serviços;5419,93;25052
2017;Prefeitura Municipal de Governador Nunes Freire - MA;2104677;MA;DCA-Anexo I-C;Padrão;Receitas Brutas Realizadas;RO1.1.2.2.99.00.00;1.1.2.2.99.00.00 - Outras Taxas pela Prestação de Serviços;5419,93;25052
2017;Prefeitura Municipal de Governador Nunes Freire - MA;2104677;MA;DCA-Anexo I-C;Padrão;Receitas Brutas Realizadas;RO1.2.0.0.00.00.00;1.2.0.0.00.00.00 - Receitas de Contribuições;170388,24;25052
2017;Prefeitura Municipal de Governador Nunes Freire - MA;2104677;MA;DCA-Anexo I-C;Padrão;Receitas Brutas Realizadas;RO1.2.3.0.00.00.00;1.2.3.0.00.00.00 - Contribuição para Custeio do Serviço de Iluminação Pública;170388,24;25052
2017;Prefeitura Municipal de Governador Nunes Freire - MA;2104677;MA;DCA-Anexo I-C;Padrão;Receitas Brutas Realizadas;RO1.3.0.0.00.00.00;1.3.0.0.00.00.00 - Receita Patrimonial;224732,01;25052
2017;Prefeitura Municipal de Governador Nunes Freire - MA;2104677;MA;DCA-Anexo I-C;Padrão;Receitas Brutas Realizadas;RO1.3.2.0.00.00.00;1.3.2.0.00.00.00 - Receitas de Valores Mobiliários;223312,01;25052
2017;Prefeitura Municipal de Governador Nunes Freire - MA;2104677;MA;DCA-Anexo I-C;Padrão;Receitas Brutas Realizadas;RO1.3.2.5.00.00.00;1.3.2.5.00.00.00 - Remuneração de Depósitos Bancários;223312,01;25052
2017;Prefeitura Municipal de Governador Nunes Freire - MA;2104677;MA;DCA-Anexo I-C;Padrão;Receitas Brutas Realizadas;RO1.3.9.0.00.00.00;1.3.9.0.00.00.00 - Outras Receitas Patrimoniais;1420,00;25052
2017;Prefeitura Municipal de Governador Nunes Freire - MA;2104677;MA;DCA-Anexo I-C;Padrão;Receitas Brutas Realizadas;RO1.7.0.0.00.00.00;1.7.0.0.00.00.00 - Transferências Correntes;53373680,75;25052
2017;Prefeitura Municipal de Governador Nunes Freire - MA;2104677;MA;DCA-Anexo I-C;Padrão;Deduções - FUNDEB;RO1.7.0.0.00.00.00;1.7.0.0.00.00.00 - Transferências Correntes;3481721,37;25052
2017;Prefeitura Municipal de Governador Nunes Freire - MA;2104677;MA;DCA-Anexo I-C;Padrão;Receitas Brutas Realizadas;RO1.7.2.0.00.00.00;1.7.2.0.00.00.00 - Transferências Intergovernamentais;53373680,75;25052
2017;Prefeitura Municipal de Governador Nunes Freire - MA;2104677;MA;DCA-Anexo I-C;Padrão;Deduções - FUNDEB;RO1.7.2.0.00.00.00;1.7.2.0.00.00.00 - Transferências Intergovernamentais;3481721,37;25052
2017;Prefeitura Municipal de Governador Nunes Freire - MA;2104677;MA;DCA-Anexo I-C;Padrão;Receitas Brutas Realizadas;RO1.7.2.1.00.00.00;1.7.2.1.00.00.00 - Transferências da União;29201320,74;25052
2017;Prefeitura Municipal de Governador Nunes Freire - MA;2104677;MA;DCA-Anexo I-C;Padrão;Deduções - FUNDEB;RO1.7.2.1.00.00.00;1.7.2.1.00.00.00 - Transferências da União;3038148,94;25052
2017;Prefeitura Municipal de Governador Nunes Freire - MA;2104677;MA;DCA-Anexo I-C;Padrão;Receitas Brutas Realizadas;RO1.7.2.1.01.00.00;1.7.2.1.01.00.00 - Participação na Receita da União;16549948,57;25052
2017;Prefeitura Municipal de Governador Nunes Freire - MA;2104677;MA;DCA-Anexo I-C;Padrão;Deduções - FUNDEB;RO1.7.2.1.01.00.00;1.7.2.1.01.00.00 - Participação na Receita da União;3035818,54;25052
2017;Prefeitura Municipal de Governador Nunes Freire - MA;2104677;MA;DCA-Anexo I-C;Padrão;Receitas Brutas Realizadas;RO1.7.2.1.01.02.00;1.7.2.1.01.02.00 - Cota-Parte do Fundo de Participação dos Municípios ¿ FPM;16548181,38;25052
2017;Prefeitura Municipal de Governador Nunes Freire - MA;2104677;MA;DCA-Anexo I-C;Padrão;Deduções - FUNDEB;RO1.7.2.1.01.02.00;1.7.2.1.01.02.00 - Cota-Parte do Fundo de Participação dos Municípios ¿ FPM;3035465,15;25052
2017;Prefeitura Municipal de Governador Nunes Freire - MA;2104677;MA;DCA-Anexo I-C;Padrão;Receitas Brutas Realizadas;RO1.7.2.1.01.05.00;1.7.2.1.01.05.00 - Cota-Parte do Imposto Sobre a Propriedade Territorial Rural ¿ ITR;1767,19;25052
2017;Prefeitura Municipal de Governador Nunes Freire - MA;2104677;MA;DCA-Anexo I-C;Padrão;Deduções - FUNDEB;RO1.7.2.1.01.05.00;1.7.2.1.01.05.00 - Cota-Parte do Imposto Sobre a Propriedade Territorial Rural ¿ ITR;353,39;25052
2017;Prefeitura Municipal de Governador Nunes Freire - MA;2104677;MA;DCA-Anexo I-C;Padrão;Receitas Brutas Realizadas;RO1.7.2.1.22.00.00;1.7.2.1.22.00.00 - Transferências da Compensação Financeira pela Exploração de Recursos Naturais;176298,91;25052
2017;Prefeitura Municipal de Governador Nunes Freire - MA;2104677;MA;DCA-Anexo I-C;Padrão;Receitas Brutas Realizadas;RO1.7.2.1.22.70.00;1.7.2.1.22.70.00 - Cota-Parte do Fundo Especial do Petróleo ¿ FEP;176298,91;25052
2017;Prefeitura Municipal de Governador Nunes Freire - MA;2104677;MA;DCA-Anexo I-C;Padrão;Receitas Brutas Realizadas;RO1.7.2.1.33.00.00;1.7.2.1.33.00.00 - Transferências de Recursos do Sistema Único de Saúde - SUS - Repasses Fundo a Fundo;10450475,23;25052
2017;Prefeitura Municipal de Governador Nunes Freire - MA;2104677;MA;DCA-Anexo I-C;Padrão;Receitas Brutas Realizadas;RO1.7.2.1.34.00.00;1.7.2.1.34.00.00 - Transferências de Recursos do Fundo Nacional de Assistência Social ¿ FNAS;444533,44;25052
2017;Prefeitura Municipal de Governador Nunes Freire - MA;2104677;MA;DCA-Anexo I-C;Padrão;Receitas Brutas Realizadas;RO1.7.2.1.35.00.00;1.7.2.1.35.00.00 - Transferências de Recursos do Fundo Nacional do Desenvolvimento da Educação ¿ FNDE;1545682,35;25052
2017;Prefeitura Municipal de Governador Nunes Freire - MA;2104677;MA;DCA-Anexo I-C;Padrão;Receitas Brutas Realizadas;RO1.7.2.1.36.00.00;1.7.2.1.36.00.00 - Transferências Financeiras do ICMS ¿ Desoneração ¿ L.C. Nº 87/96;11652,00;25052
2017;Prefeitura Municipal de Governador Nunes Freire - MA;2104677;MA;DCA-Anexo I-C;Padrão;Deduções - FUNDEB;RO1.7.2.1.36.00.00;1.7.2.1.36.00.00 - Transferências Financeiras do ICMS ¿ Desoneração ¿ L.C. Nº 87/96;2330,40;25052
2017;Prefeitura Municipal de Governador Nunes Freire - MA;2104677;MA;DCA-Anexo I-C;Padrão;Receitas Brutas Realizadas;RO1.7.2.1.99.00.00;1.7.2.1.99.00.00 - Outras Transferências da União;22730,24;25052
2017;Prefeitura Municipal de Governador Nunes Freire - MA;2104677;MA;DCA-Anexo I-C;Padrão;Receitas Brutas Realizadas;RO1.7.2.2.00.00.00;1.7.2.2.00.00.00 - Transferências dos Estados;2840857,53;25052
2017;Prefeitura Municipal de Governador Nunes Freire - MA;2104677;MA;DCA-Anexo I-C;Padrão;Deduções - FUNDEB;RO1.7.2.2.00.00.00;1.7.2.2.00.00.00 - Transferências dos Estados;443572,43;25052
2017;Prefeitura Municipal de Governador Nunes Freire - MA;2104677;MA;DCA-Anexo I-C;Padrão;Receitas Brutas Realizadas;RO1.7.2.2.01.00.00;1.7.2.2.01.00.00 - Participação na Receita dos Estados;2531239,25;25052
2017;Prefeitura Municipal de Governador Nunes Freire - MA;2104677;MA;DCA-Anexo I-C;Padrão;Deduções - FUNDEB;RO1.7.2.2.01.00.00;1.7.2.2.01.00.00 - Participação na Receita dos Estados;443572,43;25052
2017;Prefeitura Municipal de Governador Nunes Freire - MA;2104677;MA;DCA-Anexo I-C;Padrão;Receitas Brutas Realizadas;RO1.7.2.2.01.01.00;1.7.2.2.01.01.00 - Cota-Parte do ICMS;2157941,70;25052
2017;Prefeitura Municipal de Governador Nunes Freire - MA;2104677;MA;DCA-Anexo I-C;Padrão;Deduções - FUNDEB;RO1.7.2.2.01.01.00;1.7.2.2.01.01.00 - Cota-Parte do ICMS;431588,06;25052
2017;Prefeitura Municipal de Governador Nunes Freire - MA;2104677;MA;DCA-Anexo I-C;Padrão;Receitas Brutas Realizadas;RO1.7.2.2.01.02.00;1.7.2.2.01.02.00 - Cota-Parte do IPVA;282658,19;25052
2017;Prefeitura Municipal de Governador Nunes Freire - MA;2104677;MA;DCA-Anexo I-C;Padrão;Receitas Brutas Realizadas;RO1.7.2.2.01.04.00;1.7.2.2.01.04.00 - Cota-Parte do IPI - Municípios;30570,34;25052
2017;Prefeitura Municipal de Governador Nunes Freire - MA;2104677;MA;DCA-Anexo I-C;Padrão;Deduções - FUNDEB;RO1.7.2.2.01.04.00;1.7.2.2.01.04.00 - Cota-Parte do IPI - Municípios;11984,37;25052
2017;Prefeitura Municipal de Governador Nunes Freire - MA;2104677;MA;DCA-Anexo I-C;Padrão;Receitas Brutas Realizadas;RO1.7.2.2.01.13.00;1.7.2.2.01.13.00 - Cota-Parte da Contribuição de Intervenção no Domínio Econômico;50723,56;25052
2017;Prefeitura Municipal de Governador Nunes Freire - MA;2104677;MA;DCA-Anexo I-C;Padrão;Receitas Brutas Realizadas;RO1.7.2.2.01.99.00;1.7.2.2.01.99.00 - Outras Participações na Receita dos Estados;9345,46;25052
2017;Prefeitura Municipal de Governador Nunes Freire - MA;2104677;MA;DCA-Anexo I-C;Padrão;Receitas Brutas Realizadas;RO1.7.2.2.33.00.00;1.7.2.2.33.00.00 - Transferências de Recursos do Estado para Programas de Saúde - Repasse Fundo a Fundo;309618,28;25052
2017;Prefeitura Municipal de Governador Nunes Freire - MA;2104677;MA;DCA-Anexo I-C;Padrão;Receitas Brutas Realizadas;RO1.7.2.4.00.00.00;1.7.2.4.00.00.00 - Transferências Multigovernamentais;21331502,48;25052
2017;Prefeitura Municipal de Governador Nunes Freire - MA;2104677;MA;DCA-Anexo I-C;Padrão;Receitas Brutas Realizadas;RO1.7.2.4.01.00.00;1.7.2.4.01.00.00 - Transferências de Recursos do Fundo de Manutenção e Desenvolvimento do Ensino Fundamental e de Valorização do Magistério - FUNDEB;10756754,34;25052
2017;Prefeitura Municipal de Governador Nunes Freire - MA;2104677;MA;DCA-Anexo I-C;Padrão;Receitas Brutas Realizadas;RO1.7.2.4.02.00.00;1.7.2.4.02.00.00 - Transferências de Recursos da Complementação ao Fundo de Manutenção e Desenvolvimento do Ensino Fundamental e de Valorização do Magistério - FUNDEB;10574748,14;25052
2017;Prefeitura Municipal de Governador Nunes Freire - MA;2104677;MA;DCA-Anexo I-C;Padrão;Receitas Brutas Realizadas;RO2.0.0.0.00.00.00;2.0.0.0.00.00.00 - Receitas de Capital;370550,00;25052
2017;Prefeitura Municipal de Governador Nunes Freire - MA;2104677;MA;DCA-Anexo I-C;Padrão;Receitas Brutas Realizadas;RO2.4.0.0.00.00.00;2.4.0.0.00.00.00 - Transferências de Capital;370550,00;25052
2017;Prefeitura Municipal de Governador Nunes Freire - MA;2104677;MA;DCA-Anexo I-C;Padrão;Receitas Brutas Realizadas;RO2.4.2.0.00.00.00;2.4.2.0.00.00.00 - Transferências Intergovernamentais;370550,00;25052
2017;Prefeitura Municipal de Governador Nunes Freire - MA;2104677;MA;DCA-Anexo I-C;Padrão;Receitas Brutas Realizadas;RO2.4.2.1.00.00.00;2.4.2.1.00.00.00 - Transferências da União;370550,00;25052
2017;Prefeitura Municipal de Governador Nunes Freire - MA;2104677;MA;DCA-Anexo I-C;Padrão;Receitas Brutas Realizadas;RO2.4.2.1.01.00.00;2.4.2.1.01.00.00 - Participação na Receita da União;370550,00;25052
2018;Prefeitura Municipal de Governador Nunes Freire - MA;2104677;MA;DCA-Anexo I-C;Padrão;Receitas Brutas Realizadas;TotalReceitas;Total Receitas;63383321,76;25052
2018;Prefeitura Municipal de Governador Nunes Freire - MA;2104677;MA;DCA-Anexo I-C;Padrão;Deduções - FUNDEB;TotalReceitas;Total Receitas;3385559,12;25052
2018;Prefeitura Municipal de Governador Nunes Freire - MA;2104677;MA;DCA-Anexo I-C;Padrão;Receitas Brutas Realizadas;RO1.0.0.0.00.0.0;1.0.0.0.00.0.0 - Receitas Correntes;63372484,01;25052
2018;Prefeitura Municipal de Governador Nunes Freire - MA;2104677;MA;DCA-Anexo I-C;Padrão;Deduções - FUNDEB;RO1.0.0.0.00.0.0;1.0.0.0.00.0.0 - Receitas Correntes;3385559,12;25052
2018;Prefeitura Municipal de Governador Nunes Freire - MA;2104677;MA;DCA-Anexo I-C;Padrão;Receitas Brutas Realizadas;RO1.1.0.0.00.0.0;1.1.0.0.00.0.0 - Impostos, Taxas e Contribuições de Melhoria;1560935,08;25052
2018;Prefeitura Municipal de Governador Nunes Freire - MA;2104677;MA;DCA-Anexo I-C;Padrão;Receitas Brutas Realizadas;RO1.1.1.0.00.0.0;1.1.1.0.00.0.0 - Impostos;1532114,30;25052
2018;Prefeitura Municipal de Governador Nunes Freire - MA;2104677;MA;DCA-Anexo I-C;Padrão;Receitas Brutas Realizadas;RO1.1.1.3.00.0.0;1.1.1.3.00.0.0 - Impostos sobre a Renda e Proventos de Qualquer Natureza;779449,54;25052
2018;Prefeitura Municipal de Governador Nunes Freire - MA;2104677;MA;DCA-Anexo I-C;Padrão;Receitas Brutas Realizadas;RO1.1.1.3.03.0.0;1.1.1.3.03.0.0 - Imposto sobre a Renda - Retido na Fonte;779449,54;25052
2018;Prefeitura Municipal de Governador Nunes Freire - MA;2104677;MA;DCA-Anexo I-C;Padrão;Receitas Brutas Realizadas;RO1.1.1.3.03.1.0;1.1.1.3.03.1.0 - Imposto sobre a Renda - Retido na Fonte - Trabalho;762449,54;25052
2018;Prefeitura Municipal de Governador Nunes Freire - MA;2104677;MA;DCA-Anexo I-C;Padrão;Receitas Brutas Realizadas;RO1.1.1.3.03.4.0;1.1.1.3.03.4.0 - Imposto sobre a Renda - Retido na Fonte - Outros Rendimentos;17000,00;25052
2018;Prefeitura Municipal de Governador Nunes Freire - MA;2104677;MA;DCA-Anexo I-C;Padrão;Receitas Brutas Realizadas;RO1.1.1.8.00.0.0;1.1.1.8.00.0.0 Impostos Específicos de Estados, DF e Municípios;752664,76;25052
2018;Prefeitura Municipal de Governador Nunes Freire - MA;2104677;MA;DCA-Anexo I-C;Padrão;Receitas Brutas Realizadas;RO1.1.1.8.01.0.0;1.1.1.8.01.0.0 Impostos sobre o Patrimônio para Estados/DF/Municípios;303475,08;25052
2018;Prefeitura Municipal de Governador Nunes Freire - MA;2104677;MA;DCA-Anexo I-C;Padrão;Receitas Brutas Realizadas;RO1.1.1.8.01.1.0;1.1.1.8.01.1.0 Imposto sobre a Propriedade Predial e Territorial Urbana;15000,00;25052
2018;Prefeitura Municipal de Governador Nunes Freire - MA;2104677;MA;DCA-Anexo I-C;Padrão;Receitas Brutas Realizadas;RO1.1.1.8.01.4.0;1.1.1.8.01.4.0 Imposto sobre Transmissão ¿Inter Vivos¿ de Bens Imóveis e de Direitos Reais sobre Imóveis;288475,08;25052
2018;Prefeitura Municipal de Governador Nunes Freire - MA;2104677;MA;DCA-Anexo I-C;Padrão;Receitas Brutas Realizadas;RO1.1.1.8.02.0.0;1.1.1.8.02.0.0 Impostos sobre a Produção, Circulação de Mercadorias e Serviços;449189,68;25052
2018;Prefeitura Municipal de Governador Nunes Freire - MA;2104677;MA;DCA-Anexo I-C;Padrão;Receitas Brutas Realizadas;RO1.1.1.8.02.3.0;1.1.1.8.02.3.0 Imposto sobre Serviços de Qualquer Natureza;449189,68;25052
2018;Prefeitura Municipal de Governador Nunes Freire - MA;2104677;MA;DCA-Anexo I-C;Padrão;Receitas Brutas Realizadas;RO1.1.2.0.00.0.0;1.1.2.0.00.0.0 - Taxas;28820,78;25052
2018;Prefeitura Municipal de Governador Nunes Freire - MA;2104677;MA;DCA-Anexo I-C;Padrão;Receitas Brutas Realizadas;RO1.1.2.1.00.0.0;1.1.2.1.00.0.0 - Taxas pelo Exercício do Poder de Polícia;18978,44;25052
2018;Prefeitura Municipal de Governador Nunes Freire - MA;2104677;MA;DCA-Anexo I-C;Padrão;Receitas Brutas Realizadas;RO1.1.2.1.01.0.0;1.1.2.1.01.0.0 - Taxas de Inspeção, Controle e Fiscalização;18978,44;25052
2018;Prefeitura Municipal de Governador Nunes Freire - MA;2104677;MA;DCA-Anexo I-C;Padrão;Receitas Brutas Realizadas;RO1.1.2.2.00.0.0;1.1.2.2.00.0.0 - Taxas pela Prestação de Serviços;9842,34;25052
2018;Prefeitura Municipal de Governador Nunes Freire - MA;2104677;MA;DCA-Anexo I-C;Padrão;Receitas Brutas Realizadas;RO1.1.2.2.01.0.0;1.1.2.2.01.0.0 - Taxas pela Prestação de Serviços;9842,34;25052
2018;Prefeitura Municipal de Governador Nunes Freire - MA;2104677;MA;DCA-Anexo I-C;Padrão;Receitas Brutas Realizadas;RO1.2.0.0.00.0.0;1.2.0.0.00.0.0 - Contribuições;141061,96;25052
2018;Prefeitura Municipal de Governador Nunes Freire - MA;2104677;MA;DCA-Anexo I-C;Padrão;Receitas Brutas Realizadas;RO1.2.4.0.00.0.0;1.2.4.0.00.0.0 - Contribuição para o Custeio do Serviço de Iluminação Pública;141061,96;25052
2018;Prefeitura Municipal de Governador Nunes Freire - MA;2104677;MA;DCA-Anexo I-C;Padrão;Receitas Brutas Realizadas;RO1.3.0.0.00.0.0;1.3.0.0.00.0.0 - Receita Patrimonial;104324,93;25052
2018;Prefeitura Municipal de Governador Nunes Freire - MA;2104677;MA;DCA-Anexo I-C;Padrão;Receitas Brutas Realizadas;RO1.3.2.0.00.0.0;1.3.2.0.00.0.0 - Valores Mobiliários;92802,86;25052
2018;Prefeitura Municipal de Governador Nunes Freire - MA;2104677;MA;DCA-Anexo I-C;Padrão;Receitas Brutas Realizadas;RO1.3.2.1.00.0.0;1.3.2.1.00.0.0 - Juros e Correções Monetárias;92802,86;25052
2018;Prefeitura Municipal de Governador Nunes Freire - MA;2104677;MA;DCA-Anexo I-C;Padrão;Receitas Brutas Realizadas;RO1.3.2.1.00.1.0;1.3.2.1.00.1.0 - Remuneração de Depósitos Bancários;92802,86;25052
2018;Prefeitura Municipal de Governador Nunes Freire - MA;2104677;MA;DCA-Anexo I-C;Padrão;Receitas Brutas Realizadas;RO1.3.9.0.00.0.0;1.3.9.0.00.0.0 - Demais Receitas Patrimoniais;11522,07;25052
2018;Prefeitura Municipal de Governador Nunes Freire - MA;2104677;MA;DCA-Anexo I-C;Padrão;Receitas Brutas Realizadas;RO1.7.0.0.00.0.0;1.7.0.0.00.0.0 - Transferências Correntes;61566162,04;25052
2018;Prefeitura Municipal de Governador Nunes Freire - MA;2104677;MA;DCA-Anexo I-C;Padrão;Deduções - FUNDEB;RO1.7.0.0.00.0.0;1.7.0.0.00.0.0 - Transferências Correntes;3385559,12;25052
2018;Prefeitura Municipal de Governador Nunes Freire - MA;2104677;MA;DCA-Anexo I-C;Padrão;Receitas Brutas Realizadas;RO1.7.1.0.00.0.0;1.7.1.0.00.0.0 - Transferências da União e de suas Entidades;32586114,67;25052
2018;Prefeitura Municipal de Governador Nunes Freire - MA;2104677;MA;DCA-Anexo I-C;Padrão;Deduções - FUNDEB;RO1.7.1.0.00.0.0;1.7.1.0.00.0.0 - Transferências da União e de suas Entidades;3243646,48;25052
2018;Prefeitura Municipal de Governador Nunes Freire - MA;2104677;MA;DCA-Anexo I-C;Padrão;Receitas Brutas Realizadas;RO1.7.1.8.00.0.0;1.7.1.8.00.0.0 Transferências da União - Específicas de Estados, DF e Municípios;32586114,67;25052
2018;Prefeitura Municipal de Governador Nunes Freire - MA;2104677;MA;DCA-Anexo I-C;Padrão;Deduções - FUNDEB;RO1.7.1.8.00.0.0;1.7.1.8.00.0.0 Transferências da União - Específicas de Estados, DF e Municípios;3243646,48;25052
2018;Prefeitura Municipal de Governador Nunes Freire - MA;2104677;MA;DCA-Anexo I-C;Padrão;Receitas Brutas Realizadas;RO1.7.1.8.01.0.0;1.7.1.8.01.0.0 Participação na Receita da União;16934933,27;25052
2018;Prefeitura Municipal de Governador Nunes Freire - MA;2104677;MA;DCA-Anexo I-C;Padrão;Deduções - FUNDEB;RO1.7.1.8.01.0.0;1.7.1.8.01.0.0 Participação na Receita da União;3241250,56;25052
2018;Prefeitura Municipal de Governador Nunes Freire - MA;2104677;MA;DCA-Anexo I-C;Padrão;Receitas Brutas Realizadas;RO1.7.1.8.01.2.0;1.7.1.8.01.2.0 Cota-Parte do Fundo de Participação dos Municípios - Cota Mensal;16933611,61;25052
2018;Prefeitura Municipal de Governador Nunes Freire - MA;2104677;MA;DCA-Anexo I-C;Padrão;Deduções - FUNDEB;RO1.7.1.8.01.2.0;1.7.1.8.01.2.0 Cota-Parte do Fundo de Participação dos Municípios - Cota Mensal;3240986,31;25052
2018;Prefeitura Municipal de Governador Nunes Freire - MA;2104677;MA;DCA-Anexo I-C;Padrão;Receitas Brutas Realizadas;RO1.7.1.8.01.5.0;1.7.1.8.01.5.0 Cota-Parte do Imposto Sobre a Propriedade Territorial Rural;1321,66;25052
2018;Prefeitura Municipal de Governador Nunes Freire - MA;2104677;MA;DCA-Anexo I-C;Padrão;Deduções - FUNDEB;RO1.7.1.8.01.5.0;1.7.1.8.01.5.0 Cota-Parte do Imposto Sobre a Propriedade Territorial Rural;264,25;25052
2018;Prefeitura Municipal de Governador Nunes Freire - MA;2104677;MA;DCA-Anexo I-C;Padrão;Receitas Brutas Realizadas;RO1.7.1.8.02.0.0;1.7.1.8.02.0.0 Transferência da Compensação Financeira pela Exploração de Recursos Naturais;269543,64;25052
2018;Prefeitura Municipal de Governador Nunes Freire - MA;2104677;MA;DCA-Anexo I-C;Padrão;Receitas Brutas Realizadas;RO1.7.1.8.02.6.0;1.7.1.8.02.6.0 Cota-Parte do Fundo Especial do Petróleo ¿ FEP;269543,64;25052
2018;Prefeitura Municipal de Governador Nunes Freire - MA;2104677;MA;DCA-Anexo I-C;Padrão;Receitas Brutas Realizadas;RO1.7.1.8.03.0.0;1.7.1.8.03.0.0 Transferência de Recursos do Sistema Único de Saúde ¿ SUS ¿ Repasses Fundo a Fundo;12788186,49;25052
2018;Prefeitura Municipal de Governador Nunes Freire - MA;2104677;MA;DCA-Anexo I-C;Padrão;Receitas Brutas Realizadas;RO1.7.1.8.04.0.0;1.7.1.8.04.0.0 Transferências de Recursos do Fundo Nacional de Assistência Social ¿ FNAS;861635,86;25052
2018;Prefeitura Municipal de Governador Nunes Freire - MA;2104677;MA;DCA-Anexo I-C;Padrão;Receitas Brutas Realizadas;RO1.7.1.8.05.0.0;1.7.1.8.05.0.0 Transferências de Recursos do Fundo Nacional do Desenvolvimento da Educação ¿ FNDE;1716743,16;25052
2018;Prefeitura Municipal de Governador Nunes Freire - MA;2104677;MA;DCA-Anexo I-C;Padrão;Receitas Brutas Realizadas;RO1.7.1.8.05.1.0;1.7.1.8.05.1.0 Transferências do Salário-Educação;493569,97;25052
2018;Prefeitura Municipal de Governador Nunes Freire - MA;2104677;MA;DCA-Anexo I-C;Padrão;Receitas Brutas Realizadas;RO1.7.1.8.05.2.0;1.7.1.8.05.2.0 Transferências Diretas do FNDE referentes ao Programa Dinheiro Direto na Escola ¿ PDDE;6840,00;25052
2018;Prefeitura Municipal de Governador Nunes Freire - MA;2104677;MA;DCA-Anexo I-C;Padrão;Receitas Brutas Realizadas;RO1.7.1.8.05.3.0;1.7.1.8.05.3.0 Transferências Diretas do FNDE referentes ao Programa Nacional de Alimentação Escolar ¿ PNAE;1136535,60;25052
2018;Prefeitura Municipal de Governador Nunes Freire - MA;2104677;MA;DCA-Anexo I-C;Padrão;Receitas Brutas Realizadas;RO1.7.1.8.05.4.0;1.7.1.8.05.4.0 Transferências Diretas do FNDE referentes ao Programa Nacional de Apoio ao Transporte do Escolar ¿ PNATE;79797,59;25052
2018;Prefeitura Municipal de Governador Nunes Freire - MA;2104677;MA;DCA-Anexo I-C;Padrão;Receitas Brutas Realizadas;RO1.7.1.8.06.0.0;1.7.1.8.06.0.0 Transferência Financeira do ICMS ¿ Desoneração ¿ L.C. Nº 87/96;11979,60;25052
2018;Prefeitura Municipal de Governador Nunes Freire - MA;2104677;MA;DCA-Anexo I-C;Padrão;Deduções - FUNDEB;RO1.7.1.8.06.0.0;1.7.1.8.06.0.0 Transferência Financeira do ICMS ¿ Desoneração ¿ L.C. Nº 87/96;2395,92;25052
2018;Prefeitura Municipal de Governador Nunes Freire - MA;2104677;MA;DCA-Anexo I-C;Padrão;Receitas Brutas Realizadas;RO1.7.1.8.06.1.0;1.7.1.8.06.1.0 Transferência Financeira do ICMS ¿ Desoneração ¿ L.C. Nº 87/96;11979,60;25052
2018;Prefeitura Municipal de Governador Nunes Freire - MA;2104677;MA;DCA-Anexo I-C;Padrão;Deduções - FUNDEB;RO1.7.1.8.06.1.0;1.7.1.8.06.1.0 Transferência Financeira do ICMS ¿ Desoneração ¿ L.C. Nº 87/96;2395,92;25052
2018;Prefeitura Municipal de Governador Nunes Freire - MA;2104677;MA;DCA-Anexo I-C;Padrão;Receitas Brutas Realizadas;RO1.7.1.8.10.0.0;1.7.1.8.10.0.0 Transferências de Convênios da União e de Suas Entidades;3092,65;25052
2018;Prefeitura Municipal de Governador Nunes Freire - MA;2104677;MA;DCA-Anexo I-C;Padrão;Receitas Brutas Realizadas;RO1.7.1.8.10.9.0;1.7.1.8.10.9.0 Outras Transferências de Convênios da União;3092,65;25052
2018;Prefeitura Municipal de Governador Nunes Freire - MA;2104677;MA;DCA-Anexo I-C;Padrão;Receitas Brutas Realizadas;RO1.7.2.0.00.0.0;1.7.2.0.00.0.0 - Transferências dos Estados e do Distrito Federal e de suas Entidades;3174197,62;25052
2018;Prefeitura Municipal de Governador Nunes Freire - MA;2104677;MA;DCA-Anexo I-C;Padrão;Deduções - FUNDEB;RO1.7.2.0.00.0.0;1.7.2.0.00.0.0 - Transferências dos Estados e do Distrito Federal e de suas Entidades;141912,64;25052
2018;Prefeitura Municipal de Governador Nunes Freire - MA;2104677;MA;DCA-Anexo I-C;Padrão;Receitas Brutas Realizadas;RO1.7.2.8.00.0.0;1.7.2.8.00.0.0 Transferências dos Estados - Específicas de Estados, DF e Municípios;3174197,62;25052
2018;Prefeitura Municipal de Governador Nunes Freire - MA;2104677;MA;DCA-Anexo I-C;Padrão;Deduções - FUNDEB;RO1.7.2.8.00.0.0;1.7.2.8.00.0.0 Transferências dos Estados - Específicas de Estados, DF e Municípios;141912,64;25052
2018;Prefeitura Municipal de Governador Nunes Freire - MA;2104677;MA;DCA-Anexo I-C;Padrão;Receitas Brutas Realizadas;RO1.7.2.8.01.0.0;1.7.2.8.01.0.0 Participação na Receita dos Estados;3174197,62;25052
2018;Prefeitura Municipal de Governador Nunes Freire - MA;2104677;MA;DCA-Anexo I-C;Padrão;Deduções - FUNDEB;RO1.7.2.8.01.0.0;1.7.2.8.01.0.0 Participação na Receita dos Estados;141912,64;25052
2018;Prefeitura Municipal de Governador Nunes Freire - MA;2104677;MA;DCA-Anexo I-C;Padrão;Receitas Brutas Realizadas;RO1.7.2.8.01.1.0;1.7.2.8.01.1.0 Cota-Parte do ICMS;1636977,05;25052
2018;Prefeitura Municipal de Governador Nunes Freire - MA;2104677;MA;DCA-Anexo I-C;Padrão;Deduções - FUNDEB;RO1.7.2.8.01.1.0;1.7.2.8.01.1.0 Cota-Parte do ICMS;141912,64;25052
2018;Prefeitura Municipal de Governador Nunes Freire - MA;2104677;MA;DCA-Anexo I-C;Padrão;Receitas Brutas Realizadas;RO1.7.2.8.01.2.0;1.7.2.8.01.2.0 Cota-Parte do IPVA;956563,11;25052
2018;Prefeitura Municipal de Governador Nunes Freire - MA;2104677;MA;DCA-Anexo I-C;Padrão;Receitas Brutas Realizadas;RO1.7.2.8.01.3.0;1.7.2.8.01.3.0 Cota-Parte do IPI - Municípios;105714,18;25052
2018;Prefeitura Municipal de Governador Nunes Freire - MA;2104677;MA;DCA-Anexo I-C;Padrão;Receitas Brutas Realizadas;RO1.7.2.8.01.4.0;1.7.2.8.01.4.0 Cota-Parte da Contribuição de Intervenção no Domínio Econômico;40142,96;25052
2018;Prefeitura Municipal de Governador Nunes Freire - MA;2104677;MA;DCA-Anexo I-C;Padrão;Receitas Brutas Realizadas;RO1.7.2.8.01.5.0;1.7.2.8.01.5.0 Outras Participações na Receita dos Estados;434800,32;25052
2018;Prefeitura Municipal de Governador Nunes Freire - MA;2104677;MA;DCA-Anexo I-C;Padrão;Receitas Brutas Realizadas;RO1.7.5.0.00.0.0;1.7.5.0.00.0.0 - Transferências de Outras Instituições Públicas;25805849,75;25052
2018;Prefeitura Municipal de Governador Nunes Freire - MA;2104677;MA;DCA-Anexo I-C;Padrão;Receitas Brutas Realizadas;RO1.7.5.8.00.0.0;1.7.5.8.00.0.0 Transferências de Outras Instituições Públicas - Específicas de Estados, DF e Municípios;25805849,75;25052
2018;Prefeitura Municipal de Governador Nunes Freire - MA;2104677;MA;DCA-Anexo I-C;Padrão;Receitas Brutas Realizadas;RO1.7.5.8.01.0.0;1.7.5.8.01.0.0 Transferências de Recursos do Fundo de Manutenção e Desenvolvimento da Educação Básica e de Valorização dos Profissionais da Educação ¿ FUNDEB;25805849,75;25052
2018;Prefeitura Municipal de Governador Nunes Freire - MA;2104677;MA;DCA-Anexo I-C;Padrão;Receitas Brutas Realizadas;RO2.0.0.0.00.0.0;2.0.0.0.00.0.0 - Receitas de Capital;10837,75;25052
2018;Prefeitura Municipal de Governador Nunes Freire - MA;2104677;MA;DCA-Anexo I-C;Padrão;Receitas Brutas Realizadas;RO2.4.0.0.00.0.0;2.4.0.0.00.0.0 - Transferências de Capital;10837,75;25052
2018;Prefeitura Municipal de Governador Nunes Freire - MA;2104677;MA;DCA-Anexo I-C;Padrão;Receitas Brutas Realizadas;RO2.4.2.0.00.0.0;2.4.2.0.00.0.0 - Transferências dos Estados e do Distrito Federal e de suas Entidades;10837,75;25052
2018;Prefeitura Municipal de Governador Nunes Freire - MA;2104677;MA;DCA-Anexo I-C;Padrão;Receitas Brutas Realizadas;RO2.4.2.8.00.0.0;2.4.2.8.00.0.0 Transferências dos Estados, Distrito Federal, e de suas Entidades;10837,75;25052
2018;Prefeitura Municipal de Governador Nunes Freire - MA;2104677;MA;DCA-Anexo I-C;Padrão;Receitas Brutas Realizadas;RO2.4.2.8.99.0.0;2.4.2.8.99.0.0 Outras Transferências dos Estados;10837,75;25052
2019;Prefeitura Municipal de Governador Nunes Freire - MA;2104677;MA;DCA-Anexo I-C;Padrão;Receitas Brutas Realizadas;ReceitasExcetoIntraOrcamentarias;RECEITAS (EXCETO INTRA-ORÇAMENTÁRIAS) (I);71625476,13;25616
2019;Prefeitura Municipal de Governador Nunes Freire - MA;2104677;MA;DCA-Anexo I-C;Padrão;Deduções - FUNDEB;ReceitasExcetoIntraOrcamentarias;RECEITAS (EXCETO INTRA-ORÇAMENTÁRIAS) (I);4072787,50;25616
2019;Prefeitura Municipal de Governador Nunes Freire - MA;2104677;MA;DCA-Anexo I-C;Padrão;Receitas Brutas Realizadas;RO1.0.0.0.00.0.0;1.0.0.0.00.0.0 - Receitas Correntes;68978116,89;25616
2019;Prefeitura Municipal de Governador Nunes Freire - MA;2104677;MA;DCA-Anexo I-C;Padrão;Deduções - FUNDEB;RO1.0.0.0.00.0.0;1.0.0.0.00.0.0 - Receitas Correntes;4072787,50;25616
2019;Prefeitura Municipal de Governador Nunes Freire - MA;2104677;MA;DCA-Anexo I-C;Padrão;Receitas Brutas Realizadas;RO1.1.0.0.00.0.0;1.1.0.0.00.0.0 - Impostos, Taxas e Contribuições de Melhoria;2671199,55;25616
2019;Prefeitura Municipal de Governador Nunes Freire - MA;2104677;MA;DCA-Anexo I-C;Padrão;Receitas Brutas Realizadas;RO1.1.1.0.00.0.0;1.1.1.0.00.0.0 - Impostos;2607078,33;25616
2019;Prefeitura Municipal de Governador Nunes Freire - MA;2104677;MA;DCA-Anexo I-C;Padrão;Receitas Brutas Realizadas;RO1.1.1.3.00.0.0;1.1.1.3.00.0.0 - Impostos sobre a Renda e Proventos de Qualquer Natureza;1836550,44;25616
2019;Prefeitura Municipal de Governador Nunes Freire - MA;2104677;MA;DCA-Anexo I-C;Padrão;Receitas Brutas Realizadas;RO1.1.1.3.03.0.0;1.1.1.3.03.0.0 - Imposto sobre a Renda - Retido na Fonte;1836550,44;25616
2019;Prefeitura Municipal de Governador Nunes Freire - MA;2104677;MA;DCA-Anexo I-C;Padrão;Receitas Brutas Realizadas;RO1.1.1.3.03.1.0;1.1.1.3.03.1.0 - Imposto sobre a Renda - Retido na Fonte - Trabalho;1836550,44;25616
2019;Prefeitura Municipal de Governador Nunes Freire - MA;2104677;MA;DCA-Anexo I-C;Padrão;Receitas Brutas Realizadas;RO1.1.1.8.00.0.0;1.1.1.8.00.0.0 Impostos Específicos de Estados, DF e Municípios;770527,89;25616
2019;Prefeitura Municipal de Governador Nunes Freire - MA;2104677;MA;DCA-Anexo I-C;Padrão;Receitas Brutas Realizadas;RO1.1.1.8.01.0.0;1.1.1.8.01.0.0 Impostos sobre o Patrimônio para Estados/DF/Municípios;51509,93;25616
2019;Prefeitura Municipal de Governador Nunes Freire - MA;2104677;MA;DCA-Anexo I-C;Padrão;Receitas Brutas Realizadas;RO1.1.1.8.01.1.0;1.1.1.8.01.1.0 Imposto sobre a Propriedade Predial e Territorial Urbana;9685,24;25616
2019;Prefeitura Municipal de Governador Nunes Freire - MA;2104677;MA;DCA-Anexo I-C;Padrão;Receitas Brutas Realizadas;RO1.1.1.8.01.4.0;1.1.1.8.01.4.0 Imposto sobre Transmissão ¿Inter Vivos¿ de Bens Imóveis e de Direitos Reais sobre Imóveis;41824,69;25616
2019;Prefeitura Municipal de Governador Nunes Freire - MA;2104677;MA;DCA-Anexo I-C;Padrão;Receitas Brutas Realizadas;RO1.1.1.8.02.0.0;1.1.1.8.02.0.0 Impostos sobre a Produção, Circulação de Mercadorias e Serviços;719017,96;25616
2019;Prefeitura Municipal de Governador Nunes Freire - MA;2104677;MA;DCA-Anexo I-C;Padrão;Receitas Brutas Realizadas;RO1.1.1.8.02.3.0;1.1.1.8.02.3.0 Imposto sobre Serviços de Qualquer Natureza;719017,96;25616
2019;Prefeitura Municipal de Governador Nunes Freire - MA;2104677;MA;DCA-Anexo I-C;Padrão;Receitas Brutas Realizadas;RO1.1.2.0.00.0.0;1.1.2.0.00.0.0 - Taxas;64121,22;25616
2019;Prefeitura Municipal de Governador Nunes Freire - MA;2104677;MA;DCA-Anexo I-C;Padrão;Receitas Brutas Realizadas;RO1.1.2.2.00.0.0;1.1.2.2.00.0.0 - Taxas pela Prestação de Serviços;64121,22;25616
2019;Prefeitura Municipal de Governador Nunes Freire - MA;2104677;MA;DCA-Anexo I-C;Padrão;Receitas Brutas Realizadas;RO1.1.2.2.01.0.0;1.1.2.2.01.0.0 - Taxas pela Prestação de Serviços;64121,22;25616
2019;Prefeitura Municipal de Governador Nunes Freire - MA;2104677;MA;DCA-Anexo I-C;Padrão;Receitas Brutas Realizadas;RO1.2.0.0.00.0.0;1.2.0.0.00.0.0 - Contribuições;147720,34;25616
2019;Prefeitura Municipal de Governador Nunes Freire - MA;2104677;MA;DCA-Anexo I-C;Padrão;Receitas Brutas Realizadas;RO1.2.4.0.00.0.0;1.2.4.0.00.0.0 - Contribuição para o Custeio do Serviço de Iluminação Pública;147720,34;25616
2019;Prefeitura Municipal de Governador Nunes Freire - MA;2104677;MA;DCA-Anexo I-C;Padrão;Receitas Brutas Realizadas;RO1.3.0.0.00.0.0;1.3.0.0.00.0.0 - Receita Patrimonial;104884,82;25616
2019;Prefeitura Municipal de Governador Nunes Freire - MA;2104677;MA;DCA-Anexo I-C;Padrão;Receitas Brutas Realizadas;RO1.3.2.0.00.0.0;1.3.2.0.00.0.0 - Valores Mobiliários;19809,37;25616
2019;Prefeitura Municipal de Governador Nunes Freire - MA;2104677;MA;DCA-Anexo I-C;Padrão;Receitas Brutas Realizadas;RO1.3.2.1.00.0.0;1.3.2.1.00.0.0 - Juros e Correções Monetárias;19809,37;25616
2019;Prefeitura Municipal de Governador Nunes Freire - MA;2104677;MA;DCA-Anexo I-C;Padrão;Receitas Brutas Realizadas;RO1.3.2.1.00.1.0;1.3.2.1.00.1.0 - Remuneração de Depósitos Bancários;19809,37;25616
2019;Prefeitura Municipal de Governador Nunes Freire - MA;2104677;MA;DCA-Anexo I-C;Padrão;Receitas Brutas Realizadas;RO1.3.9.0.00.0.0;1.3.9.0.00.0.0 - Demais Receitas Patrimoniais;85075,45;25616
2019;Prefeitura Municipal de Governador Nunes Freire - MA;2104677;MA;DCA-Anexo I-C;Padrão;Receitas Brutas Realizadas;RO1.7.0.0.00.0.0;1.7.0.0.00.0.0 - Transferências Correntes;66054312,18;25616
2019;Prefeitura Municipal de Governador Nunes Freire - MA;2104677;MA;DCA-Anexo I-C;Padrão;Deduções - FUNDEB;RO1.7.0.0.00.0.0;1.7.0.0.00.0.0 - Transferências Correntes;4072787,50;25616
2019;Prefeitura Municipal de Governador Nunes Freire - MA;2104677;MA;DCA-Anexo I-C;Padrão;Receitas Brutas Realizadas;RO1.7.1.0.00.0.0;1.7.1.0.00.0.0 - Transferências da União e de suas Entidades;32192001,29;25616
2019;Prefeitura Municipal de Governador Nunes Freire - MA;2104677;MA;DCA-Anexo I-C;Padrão;Deduções - FUNDEB;RO1.7.1.0.00.0.0;1.7.1.0.00.0.0 - Transferências da União e de suas Entidades;3435362,78;25616
2019;Prefeitura Municipal de Governador Nunes Freire - MA;2104677;MA;DCA-Anexo I-C;Padrão;Receitas Brutas Realizadas;RO1.7.1.8.00.0.0;1.7.1.8.00.0.0 Transferências da União - Específicas de Estados, DF e Municípios;32192001,29;25616
2019;Prefeitura Municipal de Governador Nunes Freire - MA;2104677;MA;DCA-Anexo I-C;Padrão;Deduções - FUNDEB;RO1.7.1.8.00.0.0;1.7.1.8.00.0.0 Transferências da União - Específicas de Estados, DF e Municípios;3435362,78;25616
2019;Prefeitura Municipal de Governador Nunes Freire - MA;2104677;MA;DCA-Anexo I-C;Padrão;Receitas Brutas Realizadas;RO1.7.1.8.01.0.0;1.7.1.8.01.0.0 Participação na Receita da União;19148531,13;25616
2019;Prefeitura Municipal de Governador Nunes Freire - MA;2104677;MA;DCA-Anexo I-C;Padrão;Deduções - FUNDEB;RO1.7.1.8.01.0.0;1.7.1.8.01.0.0 Participação na Receita da União;3435362,78;25616
2019;Prefeitura Municipal de Governador Nunes Freire - MA;2104677;MA;DCA-Anexo I-C;Padrão;Receitas Brutas Realizadas;RO1.7.1.8.01.2.0;1.7.1.8.01.2.0 Cota-Parte do Fundo de Participação dos Municípios - Cota Mensal;19147167,09;25616
2019;Prefeitura Municipal de Governador Nunes Freire - MA;2104677;MA;DCA-Anexo I-C;Padrão;Deduções - FUNDEB;RO1.7.1.8.01.2.0;1.7.1.8.01.2.0 Cota-Parte do Fundo de Participação dos Municípios - Cota Mensal;3435090,00;25616
2019;Prefeitura Municipal de Governador Nunes Freire - MA;2104677;MA;DCA-Anexo I-C;Padrão;Receitas Brutas Realizadas;RO1.7.1.8.01.5.0;1.7.1.8.01.5.0 Cota-Parte do Imposto Sobre a Propriedade Territorial Rural;1364,04;25616
2019;Prefeitura Municipal de Governador Nunes Freire - MA;2104677;MA;DCA-Anexo I-C;Padrão;Deduções - FUNDEB;RO1.7.1.8.01.5.0;1.7.1.8.01.5.0 Cota-Parte do Imposto Sobre a Propriedade Territorial Rural;272,78;25616
2019;Prefeitura Municipal de Governador Nunes Freire - MA;2104677;MA;DCA-Anexo I-C;Padrão;Receitas Brutas Realizadas;RO1.7.1.8.02.0.0;1.7.1.8.02.0.0 Transferência da Compensação Financeira pela Exploração de Recursos Naturais;271497,02;25616
2019;Prefeitura Municipal de Governador Nunes Freire - MA;2104677;MA;DCA-Anexo I-C;Padrão;Receitas Brutas Realizadas;RO1.7.1.8.02.6.0;1.7.1.8.02.6.0 Cota-Parte do Fundo Especial do Petróleo ¿ FEP;271497,02;25616
2019;Prefeitura Municipal de Governador Nunes Freire - MA;2104677;MA;DCA-Anexo I-C;Padrão;Receitas Brutas Realizadas;RO1.7.1.8.03.0.0;"1.7.1.8.03.0.0 Transferência de Recursos do Sistema Único de Saúde ¿ 
 SUS ¿ Bloco Custeio das Ações e Serviços Públicos de Saúde";10161251,26;25616
2019;Prefeitura Municipal de Governador Nunes Freire - MA;2104677;MA;DCA-Anexo I-C;Padrão;Receitas Brutas Realizadas;RO1.7.1.8.03.1.0;1.7.1.8.03.1.0 - Transferência de Recursos do SUS ¿ Atenção Básica;4435723,21;25616
2019;Prefeitura Municipal de Governador Nunes Freire - MA;2104677;MA;DCA-Anexo I-C;Padrão;Receitas Brutas Realizadas;RO1.7.1.8.03.2.0;1.7.1.8.03.2.0 - Transferência de Recursos do SUS ¿ Atenção de Média e Alta Complexidade Ambulatorial e Hospitalar;5319365,68;25616
2019;Prefeitura Municipal de Governador Nunes Freire - MA;2104677;MA;DCA-Anexo I-C;Padrão;Receitas Brutas Realizadas;RO1.7.1.8.03.3.0;1.7.1.8.03.3.0 - Transferência de Recursos do SUS ¿ Vigilância em Saúde;237085,64;25616
2019;Prefeitura Municipal de Governador Nunes Freire - MA;2104677;MA;DCA-Anexo I-C;Padrão;Receitas Brutas Realizadas;RO1.7.1.8.03.4.0;1.7.1.8.03.4.0 - Transferência de Recursos do SUS ¿ Assistência Farmacêutica;169076,73;25616
2019;Prefeitura Municipal de Governador Nunes Freire - MA;2104677;MA;DCA-Anexo I-C;Padrão;Receitas Brutas Realizadas;RO1.7.1.8.05.0.0;1.7.1.8.05.0.0 Transferências de Recursos do Fundo Nacional do Desenvolvimento da Educação ¿ FNDE;1762502,42;25616
2019;Prefeitura Municipal de Governador Nunes Freire - MA;2104677;MA;DCA-Anexo I-C;Padrão;Receitas Brutas Realizadas;RO1.7.1.8.05.1.0;1.7.1.8.05.1.0 Transferências do Salário-Educação;528941,75;25616
2019;Prefeitura Municipal de Governador Nunes Freire - MA;2104677;MA;DCA-Anexo I-C;Padrão;Receitas Brutas Realizadas;RO1.7.1.8.05.2.0;1.7.1.8.05.2.0 Transferências Diretas do FNDE referentes ao Programa Dinheiro Direto na Escola ¿ PDDE;4500,00;25616
2019;Prefeitura Municipal de Governador Nunes Freire - MA;2104677;MA;DCA-Anexo I-C;Padrão;Receitas Brutas Realizadas;RO1.7.1.8.05.3.0;1.7.1.8.05.3.0 Transferências Diretas do FNDE referentes ao Programa Nacional de Alimentação Escolar ¿ PNAE;1116658,00;25616
2019;Prefeitura Municipal de Governador Nunes Freire - MA;2104677;MA;DCA-Anexo I-C;Padrão;Receitas Brutas Realizadas;RO1.7.1.8.05.4.0;1.7.1.8.05.4.0 Transferências Diretas do FNDE referentes ao Programa Nacional de Apoio ao Transporte do Escolar ¿ PNATE;112402,67;25616
2019;Prefeitura Municipal de Governador Nunes Freire - MA;2104677;MA;DCA-Anexo I-C;Padrão;Receitas Brutas Realizadas;RO1.7.1.8.12.0.0;1.7.1.8.12.0.0 - Transferências de Recursos do Fundo Nacional de Assistência Social ¿ FNAS;848219,46;25616
2019;Prefeitura Municipal de Governador Nunes Freire - MA;2104677;MA;DCA-Anexo I-C;Padrão;Receitas Brutas Realizadas;RO1.7.2.0.00.0.0;1.7.2.0.00.0.0 - Transferências dos Estados e do Distrito Federal e de suas Entidades;4606585,36;25616
2019;Prefeitura Municipal de Governador Nunes Freire - MA;2104677;MA;DCA-Anexo I-C;Padrão;Deduções - FUNDEB;RO1.7.2.0.00.0.0;1.7.2.0.00.0.0 - Transferências dos Estados e do Distrito Federal e de suas Entidades;637424,72;25616
2019;Prefeitura Municipal de Governador Nunes Freire - MA;2104677;MA;DCA-Anexo I-C;Padrão;Receitas Brutas Realizadas;RO1.7.2.8.00.0.0;1.7.2.8.00.0.0 Transferências dos Estados - Específicas de Estados, DF e Municípios;4606585,36;25616
2019;Prefeitura Municipal de Governador Nunes Freire - MA;2104677;MA;DCA-Anexo I-C;Padrão;Deduções - FUNDEB;RO1.7.2.8.00.0.0;1.7.2.8.00.0.0 Transferências dos Estados - Específicas de Estados, DF e Municípios;637424,72;25616
2019;Prefeitura Municipal de Governador Nunes Freire - MA;2104677;MA;DCA-Anexo I-C;Padrão;Receitas Brutas Realizadas;RO1.7.2.8.01.0.0;1.7.2.8.01.0.0 Participação na Receita dos Estados;4606585,36;25616
2019;Prefeitura Municipal de Governador Nunes Freire - MA;2104677;MA;DCA-Anexo I-C;Padrão;Deduções - FUNDEB;RO1.7.2.8.01.0.0;1.7.2.8.01.0.0 Participação na Receita dos Estados;637424,72;25616
2019;Prefeitura Municipal de Governador Nunes Freire - MA;2104677;MA;DCA-Anexo I-C;Padrão;Receitas Brutas Realizadas;RO1.7.2.8.01.1.0;1.7.2.8.01.1.0 Cota-Parte do ICMS;2741942,06;25616
2019;Prefeitura Municipal de Governador Nunes Freire - MA;2104677;MA;DCA-Anexo I-C;Padrão;Deduções - FUNDEB;RO1.7.2.8.01.1.0;1.7.2.8.01.1.0 Cota-Parte do ICMS;637424,72;25616
2019;Prefeitura Municipal de Governador Nunes Freire - MA;2104677;MA;DCA-Anexo I-C;Padrão;Receitas Brutas Realizadas;RO1.7.2.8.01.2.0;1.7.2.8.01.2.0 Cota-Parte do IPVA;273729,95;25616
2019;Prefeitura Municipal de Governador Nunes Freire - MA;2104677;MA;DCA-Anexo I-C;Padrão;Receitas Brutas Realizadas;RO1.7.2.8.01.3.0;1.7.2.8.01.3.0 Cota-Parte do IPI - Municípios;20747,54;25616
2019;Prefeitura Municipal de Governador Nunes Freire - MA;2104677;MA;DCA-Anexo I-C;Padrão;Receitas Brutas Realizadas;RO1.7.2.8.01.4.0;1.7.2.8.01.4.0 Cota-Parte da Contribuição de Intervenção no Domínio Econômico;24487,57;25616
2019;Prefeitura Municipal de Governador Nunes Freire - MA;2104677;MA;DCA-Anexo I-C;Padrão;Receitas Brutas Realizadas;RO1.7.2.8.01.5.0;1.7.2.8.01.5.0 Outras Participações na Receita dos Estados;1545678,24;25616
2019;Prefeitura Municipal de Governador Nunes Freire - MA;2104677;MA;DCA-Anexo I-C;Padrão;Receitas Brutas Realizadas;RO1.7.5.0.00.0.0;1.7.5.0.00.0.0 - Transferências de Outras Instituições Públicas;29255725,53;25616
2019;Prefeitura Municipal de Governador Nunes Freire - MA;2104677;MA;DCA-Anexo I-C;Padrão;Receitas Brutas Realizadas;RO1.7.5.8.00.0.0;1.7.5.8.00.0.0 Transferências de Outras Instituições Públicas - Específicas de Estados, DF e Municípios;29255725,53;25616
2019;Prefeitura Municipal de Governador Nunes Freire - MA;2104677;MA;DCA-Anexo I-C;Padrão;Receitas Brutas Realizadas;RO1.7.5.8.01.0.0;1.7.5.8.01.0.0 Transferências de Recursos do Fundo de Manutenção e Desenvolvimento da Educação Básica e de Valorização dos Profissionais da Educação ¿ FUNDEB;29255725,53;25616
2019;Prefeitura Municipal de Governador Nunes Freire - MA;2104677;MA;DCA-Anexo I-C;Padrão;Receitas Brutas Realizadas;RO2.0.0.0.00.0.0;2.0.0.0.00.0.0 - Receitas de Capital;2647359,24;25616
2019;Prefeitura Municipal de Governador Nunes Freire - MA;2104677;MA;DCA-Anexo I-C;Padrão;Receitas Brutas Realizadas;RO2.4.0.0.00.0.0;2.4.0.0.00.0.0 - Transferências de Capital;2647359,24;25616
2019;Prefeitura Municipal de Governador Nunes Freire - MA;2104677;MA;DCA-Anexo I-C;Padrão;Receitas Brutas Realizadas;RO2.4.1.0.00.0.0;2.4.1.0.00.0.0 - Transferências da União e de suas Entidades;2647359,24;25616
2019;Prefeitura Municipal de Governador Nunes Freire - MA;2104677;MA;DCA-Anexo I-C;Padrão;Receitas Brutas Realizadas;RO2.4.1.8.00.0.0;2.4.1.8.00.0.0 Transferências da União - Específicas de Estados, DF e Municípios;2647359,24;25616
2019;Prefeitura Municipal de Governador Nunes Freire - MA;2104677;MA;DCA-Anexo I-C;Padrão;Receitas Brutas Realizadas;RO2.4.1.8.08.0.0;2.4.1.8.08.0.0 Transferências Advindas de Emendas Parlamentares Individuais;1726000,00;25616
2019;Prefeitura Municipal de Governador Nunes Freire - MA;2104677;MA;DCA-Anexo I-C;Padrão;Receitas Brutas Realizadas;RO2.4.1.8.99.0.0;2.4.1.8.99.0.0 Outras Transferências da União;921359,24;25616
2019;Prefeitura Municipal de Governador Nunes Freire - MA;2104677;MA;DCA-Anexo I-C;Padrão;Receitas Brutas Realizadas;TotalReceitas;TOTAL DAS RECEITAS (III) = (I + II);71625476,13;25616
2019;Prefeitura Municipal de Governador Nunes Freire - MA;2104677;MA;DCA-Anexo I-C;Padrão;Deduções - FUNDEB;TotalReceitas;TOTAL DAS RECEITAS (III) = (I + II);4072787,50;25616
2020;Prefeitura Municipal de Governador Nunes Freire - MA;2104677;MA;DCA-Anexo I-C;Padrão;Receitas Brutas Realizadas;ReceitasExcetoIntraOrcamentarias;RECEITAS (EXCETO INTRA-ORÇAMENTÁRIAS) (I);73556830,38;25577
2020;Prefeitura Municipal de Governador Nunes Freire - MA;2104677;MA;DCA-Anexo I-C;Padrão;Deduções - FUNDEB;ReceitasExcetoIntraOrcamentarias;RECEITAS (EXCETO INTRA-ORÇAMENTÁRIAS) (I);4014122,88;25577
2020;Prefeitura Municipal de Governador Nunes Freire - MA;2104677;MA;DCA-Anexo I-C;Padrão;Receitas Brutas Realizadas;RO1.0.0.0.00.0.0;1.0.0.0.00.0.0 - Receitas Correntes;70345435,37;25577
2020;Prefeitura Municipal de Governador Nunes Freire - MA;2104677;MA;DCA-Anexo I-C;Padrão;Deduções - FUNDEB;RO1.0.0.0.00.0.0;1.0.0.0.00.0.0 - Receitas Correntes;4014122,88;25577
2020;Prefeitura Municipal de Governador Nunes Freire - MA;2104677;MA;DCA-Anexo I-C;Padrão;Receitas Brutas Realizadas;RO1.1.0.0.00.0.0;1.1.0.0.00.0.0 - Impostos, Taxas e Contribuições de Melhoria;3557307,99;25577
2020;Prefeitura Municipal de Governador Nunes Freire - MA;2104677;MA;DCA-Anexo I-C;Padrão;Receitas Brutas Realizadas;RO1.1.1.0.00.0.0;1.1.1.0.00.0.0 - Impostos;3528139,41;25577
2020;Prefeitura Municipal de Governador Nunes Freire - MA;2104677;MA;DCA-Anexo I-C;Padrão;Receitas Brutas Realizadas;RO1.1.1.3.00.0.0;1.1.1.3.00.0.0 - Impostos sobre a Renda e Proventos de Qualquer Natureza;2515235,14;25577
2020;Prefeitura Municipal de Governador Nunes Freire - MA;2104677;MA;DCA-Anexo I-C;Padrão;Receitas Brutas Realizadas;RO1.1.1.3.03.0.0;1.1.1.3.03.0.0 - Imposto sobre a Renda - Retido na Fonte;2515235,14;25577
2020;Prefeitura Municipal de Governador Nunes Freire - MA;2104677;MA;DCA-Anexo I-C;Padrão;Receitas Brutas Realizadas;RO1.1.1.3.03.1.0;1.1.1.3.03.1.0 - Imposto sobre a Renda - Retido na Fonte - Trabalho;2416990,64;25577
2020;Prefeitura Municipal de Governador Nunes Freire - MA;2104677;MA;DCA-Anexo I-C;Padrão;Receitas Brutas Realizadas;RO1.1.1.3.03.4.0;1.1.1.3.03.4.0 - Imposto sobre a Renda - Retido na Fonte - Outros Rendimentos;98244,50;25577
2020;Prefeitura Municipal de Governador Nunes Freire - MA;2104677;MA;DCA-Anexo I-C;Padrão;Receitas Brutas Realizadas;RO1.1.1.8.00.0.0;1.1.1.8.00.0.0 Impostos Específicos de Estados, DF e Municípios;1012904,27;25577
2020;Prefeitura Municipal de Governador Nunes Freire - MA;2104677;MA;DCA-Anexo I-C;Padrão;Receitas Brutas Realizadas;RO1.1.1.8.01.0.0;1.1.1.8.01.0.0 Impostos sobre o Patrimônio para Estados/DF/Municípios;9397,99;25577
2020;Prefeitura Municipal de Governador Nunes Freire - MA;2104677;MA;DCA-Anexo I-C;Padrão;Receitas Brutas Realizadas;RO1.1.1.8.01.1.0;1.1.1.8.01.1.0 Imposto sobre a Propriedade Predial e Territorial Urbana;873,26;25577
2020;Prefeitura Municipal de Governador Nunes Freire - MA;2104677;MA;DCA-Anexo I-C;Padrão;Receitas Brutas Realizadas;RO1.1.1.8.01.4.0;1.1.1.8.01.4.0 Imposto sobre Transmissão ¿Inter Vivos¿ de Bens Imóveis e de Direitos Reais sobre Imóveis;8524,73;25577
2020;Prefeitura Municipal de Governador Nunes Freire - MA;2104677;MA;DCA-Anexo I-C;Padrão;Receitas Brutas Realizadas;RO1.1.1.8.02.0.0;1.1.1.8.02.0.0 Impostos sobre a Produção, Circulação de Mercadorias e Serviços;1003506,28;25577
2020;Prefeitura Municipal de Governador Nunes Freire - MA;2104677;MA;DCA-Anexo I-C;Padrão;Receitas Brutas Realizadas;RO1.1.1.8.02.3.0;1.1.1.8.02.3.0 Imposto sobre Serviços de Qualquer Natureza;1003506,28;25577
2020;Prefeitura Municipal de Governador Nunes Freire - MA;2104677;MA;DCA-Anexo I-C;Padrão;Receitas Brutas Realizadas;RO1.1.2.0.00.0.0;1.1.2.0.00.0.0 - Taxas;29168,58;25577
2020;Prefeitura Municipal de Governador Nunes Freire - MA;2104677;MA;DCA-Anexo I-C;Padrão;Receitas Brutas Realizadas;RO1.1.2.2.00.0.0;1.1.2.2.00.0.0 - Taxas pela Prestação de Serviços;29168,58;25577
2020;Prefeitura Municipal de Governador Nunes Freire - MA;2104677;MA;DCA-Anexo I-C;Padrão;Receitas Brutas Realizadas;RO1.1.2.2.01.0.0;1.1.2.2.01.0.0 - Taxas pela Prestação de Serviços;29168,58;25577
2020;Prefeitura Municipal de Governador Nunes Freire - MA;2104677;MA;DCA-Anexo I-C;Padrão;Receitas Brutas Realizadas;RO1.2.0.0.00.0.0;1.2.0.0.00.0.0 - Contribuições;259692,96;25577
2020;Prefeitura Municipal de Governador Nunes Freire - MA;2104677;MA;DCA-Anexo I-C;Padrão;Receitas Brutas Realizadas;RO1.2.4.0.00.0.0;1.2.4.0.00.0.0 - Contribuição para o Custeio do Serviço de Iluminação Pública;259692,96;25577
2020;Prefeitura Municipal de Governador Nunes Freire - MA;2104677;MA;DCA-Anexo I-C;Padrão;Receitas Brutas Realizadas;RO1.3.0.0.00.0.0;1.3.0.0.00.0.0 - Receita Patrimonial;150405,86;25577
2020;Prefeitura Municipal de Governador Nunes Freire - MA;2104677;MA;DCA-Anexo I-C;Padrão;Receitas Brutas Realizadas;RO1.3.2.0.00.0.0;1.3.2.0.00.0.0 - Valores Mobiliários;109893,30;25577
2020;Prefeitura Municipal de Governador Nunes Freire - MA;2104677;MA;DCA-Anexo I-C;Padrão;Receitas Brutas Realizadas;RO1.3.2.1.00.0.0;1.3.2.1.00.0.0 - Juros e Correções Monetárias;109893,30;25577
2020;Prefeitura Municipal de Governador Nunes Freire - MA;2104677;MA;DCA-Anexo I-C;Padrão;Receitas Brutas Realizadas;RO1.3.2.1.00.1.0;1.3.2.1.00.1.0 - Remuneração de Depósitos Bancários;109893,30;25577
2020;Prefeitura Municipal de Governador Nunes Freire - MA;2104677;MA;DCA-Anexo I-C;Padrão;Receitas Brutas Realizadas;RO1.3.9.0.00.0.0;1.3.9.0.00.0.0 - Demais Receitas Patrimoniais;40512,56;25577
2020;Prefeitura Municipal de Governador Nunes Freire - MA;2104677;MA;DCA-Anexo I-C;Padrão;Receitas Brutas Realizadas;RO1.7.0.0.00.0.0;1.7.0.0.00.0.0 - Transferências Correntes;66378028,56;25577
2020;Prefeitura Municipal de Governador Nunes Freire - MA;2104677;MA;DCA-Anexo I-C;Padrão;Deduções - FUNDEB;RO1.7.0.0.00.0.0;1.7.0.0.00.0.0 - Transferências Correntes;4014122,88;25577
2020;Prefeitura Municipal de Governador Nunes Freire - MA;2104677;MA;DCA-Anexo I-C;Padrão;Receitas Brutas Realizadas;RO1.7.1.0.00.0.0;1.7.1.0.00.0.0 - Transferências da União e de suas Entidades;37118675,85;25577
2020;Prefeitura Municipal de Governador Nunes Freire - MA;2104677;MA;DCA-Anexo I-C;Padrão;Deduções - FUNDEB;RO1.7.1.0.00.0.0;1.7.1.0.00.0.0 - Transferências da União e de suas Entidades;3362590,03;25577
2020;Prefeitura Municipal de Governador Nunes Freire - MA;2104677;MA;DCA-Anexo I-C;Padrão;Receitas Brutas Realizadas;RO1.7.1.8.00.0.0;1.7.1.8.00.0.0 Transferências da União - Específicas de Estados, DF e Municípios;37118675,85;25577
2020;Prefeitura Municipal de Governador Nunes Freire - MA;2104677;MA;DCA-Anexo I-C;Padrão;Deduções - FUNDEB;RO1.7.1.8.00.0.0;1.7.1.8.00.0.0 Transferências da União - Específicas de Estados, DF e Municípios;3362590,03;25577
2020;Prefeitura Municipal de Governador Nunes Freire - MA;2104677;MA;DCA-Anexo I-C;Padrão;Receitas Brutas Realizadas;RO1.7.1.8.01.0.0;1.7.1.8.01.0.0 Participação na Receita da União;18632952,79;25577
2020;Prefeitura Municipal de Governador Nunes Freire - MA;2104677;MA;DCA-Anexo I-C;Padrão;Deduções - FUNDEB;RO1.7.1.8.01.0.0;1.7.1.8.01.0.0 Participação na Receita da União;3362590,03;25577
2020;Prefeitura Municipal de Governador Nunes Freire - MA;2104677;MA;DCA-Anexo I-C;Padrão;Receitas Brutas Realizadas;RO1.7.1.8.01.2.0;1.7.1.8.01.2.0 Cota-Parte do Fundo de Participação dos Municípios - Cota Mensal;17874590,23;25577
2020;Prefeitura Municipal de Governador Nunes Freire - MA;2104677;MA;DCA-Anexo I-C;Padrão;Deduções - FUNDEB;RO1.7.1.8.01.2.0;1.7.1.8.01.2.0 Cota-Parte do Fundo de Participação dos Municípios - Cota Mensal;3362218,70;25577
2020;Prefeitura Municipal de Governador Nunes Freire - MA;2104677;MA;DCA-Anexo I-C;Padrão;Receitas Brutas Realizadas;RO1.7.1.8.01.3.0;1.7.1.8.01.3.0 Cota-Parte do Fundo de Participação do Municípios ¿ 1% Cota entregue no mês de dezembro;756505,48;25577
2020;Prefeitura Municipal de Governador Nunes Freire - MA;2104677;MA;DCA-Anexo I-C;Padrão;Receitas Brutas Realizadas;RO1.7.1.8.01.5.0;1.7.1.8.01.5.0 Cota-Parte do Imposto Sobre a Propriedade Territorial Rural;1857,08;25577
2020;Prefeitura Municipal de Governador Nunes Freire - MA;2104677;MA;DCA-Anexo I-C;Padrão;Deduções - FUNDEB;RO1.7.1.8.01.5.0;1.7.1.8.01.5.0 Cota-Parte do Imposto Sobre a Propriedade Territorial Rural;371,33;25577
2020;Prefeitura Municipal de Governador Nunes Freire - MA;2104677;MA;DCA-Anexo I-C;Padrão;Receitas Brutas Realizadas;RO1.7.1.8.02.0.0;1.7.1.8.02.0.0 Transferência da Compensação Financeira pela Exploração de Recursos Naturais;270472,06;25577
2020;Prefeitura Municipal de Governador Nunes Freire - MA;2104677;MA;DCA-Anexo I-C;Padrão;Receitas Brutas Realizadas;RO1.7.1.8.02.6.0;1.7.1.8.02.6.0 Cota-Parte do Fundo Especial do Petróleo ¿ FEP;270472,06;25577
2020;Prefeitura Municipal de Governador Nunes Freire - MA;2104677;MA;DCA-Anexo I-C;Padrão;Receitas Brutas Realizadas;RO1.7.1.8.03.0.0;"1.7.1.8.03.0.0 Transferência de Recursos do Sistema Único de Saúde ¿ 
 SUS ¿ Bloco Custeio das Ações e Serviços Públicos de Saúde";15574605,69;25577
2020;Prefeitura Municipal de Governador Nunes Freire - MA;2104677;MA;DCA-Anexo I-C;Padrão;Receitas Brutas Realizadas;RO1.7.1.8.03.1.0;1.7.1.8.03.1.0 - Transferência de Recursos do SUS ¿ Atenção Básica;9705504,00;25577
2020;Prefeitura Municipal de Governador Nunes Freire - MA;2104677;MA;DCA-Anexo I-C;Padrão;Receitas Brutas Realizadas;RO1.7.1.8.03.2.0;1.7.1.8.03.2.0 - Transferência de Recursos do SUS ¿ Atenção de Média e Alta Complexidade Ambulatorial e Hospitalar;5318084,88;25577
2020;Prefeitura Municipal de Governador Nunes Freire - MA;2104677;MA;DCA-Anexo I-C;Padrão;Receitas Brutas Realizadas;RO1.7.1.8.03.3.0;1.7.1.8.03.3.0 - Transferência de Recursos do SUS ¿ Vigilância em Saúde;342471,07;25577
2020;Prefeitura Municipal de Governador Nunes Freire - MA;2104677;MA;DCA-Anexo I-C;Padrão;Receitas Brutas Realizadas;RO1.7.1.8.03.4.0;1.7.1.8.03.4.0 - Transferência de Recursos do SUS ¿ Assistência Farmacêutica;208545,74;25577
2020;Prefeitura Municipal de Governador Nunes Freire - MA;2104677;MA;DCA-Anexo I-C;Padrão;Receitas Brutas Realizadas;RO1.7.1.8.04.0.0;1.7.1.8.04.0.0 Transferências de Recursos do Sistema Único de Saúde ¿ SUS - Bloco Investimentos na Rede de Serviços Públicos de Saúde;367584,00;25577
2020;Prefeitura Municipal de Governador Nunes Freire - MA;2104677;MA;DCA-Anexo I-C;Padrão;Receitas Brutas Realizadas;RO1.7.1.8.04.5.0;1.7.1.8.04.5.0 - Transferências de Recursos do Sistema Único de Saúde ¿ SUS destinados à Gestão do SUS;367584,00;25577
2020;Prefeitura Municipal de Governador Nunes Freire - MA;2104677;MA;DCA-Anexo I-C;Padrão;Receitas Brutas Realizadas;RO1.7.1.8.05.0.0;1.7.1.8.05.0.0 Transferências de Recursos do Fundo Nacional do Desenvolvimento da Educação ¿ FNDE;1074508,12;25577
2020;Prefeitura Municipal de Governador Nunes Freire - MA;2104677;MA;DCA-Anexo I-C;Padrão;Receitas Brutas Realizadas;RO1.7.1.8.05.1.0;1.7.1.8.05.1.0 Transferências do Salário-Educação;338958,89;25577
2020;Prefeitura Municipal de Governador Nunes Freire - MA;2104677;MA;DCA-Anexo I-C;Padrão;Receitas Brutas Realizadas;RO1.7.1.8.05.2.0;1.7.1.8.05.2.0 Transferências Diretas do FNDE referentes ao Programa Dinheiro Direto na Escola ¿ PDDE;5940,00;25577
2020;Prefeitura Municipal de Governador Nunes Freire - MA;2104677;MA;DCA-Anexo I-C;Padrão;Receitas Brutas Realizadas;RO1.7.1.8.05.3.0;1.7.1.8.05.3.0 Transferências Diretas do FNDE referentes ao Programa Nacional de Alimentação Escolar ¿ PNAE;653785,00;25577
2020;Prefeitura Municipal de Governador Nunes Freire - MA;2104677;MA;DCA-Anexo I-C;Padrão;Receitas Brutas Realizadas;RO1.7.1.8.05.4.0;1.7.1.8.05.4.0 Transferências Diretas do FNDE referentes ao Programa Nacional de Apoio ao Transporte do Escolar ¿ PNATE;75824,23;25577
2020;Prefeitura Municipal de Governador Nunes Freire - MA;2104677;MA;DCA-Anexo I-C;Padrão;Receitas Brutas Realizadas;RO1.7.1.8.06.0.0;1.7.1.8.06.0.0 Transferência Financeira do ICMS ¿ Desoneração ¿ L.C. Nº 87/96;28989,76;25577
2020;Prefeitura Municipal de Governador Nunes Freire - MA;2104677;MA;DCA-Anexo I-C;Padrão;Receitas Brutas Realizadas;RO1.7.1.8.12.0.0;1.7.1.8.12.0.0 - Transferências de Recursos do Fundo Nacional de Assistência Social ¿ FNAS;1169563,43;25577
2020;Prefeitura Municipal de Governador Nunes Freire - MA;2104677;MA;DCA-Anexo I-C;Padrão;Receitas Brutas Realizadas;RO1.7.2.0.00.0.0;1.7.2.0.00.0.0 - Transferências dos Estados e do Distrito Federal e de suas Entidades;3303193,88;25577
2020;Prefeitura Municipal de Governador Nunes Freire - MA;2104677;MA;DCA-Anexo I-C;Padrão;Deduções - FUNDEB;RO1.7.2.0.00.0.0;1.7.2.0.00.0.0 - Transferências dos Estados e do Distrito Federal e de suas Entidades;651532,85;25577
2020;Prefeitura Municipal de Governador Nunes Freire - MA;2104677;MA;DCA-Anexo I-C;Padrão;Receitas Brutas Realizadas;RO1.7.2.8.00.0.0;1.7.2.8.00.0.0 Transferências dos Estados - Específicas de Estados, DF e Municípios;3303193,88;25577
2020;Prefeitura Municipal de Governador Nunes Freire - MA;2104677;MA;DCA-Anexo I-C;Padrão;Deduções - FUNDEB;RO1.7.2.8.00.0.0;1.7.2.8.00.0.0 Transferências dos Estados - Específicas de Estados, DF e Municípios;651532,85;25577
2020;Prefeitura Municipal de Governador Nunes Freire - MA;2104677;MA;DCA-Anexo I-C;Padrão;Receitas Brutas Realizadas;RO1.7.2.8.01.0.0;1.7.2.8.01.0.0 Participação na Receita dos Estados;3303193,88;25577
2020;Prefeitura Municipal de Governador Nunes Freire - MA;2104677;MA;DCA-Anexo I-C;Padrão;Deduções - FUNDEB;RO1.7.2.8.01.0.0;1.7.2.8.01.0.0 Participação na Receita dos Estados;651532,85;25577
2020;Prefeitura Municipal de Governador Nunes Freire - MA;2104677;MA;DCA-Anexo I-C;Padrão;Receitas Brutas Realizadas;RO1.7.2.8.01.1.0;1.7.2.8.01.1.0 Cota-Parte do ICMS;2858453,17;25577
2020;Prefeitura Municipal de Governador Nunes Freire - MA;2104677;MA;DCA-Anexo I-C;Padrão;Deduções - FUNDEB;RO1.7.2.8.01.1.0;1.7.2.8.01.1.0 Cota-Parte do ICMS;571690,38;25577
2020;Prefeitura Municipal de Governador Nunes Freire - MA;2104677;MA;DCA-Anexo I-C;Padrão;Receitas Brutas Realizadas;RO1.7.2.8.01.2.0;1.7.2.8.01.2.0 Cota-Parte do IPVA;399212,39;25577
2020;Prefeitura Municipal de Governador Nunes Freire - MA;2104677;MA;DCA-Anexo I-C;Padrão;Deduções - FUNDEB;RO1.7.2.8.01.2.0;1.7.2.8.01.2.0 Cota-Parte do IPVA;79842,47;25577
2020;Prefeitura Municipal de Governador Nunes Freire - MA;2104677;MA;DCA-Anexo I-C;Padrão;Receitas Brutas Realizadas;RO1.7.2.8.01.3.0;1.7.2.8.01.3.0 Cota-Parte do IPI - Municípios;20888,40;25577
2020;Prefeitura Municipal de Governador Nunes Freire - MA;2104677;MA;DCA-Anexo I-C;Padrão;Receitas Brutas Realizadas;RO1.7.2.8.01.4.0;1.7.2.8.01.4.0 Cota-Parte da Contribuição de Intervenção no Domínio Econômico;21919,82;25577
2020;Prefeitura Municipal de Governador Nunes Freire - MA;2104677;MA;DCA-Anexo I-C;Padrão;Receitas Brutas Realizadas;RO1.7.2.8.01.5.0;1.7.2.8.01.5.0 Outras Participações na Receita dos Estados;2720,10;25577
2020;Prefeitura Municipal de Governador Nunes Freire - MA;2104677;MA;DCA-Anexo I-C;Padrão;Receitas Brutas Realizadas;RO1.7.5.0.00.0.0;1.7.5.0.00.0.0 - Transferências de Outras Instituições Públicas;25956158,83;25577
2020;Prefeitura Municipal de Governador Nunes Freire - MA;2104677;MA;DCA-Anexo I-C;Padrão;Receitas Brutas Realizadas;RO1.7.5.8.00.0.0;1.7.5.8.00.0.0 Transferências de Outras Instituições Públicas - Específicas de Estados, DF e Municípios;25956158,83;25577
2020;Prefeitura Municipal de Governador Nunes Freire - MA;2104677;MA;DCA-Anexo I-C;Padrão;Receitas Brutas Realizadas;RO1.7.5.8.01.0.0;1.7.5.8.01.0.0 Transferências de Recursos do Fundo de Manutenção e Desenvolvimento da Educação Básica e de Valorização dos Profissionais da Educação ¿ FUNDEB;25956158,83;25577
2020;Prefeitura Municipal de Governador Nunes Freire - MA;2104677;MA;DCA-Anexo I-C;Padrão;Receitas Brutas Realizadas;RO2.0.0.0.00.0.0;2.0.0.0.00.0.0 - Receitas de Capital;3211395,01;25577
2020;Prefeitura Municipal de Governador Nunes Freire - MA;2104677;MA;DCA-Anexo I-C;Padrão;Receitas Brutas Realizadas;RO2.4.0.0.00.0.0;2.4.0.0.00.0.0 - Transferências de Capital;3211395,01;25577
2020;Prefeitura Municipal de Governador Nunes Freire - MA;2104677;MA;DCA-Anexo I-C;Padrão;Receitas Brutas Realizadas;RO2.4.1.0.00.0.0;2.4.1.0.00.0.0 - Transferências da União e de suas Entidades;3211395,01;25577
2020;Prefeitura Municipal de Governador Nunes Freire - MA;2104677;MA;DCA-Anexo I-C;Padrão;Receitas Brutas Realizadas;RO2.4.1.8.00.0.0;2.4.1.8.00.0.0 Transferências da União - Específicas de Estados, DF e Municípios;3211395,01;25577
2020;Prefeitura Municipal de Governador Nunes Freire - MA;2104677;MA;DCA-Anexo I-C;Padrão;Receitas Brutas Realizadas;RO2.4.1.8.99.0.0;2.4.1.8.99.0.0 Outras Transferências da União;3211395,01;25577
2020;Prefeitura Municipal de Governador Nunes Freire - MA;2104677;MA;DCA-Anexo I-C;Padrão;Receitas Brutas Realizadas;TotalReceitas;TOTAL DAS RECEITAS (III) = (I + II);73556830,38;25577
2020;Prefeitura Municipal de Governador Nunes Freire - MA;2104677;MA;DCA-Anexo I-C;Padrão;Deduções - FUNDEB;TotalReceitas;TOTAL DAS RECEITAS (III) = (I + II);4014122,88;25577
2021;Prefeitura Municipal de Governador Nunes Freire - MA;2104677;MA;DCA-Anexo I-C;Padrão;Receitas Brutas Realizadas;ReceitasExcetoIntraOrcamentarias;RECEITAS (EXCETO INTRA-ORÇAMENTÁRIAS) (I);86677621,30;25539
2021;Prefeitura Municipal de Governador Nunes Freire - MA;2104677;MA;DCA-Anexo I-C;Padrão;Deduções - FUNDEB;ReceitasExcetoIntraOrcamentarias;RECEITAS (EXCETO INTRA-ORÇAMENTÁRIAS) (I);5349544,08;25539
2021;Prefeitura Municipal de Governador Nunes Freire - MA;2104677;MA;DCA-Anexo I-C;Padrão;Receitas Brutas Realizadas;RO1.0.0.0.00.0.0;1.0.0.0.00.0.0 - Receitas Correntes;86677621,30;25539
2021;Prefeitura Municipal de Governador Nunes Freire - MA;2104677;MA;DCA-Anexo I-C;Padrão;Deduções - FUNDEB;RO1.0.0.0.00.0.0;1.0.0.0.00.0.0 - Receitas Correntes;5349544,08;25539
2021;Prefeitura Municipal de Governador Nunes Freire - MA;2104677;MA;DCA-Anexo I-C;Padrão;Receitas Brutas Realizadas;RO1.1.0.0.00.0.0;1.1.0.0.00.0.0 - Impostos, Taxas e Contribuições de Melhoria;3447640,48;25539
2021;Prefeitura Municipal de Governador Nunes Freire - MA;2104677;MA;DCA-Anexo I-C;Padrão;Receitas Brutas Realizadas;RO1.1.1.0.00.0.0;1.1.1.0.00.0.0 - Impostos;3447640,48;25539
2021;Prefeitura Municipal de Governador Nunes Freire - MA;2104677;MA;DCA-Anexo I-C;Padrão;Receitas Brutas Realizadas;RO1.1.1.3.00.0.0;1.1.1.3.00.0.0 - Impostos sobre a Renda e Proventos de Qualquer Natureza;2366396,90;25539
2021;Prefeitura Municipal de Governador Nunes Freire - MA;2104677;MA;DCA-Anexo I-C;Padrão;Receitas Brutas Realizadas;RO1.1.1.3.03.0.0;1.1.1.3.03.0.0 - Imposto sobre a Renda - Retido na Fonte;2366396,90;25539
2021;Prefeitura Municipal de Governador Nunes Freire - MA;2104677;MA;DCA-Anexo I-C;Padrão;Receitas Brutas Realizadas;RO1.1.1.3.03.1.0;1.1.1.3.03.1.0 - Imposto sobre a Renda - Retido na Fonte - Trabalho;2366396,90;25539
2021;Prefeitura Municipal de Governador Nunes Freire - MA;2104677;MA;DCA-Anexo I-C;Padrão;Receitas Brutas Realizadas;RO1.1.1.8.00.0.0;1.1.1.8.00.0.0 - Impostos Específicos de Estados, DF e Municípios;1081243,58;25539
2021;Prefeitura Municipal de Governador Nunes Freire - MA;2104677;MA;DCA-Anexo I-C;Padrão;Receitas Brutas Realizadas;RO1.1.1.8.01.0.0;1.1.1.8.01.0.0 - Impostos sobre o Patrimônio para Estados/DF/Municípios;43699,50;25539
2021;Prefeitura Municipal de Governador Nunes Freire - MA;2104677;MA;DCA-Anexo I-C;Padrão;Receitas Brutas Realizadas;RO1.1.1.8.01.1.0;1.1.1.8.01.1.0 - Imposto sobre a Propriedade Predial e Territorial Urbana;601,00;25539
2021;Prefeitura Municipal de Governador Nunes Freire - MA;2104677;MA;DCA-Anexo I-C;Padrão;Receitas Brutas Realizadas;RO1.1.1.8.01.4.0;1.1.1.8.01.4.0 - Imposto sobre Transmissão ¿Inter Vivos¿ de Bens Imóveis e de Direitos Reais sobre Imóveis;43098,50;25539
2021;Prefeitura Municipal de Governador Nunes Freire - MA;2104677;MA;DCA-Anexo I-C;Padrão;Receitas Brutas Realizadas;RO1.1.1.8.02.0.0;1.1.1.8.02.0.0 - Impostos sobre a Produção, Circulação de Mercadorias e Serviços;1037544,08;25539
2021;Prefeitura Municipal de Governador Nunes Freire - MA;2104677;MA;DCA-Anexo I-C;Padrão;Receitas Brutas Realizadas;RO1.1.1.8.02.3.0;1.1.1.8.02.3.0 - Imposto sobre Serviços de Qualquer Natureza;1037544,08;25539
2021;Prefeitura Municipal de Governador Nunes Freire - MA;2104677;MA;DCA-Anexo I-C;Padrão;Receitas Brutas Realizadas;RO1.2.0.0.00.0.0;1.2.0.0.00.0.0 - Contribuições;216674,07;25539
2021;Prefeitura Municipal de Governador Nunes Freire - MA;2104677;MA;DCA-Anexo I-C;Padrão;Receitas Brutas Realizadas;RO1.2.4.0.00.0.0;1.2.4.0.00.0.0 - Contribuição para o Custeio do Serviço de Iluminação Pública;216674,07;25539
2021;Prefeitura Municipal de Governador Nunes Freire - MA;2104677;MA;DCA-Anexo I-C;Padrão;Receitas Brutas Realizadas;RO1.3.0.0.00.0.0;1.3.0.0.00.0.0 - Receita Patrimonial;48960,60;25539
2021;Prefeitura Municipal de Governador Nunes Freire - MA;2104677;MA;DCA-Anexo I-C;Padrão;Receitas Brutas Realizadas;RO1.3.2.0.00.0.0;1.3.2.0.00.0.0 - Valores Mobiliários;48960,60;25539
2021;Prefeitura Municipal de Governador Nunes Freire - MA;2104677;MA;DCA-Anexo I-C;Padrão;Receitas Brutas Realizadas;RO1.3.2.1.00.0.0;1.3.2.1.00.0.0 - Juros e Correções Monetárias;48960,60;25539
2021;Prefeitura Municipal de Governador Nunes Freire - MA;2104677;MA;DCA-Anexo I-C;Padrão;Receitas Brutas Realizadas;RO1.3.2.1.00.1.0;1.3.2.1.00.1.0 - Remuneração de Depósitos Bancários;48960,60;25539
2021;Prefeitura Municipal de Governador Nunes Freire - MA;2104677;MA;DCA-Anexo I-C;Padrão;Receitas Brutas Realizadas;RO1.7.0.0.00.0.0;1.7.0.0.00.0.0 - Transferências Correntes;82964346,15;25539
2021;Prefeitura Municipal de Governador Nunes Freire - MA;2104677;MA;DCA-Anexo I-C;Padrão;Deduções - FUNDEB;RO1.7.0.0.00.0.0;1.7.0.0.00.0.0 - Transferências Correntes;5349544,08;25539
2021;Prefeitura Municipal de Governador Nunes Freire - MA;2104677;MA;DCA-Anexo I-C;Padrão;Receitas Brutas Realizadas;RO1.7.1.0.00.0.0;1.7.1.0.00.0.0 - Transferências da União e de suas Entidades;60761181,25;25539
2021;Prefeitura Municipal de Governador Nunes Freire - MA;2104677;MA;DCA-Anexo I-C;Padrão;Deduções - FUNDEB;RO1.7.1.0.00.0.0;1.7.1.0.00.0.0 - Transferências da União e de suas Entidades;4523642,73;25539
2021;Prefeitura Municipal de Governador Nunes Freire - MA;2104677;MA;DCA-Anexo I-C;Padrão;Receitas Brutas Realizadas;RO1.7.1.8.00.0.0;1.7.1.8.00.0.0 - Transferências da União - Específicas de Estados, DF e Municípios;60761181,25;25539
2021;Prefeitura Municipal de Governador Nunes Freire - MA;2104677;MA;DCA-Anexo I-C;Padrão;Deduções - FUNDEB;RO1.7.1.8.00.0.0;1.7.1.8.00.0.0 - Transferências da União - Específicas de Estados, DF e Municípios;4523642,73;25539
2021;Prefeitura Municipal de Governador Nunes Freire - MA;2104677;MA;DCA-Anexo I-C;Padrão;Receitas Brutas Realizadas;RO1.7.1.8.01.0.0;1.7.1.8.01.0.0 - Participação na Receita da União;24484740,97;25539
2021;Prefeitura Municipal de Governador Nunes Freire - MA;2104677;MA;DCA-Anexo I-C;Padrão;Deduções - FUNDEB;RO1.7.1.8.01.0.0;1.7.1.8.01.0.0 - Participação na Receita da União;4523642,73;25539
2021;Prefeitura Municipal de Governador Nunes Freire - MA;2104677;MA;DCA-Anexo I-C;Padrão;Receitas Brutas Realizadas;RO1.7.1.8.01.2.0;1.7.1.8.01.2.0 - Cota-Parte do Fundo de Participação dos Municípios - Cota Mensal;22616396,97;25539
2021;Prefeitura Municipal de Governador Nunes Freire - MA;2104677;MA;DCA-Anexo I-C;Padrão;Deduções - FUNDEB;RO1.7.1.8.01.2.0;1.7.1.8.01.2.0 - Cota-Parte do Fundo de Participação dos Municípios - Cota Mensal;4523279,11;25539
2021;Prefeitura Municipal de Governador Nunes Freire - MA;2104677;MA;DCA-Anexo I-C;Padrão;Receitas Brutas Realizadas;RO1.7.1.8.01.3.0;1.7.1.8.01.3.0 - Cota-Parte do Fundo de Participação do Municípios ¿ 1% Cota entregue no mês de dezembro;990734,84;25539
2021;Prefeitura Municipal de Governador Nunes Freire - MA;2104677;MA;DCA-Anexo I-C;Padrão;Receitas Brutas Realizadas;RO1.7.1.8.01.4.0;1.7.1.8.01.4.0 - Cota-Parte do Fundo de Participação dos Municípios - 1% Cota entregue no mês de julho;875790,55;25539
2021;Prefeitura Municipal de Governador Nunes Freire - MA;2104677;MA;DCA-Anexo I-C;Padrão;Receitas Brutas Realizadas;RO1.7.1.8.01.5.0;1.7.1.8.01.5.0 - Cota-Parte do Imposto Sobre a Propriedade Territorial Rural;1818,61;25539
2021;Prefeitura Municipal de Governador Nunes Freire - MA;2104677;MA;DCA-Anexo I-C;Padrão;Deduções - FUNDEB;RO1.7.1.8.01.5.0;1.7.1.8.01.5.0 - Cota-Parte do Imposto Sobre a Propriedade Territorial Rural;363,62;25539
2021;Prefeitura Municipal de Governador Nunes Freire - MA;2104677;MA;DCA-Anexo I-C;Padrão;Receitas Brutas Realizadas;RO1.7.1.8.02.0.0;1.7.1.8.02.0.0 - Transferência da Compensação Financeira pela Exploração de Recursos Naturais;437248,90;25539
2021;Prefeitura Municipal de Governador Nunes Freire - MA;2104677;MA;DCA-Anexo I-C;Padrão;Receitas Brutas Realizadas;RO1.7.1.8.02.6.0;1.7.1.8.02.6.0 - Cota-Parte do Fundo Especial do Petróleo ¿ FEP;437248,90;25539
2021;Prefeitura Municipal de Governador Nunes Freire - MA;2104677;MA;DCA-Anexo I-C;Padrão;Receitas Brutas Realizadas;RO1.7.1.8.03.0.0;1.7.1.8.03.0.0 - Transferência de Recursos do Sistema Único de Saúde ¿ SUS ¿ Repasses Fundo a Fundo - Bloco de Manutenção das Ações e Serviços Públicos de Saúde;14952075,76;25539
2021;Prefeitura Municipal de Governador Nunes Freire - MA;2104677;MA;DCA-Anexo I-C;Padrão;Receitas Brutas Realizadas;RO1.7.1.8.03.1.0;1.7.1.8.03.1.0 - Transferência de Recursos do SUS ¿ Atenção Primária;8499665,53;25539
2021;Prefeitura Municipal de Governador Nunes Freire - MA;2104677;MA;DCA-Anexo I-C;Padrão;Receitas Brutas Realizadas;RO1.7.1.8.03.2.0;1.7.1.8.03.2.0 - Transferência de Recursos do SUS ¿ Atenção Especializada;5380078,85;25539
2021;Prefeitura Municipal de Governador Nunes Freire - MA;2104677;MA;DCA-Anexo I-C;Padrão;Receitas Brutas Realizadas;RO1.7.1.8.03.3.0;1.7.1.8.03.3.0 - Transferência de Recursos do SUS ¿ Vigilância em Saúde;340593,38;25539
2021;Prefeitura Municipal de Governador Nunes Freire - MA;2104677;MA;DCA-Anexo I-C;Padrão;Receitas Brutas Realizadas;RO1.7.1.8.03.4.0;1.7.1.8.03.4.0 - Transferência de Recursos do SUS ¿ Assistência Farmacêutica;153462,00;25539
2021;Prefeitura Municipal de Governador Nunes Freire - MA;2104677;MA;DCA-Anexo I-C;Padrão;Receitas Brutas Realizadas;RO1.7.1.8.03.9.0;1.7.1.8.03.9.0 - Transferência de Recursos do SUS ¿ Outros Programas Financiados por Transferências Fundo a Fundo;578276,00;25539
2021;Prefeitura Municipal de Governador Nunes Freire - MA;2104677;MA;DCA-Anexo I-C;Padrão;Receitas Brutas Realizadas;RO1.7.1.8.04.0.0;1.7.1.8.04.0.0 - Transferências de Recursos do Sistema Único de Saúde ¿ SUS - Repasses Fundo a Fundo - Bloco de Estruturação da Rede de Serviços Públicos de Saúde;2496351,00;25539
2021;Prefeitura Municipal de Governador Nunes Freire - MA;2104677;MA;DCA-Anexo I-C;Padrão;Receitas Brutas Realizadas;RO1.7.1.8.04.1.0;1.7.1.8.04.1.0 - Transferências de Recursos do Sistema Único de Saúde ¿ SUS Destinados à Atenção Primária;2425946,00;25539
2021;Prefeitura Municipal de Governador Nunes Freire - MA;2104677;MA;DCA-Anexo I-C;Padrão;Receitas Brutas Realizadas;RO1.7.1.8.04.5.0;1.7.1.8.04.5.0 - Transferências de Recursos do Sistema Único de Saúde ¿ SUS destinados à Gestão do SUS;70405,00;25539
2021;Prefeitura Municipal de Governador Nunes Freire - MA;2104677;MA;DCA-Anexo I-C;Padrão;Receitas Brutas Realizadas;RO1.7.1.8.05.0.0;1.7.1.8.05.0.0 - Transferências de Recursos do Fundo Nacional do Desenvolvimento da Educação ¿ FNDE;1219421,71;25539
2021;Prefeitura Municipal de Governador Nunes Freire - MA;2104677;MA;DCA-Anexo I-C;Padrão;Receitas Brutas Realizadas;RO1.7.1.8.05.1.0;1.7.1.8.05.1.0 - Transferências do Salário-Educação;415675,17;25539
2021;Prefeitura Municipal de Governador Nunes Freire - MA;2104677;MA;DCA-Anexo I-C;Padrão;Receitas Brutas Realizadas;RO1.7.1.8.05.2.0;1.7.1.8.05.2.0 - Transferências Diretas do FNDE referentes ao Programa Dinheiro Direto na Escola ¿ PDDE;5700,00;25539
2021;Prefeitura Municipal de Governador Nunes Freire - MA;2104677;MA;DCA-Anexo I-C;Padrão;Receitas Brutas Realizadas;RO1.7.1.8.05.3.0;1.7.1.8.05.3.0 - Transferências Diretas do FNDE referentes ao Programa Nacional de Alimentação Escolar ¿ PNAE;725616,37;25539
2021;Prefeitura Municipal de Governador Nunes Freire - MA;2104677;MA;DCA-Anexo I-C;Padrão;Receitas Brutas Realizadas;RO1.7.1.8.05.4.0;1.7.1.8.05.4.0 - Transferências Diretas do FNDE referentes ao Programa Nacional de Apoio ao Transporte do Escolar ¿ PNATE;72430,17;25539
2021;Prefeitura Municipal de Governador Nunes Freire - MA;2104677;MA;DCA-Anexo I-C;Padrão;Receitas Brutas Realizadas;RO1.7.1.8.09.0.0;1.7.1.8.09.0.0 - Transferências de Recursos de Complementação da União ao Fundo de Manutenção e Desenvolvimento da Educação Básica e de Valorização dos Profissionais da Educação ¿ FUNDEB;16313285,03;25539
2021;Prefeitura Municipal de Governador Nunes Freire - MA;2104677;MA;DCA-Anexo I-C;Padrão;Receitas Brutas Realizadas;RO1.7.1.8.12.0.0;1.7.1.8.12.0.0 - Transferências de Recursos do Fundo Nacional de Assistência Social ¿ FNAS;589812,23;25539
2021;Prefeitura Municipal de Governador Nunes Freire - MA;2104677;MA;DCA-Anexo I-C;Padrão;Receitas Brutas Realizadas;RO1.7.1.8.99.0.0;1.7.1.8.99.0.0 - Outras Transferências da União;268245,65;25539
2021;Prefeitura Municipal de Governador Nunes Freire - MA;2104677;MA;DCA-Anexo I-C;Padrão;Receitas Brutas Realizadas;RO1.7.2.0.00.0.0;1.7.2.0.00.0.0 - Transferências dos Estados e do Distrito Federal e de suas Entidades;4144890,87;25539
2021;Prefeitura Municipal de Governador Nunes Freire - MA;2104677;MA;DCA-Anexo I-C;Padrão;Deduções - FUNDEB;RO1.7.2.0.00.0.0;1.7.2.0.00.0.0 - Transferências dos Estados e do Distrito Federal e de suas Entidades;825901,35;25539
2021;Prefeitura Municipal de Governador Nunes Freire - MA;2104677;MA;DCA-Anexo I-C;Padrão;Receitas Brutas Realizadas;RO1.7.2.8.00.0.0;1.7.2.8.00.0.0 - Transferências dos Estados - Específicas de Estados, DF e Municípios;4144890,87;25539
2021;Prefeitura Municipal de Governador Nunes Freire - MA;2104677;MA;DCA-Anexo I-C;Padrão;Deduções - FUNDEB;RO1.7.2.8.00.0.0;1.7.2.8.00.0.0 - Transferências dos Estados - Específicas de Estados, DF e Municípios;825901,35;25539
2021;Prefeitura Municipal de Governador Nunes Freire - MA;2104677;MA;DCA-Anexo I-C;Padrão;Receitas Brutas Realizadas;RO1.7.2.8.01.0.0;1.7.2.8.01.0.0 - Participação na Receita dos Estados;4090171,88;25539
2021;Prefeitura Municipal de Governador Nunes Freire - MA;2104677;MA;DCA-Anexo I-C;Padrão;Deduções - FUNDEB;RO1.7.2.8.01.0.0;1.7.2.8.01.0.0 - Participação na Receita dos Estados;825901,35;25539
2021;Prefeitura Municipal de Governador Nunes Freire - MA;2104677;MA;DCA-Anexo I-C;Padrão;Receitas Brutas Realizadas;RO1.7.2.8.01.1.0;1.7.2.8.01.1.0 - Cota-Parte do ICMS;3620550,19;25539
2021;Prefeitura Municipal de Governador Nunes Freire - MA;2104677;MA;DCA-Anexo I-C;Padrão;Deduções - FUNDEB;RO1.7.2.8.01.1.0;1.7.2.8.01.1.0 - Cota-Parte do ICMS;738161,30;25539
2021;Prefeitura Municipal de Governador Nunes Freire - MA;2104677;MA;DCA-Anexo I-C;Padrão;Receitas Brutas Realizadas;RO1.7.2.8.01.2.0;1.7.2.8.01.2.0 - Cota-Parte do IPVA;417636,09;25539
2021;Prefeitura Municipal de Governador Nunes Freire - MA;2104677;MA;DCA-Anexo I-C;Padrão;Deduções - FUNDEB;RO1.7.2.8.01.2.0;1.7.2.8.01.2.0 - Cota-Parte do IPVA;83521,53;25539
2021;Prefeitura Municipal de Governador Nunes Freire - MA;2104677;MA;DCA-Anexo I-C;Padrão;Receitas Brutas Realizadas;RO1.7.2.8.01.3.0;1.7.2.8.01.3.0 - Cota-Parte do IPI - Municípios;34911,81;25539
2021;Prefeitura Municipal de Governador Nunes Freire - MA;2104677;MA;DCA-Anexo I-C;Padrão;Deduções - FUNDEB;RO1.7.2.8.01.3.0;1.7.2.8.01.3.0 - Cota-Parte do IPI - Municípios;4218,52;25539
2021;Prefeitura Municipal de Governador Nunes Freire - MA;2104677;MA;DCA-Anexo I-C;Padrão;Receitas Brutas Realizadas;RO1.7.2.8.01.4.0;1.7.2.8.01.4.0 - Cota-Parte da Contribuição de Intervenção no Domínio Econômico;14613,62;25539
2021;Prefeitura Municipal de Governador Nunes Freire - MA;2104677;MA;DCA-Anexo I-C;Padrão;Receitas Brutas Realizadas;RO1.7.2.8.01.5.0;1.7.2.8.01.5.0 - Outras Participações na Receita dos Estados;2460,17;25539
2021;Prefeitura Municipal de Governador Nunes Freire - MA;2104677;MA;DCA-Anexo I-C;Padrão;Receitas Brutas Realizadas;RO1.7.2.8.10.0.0;1.7.2.8.10.0.0 - Transferência de Convênios dos Estados e do Distrito Federal e de Suas Entidades;54718,99;25539
2021;Prefeitura Municipal de Governador Nunes Freire - MA;2104677;MA;DCA-Anexo I-C;Padrão;Receitas Brutas Realizadas;RO1.7.2.8.10.1.0;1.7.2.8.10.1.0 - Transferências de Convênio dos Estados para o Sistema Único de Saúde ¿ SUS;54188,99;25539
2021;Prefeitura Municipal de Governador Nunes Freire - MA;2104677;MA;DCA-Anexo I-C;Padrão;Receitas Brutas Realizadas;RO1.7.2.8.10.9.0;1.7.2.8.10.9.0 - Outras Transferências de Convênio dos Estados;530,00;25539
2021;Prefeitura Municipal de Governador Nunes Freire - MA;2104677;MA;DCA-Anexo I-C;Padrão;Receitas Brutas Realizadas;RO1.7.3.0.00.0.0;1.7.3.0.00.0.0 - Transferências dos Municípios e de suas Entidades;18812,00;25539
2021;Prefeitura Municipal de Governador Nunes Freire - MA;2104677;MA;DCA-Anexo I-C;Padrão;Receitas Brutas Realizadas;RO1.7.3.8.00.0.0;1.7.3.8.00.0.0 - Transferências dos Municípios -Específicas de Estados, DF e Municípios;18812,00;25539
2021;Prefeitura Municipal de Governador Nunes Freire - MA;2104677;MA;DCA-Anexo I-C;Padrão;Receitas Brutas Realizadas;RO1.7.3.8.99.0.0;1.7.3.8.99.0.0 - Outras Transferências dos Municípios;18812,00;25539
2021;Prefeitura Municipal de Governador Nunes Freire - MA;2104677;MA;DCA-Anexo I-C;Padrão;Receitas Brutas Realizadas;RO1.7.5.0.00.0.0;1.7.5.0.00.0.0 - Transferências de Outras Instituições Públicas;18039462,03;25539
2021;Prefeitura Municipal de Governador Nunes Freire - MA;2104677;MA;DCA-Anexo I-C;Padrão;Receitas Brutas Realizadas;RO1.7.5.8.00.0.0;1.7.5.8.00.0.0 - Transferências de Outras Instituições Públicas - Específicas de Estados, DF e Municípios;18039462,03;25539
2021;Prefeitura Municipal de Governador Nunes Freire - MA;2104677;MA;DCA-Anexo I-C;Padrão;Receitas Brutas Realizadas;RO1.7.5.8.01.0.0;1.7.5.8.01.0.0 - Transferências de Recursos do Fundo de Manutenção e Desenvolvimento da Educação Básica e de Valorização dos Profissionais da Educação ¿ FUNDEB;18039462,03;25539
2021;Prefeitura Municipal de Governador Nunes Freire - MA;2104677;MA;DCA-Anexo I-C;Padrão;Receitas Brutas Realizadas;TotalReceitas;TOTAL DAS RECEITAS (III) = (I + II);86677621,30;25539
2021;Prefeitura Municipal de Governador Nunes Freire - MA;2104677;MA;DCA-Anexo I-C;Padrão;Deduções - FUNDEB;TotalReceitas;TOTAL DAS RECEITAS (III) = (I + II);5349544,08;25539
2022;Prefeitura Municipal de Governador Nunes Freire - MA;2104677;MA;DCA-Anexo I-C;Padrão;Receitas Brutas Realizadas;ReceitasExcetoIntraOrcamentarias;RECEITAS (EXCETO INTRA-ORÇAMENTÁRIAS) (I);116865795,63;25502
2022;Prefeitura Municipal de Governador Nunes Freire - MA;2104677;MA;DCA-Anexo I-C;Padrão;Deduções - FUNDEB;ReceitasExcetoIntraOrcamentarias;RECEITAS (EXCETO INTRA-ORÇAMENTÁRIAS) (I);6697177,47;25502
2022;Prefeitura Municipal de Governador Nunes Freire - MA;2104677;MA;DCA-Anexo I-C;Padrão;Receitas Brutas Realizadas;RO1.0.0.0.00.0.0;1.0.0.0.00.0.0 - Receitas Correntes;116481169,31;25502
2022;Prefeitura Municipal de Governador Nunes Freire - MA;2104677;MA;DCA-Anexo I-C;Padrão;Deduções - FUNDEB;RO1.0.0.0.00.0.0;1.0.0.0.00.0.0 - Receitas Correntes;6697177,47;25502
2022;Prefeitura Municipal de Governador Nunes Freire - MA;2104677;MA;DCA-Anexo I-C;Padrão;Receitas Brutas Realizadas;RO1.1.0.0.00.0.0;1.1.0.0.00.0.0 - Impostos, Taxas e Contribuições de Melhoria;4986218,71;25502
2022;Prefeitura Municipal de Governador Nunes Freire - MA;2104677;MA;DCA-Anexo I-C;Padrão;Deduções - FUNDEB;RO1.1.0.0.00.0.0;1.1.0.0.00.0.0 - Impostos, Taxas e Contribuições de Melhoria;46116,91;25502
2022;Prefeitura Municipal de Governador Nunes Freire - MA;2104677;MA;DCA-Anexo I-C;Padrão;Receitas Brutas Realizadas;RO1.1.1.0.00.0.0;1.1.1.0.00.0.0 - Impostos;4986218,71;25502
2022;Prefeitura Municipal de Governador Nunes Freire - MA;2104677;MA;DCA-Anexo I-C;Padrão;Deduções - FUNDEB;RO1.1.1.0.00.0.0;1.1.1.0.00.0.0 - Impostos;46116,91;25502
2022;Prefeitura Municipal de Governador Nunes Freire - MA;2104677;MA;DCA-Anexo I-C;Padrão;Receitas Brutas Realizadas;RO1.1.1.2.00.0.0;1.1.1.2.00.0.0 - Impostos sobre o Patrimônio;39840,55;25502
2022;Prefeitura Municipal de Governador Nunes Freire - MA;2104677;MA;DCA-Anexo I-C;Padrão;Receitas Brutas Realizadas;RO1.1.1.2.50.0.0;1.1.1.2.50.0.0 - Imposto sobre a Propriedade Predial e Territorial Urbana;3491,25;25502
2022;Prefeitura Municipal de Governador Nunes Freire - MA;2104677;MA;DCA-Anexo I-C;Padrão;Receitas Brutas Realizadas;RO1.1.1.2.53.0.0;"1.1.1.2.53.0.0 - Impostos sobre Transmissão ""Inter Vivos"" de Bens Imóveis e de Direitos Reais sobre Imóveis";36349,30;25502
2022;Prefeitura Municipal de Governador Nunes Freire - MA;2104677;MA;DCA-Anexo I-C;Padrão;Receitas Brutas Realizadas;RO1.1.1.3.00.0.0;1.1.1.3.00.0.0 - Impostos sobre a Renda e Proventos de Qualquer Natureza;3996885,95;25502
2022;Prefeitura Municipal de Governador Nunes Freire - MA;2104677;MA;DCA-Anexo I-C;Padrão;Receitas Brutas Realizadas;RO1.1.1.3.03.0.0;1.1.1.3.03.0.0 - Imposto sobre a Renda - Retido na Fonte;3996885,95;25502
2022;Prefeitura Municipal de Governador Nunes Freire - MA;2104677;MA;DCA-Anexo I-C;Padrão;Receitas Brutas Realizadas;RO1.1.1.3.03.1.0;1.1.1.3.03.1.0 - Imposto sobre a Renda - Retido na Fonte - Trabalho;3996885,95;25502
2022;Prefeitura Municipal de Governador Nunes Freire - MA;2104677;MA;DCA-Anexo I-C;Padrão;Receitas Brutas Realizadas;RO1.1.1.4.00.0.0;1.1.1.4.00.0.0 - Impostos sobre a Produção e Circulação de Mercadorias e Serviços;949492,21;25502
2022;Prefeitura Municipal de Governador Nunes Freire - MA;2104677;MA;DCA-Anexo I-C;Padrão;Deduções - FUNDEB;RO1.1.1.4.00.0.0;1.1.1.4.00.0.0 - Impostos sobre a Produção e Circulação de Mercadorias e Serviços;46116,91;25502
2022;Prefeitura Municipal de Governador Nunes Freire - MA;2104677;MA;DCA-Anexo I-C;Padrão;Receitas Brutas Realizadas;RO1.1.1.4.01.0.0;1.1.1.4.01.0.0 - Imposto sobre Produtos Industrializados - IPI;12296,37;25502
2022;Prefeitura Municipal de Governador Nunes Freire - MA;2104677;MA;DCA-Anexo I-C;Padrão;Deduções - FUNDEB;RO1.1.1.4.01.0.0;1.1.1.4.01.0.0 - Imposto sobre Produtos Industrializados - IPI;1877,06;25502
2022;Prefeitura Municipal de Governador Nunes Freire - MA;2104677;MA;DCA-Anexo I-C;Padrão;Receitas Brutas Realizadas;RO1.1.1.4.01.1.0;1.1.1.4.01.1.0 - Imposto sobre Produtos Industrializados - IPI - Fumo;12296,37;25502
2022;Prefeitura Municipal de Governador Nunes Freire - MA;2104677;MA;DCA-Anexo I-C;Padrão;Deduções - FUNDEB;RO1.1.1.4.01.1.0;1.1.1.4.01.1.0 - Imposto sobre Produtos Industrializados - IPI - Fumo;1877,06;25502
2022;Prefeitura Municipal de Governador Nunes Freire - MA;2104677;MA;DCA-Anexo I-C;Padrão;Receitas Brutas Realizadas;RO1.1.1.4.51.0.0;1.1.1.4.51.0.0 - Impostos sobre Serviços;937195,84;25502
2022;Prefeitura Municipal de Governador Nunes Freire - MA;2104677;MA;DCA-Anexo I-C;Padrão;Deduções - FUNDEB;RO1.1.1.4.51.0.0;1.1.1.4.51.0.0 - Impostos sobre Serviços;44239,85;25502
2022;Prefeitura Municipal de Governador Nunes Freire - MA;2104677;MA;DCA-Anexo I-C;Padrão;Receitas Brutas Realizadas;RO1.1.1.4.51.1.0;1.1.1.4.51.1.0 - Imposto sobre Serviços de Qualquer Natureza - ISSQN;937195,84;25502
2022;Prefeitura Municipal de Governador Nunes Freire - MA;2104677;MA;DCA-Anexo I-C;Padrão;Deduções - FUNDEB;RO1.1.1.4.51.1.0;1.1.1.4.51.1.0 - Imposto sobre Serviços de Qualquer Natureza - ISSQN;44239,85;25502
2022;Prefeitura Municipal de Governador Nunes Freire - MA;2104677;MA;DCA-Anexo I-C;Padrão;Receitas Brutas Realizadas;RO1.2.0.0.00.0.0;1.2.0.0.00.0.0 - Contribuições;284620,81;25502
2022;Prefeitura Municipal de Governador Nunes Freire - MA;2104677;MA;DCA-Anexo I-C;Padrão;Receitas Brutas Realizadas;RO1.2.4.0.00.0.0;1.2.4.0.00.0.0 - Contribuição para o Custeio do Serviço de Iluminação Pública;284620,81;25502
2022;Prefeitura Municipal de Governador Nunes Freire - MA;2104677;MA;DCA-Anexo I-C;Padrão;Receitas Brutas Realizadas;RO1.3.0.0.00.0.0;1.3.0.0.00.0.0 - Receita Patrimonial;631445,61;25502
2022;Prefeitura Municipal de Governador Nunes Freire - MA;2104677;MA;DCA-Anexo I-C;Padrão;Receitas Brutas Realizadas;RO1.3.2.0.00.0.0;1.3.2.0.00.0.0 - Valores Mobiliários;631445,61;25502
2022;Prefeitura Municipal de Governador Nunes Freire - MA;2104677;MA;DCA-Anexo I-C;Padrão;Receitas Brutas Realizadas;RO1.3.2.1.00.0.0;1.3.2.1.00.0.0 - Juros e Correções Monetárias;631445,61;25502
2022;Prefeitura Municipal de Governador Nunes Freire - MA;2104677;MA;DCA-Anexo I-C;Padrão;Receitas Brutas Realizadas;RO1.3.2.1.01.0.0;1.3.2.1.01.0.0 - Remuneração de Depósitos Bancários;631445,61;25502
2022;Prefeitura Municipal de Governador Nunes Freire - MA;2104677;MA;DCA-Anexo I-C;Padrão;Receitas Brutas Realizadas;RO1.6.0.0.00.0.0;1.6.0.0.00.0.0 - Receita de Serviços;44254,81;25502
2022;Prefeitura Municipal de Governador Nunes Freire - MA;2104677;MA;DCA-Anexo I-C;Padrão;Receitas Brutas Realizadas;RO1.6.9.0.00.0.0;1.6.9.0.00.0.0 - Outros Serviços;44254,81;25502
2022;Prefeitura Municipal de Governador Nunes Freire - MA;2104677;MA;DCA-Anexo I-C;Padrão;Receitas Brutas Realizadas;RO1.7.0.0.00.0.0;1.7.0.0.00.0.0 - Transferências Correntes;110534629,37;25502
2022;Prefeitura Municipal de Governador Nunes Freire - MA;2104677;MA;DCA-Anexo I-C;Padrão;Deduções - FUNDEB;RO1.7.0.0.00.0.0;1.7.0.0.00.0.0 - Transferências Correntes;6651060,56;25502
2022;Prefeitura Municipal de Governador Nunes Freire - MA;2104677;MA;DCA-Anexo I-C;Padrão;Receitas Brutas Realizadas;RO1.7.1.0.00.0.0;1.7.1.0.00.0.0 - Transferências da União e de suas Entidades;81763202,07;25502
2022;Prefeitura Municipal de Governador Nunes Freire - MA;2104677;MA;DCA-Anexo I-C;Padrão;Deduções - FUNDEB;RO1.7.1.0.00.0.0;1.7.1.0.00.0.0 - Transferências da União e de suas Entidades;5706444,67;25502
2022;Prefeitura Municipal de Governador Nunes Freire - MA;2104677;MA;DCA-Anexo I-C;Padrão;Receitas Brutas Realizadas;RO1.7.1.1.00.0.0;1.7.1.1.00.0.0 - Transferências Decorrentes de Participação na Receita da União;30788958,87;25502
2022;Prefeitura Municipal de Governador Nunes Freire - MA;2104677;MA;DCA-Anexo I-C;Padrão;Deduções - FUNDEB;RO1.7.1.1.00.0.0;1.7.1.1.00.0.0 - Transferências Decorrentes de Participação na Receita da União;5634480,13;25502
2022;Prefeitura Municipal de Governador Nunes Freire - MA;2104677;MA;DCA-Anexo I-C;Padrão;Receitas Brutas Realizadas;RO1.7.1.1.51.0.0;1.7.1.1.51.0.0 -Cota-Parte do Fundo de Participação dos Municípios - FPM;30777691,97;25502
2022;Prefeitura Municipal de Governador Nunes Freire - MA;2104677;MA;DCA-Anexo I-C;Padrão;Deduções - FUNDEB;RO1.7.1.1.51.0.0;1.7.1.1.51.0.0 -Cota-Parte do Fundo de Participação dos Municípios - FPM;5634248,63;25502
2022;Prefeitura Municipal de Governador Nunes Freire - MA;2104677;MA;DCA-Anexo I-C;Padrão;Receitas Brutas Realizadas;RO1.7.1.1.51.1.0;1.7.1.1.51.1.0 - Cota-Parte do Fundo de Participação dos Municípios - Cota Mensal;28382605,56;25502
2022;Prefeitura Municipal de Governador Nunes Freire - MA;2104677;MA;DCA-Anexo I-C;Padrão;Deduções - FUNDEB;RO1.7.1.1.51.1.0;1.7.1.1.51.1.0 - Cota-Parte do Fundo de Participação dos Municípios - Cota Mensal;5634248,63;25502
2022;Prefeitura Municipal de Governador Nunes Freire - MA;2104677;MA;DCA-Anexo I-C;Padrão;Receitas Brutas Realizadas;RO1.7.1.1.51.2.0;1.7.1.1.51.2.0 - Cota-Parte do Fundo de Participação do Municípios ¿ 1% Cota entregue no mês de dezembro;1236092,89;25502
2022;Prefeitura Municipal de Governador Nunes Freire - MA;2104677;MA;DCA-Anexo I-C;Padrão;Receitas Brutas Realizadas;RO1.7.1.1.51.3.0;1.7.1.1.51.3.0 - Cota-Parte do Fundo de Participação dos Municípios - 1% Cota entregue no mês de julho;1158993,52;25502
2022;Prefeitura Municipal de Governador Nunes Freire - MA;2104677;MA;DCA-Anexo I-C;Padrão;Receitas Brutas Realizadas;RO1.7.1.1.52.0.0;1.7.1.1.52.0.0 - Cota-Parte do Imposto Sobre a Propriedade Territorial Rural;11266,90;25502
2022;Prefeitura Municipal de Governador Nunes Freire - MA;2104677;MA;DCA-Anexo I-C;Padrão;Deduções - FUNDEB;RO1.7.1.1.52.0.0;1.7.1.1.52.0.0 - Cota-Parte do Imposto Sobre a Propriedade Territorial Rural;231,50;25502
2022;Prefeitura Municipal de Governador Nunes Freire - MA;2104677;MA;DCA-Anexo I-C;Padrão;Receitas Brutas Realizadas;RO1.7.1.2.00.0.0;1.7.1.2.00.0.0 -Transferências das Compensações Financeiras pela Exploração de Recursos Naturais;674447,79;25502
2022;Prefeitura Municipal de Governador Nunes Freire - MA;2104677;MA;DCA-Anexo I-C;Padrão;Receitas Brutas Realizadas;RO1.7.1.2.52.0.0;1.7.1.2.52.0.0 - Cota-parte da Compensação Financeira pela Produção de Petróleo;671821,47;25502
2022;Prefeitura Municipal de Governador Nunes Freire - MA;2104677;MA;DCA-Anexo I-C;Padrão;Receitas Brutas Realizadas;RO1.7.1.2.52.1.0;1.7.1.2.52.1.0 - Cota-parte da Compensação Financeira pela Produção de Petróleo ¿ Lei nº 7.990/89;671821,47;25502
2022;Prefeitura Municipal de Governador Nunes Freire - MA;2104677;MA;DCA-Anexo I-C;Padrão;Receitas Brutas Realizadas;RO1.7.1.2.99.0.0;1.7.1.2.99.0.0 - Outras Transferências decorrentes de Compensação Financeira pela Exploração de Recursos Naturais ;2626,32;25502
2022;Prefeitura Municipal de Governador Nunes Freire - MA;2104677;MA;DCA-Anexo I-C;Padrão;Receitas Brutas Realizadas;RO1.7.1.3.00.0.0;1.7.1.3.00.0.0 -Transferências de Recursos do Sistema Único de Saúde ¿ SUS ;21808102,90;25502
2022;Prefeitura Municipal de Governador Nunes Freire - MA;2104677;MA;DCA-Anexo I-C;Padrão;Receitas Brutas Realizadas;RO1.7.1.3.50.0.0;1.7.1.3.50.0.0 - Transferências de Recursos do Sistema Único de Saúde ¿ SUS ¿ Repasses Fundo a Fundo - Bloco de Manutenção das Ações e Serviços Públicos de Saúde;21549998,65;25502
2022;Prefeitura Municipal de Governador Nunes Freire - MA;2104677;MA;DCA-Anexo I-C;Padrão;Receitas Brutas Realizadas;RO1.7.1.3.50.1.0;1.7.1.3.50.1.0 - Transferências de Recursos do Bloco de Manutenção das Ações e Serviços Públicos de Saúde ¿ Atenção Primária;13802072,52;25502
2022;Prefeitura Municipal de Governador Nunes Freire - MA;2104677;MA;DCA-Anexo I-C;Padrão;Receitas Brutas Realizadas;RO1.7.1.3.50.2.0;1.7.1.3.50.2.0 - Transferências de Recursos do Bloco de Manutenção das Ações e Serviços Públicos de Saúde ¿ Atenção Especializada;6942385,65;25502
2022;Prefeitura Municipal de Governador Nunes Freire - MA;2104677;MA;DCA-Anexo I-C;Padrão;Receitas Brutas Realizadas;RO1.7.1.3.50.3.0;1.7.1.3.50.3.0 - Transferências de Recursos do Bloco de Manutenção das Ações e Serviços Públicos de Saúde ¿ Vigilância em Saúde;595156,52;25502
2022;Prefeitura Municipal de Governador Nunes Freire - MA;2104677;MA;DCA-Anexo I-C;Padrão;Receitas Brutas Realizadas;RO1.7.1.3.50.4.0;1.7.1.3.50.4.0 -Transferências de Recursos do Bloco de Manutenção das Ações e Serviços Públicos de Saúde ¿ Assistência Farmacêutica;147749,80;25502
2022;Prefeitura Municipal de Governador Nunes Freire - MA;2104677;MA;DCA-Anexo I-C;Padrão;Receitas Brutas Realizadas;RO1.7.1.3.50.9.0;1.7.1.3.50.9.0 - Transferências de Recursos do Bloco de Manutenção das Ações e Serviços Públicos de Saúde ¿ Outros Programas;62634,16;25502
2022;Prefeitura Municipal de Governador Nunes Freire - MA;2104677;MA;DCA-Anexo I-C;Padrão;Receitas Brutas Realizadas;RO1.7.1.3.51.0.0;1.7.1.3.51.0.0 - Transferências de Recursos do Sistema Único de Saúde ¿ SUS - Repasses Fundo a Fundo - Bloco de Estruturação da Rede de Serviços Públicos de Saúde;9894,85;25502
2022;Prefeitura Municipal de Governador Nunes Freire - MA;2104677;MA;DCA-Anexo I-C;Padrão;Receitas Brutas Realizadas;RO1.7.1.3.51.5.0;1.7.1.3.51.5.0 - Transferências de Recursos do Bloco de Estruturação da Rede de Serviços Públicos de Saúde - Gestão do SUS;9894,85;25502
2022;Prefeitura Municipal de Governador Nunes Freire - MA;2104677;MA;DCA-Anexo I-C;Padrão;Receitas Brutas Realizadas;RO1.7.1.3.99.0.0;1.7.1.3.99.0.0 - Outras Transferências de Recursos do Sistema Único de Saúde - SUS;248209,40;25502
2022;Prefeitura Municipal de Governador Nunes Freire - MA;2104677;MA;DCA-Anexo I-C;Padrão;Receitas Brutas Realizadas;RO1.7.1.4.00.0.0;1.7.1.4.00.0.0 -Transferências de Recursos do Fundo Nacional do Desenvolvimento da Educação ¿ FNDE¿ ;1215387,63;25502
2022;Prefeitura Municipal de Governador Nunes Freire - MA;2104677;MA;DCA-Anexo I-C;Padrão;Receitas Brutas Realizadas;RO1.7.1.4.50.0.0;1.7.1.4.50.0.0 - Transferências do Salário-Educação;361676,27;25502
2022;Prefeitura Municipal de Governador Nunes Freire - MA;2104677;MA;DCA-Anexo I-C;Padrão;Receitas Brutas Realizadas;RO1.7.1.4.51.0.0;1.7.1.4.51.0.0 - Transferências Diretas do FNDE referentes ao Programa Dinheiro Direto na Escola ¿ PDDE;6529,75;25502
2022;Prefeitura Municipal de Governador Nunes Freire - MA;2104677;MA;DCA-Anexo I-C;Padrão;Receitas Brutas Realizadas;RO1.7.1.4.52.0.0;1.7.1.4.52.0.0 - Transferências referentes ao Programa Nacional de Alimentação Escolar ¿ PNAE;734994,45;25502
2022;Prefeitura Municipal de Governador Nunes Freire - MA;2104677;MA;DCA-Anexo I-C;Padrão;Receitas Brutas Realizadas;RO1.7.1.4.53.0.0;1.7.1.4.53.0.0 - Transferências referentes ao Programa Nacional de Apoio ao Transporte do Escolar ¿ PNATE;109405,08;25502
2022;Prefeitura Municipal de Governador Nunes Freire - MA;2104677;MA;DCA-Anexo I-C;Padrão;Receitas Brutas Realizadas;RO1.7.1.4.99.0.0;1.7.1.4.99.0.0 - Outras Transferências Diretas do Fundo Nacional do Desenvolvimento da Educação - FNDE;2782,08;25502
2022;Prefeitura Municipal de Governador Nunes Freire - MA;2104677;MA;DCA-Anexo I-C;Padrão;Receitas Brutas Realizadas;RO1.7.1.5.00.0.0;1.7.1.5.00.0.0 - Transferências de Recursos de Complementação da União ao Fundo de Manutenção e Desenvolvimento da Educação Básica e de Valorização dos Profissionais da Educação ¿ FUNDEB ;25846789,69;25502
2022;Prefeitura Municipal de Governador Nunes Freire - MA;2104677;MA;DCA-Anexo I-C;Padrão;Receitas Brutas Realizadas;RO1.7.1.6.00.0.0;1.7.1.6.00.0.0 - Transferências de Recursos do Fundo Nacional de Assistência Social ¿ FNAS;689701,51;25502
2022;Prefeitura Municipal de Governador Nunes Freire - MA;2104677;MA;DCA-Anexo I-C;Padrão;Receitas Brutas Realizadas;RO1.7.1.7.00.0.0;1.7.1.7.00.0.0 - Transferências de Convênios da União e de Suas Entidades;2724,23;25502
2022;Prefeitura Municipal de Governador Nunes Freire - MA;2104677;MA;DCA-Anexo I-C;Padrão;Receitas Brutas Realizadas;RO1.7.1.7.99.0.0;1.7.1.7.99.0.0 - Outras Transferências de Convênios da União e de Suas Entidades;2724,23;25502
2022;Prefeitura Municipal de Governador Nunes Freire - MA;2104677;MA;DCA-Anexo I-C;Padrão;Receitas Brutas Realizadas;RO1.7.1.9.00.0.0;1.7.1.9.00.0.0 - Outras Transferências de Recursos da União e de suas Entidades;737089,45;25502
2022;Prefeitura Municipal de Governador Nunes Freire - MA;2104677;MA;DCA-Anexo I-C;Padrão;Deduções - FUNDEB;RO1.7.1.9.00.0.0;1.7.1.9.00.0.0 - Outras Transferências de Recursos da União e de suas Entidades;71964,54;25502
2022;Prefeitura Municipal de Governador Nunes Freire - MA;2104677;MA;DCA-Anexo I-C;Padrão;Receitas Brutas Realizadas;RO1.7.1.9.51.0.0;1.7.1.9.51.0.0 - Transferências Financeiras do ICMS ¿ Desoneração ¿ L.C. Nº 87/96;359822,81;25502
2022;Prefeitura Municipal de Governador Nunes Freire - MA;2104677;MA;DCA-Anexo I-C;Padrão;Deduções - FUNDEB;RO1.7.1.9.51.0.0;1.7.1.9.51.0.0 - Transferências Financeiras do ICMS ¿ Desoneração ¿ L.C. Nº 87/96;71964,54;25502
2022;Prefeitura Municipal de Governador Nunes Freire - MA;2104677;MA;DCA-Anexo I-C;Padrão;Receitas Brutas Realizadas;RO1.7.1.9.99.0.0;1.7.1.9.99.0.0 - Outras Transferências de Recursos da União e de suas Entidades;377266,64;25502
2022;Prefeitura Municipal de Governador Nunes Freire - MA;2104677;MA;DCA-Anexo I-C;Padrão;Receitas Brutas Realizadas;RO1.7.2.0.00.0.0;1.7.2.0.00.0.0 - Transferências dos Estados e do Distrito Federal e de suas Entidades;4745688,03;25502
2022;Prefeitura Municipal de Governador Nunes Freire - MA;2104677;MA;DCA-Anexo I-C;Padrão;Deduções - FUNDEB;RO1.7.2.0.00.0.0;1.7.2.0.00.0.0 - Transferências dos Estados e do Distrito Federal e de suas Entidades;944615,89;25502
2022;Prefeitura Municipal de Governador Nunes Freire - MA;2104677;MA;DCA-Anexo I-C;Padrão;Receitas Brutas Realizadas;RO1.7.2.1.00.0.0;1.7.2.1.00.0.0 - Participação na Receita dos Estados e Distrito Federal;4745688,03;25502
2022;Prefeitura Municipal de Governador Nunes Freire - MA;2104677;MA;DCA-Anexo I-C;Padrão;Deduções - FUNDEB;RO1.7.2.1.00.0.0;1.7.2.1.00.0.0 - Participação na Receita dos Estados e Distrito Federal;944615,89;25502
2022;Prefeitura Municipal de Governador Nunes Freire - MA;2104677;MA;DCA-Anexo I-C;Padrão;Receitas Brutas Realizadas;RO1.7.2.1.50.0.0;1.7.2.1.50.0.0 - Cota-Parte do ICMS;4128383,10;25502
2022;Prefeitura Municipal de Governador Nunes Freire - MA;2104677;MA;DCA-Anexo I-C;Padrão;Deduções - FUNDEB;RO1.7.2.1.50.0.0;1.7.2.1.50.0.0 - Cota-Parte do ICMS;825676,36;25502
2022;Prefeitura Municipal de Governador Nunes Freire - MA;2104677;MA;DCA-Anexo I-C;Padrão;Receitas Brutas Realizadas;RO1.7.2.1.51.0.0;1.7.2.1.51.0.0 - Cota-Parte do IPVA;574901,16;25502
2022;Prefeitura Municipal de Governador Nunes Freire - MA;2104677;MA;DCA-Anexo I-C;Padrão;Deduções - FUNDEB;RO1.7.2.1.51.0.0;1.7.2.1.51.0.0 - Cota-Parte do IPVA;114980,28;25502
2022;Prefeitura Municipal de Governador Nunes Freire - MA;2104677;MA;DCA-Anexo I-C;Padrão;Receitas Brutas Realizadas;RO1.7.2.1.52.0.0;1.7.2.1.52.0.0 - Cota-Parte do IPI - Municípios;19743,18;25502
2022;Prefeitura Municipal de Governador Nunes Freire - MA;2104677;MA;DCA-Anexo I-C;Padrão;Deduções - FUNDEB;RO1.7.2.1.52.0.0;1.7.2.1.52.0.0 - Cota-Parte do IPI - Municípios;3959,25;25502
2022;Prefeitura Municipal de Governador Nunes Freire - MA;2104677;MA;DCA-Anexo I-C;Padrão;Receitas Brutas Realizadas;RO1.7.2.1.53.0.0;1.7.2.1.53.0.0 - Cota-Parte da Contribuição de Intervenção no Domínio Econômico;22660,59;25502
2022;Prefeitura Municipal de Governador Nunes Freire - MA;2104677;MA;DCA-Anexo I-C;Padrão;Receitas Brutas Realizadas;RO1.7.3.0.00.0.0;1.7.3.0.00.0.0 - Transferências dos Municípios e de suas Entidades;15950,89;25502
2022;Prefeitura Municipal de Governador Nunes Freire - MA;2104677;MA;DCA-Anexo I-C;Padrão;Receitas Brutas Realizadas;RO1.7.3.9.00.0.0;1.7.3.9.00.0.0 - Outras Transferências dos Municípios;15950,89;25502
2022;Prefeitura Municipal de Governador Nunes Freire - MA;2104677;MA;DCA-Anexo I-C;Padrão;Receitas Brutas Realizadas;RO1.7.3.9.99.0.0;1.7.3.9.99.0.0 - Outras Transferências dos Municípios;15950,89;25502
2022;Prefeitura Municipal de Governador Nunes Freire - MA;2104677;MA;DCA-Anexo I-C;Padrão;Receitas Brutas Realizadas;RO1.7.5.0.00.0.0;1.7.5.0.00.0.0 - Transferências de Outras Instituições Públicas;21848931,87;25502
2022;Prefeitura Municipal de Governador Nunes Freire - MA;2104677;MA;DCA-Anexo I-C;Padrão;Receitas Brutas Realizadas;RO1.7.5.1.00.0.0;1.7.5.1.00.0.0 - Transferências de Recursos do Fundo de Manutenção e Desenvolvimento da Educação Básica e de Valorização dos Profissionais da Educação - FUNDEB;21848931,87;25502
2022;Prefeitura Municipal de Governador Nunes Freire - MA;2104677;MA;DCA-Anexo I-C;Padrão;Receitas Brutas Realizadas;RO1.7.9.0.00.0.0;1.7.9.0.00.0.0 - Demais Transferências Correntes;2160856,51;25502
2022;Prefeitura Municipal de Governador Nunes Freire - MA;2104677;MA;DCA-Anexo I-C;Padrão;Receitas Brutas Realizadas;RO1.7.9.9.00.0.0;1.7.9.9.00.0.0 - Outras Transferências Correntes;2160856,51;25502
2022;Prefeitura Municipal de Governador Nunes Freire - MA;2104677;MA;DCA-Anexo I-C;Padrão;Receitas Brutas Realizadas;RO2.0.0.0.00.0.0;2.0.0.0.00.0.0 - Receitas de Capital;384626,32;25502
2022;Prefeitura Municipal de Governador Nunes Freire - MA;2104677;MA;DCA-Anexo I-C;Padrão;Receitas Brutas Realizadas;RO2.9.0.0.00.0.0;2.9.0.0.00.0.0 - Outras Receitas de Capital;384626,32;25502
2022;Prefeitura Municipal de Governador Nunes Freire - MA;2104677;MA;DCA-Anexo I-C;Padrão;Receitas Brutas Realizadas;RO2.9.9.0.00.0.0;2.9.9.0.00.0.0 - Demais Receitas de Capital;384626,32;25502
2022;Prefeitura Municipal de Governador Nunes Freire - MA;2104677;MA;DCA-Anexo I-C;Padrão;Receitas Brutas Realizadas;RO2.9.9.9.00.0.0;2.9.9.9.00.0.0 - Outras Receitas de Capital;384626,32;25502
2022;Prefeitura Municipal de Governador Nunes Freire - MA;2104677;MA;DCA-Anexo I-C;Padrão;Receitas Brutas Realizadas;RO2.9.9.9.99.0.0;2.9.9.9.99.0.0 - Outras Receitas de Capital;384626,32;25502
2022;Prefeitura Municipal de Governador Nunes Freire - MA;2104677;MA;DCA-Anexo I-C;Padrão;Receitas Brutas Realizadas;TotalReceitas;TOTAL DAS RECEITAS (III) = (I + II);116865795,63;25502
2022;Prefeitura Municipal de Governador Nunes Freire - MA;2104677;MA;DCA-Anexo I-C;Padrão;Deduções - FUNDEB;TotalReceitas;TOTAL DAS RECEITAS (III) = (I + II);6697177,47;25502
2023;Prefeitura Municipal de Governador Nunes Freire - MA;2104677;MA;DCA-Anexo I-C;Padrão;Receitas Brutas Realizadas;ReceitasExcetoIntraOrcamentarias;RECEITAS (EXCETO INTRA-ORÇAMENTÁRIAS) (I);131184125,66;25502
2023;Prefeitura Municipal de Governador Nunes Freire - MA;2104677;MA;DCA-Anexo I-C;Padrão;Deduções - FUNDEB;ReceitasExcetoIntraOrcamentarias;RECEITAS (EXCETO INTRA-ORÇAMENTÁRIAS) (I);6785414,36;25502
2023;Prefeitura Municipal de Governador Nunes Freire - MA;2104677;MA;DCA-Anexo I-C;Padrão;Receitas Brutas Realizadas;RO1.0.0.0.00.0.0;1.0.0.0.00.0.0 - Receitas Correntes;131184125,66;25502
2023;Prefeitura Municipal de Governador Nunes Freire - MA;2104677;MA;DCA-Anexo I-C;Padrão;Deduções - FUNDEB;RO1.0.0.0.00.0.0;1.0.0.0.00.0.0 - Receitas Correntes;6785414,36;25502
2023;Prefeitura Municipal de Governador Nunes Freire - MA;2104677;MA;DCA-Anexo I-C;Padrão;Receitas Brutas Realizadas;RO1.1.0.0.00.0.0;1.1.0.0.00.0.0 - Impostos, Taxas e Contribuições de Melhoria;6785816,43;25502
2023;Prefeitura Municipal de Governador Nunes Freire - MA;2104677;MA;DCA-Anexo I-C;Padrão;Receitas Brutas Realizadas;RO1.1.1.0.00.0.0;1.1.1.0.00.0.0 - Impostos;6691220,14;25502
2023;Prefeitura Municipal de Governador Nunes Freire - MA;2104677;MA;DCA-Anexo I-C;Padrão;Receitas Brutas Realizadas;RO1.1.1.2.00.0.0;1.1.1.2.00.0.0 - Impostos sobre o Patrimônio;111752,23;25502
2023;Prefeitura Municipal de Governador Nunes Freire - MA;2104677;MA;DCA-Anexo I-C;Padrão;Receitas Brutas Realizadas;RO1.1.1.2.50.0.0;1.1.1.2.50.0.0 - Imposto sobre a Propriedade Predial e Territorial Urbana;12859,93;25502
2023;Prefeitura Municipal de Governador Nunes Freire - MA;2104677;MA;DCA-Anexo I-C;Padrão;Receitas Brutas Realizadas;RO1.1.1.2.53.0.0;"1.1.1.2.53.0.0 - Impostos sobre Transmissão ""Inter Vivos"" de Bens Imóveis e de Direitos Reais sobre Imóveis";98892,30;25502
2023;Prefeitura Municipal de Governador Nunes Freire - MA;2104677;MA;DCA-Anexo I-C;Padrão;Receitas Brutas Realizadas;RO1.1.1.3.00.0.0;1.1.1.3.00.0.0 - Impostos sobre a Renda e Proventos de Qualquer Natureza;4743441,80;25502
2023;Prefeitura Municipal de Governador Nunes Freire - MA;2104677;MA;DCA-Anexo I-C;Padrão;Receitas Brutas Realizadas;RO1.1.1.3.03.0.0;1.1.1.3.03.0.0 - Imposto sobre a Renda - Retido na Fonte;4743441,80;25502
2023;Prefeitura Municipal de Governador Nunes Freire - MA;2104677;MA;DCA-Anexo I-C;Padrão;Receitas Brutas Realizadas;RO1.1.1.3.03.1.0;1.1.1.3.03.1.0 - Imposto sobre a Renda - Retido na Fonte - Trabalho;4743441,80;25502
2023;Prefeitura Municipal de Governador Nunes Freire - MA;2104677;MA;DCA-Anexo I-C;Padrão;Receitas Brutas Realizadas;RO1.1.1.4.00.0.0;1.1.1.4.00.0.0 - Impostos sobre a Produção e Circulação de Mercadorias e Serviços;1836026,11;25502
2023;Prefeitura Municipal de Governador Nunes Freire - MA;2104677;MA;DCA-Anexo I-C;Padrão;Receitas Brutas Realizadas;RO1.1.1.4.51.0.0;1.1.1.4.51.0.0 - Impostos sobre Serviços;1836026,11;25502
2023;Prefeitura Municipal de Governador Nunes Freire - MA;2104677;MA;DCA-Anexo I-C;Padrão;Receitas Brutas Realizadas;RO1.1.1.4.51.1.0;1.1.1.4.51.1.0 - Imposto sobre Serviços de Qualquer Natureza - ISSQN;1836026,11;25502
2023;Prefeitura Municipal de Governador Nunes Freire - MA;2104677;MA;DCA-Anexo I-C;Padrão;Receitas Brutas Realizadas;RO1.1.2.0.00.0.0;1.1.2.0.00.0.0 - Taxas;94596,29;25502
2023;Prefeitura Municipal de Governador Nunes Freire - MA;2104677;MA;DCA-Anexo I-C;Padrão;Receitas Brutas Realizadas;RO1.1.2.1.00.0.0;1.1.2.1.00.0.0 - Taxas pelo Exercício do Poder de Polícia;11120,37;25502
2023;Prefeitura Municipal de Governador Nunes Freire - MA;2104677;MA;DCA-Anexo I-C;Padrão;Receitas Brutas Realizadas;RO1.1.2.1.01.0.0;1.1.2.1.01.0.0 - Taxas de Inspeção, Controle e Fiscalização;3748,37;25502
2023;Prefeitura Municipal de Governador Nunes Freire - MA;2104677;MA;DCA-Anexo I-C;Padrão;Receitas Brutas Realizadas;RO1.1.2.1.04.0.0;1.1.2.1.04.0.0 - Taxa de Controle e Fiscalização Ambiental;7372,00;25502
2023;Prefeitura Municipal de Governador Nunes Freire - MA;2104677;MA;DCA-Anexo I-C;Padrão;Receitas Brutas Realizadas;RO1.1.2.2.00.0.0;1.1.2.2.00.0.0 - Taxas pela Prestação de Serviços;83475,92;25502
2023;Prefeitura Municipal de Governador Nunes Freire - MA;2104677;MA;DCA-Anexo I-C;Padrão;Receitas Brutas Realizadas;RO1.1.2.2.01.0.0;1.1.2.2.01.0.0 - Taxas pela Prestação de Serviços em Geral;83475,92;25502
2023;Prefeitura Municipal de Governador Nunes Freire - MA;2104677;MA;DCA-Anexo I-C;Padrão;Receitas Brutas Realizadas;RO1.2.0.0.00.0.0;1.2.0.0.00.0.0 - Contribuições;431491,80;25502
2023;Prefeitura Municipal de Governador Nunes Freire - MA;2104677;MA;DCA-Anexo I-C;Padrão;Receitas Brutas Realizadas;RO1.2.4.0.00.0.0;1.2.4.0.00.0.0 - Contribuição para o Custeio do Serviço de Iluminação Pública;431491,80;25502
2023;Prefeitura Municipal de Governador Nunes Freire - MA;2104677;MA;DCA-Anexo I-C;Padrão;Receitas Brutas Realizadas;RO1.3.0.0.00.0.0;1.3.0.0.00.0.0 - Receita Patrimonial;233139,22;25502
2023;Prefeitura Municipal de Governador Nunes Freire - MA;2104677;MA;DCA-Anexo I-C;Padrão;Receitas Brutas Realizadas;RO1.3.2.0.00.0.0;1.3.2.0.00.0.0 - Valores Mobiliários;233139,22;25502
2023;Prefeitura Municipal de Governador Nunes Freire - MA;2104677;MA;DCA-Anexo I-C;Padrão;Receitas Brutas Realizadas;RO1.3.2.1.00.0.0;1.3.2.1.00.0.0 - Juros e Correções Monetárias;233139,22;25502
2023;Prefeitura Municipal de Governador Nunes Freire - MA;2104677;MA;DCA-Anexo I-C;Padrão;Receitas Brutas Realizadas;RO1.3.2.1.01.0.0;1.3.2.1.01.0.0 - Remuneração de Depósitos Bancários;233139,22;25502
2023;Prefeitura Municipal de Governador Nunes Freire - MA;2104677;MA;DCA-Anexo I-C;Padrão;Receitas Brutas Realizadas;RO1.6.0.0.00.0.0;1.6.0.0.00.0.0 - Receita de Serviços;17779,17;25502
2023;Prefeitura Municipal de Governador Nunes Freire - MA;2104677;MA;DCA-Anexo I-C;Padrão;Receitas Brutas Realizadas;RO1.6.9.0.00.0.0;1.6.9.0.00.0.0 - Outros Serviços;17779,17;25502
2023;Prefeitura Municipal de Governador Nunes Freire - MA;2104677;MA;DCA-Anexo I-C;Padrão;Receitas Brutas Realizadas;RO1.7.0.0.00.0.0;1.7.0.0.00.0.0 - Transferências Correntes;123715899,04;25502
2023;Prefeitura Municipal de Governador Nunes Freire - MA;2104677;MA;DCA-Anexo I-C;Padrão;Deduções - FUNDEB;RO1.7.0.0.00.0.0;1.7.0.0.00.0.0 - Transferências Correntes;6785414,36;25502
2023;Prefeitura Municipal de Governador Nunes Freire - MA;2104677;MA;DCA-Anexo I-C;Padrão;Receitas Brutas Realizadas;RO1.7.1.0.00.0.0;1.7.1.0.00.0.0 - Transferências da União e de suas Entidades;94817647,73;25502
2023;Prefeitura Municipal de Governador Nunes Freire - MA;2104677;MA;DCA-Anexo I-C;Padrão;Deduções - FUNDEB;RO1.7.1.0.00.0.0;1.7.1.0.00.0.0 - Transferências da União e de suas Entidades;5793731,59;25502
2023;Prefeitura Municipal de Governador Nunes Freire - MA;2104677;MA;DCA-Anexo I-C;Padrão;Receitas Brutas Realizadas;RO1.7.1.1.00.0.0;1.7.1.1.00.0.0 - Transferências Decorrentes de Participação na Receita da União;31832290,59;25502
2023;Prefeitura Municipal de Governador Nunes Freire - MA;2104677;MA;DCA-Anexo I-C;Padrão;Deduções - FUNDEB;RO1.7.1.1.00.0.0;1.7.1.1.00.0.0 - Transferências Decorrentes de Participação na Receita da União;5793731,59;25502
2023;Prefeitura Municipal de Governador Nunes Freire - MA;2104677;MA;DCA-Anexo I-C;Padrão;Receitas Brutas Realizadas;RO1.7.1.1.51.0.0;1.7.1.1.51.0.0 -Cota-Parte do Fundo de Participação dos Municípios - FPM;31830928,78;25502
2023;Prefeitura Municipal de Governador Nunes Freire - MA;2104677;MA;DCA-Anexo I-C;Padrão;Deduções - FUNDEB;RO1.7.1.1.51.0.0;1.7.1.1.51.0.0 -Cota-Parte do Fundo de Participação dos Municípios - FPM;5793459,29;25502
2023;Prefeitura Municipal de Governador Nunes Freire - MA;2104677;MA;DCA-Anexo I-C;Padrão;Receitas Brutas Realizadas;RO1.7.1.1.51.1.0;1.7.1.1.51.1.0 - Cota-Parte do Fundo de Participação dos Municípios - Cota Mensal;29283160,57;25502
2023;Prefeitura Municipal de Governador Nunes Freire - MA;2104677;MA;DCA-Anexo I-C;Padrão;Deduções - FUNDEB;RO1.7.1.1.51.1.0;1.7.1.1.51.1.0 - Cota-Parte do Fundo de Participação dos Municípios - Cota Mensal;5793459,29;25502
2023;Prefeitura Municipal de Governador Nunes Freire - MA;2104677;MA;DCA-Anexo I-C;Padrão;Receitas Brutas Realizadas;RO1.7.1.1.51.2.0;1.7.1.1.51.2.0 - Cota-Parte do Fundo de Participação dos Municípios - Cotas Extraordinárias;2547768,21;25502
2023;Prefeitura Municipal de Governador Nunes Freire - MA;2104677;MA;DCA-Anexo I-C;Padrão;Receitas Brutas Realizadas;RO1.7.1.1.52.0.0;1.7.1.1.52.0.0 - Cota-Parte do Imposto Sobre a Propriedade Territorial Rural;1361,81;25502
2023;Prefeitura Municipal de Governador Nunes Freire - MA;2104677;MA;DCA-Anexo I-C;Padrão;Deduções - FUNDEB;RO1.7.1.1.52.0.0;1.7.1.1.52.0.0 - Cota-Parte do Imposto Sobre a Propriedade Territorial Rural;272,30;25502
2023;Prefeitura Municipal de Governador Nunes Freire - MA;2104677;MA;DCA-Anexo I-C;Padrão;Receitas Brutas Realizadas;RO1.7.1.2.00.0.0;1.7.1.2.00.0.0 -Transferências das Compensações Financeiras pela Exploração de Recursos Naturais;619034,78;25502
2023;Prefeitura Municipal de Governador Nunes Freire - MA;2104677;MA;DCA-Anexo I-C;Padrão;Receitas Brutas Realizadas;RO1.7.1.2.52.0.0;1.7.1.2.52.0.0 - Cota-parte da Compensação Financeira pela Produção de Petróleo;619034,78;25502
2023;Prefeitura Municipal de Governador Nunes Freire - MA;2104677;MA;DCA-Anexo I-C;Padrão;Receitas Brutas Realizadas;RO1.7.1.2.52.1.0;1.7.1.2.52.1.0 - Cota-parte da Compensação Financeira pela Produção de Petróleo ¿ Lei nº 7.990/89;619034,78;25502
2023;Prefeitura Municipal de Governador Nunes Freire - MA;2104677;MA;DCA-Anexo I-C;Padrão;Receitas Brutas Realizadas;RO1.7.1.3.00.0.0;1.7.1.3.00.0.0 -Transferências de Recursos do Sistema Único de Saúde ¿ SUS ;16236047,62;25502
2023;Prefeitura Municipal de Governador Nunes Freire - MA;2104677;MA;DCA-Anexo I-C;Padrão;Receitas Brutas Realizadas;RO1.7.1.3.50.0.0;1.7.1.3.50.0.0 - Transferências de Recursos do Sistema Único de Saúde ¿ SUS ¿ Repasses Fundo a Fundo - Bloco de Manutenção das Ações e Serviços Públicos de Saúde;16110896,92;25502
2023;Prefeitura Municipal de Governador Nunes Freire - MA;2104677;MA;DCA-Anexo I-C;Padrão;Receitas Brutas Realizadas;RO1.7.1.3.50.1.0;1.7.1.3.50.1.0 - Transferências de Recursos do Bloco de Manutenção das Ações e Serviços Públicos de Saúde ¿ Atenção Primária;7581327,63;25502
2023;Prefeitura Municipal de Governador Nunes Freire - MA;2104677;MA;DCA-Anexo I-C;Padrão;Receitas Brutas Realizadas;RO1.7.1.3.50.2.0;1.7.1.3.50.2.0 - Transferências de Recursos do Bloco de Manutenção das Ações e Serviços Públicos de Saúde ¿ Atenção Especializada;6406859,40;25502
2023;Prefeitura Municipal de Governador Nunes Freire - MA;2104677;MA;DCA-Anexo I-C;Padrão;Receitas Brutas Realizadas;RO1.7.1.3.50.3.0;1.7.1.3.50.3.0 - Transferências de Recursos do Bloco de Manutenção das Ações e Serviços Públicos de Saúde ¿ Vigilância em Saúde;1393108,20;25502
2023;Prefeitura Municipal de Governador Nunes Freire - MA;2104677;MA;DCA-Anexo I-C;Padrão;Receitas Brutas Realizadas;RO1.7.1.3.50.4.0;1.7.1.3.50.4.0 -Transferências de Recursos do Bloco de Manutenção das Ações e Serviços Públicos de Saúde ¿ Assistência Farmacêutica;153462,00;25502
2023;Prefeitura Municipal de Governador Nunes Freire - MA;2104677;MA;DCA-Anexo I-C;Padrão;Receitas Brutas Realizadas;RO1.7.1.3.50.9.0;1.7.1.3.50.9.0 - Transferências de Recursos do Bloco de Manutenção das Ações e Serviços Públicos de Saúde ¿ Outros Programas;576139,69;25502
2023;Prefeitura Municipal de Governador Nunes Freire - MA;2104677;MA;DCA-Anexo I-C;Padrão;Receitas Brutas Realizadas;RO1.7.1.3.99.0.0;1.7.1.3.99.0.0 - Outras Transferências de Recursos do Sistema Único de Saúde - SUS;125150,70;25502
2023;Prefeitura Municipal de Governador Nunes Freire - MA;2104677;MA;DCA-Anexo I-C;Padrão;Receitas Brutas Realizadas;RO1.7.1.4.00.0.0;1.7.1.4.00.0.0 -Transferências de Recursos do Fundo Nacional do Desenvolvimento da Educação ¿ FNDE¿ ;1860435,82;25502
2023;Prefeitura Municipal de Governador Nunes Freire - MA;2104677;MA;DCA-Anexo I-C;Padrão;Receitas Brutas Realizadas;RO1.7.1.4.50.0.0;1.7.1.4.50.0.0 - Transferências do Salário-Educação;429333,24;25502
2023;Prefeitura Municipal de Governador Nunes Freire - MA;2104677;MA;DCA-Anexo I-C;Padrão;Receitas Brutas Realizadas;RO1.7.1.4.51.0.0;1.7.1.4.51.0.0 - Transferências Diretas do FNDE referentes ao Programa Dinheiro Direto na Escola ¿ PDDE;5183,85;25502
2023;Prefeitura Municipal de Governador Nunes Freire - MA;2104677;MA;DCA-Anexo I-C;Padrão;Receitas Brutas Realizadas;RO1.7.1.4.52.0.0;1.7.1.4.52.0.0 - Transferências referentes ao Programa Nacional de Alimentação Escolar ¿ PNAE;1216776,74;25502
2023;Prefeitura Municipal de Governador Nunes Freire - MA;2104677;MA;DCA-Anexo I-C;Padrão;Receitas Brutas Realizadas;RO1.7.1.4.53.0.0;1.7.1.4.53.0.0 - Transferências referentes ao Programa Nacional de Apoio ao Transporte do Escolar ¿ PNATE;207185,51;25502
2023;Prefeitura Municipal de Governador Nunes Freire - MA;2104677;MA;DCA-Anexo I-C;Padrão;Receitas Brutas Realizadas;RO1.7.1.4.99.0.0;1.7.1.4.99.0.0 - Outras Transferências Diretas do Fundo Nacional do Desenvolvimento da Educação - FNDE;1956,48;25502
2023;Prefeitura Municipal de Governador Nunes Freire - MA;2104677;MA;DCA-Anexo I-C;Padrão;Receitas Brutas Realizadas;RO1.7.1.5.00.0.0;1.7.1.5.00.0.0 - Transferências de Recursos de Complementação da União ao Fundo de Manutenção e Desenvolvimento da Educação Básica e de Valorização dos Profissionais da Educação ¿ FUNDEB ;31013831,92;25502
2023;Prefeitura Municipal de Governador Nunes Freire - MA;2104677;MA;DCA-Anexo I-C;Padrão;Receitas Brutas Realizadas;RO1.7.1.6.00.0.0;1.7.1.6.00.0.0 - Transferências de Recursos do Fundo Nacional de Assistência Social ¿ FNAS;990087,35;25502
2023;Prefeitura Municipal de Governador Nunes Freire - MA;2104677;MA;DCA-Anexo I-C;Padrão;Receitas Brutas Realizadas;RO1.7.1.7.00.0.0;1.7.1.7.00.0.0 - Transferências de Convênios da União e de Suas Entidades;77770,17;25502
2023;Prefeitura Municipal de Governador Nunes Freire - MA;2104677;MA;DCA-Anexo I-C;Padrão;Receitas Brutas Realizadas;RO1.7.1.7.99.0.0;1.7.1.7.99.0.0 - Outras Transferências de Convênios da União e de Suas Entidades;77770,17;25502
2023;Prefeitura Municipal de Governador Nunes Freire - MA;2104677;MA;DCA-Anexo I-C;Padrão;Receitas Brutas Realizadas;RO1.7.1.9.00.0.0;1.7.1.9.00.0.0 - Outras Transferências de Recursos da União e de suas Entidades;12188149,48;25502
2023;Prefeitura Municipal de Governador Nunes Freire - MA;2104677;MA;DCA-Anexo I-C;Padrão;Receitas Brutas Realizadas;RO1.7.1.9.58.0.0;1.7.1.9.58.0.0 - Transferência Obrigatória Decorrente da Lei Complementar nº 176/2020;33950,16;25502
2023;Prefeitura Municipal de Governador Nunes Freire - MA;2104677;MA;DCA-Anexo I-C;Padrão;Receitas Brutas Realizadas;RO1.7.1.9.99.0.0;1.7.1.9.99.0.0 - Outras Transferências de Recursos da União e de suas Entidades;12154199,32;25502
2023;Prefeitura Municipal de Governador Nunes Freire - MA;2104677;MA;DCA-Anexo I-C;Padrão;Receitas Brutas Realizadas;RO1.7.2.0.00.0.0;1.7.2.0.00.0.0 - Transferências dos Estados e do Distrito Federal e de suas Entidades;4962957,39;25502
2023;Prefeitura Municipal de Governador Nunes Freire - MA;2104677;MA;DCA-Anexo I-C;Padrão;Deduções - FUNDEB;RO1.7.2.0.00.0.0;1.7.2.0.00.0.0 - Transferências dos Estados e do Distrito Federal e de suas Entidades;991682,77;25502
2023;Prefeitura Municipal de Governador Nunes Freire - MA;2104677;MA;DCA-Anexo I-C;Padrão;Receitas Brutas Realizadas;RO1.7.2.1.00.0.0;1.7.2.1.00.0.0 - Participação na Receita dos Estados e Distrito Federal;4962957,39;25502
2023;Prefeitura Municipal de Governador Nunes Freire - MA;2104677;MA;DCA-Anexo I-C;Padrão;Deduções - FUNDEB;RO1.7.2.1.00.0.0;1.7.2.1.00.0.0 - Participação na Receita dos Estados e Distrito Federal;991682,77;25502
2023;Prefeitura Municipal de Governador Nunes Freire - MA;2104677;MA;DCA-Anexo I-C;Padrão;Receitas Brutas Realizadas;RO1.7.2.1.50.0.0;1.7.2.1.50.0.0 - Cota-Parte do ICMS;4188408,99;25502
2023;Prefeitura Municipal de Governador Nunes Freire - MA;2104677;MA;DCA-Anexo I-C;Padrão;Deduções - FUNDEB;RO1.7.2.1.50.0.0;1.7.2.1.50.0.0 - Cota-Parte do ICMS;837681,59;25502
2023;Prefeitura Municipal de Governador Nunes Freire - MA;2104677;MA;DCA-Anexo I-C;Padrão;Receitas Brutas Realizadas;RO1.7.2.1.51.0.0;1.7.2.1.51.0.0 - Cota-Parte do IPVA;732986,54;25502
2023;Prefeitura Municipal de Governador Nunes Freire - MA;2104677;MA;DCA-Anexo I-C;Padrão;Deduções - FUNDEB;RO1.7.2.1.51.0.0;1.7.2.1.51.0.0 - Cota-Parte do IPVA;146597,31;25502
2023;Prefeitura Municipal de Governador Nunes Freire - MA;2104677;MA;DCA-Anexo I-C;Padrão;Receitas Brutas Realizadas;RO1.7.2.1.52.0.0;1.7.2.1.52.0.0 - Cota-Parte do IPI - Municípios;37019,21;25502
2023;Prefeitura Municipal de Governador Nunes Freire - MA;2104677;MA;DCA-Anexo I-C;Padrão;Deduções - FUNDEB;RO1.7.2.1.52.0.0;1.7.2.1.52.0.0 - Cota-Parte do IPI - Municípios;7403,87;25502
2023;Prefeitura Municipal de Governador Nunes Freire - MA;2104677;MA;DCA-Anexo I-C;Padrão;Receitas Brutas Realizadas;RO1.7.2.1.53.0.0;1.7.2.1.53.0.0 - Cota-Parte da Contribuição de Intervenção no Domínio Econômico;4542,65;25502
2023;Prefeitura Municipal de Governador Nunes Freire - MA;2104677;MA;DCA-Anexo I-C;Padrão;Receitas Brutas Realizadas;RO1.7.5.0.00.0.0;1.7.5.0.00.0.0 - Transferências de Outras Instituições Públicas;23935293,92;25502
2023;Prefeitura Municipal de Governador Nunes Freire - MA;2104677;MA;DCA-Anexo I-C;Padrão;Receitas Brutas Realizadas;RO1.7.5.1.00.0.0;1.7.5.1.00.0.0 - Transferências de Recursos do Fundo de Manutenção e Desenvolvimento da Educação Básica e de Valorização dos Profissionais da Educação - FUNDEB;23935293,92;25502
2023;Prefeitura Municipal de Governador Nunes Freire - MA;2104677;MA;DCA-Anexo I-C;Padrão;Receitas Brutas Realizadas;TotalReceitas;TOTAL DAS RECEITAS (III) = (I + II);131184125,66;25502
2023;Prefeitura Municipal de Governador Nunes Freire - MA;2104677;MA;DCA-Anexo I-C;Padrão;Deduções - FUNDEB;TotalReceitas;TOTAL DAS RECEITAS (III) = (I + II);6785414,36;25502
2024;Prefeitura Municipal de Governador Nunes Freire - MA;2104677;MA;DCA-Anexo I-C;Padrão;Receitas Brutas Realizadas;ReceitasExcetoIntraOrcamentarias;RECEITAS (EXCETO INTRA-ORÇAMENTÁRIAS) (I);166561959,15;22754
2024;Prefeitura Municipal de Governador Nunes Freire - MA;2104677;MA;DCA-Anexo I-C;Padrão;Deduções - FUNDEB;ReceitasExcetoIntraOrcamentarias;RECEITAS (EXCETO INTRA-ORÇAMENTÁRIAS) (I);8180514,66;22754
2024;Prefeitura Municipal de Governador Nunes Freire - MA;2104677;MA;DCA-Anexo I-C;Padrão;Receitas Brutas Realizadas;RO1.0.0.0.00.0.0;1.0.0.0.00.0.0 - Receitas Correntes;164880959,15;22754
2024;Prefeitura Municipal de Governador Nunes Freire - MA;2104677;MA;DCA-Anexo I-C;Padrão;Deduções - FUNDEB;RO1.0.0.0.00.0.0;1.0.0.0.00.0.0 - Receitas Correntes;8180514,66;22754
2024;Prefeitura Municipal de Governador Nunes Freire - MA;2104677;MA;DCA-Anexo I-C;Padrão;Receitas Brutas Realizadas;RO1.1.0.0.00.0.0;1.1.0.0.00.0.0 - Impostos, Taxas e Contribuições de Melhoria;11380903,69;22754
2024;Prefeitura Municipal de Governador Nunes Freire - MA;2104677;MA;DCA-Anexo I-C;Padrão;Receitas Brutas Realizadas;RO1.1.1.0.00.0.0;1.1.1.0.00.0.0 - Impostos;11332351,38;22754
2024;Prefeitura Municipal de Governador Nunes Freire - MA;2104677;MA;DCA-Anexo I-C;Padrão;Receitas Brutas Realizadas;RO1.1.1.2.00.0.0;1.1.1.2.00.0.0 - Impostos sobre o Patrimônio;78362,54;22754
2024;Prefeitura Municipal de Governador Nunes Freire - MA;2104677;MA;DCA-Anexo I-C;Padrão;Receitas Brutas Realizadas;RO1.1.1.2.50.0.0;1.1.1.2.50.0.0 - Imposto sobre a Propriedade Predial e Territorial Urbana;10936,87;22754
2024;Prefeitura Municipal de Governador Nunes Freire - MA;2104677;MA;DCA-Anexo I-C;Padrão;Receitas Brutas Realizadas;RO1.1.1.2.53.0.0;"1.1.1.2.53.0.0 - Impostos sobre Transmissão ""Inter Vivos"" de Bens Imóveis e de Direitos Reais sobre Imóveis";67425,67;22754
2024;Prefeitura Municipal de Governador Nunes Freire - MA;2104677;MA;DCA-Anexo I-C;Padrão;Receitas Brutas Realizadas;RO1.1.1.3.00.0.0;1.1.1.3.00.0.0 - Impostos sobre a Renda e Proventos de Qualquer Natureza;9208839,32;22754
2024;Prefeitura Municipal de Governador Nunes Freire - MA;2104677;MA;DCA-Anexo I-C;Padrão;Receitas Brutas Realizadas;RO1.1.1.3.03.0.0;1.1.1.3.03.0.0 - Imposto sobre a Renda - Retido na Fonte;9208839,32;22754
2024;Prefeitura Municipal de Governador Nunes Freire - MA;2104677;MA;DCA-Anexo I-C;Padrão;Receitas Brutas Realizadas;RO1.1.1.3.03.1.0;1.1.1.3.03.1.0 - Imposto sobre a Renda - Retido na Fonte - Trabalho;9208839,32;22754
2024;Prefeitura Municipal de Governador Nunes Freire - MA;2104677;MA;DCA-Anexo I-C;Padrão;Receitas Brutas Realizadas;RO1.1.1.4.00.0.0;1.1.1.4.00.0.0 - Impostos sobre a Produção e Circulação de Mercadorias e Serviços;2045149,52;22754
2024;Prefeitura Municipal de Governador Nunes Freire - MA;2104677;MA;DCA-Anexo I-C;Padrão;Receitas Brutas Realizadas;RO1.1.1.4.51.0.0;1.1.1.4.51.0.0 - Impostos sobre Serviços;2045149,52;22754
2024;Prefeitura Municipal de Governador Nunes Freire - MA;2104677;MA;DCA-Anexo I-C;Padrão;Receitas Brutas Realizadas;RO1.1.1.4.51.1.0;1.1.1.4.51.1.0 - Imposto sobre Serviços de Qualquer Natureza - ISSQN;2045149,52;22754
2024;Prefeitura Municipal de Governador Nunes Freire - MA;2104677;MA;DCA-Anexo I-C;Padrão;Receitas Brutas Realizadas;RO1.1.2.0.00.0.0;1.1.2.0.00.0.0 - Taxas;48552,31;22754
2024;Prefeitura Municipal de Governador Nunes Freire - MA;2104677;MA;DCA-Anexo I-C;Padrão;Receitas Brutas Realizadas;RO1.1.2.1.00.0.0;1.1.2.1.00.0.0 - Taxas pelo Exercício do Poder de Polícia;5105,06;22754
2024;Prefeitura Municipal de Governador Nunes Freire - MA;2104677;MA;DCA-Anexo I-C;Padrão;Receitas Brutas Realizadas;RO1.1.2.1.04.0.0;1.1.2.1.04.0.0 - Taxa de Controle e Fiscalização Ambiental;5105,06;22754
2024;Prefeitura Municipal de Governador Nunes Freire - MA;2104677;MA;DCA-Anexo I-C;Padrão;Receitas Brutas Realizadas;RO1.1.2.2.00.0.0;1.1.2.2.00.0.0 - Taxas pela Prestação de Serviços;43447,25;22754
2024;Prefeitura Municipal de Governador Nunes Freire - MA;2104677;MA;DCA-Anexo I-C;Padrão;Receitas Brutas Realizadas;RO1.1.2.2.01.0.0;1.1.2.2.01.0.0 - Taxas pela Prestação de Serviços em Geral;43447,25;22754
2024;Prefeitura Municipal de Governador Nunes Freire - MA;2104677;MA;DCA-Anexo I-C;Padrão;Receitas Brutas Realizadas;RO1.2.0.0.00.0.0;1.2.0.0.00.0.0 - Contribuições;525588,03;22754
2024;Prefeitura Municipal de Governador Nunes Freire - MA;2104677;MA;DCA-Anexo I-C;Padrão;Receitas Brutas Realizadas;RO1.2.4.0.00.0.0;1.2.4.0.00.0.0 - Contribuição para o Custeio do Serviço de Iluminação Pública;525588,03;22754
2024;Prefeitura Municipal de Governador Nunes Freire - MA;2104677;MA;DCA-Anexo I-C;Padrão;Receitas Brutas Realizadas;RO1.3.0.0.00.0.0;1.3.0.0.00.0.0 - Receita Patrimonial;375676,27;22754
2024;Prefeitura Municipal de Governador Nunes Freire - MA;2104677;MA;DCA-Anexo I-C;Padrão;Receitas Brutas Realizadas;RO1.3.2.0.00.0.0;1.3.2.0.00.0.0 - Valores Mobiliários;375676,27;22754
2024;Prefeitura Municipal de Governador Nunes Freire - MA;2104677;MA;DCA-Anexo I-C;Padrão;Receitas Brutas Realizadas;RO1.3.2.1.00.0.0;1.3.2.1.00.0.0 - Juros e Correções Monetárias;375676,27;22754
2024;Prefeitura Municipal de Governador Nunes Freire - MA;2104677;MA;DCA-Anexo I-C;Padrão;Receitas Brutas Realizadas;RO1.3.2.1.01.0.0;1.3.2.1.01.0.0 - Remuneração de Depósitos Bancários;375676,27;22754
2024;Prefeitura Municipal de Governador Nunes Freire - MA;2104677;MA;DCA-Anexo I-C;Padrão;Receitas Brutas Realizadas;RO1.6.0.0.00.0.0;1.6.0.0.00.0.0 - Receita de Serviços;209289,93;22754
2024;Prefeitura Municipal de Governador Nunes Freire - MA;2104677;MA;DCA-Anexo I-C;Padrão;Receitas Brutas Realizadas;RO1.6.9.0.00.0.0;1.6.9.0.00.0.0 - Outros Serviços;209289,93;22754
2024;Prefeitura Municipal de Governador Nunes Freire - MA;2104677;MA;DCA-Anexo I-C;Padrão;Receitas Brutas Realizadas;RO1.7.0.0.00.0.0;1.7.0.0.00.0.0 - Transferências Correntes;152389501,23;22754
2024;Prefeitura Municipal de Governador Nunes Freire - MA;2104677;MA;DCA-Anexo I-C;Padrão;Deduções - FUNDEB;RO1.7.0.0.00.0.0;1.7.0.0.00.0.0 - Transferências Correntes;8180514,66;22754
2024;Prefeitura Municipal de Governador Nunes Freire - MA;2104677;MA;DCA-Anexo I-C;Padrão;Receitas Brutas Realizadas;RO1.7.1.0.00.0.0;1.7.1.0.00.0.0 - Transferências da União e de suas Entidades;114510685,07;22754
2024;Prefeitura Municipal de Governador Nunes Freire - MA;2104677;MA;DCA-Anexo I-C;Padrão;Deduções - FUNDEB;RO1.7.1.0.00.0.0;1.7.1.0.00.0.0 - Transferências da União e de suas Entidades;6596930,60;22754
2024;Prefeitura Municipal de Governador Nunes Freire - MA;2104677;MA;DCA-Anexo I-C;Padrão;Receitas Brutas Realizadas;RO1.7.1.1.00.0.0;1.7.1.1.00.0.0 - Transferências Decorrentes de Participação na Receita da União;36916929,04;22754
2024;Prefeitura Municipal de Governador Nunes Freire - MA;2104677;MA;DCA-Anexo I-C;Padrão;Deduções - FUNDEB;RO1.7.1.1.00.0.0;1.7.1.1.00.0.0 - Transferências Decorrentes de Participação na Receita da União;6596930,60;22754
2024;Prefeitura Municipal de Governador Nunes Freire - MA;2104677;MA;DCA-Anexo I-C;Padrão;Receitas Brutas Realizadas;RO1.7.1.1.51.0.0;1.7.1.1.51.0.0 -Cota-Parte do Fundo de Participação dos Municípios - FPM;36914459,47;22754
2024;Prefeitura Municipal de Governador Nunes Freire - MA;2104677;MA;DCA-Anexo I-C;Padrão;Deduções - FUNDEB;RO1.7.1.1.51.0.0;1.7.1.1.51.0.0 -Cota-Parte do Fundo de Participação dos Municípios - FPM;6596436,77;22754
2024;Prefeitura Municipal de Governador Nunes Freire - MA;2104677;MA;DCA-Anexo I-C;Padrão;Receitas Brutas Realizadas;RO1.7.1.1.51.1.0;1.7.1.1.51.1.0 - Cota-Parte do Fundo de Participação dos Municípios - Cota Mensal;34062927,14;22754
2024;Prefeitura Municipal de Governador Nunes Freire - MA;2104677;MA;DCA-Anexo I-C;Padrão;Deduções - FUNDEB;RO1.7.1.1.51.1.0;1.7.1.1.51.1.0 - Cota-Parte do Fundo de Participação dos Municípios - Cota Mensal;6596436,77;22754
2024;Prefeitura Municipal de Governador Nunes Freire - MA;2104677;MA;DCA-Anexo I-C;Padrão;Receitas Brutas Realizadas;RO1.7.1.1.51.2.0;1.7.1.1.51.2.0 - Cota-Parte do Fundo de Participação dos Municípios - Cotas Extraordinárias;2851532,33;22754
2024;Prefeitura Municipal de Governador Nunes Freire - MA;2104677;MA;DCA-Anexo I-C;Padrão;Receitas Brutas Realizadas;RO1.7.1.1.52.0.0;1.7.1.1.52.0.0 - Cota-Parte do Imposto Sobre a Propriedade Territorial Rural;2469,57;22754
2024;Prefeitura Municipal de Governador Nunes Freire - MA;2104677;MA;DCA-Anexo I-C;Padrão;Deduções - FUNDEB;RO1.7.1.1.52.0.0;1.7.1.1.52.0.0 - Cota-Parte do Imposto Sobre a Propriedade Territorial Rural;493,83;22754
2024;Prefeitura Municipal de Governador Nunes Freire - MA;2104677;MA;DCA-Anexo I-C;Padrão;Receitas Brutas Realizadas;RO1.7.1.2.00.0.0;1.7.1.2.00.0.0 -Transferências das Compensações Financeiras pela Exploração de Recursos Naturais;665814,22;22754
2024;Prefeitura Municipal de Governador Nunes Freire - MA;2104677;MA;DCA-Anexo I-C;Padrão;Receitas Brutas Realizadas;RO1.7.1.2.52.0.0;1.7.1.2.52.0.0 - Cota-parte da Compensação Financeira pela Produção de Petróleo;665814,22;22754
2024;Prefeitura Municipal de Governador Nunes Freire - MA;2104677;MA;DCA-Anexo I-C;Padrão;Receitas Brutas Realizadas;RO1.7.1.2.52.1.0;1.7.1.2.52.1.0 - Cota-parte da Compensação Financeira pela Produção de Petróleo ¿ Lei nº 7.990/89;665814,22;22754
2024;Prefeitura Municipal de Governador Nunes Freire - MA;2104677;MA;DCA-Anexo I-C;Padrão;Receitas Brutas Realizadas;RO1.7.1.3.00.0.0;1.7.1.3.00.0.0 -Transferências de Recursos do Sistema Único de Saúde ¿ SUS ;19761369,02;22754
2024;Prefeitura Municipal de Governador Nunes Freire - MA;2104677;MA;DCA-Anexo I-C;Padrão;Receitas Brutas Realizadas;RO1.7.1.3.50.0.0;1.7.1.3.50.0.0 - Transferências de Recursos do Sistema Único de Saúde ¿ SUS ¿ Repasses Fundo a Fundo - Bloco de Manutenção das Ações e Serviços Públicos de Saúde;19571087,09;22754
2024;Prefeitura Municipal de Governador Nunes Freire - MA;2104677;MA;DCA-Anexo I-C;Padrão;Receitas Brutas Realizadas;RO1.7.1.3.50.1.0;1.7.1.3.50.1.0 - Transferências de Recursos do Bloco de Manutenção das Ações e Serviços Públicos de Saúde ¿ Atenção Primária;7918900,86;22754
2024;Prefeitura Municipal de Governador Nunes Freire - MA;2104677;MA;DCA-Anexo I-C;Padrão;Receitas Brutas Realizadas;RO1.7.1.3.50.2.0;1.7.1.3.50.2.0 - Transferências de Recursos do Bloco de Manutenção das Ações e Serviços Públicos de Saúde ¿ Atenção Especializada;8539275,72;22754
2024;Prefeitura Municipal de Governador Nunes Freire - MA;2104677;MA;DCA-Anexo I-C;Padrão;Receitas Brutas Realizadas;RO1.7.1.3.50.3.0;1.7.1.3.50.3.0 - Transferências de Recursos do Bloco de Manutenção das Ações e Serviços Públicos de Saúde ¿ Vigilância em Saúde;615834,73;22754
2024;Prefeitura Municipal de Governador Nunes Freire - MA;2104677;MA;DCA-Anexo I-C;Padrão;Receitas Brutas Realizadas;RO1.7.1.3.50.4.0;1.7.1.3.50.4.0 -Transferências de Recursos do Bloco de Manutenção das Ações e Serviços Públicos de Saúde ¿ Assistência Farmacêutica;286655,32;22754
2024;Prefeitura Municipal de Governador Nunes Freire - MA;2104677;MA;DCA-Anexo I-C;Padrão;Receitas Brutas Realizadas;RO1.7.1.3.50.5.0;1.7.1.3.50.5.0 - Transferências de Recursos do Bloco de Manutenção das Ações e Serviços Públicos de Saúde ¿ Gestão do SUS;2210420,46;22754
2024;Prefeitura Municipal de Governador Nunes Freire - MA;2104677;MA;DCA-Anexo I-C;Padrão;Receitas Brutas Realizadas;RO1.7.1.3.99.0.0;1.7.1.3.99.0.0 - Outras Transferências de Recursos do Sistema Único de Saúde - SUS;190281,93;22754
2024;Prefeitura Municipal de Governador Nunes Freire - MA;2104677;MA;DCA-Anexo I-C;Padrão;Receitas Brutas Realizadas;RO1.7.1.4.00.0.0;1.7.1.4.00.0.0 -Transferências de Recursos do Fundo Nacional do Desenvolvimento da Educação ¿ FNDE¿ ;5383556,85;22754
2024;Prefeitura Municipal de Governador Nunes Freire - MA;2104677;MA;DCA-Anexo I-C;Padrão;Receitas Brutas Realizadas;RO1.7.1.4.50.0.0;1.7.1.4.50.0.0 - Transferências do Salário-Educação;2573768,42;22754
2024;Prefeitura Municipal de Governador Nunes Freire - MA;2104677;MA;DCA-Anexo I-C;Padrão;Receitas Brutas Realizadas;RO1.7.1.4.51.0.0;1.7.1.4.51.0.0 - Transferências Diretas do FNDE referentes ao Programa Dinheiro Direto na Escola ¿ PDDE;3952,61;22754
2024;Prefeitura Municipal de Governador Nunes Freire - MA;2104677;MA;DCA-Anexo I-C;Padrão;Receitas Brutas Realizadas;RO1.7.1.4.52.0.0;1.7.1.4.52.0.0 - Transferências referentes ao Programa Nacional de Alimentação Escolar ¿ PNAE;1853569,14;22754
2024;Prefeitura Municipal de Governador Nunes Freire - MA;2104677;MA;DCA-Anexo I-C;Padrão;Receitas Brutas Realizadas;RO1.7.1.4.53.0.0;1.7.1.4.53.0.0 - Transferências referentes ao Programa Nacional de Apoio ao Transporte do Escolar ¿ PNATE;312614,10;22754
2024;Prefeitura Municipal de Governador Nunes Freire - MA;2104677;MA;DCA-Anexo I-C;Padrão;Receitas Brutas Realizadas;RO1.7.1.4.99.0.0;1.7.1.4.99.0.0 - Outras Transferências Diretas do Fundo Nacional do Desenvolvimento da Educação - FNDE;639652,58;22754
2024;Prefeitura Municipal de Governador Nunes Freire - MA;2104677;MA;DCA-Anexo I-C;Padrão;Receitas Brutas Realizadas;RO1.7.1.5.00.0.0;1.7.1.5.00.0.0 - Transferências de Recursos de Complementação da União ao Fundo de Manutenção e Desenvolvimento da Educação Básica e de Valorização dos Profissionais da Educação ¿ FUNDEB ;46361878,45;22754
2024;Prefeitura Municipal de Governador Nunes Freire - MA;2104677;MA;DCA-Anexo I-C;Padrão;Receitas Brutas Realizadas;RO1.7.1.6.00.0.0;1.7.1.6.00.0.0 - Transferências de Recursos do Fundo Nacional de Assistência Social ¿ FNAS;910034,47;22754
2024;Prefeitura Municipal de Governador Nunes Freire - MA;2104677;MA;DCA-Anexo I-C;Padrão;Receitas Brutas Realizadas;RO1.7.1.9.00.0.0;1.7.1.9.00.0.0 - Outras Transferências de Recursos da União e de suas Entidades;4511103,02;22754
2024;Prefeitura Municipal de Governador Nunes Freire - MA;2104677;MA;DCA-Anexo I-C;Padrão;Receitas Brutas Realizadas;RO1.7.1.9.58.0.0;1.7.1.9.58.0.0 - Transferência Obrigatória Decorrente da Lei Complementar nº 176/2020;48643,08;22754
2024;Prefeitura Municipal de Governador Nunes Freire - MA;2104677;MA;DCA-Anexo I-C;Padrão;Receitas Brutas Realizadas;RO1.7.1.9.99.0.0;1.7.1.9.99.0.0 - Outras Transferências de Recursos da União e de suas Entidades;4462459,94;22754
2024;Prefeitura Municipal de Governador Nunes Freire - MA;2104677;MA;DCA-Anexo I-C;Padrão;Receitas Brutas Realizadas;RO1.7.2.0.00.0.0;1.7.2.0.00.0.0 - Transferências dos Estados e do Distrito Federal e de suas Entidades;7949019,92;22754
2024;Prefeitura Municipal de Governador Nunes Freire - MA;2104677;MA;DCA-Anexo I-C;Padrão;Deduções - FUNDEB;RO1.7.2.0.00.0.0;1.7.2.0.00.0.0 - Transferências dos Estados e do Distrito Federal e de suas Entidades;1583584,06;22754
2024;Prefeitura Municipal de Governador Nunes Freire - MA;2104677;MA;DCA-Anexo I-C;Padrão;Receitas Brutas Realizadas;RO1.7.2.1.00.0.0;1.7.2.1.00.0.0 - Participação na Receita dos Estados e Distrito Federal;7949019,92;22754
2024;Prefeitura Municipal de Governador Nunes Freire - MA;2104677;MA;DCA-Anexo I-C;Padrão;Deduções - FUNDEB;RO1.7.2.1.00.0.0;1.7.2.1.00.0.0 - Participação na Receita dos Estados e Distrito Federal;1583584,06;22754
2024;Prefeitura Municipal de Governador Nunes Freire - MA;2104677;MA;DCA-Anexo I-C;Padrão;Receitas Brutas Realizadas;RO1.7.2.1.50.0.0;1.7.2.1.50.0.0 - Cota-Parte do ICMS;7052146,40;22754
2024;Prefeitura Municipal de Governador Nunes Freire - MA;2104677;MA;DCA-Anexo I-C;Padrão;Deduções - FUNDEB;RO1.7.2.1.50.0.0;1.7.2.1.50.0.0 - Cota-Parte do ICMS;1412945,46;22754
2024;Prefeitura Municipal de Governador Nunes Freire - MA;2104677;MA;DCA-Anexo I-C;Padrão;Receitas Brutas Realizadas;RO1.7.2.1.51.0.0;1.7.2.1.51.0.0 - Cota-Parte do IPVA;819113,09;22754
2024;Prefeitura Municipal de Governador Nunes Freire - MA;2104677;MA;DCA-Anexo I-C;Padrão;Deduções - FUNDEB;RO1.7.2.1.51.0.0;1.7.2.1.51.0.0 - Cota-Parte do IPVA;161306,33;22754
2024;Prefeitura Municipal de Governador Nunes Freire - MA;2104677;MA;DCA-Anexo I-C;Padrão;Receitas Brutas Realizadas;RO1.7.2.1.52.0.0;1.7.2.1.52.0.0 - Cota-Parte do IPI - Municípios;46661,22;22754
2024;Prefeitura Municipal de Governador Nunes Freire - MA;2104677;MA;DCA-Anexo I-C;Padrão;Deduções - FUNDEB;RO1.7.2.1.52.0.0;1.7.2.1.52.0.0 - Cota-Parte do IPI - Municípios;9332,27;22754
2024;Prefeitura Municipal de Governador Nunes Freire - MA;2104677;MA;DCA-Anexo I-C;Padrão;Receitas Brutas Realizadas;RO1.7.2.1.53.0.0;1.7.2.1.53.0.0 - Cota-Parte da Contribuição de Intervenção no Domínio Econômico;31099,21;22754
2024;Prefeitura Municipal de Governador Nunes Freire - MA;2104677;MA;DCA-Anexo I-C;Padrão;Receitas Brutas Realizadas;RO1.7.5.0.00.0.0;1.7.5.0.00.0.0 - Transferências de Outras Instituições Públicas;29928996,24;22754
2024;Prefeitura Municipal de Governador Nunes Freire - MA;2104677;MA;DCA-Anexo I-C;Padrão;Receitas Brutas Realizadas;RO1.7.5.1.00.0.0;1.7.5.1.00.0.0 - Transferências de Recursos do Fundo de Manutenção e Desenvolvimento da Educação Básica e de Valorização dos Profissionais da Educação - FUNDEB;29928996,24;22754
2024;Prefeitura Municipal de Governador Nunes Freire - MA;2104677;MA;DCA-Anexo I-C;Padrão;Receitas Brutas Realizadas;RO1.7.9.0.00.0.0;1.7.9.0.00.0.0 - Demais Transferências Correntes;800,00;22754
2024;Prefeitura Municipal de Governador Nunes Freire - MA;2104677;MA;DCA-Anexo I-C;Padrão;Receitas Brutas Realizadas;RO1.7.9.9.00.0.0;1.7.9.9.00.0.0 - Outras Transferências Correntes;800,00;22754
2024;Prefeitura Municipal de Governador Nunes Freire - MA;2104677;MA;DCA-Anexo I-C;Padrão;Receitas Brutas Realizadas;RO2.0.0.0.00.0.0;2.0.0.0.00.0.0 - Receitas de Capital;1681000,00;22754
2024;Prefeitura Municipal de Governador Nunes Freire - MA;2104677;MA;DCA-Anexo I-C;Padrão;Receitas Brutas Realizadas;RO2.9.0.0.00.0.0;2.9.0.0.00.0.0 - Outras Receitas de Capital;1681000,00;22754
2024;Prefeitura Municipal de Governador Nunes Freire - MA;2104677;MA;DCA-Anexo I-C;Padrão;Receitas Brutas Realizadas;RO2.9.9.0.00.0.0;2.9.9.0.00.0.0 - Demais Receitas de Capital;1681000,00;22754
2024;Prefeitura Municipal de Governador Nunes Freire - MA;2104677;MA;DCA-Anexo I-C;Padrão;Receitas Brutas Realizadas;RO2.9.9.9.00.0.0;2.9.9.9.00.0.0 - Outras Receitas de Capital;1681000,00;22754
2024;Prefeitura Municipal de Governador Nunes Freire - MA;2104677;MA;DCA-Anexo I-C;Padrão;Receitas Brutas Realizadas;RO2.9.9.9.99.0.0;2.9.9.9.99.0.0 - Outras Receitas de Capital;1681000,00;22754
2024;Prefeitura Municipal de Governador Nunes Freire - MA;2104677;MA;DCA-Anexo I-C;Padrão;Receitas Brutas Realizadas;TotalReceitas;TOTAL DAS RECEITAS (III) = (I + II);166561959,15;22754
2024;Prefeitura Municipal de Governador Nunes Freire - MA;2104677;MA;DCA-Anexo I-C;Padrão;Deduções - FUNDEB;TotalReceitas;TOTAL DAS RECEITAS (III) = (I + II);8180514,66;22754
