exercicio;instituicao;cod_ibge;uf;anexo;rotulo;coluna;cod_conta;conta;valor;populacao
2014;Prefeitura Municipal de Barão de Antonina - SP;3505005;SP;DCA-Anexo I-C;NA;Receitas Brutas Realizadas;TotalReceitas;Total Receitas;14769467,61;3326
2014;Prefeitura Municipal de Barão de Antonina - SP;3505005;SP;DCA-Anexo I-C;NA;Deduções - Transferências Constitucionais;TotalReceitas;Total Receitas;2076065,84;3326
2014;Prefeitura Municipal de Barão de Antonina - SP;3505005;SP;DCA-Anexo I-C;NA;Receitas Brutas Realizadas;RO1.0.0.0.00.00.00;1.0.0.0.00.00.00 - Receitas Correntes;14618587,47;3326
2014;Prefeitura Municipal de Barão de Antonina - SP;3505005;SP;DCA-Anexo I-C;NA;Deduções - Transferências Constitucionais;RO1.0.0.0.00.00.00;1.0.0.0.00.00.00 - Receitas Correntes;2076065,84;3326
2014;Prefeitura Municipal de Barão de Antonina - SP;3505005;SP;DCA-Anexo I-C;NA;Receitas Brutas Realizadas;RO1.1.0.0.00.00.00;1.1.0.0.00.00.00 - Receita Tributária;389411,54;3326
2014;Prefeitura Municipal de Barão de Antonina - SP;3505005;SP;DCA-Anexo I-C;NA;Receitas Brutas Realizadas;RO1.1.1.0.00.00.00;1.1.1.0.00.00.00 - Impostos;369020,50;3326
2014;Prefeitura Municipal de Barão de Antonina - SP;3505005;SP;DCA-Anexo I-C;NA;Receitas Brutas Realizadas;RO1.1.1.2.00.00.00;1.1.1.2.00.00.00 - Impostos sobre o Patrimônio e a Renda;248412,51;3326
2014;Prefeitura Municipal de Barão de Antonina - SP;3505005;SP;DCA-Anexo I-C;NA;Receitas Brutas Realizadas;RO1.1.1.2.02.00.00;1.1.1.2.02.00.00 - Imposto sobre a Propriedade Predial e Territorial Urbana ¿ IPTU;99282,23;3326
2014;Prefeitura Municipal de Barão de Antonina - SP;3505005;SP;DCA-Anexo I-C;NA;Receitas Brutas Realizadas;RO1.1.1.2.04.00.00;1.1.1.2.04.00.00 - Imposto sobre a Renda e Proventos de Qualquer Natureza ¿ IR;100562,23;3326
2014;Prefeitura Municipal de Barão de Antonina - SP;3505005;SP;DCA-Anexo I-C;NA;Receitas Brutas Realizadas;RO1.1.1.2.04.31.00;1.1.1.2.04.31.00 - Retido nas Fontes - Trabalho;100562,23;3326
2014;Prefeitura Municipal de Barão de Antonina - SP;3505005;SP;DCA-Anexo I-C;NA;Receitas Brutas Realizadas;RO1.1.1.2.08.00.00;"1.1.1.2.08.00.00 - Imposto sobre Transmissão ""Inter Vivos"" de Bens Imóveis e de Direitos Reais sobre Imóveis ¿ ITBI";48568,05;3326
2014;Prefeitura Municipal de Barão de Antonina - SP;3505005;SP;DCA-Anexo I-C;NA;Receitas Brutas Realizadas;RO1.1.1.3.00.00.00;1.1.1.3.00.00.00 - Impostos sobre a Produção e a Circulação;120607,99;3326
2014;Prefeitura Municipal de Barão de Antonina - SP;3505005;SP;DCA-Anexo I-C;NA;Receitas Brutas Realizadas;RO1.1.1.3.05.00.00;1.1.1.3.05.00.00 - Imposto sobre Serviços de Qualquer Natureza ¿ ISSQN;120607,99;3326
2014;Prefeitura Municipal de Barão de Antonina - SP;3505005;SP;DCA-Anexo I-C;NA;Receitas Brutas Realizadas;RO1.1.2.0.00.00.00;1.1.2.0.00.00.00 - Taxas;20391,04;3326
2014;Prefeitura Municipal de Barão de Antonina - SP;3505005;SP;DCA-Anexo I-C;NA;Receitas Brutas Realizadas;RO1.1.2.1.00.00.00;1.1.2.1.00.00.00 - Taxas pelo Exercício do Poder de Polícia;13547,02;3326
2014;Prefeitura Municipal de Barão de Antonina - SP;3505005;SP;DCA-Anexo I-C;NA;Receitas Brutas Realizadas;RO1.1.2.2.00.00.00;1.1.2.2.00.00.00 - Taxas pela Prestação de Serviços;6844,02;3326
2014;Prefeitura Municipal de Barão de Antonina - SP;3505005;SP;DCA-Anexo I-C;NA;Receitas Brutas Realizadas;RO1.3.0.0.00.00.00;1.3.0.0.00.00.00 - Receita Patrimonial;149149,49;3326
2014;Prefeitura Municipal de Barão de Antonina - SP;3505005;SP;DCA-Anexo I-C;NA;Receitas Brutas Realizadas;RO1.3.2.0.00.00.00;1.3.2.0.00.00.00 - Receitas de Valores Mobiliários;149149,49;3326
2014;Prefeitura Municipal de Barão de Antonina - SP;3505005;SP;DCA-Anexo I-C;NA;Receitas Brutas Realizadas;RO1.3.2.5.00.00.00;1.3.2.5.00.00.00 - Remuneração de Depósitos Bancários;149149,49;3326
2014;Prefeitura Municipal de Barão de Antonina - SP;3505005;SP;DCA-Anexo I-C;NA;Receitas Brutas Realizadas;RO1.7.0.0.00.00.00;1.7.0.0.00.00.00 - Transferências Correntes;13908374,42;3326
2014;Prefeitura Municipal de Barão de Antonina - SP;3505005;SP;DCA-Anexo I-C;NA;Deduções - Transferências Constitucionais;RO1.7.0.0.00.00.00;1.7.0.0.00.00.00 - Transferências Correntes;2076065,84;3326
2014;Prefeitura Municipal de Barão de Antonina - SP;3505005;SP;DCA-Anexo I-C;NA;Receitas Brutas Realizadas;RO1.7.2.0.00.00.00;1.7.2.0.00.00.00 - Transferências Intergovernamentais;13689895,33;3326
2014;Prefeitura Municipal de Barão de Antonina - SP;3505005;SP;DCA-Anexo I-C;NA;Deduções - Transferências Constitucionais;RO1.7.2.0.00.00.00;1.7.2.0.00.00.00 - Transferências Intergovernamentais;2076065,84;3326
2014;Prefeitura Municipal de Barão de Antonina - SP;3505005;SP;DCA-Anexo I-C;NA;Receitas Brutas Realizadas;RO1.7.2.1.00.00.00;1.7.2.1.00.00.00 - Transferências da União;8185281,68;3326
2014;Prefeitura Municipal de Barão de Antonina - SP;3505005;SP;DCA-Anexo I-C;NA;Deduções - Transferências Constitucionais;RO1.7.2.1.00.00.00;1.7.2.1.00.00.00 - Transferências da União;1271109,99;3326
2014;Prefeitura Municipal de Barão de Antonina - SP;3505005;SP;DCA-Anexo I-C;NA;Receitas Brutas Realizadas;RO1.7.2.1.01.00.00;1.7.2.1.01.00.00 - Participação na Receita da União;6754434,15;3326
2014;Prefeitura Municipal de Barão de Antonina - SP;3505005;SP;DCA-Anexo I-C;NA;Deduções - Transferências Constitucionais;RO1.7.2.1.01.00.00;1.7.2.1.01.00.00 - Participação na Receita da União;1267865,09;3326
2014;Prefeitura Municipal de Barão de Antonina - SP;3505005;SP;DCA-Anexo I-C;NA;Receitas Brutas Realizadas;RO1.7.2.1.01.02.00;1.7.2.1.01.02.00 - Cota-Parte do Fundo de Participação dos Municípios ¿ FPM;6729437,05;3326
2014;Prefeitura Municipal de Barão de Antonina - SP;3505005;SP;DCA-Anexo I-C;NA;Deduções - Transferências Constitucionais;RO1.7.2.1.01.02.00;1.7.2.1.01.02.00 - Cota-Parte do Fundo de Participação dos Municípios ¿ FPM;1264717,43;3326
2014;Prefeitura Municipal de Barão de Antonina - SP;3505005;SP;DCA-Anexo I-C;NA;Receitas Brutas Realizadas;RO1.7.2.1.01.05.00;1.7.2.1.01.05.00 - Cota-Parte do Imposto Sobre a Propriedade Territorial Rural ¿ ITR;15738,72;3326
2014;Prefeitura Municipal de Barão de Antonina - SP;3505005;SP;DCA-Anexo I-C;NA;Deduções - Transferências Constitucionais;RO1.7.2.1.01.05.00;1.7.2.1.01.05.00 - Cota-Parte do Imposto Sobre a Propriedade Territorial Rural ¿ ITR;3147,66;3326
2014;Prefeitura Municipal de Barão de Antonina - SP;3505005;SP;DCA-Anexo I-C;NA;Receitas Brutas Realizadas;RO1.7.2.1.01.32.00;1.7.2.1.01.32.00 - Cota-Parte do Imposto Sobre Operações de Crédito Câmbio e Seguro ou Relativas a Títulos ou Valores Mobiliários ¿ Comercialização do Ouro;9258,38;3326
2014;Prefeitura Municipal de Barão de Antonina - SP;3505005;SP;DCA-Anexo I-C;NA;Receitas Brutas Realizadas;RO1.7.2.1.22.00.00;1.7.2.1.22.00.00 - Transferências da Compensação Financeira pela Exploração de Recursos Naturais;406755,06;3326
2014;Prefeitura Municipal de Barão de Antonina - SP;3505005;SP;DCA-Anexo I-C;NA;Receitas Brutas Realizadas;RO1.7.2.1.22.11.00;1.7.2.1.22.11.00 - Cota-Parte da Compensação Financeira de Recursos Hídricos;251460,91;3326
2014;Prefeitura Municipal de Barão de Antonina - SP;3505005;SP;DCA-Anexo I-C;NA;Receitas Brutas Realizadas;RO1.7.2.1.22.70.00;1.7.2.1.22.70.00 - Cota-Parte do Fundo Especial do Petróleo ¿ FEP;98286,40;3326
2014;Prefeitura Municipal de Barão de Antonina - SP;3505005;SP;DCA-Anexo I-C;NA;Receitas Brutas Realizadas;RO1.7.2.1.22.90.00;1.7.2.1.22.90.00 - Outras Transferências Decorrentes de Compensação Financeira pela Exploração de Recursos Naturais;57007,75;3326
2014;Prefeitura Municipal de Barão de Antonina - SP;3505005;SP;DCA-Anexo I-C;NA;Receitas Brutas Realizadas;RO1.7.2.1.33.00.00;1.7.2.1.33.00.00 - Transferências de Recursos do Sistema Único de Saúde - SUS - Repasses Fundo a Fundo;649494,03;3326
2014;Prefeitura Municipal de Barão de Antonina - SP;3505005;SP;DCA-Anexo I-C;NA;Receitas Brutas Realizadas;RO1.7.2.1.34.00.00;1.7.2.1.34.00.00 - Transferências de Recursos do Fundo Nacional de Assistência Social ¿ FNAS;66000,00;3326
2014;Prefeitura Municipal de Barão de Antonina - SP;3505005;SP;DCA-Anexo I-C;NA;Receitas Brutas Realizadas;RO1.7.2.1.35.00.00;1.7.2.1.35.00.00 - Transferências de Recursos do Fundo Nacional do Desenvolvimento da Educação ¿ FNDE;286461,50;3326
2014;Prefeitura Municipal de Barão de Antonina - SP;3505005;SP;DCA-Anexo I-C;NA;Receitas Brutas Realizadas;RO1.7.2.1.36.00.00;1.7.2.1.36.00.00 - Transferências Financeiras do ICMS ¿ Desoneração ¿ L.C. Nº 87/96;14602,05;3326
2014;Prefeitura Municipal de Barão de Antonina - SP;3505005;SP;DCA-Anexo I-C;NA;Deduções - Transferências Constitucionais;RO1.7.2.1.36.00.00;1.7.2.1.36.00.00 - Transferências Financeiras do ICMS ¿ Desoneração ¿ L.C. Nº 87/96;3244,90;3326
2014;Prefeitura Municipal de Barão de Antonina - SP;3505005;SP;DCA-Anexo I-C;NA;Receitas Brutas Realizadas;RO1.7.2.1.99.00.00;1.7.2.1.99.00.00 - Outras Transferências da União;7534,89;3326
2014;Prefeitura Municipal de Barão de Antonina - SP;3505005;SP;DCA-Anexo I-C;NA;Receitas Brutas Realizadas;RO1.7.2.2.00.00.00;1.7.2.2.00.00.00 - Transferências dos Estados;4322145,33;3326
2014;Prefeitura Municipal de Barão de Antonina - SP;3505005;SP;DCA-Anexo I-C;NA;Deduções - Transferências Constitucionais;RO1.7.2.2.00.00.00;1.7.2.2.00.00.00 - Transferências dos Estados;804955,85;3326
2014;Prefeitura Municipal de Barão de Antonina - SP;3505005;SP;DCA-Anexo I-C;NA;Receitas Brutas Realizadas;RO1.7.2.2.01.00.00;1.7.2.2.01.00.00 - Participação na Receita dos Estados;4026515,14;3326
2014;Prefeitura Municipal de Barão de Antonina - SP;3505005;SP;DCA-Anexo I-C;NA;Deduções - Transferências Constitucionais;RO1.7.2.2.01.00.00;1.7.2.2.01.00.00 - Participação na Receita dos Estados;804955,85;3326
2014;Prefeitura Municipal de Barão de Antonina - SP;3505005;SP;DCA-Anexo I-C;NA;Receitas Brutas Realizadas;RO1.7.2.2.01.01.00;1.7.2.2.01.01.00 - Cota-Parte do ICMS;3851843,59;3326
2014;Prefeitura Municipal de Barão de Antonina - SP;3505005;SP;DCA-Anexo I-C;NA;Deduções - Transferências Constitucionais;RO1.7.2.2.01.01.00;1.7.2.2.01.01.00 - Cota-Parte do ICMS;770368,52;3326
2014;Prefeitura Municipal de Barão de Antonina - SP;3505005;SP;DCA-Anexo I-C;NA;Receitas Brutas Realizadas;RO1.7.2.2.01.02.00;1.7.2.2.01.02.00 - Cota-Parte do IPVA;132047,68;3326
2014;Prefeitura Municipal de Barão de Antonina - SP;3505005;SP;DCA-Anexo I-C;NA;Deduções - Transferências Constitucionais;RO1.7.2.2.01.02.00;1.7.2.2.01.02.00 - Cota-Parte do IPVA;26409,43;3326
2014;Prefeitura Municipal de Barão de Antonina - SP;3505005;SP;DCA-Anexo I-C;NA;Receitas Brutas Realizadas;RO1.7.2.2.01.04.00;1.7.2.2.01.04.00 - Cota-Parte do IPI sobre Exportação;40890,09;3326
2014;Prefeitura Municipal de Barão de Antonina - SP;3505005;SP;DCA-Anexo I-C;NA;Deduções - Transferências Constitucionais;RO1.7.2.2.01.04.00;1.7.2.2.01.04.00 - Cota-Parte do IPI sobre Exportação;8177,90;3326
2014;Prefeitura Municipal de Barão de Antonina - SP;3505005;SP;DCA-Anexo I-C;NA;Receitas Brutas Realizadas;RO1.7.2.2.01.13.00;1.7.2.2.01.13.00 - Cota-Parte da Contribuição de Intervenção no Domínio Econômico;1733,78;3326
2014;Prefeitura Municipal de Barão de Antonina - SP;3505005;SP;DCA-Anexo I-C;NA;Receitas Brutas Realizadas;RO1.7.2.2.22.00.00;1.7.2.2.22.00.00 - Transferências da Cota-Parte da Compensação Financeira (25%);3105,92;3326
2014;Prefeitura Municipal de Barão de Antonina - SP;3505005;SP;DCA-Anexo I-C;NA;Receitas Brutas Realizadas;RO1.7.2.2.22.30.00;1.7.2.2.22.30.00 - Cota-Parte Royalties - Compensação Financeira pela Produção de Petróleo - Lei nº 7.990/89 artigo 9º;3105,92;3326
2014;Prefeitura Municipal de Barão de Antonina - SP;3505005;SP;DCA-Anexo I-C;NA;Receitas Brutas Realizadas;RO1.7.2.2.33.00.00;1.7.2.2.33.00.00 - Transferências de Recursos do Estado para Programas de Saúde - Repasse Fundo a Fundo;253724,27;3326
2014;Prefeitura Municipal de Barão de Antonina - SP;3505005;SP;DCA-Anexo I-C;NA;Receitas Brutas Realizadas;RO1.7.2.2.99.00.00;1.7.2.2.99.00.00 - Outras Transferências dos Estados;38800,00;3326
2014;Prefeitura Municipal de Barão de Antonina - SP;3505005;SP;DCA-Anexo I-C;NA;Receitas Brutas Realizadas;RO1.7.2.4.00.00.00;1.7.2.4.00.00.00 - Transferências Multigovernamentais;1182468,32;3326
2014;Prefeitura Municipal de Barão de Antonina - SP;3505005;SP;DCA-Anexo I-C;NA;Receitas Brutas Realizadas;RO1.7.2.4.01.00.00;1.7.2.4.01.00.00 - Transferências de Recursos do Fundo de Manutenção e Desenvolvimento do Ensino Fundamental e de Valorização do Magistério - FUNDEB;1182468,32;3326
2014;Prefeitura Municipal de Barão de Antonina - SP;3505005;SP;DCA-Anexo I-C;NA;Receitas Brutas Realizadas;RO1.7.6.0.00.00.00;1.7.6.0.00.00.00 - Transferências de Convênios;218479,09;3326
2014;Prefeitura Municipal de Barão de Antonina - SP;3505005;SP;DCA-Anexo I-C;NA;Receitas Brutas Realizadas;RO1.7.6.1.00.00.00;1.7.6.1.00.00.00 - Transferências de Convênios da União e de Suas Entidades;11201,62;3326
2014;Prefeitura Municipal de Barão de Antonina - SP;3505005;SP;DCA-Anexo I-C;NA;Receitas Brutas Realizadas;RO1.7.6.1.03.00.00;1.7.6.1.03.00.00 - Transferências de Convênios da União Destinadas a Programas de Assistência Social;11201,62;3326
2014;Prefeitura Municipal de Barão de Antonina - SP;3505005;SP;DCA-Anexo I-C;NA;Receitas Brutas Realizadas;RO1.7.6.2.00.00.00;1.7.6.2.00.00.00 - Transferências de Convênios dos Estados e do Distrito Federal e de Suas Entidades;207277,47;3326
2014;Prefeitura Municipal de Barão de Antonina - SP;3505005;SP;DCA-Anexo I-C;NA;Receitas Brutas Realizadas;RO1.7.6.2.02.00.00;1.7.6.2.02.00.00 - Transferências de Convênios dos Estados Destinadas a Programas de Educação;195715,87;3326
2014;Prefeitura Municipal de Barão de Antonina - SP;3505005;SP;DCA-Anexo I-C;NA;Receitas Brutas Realizadas;RO1.7.6.2.99.00.00;1.7.6.2.99.00.00 - Outras Transferências de Convênios dos Estados;11561,60;3326
2014;Prefeitura Municipal de Barão de Antonina - SP;3505005;SP;DCA-Anexo I-C;NA;Receitas Brutas Realizadas;RO1.9.0.0.00.00.00;1.9.0.0.00.00.00 - Outras Receitas Correntes;171652,02;3326
2014;Prefeitura Municipal de Barão de Antonina - SP;3505005;SP;DCA-Anexo I-C;NA;Receitas Brutas Realizadas;RO1.9.1.0.00.00.00;1.9.1.0.00.00.00 - Multas e Juros de Mora;6770,38;3326
2014;Prefeitura Municipal de Barão de Antonina - SP;3505005;SP;DCA-Anexo I-C;NA;Receitas Brutas Realizadas;RO1.9.1.1.00.00.00;1.9.1.1.00.00.00 - Multas e Juros de Mora dos Tributos;479,99;3326
2014;Prefeitura Municipal de Barão de Antonina - SP;3505005;SP;DCA-Anexo I-C;NA;Receitas Brutas Realizadas;RO1.9.1.3.00.00.00;1.9.1.3.00.00.00 - Multas e Juros de Mora da Dívida Ativa dos Tributos;5445,71;3326
2014;Prefeitura Municipal de Barão de Antonina - SP;3505005;SP;DCA-Anexo I-C;NA;Receitas Brutas Realizadas;RO1.9.1.9.00.00.00;1.9.1.9.00.00.00 - Multas de Outras Origens;844,68;3326
2014;Prefeitura Municipal de Barão de Antonina - SP;3505005;SP;DCA-Anexo I-C;NA;Receitas Brutas Realizadas;RO1.9.2.0.00.00.00;1.9.2.0.00.00.00 - Indenizações e Restituições;17910,72;3326
2014;Prefeitura Municipal de Barão de Antonina - SP;3505005;SP;DCA-Anexo I-C;NA;Receitas Brutas Realizadas;RO1.9.2.2.00.00.00;1.9.2.2.00.00.00 - Restituições;17910,72;3326
2014;Prefeitura Municipal de Barão de Antonina - SP;3505005;SP;DCA-Anexo I-C;NA;Receitas Brutas Realizadas;RO1.9.2.2.99.00.00;1.9.2.2.99.00.00 - Outras Restituições;17910,72;3326
2014;Prefeitura Municipal de Barão de Antonina - SP;3505005;SP;DCA-Anexo I-C;NA;Receitas Brutas Realizadas;RO1.9.3.0.00.00.00;1.9.3.0.00.00.00 - Receita da Dívida Ativa;15947,77;3326
2014;Prefeitura Municipal de Barão de Antonina - SP;3505005;SP;DCA-Anexo I-C;NA;Receitas Brutas Realizadas;RO1.9.3.1.00.00.00;1.9.3.1.00.00.00 - Receita da Dívida Ativa Tributária;15142,38;3326
2014;Prefeitura Municipal de Barão de Antonina - SP;3505005;SP;DCA-Anexo I-C;NA;Receitas Brutas Realizadas;RO1.9.3.2.00.00.00;1.9.3.2.00.00.00 - Receita da Dívida Ativa Não Tributária;805,39;3326
2014;Prefeitura Municipal de Barão de Antonina - SP;3505005;SP;DCA-Anexo I-C;NA;Receitas Brutas Realizadas;RO1.9.9.0.00.00.00;1.9.9.0.00.00.00 - Receitas Diversas;131023,15;3326
2014;Prefeitura Municipal de Barão de Antonina - SP;3505005;SP;DCA-Anexo I-C;NA;Receitas Brutas Realizadas;RO2.0.0.0.00.00.00;2.0.0.0.00.00.00 - Receitas de Capital;150880,14;3326
2014;Prefeitura Municipal de Barão de Antonina - SP;3505005;SP;DCA-Anexo I-C;NA;Receitas Brutas Realizadas;RO2.2.0.0.00.00.00;2.2.0.0.00.00.00 - Alienação de Bens;80300,00;3326
2014;Prefeitura Municipal de Barão de Antonina - SP;3505005;SP;DCA-Anexo I-C;NA;Receitas Brutas Realizadas;RO2.2.1.0.00.00.00;2.2.1.0.00.00.00 - Alienação de Bens Móveis;80300,00;3326
2014;Prefeitura Municipal de Barão de Antonina - SP;3505005;SP;DCA-Anexo I-C;NA;Receitas Brutas Realizadas;RO2.4.0.0.00.00.00;2.4.0.0.00.00.00 - Transferências de Capital;70580,14;3326
2014;Prefeitura Municipal de Barão de Antonina - SP;3505005;SP;DCA-Anexo I-C;NA;Receitas Brutas Realizadas;RO2.4.2.0.00.00.00;2.4.2.0.00.00.00 - Transferências Intergovernamentais;70580,14;3326
2014;Prefeitura Municipal de Barão de Antonina - SP;3505005;SP;DCA-Anexo I-C;NA;Receitas Brutas Realizadas;RO2.4.2.2.00.00.00;2.4.2.2.00.00.00 - Transferências dos Estados;70580,14;3326
2014;Prefeitura Municipal de Barão de Antonina - SP;3505005;SP;DCA-Anexo I-C;NA;Receitas Brutas Realizadas;RO2.4.2.2.99.00.00;2.4.2.2.99.00.00 - Outras Transferências dos Estados;70580,14;3326
2015;Prefeitura Municipal de Barão de Antonina - SP;3505005;SP;DCA-Anexo I-C;NA;Receitas Brutas Realizadas;TotalReceitas;Total Receitas;15154423,58;3326
2015;Prefeitura Municipal de Barão de Antonina - SP;3505005;SP;DCA-Anexo I-C;NA;Deduções - Transferências Constitucionais;TotalReceitas;Total Receitas;2172095,37;3326
2015;Prefeitura Municipal de Barão de Antonina - SP;3505005;SP;DCA-Anexo I-C;NA;Receitas Brutas Realizadas;RO1.0.0.0.00.00.00;1.0.0.0.00.00.00 - Receitas Correntes;14504067,90;3326
2015;Prefeitura Municipal de Barão de Antonina - SP;3505005;SP;DCA-Anexo I-C;NA;Deduções - Transferências Constitucionais;RO1.0.0.0.00.00.00;1.0.0.0.00.00.00 - Receitas Correntes;2172095,37;3326
2015;Prefeitura Municipal de Barão de Antonina - SP;3505005;SP;DCA-Anexo I-C;NA;Receitas Brutas Realizadas;RO1.1.0.0.00.00.00;1.1.0.0.00.00.00 - Receita Tributária;429054,94;3326
2015;Prefeitura Municipal de Barão de Antonina - SP;3505005;SP;DCA-Anexo I-C;NA;Receitas Brutas Realizadas;RO1.1.1.0.00.00.00;1.1.1.0.00.00.00 - Impostos;402122,47;3326
2015;Prefeitura Municipal de Barão de Antonina - SP;3505005;SP;DCA-Anexo I-C;NA;Receitas Brutas Realizadas;RO1.1.1.2.00.00.00;1.1.1.2.00.00.00 - Impostos sobre o Patrimônio e a Renda;308293,34;3326
2015;Prefeitura Municipal de Barão de Antonina - SP;3505005;SP;DCA-Anexo I-C;NA;Receitas Brutas Realizadas;RO1.1.1.2.02.00.00;1.1.1.2.02.00.00 - Imposto sobre a Propriedade Predial e Territorial Urbana ¿ IPTU;112553,99;3326
2015;Prefeitura Municipal de Barão de Antonina - SP;3505005;SP;DCA-Anexo I-C;NA;Receitas Brutas Realizadas;RO1.1.1.2.04.00.00;1.1.1.2.04.00.00 - Imposto sobre a Renda e Proventos de Qualquer Natureza ¿ IR;107168,11;3326
2015;Prefeitura Municipal de Barão de Antonina - SP;3505005;SP;DCA-Anexo I-C;NA;Receitas Brutas Realizadas;RO1.1.1.2.04.31.00;1.1.1.2.04.31.00 - Retido nas Fontes - Trabalho;107168,11;3326
2015;Prefeitura Municipal de Barão de Antonina - SP;3505005;SP;DCA-Anexo I-C;NA;Receitas Brutas Realizadas;RO1.1.1.2.08.00.00;"1.1.1.2.08.00.00 - Imposto sobre Transmissão ""Inter Vivos"" de Bens Imóveis e de Direitos Reais sobre Imóveis ¿ ITBI";88571,24;3326
2015;Prefeitura Municipal de Barão de Antonina - SP;3505005;SP;DCA-Anexo I-C;NA;Receitas Brutas Realizadas;RO1.1.1.3.00.00.00;1.1.1.3.00.00.00 - Impostos sobre a Produção e a Circulação;93829,13;3326
2015;Prefeitura Municipal de Barão de Antonina - SP;3505005;SP;DCA-Anexo I-C;NA;Receitas Brutas Realizadas;RO1.1.1.3.05.00.00;1.1.1.3.05.00.00 - Imposto sobre Serviços de Qualquer Natureza ¿ ISSQN;93829,13;3326
2015;Prefeitura Municipal de Barão de Antonina - SP;3505005;SP;DCA-Anexo I-C;NA;Receitas Brutas Realizadas;RO1.1.2.0.00.00.00;1.1.2.0.00.00.00 - Taxas;26932,47;3326
2015;Prefeitura Municipal de Barão de Antonina - SP;3505005;SP;DCA-Anexo I-C;NA;Receitas Brutas Realizadas;RO1.1.2.1.00.00.00;1.1.2.1.00.00.00 - Taxas pelo Exercício do Poder de Polícia;16409,47;3326
2015;Prefeitura Municipal de Barão de Antonina - SP;3505005;SP;DCA-Anexo I-C;NA;Receitas Brutas Realizadas;RO1.1.2.2.00.00.00;1.1.2.2.00.00.00 - Taxas pela Prestação de Serviços;10523,00;3326
2015;Prefeitura Municipal de Barão de Antonina - SP;3505005;SP;DCA-Anexo I-C;NA;Receitas Brutas Realizadas;RO1.3.0.0.00.00.00;1.3.0.0.00.00.00 - Receita Patrimonial;262739,74;3326
2015;Prefeitura Municipal de Barão de Antonina - SP;3505005;SP;DCA-Anexo I-C;NA;Receitas Brutas Realizadas;RO1.3.2.0.00.00.00;1.3.2.0.00.00.00 - Receitas de Valores Mobiliários;262739,74;3326
2015;Prefeitura Municipal de Barão de Antonina - SP;3505005;SP;DCA-Anexo I-C;NA;Receitas Brutas Realizadas;RO1.3.2.5.00.00.00;1.3.2.5.00.00.00 - Remuneração de Depósitos Bancários;262739,74;3326
2015;Prefeitura Municipal de Barão de Antonina - SP;3505005;SP;DCA-Anexo I-C;NA;Receitas Brutas Realizadas;RO1.7.0.0.00.00.00;1.7.0.0.00.00.00 - Transferências Correntes;13801684,42;3326
2015;Prefeitura Municipal de Barão de Antonina - SP;3505005;SP;DCA-Anexo I-C;NA;Deduções - Transferências Constitucionais;RO1.7.0.0.00.00.00;1.7.0.0.00.00.00 - Transferências Correntes;2172095,37;3326
2015;Prefeitura Municipal de Barão de Antonina - SP;3505005;SP;DCA-Anexo I-C;NA;Receitas Brutas Realizadas;RO1.7.2.0.00.00.00;1.7.2.0.00.00.00 - Transferências Intergovernamentais;13610767,62;3326
2015;Prefeitura Municipal de Barão de Antonina - SP;3505005;SP;DCA-Anexo I-C;NA;Deduções - Transferências Constitucionais;RO1.7.2.0.00.00.00;1.7.2.0.00.00.00 - Transferências Intergovernamentais;2172095,37;3326
2015;Prefeitura Municipal de Barão de Antonina - SP;3505005;SP;DCA-Anexo I-C;NA;Receitas Brutas Realizadas;RO1.7.2.1.00.00.00;1.7.2.1.00.00.00 - Transferências da União;8121550,55;3326
2015;Prefeitura Municipal de Barão de Antonina - SP;3505005;SP;DCA-Anexo I-C;NA;Deduções - Transferências Constitucionais;RO1.7.2.1.00.00.00;1.7.2.1.00.00.00 - Transferências da União;1333296,67;3326
2015;Prefeitura Municipal de Barão de Antonina - SP;3505005;SP;DCA-Anexo I-C;NA;Receitas Brutas Realizadas;RO1.7.2.1.01.00.00;1.7.2.1.01.00.00 - Participação na Receita da União;7012723,33;3326
2015;Prefeitura Municipal de Barão de Antonina - SP;3505005;SP;DCA-Anexo I-C;NA;Deduções - Transferências Constitucionais;RO1.7.2.1.01.00.00;1.7.2.1.01.00.00 - Participação na Receita da União;1328739,87;3326
2015;Prefeitura Municipal de Barão de Antonina - SP;3505005;SP;DCA-Anexo I-C;NA;Receitas Brutas Realizadas;RO1.7.2.1.01.02.00;1.7.2.1.01.02.00 - Cota-Parte do Fundo de Participação dos Municípios ¿ FPM;6995971,37;3326
2015;Prefeitura Municipal de Barão de Antonina - SP;3505005;SP;DCA-Anexo I-C;NA;Deduções - Transferências Constitucionais;RO1.7.2.1.01.02.00;1.7.2.1.01.02.00 - Cota-Parte do Fundo de Participação dos Municípios ¿ FPM;1325389,78;3326
2015;Prefeitura Municipal de Barão de Antonina - SP;3505005;SP;DCA-Anexo I-C;NA;Receitas Brutas Realizadas;RO1.7.2.1.01.05.00;1.7.2.1.01.05.00 - Cota-Parte do Imposto Sobre a Propriedade Territorial Rural ¿ ITR;16751,96;3326
2015;Prefeitura Municipal de Barão de Antonina - SP;3505005;SP;DCA-Anexo I-C;NA;Deduções - Transferências Constitucionais;RO1.7.2.1.01.05.00;1.7.2.1.01.05.00 - Cota-Parte do Imposto Sobre a Propriedade Territorial Rural ¿ ITR;3350,09;3326
2015;Prefeitura Municipal de Barão de Antonina - SP;3505005;SP;DCA-Anexo I-C;NA;Receitas Brutas Realizadas;RO1.7.2.1.22.00.00;1.7.2.1.22.00.00 - Transferências da Compensação Financeira pela Exploração de Recursos Naturais;378223,07;3326
2015;Prefeitura Municipal de Barão de Antonina - SP;3505005;SP;DCA-Anexo I-C;NA;Receitas Brutas Realizadas;RO1.7.2.1.22.11.00;1.7.2.1.22.11.00 - Cota-Parte da Compensação Financeira de Recursos Hídricos;204463,68;3326
2015;Prefeitura Municipal de Barão de Antonina - SP;3505005;SP;DCA-Anexo I-C;NA;Receitas Brutas Realizadas;RO1.7.2.1.22.70.00;1.7.2.1.22.70.00 - Cota-Parte do Fundo Especial do Petróleo ¿ FEP;82443,65;3326
2015;Prefeitura Municipal de Barão de Antonina - SP;3505005;SP;DCA-Anexo I-C;NA;Receitas Brutas Realizadas;RO1.7.2.1.22.90.00;1.7.2.1.22.90.00 - Outras Transferências Decorrentes de Compensação Financeira pela Exploração de Recursos Naturais;91315,74;3326
2015;Prefeitura Municipal de Barão de Antonina - SP;3505005;SP;DCA-Anexo I-C;NA;Receitas Brutas Realizadas;RO1.7.2.1.33.00.00;1.7.2.1.33.00.00 - Transferências de Recursos do Sistema Único de Saúde - SUS - Repasses Fundo a Fundo;395443,15;3326
2015;Prefeitura Municipal de Barão de Antonina - SP;3505005;SP;DCA-Anexo I-C;NA;Receitas Brutas Realizadas;RO1.7.2.1.34.00.00;1.7.2.1.34.00.00 - Transferências de Recursos do Fundo Nacional de Assistência Social ¿ FNAS;42000,00;3326
2015;Prefeitura Municipal de Barão de Antonina - SP;3505005;SP;DCA-Anexo I-C;NA;Receitas Brutas Realizadas;RO1.7.2.1.35.00.00;1.7.2.1.35.00.00 - Transferências de Recursos do Fundo Nacional do Desenvolvimento da Educação ¿ FNDE;261280,57;3326
2015;Prefeitura Municipal de Barão de Antonina - SP;3505005;SP;DCA-Anexo I-C;NA;Receitas Brutas Realizadas;RO1.7.2.1.36.00.00;1.7.2.1.36.00.00 - Transferências Financeiras do ICMS ¿ Desoneração ¿ L.C. Nº 87/96;23096,89;3326
2015;Prefeitura Municipal de Barão de Antonina - SP;3505005;SP;DCA-Anexo I-C;NA;Deduções - Transferências Constitucionais;RO1.7.2.1.36.00.00;1.7.2.1.36.00.00 - Transferências Financeiras do ICMS ¿ Desoneração ¿ L.C. Nº 87/96;4556,80;3326
2015;Prefeitura Municipal de Barão de Antonina - SP;3505005;SP;DCA-Anexo I-C;NA;Receitas Brutas Realizadas;RO1.7.2.1.99.00.00;1.7.2.1.99.00.00 - Outras Transferências da União;8783,54;3326
2015;Prefeitura Municipal de Barão de Antonina - SP;3505005;SP;DCA-Anexo I-C;NA;Receitas Brutas Realizadas;RO1.7.2.2.00.00.00;1.7.2.2.00.00.00 - Transferências dos Estados;4307112,41;3326
2015;Prefeitura Municipal de Barão de Antonina - SP;3505005;SP;DCA-Anexo I-C;NA;Deduções - Transferências Constitucionais;RO1.7.2.2.00.00.00;1.7.2.2.00.00.00 - Transferências dos Estados;838798,70;3326
2015;Prefeitura Municipal de Barão de Antonina - SP;3505005;SP;DCA-Anexo I-C;NA;Receitas Brutas Realizadas;RO1.7.2.2.01.00.00;1.7.2.2.01.00.00 - Participação na Receita dos Estados;4200429,66;3326
2015;Prefeitura Municipal de Barão de Antonina - SP;3505005;SP;DCA-Anexo I-C;NA;Deduções - Transferências Constitucionais;RO1.7.2.2.01.00.00;1.7.2.2.01.00.00 - Participação na Receita dos Estados;838798,70;3326
2015;Prefeitura Municipal de Barão de Antonina - SP;3505005;SP;DCA-Anexo I-C;NA;Receitas Brutas Realizadas;RO1.7.2.2.01.01.00;1.7.2.2.01.01.00 - Cota-Parte do ICMS;3916820,03;3326
2015;Prefeitura Municipal de Barão de Antonina - SP;3505005;SP;DCA-Anexo I-C;NA;Deduções - Transferências Constitucionais;RO1.7.2.2.01.01.00;1.7.2.2.01.01.00 - Cota-Parte do ICMS;783363,78;3326
2015;Prefeitura Municipal de Barão de Antonina - SP;3505005;SP;DCA-Anexo I-C;NA;Receitas Brutas Realizadas;RO1.7.2.2.01.02.00;1.7.2.2.01.02.00 - Cota-Parte do IPVA;234464,90;3326
2015;Prefeitura Municipal de Barão de Antonina - SP;3505005;SP;DCA-Anexo I-C;NA;Deduções - Transferências Constitucionais;RO1.7.2.2.01.02.00;1.7.2.2.01.02.00 - Cota-Parte do IPVA;46892,88;3326
2015;Prefeitura Municipal de Barão de Antonina - SP;3505005;SP;DCA-Anexo I-C;NA;Receitas Brutas Realizadas;RO1.7.2.2.01.04.00;1.7.2.2.01.04.00 - Cota-Parte do IPI sobre Exportação;42710,75;3326
2015;Prefeitura Municipal de Barão de Antonina - SP;3505005;SP;DCA-Anexo I-C;NA;Deduções - Transferências Constitucionais;RO1.7.2.2.01.04.00;1.7.2.2.01.04.00 - Cota-Parte do IPI sobre Exportação;8542,04;3326
2015;Prefeitura Municipal de Barão de Antonina - SP;3505005;SP;DCA-Anexo I-C;NA;Receitas Brutas Realizadas;RO1.7.2.2.01.13.00;1.7.2.2.01.13.00 - Cota-Parte da Contribuição de Intervenção no Domínio Econômico;6433,98;3326
2015;Prefeitura Municipal de Barão de Antonina - SP;3505005;SP;DCA-Anexo I-C;NA;Receitas Brutas Realizadas;RO1.7.2.2.22.00.00;1.7.2.2.22.00.00 - Transferências da Cota-Parte da Compensação Financeira (25%);5471,87;3326
2015;Prefeitura Municipal de Barão de Antonina - SP;3505005;SP;DCA-Anexo I-C;NA;Receitas Brutas Realizadas;RO1.7.2.2.22.30.00;1.7.2.2.22.30.00 - Cota-Parte Royalties - Compensação Financeira pela Produção de Petróleo - Lei nº 7.990/89 artigo 9º;5471,87;3326
2015;Prefeitura Municipal de Barão de Antonina - SP;3505005;SP;DCA-Anexo I-C;NA;Receitas Brutas Realizadas;RO1.7.2.2.33.00.00;1.7.2.2.33.00.00 - Transferências de Recursos do Estado para Programas de Saúde - Repasse Fundo a Fundo;61670,88;3326
2015;Prefeitura Municipal de Barão de Antonina - SP;3505005;SP;DCA-Anexo I-C;NA;Receitas Brutas Realizadas;RO1.7.2.2.99.00.00;1.7.2.2.99.00.00 - Outras Transferências dos Estados;39540,00;3326
2015;Prefeitura Municipal de Barão de Antonina - SP;3505005;SP;DCA-Anexo I-C;NA;Receitas Brutas Realizadas;RO1.7.2.4.00.00.00;1.7.2.4.00.00.00 - Transferências Multigovernamentais;1182104,66;3326
2015;Prefeitura Municipal de Barão de Antonina - SP;3505005;SP;DCA-Anexo I-C;NA;Receitas Brutas Realizadas;RO1.7.2.4.01.00.00;1.7.2.4.01.00.00 - Transferências de Recursos do Fundo de Manutenção e Desenvolvimento do Ensino Fundamental e de Valorização do Magistério - FUNDEB;1182104,66;3326
2015;Prefeitura Municipal de Barão de Antonina - SP;3505005;SP;DCA-Anexo I-C;NA;Receitas Brutas Realizadas;RO1.7.6.0.00.00.00;1.7.6.0.00.00.00 - Transferências de Convênios;190916,80;3326
2015;Prefeitura Municipal de Barão de Antonina - SP;3505005;SP;DCA-Anexo I-C;NA;Receitas Brutas Realizadas;RO1.7.6.1.00.00.00;1.7.6.1.00.00.00 - Transferências de Convênios da União e de Suas Entidades;16741,55;3326
2015;Prefeitura Municipal de Barão de Antonina - SP;3505005;SP;DCA-Anexo I-C;NA;Receitas Brutas Realizadas;RO1.7.6.1.03.00.00;1.7.6.1.03.00.00 - Transferências de Convênios da União Destinadas a Programas de Assistência Social;16741,55;3326
2015;Prefeitura Municipal de Barão de Antonina - SP;3505005;SP;DCA-Anexo I-C;NA;Receitas Brutas Realizadas;RO1.7.6.2.00.00.00;1.7.6.2.00.00.00 - Transferências de Convênios dos Estados e do Distrito Federal e de Suas Entidades;174175,25;3326
2015;Prefeitura Municipal de Barão de Antonina - SP;3505005;SP;DCA-Anexo I-C;NA;Receitas Brutas Realizadas;RO1.7.6.2.02.00.00;1.7.6.2.02.00.00 - Transferências de Convênios dos Estados Destinadas a Programas de Educação;162633,65;3326
2015;Prefeitura Municipal de Barão de Antonina - SP;3505005;SP;DCA-Anexo I-C;NA;Receitas Brutas Realizadas;RO1.7.6.2.99.00.00;1.7.6.2.99.00.00 - Outras Transferências de Convênios dos Estados;11541,60;3326
2015;Prefeitura Municipal de Barão de Antonina - SP;3505005;SP;DCA-Anexo I-C;NA;Receitas Brutas Realizadas;RO1.9.0.0.00.00.00;1.9.0.0.00.00.00 - Outras Receitas Correntes;10588,80;3326
2015;Prefeitura Municipal de Barão de Antonina - SP;3505005;SP;DCA-Anexo I-C;NA;Receitas Brutas Realizadas;RO1.9.1.0.00.00.00;1.9.1.0.00.00.00 - Multas e Juros de Mora;557,85;3326
2015;Prefeitura Municipal de Barão de Antonina - SP;3505005;SP;DCA-Anexo I-C;NA;Receitas Brutas Realizadas;RO1.9.1.9.00.00.00;1.9.1.9.00.00.00 - Multas de Outras Origens;557,85;3326
2015;Prefeitura Municipal de Barão de Antonina - SP;3505005;SP;DCA-Anexo I-C;NA;Receitas Brutas Realizadas;RO1.9.2.0.00.00.00;1.9.2.0.00.00.00 - Indenizações e Restituições;9158,54;3326
2015;Prefeitura Municipal de Barão de Antonina - SP;3505005;SP;DCA-Anexo I-C;NA;Receitas Brutas Realizadas;RO1.9.2.2.00.00.00;1.9.2.2.00.00.00 - Restituições;9158,54;3326
2015;Prefeitura Municipal de Barão de Antonina - SP;3505005;SP;DCA-Anexo I-C;NA;Receitas Brutas Realizadas;RO1.9.2.2.99.00.00;1.9.2.2.99.00.00 - Outras Restituições;9158,54;3326
2015;Prefeitura Municipal de Barão de Antonina - SP;3505005;SP;DCA-Anexo I-C;NA;Receitas Brutas Realizadas;RO1.9.3.0.00.00.00;1.9.3.0.00.00.00 - Receita da Dívida Ativa;872,41;3326
2015;Prefeitura Municipal de Barão de Antonina - SP;3505005;SP;DCA-Anexo I-C;NA;Receitas Brutas Realizadas;RO1.9.3.2.00.00.00;1.9.3.2.00.00.00 - Receita da Dívida Ativa Não Tributária;872,41;3326
2015;Prefeitura Municipal de Barão de Antonina - SP;3505005;SP;DCA-Anexo I-C;NA;Receitas Brutas Realizadas;RO2.0.0.0.00.00.00;2.0.0.0.00.00.00 - Receitas de Capital;650355,68;3326
2015;Prefeitura Municipal de Barão de Antonina - SP;3505005;SP;DCA-Anexo I-C;NA;Receitas Brutas Realizadas;RO2.2.0.0.00.00.00;2.2.0.0.00.00.00 - Alienação de Bens;103100,00;3326
2015;Prefeitura Municipal de Barão de Antonina - SP;3505005;SP;DCA-Anexo I-C;NA;Receitas Brutas Realizadas;RO2.2.1.0.00.00.00;2.2.1.0.00.00.00 - Alienação de Bens Móveis;103100,00;3326
2015;Prefeitura Municipal de Barão de Antonina - SP;3505005;SP;DCA-Anexo I-C;NA;Receitas Brutas Realizadas;RO2.4.0.0.00.00.00;2.4.0.0.00.00.00 - Transferências de Capital;547255,68;3326
2015;Prefeitura Municipal de Barão de Antonina - SP;3505005;SP;DCA-Anexo I-C;NA;Receitas Brutas Realizadas;RO2.4.2.0.00.00.00;2.4.2.0.00.00.00 - Transferências Intergovernamentais;547255,68;3326
2015;Prefeitura Municipal de Barão de Antonina - SP;3505005;SP;DCA-Anexo I-C;NA;Receitas Brutas Realizadas;RO2.4.2.1.00.00.00;2.4.2.1.00.00.00 - Transferências da União;238700,00;3326
2015;Prefeitura Municipal de Barão de Antonina - SP;3505005;SP;DCA-Anexo I-C;NA;Receitas Brutas Realizadas;RO2.4.2.1.99.00.00;2.4.2.1.99.00.00 - Outras Transferências da União;238700,00;3326
2015;Prefeitura Municipal de Barão de Antonina - SP;3505005;SP;DCA-Anexo I-C;NA;Receitas Brutas Realizadas;RO2.4.2.2.00.00.00;2.4.2.2.00.00.00 - Transferências dos Estados;308555,68;3326
2015;Prefeitura Municipal de Barão de Antonina - SP;3505005;SP;DCA-Anexo I-C;NA;Receitas Brutas Realizadas;RO2.4.2.2.99.00.00;2.4.2.2.99.00.00 - Outras Transferências dos Estados;308555,68;3326
2016;Prefeitura Municipal de Barão de Antonina - SP;3505005;SP;DCA-Anexo I-C;NA;Receitas Brutas Realizadas;TotalReceitas;Total Receitas;15991481,25;3353
2016;Prefeitura Municipal de Barão de Antonina - SP;3505005;SP;DCA-Anexo I-C;NA;Deduções - Transferências Constitucionais;TotalReceitas;Total Receitas;2247940,16;3353
2016;Prefeitura Municipal de Barão de Antonina - SP;3505005;SP;DCA-Anexo I-C;NA;Receitas Brutas Realizadas;RO1.0.0.0.00.00.00;1.0.0.0.00.00.00 - Receitas Correntes;15245813,75;3353
2016;Prefeitura Municipal de Barão de Antonina - SP;3505005;SP;DCA-Anexo I-C;NA;Deduções - Transferências Constitucionais;RO1.0.0.0.00.00.00;1.0.0.0.00.00.00 - Receitas Correntes;2247940,16;3353
2016;Prefeitura Municipal de Barão de Antonina - SP;3505005;SP;DCA-Anexo I-C;NA;Receitas Brutas Realizadas;RO1.1.0.0.00.00.00;1.1.0.0.00.00.00 - Receita Tributária;273363,83;3353
2016;Prefeitura Municipal de Barão de Antonina - SP;3505005;SP;DCA-Anexo I-C;NA;Receitas Brutas Realizadas;RO1.1.1.0.00.00.00;1.1.1.0.00.00.00 - Impostos;273363,83;3353
2016;Prefeitura Municipal de Barão de Antonina - SP;3505005;SP;DCA-Anexo I-C;NA;Receitas Brutas Realizadas;RO1.1.1.2.00.00.00;1.1.1.2.00.00.00 - Impostos sobre o Patrimônio e a Renda;273363,83;3353
2016;Prefeitura Municipal de Barão de Antonina - SP;3505005;SP;DCA-Anexo I-C;NA;Receitas Brutas Realizadas;RO1.1.1.2.01.00.00;1.1.1.2.01.00.00 - Imposto sobre a Propriedade Territorial Rural - ITR;123292,99;3353
2016;Prefeitura Municipal de Barão de Antonina - SP;3505005;SP;DCA-Anexo I-C;NA;Receitas Brutas Realizadas;RO1.1.1.2.04.00.00;1.1.1.2.04.00.00 - Imposto sobre a Renda e Proventos de Qualquer Natureza ¿ IR;150070,84;3353
2016;Prefeitura Municipal de Barão de Antonina - SP;3505005;SP;DCA-Anexo I-C;NA;Receitas Brutas Realizadas;RO1.1.1.2.04.31.00;1.1.1.2.04.31.00 - Retido nas Fontes - Trabalho;150070,84;3353
2016;Prefeitura Municipal de Barão de Antonina - SP;3505005;SP;DCA-Anexo I-C;NA;Receitas Brutas Realizadas;RO1.3.0.0.00.00.00;1.3.0.0.00.00.00 - Receita Patrimonial;245938,58;3353
2016;Prefeitura Municipal de Barão de Antonina - SP;3505005;SP;DCA-Anexo I-C;NA;Receitas Brutas Realizadas;RO1.3.2.0.00.00.00;1.3.2.0.00.00.00 - Receitas de Valores Mobiliários;245938,58;3353
2016;Prefeitura Municipal de Barão de Antonina - SP;3505005;SP;DCA-Anexo I-C;NA;Receitas Brutas Realizadas;RO1.3.2.5.00.00.00;1.3.2.5.00.00.00 - Remuneração de Depósitos Bancários;245938,58;3353
2016;Prefeitura Municipal de Barão de Antonina - SP;3505005;SP;DCA-Anexo I-C;NA;Receitas Brutas Realizadas;RO1.7.0.0.00.00.00;1.7.0.0.00.00.00 - Transferências Correntes;14708488,90;3353
2016;Prefeitura Municipal de Barão de Antonina - SP;3505005;SP;DCA-Anexo I-C;NA;Deduções - Transferências Constitucionais;RO1.7.0.0.00.00.00;1.7.0.0.00.00.00 - Transferências Correntes;2247940,16;3353
2016;Prefeitura Municipal de Barão de Antonina - SP;3505005;SP;DCA-Anexo I-C;NA;Receitas Brutas Realizadas;RO1.7.2.0.00.00.00;1.7.2.0.00.00.00 - Transferências Intergovernamentais;14485418,00;3353
2016;Prefeitura Municipal de Barão de Antonina - SP;3505005;SP;DCA-Anexo I-C;NA;Deduções - Transferências Constitucionais;RO1.7.2.0.00.00.00;1.7.2.0.00.00.00 - Transferências Intergovernamentais;2247940,16;3353
2016;Prefeitura Municipal de Barão de Antonina - SP;3505005;SP;DCA-Anexo I-C;NA;Receitas Brutas Realizadas;RO1.7.2.1.00.00.00;1.7.2.1.00.00.00 - Transferências da União;9446991,92;3353
2016;Prefeitura Municipal de Barão de Antonina - SP;3505005;SP;DCA-Anexo I-C;NA;Deduções - Transferências Constitucionais;RO1.7.2.1.00.00.00;1.7.2.1.00.00.00 - Transferências da União;1518626,71;3353
2016;Prefeitura Municipal de Barão de Antonina - SP;3505005;SP;DCA-Anexo I-C;NA;Receitas Brutas Realizadas;RO1.7.2.1.01.00.00;1.7.2.1.01.00.00 - Participação na Receita da União;8137828,47;3353
2016;Prefeitura Municipal de Barão de Antonina - SP;3505005;SP;DCA-Anexo I-C;NA;Deduções - Transferências Constitucionais;RO1.7.2.1.01.00.00;1.7.2.1.01.00.00 - Participação na Receita da União;1515275,35;3353
2016;Prefeitura Municipal de Barão de Antonina - SP;3505005;SP;DCA-Anexo I-C;NA;Receitas Brutas Realizadas;RO1.7.2.1.01.02.00;1.7.2.1.01.02.00 - Cota-Parte do Fundo de Participação dos Municípios ¿ FPM;8121202,35;3353
2016;Prefeitura Municipal de Barão de Antonina - SP;3505005;SP;DCA-Anexo I-C;NA;Deduções - Transferências Constitucionais;RO1.7.2.1.01.02.00;1.7.2.1.01.02.00 - Cota-Parte do Fundo de Participação dos Municípios ¿ FPM;1511950,23;3353
2016;Prefeitura Municipal de Barão de Antonina - SP;3505005;SP;DCA-Anexo I-C;NA;Receitas Brutas Realizadas;RO1.7.2.1.01.05.00;1.7.2.1.01.05.00 - Cota-Parte do Imposto Sobre a Propriedade Territorial Rural ¿ ITR;16626,12;3353
2016;Prefeitura Municipal de Barão de Antonina - SP;3505005;SP;DCA-Anexo I-C;NA;Deduções - Transferências Constitucionais;RO1.7.2.1.01.05.00;1.7.2.1.01.05.00 - Cota-Parte do Imposto Sobre a Propriedade Territorial Rural ¿ ITR;3325,12;3353
2016;Prefeitura Municipal de Barão de Antonina - SP;3505005;SP;DCA-Anexo I-C;NA;Receitas Brutas Realizadas;RO1.7.2.1.22.00.00;1.7.2.1.22.00.00 - Transferências da Compensação Financeira pela Exploração de Recursos Naturais;509087,62;3353
2016;Prefeitura Municipal de Barão de Antonina - SP;3505005;SP;DCA-Anexo I-C;NA;Receitas Brutas Realizadas;RO1.7.2.1.22.11.00;1.7.2.1.22.11.00 - Cota-Parte da Compensação Financeira de Recursos Hídricos;416205,56;3353
2016;Prefeitura Municipal de Barão de Antonina - SP;3505005;SP;DCA-Anexo I-C;NA;Receitas Brutas Realizadas;RO1.7.2.1.22.90.00;1.7.2.1.22.90.00 - Outras Transferências Decorrentes de Compensação Financeira pela Exploração de Recursos Naturais;92882,06;3353
2016;Prefeitura Municipal de Barão de Antonina - SP;3505005;SP;DCA-Anexo I-C;NA;Receitas Brutas Realizadas;RO1.7.2.1.33.00.00;1.7.2.1.33.00.00 - Transferências de Recursos do Sistema Único de Saúde - SUS - Repasses Fundo a Fundo;510075,37;3353
2016;Prefeitura Municipal de Barão de Antonina - SP;3505005;SP;DCA-Anexo I-C;NA;Receitas Brutas Realizadas;RO1.7.2.1.34.00.00;1.7.2.1.34.00.00 - Transferências de Recursos do Fundo Nacional de Assistência Social ¿ FNAS;66000,00;3353
2016;Prefeitura Municipal de Barão de Antonina - SP;3505005;SP;DCA-Anexo I-C;NA;Receitas Brutas Realizadas;RO1.7.2.1.35.00.00;1.7.2.1.35.00.00 - Transferências de Recursos do Fundo Nacional do Desenvolvimento da Educação ¿ FNDE;197172,61;3353
2016;Prefeitura Municipal de Barão de Antonina - SP;3505005;SP;DCA-Anexo I-C;NA;Receitas Brutas Realizadas;RO1.7.2.1.36.00.00;1.7.2.1.36.00.00 - Transferências Financeiras do ICMS ¿ Desoneração ¿ L.C. Nº 87/96;16757,28;3353
2016;Prefeitura Municipal de Barão de Antonina - SP;3505005;SP;DCA-Anexo I-C;NA;Deduções - Transferências Constitucionais;RO1.7.2.1.36.00.00;1.7.2.1.36.00.00 - Transferências Financeiras do ICMS ¿ Desoneração ¿ L.C. Nº 87/96;3351,36;3353
2016;Prefeitura Municipal de Barão de Antonina - SP;3505005;SP;DCA-Anexo I-C;NA;Receitas Brutas Realizadas;RO1.7.2.1.99.00.00;1.7.2.1.99.00.00 - Outras Transferências da União;10070,57;3353
2016;Prefeitura Municipal de Barão de Antonina - SP;3505005;SP;DCA-Anexo I-C;NA;Receitas Brutas Realizadas;RO1.7.2.2.00.00.00;1.7.2.2.00.00.00 - Transferências dos Estados;3863633,07;3353
2016;Prefeitura Municipal de Barão de Antonina - SP;3505005;SP;DCA-Anexo I-C;NA;Deduções - Transferências Constitucionais;RO1.7.2.2.00.00.00;1.7.2.2.00.00.00 - Transferências dos Estados;729313,45;3353
2016;Prefeitura Municipal de Barão de Antonina - SP;3505005;SP;DCA-Anexo I-C;NA;Receitas Brutas Realizadas;RO1.7.2.2.01.00.00;1.7.2.2.01.00.00 - Participação na Receita dos Estados;3664348,18;3353
2016;Prefeitura Municipal de Barão de Antonina - SP;3505005;SP;DCA-Anexo I-C;NA;Deduções - Transferências Constitucionais;RO1.7.2.2.01.00.00;1.7.2.2.01.00.00 - Participação na Receita dos Estados;729313,45;3353
2016;Prefeitura Municipal de Barão de Antonina - SP;3505005;SP;DCA-Anexo I-C;NA;Receitas Brutas Realizadas;RO1.7.2.2.01.01.00;1.7.2.2.01.01.00 - Cota-Parte do ICMS;3440891,94;3353
2016;Prefeitura Municipal de Barão de Antonina - SP;3505005;SP;DCA-Anexo I-C;NA;Deduções - Transferências Constitucionais;RO1.7.2.2.01.01.00;1.7.2.2.01.01.00 - Cota-Parte do ICMS;674026,40;3353
2016;Prefeitura Municipal de Barão de Antonina - SP;3505005;SP;DCA-Anexo I-C;NA;Receitas Brutas Realizadas;RO1.7.2.2.01.02.00;1.7.2.2.01.02.00 - Cota-Parte do IPVA;174634,93;3353
2016;Prefeitura Municipal de Barão de Antonina - SP;3505005;SP;DCA-Anexo I-C;NA;Deduções - Transferências Constitucionais;RO1.7.2.2.01.02.00;1.7.2.2.01.02.00 - Cota-Parte do IPVA;49078,72;3353
2016;Prefeitura Municipal de Barão de Antonina - SP;3505005;SP;DCA-Anexo I-C;NA;Receitas Brutas Realizadas;RO1.7.2.2.01.04.00;1.7.2.2.01.04.00 - Cota-Parte do IPI - Municípios;31042,24;3353
2016;Prefeitura Municipal de Barão de Antonina - SP;3505005;SP;DCA-Anexo I-C;NA;Deduções - Transferências Constitucionais;RO1.7.2.2.01.04.00;1.7.2.2.01.04.00 - Cota-Parte do IPI - Municípios;6208,33;3353
2016;Prefeitura Municipal de Barão de Antonina - SP;3505005;SP;DCA-Anexo I-C;NA;Receitas Brutas Realizadas;RO1.7.2.2.01.13.00;1.7.2.2.01.13.00 - Cota-Parte da Contribuição de Intervenção no Domínio Econômico;17779,07;3353
2016;Prefeitura Municipal de Barão de Antonina - SP;3505005;SP;DCA-Anexo I-C;NA;Receitas Brutas Realizadas;RO1.7.2.2.22.00.00;1.7.2.2.22.00.00 - Transferências da Cota-Parte da Compensação Financeira (25%);4250,39;3353
2016;Prefeitura Municipal de Barão de Antonina - SP;3505005;SP;DCA-Anexo I-C;NA;Receitas Brutas Realizadas;RO1.7.2.2.22.30.00;1.7.2.2.22.30.00 - Cota-Parte Royalties - Compensação Financeira pela Produção de Petróleo - Lei nº 7.990/89 artigo 9º;4250,39;3353
2016;Prefeitura Municipal de Barão de Antonina - SP;3505005;SP;DCA-Anexo I-C;NA;Receitas Brutas Realizadas;RO1.7.2.2.33.00.00;1.7.2.2.33.00.00 - Transferências de Recursos do Estado para Programas de Saúde - Repasse Fundo a Fundo;153014,50;3353
2016;Prefeitura Municipal de Barão de Antonina - SP;3505005;SP;DCA-Anexo I-C;NA;Receitas Brutas Realizadas;RO1.7.2.2.99.00.00;1.7.2.2.99.00.00 - Outras Transferências dos Estados;42020,00;3353
2016;Prefeitura Municipal de Barão de Antonina - SP;3505005;SP;DCA-Anexo I-C;NA;Receitas Brutas Realizadas;RO1.7.2.4.00.00.00;1.7.2.4.00.00.00 - Transferências Multigovernamentais;1174793,01;3353
2016;Prefeitura Municipal de Barão de Antonina - SP;3505005;SP;DCA-Anexo I-C;NA;Receitas Brutas Realizadas;RO1.7.2.4.01.00.00;1.7.2.4.01.00.00 - Transferências de Recursos do Fundo de Manutenção e Desenvolvimento do Ensino Fundamental e de Valorização do Magistério - FUNDEB;1174793,01;3353
2016;Prefeitura Municipal de Barão de Antonina - SP;3505005;SP;DCA-Anexo I-C;NA;Receitas Brutas Realizadas;RO1.7.6.0.00.00.00;1.7.6.0.00.00.00 - Transferências de Convênios;223070,90;3353
2016;Prefeitura Municipal de Barão de Antonina - SP;3505005;SP;DCA-Anexo I-C;NA;Receitas Brutas Realizadas;RO1.7.6.1.00.00.00;1.7.6.1.00.00.00 - Transferências de Convênios da União e de Suas Entidades;16029,30;3353
2016;Prefeitura Municipal de Barão de Antonina - SP;3505005;SP;DCA-Anexo I-C;NA;Receitas Brutas Realizadas;RO1.7.6.1.03.00.00;1.7.6.1.03.00.00 - Transferências de Convênios da União Destinadas a Programas de Assistência Social;16029,30;3353
2016;Prefeitura Municipal de Barão de Antonina - SP;3505005;SP;DCA-Anexo I-C;NA;Receitas Brutas Realizadas;RO1.7.6.2.00.00.00;1.7.6.2.00.00.00 - Transferências de Convênios dos Estados e do Distrito Federal e de Suas Entidades;207041,60;3353
2016;Prefeitura Municipal de Barão de Antonina - SP;3505005;SP;DCA-Anexo I-C;NA;Receitas Brutas Realizadas;RO1.7.6.2.99.00.00;1.7.6.2.99.00.00 - Outras Transferências de Convênios dos Estados;207041,60;3353
2016;Prefeitura Municipal de Barão de Antonina - SP;3505005;SP;DCA-Anexo I-C;NA;Receitas Brutas Realizadas;RO1.9.0.0.00.00.00;1.9.0.0.00.00.00 - Outras Receitas Correntes;18022,44;3353
2016;Prefeitura Municipal de Barão de Antonina - SP;3505005;SP;DCA-Anexo I-C;NA;Receitas Brutas Realizadas;RO1.9.1.0.00.00.00;1.9.1.0.00.00.00 - Multas e Juros de Mora;1061,39;3353
2016;Prefeitura Municipal de Barão de Antonina - SP;3505005;SP;DCA-Anexo I-C;NA;Receitas Brutas Realizadas;RO1.9.1.1.00.00.00;1.9.1.1.00.00.00 - Multas e Juros de Mora dos Tributos;697,47;3353
2016;Prefeitura Municipal de Barão de Antonina - SP;3505005;SP;DCA-Anexo I-C;NA;Receitas Brutas Realizadas;RO1.9.1.1.38.00.00;1.9.1.1.38.00.00 - Multas e Juros de Mora do Imposto sobre a Propriedade Predial e Territorial Urbana ¿ IPTU;697,47;3353
2016;Prefeitura Municipal de Barão de Antonina - SP;3505005;SP;DCA-Anexo I-C;NA;Receitas Brutas Realizadas;RO1.9.1.9.00.00.00;1.9.1.9.00.00.00 - Multas de Outras Origens;363,92;3353
2016;Prefeitura Municipal de Barão de Antonina - SP;3505005;SP;DCA-Anexo I-C;NA;Receitas Brutas Realizadas;RO1.9.2.0.00.00.00;1.9.2.0.00.00.00 - Indenizações e Restituições;16961,05;3353
2016;Prefeitura Municipal de Barão de Antonina - SP;3505005;SP;DCA-Anexo I-C;NA;Receitas Brutas Realizadas;RO1.9.2.2.00.00.00;1.9.2.2.00.00.00 - Restituições;16961,05;3353
2016;Prefeitura Municipal de Barão de Antonina - SP;3505005;SP;DCA-Anexo I-C;NA;Receitas Brutas Realizadas;RO1.9.2.2.99.00.00;1.9.2.2.99.00.00 - Outras Restituições;16961,05;3353
2016;Prefeitura Municipal de Barão de Antonina - SP;3505005;SP;DCA-Anexo I-C;NA;Receitas Brutas Realizadas;RO2.0.0.0.00.00.00;2.0.0.0.00.00.00 - Receitas de Capital;745667,50;3353
2016;Prefeitura Municipal de Barão de Antonina - SP;3505005;SP;DCA-Anexo I-C;NA;Receitas Brutas Realizadas;RO2.4.0.0.00.00.00;2.4.0.0.00.00.00 - Transferências de Capital;745667,50;3353
2016;Prefeitura Municipal de Barão de Antonina - SP;3505005;SP;DCA-Anexo I-C;NA;Receitas Brutas Realizadas;RO2.4.2.0.00.00.00;2.4.2.0.00.00.00 - Transferências Intergovernamentais;745667,50;3353
2016;Prefeitura Municipal de Barão de Antonina - SP;3505005;SP;DCA-Anexo I-C;NA;Receitas Brutas Realizadas;RO2.4.2.2.00.00.00;2.4.2.2.00.00.00 - Transferências dos Estados;745667,50;3353
2016;Prefeitura Municipal de Barão de Antonina - SP;3505005;SP;DCA-Anexo I-C;NA;Receitas Brutas Realizadas;RO2.4.2.2.99.00.00;2.4.2.2.99.00.00 - Outras Transferências dos Estados;745667,50;3353
2017;Prefeitura Municipal de Barão de Antonina - SP;3505005;SP;DCA-Anexo I-C;Padrão;Receitas Brutas Realizadas;TotalReceitas;Total Receitas;16391905,13;3380
2017;Prefeitura Municipal de Barão de Antonina - SP;3505005;SP;DCA-Anexo I-C;Padrão;Outras Deduções da Receita;TotalReceitas;Total Receitas;2193974,04;3380
2017;Prefeitura Municipal de Barão de Antonina - SP;3505005;SP;DCA-Anexo I-C;Padrão;Receitas Brutas Realizadas;RO1.0.0.0.00.00.00;1.0.0.0.00.00.00 - Receitas Correntes;15739552,97;3380
2017;Prefeitura Municipal de Barão de Antonina - SP;3505005;SP;DCA-Anexo I-C;Padrão;Outras Deduções da Receita;RO1.0.0.0.00.00.00;1.0.0.0.00.00.00 - Receitas Correntes;2193974,04;3380
2017;Prefeitura Municipal de Barão de Antonina - SP;3505005;SP;DCA-Anexo I-C;Padrão;Receitas Brutas Realizadas;RO1.1.0.0.00.00.00;1.1.0.0.00.00.00 - Receita Tributária;601970,48;3380
2017;Prefeitura Municipal de Barão de Antonina - SP;3505005;SP;DCA-Anexo I-C;Padrão;Receitas Brutas Realizadas;RO1.1.1.0.00.00.00;1.1.1.0.00.00.00 - Impostos;575004,69;3380
2017;Prefeitura Municipal de Barão de Antonina - SP;3505005;SP;DCA-Anexo I-C;Padrão;Receitas Brutas Realizadas;RO1.1.1.2.00.00.00;1.1.1.2.00.00.00 - Impostos sobre o Patrimônio e a Renda;428240,79;3380
2017;Prefeitura Municipal de Barão de Antonina - SP;3505005;SP;DCA-Anexo I-C;Padrão;Receitas Brutas Realizadas;RO1.1.1.2.02.00.00;1.1.1.2.02.00.00 - Imposto sobre a Propriedade Predial e Territorial Urbana ¿ IPTU;135772,30;3380
2017;Prefeitura Municipal de Barão de Antonina - SP;3505005;SP;DCA-Anexo I-C;Padrão;Receitas Brutas Realizadas;RO1.1.1.2.04.00.00;1.1.1.2.04.00.00 - Imposto sobre a Renda e Proventos de Qualquer Natureza ¿ IR;181578,12;3380
2017;Prefeitura Municipal de Barão de Antonina - SP;3505005;SP;DCA-Anexo I-C;Padrão;Receitas Brutas Realizadas;RO1.1.1.2.04.31.00;1.1.1.2.04.31.00 - Retido nas Fontes - Trabalho;181578,12;3380
2017;Prefeitura Municipal de Barão de Antonina - SP;3505005;SP;DCA-Anexo I-C;Padrão;Receitas Brutas Realizadas;RO1.1.1.2.08.00.00;"1.1.1.2.08.00.00 - Imposto sobre Transmissão ""Inter Vivos"" de Bens Imóveis e de Direitos Reais sobre Imóveis ¿ ITBI";110890,37;3380
2017;Prefeitura Municipal de Barão de Antonina - SP;3505005;SP;DCA-Anexo I-C;Padrão;Receitas Brutas Realizadas;RO1.1.1.3.00.00.00;1.1.1.3.00.00.00 - Impostos sobre a Produção e a Circulação;146763,90;3380
2017;Prefeitura Municipal de Barão de Antonina - SP;3505005;SP;DCA-Anexo I-C;Padrão;Receitas Brutas Realizadas;RO1.1.1.3.05.00.00;1.1.1.3.05.00.00 - Imposto sobre Serviços de Qualquer Natureza ¿ ISSQN;146763,90;3380
2017;Prefeitura Municipal de Barão de Antonina - SP;3505005;SP;DCA-Anexo I-C;Padrão;Receitas Brutas Realizadas;RO1.1.2.0.00.00.00;1.1.2.0.00.00.00 - Taxas;26965,79;3380
2017;Prefeitura Municipal de Barão de Antonina - SP;3505005;SP;DCA-Anexo I-C;Padrão;Receitas Brutas Realizadas;RO1.1.2.1.00.00.00;1.1.2.1.00.00.00 - Taxas pelo Exercício do Poder de Polícia;16629,12;3380
2017;Prefeitura Municipal de Barão de Antonina - SP;3505005;SP;DCA-Anexo I-C;Padrão;Receitas Brutas Realizadas;RO1.1.2.2.00.00.00;1.1.2.2.00.00.00 - Taxas pela Prestação de Serviços;10336,67;3380
2017;Prefeitura Municipal de Barão de Antonina - SP;3505005;SP;DCA-Anexo I-C;Padrão;Receitas Brutas Realizadas;RO1.1.2.2.99.00.00;1.1.2.2.99.00.00 - Outras Taxas pela Prestação de Serviços;10336,67;3380
2017;Prefeitura Municipal de Barão de Antonina - SP;3505005;SP;DCA-Anexo I-C;Padrão;Receitas Brutas Realizadas;RO1.3.0.0.00.00.00;1.3.0.0.00.00.00 - Receita Patrimonial;161625,01;3380
2017;Prefeitura Municipal de Barão de Antonina - SP;3505005;SP;DCA-Anexo I-C;Padrão;Receitas Brutas Realizadas;RO1.3.2.0.00.00.00;1.3.2.0.00.00.00 - Receitas de Valores Mobiliários;161625,01;3380
2017;Prefeitura Municipal de Barão de Antonina - SP;3505005;SP;DCA-Anexo I-C;Padrão;Receitas Brutas Realizadas;RO1.3.2.5.00.00.00;1.3.2.5.00.00.00 - Remuneração de Depósitos Bancários;161625,01;3380
2017;Prefeitura Municipal de Barão de Antonina - SP;3505005;SP;DCA-Anexo I-C;Padrão;Receitas Brutas Realizadas;RO1.7.0.0.00.00.00;1.7.0.0.00.00.00 - Transferências Correntes;14873809,71;3380
2017;Prefeitura Municipal de Barão de Antonina - SP;3505005;SP;DCA-Anexo I-C;Padrão;Outras Deduções da Receita;RO1.7.0.0.00.00.00;1.7.0.0.00.00.00 - Transferências Correntes;2193974,04;3380
2017;Prefeitura Municipal de Barão de Antonina - SP;3505005;SP;DCA-Anexo I-C;Padrão;Receitas Brutas Realizadas;RO1.7.2.0.00.00.00;1.7.2.0.00.00.00 - Transferências Intergovernamentais;14645292,07;3380
2017;Prefeitura Municipal de Barão de Antonina - SP;3505005;SP;DCA-Anexo I-C;Padrão;Outras Deduções da Receita;RO1.7.2.0.00.00.00;1.7.2.0.00.00.00 - Transferências Intergovernamentais;2193974,04;3380
2017;Prefeitura Municipal de Barão de Antonina - SP;3505005;SP;DCA-Anexo I-C;Padrão;Receitas Brutas Realizadas;RO1.7.2.1.00.00.00;1.7.2.1.00.00.00 - Transferências da União;9316471,08;3380
2017;Prefeitura Municipal de Barão de Antonina - SP;3505005;SP;DCA-Anexo I-C;Padrão;Outras Deduções da Receita;RO1.7.2.1.00.00.00;1.7.2.1.00.00.00 - Transferências da União;1444057,99;3380
2017;Prefeitura Municipal de Barão de Antonina - SP;3505005;SP;DCA-Anexo I-C;Padrão;Receitas Brutas Realizadas;RO1.7.2.1.01.00.00;1.7.2.1.01.00.00 - Participação na Receita da União;7852932,87;3380
2017;Prefeitura Municipal de Barão de Antonina - SP;3505005;SP;DCA-Anexo I-C;Padrão;Outras Deduções da Receita;RO1.7.2.1.01.00.00;1.7.2.1.01.00.00 - Participação na Receita da União;1440780,91;3380
2017;Prefeitura Municipal de Barão de Antonina - SP;3505005;SP;DCA-Anexo I-C;Padrão;Receitas Brutas Realizadas;RO1.7.2.1.01.02.00;1.7.2.1.01.02.00 - Cota-Parte do Fundo de Participação dos Municípios ¿ FPM;7833043,95;3380
2017;Prefeitura Municipal de Barão de Antonina - SP;3505005;SP;DCA-Anexo I-C;Padrão;Outras Deduções da Receita;RO1.7.2.1.01.02.00;1.7.2.1.01.02.00 - Cota-Parte do Fundo de Participação dos Municípios ¿ FPM;1436803,22;3380
2017;Prefeitura Municipal de Barão de Antonina - SP;3505005;SP;DCA-Anexo I-C;Padrão;Receitas Brutas Realizadas;RO1.7.2.1.01.05.00;1.7.2.1.01.05.00 - Cota-Parte do Imposto Sobre a Propriedade Territorial Rural ¿ ITR;19888,92;3380
2017;Prefeitura Municipal de Barão de Antonina - SP;3505005;SP;DCA-Anexo I-C;Padrão;Outras Deduções da Receita;RO1.7.2.1.01.05.00;1.7.2.1.01.05.00 - Cota-Parte do Imposto Sobre a Propriedade Territorial Rural ¿ ITR;3977,69;3380
2017;Prefeitura Municipal de Barão de Antonina - SP;3505005;SP;DCA-Anexo I-C;Padrão;Receitas Brutas Realizadas;RO1.7.2.1.22.00.00;1.7.2.1.22.00.00 - Transferências da Compensação Financeira pela Exploração de Recursos Naturais;549750,21;3380
2017;Prefeitura Municipal de Barão de Antonina - SP;3505005;SP;DCA-Anexo I-C;Padrão;Receitas Brutas Realizadas;RO1.7.2.1.22.11.00;1.7.2.1.22.11.00 - Cota-Parte da Compensação Financeira de Recursos Hídricos;364760,23;3380
2017;Prefeitura Municipal de Barão de Antonina - SP;3505005;SP;DCA-Anexo I-C;Padrão;Receitas Brutas Realizadas;RO1.7.2.1.22.70.00;1.7.2.1.22.70.00 - Cota-Parte do Fundo Especial do Petróleo ¿ FEP;83449,11;3380
2017;Prefeitura Municipal de Barão de Antonina - SP;3505005;SP;DCA-Anexo I-C;Padrão;Receitas Brutas Realizadas;RO1.7.2.1.22.90.00;1.7.2.1.22.90.00 - Outras Transferências Decorrentes de Compensação Financeira pela Exploração de Recursos Naturais;101540,87;3380
2017;Prefeitura Municipal de Barão de Antonina - SP;3505005;SP;DCA-Anexo I-C;Padrão;Receitas Brutas Realizadas;RO1.7.2.1.33.00.00;1.7.2.1.33.00.00 - Transferências de Recursos do Sistema Único de Saúde - SUS - Repasses Fundo a Fundo;542827,11;3380
2017;Prefeitura Municipal de Barão de Antonina - SP;3505005;SP;DCA-Anexo I-C;Padrão;Receitas Brutas Realizadas;RO1.7.2.1.34.00.00;1.7.2.1.34.00.00 - Transferências de Recursos do Fundo Nacional de Assistência Social ¿ FNAS;102000,00;3380
2017;Prefeitura Municipal de Barão de Antonina - SP;3505005;SP;DCA-Anexo I-C;Padrão;Receitas Brutas Realizadas;RO1.7.2.1.35.00.00;1.7.2.1.35.00.00 - Transferências de Recursos do Fundo Nacional do Desenvolvimento da Educação ¿ FNDE;243734,58;3380
2017;Prefeitura Municipal de Barão de Antonina - SP;3505005;SP;DCA-Anexo I-C;Padrão;Receitas Brutas Realizadas;RO1.7.2.1.36.00.00;1.7.2.1.36.00.00 - Transferências Financeiras do ICMS ¿ Desoneração ¿ L.C. Nº 87/96;16385,64;3380
2017;Prefeitura Municipal de Barão de Antonina - SP;3505005;SP;DCA-Anexo I-C;Padrão;Outras Deduções da Receita;RO1.7.2.1.36.00.00;1.7.2.1.36.00.00 - Transferências Financeiras do ICMS ¿ Desoneração ¿ L.C. Nº 87/96;3277,08;3380
2017;Prefeitura Municipal de Barão de Antonina - SP;3505005;SP;DCA-Anexo I-C;Padrão;Receitas Brutas Realizadas;RO1.7.2.1.99.00.00;1.7.2.1.99.00.00 - Outras Transferências da União;8840,67;3380
2017;Prefeitura Municipal de Barão de Antonina - SP;3505005;SP;DCA-Anexo I-C;Padrão;Receitas Brutas Realizadas;RO1.7.2.2.00.00.00;1.7.2.2.00.00.00 - Transferências dos Estados;3930010,80;3380
2017;Prefeitura Municipal de Barão de Antonina - SP;3505005;SP;DCA-Anexo I-C;Padrão;Outras Deduções da Receita;RO1.7.2.2.00.00.00;1.7.2.2.00.00.00 - Transferências dos Estados;749916,05;3380
2017;Prefeitura Municipal de Barão de Antonina - SP;3505005;SP;DCA-Anexo I-C;Padrão;Receitas Brutas Realizadas;RO1.7.2.2.01.00.00;1.7.2.2.01.00.00 - Participação na Receita dos Estados;3773960,51;3380
2017;Prefeitura Municipal de Barão de Antonina - SP;3505005;SP;DCA-Anexo I-C;Padrão;Outras Deduções da Receita;RO1.7.2.2.01.00.00;1.7.2.2.01.00.00 - Participação na Receita dos Estados;749916,05;3380
2017;Prefeitura Municipal de Barão de Antonina - SP;3505005;SP;DCA-Anexo I-C;Padrão;Receitas Brutas Realizadas;RO1.7.2.2.01.01.00;1.7.2.2.01.01.00 - Cota-Parte do ICMS;3516883,54;3380
2017;Prefeitura Municipal de Barão de Antonina - SP;3505005;SP;DCA-Anexo I-C;Padrão;Outras Deduções da Receita;RO1.7.2.2.01.01.00;1.7.2.2.01.01.00 - Cota-Parte do ICMS;703367,72;3380
2017;Prefeitura Municipal de Barão de Antonina - SP;3505005;SP;DCA-Anexo I-C;Padrão;Receitas Brutas Realizadas;RO1.7.2.2.01.02.00;1.7.2.2.01.02.00 - Cota-Parte do IPVA;195228,84;3380
2017;Prefeitura Municipal de Barão de Antonina - SP;3505005;SP;DCA-Anexo I-C;Padrão;Outras Deduções da Receita;RO1.7.2.2.01.02.00;1.7.2.2.01.02.00 - Cota-Parte do IPVA;39045,71;3380
2017;Prefeitura Municipal de Barão de Antonina - SP;3505005;SP;DCA-Anexo I-C;Padrão;Receitas Brutas Realizadas;RO1.7.2.2.01.04.00;1.7.2.2.01.04.00 - Cota-Parte do IPI - Municípios;37513,72;3380
2017;Prefeitura Municipal de Barão de Antonina - SP;3505005;SP;DCA-Anexo I-C;Padrão;Outras Deduções da Receita;RO1.7.2.2.01.04.00;1.7.2.2.01.04.00 - Cota-Parte do IPI - Municípios;7502,62;3380
2017;Prefeitura Municipal de Barão de Antonina - SP;3505005;SP;DCA-Anexo I-C;Padrão;Receitas Brutas Realizadas;RO1.7.2.2.01.13.00;1.7.2.2.01.13.00 - Cota-Parte da Contribuição de Intervenção no Domínio Econômico;24334,41;3380
2017;Prefeitura Municipal de Barão de Antonina - SP;3505005;SP;DCA-Anexo I-C;Padrão;Receitas Brutas Realizadas;RO1.7.2.2.22.00.00;1.7.2.2.22.00.00 - Transferências da Cota-Parte da Compensação Financeira (25%);4068,29;3380
2017;Prefeitura Municipal de Barão de Antonina - SP;3505005;SP;DCA-Anexo I-C;Padrão;Receitas Brutas Realizadas;RO1.7.2.2.22.30.00;1.7.2.2.22.30.00 - Cota-Parte Royalties - Compensação Financeira pela Produção de Petróleo - Lei nº 7.990/89 artigo 9º;4068,29;3380
2017;Prefeitura Municipal de Barão de Antonina - SP;3505005;SP;DCA-Anexo I-C;Padrão;Receitas Brutas Realizadas;RO1.7.2.2.33.00.00;1.7.2.2.33.00.00 - Transferências de Recursos do Estado para Programas de Saúde - Repasse Fundo a Fundo;95042,00;3380
2017;Prefeitura Municipal de Barão de Antonina - SP;3505005;SP;DCA-Anexo I-C;Padrão;Receitas Brutas Realizadas;RO1.7.2.2.99.00.00;1.7.2.2.99.00.00 - Outras Transferências dos Estados;56940,00;3380
2017;Prefeitura Municipal de Barão de Antonina - SP;3505005;SP;DCA-Anexo I-C;Padrão;Receitas Brutas Realizadas;RO1.7.2.4.00.00.00;1.7.2.4.00.00.00 - Transferências Multigovernamentais;1398810,19;3380
2017;Prefeitura Municipal de Barão de Antonina - SP;3505005;SP;DCA-Anexo I-C;Padrão;Receitas Brutas Realizadas;RO1.7.2.4.01.00.00;1.7.2.4.01.00.00 - Transferências de Recursos do Fundo de Manutenção e Desenvolvimento do Ensino Fundamental e de Valorização do Magistério - FUNDEB;1398810,19;3380
2017;Prefeitura Municipal de Barão de Antonina - SP;3505005;SP;DCA-Anexo I-C;Padrão;Receitas Brutas Realizadas;RO1.7.6.0.00.00.00;1.7.6.0.00.00.00 - Transferências de Convênios;228517,64;3380
2017;Prefeitura Municipal de Barão de Antonina - SP;3505005;SP;DCA-Anexo I-C;Padrão;Receitas Brutas Realizadas;RO1.7.6.1.00.00.00;1.7.6.1.00.00.00 - Transferências de Convênios da União e de Suas Entidades;27111,70;3380
2017;Prefeitura Municipal de Barão de Antonina - SP;3505005;SP;DCA-Anexo I-C;Padrão;Receitas Brutas Realizadas;RO1.7.6.1.03.00.00;1.7.6.1.03.00.00 - Transferências de Convênios da União Destinadas a Programas de Assistência Social;27111,70;3380
2017;Prefeitura Municipal de Barão de Antonina - SP;3505005;SP;DCA-Anexo I-C;Padrão;Receitas Brutas Realizadas;RO1.7.6.2.00.00.00;1.7.6.2.00.00.00 - Transferências de Convênios dos Estados e do Distrito Federal e de Suas Entidades;201405,94;3380
2017;Prefeitura Municipal de Barão de Antonina - SP;3505005;SP;DCA-Anexo I-C;Padrão;Receitas Brutas Realizadas;RO1.7.6.2.02.00.00;1.7.6.2.02.00.00 - Transferências de Convênios dos Estados Destinadas a Programas de Educação;119845,65;3380
2017;Prefeitura Municipal de Barão de Antonina - SP;3505005;SP;DCA-Anexo I-C;Padrão;Receitas Brutas Realizadas;RO1.7.6.2.99.00.00;1.7.6.2.99.00.00 - Outras Transferências de Convênios dos Estados;81560,29;3380
2017;Prefeitura Municipal de Barão de Antonina - SP;3505005;SP;DCA-Anexo I-C;Padrão;Receitas Brutas Realizadas;RO1.9.0.0.00.00.00;1.9.0.0.00.00.00 - Outras Receitas Correntes;102147,77;3380
2017;Prefeitura Municipal de Barão de Antonina - SP;3505005;SP;DCA-Anexo I-C;Padrão;Receitas Brutas Realizadas;RO1.9.1.0.00.00.00;1.9.1.0.00.00.00 - Multas e Juros de Mora;7723,50;3380
2017;Prefeitura Municipal de Barão de Antonina - SP;3505005;SP;DCA-Anexo I-C;Padrão;Receitas Brutas Realizadas;RO1.9.1.1.00.00.00;1.9.1.1.00.00.00 - Multas e Juros de Mora dos Tributos;732,92;3380
2017;Prefeitura Municipal de Barão de Antonina - SP;3505005;SP;DCA-Anexo I-C;Padrão;Receitas Brutas Realizadas;RO1.9.1.1.38.00.00;1.9.1.1.38.00.00 - Multas e Juros de Mora do Imposto sobre a Propriedade Predial e Territorial Urbana ¿ IPTU;725,58;3380
2017;Prefeitura Municipal de Barão de Antonina - SP;3505005;SP;DCA-Anexo I-C;Padrão;Receitas Brutas Realizadas;RO1.9.1.1.40.00.00;1.9.1.1.40.00.00 - Multas e Juros de Mora do Imposto sobre Serviços de Qualquer Natureza ¿ ISS;7,34;3380
2017;Prefeitura Municipal de Barão de Antonina - SP;3505005;SP;DCA-Anexo I-C;Padrão;Receitas Brutas Realizadas;RO1.9.1.3.00.00.00;1.9.1.3.00.00.00 - Multas e Juros de Mora da Dívida Ativa dos Tributos;6828,97;3380
2017;Prefeitura Municipal de Barão de Antonina - SP;3505005;SP;DCA-Anexo I-C;Padrão;Receitas Brutas Realizadas;RO1.9.1.3.11.00.00;1.9.1.3.11.00.00 - Multas e Juros de Mora da Dívida Ativa do Imposto sobre a Propriedade Predial e Territorial Urbana ¿ IPTU;6828,97;3380
2017;Prefeitura Municipal de Barão de Antonina - SP;3505005;SP;DCA-Anexo I-C;Padrão;Receitas Brutas Realizadas;RO1.9.1.9.00.00.00;1.9.1.9.00.00.00 - Multas de Outras Origens;161,61;3380
2017;Prefeitura Municipal de Barão de Antonina - SP;3505005;SP;DCA-Anexo I-C;Padrão;Receitas Brutas Realizadas;RO1.9.2.0.00.00.00;1.9.2.0.00.00.00 - Indenizações e Restituições;15451,06;3380
2017;Prefeitura Municipal de Barão de Antonina - SP;3505005;SP;DCA-Anexo I-C;Padrão;Receitas Brutas Realizadas;RO1.9.2.2.00.00.00;1.9.2.2.00.00.00 - Restituições;15451,06;3380
2017;Prefeitura Municipal de Barão de Antonina - SP;3505005;SP;DCA-Anexo I-C;Padrão;Receitas Brutas Realizadas;RO1.9.2.2.99.00.00;1.9.2.2.99.00.00 - Outras Restituições;15451,06;3380
2017;Prefeitura Municipal de Barão de Antonina - SP;3505005;SP;DCA-Anexo I-C;Padrão;Receitas Brutas Realizadas;RO1.9.3.0.00.00.00;1.9.3.0.00.00.00 - Receita da Dívida Ativa;18377,41;3380
2017;Prefeitura Municipal de Barão de Antonina - SP;3505005;SP;DCA-Anexo I-C;Padrão;Receitas Brutas Realizadas;RO1.9.3.1.00.00.00;1.9.3.1.00.00.00 - Receita da Dívida Ativa Tributária;18377,41;3380
2017;Prefeitura Municipal de Barão de Antonina - SP;3505005;SP;DCA-Anexo I-C;Padrão;Receitas Brutas Realizadas;RO1.9.3.1.11.00.00;1.9.3.1.11.00.00 - Receita da Dívida Ativa do Imposto sobre a Propriedade Predial e Territorial Urbana ¿ IPTU;18377,41;3380
2017;Prefeitura Municipal de Barão de Antonina - SP;3505005;SP;DCA-Anexo I-C;Padrão;Receitas Brutas Realizadas;RO1.9.9.0.00.00.00;1.9.9.0.00.00.00 - Receitas Diversas;60595,80;3380
2017;Prefeitura Municipal de Barão de Antonina - SP;3505005;SP;DCA-Anexo I-C;Padrão;Receitas Brutas Realizadas;RO1.9.9.0.99.00.00;1.9.9.0.99.00.00 - Outras Receitas;60595,80;3380
2017;Prefeitura Municipal de Barão de Antonina - SP;3505005;SP;DCA-Anexo I-C;Padrão;Receitas Brutas Realizadas;RO2.0.0.0.00.00.00;2.0.0.0.00.00.00 - Receitas de Capital;652352,16;3380
2017;Prefeitura Municipal de Barão de Antonina - SP;3505005;SP;DCA-Anexo I-C;Padrão;Receitas Brutas Realizadas;RO2.2.0.0.00.00.00;2.2.0.0.00.00.00 - Alienação de Bens;85100,00;3380
2017;Prefeitura Municipal de Barão de Antonina - SP;3505005;SP;DCA-Anexo I-C;Padrão;Receitas Brutas Realizadas;RO2.2.1.0.00.00.00;2.2.1.0.00.00.00 - Alienação de Bens Móveis;85100,00;3380
2017;Prefeitura Municipal de Barão de Antonina - SP;3505005;SP;DCA-Anexo I-C;Padrão;Receitas Brutas Realizadas;RO2.4.0.0.00.00.00;2.4.0.0.00.00.00 - Transferências de Capital;567252,16;3380
2017;Prefeitura Municipal de Barão de Antonina - SP;3505005;SP;DCA-Anexo I-C;Padrão;Receitas Brutas Realizadas;RO2.4.2.0.00.00.00;2.4.2.0.00.00.00 - Transferências Intergovernamentais;567252,16;3380
2017;Prefeitura Municipal de Barão de Antonina - SP;3505005;SP;DCA-Anexo I-C;Padrão;Receitas Brutas Realizadas;RO2.4.2.1.00.00.00;2.4.2.1.00.00.00 - Transferências da União;150000,00;3380
2017;Prefeitura Municipal de Barão de Antonina - SP;3505005;SP;DCA-Anexo I-C;Padrão;Receitas Brutas Realizadas;RO2.4.2.1.99.00.00;2.4.2.1.99.00.00 - Outras Transferências da União;150000,00;3380
2017;Prefeitura Municipal de Barão de Antonina - SP;3505005;SP;DCA-Anexo I-C;Padrão;Receitas Brutas Realizadas;RO2.4.2.2.00.00.00;2.4.2.2.00.00.00 - Transferências dos Estados;417252,16;3380
2017;Prefeitura Municipal de Barão de Antonina - SP;3505005;SP;DCA-Anexo I-C;Padrão;Receitas Brutas Realizadas;RO2.4.2.2.99.00.00;2.4.2.2.99.00.00 - Outras Transferências dos Estados;417252,16;3380
2018;Prefeitura Municipal de Barão de Antonina - SP;3505005;SP;DCA-Anexo I-C;Padrão;Receitas Brutas Realizadas;TotalReceitas;Total Receitas;17355309,76;3380
2018;Prefeitura Municipal de Barão de Antonina - SP;3505005;SP;DCA-Anexo I-C;Padrão;Deduções - FUNDEB;TotalReceitas;Total Receitas;2336407,58;3380
2018;Prefeitura Municipal de Barão de Antonina - SP;3505005;SP;DCA-Anexo I-C;Padrão;Receitas Brutas Realizadas;RO1.0.0.0.00.0.0;1.0.0.0.00.0.0 - Receitas Correntes;16169718,42;3380
2018;Prefeitura Municipal de Barão de Antonina - SP;3505005;SP;DCA-Anexo I-C;Padrão;Deduções - FUNDEB;RO1.0.0.0.00.0.0;1.0.0.0.00.0.0 - Receitas Correntes;2336407,58;3380
2018;Prefeitura Municipal de Barão de Antonina - SP;3505005;SP;DCA-Anexo I-C;Padrão;Receitas Brutas Realizadas;RO1.1.0.0.00.0.0;1.1.0.0.00.0.0 - Impostos, Taxas e Contribuições de Melhoria;660368,42;3380
2018;Prefeitura Municipal de Barão de Antonina - SP;3505005;SP;DCA-Anexo I-C;Padrão;Receitas Brutas Realizadas;RO1.1.1.0.00.0.0;1.1.1.0.00.0.0 - Impostos;628851,85;3380
2018;Prefeitura Municipal de Barão de Antonina - SP;3505005;SP;DCA-Anexo I-C;Padrão;Receitas Brutas Realizadas;RO1.1.1.3.00.0.0;1.1.1.3.00.0.0 - Impostos sobre a Renda e Proventos de Qualquer Natureza;198684,13;3380
2018;Prefeitura Municipal de Barão de Antonina - SP;3505005;SP;DCA-Anexo I-C;Padrão;Receitas Brutas Realizadas;RO1.1.1.3.03.0.0;1.1.1.3.03.0.0 - Imposto sobre a Renda - Retido na Fonte;198684,13;3380
2018;Prefeitura Municipal de Barão de Antonina - SP;3505005;SP;DCA-Anexo I-C;Padrão;Receitas Brutas Realizadas;RO1.1.1.3.03.1.0;1.1.1.3.03.1.0 - Imposto sobre a Renda - Retido na Fonte - Trabalho;198684,13;3380
2018;Prefeitura Municipal de Barão de Antonina - SP;3505005;SP;DCA-Anexo I-C;Padrão;Receitas Brutas Realizadas;RO1.1.1.8.00.0.0;1.1.1.8.00.0.0 Impostos Específicos de Estados, DF e Municípios;430167,72;3380
2018;Prefeitura Municipal de Barão de Antonina - SP;3505005;SP;DCA-Anexo I-C;Padrão;Receitas Brutas Realizadas;RO1.1.1.8.01.0.0;1.1.1.8.01.0.0 Impostos sobre o Patrimônio para Estados/DF/Municípios;236409,97;3380
2018;Prefeitura Municipal de Barão de Antonina - SP;3505005;SP;DCA-Anexo I-C;Padrão;Receitas Brutas Realizadas;RO1.1.1.8.01.1.0;1.1.1.8.01.1.0 Imposto sobre a Propriedade Predial e Territorial Urbana;168378,21;3380
2018;Prefeitura Municipal de Barão de Antonina - SP;3505005;SP;DCA-Anexo I-C;Padrão;Receitas Brutas Realizadas;RO1.1.1.8.01.4.0;1.1.1.8.01.4.0 Imposto sobre Transmissão ¿Inter Vivos¿ de Bens Imóveis e de Direitos Reais sobre Imóveis;68031,76;3380
2018;Prefeitura Municipal de Barão de Antonina - SP;3505005;SP;DCA-Anexo I-C;Padrão;Receitas Brutas Realizadas;RO1.1.1.8.02.0.0;1.1.1.8.02.0.0 Impostos sobre a Produção, Circulação de Mercadorias e Serviços;193757,75;3380
2018;Prefeitura Municipal de Barão de Antonina - SP;3505005;SP;DCA-Anexo I-C;Padrão;Receitas Brutas Realizadas;RO1.1.1.8.02.3.0;1.1.1.8.02.3.0 Imposto sobre Serviços de Qualquer Natureza;193757,75;3380
2018;Prefeitura Municipal de Barão de Antonina - SP;3505005;SP;DCA-Anexo I-C;Padrão;Receitas Brutas Realizadas;RO1.1.2.0.00.0.0;1.1.2.0.00.0.0 - Taxas;31516,57;3380
2018;Prefeitura Municipal de Barão de Antonina - SP;3505005;SP;DCA-Anexo I-C;Padrão;Receitas Brutas Realizadas;RO1.1.2.2.00.0.0;1.1.2.2.00.0.0 - Taxas pela Prestação de Serviços;31516,57;3380
2018;Prefeitura Municipal de Barão de Antonina - SP;3505005;SP;DCA-Anexo I-C;Padrão;Receitas Brutas Realizadas;RO1.1.2.2.01.0.0;1.1.2.2.01.0.0 - Taxas pela Prestação de Serviços;31516,57;3380
2018;Prefeitura Municipal de Barão de Antonina - SP;3505005;SP;DCA-Anexo I-C;Padrão;Receitas Brutas Realizadas;RO1.7.0.0.00.0.0;1.7.0.0.00.0.0 - Transferências Correntes;15300377,78;3380
2018;Prefeitura Municipal de Barão de Antonina - SP;3505005;SP;DCA-Anexo I-C;Padrão;Deduções - FUNDEB;RO1.7.0.0.00.0.0;1.7.0.0.00.0.0 - Transferências Correntes;2336407,58;3380
2018;Prefeitura Municipal de Barão de Antonina - SP;3505005;SP;DCA-Anexo I-C;Padrão;Receitas Brutas Realizadas;RO1.7.1.0.00.0.0;1.7.1.0.00.0.0 - Transferências da União e de suas Entidades;9437672,45;3380
2018;Prefeitura Municipal de Barão de Antonina - SP;3505005;SP;DCA-Anexo I-C;Padrão;Deduções - FUNDEB;RO1.7.1.0.00.0.0;1.7.1.0.00.0.0 - Transferências da União e de suas Entidades;1541547,21;3380
2018;Prefeitura Municipal de Barão de Antonina - SP;3505005;SP;DCA-Anexo I-C;Padrão;Receitas Brutas Realizadas;RO1.7.1.8.00.0.0;1.7.1.8.00.0.0 Transferências da União - Específicas de Estados, DF e Municípios;9437672,45;3380
2018;Prefeitura Municipal de Barão de Antonina - SP;3505005;SP;DCA-Anexo I-C;Padrão;Deduções - FUNDEB;RO1.7.1.8.00.0.0;1.7.1.8.00.0.0 Transferências da União - Específicas de Estados, DF e Municípios;1541547,21;3380
2018;Prefeitura Municipal de Barão de Antonina - SP;3505005;SP;DCA-Anexo I-C;Padrão;Receitas Brutas Realizadas;RO1.7.1.8.01.0.0;1.7.1.8.01.0.0 Participação na Receita da União;8364985,26;3380
2018;Prefeitura Municipal de Barão de Antonina - SP;3505005;SP;DCA-Anexo I-C;Padrão;Deduções - FUNDEB;RO1.7.1.8.01.0.0;1.7.1.8.01.0.0 Participação na Receita da União;1538371,05;3380
2018;Prefeitura Municipal de Barão de Antonina - SP;3505005;SP;DCA-Anexo I-C;Padrão;Receitas Brutas Realizadas;RO1.7.1.8.01.2.0;1.7.1.8.01.2.0 Cota-Parte do Fundo de Participação dos Municípios - Cota Mensal;8344417,44;3380
2018;Prefeitura Municipal de Barão de Antonina - SP;3505005;SP;DCA-Anexo I-C;Padrão;Deduções - FUNDEB;RO1.7.1.8.01.2.0;1.7.1.8.01.2.0 Cota-Parte do Fundo de Participação dos Municípios - Cota Mensal;1534257,57;3380
2018;Prefeitura Municipal de Barão de Antonina - SP;3505005;SP;DCA-Anexo I-C;Padrão;Receitas Brutas Realizadas;RO1.7.1.8.01.5.0;1.7.1.8.01.5.0 Cota-Parte do Imposto Sobre a Propriedade Territorial Rural;20567,82;3380
2018;Prefeitura Municipal de Barão de Antonina - SP;3505005;SP;DCA-Anexo I-C;Padrão;Deduções - FUNDEB;RO1.7.1.8.01.5.0;1.7.1.8.01.5.0 Cota-Parte do Imposto Sobre a Propriedade Territorial Rural;4113,48;3380
2018;Prefeitura Municipal de Barão de Antonina - SP;3505005;SP;DCA-Anexo I-C;Padrão;Receitas Brutas Realizadas;RO1.7.1.8.02.0.0;1.7.1.8.02.0.0 Transferência da Compensação Financeira pela Exploração de Recursos Naturais;592415,10;3380
2018;Prefeitura Municipal de Barão de Antonina - SP;3505005;SP;DCA-Anexo I-C;Padrão;Receitas Brutas Realizadas;RO1.7.1.8.02.1.0;1.7.1.8.02.1.0 Cota-parte da Compensação Financeira de Recursos Hídricos;364003,94;3380
2018;Prefeitura Municipal de Barão de Antonina - SP;3505005;SP;DCA-Anexo I-C;Padrão;Receitas Brutas Realizadas;RO1.7.1.8.02.3.0;1.7.1.8.02.3.0 Cota-parte Royalties ¿ Compensação Financeira pela Produção de Petróleo ¿ Lei nº 7.990/89;653,82;3380
2018;Prefeitura Municipal de Barão de Antonina - SP;3505005;SP;DCA-Anexo I-C;Padrão;Receitas Brutas Realizadas;RO1.7.1.8.02.6.0;1.7.1.8.02.6.0 Cota-Parte do Fundo Especial do Petróleo ¿ FEP;108112,75;3380
2018;Prefeitura Municipal de Barão de Antonina - SP;3505005;SP;DCA-Anexo I-C;Padrão;Receitas Brutas Realizadas;RO1.7.1.8.02.9.0;1.7.1.8.02.9.0 Outras Transferências decorrentes de Compensação Financeira pela Exploração de Recursos Naturais;119644,59;3380
2018;Prefeitura Municipal de Barão de Antonina - SP;3505005;SP;DCA-Anexo I-C;Padrão;Receitas Brutas Realizadas;RO1.7.1.8.04.0.0;1.7.1.8.04.0.0 Transferências de Recursos do Fundo Nacional de Assistência Social ¿ FNAS;58008,34;3380
2018;Prefeitura Municipal de Barão de Antonina - SP;3505005;SP;DCA-Anexo I-C;Padrão;Receitas Brutas Realizadas;RO1.7.1.8.05.0.0;1.7.1.8.05.0.0 Transferências de Recursos do Fundo Nacional do Desenvolvimento da Educação ¿ FNDE;406382,83;3380
2018;Prefeitura Municipal de Barão de Antonina - SP;3505005;SP;DCA-Anexo I-C;Padrão;Receitas Brutas Realizadas;RO1.7.1.8.05.1.0;1.7.1.8.05.1.0 Transferências do Salário-Educação;251576,58;3380
2018;Prefeitura Municipal de Barão de Antonina - SP;3505005;SP;DCA-Anexo I-C;Padrão;Receitas Brutas Realizadas;RO1.7.1.8.05.3.0;1.7.1.8.05.3.0 Transferências Diretas do FNDE referentes ao Programa Nacional de Alimentação Escolar ¿ PNAE;35267,40;3380
2018;Prefeitura Municipal de Barão de Antonina - SP;3505005;SP;DCA-Anexo I-C;Padrão;Receitas Brutas Realizadas;RO1.7.1.8.05.4.0;1.7.1.8.05.4.0 Transferências Diretas do FNDE referentes ao Programa Nacional de Apoio ao Transporte do Escolar ¿ PNATE;27577,45;3380
2018;Prefeitura Municipal de Barão de Antonina - SP;3505005;SP;DCA-Anexo I-C;Padrão;Receitas Brutas Realizadas;RO1.7.1.8.05.9.0;1.7.1.8.05.9.0 Outras Transferências Diretas do Fundo Nacional do Desenvolvimento da Educação ¿ FNDE;91961,40;3380
2018;Prefeitura Municipal de Barão de Antonina - SP;3505005;SP;DCA-Anexo I-C;Padrão;Receitas Brutas Realizadas;RO1.7.1.8.06.0.0;1.7.1.8.06.0.0 Transferência Financeira do ICMS ¿ Desoneração ¿ L.C. Nº 87/96;15880,92;3380
2018;Prefeitura Municipal de Barão de Antonina - SP;3505005;SP;DCA-Anexo I-C;Padrão;Deduções - FUNDEB;RO1.7.1.8.06.0.0;1.7.1.8.06.0.0 Transferência Financeira do ICMS ¿ Desoneração ¿ L.C. Nº 87/96;3176,16;3380
2018;Prefeitura Municipal de Barão de Antonina - SP;3505005;SP;DCA-Anexo I-C;Padrão;Receitas Brutas Realizadas;RO1.7.1.8.06.1.0;1.7.1.8.06.1.0 Transferência Financeira do ICMS ¿ Desoneração ¿ L.C. Nº 87/96;15880,92;3380
2018;Prefeitura Municipal de Barão de Antonina - SP;3505005;SP;DCA-Anexo I-C;Padrão;Deduções - FUNDEB;RO1.7.1.8.06.1.0;1.7.1.8.06.1.0 Transferência Financeira do ICMS ¿ Desoneração ¿ L.C. Nº 87/96;3176,16;3380
2018;Prefeitura Municipal de Barão de Antonina - SP;3505005;SP;DCA-Anexo I-C;Padrão;Receitas Brutas Realizadas;RO1.7.2.0.00.0.0;1.7.2.0.00.0.0 - Transferências dos Estados e do Distrito Federal e de suas Entidades;4296407,31;3380
2018;Prefeitura Municipal de Barão de Antonina - SP;3505005;SP;DCA-Anexo I-C;Padrão;Deduções - FUNDEB;RO1.7.2.0.00.0.0;1.7.2.0.00.0.0 - Transferências dos Estados e do Distrito Federal e de suas Entidades;794860,37;3380
2018;Prefeitura Municipal de Barão de Antonina - SP;3505005;SP;DCA-Anexo I-C;Padrão;Receitas Brutas Realizadas;RO1.7.2.8.00.0.0;1.7.2.8.00.0.0 Transferências dos Estados - Específicas de Estados, DF e Municípios;4296407,31;3380
2018;Prefeitura Municipal de Barão de Antonina - SP;3505005;SP;DCA-Anexo I-C;Padrão;Deduções - FUNDEB;RO1.7.2.8.00.0.0;1.7.2.8.00.0.0 Transferências dos Estados - Específicas de Estados, DF e Municípios;794860,37;3380
2018;Prefeitura Municipal de Barão de Antonina - SP;3505005;SP;DCA-Anexo I-C;Padrão;Receitas Brutas Realizadas;RO1.7.2.8.01.0.0;1.7.2.8.01.0.0 Participação na Receita dos Estados;3993579,09;3380
2018;Prefeitura Municipal de Barão de Antonina - SP;3505005;SP;DCA-Anexo I-C;Padrão;Deduções - FUNDEB;RO1.7.2.8.01.0.0;1.7.2.8.01.0.0 Participação na Receita dos Estados;794860,37;3380
2018;Prefeitura Municipal de Barão de Antonina - SP;3505005;SP;DCA-Anexo I-C;Padrão;Receitas Brutas Realizadas;RO1.7.2.8.01.1.0;1.7.2.8.01.1.0 Cota-Parte do ICMS;3693955,29;3380
2018;Prefeitura Municipal de Barão de Antonina - SP;3505005;SP;DCA-Anexo I-C;Padrão;Deduções - FUNDEB;RO1.7.2.8.01.1.0;1.7.2.8.01.1.0 Cota-Parte do ICMS;738790,85;3380
2018;Prefeitura Municipal de Barão de Antonina - SP;3505005;SP;DCA-Anexo I-C;Padrão;Receitas Brutas Realizadas;RO1.7.2.8.01.2.0;1.7.2.8.01.2.0 Cota-Parte do IPVA;233626,02;3380
2018;Prefeitura Municipal de Barão de Antonina - SP;3505005;SP;DCA-Anexo I-C;Padrão;Deduções - FUNDEB;RO1.7.2.8.01.2.0;1.7.2.8.01.2.0 Cota-Parte do IPVA;46725,13;3380
2018;Prefeitura Municipal de Barão de Antonina - SP;3505005;SP;DCA-Anexo I-C;Padrão;Receitas Brutas Realizadas;RO1.7.2.8.01.3.0;1.7.2.8.01.3.0 Cota-Parte do IPI - Municípios;46722,28;3380
2018;Prefeitura Municipal de Barão de Antonina - SP;3505005;SP;DCA-Anexo I-C;Padrão;Deduções - FUNDEB;RO1.7.2.8.01.3.0;1.7.2.8.01.3.0 Cota-Parte do IPI - Municípios;9344,39;3380
2018;Prefeitura Municipal de Barão de Antonina - SP;3505005;SP;DCA-Anexo I-C;Padrão;Receitas Brutas Realizadas;RO1.7.2.8.01.4.0;1.7.2.8.01.4.0 Cota-Parte da Contribuição de Intervenção no Domínio Econômico;19275,50;3380
2018;Prefeitura Municipal de Barão de Antonina - SP;3505005;SP;DCA-Anexo I-C;Padrão;Receitas Brutas Realizadas;RO1.7.2.8.02.0.0;1.7.2.8.02.0.0 Transferência da Cota-parte da Compensação Financeira (25%);6956,95;3380
2018;Prefeitura Municipal de Barão de Antonina - SP;3505005;SP;DCA-Anexo I-C;Padrão;Receitas Brutas Realizadas;RO1.7.2.8.02.3.0;1.7.2.8.02.3.0 Cota-parte Royalties ¿ Compensação Financeira pela Produção do Petróleo ¿ Lei nº 7.990/89, artigo 9º;6956,95;3380
2018;Prefeitura Municipal de Barão de Antonina - SP;3505005;SP;DCA-Anexo I-C;Padrão;Receitas Brutas Realizadas;RO1.7.2.8.03.0.0;1.7.2.8.03.0.0 Transferência de Recursos do Estado para Programas de Saúde ¿ Repasse Fundo a Fundo;48657,00;3380
2018;Prefeitura Municipal de Barão de Antonina - SP;3505005;SP;DCA-Anexo I-C;Padrão;Receitas Brutas Realizadas;RO1.7.2.8.10.0.0;1.7.2.8.10.0.0 Transferência de Convênios dos Estados e do Distrito Federal e de Suas Entidades;247214,27;3380
2018;Prefeitura Municipal de Barão de Antonina - SP;3505005;SP;DCA-Anexo I-C;Padrão;Receitas Brutas Realizadas;RO1.7.2.8.10.1.0;1.7.2.8.10.1.0 Transferências de Convênio dos Estados para o Sistema Único de Saúde ¿ SUS;158679,27;3380
2018;Prefeitura Municipal de Barão de Antonina - SP;3505005;SP;DCA-Anexo I-C;Padrão;Receitas Brutas Realizadas;RO1.7.2.8.10.2.0;1.7.2.8.10.2.0 Transferências de Convênio dos Estados Destinadas a Programas de Educação;88535,00;3380
2018;Prefeitura Municipal de Barão de Antonina - SP;3505005;SP;DCA-Anexo I-C;Padrão;Receitas Brutas Realizadas;RO1.7.5.0.00.0.0;1.7.5.0.00.0.0 - Transferências de Outras Instituições Públicas;1566298,02;3380
2018;Prefeitura Municipal de Barão de Antonina - SP;3505005;SP;DCA-Anexo I-C;Padrão;Receitas Brutas Realizadas;RO1.7.5.8.00.0.0;1.7.5.8.00.0.0 Transferências de Outras Instituições Públicas - Específicas de Estados, DF e Municípios;1566298,02;3380
2018;Prefeitura Municipal de Barão de Antonina - SP;3505005;SP;DCA-Anexo I-C;Padrão;Receitas Brutas Realizadas;RO1.7.5.8.01.0.0;1.7.5.8.01.0.0 Transferências de Recursos do Fundo de Manutenção e Desenvolvimento da Educação Básica e de Valorização dos Profissionais da Educação ¿ FUNDEB;1566298,02;3380
2018;Prefeitura Municipal de Barão de Antonina - SP;3505005;SP;DCA-Anexo I-C;Padrão;Receitas Brutas Realizadas;RO1.9.0.0.00.0.0;1.9.0.0.00.0.0 - Outras Receitas Correntes;208972,22;3380
2018;Prefeitura Municipal de Barão de Antonina - SP;3505005;SP;DCA-Anexo I-C;Padrão;Receitas Brutas Realizadas;RO1.9.1.0.00.0.0;1.9.1.0.00.0.0 - Multas Administrativas, Contratuais e Judiciais;249,57;3380
2018;Prefeitura Municipal de Barão de Antonina - SP;3505005;SP;DCA-Anexo I-C;Padrão;Receitas Brutas Realizadas;RO1.9.2.0.00.0.0;1.9.2.0.00.0.0 - Indenizações, Restituições e Ressarcimentos;86431,39;3380
2018;Prefeitura Municipal de Barão de Antonina - SP;3505005;SP;DCA-Anexo I-C;Padrão;Receitas Brutas Realizadas;RO1.9.2.2.00.0.0;1.9.2.2.00.0.0 - Restituições;86431,39;3380
2018;Prefeitura Municipal de Barão de Antonina - SP;3505005;SP;DCA-Anexo I-C;Padrão;Receitas Brutas Realizadas;RO1.9.2.2.99.0.0;1.9.2.2.99.0.0 - Outras Restituições;86431,39;3380
2018;Prefeitura Municipal de Barão de Antonina - SP;3505005;SP;DCA-Anexo I-C;Padrão;Receitas Brutas Realizadas;RO1.9.9.0.00.0.0;1.9.9.0.00.0.0 - Demais Receitas Correntes;122291,26;3380
2018;Prefeitura Municipal de Barão de Antonina - SP;3505005;SP;DCA-Anexo I-C;Padrão;Receitas Brutas Realizadas;RO1.9.9.0.99.0.0;1.9.9.0.99.0.0 - Outras Receitas;122291,26;3380
2018;Prefeitura Municipal de Barão de Antonina - SP;3505005;SP;DCA-Anexo I-C;Padrão;Receitas Brutas Realizadas;RO1.9.9.0.99.1.0;1.9.9.0.99.1.0 - Outras Receitas - Primárias;122291,26;3380
2018;Prefeitura Municipal de Barão de Antonina - SP;3505005;SP;DCA-Anexo I-C;Padrão;Receitas Brutas Realizadas;RO2.0.0.0.00.0.0;2.0.0.0.00.0.0 - Receitas de Capital;1185591,34;3380
2018;Prefeitura Municipal de Barão de Antonina - SP;3505005;SP;DCA-Anexo I-C;Padrão;Receitas Brutas Realizadas;RO2.4.0.0.00.0.0;2.4.0.0.00.0.0 - Transferências de Capital;1185591,34;3380
2018;Prefeitura Municipal de Barão de Antonina - SP;3505005;SP;DCA-Anexo I-C;Padrão;Receitas Brutas Realizadas;RO2.4.1.0.00.0.0;2.4.1.0.00.0.0 - Transferências da União e de suas Entidades;490000,00;3380
2018;Prefeitura Municipal de Barão de Antonina - SP;3505005;SP;DCA-Anexo I-C;Padrão;Receitas Brutas Realizadas;RO2.4.1.8.00.0.0;2.4.1.8.00.0.0 Transferências da União - Específicas de Estados, DF e Municípios;490000,00;3380
2018;Prefeitura Municipal de Barão de Antonina - SP;3505005;SP;DCA-Anexo I-C;Padrão;Receitas Brutas Realizadas;RO2.4.1.8.03.0.0;2.4.1.8.03.0.0 Transferências de Recursos do Sistema Único de Saúde ¿ SUS;440000,00;3380
2018;Prefeitura Municipal de Barão de Antonina - SP;3505005;SP;DCA-Anexo I-C;Padrão;Receitas Brutas Realizadas;RO2.4.1.8.08.0.0;2.4.1.8.08.0.0 Transferências Advindas de Emendas Parlamentares Individuais;50000,00;3380
2018;Prefeitura Municipal de Barão de Antonina - SP;3505005;SP;DCA-Anexo I-C;Padrão;Receitas Brutas Realizadas;RO2.4.2.0.00.0.0;2.4.2.0.00.0.0 - Transferências dos Estados e do Distrito Federal e de suas Entidades;695591,34;3380
2018;Prefeitura Municipal de Barão de Antonina - SP;3505005;SP;DCA-Anexo I-C;Padrão;Receitas Brutas Realizadas;RO2.4.2.8.00.0.0;2.4.2.8.00.0.0 Transferências dos Estados, Distrito Federal, e de suas Entidades;695591,34;3380
2018;Prefeitura Municipal de Barão de Antonina - SP;3505005;SP;DCA-Anexo I-C;Padrão;Receitas Brutas Realizadas;RO2.4.2.8.10.0.0;2.4.2.8.10.0.0 Transferências de Convênios dos Estados e do Distrito Federal e de suas Entidades;695591,34;3380
2019;Prefeitura Municipal de Barão de Antonina - SP;3505005;SP;DCA-Anexo I-C;Padrão;Receitas Brutas Realizadas;ReceitasExcetoIntraOrcamentarias;RECEITAS (EXCETO INTRA-ORÇAMENTÁRIAS) (I);18922196,40;3441
2019;Prefeitura Municipal de Barão de Antonina - SP;3505005;SP;DCA-Anexo I-C;Padrão;Deduções - FUNDEB;ReceitasExcetoIntraOrcamentarias;RECEITAS (EXCETO INTRA-ORÇAMENTÁRIAS) (I);2543593,54;3441
2019;Prefeitura Municipal de Barão de Antonina - SP;3505005;SP;DCA-Anexo I-C;Padrão;Receitas Brutas Realizadas;RO1.0.0.0.00.0.0;1.0.0.0.00.0.0 - Receitas Correntes;18390047,29;3441
2019;Prefeitura Municipal de Barão de Antonina - SP;3505005;SP;DCA-Anexo I-C;Padrão;Deduções - FUNDEB;RO1.0.0.0.00.0.0;1.0.0.0.00.0.0 - Receitas Correntes;2543593,54;3441
2019;Prefeitura Municipal de Barão de Antonina - SP;3505005;SP;DCA-Anexo I-C;Padrão;Receitas Brutas Realizadas;RO1.1.0.0.00.0.0;1.1.0.0.00.0.0 - Impostos, Taxas e Contribuições de Melhoria;800994,69;3441
2019;Prefeitura Municipal de Barão de Antonina - SP;3505005;SP;DCA-Anexo I-C;Padrão;Receitas Brutas Realizadas;RO1.1.1.0.00.0.0;1.1.1.0.00.0.0 - Impostos;759055,40;3441
2019;Prefeitura Municipal de Barão de Antonina - SP;3505005;SP;DCA-Anexo I-C;Padrão;Receitas Brutas Realizadas;RO1.1.1.3.00.0.0;1.1.1.3.00.0.0 - Impostos sobre a Renda e Proventos de Qualquer Natureza;234055,49;3441
2019;Prefeitura Municipal de Barão de Antonina - SP;3505005;SP;DCA-Anexo I-C;Padrão;Receitas Brutas Realizadas;RO1.1.1.3.03.0.0;1.1.1.3.03.0.0 - Imposto sobre a Renda - Retido na Fonte;234055,49;3441
2019;Prefeitura Municipal de Barão de Antonina - SP;3505005;SP;DCA-Anexo I-C;Padrão;Receitas Brutas Realizadas;RO1.1.1.3.03.1.0;1.1.1.3.03.1.0 - Imposto sobre a Renda - Retido na Fonte - Trabalho;234055,49;3441
2019;Prefeitura Municipal de Barão de Antonina - SP;3505005;SP;DCA-Anexo I-C;Padrão;Receitas Brutas Realizadas;RO1.1.1.8.00.0.0;1.1.1.8.00.0.0 Impostos Específicos de Estados, DF e Municípios;524999,91;3441
2019;Prefeitura Municipal de Barão de Antonina - SP;3505005;SP;DCA-Anexo I-C;Padrão;Receitas Brutas Realizadas;RO1.1.1.8.01.0.0;1.1.1.8.01.0.0 Impostos sobre o Patrimônio para Estados/DF/Municípios;327020,94;3441
2019;Prefeitura Municipal de Barão de Antonina - SP;3505005;SP;DCA-Anexo I-C;Padrão;Receitas Brutas Realizadas;RO1.1.1.8.01.1.0;1.1.1.8.01.1.0 Imposto sobre a Propriedade Predial e Territorial Urbana;166795,57;3441
2019;Prefeitura Municipal de Barão de Antonina - SP;3505005;SP;DCA-Anexo I-C;Padrão;Receitas Brutas Realizadas;RO1.1.1.8.01.4.0;1.1.1.8.01.4.0 Imposto sobre Transmissão ¿Inter Vivos¿ de Bens Imóveis e de Direitos Reais sobre Imóveis;160225,37;3441
2019;Prefeitura Municipal de Barão de Antonina - SP;3505005;SP;DCA-Anexo I-C;Padrão;Receitas Brutas Realizadas;RO1.1.1.8.02.0.0;1.1.1.8.02.0.0 Impostos sobre a Produção, Circulação de Mercadorias e Serviços;197978,97;3441
2019;Prefeitura Municipal de Barão de Antonina - SP;3505005;SP;DCA-Anexo I-C;Padrão;Receitas Brutas Realizadas;RO1.1.1.8.02.3.0;1.1.1.8.02.3.0 Imposto sobre Serviços de Qualquer Natureza;197978,97;3441
2019;Prefeitura Municipal de Barão de Antonina - SP;3505005;SP;DCA-Anexo I-C;Padrão;Receitas Brutas Realizadas;RO1.1.2.0.00.0.0;1.1.2.0.00.0.0 - Taxas;41939,29;3441
2019;Prefeitura Municipal de Barão de Antonina - SP;3505005;SP;DCA-Anexo I-C;Padrão;Receitas Brutas Realizadas;RO1.1.2.2.00.0.0;1.1.2.2.00.0.0 - Taxas pela Prestação de Serviços;41939,29;3441
2019;Prefeitura Municipal de Barão de Antonina - SP;3505005;SP;DCA-Anexo I-C;Padrão;Receitas Brutas Realizadas;RO1.1.2.2.01.0.0;1.1.2.2.01.0.0 - Taxas pela Prestação de Serviços;41939,29;3441
2019;Prefeitura Municipal de Barão de Antonina - SP;3505005;SP;DCA-Anexo I-C;Padrão;Receitas Brutas Realizadas;RO1.3.0.0.00.0.0;1.3.0.0.00.0.0 - Receita Patrimonial;23714,29;3441
2019;Prefeitura Municipal de Barão de Antonina - SP;3505005;SP;DCA-Anexo I-C;Padrão;Receitas Brutas Realizadas;RO1.3.2.0.00.0.0;1.3.2.0.00.0.0 - Valores Mobiliários;23714,29;3441
2019;Prefeitura Municipal de Barão de Antonina - SP;3505005;SP;DCA-Anexo I-C;Padrão;Receitas Brutas Realizadas;RO1.3.2.1.00.0.0;1.3.2.1.00.0.0 - Juros e Correções Monetárias;23714,29;3441
2019;Prefeitura Municipal de Barão de Antonina - SP;3505005;SP;DCA-Anexo I-C;Padrão;Receitas Brutas Realizadas;RO1.3.2.1.00.1.0;1.3.2.1.00.1.0 - Remuneração de Depósitos Bancários;23714,29;3441
2019;Prefeitura Municipal de Barão de Antonina - SP;3505005;SP;DCA-Anexo I-C;Padrão;Receitas Brutas Realizadas;RO1.7.0.0.00.0.0;1.7.0.0.00.0.0 - Transferências Correntes;17430863,22;3441
2019;Prefeitura Municipal de Barão de Antonina - SP;3505005;SP;DCA-Anexo I-C;Padrão;Deduções - FUNDEB;RO1.7.0.0.00.0.0;1.7.0.0.00.0.0 - Transferências Correntes;2543593,54;3441
2019;Prefeitura Municipal de Barão de Antonina - SP;3505005;SP;DCA-Anexo I-C;Padrão;Receitas Brutas Realizadas;RO1.7.1.0.00.0.0;1.7.1.0.00.0.0 - Transferências da União e de suas Entidades;11079776,25;3441
2019;Prefeitura Municipal de Barão de Antonina - SP;3505005;SP;DCA-Anexo I-C;Padrão;Deduções - FUNDEB;RO1.7.1.0.00.0.0;1.7.1.0.00.0.0 - Transferências da União e de suas Entidades;1672119,81;3441
2019;Prefeitura Municipal de Barão de Antonina - SP;3505005;SP;DCA-Anexo I-C;Padrão;Receitas Brutas Realizadas;RO1.7.1.8.00.0.0;1.7.1.8.00.0.0 Transferências da União - Específicas de Estados, DF e Municípios;11079776,25;3441
2019;Prefeitura Municipal de Barão de Antonina - SP;3505005;SP;DCA-Anexo I-C;Padrão;Deduções - FUNDEB;RO1.7.1.8.00.0.0;1.7.1.8.00.0.0 Transferências da União - Específicas de Estados, DF e Municípios;1672119,81;3441
2019;Prefeitura Municipal de Barão de Antonina - SP;3505005;SP;DCA-Anexo I-C;Padrão;Receitas Brutas Realizadas;RO1.7.1.8.01.0.0;1.7.1.8.01.0.0 Participação na Receita da União;9082780,46;3441
2019;Prefeitura Municipal de Barão de Antonina - SP;3505005;SP;DCA-Anexo I-C;Padrão;Deduções - FUNDEB;RO1.7.1.8.01.0.0;1.7.1.8.01.0.0 Participação na Receita da União;1672119,81;3441
2019;Prefeitura Municipal de Barão de Antonina - SP;3505005;SP;DCA-Anexo I-C;Padrão;Receitas Brutas Realizadas;RO1.7.1.8.01.2.0;1.7.1.8.01.2.0 Cota-Parte do Fundo de Participação dos Municípios - Cota Mensal;9059968,77;3441
2019;Prefeitura Municipal de Barão de Antonina - SP;3505005;SP;DCA-Anexo I-C;Padrão;Deduções - FUNDEB;RO1.7.1.8.01.2.0;1.7.1.8.01.2.0 Cota-Parte do Fundo de Participação dos Municípios - Cota Mensal;1667557,59;3441
2019;Prefeitura Municipal de Barão de Antonina - SP;3505005;SP;DCA-Anexo I-C;Padrão;Receitas Brutas Realizadas;RO1.7.1.8.01.5.0;1.7.1.8.01.5.0 Cota-Parte do Imposto Sobre a Propriedade Territorial Rural;22811,69;3441
2019;Prefeitura Municipal de Barão de Antonina - SP;3505005;SP;DCA-Anexo I-C;Padrão;Deduções - FUNDEB;RO1.7.1.8.01.5.0;1.7.1.8.01.5.0 Cota-Parte do Imposto Sobre a Propriedade Territorial Rural;4562,22;3441
2019;Prefeitura Municipal de Barão de Antonina - SP;3505005;SP;DCA-Anexo I-C;Padrão;Receitas Brutas Realizadas;RO1.7.1.8.02.0.0;1.7.1.8.02.0.0 Transferência da Compensação Financeira pela Exploração de Recursos Naturais;500884,42;3441
2019;Prefeitura Municipal de Barão de Antonina - SP;3505005;SP;DCA-Anexo I-C;Padrão;Receitas Brutas Realizadas;RO1.7.1.8.02.1.0;1.7.1.8.02.1.0 Cota-parte da Compensação Financeira de Recursos Hídricos;219776,04;3441
2019;Prefeitura Municipal de Barão de Antonina - SP;3505005;SP;DCA-Anexo I-C;Padrão;Receitas Brutas Realizadas;RO1.7.1.8.02.6.0;1.7.1.8.02.6.0 Cota-Parte do Fundo Especial do Petróleo ¿ FEP;138861,81;3441
2019;Prefeitura Municipal de Barão de Antonina - SP;3505005;SP;DCA-Anexo I-C;Padrão;Receitas Brutas Realizadas;RO1.7.1.8.02.9.0;1.7.1.8.02.9.0 Outras Transferências decorrentes de Compensação Financeira pela Exploração de Recursos Naturais;142246,57;3441
2019;Prefeitura Municipal de Barão de Antonina - SP;3505005;SP;DCA-Anexo I-C;Padrão;Receitas Brutas Realizadas;RO1.7.1.8.03.0.0;"1.7.1.8.03.0.0 Transferência de Recursos do Sistema Único de Saúde ¿ 
 SUS ¿ Bloco Custeio das Ações e Serviços Públicos de Saúde";680586,15;3441
2019;Prefeitura Municipal de Barão de Antonina - SP;3505005;SP;DCA-Anexo I-C;Padrão;Receitas Brutas Realizadas;RO1.7.1.8.03.1.0;1.7.1.8.03.1.0 - Transferência de Recursos do SUS ¿ Atenção Básica;680586,15;3441
2019;Prefeitura Municipal de Barão de Antonina - SP;3505005;SP;DCA-Anexo I-C;Padrão;Receitas Brutas Realizadas;RO1.7.1.8.05.0.0;1.7.1.8.05.0.0 Transferências de Recursos do Fundo Nacional do Desenvolvimento da Educação ¿ FNDE;256945,37;3441
2019;Prefeitura Municipal de Barão de Antonina - SP;3505005;SP;DCA-Anexo I-C;Padrão;Receitas Brutas Realizadas;RO1.7.1.8.05.1.0;1.7.1.8.05.1.0 Transferências do Salário-Educação;210364,88;3441
2019;Prefeitura Municipal de Barão de Antonina - SP;3505005;SP;DCA-Anexo I-C;Padrão;Receitas Brutas Realizadas;RO1.7.1.8.05.3.0;1.7.1.8.05.3.0 Transferências Diretas do FNDE referentes ao Programa Nacional de Alimentação Escolar ¿ PNAE;37877,40;3441
2019;Prefeitura Municipal de Barão de Antonina - SP;3505005;SP;DCA-Anexo I-C;Padrão;Receitas Brutas Realizadas;RO1.7.1.8.05.4.0;1.7.1.8.05.4.0 Transferências Diretas do FNDE referentes ao Programa Nacional de Apoio ao Transporte do Escolar ¿ PNATE;8703,09;3441
2019;Prefeitura Municipal de Barão de Antonina - SP;3505005;SP;DCA-Anexo I-C;Padrão;Receitas Brutas Realizadas;RO1.7.1.8.06.0.0;1.7.1.8.06.0.0 Transferência Financeira do ICMS ¿ Desoneração ¿ L.C. Nº 87/96;16325,02;3441
2019;Prefeitura Municipal de Barão de Antonina - SP;3505005;SP;DCA-Anexo I-C;Padrão;Receitas Brutas Realizadas;RO1.7.1.8.10.0.0;1.7.1.8.10.0.0 Transferências de Convênios da União e de Suas Entidades;90000,00;3441
2019;Prefeitura Municipal de Barão de Antonina - SP;3505005;SP;DCA-Anexo I-C;Padrão;Receitas Brutas Realizadas;RO1.7.1.8.10.3.0;1.7.1.8.10.3.0 Transferências de Convênios da União Destinadas a Programas de Assistência Social;90000,00;3441
2019;Prefeitura Municipal de Barão de Antonina - SP;3505005;SP;DCA-Anexo I-C;Padrão;Receitas Brutas Realizadas;RO1.7.1.8.12.0.0;1.7.1.8.12.0.0 - Transferências de Recursos do Fundo Nacional de Assistência Social ¿ FNAS;14300,00;3441
2019;Prefeitura Municipal de Barão de Antonina - SP;3505005;SP;DCA-Anexo I-C;Padrão;Receitas Brutas Realizadas;RO1.7.1.8.99.0.0;1.7.1.8.99.0.0 Outras Transferências da União;437954,83;3441
2019;Prefeitura Municipal de Barão de Antonina - SP;3505005;SP;DCA-Anexo I-C;Padrão;Receitas Brutas Realizadas;RO1.7.2.0.00.0.0;1.7.2.0.00.0.0 - Transferências dos Estados e do Distrito Federal e de suas Entidades;4562965,26;3441
2019;Prefeitura Municipal de Barão de Antonina - SP;3505005;SP;DCA-Anexo I-C;Padrão;Deduções - FUNDEB;RO1.7.2.0.00.0.0;1.7.2.0.00.0.0 - Transferências dos Estados e do Distrito Federal e de suas Entidades;871473,73;3441
2019;Prefeitura Municipal de Barão de Antonina - SP;3505005;SP;DCA-Anexo I-C;Padrão;Receitas Brutas Realizadas;RO1.7.2.8.00.0.0;1.7.2.8.00.0.0 Transferências dos Estados - Específicas de Estados, DF e Municípios;4562965,26;3441
2019;Prefeitura Municipal de Barão de Antonina - SP;3505005;SP;DCA-Anexo I-C;Padrão;Deduções - FUNDEB;RO1.7.2.8.00.0.0;1.7.2.8.00.0.0 Transferências dos Estados - Específicas de Estados, DF e Municípios;871473,73;3441
2019;Prefeitura Municipal de Barão de Antonina - SP;3505005;SP;DCA-Anexo I-C;Padrão;Receitas Brutas Realizadas;RO1.7.2.8.01.0.0;1.7.2.8.01.0.0 Participação na Receita dos Estados;4369058,18;3441
2019;Prefeitura Municipal de Barão de Antonina - SP;3505005;SP;DCA-Anexo I-C;Padrão;Deduções - FUNDEB;RO1.7.2.8.01.0.0;1.7.2.8.01.0.0 Participação na Receita dos Estados;871473,73;3441
2019;Prefeitura Municipal de Barão de Antonina - SP;3505005;SP;DCA-Anexo I-C;Padrão;Receitas Brutas Realizadas;RO1.7.2.8.01.1.0;1.7.2.8.01.1.0 Cota-Parte do ICMS;4070657,32;3441
2019;Prefeitura Municipal de Barão de Antonina - SP;3505005;SP;DCA-Anexo I-C;Padrão;Deduções - FUNDEB;RO1.7.2.8.01.1.0;1.7.2.8.01.1.0 Cota-Parte do ICMS;814131,29;3441
2019;Prefeitura Municipal de Barão de Antonina - SP;3505005;SP;DCA-Anexo I-C;Padrão;Receitas Brutas Realizadas;RO1.7.2.8.01.2.0;1.7.2.8.01.2.0 Cota-Parte do IPVA;244209,73;3441
2019;Prefeitura Municipal de Barão de Antonina - SP;3505005;SP;DCA-Anexo I-C;Padrão;Deduções - FUNDEB;RO1.7.2.8.01.2.0;1.7.2.8.01.2.0 Cota-Parte do IPVA;48841,88;3441
2019;Prefeitura Municipal de Barão de Antonina - SP;3505005;SP;DCA-Anexo I-C;Padrão;Receitas Brutas Realizadas;RO1.7.2.8.01.3.0;1.7.2.8.01.3.0 Cota-Parte do IPI - Municípios;42503,27;3441
2019;Prefeitura Municipal de Barão de Antonina - SP;3505005;SP;DCA-Anexo I-C;Padrão;Deduções - FUNDEB;RO1.7.2.8.01.3.0;1.7.2.8.01.3.0 Cota-Parte do IPI - Municípios;8500,56;3441
2019;Prefeitura Municipal de Barão de Antonina - SP;3505005;SP;DCA-Anexo I-C;Padrão;Receitas Brutas Realizadas;RO1.7.2.8.01.4.0;1.7.2.8.01.4.0 Cota-Parte da Contribuição de Intervenção no Domínio Econômico;11687,86;3441
2019;Prefeitura Municipal de Barão de Antonina - SP;3505005;SP;DCA-Anexo I-C;Padrão;Receitas Brutas Realizadas;RO1.7.2.8.02.0.0;1.7.2.8.02.0.0 Transferência da Cota-parte da Compensação Financeira (25%);7631,68;3441
2019;Prefeitura Municipal de Barão de Antonina - SP;3505005;SP;DCA-Anexo I-C;Padrão;Receitas Brutas Realizadas;RO1.7.2.8.02.3.0;1.7.2.8.02.3.0 Cota-parte Royalties ¿ Compensação Financeira pela Produção do Petróleo ¿ Lei nº 7.990/89, artigo 9º;7631,68;3441
2019;Prefeitura Municipal de Barão de Antonina - SP;3505005;SP;DCA-Anexo I-C;Padrão;Receitas Brutas Realizadas;RO1.7.2.8.03.0.0;1.7.2.8.03.0.0 Transferência de Recursos do Estado para Programas de Saúde ¿ Repasse Fundo a Fundo;83695,49;3441
2019;Prefeitura Municipal de Barão de Antonina - SP;3505005;SP;DCA-Anexo I-C;Padrão;Receitas Brutas Realizadas;RO1.7.2.8.07.0.0;1.7.2.8.07.0.0 Transferências de Estados destinadas à Assistência Social;12503,40;3441
2019;Prefeitura Municipal de Barão de Antonina - SP;3505005;SP;DCA-Anexo I-C;Padrão;Receitas Brutas Realizadas;RO1.7.2.8.10.0.0;1.7.2.8.10.0.0 Transferência de Convênios dos Estados e do Distrito Federal e de Suas Entidades;90076,51;3441
2019;Prefeitura Municipal de Barão de Antonina - SP;3505005;SP;DCA-Anexo I-C;Padrão;Receitas Brutas Realizadas;RO1.7.2.8.10.2.0;1.7.2.8.10.2.0 Transferências de Convênio dos Estados Destinadas a Programas de Educação;90076,51;3441
2019;Prefeitura Municipal de Barão de Antonina - SP;3505005;SP;DCA-Anexo I-C;Padrão;Receitas Brutas Realizadas;RO1.7.5.0.00.0.0;1.7.5.0.00.0.0 - Transferências de Outras Instituições Públicas;1788121,71;3441
2019;Prefeitura Municipal de Barão de Antonina - SP;3505005;SP;DCA-Anexo I-C;Padrão;Receitas Brutas Realizadas;RO1.7.5.8.00.0.0;1.7.5.8.00.0.0 Transferências de Outras Instituições Públicas - Específicas de Estados, DF e Municípios;1788121,71;3441
2019;Prefeitura Municipal de Barão de Antonina - SP;3505005;SP;DCA-Anexo I-C;Padrão;Receitas Brutas Realizadas;RO1.7.5.8.01.0.0;1.7.5.8.01.0.0 Transferências de Recursos do Fundo de Manutenção e Desenvolvimento da Educação Básica e de Valorização dos Profissionais da Educação ¿ FUNDEB;1788121,71;3441
2019;Prefeitura Municipal de Barão de Antonina - SP;3505005;SP;DCA-Anexo I-C;Padrão;Receitas Brutas Realizadas;RO1.9.0.0.00.0.0;1.9.0.0.00.0.0 - Outras Receitas Correntes;134475,09;3441
2019;Prefeitura Municipal de Barão de Antonina - SP;3505005;SP;DCA-Anexo I-C;Padrão;Receitas Brutas Realizadas;RO1.9.9.0.00.0.0;1.9.9.0.00.0.0 - Demais Receitas Correntes;134475,09;3441
2019;Prefeitura Municipal de Barão de Antonina - SP;3505005;SP;DCA-Anexo I-C;Padrão;Receitas Brutas Realizadas;RO1.9.9.0.99.0.0;1.9.9.0.99.0.0 - Outras Receitas;134475,09;3441
2019;Prefeitura Municipal de Barão de Antonina - SP;3505005;SP;DCA-Anexo I-C;Padrão;Receitas Brutas Realizadas;RO1.9.9.0.99.1.0;1.9.9.0.99.1.0 - Outras Receitas - Primárias;134475,09;3441
2019;Prefeitura Municipal de Barão de Antonina - SP;3505005;SP;DCA-Anexo I-C;Padrão;Receitas Brutas Realizadas;RO2.0.0.0.00.0.0;2.0.0.0.00.0.0 - Receitas de Capital;532149,11;3441
2019;Prefeitura Municipal de Barão de Antonina - SP;3505005;SP;DCA-Anexo I-C;Padrão;Receitas Brutas Realizadas;RO2.4.0.0.00.0.0;2.4.0.0.00.0.0 - Transferências de Capital;532149,11;3441
2019;Prefeitura Municipal de Barão de Antonina - SP;3505005;SP;DCA-Anexo I-C;Padrão;Receitas Brutas Realizadas;RO2.4.2.0.00.0.0;2.4.2.0.00.0.0 - Transferências dos Estados e do Distrito Federal e de suas Entidades;532149,11;3441
2019;Prefeitura Municipal de Barão de Antonina - SP;3505005;SP;DCA-Anexo I-C;Padrão;Receitas Brutas Realizadas;RO2.4.2.8.00.0.0;2.4.2.8.00.0.0 Transferências dos Estados, Distrito Federal, e de suas Entidades;532149,11;3441
2019;Prefeitura Municipal de Barão de Antonina - SP;3505005;SP;DCA-Anexo I-C;Padrão;Receitas Brutas Realizadas;RO2.4.2.8.99.0.0;2.4.2.8.99.0.0 Outras Transferências dos Estados;532149,11;3441
2019;Prefeitura Municipal de Barão de Antonina - SP;3505005;SP;DCA-Anexo I-C;Padrão;Receitas Brutas Realizadas;TotalReceitas;TOTAL DAS RECEITAS (III) = (I + II);18922196,40;3441
2019;Prefeitura Municipal de Barão de Antonina - SP;3505005;SP;DCA-Anexo I-C;Padrão;Deduções - FUNDEB;TotalReceitas;TOTAL DAS RECEITAS (III) = (I + II);2543593,54;3441
2020;Prefeitura Municipal de Barão de Antonina - SP;3505005;SP;DCA-Anexo I-C;Padrão;Receitas Brutas Realizadas;ReceitasExcetoIntraOrcamentarias;RECEITAS (EXCETO INTRA-ORÇAMENTÁRIAS) (I);20339514,11;3469
2020;Prefeitura Municipal de Barão de Antonina - SP;3505005;SP;DCA-Anexo I-C;Padrão;Deduções - FUNDEB;ReceitasExcetoIntraOrcamentarias;RECEITAS (EXCETO INTRA-ORÇAMENTÁRIAS) (I);2477136,00;3469
2020;Prefeitura Municipal de Barão de Antonina - SP;3505005;SP;DCA-Anexo I-C;Padrão;Receitas Brutas Realizadas;RO1.0.0.0.00.0.0;1.0.0.0.00.0.0 - Receitas Correntes;19822990,02;3469
2020;Prefeitura Municipal de Barão de Antonina - SP;3505005;SP;DCA-Anexo I-C;Padrão;Deduções - FUNDEB;RO1.0.0.0.00.0.0;1.0.0.0.00.0.0 - Receitas Correntes;2477136,00;3469
2020;Prefeitura Municipal de Barão de Antonina - SP;3505005;SP;DCA-Anexo I-C;Padrão;Receitas Brutas Realizadas;RO1.1.0.0.00.0.0;1.1.0.0.00.0.0 - Impostos, Taxas e Contribuições de Melhoria;714013,23;3469
2020;Prefeitura Municipal de Barão de Antonina - SP;3505005;SP;DCA-Anexo I-C;Padrão;Receitas Brutas Realizadas;RO1.1.1.0.00.0.0;1.1.1.0.00.0.0 - Impostos;664297,58;3469
2020;Prefeitura Municipal de Barão de Antonina - SP;3505005;SP;DCA-Anexo I-C;Padrão;Receitas Brutas Realizadas;RO1.1.1.3.00.0.0;1.1.1.3.00.0.0 - Impostos sobre a Renda e Proventos de Qualquer Natureza;257451,49;3469
2020;Prefeitura Municipal de Barão de Antonina - SP;3505005;SP;DCA-Anexo I-C;Padrão;Receitas Brutas Realizadas;RO1.1.1.3.03.0.0;1.1.1.3.03.0.0 - Imposto sobre a Renda - Retido na Fonte;257451,49;3469
2020;Prefeitura Municipal de Barão de Antonina - SP;3505005;SP;DCA-Anexo I-C;Padrão;Receitas Brutas Realizadas;RO1.1.1.3.03.1.0;1.1.1.3.03.1.0 - Imposto sobre a Renda - Retido na Fonte - Trabalho;257451,49;3469
2020;Prefeitura Municipal de Barão de Antonina - SP;3505005;SP;DCA-Anexo I-C;Padrão;Receitas Brutas Realizadas;RO1.1.1.8.00.0.0;1.1.1.8.00.0.0 Impostos Específicos de Estados, DF e Municípios;406846,09;3469
2020;Prefeitura Municipal de Barão de Antonina - SP;3505005;SP;DCA-Anexo I-C;Padrão;Receitas Brutas Realizadas;RO1.1.1.8.01.0.0;1.1.1.8.01.0.0 Impostos sobre o Patrimônio para Estados/DF/Municípios;284528,47;3469
2020;Prefeitura Municipal de Barão de Antonina - SP;3505005;SP;DCA-Anexo I-C;Padrão;Receitas Brutas Realizadas;RO1.1.1.8.01.1.0;1.1.1.8.01.1.0 Imposto sobre a Propriedade Predial e Territorial Urbana;196229,56;3469
2020;Prefeitura Municipal de Barão de Antonina - SP;3505005;SP;DCA-Anexo I-C;Padrão;Receitas Brutas Realizadas;RO1.1.1.8.01.4.0;1.1.1.8.01.4.0 Imposto sobre Transmissão ¿Inter Vivos¿ de Bens Imóveis e de Direitos Reais sobre Imóveis;88298,91;3469
2020;Prefeitura Municipal de Barão de Antonina - SP;3505005;SP;DCA-Anexo I-C;Padrão;Receitas Brutas Realizadas;RO1.1.1.8.02.0.0;1.1.1.8.02.0.0 Impostos sobre a Produção, Circulação de Mercadorias e Serviços;122317,62;3469
2020;Prefeitura Municipal de Barão de Antonina - SP;3505005;SP;DCA-Anexo I-C;Padrão;Receitas Brutas Realizadas;RO1.1.1.8.02.3.0;1.1.1.8.02.3.0 Imposto sobre Serviços de Qualquer Natureza;122317,62;3469
2020;Prefeitura Municipal de Barão de Antonina - SP;3505005;SP;DCA-Anexo I-C;Padrão;Receitas Brutas Realizadas;RO1.1.2.0.00.0.0;1.1.2.0.00.0.0 - Taxas;49715,65;3469
2020;Prefeitura Municipal de Barão de Antonina - SP;3505005;SP;DCA-Anexo I-C;Padrão;Receitas Brutas Realizadas;RO1.1.2.8.00.0.0;1.1.2.8.00.0.0 - Taxas - Específicas de Estados, DF e Municípios;49715,65;3469
2020;Prefeitura Municipal de Barão de Antonina - SP;3505005;SP;DCA-Anexo I-C;Padrão;Receitas Brutas Realizadas;RO1.1.2.8.02.0.0;1.1.2.8.02.0.0 - Taxas pela Prestação de Serviços;49715,65;3469
2020;Prefeitura Municipal de Barão de Antonina - SP;3505005;SP;DCA-Anexo I-C;Padrão;Receitas Brutas Realizadas;RO1.1.2.8.02.9.0;1.1.2.8.02.9.0 - Taxas pela Prestação de Serviços - Outras;49715,65;3469
2020;Prefeitura Municipal de Barão de Antonina - SP;3505005;SP;DCA-Anexo I-C;Padrão;Receitas Brutas Realizadas;RO1.2.0.0.00.0.0;1.2.0.0.00.0.0 - Contribuições;24857,08;3469
2020;Prefeitura Municipal de Barão de Antonina - SP;3505005;SP;DCA-Anexo I-C;Padrão;Receitas Brutas Realizadas;RO1.2.4.0.00.0.0;1.2.4.0.00.0.0 - Contribuição para o Custeio do Serviço de Iluminação Pública;24857,08;3469
2020;Prefeitura Municipal de Barão de Antonina - SP;3505005;SP;DCA-Anexo I-C;Padrão;Receitas Brutas Realizadas;RO1.3.0.0.00.0.0;1.3.0.0.00.0.0 - Receita Patrimonial;19614,75;3469
2020;Prefeitura Municipal de Barão de Antonina - SP;3505005;SP;DCA-Anexo I-C;Padrão;Receitas Brutas Realizadas;RO1.3.2.0.00.0.0;1.3.2.0.00.0.0 - Valores Mobiliários;19614,75;3469
2020;Prefeitura Municipal de Barão de Antonina - SP;3505005;SP;DCA-Anexo I-C;Padrão;Receitas Brutas Realizadas;RO1.3.2.1.00.0.0;1.3.2.1.00.0.0 - Juros e Correções Monetárias;19614,75;3469
2020;Prefeitura Municipal de Barão de Antonina - SP;3505005;SP;DCA-Anexo I-C;Padrão;Receitas Brutas Realizadas;RO1.3.2.1.00.1.0;1.3.2.1.00.1.0 - Remuneração de Depósitos Bancários;19614,75;3469
2020;Prefeitura Municipal de Barão de Antonina - SP;3505005;SP;DCA-Anexo I-C;Padrão;Receitas Brutas Realizadas;RO1.7.0.0.00.0.0;1.7.0.0.00.0.0 - Transferências Correntes;18843101,69;3469
2020;Prefeitura Municipal de Barão de Antonina - SP;3505005;SP;DCA-Anexo I-C;Padrão;Deduções - FUNDEB;RO1.7.0.0.00.0.0;1.7.0.0.00.0.0 - Transferências Correntes;2477136,00;3469
2020;Prefeitura Municipal de Barão de Antonina - SP;3505005;SP;DCA-Anexo I-C;Padrão;Receitas Brutas Realizadas;RO1.7.1.0.00.0.0;1.7.1.0.00.0.0 - Transferências da União e de suas Entidades;12285435,20;3469
2020;Prefeitura Municipal de Barão de Antonina - SP;3505005;SP;DCA-Anexo I-C;Padrão;Deduções - FUNDEB;RO1.7.1.0.00.0.0;1.7.1.0.00.0.0 - Transferências da União e de suas Entidades;1593216,89;3469
2020;Prefeitura Municipal de Barão de Antonina - SP;3505005;SP;DCA-Anexo I-C;Padrão;Receitas Brutas Realizadas;RO1.7.1.8.00.0.0;1.7.1.8.00.0.0 Transferências da União - Específicas de Estados, DF e Municípios;12285435,20;3469
2020;Prefeitura Municipal de Barão de Antonina - SP;3505005;SP;DCA-Anexo I-C;Padrão;Deduções - FUNDEB;RO1.7.1.8.00.0.0;1.7.1.8.00.0.0 Transferências da União - Específicas de Estados, DF e Municípios;1593216,89;3469
2020;Prefeitura Municipal de Barão de Antonina - SP;3505005;SP;DCA-Anexo I-C;Padrão;Receitas Brutas Realizadas;RO1.7.1.8.01.0.0;1.7.1.8.01.0.0 Participação na Receita da União;9740798,55;3469
2020;Prefeitura Municipal de Barão de Antonina - SP;3505005;SP;DCA-Anexo I-C;Padrão;Deduções - FUNDEB;RO1.7.1.8.01.0.0;1.7.1.8.01.0.0 Participação na Receita da União;1593216,89;3469
2020;Prefeitura Municipal de Barão de Antonina - SP;3505005;SP;DCA-Anexo I-C;Padrão;Receitas Brutas Realizadas;RO1.7.1.8.01.2.0;1.7.1.8.01.2.0 Cota-Parte do Fundo de Participação dos Municípios - Cota Mensal;9712339,55;3469
2020;Prefeitura Municipal de Barão de Antonina - SP;3505005;SP;DCA-Anexo I-C;Padrão;Deduções - FUNDEB;RO1.7.1.8.01.2.0;1.7.1.8.01.2.0 Cota-Parte do Fundo de Participação dos Municípios - Cota Mensal;1587525,18;3469
2020;Prefeitura Municipal de Barão de Antonina - SP;3505005;SP;DCA-Anexo I-C;Padrão;Receitas Brutas Realizadas;RO1.7.1.8.01.5.0;1.7.1.8.01.5.0 Cota-Parte do Imposto Sobre a Propriedade Territorial Rural;28459,00;3469
2020;Prefeitura Municipal de Barão de Antonina - SP;3505005;SP;DCA-Anexo I-C;Padrão;Deduções - FUNDEB;RO1.7.1.8.01.5.0;1.7.1.8.01.5.0 Cota-Parte do Imposto Sobre a Propriedade Territorial Rural;5691,71;3469
2020;Prefeitura Municipal de Barão de Antonina - SP;3505005;SP;DCA-Anexo I-C;Padrão;Receitas Brutas Realizadas;RO1.7.1.8.02.0.0;1.7.1.8.02.0.0 Transferência da Compensação Financeira pela Exploração de Recursos Naturais;476675,98;3469
2020;Prefeitura Municipal de Barão de Antonina - SP;3505005;SP;DCA-Anexo I-C;Padrão;Receitas Brutas Realizadas;RO1.7.1.8.02.1.0;1.7.1.8.02.1.0 Cota-parte da Compensação Financeira de Recursos Hídricos;157913,67;3469
2020;Prefeitura Municipal de Barão de Antonina - SP;3505005;SP;DCA-Anexo I-C;Padrão;Receitas Brutas Realizadas;RO1.7.1.8.02.6.0;1.7.1.8.02.6.0 Cota-Parte do Fundo Especial do Petróleo ¿ FEP;127681,79;3469
2020;Prefeitura Municipal de Barão de Antonina - SP;3505005;SP;DCA-Anexo I-C;Padrão;Receitas Brutas Realizadas;RO1.7.1.8.02.9.0;1.7.1.8.02.9.0 Outras Transferências decorrentes de Compensação Financeira pela Exploração de Recursos Naturais;191080,52;3469
2020;Prefeitura Municipal de Barão de Antonina - SP;3505005;SP;DCA-Anexo I-C;Padrão;Receitas Brutas Realizadas;RO1.7.1.8.03.0.0;"1.7.1.8.03.0.0 Transferência de Recursos do Sistema Único de Saúde ¿ 
 SUS ¿ Bloco Custeio das Ações e Serviços Públicos de Saúde";1212804,66;3469
2020;Prefeitura Municipal de Barão de Antonina - SP;3505005;SP;DCA-Anexo I-C;Padrão;Receitas Brutas Realizadas;RO1.7.1.8.03.1.0;1.7.1.8.03.1.0 - Transferência de Recursos do SUS ¿ Atenção Básica;1175845,26;3469
2020;Prefeitura Municipal de Barão de Antonina - SP;3505005;SP;DCA-Anexo I-C;Padrão;Receitas Brutas Realizadas;RO1.7.1.8.03.2.0;1.7.1.8.03.2.0 - Transferência de Recursos do SUS ¿ Atenção de Média e Alta Complexidade Ambulatorial e Hospitalar;36959,40;3469
2020;Prefeitura Municipal de Barão de Antonina - SP;3505005;SP;DCA-Anexo I-C;Padrão;Receitas Brutas Realizadas;RO1.7.1.8.04.0.0;1.7.1.8.04.0.0 Transferências de Recursos do Sistema Único de Saúde ¿ SUS - Bloco Investimentos na Rede de Serviços Públicos de Saúde;29338,68;3469
2020;Prefeitura Municipal de Barão de Antonina - SP;3505005;SP;DCA-Anexo I-C;Padrão;Receitas Brutas Realizadas;RO1.7.1.8.04.3.0;1.7.1.8.04.3.0 - Transferências de Recursos do Sistema Único de Saúde ¿ SUS destinados à Vigilância em Saúde;29338,68;3469
2020;Prefeitura Municipal de Barão de Antonina - SP;3505005;SP;DCA-Anexo I-C;Padrão;Receitas Brutas Realizadas;RO1.7.1.8.05.0.0;1.7.1.8.05.0.0 Transferências de Recursos do Fundo Nacional do Desenvolvimento da Educação ¿ FNDE;327827,86;3469
2020;Prefeitura Municipal de Barão de Antonina - SP;3505005;SP;DCA-Anexo I-C;Padrão;Receitas Brutas Realizadas;RO1.7.1.8.05.1.0;1.7.1.8.05.1.0 Transferências do Salário-Educação;279581,11;3469
2020;Prefeitura Municipal de Barão de Antonina - SP;3505005;SP;DCA-Anexo I-C;Padrão;Receitas Brutas Realizadas;RO1.7.1.8.05.3.0;1.7.1.8.05.3.0 Transferências Diretas do FNDE referentes ao Programa Nacional de Alimentação Escolar ¿ PNAE;48048,00;3469
2020;Prefeitura Municipal de Barão de Antonina - SP;3505005;SP;DCA-Anexo I-C;Padrão;Receitas Brutas Realizadas;RO1.7.1.8.05.4.0;1.7.1.8.05.4.0 Transferências Diretas do FNDE referentes ao Programa Nacional de Apoio ao Transporte do Escolar ¿ PNATE;198,75;3469
2020;Prefeitura Municipal de Barão de Antonina - SP;3505005;SP;DCA-Anexo I-C;Padrão;Receitas Brutas Realizadas;RO1.7.1.8.10.0.0;1.7.1.8.10.0.0 Transferências de Convênios da União e de Suas Entidades;89534,01;3469
2020;Prefeitura Municipal de Barão de Antonina - SP;3505005;SP;DCA-Anexo I-C;Padrão;Receitas Brutas Realizadas;RO1.7.1.8.10.3.0;1.7.1.8.10.3.0 Transferências de Convênios da União Destinadas a Programas de Assistência Social;89534,01;3469
2020;Prefeitura Municipal de Barão de Antonina - SP;3505005;SP;DCA-Anexo I-C;Padrão;Receitas Brutas Realizadas;RO1.7.1.8.12.0.0;1.7.1.8.12.0.0 - Transferências de Recursos do Fundo Nacional de Assistência Social ¿ FNAS;17160,00;3469
2020;Prefeitura Municipal de Barão de Antonina - SP;3505005;SP;DCA-Anexo I-C;Padrão;Receitas Brutas Realizadas;RO1.7.1.8.99.0.0;1.7.1.8.99.0.0 Outras Transferências da União;391295,46;3469
2020;Prefeitura Municipal de Barão de Antonina - SP;3505005;SP;DCA-Anexo I-C;Padrão;Receitas Brutas Realizadas;RO1.7.2.0.00.0.0;1.7.2.0.00.0.0 - Transferências dos Estados e do Distrito Federal e de suas Entidades;4725365,96;3469
2020;Prefeitura Municipal de Barão de Antonina - SP;3505005;SP;DCA-Anexo I-C;Padrão;Deduções - FUNDEB;RO1.7.2.0.00.0.0;1.7.2.0.00.0.0 - Transferências dos Estados e do Distrito Federal e de suas Entidades;883919,11;3469
2020;Prefeitura Municipal de Barão de Antonina - SP;3505005;SP;DCA-Anexo I-C;Padrão;Receitas Brutas Realizadas;RO1.7.2.8.00.0.0;1.7.2.8.00.0.0 Transferências dos Estados - Específicas de Estados, DF e Municípios;4725365,96;3469
2020;Prefeitura Municipal de Barão de Antonina - SP;3505005;SP;DCA-Anexo I-C;Padrão;Deduções - FUNDEB;RO1.7.2.8.00.0.0;1.7.2.8.00.0.0 Transferências dos Estados - Específicas de Estados, DF e Municípios;883919,11;3469
2020;Prefeitura Municipal de Barão de Antonina - SP;3505005;SP;DCA-Anexo I-C;Padrão;Receitas Brutas Realizadas;RO1.7.2.8.01.0.0;1.7.2.8.01.0.0 Participação na Receita dos Estados;4429471,20;3469
2020;Prefeitura Municipal de Barão de Antonina - SP;3505005;SP;DCA-Anexo I-C;Padrão;Deduções - FUNDEB;RO1.7.2.8.01.0.0;1.7.2.8.01.0.0 Participação na Receita dos Estados;883919,11;3469
2020;Prefeitura Municipal de Barão de Antonina - SP;3505005;SP;DCA-Anexo I-C;Padrão;Receitas Brutas Realizadas;RO1.7.2.8.01.1.0;1.7.2.8.01.1.0 Cota-Parte do ICMS;4093942,98;3469
2020;Prefeitura Municipal de Barão de Antonina - SP;3505005;SP;DCA-Anexo I-C;Padrão;Deduções - FUNDEB;RO1.7.2.8.01.1.0;1.7.2.8.01.1.0 Cota-Parte do ICMS;818788,40;3469
2020;Prefeitura Municipal de Barão de Antonina - SP;3505005;SP;DCA-Anexo I-C;Padrão;Receitas Brutas Realizadas;RO1.7.2.8.01.2.0;1.7.2.8.01.2.0 Cota-Parte do IPVA;295244,58;3469
2020;Prefeitura Municipal de Barão de Antonina - SP;3505005;SP;DCA-Anexo I-C;Padrão;Deduções - FUNDEB;RO1.7.2.8.01.2.0;1.7.2.8.01.2.0 Cota-Parte do IPVA;53314,53;3469
2020;Prefeitura Municipal de Barão de Antonina - SP;3505005;SP;DCA-Anexo I-C;Padrão;Receitas Brutas Realizadas;RO1.7.2.8.01.3.0;1.7.2.8.01.3.0 Cota-Parte do IPI - Municípios;30409,87;3469
2020;Prefeitura Municipal de Barão de Antonina - SP;3505005;SP;DCA-Anexo I-C;Padrão;Deduções - FUNDEB;RO1.7.2.8.01.3.0;1.7.2.8.01.3.0 Cota-Parte do IPI - Municípios;11816,18;3469
2020;Prefeitura Municipal de Barão de Antonina - SP;3505005;SP;DCA-Anexo I-C;Padrão;Receitas Brutas Realizadas;RO1.7.2.8.01.4.0;1.7.2.8.01.4.0 Cota-Parte da Contribuição de Intervenção no Domínio Econômico;9873,77;3469
2020;Prefeitura Municipal de Barão de Antonina - SP;3505005;SP;DCA-Anexo I-C;Padrão;Receitas Brutas Realizadas;RO1.7.2.8.02.0.0;1.7.2.8.02.0.0 Transferência da Cota-parte da Compensação Financeira (25%);8947,04;3469
2020;Prefeitura Municipal de Barão de Antonina - SP;3505005;SP;DCA-Anexo I-C;Padrão;Receitas Brutas Realizadas;RO1.7.2.8.02.3.0;1.7.2.8.02.3.0 Cota-parte Royalties ¿ Compensação Financeira pela Produção do Petróleo ¿ Lei nº 7.990/89, artigo 9º;8947,04;3469
2020;Prefeitura Municipal de Barão de Antonina - SP;3505005;SP;DCA-Anexo I-C;Padrão;Receitas Brutas Realizadas;RO1.7.2.8.03.0.0;1.7.2.8.03.0.0 Transferência de Recursos do Estado para Programas de Saúde ¿ Repasse Fundo a Fundo;229597,78;3469
2020;Prefeitura Municipal de Barão de Antonina - SP;3505005;SP;DCA-Anexo I-C;Padrão;Receitas Brutas Realizadas;RO1.7.2.8.07.0.0;1.7.2.8.07.0.0 Transferências de Estados destinadas à Assistência Social;23198,74;3469
2020;Prefeitura Municipal de Barão de Antonina - SP;3505005;SP;DCA-Anexo I-C;Padrão;Receitas Brutas Realizadas;RO1.7.2.8.10.0.0;1.7.2.8.10.0.0 Transferência de Convênios dos Estados e do Distrito Federal e de Suas Entidades;34151,20;3469
2020;Prefeitura Municipal de Barão de Antonina - SP;3505005;SP;DCA-Anexo I-C;Padrão;Receitas Brutas Realizadas;RO1.7.2.8.10.2.0;1.7.2.8.10.2.0 Transferências de Convênio dos Estados Destinadas a Programas de Educação;34151,20;3469
2020;Prefeitura Municipal de Barão de Antonina - SP;3505005;SP;DCA-Anexo I-C;Padrão;Receitas Brutas Realizadas;RO1.7.5.0.00.0.0;1.7.5.0.00.0.0 - Transferências de Outras Instituições Públicas;1832300,53;3469
2020;Prefeitura Municipal de Barão de Antonina - SP;3505005;SP;DCA-Anexo I-C;Padrão;Receitas Brutas Realizadas;RO1.7.5.8.00.0.0;1.7.5.8.00.0.0 Transferências de Outras Instituições Públicas - Específicas de Estados, DF e Municípios;1832300,53;3469
2020;Prefeitura Municipal de Barão de Antonina - SP;3505005;SP;DCA-Anexo I-C;Padrão;Receitas Brutas Realizadas;RO1.7.5.8.01.0.0;1.7.5.8.01.0.0 Transferências de Recursos do Fundo de Manutenção e Desenvolvimento da Educação Básica e de Valorização dos Profissionais da Educação ¿ FUNDEB;1832300,53;3469
2020;Prefeitura Municipal de Barão de Antonina - SP;3505005;SP;DCA-Anexo I-C;Padrão;Receitas Brutas Realizadas;RO1.9.0.0.00.0.0;1.9.0.0.00.0.0 - Outras Receitas Correntes;221403,27;3469
2020;Prefeitura Municipal de Barão de Antonina - SP;3505005;SP;DCA-Anexo I-C;Padrão;Receitas Brutas Realizadas;RO1.9.2.0.00.0.0;1.9.2.0.00.0.0 - Indenizações, Restituições e Ressarcimentos;38531,65;3469
2020;Prefeitura Municipal de Barão de Antonina - SP;3505005;SP;DCA-Anexo I-C;Padrão;Receitas Brutas Realizadas;RO1.9.2.8.00.0.0;1.9.2.8.00.0.0 - Indenizações, Restituições e Ressarcimentos - Específicas para Estados/DF/Municípios;38531,65;3469
2020;Prefeitura Municipal de Barão de Antonina - SP;3505005;SP;DCA-Anexo I-C;Padrão;Receitas Brutas Realizadas;RO1.9.2.8.02.0.0;1.9.2.8.02.0.0 - Restituições - Específicas para Estados/DF/Municípios;38531,65;3469
2020;Prefeitura Municipal de Barão de Antonina - SP;3505005;SP;DCA-Anexo I-C;Padrão;Receitas Brutas Realizadas;RO1.9.2.8.02.9.0;1.9.2.8.02.9.0 - Outras Restituições - Específicas para Estados/DF/Municípios - Não Especificadas Anteriormente;38531,65;3469
2020;Prefeitura Municipal de Barão de Antonina - SP;3505005;SP;DCA-Anexo I-C;Padrão;Receitas Brutas Realizadas;RO1.9.9.0.00.0.0;1.9.9.0.00.0.0 - Demais Receitas Correntes;182871,62;3469
2020;Prefeitura Municipal de Barão de Antonina - SP;3505005;SP;DCA-Anexo I-C;Padrão;Receitas Brutas Realizadas;RO1.9.9.0.99.0.0;1.9.9.0.99.0.0 - Outras Receitas;182871,62;3469
2020;Prefeitura Municipal de Barão de Antonina - SP;3505005;SP;DCA-Anexo I-C;Padrão;Receitas Brutas Realizadas;RO1.9.9.0.99.1.0;1.9.9.0.99.1.0 - Outras Receitas - Primárias;182871,62;3469
2020;Prefeitura Municipal de Barão de Antonina - SP;3505005;SP;DCA-Anexo I-C;Padrão;Receitas Brutas Realizadas;RO2.0.0.0.00.0.0;2.0.0.0.00.0.0 - Receitas de Capital;516524,09;3469
2020;Prefeitura Municipal de Barão de Antonina - SP;3505005;SP;DCA-Anexo I-C;Padrão;Receitas Brutas Realizadas;RO2.2.0.0.00.0.0;2.2.0.0.00.0.0 - Alienação de Bens;139500,00;3469
2020;Prefeitura Municipal de Barão de Antonina - SP;3505005;SP;DCA-Anexo I-C;Padrão;Receitas Brutas Realizadas;RO2.2.1.0.00.0.0;2.2.1.0.00.0.0 - Alienação de Bens Móveis;139500,00;3469
2020;Prefeitura Municipal de Barão de Antonina - SP;3505005;SP;DCA-Anexo I-C;Padrão;Receitas Brutas Realizadas;RO2.2.1.3.00.0.0;2.2.1.3.00.0.0 Alienação de Bens Móveis e Semoventes;139500,00;3469
2020;Prefeitura Municipal de Barão de Antonina - SP;3505005;SP;DCA-Anexo I-C;Padrão;Receitas Brutas Realizadas;RO2.4.0.0.00.0.0;2.4.0.0.00.0.0 - Transferências de Capital;377024,09;3469
2020;Prefeitura Municipal de Barão de Antonina - SP;3505005;SP;DCA-Anexo I-C;Padrão;Receitas Brutas Realizadas;RO2.4.1.0.00.0.0;2.4.1.0.00.0.0 - Transferências da União e de suas Entidades;44571,43;3469
2020;Prefeitura Municipal de Barão de Antonina - SP;3505005;SP;DCA-Anexo I-C;Padrão;Receitas Brutas Realizadas;RO2.4.1.8.00.0.0;2.4.1.8.00.0.0 Transferências da União - Específicas de Estados, DF e Municípios;44571,43;3469
2020;Prefeitura Municipal de Barão de Antonina - SP;3505005;SP;DCA-Anexo I-C;Padrão;Receitas Brutas Realizadas;RO2.4.1.8.10.0.0;2.4.1.8.10.0.0 Transferência de Convênios da União e de suas Entidades;44571,43;3469
2020;Prefeitura Municipal de Barão de Antonina - SP;3505005;SP;DCA-Anexo I-C;Padrão;Receitas Brutas Realizadas;RO2.4.1.8.10.9.0;2.4.1.8.10.9.0 - Outras Transferências de Convênios da União;44571,43;3469
2020;Prefeitura Municipal de Barão de Antonina - SP;3505005;SP;DCA-Anexo I-C;Padrão;Receitas Brutas Realizadas;RO2.4.2.0.00.0.0;2.4.2.0.00.0.0 - Transferências dos Estados e do Distrito Federal e de suas Entidades;332452,66;3469
2020;Prefeitura Municipal de Barão de Antonina - SP;3505005;SP;DCA-Anexo I-C;Padrão;Receitas Brutas Realizadas;RO2.4.2.8.00.0.0;2.4.2.8.00.0.0 Transferências dos Estados, Distrito Federal, e de suas Entidades;332452,66;3469
2020;Prefeitura Municipal de Barão de Antonina - SP;3505005;SP;DCA-Anexo I-C;Padrão;Receitas Brutas Realizadas;RO2.4.2.8.99.0.0;2.4.2.8.99.0.0 Outras Transferências dos Estados;332452,66;3469
2020;Prefeitura Municipal de Barão de Antonina - SP;3505005;SP;DCA-Anexo I-C;Padrão;Receitas Brutas Realizadas;TotalReceitas;TOTAL DAS RECEITAS (III) = (I + II);20339514,11;3469
2020;Prefeitura Municipal de Barão de Antonina - SP;3505005;SP;DCA-Anexo I-C;Padrão;Deduções - FUNDEB;TotalReceitas;TOTAL DAS RECEITAS (III) = (I + II);2477136,00;3469
2021;Prefeitura Municipal de Barão de Antonina - SP;3505005;SP;DCA-Anexo I-C;Padrão;Receitas Brutas Realizadas;ReceitasExcetoIntraOrcamentarias;RECEITAS (EXCETO INTRA-ORÇAMENTÁRIAS) (I);24710861,72;3498
2021;Prefeitura Municipal de Barão de Antonina - SP;3505005;SP;DCA-Anexo I-C;Padrão;Deduções - FUNDEB;ReceitasExcetoIntraOrcamentarias;RECEITAS (EXCETO INTRA-ORÇAMENTÁRIAS) (I);3356894,44;3498
2021;Prefeitura Municipal de Barão de Antonina - SP;3505005;SP;DCA-Anexo I-C;Padrão;Receitas Brutas Realizadas;RO1.0.0.0.00.0.0;1.0.0.0.00.0.0 - Receitas Correntes;23964520,01;3498
2021;Prefeitura Municipal de Barão de Antonina - SP;3505005;SP;DCA-Anexo I-C;Padrão;Deduções - FUNDEB;RO1.0.0.0.00.0.0;1.0.0.0.00.0.0 - Receitas Correntes;3356894,44;3498
2021;Prefeitura Municipal de Barão de Antonina - SP;3505005;SP;DCA-Anexo I-C;Padrão;Receitas Brutas Realizadas;RO1.1.0.0.00.0.0;1.1.0.0.00.0.0 - Impostos, Taxas e Contribuições de Melhoria;945207,28;3498
2021;Prefeitura Municipal de Barão de Antonina - SP;3505005;SP;DCA-Anexo I-C;Padrão;Receitas Brutas Realizadas;RO1.1.1.0.00.0.0;1.1.1.0.00.0.0 - Impostos;891196,96;3498
2021;Prefeitura Municipal de Barão de Antonina - SP;3505005;SP;DCA-Anexo I-C;Padrão;Receitas Brutas Realizadas;RO1.1.1.3.00.0.0;1.1.1.3.00.0.0 - Impostos sobre a Renda e Proventos de Qualquer Natureza;261874,45;3498
2021;Prefeitura Municipal de Barão de Antonina - SP;3505005;SP;DCA-Anexo I-C;Padrão;Receitas Brutas Realizadas;RO1.1.1.3.03.0.0;1.1.1.3.03.0.0 - Imposto sobre a Renda - Retido na Fonte;261874,45;3498
2021;Prefeitura Municipal de Barão de Antonina - SP;3505005;SP;DCA-Anexo I-C;Padrão;Receitas Brutas Realizadas;RO1.1.1.3.03.1.0;1.1.1.3.03.1.0 - Imposto sobre a Renda - Retido na Fonte - Trabalho;261874,45;3498
2021;Prefeitura Municipal de Barão de Antonina - SP;3505005;SP;DCA-Anexo I-C;Padrão;Receitas Brutas Realizadas;RO1.1.1.8.00.0.0;1.1.1.8.00.0.0 - Impostos Específicos de Estados, DF e Municípios;629322,51;3498
2021;Prefeitura Municipal de Barão de Antonina - SP;3505005;SP;DCA-Anexo I-C;Padrão;Receitas Brutas Realizadas;RO1.1.1.8.01.0.0;1.1.1.8.01.0.0 - Impostos sobre o Patrimônio para Estados/DF/Municípios;474582,23;3498
2021;Prefeitura Municipal de Barão de Antonina - SP;3505005;SP;DCA-Anexo I-C;Padrão;Receitas Brutas Realizadas;RO1.1.1.8.01.1.0;1.1.1.8.01.1.0 - Imposto sobre a Propriedade Predial e Territorial Urbana;203976,62;3498
2021;Prefeitura Municipal de Barão de Antonina - SP;3505005;SP;DCA-Anexo I-C;Padrão;Receitas Brutas Realizadas;RO1.1.1.8.01.4.0;1.1.1.8.01.4.0 - Imposto sobre Transmissão ¿Inter Vivos¿ de Bens Imóveis e de Direitos Reais sobre Imóveis;270605,61;3498
2021;Prefeitura Municipal de Barão de Antonina - SP;3505005;SP;DCA-Anexo I-C;Padrão;Receitas Brutas Realizadas;RO1.1.1.8.02.0.0;1.1.1.8.02.0.0 - Impostos sobre a Produção, Circulação de Mercadorias e Serviços;154740,28;3498
2021;Prefeitura Municipal de Barão de Antonina - SP;3505005;SP;DCA-Anexo I-C;Padrão;Receitas Brutas Realizadas;RO1.1.1.8.02.3.0;1.1.1.8.02.3.0 - Imposto sobre Serviços de Qualquer Natureza;154740,28;3498
2021;Prefeitura Municipal de Barão de Antonina - SP;3505005;SP;DCA-Anexo I-C;Padrão;Receitas Brutas Realizadas;RO1.1.2.0.00.0.0;1.1.2.0.00.0.0 - Taxas;54010,32;3498
2021;Prefeitura Municipal de Barão de Antonina - SP;3505005;SP;DCA-Anexo I-C;Padrão;Receitas Brutas Realizadas;RO1.1.2.8.00.0.0;1.1.2.8.00.0.0 - Taxas - Específicas de Estados, DF e Municípios;54010,32;3498
2021;Prefeitura Municipal de Barão de Antonina - SP;3505005;SP;DCA-Anexo I-C;Padrão;Receitas Brutas Realizadas;RO1.1.2.8.02.0.0;1.1.2.8.02.0.0 - Taxas pela Prestação de Serviços;54010,32;3498
2021;Prefeitura Municipal de Barão de Antonina - SP;3505005;SP;DCA-Anexo I-C;Padrão;Receitas Brutas Realizadas;RO1.1.2.8.02.9.0;1.1.2.8.02.9.0 - Taxas pela Prestação de Serviços - Outras;54010,32;3498
2021;Prefeitura Municipal de Barão de Antonina - SP;3505005;SP;DCA-Anexo I-C;Padrão;Receitas Brutas Realizadas;RO1.2.0.0.00.0.0;1.2.0.0.00.0.0 - Contribuições;58414,84;3498
2021;Prefeitura Municipal de Barão de Antonina - SP;3505005;SP;DCA-Anexo I-C;Padrão;Receitas Brutas Realizadas;RO1.2.4.0.00.0.0;1.2.4.0.00.0.0 - Contribuição para o Custeio do Serviço de Iluminação Pública;58414,84;3498
2021;Prefeitura Municipal de Barão de Antonina - SP;3505005;SP;DCA-Anexo I-C;Padrão;Receitas Brutas Realizadas;RO1.3.0.0.00.0.0;1.3.0.0.00.0.0 - Receita Patrimonial;139700,05;3498
2021;Prefeitura Municipal de Barão de Antonina - SP;3505005;SP;DCA-Anexo I-C;Padrão;Receitas Brutas Realizadas;RO1.3.2.0.00.0.0;1.3.2.0.00.0.0 - Valores Mobiliários;139700,05;3498
2021;Prefeitura Municipal de Barão de Antonina - SP;3505005;SP;DCA-Anexo I-C;Padrão;Receitas Brutas Realizadas;RO1.3.2.1.00.0.0;1.3.2.1.00.0.0 - Juros e Correções Monetárias;139700,05;3498
2021;Prefeitura Municipal de Barão de Antonina - SP;3505005;SP;DCA-Anexo I-C;Padrão;Receitas Brutas Realizadas;RO1.3.2.1.00.1.0;1.3.2.1.00.1.0 - Remuneração de Depósitos Bancários;139700,05;3498
2021;Prefeitura Municipal de Barão de Antonina - SP;3505005;SP;DCA-Anexo I-C;Padrão;Receitas Brutas Realizadas;RO1.7.0.0.00.0.0;1.7.0.0.00.0.0 - Transferências Correntes;22497306,09;3498
2021;Prefeitura Municipal de Barão de Antonina - SP;3505005;SP;DCA-Anexo I-C;Padrão;Deduções - FUNDEB;RO1.7.0.0.00.0.0;1.7.0.0.00.0.0 - Transferências Correntes;3356894,44;3498
2021;Prefeitura Municipal de Barão de Antonina - SP;3505005;SP;DCA-Anexo I-C;Padrão;Receitas Brutas Realizadas;RO1.7.1.0.00.0.0;1.7.1.0.00.0.0 - Transferências da União e de suas Entidades;13646713,20;3498
2021;Prefeitura Municipal de Barão de Antonina - SP;3505005;SP;DCA-Anexo I-C;Padrão;Deduções - FUNDEB;RO1.7.1.0.00.0.0;1.7.1.0.00.0.0 - Transferências da União e de suas Entidades;2143033,19;3498
2021;Prefeitura Municipal de Barão de Antonina - SP;3505005;SP;DCA-Anexo I-C;Padrão;Receitas Brutas Realizadas;RO1.7.1.8.00.0.0;1.7.1.8.00.0.0 - Transferências da União - Específicas de Estados, DF e Municípios;13646713,20;3498
2021;Prefeitura Municipal de Barão de Antonina - SP;3505005;SP;DCA-Anexo I-C;Padrão;Deduções - FUNDEB;RO1.7.1.8.00.0.0;1.7.1.8.00.0.0 - Transferências da União - Específicas de Estados, DF e Municípios;2143033,19;3498
2021;Prefeitura Municipal de Barão de Antonina - SP;3505005;SP;DCA-Anexo I-C;Padrão;Receitas Brutas Realizadas;RO1.7.1.8.01.0.0;1.7.1.8.01.0.0 - Participação na Receita da União;11596239,05;3498
2021;Prefeitura Municipal de Barão de Antonina - SP;3505005;SP;DCA-Anexo I-C;Padrão;Deduções - FUNDEB;RO1.7.1.8.01.0.0;1.7.1.8.01.0.0 - Participação na Receita da União;2143033,19;3498
2021;Prefeitura Municipal de Barão de Antonina - SP;3505005;SP;DCA-Anexo I-C;Padrão;Receitas Brutas Realizadas;RO1.7.1.8.01.2.0;1.7.1.8.01.2.0 - Cota-Parte do Fundo de Participação dos Municípios - Cota Mensal;11554268,24;3498
2021;Prefeitura Municipal de Barão de Antonina - SP;3505005;SP;DCA-Anexo I-C;Padrão;Deduções - FUNDEB;RO1.7.1.8.01.2.0;1.7.1.8.01.2.0 - Cota-Parte do Fundo de Participação dos Municípios - Cota Mensal;2134639,13;3498
2021;Prefeitura Municipal de Barão de Antonina - SP;3505005;SP;DCA-Anexo I-C;Padrão;Receitas Brutas Realizadas;RO1.7.1.8.01.5.0;1.7.1.8.01.5.0 - Cota-Parte do Imposto Sobre a Propriedade Territorial Rural;41970,81;3498
2021;Prefeitura Municipal de Barão de Antonina - SP;3505005;SP;DCA-Anexo I-C;Padrão;Deduções - FUNDEB;RO1.7.1.8.01.5.0;1.7.1.8.01.5.0 - Cota-Parte do Imposto Sobre a Propriedade Territorial Rural;8394,06;3498
2021;Prefeitura Municipal de Barão de Antonina - SP;3505005;SP;DCA-Anexo I-C;Padrão;Receitas Brutas Realizadas;RO1.7.1.8.02.0.0;1.7.1.8.02.0.0 - Transferência da Compensação Financeira pela Exploração de Recursos Naturais;525281,09;3498
2021;Prefeitura Municipal de Barão de Antonina - SP;3505005;SP;DCA-Anexo I-C;Padrão;Receitas Brutas Realizadas;RO1.7.1.8.02.1.0;1.7.1.8.02.1.0 - Cota-parte da Compensação Financeira de Recursos Hídricos;157102,43;3498
2021;Prefeitura Municipal de Barão de Antonina - SP;3505005;SP;DCA-Anexo I-C;Padrão;Receitas Brutas Realizadas;RO1.7.1.8.02.6.0;1.7.1.8.02.6.0 - Cota-Parte do Fundo Especial do Petróleo ¿ FEP;204109,37;3498
2021;Prefeitura Municipal de Barão de Antonina - SP;3505005;SP;DCA-Anexo I-C;Padrão;Receitas Brutas Realizadas;RO1.7.1.8.02.9.0;1.7.1.8.02.9.0 - Outras Transferências decorrentes de Compensação Financeira pela Exploração de Recursos Naturais;164069,29;3498
2021;Prefeitura Municipal de Barão de Antonina - SP;3505005;SP;DCA-Anexo I-C;Padrão;Receitas Brutas Realizadas;RO1.7.1.8.03.0.0;1.7.1.8.03.0.0 - Transferência de Recursos do Sistema Único de Saúde ¿ SUS ¿ Repasses Fundo a Fundo - Bloco de Manutenção das Ações e Serviços Públicos de Saúde;1027128,80;3498
2021;Prefeitura Municipal de Barão de Antonina - SP;3505005;SP;DCA-Anexo I-C;Padrão;Receitas Brutas Realizadas;RO1.7.1.8.03.1.0;1.7.1.8.03.1.0 - Transferência de Recursos do SUS ¿ Atenção Primária;998077,28;3498
2021;Prefeitura Municipal de Barão de Antonina - SP;3505005;SP;DCA-Anexo I-C;Padrão;Receitas Brutas Realizadas;RO1.7.1.8.03.2.0;1.7.1.8.03.2.0 - Transferência de Recursos do SUS ¿ Atenção Especializada;29051,52;3498
2021;Prefeitura Municipal de Barão de Antonina - SP;3505005;SP;DCA-Anexo I-C;Padrão;Receitas Brutas Realizadas;RO1.7.1.8.04.0.0;1.7.1.8.04.0.0 - Transferências de Recursos do Sistema Único de Saúde ¿ SUS - Repasses Fundo a Fundo - Bloco de Estruturação da Rede de Serviços Públicos de Saúde;41384,66;3498
2021;Prefeitura Municipal de Barão de Antonina - SP;3505005;SP;DCA-Anexo I-C;Padrão;Receitas Brutas Realizadas;RO1.7.1.8.04.3.0;1.7.1.8.04.3.0 - Transferências de Recursos do Sistema Único de Saúde ¿ SUS destinados à Vigilância em Saúde;41384,66;3498
2021;Prefeitura Municipal de Barão de Antonina - SP;3505005;SP;DCA-Anexo I-C;Padrão;Receitas Brutas Realizadas;RO1.7.1.8.05.0.0;1.7.1.8.05.0.0 - Transferências de Recursos do Fundo Nacional do Desenvolvimento da Educação ¿ FNDE;371367,22;3498
2021;Prefeitura Municipal de Barão de Antonina - SP;3505005;SP;DCA-Anexo I-C;Padrão;Receitas Brutas Realizadas;RO1.7.1.8.05.1.0;1.7.1.8.05.1.0 - Transferências do Salário-Educação;303122,79;3498
2021;Prefeitura Municipal de Barão de Antonina - SP;3505005;SP;DCA-Anexo I-C;Padrão;Receitas Brutas Realizadas;RO1.7.1.8.05.3.0;1.7.1.8.05.3.0 - Transferências Diretas do FNDE referentes ao Programa Nacional de Alimentação Escolar ¿ PNAE;44267,82;3498
2021;Prefeitura Municipal de Barão de Antonina - SP;3505005;SP;DCA-Anexo I-C;Padrão;Receitas Brutas Realizadas;RO1.7.1.8.05.4.0;1.7.1.8.05.4.0 - Transferências Diretas do FNDE referentes ao Programa Nacional de Apoio ao Transporte do Escolar ¿ PNATE;23976,61;3498
2021;Prefeitura Municipal de Barão de Antonina - SP;3505005;SP;DCA-Anexo I-C;Padrão;Receitas Brutas Realizadas;RO1.7.1.8.06.0.0;1.7.1.8.06.0.0 - Transferência Financeira do ICMS ¿ Desoneração ¿ L.C. Nº 87/96;31664,18;3498
2021;Prefeitura Municipal de Barão de Antonina - SP;3505005;SP;DCA-Anexo I-C;Padrão;Receitas Brutas Realizadas;RO1.7.1.8.10.0.0;1.7.1.8.10.0.0 - Transferências de Convênios da União e de Suas Entidades;32338,12;3498
2021;Prefeitura Municipal de Barão de Antonina - SP;3505005;SP;DCA-Anexo I-C;Padrão;Receitas Brutas Realizadas;RO1.7.1.8.10.3.0;1.7.1.8.10.3.0 - Transferências de Convênios da União Destinadas a Programas de Assistência Social;32338,12;3498
2021;Prefeitura Municipal de Barão de Antonina - SP;3505005;SP;DCA-Anexo I-C;Padrão;Receitas Brutas Realizadas;RO1.7.1.8.12.0.0;1.7.1.8.12.0.0 - Transferências de Recursos do Fundo Nacional de Assistência Social ¿ FNAS;18730,00;3498
2021;Prefeitura Municipal de Barão de Antonina - SP;3505005;SP;DCA-Anexo I-C;Padrão;Receitas Brutas Realizadas;RO1.7.1.8.99.0.0;1.7.1.8.99.0.0 - Outras Transferências da União;2580,08;3498
2021;Prefeitura Municipal de Barão de Antonina - SP;3505005;SP;DCA-Anexo I-C;Padrão;Receitas Brutas Realizadas;RO1.7.2.0.00.0.0;1.7.2.0.00.0.0 - Transferências dos Estados e do Distrito Federal e de suas Entidades;6681365,86;3498
2021;Prefeitura Municipal de Barão de Antonina - SP;3505005;SP;DCA-Anexo I-C;Padrão;Deduções - FUNDEB;RO1.7.2.0.00.0.0;1.7.2.0.00.0.0 - Transferências dos Estados e do Distrito Federal e de suas Entidades;1213861,25;3498
2021;Prefeitura Municipal de Barão de Antonina - SP;3505005;SP;DCA-Anexo I-C;Padrão;Receitas Brutas Realizadas;RO1.7.2.8.00.0.0;1.7.2.8.00.0.0 - Transferências dos Estados - Específicas de Estados, DF e Municípios;6681365,86;3498
2021;Prefeitura Municipal de Barão de Antonina - SP;3505005;SP;DCA-Anexo I-C;Padrão;Deduções - FUNDEB;RO1.7.2.8.00.0.0;1.7.2.8.00.0.0 - Transferências dos Estados - Específicas de Estados, DF e Municípios;1213861,25;3498
2021;Prefeitura Municipal de Barão de Antonina - SP;3505005;SP;DCA-Anexo I-C;Padrão;Receitas Brutas Realizadas;RO1.7.2.8.01.0.0;1.7.2.8.01.0.0 - Participação na Receita dos Estados;6076374,94;3498
2021;Prefeitura Municipal de Barão de Antonina - SP;3505005;SP;DCA-Anexo I-C;Padrão;Deduções - FUNDEB;RO1.7.2.8.01.0.0;1.7.2.8.01.0.0 - Participação na Receita dos Estados;1213861,25;3498
2021;Prefeitura Municipal de Barão de Antonina - SP;3505005;SP;DCA-Anexo I-C;Padrão;Receitas Brutas Realizadas;RO1.7.2.8.01.1.0;1.7.2.8.01.1.0 - Cota-Parte do ICMS;5726275,89;3498
2021;Prefeitura Municipal de Barão de Antonina - SP;3505005;SP;DCA-Anexo I-C;Padrão;Deduções - FUNDEB;RO1.7.2.8.01.1.0;1.7.2.8.01.1.0 - Cota-Parte do ICMS;1145254,92;3498
2021;Prefeitura Municipal de Barão de Antonina - SP;3505005;SP;DCA-Anexo I-C;Padrão;Receitas Brutas Realizadas;RO1.7.2.8.01.2.0;1.7.2.8.01.2.0 - Cota-Parte do IPVA;300209,20;3498
2021;Prefeitura Municipal de Barão de Antonina - SP;3505005;SP;DCA-Anexo I-C;Padrão;Deduções - FUNDEB;RO1.7.2.8.01.2.0;1.7.2.8.01.2.0 - Cota-Parte do IPVA;59722,69;3498
2021;Prefeitura Municipal de Barão de Antonina - SP;3505005;SP;DCA-Anexo I-C;Padrão;Receitas Brutas Realizadas;RO1.7.2.8.01.3.0;1.7.2.8.01.3.0 - Cota-Parte do IPI - Municípios;42823,40;3498
2021;Prefeitura Municipal de Barão de Antonina - SP;3505005;SP;DCA-Anexo I-C;Padrão;Deduções - FUNDEB;RO1.7.2.8.01.3.0;1.7.2.8.01.3.0 - Cota-Parte do IPI - Municípios;8883,64;3498
2021;Prefeitura Municipal de Barão de Antonina - SP;3505005;SP;DCA-Anexo I-C;Padrão;Receitas Brutas Realizadas;RO1.7.2.8.01.4.0;1.7.2.8.01.4.0 - Cota-Parte da Contribuição de Intervenção no Domínio Econômico;7066,45;3498
2021;Prefeitura Municipal de Barão de Antonina - SP;3505005;SP;DCA-Anexo I-C;Padrão;Receitas Brutas Realizadas;RO1.7.2.8.02.0.0;1.7.2.8.02.0.0 - Transferência da Cota-parte da Compensação Financeira (25%);18887,01;3498
2021;Prefeitura Municipal de Barão de Antonina - SP;3505005;SP;DCA-Anexo I-C;Padrão;Receitas Brutas Realizadas;RO1.7.2.8.02.3.0;1.7.2.8.02.3.0 - Cota-parte Royalties ¿ Compensação Financeira pela Produção do Petróleo ¿ Lei nº 7.990/89, artigo 9º;18887,01;3498
2021;Prefeitura Municipal de Barão de Antonina - SP;3505005;SP;DCA-Anexo I-C;Padrão;Receitas Brutas Realizadas;RO1.7.2.8.03.0.0;1.7.2.8.03.0.0 - Transferência de Recursos do Estado para Programas de Saúde ¿ Repasse Fundo a Fundo;290149,86;3498
2021;Prefeitura Municipal de Barão de Antonina - SP;3505005;SP;DCA-Anexo I-C;Padrão;Receitas Brutas Realizadas;RO1.7.2.8.07.0.0;1.7.2.8.07.0.0 - Transferências de Estados destinadas à Assistência Social;32286,57;3498
2021;Prefeitura Municipal de Barão de Antonina - SP;3505005;SP;DCA-Anexo I-C;Padrão;Receitas Brutas Realizadas;RO1.7.2.8.10.0.0;1.7.2.8.10.0.0 - Transferência de Convênios dos Estados e do Distrito Federal e de Suas Entidades;263667,48;3498
2021;Prefeitura Municipal de Barão de Antonina - SP;3505005;SP;DCA-Anexo I-C;Padrão;Receitas Brutas Realizadas;RO1.7.2.8.10.1.0;1.7.2.8.10.1.0 - Transferências de Convênio dos Estados para o Sistema Único de Saúde ¿ SUS;98000,00;3498
2021;Prefeitura Municipal de Barão de Antonina - SP;3505005;SP;DCA-Anexo I-C;Padrão;Receitas Brutas Realizadas;RO1.7.2.8.10.2.0;1.7.2.8.10.2.0 - Transferências de Convênio dos Estados Destinadas a Programas de Educação;165667,48;3498
2021;Prefeitura Municipal de Barão de Antonina - SP;3505005;SP;DCA-Anexo I-C;Padrão;Receitas Brutas Realizadas;RO1.7.5.0.00.0.0;1.7.5.0.00.0.0 - Transferências de Outras Instituições Públicas;2169227,03;3498
2021;Prefeitura Municipal de Barão de Antonina - SP;3505005;SP;DCA-Anexo I-C;Padrão;Receitas Brutas Realizadas;RO1.7.5.8.00.0.0;1.7.5.8.00.0.0 - Transferências de Outras Instituições Públicas - Específicas de Estados, DF e Municípios;2169227,03;3498
2021;Prefeitura Municipal de Barão de Antonina - SP;3505005;SP;DCA-Anexo I-C;Padrão;Receitas Brutas Realizadas;RO1.7.5.8.01.0.0;1.7.5.8.01.0.0 - Transferências de Recursos do Fundo de Manutenção e Desenvolvimento da Educação Básica e de Valorização dos Profissionais da Educação ¿ FUNDEB;2169227,03;3498
2021;Prefeitura Municipal de Barão de Antonina - SP;3505005;SP;DCA-Anexo I-C;Padrão;Receitas Brutas Realizadas;RO1.9.0.0.00.0.0;1.9.0.0.00.0.0 - Outras Receitas Correntes;323891,75;3498
2021;Prefeitura Municipal de Barão de Antonina - SP;3505005;SP;DCA-Anexo I-C;Padrão;Receitas Brutas Realizadas;RO1.9.2.0.00.0.0;1.9.2.0.00.0.0 - Indenizações, Restituições e Ressarcimentos;28768,79;3498
2021;Prefeitura Municipal de Barão de Antonina - SP;3505005;SP;DCA-Anexo I-C;Padrão;Receitas Brutas Realizadas;RO1.9.2.8.00.0.0;1.9.2.8.00.0.0 - Indenizações, Restituições e Ressarcimentos - Específicas para Estados/DF/Municípios;28768,79;3498
2021;Prefeitura Municipal de Barão de Antonina - SP;3505005;SP;DCA-Anexo I-C;Padrão;Receitas Brutas Realizadas;RO1.9.2.8.02.0.0;1.9.2.8.02.0.0 - Restituições - Específicas para Estados/DF/Municípios;28768,79;3498
2021;Prefeitura Municipal de Barão de Antonina - SP;3505005;SP;DCA-Anexo I-C;Padrão;Receitas Brutas Realizadas;RO1.9.2.8.02.9.0;1.9.2.8.02.9.0 - Outras Restituições - Específicas para Estados/DF/Municípios - Não Especificadas Anteriormente;28768,79;3498
2021;Prefeitura Municipal de Barão de Antonina - SP;3505005;SP;DCA-Anexo I-C;Padrão;Receitas Brutas Realizadas;RO1.9.9.0.00.0.0;1.9.9.0.00.0.0 - Demais Receitas Correntes;295122,96;3498
2021;Prefeitura Municipal de Barão de Antonina - SP;3505005;SP;DCA-Anexo I-C;Padrão;Receitas Brutas Realizadas;RO1.9.9.0.99.0.0;1.9.9.0.99.0.0 - Outras Receitas;295122,96;3498
2021;Prefeitura Municipal de Barão de Antonina - SP;3505005;SP;DCA-Anexo I-C;Padrão;Receitas Brutas Realizadas;RO1.9.9.0.99.1.0;1.9.9.0.99.1.0 - Outras Receitas - Primárias;295122,96;3498
2021;Prefeitura Municipal de Barão de Antonina - SP;3505005;SP;DCA-Anexo I-C;Padrão;Receitas Brutas Realizadas;RO2.0.0.0.00.0.0;2.0.0.0.00.0.0 - Receitas de Capital;746341,71;3498
2021;Prefeitura Municipal de Barão de Antonina - SP;3505005;SP;DCA-Anexo I-C;Padrão;Receitas Brutas Realizadas;RO2.2.0.0.00.0.0;2.2.0.0.00.0.0 - Alienação de Bens;125260,00;3498
2021;Prefeitura Municipal de Barão de Antonina - SP;3505005;SP;DCA-Anexo I-C;Padrão;Receitas Brutas Realizadas;RO2.2.1.0.00.0.0;2.2.1.0.00.0.0 - Alienação de Bens Móveis;125260,00;3498
2021;Prefeitura Municipal de Barão de Antonina - SP;3505005;SP;DCA-Anexo I-C;Padrão;Receitas Brutas Realizadas;RO2.2.1.3.00.0.0;2.2.1.3.00.0.0 - Alienação de Bens Móveis e Semoventes;125260,00;3498
2021;Prefeitura Municipal de Barão de Antonina - SP;3505005;SP;DCA-Anexo I-C;Padrão;Receitas Brutas Realizadas;RO2.4.0.0.00.0.0;2.4.0.0.00.0.0 - Transferências de Capital;621081,71;3498
2021;Prefeitura Municipal de Barão de Antonina - SP;3505005;SP;DCA-Anexo I-C;Padrão;Receitas Brutas Realizadas;RO2.4.1.0.00.0.0;2.4.1.0.00.0.0 - Transferências da União e de suas Entidades;521081,71;3498
2021;Prefeitura Municipal de Barão de Antonina - SP;3505005;SP;DCA-Anexo I-C;Padrão;Receitas Brutas Realizadas;RO2.4.1.8.00.0.0;2.4.1.8.00.0.0 - Transferências da União - Específicas de Estados, DF e Municípios;521081,71;3498
2021;Prefeitura Municipal de Barão de Antonina - SP;3505005;SP;DCA-Anexo I-C;Padrão;Receitas Brutas Realizadas;RO2.4.1.8.03.0.0;2.4.1.8.03.0.0 - Transferência de Recursos do Sistema Único de Saúde ¿ SUS ¿ Fundo a Fundo - Bloco de Manutenção das Ações e Serviços Públicos de Saúde;249321,00;3498
2021;Prefeitura Municipal de Barão de Antonina - SP;3505005;SP;DCA-Anexo I-C;Padrão;Receitas Brutas Realizadas;RO2.4.1.8.03.2.0;2.4.1.8.03.2.0 - Transferência de Recursos do SUS ¿ Atenção Especializada;249321,00;3498
2021;Prefeitura Municipal de Barão de Antonina - SP;3505005;SP;DCA-Anexo I-C;Padrão;Receitas Brutas Realizadas;RO2.4.1.8.04.0.0;2.4.1.8.04.0.0 - Transferências de Recursos do Sistema Único de Saúde ¿ SUS - Fundo a Fundo - Bloco de Estruturação da Rede de Serviços Públicos de Saúde;3475,00;3498
2021;Prefeitura Municipal de Barão de Antonina - SP;3505005;SP;DCA-Anexo I-C;Padrão;Receitas Brutas Realizadas;RO2.4.1.8.04.1.0;2.4.1.8.04.1.0 - Transferências de Recursos do Sistema Único de Saúde ¿ SUS Destinados à Atenção Primária;3475,00;3498
2021;Prefeitura Municipal de Barão de Antonina - SP;3505005;SP;DCA-Anexo I-C;Padrão;Receitas Brutas Realizadas;RO2.4.1.8.10.0.0;2.4.1.8.10.0.0 - Transferência de Convênios da União e de suas Entidades;268285,71;3498
2021;Prefeitura Municipal de Barão de Antonina - SP;3505005;SP;DCA-Anexo I-C;Padrão;Receitas Brutas Realizadas;RO2.4.1.8.10.9.0;2.4.1.8.10.9.0 - Outras Transferências de Convênios da União;268285,71;3498
2021;Prefeitura Municipal de Barão de Antonina - SP;3505005;SP;DCA-Anexo I-C;Padrão;Receitas Brutas Realizadas;RO2.4.2.0.00.0.0;2.4.2.0.00.0.0 - Transferências dos Estados e do Distrito Federal e de suas Entidades;100000,00;3498
2021;Prefeitura Municipal de Barão de Antonina - SP;3505005;SP;DCA-Anexo I-C;Padrão;Receitas Brutas Realizadas;RO2.4.2.8.00.0.0;2.4.2.8.00.0.0 - Transferências dos Estados, Distrito Federal, e de suas Entidades;100000,00;3498
2021;Prefeitura Municipal de Barão de Antonina - SP;3505005;SP;DCA-Anexo I-C;Padrão;Receitas Brutas Realizadas;RO2.4.2.8.99.0.0;2.4.2.8.99.0.0 - Outras Transferências dos Estados;100000,00;3498
2021;Prefeitura Municipal de Barão de Antonina - SP;3505005;SP;DCA-Anexo I-C;Padrão;Receitas Brutas Realizadas;TotalReceitas;TOTAL DAS RECEITAS (III) = (I + II);24710861,72;3498
2021;Prefeitura Municipal de Barão de Antonina - SP;3505005;SP;DCA-Anexo I-C;Padrão;Deduções - FUNDEB;TotalReceitas;TOTAL DAS RECEITAS (III) = (I + II);3356894,44;3498
2022;Prefeitura Municipal de Barão de Antonina - SP;3505005;SP;DCA-Anexo I-C;Padrão;Receitas Brutas Realizadas;ReceitasExcetoIntraOrcamentarias;RECEITAS (EXCETO INTRA-ORÇAMENTÁRIAS) (I);34552852,07;3525
2022;Prefeitura Municipal de Barão de Antonina - SP;3505005;SP;DCA-Anexo I-C;Padrão;Deduções - FUNDEB;ReceitasExcetoIntraOrcamentarias;RECEITAS (EXCETO INTRA-ORÇAMENTÁRIAS) (I);4158249,96;3525
2022;Prefeitura Municipal de Barão de Antonina - SP;3505005;SP;DCA-Anexo I-C;Padrão;Receitas Brutas Realizadas;RO1.0.0.0.00.0.0;1.0.0.0.00.0.0 - Receitas Correntes;31078248,07;3525
2022;Prefeitura Municipal de Barão de Antonina - SP;3505005;SP;DCA-Anexo I-C;Padrão;Deduções - FUNDEB;RO1.0.0.0.00.0.0;1.0.0.0.00.0.0 - Receitas Correntes;4158249,96;3525
2022;Prefeitura Municipal de Barão de Antonina - SP;3505005;SP;DCA-Anexo I-C;Padrão;Receitas Brutas Realizadas;RO1.1.0.0.00.0.0;1.1.0.0.00.0.0 - Impostos, Taxas e Contribuições de Melhoria;2230861,98;3525
2022;Prefeitura Municipal de Barão de Antonina - SP;3505005;SP;DCA-Anexo I-C;Padrão;Receitas Brutas Realizadas;RO1.1.1.0.00.0.0;1.1.1.0.00.0.0 - Impostos;1988466,83;3525
2022;Prefeitura Municipal de Barão de Antonina - SP;3505005;SP;DCA-Anexo I-C;Padrão;Receitas Brutas Realizadas;RO1.1.1.2.00.0.0;1.1.1.2.00.0.0 - Impostos sobre o Patrimônio;965577,35;3525
2022;Prefeitura Municipal de Barão de Antonina - SP;3505005;SP;DCA-Anexo I-C;Padrão;Receitas Brutas Realizadas;RO1.1.1.2.50.0.0;1.1.1.2.50.0.0 - Imposto sobre a Propriedade Predial e Territorial Urbana;183593,87;3525
2022;Prefeitura Municipal de Barão de Antonina - SP;3505005;SP;DCA-Anexo I-C;Padrão;Receitas Brutas Realizadas;RO1.1.1.2.53.0.0;"1.1.1.2.53.0.0 - Impostos sobre Transmissão ""Inter Vivos"" de Bens Imóveis e de Direitos Reais sobre Imóveis";781983,48;3525
2022;Prefeitura Municipal de Barão de Antonina - SP;3505005;SP;DCA-Anexo I-C;Padrão;Receitas Brutas Realizadas;RO1.1.1.3.00.0.0;1.1.1.3.00.0.0 - Impostos sobre a Renda e Proventos de Qualquer Natureza;353180,35;3525
2022;Prefeitura Municipal de Barão de Antonina - SP;3505005;SP;DCA-Anexo I-C;Padrão;Receitas Brutas Realizadas;RO1.1.1.3.03.0.0;1.1.1.3.03.0.0 - Imposto sobre a Renda - Retido na Fonte;353180,35;3525
2022;Prefeitura Municipal de Barão de Antonina - SP;3505005;SP;DCA-Anexo I-C;Padrão;Receitas Brutas Realizadas;RO1.1.1.3.03.1.0;1.1.1.3.03.1.0 - Imposto sobre a Renda - Retido na Fonte - Trabalho;353180,35;3525
2022;Prefeitura Municipal de Barão de Antonina - SP;3505005;SP;DCA-Anexo I-C;Padrão;Receitas Brutas Realizadas;RO1.1.1.4.00.0.0;1.1.1.4.00.0.0 - Impostos sobre a Produção e Circulação de Mercadorias e Serviços;608129,95;3525
2022;Prefeitura Municipal de Barão de Antonina - SP;3505005;SP;DCA-Anexo I-C;Padrão;Receitas Brutas Realizadas;RO1.1.1.4.51.0.0;1.1.1.4.51.0.0 - Impostos sobre Serviços;608129,95;3525
2022;Prefeitura Municipal de Barão de Antonina - SP;3505005;SP;DCA-Anexo I-C;Padrão;Receitas Brutas Realizadas;RO1.1.1.4.51.1.0;1.1.1.4.51.1.0 - Imposto sobre Serviços de Qualquer Natureza - ISSQN;608129,95;3525
2022;Prefeitura Municipal de Barão de Antonina - SP;3505005;SP;DCA-Anexo I-C;Padrão;Receitas Brutas Realizadas;RO1.1.1.9.00.0.0;1.1.1.9.00.0.0 - Outros Impostos;61579,18;3525
2022;Prefeitura Municipal de Barão de Antonina - SP;3505005;SP;DCA-Anexo I-C;Padrão;Receitas Brutas Realizadas;RO1.1.2.0.00.0.0;1.1.2.0.00.0.0 - Taxas;242395,15;3525
2022;Prefeitura Municipal de Barão de Antonina - SP;3505005;SP;DCA-Anexo I-C;Padrão;Receitas Brutas Realizadas;RO1.1.2.2.00.0.0;1.1.2.2.00.0.0 - Taxas pela Prestação de Serviços;242395,15;3525
2022;Prefeitura Municipal de Barão de Antonina - SP;3505005;SP;DCA-Anexo I-C;Padrão;Receitas Brutas Realizadas;RO1.1.2.2.01.0.0;1.1.2.2.01.0.0 - Taxas pela Prestação de Serviços;242395,15;3525
2022;Prefeitura Municipal de Barão de Antonina - SP;3505005;SP;DCA-Anexo I-C;Padrão;Receitas Brutas Realizadas;RO1.2.0.0.00.0.0;1.2.0.0.00.0.0 - Contribuições;62902,42;3525
2022;Prefeitura Municipal de Barão de Antonina - SP;3505005;SP;DCA-Anexo I-C;Padrão;Receitas Brutas Realizadas;RO1.2.4.0.00.0.0;1.2.4.0.00.0.0 - Contribuição para o Custeio do Serviço de Iluminação Pública;62902,42;3525
2022;Prefeitura Municipal de Barão de Antonina - SP;3505005;SP;DCA-Anexo I-C;Padrão;Receitas Brutas Realizadas;RO1.3.0.0.00.0.0;1.3.0.0.00.0.0 - Receita Patrimonial;1090568,11;3525
2022;Prefeitura Municipal de Barão de Antonina - SP;3505005;SP;DCA-Anexo I-C;Padrão;Receitas Brutas Realizadas;RO1.3.2.0.00.0.0;1.3.2.0.00.0.0 - Valores Mobiliários;1090568,11;3525
2022;Prefeitura Municipal de Barão de Antonina - SP;3505005;SP;DCA-Anexo I-C;Padrão;Receitas Brutas Realizadas;RO1.3.2.1.00.0.0;1.3.2.1.00.0.0 - Juros e Correções Monetárias;1090568,11;3525
2022;Prefeitura Municipal de Barão de Antonina - SP;3505005;SP;DCA-Anexo I-C;Padrão;Receitas Brutas Realizadas;RO1.3.2.1.01.0.0;1.3.2.1.01.0.0 - Remuneração de Depósitos Bancários;1090568,11;3525
2022;Prefeitura Municipal de Barão de Antonina - SP;3505005;SP;DCA-Anexo I-C;Padrão;Receitas Brutas Realizadas;RO1.7.0.0.00.0.0;1.7.0.0.00.0.0 - Transferências Correntes;27608901,33;3525
2022;Prefeitura Municipal de Barão de Antonina - SP;3505005;SP;DCA-Anexo I-C;Padrão;Deduções - FUNDEB;RO1.7.0.0.00.0.0;1.7.0.0.00.0.0 - Transferências Correntes;4158249,96;3525
2022;Prefeitura Municipal de Barão de Antonina - SP;3505005;SP;DCA-Anexo I-C;Padrão;Receitas Brutas Realizadas;RO1.7.1.0.00.0.0;1.7.1.0.00.0.0 - Transferências da União e de suas Entidades;16854677,35;3525
2022;Prefeitura Municipal de Barão de Antonina - SP;3505005;SP;DCA-Anexo I-C;Padrão;Deduções - FUNDEB;RO1.7.1.0.00.0.0;1.7.1.0.00.0.0 - Transferências da União e de suas Entidades;2664567,18;3525
2022;Prefeitura Municipal de Barão de Antonina - SP;3505005;SP;DCA-Anexo I-C;Padrão;Receitas Brutas Realizadas;RO1.7.1.1.00.0.0;1.7.1.1.00.0.0 - Transferências Decorrentes de Participação na Receita da União;14550119,91;3525
2022;Prefeitura Municipal de Barão de Antonina - SP;3505005;SP;DCA-Anexo I-C;Padrão;Deduções - FUNDEB;RO1.7.1.1.00.0.0;1.7.1.1.00.0.0 - Transferências Decorrentes de Participação na Receita da União;2664567,18;3525
2022;Prefeitura Municipal de Barão de Antonina - SP;3505005;SP;DCA-Anexo I-C;Padrão;Receitas Brutas Realizadas;RO1.7.1.1.51.0.0;1.7.1.1.51.0.0 -Cota-Parte do Fundo de Participação dos Municípios - FPM;14502092,66;3525
2022;Prefeitura Municipal de Barão de Antonina - SP;3505005;SP;DCA-Anexo I-C;Padrão;Deduções - FUNDEB;RO1.7.1.1.51.0.0;1.7.1.1.51.0.0 -Cota-Parte do Fundo de Participação dos Municípios - FPM;2654961,84;3525
2022;Prefeitura Municipal de Barão de Antonina - SP;3505005;SP;DCA-Anexo I-C;Padrão;Receitas Brutas Realizadas;RO1.7.1.1.51.1.0;1.7.1.1.51.1.0 - Cota-Parte do Fundo de Participação dos Municípios - Cota Mensal;13274810,74;3525
2022;Prefeitura Municipal de Barão de Antonina - SP;3505005;SP;DCA-Anexo I-C;Padrão;Deduções - FUNDEB;RO1.7.1.1.51.1.0;1.7.1.1.51.1.0 - Cota-Parte do Fundo de Participação dos Municípios - Cota Mensal;2654961,84;3525
2022;Prefeitura Municipal de Barão de Antonina - SP;3505005;SP;DCA-Anexo I-C;Padrão;Receitas Brutas Realizadas;RO1.7.1.1.51.2.0;1.7.1.1.51.2.0 - Cota-Parte do Fundo de Participação do Municípios ¿ 1% Cota entregue no mês de dezembro;546136,69;3525
2022;Prefeitura Municipal de Barão de Antonina - SP;3505005;SP;DCA-Anexo I-C;Padrão;Receitas Brutas Realizadas;RO1.7.1.1.51.3.0;1.7.1.1.51.3.0 - Cota-Parte do Fundo de Participação dos Municípios - 1% Cota entregue no mês de julho;681145,23;3525
2022;Prefeitura Municipal de Barão de Antonina - SP;3505005;SP;DCA-Anexo I-C;Padrão;Receitas Brutas Realizadas;RO1.7.1.1.52.0.0;1.7.1.1.52.0.0 - Cota-Parte do Imposto Sobre a Propriedade Territorial Rural;48027,25;3525
2022;Prefeitura Municipal de Barão de Antonina - SP;3505005;SP;DCA-Anexo I-C;Padrão;Deduções - FUNDEB;RO1.7.1.1.52.0.0;1.7.1.1.52.0.0 - Cota-Parte do Imposto Sobre a Propriedade Territorial Rural;9605,34;3525
2022;Prefeitura Municipal de Barão de Antonina - SP;3505005;SP;DCA-Anexo I-C;Padrão;Receitas Brutas Realizadas;RO1.7.1.2.00.0.0;1.7.1.2.00.0.0 -Transferências das Compensações Financeiras pela Exploração de Recursos Naturais;714547,85;3525
2022;Prefeitura Municipal de Barão de Antonina - SP;3505005;SP;DCA-Anexo I-C;Padrão;Receitas Brutas Realizadas;RO1.7.1.2.50.0.0;1.7.1.2.50.0.0 - Cota-parte da Compensação Financeira pela Exploração de Recursos Hídricos;125794,54;3525
2022;Prefeitura Municipal de Barão de Antonina - SP;3505005;SP;DCA-Anexo I-C;Padrão;Receitas Brutas Realizadas;RO1.7.1.2.51.0.0;1.7.1.2.51.0.0 -Cota-parte da Compensação Financeira pela Exploração de Recursos Minerais - CFEM;3705,35;3525
2022;Prefeitura Municipal de Barão de Antonina - SP;3505005;SP;DCA-Anexo I-C;Padrão;Receitas Brutas Realizadas;RO1.7.1.2.52.0.0;1.7.1.2.52.0.0 - Cota-parte da Compensação Financeira pela Produção de Petróleo;364281,27;3525
2022;Prefeitura Municipal de Barão de Antonina - SP;3505005;SP;DCA-Anexo I-C;Padrão;Receitas Brutas Realizadas;RO1.7.1.2.52.1.0;1.7.1.2.52.1.0 - Cota-parte da Compensação Financeira pela Produção de Petróleo ¿ Lei nº 7.990/89;17356,54;3525
2022;Prefeitura Municipal de Barão de Antonina - SP;3505005;SP;DCA-Anexo I-C;Padrão;Receitas Brutas Realizadas;RO1.7.1.2.52.4.0;1.7.1.2.52.4.0 - Cota-Parte do Fundo Especial do Petróleo ¿ FEP;346924,73;3525
2022;Prefeitura Municipal de Barão de Antonina - SP;3505005;SP;DCA-Anexo I-C;Padrão;Receitas Brutas Realizadas;RO1.7.1.2.99.0.0;1.7.1.2.99.0.0 - Outras Transferências decorrentes de Compensação Financeira pela Exploração de Recursos Naturais ;220766,69;3525
2022;Prefeitura Municipal de Barão de Antonina - SP;3505005;SP;DCA-Anexo I-C;Padrão;Receitas Brutas Realizadas;RO1.7.1.3.00.0.0;1.7.1.3.00.0.0 -Transferências de Recursos do Sistema Único de Saúde ¿ SUS ;1035035,07;3525
2022;Prefeitura Municipal de Barão de Antonina - SP;3505005;SP;DCA-Anexo I-C;Padrão;Receitas Brutas Realizadas;RO1.7.1.3.50.0.0;1.7.1.3.50.0.0 - Transferências de Recursos do Sistema Único de Saúde ¿ SUS ¿ Repasses Fundo a Fundo - Bloco de Manutenção das Ações e Serviços Públicos de Saúde;790035,07;3525
2022;Prefeitura Municipal de Barão de Antonina - SP;3505005;SP;DCA-Anexo I-C;Padrão;Receitas Brutas Realizadas;RO1.7.1.3.50.1.0;1.7.1.3.50.1.0 - Transferências de Recursos do Bloco de Manutenção das Ações e Serviços Públicos de Saúde ¿ Atenção Primária;714439,55;3525
2022;Prefeitura Municipal de Barão de Antonina - SP;3505005;SP;DCA-Anexo I-C;Padrão;Receitas Brutas Realizadas;RO1.7.1.3.50.2.0;1.7.1.3.50.2.0 - Transferências de Recursos do Bloco de Manutenção das Ações e Serviços Públicos de Saúde ¿ Atenção Especializada;26630,56;3525
2022;Prefeitura Municipal de Barão de Antonina - SP;3505005;SP;DCA-Anexo I-C;Padrão;Receitas Brutas Realizadas;RO1.7.1.3.50.3.0;1.7.1.3.50.3.0 - Transferências de Recursos do Bloco de Manutenção das Ações e Serviços Públicos de Saúde ¿ Vigilância em Saúde;48964,96;3525
2022;Prefeitura Municipal de Barão de Antonina - SP;3505005;SP;DCA-Anexo I-C;Padrão;Receitas Brutas Realizadas;RO1.7.1.3.99.0.0;1.7.1.3.99.0.0 - Outras Transferências de Recursos do Sistema Único de Saúde - SUS;245000,00;3525
2022;Prefeitura Municipal de Barão de Antonina - SP;3505005;SP;DCA-Anexo I-C;Padrão;Receitas Brutas Realizadas;RO1.7.1.4.00.0.0;1.7.1.4.00.0.0 -Transferências de Recursos do Fundo Nacional do Desenvolvimento da Educação ¿ FNDE¿ ;350703,63;3525
2022;Prefeitura Municipal de Barão de Antonina - SP;3505005;SP;DCA-Anexo I-C;Padrão;Receitas Brutas Realizadas;RO1.7.1.4.50.0.0;1.7.1.4.50.0.0 - Transferências do Salário-Educação;316537,63;3525
2022;Prefeitura Municipal de Barão de Antonina - SP;3505005;SP;DCA-Anexo I-C;Padrão;Receitas Brutas Realizadas;RO1.7.1.4.52.0.0;1.7.1.4.52.0.0 - Transferências referentes ao Programa Nacional de Alimentação Escolar ¿ PNAE;34166,00;3525
2022;Prefeitura Municipal de Barão de Antonina - SP;3505005;SP;DCA-Anexo I-C;Padrão;Receitas Brutas Realizadas;RO1.7.1.6.00.0.0;1.7.1.6.00.0.0 - Transferências de Recursos do Fundo Nacional de Assistência Social ¿ FNAS;66111,62;3525
2022;Prefeitura Municipal de Barão de Antonina - SP;3505005;SP;DCA-Anexo I-C;Padrão;Receitas Brutas Realizadas;RO1.7.1.7.00.0.0;1.7.1.7.00.0.0 - Transferências de Convênios da União e de Suas Entidades;2872,30;3525
2022;Prefeitura Municipal de Barão de Antonina - SP;3505005;SP;DCA-Anexo I-C;Padrão;Receitas Brutas Realizadas;RO1.7.1.7.51.0.0;1.7.1.7.51.0.0 - Transferências de Convênios da União Destinadas a Programas de Educação;2872,30;3525
2022;Prefeitura Municipal de Barão de Antonina - SP;3505005;SP;DCA-Anexo I-C;Padrão;Receitas Brutas Realizadas;RO1.7.1.9.00.0.0;1.7.1.9.00.0.0 - Outras Transferências de Recursos da União e de suas Entidades;135286,97;3525
2022;Prefeitura Municipal de Barão de Antonina - SP;3505005;SP;DCA-Anexo I-C;Padrão;Receitas Brutas Realizadas;RO1.7.1.9.99.0.0;1.7.1.9.99.0.0 - Outras Transferências de Recursos da União e de suas Entidades;135286,97;3525
2022;Prefeitura Municipal de Barão de Antonina - SP;3505005;SP;DCA-Anexo I-C;Padrão;Receitas Brutas Realizadas;RO1.7.2.0.00.0.0;1.7.2.0.00.0.0 - Transferências dos Estados e do Distrito Federal e de suas Entidades;8647953,87;3525
2022;Prefeitura Municipal de Barão de Antonina - SP;3505005;SP;DCA-Anexo I-C;Padrão;Deduções - FUNDEB;RO1.7.2.0.00.0.0;1.7.2.0.00.0.0 - Transferências dos Estados e do Distrito Federal e de suas Entidades;1493682,78;3525
2022;Prefeitura Municipal de Barão de Antonina - SP;3505005;SP;DCA-Anexo I-C;Padrão;Receitas Brutas Realizadas;RO1.7.2.1.00.0.0;1.7.2.1.00.0.0 - Participação na Receita dos Estados e Distrito Federal;7477922,34;3525
2022;Prefeitura Municipal de Barão de Antonina - SP;3505005;SP;DCA-Anexo I-C;Padrão;Deduções - FUNDEB;RO1.7.2.1.00.0.0;1.7.2.1.00.0.0 - Participação na Receita dos Estados e Distrito Federal;1493682,78;3525
2022;Prefeitura Municipal de Barão de Antonina - SP;3505005;SP;DCA-Anexo I-C;Padrão;Receitas Brutas Realizadas;RO1.7.2.1.50.0.0;1.7.2.1.50.0.0 - Cota-Parte do ICMS;6999932,99;3525
2022;Prefeitura Municipal de Barão de Antonina - SP;3505005;SP;DCA-Anexo I-C;Padrão;Deduções - FUNDEB;RO1.7.2.1.50.0.0;1.7.2.1.50.0.0 - Cota-Parte do ICMS;1399986,40;3525
2022;Prefeitura Municipal de Barão de Antonina - SP;3505005;SP;DCA-Anexo I-C;Padrão;Receitas Brutas Realizadas;RO1.7.2.1.51.0.0;1.7.2.1.51.0.0 - Cota-Parte do IPVA;426383,58;3525
2022;Prefeitura Municipal de Barão de Antonina - SP;3505005;SP;DCA-Anexo I-C;Padrão;Deduções - FUNDEB;RO1.7.2.1.51.0.0;1.7.2.1.51.0.0 - Cota-Parte do IPVA;85276,65;3525
2022;Prefeitura Municipal de Barão de Antonina - SP;3505005;SP;DCA-Anexo I-C;Padrão;Receitas Brutas Realizadas;RO1.7.2.1.52.0.0;1.7.2.1.52.0.0 - Cota-Parte do IPI - Municípios;42099,14;3525
2022;Prefeitura Municipal de Barão de Antonina - SP;3505005;SP;DCA-Anexo I-C;Padrão;Deduções - FUNDEB;RO1.7.2.1.52.0.0;1.7.2.1.52.0.0 - Cota-Parte do IPI - Municípios;8419,73;3525
2022;Prefeitura Municipal de Barão de Antonina - SP;3505005;SP;DCA-Anexo I-C;Padrão;Receitas Brutas Realizadas;RO1.7.2.1.53.0.0;1.7.2.1.53.0.0 - Cota-Parte da Contribuição de Intervenção no Domínio Econômico;9506,63;3525
2022;Prefeitura Municipal de Barão de Antonina - SP;3505005;SP;DCA-Anexo I-C;Padrão;Receitas Brutas Realizadas;RO1.7.2.3.00.0.0;1.7.2.3.00.0.0 - Transferências de Recursos do Sistema Único de Saúde ¿ SUS;245951,47;3525
2022;Prefeitura Municipal de Barão de Antonina - SP;3505005;SP;DCA-Anexo I-C;Padrão;Receitas Brutas Realizadas;RO1.7.2.9.00.0.0;1.7.2.9.00.0.0 - Outras Transferências dos Estados e Distrito Federal;924080,06;3525
2022;Prefeitura Municipal de Barão de Antonina - SP;3505005;SP;DCA-Anexo I-C;Padrão;Receitas Brutas Realizadas;RO1.7.2.9.51.0.0;1.7.2.9.51.0.0 - Transferências de Estados destinadas à Assistência Social;29694,70;3525
2022;Prefeitura Municipal de Barão de Antonina - SP;3505005;SP;DCA-Anexo I-C;Padrão;Receitas Brutas Realizadas;RO1.7.2.9.52.0.0;1.7.2.9.52.0.0 - Transferências de Recursos Destinados a Programas de Educação;654888,22;3525
2022;Prefeitura Municipal de Barão de Antonina - SP;3505005;SP;DCA-Anexo I-C;Padrão;Receitas Brutas Realizadas;RO1.7.2.9.99.0.0;1.7.2.9.99.0.0 - Outras Transferências dos Estados e DF;239497,14;3525
2022;Prefeitura Municipal de Barão de Antonina - SP;3505005;SP;DCA-Anexo I-C;Padrão;Receitas Brutas Realizadas;RO1.7.5.0.00.0.0;1.7.5.0.00.0.0 - Transferências de Outras Instituições Públicas;2106270,11;3525
2022;Prefeitura Municipal de Barão de Antonina - SP;3505005;SP;DCA-Anexo I-C;Padrão;Receitas Brutas Realizadas;RO1.7.5.1.00.0.0;1.7.5.1.00.0.0 - Transferências de Recursos do Fundo de Manutenção e Desenvolvimento da Educação Básica e de Valorização dos Profissionais da Educação - FUNDEB;2106270,11;3525
2022;Prefeitura Municipal de Barão de Antonina - SP;3505005;SP;DCA-Anexo I-C;Padrão;Receitas Brutas Realizadas;RO1.9.0.0.00.0.0;1.9.0.0.00.0.0 - Outras Receitas Correntes;85014,23;3525
2022;Prefeitura Municipal de Barão de Antonina - SP;3505005;SP;DCA-Anexo I-C;Padrão;Receitas Brutas Realizadas;RO1.9.1.0.00.0.0;1.9.1.0.00.0.0 - Multas Administrativas, Contratuais e Judiciais;192,00;3525
2022;Prefeitura Municipal de Barão de Antonina - SP;3505005;SP;DCA-Anexo I-C;Padrão;Receitas Brutas Realizadas;RO1.9.1.1.00.0.0;1.9.1.1.00.0.0 - Multas Administrativas, Contratuais e Judiciais;192,00;3525
2022;Prefeitura Municipal de Barão de Antonina - SP;3505005;SP;DCA-Anexo I-C;Padrão;Receitas Brutas Realizadas;RO1.9.1.1.01.0.0;1.9.1.1.01.0.0 - Multas Previstas em Legislação Específica;192,00;3525
2022;Prefeitura Municipal de Barão de Antonina - SP;3505005;SP;DCA-Anexo I-C;Padrão;Receitas Brutas Realizadas;RO1.9.2.0.00.0.0;1.9.2.0.00.0.0 - Indenizações, Restituições e Ressarcimentos;84822,23;3525
2022;Prefeitura Municipal de Barão de Antonina - SP;3505005;SP;DCA-Anexo I-C;Padrão;Receitas Brutas Realizadas;RO1.9.2.2.00.0.0;1.9.2.2.00.0.0 - Restituições;84822,23;3525
2022;Prefeitura Municipal de Barão de Antonina - SP;3505005;SP;DCA-Anexo I-C;Padrão;Receitas Brutas Realizadas;RO1.9.2.2.99.0.0;1.9.2.2.99.0.0 - Outras Restituições;84822,23;3525
2022;Prefeitura Municipal de Barão de Antonina - SP;3505005;SP;DCA-Anexo I-C;Padrão;Receitas Brutas Realizadas;RO2.0.0.0.00.0.0;2.0.0.0.00.0.0 - Receitas de Capital;3474604,00;3525
2022;Prefeitura Municipal de Barão de Antonina - SP;3505005;SP;DCA-Anexo I-C;Padrão;Receitas Brutas Realizadas;RO2.4.0.0.00.0.0;2.4.0.0.00.0.0 - Transferências de Capital;3474604,00;3525
2022;Prefeitura Municipal de Barão de Antonina - SP;3505005;SP;DCA-Anexo I-C;Padrão;Receitas Brutas Realizadas;RO2.4.1.0.00.0.0;2.4.1.0.00.0.0 - Transferências da União e de suas Entidades;477500,00;3525
2022;Prefeitura Municipal de Barão de Antonina - SP;3505005;SP;DCA-Anexo I-C;Padrão;Receitas Brutas Realizadas;RO2.4.1.4.00.0.0;2.4.1.4.00.0.0 - Transferências de Convênios da União e de suas Entidades ;477500,00;3525
2022;Prefeitura Municipal de Barão de Antonina - SP;3505005;SP;DCA-Anexo I-C;Padrão;Receitas Brutas Realizadas;RO2.4.1.4.99.0.0;2.4.1.4.99.0.0 - Outras Transferências de Convênios da União e de Suas Entidades;477500,00;3525
2022;Prefeitura Municipal de Barão de Antonina - SP;3505005;SP;DCA-Anexo I-C;Padrão;Receitas Brutas Realizadas;RO2.4.2.0.00.0.0;2.4.2.0.00.0.0 - Transferências dos Estados e do Distrito Federal e de suas Entidades;2747104,00;3525
2022;Prefeitura Municipal de Barão de Antonina - SP;3505005;SP;DCA-Anexo I-C;Padrão;Receitas Brutas Realizadas;RO2.4.2.2.00.0.0;2.4.2.2.00.0.0 - Transferências de Convênios dos Estados e DF e de Suas Entidades ;835000,00;3525
2022;Prefeitura Municipal de Barão de Antonina - SP;3505005;SP;DCA-Anexo I-C;Padrão;Receitas Brutas Realizadas;RO2.4.2.2.53.0.0;2.4.2.2.53.0.0 - Transferências de Convênios dos Estados destinadas a Programas de Meio Ambiente;425000,00;3525
2022;Prefeitura Municipal de Barão de Antonina - SP;3505005;SP;DCA-Anexo I-C;Padrão;Receitas Brutas Realizadas;RO2.4.2.2.99.0.0;2.4.2.2.99.0.0 - Outras Transferências de Convênio dos Estados e DF e de Suas Entidades;410000,00;3525
2022;Prefeitura Municipal de Barão de Antonina - SP;3505005;SP;DCA-Anexo I-C;Padrão;Receitas Brutas Realizadas;RO2.4.2.9.00.0.0;2.4.2.9.00.0.0 - Outras Transferências de Recursos dos Estados;1912104,00;3525
2022;Prefeitura Municipal de Barão de Antonina - SP;3505005;SP;DCA-Anexo I-C;Padrão;Receitas Brutas Realizadas;RO2.4.2.9.99.0.0;2.4.2.9.99.0.0 - Outras Transferências de Recursos dos Estados;1912104,00;3525
2022;Prefeitura Municipal de Barão de Antonina - SP;3505005;SP;DCA-Anexo I-C;Padrão;Receitas Brutas Realizadas;RO2.4.9.0.00.0.0;2.4.9.0.00.0.0 - Demais Transferências de Capital;250000,00;3525
2022;Prefeitura Municipal de Barão de Antonina - SP;3505005;SP;DCA-Anexo I-C;Padrão;Receitas Brutas Realizadas;RO2.4.9.9.00.0.0;2.4.9.9.00.0.0 - Outras Transferências de Capital;250000,00;3525
2022;Prefeitura Municipal de Barão de Antonina - SP;3505005;SP;DCA-Anexo I-C;Padrão;Receitas Brutas Realizadas;TotalReceitas;TOTAL DAS RECEITAS (III) = (I + II);34552852,07;3525
2022;Prefeitura Municipal de Barão de Antonina - SP;3505005;SP;DCA-Anexo I-C;Padrão;Deduções - FUNDEB;TotalReceitas;TOTAL DAS RECEITAS (III) = (I + II);4158249,96;3525
2023;Prefeitura Municipal de Barão de Antonina - SP;3505005;SP;DCA-Anexo I-C;Padrão;Receitas Brutas Realizadas;ReceitasExcetoIntraOrcamentarias;RECEITAS (EXCETO INTRA-ORÇAMENTÁRIAS) (I);34365777,25;3525
2023;Prefeitura Municipal de Barão de Antonina - SP;3505005;SP;DCA-Anexo I-C;Padrão;Deduções - FUNDEB;ReceitasExcetoIntraOrcamentarias;RECEITAS (EXCETO INTRA-ORÇAMENTÁRIAS) (I);4153613,26;3525
2023;Prefeitura Municipal de Barão de Antonina - SP;3505005;SP;DCA-Anexo I-C;Padrão;Receitas Brutas Realizadas;RO1.0.0.0.00.0.0;1.0.0.0.00.0.0 - Receitas Correntes;31730777,25;3525
2023;Prefeitura Municipal de Barão de Antonina - SP;3505005;SP;DCA-Anexo I-C;Padrão;Deduções - FUNDEB;RO1.0.0.0.00.0.0;1.0.0.0.00.0.0 - Receitas Correntes;4153613,26;3525
2023;Prefeitura Municipal de Barão de Antonina - SP;3505005;SP;DCA-Anexo I-C;Padrão;Receitas Brutas Realizadas;RO1.1.0.0.00.0.0;1.1.0.0.00.0.0 - Impostos, Taxas e Contribuições de Melhoria;1667441,25;3525
2023;Prefeitura Municipal de Barão de Antonina - SP;3505005;SP;DCA-Anexo I-C;Padrão;Receitas Brutas Realizadas;RO1.1.1.0.00.0.0;1.1.1.0.00.0.0 - Impostos;1327615,93;3525
2023;Prefeitura Municipal de Barão de Antonina - SP;3505005;SP;DCA-Anexo I-C;Padrão;Receitas Brutas Realizadas;RO1.1.1.2.00.0.0;1.1.1.2.00.0.0 - Impostos sobre o Patrimônio;488432,42;3525
2023;Prefeitura Municipal de Barão de Antonina - SP;3505005;SP;DCA-Anexo I-C;Padrão;Receitas Brutas Realizadas;RO1.1.1.2.50.0.0;1.1.1.2.50.0.0 - Imposto sobre a Propriedade Predial e Territorial Urbana;207990,80;3525
2023;Prefeitura Municipal de Barão de Antonina - SP;3505005;SP;DCA-Anexo I-C;Padrão;Receitas Brutas Realizadas;RO1.1.1.2.53.0.0;"1.1.1.2.53.0.0 - Impostos sobre Transmissão ""Inter Vivos"" de Bens Imóveis e de Direitos Reais sobre Imóveis";280441,62;3525
2023;Prefeitura Municipal de Barão de Antonina - SP;3505005;SP;DCA-Anexo I-C;Padrão;Receitas Brutas Realizadas;RO1.1.1.3.00.0.0;1.1.1.3.00.0.0 - Impostos sobre a Renda e Proventos de Qualquer Natureza;469423,87;3525
2023;Prefeitura Municipal de Barão de Antonina - SP;3505005;SP;DCA-Anexo I-C;Padrão;Receitas Brutas Realizadas;RO1.1.1.3.03.0.0;1.1.1.3.03.0.0 - Imposto sobre a Renda - Retido na Fonte;469423,87;3525
2023;Prefeitura Municipal de Barão de Antonina - SP;3505005;SP;DCA-Anexo I-C;Padrão;Receitas Brutas Realizadas;RO1.1.1.3.03.1.0;1.1.1.3.03.1.0 - Imposto sobre a Renda - Retido na Fonte - Trabalho;458214,26;3525
2023;Prefeitura Municipal de Barão de Antonina - SP;3505005;SP;DCA-Anexo I-C;Padrão;Receitas Brutas Realizadas;RO1.1.1.3.03.4.0;1.1.1.3.03.4.0 - Imposto sobre a Renda - Retido na Fonte - Outros Rendimentos;11209,61;3525
2023;Prefeitura Municipal de Barão de Antonina - SP;3505005;SP;DCA-Anexo I-C;Padrão;Receitas Brutas Realizadas;RO1.1.1.4.00.0.0;1.1.1.4.00.0.0 - Impostos sobre a Produção e Circulação de Mercadorias e Serviços;297537,92;3525
2023;Prefeitura Municipal de Barão de Antonina - SP;3505005;SP;DCA-Anexo I-C;Padrão;Receitas Brutas Realizadas;RO1.1.1.4.51.0.0;1.1.1.4.51.0.0 - Impostos sobre Serviços;297537,92;3525
2023;Prefeitura Municipal de Barão de Antonina - SP;3505005;SP;DCA-Anexo I-C;Padrão;Receitas Brutas Realizadas;RO1.1.1.4.51.1.0;1.1.1.4.51.1.0 - Imposto sobre Serviços de Qualquer Natureza - ISSQN;297537,92;3525
2023;Prefeitura Municipal de Barão de Antonina - SP;3505005;SP;DCA-Anexo I-C;Padrão;Receitas Brutas Realizadas;RO1.1.1.9.00.0.0;1.1.1.9.00.0.0 - Outros Impostos;72221,72;3525
2023;Prefeitura Municipal de Barão de Antonina - SP;3505005;SP;DCA-Anexo I-C;Padrão;Receitas Brutas Realizadas;RO1.1.2.0.00.0.0;1.1.2.0.00.0.0 - Taxas;339825,32;3525
2023;Prefeitura Municipal de Barão de Antonina - SP;3505005;SP;DCA-Anexo I-C;Padrão;Receitas Brutas Realizadas;RO1.1.2.2.00.0.0;1.1.2.2.00.0.0 - Taxas pela Prestação de Serviços;339825,32;3525
2023;Prefeitura Municipal de Barão de Antonina - SP;3505005;SP;DCA-Anexo I-C;Padrão;Receitas Brutas Realizadas;RO1.1.2.2.01.0.0;1.1.2.2.01.0.0 - Taxas pela Prestação de Serviços em Geral;339825,32;3525
2023;Prefeitura Municipal de Barão de Antonina - SP;3505005;SP;DCA-Anexo I-C;Padrão;Receitas Brutas Realizadas;RO1.2.0.0.00.0.0;1.2.0.0.00.0.0 - Contribuições;59850,04;3525
2023;Prefeitura Municipal de Barão de Antonina - SP;3505005;SP;DCA-Anexo I-C;Padrão;Receitas Brutas Realizadas;RO1.2.4.0.00.0.0;1.2.4.0.00.0.0 - Contribuição para o Custeio do Serviço de Iluminação Pública;59850,04;3525
2023;Prefeitura Municipal de Barão de Antonina - SP;3505005;SP;DCA-Anexo I-C;Padrão;Receitas Brutas Realizadas;RO1.3.0.0.00.0.0;1.3.0.0.00.0.0 - Receita Patrimonial;1096074,79;3525
2023;Prefeitura Municipal de Barão de Antonina - SP;3505005;SP;DCA-Anexo I-C;Padrão;Receitas Brutas Realizadas;RO1.3.2.0.00.0.0;1.3.2.0.00.0.0 - Valores Mobiliários;1096074,79;3525
2023;Prefeitura Municipal de Barão de Antonina - SP;3505005;SP;DCA-Anexo I-C;Padrão;Receitas Brutas Realizadas;RO1.3.2.1.00.0.0;1.3.2.1.00.0.0 - Juros e Correções Monetárias;1096074,79;3525
2023;Prefeitura Municipal de Barão de Antonina - SP;3505005;SP;DCA-Anexo I-C;Padrão;Receitas Brutas Realizadas;RO1.3.2.1.01.0.0;1.3.2.1.01.0.0 - Remuneração de Depósitos Bancários;1096074,79;3525
2023;Prefeitura Municipal de Barão de Antonina - SP;3505005;SP;DCA-Anexo I-C;Padrão;Receitas Brutas Realizadas;RO1.7.0.0.00.0.0;1.7.0.0.00.0.0 - Transferências Correntes;28726540,98;3525
2023;Prefeitura Municipal de Barão de Antonina - SP;3505005;SP;DCA-Anexo I-C;Padrão;Deduções - FUNDEB;RO1.7.0.0.00.0.0;1.7.0.0.00.0.0 - Transferências Correntes;4153613,26;3525
2023;Prefeitura Municipal de Barão de Antonina - SP;3505005;SP;DCA-Anexo I-C;Padrão;Receitas Brutas Realizadas;RO1.7.1.0.00.0.0;1.7.1.0.00.0.0 - Transferências da União e de suas Entidades;18249726,06;3525
2023;Prefeitura Municipal de Barão de Antonina - SP;3505005;SP;DCA-Anexo I-C;Padrão;Deduções - FUNDEB;RO1.7.1.0.00.0.0;1.7.1.0.00.0.0 - Transferências da União e de suas Entidades;2747627,57;3525
2023;Prefeitura Municipal de Barão de Antonina - SP;3505005;SP;DCA-Anexo I-C;Padrão;Receitas Brutas Realizadas;RO1.7.1.1.00.0.0;1.7.1.1.00.0.0 - Transferências Decorrentes de Participação na Receita da União;15429958,83;3525
2023;Prefeitura Municipal de Barão de Antonina - SP;3505005;SP;DCA-Anexo I-C;Padrão;Deduções - FUNDEB;RO1.7.1.1.00.0.0;1.7.1.1.00.0.0 - Transferências Decorrentes de Participação na Receita da União;2747627,57;3525
2023;Prefeitura Municipal de Barão de Antonina - SP;3505005;SP;DCA-Anexo I-C;Padrão;Receitas Brutas Realizadas;RO1.7.1.1.51.0.0;1.7.1.1.51.0.0 -Cota-Parte do Fundo de Participação dos Municípios - FPM;15369431,04;3525
2023;Prefeitura Municipal de Barão de Antonina - SP;3505005;SP;DCA-Anexo I-C;Padrão;Deduções - FUNDEB;RO1.7.1.1.51.0.0;1.7.1.1.51.0.0 -Cota-Parte do Fundo de Participação dos Municípios - FPM;2735522,11;3525
2023;Prefeitura Municipal de Barão de Antonina - SP;3505005;SP;DCA-Anexo I-C;Padrão;Receitas Brutas Realizadas;RO1.7.1.1.51.1.0;1.7.1.1.51.1.0 - Cota-Parte do Fundo de Participação dos Municípios - Cota Mensal;13829198,76;3525
2023;Prefeitura Municipal de Barão de Antonina - SP;3505005;SP;DCA-Anexo I-C;Padrão;Deduções - FUNDEB;RO1.7.1.1.51.1.0;1.7.1.1.51.1.0 - Cota-Parte do Fundo de Participação dos Municípios - Cota Mensal;2735522,11;3525
2023;Prefeitura Municipal de Barão de Antonina - SP;3505005;SP;DCA-Anexo I-C;Padrão;Receitas Brutas Realizadas;RO1.7.1.1.51.2.0;1.7.1.1.51.2.0 - Cota-Parte do Fundo de Participação dos Municípios - Cotas Extraordinárias;1540232,28;3525
2023;Prefeitura Municipal de Barão de Antonina - SP;3505005;SP;DCA-Anexo I-C;Padrão;Receitas Brutas Realizadas;RO1.7.1.1.52.0.0;1.7.1.1.52.0.0 - Cota-Parte do Imposto Sobre a Propriedade Territorial Rural;60527,79;3525
2023;Prefeitura Municipal de Barão de Antonina - SP;3505005;SP;DCA-Anexo I-C;Padrão;Deduções - FUNDEB;RO1.7.1.1.52.0.0;1.7.1.1.52.0.0 - Cota-Parte do Imposto Sobre a Propriedade Territorial Rural;12105,46;3525
2023;Prefeitura Municipal de Barão de Antonina - SP;3505005;SP;DCA-Anexo I-C;Padrão;Receitas Brutas Realizadas;RO1.7.1.2.00.0.0;1.7.1.2.00.0.0 -Transferências das Compensações Financeiras pela Exploração de Recursos Naturais;917743,79;3525
2023;Prefeitura Municipal de Barão de Antonina - SP;3505005;SP;DCA-Anexo I-C;Padrão;Receitas Brutas Realizadas;RO1.7.1.2.50.0.0;1.7.1.2.50.0.0 - Cota-parte da Compensação Financeira pela Exploração de Recursos Hídricos;385154,60;3525
2023;Prefeitura Municipal de Barão de Antonina - SP;3505005;SP;DCA-Anexo I-C;Padrão;Receitas Brutas Realizadas;RO1.7.1.2.51.0.0;1.7.1.2.51.0.0 -Cota-parte da Compensação Financeira pela Exploração de Recursos Minerais - CFEM;4564,35;3525
2023;Prefeitura Municipal de Barão de Antonina - SP;3505005;SP;DCA-Anexo I-C;Padrão;Receitas Brutas Realizadas;RO1.7.1.2.52.0.0;1.7.1.2.52.0.0 - Cota-parte da Compensação Financeira pela Produção de Petróleo;300280,69;3525
2023;Prefeitura Municipal de Barão de Antonina - SP;3505005;SP;DCA-Anexo I-C;Padrão;Receitas Brutas Realizadas;RO1.7.1.2.52.1.0;1.7.1.2.52.1.0 - Cota-parte da Compensação Financeira pela Produção de Petróleo ¿ Lei nº 7.990/89;8472,29;3525
2023;Prefeitura Municipal de Barão de Antonina - SP;3505005;SP;DCA-Anexo I-C;Padrão;Receitas Brutas Realizadas;RO1.7.1.2.52.4.0;1.7.1.2.52.4.0 - Cota-Parte do Fundo Especial do Petróleo ¿ FEP;291808,40;3525
2023;Prefeitura Municipal de Barão de Antonina - SP;3505005;SP;DCA-Anexo I-C;Padrão;Receitas Brutas Realizadas;RO1.7.1.2.99.0.0;1.7.1.2.99.0.0 - Outras Transferências decorrentes de Compensação Financeira pela Exploração de Recursos Naturais ;227744,15;3525
2023;Prefeitura Municipal de Barão de Antonina - SP;3505005;SP;DCA-Anexo I-C;Padrão;Receitas Brutas Realizadas;RO1.7.1.3.00.0.0;1.7.1.3.00.0.0 -Transferências de Recursos do Sistema Único de Saúde ¿ SUS ;1345235,18;3525
2023;Prefeitura Municipal de Barão de Antonina - SP;3505005;SP;DCA-Anexo I-C;Padrão;Receitas Brutas Realizadas;RO1.7.1.3.50.0.0;1.7.1.3.50.0.0 - Transferências de Recursos do Sistema Único de Saúde ¿ SUS ¿ Repasses Fundo a Fundo - Bloco de Manutenção das Ações e Serviços Públicos de Saúde;1345235,18;3525
2023;Prefeitura Municipal de Barão de Antonina - SP;3505005;SP;DCA-Anexo I-C;Padrão;Receitas Brutas Realizadas;RO1.7.1.3.50.1.0;1.7.1.3.50.1.0 - Transferências de Recursos do Bloco de Manutenção das Ações e Serviços Públicos de Saúde ¿ Atenção Primária;1301044,59;3525
2023;Prefeitura Municipal de Barão de Antonina - SP;3505005;SP;DCA-Anexo I-C;Padrão;Receitas Brutas Realizadas;RO1.7.1.3.50.2.0;1.7.1.3.50.2.0 - Transferências de Recursos do Bloco de Manutenção das Ações e Serviços Públicos de Saúde ¿ Atenção Especializada;14403,60;3525
2023;Prefeitura Municipal de Barão de Antonina - SP;3505005;SP;DCA-Anexo I-C;Padrão;Receitas Brutas Realizadas;RO1.7.1.3.50.3.0;1.7.1.3.50.3.0 - Transferências de Recursos do Bloco de Manutenção das Ações e Serviços Públicos de Saúde ¿ Vigilância em Saúde;9942,88;3525
2023;Prefeitura Municipal de Barão de Antonina - SP;3505005;SP;DCA-Anexo I-C;Padrão;Receitas Brutas Realizadas;RO1.7.1.3.50.4.0;1.7.1.3.50.4.0 -Transferências de Recursos do Bloco de Manutenção das Ações e Serviços Públicos de Saúde ¿ Assistência Farmacêutica;9495,62;3525
2023;Prefeitura Municipal de Barão de Antonina - SP;3505005;SP;DCA-Anexo I-C;Padrão;Receitas Brutas Realizadas;RO1.7.1.3.50.5.0;1.7.1.3.50.5.0 - Transferências de Recursos do Bloco de Manutenção das Ações e Serviços Públicos de Saúde ¿ Gestão do SUS;10348,49;3525
2023;Prefeitura Municipal de Barão de Antonina - SP;3505005;SP;DCA-Anexo I-C;Padrão;Receitas Brutas Realizadas;RO1.7.1.4.00.0.0;1.7.1.4.00.0.0 -Transferências de Recursos do Fundo Nacional do Desenvolvimento da Educação ¿ FNDE¿ ;434639,84;3525
2023;Prefeitura Municipal de Barão de Antonina - SP;3505005;SP;DCA-Anexo I-C;Padrão;Receitas Brutas Realizadas;RO1.7.1.4.50.0.0;1.7.1.4.50.0.0 - Transferências do Salário-Educação;359567,54;3525
2023;Prefeitura Municipal de Barão de Antonina - SP;3505005;SP;DCA-Anexo I-C;Padrão;Receitas Brutas Realizadas;RO1.7.1.4.51.0.0;1.7.1.4.51.0.0 - Transferências Diretas do FNDE referentes ao Programa Dinheiro Direto na Escola ¿ PDDE;1440,00;3525
2023;Prefeitura Municipal de Barão de Antonina - SP;3505005;SP;DCA-Anexo I-C;Padrão;Receitas Brutas Realizadas;RO1.7.1.4.52.0.0;1.7.1.4.52.0.0 - Transferências referentes ao Programa Nacional de Alimentação Escolar ¿ PNAE;43284,20;3525
2023;Prefeitura Municipal de Barão de Antonina - SP;3505005;SP;DCA-Anexo I-C;Padrão;Receitas Brutas Realizadas;RO1.7.1.4.53.0.0;1.7.1.4.53.0.0 - Transferências referentes ao Programa Nacional de Apoio ao Transporte do Escolar ¿ PNATE;4949,80;3525
2023;Prefeitura Municipal de Barão de Antonina - SP;3505005;SP;DCA-Anexo I-C;Padrão;Receitas Brutas Realizadas;RO1.7.1.4.99.0.0;1.7.1.4.99.0.0 - Outras Transferências Diretas do Fundo Nacional do Desenvolvimento da Educação - FNDE;25398,30;3525
2023;Prefeitura Municipal de Barão de Antonina - SP;3505005;SP;DCA-Anexo I-C;Padrão;Receitas Brutas Realizadas;RO1.7.1.5.00.0.0;1.7.1.5.00.0.0 - Transferências de Recursos de Complementação da União ao Fundo de Manutenção e Desenvolvimento da Educação Básica e de Valorização dos Profissionais da Educação ¿ FUNDEB ;20810,51;3525
2023;Prefeitura Municipal de Barão de Antonina - SP;3505005;SP;DCA-Anexo I-C;Padrão;Receitas Brutas Realizadas;RO1.7.1.6.00.0.0;1.7.1.6.00.0.0 - Transferências de Recursos do Fundo Nacional de Assistência Social ¿ FNAS;98605,63;3525
2023;Prefeitura Municipal de Barão de Antonina - SP;3505005;SP;DCA-Anexo I-C;Padrão;Receitas Brutas Realizadas;RO1.7.1.7.00.0.0;1.7.1.7.00.0.0 - Transferências de Convênios da União e de Suas Entidades;2732,28;3525
2023;Prefeitura Municipal de Barão de Antonina - SP;3505005;SP;DCA-Anexo I-C;Padrão;Receitas Brutas Realizadas;RO1.7.1.7.99.0.0;1.7.1.7.99.0.0 - Outras Transferências de Convênios da União e de Suas Entidades;2732,28;3525
2023;Prefeitura Municipal de Barão de Antonina - SP;3505005;SP;DCA-Anexo I-C;Padrão;Receitas Brutas Realizadas;RO1.7.2.0.00.0.0;1.7.2.0.00.0.0 - Transferências dos Estados e do Distrito Federal e de suas Entidades;8282833,79;3525
2023;Prefeitura Municipal de Barão de Antonina - SP;3505005;SP;DCA-Anexo I-C;Padrão;Deduções - FUNDEB;RO1.7.2.0.00.0.0;1.7.2.0.00.0.0 - Transferências dos Estados e do Distrito Federal e de suas Entidades;1405985,69;3525
2023;Prefeitura Municipal de Barão de Antonina - SP;3505005;SP;DCA-Anexo I-C;Padrão;Receitas Brutas Realizadas;RO1.7.2.1.00.0.0;1.7.2.1.00.0.0 - Participação na Receita dos Estados e Distrito Federal;7032383,46;3525
2023;Prefeitura Municipal de Barão de Antonina - SP;3505005;SP;DCA-Anexo I-C;Padrão;Deduções - FUNDEB;RO1.7.2.1.00.0.0;1.7.2.1.00.0.0 - Participação na Receita dos Estados e Distrito Federal;1405985,69;3525
2023;Prefeitura Municipal de Barão de Antonina - SP;3505005;SP;DCA-Anexo I-C;Padrão;Receitas Brutas Realizadas;RO1.7.2.1.50.0.0;1.7.2.1.50.0.0 - Cota-Parte do ICMS;6481840,79;3525
2023;Prefeitura Municipal de Barão de Antonina - SP;3505005;SP;DCA-Anexo I-C;Padrão;Deduções - FUNDEB;RO1.7.2.1.50.0.0;1.7.2.1.50.0.0 - Cota-Parte do ICMS;1296261,57;3525
2023;Prefeitura Municipal de Barão de Antonina - SP;3505005;SP;DCA-Anexo I-C;Padrão;Receitas Brutas Realizadas;RO1.7.2.1.51.0.0;1.7.2.1.51.0.0 - Cota-Parte do IPVA;511848,07;3525
2023;Prefeitura Municipal de Barão de Antonina - SP;3505005;SP;DCA-Anexo I-C;Padrão;Deduções - FUNDEB;RO1.7.2.1.51.0.0;1.7.2.1.51.0.0 - Cota-Parte do IPVA;102369,57;3525
2023;Prefeitura Municipal de Barão de Antonina - SP;3505005;SP;DCA-Anexo I-C;Padrão;Receitas Brutas Realizadas;RO1.7.2.1.52.0.0;1.7.2.1.52.0.0 - Cota-Parte do IPI - Municípios;36773,08;3525
2023;Prefeitura Municipal de Barão de Antonina - SP;3505005;SP;DCA-Anexo I-C;Padrão;Deduções - FUNDEB;RO1.7.2.1.52.0.0;1.7.2.1.52.0.0 - Cota-Parte do IPI - Municípios;7354,55;3525
2023;Prefeitura Municipal de Barão de Antonina - SP;3505005;SP;DCA-Anexo I-C;Padrão;Receitas Brutas Realizadas;RO1.7.2.1.53.0.0;1.7.2.1.53.0.0 - Cota-Parte da Contribuição de Intervenção no Domínio Econômico;1921,52;3525
2023;Prefeitura Municipal de Barão de Antonina - SP;3505005;SP;DCA-Anexo I-C;Padrão;Receitas Brutas Realizadas;RO1.7.2.3.00.0.0;1.7.2.3.00.0.0 - Transferências de Recursos do Sistema Único de Saúde ¿ SUS;505684,24;3525
2023;Prefeitura Municipal de Barão de Antonina - SP;3505005;SP;DCA-Anexo I-C;Padrão;Receitas Brutas Realizadas;RO1.7.2.9.00.0.0;1.7.2.9.00.0.0 - Outras Transferências dos Estados e Distrito Federal;744766,09;3525
2023;Prefeitura Municipal de Barão de Antonina - SP;3505005;SP;DCA-Anexo I-C;Padrão;Receitas Brutas Realizadas;RO1.7.2.9.51.0.0;1.7.2.9.51.0.0 - Transferências de Estados destinadas à Assistência Social;27178,62;3525
2023;Prefeitura Municipal de Barão de Antonina - SP;3505005;SP;DCA-Anexo I-C;Padrão;Receitas Brutas Realizadas;RO1.7.2.9.52.0.0;1.7.2.9.52.0.0 - Transferências de Recursos Destinados a Programas de Educação;698040,98;3525
2023;Prefeitura Municipal de Barão de Antonina - SP;3505005;SP;DCA-Anexo I-C;Padrão;Receitas Brutas Realizadas;RO1.7.2.9.99.0.0;1.7.2.9.99.0.0 - Outras Transferências dos Estados e DF;19546,49;3525
2023;Prefeitura Municipal de Barão de Antonina - SP;3505005;SP;DCA-Anexo I-C;Padrão;Receitas Brutas Realizadas;RO1.7.5.0.00.0.0;1.7.5.0.00.0.0 - Transferências de Outras Instituições Públicas;2193981,13;3525
2023;Prefeitura Municipal de Barão de Antonina - SP;3505005;SP;DCA-Anexo I-C;Padrão;Receitas Brutas Realizadas;RO1.7.5.1.00.0.0;1.7.5.1.00.0.0 - Transferências de Recursos do Fundo de Manutenção e Desenvolvimento da Educação Básica e de Valorização dos Profissionais da Educação - FUNDEB;2193981,13;3525
2023;Prefeitura Municipal de Barão de Antonina - SP;3505005;SP;DCA-Anexo I-C;Padrão;Receitas Brutas Realizadas;RO1.9.0.0.00.0.0;1.9.0.0.00.0.0 - Outras Receitas Correntes;180870,19;3525
2023;Prefeitura Municipal de Barão de Antonina - SP;3505005;SP;DCA-Anexo I-C;Padrão;Receitas Brutas Realizadas;RO1.9.2.0.00.0.0;1.9.2.0.00.0.0 - Indenizações, Restituições e Ressarcimentos;180870,19;3525
2023;Prefeitura Municipal de Barão de Antonina - SP;3505005;SP;DCA-Anexo I-C;Padrão;Receitas Brutas Realizadas;RO1.9.2.2.00.0.0;1.9.2.2.00.0.0 - Restituições;180870,19;3525
2023;Prefeitura Municipal de Barão de Antonina - SP;3505005;SP;DCA-Anexo I-C;Padrão;Receitas Brutas Realizadas;RO1.9.2.2.99.0.0;1.9.2.2.99.0.0 - Outras Restituições;180870,19;3525
2023;Prefeitura Municipal de Barão de Antonina - SP;3505005;SP;DCA-Anexo I-C;Padrão;Receitas Brutas Realizadas;RO2.0.0.0.00.0.0;2.0.0.0.00.0.0 - Receitas de Capital;2635000,00;3525
2023;Prefeitura Municipal de Barão de Antonina - SP;3505005;SP;DCA-Anexo I-C;Padrão;Receitas Brutas Realizadas;RO2.4.0.0.00.0.0;2.4.0.0.00.0.0 - Transferências de Capital;2635000,00;3525
2023;Prefeitura Municipal de Barão de Antonina - SP;3505005;SP;DCA-Anexo I-C;Padrão;Receitas Brutas Realizadas;RO2.4.1.0.00.0.0;2.4.1.0.00.0.0 - Transferências da União e de suas Entidades;1035000,00;3525
2023;Prefeitura Municipal de Barão de Antonina - SP;3505005;SP;DCA-Anexo I-C;Padrão;Receitas Brutas Realizadas;RO2.4.1.4.00.0.0;2.4.1.4.00.0.0 - Transferências de Convênios da União e de suas Entidades ;1035000,00;3525
2023;Prefeitura Municipal de Barão de Antonina - SP;3505005;SP;DCA-Anexo I-C;Padrão;Receitas Brutas Realizadas;RO2.4.1.4.99.0.0;2.4.1.4.99.0.0 - Outras Transferências de Convênios da União e de Suas Entidades;1035000,00;3525
2023;Prefeitura Municipal de Barão de Antonina - SP;3505005;SP;DCA-Anexo I-C;Padrão;Receitas Brutas Realizadas;RO2.4.2.0.00.0.0;2.4.2.0.00.0.0 - Transferências dos Estados e do Distrito Federal e de suas Entidades;1600000,00;3525
2023;Prefeitura Municipal de Barão de Antonina - SP;3505005;SP;DCA-Anexo I-C;Padrão;Receitas Brutas Realizadas;RO2.4.2.2.00.0.0;2.4.2.2.00.0.0 - Transferências de Convênios dos Estados e DF e de Suas Entidades ;1600000,00;3525
2023;Prefeitura Municipal de Barão de Antonina - SP;3505005;SP;DCA-Anexo I-C;Padrão;Receitas Brutas Realizadas;RO2.4.2.2.99.0.0;2.4.2.2.99.0.0 - Outras Transferências de Convênios dos Estados e DF e de Suas Entidades;1600000,00;3525
2023;Prefeitura Municipal de Barão de Antonina - SP;3505005;SP;DCA-Anexo I-C;Padrão;Receitas Brutas Realizadas;TotalReceitas;TOTAL DAS RECEITAS (III) = (I + II);34365777,25;3525
2023;Prefeitura Municipal de Barão de Antonina - SP;3505005;SP;DCA-Anexo I-C;Padrão;Deduções - FUNDEB;TotalReceitas;TOTAL DAS RECEITAS (III) = (I + II);4153613,26;3525
2024;Prefeitura Municipal de Barão de Antonina - SP;3505005;SP;DCA-Anexo I-C;Padrão;Receitas Brutas Realizadas;ReceitasExcetoIntraOrcamentarias;RECEITAS (EXCETO INTRA-ORÇAMENTÁRIAS) (I);37720370,32;3533
2024;Prefeitura Municipal de Barão de Antonina - SP;3505005;SP;DCA-Anexo I-C;Padrão;Deduções - FUNDEB;ReceitasExcetoIntraOrcamentarias;RECEITAS (EXCETO INTRA-ORÇAMENTÁRIAS) (I);4619753,30;3533
2024;Prefeitura Municipal de Barão de Antonina - SP;3505005;SP;DCA-Anexo I-C;Padrão;Receitas Brutas Realizadas;RO1.0.0.0.00.0.0;1.0.0.0.00.0.0 - Receitas Correntes;35476390,51;3533
2024;Prefeitura Municipal de Barão de Antonina - SP;3505005;SP;DCA-Anexo I-C;Padrão;Deduções - FUNDEB;RO1.0.0.0.00.0.0;1.0.0.0.00.0.0 - Receitas Correntes;4619753,30;3533
2024;Prefeitura Municipal de Barão de Antonina - SP;3505005;SP;DCA-Anexo I-C;Padrão;Receitas Brutas Realizadas;RO1.1.0.0.00.0.0;1.1.0.0.00.0.0 - Impostos, Taxas e Contribuições de Melhoria;1836702,77;3533
2024;Prefeitura Municipal de Barão de Antonina - SP;3505005;SP;DCA-Anexo I-C;Padrão;Receitas Brutas Realizadas;RO1.1.1.0.00.0.0;1.1.1.0.00.0.0 - Impostos;1470272,06;3533
2024;Prefeitura Municipal de Barão de Antonina - SP;3505005;SP;DCA-Anexo I-C;Padrão;Receitas Brutas Realizadas;RO1.1.1.2.00.0.0;1.1.1.2.00.0.0 - Impostos sobre o Patrimônio;427861,64;3533
2024;Prefeitura Municipal de Barão de Antonina - SP;3505005;SP;DCA-Anexo I-C;Padrão;Receitas Brutas Realizadas;RO1.1.1.2.50.0.0;1.1.1.2.50.0.0 - Imposto sobre a Propriedade Predial e Territorial Urbana;223783,12;3533
2024;Prefeitura Municipal de Barão de Antonina - SP;3505005;SP;DCA-Anexo I-C;Padrão;Receitas Brutas Realizadas;RO1.1.1.2.53.0.0;"1.1.1.2.53.0.0 - Impostos sobre Transmissão ""Inter Vivos"" de Bens Imóveis e de Direitos Reais sobre Imóveis";204078,52;3533
2024;Prefeitura Municipal de Barão de Antonina - SP;3505005;SP;DCA-Anexo I-C;Padrão;Receitas Brutas Realizadas;RO1.1.1.3.00.0.0;1.1.1.3.00.0.0 - Impostos sobre a Renda e Proventos de Qualquer Natureza;644830,92;3533
2024;Prefeitura Municipal de Barão de Antonina - SP;3505005;SP;DCA-Anexo I-C;Padrão;Receitas Brutas Realizadas;RO1.1.1.3.03.0.0;1.1.1.3.03.0.0 - Imposto sobre a Renda - Retido na Fonte;644830,92;3533
2024;Prefeitura Municipal de Barão de Antonina - SP;3505005;SP;DCA-Anexo I-C;Padrão;Receitas Brutas Realizadas;RO1.1.1.3.03.1.0;1.1.1.3.03.1.0 - Imposto sobre a Renda - Retido na Fonte - Trabalho;593419,62;3533
2024;Prefeitura Municipal de Barão de Antonina - SP;3505005;SP;DCA-Anexo I-C;Padrão;Receitas Brutas Realizadas;RO1.1.1.3.03.4.0;1.1.1.3.03.4.0 - Imposto sobre a Renda - Retido na Fonte - Outros Rendimentos;51411,30;3533
2024;Prefeitura Municipal de Barão de Antonina - SP;3505005;SP;DCA-Anexo I-C;Padrão;Receitas Brutas Realizadas;RO1.1.1.4.00.0.0;1.1.1.4.00.0.0 - Impostos sobre a Produção e Circulação de Mercadorias e Serviços;337327,97;3533
2024;Prefeitura Municipal de Barão de Antonina - SP;3505005;SP;DCA-Anexo I-C;Padrão;Receitas Brutas Realizadas;RO1.1.1.4.51.0.0;1.1.1.4.51.0.0 - Impostos sobre Serviços;337327,97;3533
2024;Prefeitura Municipal de Barão de Antonina - SP;3505005;SP;DCA-Anexo I-C;Padrão;Receitas Brutas Realizadas;RO1.1.1.4.51.1.0;1.1.1.4.51.1.0 - Imposto sobre Serviços de Qualquer Natureza - ISSQN;337327,97;3533
2024;Prefeitura Municipal de Barão de Antonina - SP;3505005;SP;DCA-Anexo I-C;Padrão;Receitas Brutas Realizadas;RO1.1.1.9.00.0.0;1.1.1.9.00.0.0 - Outros Impostos;60251,53;3533
2024;Prefeitura Municipal de Barão de Antonina - SP;3505005;SP;DCA-Anexo I-C;Padrão;Receitas Brutas Realizadas;RO1.1.2.0.00.0.0;1.1.2.0.00.0.0 - Taxas;366430,71;3533
2024;Prefeitura Municipal de Barão de Antonina - SP;3505005;SP;DCA-Anexo I-C;Padrão;Receitas Brutas Realizadas;RO1.1.2.2.00.0.0;1.1.2.2.00.0.0 - Taxas pela Prestação de Serviços;366430,71;3533
2024;Prefeitura Municipal de Barão de Antonina - SP;3505005;SP;DCA-Anexo I-C;Padrão;Receitas Brutas Realizadas;RO1.1.2.2.01.0.0;1.1.2.2.01.0.0 - Taxas pela Prestação de Serviços em Geral;366430,71;3533
2024;Prefeitura Municipal de Barão de Antonina - SP;3505005;SP;DCA-Anexo I-C;Padrão;Receitas Brutas Realizadas;RO1.2.0.0.00.0.0;1.2.0.0.00.0.0 - Contribuições;61540,21;3533
2024;Prefeitura Municipal de Barão de Antonina - SP;3505005;SP;DCA-Anexo I-C;Padrão;Receitas Brutas Realizadas;RO1.2.4.0.00.0.0;1.2.4.0.00.0.0 - Contribuição para o Custeio do Serviço de Iluminação Pública;61540,21;3533
2024;Prefeitura Municipal de Barão de Antonina - SP;3505005;SP;DCA-Anexo I-C;Padrão;Receitas Brutas Realizadas;RO1.3.0.0.00.0.0;1.3.0.0.00.0.0 - Receita Patrimonial;679779,33;3533
2024;Prefeitura Municipal de Barão de Antonina - SP;3505005;SP;DCA-Anexo I-C;Padrão;Receitas Brutas Realizadas;RO1.3.2.0.00.0.0;1.3.2.0.00.0.0 - Valores Mobiliários;679779,33;3533
2024;Prefeitura Municipal de Barão de Antonina - SP;3505005;SP;DCA-Anexo I-C;Padrão;Receitas Brutas Realizadas;RO1.3.2.1.00.0.0;1.3.2.1.00.0.0 - Juros e Correções Monetárias;679779,33;3533
2024;Prefeitura Municipal de Barão de Antonina - SP;3505005;SP;DCA-Anexo I-C;Padrão;Receitas Brutas Realizadas;RO1.3.2.1.01.0.0;1.3.2.1.01.0.0 - Remuneração de Depósitos Bancários;677887,77;3533
2024;Prefeitura Municipal de Barão de Antonina - SP;3505005;SP;DCA-Anexo I-C;Padrão;Receitas Brutas Realizadas;RO1.3.2.1.02.0.0;1.3.2.1.02.0.0 - Remuneração de Depósitos Especiais;1891,56;3533
2024;Prefeitura Municipal de Barão de Antonina - SP;3505005;SP;DCA-Anexo I-C;Padrão;Receitas Brutas Realizadas;RO1.7.0.0.00.0.0;1.7.0.0.00.0.0 - Transferências Correntes;32797016,46;3533
2024;Prefeitura Municipal de Barão de Antonina - SP;3505005;SP;DCA-Anexo I-C;Padrão;Deduções - FUNDEB;RO1.7.0.0.00.0.0;1.7.0.0.00.0.0 - Transferências Correntes;4619753,30;3533
2024;Prefeitura Municipal de Barão de Antonina - SP;3505005;SP;DCA-Anexo I-C;Padrão;Receitas Brutas Realizadas;RO1.7.1.0.00.0.0;1.7.1.0.00.0.0 - Transferências da União e de suas Entidades;20152697,28;3533
2024;Prefeitura Municipal de Barão de Antonina - SP;3505005;SP;DCA-Anexo I-C;Padrão;Deduções - FUNDEB;RO1.7.1.0.00.0.0;1.7.1.0.00.0.0 - Transferências da União e de suas Entidades;3182729,79;3533
2024;Prefeitura Municipal de Barão de Antonina - SP;3505005;SP;DCA-Anexo I-C;Padrão;Receitas Brutas Realizadas;RO1.7.1.1.00.0.0;1.7.1.1.00.0.0 - Transferências Decorrentes de Participação na Receita da União;17550078,83;3533
2024;Prefeitura Municipal de Barão de Antonina - SP;3505005;SP;DCA-Anexo I-C;Padrão;Deduções - FUNDEB;RO1.7.1.1.00.0.0;1.7.1.1.00.0.0 - Transferências Decorrentes de Participação na Receita da União;3182729,79;3533
2024;Prefeitura Municipal de Barão de Antonina - SP;3505005;SP;DCA-Anexo I-C;Padrão;Receitas Brutas Realizadas;RO1.7.1.1.51.0.0;1.7.1.1.51.0.0 -Cota-Parte do Fundo de Participação dos Municípios - FPM;17487861,01;3533
2024;Prefeitura Municipal de Barão de Antonina - SP;3505005;SP;DCA-Anexo I-C;Padrão;Deduções - FUNDEB;RO1.7.1.1.51.0.0;1.7.1.1.51.0.0 -Cota-Parte do Fundo de Participação dos Municípios - FPM;3170286,32;3533
2024;Prefeitura Municipal de Barão de Antonina - SP;3505005;SP;DCA-Anexo I-C;Padrão;Receitas Brutas Realizadas;RO1.7.1.1.51.1.0;1.7.1.1.51.1.0 - Cota-Parte do Fundo de Participação dos Municípios - Cota Mensal;15851433,80;3533
2024;Prefeitura Municipal de Barão de Antonina - SP;3505005;SP;DCA-Anexo I-C;Padrão;Deduções - FUNDEB;RO1.7.1.1.51.1.0;1.7.1.1.51.1.0 - Cota-Parte do Fundo de Participação dos Municípios - Cota Mensal;3170286,32;3533
2024;Prefeitura Municipal de Barão de Antonina - SP;3505005;SP;DCA-Anexo I-C;Padrão;Receitas Brutas Realizadas;RO1.7.1.1.51.2.0;1.7.1.1.51.2.0 - Cota-Parte do Fundo de Participação dos Municípios - Cotas Extraordinárias;1636427,21;3533
2024;Prefeitura Municipal de Barão de Antonina - SP;3505005;SP;DCA-Anexo I-C;Padrão;Receitas Brutas Realizadas;RO1.7.1.1.52.0.0;1.7.1.1.52.0.0 - Cota-Parte do Imposto Sobre a Propriedade Territorial Rural;62217,82;3533
2024;Prefeitura Municipal de Barão de Antonina - SP;3505005;SP;DCA-Anexo I-C;Padrão;Deduções - FUNDEB;RO1.7.1.1.52.0.0;1.7.1.1.52.0.0 - Cota-Parte do Imposto Sobre a Propriedade Territorial Rural;12443,47;3533
2024;Prefeitura Municipal de Barão de Antonina - SP;3505005;SP;DCA-Anexo I-C;Padrão;Receitas Brutas Realizadas;RO1.7.1.2.00.0.0;1.7.1.2.00.0.0 -Transferências das Compensações Financeiras pela Exploração de Recursos Naturais;882421,32;3533
2024;Prefeitura Municipal de Barão de Antonina - SP;3505005;SP;DCA-Anexo I-C;Padrão;Receitas Brutas Realizadas;RO1.7.1.2.50.0.0;1.7.1.2.50.0.0 - Cota-parte da Compensação Financeira pela Exploração de Recursos Hídricos;301396,57;3533
2024;Prefeitura Municipal de Barão de Antonina - SP;3505005;SP;DCA-Anexo I-C;Padrão;Receitas Brutas Realizadas;RO1.7.1.2.51.0.0;1.7.1.2.51.0.0 -Cota-parte da Compensação Financeira pela Exploração de Recursos Minerais - CFEM;4500,12;3533
2024;Prefeitura Municipal de Barão de Antonina - SP;3505005;SP;DCA-Anexo I-C;Padrão;Receitas Brutas Realizadas;RO1.7.1.2.52.0.0;1.7.1.2.52.0.0 - Cota-parte da Compensação Financeira pela Produção de Petróleo;325355,93;3533
2024;Prefeitura Municipal de Barão de Antonina - SP;3505005;SP;DCA-Anexo I-C;Padrão;Receitas Brutas Realizadas;RO1.7.1.2.52.1.0;1.7.1.2.52.1.0 - Cota-parte da Compensação Financeira pela Produção de Petróleo ¿ Lei nº 7.990/89;10764,90;3533
2024;Prefeitura Municipal de Barão de Antonina - SP;3505005;SP;DCA-Anexo I-C;Padrão;Receitas Brutas Realizadas;RO1.7.1.2.52.4.0;1.7.1.2.52.4.0 - Cota-Parte do Fundo Especial do Petróleo ¿ FEP;314591,03;3533
2024;Prefeitura Municipal de Barão de Antonina - SP;3505005;SP;DCA-Anexo I-C;Padrão;Receitas Brutas Realizadas;RO1.7.1.2.99.0.0;1.7.1.2.99.0.0 - Outras Transferências decorrentes de Compensação Financeira pela Exploração de Recursos Naturais ;251168,70;3533
2024;Prefeitura Municipal de Barão de Antonina - SP;3505005;SP;DCA-Anexo I-C;Padrão;Receitas Brutas Realizadas;RO1.7.1.3.00.0.0;1.7.1.3.00.0.0 -Transferências de Recursos do Sistema Único de Saúde ¿ SUS ;1339536,54;3533
2024;Prefeitura Municipal de Barão de Antonina - SP;3505005;SP;DCA-Anexo I-C;Padrão;Receitas Brutas Realizadas;RO1.7.1.3.50.0.0;1.7.1.3.50.0.0 - Transferências de Recursos do Sistema Único de Saúde ¿ SUS ¿ Repasses Fundo a Fundo - Bloco de Manutenção das Ações e Serviços Públicos de Saúde;1339536,54;3533
2024;Prefeitura Municipal de Barão de Antonina - SP;3505005;SP;DCA-Anexo I-C;Padrão;Receitas Brutas Realizadas;RO1.7.1.3.50.1.0;1.7.1.3.50.1.0 - Transferências de Recursos do Bloco de Manutenção das Ações e Serviços Públicos de Saúde ¿ Atenção Primária;1287591,84;3533
2024;Prefeitura Municipal de Barão de Antonina - SP;3505005;SP;DCA-Anexo I-C;Padrão;Receitas Brutas Realizadas;RO1.7.1.3.50.2.0;1.7.1.3.50.2.0 - Transferências de Recursos do Bloco de Manutenção das Ações e Serviços Públicos de Saúde ¿ Atenção Especializada;28631,52;3533
2024;Prefeitura Municipal de Barão de Antonina - SP;3505005;SP;DCA-Anexo I-C;Padrão;Receitas Brutas Realizadas;RO1.7.1.3.50.3.0;1.7.1.3.50.3.0 - Transferências de Recursos do Bloco de Manutenção das Ações e Serviços Públicos de Saúde ¿ Vigilância em Saúde;4915,56;3533
2024;Prefeitura Municipal de Barão de Antonina - SP;3505005;SP;DCA-Anexo I-C;Padrão;Receitas Brutas Realizadas;RO1.7.1.3.50.5.0;1.7.1.3.50.5.0 - Transferências de Recursos do Bloco de Manutenção das Ações e Serviços Públicos de Saúde ¿ Gestão do SUS;18397,62;3533
2024;Prefeitura Municipal de Barão de Antonina - SP;3505005;SP;DCA-Anexo I-C;Padrão;Receitas Brutas Realizadas;RO1.7.1.4.00.0.0;1.7.1.4.00.0.0 -Transferências de Recursos do Fundo Nacional do Desenvolvimento da Educação ¿ FNDE¿ ;287151,36;3533
2024;Prefeitura Municipal de Barão de Antonina - SP;3505005;SP;DCA-Anexo I-C;Padrão;Receitas Brutas Realizadas;RO1.7.1.4.50.0.0;1.7.1.4.50.0.0 - Transferências do Salário-Educação;205633,06;3533
2024;Prefeitura Municipal de Barão de Antonina - SP;3505005;SP;DCA-Anexo I-C;Padrão;Receitas Brutas Realizadas;RO1.7.1.4.52.0.0;1.7.1.4.52.0.0 - Transferências referentes ao Programa Nacional de Alimentação Escolar ¿ PNAE;56120,00;3533
2024;Prefeitura Municipal de Barão de Antonina - SP;3505005;SP;DCA-Anexo I-C;Padrão;Receitas Brutas Realizadas;RO1.7.1.4.99.0.0;1.7.1.4.99.0.0 - Outras Transferências Diretas do Fundo Nacional do Desenvolvimento da Educação - FNDE;25398,30;3533
2024;Prefeitura Municipal de Barão de Antonina - SP;3505005;SP;DCA-Anexo I-C;Padrão;Receitas Brutas Realizadas;RO1.7.1.5.00.0.0;1.7.1.5.00.0.0 - Transferências de Recursos de Complementação da União ao Fundo de Manutenção e Desenvolvimento da Educação Básica e de Valorização dos Profissionais da Educação ¿ FUNDEB ;4407,40;3533
2024;Prefeitura Municipal de Barão de Antonina - SP;3505005;SP;DCA-Anexo I-C;Padrão;Receitas Brutas Realizadas;RO1.7.1.6.00.0.0;1.7.1.6.00.0.0 - Transferências de Recursos do Fundo Nacional de Assistência Social ¿ FNAS;89101,83;3533
2024;Prefeitura Municipal de Barão de Antonina - SP;3505005;SP;DCA-Anexo I-C;Padrão;Receitas Brutas Realizadas;RO1.7.2.0.00.0.0;1.7.2.0.00.0.0 - Transferências dos Estados e do Distrito Federal e de suas Entidades;9113770,52;3533
2024;Prefeitura Municipal de Barão de Antonina - SP;3505005;SP;DCA-Anexo I-C;Padrão;Deduções - FUNDEB;RO1.7.2.0.00.0.0;1.7.2.0.00.0.0 - Transferências dos Estados e do Distrito Federal e de suas Entidades;1437023,51;3533
2024;Prefeitura Municipal de Barão de Antonina - SP;3505005;SP;DCA-Anexo I-C;Padrão;Receitas Brutas Realizadas;RO1.7.2.1.00.0.0;1.7.2.1.00.0.0 - Participação na Receita dos Estados e Distrito Federal;7198579,71;3533
2024;Prefeitura Municipal de Barão de Antonina - SP;3505005;SP;DCA-Anexo I-C;Padrão;Deduções - FUNDEB;RO1.7.2.1.00.0.0;1.7.2.1.00.0.0 - Participação na Receita dos Estados e Distrito Federal;1437023,51;3533
2024;Prefeitura Municipal de Barão de Antonina - SP;3505005;SP;DCA-Anexo I-C;Padrão;Receitas Brutas Realizadas;RO1.7.2.1.50.0.0;1.7.2.1.50.0.0 - Cota-Parte do ICMS;6618307,40;3533
2024;Prefeitura Municipal de Barão de Antonina - SP;3505005;SP;DCA-Anexo I-C;Padrão;Deduções - FUNDEB;RO1.7.2.1.50.0.0;1.7.2.1.50.0.0 - Cota-Parte do ICMS;1323661,26;3533
2024;Prefeitura Municipal de Barão de Antonina - SP;3505005;SP;DCA-Anexo I-C;Padrão;Receitas Brutas Realizadas;RO1.7.2.1.51.0.0;1.7.2.1.51.0.0 - Cota-Parte do IPVA;515849,00;3533
2024;Prefeitura Municipal de Barão de Antonina - SP;3505005;SP;DCA-Anexo I-C;Padrão;Deduções - FUNDEB;RO1.7.2.1.51.0.0;1.7.2.1.51.0.0 - Cota-Parte do IPVA;103416,86;3533
2024;Prefeitura Municipal de Barão de Antonina - SP;3505005;SP;DCA-Anexo I-C;Padrão;Receitas Brutas Realizadas;RO1.7.2.1.52.0.0;1.7.2.1.52.0.0 - Cota-Parte do IPI - Municípios;50961,72;3533
2024;Prefeitura Municipal de Barão de Antonina - SP;3505005;SP;DCA-Anexo I-C;Padrão;Deduções - FUNDEB;RO1.7.2.1.52.0.0;1.7.2.1.52.0.0 - Cota-Parte do IPI - Municípios;9945,39;3533
2024;Prefeitura Municipal de Barão de Antonina - SP;3505005;SP;DCA-Anexo I-C;Padrão;Receitas Brutas Realizadas;RO1.7.2.1.53.0.0;1.7.2.1.53.0.0 - Cota-Parte da Contribuição de Intervenção no Domínio Econômico;13461,59;3533
2024;Prefeitura Municipal de Barão de Antonina - SP;3505005;SP;DCA-Anexo I-C;Padrão;Receitas Brutas Realizadas;RO1.7.2.3.00.0.0;1.7.2.3.00.0.0 - Transferências de Recursos do Sistema Único de Saúde ¿ SUS;873240,47;3533
2024;Prefeitura Municipal de Barão de Antonina - SP;3505005;SP;DCA-Anexo I-C;Padrão;Receitas Brutas Realizadas;RO1.7.2.9.00.0.0;1.7.2.9.00.0.0 - Outras Transferências dos Estados e Distrito Federal;1041950,34;3533
2024;Prefeitura Municipal de Barão de Antonina - SP;3505005;SP;DCA-Anexo I-C;Padrão;Receitas Brutas Realizadas;RO1.7.2.9.51.0.0;1.7.2.9.51.0.0 - Transferências de Estados destinadas à Assistência Social;75614,49;3533
2024;Prefeitura Municipal de Barão de Antonina - SP;3505005;SP;DCA-Anexo I-C;Padrão;Receitas Brutas Realizadas;RO1.7.2.9.52.0.0;1.7.2.9.52.0.0 - Transferências de Recursos Destinados a Programas de Educação;762461,23;3533
2024;Prefeitura Municipal de Barão de Antonina - SP;3505005;SP;DCA-Anexo I-C;Padrão;Receitas Brutas Realizadas;RO1.7.2.9.99.0.0;1.7.2.9.99.0.0 - Outras Transferências dos Estados e DF;203874,62;3533
2024;Prefeitura Municipal de Barão de Antonina - SP;3505005;SP;DCA-Anexo I-C;Padrão;Receitas Brutas Realizadas;RO1.7.3.0.00.0.0;1.7.3.0.00.0.0 - Transferências dos Municípios e de suas Entidades;800000,00;3533
2024;Prefeitura Municipal de Barão de Antonina - SP;3505005;SP;DCA-Anexo I-C;Padrão;Receitas Brutas Realizadas;RO1.7.3.1.00.0.0;1.7.3.1.00.0.0 - Transferências de Recursos do Sistema Único de Saúde ¿ SUS;800000,00;3533
2024;Prefeitura Municipal de Barão de Antonina - SP;3505005;SP;DCA-Anexo I-C;Padrão;Receitas Brutas Realizadas;RO1.7.3.1.50.0.0;1.7.3.1.50.0.0 - Transferências de Recursos do Sistema Único de Saúde ¿ SUS;800000,00;3533
2024;Prefeitura Municipal de Barão de Antonina - SP;3505005;SP;DCA-Anexo I-C;Padrão;Receitas Brutas Realizadas;RO1.7.5.0.00.0.0;1.7.5.0.00.0.0 - Transferências de Outras Instituições Públicas;2730548,66;3533
2024;Prefeitura Municipal de Barão de Antonina - SP;3505005;SP;DCA-Anexo I-C;Padrão;Receitas Brutas Realizadas;RO1.7.5.1.00.0.0;1.7.5.1.00.0.0 - Transferências de Recursos do Fundo de Manutenção e Desenvolvimento da Educação Básica e de Valorização dos Profissionais da Educação - FUNDEB;2730548,66;3533
2024;Prefeitura Municipal de Barão de Antonina - SP;3505005;SP;DCA-Anexo I-C;Padrão;Receitas Brutas Realizadas;RO1.9.0.0.00.0.0;1.9.0.0.00.0.0 - Outras Receitas Correntes;101351,74;3533
2024;Prefeitura Municipal de Barão de Antonina - SP;3505005;SP;DCA-Anexo I-C;Padrão;Receitas Brutas Realizadas;RO1.9.2.0.00.0.0;1.9.2.0.00.0.0 - Indenizações, Restituições e Ressarcimentos;101351,74;3533
2024;Prefeitura Municipal de Barão de Antonina - SP;3505005;SP;DCA-Anexo I-C;Padrão;Receitas Brutas Realizadas;RO1.9.2.2.00.0.0;1.9.2.2.00.0.0 - Restituições;101351,74;3533
2024;Prefeitura Municipal de Barão de Antonina - SP;3505005;SP;DCA-Anexo I-C;Padrão;Receitas Brutas Realizadas;RO1.9.2.2.99.0.0;1.9.2.2.99.0.0 - Outras Restituições;101351,74;3533
2024;Prefeitura Municipal de Barão de Antonina - SP;3505005;SP;DCA-Anexo I-C;Padrão;Receitas Brutas Realizadas;RO2.0.0.0.00.0.0;2.0.0.0.00.0.0 - Receitas de Capital;2243979,81;3533
2024;Prefeitura Municipal de Barão de Antonina - SP;3505005;SP;DCA-Anexo I-C;Padrão;Receitas Brutas Realizadas;RO2.2.0.0.00.0.0;2.2.0.0.00.0.0 - Alienação de Bens;193600,00;3533
2024;Prefeitura Municipal de Barão de Antonina - SP;3505005;SP;DCA-Anexo I-C;Padrão;Receitas Brutas Realizadas;RO2.2.1.0.00.0.0;2.2.1.0.00.0.0 - Alienação de Bens Móveis;193600,00;3533
2024;Prefeitura Municipal de Barão de Antonina - SP;3505005;SP;DCA-Anexo I-C;Padrão;Receitas Brutas Realizadas;RO2.2.1.3.00.0.0;2.2.1.3.00.0.0 - Alienação de Bens Móveis e Semoventes;193600,00;3533
2024;Prefeitura Municipal de Barão de Antonina - SP;3505005;SP;DCA-Anexo I-C;Padrão;Receitas Brutas Realizadas;RO2.4.0.0.00.0.0;2.4.0.0.00.0.0 - Transferências de Capital;2050379,81;3533
2024;Prefeitura Municipal de Barão de Antonina - SP;3505005;SP;DCA-Anexo I-C;Padrão;Receitas Brutas Realizadas;RO2.4.1.0.00.0.0;2.4.1.0.00.0.0 - Transferências da União e de suas Entidades;999189,17;3533
2024;Prefeitura Municipal de Barão de Antonina - SP;3505005;SP;DCA-Anexo I-C;Padrão;Receitas Brutas Realizadas;RO2.4.1.1.00.0.0;2.4.1.1.00.0.0 - Transferências de Recursos do Sistema Único de Saúde - SUS;100000,00;3533
2024;Prefeitura Municipal de Barão de Antonina - SP;3505005;SP;DCA-Anexo I-C;Padrão;Receitas Brutas Realizadas;RO2.4.1.1.51.0.0;2.4.1.1.51.0.0 - Transferências de Recursos do Sistema Único de Saúde ¿ SUS - Fundo a Fundo - Bloco de Estruturação da Rede de Serviços Públicos de Saúde;100000,00;3533
2024;Prefeitura Municipal de Barão de Antonina - SP;3505005;SP;DCA-Anexo I-C;Padrão;Receitas Brutas Realizadas;RO2.4.1.1.51.4.0;2.4.1.1.51.4.0 - Transferências de Recursos do Bloco de Estruturação da Rede de Serviços Públicos de Saúde - Vigilância em Saúde;100000,00;3533
2024;Prefeitura Municipal de Barão de Antonina - SP;3505005;SP;DCA-Anexo I-C;Padrão;Receitas Brutas Realizadas;RO2.4.1.4.00.0.0;2.4.1.4.00.0.0 - Transferências de Convênios da União e de suas Entidades ;899189,17;3533
2024;Prefeitura Municipal de Barão de Antonina - SP;3505005;SP;DCA-Anexo I-C;Padrão;Receitas Brutas Realizadas;RO2.4.1.4.99.0.0;2.4.1.4.99.0.0 - Outras Transferências de Convênios da União e de Suas Entidades;899189,17;3533
2024;Prefeitura Municipal de Barão de Antonina - SP;3505005;SP;DCA-Anexo I-C;Padrão;Receitas Brutas Realizadas;RO2.4.2.0.00.0.0;2.4.2.0.00.0.0 - Transferências dos Estados e do Distrito Federal e de suas Entidades;751190,64;3533
2024;Prefeitura Municipal de Barão de Antonina - SP;3505005;SP;DCA-Anexo I-C;Padrão;Receitas Brutas Realizadas;RO2.4.2.1.00.0.0;2.4.2.1.00.0.0 - Transferências de Recursos do Sistema Único de Saúde ¿ SUS dos Estados e DF;200000,00;3533
2024;Prefeitura Municipal de Barão de Antonina - SP;3505005;SP;DCA-Anexo I-C;Padrão;Receitas Brutas Realizadas;RO2.4.2.1.50.0.0;2.4.2.1.50.0.0 - Transferências de Recursos do Sistema Único de Saúde ¿ SUS;200000,00;3533
2024;Prefeitura Municipal de Barão de Antonina - SP;3505005;SP;DCA-Anexo I-C;Padrão;Receitas Brutas Realizadas;RO2.4.2.9.00.0.0;2.4.2.9.00.0.0 - Outras Transferências de Recursos dos Estados;551190,64;3533
2024;Prefeitura Municipal de Barão de Antonina - SP;3505005;SP;DCA-Anexo I-C;Padrão;Receitas Brutas Realizadas;RO2.4.2.9.99.0.0;2.4.2.9.99.0.0 - Outras Transferências de Recursos dos Estados;551190,64;3533
2024;Prefeitura Municipal de Barão de Antonina - SP;3505005;SP;DCA-Anexo I-C;Padrão;Receitas Brutas Realizadas;RO2.4.9.0.00.0.0;2.4.9.0.00.0.0 - Demais Transferências de Capital;300000,00;3533
2024;Prefeitura Municipal de Barão de Antonina - SP;3505005;SP;DCA-Anexo I-C;Padrão;Receitas Brutas Realizadas;RO2.4.9.9.00.0.0;2.4.9.9.00.0.0 - Outras Transferências de Capital;300000,00;3533
2024;Prefeitura Municipal de Barão de Antonina - SP;3505005;SP;DCA-Anexo I-C;Padrão;Receitas Brutas Realizadas;TotalReceitas;TOTAL DAS RECEITAS (III) = (I + II);37720370,32;3533
2024;Prefeitura Municipal de Barão de Antonina - SP;3505005;SP;DCA-Anexo I-C;Padrão;Deduções - FUNDEB;TotalReceitas;TOTAL DAS RECEITAS (III) = (I + II);4619753,30;3533
