exercicio;instituicao;cod_ibge;uf;anexo;rotulo;coluna;cod_conta;conta;valor;populacao
2014;Prefeitura Municipal de Flores da Cunha - RS;4308201;RS;DCA-Anexo I-C;NA;Receitas Brutas Realizadas;TotalReceitas;Total Receitas;92737124,00;28974
2014;Prefeitura Municipal de Flores da Cunha - RS;4308201;RS;DCA-Anexo I-C;NA;Deduções - FUNDEB;TotalReceitas;Total Receitas;9154672,83;28974
2014;Prefeitura Municipal de Flores da Cunha - RS;4308201;RS;DCA-Anexo I-C;NA;Outras Deduções da Receita;TotalReceitas;Total Receitas;37861,29;28974
2014;Prefeitura Municipal de Flores da Cunha - RS;4308201;RS;DCA-Anexo I-C;NA;Receitas Brutas Realizadas;RO1.0.0.0.00.00.00;1.0.0.0.00.00.00 - Receitas Correntes;84848362,64;28974
2014;Prefeitura Municipal de Flores da Cunha - RS;4308201;RS;DCA-Anexo I-C;NA;Deduções - FUNDEB;RO1.0.0.0.00.00.00;1.0.0.0.00.00.00 - Receitas Correntes;9154672,83;28974
2014;Prefeitura Municipal de Flores da Cunha - RS;4308201;RS;DCA-Anexo I-C;NA;Outras Deduções da Receita;RO1.0.0.0.00.00.00;1.0.0.0.00.00.00 - Receitas Correntes;37861,29;28974
2014;Prefeitura Municipal de Flores da Cunha - RS;4308201;RS;DCA-Anexo I-C;NA;Receitas Brutas Realizadas;RO1.1.0.0.00.00.00;1.1.0.0.00.00.00 - Receita Tributária;12013961,92;28974
2014;Prefeitura Municipal de Flores da Cunha - RS;4308201;RS;DCA-Anexo I-C;NA;Deduções - FUNDEB;RO1.1.0.0.00.00.00;1.1.0.0.00.00.00 - Receita Tributária;14591,72;28974
2014;Prefeitura Municipal de Flores da Cunha - RS;4308201;RS;DCA-Anexo I-C;NA;Outras Deduções da Receita;RO1.1.0.0.00.00.00;1.1.0.0.00.00.00 - Receita Tributária;37016,27;28974
2014;Prefeitura Municipal de Flores da Cunha - RS;4308201;RS;DCA-Anexo I-C;NA;Receitas Brutas Realizadas;RO1.1.1.0.00.00.00;1.1.1.0.00.00.00 - Impostos;10396636,83;28974
2014;Prefeitura Municipal de Flores da Cunha - RS;4308201;RS;DCA-Anexo I-C;NA;Deduções - FUNDEB;RO1.1.1.0.00.00.00;1.1.1.0.00.00.00 - Impostos;14591,72;28974
2014;Prefeitura Municipal de Flores da Cunha - RS;4308201;RS;DCA-Anexo I-C;NA;Outras Deduções da Receita;RO1.1.1.0.00.00.00;1.1.1.0.00.00.00 - Impostos;36548,83;28974
2014;Prefeitura Municipal de Flores da Cunha - RS;4308201;RS;DCA-Anexo I-C;NA;Receitas Brutas Realizadas;RO1.1.1.2.00.00.00;1.1.1.2.00.00.00 - Impostos sobre o Patrimônio e a Renda;6361011,04;28974
2014;Prefeitura Municipal de Flores da Cunha - RS;4308201;RS;DCA-Anexo I-C;NA;Deduções - FUNDEB;RO1.1.1.2.00.00.00;1.1.1.2.00.00.00 - Impostos sobre o Patrimônio e a Renda;14591,72;28974
2014;Prefeitura Municipal de Flores da Cunha - RS;4308201;RS;DCA-Anexo I-C;NA;Outras Deduções da Receita;RO1.1.1.2.00.00.00;1.1.1.2.00.00.00 - Impostos sobre o Patrimônio e a Renda;34715,62;28974
2014;Prefeitura Municipal de Flores da Cunha - RS;4308201;RS;DCA-Anexo I-C;NA;Receitas Brutas Realizadas;RO1.1.1.2.01.00.00;1.1.1.2.01.00.00 - Imposto sobre a Propriedade Territorial Rural - ITR;72959,29;28974
2014;Prefeitura Municipal de Flores da Cunha - RS;4308201;RS;DCA-Anexo I-C;NA;Deduções - FUNDEB;RO1.1.1.2.01.00.00;1.1.1.2.01.00.00 - Imposto sobre a Propriedade Territorial Rural - ITR;14591,72;28974
2014;Prefeitura Municipal de Flores da Cunha - RS;4308201;RS;DCA-Anexo I-C;NA;Receitas Brutas Realizadas;RO1.1.1.2.02.00.00;1.1.1.2.02.00.00 - Imposto sobre a Propriedade Predial e Territorial Urbana ¿ IPTU;2799723,51;28974
2014;Prefeitura Municipal de Flores da Cunha - RS;4308201;RS;DCA-Anexo I-C;NA;Outras Deduções da Receita;RO1.1.1.2.02.00.00;1.1.1.2.02.00.00 - Imposto sobre a Propriedade Predial e Territorial Urbana ¿ IPTU;1065,23;28974
2014;Prefeitura Municipal de Flores da Cunha - RS;4308201;RS;DCA-Anexo I-C;NA;Receitas Brutas Realizadas;RO1.1.1.2.04.00.00;1.1.1.2.04.00.00 - Imposto sobre a Renda e Proventos de Qualquer Natureza ¿ IR;1086064,76;28974
2014;Prefeitura Municipal de Flores da Cunha - RS;4308201;RS;DCA-Anexo I-C;NA;Outras Deduções da Receita;RO1.1.1.2.04.00.00;1.1.1.2.04.00.00 - Imposto sobre a Renda e Proventos de Qualquer Natureza ¿ IR;330,65;28974
2014;Prefeitura Municipal de Flores da Cunha - RS;4308201;RS;DCA-Anexo I-C;NA;Receitas Brutas Realizadas;RO1.1.1.2.04.31.00;1.1.1.2.04.31.00 - Retido nas Fontes - Trabalho;1086064,76;28974
2014;Prefeitura Municipal de Flores da Cunha - RS;4308201;RS;DCA-Anexo I-C;NA;Outras Deduções da Receita;RO1.1.1.2.04.31.00;1.1.1.2.04.31.00 - Retido nas Fontes - Trabalho;330,65;28974
2014;Prefeitura Municipal de Flores da Cunha - RS;4308201;RS;DCA-Anexo I-C;NA;Receitas Brutas Realizadas;RO1.1.1.2.08.00.00;"1.1.1.2.08.00.00 - Imposto sobre Transmissão ""Inter Vivos"" de Bens Imóveis e de Direitos Reais sobre Imóveis ¿ ITBI";2402263,48;28974
2014;Prefeitura Municipal de Flores da Cunha - RS;4308201;RS;DCA-Anexo I-C;NA;Outras Deduções da Receita;RO1.1.1.2.08.00.00;"1.1.1.2.08.00.00 - Imposto sobre Transmissão ""Inter Vivos"" de Bens Imóveis e de Direitos Reais sobre Imóveis ¿ ITBI";33319,74;28974
2014;Prefeitura Municipal de Flores da Cunha - RS;4308201;RS;DCA-Anexo I-C;NA;Receitas Brutas Realizadas;RO1.1.1.3.00.00.00;1.1.1.3.00.00.00 - Impostos sobre a Produção e a Circulação;4035625,79;28974
2014;Prefeitura Municipal de Flores da Cunha - RS;4308201;RS;DCA-Anexo I-C;NA;Outras Deduções da Receita;RO1.1.1.3.00.00.00;1.1.1.3.00.00.00 - Impostos sobre a Produção e a Circulação;1833,21;28974
2014;Prefeitura Municipal de Flores da Cunha - RS;4308201;RS;DCA-Anexo I-C;NA;Receitas Brutas Realizadas;RO1.1.1.3.05.00.00;1.1.1.3.05.00.00 - Imposto sobre Serviços de Qualquer Natureza ¿ ISSQN;4035625,79;28974
2014;Prefeitura Municipal de Flores da Cunha - RS;4308201;RS;DCA-Anexo I-C;NA;Outras Deduções da Receita;RO1.1.1.3.05.00.00;1.1.1.3.05.00.00 - Imposto sobre Serviços de Qualquer Natureza ¿ ISSQN;1833,21;28974
2014;Prefeitura Municipal de Flores da Cunha - RS;4308201;RS;DCA-Anexo I-C;NA;Receitas Brutas Realizadas;RO1.1.2.0.00.00.00;1.1.2.0.00.00.00 - Taxas;1617325,09;28974
2014;Prefeitura Municipal de Flores da Cunha - RS;4308201;RS;DCA-Anexo I-C;NA;Outras Deduções da Receita;RO1.1.2.0.00.00.00;1.1.2.0.00.00.00 - Taxas;467,44;28974
2014;Prefeitura Municipal de Flores da Cunha - RS;4308201;RS;DCA-Anexo I-C;NA;Receitas Brutas Realizadas;RO1.1.2.1.00.00.00;1.1.2.1.00.00.00 - Taxas pelo Exercício do Poder de Polícia;792772,05;28974
2014;Prefeitura Municipal de Flores da Cunha - RS;4308201;RS;DCA-Anexo I-C;NA;Receitas Brutas Realizadas;RO1.1.2.2.00.00.00;1.1.2.2.00.00.00 - Taxas pela Prestação de Serviços;824553,04;28974
2014;Prefeitura Municipal de Flores da Cunha - RS;4308201;RS;DCA-Anexo I-C;NA;Outras Deduções da Receita;RO1.1.2.2.00.00.00;1.1.2.2.00.00.00 - Taxas pela Prestação de Serviços;467,44;28974
2014;Prefeitura Municipal de Flores da Cunha - RS;4308201;RS;DCA-Anexo I-C;NA;Receitas Brutas Realizadas;RO1.2.0.0.00.00.00;1.2.0.0.00.00.00 - Receitas de Contribuições;2117721,44;28974
2014;Prefeitura Municipal de Flores da Cunha - RS;4308201;RS;DCA-Anexo I-C;NA;Receitas Brutas Realizadas;RO1.2.1.0.00.00.00;1.2.1.0.00.00.00 - Contribuições Sociais;2117721,44;28974
2014;Prefeitura Municipal de Flores da Cunha - RS;4308201;RS;DCA-Anexo I-C;NA;Receitas Brutas Realizadas;RO1.2.1.0.29.00.00;1.2.1.0.29.00.00 - Contribuições para o Regime Próprio de Previdência do Servidor Público;1800841,59;28974
2014;Prefeitura Municipal de Flores da Cunha - RS;4308201;RS;DCA-Anexo I-C;NA;Receitas Brutas Realizadas;RO1.2.1.0.29.07.00;1.2.1.0.29.07.00 - Contribuição do Servidor Ativo Civil para o Regime Próprio;1800841,59;28974
2014;Prefeitura Municipal de Flores da Cunha - RS;4308201;RS;DCA-Anexo I-C;NA;Receitas Brutas Realizadas;RO1.2.1.0.99.00.00;1.2.1.0.99.00.00 - Outras Contribuições Sociais;316879,85;28974
2014;Prefeitura Municipal de Flores da Cunha - RS;4308201;RS;DCA-Anexo I-C;NA;Receitas Brutas Realizadas;RO1.3.0.0.00.00.00;1.3.0.0.00.00.00 - Receita Patrimonial;6970427,33;28974
2014;Prefeitura Municipal de Flores da Cunha - RS;4308201;RS;DCA-Anexo I-C;NA;Receitas Brutas Realizadas;RO1.3.1.0.00.00.00;1.3.1.0.00.00.00 - Receitas Imobiliárias;122926,42;28974
2014;Prefeitura Municipal de Flores da Cunha - RS;4308201;RS;DCA-Anexo I-C;NA;Receitas Brutas Realizadas;RO1.3.1.1.00.00.00;1.3.1.1.00.00.00 - Aluguéis;109987,00;28974
2014;Prefeitura Municipal de Flores da Cunha - RS;4308201;RS;DCA-Anexo I-C;NA;Receitas Brutas Realizadas;RO1.3.1.2.00.00.00;1.3.1.2.00.00.00 - Arrendamentos;12939,42;28974
2014;Prefeitura Municipal de Flores da Cunha - RS;4308201;RS;DCA-Anexo I-C;NA;Receitas Brutas Realizadas;RO1.3.2.0.00.00.00;1.3.2.0.00.00.00 - Receitas de Valores Mobiliários;6820000,91;28974
2014;Prefeitura Municipal de Flores da Cunha - RS;4308201;RS;DCA-Anexo I-C;NA;Receitas Brutas Realizadas;RO1.3.2.2.00.00.00;1.3.2.2.00.00.00 - Dividendos;34474,34;28974
2014;Prefeitura Municipal de Flores da Cunha - RS;4308201;RS;DCA-Anexo I-C;NA;Receitas Brutas Realizadas;RO1.3.2.5.00.00.00;1.3.2.5.00.00.00 - Remuneração de Depósitos Bancários;1492682,60;28974
2014;Prefeitura Municipal de Flores da Cunha - RS;4308201;RS;DCA-Anexo I-C;NA;Receitas Brutas Realizadas;RO1.3.2.8.00.00.00;1.3.2.8.00.00.00 - Remuneração dos Investimentos do Regime Próprio de Previdência do Servidor;5292843,97;28974
2014;Prefeitura Municipal de Flores da Cunha - RS;4308201;RS;DCA-Anexo I-C;NA;Receitas Brutas Realizadas;RO1.3.3.0.00.00.00;1.3.3.0.00.00.00 - Receitas de Concessões e Permissões;27500,00;28974
2014;Prefeitura Municipal de Flores da Cunha - RS;4308201;RS;DCA-Anexo I-C;NA;Receitas Brutas Realizadas;RO1.6.0.0.00.00.00;1.6.0.0.00.00.00 - Receita de Serviços;262240,62;28974
2014;Prefeitura Municipal de Flores da Cunha - RS;4308201;RS;DCA-Anexo I-C;NA;Receitas Brutas Realizadas;RO1.6.0.0.13.00.00;1.6.0.0.13.00.00 - Serviços Administrativos;189638,90;28974
2014;Prefeitura Municipal de Flores da Cunha - RS;4308201;RS;DCA-Anexo I-C;NA;Receitas Brutas Realizadas;RO1.6.0.0.99.00.00;1.6.0.0.99.00.00 - Demais Receitas de Serviços;72601,72;28974
2014;Prefeitura Municipal de Flores da Cunha - RS;4308201;RS;DCA-Anexo I-C;NA;Receitas Brutas Realizadas;RO1.7.0.0.00.00.00;1.7.0.0.00.00.00 - Transferências Correntes;62679067,38;28974
2014;Prefeitura Municipal de Flores da Cunha - RS;4308201;RS;DCA-Anexo I-C;NA;Deduções - FUNDEB;RO1.7.0.0.00.00.00;1.7.0.0.00.00.00 - Transferências Correntes;9140081,11;28974
2014;Prefeitura Municipal de Flores da Cunha - RS;4308201;RS;DCA-Anexo I-C;NA;Outras Deduções da Receita;RO1.7.0.0.00.00.00;1.7.0.0.00.00.00 - Transferências Correntes;684,21;28974
2014;Prefeitura Municipal de Flores da Cunha - RS;4308201;RS;DCA-Anexo I-C;NA;Receitas Brutas Realizadas;RO1.7.2.0.00.00.00;1.7.2.0.00.00.00 - Transferências Intergovernamentais;62088363,33;28974
2014;Prefeitura Municipal de Flores da Cunha - RS;4308201;RS;DCA-Anexo I-C;NA;Deduções - FUNDEB;RO1.7.2.0.00.00.00;1.7.2.0.00.00.00 - Transferências Intergovernamentais;9140081,11;28974
2014;Prefeitura Municipal de Flores da Cunha - RS;4308201;RS;DCA-Anexo I-C;NA;Outras Deduções da Receita;RO1.7.2.0.00.00.00;1.7.2.0.00.00.00 - Transferências Intergovernamentais;684,21;28974
2014;Prefeitura Municipal de Flores da Cunha - RS;4308201;RS;DCA-Anexo I-C;NA;Receitas Brutas Realizadas;RO1.7.2.1.00.00.00;1.7.2.1.00.00.00 - Transferências da União;20572222,26;28974
2014;Prefeitura Municipal de Flores da Cunha - RS;4308201;RS;DCA-Anexo I-C;NA;Deduções - FUNDEB;RO1.7.2.1.00.00.00;1.7.2.1.00.00.00 - Transferências da União;2859913,97;28974
2014;Prefeitura Municipal de Flores da Cunha - RS;4308201;RS;DCA-Anexo I-C;NA;Receitas Brutas Realizadas;RO1.7.2.1.01.00.00;1.7.2.1.01.00.00 - Participação na Receita da União;15007668,58;28974
2014;Prefeitura Municipal de Flores da Cunha - RS;4308201;RS;DCA-Anexo I-C;NA;Deduções - FUNDEB;RO1.7.2.1.01.00.00;1.7.2.1.01.00.00 - Participação na Receita da União;2820735,16;28974
2014;Prefeitura Municipal de Flores da Cunha - RS;4308201;RS;DCA-Anexo I-C;NA;Receitas Brutas Realizadas;RO1.7.2.1.01.02.00;1.7.2.1.01.02.00 - Cota-Parte do Fundo de Participação dos Municípios ¿ FPM;15007668,58;28974
2014;Prefeitura Municipal de Flores da Cunha - RS;4308201;RS;DCA-Anexo I-C;NA;Deduções - FUNDEB;RO1.7.2.1.01.02.00;1.7.2.1.01.02.00 - Cota-Parte do Fundo de Participação dos Municípios ¿ FPM;2820735,16;28974
2014;Prefeitura Municipal de Flores da Cunha - RS;4308201;RS;DCA-Anexo I-C;NA;Receitas Brutas Realizadas;RO1.7.2.1.22.00.00;1.7.2.1.22.00.00 - Transferências da Compensação Financeira pela Exploração de Recursos Naturais;472814,50;28974
2014;Prefeitura Municipal de Flores da Cunha - RS;4308201;RS;DCA-Anexo I-C;NA;Receitas Brutas Realizadas;RO1.7.2.1.22.11.00;1.7.2.1.22.11.00 - Cota-Parte da Compensação Financeira de Recursos Hídricos;90362,81;28974
2014;Prefeitura Municipal de Flores da Cunha - RS;4308201;RS;DCA-Anexo I-C;NA;Receitas Brutas Realizadas;RO1.7.2.1.22.20.00;1.7.2.1.22.20.00 - Cota-Parte da Compensação Financeira de Recursos Minerais - CFEM;162544,59;28974
2014;Prefeitura Municipal de Flores da Cunha - RS;4308201;RS;DCA-Anexo I-C;NA;Receitas Brutas Realizadas;RO1.7.2.1.22.70.00;1.7.2.1.22.70.00 - Cota-Parte do Fundo Especial do Petróleo ¿ FEP;219907,10;28974
2014;Prefeitura Municipal de Flores da Cunha - RS;4308201;RS;DCA-Anexo I-C;NA;Receitas Brutas Realizadas;RO1.7.2.1.33.00.00;1.7.2.1.33.00.00 - Transferências de Recursos do Sistema Único de Saúde - SUS - Repasses Fundo a Fundo;3403468,80;28974
2014;Prefeitura Municipal de Flores da Cunha - RS;4308201;RS;DCA-Anexo I-C;NA;Receitas Brutas Realizadas;RO1.7.2.1.34.00.00;1.7.2.1.34.00.00 - Transferências de Recursos do Fundo Nacional de Assistência Social ¿ FNAS;194605,31;28974
2014;Prefeitura Municipal de Flores da Cunha - RS;4308201;RS;DCA-Anexo I-C;NA;Receitas Brutas Realizadas;RO1.7.2.1.35.00.00;1.7.2.1.35.00.00 - Transferências de Recursos do Fundo Nacional do Desenvolvimento da Educação ¿ FNDE;1154611,36;28974
2014;Prefeitura Municipal de Flores da Cunha - RS;4308201;RS;DCA-Anexo I-C;NA;Receitas Brutas Realizadas;RO1.7.2.1.36.00.00;1.7.2.1.36.00.00 - Transferências Financeiras do ICMS ¿ Desoneração ¿ L.C. Nº 87/96;195894,28;28974
2014;Prefeitura Municipal de Flores da Cunha - RS;4308201;RS;DCA-Anexo I-C;NA;Deduções - FUNDEB;RO1.7.2.1.36.00.00;1.7.2.1.36.00.00 - Transferências Financeiras do ICMS ¿ Desoneração ¿ L.C. Nº 87/96;39178,81;28974
2014;Prefeitura Municipal de Flores da Cunha - RS;4308201;RS;DCA-Anexo I-C;NA;Receitas Brutas Realizadas;RO1.7.2.1.99.00.00;1.7.2.1.99.00.00 - Outras Transferências da União;143159,43;28974
2014;Prefeitura Municipal de Flores da Cunha - RS;4308201;RS;DCA-Anexo I-C;NA;Receitas Brutas Realizadas;RO1.7.2.2.00.00.00;1.7.2.2.00.00.00 - Transferências dos Estados;33522592,81;28974
2014;Prefeitura Municipal de Flores da Cunha - RS;4308201;RS;DCA-Anexo I-C;NA;Deduções - FUNDEB;RO1.7.2.2.00.00.00;1.7.2.2.00.00.00 - Transferências dos Estados;6280167,14;28974
2014;Prefeitura Municipal de Flores da Cunha - RS;4308201;RS;DCA-Anexo I-C;NA;Outras Deduções da Receita;RO1.7.2.2.00.00.00;1.7.2.2.00.00.00 - Transferências dos Estados;684,21;28974
2014;Prefeitura Municipal de Flores da Cunha - RS;4308201;RS;DCA-Anexo I-C;NA;Receitas Brutas Realizadas;RO1.7.2.2.01.00.00;1.7.2.2.01.00.00 - Participação na Receita dos Estados;31411981,02;28974
2014;Prefeitura Municipal de Flores da Cunha - RS;4308201;RS;DCA-Anexo I-C;NA;Deduções - FUNDEB;RO1.7.2.2.01.00.00;1.7.2.2.01.00.00 - Participação na Receita dos Estados;6280167,14;28974
2014;Prefeitura Municipal de Flores da Cunha - RS;4308201;RS;DCA-Anexo I-C;NA;Outras Deduções da Receita;RO1.7.2.2.01.00.00;1.7.2.2.01.00.00 - Participação na Receita dos Estados;684,21;28974
2014;Prefeitura Municipal de Flores da Cunha - RS;4308201;RS;DCA-Anexo I-C;NA;Receitas Brutas Realizadas;RO1.7.2.2.01.01.00;1.7.2.2.01.01.00 - Cota-Parte do ICMS;25908334,91;28974
2014;Prefeitura Municipal de Flores da Cunha - RS;4308201;RS;DCA-Anexo I-C;NA;Deduções - FUNDEB;RO1.7.2.2.01.01.00;1.7.2.2.01.01.00 - Cota-Parte do ICMS;5181667,11;28974
2014;Prefeitura Municipal de Flores da Cunha - RS;4308201;RS;DCA-Anexo I-C;NA;Receitas Brutas Realizadas;RO1.7.2.2.01.02.00;1.7.2.2.01.02.00 - Cota-Parte do IPVA;5026581,34;28974
2014;Prefeitura Municipal de Flores da Cunha - RS;4308201;RS;DCA-Anexo I-C;NA;Deduções - FUNDEB;RO1.7.2.2.01.02.00;1.7.2.2.01.02.00 - Cota-Parte do IPVA;1005316,48;28974
2014;Prefeitura Municipal de Flores da Cunha - RS;4308201;RS;DCA-Anexo I-C;NA;Receitas Brutas Realizadas;RO1.7.2.2.01.04.00;1.7.2.2.01.04.00 - Cota-Parte do IPI sobre Exportação;465917,35;28974
2014;Prefeitura Municipal de Flores da Cunha - RS;4308201;RS;DCA-Anexo I-C;NA;Deduções - FUNDEB;RO1.7.2.2.01.04.00;1.7.2.2.01.04.00 - Cota-Parte do IPI sobre Exportação;93183,55;28974
2014;Prefeitura Municipal de Flores da Cunha - RS;4308201;RS;DCA-Anexo I-C;NA;Receitas Brutas Realizadas;RO1.7.2.2.01.13.00;1.7.2.2.01.13.00 - Cota-Parte da Contribuição de Intervenção no Domínio Econômico;4144,47;28974
2014;Prefeitura Municipal de Flores da Cunha - RS;4308201;RS;DCA-Anexo I-C;NA;Receitas Brutas Realizadas;RO1.7.2.2.01.99.00;1.7.2.2.01.99.00 - Outras Participações na Receita dos Estados;7002,95;28974
2014;Prefeitura Municipal de Flores da Cunha - RS;4308201;RS;DCA-Anexo I-C;NA;Outras Deduções da Receita;RO1.7.2.2.01.99.00;1.7.2.2.01.99.00 - Outras Participações na Receita dos Estados;684,21;28974
2014;Prefeitura Municipal de Flores da Cunha - RS;4308201;RS;DCA-Anexo I-C;NA;Receitas Brutas Realizadas;RO1.7.2.2.33.00.00;1.7.2.2.33.00.00 - Transferências de Recursos do Estado para Programas de Saúde - Repasse Fundo a Fundo;1681960,89;28974
2014;Prefeitura Municipal de Flores da Cunha - RS;4308201;RS;DCA-Anexo I-C;NA;Receitas Brutas Realizadas;RO1.7.2.2.99.00.00;1.7.2.2.99.00.00 - Outras Transferências dos Estados;428650,90;28974
2014;Prefeitura Municipal de Flores da Cunha - RS;4308201;RS;DCA-Anexo I-C;NA;Receitas Brutas Realizadas;RO1.7.2.4.00.00.00;1.7.2.4.00.00.00 - Transferências Multigovernamentais;7993548,26;28974
2014;Prefeitura Municipal de Flores da Cunha - RS;4308201;RS;DCA-Anexo I-C;NA;Receitas Brutas Realizadas;RO1.7.2.4.01.00.00;1.7.2.4.01.00.00 - Transferências de Recursos do Fundo de Manutenção e Desenvolvimento do Ensino Fundamental e de Valorização do Magistério - FUNDEB;7993548,26;28974
2014;Prefeitura Municipal de Flores da Cunha - RS;4308201;RS;DCA-Anexo I-C;NA;Receitas Brutas Realizadas;RO1.7.3.0.00.00.00;1.7.3.0.00.00.00 - Transferências de Instituições Privadas;29091,42;28974
2014;Prefeitura Municipal de Flores da Cunha - RS;4308201;RS;DCA-Anexo I-C;NA;Receitas Brutas Realizadas;RO1.7.6.0.00.00.00;1.7.6.0.00.00.00 - Transferências de Convênios;561612,63;28974
2014;Prefeitura Municipal de Flores da Cunha - RS;4308201;RS;DCA-Anexo I-C;NA;Receitas Brutas Realizadas;RO1.7.6.2.00.00.00;1.7.6.2.00.00.00 - Transferências de Convênios dos Estados e do Distrito Federal e de Suas Entidades;561612,63;28974
2014;Prefeitura Municipal de Flores da Cunha - RS;4308201;RS;DCA-Anexo I-C;NA;Receitas Brutas Realizadas;RO1.7.6.2.02.00.00;1.7.6.2.02.00.00 - Transferências de Convênios dos Estados Destinadas a Programas de Educação;561612,63;28974
2014;Prefeitura Municipal de Flores da Cunha - RS;4308201;RS;DCA-Anexo I-C;NA;Receitas Brutas Realizadas;RO1.9.0.0.00.00.00;1.9.0.0.00.00.00 - Outras Receitas Correntes;804943,95;28974
2014;Prefeitura Municipal de Flores da Cunha - RS;4308201;RS;DCA-Anexo I-C;NA;Outras Deduções da Receita;RO1.9.0.0.00.00.00;1.9.0.0.00.00.00 - Outras Receitas Correntes;160,81;28974
2014;Prefeitura Municipal de Flores da Cunha - RS;4308201;RS;DCA-Anexo I-C;NA;Receitas Brutas Realizadas;RO1.9.1.0.00.00.00;1.9.1.0.00.00.00 - Multas e Juros de Mora;257022,76;28974
2014;Prefeitura Municipal de Flores da Cunha - RS;4308201;RS;DCA-Anexo I-C;NA;Receitas Brutas Realizadas;RO1.9.1.1.00.00.00;1.9.1.1.00.00.00 - Multas e Juros de Mora dos Tributos;42352,03;28974
2014;Prefeitura Municipal de Flores da Cunha - RS;4308201;RS;DCA-Anexo I-C;NA;Receitas Brutas Realizadas;RO1.9.1.3.00.00.00;1.9.1.3.00.00.00 - Multas e Juros de Mora da Dívida Ativa dos Tributos;113156,94;28974
2014;Prefeitura Municipal de Flores da Cunha - RS;4308201;RS;DCA-Anexo I-C;NA;Receitas Brutas Realizadas;RO1.9.1.5.00.00.00;1.9.1.5.00.00.00 - Multas e Juros de Mora da Dívida Ativa de Outras Receitas;2246,26;28974
2014;Prefeitura Municipal de Flores da Cunha - RS;4308201;RS;DCA-Anexo I-C;NA;Receitas Brutas Realizadas;RO1.9.1.8.00.00.00;1.9.1.8.00.00.00 - Multas e Juros de Mora de Outras Receitas;3959,02;28974
2014;Prefeitura Municipal de Flores da Cunha - RS;4308201;RS;DCA-Anexo I-C;NA;Receitas Brutas Realizadas;RO1.9.1.9.00.00.00;1.9.1.9.00.00.00 - Multas de Outras Origens;95308,51;28974
2014;Prefeitura Municipal de Flores da Cunha - RS;4308201;RS;DCA-Anexo I-C;NA;Receitas Brutas Realizadas;RO1.9.2.0.00.00.00;1.9.2.0.00.00.00 - Indenizações e Restituições;123553,45;28974
2014;Prefeitura Municipal de Flores da Cunha - RS;4308201;RS;DCA-Anexo I-C;NA;Receitas Brutas Realizadas;RO1.9.2.1.00.00.00;1.9.2.1.00.00.00 - Indenizações;95118,44;28974
2014;Prefeitura Municipal de Flores da Cunha - RS;4308201;RS;DCA-Anexo I-C;NA;Receitas Brutas Realizadas;RO1.9.2.2.00.00.00;1.9.2.2.00.00.00 - Restituições;28435,01;28974
2014;Prefeitura Municipal de Flores da Cunha - RS;4308201;RS;DCA-Anexo I-C;NA;Receitas Brutas Realizadas;RO1.9.2.2.99.00.00;1.9.2.2.99.00.00 - Outras Restituições;28435,01;28974
2014;Prefeitura Municipal de Flores da Cunha - RS;4308201;RS;DCA-Anexo I-C;NA;Receitas Brutas Realizadas;RO1.9.3.0.00.00.00;1.9.3.0.00.00.00 - Receita da Dívida Ativa;367760,84;28974
2014;Prefeitura Municipal de Flores da Cunha - RS;4308201;RS;DCA-Anexo I-C;NA;Outras Deduções da Receita;RO1.9.3.0.00.00.00;1.9.3.0.00.00.00 - Receita da Dívida Ativa;160,81;28974
2014;Prefeitura Municipal de Flores da Cunha - RS;4308201;RS;DCA-Anexo I-C;NA;Receitas Brutas Realizadas;RO1.9.3.1.00.00.00;1.9.3.1.00.00.00 - Receita da Dívida Ativa Tributária;313683,93;28974
2014;Prefeitura Municipal de Flores da Cunha - RS;4308201;RS;DCA-Anexo I-C;NA;Outras Deduções da Receita;RO1.9.3.1.00.00.00;1.9.3.1.00.00.00 - Receita da Dívida Ativa Tributária;160,81;28974
2014;Prefeitura Municipal de Flores da Cunha - RS;4308201;RS;DCA-Anexo I-C;NA;Receitas Brutas Realizadas;RO1.9.3.2.00.00.00;1.9.3.2.00.00.00 - Receita da Dívida Ativa Não Tributária;54076,91;28974
2014;Prefeitura Municipal de Flores da Cunha - RS;4308201;RS;DCA-Anexo I-C;NA;Receitas Brutas Realizadas;RO1.9.9.0.00.00.00;1.9.9.0.00.00.00 - Receitas Diversas;56606,90;28974
2014;Prefeitura Municipal de Flores da Cunha - RS;4308201;RS;DCA-Anexo I-C;NA;Receitas Brutas Realizadas;RO2.0.0.0.00.00.00;2.0.0.0.00.00.00 - Receitas de Capital;3057305,84;28974
2014;Prefeitura Municipal de Flores da Cunha - RS;4308201;RS;DCA-Anexo I-C;NA;Receitas Brutas Realizadas;RO2.2.0.0.00.00.00;2.2.0.0.00.00.00 - Alienação de Bens;235311,73;28974
2014;Prefeitura Municipal de Flores da Cunha - RS;4308201;RS;DCA-Anexo I-C;NA;Receitas Brutas Realizadas;RO2.2.1.0.00.00.00;2.2.1.0.00.00.00 - Alienação de Bens Móveis;46209,10;28974
2014;Prefeitura Municipal de Flores da Cunha - RS;4308201;RS;DCA-Anexo I-C;NA;Receitas Brutas Realizadas;RO2.2.2.0.00.00.00;2.2.2.0.00.00.00 - Alienação de Bens Imóveis;189102,63;28974
2014;Prefeitura Municipal de Flores da Cunha - RS;4308201;RS;DCA-Anexo I-C;NA;Receitas Brutas Realizadas;RO2.3.0.0.00.00.00;2.3.0.0.00.00.00 - Amortização de Empréstimos;72694,57;28974
2014;Prefeitura Municipal de Flores da Cunha - RS;4308201;RS;DCA-Anexo I-C;NA;Receitas Brutas Realizadas;RO2.4.0.0.00.00.00;2.4.0.0.00.00.00 - Transferências de Capital;2749299,54;28974
2014;Prefeitura Municipal de Flores da Cunha - RS;4308201;RS;DCA-Anexo I-C;NA;Receitas Brutas Realizadas;RO2.4.2.0.00.00.00;2.4.2.0.00.00.00 - Transferências Intergovernamentais;100000,00;28974
2014;Prefeitura Municipal de Flores da Cunha - RS;4308201;RS;DCA-Anexo I-C;NA;Receitas Brutas Realizadas;RO2.4.2.2.00.00.00;2.4.2.2.00.00.00 - Transferências dos Estados;100000,00;28974
2014;Prefeitura Municipal de Flores da Cunha - RS;4308201;RS;DCA-Anexo I-C;NA;Receitas Brutas Realizadas;RO2.4.2.2.01.00.00;2.4.2.2.01.00.00 - Participação na Receita dos Estados;100000,00;28974
2014;Prefeitura Municipal de Flores da Cunha - RS;4308201;RS;DCA-Anexo I-C;NA;Receitas Brutas Realizadas;RO2.4.3.0.00.00.00;2.4.3.0.00.00.00 - Transferências de Instituições Privadas;725791,36;28974
2014;Prefeitura Municipal de Flores da Cunha - RS;4308201;RS;DCA-Anexo I-C;NA;Receitas Brutas Realizadas;RO2.4.7.0.00.00.00;2.4.7.0.00.00.00 - Transferências de Convênios;1923508,18;28974
2014;Prefeitura Municipal de Flores da Cunha - RS;4308201;RS;DCA-Anexo I-C;NA;Receitas Brutas Realizadas;RO2.4.7.1.00.00.00;2.4.7.1.00.00.00 - Transferências de Convênios da União e de suas Entidades;1923508,18;28974
2014;Prefeitura Municipal de Flores da Cunha - RS;4308201;RS;DCA-Anexo I-C;NA;Receitas Brutas Realizadas;RO2.4.7.1.99.00.00;2.4.7.1.99.00.00 - Outras Transferências de Convênios da União;1923508,18;28974
2014;Prefeitura Municipal de Flores da Cunha - RS;4308201;RS;DCA-Anexo I-C;NA;Receitas Brutas Realizadas;RI7.0.0.0.00.00.00;7.0.0.0.00.00.00 - Receitas Correntes Intraorçamentárias;4831455,52;28974
2014;Prefeitura Municipal de Flores da Cunha - RS;4308201;RS;DCA-Anexo I-C;NA;Receitas Brutas Realizadas;RI7.2.0.0.00.00.00;7.2.0.0.00.00.00 - Receitas de Contribuições Intraorçamentárias;4831455,52;28974
2014;Prefeitura Municipal de Flores da Cunha - RS;4308201;RS;DCA-Anexo I-C;NA;Receitas Brutas Realizadas;RI7.2.1.0.00.00.00;7.2.1.0.00.00.00 - Contribuições Sociais Intraorçamentárias;4831455,52;28974
2014;Prefeitura Municipal de Flores da Cunha - RS;4308201;RS;DCA-Anexo I-C;NA;Receitas Brutas Realizadas;RI7.2.1.0.29.00.00;7.2.1.0.29.00.00 - Contribuições para o Regime Próprio de Previdência do Servidor Público Intraorçamentárias;4831455,52;28974
2014;Prefeitura Municipal de Flores da Cunha - RS;4308201;RS;DCA-Anexo I-C;NA;Receitas Brutas Realizadas;RI7.2.1.0.29.01.00;7.2.1.0.29.01.00 - Contribuição Patronal de Servidor Ativo Civil para o Regime Próprio Intraorçamentária;2177225,73;28974
2014;Prefeitura Municipal de Flores da Cunha - RS;4308201;RS;DCA-Anexo I-C;NA;Receitas Brutas Realizadas;RI7.2.1.0.29.99.00;7.2.1.0.29.99.00 - Outras Contribuições para o Regime Próprio de Previdência do Servidor Público Intraorçamentárias;2654229,79;28974
2015;Prefeitura Municipal de Flores da Cunha - RS;4308201;RS;DCA-Anexo I-C;NA;Receitas Brutas Realizadas;TotalReceitas;Total Receitas;101026977,75;28974
2015;Prefeitura Municipal de Flores da Cunha - RS;4308201;RS;DCA-Anexo I-C;NA;Deduções - Transferências Constitucionais;TotalReceitas;Total Receitas;87647,17;28974
2015;Prefeitura Municipal de Flores da Cunha - RS;4308201;RS;DCA-Anexo I-C;NA;Deduções - FUNDEB;TotalReceitas;Total Receitas;9750345,39;28974
2015;Prefeitura Municipal de Flores da Cunha - RS;4308201;RS;DCA-Anexo I-C;NA;Outras Deduções da Receita;TotalReceitas;Total Receitas;749,48;28974
2015;Prefeitura Municipal de Flores da Cunha - RS;4308201;RS;DCA-Anexo I-C;NA;Receitas Brutas Realizadas;RO1.0.0.0.00.00.00;1.0.0.0.00.00.00 - Receitas Correntes;91098576,22;28974
2015;Prefeitura Municipal de Flores da Cunha - RS;4308201;RS;DCA-Anexo I-C;NA;Deduções - Transferências Constitucionais;RO1.0.0.0.00.00.00;1.0.0.0.00.00.00 - Receitas Correntes;87647,17;28974
2015;Prefeitura Municipal de Flores da Cunha - RS;4308201;RS;DCA-Anexo I-C;NA;Deduções - FUNDEB;RO1.0.0.0.00.00.00;1.0.0.0.00.00.00 - Receitas Correntes;9750345,39;28974
2015;Prefeitura Municipal de Flores da Cunha - RS;4308201;RS;DCA-Anexo I-C;NA;Outras Deduções da Receita;RO1.0.0.0.00.00.00;1.0.0.0.00.00.00 - Receitas Correntes;749,48;28974
2015;Prefeitura Municipal de Flores da Cunha - RS;4308201;RS;DCA-Anexo I-C;NA;Receitas Brutas Realizadas;RO1.1.0.0.00.00.00;1.1.0.0.00.00.00 - Receita Tributária;12642711,93;28974
2015;Prefeitura Municipal de Flores da Cunha - RS;4308201;RS;DCA-Anexo I-C;NA;Deduções - Transferências Constitucionais;RO1.1.0.0.00.00.00;1.1.0.0.00.00.00 - Receita Tributária;87647,17;28974
2015;Prefeitura Municipal de Flores da Cunha - RS;4308201;RS;DCA-Anexo I-C;NA;Deduções - FUNDEB;RO1.1.0.0.00.00.00;1.1.0.0.00.00.00 - Receita Tributária;13408,77;28974
2015;Prefeitura Municipal de Flores da Cunha - RS;4308201;RS;DCA-Anexo I-C;NA;Outras Deduções da Receita;RO1.1.0.0.00.00.00;1.1.0.0.00.00.00 - Receita Tributária;518,58;28974
2015;Prefeitura Municipal de Flores da Cunha - RS;4308201;RS;DCA-Anexo I-C;NA;Receitas Brutas Realizadas;RO1.1.1.0.00.00.00;1.1.1.0.00.00.00 - Impostos;10816396,58;28974
2015;Prefeitura Municipal de Flores da Cunha - RS;4308201;RS;DCA-Anexo I-C;NA;Deduções - Transferências Constitucionais;RO1.1.1.0.00.00.00;1.1.1.0.00.00.00 - Impostos;87028,18;28974
2015;Prefeitura Municipal de Flores da Cunha - RS;4308201;RS;DCA-Anexo I-C;NA;Deduções - FUNDEB;RO1.1.1.0.00.00.00;1.1.1.0.00.00.00 - Impostos;13408,77;28974
2015;Prefeitura Municipal de Flores da Cunha - RS;4308201;RS;DCA-Anexo I-C;NA;Outras Deduções da Receita;RO1.1.1.0.00.00.00;1.1.1.0.00.00.00 - Impostos;512,38;28974
2015;Prefeitura Municipal de Flores da Cunha - RS;4308201;RS;DCA-Anexo I-C;NA;Receitas Brutas Realizadas;RO1.1.1.2.00.00.00;1.1.1.2.00.00.00 - Impostos sobre o Patrimônio e a Renda;6419692,15;28974
2015;Prefeitura Municipal de Flores da Cunha - RS;4308201;RS;DCA-Anexo I-C;NA;Deduções - Transferências Constitucionais;RO1.1.1.2.00.00.00;1.1.1.2.00.00.00 - Impostos sobre o Patrimônio e a Renda;62389,65;28974
2015;Prefeitura Municipal de Flores da Cunha - RS;4308201;RS;DCA-Anexo I-C;NA;Deduções - FUNDEB;RO1.1.1.2.00.00.00;1.1.1.2.00.00.00 - Impostos sobre o Patrimônio e a Renda;13408,77;28974
2015;Prefeitura Municipal de Flores da Cunha - RS;4308201;RS;DCA-Anexo I-C;NA;Outras Deduções da Receita;RO1.1.1.2.00.00.00;1.1.1.2.00.00.00 - Impostos sobre o Patrimônio e a Renda;512,38;28974
2015;Prefeitura Municipal de Flores da Cunha - RS;4308201;RS;DCA-Anexo I-C;NA;Receitas Brutas Realizadas;RO1.1.1.2.01.00.00;1.1.1.2.01.00.00 - Imposto sobre a Propriedade Territorial Rural - ITR;67044,37;28974
2015;Prefeitura Municipal de Flores da Cunha - RS;4308201;RS;DCA-Anexo I-C;NA;Deduções - FUNDEB;RO1.1.1.2.01.00.00;1.1.1.2.01.00.00 - Imposto sobre a Propriedade Territorial Rural - ITR;13408,77;28974
2015;Prefeitura Municipal de Flores da Cunha - RS;4308201;RS;DCA-Anexo I-C;NA;Receitas Brutas Realizadas;RO1.1.1.2.02.00.00;1.1.1.2.02.00.00 - Imposto sobre a Propriedade Predial e Territorial Urbana ¿ IPTU;3115382,09;28974
2015;Prefeitura Municipal de Flores da Cunha - RS;4308201;RS;DCA-Anexo I-C;NA;Deduções - Transferências Constitucionais;RO1.1.1.2.02.00.00;1.1.1.2.02.00.00 - Imposto sobre a Propriedade Predial e Territorial Urbana ¿ IPTU;463,43;28974
2015;Prefeitura Municipal de Flores da Cunha - RS;4308201;RS;DCA-Anexo I-C;NA;Outras Deduções da Receita;RO1.1.1.2.02.00.00;1.1.1.2.02.00.00 - Imposto sobre a Propriedade Predial e Territorial Urbana ¿ IPTU;512,38;28974
2015;Prefeitura Municipal de Flores da Cunha - RS;4308201;RS;DCA-Anexo I-C;NA;Receitas Brutas Realizadas;RO1.1.1.2.04.00.00;1.1.1.2.04.00.00 - Imposto sobre a Renda e Proventos de Qualquer Natureza ¿ IR;1383429,16;28974
2015;Prefeitura Municipal de Flores da Cunha - RS;4308201;RS;DCA-Anexo I-C;NA;Receitas Brutas Realizadas;RO1.1.1.2.04.31.00;1.1.1.2.04.31.00 - Retido nas Fontes - Trabalho;1383429,16;28974
2015;Prefeitura Municipal de Flores da Cunha - RS;4308201;RS;DCA-Anexo I-C;NA;Receitas Brutas Realizadas;RO1.1.1.2.08.00.00;"1.1.1.2.08.00.00 - Imposto sobre Transmissão ""Inter Vivos"" de Bens Imóveis e de Direitos Reais sobre Imóveis ¿ ITBI";1853836,53;28974
2015;Prefeitura Municipal de Flores da Cunha - RS;4308201;RS;DCA-Anexo I-C;NA;Deduções - Transferências Constitucionais;RO1.1.1.2.08.00.00;"1.1.1.2.08.00.00 - Imposto sobre Transmissão ""Inter Vivos"" de Bens Imóveis e de Direitos Reais sobre Imóveis ¿ ITBI";61926,22;28974
2015;Prefeitura Municipal de Flores da Cunha - RS;4308201;RS;DCA-Anexo I-C;NA;Receitas Brutas Realizadas;RO1.1.1.3.00.00.00;1.1.1.3.00.00.00 - Impostos sobre a Produção e a Circulação;4396704,43;28974
2015;Prefeitura Municipal de Flores da Cunha - RS;4308201;RS;DCA-Anexo I-C;NA;Deduções - Transferências Constitucionais;RO1.1.1.3.00.00.00;1.1.1.3.00.00.00 - Impostos sobre a Produção e a Circulação;24638,53;28974
2015;Prefeitura Municipal de Flores da Cunha - RS;4308201;RS;DCA-Anexo I-C;NA;Receitas Brutas Realizadas;RO1.1.1.3.05.00.00;1.1.1.3.05.00.00 - Imposto sobre Serviços de Qualquer Natureza ¿ ISSQN;4396704,43;28974
2015;Prefeitura Municipal de Flores da Cunha - RS;4308201;RS;DCA-Anexo I-C;NA;Deduções - Transferências Constitucionais;RO1.1.1.3.05.00.00;1.1.1.3.05.00.00 - Imposto sobre Serviços de Qualquer Natureza ¿ ISSQN;24638,53;28974
2015;Prefeitura Municipal de Flores da Cunha - RS;4308201;RS;DCA-Anexo I-C;NA;Receitas Brutas Realizadas;RO1.1.2.0.00.00.00;1.1.2.0.00.00.00 - Taxas;1826308,85;28974
2015;Prefeitura Municipal de Flores da Cunha - RS;4308201;RS;DCA-Anexo I-C;NA;Deduções - Transferências Constitucionais;RO1.1.2.0.00.00.00;1.1.2.0.00.00.00 - Taxas;618,99;28974
2015;Prefeitura Municipal de Flores da Cunha - RS;4308201;RS;DCA-Anexo I-C;NA;Outras Deduções da Receita;RO1.1.2.0.00.00.00;1.1.2.0.00.00.00 - Taxas;6,20;28974
2015;Prefeitura Municipal de Flores da Cunha - RS;4308201;RS;DCA-Anexo I-C;NA;Receitas Brutas Realizadas;RO1.1.2.1.00.00.00;1.1.2.1.00.00.00 - Taxas pelo Exercício do Poder de Polícia;960973,05;28974
2015;Prefeitura Municipal de Flores da Cunha - RS;4308201;RS;DCA-Anexo I-C;NA;Deduções - Transferências Constitucionais;RO1.1.2.1.00.00.00;1.1.2.1.00.00.00 - Taxas pelo Exercício do Poder de Polícia;485,10;28974
2015;Prefeitura Municipal de Flores da Cunha - RS;4308201;RS;DCA-Anexo I-C;NA;Receitas Brutas Realizadas;RO1.1.2.2.00.00.00;1.1.2.2.00.00.00 - Taxas pela Prestação de Serviços;865335,80;28974
2015;Prefeitura Municipal de Flores da Cunha - RS;4308201;RS;DCA-Anexo I-C;NA;Deduções - Transferências Constitucionais;RO1.1.2.2.00.00.00;1.1.2.2.00.00.00 - Taxas pela Prestação de Serviços;133,89;28974
2015;Prefeitura Municipal de Flores da Cunha - RS;4308201;RS;DCA-Anexo I-C;NA;Outras Deduções da Receita;RO1.1.2.2.00.00.00;1.1.2.2.00.00.00 - Taxas pela Prestação de Serviços;6,20;28974
2015;Prefeitura Municipal de Flores da Cunha - RS;4308201;RS;DCA-Anexo I-C;NA;Receitas Brutas Realizadas;RO1.1.3.0.00.00.00;1.1.3.0.00.00.00 - Contribuição de Melhoria;6,50;28974
2015;Prefeitura Municipal de Flores da Cunha - RS;4308201;RS;DCA-Anexo I-C;NA;Receitas Brutas Realizadas;RO1.2.0.0.00.00.00;1.2.0.0.00.00.00 - Receitas de Contribuições;2310859,14;28974
2015;Prefeitura Municipal de Flores da Cunha - RS;4308201;RS;DCA-Anexo I-C;NA;Receitas Brutas Realizadas;RO1.2.1.0.00.00.00;1.2.1.0.00.00.00 - Contribuições Sociais;2310859,14;28974
2015;Prefeitura Municipal de Flores da Cunha - RS;4308201;RS;DCA-Anexo I-C;NA;Receitas Brutas Realizadas;RO1.2.1.0.29.00.00;1.2.1.0.29.00.00 - Contribuições para o Regime Próprio de Previdência do Servidor Público;2151887,05;28974
2015;Prefeitura Municipal de Flores da Cunha - RS;4308201;RS;DCA-Anexo I-C;NA;Receitas Brutas Realizadas;RO1.2.1.0.29.07.00;1.2.1.0.29.07.00 - Contribuição do Servidor Ativo Civil para o Regime Próprio;2150993,47;28974
2015;Prefeitura Municipal de Flores da Cunha - RS;4308201;RS;DCA-Anexo I-C;NA;Receitas Brutas Realizadas;RO1.2.1.0.29.09.00;1.2.1.0.29.09.00 - Contribuições do Servidor Inativo Civil para o Regime Próprio;893,58;28974
2015;Prefeitura Municipal de Flores da Cunha - RS;4308201;RS;DCA-Anexo I-C;NA;Receitas Brutas Realizadas;RO1.2.1.0.99.00.00;1.2.1.0.99.00.00 - Outras Contribuições Sociais;158972,09;28974
2015;Prefeitura Municipal de Flores da Cunha - RS;4308201;RS;DCA-Anexo I-C;NA;Receitas Brutas Realizadas;RO1.3.0.0.00.00.00;1.3.0.0.00.00.00 - Receita Patrimonial;9017104,22;28974
2015;Prefeitura Municipal de Flores da Cunha - RS;4308201;RS;DCA-Anexo I-C;NA;Receitas Brutas Realizadas;RO1.3.1.0.00.00.00;1.3.1.0.00.00.00 - Receitas Imobiliárias;150534,35;28974
2015;Prefeitura Municipal de Flores da Cunha - RS;4308201;RS;DCA-Anexo I-C;NA;Receitas Brutas Realizadas;RO1.3.1.1.00.00.00;1.3.1.1.00.00.00 - Aluguéis;129094,60;28974
2015;Prefeitura Municipal de Flores da Cunha - RS;4308201;RS;DCA-Anexo I-C;NA;Receitas Brutas Realizadas;RO1.3.1.2.00.00.00;1.3.1.2.00.00.00 - Arrendamentos;21439,75;28974
2015;Prefeitura Municipal de Flores da Cunha - RS;4308201;RS;DCA-Anexo I-C;NA;Receitas Brutas Realizadas;RO1.3.2.0.00.00.00;1.3.2.0.00.00.00 - Receitas de Valores Mobiliários;8866569,87;28974
2015;Prefeitura Municipal de Flores da Cunha - RS;4308201;RS;DCA-Anexo I-C;NA;Receitas Brutas Realizadas;RO1.3.2.2.00.00.00;1.3.2.2.00.00.00 - Dividendos;36324,60;28974
2015;Prefeitura Municipal de Flores da Cunha - RS;4308201;RS;DCA-Anexo I-C;NA;Receitas Brutas Realizadas;RO1.3.2.5.00.00.00;1.3.2.5.00.00.00 - Remuneração de Depósitos Bancários;1833788,53;28974
2015;Prefeitura Municipal de Flores da Cunha - RS;4308201;RS;DCA-Anexo I-C;NA;Receitas Brutas Realizadas;RO1.3.2.8.00.00.00;1.3.2.8.00.00.00 - Remuneração dos Investimentos do Regime Próprio de Previdência do Servidor;6996456,74;28974
2015;Prefeitura Municipal de Flores da Cunha - RS;4308201;RS;DCA-Anexo I-C;NA;Receitas Brutas Realizadas;RO1.6.0.0.00.00.00;1.6.0.0.00.00.00 - Receita de Serviços;150906,85;28974
2015;Prefeitura Municipal de Flores da Cunha - RS;4308201;RS;DCA-Anexo I-C;NA;Receitas Brutas Realizadas;RO1.6.0.0.01.00.00;1.6.0.0.01.00.00 - Serviços Comerciais;38434,24;28974
2015;Prefeitura Municipal de Flores da Cunha - RS;4308201;RS;DCA-Anexo I-C;NA;Receitas Brutas Realizadas;RO1.6.0.0.03.00.00;1.6.0.0.03.00.00 - Serviços de Transporte;7216,30;28974
2015;Prefeitura Municipal de Flores da Cunha - RS;4308201;RS;DCA-Anexo I-C;NA;Receitas Brutas Realizadas;RO1.6.0.0.13.00.00;1.6.0.0.13.00.00 - Serviços Administrativos;66980,06;28974
2015;Prefeitura Municipal de Flores da Cunha - RS;4308201;RS;DCA-Anexo I-C;NA;Receitas Brutas Realizadas;RO1.6.0.0.17.00.00;1.6.0.0.17.00.00 - Serviços Agropecuários;4117,20;28974
2015;Prefeitura Municipal de Flores da Cunha - RS;4308201;RS;DCA-Anexo I-C;NA;Receitas Brutas Realizadas;RO1.6.0.0.99.00.00;1.6.0.0.99.00.00 - Outros Serviços;34159,05;28974
2015;Prefeitura Municipal de Flores da Cunha - RS;4308201;RS;DCA-Anexo I-C;NA;Receitas Brutas Realizadas;RO1.7.0.0.00.00.00;1.7.0.0.00.00.00 - Transferências Correntes;65841298,25;28974
2015;Prefeitura Municipal de Flores da Cunha - RS;4308201;RS;DCA-Anexo I-C;NA;Deduções - FUNDEB;RO1.7.0.0.00.00.00;1.7.0.0.00.00.00 - Transferências Correntes;9736936,62;28974
2015;Prefeitura Municipal de Flores da Cunha - RS;4308201;RS;DCA-Anexo I-C;NA;Outras Deduções da Receita;RO1.7.0.0.00.00.00;1.7.0.0.00.00.00 - Transferências Correntes;230,90;28974
2015;Prefeitura Municipal de Flores da Cunha - RS;4308201;RS;DCA-Anexo I-C;NA;Receitas Brutas Realizadas;RO1.7.2.0.00.00.00;1.7.2.0.00.00.00 - Transferências Intergovernamentais;65248117,96;28974
2015;Prefeitura Municipal de Flores da Cunha - RS;4308201;RS;DCA-Anexo I-C;NA;Deduções - FUNDEB;RO1.7.2.0.00.00.00;1.7.2.0.00.00.00 - Transferências Intergovernamentais;9736936,62;28974
2015;Prefeitura Municipal de Flores da Cunha - RS;4308201;RS;DCA-Anexo I-C;NA;Outras Deduções da Receita;RO1.7.2.0.00.00.00;1.7.2.0.00.00.00 - Transferências Intergovernamentais;230,90;28974
2015;Prefeitura Municipal de Flores da Cunha - RS;4308201;RS;DCA-Anexo I-C;NA;Receitas Brutas Realizadas;RO1.7.2.1.00.00.00;1.7.2.1.00.00.00 - Transferências da União;21663882,70;28974
2015;Prefeitura Municipal de Flores da Cunha - RS;4308201;RS;DCA-Anexo I-C;NA;Deduções - FUNDEB;RO1.7.2.1.00.00.00;1.7.2.1.00.00.00 - Transferências da União;3008101,28;28974
2015;Prefeitura Municipal de Flores da Cunha - RS;4308201;RS;DCA-Anexo I-C;NA;Receitas Brutas Realizadas;RO1.7.2.1.01.00.00;1.7.2.1.01.00.00 - Participação na Receita da União;15649870,57;28974
2015;Prefeitura Municipal de Flores da Cunha - RS;4308201;RS;DCA-Anexo I-C;NA;Deduções - FUNDEB;RO1.7.2.1.01.00.00;1.7.2.1.01.00.00 - Participação na Receita da União;2964875,14;28974
2015;Prefeitura Municipal de Flores da Cunha - RS;4308201;RS;DCA-Anexo I-C;NA;Receitas Brutas Realizadas;RO1.7.2.1.01.02.00;1.7.2.1.01.02.00 - Cota-Parte do Fundo de Participação dos Municípios ¿ FPM;14824377,44;28974
2015;Prefeitura Municipal de Flores da Cunha - RS;4308201;RS;DCA-Anexo I-C;NA;Deduções - FUNDEB;RO1.7.2.1.01.02.00;1.7.2.1.01.02.00 - Cota-Parte do Fundo de Participação dos Municípios ¿ FPM;2964875,14;28974
2015;Prefeitura Municipal de Flores da Cunha - RS;4308201;RS;DCA-Anexo I-C;NA;Receitas Brutas Realizadas;RO1.7.2.1.01.03.00;1.7.2.1.01.03.00 - Cota-Parte do Fundo de Participação dos Municípios - 1% Cota Anual;650039,73;28974
2015;Prefeitura Municipal de Flores da Cunha - RS;4308201;RS;DCA-Anexo I-C;NA;Receitas Brutas Realizadas;RO1.7.2.1.01.04.00;1.7.2.1.01.04.00 - Cota-Parte do Fundo de Participação dos Municípios - 1% Cota entregue no mês de julho (67)(I);175453,40;28974
2015;Prefeitura Municipal de Flores da Cunha - RS;4308201;RS;DCA-Anexo I-C;NA;Receitas Brutas Realizadas;RO1.7.2.1.22.00.00;1.7.2.1.22.00.00 - Transferências da Compensação Financeira pela Exploração de Recursos Naturais;420700,99;28974
2015;Prefeitura Municipal de Flores da Cunha - RS;4308201;RS;DCA-Anexo I-C;NA;Receitas Brutas Realizadas;RO1.7.2.1.22.11.00;1.7.2.1.22.11.00 - Cota-Parte da Compensação Financeira de Recursos Hídricos;85864,21;28974
2015;Prefeitura Municipal de Flores da Cunha - RS;4308201;RS;DCA-Anexo I-C;NA;Receitas Brutas Realizadas;RO1.7.2.1.22.20.00;1.7.2.1.22.20.00 - Cota-Parte da Compensação Financeira de Recursos Minerais - CFEM;168616,46;28974
2015;Prefeitura Municipal de Flores da Cunha - RS;4308201;RS;DCA-Anexo I-C;NA;Receitas Brutas Realizadas;RO1.7.2.1.22.70.00;1.7.2.1.22.70.00 - Cota-Parte do Fundo Especial do Petróleo ¿ FEP;166220,32;28974
2015;Prefeitura Municipal de Flores da Cunha - RS;4308201;RS;DCA-Anexo I-C;NA;Receitas Brutas Realizadas;RO1.7.2.1.33.00.00;1.7.2.1.33.00.00 - Transferências de Recursos do Sistema Único de Saúde - SUS - Repasses Fundo a Fundo;3674555,48;28974
2015;Prefeitura Municipal de Flores da Cunha - RS;4308201;RS;DCA-Anexo I-C;NA;Receitas Brutas Realizadas;RO1.7.2.1.34.00.00;1.7.2.1.34.00.00 - Transferências de Recursos do Fundo Nacional de Assistência Social ¿ FNAS;156357,47;28974
2015;Prefeitura Municipal de Flores da Cunha - RS;4308201;RS;DCA-Anexo I-C;NA;Receitas Brutas Realizadas;RO1.7.2.1.35.00.00;1.7.2.1.35.00.00 - Transferências de Recursos do Fundo Nacional do Desenvolvimento da Educação ¿ FNDE;1395067,69;28974
2015;Prefeitura Municipal de Flores da Cunha - RS;4308201;RS;DCA-Anexo I-C;NA;Receitas Brutas Realizadas;RO1.7.2.1.36.00.00;1.7.2.1.36.00.00 - Transferências Financeiras do ICMS ¿ Desoneração ¿ L.C. Nº 87/96;216131,06;28974
2015;Prefeitura Municipal de Flores da Cunha - RS;4308201;RS;DCA-Anexo I-C;NA;Deduções - FUNDEB;RO1.7.2.1.36.00.00;1.7.2.1.36.00.00 - Transferências Financeiras do ICMS ¿ Desoneração ¿ L.C. Nº 87/96;43226,14;28974
2015;Prefeitura Municipal de Flores da Cunha - RS;4308201;RS;DCA-Anexo I-C;NA;Receitas Brutas Realizadas;RO1.7.2.1.99.00.00;1.7.2.1.99.00.00 - Outras Transferências da União;151199,44;28974
2015;Prefeitura Municipal de Flores da Cunha - RS;4308201;RS;DCA-Anexo I-C;NA;Receitas Brutas Realizadas;RO1.7.2.2.00.00.00;1.7.2.2.00.00.00 - Transferências dos Estados;34900141,09;28974
2015;Prefeitura Municipal de Flores da Cunha - RS;4308201;RS;DCA-Anexo I-C;NA;Deduções - FUNDEB;RO1.7.2.2.00.00.00;1.7.2.2.00.00.00 - Transferências dos Estados;6728835,34;28974
2015;Prefeitura Municipal de Flores da Cunha - RS;4308201;RS;DCA-Anexo I-C;NA;Outras Deduções da Receita;RO1.7.2.2.00.00.00;1.7.2.2.00.00.00 - Transferências dos Estados;230,90;28974
2015;Prefeitura Municipal de Flores da Cunha - RS;4308201;RS;DCA-Anexo I-C;NA;Receitas Brutas Realizadas;RO1.7.2.2.01.00.00;1.7.2.2.01.00.00 - Participação na Receita dos Estados;33660504,54;28974
2015;Prefeitura Municipal de Flores da Cunha - RS;4308201;RS;DCA-Anexo I-C;NA;Deduções - FUNDEB;RO1.7.2.2.01.00.00;1.7.2.2.01.00.00 - Participação na Receita dos Estados;6728835,34;28974
2015;Prefeitura Municipal de Flores da Cunha - RS;4308201;RS;DCA-Anexo I-C;NA;Outras Deduções da Receita;RO1.7.2.2.01.00.00;1.7.2.2.01.00.00 - Participação na Receita dos Estados;230,90;28974
2015;Prefeitura Municipal de Flores da Cunha - RS;4308201;RS;DCA-Anexo I-C;NA;Receitas Brutas Realizadas;RO1.7.2.2.01.01.00;1.7.2.2.01.01.00 - Cota-Parte do ICMS;27790040,57;28974
2015;Prefeitura Municipal de Flores da Cunha - RS;4308201;RS;DCA-Anexo I-C;NA;Deduções - FUNDEB;RO1.7.2.2.01.01.00;1.7.2.2.01.01.00 - Cota-Parte do ICMS;5558008,08;28974
2015;Prefeitura Municipal de Flores da Cunha - RS;4308201;RS;DCA-Anexo I-C;NA;Receitas Brutas Realizadas;RO1.7.2.2.01.02.00;1.7.2.2.01.02.00 - Cota-Parte do IPVA;5318716,74;28974
2015;Prefeitura Municipal de Flores da Cunha - RS;4308201;RS;DCA-Anexo I-C;NA;Deduções - FUNDEB;RO1.7.2.2.01.02.00;1.7.2.2.01.02.00 - Cota-Parte do IPVA;1063743,38;28974
2015;Prefeitura Municipal de Flores da Cunha - RS;4308201;RS;DCA-Anexo I-C;NA;Outras Deduções da Receita;RO1.7.2.2.01.02.00;1.7.2.2.01.02.00 - Cota-Parte do IPVA;230,90;28974
2015;Prefeitura Municipal de Flores da Cunha - RS;4308201;RS;DCA-Anexo I-C;NA;Receitas Brutas Realizadas;RO1.7.2.2.01.04.00;1.7.2.2.01.04.00 - Cota-Parte do IPI sobre Exportação;535419,44;28974
2015;Prefeitura Municipal de Flores da Cunha - RS;4308201;RS;DCA-Anexo I-C;NA;Deduções - FUNDEB;RO1.7.2.2.01.04.00;1.7.2.2.01.04.00 - Cota-Parte do IPI sobre Exportação;107083,88;28974
2015;Prefeitura Municipal de Flores da Cunha - RS;4308201;RS;DCA-Anexo I-C;NA;Receitas Brutas Realizadas;RO1.7.2.2.01.13.00;1.7.2.2.01.13.00 - Cota-Parte da Contribuição de Intervenção no Domínio Econômico;15911,69;28974
2015;Prefeitura Municipal de Flores da Cunha - RS;4308201;RS;DCA-Anexo I-C;NA;Receitas Brutas Realizadas;RO1.7.2.2.01.99.00;1.7.2.2.01.99.00 - Outras Participações na Receita dos Estados;416,10;28974
2015;Prefeitura Municipal de Flores da Cunha - RS;4308201;RS;DCA-Anexo I-C;NA;Receitas Brutas Realizadas;RO1.7.2.2.33.00.00;1.7.2.2.33.00.00 - Transferências de Recursos do Estado para Programas de Saúde - Repasse Fundo a Fundo;950511,63;28974
2015;Prefeitura Municipal de Flores da Cunha - RS;4308201;RS;DCA-Anexo I-C;NA;Receitas Brutas Realizadas;RO1.7.2.2.99.00.00;1.7.2.2.99.00.00 - Outras Transferências dos Estados;289124,92;28974
2015;Prefeitura Municipal de Flores da Cunha - RS;4308201;RS;DCA-Anexo I-C;NA;Receitas Brutas Realizadas;RO1.7.2.4.00.00.00;1.7.2.4.00.00.00 - Transferências Multigovernamentais;8684094,17;28974
2015;Prefeitura Municipal de Flores da Cunha - RS;4308201;RS;DCA-Anexo I-C;NA;Receitas Brutas Realizadas;RO1.7.2.4.01.00.00;1.7.2.4.01.00.00 - Transferências de Recursos do Fundo de Manutenção e Desenvolvimento do Ensino Fundamental e de Valorização do Magistério - FUNDEB;8684094,17;28974
2015;Prefeitura Municipal de Flores da Cunha - RS;4308201;RS;DCA-Anexo I-C;NA;Receitas Brutas Realizadas;RO1.7.3.0.00.00.00;1.7.3.0.00.00.00 - Transferências de Instituições Privadas;37611,95;28974
2015;Prefeitura Municipal de Flores da Cunha - RS;4308201;RS;DCA-Anexo I-C;NA;Receitas Brutas Realizadas;RO1.7.6.0.00.00.00;1.7.6.0.00.00.00 - Transferências de Convênios;555568,34;28974
2015;Prefeitura Municipal de Flores da Cunha - RS;4308201;RS;DCA-Anexo I-C;NA;Receitas Brutas Realizadas;RO1.7.6.2.00.00.00;1.7.6.2.00.00.00 - Transferências de Convênios dos Estados e do Distrito Federal e de Suas Entidades;555568,34;28974
2015;Prefeitura Municipal de Flores da Cunha - RS;4308201;RS;DCA-Anexo I-C;NA;Receitas Brutas Realizadas;RO1.7.6.2.02.00.00;1.7.6.2.02.00.00 - Transferências de Convênios dos Estados Destinadas a Programas de Educação;555568,34;28974
2015;Prefeitura Municipal de Flores da Cunha - RS;4308201;RS;DCA-Anexo I-C;NA;Receitas Brutas Realizadas;RO1.9.0.0.00.00.00;1.9.0.0.00.00.00 - Outras Receitas Correntes;1135695,83;28974
2015;Prefeitura Municipal de Flores da Cunha - RS;4308201;RS;DCA-Anexo I-C;NA;Receitas Brutas Realizadas;RO1.9.1.0.00.00.00;1.9.1.0.00.00.00 - Multas e Juros de Mora;277751,88;28974
2015;Prefeitura Municipal de Flores da Cunha - RS;4308201;RS;DCA-Anexo I-C;NA;Receitas Brutas Realizadas;RO1.9.1.1.00.00.00;1.9.1.1.00.00.00 - Multas e Juros de Mora dos Tributos;57978,80;28974
2015;Prefeitura Municipal de Flores da Cunha - RS;4308201;RS;DCA-Anexo I-C;NA;Receitas Brutas Realizadas;RO1.9.1.1.38.00.00;1.9.1.1.38.00.00 - Multas e Juros de Mora do Imposto sobre a Propriedade Predial e Territorial Urbana ¿ IPTU;16350,31;28974
2015;Prefeitura Municipal de Flores da Cunha - RS;4308201;RS;DCA-Anexo I-C;NA;Receitas Brutas Realizadas;RO1.9.1.1.40.00.00;1.9.1.1.40.00.00 - Multas e Juros de Mora do Imposto sobre Serviços de Qualquer Natureza ¿ ISS;31367,66;28974
2015;Prefeitura Municipal de Flores da Cunha - RS;4308201;RS;DCA-Anexo I-C;NA;Receitas Brutas Realizadas;RO1.9.1.1.99.00.00;1.9.1.1.99.00.00 - Multas e Juros de Mora de Outros Tributos;10260,83;28974
2015;Prefeitura Municipal de Flores da Cunha - RS;4308201;RS;DCA-Anexo I-C;NA;Receitas Brutas Realizadas;RO1.9.1.3.00.00.00;1.9.1.3.00.00.00 - Multas e Juros de Mora da Dívida Ativa dos Tributos;128491,46;28974
2015;Prefeitura Municipal de Flores da Cunha - RS;4308201;RS;DCA-Anexo I-C;NA;Receitas Brutas Realizadas;RO1.9.1.3.11.00.00;1.9.1.3.11.00.00 - Multas e Juros de Mora da Dívida Ativa do Imposto sobre a Propriedade Predial e Territorial Urbana ¿ IPTU;50174,59;28974
2015;Prefeitura Municipal de Flores da Cunha - RS;4308201;RS;DCA-Anexo I-C;NA;Receitas Brutas Realizadas;RO1.9.1.3.13.00.00;1.9.1.3.13.00.00 - Multas e Juros de Mora da Dívida Ativa do Imposto sobre Serviços de Qualquer Natureza ¿ ISS;34934,14;28974
2015;Prefeitura Municipal de Flores da Cunha - RS;4308201;RS;DCA-Anexo I-C;NA;Receitas Brutas Realizadas;RO1.9.1.3.98.00.00;1.9.1.3.98.00.00 - Multas e Juros de mora da Dívida Ativa das Contribuições de Melhoria;9534,85;28974
2015;Prefeitura Municipal de Flores da Cunha - RS;4308201;RS;DCA-Anexo I-C;NA;Receitas Brutas Realizadas;RO1.9.1.3.99.00.00;1.9.1.3.99.00.00 - Multas e Juros de Mora da Dívida Ativa de Outros Tributos;33847,88;28974
2015;Prefeitura Municipal de Flores da Cunha - RS;4308201;RS;DCA-Anexo I-C;NA;Receitas Brutas Realizadas;RO1.9.1.5.00.00.00;1.9.1.5.00.00.00 - Multas e Juros de Mora da Dívida Ativa de Outras Receitas;55095,28;28974
2015;Prefeitura Municipal de Flores da Cunha - RS;4308201;RS;DCA-Anexo I-C;NA;Receitas Brutas Realizadas;RO1.9.1.8.00.00.00;1.9.1.8.00.00.00 - Multas e Juros de Mora de Outras Receitas;1835,07;28974
2015;Prefeitura Municipal de Flores da Cunha - RS;4308201;RS;DCA-Anexo I-C;NA;Receitas Brutas Realizadas;RO1.9.1.9.00.00.00;1.9.1.9.00.00.00 - Multas de Outras Origens;34351,27;28974
2015;Prefeitura Municipal de Flores da Cunha - RS;4308201;RS;DCA-Anexo I-C;NA;Receitas Brutas Realizadas;RO1.9.2.0.00.00.00;1.9.2.0.00.00.00 - Indenizações e Restituições;484981,28;28974
2015;Prefeitura Municipal de Flores da Cunha - RS;4308201;RS;DCA-Anexo I-C;NA;Receitas Brutas Realizadas;RO1.9.2.1.00.00.00;1.9.2.1.00.00.00 - Indenizações;41655,90;28974
2015;Prefeitura Municipal de Flores da Cunha - RS;4308201;RS;DCA-Anexo I-C;NA;Receitas Brutas Realizadas;RO1.9.2.2.00.00.00;1.9.2.2.00.00.00 - Restituições;443325,38;28974
2015;Prefeitura Municipal de Flores da Cunha - RS;4308201;RS;DCA-Anexo I-C;NA;Receitas Brutas Realizadas;RO1.9.2.2.99.00.00;1.9.2.2.99.00.00 - Outras Restituições;443325,38;28974
2015;Prefeitura Municipal de Flores da Cunha - RS;4308201;RS;DCA-Anexo I-C;NA;Receitas Brutas Realizadas;RO1.9.3.0.00.00.00;1.9.3.0.00.00.00 - Receita da Dívida Ativa;356899,01;28974
2015;Prefeitura Municipal de Flores da Cunha - RS;4308201;RS;DCA-Anexo I-C;NA;Receitas Brutas Realizadas;RO1.9.3.1.00.00.00;1.9.3.1.00.00.00 - Receita da Dívida Ativa Tributária;304137,47;28974
2015;Prefeitura Municipal de Flores da Cunha - RS;4308201;RS;DCA-Anexo I-C;NA;Receitas Brutas Realizadas;RO1.9.3.1.11.00.00;1.9.3.1.11.00.00 - Receita da Dívida Ativa do Imposto sobre a Propriedade Predial e Territorial Urbana ¿ IPTU;159093,63;28974
2015;Prefeitura Municipal de Flores da Cunha - RS;4308201;RS;DCA-Anexo I-C;NA;Receitas Brutas Realizadas;RO1.9.3.1.13.00.00;1.9.3.1.13.00.00 - Receita da Dívida Ativa do Imposto sobre Serviços de Qualquer Natureza ¿ ISS;68935,27;28974
2015;Prefeitura Municipal de Flores da Cunha - RS;4308201;RS;DCA-Anexo I-C;NA;Receitas Brutas Realizadas;RO1.9.3.1.35.00.00;1.9.3.1.35.00.00 - Receita da Dívida Ativa da Taxa de Fiscalização e Vigilância Sanitária;1656,10;28974
2015;Prefeitura Municipal de Flores da Cunha - RS;4308201;RS;DCA-Anexo I-C;NA;Receitas Brutas Realizadas;RO1.9.3.1.98.00.00;1.9.3.1.98.00.00 - Receita da Dívida Ativa das Contribuições de Melhoria;2799,48;28974
2015;Prefeitura Municipal de Flores da Cunha - RS;4308201;RS;DCA-Anexo I-C;NA;Receitas Brutas Realizadas;RO1.9.3.1.99.00.00;1.9.3.1.99.00.00 - Receita da Dívida Ativa de Outros Tributos;71652,99;28974
2015;Prefeitura Municipal de Flores da Cunha - RS;4308201;RS;DCA-Anexo I-C;NA;Receitas Brutas Realizadas;RO1.9.3.2.00.00.00;1.9.3.2.00.00.00 - Receita da Dívida Ativa Não Tributária;52761,54;28974
2015;Prefeitura Municipal de Flores da Cunha - RS;4308201;RS;DCA-Anexo I-C;NA;Receitas Brutas Realizadas;RO1.9.9.0.00.00.00;1.9.9.0.00.00.00 - Receitas Diversas;16063,66;28974
2015;Prefeitura Municipal de Flores da Cunha - RS;4308201;RS;DCA-Anexo I-C;NA;Receitas Brutas Realizadas;RO2.0.0.0.00.00.00;2.0.0.0.00.00.00 - Receitas de Capital;4043257,87;28974
2015;Prefeitura Municipal de Flores da Cunha - RS;4308201;RS;DCA-Anexo I-C;NA;Receitas Brutas Realizadas;RO2.2.0.0.00.00.00;2.2.0.0.00.00.00 - Alienação de Bens;466251,98;28974
2015;Prefeitura Municipal de Flores da Cunha - RS;4308201;RS;DCA-Anexo I-C;NA;Receitas Brutas Realizadas;RO2.2.1.0.00.00.00;2.2.1.0.00.00.00 - Alienação de Bens Móveis;260837,14;28974
2015;Prefeitura Municipal de Flores da Cunha - RS;4308201;RS;DCA-Anexo I-C;NA;Receitas Brutas Realizadas;RO2.2.2.0.00.00.00;2.2.2.0.00.00.00 - Alienação de Bens Imóveis;205414,84;28974
2015;Prefeitura Municipal de Flores da Cunha - RS;4308201;RS;DCA-Anexo I-C;NA;Receitas Brutas Realizadas;RO2.3.0.0.00.00.00;2.3.0.0.00.00.00 - Amortização de Empréstimos;86775,38;28974
2015;Prefeitura Municipal de Flores da Cunha - RS;4308201;RS;DCA-Anexo I-C;NA;Receitas Brutas Realizadas;RO2.4.0.0.00.00.00;2.4.0.0.00.00.00 - Transferências de Capital;3490230,51;28974
2015;Prefeitura Municipal de Flores da Cunha - RS;4308201;RS;DCA-Anexo I-C;NA;Receitas Brutas Realizadas;RO2.4.2.0.00.00.00;2.4.2.0.00.00.00 - Transferências Intergovernamentais;643800,00;28974
2015;Prefeitura Municipal de Flores da Cunha - RS;4308201;RS;DCA-Anexo I-C;NA;Receitas Brutas Realizadas;RO2.4.2.1.00.00.00;2.4.2.1.00.00.00 - Transferências da União;643800,00;28974
2015;Prefeitura Municipal de Flores da Cunha - RS;4308201;RS;DCA-Anexo I-C;NA;Receitas Brutas Realizadas;RO2.4.2.1.01.00.00;2.4.2.1.01.00.00 - Participação na Receita da União;643800,00;28974
2015;Prefeitura Municipal de Flores da Cunha - RS;4308201;RS;DCA-Anexo I-C;NA;Receitas Brutas Realizadas;RO2.4.3.0.00.00.00;2.4.3.0.00.00.00 - Transferências de Instituições Privadas;747194,24;28974
2015;Prefeitura Municipal de Flores da Cunha - RS;4308201;RS;DCA-Anexo I-C;NA;Receitas Brutas Realizadas;RO2.4.7.0.00.00.00;2.4.7.0.00.00.00 - Transferências de Convênios;2099236,27;28974
2015;Prefeitura Municipal de Flores da Cunha - RS;4308201;RS;DCA-Anexo I-C;NA;Receitas Brutas Realizadas;RO2.4.7.1.00.00.00;2.4.7.1.00.00.00 - Transferências de Convênios da União e de suas Entidades;2099236,27;28974
2015;Prefeitura Municipal de Flores da Cunha - RS;4308201;RS;DCA-Anexo I-C;NA;Receitas Brutas Realizadas;RO2.4.7.1.99.00.00;2.4.7.1.99.00.00 - Outras Transferências de Convênios da União;2099236,27;28974
2015;Prefeitura Municipal de Flores da Cunha - RS;4308201;RS;DCA-Anexo I-C;NA;Receitas Brutas Realizadas;RI7.0.0.0.00.00.00;7.0.0.0.00.00.00 - Receitas Correntes Intraorçamentárias;5885143,66;28974
2015;Prefeitura Municipal de Flores da Cunha - RS;4308201;RS;DCA-Anexo I-C;NA;Receitas Brutas Realizadas;RI7.2.0.0.00.00.00;7.2.0.0.00.00.00 - Receitas de Contribuições Intraorçamentárias;5885143,66;28974
2015;Prefeitura Municipal de Flores da Cunha - RS;4308201;RS;DCA-Anexo I-C;NA;Receitas Brutas Realizadas;RI7.2.1.0.00.00.00;7.2.1.0.00.00.00 - Contribuições Sociais Intraorçamentárias;5885143,66;28974
2015;Prefeitura Municipal de Flores da Cunha - RS;4308201;RS;DCA-Anexo I-C;NA;Receitas Brutas Realizadas;RI7.2.1.0.29.00.00;7.2.1.0.29.00.00 - Contribuições para o Regime Próprio de Previdência do Servidor Público Intraorçamentárias;5885143,66;28974
2015;Prefeitura Municipal de Flores da Cunha - RS;4308201;RS;DCA-Anexo I-C;NA;Receitas Brutas Realizadas;RI7.2.1.0.29.01.00;7.2.1.0.29.01.00 - Contribuição Patronal de Servidor Ativo Civil para o Regime Próprio Intraorçamentária;2599934,64;28974
2015;Prefeitura Municipal de Flores da Cunha - RS;4308201;RS;DCA-Anexo I-C;NA;Receitas Brutas Realizadas;RI7.2.1.0.29.99.00;7.2.1.0.29.99.00 - Outras Contribuições para o Regime Próprio de Previdência do Servidor Público Intraorçamentárias;3285209,02;28974
2016;Prefeitura Municipal de Flores da Cunha - RS;4308201;RS;DCA-Anexo I-C;NA;Receitas Brutas Realizadas;TotalReceitas;Total Receitas;118161936,44;29196
2016;Prefeitura Municipal de Flores da Cunha - RS;4308201;RS;DCA-Anexo I-C;NA;Deduções - FUNDEB;TotalReceitas;Total Receitas;10936700,57;29196
2016;Prefeitura Municipal de Flores da Cunha - RS;4308201;RS;DCA-Anexo I-C;NA;Outras Deduções da Receita;TotalReceitas;Total Receitas;76168,54;29196
2016;Prefeitura Municipal de Flores da Cunha - RS;4308201;RS;DCA-Anexo I-C;NA;Receitas Brutas Realizadas;RO1.0.0.0.00.00.00;1.0.0.0.00.00.00 - Receitas Correntes;104183161,26;29196
2016;Prefeitura Municipal de Flores da Cunha - RS;4308201;RS;DCA-Anexo I-C;NA;Deduções - FUNDEB;RO1.0.0.0.00.00.00;1.0.0.0.00.00.00 - Receitas Correntes;10936700,57;29196
2016;Prefeitura Municipal de Flores da Cunha - RS;4308201;RS;DCA-Anexo I-C;NA;Outras Deduções da Receita;RO1.0.0.0.00.00.00;1.0.0.0.00.00.00 - Receitas Correntes;76168,54;29196
2016;Prefeitura Municipal de Flores da Cunha - RS;4308201;RS;DCA-Anexo I-C;NA;Receitas Brutas Realizadas;RO1.1.0.0.00.00.00;1.1.0.0.00.00.00 - Receita Tributária;14097560,26;29196
2016;Prefeitura Municipal de Flores da Cunha - RS;4308201;RS;DCA-Anexo I-C;NA;Deduções - FUNDEB;RO1.1.0.0.00.00.00;1.1.0.0.00.00.00 - Receita Tributária;18927,11;29196
2016;Prefeitura Municipal de Flores da Cunha - RS;4308201;RS;DCA-Anexo I-C;NA;Outras Deduções da Receita;RO1.1.0.0.00.00.00;1.1.0.0.00.00.00 - Receita Tributária;75312,51;29196
2016;Prefeitura Municipal de Flores da Cunha - RS;4308201;RS;DCA-Anexo I-C;NA;Receitas Brutas Realizadas;RO1.1.1.0.00.00.00;1.1.1.0.00.00.00 - Impostos;12125139,58;29196
2016;Prefeitura Municipal de Flores da Cunha - RS;4308201;RS;DCA-Anexo I-C;NA;Deduções - FUNDEB;RO1.1.1.0.00.00.00;1.1.1.0.00.00.00 - Impostos;18927,11;29196
2016;Prefeitura Municipal de Flores da Cunha - RS;4308201;RS;DCA-Anexo I-C;NA;Outras Deduções da Receita;RO1.1.1.0.00.00.00;1.1.1.0.00.00.00 - Impostos;75232,36;29196
2016;Prefeitura Municipal de Flores da Cunha - RS;4308201;RS;DCA-Anexo I-C;NA;Receitas Brutas Realizadas;RO1.1.1.2.00.00.00;1.1.1.2.00.00.00 - Impostos sobre o Patrimônio e a Renda;7464513,78;29196
2016;Prefeitura Municipal de Flores da Cunha - RS;4308201;RS;DCA-Anexo I-C;NA;Deduções - FUNDEB;RO1.1.1.2.00.00.00;1.1.1.2.00.00.00 - Impostos sobre o Patrimônio e a Renda;18927,11;29196
2016;Prefeitura Municipal de Flores da Cunha - RS;4308201;RS;DCA-Anexo I-C;NA;Outras Deduções da Receita;RO1.1.1.2.00.00.00;1.1.1.2.00.00.00 - Impostos sobre o Patrimônio e a Renda;70668,41;29196
2016;Prefeitura Municipal de Flores da Cunha - RS;4308201;RS;DCA-Anexo I-C;NA;Receitas Brutas Realizadas;RO1.1.1.2.01.00.00;1.1.1.2.01.00.00 - Imposto sobre a Propriedade Territorial Rural - ITR;94636,09;29196
2016;Prefeitura Municipal de Flores da Cunha - RS;4308201;RS;DCA-Anexo I-C;NA;Deduções - FUNDEB;RO1.1.1.2.01.00.00;1.1.1.2.01.00.00 - Imposto sobre a Propriedade Territorial Rural - ITR;18927,11;29196
2016;Prefeitura Municipal de Flores da Cunha - RS;4308201;RS;DCA-Anexo I-C;NA;Receitas Brutas Realizadas;RO1.1.1.2.02.00.00;1.1.1.2.02.00.00 - Imposto sobre a Propriedade Predial e Territorial Urbana ¿ IPTU;3451138,46;29196
2016;Prefeitura Municipal de Flores da Cunha - RS;4308201;RS;DCA-Anexo I-C;NA;Outras Deduções da Receita;RO1.1.1.2.02.00.00;1.1.1.2.02.00.00 - Imposto sobre a Propriedade Predial e Territorial Urbana ¿ IPTU;1883,92;29196
2016;Prefeitura Municipal de Flores da Cunha - RS;4308201;RS;DCA-Anexo I-C;NA;Receitas Brutas Realizadas;RO1.1.1.2.04.00.00;1.1.1.2.04.00.00 - Imposto sobre a Renda e Proventos de Qualquer Natureza ¿ IR;1763320,05;29196
2016;Prefeitura Municipal de Flores da Cunha - RS;4308201;RS;DCA-Anexo I-C;NA;Receitas Brutas Realizadas;RO1.1.1.2.04.31.00;1.1.1.2.04.31.00 - Retido nas Fontes - Trabalho;1763320,05;29196
2016;Prefeitura Municipal de Flores da Cunha - RS;4308201;RS;DCA-Anexo I-C;NA;Receitas Brutas Realizadas;RO1.1.1.2.08.00.00;"1.1.1.2.08.00.00 - Imposto sobre Transmissão ""Inter Vivos"" de Bens Imóveis e de Direitos Reais sobre Imóveis ¿ ITBI";2155419,18;29196
2016;Prefeitura Municipal de Flores da Cunha - RS;4308201;RS;DCA-Anexo I-C;NA;Outras Deduções da Receita;RO1.1.1.2.08.00.00;"1.1.1.2.08.00.00 - Imposto sobre Transmissão ""Inter Vivos"" de Bens Imóveis e de Direitos Reais sobre Imóveis ¿ ITBI";68784,49;29196
2016;Prefeitura Municipal de Flores da Cunha - RS;4308201;RS;DCA-Anexo I-C;NA;Receitas Brutas Realizadas;RO1.1.1.3.00.00.00;1.1.1.3.00.00.00 - Impostos sobre a Produção e a Circulação;4660625,80;29196
2016;Prefeitura Municipal de Flores da Cunha - RS;4308201;RS;DCA-Anexo I-C;NA;Outras Deduções da Receita;RO1.1.1.3.00.00.00;1.1.1.3.00.00.00 - Impostos sobre a Produção e a Circulação;4563,95;29196
2016;Prefeitura Municipal de Flores da Cunha - RS;4308201;RS;DCA-Anexo I-C;NA;Receitas Brutas Realizadas;RO1.1.1.3.05.00.00;1.1.1.3.05.00.00 - Imposto sobre Serviços de Qualquer Natureza ¿ ISSQN;4660625,80;29196
2016;Prefeitura Municipal de Flores da Cunha - RS;4308201;RS;DCA-Anexo I-C;NA;Outras Deduções da Receita;RO1.1.1.3.05.00.00;1.1.1.3.05.00.00 - Imposto sobre Serviços de Qualquer Natureza ¿ ISSQN;4563,95;29196
2016;Prefeitura Municipal de Flores da Cunha - RS;4308201;RS;DCA-Anexo I-C;NA;Receitas Brutas Realizadas;RO1.1.2.0.00.00.00;1.1.2.0.00.00.00 - Taxas;1972420,68;29196
2016;Prefeitura Municipal de Flores da Cunha - RS;4308201;RS;DCA-Anexo I-C;NA;Outras Deduções da Receita;RO1.1.2.0.00.00.00;1.1.2.0.00.00.00 - Taxas;80,15;29196
2016;Prefeitura Municipal de Flores da Cunha - RS;4308201;RS;DCA-Anexo I-C;NA;Receitas Brutas Realizadas;RO1.1.2.1.00.00.00;1.1.2.1.00.00.00 - Taxas pelo Exercício do Poder de Polícia;1034938,59;29196
2016;Prefeitura Municipal de Flores da Cunha - RS;4308201;RS;DCA-Anexo I-C;NA;Outras Deduções da Receita;RO1.1.2.1.00.00.00;1.1.2.1.00.00.00 - Taxas pelo Exercício do Poder de Polícia;76,55;29196
2016;Prefeitura Municipal de Flores da Cunha - RS;4308201;RS;DCA-Anexo I-C;NA;Receitas Brutas Realizadas;RO1.1.2.2.00.00.00;1.1.2.2.00.00.00 - Taxas pela Prestação de Serviços;937482,09;29196
2016;Prefeitura Municipal de Flores da Cunha - RS;4308201;RS;DCA-Anexo I-C;NA;Outras Deduções da Receita;RO1.1.2.2.00.00.00;1.1.2.2.00.00.00 - Taxas pela Prestação de Serviços;3,60;29196
2016;Prefeitura Municipal de Flores da Cunha - RS;4308201;RS;DCA-Anexo I-C;NA;Receitas Brutas Realizadas;RO1.1.2.2.12.00.00;1.1.2.2.12.00.00 - Emolumentos e Custas Processuais Administrativas;66064,06;29196
2016;Prefeitura Municipal de Flores da Cunha - RS;4308201;RS;DCA-Anexo I-C;NA;Outras Deduções da Receita;RO1.1.2.2.12.00.00;1.1.2.2.12.00.00 - Emolumentos e Custas Processuais Administrativas;3,60;29196
2016;Prefeitura Municipal de Flores da Cunha - RS;4308201;RS;DCA-Anexo I-C;NA;Receitas Brutas Realizadas;RO1.1.2.2.90.00.00;1.1.2.2.90.00.00 - Taxa de Limpeza Pública;871418,03;29196
2016;Prefeitura Municipal de Flores da Cunha - RS;4308201;RS;DCA-Anexo I-C;NA;Receitas Brutas Realizadas;RO1.2.0.0.00.00.00;1.2.0.0.00.00.00 - Receitas de Contribuições;2491530,07;29196
2016;Prefeitura Municipal de Flores da Cunha - RS;4308201;RS;DCA-Anexo I-C;NA;Receitas Brutas Realizadas;RO1.2.1.0.00.00.00;1.2.1.0.00.00.00 - Contribuições Sociais;2491530,07;29196
2016;Prefeitura Municipal de Flores da Cunha - RS;4308201;RS;DCA-Anexo I-C;NA;Receitas Brutas Realizadas;RO1.2.1.0.29.00.00;1.2.1.0.29.00.00 - Contribuições para o Regime Próprio de Previdência do Servidor Público;2481833,69;29196
2016;Prefeitura Municipal de Flores da Cunha - RS;4308201;RS;DCA-Anexo I-C;NA;Receitas Brutas Realizadas;RO1.2.1.0.29.07.00;1.2.1.0.29.07.00 - Contribuição do Servidor Ativo Civil para o Regime Próprio;2480369,65;29196
2016;Prefeitura Municipal de Flores da Cunha - RS;4308201;RS;DCA-Anexo I-C;NA;Receitas Brutas Realizadas;RO1.2.1.0.29.09.00;1.2.1.0.29.09.00 - Contribuições do Servidor Inativo Civil para o Regime Próprio;1464,04;29196
2016;Prefeitura Municipal de Flores da Cunha - RS;4308201;RS;DCA-Anexo I-C;NA;Receitas Brutas Realizadas;RO1.2.1.0.99.00.00;1.2.1.0.99.00.00 - Outras Contribuições Sociais;9696,38;29196
2016;Prefeitura Municipal de Flores da Cunha - RS;4308201;RS;DCA-Anexo I-C;NA;Receitas Brutas Realizadas;RO1.3.0.0.00.00.00;1.3.0.0.00.00.00 - Receita Patrimonial;12276756,39;29196
2016;Prefeitura Municipal de Flores da Cunha - RS;4308201;RS;DCA-Anexo I-C;NA;Receitas Brutas Realizadas;RO1.3.1.0.00.00.00;1.3.1.0.00.00.00 - Receitas Imobiliárias;585679,17;29196
2016;Prefeitura Municipal de Flores da Cunha - RS;4308201;RS;DCA-Anexo I-C;NA;Receitas Brutas Realizadas;RO1.3.1.1.00.00.00;1.3.1.1.00.00.00 - Aluguéis;134798,63;29196
2016;Prefeitura Municipal de Flores da Cunha - RS;4308201;RS;DCA-Anexo I-C;NA;Receitas Brutas Realizadas;RO1.3.1.2.00.00.00;1.3.1.2.00.00.00 - Arrendamentos;450880,54;29196
2016;Prefeitura Municipal de Flores da Cunha - RS;4308201;RS;DCA-Anexo I-C;NA;Receitas Brutas Realizadas;RO1.3.2.0.00.00.00;1.3.2.0.00.00.00 - Receitas de Valores Mobiliários;11254698,90;29196
2016;Prefeitura Municipal de Flores da Cunha - RS;4308201;RS;DCA-Anexo I-C;NA;Receitas Brutas Realizadas;RO1.3.2.2.00.00.00;1.3.2.2.00.00.00 - Dividendos;50325,94;29196
2016;Prefeitura Municipal de Flores da Cunha - RS;4308201;RS;DCA-Anexo I-C;NA;Receitas Brutas Realizadas;RO1.3.2.5.00.00.00;1.3.2.5.00.00.00 - Remuneração de Depósitos Bancários;1392907,76;29196
2016;Prefeitura Municipal de Flores da Cunha - RS;4308201;RS;DCA-Anexo I-C;NA;Receitas Brutas Realizadas;RO1.3.2.8.00.00.00;1.3.2.8.00.00.00 - Remuneração dos Investimentos do Regime Próprio de Previdência do Servidor;9811465,20;29196
2016;Prefeitura Municipal de Flores da Cunha - RS;4308201;RS;DCA-Anexo I-C;NA;Receitas Brutas Realizadas;RO1.3.6.0.00.00.00;1.3.6.0.00.00.00 - Receita da Cessão de Direitos;436378,32;29196
2016;Prefeitura Municipal de Flores da Cunha - RS;4308201;RS;DCA-Anexo I-C;NA;Receitas Brutas Realizadas;RO1.6.0.0.00.00.00;1.6.0.0.00.00.00 - Receita de Serviços;137375,97;29196
2016;Prefeitura Municipal de Flores da Cunha - RS;4308201;RS;DCA-Anexo I-C;NA;Receitas Brutas Realizadas;RO1.6.0.0.01.00.00;1.6.0.0.01.00.00 - Serviços Comerciais;59161,50;29196
2016;Prefeitura Municipal de Flores da Cunha - RS;4308201;RS;DCA-Anexo I-C;NA;Receitas Brutas Realizadas;RO1.6.0.0.13.00.00;1.6.0.0.13.00.00 - Serviços Administrativos;36711,86;29196
2016;Prefeitura Municipal de Flores da Cunha - RS;4308201;RS;DCA-Anexo I-C;NA;Receitas Brutas Realizadas;RO1.6.0.0.17.00.00;1.6.0.0.17.00.00 - Serviços Agropecuários;3714,45;29196
2016;Prefeitura Municipal de Flores da Cunha - RS;4308201;RS;DCA-Anexo I-C;NA;Receitas Brutas Realizadas;RO1.6.0.0.99.00.00;1.6.0.0.99.00.00 - Outros Serviços;37788,16;29196
2016;Prefeitura Municipal de Flores da Cunha - RS;4308201;RS;DCA-Anexo I-C;NA;Receitas Brutas Realizadas;RO1.7.0.0.00.00.00;1.7.0.0.00.00.00 - Transferências Correntes;73852096,88;29196
2016;Prefeitura Municipal de Flores da Cunha - RS;4308201;RS;DCA-Anexo I-C;NA;Deduções - FUNDEB;RO1.7.0.0.00.00.00;1.7.0.0.00.00.00 - Transferências Correntes;10917773,46;29196
2016;Prefeitura Municipal de Flores da Cunha - RS;4308201;RS;DCA-Anexo I-C;NA;Outras Deduções da Receita;RO1.7.0.0.00.00.00;1.7.0.0.00.00.00 - Transferências Correntes;856,03;29196
2016;Prefeitura Municipal de Flores da Cunha - RS;4308201;RS;DCA-Anexo I-C;NA;Receitas Brutas Realizadas;RO1.7.2.0.00.00.00;1.7.2.0.00.00.00 - Transferências Intergovernamentais;73274143,95;29196
2016;Prefeitura Municipal de Flores da Cunha - RS;4308201;RS;DCA-Anexo I-C;NA;Deduções - FUNDEB;RO1.7.2.0.00.00.00;1.7.2.0.00.00.00 - Transferências Intergovernamentais;10917773,46;29196
2016;Prefeitura Municipal de Flores da Cunha - RS;4308201;RS;DCA-Anexo I-C;NA;Outras Deduções da Receita;RO1.7.2.0.00.00.00;1.7.2.0.00.00.00 - Transferências Intergovernamentais;856,03;29196
2016;Prefeitura Municipal de Flores da Cunha - RS;4308201;RS;DCA-Anexo I-C;NA;Receitas Brutas Realizadas;RO1.7.2.1.00.00.00;1.7.2.1.00.00.00 - Transferências da União;24416934,48;29196
2016;Prefeitura Municipal de Flores da Cunha - RS;4308201;RS;DCA-Anexo I-C;NA;Deduções - FUNDEB;RO1.7.2.1.00.00.00;1.7.2.1.00.00.00 - Transferências da União;3430444,10;29196
2016;Prefeitura Municipal de Flores da Cunha - RS;4308201;RS;DCA-Anexo I-C;NA;Receitas Brutas Realizadas;RO1.7.2.1.01.00.00;1.7.2.1.01.00.00 - Participação na Receita da União;18196703,67;29196
2016;Prefeitura Municipal de Flores da Cunha - RS;4308201;RS;DCA-Anexo I-C;NA;Deduções - FUNDEB;RO1.7.2.1.01.00.00;1.7.2.1.01.00.00 - Participação na Receita da União;3430444,10;29196
2016;Prefeitura Municipal de Flores da Cunha - RS;4308201;RS;DCA-Anexo I-C;NA;Receitas Brutas Realizadas;RO1.7.2.1.01.02.00;1.7.2.1.01.02.00 - Cota-Parte do Fundo de Participação dos Municípios ¿ FPM;16946109,30;29196
2016;Prefeitura Municipal de Flores da Cunha - RS;4308201;RS;DCA-Anexo I-C;NA;Deduções - FUNDEB;RO1.7.2.1.01.02.00;1.7.2.1.01.02.00 - Cota-Parte do Fundo de Participação dos Municípios ¿ FPM;3389221,56;29196
2016;Prefeitura Municipal de Flores da Cunha - RS;4308201;RS;DCA-Anexo I-C;NA;Receitas Brutas Realizadas;RO1.7.2.1.01.03.00;1.7.2.1.01.03.00 - Cota-Parte do Fundo de Participação dos Municípios - 1% Cota Anual;749213,60;29196
2016;Prefeitura Municipal de Flores da Cunha - RS;4308201;RS;DCA-Anexo I-C;NA;Deduções - FUNDEB;RO1.7.2.1.01.03.00;1.7.2.1.01.03.00 - Cota-Parte do Fundo de Participação dos Municípios - 1% Cota Anual;41222,54;29196
2016;Prefeitura Municipal de Flores da Cunha - RS;4308201;RS;DCA-Anexo I-C;NA;Receitas Brutas Realizadas;RO1.7.2.1.01.04.00;1.7.2.1.01.04.00 - Cota-Parte do Fundo de Participação dos Municípios - 1% Cota entregue no mês de julho (67)(I);501380,77;29196
2016;Prefeitura Municipal de Flores da Cunha - RS;4308201;RS;DCA-Anexo I-C;NA;Receitas Brutas Realizadas;RO1.7.2.1.22.00.00;1.7.2.1.22.00.00 - Transferências da Compensação Financeira pela Exploração de Recursos Naturais;380307,10;29196
2016;Prefeitura Municipal de Flores da Cunha - RS;4308201;RS;DCA-Anexo I-C;NA;Receitas Brutas Realizadas;RO1.7.2.1.22.11.00;1.7.2.1.22.11.00 - Cota-Parte da Compensação Financeira de Recursos Hídricos;102219,86;29196
2016;Prefeitura Municipal de Flores da Cunha - RS;4308201;RS;DCA-Anexo I-C;NA;Receitas Brutas Realizadas;RO1.7.2.1.22.20.00;1.7.2.1.22.20.00 - Cota-Parte da Compensação Financeira de Recursos Minerais - CFEM;135514,10;29196
2016;Prefeitura Municipal de Flores da Cunha - RS;4308201;RS;DCA-Anexo I-C;NA;Receitas Brutas Realizadas;RO1.7.2.1.22.70.00;1.7.2.1.22.70.00 - Cota-Parte do Fundo Especial do Petróleo ¿ FEP;142573,14;29196
2016;Prefeitura Municipal de Flores da Cunha - RS;4308201;RS;DCA-Anexo I-C;NA;Receitas Brutas Realizadas;RO1.7.2.1.33.00.00;1.7.2.1.33.00.00 - Transferências de Recursos do Sistema Único de Saúde - SUS - Repasses Fundo a Fundo;3838197,91;29196
2016;Prefeitura Municipal de Flores da Cunha - RS;4308201;RS;DCA-Anexo I-C;NA;Receitas Brutas Realizadas;RO1.7.2.1.34.00.00;1.7.2.1.34.00.00 - Transferências de Recursos do Fundo Nacional de Assistência Social ¿ FNAS;209891,94;29196
2016;Prefeitura Municipal de Flores da Cunha - RS;4308201;RS;DCA-Anexo I-C;NA;Receitas Brutas Realizadas;RO1.7.2.1.35.00.00;1.7.2.1.35.00.00 - Transferências de Recursos do Fundo Nacional do Desenvolvimento da Educação ¿ FNDE;1224838,39;29196
2016;Prefeitura Municipal de Flores da Cunha - RS;4308201;RS;DCA-Anexo I-C;NA;Receitas Brutas Realizadas;RO1.7.2.1.36.00.00;1.7.2.1.36.00.00 - Transferências Financeiras do ICMS ¿ Desoneração ¿ L.C. Nº 87/96;206113,08;29196
2016;Prefeitura Municipal de Flores da Cunha - RS;4308201;RS;DCA-Anexo I-C;NA;Receitas Brutas Realizadas;RO1.7.2.1.99.00.00;1.7.2.1.99.00.00 - Outras Transferências da União;360882,39;29196
2016;Prefeitura Municipal de Flores da Cunha - RS;4308201;RS;DCA-Anexo I-C;NA;Receitas Brutas Realizadas;RO1.7.2.2.00.00.00;1.7.2.2.00.00.00 - Transferências dos Estados;39170729,54;29196
2016;Prefeitura Municipal de Flores da Cunha - RS;4308201;RS;DCA-Anexo I-C;NA;Deduções - FUNDEB;RO1.7.2.2.00.00.00;1.7.2.2.00.00.00 - Transferências dos Estados;7487329,36;29196
2016;Prefeitura Municipal de Flores da Cunha - RS;4308201;RS;DCA-Anexo I-C;NA;Outras Deduções da Receita;RO1.7.2.2.00.00.00;1.7.2.2.00.00.00 - Transferências dos Estados;856,03;29196
2016;Prefeitura Municipal de Flores da Cunha - RS;4308201;RS;DCA-Anexo I-C;NA;Receitas Brutas Realizadas;RO1.7.2.2.01.00.00;1.7.2.2.01.00.00 - Participação na Receita dos Estados;37480638,15;29196
2016;Prefeitura Municipal de Flores da Cunha - RS;4308201;RS;DCA-Anexo I-C;NA;Deduções - FUNDEB;RO1.7.2.2.01.00.00;1.7.2.2.01.00.00 - Participação na Receita dos Estados;7487329,36;29196
2016;Prefeitura Municipal de Flores da Cunha - RS;4308201;RS;DCA-Anexo I-C;NA;Outras Deduções da Receita;RO1.7.2.2.01.00.00;1.7.2.2.01.00.00 - Participação na Receita dos Estados;856,03;29196
2016;Prefeitura Municipal de Flores da Cunha - RS;4308201;RS;DCA-Anexo I-C;NA;Receitas Brutas Realizadas;RO1.7.2.2.01.01.00;1.7.2.2.01.01.00 - Cota-Parte do ICMS;31716974,73;29196
2016;Prefeitura Municipal de Flores da Cunha - RS;4308201;RS;DCA-Anexo I-C;NA;Deduções - FUNDEB;RO1.7.2.2.01.01.00;1.7.2.2.01.01.00 - Cota-Parte do ICMS;6343394,79;29196
2016;Prefeitura Municipal de Flores da Cunha - RS;4308201;RS;DCA-Anexo I-C;NA;Receitas Brutas Realizadas;RO1.7.2.2.01.02.00;1.7.2.2.01.02.00 - Cota-Parte do IPVA;5323533,36;29196
2016;Prefeitura Municipal de Flores da Cunha - RS;4308201;RS;DCA-Anexo I-C;NA;Deduções - FUNDEB;RO1.7.2.2.01.02.00;1.7.2.2.01.02.00 - Cota-Parte do IPVA;1064706,27;29196
2016;Prefeitura Municipal de Flores da Cunha - RS;4308201;RS;DCA-Anexo I-C;NA;Outras Deduções da Receita;RO1.7.2.2.01.02.00;1.7.2.2.01.02.00 - Cota-Parte do IPVA;856,03;29196
2016;Prefeitura Municipal de Flores da Cunha - RS;4308201;RS;DCA-Anexo I-C;NA;Receitas Brutas Realizadas;RO1.7.2.2.01.04.00;1.7.2.2.01.04.00 - Cota-Parte do IPI - Municípios;396142,10;29196
2016;Prefeitura Municipal de Flores da Cunha - RS;4308201;RS;DCA-Anexo I-C;NA;Deduções - FUNDEB;RO1.7.2.2.01.04.00;1.7.2.2.01.04.00 - Cota-Parte do IPI - Municípios;79228,30;29196
2016;Prefeitura Municipal de Flores da Cunha - RS;4308201;RS;DCA-Anexo I-C;NA;Receitas Brutas Realizadas;RO1.7.2.2.01.13.00;1.7.2.2.01.13.00 - Cota-Parte da Contribuição de Intervenção no Domínio Econômico;43987,96;29196
2016;Prefeitura Municipal de Flores da Cunha - RS;4308201;RS;DCA-Anexo I-C;NA;Receitas Brutas Realizadas;RO1.7.2.2.33.00.00;1.7.2.2.33.00.00 - Transferências de Recursos do Estado para Programas de Saúde - Repasse Fundo a Fundo;1463649,88;29196
2016;Prefeitura Municipal de Flores da Cunha - RS;4308201;RS;DCA-Anexo I-C;NA;Receitas Brutas Realizadas;RO1.7.2.2.99.00.00;1.7.2.2.99.00.00 - Outras Transferências dos Estados;226441,51;29196
2016;Prefeitura Municipal de Flores da Cunha - RS;4308201;RS;DCA-Anexo I-C;NA;Receitas Brutas Realizadas;RO1.7.2.4.00.00.00;1.7.2.4.00.00.00 - Transferências Multigovernamentais;9686479,93;29196
2016;Prefeitura Municipal de Flores da Cunha - RS;4308201;RS;DCA-Anexo I-C;NA;Receitas Brutas Realizadas;RO1.7.2.4.01.00.00;1.7.2.4.01.00.00 - Transferências de Recursos do Fundo de Manutenção e Desenvolvimento do Ensino Fundamental e de Valorização do Magistério - FUNDEB;9686479,93;29196
2016;Prefeitura Municipal de Flores da Cunha - RS;4308201;RS;DCA-Anexo I-C;NA;Receitas Brutas Realizadas;RO1.7.3.0.00.00.00;1.7.3.0.00.00.00 - Transferências de Instituições Privadas;60199,06;29196
2016;Prefeitura Municipal de Flores da Cunha - RS;4308201;RS;DCA-Anexo I-C;NA;Receitas Brutas Realizadas;RO1.7.5.0.00.00.00;1.7.5.0.00.00.00 - Transferências de Pessoas;3700,00;29196
2016;Prefeitura Municipal de Flores da Cunha - RS;4308201;RS;DCA-Anexo I-C;NA;Receitas Brutas Realizadas;RO1.7.6.0.00.00.00;1.7.6.0.00.00.00 - Transferências de Convênios;514053,87;29196
2016;Prefeitura Municipal de Flores da Cunha - RS;4308201;RS;DCA-Anexo I-C;NA;Receitas Brutas Realizadas;RO1.7.6.2.00.00.00;1.7.6.2.00.00.00 - Transferências de Convênios dos Estados e do Distrito Federal e de Suas Entidades;489548,54;29196
2016;Prefeitura Municipal de Flores da Cunha - RS;4308201;RS;DCA-Anexo I-C;NA;Receitas Brutas Realizadas;RO1.7.6.2.02.00.00;1.7.6.2.02.00.00 - Transferências de Convênios dos Estados Destinadas a Programas de Educação;489548,54;29196
2016;Prefeitura Municipal de Flores da Cunha - RS;4308201;RS;DCA-Anexo I-C;NA;Receitas Brutas Realizadas;RO1.7.6.4.00.00.00;1.7.6.4.00.00.00 - Transferências de Convênios de Instituições Privadas;24505,33;29196
2016;Prefeitura Municipal de Flores da Cunha - RS;4308201;RS;DCA-Anexo I-C;NA;Receitas Brutas Realizadas;RO1.9.0.0.00.00.00;1.9.0.0.00.00.00 - Outras Receitas Correntes;1327841,69;29196
2016;Prefeitura Municipal de Flores da Cunha - RS;4308201;RS;DCA-Anexo I-C;NA;Receitas Brutas Realizadas;RO1.9.1.0.00.00.00;1.9.1.0.00.00.00 - Multas e Juros de Mora;259954,91;29196
2016;Prefeitura Municipal de Flores da Cunha - RS;4308201;RS;DCA-Anexo I-C;NA;Receitas Brutas Realizadas;RO1.9.1.1.00.00.00;1.9.1.1.00.00.00 - Multas e Juros de Mora dos Tributos;67692,62;29196
2016;Prefeitura Municipal de Flores da Cunha - RS;4308201;RS;DCA-Anexo I-C;NA;Receitas Brutas Realizadas;RO1.9.1.1.38.00.00;1.9.1.1.38.00.00 - Multas e Juros de Mora do Imposto sobre a Propriedade Predial e Territorial Urbana ¿ IPTU;14033,51;29196
2016;Prefeitura Municipal de Flores da Cunha - RS;4308201;RS;DCA-Anexo I-C;NA;Receitas Brutas Realizadas;RO1.9.1.1.40.00.00;1.9.1.1.40.00.00 - Multas e Juros de Mora do Imposto sobre Serviços de Qualquer Natureza ¿ ISS;44766,52;29196
2016;Prefeitura Municipal de Flores da Cunha - RS;4308201;RS;DCA-Anexo I-C;NA;Receitas Brutas Realizadas;RO1.9.1.1.99.00.00;1.9.1.1.99.00.00 - Multas e Juros de Mora de Outros Tributos;8892,59;29196
2016;Prefeitura Municipal de Flores da Cunha - RS;4308201;RS;DCA-Anexo I-C;NA;Receitas Brutas Realizadas;RO1.9.1.3.00.00.00;1.9.1.3.00.00.00 - Multas e Juros de Mora da Dívida Ativa dos Tributos;102349,90;29196
2016;Prefeitura Municipal de Flores da Cunha - RS;4308201;RS;DCA-Anexo I-C;NA;Receitas Brutas Realizadas;RO1.9.1.3.11.00.00;1.9.1.3.11.00.00 - Multas e Juros de Mora da Dívida Ativa do Imposto sobre a Propriedade Predial e Territorial Urbana ¿ IPTU;49674,40;29196
2016;Prefeitura Municipal de Flores da Cunha - RS;4308201;RS;DCA-Anexo I-C;NA;Receitas Brutas Realizadas;RO1.9.1.3.13.00.00;1.9.1.3.13.00.00 - Multas e Juros de Mora da Dívida Ativa do Imposto sobre Serviços de Qualquer Natureza ¿ ISS;25646,07;29196
2016;Prefeitura Municipal de Flores da Cunha - RS;4308201;RS;DCA-Anexo I-C;NA;Receitas Brutas Realizadas;RO1.9.1.3.98.00.00;1.9.1.3.98.00.00 - Multas e Juros de mora da Dívida Ativa das Contribuições de Melhoria;932,38;29196
2016;Prefeitura Municipal de Flores da Cunha - RS;4308201;RS;DCA-Anexo I-C;NA;Receitas Brutas Realizadas;RO1.9.1.3.99.00.00;1.9.1.3.99.00.00 - Multas e Juros de Mora da Dívida Ativa de Outros Tributos;26097,05;29196
2016;Prefeitura Municipal de Flores da Cunha - RS;4308201;RS;DCA-Anexo I-C;NA;Receitas Brutas Realizadas;RO1.9.1.5.00.00.00;1.9.1.5.00.00.00 - Multas e Juros de Mora da Dívida Ativa de Outras Receitas;55116,64;29196
2016;Prefeitura Municipal de Flores da Cunha - RS;4308201;RS;DCA-Anexo I-C;NA;Receitas Brutas Realizadas;RO1.9.1.5.99.00.00;1.9.1.5.99.00.00 - Outras Multas e Juros de Mora da Dívida Ativa de Outras Receitas;55116,64;29196
2016;Prefeitura Municipal de Flores da Cunha - RS;4308201;RS;DCA-Anexo I-C;NA;Receitas Brutas Realizadas;RO1.9.1.8.00.00.00;1.9.1.8.00.00.00 - Multas e Juros de Mora de Outras Receitas;7318,59;29196
2016;Prefeitura Municipal de Flores da Cunha - RS;4308201;RS;DCA-Anexo I-C;NA;Receitas Brutas Realizadas;RO1.9.1.8.99.00.00;1.9.1.8.99.00.00 - Outras Multas e Juros de Mora;7318,59;29196
2016;Prefeitura Municipal de Flores da Cunha - RS;4308201;RS;DCA-Anexo I-C;NA;Receitas Brutas Realizadas;RO1.9.1.9.00.00.00;1.9.1.9.00.00.00 - Multas de Outras Origens;27477,16;29196
2016;Prefeitura Municipal de Flores da Cunha - RS;4308201;RS;DCA-Anexo I-C;NA;Receitas Brutas Realizadas;RO1.9.2.0.00.00.00;1.9.2.0.00.00.00 - Indenizações e Restituições;729122,99;29196
2016;Prefeitura Municipal de Flores da Cunha - RS;4308201;RS;DCA-Anexo I-C;NA;Receitas Brutas Realizadas;RO1.9.2.1.00.00.00;1.9.2.1.00.00.00 - Indenizações;12654,49;29196
2016;Prefeitura Municipal de Flores da Cunha - RS;4308201;RS;DCA-Anexo I-C;NA;Receitas Brutas Realizadas;RO1.9.2.2.00.00.00;1.9.2.2.00.00.00 - Restituições;716468,50;29196
2016;Prefeitura Municipal de Flores da Cunha - RS;4308201;RS;DCA-Anexo I-C;NA;Receitas Brutas Realizadas;RO1.9.2.2.99.00.00;1.9.2.2.99.00.00 - Outras Restituições;716468,50;29196
2016;Prefeitura Municipal de Flores da Cunha - RS;4308201;RS;DCA-Anexo I-C;NA;Receitas Brutas Realizadas;RO1.9.3.0.00.00.00;1.9.3.0.00.00.00 - Receita da Dívida Ativa;276522,47;29196
2016;Prefeitura Municipal de Flores da Cunha - RS;4308201;RS;DCA-Anexo I-C;NA;Receitas Brutas Realizadas;RO1.9.3.1.00.00.00;1.9.3.1.00.00.00 - Receita da Dívida Ativa Tributária;250124,25;29196
2016;Prefeitura Municipal de Flores da Cunha - RS;4308201;RS;DCA-Anexo I-C;NA;Receitas Brutas Realizadas;RO1.9.3.1.11.00.00;1.9.3.1.11.00.00 - Receita da Dívida Ativa do Imposto sobre a Propriedade Predial e Territorial Urbana ¿ IPTU;137872,39;29196
2016;Prefeitura Municipal de Flores da Cunha - RS;4308201;RS;DCA-Anexo I-C;NA;Receitas Brutas Realizadas;RO1.9.3.1.13.00.00;1.9.3.1.13.00.00 - Receita da Dívida Ativa do Imposto sobre Serviços de Qualquer Natureza ¿ ISS;59209,11;29196
2016;Prefeitura Municipal de Flores da Cunha - RS;4308201;RS;DCA-Anexo I-C;NA;Receitas Brutas Realizadas;RO1.9.3.1.35.00.00;1.9.3.1.35.00.00 - Receita da Dívida Ativa da Taxa de Fiscalização e Vigilância Sanitária;802,90;29196
2016;Prefeitura Municipal de Flores da Cunha - RS;4308201;RS;DCA-Anexo I-C;NA;Receitas Brutas Realizadas;RO1.9.3.1.98.00.00;1.9.3.1.98.00.00 - Receita da Dívida Ativa das Contribuições de Melhoria;309,76;29196
2016;Prefeitura Municipal de Flores da Cunha - RS;4308201;RS;DCA-Anexo I-C;NA;Receitas Brutas Realizadas;RO1.9.3.1.99.00.00;1.9.3.1.99.00.00 - Receita da Dívida Ativa de Outros Tributos;51930,09;29196
2016;Prefeitura Municipal de Flores da Cunha - RS;4308201;RS;DCA-Anexo I-C;NA;Receitas Brutas Realizadas;RO1.9.3.2.00.00.00;1.9.3.2.00.00.00 - Receita da Dívida Ativa Não Tributária;26398,22;29196
2016;Prefeitura Municipal de Flores da Cunha - RS;4308201;RS;DCA-Anexo I-C;NA;Receitas Brutas Realizadas;RO1.9.3.2.11.00.00;1.9.3.2.11.00.00 - Receita da Dívida Ativa de Aluguéis;1611,75;29196
2016;Prefeitura Municipal de Flores da Cunha - RS;4308201;RS;DCA-Anexo I-C;NA;Receitas Brutas Realizadas;RO1.9.3.2.14.00.00;1.9.3.2.14.00.00 - Receita da Dívida Ativa de Arrendamento;853,51;29196
2016;Prefeitura Municipal de Flores da Cunha - RS;4308201;RS;DCA-Anexo I-C;NA;Receitas Brutas Realizadas;RO1.9.3.2.99.00.00;1.9.3.2.99.00.00 - Receita da Dívida Ativa Não Tributária de Outras Receitas;23932,96;29196
2016;Prefeitura Municipal de Flores da Cunha - RS;4308201;RS;DCA-Anexo I-C;NA;Receitas Brutas Realizadas;RO1.9.9.0.00.00.00;1.9.9.0.00.00.00 - Receitas Diversas;62241,32;29196
2016;Prefeitura Municipal de Flores da Cunha - RS;4308201;RS;DCA-Anexo I-C;NA;Receitas Brutas Realizadas;RO1.9.9.0.02.00.00;1.9.9.0.02.00.00 - Encargos Legais pela Inscrição em Dívida Ativa e Receitas de Ônus de Sucumbência;987,63;29196
2016;Prefeitura Municipal de Flores da Cunha - RS;4308201;RS;DCA-Anexo I-C;NA;Receitas Brutas Realizadas;RO1.9.9.0.99.00.00;1.9.9.0.99.00.00 - Outras Receitas;61253,69;29196
2016;Prefeitura Municipal de Flores da Cunha - RS;4308201;RS;DCA-Anexo I-C;NA;Receitas Brutas Realizadas;RO2.0.0.0.00.00.00;2.0.0.0.00.00.00 - Receitas de Capital;7187577,24;29196
2016;Prefeitura Municipal de Flores da Cunha - RS;4308201;RS;DCA-Anexo I-C;NA;Receitas Brutas Realizadas;RO2.1.0.0.00.00.00;2.1.0.0.00.00.00 - Operações de Crédito;3264804,13;29196
2016;Prefeitura Municipal de Flores da Cunha - RS;4308201;RS;DCA-Anexo I-C;NA;Receitas Brutas Realizadas;RO2.1.1.0.00.00.00;2.1.1.0.00.00.00 - Operações de Crédito Internas;3264804,13;29196
2016;Prefeitura Municipal de Flores da Cunha - RS;4308201;RS;DCA-Anexo I-C;NA;Receitas Brutas Realizadas;RO2.2.0.0.00.00.00;2.2.0.0.00.00.00 - Alienação de Bens;225238,41;29196
2016;Prefeitura Municipal de Flores da Cunha - RS;4308201;RS;DCA-Anexo I-C;NA;Receitas Brutas Realizadas;RO2.2.2.0.00.00.00;2.2.2.0.00.00.00 - Alienação de Bens Imóveis;225238,41;29196
2016;Prefeitura Municipal de Flores da Cunha - RS;4308201;RS;DCA-Anexo I-C;NA;Receitas Brutas Realizadas;RO2.3.0.0.00.00.00;2.3.0.0.00.00.00 - Amortização de Empréstimos;89348,34;29196
2016;Prefeitura Municipal de Flores da Cunha - RS;4308201;RS;DCA-Anexo I-C;NA;Receitas Brutas Realizadas;RO2.4.0.0.00.00.00;2.4.0.0.00.00.00 - Transferências de Capital;3608186,36;29196
2016;Prefeitura Municipal de Flores da Cunha - RS;4308201;RS;DCA-Anexo I-C;NA;Receitas Brutas Realizadas;RO2.4.2.0.00.00.00;2.4.2.0.00.00.00 - Transferências Intergovernamentais;589592,00;29196
2016;Prefeitura Municipal de Flores da Cunha - RS;4308201;RS;DCA-Anexo I-C;NA;Receitas Brutas Realizadas;RO2.4.2.1.00.00.00;2.4.2.1.00.00.00 - Transferências da União;589592,00;29196
2016;Prefeitura Municipal de Flores da Cunha - RS;4308201;RS;DCA-Anexo I-C;NA;Receitas Brutas Realizadas;RO2.4.2.1.01.00.00;2.4.2.1.01.00.00 - Participação na Receita da União;589592,00;29196
2016;Prefeitura Municipal de Flores da Cunha - RS;4308201;RS;DCA-Anexo I-C;NA;Receitas Brutas Realizadas;RO2.4.3.0.00.00.00;2.4.3.0.00.00.00 - Transferências de Instituições Privadas;716818,15;29196
2016;Prefeitura Municipal de Flores da Cunha - RS;4308201;RS;DCA-Anexo I-C;NA;Receitas Brutas Realizadas;RO2.4.7.0.00.00.00;2.4.7.0.00.00.00 - Transferências de Convênios;2301776,21;29196
2016;Prefeitura Municipal de Flores da Cunha - RS;4308201;RS;DCA-Anexo I-C;NA;Receitas Brutas Realizadas;RO2.4.7.3.00.00.00;2.4.7.3.00.00.00 - Transferências de Convênios dos Municípios e de suas Entidades;2301776,21;29196
2016;Prefeitura Municipal de Flores da Cunha - RS;4308201;RS;DCA-Anexo I-C;NA;Receitas Brutas Realizadas;RO2.4.7.3.99.00.00;2.4.7.3.99.00.00 - Outras Transferências de Convênios dos Municípios;2301776,21;29196
2016;Prefeitura Municipal de Flores da Cunha - RS;4308201;RS;DCA-Anexo I-C;NA;Receitas Brutas Realizadas;RI7.0.0.0.00.00.00;7.0.0.0.00.00.00 - Receitas Correntes Intraorçamentárias;6791197,94;29196
2016;Prefeitura Municipal de Flores da Cunha - RS;4308201;RS;DCA-Anexo I-C;NA;Receitas Brutas Realizadas;RI7.2.0.0.00.00.00;7.2.0.0.00.00.00 - Receitas de Contribuições Intraorçamentárias;6791197,94;29196
2016;Prefeitura Municipal de Flores da Cunha - RS;4308201;RS;DCA-Anexo I-C;NA;Receitas Brutas Realizadas;RI7.2.1.0.00.00.00;7.2.1.0.00.00.00 - Contribuições Sociais Intraorçamentárias;6791197,94;29196
2016;Prefeitura Municipal de Flores da Cunha - RS;4308201;RS;DCA-Anexo I-C;NA;Receitas Brutas Realizadas;RI7.2.1.0.29.00.00;7.2.1.0.29.00.00 - Contribuições para o Regime Próprio de Previdência do Servidor Público Intraorçamentárias;6791197,94;29196
2016;Prefeitura Municipal de Flores da Cunha - RS;4308201;RS;DCA-Anexo I-C;NA;Receitas Brutas Realizadas;RI7.2.1.0.29.01.00;7.2.1.0.29.01.00 - Contribuição Patronal de Servidor Ativo Civil para o Regime Próprio Intraorçamentária;6791197,94;29196
2017;Prefeitura Municipal de Flores da Cunha - RS;4308201;RS;DCA-Anexo I-C;NA;Receitas Brutas Realizadas;TotalReceitas;Total Receitas;121269741,75;29405
2017;Prefeitura Municipal de Flores da Cunha - RS;4308201;RS;DCA-Anexo I-C;NA;Deduções - Transferências Constitucionais;TotalReceitas;Total Receitas;89491,82;29405
2017;Prefeitura Municipal de Flores da Cunha - RS;4308201;RS;DCA-Anexo I-C;NA;Deduções - FUNDEB;TotalReceitas;Total Receitas;11219483,15;29405
2017;Prefeitura Municipal de Flores da Cunha - RS;4308201;RS;DCA-Anexo I-C;NA;Receitas Brutas Realizadas;RO1.0.0.0.00.00.00;1.0.0.0.00.00.00 - Receitas Correntes;108002331,52;29405
2017;Prefeitura Municipal de Flores da Cunha - RS;4308201;RS;DCA-Anexo I-C;NA;Deduções - Transferências Constitucionais;RO1.0.0.0.00.00.00;1.0.0.0.00.00.00 - Receitas Correntes;89491,82;29405
2017;Prefeitura Municipal de Flores da Cunha - RS;4308201;RS;DCA-Anexo I-C;NA;Deduções - FUNDEB;RO1.0.0.0.00.00.00;1.0.0.0.00.00.00 - Receitas Correntes;11219483,15;29405
2017;Prefeitura Municipal de Flores da Cunha - RS;4308201;RS;DCA-Anexo I-C;NA;Receitas Brutas Realizadas;RO1.1.0.0.00.00.00;1.1.0.0.00.00.00 - Receita Tributária;15754536,42;29405
2017;Prefeitura Municipal de Flores da Cunha - RS;4308201;RS;DCA-Anexo I-C;NA;Deduções - Transferências Constitucionais;RO1.1.0.0.00.00.00;1.1.0.0.00.00.00 - Receita Tributária;89491,82;29405
2017;Prefeitura Municipal de Flores da Cunha - RS;4308201;RS;DCA-Anexo I-C;NA;Receitas Brutas Realizadas;RO1.1.1.0.00.00.00;1.1.1.0.00.00.00 - Impostos;13608728,21;29405
2017;Prefeitura Municipal de Flores da Cunha - RS;4308201;RS;DCA-Anexo I-C;NA;Deduções - Transferências Constitucionais;RO1.1.1.0.00.00.00;1.1.1.0.00.00.00 - Impostos;89240,42;29405
2017;Prefeitura Municipal de Flores da Cunha - RS;4308201;RS;DCA-Anexo I-C;NA;Receitas Brutas Realizadas;RO1.1.1.2.00.00.00;1.1.1.2.00.00.00 - Impostos sobre o Patrimônio e a Renda;8605973,72;29405
2017;Prefeitura Municipal de Flores da Cunha - RS;4308201;RS;DCA-Anexo I-C;NA;Deduções - Transferências Constitucionais;RO1.1.1.2.00.00.00;1.1.1.2.00.00.00 - Impostos sobre o Patrimônio e a Renda;83478,54;29405
2017;Prefeitura Municipal de Flores da Cunha - RS;4308201;RS;DCA-Anexo I-C;NA;Receitas Brutas Realizadas;RO1.1.1.2.01.00.00;1.1.1.2.01.00.00 - Imposto sobre a Propriedade Territorial Rural - ITR;111541,82;29405
2017;Prefeitura Municipal de Flores da Cunha - RS;4308201;RS;DCA-Anexo I-C;NA;Deduções - Transferências Constitucionais;RO1.1.1.2.01.00.00;1.1.1.2.01.00.00 - Imposto sobre a Propriedade Territorial Rural - ITR;22308,21;29405
2017;Prefeitura Municipal de Flores da Cunha - RS;4308201;RS;DCA-Anexo I-C;NA;Receitas Brutas Realizadas;RO1.1.1.2.02.00.00;1.1.1.2.02.00.00 - Imposto sobre a Propriedade Predial e Territorial Urbana ¿ IPTU;3989608,85;29405
2017;Prefeitura Municipal de Flores da Cunha - RS;4308201;RS;DCA-Anexo I-C;NA;Deduções - Transferências Constitucionais;RO1.1.1.2.02.00.00;1.1.1.2.02.00.00 - Imposto sobre a Propriedade Predial e Territorial Urbana ¿ IPTU;7526,86;29405
2017;Prefeitura Municipal de Flores da Cunha - RS;4308201;RS;DCA-Anexo I-C;NA;Receitas Brutas Realizadas;RO1.1.1.2.04.00.00;1.1.1.2.04.00.00 - Imposto sobre a Renda e Proventos de Qualquer Natureza ¿ IR;2087965,46;29405
2017;Prefeitura Municipal de Flores da Cunha - RS;4308201;RS;DCA-Anexo I-C;NA;Receitas Brutas Realizadas;RO1.1.1.2.04.31.00;1.1.1.2.04.31.00 - Retido nas Fontes - Trabalho;2087965,46;29405
2017;Prefeitura Municipal de Flores da Cunha - RS;4308201;RS;DCA-Anexo I-C;NA;Receitas Brutas Realizadas;RO1.1.1.2.08.00.00;"1.1.1.2.08.00.00 - Imposto sobre Transmissão ""Inter Vivos"" de Bens Imóveis e de Direitos Reais sobre Imóveis ¿ ITBI";2416857,59;29405
2017;Prefeitura Municipal de Flores da Cunha - RS;4308201;RS;DCA-Anexo I-C;NA;Deduções - Transferências Constitucionais;RO1.1.1.2.08.00.00;"1.1.1.2.08.00.00 - Imposto sobre Transmissão ""Inter Vivos"" de Bens Imóveis e de Direitos Reais sobre Imóveis ¿ ITBI";53643,47;29405
2017;Prefeitura Municipal de Flores da Cunha - RS;4308201;RS;DCA-Anexo I-C;NA;Receitas Brutas Realizadas;RO1.1.1.3.00.00.00;1.1.1.3.00.00.00 - Impostos sobre a Produção e a Circulação;5002754,49;29405
2017;Prefeitura Municipal de Flores da Cunha - RS;4308201;RS;DCA-Anexo I-C;NA;Deduções - Transferências Constitucionais;RO1.1.1.3.00.00.00;1.1.1.3.00.00.00 - Impostos sobre a Produção e a Circulação;5761,88;29405
2017;Prefeitura Municipal de Flores da Cunha - RS;4308201;RS;DCA-Anexo I-C;NA;Receitas Brutas Realizadas;RO1.1.1.3.05.00.00;1.1.1.3.05.00.00 - Imposto sobre Serviços de Qualquer Natureza ¿ ISSQN;5002754,49;29405
2017;Prefeitura Municipal de Flores da Cunha - RS;4308201;RS;DCA-Anexo I-C;NA;Deduções - Transferências Constitucionais;RO1.1.1.3.05.00.00;1.1.1.3.05.00.00 - Imposto sobre Serviços de Qualquer Natureza ¿ ISSQN;5761,88;29405
2017;Prefeitura Municipal de Flores da Cunha - RS;4308201;RS;DCA-Anexo I-C;NA;Receitas Brutas Realizadas;RO1.1.2.0.00.00.00;1.1.2.0.00.00.00 - Taxas;2145808,21;29405
2017;Prefeitura Municipal de Flores da Cunha - RS;4308201;RS;DCA-Anexo I-C;NA;Deduções - Transferências Constitucionais;RO1.1.2.0.00.00.00;1.1.2.0.00.00.00 - Taxas;251,40;29405
2017;Prefeitura Municipal de Flores da Cunha - RS;4308201;RS;DCA-Anexo I-C;NA;Receitas Brutas Realizadas;RO1.1.2.1.00.00.00;1.1.2.1.00.00.00 - Taxas pelo Exercício do Poder de Polícia;1096390,82;29405
2017;Prefeitura Municipal de Flores da Cunha - RS;4308201;RS;DCA-Anexo I-C;NA;Deduções - Transferências Constitucionais;RO1.1.2.1.00.00.00;1.1.2.1.00.00.00 - Taxas pelo Exercício do Poder de Polícia;81,90;29405
2017;Prefeitura Municipal de Flores da Cunha - RS;4308201;RS;DCA-Anexo I-C;NA;Receitas Brutas Realizadas;RO1.1.2.2.00.00.00;1.1.2.2.00.00.00 - Taxas pela Prestação de Serviços;1049417,39;29405
2017;Prefeitura Municipal de Flores da Cunha - RS;4308201;RS;DCA-Anexo I-C;NA;Deduções - Transferências Constitucionais;RO1.1.2.2.00.00.00;1.1.2.2.00.00.00 - Taxas pela Prestação de Serviços;169,50;29405
2017;Prefeitura Municipal de Flores da Cunha - RS;4308201;RS;DCA-Anexo I-C;NA;Receitas Brutas Realizadas;RO1.1.2.2.12.00.00;1.1.2.2.12.00.00 - Emolumentos e Custas Processuais Administrativas;74338,14;29405
2017;Prefeitura Municipal de Flores da Cunha - RS;4308201;RS;DCA-Anexo I-C;NA;Deduções - Transferências Constitucionais;RO1.1.2.2.12.00.00;1.1.2.2.12.00.00 - Emolumentos e Custas Processuais Administrativas;169,50;29405
2017;Prefeitura Municipal de Flores da Cunha - RS;4308201;RS;DCA-Anexo I-C;NA;Receitas Brutas Realizadas;RO1.1.2.2.90.00.00;1.1.2.2.90.00.00 - Taxa de Limpeza Pública;975079,25;29405
2017;Prefeitura Municipal de Flores da Cunha - RS;4308201;RS;DCA-Anexo I-C;NA;Receitas Brutas Realizadas;RO1.2.0.0.00.00.00;1.2.0.0.00.00.00 - Receitas de Contribuições;2851114,80;29405
2017;Prefeitura Municipal de Flores da Cunha - RS;4308201;RS;DCA-Anexo I-C;NA;Receitas Brutas Realizadas;RO1.2.1.0.00.00.00;1.2.1.0.00.00.00 - Contribuições Sociais;2851114,80;29405
2017;Prefeitura Municipal de Flores da Cunha - RS;4308201;RS;DCA-Anexo I-C;NA;Receitas Brutas Realizadas;RO1.2.1.0.29.00.00;1.2.1.0.29.00.00 - Contribuições para o Regime Próprio de Previdência do Servidor Público;2706579,52;29405
2017;Prefeitura Municipal de Flores da Cunha - RS;4308201;RS;DCA-Anexo I-C;NA;Receitas Brutas Realizadas;RO1.2.1.0.29.07.00;1.2.1.0.29.07.00 - Contribuição do Servidor Ativo Civil para o Regime Próprio;2698184,76;29405
2017;Prefeitura Municipal de Flores da Cunha - RS;4308201;RS;DCA-Anexo I-C;NA;Receitas Brutas Realizadas;RO1.2.1.0.29.09.00;1.2.1.0.29.09.00 - Contribuições do Servidor Inativo Civil para o Regime Próprio;8394,76;29405
2017;Prefeitura Municipal de Flores da Cunha - RS;4308201;RS;DCA-Anexo I-C;NA;Receitas Brutas Realizadas;RO1.2.1.0.99.00.00;1.2.1.0.99.00.00 - Outras Contribuições Sociais;144535,28;29405
2017;Prefeitura Municipal de Flores da Cunha - RS;4308201;RS;DCA-Anexo I-C;NA;Receitas Brutas Realizadas;RO1.3.0.0.00.00.00;1.3.0.0.00.00.00 - Receita Patrimonial;10687813,02;29405
2017;Prefeitura Municipal de Flores da Cunha - RS;4308201;RS;DCA-Anexo I-C;NA;Receitas Brutas Realizadas;RO1.3.1.0.00.00.00;1.3.1.0.00.00.00 - Receitas Imobiliárias;249061,57;29405
2017;Prefeitura Municipal de Flores da Cunha - RS;4308201;RS;DCA-Anexo I-C;NA;Receitas Brutas Realizadas;RO1.3.1.1.00.00.00;1.3.1.1.00.00.00 - Aluguéis;164570,23;29405
2017;Prefeitura Municipal de Flores da Cunha - RS;4308201;RS;DCA-Anexo I-C;NA;Receitas Brutas Realizadas;RO1.3.1.2.00.00.00;1.3.1.2.00.00.00 - Arrendamentos;84491,34;29405
2017;Prefeitura Municipal de Flores da Cunha - RS;4308201;RS;DCA-Anexo I-C;NA;Receitas Brutas Realizadas;RO1.3.2.0.00.00.00;1.3.2.0.00.00.00 - Receitas de Valores Mobiliários;10251732,17;29405
2017;Prefeitura Municipal de Flores da Cunha - RS;4308201;RS;DCA-Anexo I-C;NA;Receitas Brutas Realizadas;RO1.3.2.2.00.00.00;1.3.2.2.00.00.00 - Dividendos;68742,27;29405
2017;Prefeitura Municipal de Flores da Cunha - RS;4308201;RS;DCA-Anexo I-C;NA;Receitas Brutas Realizadas;RO1.3.2.5.00.00.00;1.3.2.5.00.00.00 - Remuneração de Depósitos Bancários;1262156,91;29405
2017;Prefeitura Municipal de Flores da Cunha - RS;4308201;RS;DCA-Anexo I-C;NA;Receitas Brutas Realizadas;RO1.3.2.8.00.00.00;1.3.2.8.00.00.00 - Remuneração dos Investimentos do Regime Próprio de Previdência do Servidor;8920832,99;29405
2017;Prefeitura Municipal de Flores da Cunha - RS;4308201;RS;DCA-Anexo I-C;NA;Receitas Brutas Realizadas;RO1.3.6.0.00.00.00;1.3.6.0.00.00.00 - Receita da Cessão de Direitos;187019,28;29405
2017;Prefeitura Municipal de Flores da Cunha - RS;4308201;RS;DCA-Anexo I-C;NA;Receitas Brutas Realizadas;RO1.6.0.0.00.00.00;1.6.0.0.00.00.00 - Receita de Serviços;369978,51;29405
2017;Prefeitura Municipal de Flores da Cunha - RS;4308201;RS;DCA-Anexo I-C;NA;Receitas Brutas Realizadas;RO1.6.0.0.01.00.00;1.6.0.0.01.00.00 - Serviços Comerciais;53231,82;29405
2017;Prefeitura Municipal de Flores da Cunha - RS;4308201;RS;DCA-Anexo I-C;NA;Receitas Brutas Realizadas;RO1.6.0.0.13.00.00;1.6.0.0.13.00.00 - Serviços Administrativos;275979,01;29405
2017;Prefeitura Municipal de Flores da Cunha - RS;4308201;RS;DCA-Anexo I-C;NA;Receitas Brutas Realizadas;RO1.6.0.0.17.00.00;1.6.0.0.17.00.00 - Serviços Agropecuários;3956,19;29405
2017;Prefeitura Municipal de Flores da Cunha - RS;4308201;RS;DCA-Anexo I-C;NA;Receitas Brutas Realizadas;RO1.6.0.0.99.00.00;1.6.0.0.99.00.00 - Outros Serviços;36811,49;29405
2017;Prefeitura Municipal de Flores da Cunha - RS;4308201;RS;DCA-Anexo I-C;NA;Receitas Brutas Realizadas;RO1.7.0.0.00.00.00;1.7.0.0.00.00.00 - Transferências Correntes;77248102,18;29405
2017;Prefeitura Municipal de Flores da Cunha - RS;4308201;RS;DCA-Anexo I-C;NA;Deduções - FUNDEB;RO1.7.0.0.00.00.00;1.7.0.0.00.00.00 - Transferências Correntes;11219483,15;29405
2017;Prefeitura Municipal de Flores da Cunha - RS;4308201;RS;DCA-Anexo I-C;NA;Receitas Brutas Realizadas;RO1.7.2.0.00.00.00;1.7.2.0.00.00.00 - Transferências Intergovernamentais;76426557,38;29405
2017;Prefeitura Municipal de Flores da Cunha - RS;4308201;RS;DCA-Anexo I-C;NA;Deduções - FUNDEB;RO1.7.2.0.00.00.00;1.7.2.0.00.00.00 - Transferências Intergovernamentais;11219483,15;29405
2017;Prefeitura Municipal de Flores da Cunha - RS;4308201;RS;DCA-Anexo I-C;NA;Receitas Brutas Realizadas;RO1.7.2.1.00.00.00;1.7.2.1.00.00.00 - Transferências da União;23868031,08;29405
2017;Prefeitura Municipal de Flores da Cunha - RS;4308201;RS;DCA-Anexo I-C;NA;Deduções - FUNDEB;RO1.7.2.1.00.00.00;1.7.2.1.00.00.00 - Transferências da União;3270752,54;29405
2017;Prefeitura Municipal de Flores da Cunha - RS;4308201;RS;DCA-Anexo I-C;NA;Receitas Brutas Realizadas;RO1.7.2.1.01.00.00;1.7.2.1.01.00.00 - Participação na Receita da União;17602514,28;29405
2017;Prefeitura Municipal de Flores da Cunha - RS;4308201;RS;DCA-Anexo I-C;NA;Deduções - FUNDEB;RO1.7.2.1.01.00.00;1.7.2.1.01.00.00 - Participação na Receita da União;3228863,54;29405
2017;Prefeitura Municipal de Flores da Cunha - RS;4308201;RS;DCA-Anexo I-C;NA;Receitas Brutas Realizadas;RO1.7.2.1.01.02.00;1.7.2.1.01.02.00 - Cota-Parte do Fundo de Participação dos Municípios ¿ FPM;16144319,25;29405
2017;Prefeitura Municipal de Flores da Cunha - RS;4308201;RS;DCA-Anexo I-C;NA;Deduções - FUNDEB;RO1.7.2.1.01.02.00;1.7.2.1.01.02.00 - Cota-Parte do Fundo de Participação dos Municípios ¿ FPM;3228863,54;29405
2017;Prefeitura Municipal de Flores da Cunha - RS;4308201;RS;DCA-Anexo I-C;NA;Receitas Brutas Realizadas;RO1.7.2.1.01.03.00;1.7.2.1.01.03.00 - Cota-Parte do Fundo de Participação dos Municípios - 1% Cota Anual;717709,58;29405
2017;Prefeitura Municipal de Flores da Cunha - RS;4308201;RS;DCA-Anexo I-C;NA;Receitas Brutas Realizadas;RO1.7.2.1.01.04.00;1.7.2.1.01.04.00 - Cota-Parte do Fundo de Participação dos Municípios - 1% Cota entregue no mês de julho (67)(I);740485,45;29405
2017;Prefeitura Municipal de Flores da Cunha - RS;4308201;RS;DCA-Anexo I-C;NA;Receitas Brutas Realizadas;RO1.7.2.1.22.00.00;1.7.2.1.22.00.00 - Transferências da Compensação Financeira pela Exploração de Recursos Naturais;328072,35;29405
2017;Prefeitura Municipal de Flores da Cunha - RS;4308201;RS;DCA-Anexo I-C;NA;Receitas Brutas Realizadas;RO1.7.2.1.22.11.00;1.7.2.1.22.11.00 - Cota-Parte da Compensação Financeira de Recursos Hídricos;55580,43;29405
2017;Prefeitura Municipal de Flores da Cunha - RS;4308201;RS;DCA-Anexo I-C;NA;Receitas Brutas Realizadas;RO1.7.2.1.22.20.00;1.7.2.1.22.20.00 - Cota-Parte da Compensação Financeira de Recursos Minerais - CFEM;84960,50;29405
2017;Prefeitura Municipal de Flores da Cunha - RS;4308201;RS;DCA-Anexo I-C;NA;Receitas Brutas Realizadas;RO1.7.2.1.22.70.00;1.7.2.1.22.70.00 - Cota-Parte do Fundo Especial do Petróleo ¿ FEP;187531,42;29405
2017;Prefeitura Municipal de Flores da Cunha - RS;4308201;RS;DCA-Anexo I-C;NA;Receitas Brutas Realizadas;RO1.7.2.1.33.00.00;1.7.2.1.33.00.00 - Transferências de Recursos do Sistema Único de Saúde - SUS - Repasses Fundo a Fundo;3895646,24;29405
2017;Prefeitura Municipal de Flores da Cunha - RS;4308201;RS;DCA-Anexo I-C;NA;Receitas Brutas Realizadas;RO1.7.2.1.34.00.00;1.7.2.1.34.00.00 - Transferências de Recursos do Fundo Nacional de Assistência Social ¿ FNAS;246121,14;29405
2017;Prefeitura Municipal de Flores da Cunha - RS;4308201;RS;DCA-Anexo I-C;NA;Receitas Brutas Realizadas;RO1.7.2.1.35.00.00;1.7.2.1.35.00.00 - Transferências de Recursos do Fundo Nacional do Desenvolvimento da Educação ¿ FNDE;1388222,64;29405
2017;Prefeitura Municipal de Flores da Cunha - RS;4308201;RS;DCA-Anexo I-C;NA;Receitas Brutas Realizadas;RO1.7.2.1.36.00.00;1.7.2.1.36.00.00 - Transferências Financeiras do ICMS ¿ Desoneração ¿ L.C. Nº 87/96;209445,00;29405
2017;Prefeitura Municipal de Flores da Cunha - RS;4308201;RS;DCA-Anexo I-C;NA;Deduções - FUNDEB;RO1.7.2.1.36.00.00;1.7.2.1.36.00.00 - Transferências Financeiras do ICMS ¿ Desoneração ¿ L.C. Nº 87/96;41889,00;29405
2017;Prefeitura Municipal de Flores da Cunha - RS;4308201;RS;DCA-Anexo I-C;NA;Receitas Brutas Realizadas;RO1.7.2.1.99.00.00;1.7.2.1.99.00.00 - Outras Transferências da União;198009,43;29405
2017;Prefeitura Municipal de Flores da Cunha - RS;4308201;RS;DCA-Anexo I-C;NA;Receitas Brutas Realizadas;RO1.7.2.2.00.00.00;1.7.2.2.00.00.00 - Transferências dos Estados;41834756,99;29405
2017;Prefeitura Municipal de Flores da Cunha - RS;4308201;RS;DCA-Anexo I-C;NA;Deduções - FUNDEB;RO1.7.2.2.00.00.00;1.7.2.2.00.00.00 - Transferências dos Estados;7948730,61;29405
2017;Prefeitura Municipal de Flores da Cunha - RS;4308201;RS;DCA-Anexo I-C;NA;Receitas Brutas Realizadas;RO1.7.2.2.01.00.00;1.7.2.2.01.00.00 - Participação na Receita dos Estados;39811495,82;29405
2017;Prefeitura Municipal de Flores da Cunha - RS;4308201;RS;DCA-Anexo I-C;NA;Deduções - FUNDEB;RO1.7.2.2.01.00.00;1.7.2.2.01.00.00 - Participação na Receita dos Estados;7948730,61;29405
2017;Prefeitura Municipal de Flores da Cunha - RS;4308201;RS;DCA-Anexo I-C;NA;Receitas Brutas Realizadas;RO1.7.2.2.01.01.00;1.7.2.2.01.01.00 - Cota-Parte do ICMS;33825016,68;29405
2017;Prefeitura Municipal de Flores da Cunha - RS;4308201;RS;DCA-Anexo I-C;NA;Deduções - FUNDEB;RO1.7.2.2.01.01.00;1.7.2.2.01.01.00 - Cota-Parte do ICMS;6765003,18;29405
2017;Prefeitura Municipal de Flores da Cunha - RS;4308201;RS;DCA-Anexo I-C;NA;Receitas Brutas Realizadas;RO1.7.2.2.01.02.00;1.7.2.2.01.02.00 - Cota-Parte do IPVA;5407512,48;29405
2017;Prefeitura Municipal de Flores da Cunha - RS;4308201;RS;DCA-Anexo I-C;NA;Deduções - FUNDEB;RO1.7.2.2.01.02.00;1.7.2.2.01.02.00 - Cota-Parte do IPVA;1081501,86;29405
2017;Prefeitura Municipal de Flores da Cunha - RS;4308201;RS;DCA-Anexo I-C;NA;Receitas Brutas Realizadas;RO1.7.2.2.01.04.00;1.7.2.2.01.04.00 - Cota-Parte do IPI - Municípios;511128,33;29405
2017;Prefeitura Municipal de Flores da Cunha - RS;4308201;RS;DCA-Anexo I-C;NA;Deduções - FUNDEB;RO1.7.2.2.01.04.00;1.7.2.2.01.04.00 - Cota-Parte do IPI - Municípios;102225,57;29405
2017;Prefeitura Municipal de Flores da Cunha - RS;4308201;RS;DCA-Anexo I-C;NA;Receitas Brutas Realizadas;RO1.7.2.2.01.13.00;1.7.2.2.01.13.00 - Cota-Parte da Contribuição de Intervenção no Domínio Econômico;61432,19;29405
2017;Prefeitura Municipal de Flores da Cunha - RS;4308201;RS;DCA-Anexo I-C;NA;Receitas Brutas Realizadas;RO1.7.2.2.01.99.00;1.7.2.2.01.99.00 - Outras Participações na Receita dos Estados;6406,14;29405
2017;Prefeitura Municipal de Flores da Cunha - RS;4308201;RS;DCA-Anexo I-C;NA;Receitas Brutas Realizadas;RO1.7.2.2.33.00.00;1.7.2.2.33.00.00 - Transferências de Recursos do Estado para Programas de Saúde - Repasse Fundo a Fundo;1689047,22;29405
2017;Prefeitura Municipal de Flores da Cunha - RS;4308201;RS;DCA-Anexo I-C;NA;Receitas Brutas Realizadas;RO1.7.2.2.99.00.00;1.7.2.2.99.00.00 - Outras Transferências dos Estados;334213,95;29405
2017;Prefeitura Municipal de Flores da Cunha - RS;4308201;RS;DCA-Anexo I-C;NA;Receitas Brutas Realizadas;RO1.7.2.4.00.00.00;1.7.2.4.00.00.00 - Transferências Multigovernamentais;10723769,31;29405
2017;Prefeitura Municipal de Flores da Cunha - RS;4308201;RS;DCA-Anexo I-C;NA;Receitas Brutas Realizadas;RO1.7.2.4.01.00.00;1.7.2.4.01.00.00 - Transferências de Recursos do Fundo de Manutenção e Desenvolvimento do Ensino Fundamental e de Valorização do Magistério - FUNDEB;10723769,31;29405
2017;Prefeitura Municipal de Flores da Cunha - RS;4308201;RS;DCA-Anexo I-C;NA;Receitas Brutas Realizadas;RO1.7.3.0.00.00.00;1.7.3.0.00.00.00 - Transferências de Instituições Privadas;66047,94;29405
2017;Prefeitura Municipal de Flores da Cunha - RS;4308201;RS;DCA-Anexo I-C;NA;Receitas Brutas Realizadas;RO1.7.5.0.00.00.00;1.7.5.0.00.00.00 - Transferências de Pessoas;4400,00;29405
2017;Prefeitura Municipal de Flores da Cunha - RS;4308201;RS;DCA-Anexo I-C;NA;Receitas Brutas Realizadas;RO1.7.6.0.00.00.00;1.7.6.0.00.00.00 - Transferências de Convênios;751096,86;29405
2017;Prefeitura Municipal de Flores da Cunha - RS;4308201;RS;DCA-Anexo I-C;NA;Receitas Brutas Realizadas;RO1.7.6.2.00.00.00;1.7.6.2.00.00.00 - Transferências de Convênios dos Estados e do Distrito Federal e de Suas Entidades;663021,44;29405
2017;Prefeitura Municipal de Flores da Cunha - RS;4308201;RS;DCA-Anexo I-C;NA;Receitas Brutas Realizadas;RO1.7.6.2.02.00.00;1.7.6.2.02.00.00 - Transferências de Convênios dos Estados Destinadas a Programas de Educação;663021,44;29405
2017;Prefeitura Municipal de Flores da Cunha - RS;4308201;RS;DCA-Anexo I-C;NA;Receitas Brutas Realizadas;RO1.7.6.4.00.00.00;1.7.6.4.00.00.00 - Transferências de Convênios de Instituições Privadas;88075,42;29405
2017;Prefeitura Municipal de Flores da Cunha - RS;4308201;RS;DCA-Anexo I-C;NA;Receitas Brutas Realizadas;RO1.9.0.0.00.00.00;1.9.0.0.00.00.00 - Outras Receitas Correntes;1090786,59;29405
2017;Prefeitura Municipal de Flores da Cunha - RS;4308201;RS;DCA-Anexo I-C;NA;Receitas Brutas Realizadas;RO1.9.1.0.00.00.00;1.9.1.0.00.00.00 - Multas e Juros de Mora;277035,91;29405
2017;Prefeitura Municipal de Flores da Cunha - RS;4308201;RS;DCA-Anexo I-C;NA;Receitas Brutas Realizadas;RO1.9.1.1.00.00.00;1.9.1.1.00.00.00 - Multas e Juros de Mora dos Tributos;71418,14;29405
2017;Prefeitura Municipal de Flores da Cunha - RS;4308201;RS;DCA-Anexo I-C;NA;Receitas Brutas Realizadas;RO1.9.1.1.38.00.00;1.9.1.1.38.00.00 - Multas e Juros de Mora do Imposto sobre a Propriedade Predial e Territorial Urbana ¿ IPTU;14773,99;29405
2017;Prefeitura Municipal de Flores da Cunha - RS;4308201;RS;DCA-Anexo I-C;NA;Receitas Brutas Realizadas;RO1.9.1.1.40.00.00;1.9.1.1.40.00.00 - Multas e Juros de Mora do Imposto sobre Serviços de Qualquer Natureza ¿ ISS;46995,23;29405
2017;Prefeitura Municipal de Flores da Cunha - RS;4308201;RS;DCA-Anexo I-C;NA;Receitas Brutas Realizadas;RO1.9.1.1.99.00.00;1.9.1.1.99.00.00 - Multas e Juros de Mora de Outros Tributos;9648,92;29405
2017;Prefeitura Municipal de Flores da Cunha - RS;4308201;RS;DCA-Anexo I-C;NA;Receitas Brutas Realizadas;RO1.9.1.3.00.00.00;1.9.1.3.00.00.00 - Multas e Juros de Mora da Dívida Ativa dos Tributos;166621,98;29405
2017;Prefeitura Municipal de Flores da Cunha - RS;4308201;RS;DCA-Anexo I-C;NA;Receitas Brutas Realizadas;RO1.9.1.3.11.00.00;1.9.1.3.11.00.00 - Multas e Juros de Mora da Dívida Ativa do Imposto sobre a Propriedade Predial e Territorial Urbana ¿ IPTU;49774,22;29405
2017;Prefeitura Municipal de Flores da Cunha - RS;4308201;RS;DCA-Anexo I-C;NA;Receitas Brutas Realizadas;RO1.9.1.3.13.00.00;1.9.1.3.13.00.00 - Multas e Juros de Mora da Dívida Ativa do Imposto sobre Serviços de Qualquer Natureza ¿ ISS;72680,94;29405
2017;Prefeitura Municipal de Flores da Cunha - RS;4308201;RS;DCA-Anexo I-C;NA;Receitas Brutas Realizadas;RO1.9.1.3.98.00.00;1.9.1.3.98.00.00 - Multas e Juros de mora da Dívida Ativa das Contribuições de Melhoria;2331,99;29405
2017;Prefeitura Municipal de Flores da Cunha - RS;4308201;RS;DCA-Anexo I-C;NA;Receitas Brutas Realizadas;RO1.9.1.3.99.00.00;1.9.1.3.99.00.00 - Multas e Juros de Mora da Dívida Ativa de Outros Tributos;41834,83;29405
2017;Prefeitura Municipal de Flores da Cunha - RS;4308201;RS;DCA-Anexo I-C;NA;Receitas Brutas Realizadas;RO1.9.1.5.00.00.00;1.9.1.5.00.00.00 - Multas e Juros de Mora da Dívida Ativa de Outras Receitas;1707,44;29405
2017;Prefeitura Municipal de Flores da Cunha - RS;4308201;RS;DCA-Anexo I-C;NA;Receitas Brutas Realizadas;RO1.9.1.5.05.00.00;1.9.1.5.05.00.00 - Multas e Juros de Mora da Receita da Dívida Ativa dos Serviços de Inspeção e Fiscalização da Atividade Mineral;1707,44;29405
2017;Prefeitura Municipal de Flores da Cunha - RS;4308201;RS;DCA-Anexo I-C;NA;Receitas Brutas Realizadas;RO1.9.1.8.00.00.00;1.9.1.8.00.00.00 - Multas e Juros de Mora de Outras Receitas;3172,26;29405
2017;Prefeitura Municipal de Flores da Cunha - RS;4308201;RS;DCA-Anexo I-C;NA;Receitas Brutas Realizadas;RO1.9.1.8.99.00.00;1.9.1.8.99.00.00 - Outras Multas e Juros de Mora;3172,26;29405
2017;Prefeitura Municipal de Flores da Cunha - RS;4308201;RS;DCA-Anexo I-C;NA;Receitas Brutas Realizadas;RO1.9.1.9.00.00.00;1.9.1.9.00.00.00 - Multas de Outras Origens;34116,09;29405
2017;Prefeitura Municipal de Flores da Cunha - RS;4308201;RS;DCA-Anexo I-C;NA;Receitas Brutas Realizadas;RO1.9.2.0.00.00.00;1.9.2.0.00.00.00 - Indenizações e Restituições;27993,87;29405
2017;Prefeitura Municipal de Flores da Cunha - RS;4308201;RS;DCA-Anexo I-C;NA;Receitas Brutas Realizadas;RO1.9.2.1.00.00.00;1.9.2.1.00.00.00 - Indenizações;1250,69;29405
2017;Prefeitura Municipal de Flores da Cunha - RS;4308201;RS;DCA-Anexo I-C;NA;Receitas Brutas Realizadas;RO1.9.2.2.00.00.00;1.9.2.2.00.00.00 - Restituições;26743,18;29405
2017;Prefeitura Municipal de Flores da Cunha - RS;4308201;RS;DCA-Anexo I-C;NA;Receitas Brutas Realizadas;RO1.9.2.2.99.00.00;1.9.2.2.99.00.00 - Outras Restituições;26743,18;29405
2017;Prefeitura Municipal de Flores da Cunha - RS;4308201;RS;DCA-Anexo I-C;NA;Receitas Brutas Realizadas;RO1.9.3.0.00.00.00;1.9.3.0.00.00.00 - Receita da Dívida Ativa;741015,27;29405
2017;Prefeitura Municipal de Flores da Cunha - RS;4308201;RS;DCA-Anexo I-C;NA;Receitas Brutas Realizadas;RO1.9.3.1.00.00.00;1.9.3.1.00.00.00 - Receita da Dívida Ativa Tributária;648541,24;29405
2017;Prefeitura Municipal de Flores da Cunha - RS;4308201;RS;DCA-Anexo I-C;NA;Receitas Brutas Realizadas;RO1.9.3.1.11.00.00;1.9.3.1.11.00.00 - Receita da Dívida Ativa do Imposto sobre a Propriedade Predial e Territorial Urbana ¿ IPTU;275198,14;29405
2017;Prefeitura Municipal de Flores da Cunha - RS;4308201;RS;DCA-Anexo I-C;NA;Receitas Brutas Realizadas;RO1.9.3.1.13.00.00;1.9.3.1.13.00.00 - Receita da Dívida Ativa do Imposto sobre Serviços de Qualquer Natureza ¿ ISS;250952,56;29405
2017;Prefeitura Municipal de Flores da Cunha - RS;4308201;RS;DCA-Anexo I-C;NA;Receitas Brutas Realizadas;RO1.9.3.1.35.00.00;1.9.3.1.35.00.00 - Receita da Dívida Ativa da Taxa de Fiscalização e Vigilância Sanitária;1092,90;29405
2017;Prefeitura Municipal de Flores da Cunha - RS;4308201;RS;DCA-Anexo I-C;NA;Receitas Brutas Realizadas;RO1.9.3.1.98.00.00;1.9.3.1.98.00.00 - Receita da Dívida Ativa das Contribuições de Melhoria;5058,67;29405
2017;Prefeitura Municipal de Flores da Cunha - RS;4308201;RS;DCA-Anexo I-C;NA;Receitas Brutas Realizadas;RO1.9.3.1.99.00.00;1.9.3.1.99.00.00 - Receita da Dívida Ativa de Outros Tributos;116238,97;29405
2017;Prefeitura Municipal de Flores da Cunha - RS;4308201;RS;DCA-Anexo I-C;NA;Receitas Brutas Realizadas;RO1.9.3.2.00.00.00;1.9.3.2.00.00.00 - Receita da Dívida Ativa Não Tributária;92474,03;29405
2017;Prefeitura Municipal de Flores da Cunha - RS;4308201;RS;DCA-Anexo I-C;NA;Receitas Brutas Realizadas;RO1.9.3.2.11.00.00;1.9.3.2.11.00.00 - Receita da Dívida Ativa de Aluguéis;22712,96;29405
2017;Prefeitura Municipal de Flores da Cunha - RS;4308201;RS;DCA-Anexo I-C;NA;Receitas Brutas Realizadas;RO1.9.3.2.14.00.00;1.9.3.2.14.00.00 - Receita da Dívida Ativa de Arrendamento;4890,48;29405
2017;Prefeitura Municipal de Flores da Cunha - RS;4308201;RS;DCA-Anexo I-C;NA;Receitas Brutas Realizadas;RO1.9.3.2.99.00.00;1.9.3.2.99.00.00 - Receita da Dívida Ativa Não Tributária de Outras Receitas;64870,59;29405
2017;Prefeitura Municipal de Flores da Cunha - RS;4308201;RS;DCA-Anexo I-C;NA;Receitas Brutas Realizadas;RO1.9.9.0.00.00.00;1.9.9.0.00.00.00 - Receitas Diversas;44741,54;29405
2017;Prefeitura Municipal de Flores da Cunha - RS;4308201;RS;DCA-Anexo I-C;NA;Receitas Brutas Realizadas;RO1.9.9.0.02.00.00;1.9.9.0.02.00.00 - Encargos Legais pela Inscrição em Dívida Ativa e Receitas de Ônus de Sucumbência;17431,96;29405
2017;Prefeitura Municipal de Flores da Cunha - RS;4308201;RS;DCA-Anexo I-C;NA;Receitas Brutas Realizadas;RO1.9.9.0.99.00.00;1.9.9.0.99.00.00 - Outras Receitas;27309,58;29405
2017;Prefeitura Municipal de Flores da Cunha - RS;4308201;RS;DCA-Anexo I-C;NA;Receitas Brutas Realizadas;RO2.0.0.0.00.00.00;2.0.0.0.00.00.00 - Receitas de Capital;5615170,42;29405
2017;Prefeitura Municipal de Flores da Cunha - RS;4308201;RS;DCA-Anexo I-C;NA;Receitas Brutas Realizadas;RO2.1.0.0.00.00.00;2.1.0.0.00.00.00 - Operações de Crédito;1767684,58;29405
2017;Prefeitura Municipal de Flores da Cunha - RS;4308201;RS;DCA-Anexo I-C;NA;Receitas Brutas Realizadas;RO2.1.1.0.00.00.00;2.1.1.0.00.00.00 - Operações de Crédito Internas;1767684,58;29405
2017;Prefeitura Municipal de Flores da Cunha - RS;4308201;RS;DCA-Anexo I-C;NA;Receitas Brutas Realizadas;RO2.2.0.0.00.00.00;2.2.0.0.00.00.00 - Alienação de Bens;849558,96;29405
2017;Prefeitura Municipal de Flores da Cunha - RS;4308201;RS;DCA-Anexo I-C;NA;Receitas Brutas Realizadas;RO2.2.1.0.00.00.00;2.2.1.0.00.00.00 - Alienação de Bens Móveis;278135,99;29405
2017;Prefeitura Municipal de Flores da Cunha - RS;4308201;RS;DCA-Anexo I-C;NA;Receitas Brutas Realizadas;RO2.2.2.0.00.00.00;2.2.2.0.00.00.00 - Alienação de Bens Imóveis;571422,97;29405
2017;Prefeitura Municipal de Flores da Cunha - RS;4308201;RS;DCA-Anexo I-C;NA;Receitas Brutas Realizadas;RO2.3.0.0.00.00.00;2.3.0.0.00.00.00 - Amortização de Empréstimos;79468,96;29405
2017;Prefeitura Municipal de Flores da Cunha - RS;4308201;RS;DCA-Anexo I-C;NA;Receitas Brutas Realizadas;RO2.4.0.0.00.00.00;2.4.0.0.00.00.00 - Transferências de Capital;2918457,92;29405
2017;Prefeitura Municipal de Flores da Cunha - RS;4308201;RS;DCA-Anexo I-C;NA;Receitas Brutas Realizadas;RO2.4.2.0.00.00.00;2.4.2.0.00.00.00 - Transferências Intergovernamentais;293490,00;29405
2017;Prefeitura Municipal de Flores da Cunha - RS;4308201;RS;DCA-Anexo I-C;NA;Receitas Brutas Realizadas;RO2.4.2.1.00.00.00;2.4.2.1.00.00.00 - Transferências da União;248490,00;29405
2017;Prefeitura Municipal de Flores da Cunha - RS;4308201;RS;DCA-Anexo I-C;NA;Receitas Brutas Realizadas;RO2.4.2.1.01.00.00;2.4.2.1.01.00.00 - Participação na Receita da União;248490,00;29405
2017;Prefeitura Municipal de Flores da Cunha - RS;4308201;RS;DCA-Anexo I-C;NA;Receitas Brutas Realizadas;RO2.4.2.2.00.00.00;2.4.2.2.00.00.00 - Transferências dos Estados;45000,00;29405
2017;Prefeitura Municipal de Flores da Cunha - RS;4308201;RS;DCA-Anexo I-C;NA;Receitas Brutas Realizadas;RO2.4.2.2.99.00.00;2.4.2.2.99.00.00 - Outras Transferências dos Estados;45000,00;29405
2017;Prefeitura Municipal de Flores da Cunha - RS;4308201;RS;DCA-Anexo I-C;NA;Receitas Brutas Realizadas;RO2.4.3.0.00.00.00;2.4.3.0.00.00.00 - Transferências de Instituições Privadas;277818,64;29405
2017;Prefeitura Municipal de Flores da Cunha - RS;4308201;RS;DCA-Anexo I-C;NA;Receitas Brutas Realizadas;RO2.4.7.0.00.00.00;2.4.7.0.00.00.00 - Transferências de Convênios;2347149,28;29405
2017;Prefeitura Municipal de Flores da Cunha - RS;4308201;RS;DCA-Anexo I-C;NA;Receitas Brutas Realizadas;RO2.4.7.1.00.00.00;2.4.7.1.00.00.00 - Transferências de Convênios da União e de suas Entidades;2347149,28;29405
2017;Prefeitura Municipal de Flores da Cunha - RS;4308201;RS;DCA-Anexo I-C;NA;Receitas Brutas Realizadas;RO2.4.7.1.99.00.00;2.4.7.1.99.00.00 - Outras Transferências de Convênios da União;2347149,28;29405
2017;Prefeitura Municipal de Flores da Cunha - RS;4308201;RS;DCA-Anexo I-C;NA;Receitas Brutas Realizadas;RI7.0.0.0.00.00.00;7.0.0.0.00.00.00 - Receitas Correntes Intraorçamentárias;7652239,81;29405
2017;Prefeitura Municipal de Flores da Cunha - RS;4308201;RS;DCA-Anexo I-C;NA;Receitas Brutas Realizadas;RI7.2.0.0.00.00.00;7.2.0.0.00.00.00 - Receitas de Contribuições Intraorçamentárias;7652239,81;29405
2017;Prefeitura Municipal de Flores da Cunha - RS;4308201;RS;DCA-Anexo I-C;NA;Receitas Brutas Realizadas;RI7.2.1.0.00.00.00;7.2.1.0.00.00.00 - Contribuições Sociais Intraorçamentárias;7652239,81;29405
2017;Prefeitura Municipal de Flores da Cunha - RS;4308201;RS;DCA-Anexo I-C;NA;Receitas Brutas Realizadas;RI7.2.1.0.29.00.00;7.2.1.0.29.00.00 - Contribuições para o Regime Próprio de Previdência do Servidor Público Intraorçamentárias;7652239,81;29405
2017;Prefeitura Municipal de Flores da Cunha - RS;4308201;RS;DCA-Anexo I-C;NA;Receitas Brutas Realizadas;RI7.2.1.0.29.01.00;7.2.1.0.29.01.00 - Contribuição Patronal de Servidor Ativo Civil para o Regime Próprio Intraorçamentária;3366297,11;29405
2017;Prefeitura Municipal de Flores da Cunha - RS;4308201;RS;DCA-Anexo I-C;NA;Receitas Brutas Realizadas;RI7.2.1.0.29.99.00;7.2.1.0.29.99.00 - Outras Contribuições para o Regime Próprio de Previdência do Servidor Público Intraorçamentárias;4285942,70;29405
2018;Prefeitura Municipal de Flores da Cunha - RS;4308201;RS;DCA-Anexo I-C;Padrão;Receitas Brutas Realizadas;TotalReceitas;Total Receitas;124556509,98;29603
2018;Prefeitura Municipal de Flores da Cunha - RS;4308201;RS;DCA-Anexo I-C;Padrão;Deduções - Transferências Constitucionais;TotalReceitas;Total Receitas;8776441,29;29603
2018;Prefeitura Municipal de Flores da Cunha - RS;4308201;RS;DCA-Anexo I-C;Padrão;Deduções - FUNDEB;TotalReceitas;Total Receitas;3501348,90;29603
2018;Prefeitura Municipal de Flores da Cunha - RS;4308201;RS;DCA-Anexo I-C;Padrão;Receitas Brutas Realizadas;RO1.0.0.0.00.0.0;1.0.0.0.00.0.0 - Receitas Correntes;114340849,16;29603
2018;Prefeitura Municipal de Flores da Cunha - RS;4308201;RS;DCA-Anexo I-C;Padrão;Deduções - Transferências Constitucionais;RO1.0.0.0.00.0.0;1.0.0.0.00.0.0 - Receitas Correntes;8776441,29;29603
2018;Prefeitura Municipal de Flores da Cunha - RS;4308201;RS;DCA-Anexo I-C;Padrão;Deduções - FUNDEB;RO1.0.0.0.00.0.0;1.0.0.0.00.0.0 - Receitas Correntes;3501348,90;29603
2018;Prefeitura Municipal de Flores da Cunha - RS;4308201;RS;DCA-Anexo I-C;Padrão;Receitas Brutas Realizadas;RO1.1.0.0.00.0.0;1.1.0.0.00.0.0 - Impostos, Taxas e Contribuições de Melhoria;18279913,71;29603
2018;Prefeitura Municipal de Flores da Cunha - RS;4308201;RS;DCA-Anexo I-C;Padrão;Deduções - Transferências Constitucionais;RO1.1.0.0.00.0.0;1.1.0.0.00.0.0 - Impostos, Taxas e Contribuições de Melhoria;141643,79;29603
2018;Prefeitura Municipal de Flores da Cunha - RS;4308201;RS;DCA-Anexo I-C;Padrão;Receitas Brutas Realizadas;RO1.1.1.0.00.0.0;1.1.1.0.00.0.0 - Impostos;15770461,30;29603
2018;Prefeitura Municipal de Flores da Cunha - RS;4308201;RS;DCA-Anexo I-C;Padrão;Deduções - Transferências Constitucionais;RO1.1.1.0.00.0.0;1.1.1.0.00.0.0 - Impostos;141543,79;29603
2018;Prefeitura Municipal de Flores da Cunha - RS;4308201;RS;DCA-Anexo I-C;Padrão;Receitas Brutas Realizadas;RO1.1.1.2.00.0.0;1.1.1.2.00.0.0 - Impostos sobre o Patrimônio;190422,07;29603
2018;Prefeitura Municipal de Flores da Cunha - RS;4308201;RS;DCA-Anexo I-C;Padrão;Deduções - Transferências Constitucionais;RO1.1.1.2.00.0.0;1.1.1.2.00.0.0 - Impostos sobre o Patrimônio;38084,25;29603
2018;Prefeitura Municipal de Flores da Cunha - RS;4308201;RS;DCA-Anexo I-C;Padrão;Receitas Brutas Realizadas;RO1.1.1.2.01.0.0;1.1.1.2.01.0.0 - Imposto sobre a Propriedade Territorial Rural;190422,07;29603
2018;Prefeitura Municipal de Flores da Cunha - RS;4308201;RS;DCA-Anexo I-C;Padrão;Deduções - Transferências Constitucionais;RO1.1.1.2.01.0.0;1.1.1.2.01.0.0 - Imposto sobre a Propriedade Territorial Rural;38084,25;29603
2018;Prefeitura Municipal de Flores da Cunha - RS;4308201;RS;DCA-Anexo I-C;Padrão;Receitas Brutas Realizadas;RO1.1.1.3.00.0.0;1.1.1.3.00.0.0 - Impostos sobre a Renda e Proventos de Qualquer Natureza;2416831,78;29603
2018;Prefeitura Municipal de Flores da Cunha - RS;4308201;RS;DCA-Anexo I-C;Padrão;Receitas Brutas Realizadas;RO1.1.1.3.03.0.0;1.1.1.3.03.0.0 - Imposto sobre a Renda - Retido na Fonte;2416831,78;29603
2018;Prefeitura Municipal de Flores da Cunha - RS;4308201;RS;DCA-Anexo I-C;Padrão;Receitas Brutas Realizadas;RO1.1.1.3.03.1.0;1.1.1.3.03.1.0 - Imposto sobre a Renda - Retido na Fonte - Trabalho;2350635,70;29603
2018;Prefeitura Municipal de Flores da Cunha - RS;4308201;RS;DCA-Anexo I-C;Padrão;Receitas Brutas Realizadas;RO1.1.1.3.03.4.0;1.1.1.3.03.4.0 - Imposto sobre a Renda - Retido na Fonte - Outros Rendimentos;66196,08;29603
2018;Prefeitura Municipal de Flores da Cunha - RS;4308201;RS;DCA-Anexo I-C;Padrão;Receitas Brutas Realizadas;RO1.1.1.8.00.0.0;1.1.1.8.00.0.0 Impostos Específicos de Estados, DF e Municípios;13163207,45;29603
2018;Prefeitura Municipal de Flores da Cunha - RS;4308201;RS;DCA-Anexo I-C;Padrão;Deduções - Transferências Constitucionais;RO1.1.1.8.00.0.0;1.1.1.8.00.0.0 Impostos Específicos de Estados, DF e Municípios;103459,54;29603
2018;Prefeitura Municipal de Flores da Cunha - RS;4308201;RS;DCA-Anexo I-C;Padrão;Receitas Brutas Realizadas;RO1.1.1.8.01.0.0;1.1.1.8.01.0.0 Impostos sobre o Patrimônio para Estados/DF/Municípios;7466356,19;29603
2018;Prefeitura Municipal de Flores da Cunha - RS;4308201;RS;DCA-Anexo I-C;Padrão;Deduções - Transferências Constitucionais;RO1.1.1.8.01.0.0;1.1.1.8.01.0.0 Impostos sobre o Patrimônio para Estados/DF/Municípios;97629,06;29603
2018;Prefeitura Municipal de Flores da Cunha - RS;4308201;RS;DCA-Anexo I-C;Padrão;Receitas Brutas Realizadas;RO1.1.1.8.01.1.0;1.1.1.8.01.1.0 Imposto sobre a Propriedade Predial e Territorial Urbana;4964053,09;29603
2018;Prefeitura Municipal de Flores da Cunha - RS;4308201;RS;DCA-Anexo I-C;Padrão;Deduções - Transferências Constitucionais;RO1.1.1.8.01.1.0;1.1.1.8.01.1.0 Imposto sobre a Propriedade Predial e Territorial Urbana;5088,72;29603
2018;Prefeitura Municipal de Flores da Cunha - RS;4308201;RS;DCA-Anexo I-C;Padrão;Receitas Brutas Realizadas;RO1.1.1.8.01.4.0;1.1.1.8.01.4.0 Imposto sobre Transmissão ¿Inter Vivos¿ de Bens Imóveis e de Direitos Reais sobre Imóveis;2502303,10;29603
2018;Prefeitura Municipal de Flores da Cunha - RS;4308201;RS;DCA-Anexo I-C;Padrão;Deduções - Transferências Constitucionais;RO1.1.1.8.01.4.0;1.1.1.8.01.4.0 Imposto sobre Transmissão ¿Inter Vivos¿ de Bens Imóveis e de Direitos Reais sobre Imóveis;92540,34;29603
2018;Prefeitura Municipal de Flores da Cunha - RS;4308201;RS;DCA-Anexo I-C;Padrão;Receitas Brutas Realizadas;RO1.1.1.8.02.0.0;1.1.1.8.02.0.0 Impostos sobre a Produção, Circulação de Mercadorias e Serviços;5696851,26;29603
2018;Prefeitura Municipal de Flores da Cunha - RS;4308201;RS;DCA-Anexo I-C;Padrão;Deduções - Transferências Constitucionais;RO1.1.1.8.02.0.0;1.1.1.8.02.0.0 Impostos sobre a Produção, Circulação de Mercadorias e Serviços;5830,48;29603
2018;Prefeitura Municipal de Flores da Cunha - RS;4308201;RS;DCA-Anexo I-C;Padrão;Receitas Brutas Realizadas;RO1.1.1.8.02.3.0;1.1.1.8.02.3.0 Imposto sobre Serviços de Qualquer Natureza;5696851,26;29603
2018;Prefeitura Municipal de Flores da Cunha - RS;4308201;RS;DCA-Anexo I-C;Padrão;Deduções - Transferências Constitucionais;RO1.1.1.8.02.3.0;1.1.1.8.02.3.0 Imposto sobre Serviços de Qualquer Natureza;5830,48;29603
2018;Prefeitura Municipal de Flores da Cunha - RS;4308201;RS;DCA-Anexo I-C;Padrão;Receitas Brutas Realizadas;RO1.1.2.0.00.0.0;1.1.2.0.00.0.0 - Taxas;2506415,88;29603
2018;Prefeitura Municipal de Flores da Cunha - RS;4308201;RS;DCA-Anexo I-C;Padrão;Deduções - Transferências Constitucionais;RO1.1.2.0.00.0.0;1.1.2.0.00.0.0 - Taxas;100,00;29603
2018;Prefeitura Municipal de Flores da Cunha - RS;4308201;RS;DCA-Anexo I-C;Padrão;Receitas Brutas Realizadas;RO1.1.2.1.00.0.0;1.1.2.1.00.0.0 - Taxas pelo Exercício do Poder de Polícia;1130780,37;29603
2018;Prefeitura Municipal de Flores da Cunha - RS;4308201;RS;DCA-Anexo I-C;Padrão;Deduções - Transferências Constitucionais;RO1.1.2.1.00.0.0;1.1.2.1.00.0.0 - Taxas pelo Exercício do Poder de Polícia;77,95;29603
2018;Prefeitura Municipal de Flores da Cunha - RS;4308201;RS;DCA-Anexo I-C;Padrão;Receitas Brutas Realizadas;RO1.1.2.1.01.0.0;1.1.2.1.01.0.0 - Taxas de Inspeção, Controle e Fiscalização;825574,46;29603
2018;Prefeitura Municipal de Flores da Cunha - RS;4308201;RS;DCA-Anexo I-C;Padrão;Deduções - Transferências Constitucionais;RO1.1.2.1.01.0.0;1.1.2.1.01.0.0 - Taxas de Inspeção, Controle e Fiscalização;77,95;29603
2018;Prefeitura Municipal de Flores da Cunha - RS;4308201;RS;DCA-Anexo I-C;Padrão;Receitas Brutas Realizadas;RO1.1.2.1.04.0.0;1.1.2.1.04.0.0 - Taxa de Controle e Fiscalização Ambiental;305205,91;29603
2018;Prefeitura Municipal de Flores da Cunha - RS;4308201;RS;DCA-Anexo I-C;Padrão;Receitas Brutas Realizadas;RO1.1.2.2.00.0.0;1.1.2.2.00.0.0 - Taxas pela Prestação de Serviços;1375635,51;29603
2018;Prefeitura Municipal de Flores da Cunha - RS;4308201;RS;DCA-Anexo I-C;Padrão;Deduções - Transferências Constitucionais;RO1.1.2.2.00.0.0;1.1.2.2.00.0.0 - Taxas pela Prestação de Serviços;22,05;29603
2018;Prefeitura Municipal de Flores da Cunha - RS;4308201;RS;DCA-Anexo I-C;Padrão;Receitas Brutas Realizadas;RO1.1.2.2.01.0.0;1.1.2.2.01.0.0 - Taxas pela Prestação de Serviços;1375635,51;29603
2018;Prefeitura Municipal de Flores da Cunha - RS;4308201;RS;DCA-Anexo I-C;Padrão;Deduções - Transferências Constitucionais;RO1.1.2.2.01.0.0;1.1.2.2.01.0.0 - Taxas pela Prestação de Serviços;22,05;29603
2018;Prefeitura Municipal de Flores da Cunha - RS;4308201;RS;DCA-Anexo I-C;Padrão;Receitas Brutas Realizadas;RO1.1.3.0.00.0.0;1.1.3.0.00.0.0 - Contribuição de Melhoria;3036,53;29603
2018;Prefeitura Municipal de Flores da Cunha - RS;4308201;RS;DCA-Anexo I-C;Padrão;Receitas Brutas Realizadas;RO1.1.3.8.00.0.0;1.1.3.8.00.0.0 - Contribuição de Melhoria - Específica de Estados, DF e Municípios;3036,53;29603
2018;Prefeitura Municipal de Flores da Cunha - RS;4308201;RS;DCA-Anexo I-C;Padrão;Receitas Brutas Realizadas;RO1.2.0.0.00.0.0;1.2.0.0.00.0.0 - Contribuições;3135907,62;29603
2018;Prefeitura Municipal de Flores da Cunha - RS;4308201;RS;DCA-Anexo I-C;Padrão;Receitas Brutas Realizadas;RO1.2.1.0.00.0.0;1.2.1.0.00.0.0 - Contribuições Sociais;3135907,62;29603
2018;Prefeitura Municipal de Flores da Cunha - RS;4308201;RS;DCA-Anexo I-C;Padrão;Receitas Brutas Realizadas;RO1.2.1.0.04.0.0;1.2.1.0.04.0.0 - Contribuição para o Regime Próprio de Previdência Social - RPPS;2867017,80;29603
2018;Prefeitura Municipal de Flores da Cunha - RS;4308201;RS;DCA-Anexo I-C;Padrão;Receitas Brutas Realizadas;RO1.2.1.0.04.2.0;1.2.1.0.04.2.0 - Contribuição do Servidor Ativo Civil para o RPPS;2850931,74;29603
2018;Prefeitura Municipal de Flores da Cunha - RS;4308201;RS;DCA-Anexo I-C;Padrão;Receitas Brutas Realizadas;RO1.2.1.0.04.3.0;1.2.1.0.04.3.0 - Contribuição do Servidor Inativo para o RPPS;16086,06;29603
2018;Prefeitura Municipal de Flores da Cunha - RS;4308201;RS;DCA-Anexo I-C;Padrão;Receitas Brutas Realizadas;RO1.2.1.0.99.0.0;1.2.1.0.99.0.0 - Outras Contribuições Sociais;268889,82;29603
2018;Prefeitura Municipal de Flores da Cunha - RS;4308201;RS;DCA-Anexo I-C;Padrão;Receitas Brutas Realizadas;RO1.3.0.0.00.0.0;1.3.0.0.00.0.0 - Receita Patrimonial;7548110,91;29603
2018;Prefeitura Municipal de Flores da Cunha - RS;4308201;RS;DCA-Anexo I-C;Padrão;Receitas Brutas Realizadas;RO1.3.1.0.00.0.0;1.3.1.0.00.0.0 - Exploração do Patrimônio Imobiliário do Estado;303544,58;29603
2018;Prefeitura Municipal de Flores da Cunha - RS;4308201;RS;DCA-Anexo I-C;Padrão;Receitas Brutas Realizadas;RO1.3.1.0.01.0.0;1.3.1.0.01.0.0 - Aluguéis, Arrendamentos, Foros, Laudêmios, Tarifas de Ocupação;303544,58;29603
2018;Prefeitura Municipal de Flores da Cunha - RS;4308201;RS;DCA-Anexo I-C;Padrão;Receitas Brutas Realizadas;RO1.3.1.0.01.1.0;1.3.1.0.01.1.0 - Aluguéis e Arrendamentos;303544,58;29603
2018;Prefeitura Municipal de Flores da Cunha - RS;4308201;RS;DCA-Anexo I-C;Padrão;Receitas Brutas Realizadas;RO1.3.2.0.00.0.0;1.3.2.0.00.0.0 - Valores Mobiliários;7244566,33;29603
2018;Prefeitura Municipal de Flores da Cunha - RS;4308201;RS;DCA-Anexo I-C;Padrão;Receitas Brutas Realizadas;RO1.3.2.1.00.0.0;1.3.2.1.00.0.0 - Juros e Correções Monetárias;7242599,93;29603
2018;Prefeitura Municipal de Flores da Cunha - RS;4308201;RS;DCA-Anexo I-C;Padrão;Receitas Brutas Realizadas;RO1.3.2.1.00.1.0;1.3.2.1.00.1.0 - Remuneração de Depósitos Bancários;917927,94;29603
2018;Prefeitura Municipal de Flores da Cunha - RS;4308201;RS;DCA-Anexo I-C;Padrão;Receitas Brutas Realizadas;RO1.3.2.1.00.4.0;1.3.2.1.00.4.0 - Remuneração dos Recursos do Regime Próprio de Previdência Social - RPPS;6324671,99;29603
2018;Prefeitura Municipal de Flores da Cunha - RS;4308201;RS;DCA-Anexo I-C;Padrão;Receitas Brutas Realizadas;RO1.3.2.9.00.0.0;1.3.2.9.00.0.0 - Outros Valores Mobiliários;1966,40;29603
2018;Prefeitura Municipal de Flores da Cunha - RS;4308201;RS;DCA-Anexo I-C;Padrão;Receitas Brutas Realizadas;RO1.6.0.0.00.0.0;1.6.0.0.00.0.0 - Receita de Serviços;155492,46;29603
2018;Prefeitura Municipal de Flores da Cunha - RS;4308201;RS;DCA-Anexo I-C;Padrão;Receitas Brutas Realizadas;RO1.6.1.0.00.0.0;1.6.1.0.00.0.0 - Serviços Administrativos e Comerciais Gerais;71541,64;29603
2018;Prefeitura Municipal de Flores da Cunha - RS;4308201;RS;DCA-Anexo I-C;Padrão;Receitas Brutas Realizadas;RO1.6.1.0.01.0.0;1.6.1.0.01.0.0 - Serviços Administrativos e Comerciais Gerais;42713,64;29603
2018;Prefeitura Municipal de Flores da Cunha - RS;4308201;RS;DCA-Anexo I-C;Padrão;Receitas Brutas Realizadas;RO1.6.1.0.02.0.0;1.6.1.0.02.0.0 - Inscrição em Concursos e Processos Seletivos;28828,00;29603
2018;Prefeitura Municipal de Flores da Cunha - RS;4308201;RS;DCA-Anexo I-C;Padrão;Receitas Brutas Realizadas;RO1.6.9.0.00.0.0;1.6.9.0.00.0.0 - Outros Serviços;83950,82;29603
2018;Prefeitura Municipal de Flores da Cunha - RS;4308201;RS;DCA-Anexo I-C;Padrão;Receitas Brutas Realizadas;RO1.6.9.0.99.0.0;1.6.9.0.99.0.0 - Outros Serviços;83950,82;29603
2018;Prefeitura Municipal de Flores da Cunha - RS;4308201;RS;DCA-Anexo I-C;Padrão;Receitas Brutas Realizadas;RO1.7.0.0.00.0.0;1.7.0.0.00.0.0 - Transferências Correntes;84821506,84;29603
2018;Prefeitura Municipal de Flores da Cunha - RS;4308201;RS;DCA-Anexo I-C;Padrão;Deduções - Transferências Constitucionais;RO1.7.0.0.00.0.0;1.7.0.0.00.0.0 - Transferências Correntes;8634797,50;29603
2018;Prefeitura Municipal de Flores da Cunha - RS;4308201;RS;DCA-Anexo I-C;Padrão;Deduções - FUNDEB;RO1.7.0.0.00.0.0;1.7.0.0.00.0.0 - Transferências Correntes;3501348,90;29603
2018;Prefeitura Municipal de Flores da Cunha - RS;4308201;RS;DCA-Anexo I-C;Padrão;Receitas Brutas Realizadas;RO1.7.1.0.00.0.0;1.7.1.0.00.0.0 - Transferências da União e de suas Entidades;25984226,13;29603
2018;Prefeitura Municipal de Flores da Cunha - RS;4308201;RS;DCA-Anexo I-C;Padrão;Deduções - FUNDEB;RO1.7.1.0.00.0.0;1.7.1.0.00.0.0 - Transferências da União e de suas Entidades;3501348,90;29603
2018;Prefeitura Municipal de Flores da Cunha - RS;4308201;RS;DCA-Anexo I-C;Padrão;Receitas Brutas Realizadas;RO1.7.1.8.00.0.0;1.7.1.8.00.0.0 Transferências da União - Específicas de Estados, DF e Municípios;25984226,13;29603
2018;Prefeitura Municipal de Flores da Cunha - RS;4308201;RS;DCA-Anexo I-C;Padrão;Deduções - FUNDEB;RO1.7.1.8.00.0.0;1.7.1.8.00.0.0 Transferências da União - Específicas de Estados, DF e Municípios;3501348,90;29603
2018;Prefeitura Municipal de Flores da Cunha - RS;4308201;RS;DCA-Anexo I-C;Padrão;Receitas Brutas Realizadas;RO1.7.1.8.01.0.0;1.7.1.8.01.0.0 Participação na Receita da União;18815659,42;29603
2018;Prefeitura Municipal de Flores da Cunha - RS;4308201;RS;DCA-Anexo I-C;Padrão;Deduções - FUNDEB;RO1.7.1.8.01.0.0;1.7.1.8.01.0.0 Participação na Receita da União;3459566,95;29603
2018;Prefeitura Municipal de Flores da Cunha - RS;4308201;RS;DCA-Anexo I-C;Padrão;Receitas Brutas Realizadas;RO1.7.1.8.01.2.0;1.7.1.8.01.2.0 Cota-Parte do Fundo de Participação dos Municípios - Cota Mensal;17297836,30;29603
2018;Prefeitura Municipal de Flores da Cunha - RS;4308201;RS;DCA-Anexo I-C;Padrão;Deduções - FUNDEB;RO1.7.1.8.01.2.0;1.7.1.8.01.2.0 Cota-Parte do Fundo de Participação dos Municípios - Cota Mensal;3459566,95;29603
2018;Prefeitura Municipal de Flores da Cunha - RS;4308201;RS;DCA-Anexo I-C;Padrão;Receitas Brutas Realizadas;RO1.7.1.8.01.3.0;1.7.1.8.01.3.0 Cota-Parte do Fundo de Participação do Municípios ¿ 1% Cota entregue no mês de dezembro;768264,17;29603
2018;Prefeitura Municipal de Flores da Cunha - RS;4308201;RS;DCA-Anexo I-C;Padrão;Receitas Brutas Realizadas;RO1.7.1.8.01.4.0;1.7.1.8.01.4.0 Cota-Parte do Fundo de Participação dos Municípios - 1% Cota entregue no mês de julho;749558,95;29603
2018;Prefeitura Municipal de Flores da Cunha - RS;4308201;RS;DCA-Anexo I-C;Padrão;Receitas Brutas Realizadas;RO1.7.1.8.02.0.0;1.7.1.8.02.0.0 Transferência da Compensação Financeira pela Exploração de Recursos Naturais;412599,08;29603
2018;Prefeitura Municipal de Flores da Cunha - RS;4308201;RS;DCA-Anexo I-C;Padrão;Receitas Brutas Realizadas;RO1.7.1.8.02.1.0;1.7.1.8.02.1.0 Cota-parte da Compensação Financeira de Recursos Hídricos;83221,22;29603
2018;Prefeitura Municipal de Flores da Cunha - RS;4308201;RS;DCA-Anexo I-C;Padrão;Receitas Brutas Realizadas;RO1.7.1.8.02.2.0;1.7.1.8.02.2.0 Cota-parte da Compensação Financeira de Recursos Minerais - CFEM;41655,49;29603
2018;Prefeitura Municipal de Flores da Cunha - RS;4308201;RS;DCA-Anexo I-C;Padrão;Receitas Brutas Realizadas;RO1.7.1.8.02.6.0;1.7.1.8.02.6.0 Cota-Parte do Fundo Especial do Petróleo ¿ FEP;287722,37;29603
2018;Prefeitura Municipal de Flores da Cunha - RS;4308201;RS;DCA-Anexo I-C;Padrão;Receitas Brutas Realizadas;RO1.7.1.8.03.0.0;1.7.1.8.03.0.0 Transferência de Recursos do Sistema Único de Saúde ¿ SUS ¿ Repasses Fundo a Fundo;4003140,59;29603
2018;Prefeitura Municipal de Flores da Cunha - RS;4308201;RS;DCA-Anexo I-C;Padrão;Receitas Brutas Realizadas;RO1.7.1.8.04.0.0;1.7.1.8.04.0.0 Transferências de Recursos do Fundo Nacional de Assistência Social ¿ FNAS;219911,84;29603
2018;Prefeitura Municipal de Flores da Cunha - RS;4308201;RS;DCA-Anexo I-C;Padrão;Receitas Brutas Realizadas;RO1.7.1.8.05.0.0;1.7.1.8.05.0.0 Transferências de Recursos do Fundo Nacional do Desenvolvimento da Educação ¿ FNDE;1624005,12;29603
2018;Prefeitura Municipal de Flores da Cunha - RS;4308201;RS;DCA-Anexo I-C;Padrão;Receitas Brutas Realizadas;RO1.7.1.8.05.1.0;1.7.1.8.05.1.0 Transferências do Salário-Educação;1002730,16;29603
2018;Prefeitura Municipal de Flores da Cunha - RS;4308201;RS;DCA-Anexo I-C;Padrão;Receitas Brutas Realizadas;RO1.7.1.8.05.3.0;1.7.1.8.05.3.0 Transferências Diretas do FNDE referentes ao Programa Nacional de Alimentação Escolar ¿ PNAE;341836,00;29603
2018;Prefeitura Municipal de Flores da Cunha - RS;4308201;RS;DCA-Anexo I-C;Padrão;Receitas Brutas Realizadas;RO1.7.1.8.05.4.0;1.7.1.8.05.4.0 Transferências Diretas do FNDE referentes ao Programa Nacional de Apoio ao Transporte do Escolar ¿ PNATE;168445,11;29603
2018;Prefeitura Municipal de Flores da Cunha - RS;4308201;RS;DCA-Anexo I-C;Padrão;Receitas Brutas Realizadas;RO1.7.1.8.05.9.0;1.7.1.8.05.9.0 Outras Transferências Diretas do Fundo Nacional do Desenvolvimento da Educação ¿ FNDE;110993,85;29603
2018;Prefeitura Municipal de Flores da Cunha - RS;4308201;RS;DCA-Anexo I-C;Padrão;Receitas Brutas Realizadas;RO1.7.1.8.06.0.0;1.7.1.8.06.0.0 Transferência Financeira do ICMS ¿ Desoneração ¿ L.C. Nº 87/96;208910,08;29603
2018;Prefeitura Municipal de Flores da Cunha - RS;4308201;RS;DCA-Anexo I-C;Padrão;Deduções - FUNDEB;RO1.7.1.8.06.0.0;1.7.1.8.06.0.0 Transferência Financeira do ICMS ¿ Desoneração ¿ L.C. Nº 87/96;41781,95;29603
2018;Prefeitura Municipal de Flores da Cunha - RS;4308201;RS;DCA-Anexo I-C;Padrão;Receitas Brutas Realizadas;RO1.7.1.8.06.1.0;1.7.1.8.06.1.0 Transferência Financeira do ICMS ¿ Desoneração ¿ L.C. Nº 87/96;208910,08;29603
2018;Prefeitura Municipal de Flores da Cunha - RS;4308201;RS;DCA-Anexo I-C;Padrão;Deduções - FUNDEB;RO1.7.1.8.06.1.0;1.7.1.8.06.1.0 Transferência Financeira do ICMS ¿ Desoneração ¿ L.C. Nº 87/96;41781,95;29603
2018;Prefeitura Municipal de Flores da Cunha - RS;4308201;RS;DCA-Anexo I-C;Padrão;Receitas Brutas Realizadas;RO1.7.1.8.08.0.0;1.7.1.8.08.0.0 Transferências Advindas de Emendas Parlamentares Individuais;700000,00;29603
2018;Prefeitura Municipal de Flores da Cunha - RS;4308201;RS;DCA-Anexo I-C;Padrão;Receitas Brutas Realizadas;RO1.7.2.0.00.0.0;1.7.2.0.00.0.0 - Transferências dos Estados e do Distrito Federal e de suas Entidades;46363229,60;29603
2018;Prefeitura Municipal de Flores da Cunha - RS;4308201;RS;DCA-Anexo I-C;Padrão;Deduções - Transferências Constitucionais;RO1.7.2.0.00.0.0;1.7.2.0.00.0.0 - Transferências dos Estados e do Distrito Federal e de suas Entidades;8634797,50;29603
2018;Prefeitura Municipal de Flores da Cunha - RS;4308201;RS;DCA-Anexo I-C;Padrão;Receitas Brutas Realizadas;RO1.7.2.8.00.0.0;1.7.2.8.00.0.0 Transferências dos Estados - Específicas de Estados, DF e Municípios;46363229,60;29603
2018;Prefeitura Municipal de Flores da Cunha - RS;4308201;RS;DCA-Anexo I-C;Padrão;Deduções - Transferências Constitucionais;RO1.7.2.8.00.0.0;1.7.2.8.00.0.0 Transferências dos Estados - Específicas de Estados, DF e Municípios;8634797,50;29603
2018;Prefeitura Municipal de Flores da Cunha - RS;4308201;RS;DCA-Anexo I-C;Padrão;Receitas Brutas Realizadas;RO1.7.2.8.01.0.0;1.7.2.8.01.0.0 Participação na Receita dos Estados;43224380,67;29603
2018;Prefeitura Municipal de Flores da Cunha - RS;4308201;RS;DCA-Anexo I-C;Padrão;Deduções - Transferências Constitucionais;RO1.7.2.8.01.0.0;1.7.2.8.01.0.0 Participação na Receita dos Estados;8634797,50;29603
2018;Prefeitura Municipal de Flores da Cunha - RS;4308201;RS;DCA-Anexo I-C;Padrão;Receitas Brutas Realizadas;RO1.7.2.8.01.1.0;1.7.2.8.01.1.0 Cota-Parte do ICMS;36329490,73;29603
2018;Prefeitura Municipal de Flores da Cunha - RS;4308201;RS;DCA-Anexo I-C;Padrão;Deduções - Transferências Constitucionais;RO1.7.2.8.01.1.0;1.7.2.8.01.1.0 Cota-Parte do ICMS;7265898,12;29603
2018;Prefeitura Municipal de Flores da Cunha - RS;4308201;RS;DCA-Anexo I-C;Padrão;Receitas Brutas Realizadas;RO1.7.2.8.01.2.0;1.7.2.8.01.2.0 Cota-Parte do IPVA;6295705,36;29603
2018;Prefeitura Municipal de Flores da Cunha - RS;4308201;RS;DCA-Anexo I-C;Padrão;Deduções - Transferências Constitucionais;RO1.7.2.8.01.2.0;1.7.2.8.01.2.0 Cota-Parte do IPVA;1259141,02;29603
2018;Prefeitura Municipal de Flores da Cunha - RS;4308201;RS;DCA-Anexo I-C;Padrão;Receitas Brutas Realizadas;RO1.7.2.8.01.3.0;1.7.2.8.01.3.0 Cota-Parte do IPI - Municípios;548791,87;29603
2018;Prefeitura Municipal de Flores da Cunha - RS;4308201;RS;DCA-Anexo I-C;Padrão;Deduções - Transferências Constitucionais;RO1.7.2.8.01.3.0;1.7.2.8.01.3.0 Cota-Parte do IPI - Municípios;109758,36;29603
2018;Prefeitura Municipal de Flores da Cunha - RS;4308201;RS;DCA-Anexo I-C;Padrão;Receitas Brutas Realizadas;RO1.7.2.8.01.4.0;1.7.2.8.01.4.0 Cota-Parte da Contribuição de Intervenção no Domínio Econômico;48690,72;29603
2018;Prefeitura Municipal de Flores da Cunha - RS;4308201;RS;DCA-Anexo I-C;Padrão;Receitas Brutas Realizadas;RO1.7.2.8.01.5.0;1.7.2.8.01.5.0 Outras Participações na Receita dos Estados;1701,99;29603
2018;Prefeitura Municipal de Flores da Cunha - RS;4308201;RS;DCA-Anexo I-C;Padrão;Receitas Brutas Realizadas;RO1.7.2.8.03.0.0;1.7.2.8.03.0.0 Transferência de Recursos do Estado para Programas de Saúde ¿ Repasse Fundo a Fundo;1911072,01;29603
2018;Prefeitura Municipal de Flores da Cunha - RS;4308201;RS;DCA-Anexo I-C;Padrão;Receitas Brutas Realizadas;RO1.7.2.8.10.0.0;1.7.2.8.10.0.0 Transferência de Convênios dos Estados e do Distrito Federal e de Suas Entidades;731581,69;29603
2018;Prefeitura Municipal de Flores da Cunha - RS;4308201;RS;DCA-Anexo I-C;Padrão;Receitas Brutas Realizadas;RO1.7.2.8.10.2.0;1.7.2.8.10.2.0 Transferências de Convênio dos Estados Destinadas a Programas de Educação;731581,69;29603
2018;Prefeitura Municipal de Flores da Cunha - RS;4308201;RS;DCA-Anexo I-C;Padrão;Receitas Brutas Realizadas;RO1.7.2.8.99.0.0;1.7.2.8.99.0.0 Outras Transferências dos Estados;496195,23;29603
2018;Prefeitura Municipal de Flores da Cunha - RS;4308201;RS;DCA-Anexo I-C;Padrão;Receitas Brutas Realizadas;RO1.7.4.0.00.0.0;1.7.4.0.00.0.0 - Transferências de Instituições Privadas;67301,36;29603
2018;Prefeitura Municipal de Flores da Cunha - RS;4308201;RS;DCA-Anexo I-C;Padrão;Receitas Brutas Realizadas;RO1.7.4.8.00.0.0;1.7.4.8.00.0.0 Transferências de Instituições Privadas - Específicas de Estados, DF e Municípios;67301,36;29603
2018;Prefeitura Municipal de Flores da Cunha - RS;4308201;RS;DCA-Anexo I-C;Padrão;Receitas Brutas Realizadas;RO1.7.5.0.00.0.0;1.7.5.0.00.0.0 - Transferências de Outras Instituições Públicas;12404749,75;29603
2018;Prefeitura Municipal de Flores da Cunha - RS;4308201;RS;DCA-Anexo I-C;Padrão;Receitas Brutas Realizadas;RO1.7.5.8.00.0.0;1.7.5.8.00.0.0 Transferências de Outras Instituições Públicas - Específicas de Estados, DF e Municípios;12404749,75;29603
2018;Prefeitura Municipal de Flores da Cunha - RS;4308201;RS;DCA-Anexo I-C;Padrão;Receitas Brutas Realizadas;RO1.7.5.8.01.0.0;1.7.5.8.01.0.0 Transferências de Recursos do Fundo de Manutenção e Desenvolvimento da Educação Básica e de Valorização dos Profissionais da Educação ¿ FUNDEB;12404749,75;29603
2018;Prefeitura Municipal de Flores da Cunha - RS;4308201;RS;DCA-Anexo I-C;Padrão;Receitas Brutas Realizadas;RO1.7.7.0.00.0.0;1.7.7.0.00.0.0 - Transferências de Pessoas Físicas;2000,00;29603
2018;Prefeitura Municipal de Flores da Cunha - RS;4308201;RS;DCA-Anexo I-C;Padrão;Receitas Brutas Realizadas;RO1.9.0.0.00.0.0;1.9.0.0.00.0.0 - Outras Receitas Correntes;399917,62;29603
2018;Prefeitura Municipal de Flores da Cunha - RS;4308201;RS;DCA-Anexo I-C;Padrão;Receitas Brutas Realizadas;RO1.9.1.0.00.0.0;1.9.1.0.00.0.0 - Multas Administrativas, Contratuais e Judiciais;76746,90;29603
2018;Prefeitura Municipal de Flores da Cunha - RS;4308201;RS;DCA-Anexo I-C;Padrão;Receitas Brutas Realizadas;RO1.9.2.0.00.0.0;1.9.2.0.00.0.0 - Indenizações, Restituições e Ressarcimentos;219089,80;29603
2018;Prefeitura Municipal de Flores da Cunha - RS;4308201;RS;DCA-Anexo I-C;Padrão;Receitas Brutas Realizadas;RO1.9.2.1.00.0.0;1.9.2.1.00.0.0 - Indenizações;55989,60;29603
2018;Prefeitura Municipal de Flores da Cunha - RS;4308201;RS;DCA-Anexo I-C;Padrão;Receitas Brutas Realizadas;RO1.9.2.2.00.0.0;1.9.2.2.00.0.0 - Restituições;163100,20;29603
2018;Prefeitura Municipal de Flores da Cunha - RS;4308201;RS;DCA-Anexo I-C;Padrão;Receitas Brutas Realizadas;RO1.9.2.2.99.0.0;1.9.2.2.99.0.0 - Outras Restituições;163100,20;29603
2018;Prefeitura Municipal de Flores da Cunha - RS;4308201;RS;DCA-Anexo I-C;Padrão;Receitas Brutas Realizadas;RO1.9.9.0.00.0.0;1.9.9.0.00.0.0 - Demais Receitas Correntes;104080,92;29603
2018;Prefeitura Municipal de Flores da Cunha - RS;4308201;RS;DCA-Anexo I-C;Padrão;Receitas Brutas Realizadas;RO1.9.9.0.99.0.0;1.9.9.0.99.0.0 - Outras Receitas;104080,92;29603
2018;Prefeitura Municipal de Flores da Cunha - RS;4308201;RS;DCA-Anexo I-C;Padrão;Receitas Brutas Realizadas;RO1.9.9.0.99.1.0;1.9.9.0.99.1.0 - Outras Receitas - Primárias;104080,92;29603
2018;Prefeitura Municipal de Flores da Cunha - RS;4308201;RS;DCA-Anexo I-C;Padrão;Receitas Brutas Realizadas;RO2.0.0.0.00.0.0;2.0.0.0.00.0.0 - Receitas de Capital;2050120,26;29603
2018;Prefeitura Municipal de Flores da Cunha - RS;4308201;RS;DCA-Anexo I-C;Padrão;Receitas Brutas Realizadas;RO2.2.0.0.00.0.0;2.2.0.0.00.0.0 - Alienação de Bens;241760,03;29603
2018;Prefeitura Municipal de Flores da Cunha - RS;4308201;RS;DCA-Anexo I-C;Padrão;Receitas Brutas Realizadas;RO2.2.2.0.00.0.0;2.2.2.0.00.0.0 - Alienação de Bens Imóveis;241760,03;29603
2018;Prefeitura Municipal de Flores da Cunha - RS;4308201;RS;DCA-Anexo I-C;Padrão;Receitas Brutas Realizadas;RO2.3.0.0.00.0.0;2.3.0.0.00.0.0 - Amortização de Empréstimos;107885,36;29603
2018;Prefeitura Municipal de Flores da Cunha - RS;4308201;RS;DCA-Anexo I-C;Padrão;Receitas Brutas Realizadas;RO2.4.0.0.00.0.0;2.4.0.0.00.0.0 - Transferências de Capital;1700474,87;29603
2018;Prefeitura Municipal de Flores da Cunha - RS;4308201;RS;DCA-Anexo I-C;Padrão;Receitas Brutas Realizadas;RO2.4.1.0.00.0.0;2.4.1.0.00.0.0 - Transferências da União e de suas Entidades;1700474,87;29603
2018;Prefeitura Municipal de Flores da Cunha - RS;4308201;RS;DCA-Anexo I-C;Padrão;Receitas Brutas Realizadas;RO2.4.1.8.00.0.0;2.4.1.8.00.0.0 Transferências da União - Específicas de Estados, DF e Municípios;1700474,87;29603
2018;Prefeitura Municipal de Flores da Cunha - RS;4308201;RS;DCA-Anexo I-C;Padrão;Receitas Brutas Realizadas;RO2.4.1.8.99.0.0;2.4.1.8.99.0.0 Outras Transferências da União;1700474,87;29603
2018;Prefeitura Municipal de Flores da Cunha - RS;4308201;RS;DCA-Anexo I-C;Padrão;Receitas Brutas Realizadas;RO7.0.0.0.00.0.0;7.0.0.0.00.0.0 - Receitas Correntes - Intraorçamentárias;8165540,56;29603
2018;Prefeitura Municipal de Flores da Cunha - RS;4308201;RS;DCA-Anexo I-C;Padrão;Receitas Brutas Realizadas;RO7.2.0.0.00.0.0;7.2.0.0.00.0.0 - Contribuições - Intraorçamentárias;8165540,56;29603
2018;Prefeitura Municipal de Flores da Cunha - RS;4308201;RS;DCA-Anexo I-C;Padrão;Receitas Brutas Realizadas;RO7.2.1.0.00.0.0;7.2.1.0.00.0.0 - Contribuições Sociais - Intraorçamentárias;8165540,56;29603
2018;Prefeitura Municipal de Flores da Cunha - RS;4308201;RS;DCA-Anexo I-C;Padrão;Receitas Brutas Realizadas;RO7.2.1.0.04.0.0;7.2.1.0.04.0.0 - Contribuição para o Regime Próprio de Previdência Social - RPPS - Intraorçamentárias;3353194,90;29603
2018;Prefeitura Municipal de Flores da Cunha - RS;4308201;RS;DCA-Anexo I-C;Padrão;Receitas Brutas Realizadas;RO7.2.1.0.04.1.0;7.2.1.0.04.1.0 - Contribuição Patronal de Servidor Ativo Civil para o RPPS - Intraorçamentárias;3353194,90;29603
2018;Prefeitura Municipal de Flores da Cunha - RS;4308201;RS;DCA-Anexo I-C;Padrão;Receitas Brutas Realizadas;RO7.2.1.0.99.0.0;7.2.1.0.99.0.0 - Outras Contribuições Sociais - Intraorçamentárias;4812345,66;29603
2019;Prefeitura Municipal de Flores da Cunha - RS;4308201;RS;DCA-Anexo I-C;Padrão;Receitas Brutas Realizadas;ReceitasExcetoIntraOrcamentarias;RECEITAS (EXCETO INTRA-ORÇAMENTÁRIAS) (I);135812857,86;30430
2019;Prefeitura Municipal de Flores da Cunha - RS;4308201;RS;DCA-Anexo I-C;Padrão;Deduções - Transferências Constitucionais;ReceitasExcetoIntraOrcamentarias;RECEITAS (EXCETO INTRA-ORÇAMENTÁRIAS) (I);52647,65;30430
2019;Prefeitura Municipal de Flores da Cunha - RS;4308201;RS;DCA-Anexo I-C;Padrão;Deduções - FUNDEB;ReceitasExcetoIntraOrcamentarias;RECEITAS (EXCETO INTRA-ORÇAMENTÁRIAS) (I);13412435,82;30430
2019;Prefeitura Municipal de Flores da Cunha - RS;4308201;RS;DCA-Anexo I-C;Padrão;Outras Deduções da Receita;ReceitasExcetoIntraOrcamentarias;RECEITAS (EXCETO INTRA-ORÇAMENTÁRIAS) (I);27497,96;30430
2019;Prefeitura Municipal de Flores da Cunha - RS;4308201;RS;DCA-Anexo I-C;Padrão;Receitas Brutas Realizadas;RO1.0.0.0.00.0.0;1.0.0.0.00.0.0 - Receitas Correntes;133389384,39;30430
2019;Prefeitura Municipal de Flores da Cunha - RS;4308201;RS;DCA-Anexo I-C;Padrão;Deduções - Transferências Constitucionais;RO1.0.0.0.00.0.0;1.0.0.0.00.0.0 - Receitas Correntes;52647,65;30430
2019;Prefeitura Municipal de Flores da Cunha - RS;4308201;RS;DCA-Anexo I-C;Padrão;Deduções - FUNDEB;RO1.0.0.0.00.0.0;1.0.0.0.00.0.0 - Receitas Correntes;13412435,82;30430
2019;Prefeitura Municipal de Flores da Cunha - RS;4308201;RS;DCA-Anexo I-C;Padrão;Outras Deduções da Receita;RO1.0.0.0.00.0.0;1.0.0.0.00.0.0 - Receitas Correntes;27497,96;30430
2019;Prefeitura Municipal de Flores da Cunha - RS;4308201;RS;DCA-Anexo I-C;Padrão;Receitas Brutas Realizadas;RO1.1.0.0.00.0.0;1.1.0.0.00.0.0 - Impostos, Taxas e Contribuições de Melhoria;21365174,21;30430
2019;Prefeitura Municipal de Flores da Cunha - RS;4308201;RS;DCA-Anexo I-C;Padrão;Deduções - Transferências Constitucionais;RO1.1.0.0.00.0.0;1.1.0.0.00.0.0 - Impostos, Taxas e Contribuições de Melhoria;52647,65;30430
2019;Prefeitura Municipal de Flores da Cunha - RS;4308201;RS;DCA-Anexo I-C;Padrão;Outras Deduções da Receita;RO1.1.0.0.00.0.0;1.1.0.0.00.0.0 - Impostos, Taxas e Contribuições de Melhoria;27497,96;30430
2019;Prefeitura Municipal de Flores da Cunha - RS;4308201;RS;DCA-Anexo I-C;Padrão;Receitas Brutas Realizadas;RO1.1.1.0.00.0.0;1.1.1.0.00.0.0 - Impostos;18662435,93;30430
2019;Prefeitura Municipal de Flores da Cunha - RS;4308201;RS;DCA-Anexo I-C;Padrão;Deduções - Transferências Constitucionais;RO1.1.1.0.00.0.0;1.1.1.0.00.0.0 - Impostos;52647,65;30430
2019;Prefeitura Municipal de Flores da Cunha - RS;4308201;RS;DCA-Anexo I-C;Padrão;Outras Deduções da Receita;RO1.1.1.0.00.0.0;1.1.1.0.00.0.0 - Impostos;26398,56;30430
2019;Prefeitura Municipal de Flores da Cunha - RS;4308201;RS;DCA-Anexo I-C;Padrão;Receitas Brutas Realizadas;RO1.1.1.2.00.0.0;1.1.1.2.00.0.0 - Impostos sobre o Patrimônio;263238,92;30430
2019;Prefeitura Municipal de Flores da Cunha - RS;4308201;RS;DCA-Anexo I-C;Padrão;Deduções - Transferências Constitucionais;RO1.1.1.2.00.0.0;1.1.1.2.00.0.0 - Impostos sobre o Patrimônio;52647,65;30430
2019;Prefeitura Municipal de Flores da Cunha - RS;4308201;RS;DCA-Anexo I-C;Padrão;Receitas Brutas Realizadas;RO1.1.1.2.01.0.0;1.1.1.2.01.0.0 - Imposto sobre a Propriedade Territorial Rural;263238,92;30430
2019;Prefeitura Municipal de Flores da Cunha - RS;4308201;RS;DCA-Anexo I-C;Padrão;Deduções - Transferências Constitucionais;RO1.1.1.2.01.0.0;1.1.1.2.01.0.0 - Imposto sobre a Propriedade Territorial Rural;52647,65;30430
2019;Prefeitura Municipal de Flores da Cunha - RS;4308201;RS;DCA-Anexo I-C;Padrão;Receitas Brutas Realizadas;RO1.1.1.3.00.0.0;1.1.1.3.00.0.0 - Impostos sobre a Renda e Proventos de Qualquer Natureza;2960000,77;30430
2019;Prefeitura Municipal de Flores da Cunha - RS;4308201;RS;DCA-Anexo I-C;Padrão;Receitas Brutas Realizadas;RO1.1.1.3.03.0.0;1.1.1.3.03.0.0 - Imposto sobre a Renda - Retido na Fonte;2960000,77;30430
2019;Prefeitura Municipal de Flores da Cunha - RS;4308201;RS;DCA-Anexo I-C;Padrão;Receitas Brutas Realizadas;RO1.1.1.3.03.1.0;1.1.1.3.03.1.0 - Imposto sobre a Renda - Retido na Fonte - Trabalho;2879955,32;30430
2019;Prefeitura Municipal de Flores da Cunha - RS;4308201;RS;DCA-Anexo I-C;Padrão;Receitas Brutas Realizadas;RO1.1.1.3.03.4.0;1.1.1.3.03.4.0 - Imposto sobre a Renda - Retido na Fonte - Outros Rendimentos;80045,45;30430
2019;Prefeitura Municipal de Flores da Cunha - RS;4308201;RS;DCA-Anexo I-C;Padrão;Receitas Brutas Realizadas;RO1.1.1.8.00.0.0;1.1.1.8.00.0.0 Impostos Específicos de Estados, DF e Municípios;15439196,24;30430
2019;Prefeitura Municipal de Flores da Cunha - RS;4308201;RS;DCA-Anexo I-C;Padrão;Outras Deduções da Receita;RO1.1.1.8.00.0.0;1.1.1.8.00.0.0 Impostos Específicos de Estados, DF e Municípios;26398,56;30430
2019;Prefeitura Municipal de Flores da Cunha - RS;4308201;RS;DCA-Anexo I-C;Padrão;Receitas Brutas Realizadas;RO1.1.1.8.01.0.0;1.1.1.8.01.0.0 Impostos sobre o Patrimônio para Estados/DF/Municípios;8488267,02;30430
2019;Prefeitura Municipal de Flores da Cunha - RS;4308201;RS;DCA-Anexo I-C;Padrão;Outras Deduções da Receita;RO1.1.1.8.01.0.0;1.1.1.8.01.0.0 Impostos sobre o Patrimônio para Estados/DF/Municípios;21980,05;30430
2019;Prefeitura Municipal de Flores da Cunha - RS;4308201;RS;DCA-Anexo I-C;Padrão;Receitas Brutas Realizadas;RO1.1.1.8.01.1.0;1.1.1.8.01.1.0 Imposto sobre a Propriedade Predial e Territorial Urbana;5239676,98;30430
2019;Prefeitura Municipal de Flores da Cunha - RS;4308201;RS;DCA-Anexo I-C;Padrão;Outras Deduções da Receita;RO1.1.1.8.01.1.0;1.1.1.8.01.1.0 Imposto sobre a Propriedade Predial e Territorial Urbana;3954,63;30430
2019;Prefeitura Municipal de Flores da Cunha - RS;4308201;RS;DCA-Anexo I-C;Padrão;Receitas Brutas Realizadas;RO1.1.1.8.01.4.0;1.1.1.8.01.4.0 Imposto sobre Transmissão ¿Inter Vivos¿ de Bens Imóveis e de Direitos Reais sobre Imóveis;3248590,04;30430
2019;Prefeitura Municipal de Flores da Cunha - RS;4308201;RS;DCA-Anexo I-C;Padrão;Outras Deduções da Receita;RO1.1.1.8.01.4.0;1.1.1.8.01.4.0 Imposto sobre Transmissão ¿Inter Vivos¿ de Bens Imóveis e de Direitos Reais sobre Imóveis;18025,42;30430
2019;Prefeitura Municipal de Flores da Cunha - RS;4308201;RS;DCA-Anexo I-C;Padrão;Receitas Brutas Realizadas;RO1.1.1.8.02.0.0;1.1.1.8.02.0.0 Impostos sobre a Produção, Circulação de Mercadorias e Serviços;6950929,22;30430
2019;Prefeitura Municipal de Flores da Cunha - RS;4308201;RS;DCA-Anexo I-C;Padrão;Outras Deduções da Receita;RO1.1.1.8.02.0.0;1.1.1.8.02.0.0 Impostos sobre a Produção, Circulação de Mercadorias e Serviços;4418,51;30430
2019;Prefeitura Municipal de Flores da Cunha - RS;4308201;RS;DCA-Anexo I-C;Padrão;Receitas Brutas Realizadas;RO1.1.1.8.02.3.0;1.1.1.8.02.3.0 Imposto sobre Serviços de Qualquer Natureza;6950929,22;30430
2019;Prefeitura Municipal de Flores da Cunha - RS;4308201;RS;DCA-Anexo I-C;Padrão;Outras Deduções da Receita;RO1.1.1.8.02.3.0;1.1.1.8.02.3.0 Imposto sobre Serviços de Qualquer Natureza;4418,51;30430
2019;Prefeitura Municipal de Flores da Cunha - RS;4308201;RS;DCA-Anexo I-C;Padrão;Receitas Brutas Realizadas;RO1.1.2.0.00.0.0;1.1.2.0.00.0.0 - Taxas;2700699,97;30430
2019;Prefeitura Municipal de Flores da Cunha - RS;4308201;RS;DCA-Anexo I-C;Padrão;Outras Deduções da Receita;RO1.1.2.0.00.0.0;1.1.2.0.00.0.0 - Taxas;1099,40;30430
2019;Prefeitura Municipal de Flores da Cunha - RS;4308201;RS;DCA-Anexo I-C;Padrão;Receitas Brutas Realizadas;RO1.1.2.2.00.0.0;1.1.2.2.00.0.0 - Taxas pela Prestação de Serviços;1424061,60;30430
2019;Prefeitura Municipal de Flores da Cunha - RS;4308201;RS;DCA-Anexo I-C;Padrão;Outras Deduções da Receita;RO1.1.2.2.00.0.0;1.1.2.2.00.0.0 - Taxas pela Prestação de Serviços;1099,40;30430
2019;Prefeitura Municipal de Flores da Cunha - RS;4308201;RS;DCA-Anexo I-C;Padrão;Receitas Brutas Realizadas;RO1.1.2.2.01.0.0;1.1.2.2.01.0.0 - Taxas pela Prestação de Serviços;1424061,60;30430
2019;Prefeitura Municipal de Flores da Cunha - RS;4308201;RS;DCA-Anexo I-C;Padrão;Outras Deduções da Receita;RO1.1.2.2.01.0.0;1.1.2.2.01.0.0 - Taxas pela Prestação de Serviços;1099,40;30430
2019;Prefeitura Municipal de Flores da Cunha - RS;4308201;RS;DCA-Anexo I-C;Padrão;Receitas Brutas Realizadas;RO1.1.2.8.00.0.0;1.1.2.8.00.0.0 - Taxas - Específicas de Estados, DF e Municípios;1276638,37;30430
2019;Prefeitura Municipal de Flores da Cunha - RS;4308201;RS;DCA-Anexo I-C;Padrão;Receitas Brutas Realizadas;RO1.1.2.8.01.0.0;1.1.2.8.01.0.0 - Taxas de Inspeção, Controle e Fiscalização;1276638,37;30430
2019;Prefeitura Municipal de Flores da Cunha - RS;4308201;RS;DCA-Anexo I-C;Padrão;Receitas Brutas Realizadas;RO1.1.2.8.01.1.0;1.1.2.8.01.1.0 - Taxa de Fiscalização de Vigilância Sanitária;38125,11;30430
2019;Prefeitura Municipal de Flores da Cunha - RS;4308201;RS;DCA-Anexo I-C;Padrão;Receitas Brutas Realizadas;RO1.1.2.8.01.9.0;1.1.2.8.01.9.0 - Taxas de Inspeção, Controle e Fiscalização - Outras;1238513,26;30430
2019;Prefeitura Municipal de Flores da Cunha - RS;4308201;RS;DCA-Anexo I-C;Padrão;Receitas Brutas Realizadas;RO1.1.3.0.00.0.0;1.1.3.0.00.0.0 - Contribuição de Melhoria;2038,31;30430
2019;Prefeitura Municipal de Flores da Cunha - RS;4308201;RS;DCA-Anexo I-C;Padrão;Receitas Brutas Realizadas;RO1.1.3.8.00.0.0;1.1.3.8.00.0.0 - Contribuição de Melhoria - Específica de Estados, DF e Municípios;2038,31;30430
2019;Prefeitura Municipal de Flores da Cunha - RS;4308201;RS;DCA-Anexo I-C;Padrão;Receitas Brutas Realizadas;RO1.1.3.8.04.0.0;1.1.3.8.04.0.0 - Contribuição de Melhoria para Pavimentação e Obras Complementares;2038,31;30430
2019;Prefeitura Municipal de Flores da Cunha - RS;4308201;RS;DCA-Anexo I-C;Padrão;Receitas Brutas Realizadas;RO1.2.0.0.00.0.0;1.2.0.0.00.0.0 - Contribuições;3152606,41;30430
2019;Prefeitura Municipal de Flores da Cunha - RS;4308201;RS;DCA-Anexo I-C;Padrão;Receitas Brutas Realizadas;RO1.2.1.0.00.0.0;1.2.1.0.00.0.0 - Contribuições Sociais;3152606,41;30430
2019;Prefeitura Municipal de Flores da Cunha - RS;4308201;RS;DCA-Anexo I-C;Padrão;Receitas Brutas Realizadas;RO1.2.1.8.00.0.0;1.2.1.8.00.0.0 Contribuições Sociais Específicas de Estados, DF e Municípios;2970025,71;30430
2019;Prefeitura Municipal de Flores da Cunha - RS;4308201;RS;DCA-Anexo I-C;Padrão;Receitas Brutas Realizadas;RO1.2.1.8.01.0.0;1.2.1.8.01.0.0 - Contribuição do Servidor Civil para o Plano de Seguridade Social - CPSSS - Específico de EST/DF/MUN;2970025,71;30430
2019;Prefeitura Municipal de Flores da Cunha - RS;4308201;RS;DCA-Anexo I-C;Padrão;Receitas Brutas Realizadas;RO1.2.1.8.01.1.0;1.2.1.8.01.1.0 - CPSSS do Servidor Civil Ativo;2947430,75;30430
2019;Prefeitura Municipal de Flores da Cunha - RS;4308201;RS;DCA-Anexo I-C;Padrão;Receitas Brutas Realizadas;RO1.2.1.8.01.2.0;1.2.1.8.01.2.0 - CPSSS do Servidor Civil Inativo;22594,96;30430
2019;Prefeitura Municipal de Flores da Cunha - RS;4308201;RS;DCA-Anexo I-C;Padrão;Receitas Brutas Realizadas;RO1.2.1.9.00.0.0;1.2.1.9.00.0.0 - Outras Contribuições Sociais;182580,70;30430
2019;Prefeitura Municipal de Flores da Cunha - RS;4308201;RS;DCA-Anexo I-C;Padrão;Receitas Brutas Realizadas;RO1.2.1.9.99.0.0;1.2.1.9.99.0.0 - Demais Contribuições Sociais;182580,70;30430
2019;Prefeitura Municipal de Flores da Cunha - RS;4308201;RS;DCA-Anexo I-C;Padrão;Receitas Brutas Realizadas;RO1.2.1.9.99.1.0;1.2.1.9.99.1.0 - Demais Contribuições Sociais;182580,70;30430
2019;Prefeitura Municipal de Flores da Cunha - RS;4308201;RS;DCA-Anexo I-C;Padrão;Receitas Brutas Realizadas;RO1.3.0.0.00.0.0;1.3.0.0.00.0.0 - Receita Patrimonial;14810738,34;30430
2019;Prefeitura Municipal de Flores da Cunha - RS;4308201;RS;DCA-Anexo I-C;Padrão;Receitas Brutas Realizadas;RO1.3.1.0.00.0.0;1.3.1.0.00.0.0 - Exploração do Patrimônio Imobiliário do Estado;310895,76;30430
2019;Prefeitura Municipal de Flores da Cunha - RS;4308201;RS;DCA-Anexo I-C;Padrão;Receitas Brutas Realizadas;RO1.3.1.0.01.0.0;1.3.1.0.01.0.0 - Aluguéis, Arrendamentos, Foros, Laudêmios, Tarifas de Ocupação;310895,76;30430
2019;Prefeitura Municipal de Flores da Cunha - RS;4308201;RS;DCA-Anexo I-C;Padrão;Receitas Brutas Realizadas;RO1.3.1.0.01.1.0;1.3.1.0.01.1.0 - Aluguéis e Arrendamentos;310895,76;30430
2019;Prefeitura Municipal de Flores da Cunha - RS;4308201;RS;DCA-Anexo I-C;Padrão;Receitas Brutas Realizadas;RO1.3.2.0.00.0.0;1.3.2.0.00.0.0 - Valores Mobiliários;14499842,58;30430
2019;Prefeitura Municipal de Flores da Cunha - RS;4308201;RS;DCA-Anexo I-C;Padrão;Receitas Brutas Realizadas;RO1.3.2.1.00.0.0;1.3.2.1.00.0.0 - Juros e Correções Monetárias;14480637,96;30430
2019;Prefeitura Municipal de Flores da Cunha - RS;4308201;RS;DCA-Anexo I-C;Padrão;Receitas Brutas Realizadas;RO1.3.2.1.00.1.0;1.3.2.1.00.1.0 - Remuneração de Depósitos Bancários;1011324,12;30430
2019;Prefeitura Municipal de Flores da Cunha - RS;4308201;RS;DCA-Anexo I-C;Padrão;Receitas Brutas Realizadas;RO1.3.2.1.00.4.0;1.3.2.1.00.4.0 - Remuneração dos Recursos do Regime Próprio de Previdência Social - RPPS;13469313,84;30430
2019;Prefeitura Municipal de Flores da Cunha - RS;4308201;RS;DCA-Anexo I-C;Padrão;Receitas Brutas Realizadas;RO1.3.2.9.00.0.0;1.3.2.9.00.0.0 - Outros Valores Mobiliários;19204,62;30430
2019;Prefeitura Municipal de Flores da Cunha - RS;4308201;RS;DCA-Anexo I-C;Padrão;Receitas Brutas Realizadas;RO1.4.0.0.00.0.0;1.4.0.0.00.0.0 - Receita Agropecuária;0,30;30430
2019;Prefeitura Municipal de Flores da Cunha - RS;4308201;RS;DCA-Anexo I-C;Padrão;Receitas Brutas Realizadas;RO1.6.0.0.00.0.0;1.6.0.0.00.0.0 - Receita de Serviços;229296,73;30430
2019;Prefeitura Municipal de Flores da Cunha - RS;4308201;RS;DCA-Anexo I-C;Padrão;Receitas Brutas Realizadas;RO1.6.1.0.00.0.0;1.6.1.0.00.0.0 - Serviços Administrativos e Comerciais Gerais;165373,80;30430
2019;Prefeitura Municipal de Flores da Cunha - RS;4308201;RS;DCA-Anexo I-C;Padrão;Receitas Brutas Realizadas;RO1.6.1.0.01.0.0;1.6.1.0.01.0.0 - Serviços Administrativos e Comerciais Gerais;45935,10;30430
2019;Prefeitura Municipal de Flores da Cunha - RS;4308201;RS;DCA-Anexo I-C;Padrão;Receitas Brutas Realizadas;RO1.6.1.0.02.0.0;1.6.1.0.02.0.0 - Inscrição em Concursos e Processos Seletivos;119438,70;30430
2019;Prefeitura Municipal de Flores da Cunha - RS;4308201;RS;DCA-Anexo I-C;Padrão;Receitas Brutas Realizadas;RO1.6.9.0.00.0.0;1.6.9.0.00.0.0 - Outros Serviços;63922,93;30430
2019;Prefeitura Municipal de Flores da Cunha - RS;4308201;RS;DCA-Anexo I-C;Padrão;Receitas Brutas Realizadas;RO1.6.9.0.99.0.0;1.6.9.0.99.0.0 - Outros Serviços;63922,93;30430
2019;Prefeitura Municipal de Flores da Cunha - RS;4308201;RS;DCA-Anexo I-C;Padrão;Receitas Brutas Realizadas;RO1.7.0.0.00.0.0;1.7.0.0.00.0.0 - Transferências Correntes;93505247,49;30430
2019;Prefeitura Municipal de Flores da Cunha - RS;4308201;RS;DCA-Anexo I-C;Padrão;Deduções - FUNDEB;RO1.7.0.0.00.0.0;1.7.0.0.00.0.0 - Transferências Correntes;13412435,82;30430
2019;Prefeitura Municipal de Flores da Cunha - RS;4308201;RS;DCA-Anexo I-C;Padrão;Receitas Brutas Realizadas;RO1.7.1.0.00.0.0;1.7.1.0.00.0.0 - Transferências da União e de suas Entidades;28400044,62;30430
2019;Prefeitura Municipal de Flores da Cunha - RS;4308201;RS;DCA-Anexo I-C;Padrão;Deduções - FUNDEB;RO1.7.1.0.00.0.0;1.7.1.0.00.0.0 - Transferências da União e de suas Entidades;3750661,56;30430
2019;Prefeitura Municipal de Flores da Cunha - RS;4308201;RS;DCA-Anexo I-C;Padrão;Receitas Brutas Realizadas;RO1.7.1.8.00.0.0;1.7.1.8.00.0.0 Transferências da União - Específicas de Estados, DF e Municípios;28400044,62;30430
2019;Prefeitura Municipal de Flores da Cunha - RS;4308201;RS;DCA-Anexo I-C;Padrão;Deduções - FUNDEB;RO1.7.1.8.00.0.0;1.7.1.8.00.0.0 Transferências da União - Específicas de Estados, DF e Municípios;3750661,56;30430
2019;Prefeitura Municipal de Flores da Cunha - RS;4308201;RS;DCA-Anexo I-C;Padrão;Receitas Brutas Realizadas;RO1.7.1.8.01.0.0;1.7.1.8.01.0.0 Participação na Receita da União;20377969,03;30430
2019;Prefeitura Municipal de Flores da Cunha - RS;4308201;RS;DCA-Anexo I-C;Padrão;Deduções - FUNDEB;RO1.7.1.8.01.0.0;1.7.1.8.01.0.0 Participação na Receita da União;3750661,56;30430
2019;Prefeitura Municipal de Flores da Cunha - RS;4308201;RS;DCA-Anexo I-C;Padrão;Receitas Brutas Realizadas;RO1.7.1.8.01.2.0;1.7.1.8.01.2.0 Cota-Parte do Fundo de Participação dos Municípios - Cota Mensal;18753309,22;30430
2019;Prefeitura Municipal de Flores da Cunha - RS;4308201;RS;DCA-Anexo I-C;Padrão;Deduções - FUNDEB;RO1.7.1.8.01.2.0;1.7.1.8.01.2.0 Cota-Parte do Fundo de Participação dos Municípios - Cota Mensal;3750661,56;30430
2019;Prefeitura Municipal de Flores da Cunha - RS;4308201;RS;DCA-Anexo I-C;Padrão;Receitas Brutas Realizadas;RO1.7.1.8.01.3.0;1.7.1.8.01.3.0 Cota-Parte do Fundo de Participação do Municípios ¿ 1% Cota entregue no mês de dezembro;827618,22;30430
2019;Prefeitura Municipal de Flores da Cunha - RS;4308201;RS;DCA-Anexo I-C;Padrão;Receitas Brutas Realizadas;RO1.7.1.8.01.4.0;1.7.1.8.01.4.0 Cota-Parte do Fundo de Participação dos Municípios - 1% Cota entregue no mês de julho;797041,59;30430
2019;Prefeitura Municipal de Flores da Cunha - RS;4308201;RS;DCA-Anexo I-C;Padrão;Receitas Brutas Realizadas;RO1.7.1.8.02.0.0;1.7.1.8.02.0.0 Transferência da Compensação Financeira pela Exploração de Recursos Naturais;445142,10;30430
2019;Prefeitura Municipal de Flores da Cunha - RS;4308201;RS;DCA-Anexo I-C;Padrão;Receitas Brutas Realizadas;RO1.7.1.8.02.1.0;1.7.1.8.02.1.0 Cota-parte da Compensação Financeira de Recursos Hídricos;107264,81;30430
2019;Prefeitura Municipal de Flores da Cunha - RS;4308201;RS;DCA-Anexo I-C;Padrão;Receitas Brutas Realizadas;RO1.7.1.8.02.2.0;1.7.1.8.02.2.0 Cota-parte da Compensação Financeira de Recursos Minerais - CFEM;48928,13;30430
2019;Prefeitura Municipal de Flores da Cunha - RS;4308201;RS;DCA-Anexo I-C;Padrão;Receitas Brutas Realizadas;RO1.7.1.8.02.6.0;1.7.1.8.02.6.0 Cota-Parte do Fundo Especial do Petróleo ¿ FEP;288949,16;30430
2019;Prefeitura Municipal de Flores da Cunha - RS;4308201;RS;DCA-Anexo I-C;Padrão;Receitas Brutas Realizadas;RO1.7.1.8.03.0.0;"1.7.1.8.03.0.0 Transferência de Recursos do Sistema Único de Saúde ¿ 
 SUS ¿ Bloco Custeio das Ações e Serviços Públicos de Saúde";3989163,11;30430
2019;Prefeitura Municipal de Flores da Cunha - RS;4308201;RS;DCA-Anexo I-C;Padrão;Receitas Brutas Realizadas;RO1.7.1.8.03.1.0;1.7.1.8.03.1.0 - Transferência de Recursos do SUS ¿ Atenção Básica;1385768,76;30430
2019;Prefeitura Municipal de Flores da Cunha - RS;4308201;RS;DCA-Anexo I-C;Padrão;Receitas Brutas Realizadas;RO1.7.1.8.03.2.0;1.7.1.8.03.2.0 - Transferência de Recursos do SUS ¿ Atenção de Média e Alta Complexidade Ambulatorial e Hospitalar;2284408,56;30430
2019;Prefeitura Municipal de Flores da Cunha - RS;4308201;RS;DCA-Anexo I-C;Padrão;Receitas Brutas Realizadas;RO1.7.1.8.03.3.0;1.7.1.8.03.3.0 - Transferência de Recursos do SUS ¿ Vigilância em Saúde;153462,87;30430
2019;Prefeitura Municipal de Flores da Cunha - RS;4308201;RS;DCA-Anexo I-C;Padrão;Receitas Brutas Realizadas;RO1.7.1.8.03.4.0;1.7.1.8.03.4.0 - Transferência de Recursos do SUS ¿ Assistência Farmacêutica;165522,92;30430
2019;Prefeitura Municipal de Flores da Cunha - RS;4308201;RS;DCA-Anexo I-C;Padrão;Receitas Brutas Realizadas;RO1.7.1.8.05.0.0;1.7.1.8.05.0.0 Transferências de Recursos do Fundo Nacional do Desenvolvimento da Educação ¿ FNDE;1543023,84;30430
2019;Prefeitura Municipal de Flores da Cunha - RS;4308201;RS;DCA-Anexo I-C;Padrão;Receitas Brutas Realizadas;RO1.7.1.8.05.1.0;1.7.1.8.05.1.0 Transferências do Salário-Educação;1016967,22;30430
2019;Prefeitura Municipal de Flores da Cunha - RS;4308201;RS;DCA-Anexo I-C;Padrão;Receitas Brutas Realizadas;RO1.7.1.8.05.3.0;1.7.1.8.05.3.0 Transferências Diretas do FNDE referentes ao Programa Nacional de Alimentação Escolar ¿ PNAE;342682,00;30430
2019;Prefeitura Municipal de Flores da Cunha - RS;4308201;RS;DCA-Anexo I-C;Padrão;Receitas Brutas Realizadas;RO1.7.1.8.05.4.0;1.7.1.8.05.4.0 Transferências Diretas do FNDE referentes ao Programa Nacional de Apoio ao Transporte do Escolar ¿ PNATE;183374,62;30430
2019;Prefeitura Municipal de Flores da Cunha - RS;4308201;RS;DCA-Anexo I-C;Padrão;Receitas Brutas Realizadas;RO1.7.1.8.08.0.0;1.7.1.8.08.0.0 Transferências Advindas de Emendas Parlamentares Individuais;800000,00;30430
2019;Prefeitura Municipal de Flores da Cunha - RS;4308201;RS;DCA-Anexo I-C;Padrão;Receitas Brutas Realizadas;RO1.7.1.8.12.0.0;1.7.1.8.12.0.0 - Transferências de Recursos do Fundo Nacional de Assistência Social ¿ FNAS;264161,27;30430
2019;Prefeitura Municipal de Flores da Cunha - RS;4308201;RS;DCA-Anexo I-C;Padrão;Receitas Brutas Realizadas;RO1.7.1.8.99.0.0;1.7.1.8.99.0.0 Outras Transferências da União;980585,27;30430
2019;Prefeitura Municipal de Flores da Cunha - RS;4308201;RS;DCA-Anexo I-C;Padrão;Receitas Brutas Realizadas;RO1.7.2.0.00.0.0;1.7.2.0.00.0.0 - Transferências dos Estados e do Distrito Federal e de suas Entidades;51642770,83;30430
2019;Prefeitura Municipal de Flores da Cunha - RS;4308201;RS;DCA-Anexo I-C;Padrão;Deduções - FUNDEB;RO1.7.2.0.00.0.0;1.7.2.0.00.0.0 - Transferências dos Estados e do Distrito Federal e de suas Entidades;9661774,26;30430
2019;Prefeitura Municipal de Flores da Cunha - RS;4308201;RS;DCA-Anexo I-C;Padrão;Receitas Brutas Realizadas;RO1.7.2.8.00.0.0;1.7.2.8.00.0.0 Transferências dos Estados - Específicas de Estados, DF e Municípios;51642770,83;30430
2019;Prefeitura Municipal de Flores da Cunha - RS;4308201;RS;DCA-Anexo I-C;Padrão;Deduções - FUNDEB;RO1.7.2.8.00.0.0;1.7.2.8.00.0.0 Transferências dos Estados - Específicas de Estados, DF e Municípios;9661774,26;30430
2019;Prefeitura Municipal de Flores da Cunha - RS;4308201;RS;DCA-Anexo I-C;Padrão;Receitas Brutas Realizadas;RO1.7.2.8.01.0.0;1.7.2.8.01.0.0 Participação na Receita dos Estados;48338387,47;30430
2019;Prefeitura Municipal de Flores da Cunha - RS;4308201;RS;DCA-Anexo I-C;Padrão;Deduções - FUNDEB;RO1.7.2.8.01.0.0;1.7.2.8.01.0.0 Participação na Receita dos Estados;9661774,26;30430
2019;Prefeitura Municipal de Flores da Cunha - RS;4308201;RS;DCA-Anexo I-C;Padrão;Receitas Brutas Realizadas;RO1.7.2.8.01.1.0;1.7.2.8.01.1.0 Cota-Parte do ICMS;40357805,65;30430
2019;Prefeitura Municipal de Flores da Cunha - RS;4308201;RS;DCA-Anexo I-C;Padrão;Deduções - FUNDEB;RO1.7.2.8.01.1.0;1.7.2.8.01.1.0 Cota-Parte do ICMS;8071561,16;30430
2019;Prefeitura Municipal de Flores da Cunha - RS;4308201;RS;DCA-Anexo I-C;Padrão;Receitas Brutas Realizadas;RO1.7.2.8.01.2.0;1.7.2.8.01.2.0 Cota-Parte do IPVA;7370628,07;30430
2019;Prefeitura Municipal de Flores da Cunha - RS;4308201;RS;DCA-Anexo I-C;Padrão;Deduções - FUNDEB;RO1.7.2.8.01.2.0;1.7.2.8.01.2.0 Cota-Parte do IPVA;1474125,68;30430
2019;Prefeitura Municipal de Flores da Cunha - RS;4308201;RS;DCA-Anexo I-C;Padrão;Receitas Brutas Realizadas;RO1.7.2.8.01.3.0;1.7.2.8.01.3.0 Cota-Parte do IPI - Municípios;580436,99;30430
2019;Prefeitura Municipal de Flores da Cunha - RS;4308201;RS;DCA-Anexo I-C;Padrão;Deduções - FUNDEB;RO1.7.2.8.01.3.0;1.7.2.8.01.3.0 Cota-Parte do IPI - Municípios;116087,42;30430
2019;Prefeitura Municipal de Flores da Cunha - RS;4308201;RS;DCA-Anexo I-C;Padrão;Receitas Brutas Realizadas;RO1.7.2.8.01.4.0;1.7.2.8.01.4.0 Cota-Parte da Contribuição de Intervenção no Domínio Econômico;29438,76;30430
2019;Prefeitura Municipal de Flores da Cunha - RS;4308201;RS;DCA-Anexo I-C;Padrão;Receitas Brutas Realizadas;RO1.7.2.8.01.5.0;1.7.2.8.01.5.0 Outras Participações na Receita dos Estados;78,00;30430
2019;Prefeitura Municipal de Flores da Cunha - RS;4308201;RS;DCA-Anexo I-C;Padrão;Receitas Brutas Realizadas;RO1.7.2.8.03.0.0;1.7.2.8.03.0.0 Transferência de Recursos do Estado para Programas de Saúde ¿ Repasse Fundo a Fundo;1501282,93;30430
2019;Prefeitura Municipal de Flores da Cunha - RS;4308201;RS;DCA-Anexo I-C;Padrão;Receitas Brutas Realizadas;RO1.7.2.8.10.0.0;1.7.2.8.10.0.0 Transferência de Convênios dos Estados e do Distrito Federal e de Suas Entidades;1240916,97;30430
2019;Prefeitura Municipal de Flores da Cunha - RS;4308201;RS;DCA-Anexo I-C;Padrão;Receitas Brutas Realizadas;RO1.7.2.8.10.2.0;1.7.2.8.10.2.0 Transferências de Convênio dos Estados Destinadas a Programas de Educação;1240916,97;30430
2019;Prefeitura Municipal de Flores da Cunha - RS;4308201;RS;DCA-Anexo I-C;Padrão;Receitas Brutas Realizadas;RO1.7.2.8.99.0.0;1.7.2.8.99.0.0 Outras Transferências dos Estados;562183,46;30430
2019;Prefeitura Municipal de Flores da Cunha - RS;4308201;RS;DCA-Anexo I-C;Padrão;Receitas Brutas Realizadas;RO1.7.4.0.00.0.0;1.7.4.0.00.0.0 - Transferências de Instituições Privadas;205876,83;30430
2019;Prefeitura Municipal de Flores da Cunha - RS;4308201;RS;DCA-Anexo I-C;Padrão;Receitas Brutas Realizadas;RO1.7.4.0.00.1.0;1.7.4.0.00.1.0 - Transferências de Instituições Privadas;173834,19;30430
2019;Prefeitura Municipal de Flores da Cunha - RS;4308201;RS;DCA-Anexo I-C;Padrão;Receitas Brutas Realizadas;RO1.7.4.8.00.0.0;1.7.4.8.00.0.0 Transferências de Instituições Privadas - Específicas de Estados, DF e Municípios;32042,64;30430
2019;Prefeitura Municipal de Flores da Cunha - RS;4308201;RS;DCA-Anexo I-C;Padrão;Receitas Brutas Realizadas;RO1.7.4.8.10.0.0;1.7.4.8.10.0.0 - Outras Transferência de Instituições Privadas para EST/DF/MUN - Não Especificadas Anteriormente;32042,64;30430
2019;Prefeitura Municipal de Flores da Cunha - RS;4308201;RS;DCA-Anexo I-C;Padrão;Receitas Brutas Realizadas;RO1.7.5.0.00.0.0;1.7.5.0.00.0.0 - Transferências de Outras Instituições Públicas;13251765,21;30430
2019;Prefeitura Municipal de Flores da Cunha - RS;4308201;RS;DCA-Anexo I-C;Padrão;Receitas Brutas Realizadas;RO1.7.5.8.00.0.0;1.7.5.8.00.0.0 Transferências de Outras Instituições Públicas - Específicas de Estados, DF e Municípios;13251765,21;30430
2019;Prefeitura Municipal de Flores da Cunha - RS;4308201;RS;DCA-Anexo I-C;Padrão;Receitas Brutas Realizadas;RO1.7.5.8.01.0.0;1.7.5.8.01.0.0 Transferências de Recursos do Fundo de Manutenção e Desenvolvimento da Educação Básica e de Valorização dos Profissionais da Educação ¿ FUNDEB;13251765,21;30430
2019;Prefeitura Municipal de Flores da Cunha - RS;4308201;RS;DCA-Anexo I-C;Padrão;Receitas Brutas Realizadas;RO1.7.7.0.00.0.0;1.7.7.0.00.0.0 - Transferências de Pessoas Físicas;4790,00;30430
2019;Prefeitura Municipal de Flores da Cunha - RS;4308201;RS;DCA-Anexo I-C;Padrão;Receitas Brutas Realizadas;RO1.7.7.0.00.1.0;1.7.7.0.00.1.0 - Transferências de Pessoas Físicas;3790,00;30430
2019;Prefeitura Municipal de Flores da Cunha - RS;4308201;RS;DCA-Anexo I-C;Padrão;Receitas Brutas Realizadas;RO1.7.7.8.00.0.0;1.7.7.8.00.0.0 - Transferências de Pessoas Físicas - Específicas de Estados, DF e Municípios;1000,00;30430
2019;Prefeitura Municipal de Flores da Cunha - RS;4308201;RS;DCA-Anexo I-C;Padrão;Receitas Brutas Realizadas;RO1.7.7.8.01.0.0;1.7.7.8.01.0.0 - Transferências de Pessoas Físicas - Específicas de E/DF/M;1000,00;30430
2019;Prefeitura Municipal de Flores da Cunha - RS;4308201;RS;DCA-Anexo I-C;Padrão;Receitas Brutas Realizadas;RO1.7.7.8.10.1.0;1.7.7.8.10.1.0 - Outras Transferência de Convênios do Exterior - Específicas de E/DF/M - Não Especificadas Anteriormente;1000,00;30430
2019;Prefeitura Municipal de Flores da Cunha - RS;4308201;RS;DCA-Anexo I-C;Padrão;Receitas Brutas Realizadas;RO1.9.0.0.00.0.0;1.9.0.0.00.0.0 - Outras Receitas Correntes;326320,91;30430
2019;Prefeitura Municipal de Flores da Cunha - RS;4308201;RS;DCA-Anexo I-C;Padrão;Receitas Brutas Realizadas;RO1.9.1.0.00.0.0;1.9.1.0.00.0.0 - Multas Administrativas, Contratuais e Judiciais;110963,24;30430
2019;Prefeitura Municipal de Flores da Cunha - RS;4308201;RS;DCA-Anexo I-C;Padrão;Receitas Brutas Realizadas;RO1.9.1.0.01.0.0;1.9.1.0.01.0.0 - Multas Previstas em Legislação Específica;13548,85;30430
2019;Prefeitura Municipal de Flores da Cunha - RS;4308201;RS;DCA-Anexo I-C;Padrão;Receitas Brutas Realizadas;RO1.9.1.0.06.0.0;1.9.1.0.06.0.0 - Multas por Danos Ambientais;97414,39;30430
2019;Prefeitura Municipal de Flores da Cunha - RS;4308201;RS;DCA-Anexo I-C;Padrão;Receitas Brutas Realizadas;RO1.9.1.0.06.2.0;1.9.1.0.06.2.0 - Multas Judiciais por Danos Ambientais;97414,39;30430
2019;Prefeitura Municipal de Flores da Cunha - RS;4308201;RS;DCA-Anexo I-C;Padrão;Receitas Brutas Realizadas;RO1.9.2.0.00.0.0;1.9.2.0.00.0.0 - Indenizações, Restituições e Ressarcimentos;98604,54;30430
2019;Prefeitura Municipal de Flores da Cunha - RS;4308201;RS;DCA-Anexo I-C;Padrão;Receitas Brutas Realizadas;RO1.9.2.8.00.0.0;1.9.2.8.00.0.0 - Indenizações, Restituições e Ressarcimentos - Específicas para Estados/DF/Municípios;98604,54;30430
2019;Prefeitura Municipal de Flores da Cunha - RS;4308201;RS;DCA-Anexo I-C;Padrão;Receitas Brutas Realizadas;RO1.9.2.8.01.0.0;1.9.2.8.01.0.0 - Indenizações- Específicas para Estados/DF/Municípios;10289,00;30430
2019;Prefeitura Municipal de Flores da Cunha - RS;4308201;RS;DCA-Anexo I-C;Padrão;Receitas Brutas Realizadas;RO1.9.2.8.02.0.0;1.9.2.8.02.0.0 - Restituições - Específicas para Estados/DF/Municípios;88315,54;30430
2019;Prefeitura Municipal de Flores da Cunha - RS;4308201;RS;DCA-Anexo I-C;Padrão;Receitas Brutas Realizadas;RO1.9.2.8.02.9.0;1.9.2.8.02.9.0 - Outras Restituições - Específicas para Estados/DF/Municípios - Não Especificadas Anteriormente;88315,54;30430
2019;Prefeitura Municipal de Flores da Cunha - RS;4308201;RS;DCA-Anexo I-C;Padrão;Receitas Brutas Realizadas;RO1.9.9.0.00.0.0;1.9.9.0.00.0.0 - Demais Receitas Correntes;116753,13;30430
2019;Prefeitura Municipal de Flores da Cunha - RS;4308201;RS;DCA-Anexo I-C;Padrão;Receitas Brutas Realizadas;RO1.9.9.0.12.0.0;1.9.9.0.12.0.0 - Encargos Legais pela Inscrição em Dívida Ativa e Receitas de Ônus de Sucumbência;6504,29;30430
2019;Prefeitura Municipal de Flores da Cunha - RS;4308201;RS;DCA-Anexo I-C;Padrão;Receitas Brutas Realizadas;RO1.9.9.0.12.2.0;1.9.9.0.12.2.0 - Ônus de Sucumbência;6504,29;30430
2019;Prefeitura Municipal de Flores da Cunha - RS;4308201;RS;DCA-Anexo I-C;Padrão;Receitas Brutas Realizadas;RO1.9.9.0.99.0.0;1.9.9.0.99.0.0 - Outras Receitas;110248,84;30430
2019;Prefeitura Municipal de Flores da Cunha - RS;4308201;RS;DCA-Anexo I-C;Padrão;Receitas Brutas Realizadas;RO1.9.9.0.99.1.0;1.9.9.0.99.1.0 - Outras Receitas - Primárias;110248,84;30430
2019;Prefeitura Municipal de Flores da Cunha - RS;4308201;RS;DCA-Anexo I-C;Padrão;Receitas Brutas Realizadas;RO2.0.0.0.00.0.0;2.0.0.0.00.0.0 - Receitas de Capital;2423473,47;30430
2019;Prefeitura Municipal de Flores da Cunha - RS;4308201;RS;DCA-Anexo I-C;Padrão;Receitas Brutas Realizadas;RO2.2.0.0.00.0.0;2.2.0.0.00.0.0 - Alienação de Bens;721494,00;30430
2019;Prefeitura Municipal de Flores da Cunha - RS;4308201;RS;DCA-Anexo I-C;Padrão;Receitas Brutas Realizadas;RO2.2.1.0.00.0.0;2.2.1.0.00.0.0 - Alienação de Bens Móveis;470644,73;30430
2019;Prefeitura Municipal de Flores da Cunha - RS;4308201;RS;DCA-Anexo I-C;Padrão;Receitas Brutas Realizadas;RO2.2.1.3.00.0.0;2.2.1.3.00.0.0 Alienação de Bens Móveis e Semoventes;180320,61;30430
2019;Prefeitura Municipal de Flores da Cunha - RS;4308201;RS;DCA-Anexo I-C;Padrão;Receitas Brutas Realizadas;RO2.2.1.8.00.0.0;2.2.1.8.00.0.0 Alienação de Bens Móveis Específica para Estados, Distrito Federal e Municípios;290324,12;30430
2019;Prefeitura Municipal de Flores da Cunha - RS;4308201;RS;DCA-Anexo I-C;Padrão;Receitas Brutas Realizadas;RO2.2.1.8.01.0.0;2.2.1.8.01.0.0 - Alienação de Títulos Mobiliários;290324,12;30430
2019;Prefeitura Municipal de Flores da Cunha - RS;4308201;RS;DCA-Anexo I-C;Padrão;Receitas Brutas Realizadas;RO2.2.1.8.01.2.0;2.2.1.8.01.2.0 - Alienação de Investimentos Permanentes;290324,12;30430
2019;Prefeitura Municipal de Flores da Cunha - RS;4308201;RS;DCA-Anexo I-C;Padrão;Receitas Brutas Realizadas;RO2.2.2.0.00.0.0;2.2.2.0.00.0.0 - Alienação de Bens Imóveis;250849,27;30430
2019;Prefeitura Municipal de Flores da Cunha - RS;4308201;RS;DCA-Anexo I-C;Padrão;Receitas Brutas Realizadas;RO2.3.0.0.00.0.0;2.3.0.0.00.0.0 - Amortização de Empréstimos;127187,06;30430
2019;Prefeitura Municipal de Flores da Cunha - RS;4308201;RS;DCA-Anexo I-C;Padrão;Receitas Brutas Realizadas;RO2.3.0.0.06.0.0;2.3.0.0.06.0.0 - Amortização de Empréstimos Contratuais;127187,06;30430
2019;Prefeitura Municipal de Flores da Cunha - RS;4308201;RS;DCA-Anexo I-C;Padrão;Receitas Brutas Realizadas;RO2.4.0.0.00.0.0;2.4.0.0.00.0.0 - Transferências de Capital;1574792,41;30430
2019;Prefeitura Municipal de Flores da Cunha - RS;4308201;RS;DCA-Anexo I-C;Padrão;Receitas Brutas Realizadas;RO2.4.1.0.00.0.0;2.4.1.0.00.0.0 - Transferências da União e de suas Entidades;1100692,41;30430
2019;Prefeitura Municipal de Flores da Cunha - RS;4308201;RS;DCA-Anexo I-C;Padrão;Receitas Brutas Realizadas;RO2.4.1.8.00.0.0;2.4.1.8.00.0.0 Transferências da União - Específicas de Estados, DF e Municípios;1100692,41;30430
2019;Prefeitura Municipal de Flores da Cunha - RS;4308201;RS;DCA-Anexo I-C;Padrão;Receitas Brutas Realizadas;RO2.4.1.8.03.0.0;2.4.1.8.03.0.0 Transferências de Recursos do Sistema Único de Saúde ¿ SUS;3000,00;30430
2019;Prefeitura Municipal de Flores da Cunha - RS;4308201;RS;DCA-Anexo I-C;Padrão;Receitas Brutas Realizadas;RO2.4.1.8.03.1.0;2.4.1.8.03.1.0 - Transferência de Recursos do SUS ¿ Atenção Básica;3000,00;30430
2019;Prefeitura Municipal de Flores da Cunha - RS;4308201;RS;DCA-Anexo I-C;Padrão;Receitas Brutas Realizadas;RO2.4.1.8.99.0.0;2.4.1.8.99.0.0 Outras Transferências da União;1097692,41;30430
2019;Prefeitura Municipal de Flores da Cunha - RS;4308201;RS;DCA-Anexo I-C;Padrão;Receitas Brutas Realizadas;RO2.4.4.0.00.0.0;2.4.4.0.00.0.0 - Transferências de Instituições Privadas;474100,00;30430
2019;Prefeitura Municipal de Flores da Cunha - RS;4308201;RS;DCA-Anexo I-C;Padrão;Receitas Brutas Realizadas;RO2.4.4.0.00.1.0;2.4.4.0.00.1.0 Transferências de Instituições Privadas;474100,00;30430
2019;Prefeitura Municipal de Flores da Cunha - RS;4308201;RS;DCA-Anexo I-C;Padrão;Receitas Brutas Realizadas;ReceitasIntraOrcamentarias;RECEITAS (INTRA-ORÇAMENTÁRIAS) (II);8939418,81;30430
2019;Prefeitura Municipal de Flores da Cunha - RS;4308201;RS;DCA-Anexo I-C;Padrão;Receitas Brutas Realizadas;RO7.0.0.0.00.0.0;7.0.0.0.00.0.0 - Receitas Correntes;8939418,81;30430
2019;Prefeitura Municipal de Flores da Cunha - RS;4308201;RS;DCA-Anexo I-C;Padrão;Receitas Brutas Realizadas;RO7.2.0.0.00.0.0;7.2.0.0.00.0.0 - Contribuições;8939418,81;30430
2019;Prefeitura Municipal de Flores da Cunha - RS;4308201;RS;DCA-Anexo I-C;Padrão;Receitas Brutas Realizadas;RO7.2.1.0.00.0.0;7.2.1.0.00.0.0 - Contribuições Sociais;8939418,81;30430
2019;Prefeitura Municipal de Flores da Cunha - RS;4308201;RS;DCA-Anexo I-C;Padrão;Receitas Brutas Realizadas;RO7.2.1.8.00.0.0;"7.2.1.8.00.0.0 Contribuições Sociais Específicas de Estados, DF e 
 Municípios";3593375,41;30430
2019;Prefeitura Municipal de Flores da Cunha - RS;4308201;RS;DCA-Anexo I-C;Padrão;Receitas Brutas Realizadas;RO7.2.1.8.03.0.0;7.2.1.8.03.0.0 - CPSSS Patronal - Servidor Civil - Específico de EST/DF/MUN;3593375,41;30430
2019;Prefeitura Municipal de Flores da Cunha - RS;4308201;RS;DCA-Anexo I-C;Padrão;Receitas Brutas Realizadas;RO7.2.1.8.03.1.0;7.2.1.8.03.1.0 - CPSSS Patronal - Servidor Civil Ativo;3593375,41;30430
2019;Prefeitura Municipal de Flores da Cunha - RS;4308201;RS;DCA-Anexo I-C;Padrão;Receitas Brutas Realizadas;RO7.2.1.9.00.0.0;7.2.1.9.00.0.0 - Outras Contribuições Sociais;5346043,40;30430
2019;Prefeitura Municipal de Flores da Cunha - RS;4308201;RS;DCA-Anexo I-C;Padrão;Receitas Brutas Realizadas;TotalReceitas;TOTAL DAS RECEITAS (III) = (I + II);144752276,67;30430
2019;Prefeitura Municipal de Flores da Cunha - RS;4308201;RS;DCA-Anexo I-C;Padrão;Deduções - Transferências Constitucionais;TotalReceitas;TOTAL DAS RECEITAS (III) = (I + II);52647,65;30430
2019;Prefeitura Municipal de Flores da Cunha - RS;4308201;RS;DCA-Anexo I-C;Padrão;Deduções - FUNDEB;TotalReceitas;TOTAL DAS RECEITAS (III) = (I + II);13412435,82;30430
2019;Prefeitura Municipal de Flores da Cunha - RS;4308201;RS;DCA-Anexo I-C;Padrão;Outras Deduções da Receita;TotalReceitas;TOTAL DAS RECEITAS (III) = (I + II);27497,96;30430
2020;Prefeitura Municipal de Flores da Cunha - RS;4308201;RS;DCA-Anexo I-C;Padrão;Receitas Brutas Realizadas;ReceitasExcetoIntraOrcamentarias;RECEITAS (EXCETO INTRA-ORÇAMENTÁRIAS) (I);141677718,54;30745
2020;Prefeitura Municipal de Flores da Cunha - RS;4308201;RS;DCA-Anexo I-C;Padrão;Deduções - FUNDEB;ReceitasExcetoIntraOrcamentarias;RECEITAS (EXCETO INTRA-ORÇAMENTÁRIAS) (I);13816425,29;30745
2020;Prefeitura Municipal de Flores da Cunha - RS;4308201;RS;DCA-Anexo I-C;Padrão;Outras Deduções da Receita;ReceitasExcetoIntraOrcamentarias;RECEITAS (EXCETO INTRA-ORÇAMENTÁRIAS) (I);57376,97;30745
2020;Prefeitura Municipal de Flores da Cunha - RS;4308201;RS;DCA-Anexo I-C;Padrão;Receitas Brutas Realizadas;RO1.0.0.0.00.0.0;1.0.0.0.00.0.0 - Receitas Correntes;138196412,17;30745
2020;Prefeitura Municipal de Flores da Cunha - RS;4308201;RS;DCA-Anexo I-C;Padrão;Deduções - FUNDEB;RO1.0.0.0.00.0.0;1.0.0.0.00.0.0 - Receitas Correntes;13816425,29;30745
2020;Prefeitura Municipal de Flores da Cunha - RS;4308201;RS;DCA-Anexo I-C;Padrão;Outras Deduções da Receita;RO1.0.0.0.00.0.0;1.0.0.0.00.0.0 - Receitas Correntes;57376,97;30745
2020;Prefeitura Municipal de Flores da Cunha - RS;4308201;RS;DCA-Anexo I-C;Padrão;Receitas Brutas Realizadas;RO1.1.0.0.00.0.0;1.1.0.0.00.0.0 - Impostos, Taxas e Contribuições de Melhoria;24190695,90;30745
2020;Prefeitura Municipal de Flores da Cunha - RS;4308201;RS;DCA-Anexo I-C;Padrão;Deduções - FUNDEB;RO1.1.0.0.00.0.0;1.1.0.0.00.0.0 - Impostos, Taxas e Contribuições de Melhoria;55471,13;30745
2020;Prefeitura Municipal de Flores da Cunha - RS;4308201;RS;DCA-Anexo I-C;Padrão;Outras Deduções da Receita;RO1.1.0.0.00.0.0;1.1.0.0.00.0.0 - Impostos, Taxas e Contribuições de Melhoria;57376,97;30745
2020;Prefeitura Municipal de Flores da Cunha - RS;4308201;RS;DCA-Anexo I-C;Padrão;Receitas Brutas Realizadas;RO1.1.1.0.00.0.0;1.1.1.0.00.0.0 - Impostos;21451736,71;30745
2020;Prefeitura Municipal de Flores da Cunha - RS;4308201;RS;DCA-Anexo I-C;Padrão;Deduções - FUNDEB;RO1.1.1.0.00.0.0;1.1.1.0.00.0.0 - Impostos;55471,13;30745
2020;Prefeitura Municipal de Flores da Cunha - RS;4308201;RS;DCA-Anexo I-C;Padrão;Outras Deduções da Receita;RO1.1.1.0.00.0.0;1.1.1.0.00.0.0 - Impostos;55616,73;30745
2020;Prefeitura Municipal de Flores da Cunha - RS;4308201;RS;DCA-Anexo I-C;Padrão;Receitas Brutas Realizadas;RO1.1.1.2.00.0.0;1.1.1.2.00.0.0 - Impostos sobre o Patrimônio;277356,38;30745
2020;Prefeitura Municipal de Flores da Cunha - RS;4308201;RS;DCA-Anexo I-C;Padrão;Deduções - FUNDEB;RO1.1.1.2.00.0.0;1.1.1.2.00.0.0 - Impostos sobre o Patrimônio;55471,13;30745
2020;Prefeitura Municipal de Flores da Cunha - RS;4308201;RS;DCA-Anexo I-C;Padrão;Receitas Brutas Realizadas;RO1.1.1.2.01.0.0;1.1.1.2.01.0.0 - Imposto sobre a Propriedade Territorial Rural;277356,38;30745
2020;Prefeitura Municipal de Flores da Cunha - RS;4308201;RS;DCA-Anexo I-C;Padrão;Deduções - FUNDEB;RO1.1.1.2.01.0.0;1.1.1.2.01.0.0 - Imposto sobre a Propriedade Territorial Rural;55471,13;30745
2020;Prefeitura Municipal de Flores da Cunha - RS;4308201;RS;DCA-Anexo I-C;Padrão;Receitas Brutas Realizadas;RO1.1.1.3.00.0.0;1.1.1.3.00.0.0 - Impostos sobre a Renda e Proventos de Qualquer Natureza;3451629,42;30745
2020;Prefeitura Municipal de Flores da Cunha - RS;4308201;RS;DCA-Anexo I-C;Padrão;Receitas Brutas Realizadas;RO1.1.1.3.03.0.0;1.1.1.3.03.0.0 - Imposto sobre a Renda - Retido na Fonte;3451629,42;30745
2020;Prefeitura Municipal de Flores da Cunha - RS;4308201;RS;DCA-Anexo I-C;Padrão;Receitas Brutas Realizadas;RO1.1.1.3.03.1.0;1.1.1.3.03.1.0 - Imposto sobre a Renda - Retido na Fonte - Trabalho;3366077,71;30745
2020;Prefeitura Municipal de Flores da Cunha - RS;4308201;RS;DCA-Anexo I-C;Padrão;Receitas Brutas Realizadas;RO1.1.1.3.03.4.0;1.1.1.3.03.4.0 - Imposto sobre a Renda - Retido na Fonte - Outros Rendimentos;85551,71;30745
2020;Prefeitura Municipal de Flores da Cunha - RS;4308201;RS;DCA-Anexo I-C;Padrão;Receitas Brutas Realizadas;RO1.1.1.8.00.0.0;1.1.1.8.00.0.0 Impostos Específicos de Estados, DF e Municípios;17722750,91;30745
2020;Prefeitura Municipal de Flores da Cunha - RS;4308201;RS;DCA-Anexo I-C;Padrão;Outras Deduções da Receita;RO1.1.1.8.00.0.0;1.1.1.8.00.0.0 Impostos Específicos de Estados, DF e Municípios;55616,73;30745
2020;Prefeitura Municipal de Flores da Cunha - RS;4308201;RS;DCA-Anexo I-C;Padrão;Receitas Brutas Realizadas;RO1.1.1.8.01.0.0;1.1.1.8.01.0.0 Impostos sobre o Patrimônio para Estados/DF/Municípios;10204771,71;30745
2020;Prefeitura Municipal de Flores da Cunha - RS;4308201;RS;DCA-Anexo I-C;Padrão;Outras Deduções da Receita;RO1.1.1.8.01.0.0;1.1.1.8.01.0.0 Impostos sobre o Patrimônio para Estados/DF/Municípios;50742,48;30745
2020;Prefeitura Municipal de Flores da Cunha - RS;4308201;RS;DCA-Anexo I-C;Padrão;Receitas Brutas Realizadas;RO1.1.1.8.01.1.0;1.1.1.8.01.1.0 Imposto sobre a Propriedade Predial e Territorial Urbana;5633125,96;30745
2020;Prefeitura Municipal de Flores da Cunha - RS;4308201;RS;DCA-Anexo I-C;Padrão;Outras Deduções da Receita;RO1.1.1.8.01.1.0;1.1.1.8.01.1.0 Imposto sobre a Propriedade Predial e Territorial Urbana;6687,03;30745
2020;Prefeitura Municipal de Flores da Cunha - RS;4308201;RS;DCA-Anexo I-C;Padrão;Receitas Brutas Realizadas;RO1.1.1.8.01.4.0;1.1.1.8.01.4.0 Imposto sobre Transmissão ¿Inter Vivos¿ de Bens Imóveis e de Direitos Reais sobre Imóveis;4571645,75;30745
2020;Prefeitura Municipal de Flores da Cunha - RS;4308201;RS;DCA-Anexo I-C;Padrão;Outras Deduções da Receita;RO1.1.1.8.01.4.0;1.1.1.8.01.4.0 Imposto sobre Transmissão ¿Inter Vivos¿ de Bens Imóveis e de Direitos Reais sobre Imóveis;44055,45;30745
2020;Prefeitura Municipal de Flores da Cunha - RS;4308201;RS;DCA-Anexo I-C;Padrão;Receitas Brutas Realizadas;RO1.1.1.8.02.0.0;1.1.1.8.02.0.0 Impostos sobre a Produção, Circulação de Mercadorias e Serviços;7517979,20;30745
2020;Prefeitura Municipal de Flores da Cunha - RS;4308201;RS;DCA-Anexo I-C;Padrão;Outras Deduções da Receita;RO1.1.1.8.02.0.0;1.1.1.8.02.0.0 Impostos sobre a Produção, Circulação de Mercadorias e Serviços;4874,25;30745
2020;Prefeitura Municipal de Flores da Cunha - RS;4308201;RS;DCA-Anexo I-C;Padrão;Receitas Brutas Realizadas;RO1.1.1.8.02.3.0;1.1.1.8.02.3.0 Imposto sobre Serviços de Qualquer Natureza;7517979,20;30745
2020;Prefeitura Municipal de Flores da Cunha - RS;4308201;RS;DCA-Anexo I-C;Padrão;Outras Deduções da Receita;RO1.1.1.8.02.3.0;1.1.1.8.02.3.0 Imposto sobre Serviços de Qualquer Natureza;4874,25;30745
2020;Prefeitura Municipal de Flores da Cunha - RS;4308201;RS;DCA-Anexo I-C;Padrão;Receitas Brutas Realizadas;RO1.1.2.0.00.0.0;1.1.2.0.00.0.0 - Taxas;2738959,19;30745
2020;Prefeitura Municipal de Flores da Cunha - RS;4308201;RS;DCA-Anexo I-C;Padrão;Outras Deduções da Receita;RO1.1.2.0.00.0.0;1.1.2.0.00.0.0 - Taxas;1760,24;30745
2020;Prefeitura Municipal de Flores da Cunha - RS;4308201;RS;DCA-Anexo I-C;Padrão;Receitas Brutas Realizadas;RO1.1.2.8.00.0.0;1.1.2.8.00.0.0 - Taxas - Específicas de Estados, DF e Municípios;2738959,19;30745
2020;Prefeitura Municipal de Flores da Cunha - RS;4308201;RS;DCA-Anexo I-C;Padrão;Outras Deduções da Receita;RO1.1.2.8.00.0.0;1.1.2.8.00.0.0 - Taxas - Específicas de Estados, DF e Municípios;1760,24;30745
2020;Prefeitura Municipal de Flores da Cunha - RS;4308201;RS;DCA-Anexo I-C;Padrão;Receitas Brutas Realizadas;RO1.1.2.8.01.0.0;1.1.2.8.01.0.0 - Taxas de Inspeção, Controle e Fiscalização;1279264,28;30745
2020;Prefeitura Municipal de Flores da Cunha - RS;4308201;RS;DCA-Anexo I-C;Padrão;Outras Deduções da Receita;RO1.1.2.8.01.0.0;1.1.2.8.01.0.0 - Taxas de Inspeção, Controle e Fiscalização;475,95;30745
2020;Prefeitura Municipal de Flores da Cunha - RS;4308201;RS;DCA-Anexo I-C;Padrão;Receitas Brutas Realizadas;RO1.1.2.8.01.1.0;1.1.2.8.01.1.0 - Taxa de Fiscalização de Vigilância Sanitária;37047,25;30745
2020;Prefeitura Municipal de Flores da Cunha - RS;4308201;RS;DCA-Anexo I-C;Padrão;Receitas Brutas Realizadas;RO1.1.2.8.01.9.0;1.1.2.8.01.9.0 - Taxas de Inspeção, Controle e Fiscalização - Outras;1242217,03;30745
2020;Prefeitura Municipal de Flores da Cunha - RS;4308201;RS;DCA-Anexo I-C;Padrão;Outras Deduções da Receita;RO1.1.2.8.01.9.0;1.1.2.8.01.9.0 - Taxas de Inspeção, Controle e Fiscalização - Outras;475,95;30745
2020;Prefeitura Municipal de Flores da Cunha - RS;4308201;RS;DCA-Anexo I-C;Padrão;Receitas Brutas Realizadas;RO1.1.2.8.02.0.0;1.1.2.8.02.0.0 - Taxas pela Prestação de Serviços;1459694,91;30745
2020;Prefeitura Municipal de Flores da Cunha - RS;4308201;RS;DCA-Anexo I-C;Padrão;Outras Deduções da Receita;RO1.1.2.8.02.0.0;1.1.2.8.02.0.0 - Taxas pela Prestação de Serviços;1284,29;30745
2020;Prefeitura Municipal de Flores da Cunha - RS;4308201;RS;DCA-Anexo I-C;Padrão;Receitas Brutas Realizadas;RO1.1.2.8.02.1.0;1.1.2.8.02.1.0 - Taxas Judiciais;115192,25;30745
2020;Prefeitura Municipal de Flores da Cunha - RS;4308201;RS;DCA-Anexo I-C;Padrão;Outras Deduções da Receita;RO1.1.2.8.02.1.0;1.1.2.8.02.1.0 - Taxas Judiciais;10,75;30745
2020;Prefeitura Municipal de Flores da Cunha - RS;4308201;RS;DCA-Anexo I-C;Padrão;Receitas Brutas Realizadas;RO1.1.2.8.02.9.0;1.1.2.8.02.9.0 - Taxas pela Prestação de Serviços - Outras;1344502,66;30745
2020;Prefeitura Municipal de Flores da Cunha - RS;4308201;RS;DCA-Anexo I-C;Padrão;Outras Deduções da Receita;RO1.1.2.8.02.9.0;1.1.2.8.02.9.0 - Taxas pela Prestação de Serviços - Outras;1273,54;30745
2020;Prefeitura Municipal de Flores da Cunha - RS;4308201;RS;DCA-Anexo I-C;Padrão;Receitas Brutas Realizadas;RO1.2.0.0.00.0.0;1.2.0.0.00.0.0 - Contribuições;3794076,06;30745
2020;Prefeitura Municipal de Flores da Cunha - RS;4308201;RS;DCA-Anexo I-C;Padrão;Receitas Brutas Realizadas;RO1.2.1.0.00.0.0;1.2.1.0.00.0.0 - Contribuições Sociais;3794076,06;30745
2020;Prefeitura Municipal de Flores da Cunha - RS;4308201;RS;DCA-Anexo I-C;Padrão;Receitas Brutas Realizadas;RO1.2.1.8.00.0.0;1.2.1.8.00.0.0 Contribuições Sociais Específicas de Estados, DF e Municípios;3794076,06;30745
2020;Prefeitura Municipal de Flores da Cunha - RS;4308201;RS;DCA-Anexo I-C;Padrão;Receitas Brutas Realizadas;RO1.2.1.8.01.0.0;1.2.1.8.01.0.0 - Contribuição do Servidor Civil para o Plano de Seguridade Social - CPSSS - Específico de EST/DF/MUN;3794076,06;30745
2020;Prefeitura Municipal de Flores da Cunha - RS;4308201;RS;DCA-Anexo I-C;Padrão;Receitas Brutas Realizadas;RO1.2.1.8.01.1.0;1.2.1.8.01.1.0 - CPSSS do Servidor Civil Ativo;3761320,11;30745
2020;Prefeitura Municipal de Flores da Cunha - RS;4308201;RS;DCA-Anexo I-C;Padrão;Receitas Brutas Realizadas;RO1.2.1.8.01.2.0;1.2.1.8.01.2.0 - CPSSS do Servidor Civil Inativo;32755,95;30745
2020;Prefeitura Municipal de Flores da Cunha - RS;4308201;RS;DCA-Anexo I-C;Padrão;Receitas Brutas Realizadas;RO1.3.0.0.00.0.0;1.3.0.0.00.0.0 - Receita Patrimonial;5242320,61;30745
2020;Prefeitura Municipal de Flores da Cunha - RS;4308201;RS;DCA-Anexo I-C;Padrão;Receitas Brutas Realizadas;RO1.3.1.0.00.0.0;1.3.1.0.00.0.0 - Exploração do Patrimônio Imobiliário do Estado;278458,36;30745
2020;Prefeitura Municipal de Flores da Cunha - RS;4308201;RS;DCA-Anexo I-C;Padrão;Receitas Brutas Realizadas;RO1.3.1.0.01.0.0;1.3.1.0.01.0.0 - Aluguéis, Arrendamentos, Foros, Laudêmios, Tarifas de Ocupação;278458,36;30745
2020;Prefeitura Municipal de Flores da Cunha - RS;4308201;RS;DCA-Anexo I-C;Padrão;Receitas Brutas Realizadas;RO1.3.1.0.01.1.0;1.3.1.0.01.1.0 - Aluguéis e Arrendamentos;278458,36;30745
2020;Prefeitura Municipal de Flores da Cunha - RS;4308201;RS;DCA-Anexo I-C;Padrão;Receitas Brutas Realizadas;RO1.3.2.0.00.0.0;1.3.2.0.00.0.0 - Valores Mobiliários;4963862,25;30745
2020;Prefeitura Municipal de Flores da Cunha - RS;4308201;RS;DCA-Anexo I-C;Padrão;Receitas Brutas Realizadas;RO1.3.2.1.00.0.0;1.3.2.1.00.0.0 - Juros e Correções Monetárias;4959226,20;30745
2020;Prefeitura Municipal de Flores da Cunha - RS;4308201;RS;DCA-Anexo I-C;Padrão;Receitas Brutas Realizadas;RO1.3.2.1.00.1.0;1.3.2.1.00.1.0 - Remuneração de Depósitos Bancários;412875,58;30745
2020;Prefeitura Municipal de Flores da Cunha - RS;4308201;RS;DCA-Anexo I-C;Padrão;Receitas Brutas Realizadas;RO1.3.2.1.00.4.0;1.3.2.1.00.4.0 - Remuneração dos Recursos do Regime Próprio de Previdência Social - RPPS;4546350,62;30745
2020;Prefeitura Municipal de Flores da Cunha - RS;4308201;RS;DCA-Anexo I-C;Padrão;Receitas Brutas Realizadas;RO1.3.2.2.00.0.0;1.3.2.2.00.0.0 - Dividendos;4636,05;30745
2020;Prefeitura Municipal de Flores da Cunha - RS;4308201;RS;DCA-Anexo I-C;Padrão;Receitas Brutas Realizadas;RO1.6.0.0.00.0.0;1.6.0.0.00.0.0 - Receita de Serviços;176775,57;30745
2020;Prefeitura Municipal de Flores da Cunha - RS;4308201;RS;DCA-Anexo I-C;Padrão;Receitas Brutas Realizadas;RO1.6.1.0.00.0.0;1.6.1.0.00.0.0 - Serviços Administrativos e Comerciais Gerais;117257,38;30745
2020;Prefeitura Municipal de Flores da Cunha - RS;4308201;RS;DCA-Anexo I-C;Padrão;Receitas Brutas Realizadas;RO1.6.1.0.01.0.0;1.6.1.0.01.0.0 - Serviços Administrativos e Comerciais Gerais;69607,38;30745
2020;Prefeitura Municipal de Flores da Cunha - RS;4308201;RS;DCA-Anexo I-C;Padrão;Receitas Brutas Realizadas;RO1.6.1.0.02.0.0;1.6.1.0.02.0.0 - Inscrição em Concursos e Processos Seletivos;47650,00;30745
2020;Prefeitura Municipal de Flores da Cunha - RS;4308201;RS;DCA-Anexo I-C;Padrão;Receitas Brutas Realizadas;RO1.6.9.0.00.0.0;1.6.9.0.00.0.0 - Outros Serviços;59518,19;30745
2020;Prefeitura Municipal de Flores da Cunha - RS;4308201;RS;DCA-Anexo I-C;Padrão;Receitas Brutas Realizadas;RO1.6.9.0.99.0.0;1.6.9.0.99.0.0 - Outros Serviços;59518,19;30745
2020;Prefeitura Municipal de Flores da Cunha - RS;4308201;RS;DCA-Anexo I-C;Padrão;Receitas Brutas Realizadas;RO1.7.0.0.00.0.0;1.7.0.0.00.0.0 - Transferências Correntes;104362332,93;30745
2020;Prefeitura Municipal de Flores da Cunha - RS;4308201;RS;DCA-Anexo I-C;Padrão;Deduções - FUNDEB;RO1.7.0.0.00.0.0;1.7.0.0.00.0.0 - Transferências Correntes;13760954,16;30745
2020;Prefeitura Municipal de Flores da Cunha - RS;4308201;RS;DCA-Anexo I-C;Padrão;Receitas Brutas Realizadas;RO1.7.1.0.00.0.0;1.7.1.0.00.0.0 - Transferências da União e de suas Entidades;38962408,80;30745
2020;Prefeitura Municipal de Flores da Cunha - RS;4308201;RS;DCA-Anexo I-C;Padrão;Deduções - FUNDEB;RO1.7.1.0.00.0.0;1.7.1.0.00.0.0 - Transferências da União e de suas Entidades;4082279,01;30745
2020;Prefeitura Municipal de Flores da Cunha - RS;4308201;RS;DCA-Anexo I-C;Padrão;Receitas Brutas Realizadas;RO1.7.1.8.00.0.0;1.7.1.8.00.0.0 Transferências da União - Específicas de Estados, DF e Municípios;38962408,80;30745
2020;Prefeitura Municipal de Flores da Cunha - RS;4308201;RS;DCA-Anexo I-C;Padrão;Deduções - FUNDEB;RO1.7.1.8.00.0.0;1.7.1.8.00.0.0 Transferências da União - Específicas de Estados, DF e Municípios;4082279,01;30745
2020;Prefeitura Municipal de Flores da Cunha - RS;4308201;RS;DCA-Anexo I-C;Padrão;Receitas Brutas Realizadas;RO1.7.1.8.01.0.0;1.7.1.8.01.0.0 Participação na Receita da União;22250395,58;30745
2020;Prefeitura Municipal de Flores da Cunha - RS;4308201;RS;DCA-Anexo I-C;Padrão;Deduções - FUNDEB;RO1.7.1.8.01.0.0;1.7.1.8.01.0.0 Participação na Receita da União;4082279,01;30745
2020;Prefeitura Municipal de Flores da Cunha - RS;4308201;RS;DCA-Anexo I-C;Padrão;Receitas Brutas Realizadas;RO1.7.1.8.01.2.0;1.7.1.8.01.2.0 Cota-Parte do Fundo de Participação dos Municípios - Cota Mensal;20411396,53;30745
2020;Prefeitura Municipal de Flores da Cunha - RS;4308201;RS;DCA-Anexo I-C;Padrão;Deduções - FUNDEB;RO1.7.1.8.01.2.0;1.7.1.8.01.2.0 Cota-Parte do Fundo de Participação dos Municípios - Cota Mensal;4082279,01;30745
2020;Prefeitura Municipal de Flores da Cunha - RS;4308201;RS;DCA-Anexo I-C;Padrão;Receitas Brutas Realizadas;RO1.7.1.8.01.3.0;1.7.1.8.01.3.0 Cota-Parte do Fundo de Participação do Municípios ¿ 1% Cota entregue no mês de dezembro;918520,38;30745
2020;Prefeitura Municipal de Flores da Cunha - RS;4308201;RS;DCA-Anexo I-C;Padrão;Receitas Brutas Realizadas;RO1.7.1.8.01.4.0;1.7.1.8.01.4.0 Cota-Parte do Fundo de Participação dos Municípios - 1% Cota entregue no mês de julho;920478,67;30745
2020;Prefeitura Municipal de Flores da Cunha - RS;4308201;RS;DCA-Anexo I-C;Padrão;Receitas Brutas Realizadas;RO1.7.1.8.02.0.0;1.7.1.8.02.0.0 Transferência da Compensação Financeira pela Exploração de Recursos Naturais;451530,44;30745
2020;Prefeitura Municipal de Flores da Cunha - RS;4308201;RS;DCA-Anexo I-C;Padrão;Receitas Brutas Realizadas;RO1.7.1.8.02.1.0;1.7.1.8.02.1.0 Cota-parte da Compensação Financeira de Recursos Hídricos;64401,32;30745
2020;Prefeitura Municipal de Flores da Cunha - RS;4308201;RS;DCA-Anexo I-C;Padrão;Receitas Brutas Realizadas;RO1.7.1.8.02.2.0;1.7.1.8.02.2.0 Cota-parte da Compensação Financeira de Recursos Minerais - CFEM;58732,16;30745
2020;Prefeitura Municipal de Flores da Cunha - RS;4308201;RS;DCA-Anexo I-C;Padrão;Receitas Brutas Realizadas;RO1.7.1.8.02.6.0;1.7.1.8.02.6.0 Cota-Parte do Fundo Especial do Petróleo ¿ FEP;328396,96;30745
2020;Prefeitura Municipal de Flores da Cunha - RS;4308201;RS;DCA-Anexo I-C;Padrão;Receitas Brutas Realizadas;RO1.7.1.8.03.0.0;"1.7.1.8.03.0.0 Transferência de Recursos do Sistema Único de Saúde ¿ 
 SUS ¿ Bloco Custeio das Ações e Serviços Públicos de Saúde";9610673,65;30745
2020;Prefeitura Municipal de Flores da Cunha - RS;4308201;RS;DCA-Anexo I-C;Padrão;Receitas Brutas Realizadas;RO1.7.1.8.03.1.0;1.7.1.8.03.1.0 - Transferência de Recursos do SUS ¿ Atenção Básica;2833134,89;30745
2020;Prefeitura Municipal de Flores da Cunha - RS;4308201;RS;DCA-Anexo I-C;Padrão;Receitas Brutas Realizadas;RO1.7.1.8.03.2.0;1.7.1.8.03.2.0 - Transferência de Recursos do SUS ¿ Atenção de Média e Alta Complexidade Ambulatorial e Hospitalar;3493226,88;30745
2020;Prefeitura Municipal de Flores da Cunha - RS;4308201;RS;DCA-Anexo I-C;Padrão;Receitas Brutas Realizadas;RO1.7.1.8.03.3.0;1.7.1.8.03.3.0 - Transferência de Recursos do SUS ¿ Vigilância em Saúde;125546,71;30745
2020;Prefeitura Municipal de Flores da Cunha - RS;4308201;RS;DCA-Anexo I-C;Padrão;Receitas Brutas Realizadas;RO1.7.1.8.03.4.0;1.7.1.8.03.4.0 - Transferência de Recursos do SUS ¿ Assistência Farmacêutica;181395,48;30745
2020;Prefeitura Municipal de Flores da Cunha - RS;4308201;RS;DCA-Anexo I-C;Padrão;Receitas Brutas Realizadas;RO1.7.1.8.03.9.0;1.7.1.8.03.9.0 - Transferência de Recursos do SUS ¿ Outros Programas Financiados por Transferências Fundo a Fundo;2977369,69;30745
2020;Prefeitura Municipal de Flores da Cunha - RS;4308201;RS;DCA-Anexo I-C;Padrão;Receitas Brutas Realizadas;RO1.7.1.8.05.0.0;1.7.1.8.05.0.0 Transferências de Recursos do Fundo Nacional do Desenvolvimento da Educação ¿ FNDE;1465839,15;30745
2020;Prefeitura Municipal de Flores da Cunha - RS;4308201;RS;DCA-Anexo I-C;Padrão;Receitas Brutas Realizadas;RO1.7.1.8.05.1.0;1.7.1.8.05.1.0 Transferências do Salário-Educação;972660,79;30745
2020;Prefeitura Municipal de Flores da Cunha - RS;4308201;RS;DCA-Anexo I-C;Padrão;Receitas Brutas Realizadas;RO1.7.1.8.05.3.0;1.7.1.8.05.3.0 Transferências Diretas do FNDE referentes ao Programa Nacional de Alimentação Escolar ¿ PNAE;293904,60;30745
2020;Prefeitura Municipal de Flores da Cunha - RS;4308201;RS;DCA-Anexo I-C;Padrão;Receitas Brutas Realizadas;RO1.7.1.8.05.4.0;1.7.1.8.05.4.0 Transferências Diretas do FNDE referentes ao Programa Nacional de Apoio ao Transporte do Escolar ¿ PNATE;199273,76;30745
2020;Prefeitura Municipal de Flores da Cunha - RS;4308201;RS;DCA-Anexo I-C;Padrão;Receitas Brutas Realizadas;RO1.7.1.8.12.0.0;1.7.1.8.12.0.0 - Transferências de Recursos do Fundo Nacional de Assistência Social ¿ FNAS;399318,45;30745
2020;Prefeitura Municipal de Flores da Cunha - RS;4308201;RS;DCA-Anexo I-C;Padrão;Receitas Brutas Realizadas;RO1.7.1.8.99.0.0;1.7.1.8.99.0.0 Outras Transferências da União;4784651,53;30745
2020;Prefeitura Municipal de Flores da Cunha - RS;4308201;RS;DCA-Anexo I-C;Padrão;Receitas Brutas Realizadas;RO1.7.2.0.00.0.0;1.7.2.0.00.0.0 - Transferências dos Estados e do Distrito Federal e de suas Entidades;51564593,20;30745
2020;Prefeitura Municipal de Flores da Cunha - RS;4308201;RS;DCA-Anexo I-C;Padrão;Deduções - FUNDEB;RO1.7.2.0.00.0.0;1.7.2.0.00.0.0 - Transferências dos Estados e do Distrito Federal e de suas Entidades;9678675,15;30745
2020;Prefeitura Municipal de Flores da Cunha - RS;4308201;RS;DCA-Anexo I-C;Padrão;Receitas Brutas Realizadas;RO1.7.2.8.00.0.0;1.7.2.8.00.0.0 Transferências dos Estados - Específicas de Estados, DF e Municípios;51564593,20;30745
2020;Prefeitura Municipal de Flores da Cunha - RS;4308201;RS;DCA-Anexo I-C;Padrão;Deduções - FUNDEB;RO1.7.2.8.00.0.0;1.7.2.8.00.0.0 Transferências dos Estados - Específicas de Estados, DF e Municípios;9678675,15;30745
2020;Prefeitura Municipal de Flores da Cunha - RS;4308201;RS;DCA-Anexo I-C;Padrão;Receitas Brutas Realizadas;RO1.7.2.8.01.0.0;1.7.2.8.01.0.0 Participação na Receita dos Estados;48419651,70;30745
2020;Prefeitura Municipal de Flores da Cunha - RS;4308201;RS;DCA-Anexo I-C;Padrão;Deduções - FUNDEB;RO1.7.2.8.01.0.0;1.7.2.8.01.0.0 Participação na Receita dos Estados;9678675,15;30745
2020;Prefeitura Municipal de Flores da Cunha - RS;4308201;RS;DCA-Anexo I-C;Padrão;Receitas Brutas Realizadas;RO1.7.2.8.01.1.0;1.7.2.8.01.1.0 Cota-Parte do ICMS;40642567,06;30745
2020;Prefeitura Municipal de Flores da Cunha - RS;4308201;RS;DCA-Anexo I-C;Padrão;Deduções - FUNDEB;RO1.7.2.8.01.1.0;1.7.2.8.01.1.0 Cota-Parte do ICMS;8128513,45;30745
2020;Prefeitura Municipal de Flores da Cunha - RS;4308201;RS;DCA-Anexo I-C;Padrão;Receitas Brutas Realizadas;RO1.7.2.8.01.2.0;1.7.2.8.01.2.0 Cota-Parte do IPVA;7171916,76;30745
2020;Prefeitura Municipal de Flores da Cunha - RS;4308201;RS;DCA-Anexo I-C;Padrão;Deduções - FUNDEB;RO1.7.2.8.01.2.0;1.7.2.8.01.2.0 Cota-Parte do IPVA;1434383,53;30745
2020;Prefeitura Municipal de Flores da Cunha - RS;4308201;RS;DCA-Anexo I-C;Padrão;Receitas Brutas Realizadas;RO1.7.2.8.01.3.0;1.7.2.8.01.3.0 Cota-Parte do IPI - Municípios;578890,57;30745
2020;Prefeitura Municipal de Flores da Cunha - RS;4308201;RS;DCA-Anexo I-C;Padrão;Deduções - FUNDEB;RO1.7.2.8.01.3.0;1.7.2.8.01.3.0 Cota-Parte do IPI - Municípios;115778,17;30745
2020;Prefeitura Municipal de Flores da Cunha - RS;4308201;RS;DCA-Anexo I-C;Padrão;Receitas Brutas Realizadas;RO1.7.2.8.01.4.0;1.7.2.8.01.4.0 Cota-Parte da Contribuição de Intervenção no Domínio Econômico;26277,31;30745
2020;Prefeitura Municipal de Flores da Cunha - RS;4308201;RS;DCA-Anexo I-C;Padrão;Receitas Brutas Realizadas;RO1.7.2.8.03.0.0;1.7.2.8.03.0.0 Transferência de Recursos do Estado para Programas de Saúde ¿ Repasse Fundo a Fundo;2272055,97;30745
2020;Prefeitura Municipal de Flores da Cunha - RS;4308201;RS;DCA-Anexo I-C;Padrão;Receitas Brutas Realizadas;RO1.7.2.8.10.0.0;1.7.2.8.10.0.0 Transferência de Convênios dos Estados e do Distrito Federal e de Suas Entidades;512121,59;30745
2020;Prefeitura Municipal de Flores da Cunha - RS;4308201;RS;DCA-Anexo I-C;Padrão;Receitas Brutas Realizadas;RO1.7.2.8.10.2.0;1.7.2.8.10.2.0 Transferências de Convênio dos Estados Destinadas a Programas de Educação;512121,59;30745
2020;Prefeitura Municipal de Flores da Cunha - RS;4308201;RS;DCA-Anexo I-C;Padrão;Receitas Brutas Realizadas;RO1.7.2.8.99.0.0;1.7.2.8.99.0.0 Outras Transferências dos Estados;360763,94;30745
2020;Prefeitura Municipal de Flores da Cunha - RS;4308201;RS;DCA-Anexo I-C;Padrão;Receitas Brutas Realizadas;RO1.7.4.0.00.0.0;1.7.4.0.00.0.0 - Transferências de Instituições Privadas;441322,84;30745
2020;Prefeitura Municipal de Flores da Cunha - RS;4308201;RS;DCA-Anexo I-C;Padrão;Receitas Brutas Realizadas;RO1.7.4.8.00.0.0;1.7.4.8.00.0.0 Transferências de Instituições Privadas - Específicas de Estados, DF e Municípios;441322,84;30745
2020;Prefeitura Municipal de Flores da Cunha - RS;4308201;RS;DCA-Anexo I-C;Padrão;Receitas Brutas Realizadas;RO1.7.4.8.01.0.0;1.7.4.8.01.0.0 - Transferência de Convênios de Instituições Privadas para EST/DF/MUN;317701,68;30745
2020;Prefeitura Municipal de Flores da Cunha - RS;4308201;RS;DCA-Anexo I-C;Padrão;Receitas Brutas Realizadas;RO1.7.4.8.10.0.0;1.7.4.8.10.0.0 - Outras Transferência de Instituições Privadas para EST/DF/MUN - Não Especificadas Anteriormente;123621,16;30745
2020;Prefeitura Municipal de Flores da Cunha - RS;4308201;RS;DCA-Anexo I-C;Padrão;Receitas Brutas Realizadas;RO1.7.5.0.00.0.0;1.7.5.0.00.0.0 - Transferências de Outras Instituições Públicas;13389318,09;30745
2020;Prefeitura Municipal de Flores da Cunha - RS;4308201;RS;DCA-Anexo I-C;Padrão;Receitas Brutas Realizadas;RO1.7.5.8.00.0.0;1.7.5.8.00.0.0 Transferências de Outras Instituições Públicas - Específicas de Estados, DF e Municípios;13389318,09;30745
2020;Prefeitura Municipal de Flores da Cunha - RS;4308201;RS;DCA-Anexo I-C;Padrão;Receitas Brutas Realizadas;RO1.7.5.8.01.0.0;1.7.5.8.01.0.0 Transferências de Recursos do Fundo de Manutenção e Desenvolvimento da Educação Básica e de Valorização dos Profissionais da Educação ¿ FUNDEB;13389318,09;30745
2020;Prefeitura Municipal de Flores da Cunha - RS;4308201;RS;DCA-Anexo I-C;Padrão;Receitas Brutas Realizadas;RO1.7.7.0.00.0.0;1.7.7.0.00.0.0 - Transferências de Pessoas Físicas;4690,00;30745
2020;Prefeitura Municipal de Flores da Cunha - RS;4308201;RS;DCA-Anexo I-C;Padrão;Receitas Brutas Realizadas;RO1.7.7.8.00.0.0;1.7.7.8.00.0.0 - Transferências de Pessoas Físicas - Específicas de Estados, DF e Municípios;4690,00;30745
2020;Prefeitura Municipal de Flores da Cunha - RS;4308201;RS;DCA-Anexo I-C;Padrão;Receitas Brutas Realizadas;RO1.7.7.8.01.0.0;1.7.7.8.01.0.0 - Transferências de Pessoas Físicas - Específicas de E/DF/M;4690,00;30745
2020;Prefeitura Municipal de Flores da Cunha - RS;4308201;RS;DCA-Anexo I-C;Padrão;Receitas Brutas Realizadas;RO1.7.7.8.01.9.0;1.7.7.8.01.9.0 - Outras Transferência de Pessoas Físicas- Específicas de E/DF/M - Não Especificadas Anteriormente;4690,00;30745
2020;Prefeitura Municipal de Flores da Cunha - RS;4308201;RS;DCA-Anexo I-C;Padrão;Receitas Brutas Realizadas;RO1.9.0.0.00.0.0;1.9.0.0.00.0.0 - Outras Receitas Correntes;430211,10;30745
2020;Prefeitura Municipal de Flores da Cunha - RS;4308201;RS;DCA-Anexo I-C;Padrão;Receitas Brutas Realizadas;RO1.9.1.0.00.0.0;1.9.1.0.00.0.0 - Multas Administrativas, Contratuais e Judiciais;53291,01;30745
2020;Prefeitura Municipal de Flores da Cunha - RS;4308201;RS;DCA-Anexo I-C;Padrão;Receitas Brutas Realizadas;RO1.9.1.0.01.0.0;1.9.1.0.01.0.0 - Multas Previstas em Legislação Específica;10247,41;30745
2020;Prefeitura Municipal de Flores da Cunha - RS;4308201;RS;DCA-Anexo I-C;Padrão;Receitas Brutas Realizadas;RO1.9.1.0.06.0.0;1.9.1.0.06.0.0 - Multas por Danos Ambientais;34412,05;30745
2020;Prefeitura Municipal de Flores da Cunha - RS;4308201;RS;DCA-Anexo I-C;Padrão;Receitas Brutas Realizadas;RO1.9.1.0.06.1.0;1.9.1.0.06.1.0 - Multas Administrativas por Danos Ambientais;34412,05;30745
2020;Prefeitura Municipal de Flores da Cunha - RS;4308201;RS;DCA-Anexo I-C;Padrão;Receitas Brutas Realizadas;RO1.9.1.0.09.0.0;1.9.1.0.09.0.0 - Multas e Juros Previstos em Contratos;8631,55;30745
2020;Prefeitura Municipal de Flores da Cunha - RS;4308201;RS;DCA-Anexo I-C;Padrão;Receitas Brutas Realizadas;RO1.9.2.0.00.0.0;1.9.2.0.00.0.0 - Indenizações, Restituições e Ressarcimentos;84984,33;30745
2020;Prefeitura Municipal de Flores da Cunha - RS;4308201;RS;DCA-Anexo I-C;Padrão;Receitas Brutas Realizadas;RO1.9.2.8.00.0.0;1.9.2.8.00.0.0 - Indenizações, Restituições e Ressarcimentos - Específicas para Estados/DF/Municípios;84984,33;30745
2020;Prefeitura Municipal de Flores da Cunha - RS;4308201;RS;DCA-Anexo I-C;Padrão;Receitas Brutas Realizadas;RO1.9.2.8.01.0.0;1.9.2.8.01.0.0 - Indenizações- Específicas para Estados/DF/Municípios;13939,69;30745
2020;Prefeitura Municipal de Flores da Cunha - RS;4308201;RS;DCA-Anexo I-C;Padrão;Receitas Brutas Realizadas;RO1.9.2.8.02.0.0;1.9.2.8.02.0.0 - Restituições - Específicas para Estados/DF/Municípios;65895,19;30745
2020;Prefeitura Municipal de Flores da Cunha - RS;4308201;RS;DCA-Anexo I-C;Padrão;Receitas Brutas Realizadas;RO1.9.2.8.02.9.0;1.9.2.8.02.9.0 - Outras Restituições - Específicas para Estados/DF/Municípios - Não Especificadas Anteriormente;65895,19;30745
2020;Prefeitura Municipal de Flores da Cunha - RS;4308201;RS;DCA-Anexo I-C;Padrão;Receitas Brutas Realizadas;RO1.9.2.8.03.0.0;1.9.2.8.03.0.0 - Ressarcimentos - Específicas para Estados/DF/Municípios;5149,45;30745
2020;Prefeitura Municipal de Flores da Cunha - RS;4308201;RS;DCA-Anexo I-C;Padrão;Receitas Brutas Realizadas;RO1.9.9.0.00.0.0;1.9.9.0.00.0.0 - Demais Receitas Correntes;291935,76;30745
2020;Prefeitura Municipal de Flores da Cunha - RS;4308201;RS;DCA-Anexo I-C;Padrão;Receitas Brutas Realizadas;RO1.9.9.0.03.0.0;1.9.9.0.03.0.0 - Compensações Financeiras entre o Regime Geral e os Regimes Próprios de Previdência dos Servidores;190054,75;30745
2020;Prefeitura Municipal de Flores da Cunha - RS;4308201;RS;DCA-Anexo I-C;Padrão;Receitas Brutas Realizadas;RO1.9.9.0.12.0.0;1.9.9.0.12.0.0 - Encargos Legais pela Inscrição em Dívida Ativa e Receitas de Ônus de Sucumbência;16402,32;30745
2020;Prefeitura Municipal de Flores da Cunha - RS;4308201;RS;DCA-Anexo I-C;Padrão;Receitas Brutas Realizadas;RO1.9.9.0.12.2.0;1.9.9.0.12.2.0 - Ônus de Sucumbência;16402,32;30745
2020;Prefeitura Municipal de Flores da Cunha - RS;4308201;RS;DCA-Anexo I-C;Padrão;Receitas Brutas Realizadas;RO1.9.9.0.99.0.0;1.9.9.0.99.0.0 - Outras Receitas;85478,69;30745
2020;Prefeitura Municipal de Flores da Cunha - RS;4308201;RS;DCA-Anexo I-C;Padrão;Receitas Brutas Realizadas;RO1.9.9.0.99.1.0;1.9.9.0.99.1.0 - Outras Receitas - Primárias;85478,69;30745
2020;Prefeitura Municipal de Flores da Cunha - RS;4308201;RS;DCA-Anexo I-C;Padrão;Receitas Brutas Realizadas;RO2.0.0.0.00.0.0;2.0.0.0.00.0.0 - Receitas de Capital;3481306,37;30745
2020;Prefeitura Municipal de Flores da Cunha - RS;4308201;RS;DCA-Anexo I-C;Padrão;Receitas Brutas Realizadas;RO2.2.0.0.00.0.0;2.2.0.0.00.0.0 - Alienação de Bens;1008437,31;30745
2020;Prefeitura Municipal de Flores da Cunha - RS;4308201;RS;DCA-Anexo I-C;Padrão;Receitas Brutas Realizadas;RO2.2.1.0.00.0.0;2.2.1.0.00.0.0 - Alienação de Bens Móveis;373874,10;30745
2020;Prefeitura Municipal de Flores da Cunha - RS;4308201;RS;DCA-Anexo I-C;Padrão;Receitas Brutas Realizadas;RO2.2.1.3.00.0.0;2.2.1.3.00.0.0 Alienação de Bens Móveis e Semoventes;373874,10;30745
2020;Prefeitura Municipal de Flores da Cunha - RS;4308201;RS;DCA-Anexo I-C;Padrão;Receitas Brutas Realizadas;RO2.2.2.0.00.0.0;2.2.2.0.00.0.0 - Alienação de Bens Imóveis;634563,21;30745
2020;Prefeitura Municipal de Flores da Cunha - RS;4308201;RS;DCA-Anexo I-C;Padrão;Receitas Brutas Realizadas;RO2.3.0.0.00.0.0;2.3.0.0.00.0.0 - Amortização de Empréstimos;121159,57;30745
2020;Prefeitura Municipal de Flores da Cunha - RS;4308201;RS;DCA-Anexo I-C;Padrão;Receitas Brutas Realizadas;RO2.3.0.0.06.0.0;2.3.0.0.06.0.0 - Amortização de Empréstimos Contratuais;121159,57;30745
2020;Prefeitura Municipal de Flores da Cunha - RS;4308201;RS;DCA-Anexo I-C;Padrão;Receitas Brutas Realizadas;RO2.4.0.0.00.0.0;2.4.0.0.00.0.0 - Transferências de Capital;2351709,49;30745
2020;Prefeitura Municipal de Flores da Cunha - RS;4308201;RS;DCA-Anexo I-C;Padrão;Receitas Brutas Realizadas;RO2.4.1.0.00.0.0;2.4.1.0.00.0.0 - Transferências da União e de suas Entidades;1836477,03;30745
2020;Prefeitura Municipal de Flores da Cunha - RS;4308201;RS;DCA-Anexo I-C;Padrão;Receitas Brutas Realizadas;RO2.4.1.8.00.0.0;2.4.1.8.00.0.0 Transferências da União - Específicas de Estados, DF e Municípios;1836477,03;30745
2020;Prefeitura Municipal de Flores da Cunha - RS;4308201;RS;DCA-Anexo I-C;Padrão;Receitas Brutas Realizadas;RO2.4.1.8.04.0.0;2.4.1.8.04.0.0 - Transferências de Recursos do Sistema Único de Saúde ¿ SUS - Bloco Investimentos na Rede de Serviços Públicos de Saúde;250000,00;30745
2020;Prefeitura Municipal de Flores da Cunha - RS;4308201;RS;DCA-Anexo I-C;Padrão;Receitas Brutas Realizadas;RO2.4.1.8.04.1.0;2.4.1.8.04.1.0 - Transferências de Recursos do Sistema Único de Saúde ¿ SUS destinados à Atenção Básica;250000,00;30745
2020;Prefeitura Municipal de Flores da Cunha - RS;4308201;RS;DCA-Anexo I-C;Padrão;Receitas Brutas Realizadas;RO2.4.1.8.99.0.0;2.4.1.8.99.0.0 Outras Transferências da União;1586477,03;30745
2020;Prefeitura Municipal de Flores da Cunha - RS;4308201;RS;DCA-Anexo I-C;Padrão;Receitas Brutas Realizadas;RO2.4.4.0.00.0.0;2.4.4.0.00.0.0 - Transferências de Instituições Privadas;515232,46;30745
2020;Prefeitura Municipal de Flores da Cunha - RS;4308201;RS;DCA-Anexo I-C;Padrão;Receitas Brutas Realizadas;RO2.4.4.0.00.1.0;2.4.4.0.00.1.0 Transferências de Instituições Privadas;515232,46;30745
2020;Prefeitura Municipal de Flores da Cunha - RS;4308201;RS;DCA-Anexo I-C;Padrão;Receitas Brutas Realizadas;ReceitasIntraOrcamentarias;RECEITAS (INTRA-ORÇAMENTÁRIAS) (II);9882240,73;30745
2020;Prefeitura Municipal de Flores da Cunha - RS;4308201;RS;DCA-Anexo I-C;Padrão;Receitas Brutas Realizadas;RI7.0.0.0.00.0.0;7.0.0.0.00.0.0 - Receitas Correntes;9882240,73;30745
2020;Prefeitura Municipal de Flores da Cunha - RS;4308201;RS;DCA-Anexo I-C;Padrão;Receitas Brutas Realizadas;RI7.2.0.0.00.0.0;7.2.0.0.00.0.0 - Contribuições;9882240,73;30745
2020;Prefeitura Municipal de Flores da Cunha - RS;4308201;RS;DCA-Anexo I-C;Padrão;Receitas Brutas Realizadas;RI7.2.1.0.00.0.0;7.2.1.0.00.0.0 - Contribuições Sociais;9882240,73;30745
2020;Prefeitura Municipal de Flores da Cunha - RS;4308201;RS;DCA-Anexo I-C;Padrão;Receitas Brutas Realizadas;RI7.2.1.8.00.0.0;"7.2.1.8.00.0.0 Contribuições Sociais Específicas de Estados, DF e 
 Municípios";9882240,73;30745
2020;Prefeitura Municipal de Flores da Cunha - RS;4308201;RS;DCA-Anexo I-C;Padrão;Receitas Brutas Realizadas;RI7.2.1.8.03.0.0;7.2.1.8.03.0.0 - CPSSS Patronal - Servidor Civil - Específico de EST/DF/MUN;9882240,73;30745
2020;Prefeitura Municipal de Flores da Cunha - RS;4308201;RS;DCA-Anexo I-C;Padrão;Receitas Brutas Realizadas;RI7.2.1.8.03.1.0;7.2.1.8.03.1.0 - CPSSS Patronal - Servidor Civil Ativo;9882240,73;30745
2020;Prefeitura Municipal de Flores da Cunha - RS;4308201;RS;DCA-Anexo I-C;Padrão;Receitas Brutas Realizadas;TotalReceitas;TOTAL DAS RECEITAS (III) = (I + II);151559959,27;30745
2020;Prefeitura Municipal de Flores da Cunha - RS;4308201;RS;DCA-Anexo I-C;Padrão;Deduções - FUNDEB;TotalReceitas;TOTAL DAS RECEITAS (III) = (I + II);13816425,29;30745
2020;Prefeitura Municipal de Flores da Cunha - RS;4308201;RS;DCA-Anexo I-C;Padrão;Outras Deduções da Receita;TotalReceitas;TOTAL DAS RECEITAS (III) = (I + II);57376,97;30745
2021;Prefeitura Municipal de Flores da Cunha - RS;4308201;RS;DCA-Anexo I-C;Padrão;Receitas Brutas Realizadas;ReceitasExcetoIntraOrcamentarias;RECEITAS (EXCETO INTRA-ORÇAMENTÁRIAS) (I);169098475,82;31063
2021;Prefeitura Municipal de Flores da Cunha - RS;4308201;RS;DCA-Anexo I-C;Padrão;Deduções - FUNDEB;ReceitasExcetoIntraOrcamentarias;RECEITAS (EXCETO INTRA-ORÇAMENTÁRIAS) (I);18337442,74;31063
2021;Prefeitura Municipal de Flores da Cunha - RS;4308201;RS;DCA-Anexo I-C;Padrão;Outras Deduções da Receita;ReceitasExcetoIntraOrcamentarias;RECEITAS (EXCETO INTRA-ORÇAMENTÁRIAS) (I);101378,63;31063
2021;Prefeitura Municipal de Flores da Cunha - RS;4308201;RS;DCA-Anexo I-C;Padrão;Receitas Brutas Realizadas;RO1.0.0.0.00.0.0;1.0.0.0.00.0.0 - Receitas Correntes;165037494,48;31063
2021;Prefeitura Municipal de Flores da Cunha - RS;4308201;RS;DCA-Anexo I-C;Padrão;Deduções - FUNDEB;RO1.0.0.0.00.0.0;1.0.0.0.00.0.0 - Receitas Correntes;18337442,74;31063
2021;Prefeitura Municipal de Flores da Cunha - RS;4308201;RS;DCA-Anexo I-C;Padrão;Outras Deduções da Receita;RO1.0.0.0.00.0.0;1.0.0.0.00.0.0 - Receitas Correntes;101378,63;31063
2021;Prefeitura Municipal de Flores da Cunha - RS;4308201;RS;DCA-Anexo I-C;Padrão;Receitas Brutas Realizadas;RO1.1.0.0.00.0.0;1.1.0.0.00.0.0 - Impostos, Taxas e Contribuições de Melhoria;27737535,24;31063
2021;Prefeitura Municipal de Flores da Cunha - RS;4308201;RS;DCA-Anexo I-C;Padrão;Outras Deduções da Receita;RO1.1.0.0.00.0.0;1.1.0.0.00.0.0 - Impostos, Taxas e Contribuições de Melhoria;101378,63;31063
2021;Prefeitura Municipal de Flores da Cunha - RS;4308201;RS;DCA-Anexo I-C;Padrão;Receitas Brutas Realizadas;RO1.1.1.0.00.0.0;1.1.1.0.00.0.0 - Impostos;24878465,59;31063
2021;Prefeitura Municipal de Flores da Cunha - RS;4308201;RS;DCA-Anexo I-C;Padrão;Outras Deduções da Receita;RO1.1.1.0.00.0.0;1.1.1.0.00.0.0 - Impostos;98944,35;31063
2021;Prefeitura Municipal de Flores da Cunha - RS;4308201;RS;DCA-Anexo I-C;Padrão;Receitas Brutas Realizadas;RO1.1.1.3.00.0.0;1.1.1.3.00.0.0 - Impostos sobre a Renda e Proventos de Qualquer Natureza;3568154,20;31063
2021;Prefeitura Municipal de Flores da Cunha - RS;4308201;RS;DCA-Anexo I-C;Padrão;Receitas Brutas Realizadas;RO1.1.1.3.03.0.0;1.1.1.3.03.0.0 - Imposto sobre a Renda - Retido na Fonte;3568154,20;31063
2021;Prefeitura Municipal de Flores da Cunha - RS;4308201;RS;DCA-Anexo I-C;Padrão;Receitas Brutas Realizadas;RO1.1.1.3.03.1.0;1.1.1.3.03.1.0 - Imposto sobre a Renda - Retido na Fonte - Trabalho;3519957,77;31063
2021;Prefeitura Municipal de Flores da Cunha - RS;4308201;RS;DCA-Anexo I-C;Padrão;Receitas Brutas Realizadas;RO1.1.1.3.03.4.0;1.1.1.3.03.4.0 - Imposto sobre a Renda - Retido na Fonte - Outros Rendimentos;48196,43;31063
2021;Prefeitura Municipal de Flores da Cunha - RS;4308201;RS;DCA-Anexo I-C;Padrão;Receitas Brutas Realizadas;RO1.1.1.8.00.0.0;1.1.1.8.00.0.0 - Impostos Específicos de Estados, DF e Municípios;21310311,39;31063
2021;Prefeitura Municipal de Flores da Cunha - RS;4308201;RS;DCA-Anexo I-C;Padrão;Outras Deduções da Receita;RO1.1.1.8.00.0.0;1.1.1.8.00.0.0 - Impostos Específicos de Estados, DF e Municípios;98944,35;31063
2021;Prefeitura Municipal de Flores da Cunha - RS;4308201;RS;DCA-Anexo I-C;Padrão;Receitas Brutas Realizadas;RO1.1.1.8.01.0.0;1.1.1.8.01.0.0 - Impostos sobre o Patrimônio para Estados/DF/Municípios;10915994,87;31063
2021;Prefeitura Municipal de Flores da Cunha - RS;4308201;RS;DCA-Anexo I-C;Padrão;Outras Deduções da Receita;RO1.1.1.8.01.0.0;1.1.1.8.01.0.0 - Impostos sobre o Patrimônio para Estados/DF/Municípios;91295,15;31063
2021;Prefeitura Municipal de Flores da Cunha - RS;4308201;RS;DCA-Anexo I-C;Padrão;Receitas Brutas Realizadas;RO1.1.1.8.01.1.0;1.1.1.8.01.1.0 - Imposto sobre a Propriedade Predial e Territorial Urbana;6088098,93;31063
2021;Prefeitura Municipal de Flores da Cunha - RS;4308201;RS;DCA-Anexo I-C;Padrão;Outras Deduções da Receita;RO1.1.1.8.01.1.0;1.1.1.8.01.1.0 - Imposto sobre a Propriedade Predial e Territorial Urbana;9139,03;31063
2021;Prefeitura Municipal de Flores da Cunha - RS;4308201;RS;DCA-Anexo I-C;Padrão;Receitas Brutas Realizadas;RO1.1.1.8.01.4.0;1.1.1.8.01.4.0 - Imposto sobre Transmissão ¿Inter Vivos¿ de Bens Imóveis e de Direitos Reais sobre Imóveis;4827895,94;31063
2021;Prefeitura Municipal de Flores da Cunha - RS;4308201;RS;DCA-Anexo I-C;Padrão;Outras Deduções da Receita;RO1.1.1.8.01.4.0;1.1.1.8.01.4.0 - Imposto sobre Transmissão ¿Inter Vivos¿ de Bens Imóveis e de Direitos Reais sobre Imóveis;82156,12;31063
2021;Prefeitura Municipal de Flores da Cunha - RS;4308201;RS;DCA-Anexo I-C;Padrão;Receitas Brutas Realizadas;RO1.1.1.8.02.0.0;1.1.1.8.02.0.0 - Impostos sobre a Produção, Circulação de Mercadorias e Serviços;10394316,52;31063
2021;Prefeitura Municipal de Flores da Cunha - RS;4308201;RS;DCA-Anexo I-C;Padrão;Outras Deduções da Receita;RO1.1.1.8.02.0.0;1.1.1.8.02.0.0 - Impostos sobre a Produção, Circulação de Mercadorias e Serviços;7649,20;31063
2021;Prefeitura Municipal de Flores da Cunha - RS;4308201;RS;DCA-Anexo I-C;Padrão;Receitas Brutas Realizadas;RO1.1.1.8.02.3.0;1.1.1.8.02.3.0 - Imposto sobre Serviços de Qualquer Natureza;10394316,52;31063
2021;Prefeitura Municipal de Flores da Cunha - RS;4308201;RS;DCA-Anexo I-C;Padrão;Outras Deduções da Receita;RO1.1.1.8.02.3.0;1.1.1.8.02.3.0 - Imposto sobre Serviços de Qualquer Natureza;7649,20;31063
2021;Prefeitura Municipal de Flores da Cunha - RS;4308201;RS;DCA-Anexo I-C;Padrão;Receitas Brutas Realizadas;RO1.1.2.0.00.0.0;1.1.2.0.00.0.0 - Taxas;2859069,65;31063
2021;Prefeitura Municipal de Flores da Cunha - RS;4308201;RS;DCA-Anexo I-C;Padrão;Outras Deduções da Receita;RO1.1.2.0.00.0.0;1.1.2.0.00.0.0 - Taxas;2434,28;31063
2021;Prefeitura Municipal de Flores da Cunha - RS;4308201;RS;DCA-Anexo I-C;Padrão;Receitas Brutas Realizadas;RO1.1.2.8.00.0.0;1.1.2.8.00.0.0 - Taxas - Específicas de Estados, DF e Municípios;2859069,65;31063
2021;Prefeitura Municipal de Flores da Cunha - RS;4308201;RS;DCA-Anexo I-C;Padrão;Outras Deduções da Receita;RO1.1.2.8.00.0.0;1.1.2.8.00.0.0 - Taxas - Específicas de Estados, DF e Municípios;2434,28;31063
2021;Prefeitura Municipal de Flores da Cunha - RS;4308201;RS;DCA-Anexo I-C;Padrão;Receitas Brutas Realizadas;RO1.1.2.8.01.0.0;1.1.2.8.01.0.0 - Taxas de Inspeção, Controle e Fiscalização;1162829,60;31063
2021;Prefeitura Municipal de Flores da Cunha - RS;4308201;RS;DCA-Anexo I-C;Padrão;Receitas Brutas Realizadas;RO1.1.2.8.01.1.0;1.1.2.8.01.1.0 - Taxa de Fiscalização de Vigilância Sanitária;39980,15;31063
2021;Prefeitura Municipal de Flores da Cunha - RS;4308201;RS;DCA-Anexo I-C;Padrão;Receitas Brutas Realizadas;RO1.1.2.8.01.9.0;1.1.2.8.01.9.0 - Taxas de Inspeção, Controle e Fiscalização - Outras;1122849,45;31063
2021;Prefeitura Municipal de Flores da Cunha - RS;4308201;RS;DCA-Anexo I-C;Padrão;Receitas Brutas Realizadas;RO1.1.2.8.02.0.0;1.1.2.8.02.0.0 - Taxas pela Prestação de Serviços;1696240,05;31063
2021;Prefeitura Municipal de Flores da Cunha - RS;4308201;RS;DCA-Anexo I-C;Padrão;Outras Deduções da Receita;RO1.1.2.8.02.0.0;1.1.2.8.02.0.0 - Taxas pela Prestação de Serviços;2434,28;31063
2021;Prefeitura Municipal de Flores da Cunha - RS;4308201;RS;DCA-Anexo I-C;Padrão;Receitas Brutas Realizadas;RO1.1.2.8.02.1.0;1.1.2.8.02.1.0 - Taxas Judiciais;171666,45;31063
2021;Prefeitura Municipal de Flores da Cunha - RS;4308201;RS;DCA-Anexo I-C;Padrão;Receitas Brutas Realizadas;RO1.1.2.8.02.9.0;1.1.2.8.02.9.0 - Taxas pela Prestação de Serviços - Outras;1524573,60;31063
2021;Prefeitura Municipal de Flores da Cunha - RS;4308201;RS;DCA-Anexo I-C;Padrão;Outras Deduções da Receita;RO1.1.2.8.02.9.0;1.1.2.8.02.9.0 - Taxas pela Prestação de Serviços - Outras;2434,28;31063
2021;Prefeitura Municipal de Flores da Cunha - RS;4308201;RS;DCA-Anexo I-C;Padrão;Receitas Brutas Realizadas;RO1.2.0.0.00.0.0;1.2.0.0.00.0.0 - Contribuições;3998644,74;31063
2021;Prefeitura Municipal de Flores da Cunha - RS;4308201;RS;DCA-Anexo I-C;Padrão;Receitas Brutas Realizadas;RO1.2.1.0.00.0.0;1.2.1.0.00.0.0 - Contribuições Sociais;3998644,74;31063
2021;Prefeitura Municipal de Flores da Cunha - RS;4308201;RS;DCA-Anexo I-C;Padrão;Receitas Brutas Realizadas;RO1.2.1.8.00.0.0;1.2.1.8.00.0.0 - Contribuições Sociais Específicas de Estados, DF e Municípios;3998644,74;31063
2021;Prefeitura Municipal de Flores da Cunha - RS;4308201;RS;DCA-Anexo I-C;Padrão;Receitas Brutas Realizadas;RO1.2.1.8.01.0.0;1.2.1.8.01.0.0 - Contribuição do Servidor Civil para o Plano de Seguridade Social - CPSSS - Específico de EST/DF/MUN;3998644,74;31063
2021;Prefeitura Municipal de Flores da Cunha - RS;4308201;RS;DCA-Anexo I-C;Padrão;Receitas Brutas Realizadas;RO1.2.1.8.01.1.0;1.2.1.8.01.1.0 - CPSSS do Servidor Civil Ativo;3936523,78;31063
2021;Prefeitura Municipal de Flores da Cunha - RS;4308201;RS;DCA-Anexo I-C;Padrão;Receitas Brutas Realizadas;RO1.2.1.8.01.2.0;1.2.1.8.01.2.0 - CPSSS do Servidor Civil Inativo;62120,96;31063
2021;Prefeitura Municipal de Flores da Cunha - RS;4308201;RS;DCA-Anexo I-C;Padrão;Receitas Brutas Realizadas;RO1.3.0.0.00.0.0;1.3.0.0.00.0.0 - Receita Patrimonial;4021823,48;31063
2021;Prefeitura Municipal de Flores da Cunha - RS;4308201;RS;DCA-Anexo I-C;Padrão;Receitas Brutas Realizadas;RO1.3.1.0.00.0.0;1.3.1.0.00.0.0 - Exploração do Patrimônio Imobiliário do Estado;389907,86;31063
2021;Prefeitura Municipal de Flores da Cunha - RS;4308201;RS;DCA-Anexo I-C;Padrão;Receitas Brutas Realizadas;RO1.3.1.0.01.0.0;1.3.1.0.01.0.0 - Aluguéis, Arrendamentos, Foros, Laudêmios, Tarifas de Ocupação;389907,86;31063
2021;Prefeitura Municipal de Flores da Cunha - RS;4308201;RS;DCA-Anexo I-C;Padrão;Receitas Brutas Realizadas;RO1.3.1.0.01.1.0;1.3.1.0.01.1.0 - Aluguéis e Arrendamentos;389907,86;31063
2021;Prefeitura Municipal de Flores da Cunha - RS;4308201;RS;DCA-Anexo I-C;Padrão;Receitas Brutas Realizadas;RO1.3.2.0.00.0.0;1.3.2.0.00.0.0 - Valores Mobiliários;3631915,62;31063
2021;Prefeitura Municipal de Flores da Cunha - RS;4308201;RS;DCA-Anexo I-C;Padrão;Receitas Brutas Realizadas;RO1.3.2.1.00.0.0;1.3.2.1.00.0.0 - Juros e Correções Monetárias;3631915,62;31063
2021;Prefeitura Municipal de Flores da Cunha - RS;4308201;RS;DCA-Anexo I-C;Padrão;Receitas Brutas Realizadas;RO1.3.2.1.00.1.0;1.3.2.1.00.1.0 - Remuneração de Depósitos Bancários;1363640,10;31063
2021;Prefeitura Municipal de Flores da Cunha - RS;4308201;RS;DCA-Anexo I-C;Padrão;Receitas Brutas Realizadas;RO1.3.2.1.00.4.0;1.3.2.1.00.4.0 - Remuneração dos Recursos do Regime Próprio de Previdência Social - RPPS;2268275,52;31063
2021;Prefeitura Municipal de Flores da Cunha - RS;4308201;RS;DCA-Anexo I-C;Padrão;Receitas Brutas Realizadas;RO1.6.0.0.00.0.0;1.6.0.0.00.0.0 - Receita de Serviços;185502,85;31063
2021;Prefeitura Municipal de Flores da Cunha - RS;4308201;RS;DCA-Anexo I-C;Padrão;Receitas Brutas Realizadas;RO1.6.1.0.00.0.0;1.6.1.0.00.0.0 - Serviços Administrativos e Comerciais Gerais;96315,83;31063
2021;Prefeitura Municipal de Flores da Cunha - RS;4308201;RS;DCA-Anexo I-C;Padrão;Receitas Brutas Realizadas;RO1.6.1.0.01.0.0;1.6.1.0.01.0.0 - Serviços Administrativos e Comerciais Gerais;96315,83;31063
2021;Prefeitura Municipal de Flores da Cunha - RS;4308201;RS;DCA-Anexo I-C;Padrão;Receitas Brutas Realizadas;RO1.6.9.0.00.0.0;1.6.9.0.00.0.0 - Outros Serviços;89187,02;31063
2021;Prefeitura Municipal de Flores da Cunha - RS;4308201;RS;DCA-Anexo I-C;Padrão;Receitas Brutas Realizadas;RO1.6.9.0.99.0.0;1.6.9.0.99.0.0 - Outros Serviços;89187,02;31063
2021;Prefeitura Municipal de Flores da Cunha - RS;4308201;RS;DCA-Anexo I-C;Padrão;Receitas Brutas Realizadas;RO1.7.0.0.00.0.0;1.7.0.0.00.0.0 - Transferências Correntes;128707902,56;31063
2021;Prefeitura Municipal de Flores da Cunha - RS;4308201;RS;DCA-Anexo I-C;Padrão;Deduções - FUNDEB;RO1.7.0.0.00.0.0;1.7.0.0.00.0.0 - Transferências Correntes;18337442,74;31063
2021;Prefeitura Municipal de Flores da Cunha - RS;4308201;RS;DCA-Anexo I-C;Padrão;Receitas Brutas Realizadas;RO1.7.1.0.00.0.0;1.7.1.0.00.0.0 - Transferências da União e de suas Entidades;41080925,49;31063
2021;Prefeitura Municipal de Flores da Cunha - RS;4308201;RS;DCA-Anexo I-C;Padrão;Deduções - FUNDEB;RO1.7.1.0.00.0.0;1.7.1.0.00.0.0 - Transferências da União e de suas Entidades;5565141,79;31063
2021;Prefeitura Municipal de Flores da Cunha - RS;4308201;RS;DCA-Anexo I-C;Padrão;Receitas Brutas Realizadas;RO1.7.1.8.00.0.0;1.7.1.8.00.0.0 - Transferências da União - Específicas de Estados, DF e Municípios;41080925,49;31063
2021;Prefeitura Municipal de Flores da Cunha - RS;4308201;RS;DCA-Anexo I-C;Padrão;Deduções - FUNDEB;RO1.7.1.8.00.0.0;1.7.1.8.00.0.0 - Transferências da União - Específicas de Estados, DF e Municípios;5565141,79;31063
2021;Prefeitura Municipal de Flores da Cunha - RS;4308201;RS;DCA-Anexo I-C;Padrão;Receitas Brutas Realizadas;RO1.7.1.8.01.0.0;1.7.1.8.01.0.0 - Participação na Receita da União;30097469,76;31063
2021;Prefeitura Municipal de Flores da Cunha - RS;4308201;RS;DCA-Anexo I-C;Padrão;Deduções - FUNDEB;RO1.7.1.8.01.0.0;1.7.1.8.01.0.0 - Participação na Receita da União;5565141,79;31063
2021;Prefeitura Municipal de Flores da Cunha - RS;4308201;RS;DCA-Anexo I-C;Padrão;Receitas Brutas Realizadas;RO1.7.1.8.01.2.0;1.7.1.8.01.2.0 - Cota-Parte do Fundo de Participação dos Municípios - Cota Mensal;27519983,01;31063
2021;Prefeitura Municipal de Flores da Cunha - RS;4308201;RS;DCA-Anexo I-C;Padrão;Deduções - FUNDEB;RO1.7.1.8.01.2.0;1.7.1.8.01.2.0 - Cota-Parte do Fundo de Participação dos Municípios - Cota Mensal;5503996,33;31063
2021;Prefeitura Municipal de Flores da Cunha - RS;4308201;RS;DCA-Anexo I-C;Padrão;Receitas Brutas Realizadas;RO1.7.1.8.01.3.0;1.7.1.8.01.3.0 - Cota-Parte do Fundo de Participação do Municípios ¿ 1% Cota entregue no mês de dezembro;1206234,45;31063
2021;Prefeitura Municipal de Flores da Cunha - RS;4308201;RS;DCA-Anexo I-C;Padrão;Receitas Brutas Realizadas;RO1.7.1.8.01.4.0;1.7.1.8.01.4.0 - Cota-Parte do Fundo de Participação dos Municípios - 1% Cota entregue no mês de julho;1065524,25;31063
2021;Prefeitura Municipal de Flores da Cunha - RS;4308201;RS;DCA-Anexo I-C;Padrão;Receitas Brutas Realizadas;RO1.7.1.8.01.5.0;1.7.1.8.01.5.0 - Cota-Parte do Imposto Sobre a Propriedade Territorial Rural;305728,05;31063
2021;Prefeitura Municipal de Flores da Cunha - RS;4308201;RS;DCA-Anexo I-C;Padrão;Deduções - FUNDEB;RO1.7.1.8.01.5.0;1.7.1.8.01.5.0 - Cota-Parte do Imposto Sobre a Propriedade Territorial Rural;61145,46;31063
2021;Prefeitura Municipal de Flores da Cunha - RS;4308201;RS;DCA-Anexo I-C;Padrão;Receitas Brutas Realizadas;RO1.7.1.8.02.0.0;1.7.1.8.02.0.0 - Transferência da Compensação Financeira pela Exploração de Recursos Naturais;689563,92;31063
2021;Prefeitura Municipal de Flores da Cunha - RS;4308201;RS;DCA-Anexo I-C;Padrão;Receitas Brutas Realizadas;RO1.7.1.8.02.1.0;1.7.1.8.02.1.0 - Cota-parte da Compensação Financeira de Recursos Hídricos;87231,95;31063
2021;Prefeitura Municipal de Flores da Cunha - RS;4308201;RS;DCA-Anexo I-C;Padrão;Receitas Brutas Realizadas;RO1.7.1.8.02.2.0;1.7.1.8.02.2.0 - Cota-parte da Compensação Financeira de Recursos Minerais - CFEM;70356,26;31063
2021;Prefeitura Municipal de Flores da Cunha - RS;4308201;RS;DCA-Anexo I-C;Padrão;Receitas Brutas Realizadas;RO1.7.1.8.02.6.0;1.7.1.8.02.6.0 - Cota-Parte do Fundo Especial do Petróleo ¿ FEP;531975,71;31063
2021;Prefeitura Municipal de Flores da Cunha - RS;4308201;RS;DCA-Anexo I-C;Padrão;Receitas Brutas Realizadas;RO1.7.1.8.03.0.0;1.7.1.8.03.0.0 - Transferência de Recursos do Sistema Único de Saúde ¿ SUS ¿ Repasses Fundo a Fundo - Bloco de Manutenção das Ações e Serviços Públicos de Saúde;7694448,19;31063
2021;Prefeitura Municipal de Flores da Cunha - RS;4308201;RS;DCA-Anexo I-C;Padrão;Receitas Brutas Realizadas;RO1.7.1.8.03.1.0;1.7.1.8.03.1.0 - Transferência de Recursos do SUS ¿ Atenção Primária;4226758,67;31063
2021;Prefeitura Municipal de Flores da Cunha - RS;4308201;RS;DCA-Anexo I-C;Padrão;Receitas Brutas Realizadas;RO1.7.1.8.03.2.0;1.7.1.8.03.2.0 - Transferência de Recursos do SUS ¿ Atenção Especializada;3164139,60;31063
2021;Prefeitura Municipal de Flores da Cunha - RS;4308201;RS;DCA-Anexo I-C;Padrão;Receitas Brutas Realizadas;RO1.7.1.8.03.3.0;1.7.1.8.03.3.0 - Transferência de Recursos do SUS ¿ Vigilância em Saúde;122154,44;31063
2021;Prefeitura Municipal de Flores da Cunha - RS;4308201;RS;DCA-Anexo I-C;Padrão;Receitas Brutas Realizadas;RO1.7.1.8.03.4.0;1.7.1.8.03.4.0 - Transferência de Recursos do SUS ¿ Assistência Farmacêutica;181395,48;31063
2021;Prefeitura Municipal de Flores da Cunha - RS;4308201;RS;DCA-Anexo I-C;Padrão;Receitas Brutas Realizadas;RO1.7.1.8.05.0.0;1.7.1.8.05.0.0 - Transferências de Recursos do Fundo Nacional do Desenvolvimento da Educação ¿ FNDE;1620946,91;31063
2021;Prefeitura Municipal de Flores da Cunha - RS;4308201;RS;DCA-Anexo I-C;Padrão;Receitas Brutas Realizadas;RO1.7.1.8.05.1.0;1.7.1.8.05.1.0 - Transferências do Salário-Educação;1149713,57;31063
2021;Prefeitura Municipal de Flores da Cunha - RS;4308201;RS;DCA-Anexo I-C;Padrão;Receitas Brutas Realizadas;RO1.7.1.8.05.2.0;1.7.1.8.05.2.0 - Transferências Diretas do FNDE referentes ao Programa Dinheiro Direto na Escola ¿ PDDE;640,00;31063
2021;Prefeitura Municipal de Flores da Cunha - RS;4308201;RS;DCA-Anexo I-C;Padrão;Receitas Brutas Realizadas;RO1.7.1.8.05.3.0;1.7.1.8.05.3.0 - Transferências Diretas do FNDE referentes ao Programa Nacional de Alimentação Escolar ¿ PNAE;315284,20;31063
2021;Prefeitura Municipal de Flores da Cunha - RS;4308201;RS;DCA-Anexo I-C;Padrão;Receitas Brutas Realizadas;RO1.7.1.8.05.4.0;1.7.1.8.05.4.0 - Transferências Diretas do FNDE referentes ao Programa Nacional de Apoio ao Transporte do Escolar ¿ PNATE;155309,14;31063
2021;Prefeitura Municipal de Flores da Cunha - RS;4308201;RS;DCA-Anexo I-C;Padrão;Receitas Brutas Realizadas;RO1.7.1.8.12.0.0;1.7.1.8.12.0.0 - Transferências de Recursos do Fundo Nacional de Assistência Social ¿ FNAS;146542,96;31063
2021;Prefeitura Municipal de Flores da Cunha - RS;4308201;RS;DCA-Anexo I-C;Padrão;Receitas Brutas Realizadas;RO1.7.1.8.99.0.0;1.7.1.8.99.0.0 - Outras Transferências da União;831953,75;31063
2021;Prefeitura Municipal de Flores da Cunha - RS;4308201;RS;DCA-Anexo I-C;Padrão;Receitas Brutas Realizadas;RO1.7.2.0.00.0.0;1.7.2.0.00.0.0 - Transferências dos Estados e do Distrito Federal e de suas Entidades;68119043,91;31063
2021;Prefeitura Municipal de Flores da Cunha - RS;4308201;RS;DCA-Anexo I-C;Padrão;Deduções - FUNDEB;RO1.7.2.0.00.0.0;1.7.2.0.00.0.0 - Transferências dos Estados e do Distrito Federal e de suas Entidades;12772300,95;31063
2021;Prefeitura Municipal de Flores da Cunha - RS;4308201;RS;DCA-Anexo I-C;Padrão;Receitas Brutas Realizadas;RO1.7.2.8.00.0.0;1.7.2.8.00.0.0 - Transferências dos Estados - Específicas de Estados, DF e Municípios;68119043,91;31063
2021;Prefeitura Municipal de Flores da Cunha - RS;4308201;RS;DCA-Anexo I-C;Padrão;Deduções - FUNDEB;RO1.7.2.8.00.0.0;1.7.2.8.00.0.0 - Transferências dos Estados - Específicas de Estados, DF e Municípios;12772300,95;31063
2021;Prefeitura Municipal de Flores da Cunha - RS;4308201;RS;DCA-Anexo I-C;Padrão;Receitas Brutas Realizadas;RO1.7.2.8.01.0.0;1.7.2.8.01.0.0 - Participação na Receita dos Estados;63878803,72;31063
2021;Prefeitura Municipal de Flores da Cunha - RS;4308201;RS;DCA-Anexo I-C;Padrão;Deduções - FUNDEB;RO1.7.2.8.01.0.0;1.7.2.8.01.0.0 - Participação na Receita dos Estados;12772300,95;31063
2021;Prefeitura Municipal de Flores da Cunha - RS;4308201;RS;DCA-Anexo I-C;Padrão;Receitas Brutas Realizadas;RO1.7.2.8.01.1.0;1.7.2.8.01.1.0 - Cota-Parte do ICMS;54499494,30;31063
2021;Prefeitura Municipal de Flores da Cunha - RS;4308201;RS;DCA-Anexo I-C;Padrão;Deduções - FUNDEB;RO1.7.2.8.01.1.0;1.7.2.8.01.1.0 - Cota-Parte do ICMS;10899898,90;31063
2021;Prefeitura Municipal de Flores da Cunha - RS;4308201;RS;DCA-Anexo I-C;Padrão;Receitas Brutas Realizadas;RO1.7.2.8.01.2.0;1.7.2.8.01.2.0 - Cota-Parte do IPVA;8766522,63;31063
2021;Prefeitura Municipal de Flores da Cunha - RS;4308201;RS;DCA-Anexo I-C;Padrão;Deduções - FUNDEB;RO1.7.2.8.01.2.0;1.7.2.8.01.2.0 - Cota-Parte do IPVA;1753304,83;31063
2021;Prefeitura Municipal de Flores da Cunha - RS;4308201;RS;DCA-Anexo I-C;Padrão;Receitas Brutas Realizadas;RO1.7.2.8.01.3.0;1.7.2.8.01.3.0 - Cota-Parte do IPI - Municípios;595485,90;31063
2021;Prefeitura Municipal de Flores da Cunha - RS;4308201;RS;DCA-Anexo I-C;Padrão;Deduções - FUNDEB;RO1.7.2.8.01.3.0;1.7.2.8.01.3.0 - Cota-Parte do IPI - Municípios;119097,22;31063
2021;Prefeitura Municipal de Flores da Cunha - RS;4308201;RS;DCA-Anexo I-C;Padrão;Receitas Brutas Realizadas;RO1.7.2.8.01.4.0;1.7.2.8.01.4.0 - Cota-Parte da Contribuição de Intervenção no Domínio Econômico;17300,89;31063
2021;Prefeitura Municipal de Flores da Cunha - RS;4308201;RS;DCA-Anexo I-C;Padrão;Receitas Brutas Realizadas;RO1.7.2.8.03.0.0;1.7.2.8.03.0.0 - Transferência de Recursos do Estado para Programas de Saúde ¿ Repasse Fundo a Fundo;3285743,41;31063
2021;Prefeitura Municipal de Flores da Cunha - RS;4308201;RS;DCA-Anexo I-C;Padrão;Receitas Brutas Realizadas;RO1.7.2.8.10.0.0;1.7.2.8.10.0.0 - Transferência de Convênios dos Estados e do Distrito Federal e de Suas Entidades;548171,87;31063
2021;Prefeitura Municipal de Flores da Cunha - RS;4308201;RS;DCA-Anexo I-C;Padrão;Receitas Brutas Realizadas;RO1.7.2.8.10.2.0;1.7.2.8.10.2.0 - Transferências de Convênio dos Estados Destinadas a Programas de Educação;548171,87;31063
2021;Prefeitura Municipal de Flores da Cunha - RS;4308201;RS;DCA-Anexo I-C;Padrão;Receitas Brutas Realizadas;RO1.7.2.8.99.0.0;1.7.2.8.99.0.0 - Outras Transferências dos Estados;406324,91;31063
2021;Prefeitura Municipal de Flores da Cunha - RS;4308201;RS;DCA-Anexo I-C;Padrão;Receitas Brutas Realizadas;RO1.7.4.0.00.0.0;1.7.4.0.00.0.0 - Transferências de Instituições Privadas;825618,59;31063
2021;Prefeitura Municipal de Flores da Cunha - RS;4308201;RS;DCA-Anexo I-C;Padrão;Receitas Brutas Realizadas;RO1.7.4.8.00.0.0;1.7.4.8.00.0.0 - Transferências de Instituições Privadas - Específicas de Estados, DF e Municípios;825618,59;31063
2021;Prefeitura Municipal de Flores da Cunha - RS;4308201;RS;DCA-Anexo I-C;Padrão;Receitas Brutas Realizadas;RO1.7.4.8.01.0.0;1.7.4.8.01.0.0 - Transferência de Convênios de Instituições Privadas para EST/DF/MUN;320801,42;31063
2021;Prefeitura Municipal de Flores da Cunha - RS;4308201;RS;DCA-Anexo I-C;Padrão;Receitas Brutas Realizadas;RO1.7.4.8.10.0.0;1.7.4.8.10.0.0 - Outras Transferência de Instituições Privadas para EST/DF/MUN - Não Especificadas Anteriormente;504817,17;31063
2021;Prefeitura Municipal de Flores da Cunha - RS;4308201;RS;DCA-Anexo I-C;Padrão;Receitas Brutas Realizadas;RO1.7.5.0.00.0.0;1.7.5.0.00.0.0 - Transferências de Outras Instituições Públicas;18675994,57;31063
2021;Prefeitura Municipal de Flores da Cunha - RS;4308201;RS;DCA-Anexo I-C;Padrão;Receitas Brutas Realizadas;RO1.7.5.8.00.0.0;1.7.5.8.00.0.0 - Transferências de Outras Instituições Públicas - Específicas de Estados, DF e Municípios;18675994,57;31063
2021;Prefeitura Municipal de Flores da Cunha - RS;4308201;RS;DCA-Anexo I-C;Padrão;Receitas Brutas Realizadas;RO1.7.5.8.01.0.0;1.7.5.8.01.0.0 - Transferências de Recursos do Fundo de Manutenção e Desenvolvimento da Educação Básica e de Valorização dos Profissionais da Educação ¿ FUNDEB;18675994,57;31063
2021;Prefeitura Municipal de Flores da Cunha - RS;4308201;RS;DCA-Anexo I-C;Padrão;Receitas Brutas Realizadas;RO1.7.7.0.00.0.0;1.7.7.0.00.0.0 - Transferências de Pessoas Físicas;6320,00;31063
2021;Prefeitura Municipal de Flores da Cunha - RS;4308201;RS;DCA-Anexo I-C;Padrão;Receitas Brutas Realizadas;RO1.7.7.8.00.0.0;1.7.7.8.00.0.0 - Transferências de Pessoas Físicas - Específicas de Estados, DF e Municípios;6320,00;31063
2021;Prefeitura Municipal de Flores da Cunha - RS;4308201;RS;DCA-Anexo I-C;Padrão;Receitas Brutas Realizadas;RO1.7.7.8.01.0.0;1.7.7.8.01.0.0 - Transferências de Pessoas Físicas - Específicas de E/DF/M;6320,00;31063
2021;Prefeitura Municipal de Flores da Cunha - RS;4308201;RS;DCA-Anexo I-C;Padrão;Receitas Brutas Realizadas;RO1.7.7.8.01.1.0;1.7.7.8.01.1.0 - Transferências de Pessoas Físicas - Específicas de E/DF/M - Programas de Saúde;5000,00;31063
2021;Prefeitura Municipal de Flores da Cunha - RS;4308201;RS;DCA-Anexo I-C;Padrão;Receitas Brutas Realizadas;RO1.7.7.8.01.9.0;1.7.7.8.01.9.0 - Outras Transferência de Pessoas Físicas- Específicas de E/DF/M - Não Especificadas Anteriormente;1320,00;31063
2021;Prefeitura Municipal de Flores da Cunha - RS;4308201;RS;DCA-Anexo I-C;Padrão;Receitas Brutas Realizadas;RO1.9.0.0.00.0.0;1.9.0.0.00.0.0 - Outras Receitas Correntes;386085,61;31063
2021;Prefeitura Municipal de Flores da Cunha - RS;4308201;RS;DCA-Anexo I-C;Padrão;Receitas Brutas Realizadas;RO1.9.1.0.00.0.0;1.9.1.0.00.0.0 - Multas Administrativas, Contratuais e Judiciais;164305,96;31063
2021;Prefeitura Municipal de Flores da Cunha - RS;4308201;RS;DCA-Anexo I-C;Padrão;Receitas Brutas Realizadas;RO1.9.1.0.01.0.0;1.9.1.0.01.0.0 - Multas Previstas em Legislação Específica;76924,95;31063
2021;Prefeitura Municipal de Flores da Cunha - RS;4308201;RS;DCA-Anexo I-C;Padrão;Receitas Brutas Realizadas;RO1.9.1.0.06.0.0;1.9.1.0.06.0.0 - Multas por Danos Ambientais;87246,00;31063
2021;Prefeitura Municipal de Flores da Cunha - RS;4308201;RS;DCA-Anexo I-C;Padrão;Receitas Brutas Realizadas;RO1.9.1.0.06.1.0;1.9.1.0.06.1.0 - Multas Administrativas por Danos Ambientais;87246,00;31063
2021;Prefeitura Municipal de Flores da Cunha - RS;4308201;RS;DCA-Anexo I-C;Padrão;Receitas Brutas Realizadas;RO1.9.1.0.09.0.0;1.9.1.0.09.0.0 - Multas e Juros Previstos em Contratos;135,01;31063
2021;Prefeitura Municipal de Flores da Cunha - RS;4308201;RS;DCA-Anexo I-C;Padrão;Receitas Brutas Realizadas;RO1.9.2.0.00.0.0;1.9.2.0.00.0.0 - Indenizações, Restituições e Ressarcimentos;42022,24;31063
2021;Prefeitura Municipal de Flores da Cunha - RS;4308201;RS;DCA-Anexo I-C;Padrão;Receitas Brutas Realizadas;RO1.9.2.8.00.0.0;1.9.2.8.00.0.0 - Indenizações, Restituições e Ressarcimentos - Específicas para Estados/DF/Municípios;42022,24;31063
2021;Prefeitura Municipal de Flores da Cunha - RS;4308201;RS;DCA-Anexo I-C;Padrão;Receitas Brutas Realizadas;RO1.9.2.8.01.0.0;1.9.2.8.01.0.0 - Indenizações- Específicas para Estados/DF/Municípios;5326,82;31063
2021;Prefeitura Municipal de Flores da Cunha - RS;4308201;RS;DCA-Anexo I-C;Padrão;Receitas Brutas Realizadas;RO1.9.2.8.02.0.0;1.9.2.8.02.0.0 - Restituições - Específicas para Estados/DF/Municípios;36695,42;31063
2021;Prefeitura Municipal de Flores da Cunha - RS;4308201;RS;DCA-Anexo I-C;Padrão;Receitas Brutas Realizadas;RO1.9.2.8.02.9.0;1.9.2.8.02.9.0 - Outras Restituições - Específicas para Estados/DF/Municípios - Não Especificadas Anteriormente;36695,42;31063
2021;Prefeitura Municipal de Flores da Cunha - RS;4308201;RS;DCA-Anexo I-C;Padrão;Receitas Brutas Realizadas;RO1.9.9.0.00.0.0;1.9.9.0.00.0.0 - Demais Receitas Correntes;179757,41;31063
2021;Prefeitura Municipal de Flores da Cunha - RS;4308201;RS;DCA-Anexo I-C;Padrão;Receitas Brutas Realizadas;RO1.9.9.0.03.0.0;1.9.9.0.03.0.0 - Compensações Financeiras entre o Regime Geral e os Regimes Próprios de Previdência dos Servidores;42006,02;31063
2021;Prefeitura Municipal de Flores da Cunha - RS;4308201;RS;DCA-Anexo I-C;Padrão;Receitas Brutas Realizadas;RO1.9.9.0.12.0.0;1.9.9.0.12.0.0 - Encargos Legais pela Inscrição em Dívida Ativa e Receitas de Ônus de Sucumbência;18723,57;31063
2021;Prefeitura Municipal de Flores da Cunha - RS;4308201;RS;DCA-Anexo I-C;Padrão;Receitas Brutas Realizadas;RO1.9.9.0.12.2.0;1.9.9.0.12.2.0 - Ônus de Sucumbência;18723,57;31063
2021;Prefeitura Municipal de Flores da Cunha - RS;4308201;RS;DCA-Anexo I-C;Padrão;Receitas Brutas Realizadas;RO1.9.9.0.99.0.0;1.9.9.0.99.0.0 - Outras Receitas;119027,82;31063
2021;Prefeitura Municipal de Flores da Cunha - RS;4308201;RS;DCA-Anexo I-C;Padrão;Receitas Brutas Realizadas;RO1.9.9.0.99.1.0;1.9.9.0.99.1.0 - Outras Receitas - Primárias;119027,82;31063
2021;Prefeitura Municipal de Flores da Cunha - RS;4308201;RS;DCA-Anexo I-C;Padrão;Receitas Brutas Realizadas;RO2.0.0.0.00.0.0;2.0.0.0.00.0.0 - Receitas de Capital;4060981,34;31063
2021;Prefeitura Municipal de Flores da Cunha - RS;4308201;RS;DCA-Anexo I-C;Padrão;Receitas Brutas Realizadas;RO2.2.0.0.00.0.0;2.2.0.0.00.0.0 - Alienação de Bens;193948,95;31063
2021;Prefeitura Municipal de Flores da Cunha - RS;4308201;RS;DCA-Anexo I-C;Padrão;Receitas Brutas Realizadas;RO2.2.1.0.00.0.0;2.2.1.0.00.0.0 - Alienação de Bens Móveis;193948,95;31063
2021;Prefeitura Municipal de Flores da Cunha - RS;4308201;RS;DCA-Anexo I-C;Padrão;Receitas Brutas Realizadas;RO2.2.1.3.00.0.0;2.2.1.3.00.0.0 - Alienação de Bens Móveis e Semoventes;91921,15;31063
2021;Prefeitura Municipal de Flores da Cunha - RS;4308201;RS;DCA-Anexo I-C;Padrão;Receitas Brutas Realizadas;RO2.2.1.8.00.0.0;2.2.1.8.00.0.0 - Alienação de Bens Móveis Específica para Estados, Distrito Federal e Municípios;102027,80;31063
2021;Prefeitura Municipal de Flores da Cunha - RS;4308201;RS;DCA-Anexo I-C;Padrão;Receitas Brutas Realizadas;RO2.2.1.8.01.0.0;2.2.1.8.01.0.0 - Alienação de Títulos Mobiliários;102027,80;31063
2021;Prefeitura Municipal de Flores da Cunha - RS;4308201;RS;DCA-Anexo I-C;Padrão;Receitas Brutas Realizadas;RO2.2.1.8.01.2.0;2.2.1.8.01.2.0 - Alienação de Investimentos Permanentes;102027,80;31063
2021;Prefeitura Municipal de Flores da Cunha - RS;4308201;RS;DCA-Anexo I-C;Padrão;Receitas Brutas Realizadas;RO2.3.0.0.00.0.0;2.3.0.0.00.0.0 - Amortização de Empréstimos;191005,76;31063
2021;Prefeitura Municipal de Flores da Cunha - RS;4308201;RS;DCA-Anexo I-C;Padrão;Receitas Brutas Realizadas;RO2.3.0.0.06.0.0;2.3.0.0.06.0.0 - Amortização de Empréstimos Contratuais;191005,76;31063
2021;Prefeitura Municipal de Flores da Cunha - RS;4308201;RS;DCA-Anexo I-C;Padrão;Receitas Brutas Realizadas;RO2.4.0.0.00.0.0;2.4.0.0.00.0.0 - Transferências de Capital;3676026,63;31063
2021;Prefeitura Municipal de Flores da Cunha - RS;4308201;RS;DCA-Anexo I-C;Padrão;Receitas Brutas Realizadas;RO2.4.1.0.00.0.0;2.4.1.0.00.0.0 - Transferências da União e de suas Entidades;3626026,63;31063
2021;Prefeitura Municipal de Flores da Cunha - RS;4308201;RS;DCA-Anexo I-C;Padrão;Receitas Brutas Realizadas;RO2.4.1.8.00.0.0;2.4.1.8.00.0.0 - Transferências da União - Específicas de Estados, DF e Municípios;3626026,63;31063
2021;Prefeitura Municipal de Flores da Cunha - RS;4308201;RS;DCA-Anexo I-C;Padrão;Receitas Brutas Realizadas;RO2.4.1.8.03.0.0;2.4.1.8.03.0.0 - Transferência de Recursos do Sistema Único de Saúde ¿ SUS ¿ Fundo a Fundo - Bloco de Manutenção das Ações e Serviços Públicos de Saúde;99888,00;31063
2021;Prefeitura Municipal de Flores da Cunha - RS;4308201;RS;DCA-Anexo I-C;Padrão;Receitas Brutas Realizadas;RO2.4.1.8.03.1.0;2.4.1.8.03.1.0 - Transferência de Recursos do SUS ¿ Atenção Primária;99888,00;31063
2021;Prefeitura Municipal de Flores da Cunha - RS;4308201;RS;DCA-Anexo I-C;Padrão;Receitas Brutas Realizadas;RO2.4.1.8.05.0.0;2.4.1.8.05.0.0 - Transferências de Recursos Destinados a Programas de Educação;477500,00;31063
2021;Prefeitura Municipal de Flores da Cunha - RS;4308201;RS;DCA-Anexo I-C;Padrão;Receitas Brutas Realizadas;RO2.4.1.8.99.0.0;2.4.1.8.99.0.0 - Outras Transferências da União;3048638,63;31063
2021;Prefeitura Municipal de Flores da Cunha - RS;4308201;RS;DCA-Anexo I-C;Padrão;Receitas Brutas Realizadas;RO2.4.2.0.00.0.0;2.4.2.0.00.0.0 - Transferências dos Estados e do Distrito Federal e de suas Entidades;50000,00;31063
2021;Prefeitura Municipal de Flores da Cunha - RS;4308201;RS;DCA-Anexo I-C;Padrão;Receitas Brutas Realizadas;RO2.4.2.8.00.0.0;2.4.2.8.00.0.0 - Transferências dos Estados, Distrito Federal, e de suas Entidades;50000,00;31063
2021;Prefeitura Municipal de Flores da Cunha - RS;4308201;RS;DCA-Anexo I-C;Padrão;Receitas Brutas Realizadas;RO2.4.2.8.10.0.0;2.4.2.8.10.0.0 - Transferências de Convênios dos Estados e do Distrito Federal e de suas Entidades;50000,00;31063
2021;Prefeitura Municipal de Flores da Cunha - RS;4308201;RS;DCA-Anexo I-C;Padrão;Receitas Brutas Realizadas;RO2.4.2.8.10.1.0;2.4.2.8.10.1.0 - Transferências de Convênios dos Estados para o Sistema Único de Saúde ¿ SUS;50000,00;31063
2021;Prefeitura Municipal de Flores da Cunha - RS;4308201;RS;DCA-Anexo I-C;Padrão;Receitas Brutas Realizadas;ReceitasIntraOrcamentarias;RECEITAS (INTRA-ORÇAMENTÁRIAS) (II);11455604,96;31063
2021;Prefeitura Municipal de Flores da Cunha - RS;4308201;RS;DCA-Anexo I-C;Padrão;Receitas Brutas Realizadas;RI7.0.0.0.00.0.0;7.0.0.0.00.0.0 - Receitas Correntes;11455604,96;31063
2021;Prefeitura Municipal de Flores da Cunha - RS;4308201;RS;DCA-Anexo I-C;Padrão;Receitas Brutas Realizadas;RI7.2.0.0.00.0.0;7.2.0.0.00.0.0 - Contribuições;10225101,96;31063
2021;Prefeitura Municipal de Flores da Cunha - RS;4308201;RS;DCA-Anexo I-C;Padrão;Receitas Brutas Realizadas;RI7.2.1.0.00.0.0;7.2.1.0.00.0.0 - Contribuições Sociais;10225101,96;31063
2021;Prefeitura Municipal de Flores da Cunha - RS;4308201;RS;DCA-Anexo I-C;Padrão;Receitas Brutas Realizadas;RI7.2.1.8.00.0.0;7.2.1.8.00.0.0 - Contribuições Sociais Específicas de Estados, DF e   Municípios;10225101,96;31063
2021;Prefeitura Municipal de Flores da Cunha - RS;4308201;RS;DCA-Anexo I-C;Padrão;Receitas Brutas Realizadas;RI7.2.1.8.03.0.0;7.2.1.8.03.0.0 - CPSSS Patronal - Servidor Civil - Específico de EST/DF/MUN;10225101,96;31063
2021;Prefeitura Municipal de Flores da Cunha - RS;4308201;RS;DCA-Anexo I-C;Padrão;Receitas Brutas Realizadas;RI7.2.1.8.03.1.0;7.2.1.8.03.1.0 - CPSSS Patronal - Servidor Civil Ativo;10225101,96;31063
2021;Prefeitura Municipal de Flores da Cunha - RS;4308201;RS;DCA-Anexo I-C;Padrão;Receitas Brutas Realizadas;RI7.9.0.0.00.0.0;7.9.0.0.00.0.0 - Outras Receitas Correntes;1230503,00;31063
2021;Prefeitura Municipal de Flores da Cunha - RS;4308201;RS;DCA-Anexo I-C;Padrão;Receitas Brutas Realizadas;RI7.9.2.0.00.0.0;7.9.2.0.00.0.0 - Indenizações, Restituições e Ressarcimentos;1230503,00;31063
2021;Prefeitura Municipal de Flores da Cunha - RS;4308201;RS;DCA-Anexo I-C;Padrão;Receitas Brutas Realizadas;TotalReceitas;TOTAL DAS RECEITAS (III) = (I + II);180554080,78;31063
2021;Prefeitura Municipal de Flores da Cunha - RS;4308201;RS;DCA-Anexo I-C;Padrão;Deduções - FUNDEB;TotalReceitas;TOTAL DAS RECEITAS (III) = (I + II);18337442,74;31063
2021;Prefeitura Municipal de Flores da Cunha - RS;4308201;RS;DCA-Anexo I-C;Padrão;Outras Deduções da Receita;TotalReceitas;TOTAL DAS RECEITAS (III) = (I + II);101378,63;31063
2022;Prefeitura Municipal de Flores da Cunha - RS;4308201;RS;DCA-Anexo I-C;Padrão;Receitas Brutas Realizadas;ReceitasExcetoIntraOrcamentarias;RECEITAS (EXCETO INTRA-ORÇAMENTÁRIAS) (I);200610641,39;31352
2022;Prefeitura Municipal de Flores da Cunha - RS;4308201;RS;DCA-Anexo I-C;Padrão;Deduções - FUNDEB;ReceitasExcetoIntraOrcamentarias;RECEITAS (EXCETO INTRA-ORÇAMENTÁRIAS) (I);19915098,04;31352
2022;Prefeitura Municipal de Flores da Cunha - RS;4308201;RS;DCA-Anexo I-C;Padrão;Outras Deduções da Receita;ReceitasExcetoIntraOrcamentarias;RECEITAS (EXCETO INTRA-ORÇAMENTÁRIAS) (I);43444,18;31352
2022;Prefeitura Municipal de Flores da Cunha - RS;4308201;RS;DCA-Anexo I-C;Padrão;Receitas Brutas Realizadas;RO1.0.0.0.00.0.0;1.0.0.0.00.0.0 - Receitas Correntes;198259075,88;31352
2022;Prefeitura Municipal de Flores da Cunha - RS;4308201;RS;DCA-Anexo I-C;Padrão;Deduções - FUNDEB;RO1.0.0.0.00.0.0;1.0.0.0.00.0.0 - Receitas Correntes;19915098,04;31352
2022;Prefeitura Municipal de Flores da Cunha - RS;4308201;RS;DCA-Anexo I-C;Padrão;Outras Deduções da Receita;RO1.0.0.0.00.0.0;1.0.0.0.00.0.0 - Receitas Correntes;43444,18;31352
2022;Prefeitura Municipal de Flores da Cunha - RS;4308201;RS;DCA-Anexo I-C;Padrão;Receitas Brutas Realizadas;RO1.1.0.0.00.0.0;1.1.0.0.00.0.0 - Impostos, Taxas e Contribuições de Melhoria;32361326,53;31352
2022;Prefeitura Municipal de Flores da Cunha - RS;4308201;RS;DCA-Anexo I-C;Padrão;Outras Deduções da Receita;RO1.1.0.0.00.0.0;1.1.0.0.00.0.0 - Impostos, Taxas e Contribuições de Melhoria;43444,18;31352
2022;Prefeitura Municipal de Flores da Cunha - RS;4308201;RS;DCA-Anexo I-C;Padrão;Receitas Brutas Realizadas;RO1.1.1.0.00.0.0;1.1.1.0.00.0.0 - Impostos;29199551,73;31352
2022;Prefeitura Municipal de Flores da Cunha - RS;4308201;RS;DCA-Anexo I-C;Padrão;Outras Deduções da Receita;RO1.1.1.0.00.0.0;1.1.1.0.00.0.0 - Impostos;40811,02;31352
2022;Prefeitura Municipal de Flores da Cunha - RS;4308201;RS;DCA-Anexo I-C;Padrão;Receitas Brutas Realizadas;RO1.1.1.2.00.0.0;1.1.1.2.00.0.0 - Impostos sobre o Patrimônio;11536551,31;31352
2022;Prefeitura Municipal de Flores da Cunha - RS;4308201;RS;DCA-Anexo I-C;Padrão;Outras Deduções da Receita;RO1.1.1.2.00.0.0;1.1.1.2.00.0.0 - Impostos sobre o Patrimônio;38614,77;31352
2022;Prefeitura Municipal de Flores da Cunha - RS;4308201;RS;DCA-Anexo I-C;Padrão;Receitas Brutas Realizadas;RO1.1.1.2.50.0.0;1.1.1.2.50.0.0 - Imposto sobre a Propriedade Predial e Territorial Urbana;7417312,25;31352
2022;Prefeitura Municipal de Flores da Cunha - RS;4308201;RS;DCA-Anexo I-C;Padrão;Outras Deduções da Receita;RO1.1.1.2.50.0.0;1.1.1.2.50.0.0 - Imposto sobre a Propriedade Predial e Territorial Urbana;8592,37;31352
2022;Prefeitura Municipal de Flores da Cunha - RS;4308201;RS;DCA-Anexo I-C;Padrão;Receitas Brutas Realizadas;RO1.1.1.2.53.0.0;"1.1.1.2.53.0.0 - Impostos sobre Transmissão ""Inter Vivos"" de Bens Imóveis e de Direitos Reais sobre Imóveis";4119239,06;31352
2022;Prefeitura Municipal de Flores da Cunha - RS;4308201;RS;DCA-Anexo I-C;Padrão;Outras Deduções da Receita;RO1.1.1.2.53.0.0;"1.1.1.2.53.0.0 - Impostos sobre Transmissão ""Inter Vivos"" de Bens Imóveis e de Direitos Reais sobre Imóveis";30022,40;31352
2022;Prefeitura Municipal de Flores da Cunha - RS;4308201;RS;DCA-Anexo I-C;Padrão;Receitas Brutas Realizadas;RO1.1.1.3.00.0.0;1.1.1.3.00.0.0 - Impostos sobre a Renda e Proventos de Qualquer Natureza;5753581,44;31352
2022;Prefeitura Municipal de Flores da Cunha - RS;4308201;RS;DCA-Anexo I-C;Padrão;Receitas Brutas Realizadas;RO1.1.1.3.03.0.0;1.1.1.3.03.0.0 - Imposto sobre a Renda - Retido na Fonte;5753581,44;31352
2022;Prefeitura Municipal de Flores da Cunha - RS;4308201;RS;DCA-Anexo I-C;Padrão;Receitas Brutas Realizadas;RO1.1.1.3.03.1.0;1.1.1.3.03.1.0 - Imposto sobre a Renda - Retido na Fonte - Trabalho;4817499,00;31352
2022;Prefeitura Municipal de Flores da Cunha - RS;4308201;RS;DCA-Anexo I-C;Padrão;Receitas Brutas Realizadas;RO1.1.1.3.03.4.0;1.1.1.3.03.4.0 - Imposto sobre a Renda - Retido na Fonte - Outros Rendimentos;936082,44;31352
2022;Prefeitura Municipal de Flores da Cunha - RS;4308201;RS;DCA-Anexo I-C;Padrão;Receitas Brutas Realizadas;RO1.1.1.4.00.0.0;1.1.1.4.00.0.0 - Impostos sobre a Produção e Circulação de Mercadorias e Serviços;11909418,98;31352
2022;Prefeitura Municipal de Flores da Cunha - RS;4308201;RS;DCA-Anexo I-C;Padrão;Outras Deduções da Receita;RO1.1.1.4.00.0.0;1.1.1.4.00.0.0 - Impostos sobre a Produção e Circulação de Mercadorias e Serviços;2196,25;31352
2022;Prefeitura Municipal de Flores da Cunha - RS;4308201;RS;DCA-Anexo I-C;Padrão;Receitas Brutas Realizadas;RO1.1.1.4.51.0.0;1.1.1.4.51.0.0 - Impostos sobre Serviços;11909418,98;31352
2022;Prefeitura Municipal de Flores da Cunha - RS;4308201;RS;DCA-Anexo I-C;Padrão;Outras Deduções da Receita;RO1.1.1.4.51.0.0;1.1.1.4.51.0.0 - Impostos sobre Serviços;2196,25;31352
2022;Prefeitura Municipal de Flores da Cunha - RS;4308201;RS;DCA-Anexo I-C;Padrão;Receitas Brutas Realizadas;RO1.1.1.4.51.1.0;1.1.1.4.51.1.0 - Imposto sobre Serviços de Qualquer Natureza - ISSQN;11909418,98;31352
2022;Prefeitura Municipal de Flores da Cunha - RS;4308201;RS;DCA-Anexo I-C;Padrão;Outras Deduções da Receita;RO1.1.1.4.51.1.0;1.1.1.4.51.1.0 - Imposto sobre Serviços de Qualquer Natureza - ISSQN;2196,25;31352
2022;Prefeitura Municipal de Flores da Cunha - RS;4308201;RS;DCA-Anexo I-C;Padrão;Receitas Brutas Realizadas;RO1.1.2.0.00.0.0;1.1.2.0.00.0.0 - Taxas;3159938,05;31352
2022;Prefeitura Municipal de Flores da Cunha - RS;4308201;RS;DCA-Anexo I-C;Padrão;Outras Deduções da Receita;RO1.1.2.0.00.0.0;1.1.2.0.00.0.0 - Taxas;2633,16;31352
2022;Prefeitura Municipal de Flores da Cunha - RS;4308201;RS;DCA-Anexo I-C;Padrão;Receitas Brutas Realizadas;RO1.1.2.1.00.0.0;1.1.2.1.00.0.0 - Taxas pelo Exercício do Poder de Polícia;1273111,15;31352
2022;Prefeitura Municipal de Flores da Cunha - RS;4308201;RS;DCA-Anexo I-C;Padrão;Outras Deduções da Receita;RO1.1.2.1.00.0.0;1.1.2.1.00.0.0 - Taxas pelo Exercício do Poder de Polícia;104,46;31352
2022;Prefeitura Municipal de Flores da Cunha - RS;4308201;RS;DCA-Anexo I-C;Padrão;Receitas Brutas Realizadas;RO1.1.2.1.01.0.0;1.1.2.1.01.0.0 - Taxas de Inspeção, Controle e Fiscalização;1231025,52;31352
2022;Prefeitura Municipal de Flores da Cunha - RS;4308201;RS;DCA-Anexo I-C;Padrão;Outras Deduções da Receita;RO1.1.2.1.01.0.0;1.1.2.1.01.0.0 - Taxas de Inspeção, Controle e Fiscalização;104,46;31352
2022;Prefeitura Municipal de Flores da Cunha - RS;4308201;RS;DCA-Anexo I-C;Padrão;Receitas Brutas Realizadas;RO1.1.2.1.50.0.0;1.1.2.1.50.0.0 - Taxa de Fiscalização de Vigilância Sanitária;42085,63;31352
2022;Prefeitura Municipal de Flores da Cunha - RS;4308201;RS;DCA-Anexo I-C;Padrão;Receitas Brutas Realizadas;RO1.1.2.2.00.0.0;1.1.2.2.00.0.0 - Taxas pela Prestação de Serviços;1886826,90;31352
2022;Prefeitura Municipal de Flores da Cunha - RS;4308201;RS;DCA-Anexo I-C;Padrão;Outras Deduções da Receita;RO1.1.2.2.00.0.0;1.1.2.2.00.0.0 - Taxas pela Prestação de Serviços;2528,70;31352
2022;Prefeitura Municipal de Flores da Cunha - RS;4308201;RS;DCA-Anexo I-C;Padrão;Receitas Brutas Realizadas;RO1.1.2.2.01.0.0;1.1.2.2.01.0.0 - Taxas pela Prestação de Serviços;1755928,68;31352
2022;Prefeitura Municipal de Flores da Cunha - RS;4308201;RS;DCA-Anexo I-C;Padrão;Outras Deduções da Receita;RO1.1.2.2.01.0.0;1.1.2.2.01.0.0 - Taxas pela Prestação de Serviços;1678,37;31352
2022;Prefeitura Municipal de Flores da Cunha - RS;4308201;RS;DCA-Anexo I-C;Padrão;Receitas Brutas Realizadas;RO1.1.2.2.50.0.0;1.1.2.2.50.0.0 - Taxas Judiciais;130898,22;31352
2022;Prefeitura Municipal de Flores da Cunha - RS;4308201;RS;DCA-Anexo I-C;Padrão;Outras Deduções da Receita;RO1.1.2.2.50.0.0;1.1.2.2.50.0.0 - Taxas Judiciais;850,33;31352
2022;Prefeitura Municipal de Flores da Cunha - RS;4308201;RS;DCA-Anexo I-C;Padrão;Receitas Brutas Realizadas;RO1.1.3.0.00.0.0;1.1.3.0.00.0.0 - Contribuição de Melhoria;1836,75;31352
2022;Prefeitura Municipal de Flores da Cunha - RS;4308201;RS;DCA-Anexo I-C;Padrão;Receitas Brutas Realizadas;RO1.1.3.1.00.0.0;1.1.3.1.00.0.0 - Contribuição de Melhoria;1836,75;31352
2022;Prefeitura Municipal de Flores da Cunha - RS;4308201;RS;DCA-Anexo I-C;Padrão;Receitas Brutas Realizadas;RO1.1.3.1.53.0.0;1.1.3.1.53.0.0 - Contribuição de Melhoria para Pavimentação e Obras Complementares;1836,75;31352
2022;Prefeitura Municipal de Flores da Cunha - RS;4308201;RS;DCA-Anexo I-C;Padrão;Receitas Brutas Realizadas;RO1.2.0.0.00.0.0;1.2.0.0.00.0.0 - Contribuições;5587638,60;31352
2022;Prefeitura Municipal de Flores da Cunha - RS;4308201;RS;DCA-Anexo I-C;Padrão;Receitas Brutas Realizadas;RO1.2.1.0.00.0.0;1.2.1.0.00.0.0 - Contribuições Sociais;5587638,60;31352
2022;Prefeitura Municipal de Flores da Cunha - RS;4308201;RS;DCA-Anexo I-C;Padrão;Receitas Brutas Realizadas;RO1.2.1.5.00.0.0;1.2.1.5.00.0.0 - Contribuições para Regimes Próprios de Previdência e Sistema de Proteção Social;5587638,60;31352
2022;Prefeitura Municipal de Flores da Cunha - RS;4308201;RS;DCA-Anexo I-C;Padrão;Receitas Brutas Realizadas;RO1.2.1.5.01.0.0;1.2.1.5.01.0.0 - Contribuição do Servidor Civil;5587638,60;31352
2022;Prefeitura Municipal de Flores da Cunha - RS;4308201;RS;DCA-Anexo I-C;Padrão;Receitas Brutas Realizadas;RO1.2.1.5.01.1.0;1.2.1.5.01.1.0 - Contribuição do Servidor Civil Ativo;4693381,83;31352
2022;Prefeitura Municipal de Flores da Cunha - RS;4308201;RS;DCA-Anexo I-C;Padrão;Receitas Brutas Realizadas;RO1.2.1.5.01.2.0;1.2.1.5.01.2.0 - Contribuição do Servidor Civil Inativo;894256,77;31352
2022;Prefeitura Municipal de Flores da Cunha - RS;4308201;RS;DCA-Anexo I-C;Padrão;Receitas Brutas Realizadas;RO1.3.0.0.00.0.0;1.3.0.0.00.0.0 - Receita Patrimonial;19194049,57;31352
2022;Prefeitura Municipal de Flores da Cunha - RS;4308201;RS;DCA-Anexo I-C;Padrão;Receitas Brutas Realizadas;RO1.3.1.0.00.0.0;1.3.1.0.00.0.0 - Exploração do Patrimônio Imobiliário do Estado;405739,76;31352
2022;Prefeitura Municipal de Flores da Cunha - RS;4308201;RS;DCA-Anexo I-C;Padrão;Receitas Brutas Realizadas;RO1.3.1.1.00.0.0;1.3.1.1.00.0.0 - Exploração do Patrimônio Imobiliário do Estado;405739,76;31352
2022;Prefeitura Municipal de Flores da Cunha - RS;4308201;RS;DCA-Anexo I-C;Padrão;Receitas Brutas Realizadas;RO1.3.1.1.01.0.0;1.3.1.1.01.0.0 - Aluguéis, Arrendamentos, Foros, Laudêmios, Tarifas de Ocupação;405739,76;31352
2022;Prefeitura Municipal de Flores da Cunha - RS;4308201;RS;DCA-Anexo I-C;Padrão;Receitas Brutas Realizadas;RO1.3.1.1.01.1.0;1.3.1.1.01.1.0 - Aluguéis e Arrendamentos;405739,76;31352
2022;Prefeitura Municipal de Flores da Cunha - RS;4308201;RS;DCA-Anexo I-C;Padrão;Receitas Brutas Realizadas;RO1.3.2.0.00.0.0;1.3.2.0.00.0.0 - Valores Mobiliários;17632309,81;31352
2022;Prefeitura Municipal de Flores da Cunha - RS;4308201;RS;DCA-Anexo I-C;Padrão;Receitas Brutas Realizadas;RO1.3.2.1.00.0.0;1.3.2.1.00.0.0 - Juros e Correções Monetárias;17632309,81;31352
2022;Prefeitura Municipal de Flores da Cunha - RS;4308201;RS;DCA-Anexo I-C;Padrão;Receitas Brutas Realizadas;RO1.3.2.1.01.0.0;1.3.2.1.01.0.0 - Remuneração de Depósitos Bancários;17632309,81;31352
2022;Prefeitura Municipal de Flores da Cunha - RS;4308201;RS;DCA-Anexo I-C;Padrão;Receitas Brutas Realizadas;RO1.3.6.0.00.0.0;1.3.6.0.00.0.0 - Cessão de Direitos;1156000,00;31352
2022;Prefeitura Municipal de Flores da Cunha - RS;4308201;RS;DCA-Anexo I-C;Padrão;Receitas Brutas Realizadas;RO1.3.6.1.00.0.0;1.3.6.1.00.0.0 - Cessão de Direitos;1156000,00;31352
2022;Prefeitura Municipal de Flores da Cunha - RS;4308201;RS;DCA-Anexo I-C;Padrão;Receitas Brutas Realizadas;RO1.3.6.1.01.0.0;1.3.6.1.01.0.0 - Cessão do Direito de Operacionalização de Pagamentos;1156000,00;31352
2022;Prefeitura Municipal de Flores da Cunha - RS;4308201;RS;DCA-Anexo I-C;Padrão;Receitas Brutas Realizadas;RO1.3.6.1.01.1.0;1.3.6.1.01.1.0 - Cessão do Direito de Operacionalização de Pagamentos - Poderes Executivo e Legislativo;1156000,00;31352
2022;Prefeitura Municipal de Flores da Cunha - RS;4308201;RS;DCA-Anexo I-C;Padrão;Receitas Brutas Realizadas;RO1.6.0.0.00.0.0;1.6.0.0.00.0.0 - Receita de Serviços;758021,17;31352
2022;Prefeitura Municipal de Flores da Cunha - RS;4308201;RS;DCA-Anexo I-C;Padrão;Receitas Brutas Realizadas;RO1.6.1.0.00.0.0;1.6.1.0.00.0.0 - Serviços Administrativos e Comerciais Gerais;656657,37;31352
2022;Prefeitura Municipal de Flores da Cunha - RS;4308201;RS;DCA-Anexo I-C;Padrão;Receitas Brutas Realizadas;RO1.6.1.1.00.0.0;1.6.1.1.00.0.0 - Serviços Administrativos e Comerciais Gerais;656657,37;31352
2022;Prefeitura Municipal de Flores da Cunha - RS;4308201;RS;DCA-Anexo I-C;Padrão;Receitas Brutas Realizadas;RO1.6.1.1.01.0.0;1.6.1.1.01.0.0 - Serviços Administrativos e Comerciais Gerais;123167,37;31352
2022;Prefeitura Municipal de Flores da Cunha - RS;4308201;RS;DCA-Anexo I-C;Padrão;Receitas Brutas Realizadas;RO1.6.1.1.02.0.0;1.6.1.1.02.0.0 - Inscrição em Concursos e Processos Seletivos;533490,00;31352
2022;Prefeitura Municipal de Flores da Cunha - RS;4308201;RS;DCA-Anexo I-C;Padrão;Receitas Brutas Realizadas;RO1.6.9.0.00.0.0;1.6.9.0.00.0.0 - Outros Serviços;101363,80;31352
2022;Prefeitura Municipal de Flores da Cunha - RS;4308201;RS;DCA-Anexo I-C;Padrão;Receitas Brutas Realizadas;RO1.7.0.0.00.0.0;1.7.0.0.00.0.0 - Transferências Correntes;139973692,44;31352
2022;Prefeitura Municipal de Flores da Cunha - RS;4308201;RS;DCA-Anexo I-C;Padrão;Deduções - FUNDEB;RO1.7.0.0.00.0.0;1.7.0.0.00.0.0 - Transferências Correntes;19915098,04;31352
2022;Prefeitura Municipal de Flores da Cunha - RS;4308201;RS;DCA-Anexo I-C;Padrão;Receitas Brutas Realizadas;RO1.7.1.0.00.0.0;1.7.1.0.00.0.0 - Transferências da União e de suas Entidades;49448384,78;31352
2022;Prefeitura Municipal de Flores da Cunha - RS;4308201;RS;DCA-Anexo I-C;Padrão;Deduções - FUNDEB;RO1.7.1.0.00.0.0;1.7.1.0.00.0.0 - Transferências da União e de suas Entidades;6909903,82;31352
2022;Prefeitura Municipal de Flores da Cunha - RS;4308201;RS;DCA-Anexo I-C;Padrão;Receitas Brutas Realizadas;RO1.7.1.1.00.0.0;1.7.1.1.00.0.0 - Transferências Decorrentes de Participação na Receita da União;37717189,55;31352
2022;Prefeitura Municipal de Flores da Cunha - RS;4308201;RS;DCA-Anexo I-C;Padrão;Deduções - FUNDEB;RO1.7.1.1.00.0.0;1.7.1.1.00.0.0 - Transferências Decorrentes de Participação na Receita da União;6909903,82;31352
2022;Prefeitura Municipal de Flores da Cunha - RS;4308201;RS;DCA-Anexo I-C;Padrão;Receitas Brutas Realizadas;RO1.7.1.1.51.0.0;1.7.1.1.51.0.0 -Cota-Parte do Fundo de Participação dos Municípios - FPM;37430381,07;31352
2022;Prefeitura Municipal de Flores da Cunha - RS;4308201;RS;DCA-Anexo I-C;Padrão;Deduções - FUNDEB;RO1.7.1.1.51.0.0;1.7.1.1.51.0.0 -Cota-Parte do Fundo de Participação dos Municípios - FPM;6852542,27;31352
2022;Prefeitura Municipal de Flores da Cunha - RS;4308201;RS;DCA-Anexo I-C;Padrão;Receitas Brutas Realizadas;RO1.7.1.1.51.1.0;1.7.1.1.51.1.0 - Cota-Parte do Fundo de Participação dos Municípios - Cota Mensal;34262712,61;31352
2022;Prefeitura Municipal de Flores da Cunha - RS;4308201;RS;DCA-Anexo I-C;Padrão;Deduções - FUNDEB;RO1.7.1.1.51.1.0;1.7.1.1.51.1.0 - Cota-Parte do Fundo de Participação dos Municípios - Cota Mensal;6852542,27;31352
2022;Prefeitura Municipal de Flores da Cunha - RS;4308201;RS;DCA-Anexo I-C;Padrão;Receitas Brutas Realizadas;RO1.7.1.1.51.2.0;1.7.1.1.51.2.0 - Cota-Parte do Fundo de Participação do Municípios ¿ 1% Cota entregue no mês de dezembro;1503373,26;31352
2022;Prefeitura Municipal de Flores da Cunha - RS;4308201;RS;DCA-Anexo I-C;Padrão;Receitas Brutas Realizadas;RO1.7.1.1.51.3.0;1.7.1.1.51.3.0 - Cota-Parte do Fundo de Participação dos Municípios - 1% Cota entregue no mês de julho;1664295,20;31352
2022;Prefeitura Municipal de Flores da Cunha - RS;4308201;RS;DCA-Anexo I-C;Padrão;Receitas Brutas Realizadas;RO1.7.1.1.52.0.0;1.7.1.1.52.0.0 - Cota-Parte do Imposto Sobre a Propriedade Territorial Rural;286808,48;31352
2022;Prefeitura Municipal de Flores da Cunha - RS;4308201;RS;DCA-Anexo I-C;Padrão;Deduções - FUNDEB;RO1.7.1.1.52.0.0;1.7.1.1.52.0.0 - Cota-Parte do Imposto Sobre a Propriedade Territorial Rural;57361,55;31352
2022;Prefeitura Municipal de Flores da Cunha - RS;4308201;RS;DCA-Anexo I-C;Padrão;Receitas Brutas Realizadas;RO1.7.1.2.00.0.0;1.7.1.2.00.0.0 -Transferências das Compensações Financeiras pela Exploração de Recursos Naturais;1019367,50;31352
2022;Prefeitura Municipal de Flores da Cunha - RS;4308201;RS;DCA-Anexo I-C;Padrão;Receitas Brutas Realizadas;RO1.7.1.2.50.0.0;1.7.1.2.50.0.0 - Cota-parte da Compensação Financeira pela Exploração de Recursos Hídricos;99931,74;31352
2022;Prefeitura Municipal de Flores da Cunha - RS;4308201;RS;DCA-Anexo I-C;Padrão;Receitas Brutas Realizadas;RO1.7.1.2.51.0.0;1.7.1.2.51.0.0 -Cota-parte da Compensação Financeira pela Exploração de Recursos Minerais - CFEM;90014,22;31352
2022;Prefeitura Municipal de Flores da Cunha - RS;4308201;RS;DCA-Anexo I-C;Padrão;Receitas Brutas Realizadas;RO1.7.1.2.52.0.0;1.7.1.2.52.0.0 - Cota-parte da Compensação Financeira pela Produção de Petróleo;829421,54;31352
2022;Prefeitura Municipal de Flores da Cunha - RS;4308201;RS;DCA-Anexo I-C;Padrão;Receitas Brutas Realizadas;RO1.7.1.2.52.4.0;1.7.1.2.52.4.0 - Cota-Parte do Fundo Especial do Petróleo ¿ FEP;829421,54;31352
2022;Prefeitura Municipal de Flores da Cunha - RS;4308201;RS;DCA-Anexo I-C;Padrão;Receitas Brutas Realizadas;RO1.7.1.3.00.0.0;1.7.1.3.00.0.0 -Transferências de Recursos do Sistema Único de Saúde ¿ SUS ;7310151,46;31352
2022;Prefeitura Municipal de Flores da Cunha - RS;4308201;RS;DCA-Anexo I-C;Padrão;Receitas Brutas Realizadas;RO1.7.1.3.50.0.0;1.7.1.3.50.0.0 - Transferências de Recursos do Sistema Único de Saúde ¿ SUS ¿ Repasses Fundo a Fundo - Bloco de Manutenção das Ações e Serviços Públicos de Saúde;7310151,46;31352
2022;Prefeitura Municipal de Flores da Cunha - RS;4308201;RS;DCA-Anexo I-C;Padrão;Receitas Brutas Realizadas;RO1.7.1.3.50.1.0;1.7.1.3.50.1.0 - Transferências de Recursos do Bloco de Manutenção das Ações e Serviços Públicos de Saúde ¿ Atenção Primária;3292733,37;31352
2022;Prefeitura Municipal de Flores da Cunha - RS;4308201;RS;DCA-Anexo I-C;Padrão;Receitas Brutas Realizadas;RO1.7.1.3.50.2.0;1.7.1.3.50.2.0 - Transferências de Recursos do Bloco de Manutenção das Ações e Serviços Públicos de Saúde ¿ Atenção Especializada;3649934,81;31352
2022;Prefeitura Municipal de Flores da Cunha - RS;4308201;RS;DCA-Anexo I-C;Padrão;Receitas Brutas Realizadas;RO1.7.1.3.50.3.0;1.7.1.3.50.3.0 - Transferências de Recursos do Bloco de Manutenção das Ações e Serviços Públicos de Saúde ¿ Vigilância em Saúde;154727,90;31352
2022;Prefeitura Municipal de Flores da Cunha - RS;4308201;RS;DCA-Anexo I-C;Padrão;Receitas Brutas Realizadas;RO1.7.1.3.50.4.0;1.7.1.3.50.4.0 -Transferências de Recursos do Bloco de Manutenção das Ações e Serviços Públicos de Saúde ¿ Assistência Farmacêutica;212755,38;31352
2022;Prefeitura Municipal de Flores da Cunha - RS;4308201;RS;DCA-Anexo I-C;Padrão;Receitas Brutas Realizadas;RO1.7.1.4.00.0.0;1.7.1.4.00.0.0 -Transferências de Recursos do Fundo Nacional do Desenvolvimento da Educação ¿ FNDE¿ ;1872690,18;31352
2022;Prefeitura Municipal de Flores da Cunha - RS;4308201;RS;DCA-Anexo I-C;Padrão;Receitas Brutas Realizadas;RO1.7.1.4.50.0.0;1.7.1.4.50.0.0 - Transferências do Salário-Educação;1387292,45;31352
2022;Prefeitura Municipal de Flores da Cunha - RS;4308201;RS;DCA-Anexo I-C;Padrão;Receitas Brutas Realizadas;RO1.7.1.4.52.0.0;1.7.1.4.52.0.0 - Transferências referentes ao Programa Nacional de Alimentação Escolar ¿ PNAE;291114,00;31352
2022;Prefeitura Municipal de Flores da Cunha - RS;4308201;RS;DCA-Anexo I-C;Padrão;Receitas Brutas Realizadas;RO1.7.1.4.53.0.0;1.7.1.4.53.0.0 - Transferências referentes ao Programa Nacional de Apoio ao Transporte do Escolar ¿ PNATE;194283,73;31352
2022;Prefeitura Municipal de Flores da Cunha - RS;4308201;RS;DCA-Anexo I-C;Padrão;Receitas Brutas Realizadas;RO1.7.1.6.00.0.0;1.7.1.6.00.0.0 - Transferências de Recursos do Fundo Nacional de Assistência Social ¿ FNAS;469482,29;31352
2022;Prefeitura Municipal de Flores da Cunha - RS;4308201;RS;DCA-Anexo I-C;Padrão;Receitas Brutas Realizadas;RO1.7.1.9.00.0.0;1.7.1.9.00.0.0 - Outras Transferências de Recursos da União e de suas Entidades;1059503,80;31352
2022;Prefeitura Municipal de Flores da Cunha - RS;4308201;RS;DCA-Anexo I-C;Padrão;Receitas Brutas Realizadas;RO1.7.1.9.99.0.0;1.7.1.9.99.0.0 - Outras Transferências de Recursos da União e de suas Entidades;1059503,80;31352
2022;Prefeitura Municipal de Flores da Cunha - RS;4308201;RS;DCA-Anexo I-C;Padrão;Receitas Brutas Realizadas;RO1.7.2.0.00.0.0;1.7.2.0.00.0.0 - Transferências dos Estados e do Distrito Federal e de suas Entidades;70794386,24;31352
2022;Prefeitura Municipal de Flores da Cunha - RS;4308201;RS;DCA-Anexo I-C;Padrão;Deduções - FUNDEB;RO1.7.2.0.00.0.0;1.7.2.0.00.0.0 - Transferências dos Estados e do Distrito Federal e de suas Entidades;13005194,22;31352
2022;Prefeitura Municipal de Flores da Cunha - RS;4308201;RS;DCA-Anexo I-C;Padrão;Receitas Brutas Realizadas;RO1.7.2.1.00.0.0;1.7.2.1.00.0.0 - Participação na Receita dos Estados e Distrito Federal;65052817,65;31352
2022;Prefeitura Municipal de Flores da Cunha - RS;4308201;RS;DCA-Anexo I-C;Padrão;Deduções - FUNDEB;RO1.7.2.1.00.0.0;1.7.2.1.00.0.0 - Participação na Receita dos Estados e Distrito Federal;13005194,22;31352
2022;Prefeitura Municipal de Flores da Cunha - RS;4308201;RS;DCA-Anexo I-C;Padrão;Receitas Brutas Realizadas;RO1.7.2.1.50.0.0;1.7.2.1.50.0.0 - Cota-Parte do ICMS;53176661,13;31352
2022;Prefeitura Municipal de Flores da Cunha - RS;4308201;RS;DCA-Anexo I-C;Padrão;Deduções - FUNDEB;RO1.7.2.1.50.0.0;1.7.2.1.50.0.0 - Cota-Parte do ICMS;10635332,28;31352
2022;Prefeitura Municipal de Flores da Cunha - RS;4308201;RS;DCA-Anexo I-C;Padrão;Receitas Brutas Realizadas;RO1.7.2.1.51.0.0;1.7.2.1.51.0.0 - Cota-Parte do IPVA;11332579,08;31352
2022;Prefeitura Municipal de Flores da Cunha - RS;4308201;RS;DCA-Anexo I-C;Padrão;Deduções - FUNDEB;RO1.7.2.1.51.0.0;1.7.2.1.51.0.0 - Cota-Parte do IPVA;2266516,04;31352
2022;Prefeitura Municipal de Flores da Cunha - RS;4308201;RS;DCA-Anexo I-C;Padrão;Receitas Brutas Realizadas;RO1.7.2.1.52.0.0;1.7.2.1.52.0.0 - Cota-Parte do IPI - Municípios;516729,21;31352
2022;Prefeitura Municipal de Flores da Cunha - RS;4308201;RS;DCA-Anexo I-C;Padrão;Deduções - FUNDEB;RO1.7.2.1.52.0.0;1.7.2.1.52.0.0 - Cota-Parte do IPI - Municípios;103345,90;31352
2022;Prefeitura Municipal de Flores da Cunha - RS;4308201;RS;DCA-Anexo I-C;Padrão;Receitas Brutas Realizadas;RO1.7.2.1.53.0.0;1.7.2.1.53.0.0 - Cota-Parte da Contribuição de Intervenção no Domínio Econômico;26848,23;31352
2022;Prefeitura Municipal de Flores da Cunha - RS;4308201;RS;DCA-Anexo I-C;Padrão;Receitas Brutas Realizadas;RO1.7.2.3.00.0.0;1.7.2.3.00.0.0 - Transferências de Recursos do Sistema Único de Saúde ¿ SUS;2482008,94;31352
2022;Prefeitura Municipal de Flores da Cunha - RS;4308201;RS;DCA-Anexo I-C;Padrão;Receitas Brutas Realizadas;RO1.7.2.4.00.0.0;1.7.2.4.00.0.0 - Transferências de Convênios dos Estados e DF e de Suas Entidades;1389562,40;31352
2022;Prefeitura Municipal de Flores da Cunha - RS;4308201;RS;DCA-Anexo I-C;Padrão;Receitas Brutas Realizadas;RO1.7.2.4.51.0.0;1.7.2.4.51.0.0 -Transferências de Convênios dos Estados Destinadas a Programas de Educação;1389562,40;31352
2022;Prefeitura Municipal de Flores da Cunha - RS;4308201;RS;DCA-Anexo I-C;Padrão;Receitas Brutas Realizadas;RO1.7.2.9.00.0.0;1.7.2.9.00.0.0 - Outras Transferências dos Estados e Distrito Federal;1869997,25;31352
2022;Prefeitura Municipal de Flores da Cunha - RS;4308201;RS;DCA-Anexo I-C;Padrão;Receitas Brutas Realizadas;RO1.7.2.9.99.0.0;1.7.2.9.99.0.0 - Outras Transferências dos Estados e DF;1869997,25;31352
2022;Prefeitura Municipal de Flores da Cunha - RS;4308201;RS;DCA-Anexo I-C;Padrão;Receitas Brutas Realizadas;RO1.7.5.0.00.0.0;1.7.5.0.00.0.0 - Transferências de Outras Instituições Públicas;19729886,57;31352
2022;Prefeitura Municipal de Flores da Cunha - RS;4308201;RS;DCA-Anexo I-C;Padrão;Receitas Brutas Realizadas;RO1.7.5.1.00.0.0;1.7.5.1.00.0.0 - Transferências de Recursos do Fundo de Manutenção e Desenvolvimento da Educação Básica e de Valorização dos Profissionais da Educação - FUNDEB;19355766,22;31352
2022;Prefeitura Municipal de Flores da Cunha - RS;4308201;RS;DCA-Anexo I-C;Padrão;Receitas Brutas Realizadas;RO1.7.5.9.00.0.0;1.7.5.9.00.0.0 - Demais Transferências de Outras Instituições Públicas;374120,35;31352
2022;Prefeitura Municipal de Flores da Cunha - RS;4308201;RS;DCA-Anexo I-C;Padrão;Receitas Brutas Realizadas;RO1.7.9.0.00.0.0;1.7.9.0.00.0.0 - Demais Transferências Correntes;1034,85;31352
2022;Prefeitura Municipal de Flores da Cunha - RS;4308201;RS;DCA-Anexo I-C;Padrão;Receitas Brutas Realizadas;RO1.7.9.1.00.0.0;1.7.9.1.00.0.0 - Transferências de Pessoas Físicas;1034,85;31352
2022;Prefeitura Municipal de Flores da Cunha - RS;4308201;RS;DCA-Anexo I-C;Padrão;Receitas Brutas Realizadas;RO1.7.9.1.99.0.0;1.7.9.1.99.0.0 - Outras Transferências de Pessoas Físicas;1034,85;31352
2022;Prefeitura Municipal de Flores da Cunha - RS;4308201;RS;DCA-Anexo I-C;Padrão;Receitas Brutas Realizadas;RO1.9.0.0.00.0.0;1.9.0.0.00.0.0 - Outras Receitas Correntes;384347,57;31352
2022;Prefeitura Municipal de Flores da Cunha - RS;4308201;RS;DCA-Anexo I-C;Padrão;Receitas Brutas Realizadas;RO1.9.1.0.00.0.0;1.9.1.0.00.0.0 - Multas Administrativas, Contratuais e Judiciais;242444,18;31352
2022;Prefeitura Municipal de Flores da Cunha - RS;4308201;RS;DCA-Anexo I-C;Padrão;Receitas Brutas Realizadas;RO1.9.1.1.00.0.0;1.9.1.1.00.0.0 - Multas Administrativas, Contratuais e Judiciais;242444,18;31352
2022;Prefeitura Municipal de Flores da Cunha - RS;4308201;RS;DCA-Anexo I-C;Padrão;Receitas Brutas Realizadas;RO1.9.1.1.01.0.0;1.9.1.1.01.0.0 - Multas Previstas em Legislação Específica;14964,24;31352
2022;Prefeitura Municipal de Flores da Cunha - RS;4308201;RS;DCA-Anexo I-C;Padrão;Receitas Brutas Realizadas;RO1.9.1.1.06.0.0;1.9.1.1.06.0.0 - Multas por Danos Ambientais;221619,96;31352
2022;Prefeitura Municipal de Flores da Cunha - RS;4308201;RS;DCA-Anexo I-C;Padrão;Receitas Brutas Realizadas;RO1.9.1.1.06.1.0;1.9.1.1.06.1.0 - Multas Administrativas por Danos Ambientais;221619,96;31352
2022;Prefeitura Municipal de Flores da Cunha - RS;4308201;RS;DCA-Anexo I-C;Padrão;Receitas Brutas Realizadas;RO1.9.1.1.09.0.0;1.9.1.1.09.0.0 - Multas e Juros Previstos em Contratos;5859,98;31352
2022;Prefeitura Municipal de Flores da Cunha - RS;4308201;RS;DCA-Anexo I-C;Padrão;Receitas Brutas Realizadas;RO1.9.2.0.00.0.0;1.9.2.0.00.0.0 - Indenizações, Restituições e Ressarcimentos;53597,91;31352
2022;Prefeitura Municipal de Flores da Cunha - RS;4308201;RS;DCA-Anexo I-C;Padrão;Receitas Brutas Realizadas;RO1.9.2.1.00.0.0;1.9.2.1.00.0.0 - Indenizações;0,69;31352
2022;Prefeitura Municipal de Flores da Cunha - RS;4308201;RS;DCA-Anexo I-C;Padrão;Receitas Brutas Realizadas;RO1.9.2.1.99.0.0;1.9.2.1.99.0.0 - Outras Indenizações;0,69;31352
2022;Prefeitura Municipal de Flores da Cunha - RS;4308201;RS;DCA-Anexo I-C;Padrão;Receitas Brutas Realizadas;RO1.9.2.2.00.0.0;1.9.2.2.00.0.0 - Restituições;53597,22;31352
2022;Prefeitura Municipal de Flores da Cunha - RS;4308201;RS;DCA-Anexo I-C;Padrão;Receitas Brutas Realizadas;RO1.9.2.2.99.0.0;1.9.2.2.99.0.0 - Outras Restituições;53597,22;31352
2022;Prefeitura Municipal de Flores da Cunha - RS;4308201;RS;DCA-Anexo I-C;Padrão;Receitas Brutas Realizadas;RO1.9.9.0.00.0.0;1.9.9.0.00.0.0 - Demais Receitas Correntes;88305,48;31352
2022;Prefeitura Municipal de Flores da Cunha - RS;4308201;RS;DCA-Anexo I-C;Padrão;Receitas Brutas Realizadas;RO1.9.9.9.00.0.0;1.9.9.9.00.0.0 - Outras Receitas Correntes;88305,48;31352
2022;Prefeitura Municipal de Flores da Cunha - RS;4308201;RS;DCA-Anexo I-C;Padrão;Receitas Brutas Realizadas;RO1.9.9.9.03.0.0;1.9.9.9.03.0.0 - Compensações Financeiras entre o Regime Geral e os Regimes Próprios de Previdência e Sistema de Proteção Social;8899,19;31352
2022;Prefeitura Municipal de Flores da Cunha - RS;4308201;RS;DCA-Anexo I-C;Padrão;Receitas Brutas Realizadas;RO1.9.9.9.12.0.0;1.9.9.9.12.0.0 - Encargos Legais pela Inscrição em Dívida Ativa e Receitas de Ônus de Sucumbência;12497,20;31352
2022;Prefeitura Municipal de Flores da Cunha - RS;4308201;RS;DCA-Anexo I-C;Padrão;Receitas Brutas Realizadas;RO1.9.9.9.12.2.0;1.9.9.9.12.2.0 - Ônus de Sucumbência;12497,20;31352
2022;Prefeitura Municipal de Flores da Cunha - RS;4308201;RS;DCA-Anexo I-C;Padrão;Receitas Brutas Realizadas;RO1.9.9.9.99.0.0;1.9.9.9.99.0.0 - Outras Receitas;66909,09;31352
2022;Prefeitura Municipal de Flores da Cunha - RS;4308201;RS;DCA-Anexo I-C;Padrão;Receitas Brutas Realizadas;RO1.9.9.9.99.1.0;1.9.9.9.99.1.0 - Outras Receitas Administradas pela RFB;66909,09;31352
2022;Prefeitura Municipal de Flores da Cunha - RS;4308201;RS;DCA-Anexo I-C;Padrão;Receitas Brutas Realizadas;RO2.0.0.0.00.0.0;2.0.0.0.00.0.0 - Receitas de Capital;2351565,51;31352
2022;Prefeitura Municipal de Flores da Cunha - RS;4308201;RS;DCA-Anexo I-C;Padrão;Receitas Brutas Realizadas;RO2.2.0.0.00.0.0;2.2.0.0.00.0.0 - Alienação de Bens;172626,00;31352
2022;Prefeitura Municipal de Flores da Cunha - RS;4308201;RS;DCA-Anexo I-C;Padrão;Receitas Brutas Realizadas;RO2.2.1.0.00.0.0;2.2.1.0.00.0.0 - Alienação de Bens Móveis;172626,00;31352
2022;Prefeitura Municipal de Flores da Cunha - RS;4308201;RS;DCA-Anexo I-C;Padrão;Receitas Brutas Realizadas;RO2.2.1.3.00.0.0;2.2.1.3.00.0.0 - Alienação de Bens Móveis e Semoventes;172626,00;31352
2022;Prefeitura Municipal de Flores da Cunha - RS;4308201;RS;DCA-Anexo I-C;Padrão;Receitas Brutas Realizadas;RO2.3.0.0.00.0.0;2.3.0.0.00.0.0 - Amortização de Empréstimos;177884,35;31352
2022;Prefeitura Municipal de Flores da Cunha - RS;4308201;RS;DCA-Anexo I-C;Padrão;Receitas Brutas Realizadas;RO2.3.1.0.00.0.0;2.3.1.0.00.0.0 - Amortização de Empréstimos;177884,35;31352
2022;Prefeitura Municipal de Flores da Cunha - RS;4308201;RS;DCA-Anexo I-C;Padrão;Receitas Brutas Realizadas;RO2.3.1.1.00.0.0;2.3.1.1.00.0.0 - Amortização de Empréstimos;177884,35;31352
2022;Prefeitura Municipal de Flores da Cunha - RS;4308201;RS;DCA-Anexo I-C;Padrão;Receitas Brutas Realizadas;RO2.3.1.1.06.0.0;2.3.1.1.06.0.0 - Amortização de Empréstimos Contratuais;177884,35;31352
2022;Prefeitura Municipal de Flores da Cunha - RS;4308201;RS;DCA-Anexo I-C;Padrão;Receitas Brutas Realizadas;RO2.4.0.0.00.0.0;2.4.0.0.00.0.0 - Transferências de Capital;2001055,16;31352
2022;Prefeitura Municipal de Flores da Cunha - RS;4308201;RS;DCA-Anexo I-C;Padrão;Receitas Brutas Realizadas;RO2.4.1.0.00.0.0;2.4.1.0.00.0.0 - Transferências da União e de suas Entidades;1653806,00;31352
2022;Prefeitura Municipal de Flores da Cunha - RS;4308201;RS;DCA-Anexo I-C;Padrão;Receitas Brutas Realizadas;RO2.4.1.3.00.0.0;2.4.1.3.00.0.0 - Transferências de Recursos do Fundo Nacional de Assistência Social ¿ FNAS ;100000,00;31352
2022;Prefeitura Municipal de Flores da Cunha - RS;4308201;RS;DCA-Anexo I-C;Padrão;Receitas Brutas Realizadas;RO2.4.1.3.50.0.0;2.4.1.3.50.0.0 - Transferências de Recursos do Fundo Nacional de Assistência Social ¿ FNAS;100000,00;31352
2022;Prefeitura Municipal de Flores da Cunha - RS;4308201;RS;DCA-Anexo I-C;Padrão;Receitas Brutas Realizadas;RO2.4.1.4.00.0.0;2.4.1.4.00.0.0 - Transferências de Convênios da União e de suas Entidades ;973806,00;31352
2022;Prefeitura Municipal de Flores da Cunha - RS;4308201;RS;DCA-Anexo I-C;Padrão;Receitas Brutas Realizadas;RO2.4.1.4.99.0.0;2.4.1.4.99.0.0 - Outras Transferências de Convênios da União e de Suas Entidades;973806,00;31352
2022;Prefeitura Municipal de Flores da Cunha - RS;4308201;RS;DCA-Anexo I-C;Padrão;Receitas Brutas Realizadas;RO2.4.1.9.00.0.0;2.4.1.9.00.0.0 - Outras Transferências de Recursos da União e de suas Entidades;580000,00;31352
2022;Prefeitura Municipal de Flores da Cunha - RS;4308201;RS;DCA-Anexo I-C;Padrão;Receitas Brutas Realizadas;RO2.4.1.9.51.0.0;2.4.1.9.51.0.0 - Transferência Especial da União;580000,00;31352
2022;Prefeitura Municipal de Flores da Cunha - RS;4308201;RS;DCA-Anexo I-C;Padrão;Receitas Brutas Realizadas;RO2.4.2.0.00.0.0;2.4.2.0.00.0.0 - Transferências dos Estados e do Distrito Federal e de suas Entidades;347249,16;31352
2022;Prefeitura Municipal de Flores da Cunha - RS;4308201;RS;DCA-Anexo I-C;Padrão;Receitas Brutas Realizadas;RO2.4.2.2.00.0.0;2.4.2.2.00.0.0 - Transferências de Convênios dos Estados e DF e de Suas Entidades ;347249,16;31352
2022;Prefeitura Municipal de Flores da Cunha - RS;4308201;RS;DCA-Anexo I-C;Padrão;Receitas Brutas Realizadas;RO2.4.2.2.50.0.0;2.4.2.2.50.0.0 - Transferências de Convênios dos Estados para o Sistema Único de Saúde ¿ SUS;347249,16;31352
2022;Prefeitura Municipal de Flores da Cunha - RS;4308201;RS;DCA-Anexo I-C;Padrão;Receitas Brutas Realizadas;ReceitasIntraOrcamentarias;RECEITAS (INTRA-ORÇAMENTÁRIAS) (II);12385103,02;31352
2022;Prefeitura Municipal de Flores da Cunha - RS;4308201;RS;DCA-Anexo I-C;Padrão;Receitas Brutas Realizadas;RI7.0.0.0.00.0.0;7.0.0.0.00.0.0 - Receitas Correntes;12385103,02;31352
2022;Prefeitura Municipal de Flores da Cunha - RS;4308201;RS;DCA-Anexo I-C;Padrão;Receitas Brutas Realizadas;RI7.2.0.0.00.0.0;7.2.0.0.00.0.0 - Contribuições;12385103,02;31352
2022;Prefeitura Municipal de Flores da Cunha - RS;4308201;RS;DCA-Anexo I-C;Padrão;Receitas Brutas Realizadas;RI7.2.1.0.00.0.0;7.2.1.0.00.0.0 - Contribuições Sociais;12385103,02;31352
2022;Prefeitura Municipal de Flores da Cunha - RS;4308201;RS;DCA-Anexo I-C;Padrão;Receitas Brutas Realizadas;RI7.2.1.5.00.0.0;7.2.1.5.00.0.0 - Contribuições para Regimes Próprios de Previdência e Sistema de Proteção Social;12385103,02;31352
2022;Prefeitura Municipal de Flores da Cunha - RS;4308201;RS;DCA-Anexo I-C;Padrão;Receitas Brutas Realizadas;RI7.2.1.5.02.0.0;7.2.1.5.02.0.0 - Contribuição Patronal - Servidor Civil;12385103,02;31352
2022;Prefeitura Municipal de Flores da Cunha - RS;4308201;RS;DCA-Anexo I-C;Padrão;Receitas Brutas Realizadas;RI7.2.1.5.02.1.0;7.2.1.5.02.1.0 - Contribuição Patronal - Servidor Civil Ativo;12385103,02;31352
2022;Prefeitura Municipal de Flores da Cunha - RS;4308201;RS;DCA-Anexo I-C;Padrão;Receitas Brutas Realizadas;TotalReceitas;TOTAL DAS RECEITAS (III) = (I + II);212995744,41;31352
2022;Prefeitura Municipal de Flores da Cunha - RS;4308201;RS;DCA-Anexo I-C;Padrão;Deduções - FUNDEB;TotalReceitas;TOTAL DAS RECEITAS (III) = (I + II);19915098,04;31352
2022;Prefeitura Municipal de Flores da Cunha - RS;4308201;RS;DCA-Anexo I-C;Padrão;Outras Deduções da Receita;TotalReceitas;TOTAL DAS RECEITAS (III) = (I + II);43444,18;31352
2023;Prefeitura Municipal de Flores da Cunha - RS;4308201;RS;DCA-Anexo I-C;Padrão;Receitas Brutas Realizadas;ReceitasExcetoIntraOrcamentarias;RECEITAS (EXCETO INTRA-ORÇAMENTÁRIAS) (I);220307552,09;31352
2023;Prefeitura Municipal de Flores da Cunha - RS;4308201;RS;DCA-Anexo I-C;Padrão;Deduções - FUNDEB;ReceitasExcetoIntraOrcamentarias;RECEITAS (EXCETO INTRA-ORÇAMENTÁRIAS) (I);20689999,58;31352
2023;Prefeitura Municipal de Flores da Cunha - RS;4308201;RS;DCA-Anexo I-C;Padrão;Outras Deduções da Receita;ReceitasExcetoIntraOrcamentarias;RECEITAS (EXCETO INTRA-ORÇAMENTÁRIAS) (I);377433,71;31352
2023;Prefeitura Municipal de Flores da Cunha - RS;4308201;RS;DCA-Anexo I-C;Padrão;Receitas Brutas Realizadas;RO1.0.0.0.00.0.0;1.0.0.0.00.0.0 - Receitas Correntes;217954765,31;31352
2023;Prefeitura Municipal de Flores da Cunha - RS;4308201;RS;DCA-Anexo I-C;Padrão;Deduções - FUNDEB;RO1.0.0.0.00.0.0;1.0.0.0.00.0.0 - Receitas Correntes;20689999,58;31352
2023;Prefeitura Municipal de Flores da Cunha - RS;4308201;RS;DCA-Anexo I-C;Padrão;Outras Deduções da Receita;RO1.0.0.0.00.0.0;1.0.0.0.00.0.0 - Receitas Correntes;377429,71;31352
2023;Prefeitura Municipal de Flores da Cunha - RS;4308201;RS;DCA-Anexo I-C;Padrão;Receitas Brutas Realizadas;RO1.1.0.0.00.0.0;1.1.0.0.00.0.0 - Impostos, Taxas e Contribuições de Melhoria;36626943,63;31352
2023;Prefeitura Municipal de Flores da Cunha - RS;4308201;RS;DCA-Anexo I-C;Padrão;Outras Deduções da Receita;RO1.1.0.0.00.0.0;1.1.0.0.00.0.0 - Impostos, Taxas e Contribuições de Melhoria;377094,03;31352
2023;Prefeitura Municipal de Flores da Cunha - RS;4308201;RS;DCA-Anexo I-C;Padrão;Receitas Brutas Realizadas;RO1.1.1.0.00.0.0;1.1.1.0.00.0.0 - Impostos;33120114,14;31352
2023;Prefeitura Municipal de Flores da Cunha - RS;4308201;RS;DCA-Anexo I-C;Padrão;Outras Deduções da Receita;RO1.1.1.0.00.0.0;1.1.1.0.00.0.0 - Impostos;311188,72;31352
2023;Prefeitura Municipal de Flores da Cunha - RS;4308201;RS;DCA-Anexo I-C;Padrão;Receitas Brutas Realizadas;RO1.1.1.2.00.0.0;1.1.1.2.00.0.0 - Impostos sobre o Patrimônio;12671475,91;31352
2023;Prefeitura Municipal de Flores da Cunha - RS;4308201;RS;DCA-Anexo I-C;Padrão;Outras Deduções da Receita;RO1.1.1.2.00.0.0;1.1.1.2.00.0.0 - Impostos sobre o Patrimônio;306768,75;31352
2023;Prefeitura Municipal de Flores da Cunha - RS;4308201;RS;DCA-Anexo I-C;Padrão;Receitas Brutas Realizadas;RO1.1.1.2.50.0.0;1.1.1.2.50.0.0 - Imposto sobre a Propriedade Predial e Territorial Urbana;8404567,15;31352
2023;Prefeitura Municipal de Flores da Cunha - RS;4308201;RS;DCA-Anexo I-C;Padrão;Outras Deduções da Receita;RO1.1.1.2.50.0.0;1.1.1.2.50.0.0 - Imposto sobre a Propriedade Predial e Territorial Urbana;285078,95;31352
2023;Prefeitura Municipal de Flores da Cunha - RS;4308201;RS;DCA-Anexo I-C;Padrão;Receitas Brutas Realizadas;RO1.1.1.2.53.0.0;"1.1.1.2.53.0.0 - Impostos sobre Transmissão ""Inter Vivos"" de Bens Imóveis e de Direitos Reais sobre Imóveis";4266908,76;31352
2023;Prefeitura Municipal de Flores da Cunha - RS;4308201;RS;DCA-Anexo I-C;Padrão;Outras Deduções da Receita;RO1.1.1.2.53.0.0;"1.1.1.2.53.0.0 - Impostos sobre Transmissão ""Inter Vivos"" de Bens Imóveis e de Direitos Reais sobre Imóveis";21689,80;31352
2023;Prefeitura Municipal de Flores da Cunha - RS;4308201;RS;DCA-Anexo I-C;Padrão;Receitas Brutas Realizadas;RO1.1.1.3.00.0.0;1.1.1.3.00.0.0 - Impostos sobre a Renda e Proventos de Qualquer Natureza;6722631,55;31352
2023;Prefeitura Municipal de Flores da Cunha - RS;4308201;RS;DCA-Anexo I-C;Padrão;Receitas Brutas Realizadas;RO1.1.1.3.03.0.0;1.1.1.3.03.0.0 - Imposto sobre a Renda - Retido na Fonte;6722631,55;31352
2023;Prefeitura Municipal de Flores da Cunha - RS;4308201;RS;DCA-Anexo I-C;Padrão;Receitas Brutas Realizadas;RO1.1.1.3.03.1.0;1.1.1.3.03.1.0 - Imposto sobre a Renda - Retido na Fonte - Trabalho;5357398,65;31352
2023;Prefeitura Municipal de Flores da Cunha - RS;4308201;RS;DCA-Anexo I-C;Padrão;Receitas Brutas Realizadas;RO1.1.1.3.03.4.0;1.1.1.3.03.4.0 - Imposto sobre a Renda - Retido na Fonte - Outros Rendimentos;1365232,90;31352
2023;Prefeitura Municipal de Flores da Cunha - RS;4308201;RS;DCA-Anexo I-C;Padrão;Receitas Brutas Realizadas;RO1.1.1.4.00.0.0;1.1.1.4.00.0.0 - Impostos sobre a Produção e Circulação de Mercadorias e Serviços;13726006,68;31352
2023;Prefeitura Municipal de Flores da Cunha - RS;4308201;RS;DCA-Anexo I-C;Padrão;Outras Deduções da Receita;RO1.1.1.4.00.0.0;1.1.1.4.00.0.0 - Impostos sobre a Produção e Circulação de Mercadorias e Serviços;4419,97;31352
2023;Prefeitura Municipal de Flores da Cunha - RS;4308201;RS;DCA-Anexo I-C;Padrão;Receitas Brutas Realizadas;RO1.1.1.4.51.0.0;1.1.1.4.51.0.0 - Impostos sobre Serviços;13726006,68;31352
2023;Prefeitura Municipal de Flores da Cunha - RS;4308201;RS;DCA-Anexo I-C;Padrão;Outras Deduções da Receita;RO1.1.1.4.51.0.0;1.1.1.4.51.0.0 - Impostos sobre Serviços;4419,97;31352
2023;Prefeitura Municipal de Flores da Cunha - RS;4308201;RS;DCA-Anexo I-C;Padrão;Receitas Brutas Realizadas;RO1.1.1.4.51.1.0;1.1.1.4.51.1.0 - Imposto sobre Serviços de Qualquer Natureza - ISSQN;13726006,68;31352
2023;Prefeitura Municipal de Flores da Cunha - RS;4308201;RS;DCA-Anexo I-C;Padrão;Outras Deduções da Receita;RO1.1.1.4.51.1.0;1.1.1.4.51.1.0 - Imposto sobre Serviços de Qualquer Natureza - ISSQN;4419,97;31352
2023;Prefeitura Municipal de Flores da Cunha - RS;4308201;RS;DCA-Anexo I-C;Padrão;Receitas Brutas Realizadas;RO1.1.2.0.00.0.0;1.1.2.0.00.0.0 - Taxas;3500089,37;31352
2023;Prefeitura Municipal de Flores da Cunha - RS;4308201;RS;DCA-Anexo I-C;Padrão;Outras Deduções da Receita;RO1.1.2.0.00.0.0;1.1.2.0.00.0.0 - Taxas;65905,31;31352
2023;Prefeitura Municipal de Flores da Cunha - RS;4308201;RS;DCA-Anexo I-C;Padrão;Receitas Brutas Realizadas;RO1.1.2.1.00.0.0;1.1.2.1.00.0.0 - Taxas pelo Exercício do Poder de Polícia;1218511,43;31352
2023;Prefeitura Municipal de Flores da Cunha - RS;4308201;RS;DCA-Anexo I-C;Padrão;Outras Deduções da Receita;RO1.1.2.1.00.0.0;1.1.2.1.00.0.0 - Taxas pelo Exercício do Poder de Polícia;224,56;31352
2023;Prefeitura Municipal de Flores da Cunha - RS;4308201;RS;DCA-Anexo I-C;Padrão;Receitas Brutas Realizadas;RO1.1.2.1.01.0.0;1.1.2.1.01.0.0 - Taxas de Inspeção, Controle e Fiscalização;1170552,79;31352
2023;Prefeitura Municipal de Flores da Cunha - RS;4308201;RS;DCA-Anexo I-C;Padrão;Outras Deduções da Receita;RO1.1.2.1.01.0.0;1.1.2.1.01.0.0 - Taxas de Inspeção, Controle e Fiscalização;224,56;31352
2023;Prefeitura Municipal de Flores da Cunha - RS;4308201;RS;DCA-Anexo I-C;Padrão;Receitas Brutas Realizadas;RO1.1.2.1.50.0.0;1.1.2.1.50.0.0 - Taxa de Fiscalização de Vigilância Sanitária;47958,64;31352
2023;Prefeitura Municipal de Flores da Cunha - RS;4308201;RS;DCA-Anexo I-C;Padrão;Receitas Brutas Realizadas;RO1.1.2.2.00.0.0;1.1.2.2.00.0.0 - Taxas pela Prestação de Serviços;2281577,94;31352
2023;Prefeitura Municipal de Flores da Cunha - RS;4308201;RS;DCA-Anexo I-C;Padrão;Outras Deduções da Receita;RO1.1.2.2.00.0.0;1.1.2.2.00.0.0 - Taxas pela Prestação de Serviços;65680,75;31352
2023;Prefeitura Municipal de Flores da Cunha - RS;4308201;RS;DCA-Anexo I-C;Padrão;Receitas Brutas Realizadas;RO1.1.2.2.01.0.0;1.1.2.2.01.0.0 - Taxas pela Prestação de Serviços em Geral;2121446,42;31352
2023;Prefeitura Municipal de Flores da Cunha - RS;4308201;RS;DCA-Anexo I-C;Padrão;Outras Deduções da Receita;RO1.1.2.2.01.0.0;1.1.2.2.01.0.0 - Taxas pela Prestação de Serviços em Geral;65680,75;31352
2023;Prefeitura Municipal de Flores da Cunha - RS;4308201;RS;DCA-Anexo I-C;Padrão;Receitas Brutas Realizadas;RO1.1.2.2.50.0.0;1.1.2.2.50.0.0 - Taxas Judiciais;160131,52;31352
2023;Prefeitura Municipal de Flores da Cunha - RS;4308201;RS;DCA-Anexo I-C;Padrão;Receitas Brutas Realizadas;RO1.1.3.0.00.0.0;1.1.3.0.00.0.0 - Contribuição de Melhoria;6740,12;31352
2023;Prefeitura Municipal de Flores da Cunha - RS;4308201;RS;DCA-Anexo I-C;Padrão;Receitas Brutas Realizadas;RO1.1.3.1.00.0.0;1.1.3.1.00.0.0 - Contribuição de Melhoria;6740,12;31352
2023;Prefeitura Municipal de Flores da Cunha - RS;4308201;RS;DCA-Anexo I-C;Padrão;Receitas Brutas Realizadas;RO1.1.3.1.53.0.0;1.1.3.1.53.0.0 - Contribuição de Melhoria para Pavimentação e Obras Complementares;6740,12;31352
2023;Prefeitura Municipal de Flores da Cunha - RS;4308201;RS;DCA-Anexo I-C;Padrão;Receitas Brutas Realizadas;RO1.2.0.0.00.0.0;1.2.0.0.00.0.0 - Contribuições;6430857,37;31352
2023;Prefeitura Municipal de Flores da Cunha - RS;4308201;RS;DCA-Anexo I-C;Padrão;Receitas Brutas Realizadas;RO1.2.1.0.00.0.0;1.2.1.0.00.0.0 - Contribuições Sociais;6430857,37;31352
2023;Prefeitura Municipal de Flores da Cunha - RS;4308201;RS;DCA-Anexo I-C;Padrão;Receitas Brutas Realizadas;RO1.2.1.5.00.0.0;1.2.1.5.00.0.0 - Contribuições para Regimes Próprios de Previdência e Sistema de Proteção Social;6430857,37;31352
2023;Prefeitura Municipal de Flores da Cunha - RS;4308201;RS;DCA-Anexo I-C;Padrão;Receitas Brutas Realizadas;RO1.2.1.5.01.0.0;1.2.1.5.01.0.0 - Contribuição do Servidor Civil;6430857,37;31352
2023;Prefeitura Municipal de Flores da Cunha - RS;4308201;RS;DCA-Anexo I-C;Padrão;Receitas Brutas Realizadas;RO1.2.1.5.01.1.0;1.2.1.5.01.1.0 - Contribuição do Servidor Civil Ativo;5187963,16;31352
2023;Prefeitura Municipal de Flores da Cunha - RS;4308201;RS;DCA-Anexo I-C;Padrão;Receitas Brutas Realizadas;RO1.2.1.5.01.2.0;1.2.1.5.01.2.0 - Contribuição do Servidor Civil Inativo;1213411,89;31352
2023;Prefeitura Municipal de Flores da Cunha - RS;4308201;RS;DCA-Anexo I-C;Padrão;Receitas Brutas Realizadas;RO1.2.1.5.01.3.0;1.2.1.5.01.3.0 -Contribuição do Servidor Civil - Pensionistas;29482,32;31352
2023;Prefeitura Municipal de Flores da Cunha - RS;4308201;RS;DCA-Anexo I-C;Padrão;Receitas Brutas Realizadas;RO1.3.0.0.00.0.0;1.3.0.0.00.0.0 - Receita Patrimonial;25586449,02;31352
2023;Prefeitura Municipal de Flores da Cunha - RS;4308201;RS;DCA-Anexo I-C;Padrão;Outras Deduções da Receita;RO1.3.0.0.00.0.0;1.3.0.0.00.0.0 - Receita Patrimonial;110,95;31352
2023;Prefeitura Municipal de Flores da Cunha - RS;4308201;RS;DCA-Anexo I-C;Padrão;Receitas Brutas Realizadas;RO1.3.1.0.00.0.0;1.3.1.0.00.0.0 - Exploração do Patrimônio Imobiliário do Estado;269726,10;31352
2023;Prefeitura Municipal de Flores da Cunha - RS;4308201;RS;DCA-Anexo I-C;Padrão;Outras Deduções da Receita;RO1.3.1.0.00.0.0;1.3.1.0.00.0.0 - Exploração do Patrimônio Imobiliário do Estado;110,95;31352
2023;Prefeitura Municipal de Flores da Cunha - RS;4308201;RS;DCA-Anexo I-C;Padrão;Receitas Brutas Realizadas;RO1.3.1.1.00.0.0;1.3.1.1.00.0.0 - Exploração do Patrimônio Imobiliário do Estado;269726,10;31352
2023;Prefeitura Municipal de Flores da Cunha - RS;4308201;RS;DCA-Anexo I-C;Padrão;Outras Deduções da Receita;RO1.3.1.1.00.0.0;1.3.1.1.00.0.0 - Exploração do Patrimônio Imobiliário do Estado;110,95;31352
2023;Prefeitura Municipal de Flores da Cunha - RS;4308201;RS;DCA-Anexo I-C;Padrão;Receitas Brutas Realizadas;RO1.3.1.1.01.0.0;1.3.1.1.01.0.0 - Aluguéis, Arrendamentos, Foros, Laudêmios, Tarifas de Ocupação;269726,10;31352
2023;Prefeitura Municipal de Flores da Cunha - RS;4308201;RS;DCA-Anexo I-C;Padrão;Outras Deduções da Receita;RO1.3.1.1.01.0.0;1.3.1.1.01.0.0 - Aluguéis, Arrendamentos, Foros, Laudêmios, Tarifas de Ocupação;110,95;31352
2023;Prefeitura Municipal de Flores da Cunha - RS;4308201;RS;DCA-Anexo I-C;Padrão;Receitas Brutas Realizadas;RO1.3.1.1.01.1.0;1.3.1.1.01.1.0 - Aluguéis e Arrendamentos;269726,10;31352
2023;Prefeitura Municipal de Flores da Cunha - RS;4308201;RS;DCA-Anexo I-C;Padrão;Outras Deduções da Receita;RO1.3.1.1.01.1.0;1.3.1.1.01.1.0 - Aluguéis e Arrendamentos;110,95;31352
2023;Prefeitura Municipal de Flores da Cunha - RS;4308201;RS;DCA-Anexo I-C;Padrão;Receitas Brutas Realizadas;RO1.3.2.0.00.0.0;1.3.2.0.00.0.0 - Valores Mobiliários;25316722,92;31352
2023;Prefeitura Municipal de Flores da Cunha - RS;4308201;RS;DCA-Anexo I-C;Padrão;Receitas Brutas Realizadas;RO1.3.2.1.00.0.0;1.3.2.1.00.0.0 - Juros e Correções Monetárias;25316722,92;31352
2023;Prefeitura Municipal de Flores da Cunha - RS;4308201;RS;DCA-Anexo I-C;Padrão;Receitas Brutas Realizadas;RO1.3.2.1.01.0.0;1.3.2.1.01.0.0 - Remuneração de Depósitos Bancários;8068383,79;31352
2023;Prefeitura Municipal de Flores da Cunha - RS;4308201;RS;DCA-Anexo I-C;Padrão;Receitas Brutas Realizadas;RO1.3.2.1.04.0.0;1.3.2.1.04.0.0 - Remuneração dos Recursos do Regime Próprio de Previdência Social - RPPS;17248339,13;31352
2023;Prefeitura Municipal de Flores da Cunha - RS;4308201;RS;DCA-Anexo I-C;Padrão;Receitas Brutas Realizadas;RO1.6.0.0.00.0.0;1.6.0.0.00.0.0 - Receita de Serviços;351502,13;31352
2023;Prefeitura Municipal de Flores da Cunha - RS;4308201;RS;DCA-Anexo I-C;Padrão;Receitas Brutas Realizadas;RO1.6.1.0.00.0.0;1.6.1.0.00.0.0 - Serviços Administrativos e Comerciais Gerais;258948,12;31352
2023;Prefeitura Municipal de Flores da Cunha - RS;4308201;RS;DCA-Anexo I-C;Padrão;Receitas Brutas Realizadas;RO1.6.1.1.00.0.0;1.6.1.1.00.0.0 - Serviços Administrativos e Comerciais Gerais;258948,12;31352
2023;Prefeitura Municipal de Flores da Cunha - RS;4308201;RS;DCA-Anexo I-C;Padrão;Receitas Brutas Realizadas;RO1.6.1.1.01.0.0;1.6.1.1.01.0.0 - Serviços Administrativos e Comerciais Gerais Prestados por Entidades e Órgãos Públicos em Geral;108518,12;31352
2023;Prefeitura Municipal de Flores da Cunha - RS;4308201;RS;DCA-Anexo I-C;Padrão;Receitas Brutas Realizadas;RO1.6.1.1.02.0.0;1.6.1.1.02.0.0 - Inscrição em Concursos e Processos Seletivos;150430,00;31352
2023;Prefeitura Municipal de Flores da Cunha - RS;4308201;RS;DCA-Anexo I-C;Padrão;Receitas Brutas Realizadas;RO1.6.9.0.00.0.0;1.6.9.0.00.0.0 - Outros Serviços;92554,01;31352
2023;Prefeitura Municipal de Flores da Cunha - RS;4308201;RS;DCA-Anexo I-C;Padrão;Receitas Brutas Realizadas;RO1.7.0.0.00.0.0;1.7.0.0.00.0.0 - Transferências Correntes;147414000,71;31352
2023;Prefeitura Municipal de Flores da Cunha - RS;4308201;RS;DCA-Anexo I-C;Padrão;Deduções - FUNDEB;RO1.7.0.0.00.0.0;1.7.0.0.00.0.0 - Transferências Correntes;20689999,58;31352
2023;Prefeitura Municipal de Flores da Cunha - RS;4308201;RS;DCA-Anexo I-C;Padrão;Receitas Brutas Realizadas;RO1.7.1.0.00.0.0;1.7.1.0.00.0.0 - Transferências da União e de suas Entidades;53712272,25;31352
2023;Prefeitura Municipal de Flores da Cunha - RS;4308201;RS;DCA-Anexo I-C;Padrão;Deduções - FUNDEB;RO1.7.1.0.00.0.0;1.7.1.0.00.0.0 - Transferências da União e de suas Entidades;7133944,22;31352
2023;Prefeitura Municipal de Flores da Cunha - RS;4308201;RS;DCA-Anexo I-C;Padrão;Receitas Brutas Realizadas;RO1.7.1.1.00.0.0;1.7.1.1.00.0.0 - Transferências Decorrentes de Participação na Receita da União;39161805,10;31352
2023;Prefeitura Municipal de Flores da Cunha - RS;4308201;RS;DCA-Anexo I-C;Padrão;Deduções - FUNDEB;RO1.7.1.1.00.0.0;1.7.1.1.00.0.0 - Transferências Decorrentes de Participação na Receita da União;7133944,22;31352
2023;Prefeitura Municipal de Flores da Cunha - RS;4308201;RS;DCA-Anexo I-C;Padrão;Receitas Brutas Realizadas;RO1.7.1.1.51.0.0;1.7.1.1.51.0.0 -Cota-Parte do Fundo de Participação dos Municípios - FPM;38765175,24;31352
2023;Prefeitura Municipal de Flores da Cunha - RS;4308201;RS;DCA-Anexo I-C;Padrão;Deduções - FUNDEB;RO1.7.1.1.51.0.0;1.7.1.1.51.0.0 -Cota-Parte do Fundo de Participação dos Municípios - FPM;7054618,38;31352
2023;Prefeitura Municipal de Flores da Cunha - RS;4308201;RS;DCA-Anexo I-C;Padrão;Receitas Brutas Realizadas;RO1.7.1.1.51.1.0;1.7.1.1.51.1.0 - Cota-Parte do Fundo de Participação dos Municípios - Cota Mensal;35273093,25;31352
2023;Prefeitura Municipal de Flores da Cunha - RS;4308201;RS;DCA-Anexo I-C;Padrão;Deduções - FUNDEB;RO1.7.1.1.51.1.0;1.7.1.1.51.1.0 - Cota-Parte do Fundo de Participação dos Municípios - Cota Mensal;7054618,38;31352
2023;Prefeitura Municipal de Flores da Cunha - RS;4308201;RS;DCA-Anexo I-C;Padrão;Receitas Brutas Realizadas;RO1.7.1.1.51.2.0;1.7.1.1.51.2.0 - Cota-Parte do Fundo de Participação dos Municípios - Cotas Extraordinárias;3492081,99;31352
2023;Prefeitura Municipal de Flores da Cunha - RS;4308201;RS;DCA-Anexo I-C;Padrão;Receitas Brutas Realizadas;RO1.7.1.1.52.0.0;1.7.1.1.52.0.0 - Cota-Parte do Imposto Sobre a Propriedade Territorial Rural;396629,86;31352
2023;Prefeitura Municipal de Flores da Cunha - RS;4308201;RS;DCA-Anexo I-C;Padrão;Deduções - FUNDEB;RO1.7.1.1.52.0.0;1.7.1.1.52.0.0 - Cota-Parte do Imposto Sobre a Propriedade Territorial Rural;79325,84;31352
2023;Prefeitura Municipal de Flores da Cunha - RS;4308201;RS;DCA-Anexo I-C;Padrão;Receitas Brutas Realizadas;RO1.7.1.2.00.0.0;1.7.1.2.00.0.0 -Transferências das Compensações Financeiras pela Exploração de Recursos Naturais;950670,34;31352
2023;Prefeitura Municipal de Flores da Cunha - RS;4308201;RS;DCA-Anexo I-C;Padrão;Receitas Brutas Realizadas;RO1.7.1.2.50.0.0;1.7.1.2.50.0.0 - Cota-parte da Compensação Financeira pela Exploração de Recursos Hídricos;105155,40;31352
2023;Prefeitura Municipal de Flores da Cunha - RS;4308201;RS;DCA-Anexo I-C;Padrão;Receitas Brutas Realizadas;RO1.7.1.2.51.0.0;1.7.1.2.51.0.0 -Cota-parte da Compensação Financeira pela Exploração de Recursos Minerais - CFEM;92311,08;31352
2023;Prefeitura Municipal de Flores da Cunha - RS;4308201;RS;DCA-Anexo I-C;Padrão;Receitas Brutas Realizadas;RO1.7.1.2.52.0.0;1.7.1.2.52.0.0 - Cota-parte da Compensação Financeira pela Produção de Petróleo;753203,86;31352
2023;Prefeitura Municipal de Flores da Cunha - RS;4308201;RS;DCA-Anexo I-C;Padrão;Receitas Brutas Realizadas;RO1.7.1.2.52.1.0;1.7.1.2.52.1.0 - Cota-parte da Compensação Financeira pela Produção de Petróleo ¿ Lei nº 7.990/89;753203,86;31352
2023;Prefeitura Municipal de Flores da Cunha - RS;4308201;RS;DCA-Anexo I-C;Padrão;Receitas Brutas Realizadas;RO1.7.1.3.00.0.0;1.7.1.3.00.0.0 -Transferências de Recursos do Sistema Único de Saúde ¿ SUS ;9162017,77;31352
2023;Prefeitura Municipal de Flores da Cunha - RS;4308201;RS;DCA-Anexo I-C;Padrão;Receitas Brutas Realizadas;RO1.7.1.3.50.0.0;1.7.1.3.50.0.0 - Transferências de Recursos do Sistema Único de Saúde ¿ SUS ¿ Repasses Fundo a Fundo - Bloco de Manutenção das Ações e Serviços Públicos de Saúde;9162017,77;31352
2023;Prefeitura Municipal de Flores da Cunha - RS;4308201;RS;DCA-Anexo I-C;Padrão;Receitas Brutas Realizadas;RO1.7.1.3.50.1.0;1.7.1.3.50.1.0 - Transferências de Recursos do Bloco de Manutenção das Ações e Serviços Públicos de Saúde ¿ Atenção Primária;4466339,56;31352
2023;Prefeitura Municipal de Flores da Cunha - RS;4308201;RS;DCA-Anexo I-C;Padrão;Receitas Brutas Realizadas;RO1.7.1.3.50.2.0;1.7.1.3.50.2.0 - Transferências de Recursos do Bloco de Manutenção das Ações e Serviços Públicos de Saúde ¿ Atenção Especializada;3977779,74;31352
2023;Prefeitura Municipal de Flores da Cunha - RS;4308201;RS;DCA-Anexo I-C;Padrão;Receitas Brutas Realizadas;RO1.7.1.3.50.3.0;1.7.1.3.50.3.0 - Transferências de Recursos do Bloco de Manutenção das Ações e Serviços Públicos de Saúde ¿ Vigilância em Saúde;192549,86;31352
2023;Prefeitura Municipal de Flores da Cunha - RS;4308201;RS;DCA-Anexo I-C;Padrão;Receitas Brutas Realizadas;RO1.7.1.3.50.4.0;1.7.1.3.50.4.0 -Transferências de Recursos do Bloco de Manutenção das Ações e Serviços Públicos de Saúde ¿ Assistência Farmacêutica;181395,48;31352
2023;Prefeitura Municipal de Flores da Cunha - RS;4308201;RS;DCA-Anexo I-C;Padrão;Receitas Brutas Realizadas;RO1.7.1.3.50.5.0;1.7.1.3.50.5.0 - Transferências de Recursos do Bloco de Manutenção das Ações e Serviços Públicos de Saúde ¿ Gestão do SUS;343953,13;31352
2023;Prefeitura Municipal de Flores da Cunha - RS;4308201;RS;DCA-Anexo I-C;Padrão;Receitas Brutas Realizadas;RO1.7.1.4.00.0.0;1.7.1.4.00.0.0 -Transferências de Recursos do Fundo Nacional do Desenvolvimento da Educação ¿ FNDE¿ ;2234322,06;31352
2023;Prefeitura Municipal de Flores da Cunha - RS;4308201;RS;DCA-Anexo I-C;Padrão;Receitas Brutas Realizadas;RO1.7.1.4.50.0.0;1.7.1.4.50.0.0 - Transferências do Salário-Educação;1584940,44;31352
2023;Prefeitura Municipal de Flores da Cunha - RS;4308201;RS;DCA-Anexo I-C;Padrão;Receitas Brutas Realizadas;RO1.7.1.4.52.0.0;1.7.1.4.52.0.0 - Transferências referentes ao Programa Nacional de Alimentação Escolar ¿ PNAE;395487,00;31352
2023;Prefeitura Municipal de Flores da Cunha - RS;4308201;RS;DCA-Anexo I-C;Padrão;Receitas Brutas Realizadas;RO1.7.1.4.53.0.0;1.7.1.4.53.0.0 - Transferências referentes ao Programa Nacional de Apoio ao Transporte do Escolar ¿ PNATE;253894,62;31352
2023;Prefeitura Municipal de Flores da Cunha - RS;4308201;RS;DCA-Anexo I-C;Padrão;Receitas Brutas Realizadas;RO1.7.1.6.00.0.0;1.7.1.6.00.0.0 - Transferências de Recursos do Fundo Nacional de Assistência Social ¿ FNAS;664220,97;31352
2023;Prefeitura Municipal de Flores da Cunha - RS;4308201;RS;DCA-Anexo I-C;Padrão;Receitas Brutas Realizadas;RO1.7.1.9.00.0.0;1.7.1.9.00.0.0 - Outras Transferências de Recursos da União e de suas Entidades;1539236,01;31352
2023;Prefeitura Municipal de Flores da Cunha - RS;4308201;RS;DCA-Anexo I-C;Padrão;Receitas Brutas Realizadas;RO1.7.1.9.58.0.0;1.7.1.9.58.0.0 - Transferência Obrigatória Decorrente da Lei Complementar nº 176/2020;376479,96;31352
2023;Prefeitura Municipal de Flores da Cunha - RS;4308201;RS;DCA-Anexo I-C;Padrão;Receitas Brutas Realizadas;RO1.7.1.9.99.0.0;1.7.1.9.99.0.0 - Outras Transferências de Recursos da União e de suas Entidades;1162756,05;31352
2023;Prefeitura Municipal de Flores da Cunha - RS;4308201;RS;DCA-Anexo I-C;Padrão;Receitas Brutas Realizadas;RO1.7.2.0.00.0.0;1.7.2.0.00.0.0 - Transferências dos Estados e do Distrito Federal e de suas Entidades;72610823,16;31352
2023;Prefeitura Municipal de Flores da Cunha - RS;4308201;RS;DCA-Anexo I-C;Padrão;Deduções - FUNDEB;RO1.7.2.0.00.0.0;1.7.2.0.00.0.0 - Transferências dos Estados e do Distrito Federal e de suas Entidades;13556055,36;31352
2023;Prefeitura Municipal de Flores da Cunha - RS;4308201;RS;DCA-Anexo I-C;Padrão;Receitas Brutas Realizadas;RO1.7.2.1.00.0.0;1.7.2.1.00.0.0 - Participação na Receita dos Estados e Distrito Federal;64937558,27;31352
2023;Prefeitura Municipal de Flores da Cunha - RS;4308201;RS;DCA-Anexo I-C;Padrão;Deduções - FUNDEB;RO1.7.2.1.00.0.0;1.7.2.1.00.0.0 - Participação na Receita dos Estados e Distrito Federal;12986433,34;31352
2023;Prefeitura Municipal de Flores da Cunha - RS;4308201;RS;DCA-Anexo I-C;Padrão;Receitas Brutas Realizadas;RO1.7.2.1.50.0.0;1.7.2.1.50.0.0 - Cota-Parte do ICMS;53858457,93;31352
2023;Prefeitura Municipal de Flores da Cunha - RS;4308201;RS;DCA-Anexo I-C;Padrão;Deduções - FUNDEB;RO1.7.2.1.50.0.0;1.7.2.1.50.0.0 - Cota-Parte do ICMS;10771691,55;31352
2023;Prefeitura Municipal de Flores da Cunha - RS;4308201;RS;DCA-Anexo I-C;Padrão;Receitas Brutas Realizadas;RO1.7.2.1.51.0.0;1.7.2.1.51.0.0 - Cota-Parte do IPVA;10549564,51;31352
2023;Prefeitura Municipal de Flores da Cunha - RS;4308201;RS;DCA-Anexo I-C;Padrão;Deduções - FUNDEB;RO1.7.2.1.51.0.0;1.7.2.1.51.0.0 - Cota-Parte do IPVA;2109913,10;31352
2023;Prefeitura Municipal de Flores da Cunha - RS;4308201;RS;DCA-Anexo I-C;Padrão;Receitas Brutas Realizadas;RO1.7.2.1.52.0.0;1.7.2.1.52.0.0 - Cota-Parte do IPI - Municípios;524143,36;31352
2023;Prefeitura Municipal de Flores da Cunha - RS;4308201;RS;DCA-Anexo I-C;Padrão;Deduções - FUNDEB;RO1.7.2.1.52.0.0;1.7.2.1.52.0.0 - Cota-Parte do IPI - Municípios;104828,69;31352
2023;Prefeitura Municipal de Flores da Cunha - RS;4308201;RS;DCA-Anexo I-C;Padrão;Receitas Brutas Realizadas;RO1.7.2.1.53.0.0;1.7.2.1.53.0.0 - Cota-Parte da Contribuição de Intervenção no Domínio Econômico;5392,47;31352
2023;Prefeitura Municipal de Flores da Cunha - RS;4308201;RS;DCA-Anexo I-C;Padrão;Receitas Brutas Realizadas;RO1.7.2.3.00.0.0;1.7.2.3.00.0.0 - Transferências de Recursos do Sistema Único de Saúde ¿ SUS;2627005,01;31352
2023;Prefeitura Municipal de Flores da Cunha - RS;4308201;RS;DCA-Anexo I-C;Padrão;Receitas Brutas Realizadas;RO1.7.2.4.00.0.0;1.7.2.4.00.0.0 - Transferências de Convênios dos Estados e DF e de Suas Entidades;1622682,60;31352
2023;Prefeitura Municipal de Flores da Cunha - RS;4308201;RS;DCA-Anexo I-C;Padrão;Receitas Brutas Realizadas;RO1.7.2.4.51.0.0;1.7.2.4.51.0.0 -Transferências de Convênios dos Estados Destinadas a Programas de Educação;1577383,10;31352
2023;Prefeitura Municipal de Flores da Cunha - RS;4308201;RS;DCA-Anexo I-C;Padrão;Receitas Brutas Realizadas;RO1.7.2.4.99.0.0;1.7.2.4.99.0.0 - Outras Transferências de Convênios dos Estados e DF e de Suas Entidades;45299,50;31352
2023;Prefeitura Municipal de Flores da Cunha - RS;4308201;RS;DCA-Anexo I-C;Padrão;Receitas Brutas Realizadas;RO1.7.2.9.00.0.0;1.7.2.9.00.0.0 - Outras Transferências dos Estados e Distrito Federal;3423577,28;31352
2023;Prefeitura Municipal de Flores da Cunha - RS;4308201;RS;DCA-Anexo I-C;Padrão;Deduções - FUNDEB;RO1.7.2.9.00.0.0;1.7.2.9.00.0.0 - Outras Transferências dos Estados e Distrito Federal;569622,02;31352
2023;Prefeitura Municipal de Flores da Cunha - RS;4308201;RS;DCA-Anexo I-C;Padrão;Receitas Brutas Realizadas;RO1.7.2.9.99.0.0;1.7.2.9.99.0.0 - Outras Transferências dos Estados e DF;3423577,28;31352
2023;Prefeitura Municipal de Flores da Cunha - RS;4308201;RS;DCA-Anexo I-C;Padrão;Deduções - FUNDEB;RO1.7.2.9.99.0.0;1.7.2.9.99.0.0 - Outras Transferências dos Estados e DF;569622,02;31352
2023;Prefeitura Municipal de Flores da Cunha - RS;4308201;RS;DCA-Anexo I-C;Padrão;Receitas Brutas Realizadas;RO1.7.4.0.00.0.0;1.7.4.0.00.0.0 - Transferências de Instituições Privadas;247425,46;31352
2023;Prefeitura Municipal de Flores da Cunha - RS;4308201;RS;DCA-Anexo I-C;Padrão;Receitas Brutas Realizadas;RO1.7.4.1.00.0.0;1.7.4.1.00.0.0 - Transferências de Instituições Privadas;247425,46;31352
2023;Prefeitura Municipal de Flores da Cunha - RS;4308201;RS;DCA-Anexo I-C;Padrão;Receitas Brutas Realizadas;RO1.7.4.1.99.0.0;1.7.4.1.99.0.0 - Outras Transferências de Instituições Privadas;247425,46;31352
2023;Prefeitura Municipal de Flores da Cunha - RS;4308201;RS;DCA-Anexo I-C;Padrão;Receitas Brutas Realizadas;RO1.7.5.0.00.0.0;1.7.5.0.00.0.0 - Transferências de Outras Instituições Públicas;20642123,75;31352
2023;Prefeitura Municipal de Flores da Cunha - RS;4308201;RS;DCA-Anexo I-C;Padrão;Receitas Brutas Realizadas;RO1.7.5.1.00.0.0;1.7.5.1.00.0.0 - Transferências de Recursos do Fundo de Manutenção e Desenvolvimento da Educação Básica e de Valorização dos Profissionais da Educação - FUNDEB;20642123,75;31352
2023;Prefeitura Municipal de Flores da Cunha - RS;4308201;RS;DCA-Anexo I-C;Padrão;Receitas Brutas Realizadas;RO1.7.9.0.00.0.0;1.7.9.0.00.0.0 - Demais Transferências Correntes;201356,09;31352
2023;Prefeitura Municipal de Flores da Cunha - RS;4308201;RS;DCA-Anexo I-C;Padrão;Receitas Brutas Realizadas;RO1.7.9.1.00.0.0;1.7.9.1.00.0.0 - Transferências de Pessoas Físicas;201356,09;31352
2023;Prefeitura Municipal de Flores da Cunha - RS;4308201;RS;DCA-Anexo I-C;Padrão;Receitas Brutas Realizadas;RO1.7.9.1.99.0.0;1.7.9.1.99.0.0 - Outras Transferências de Pessoas Físicas;201356,09;31352
2023;Prefeitura Municipal de Flores da Cunha - RS;4308201;RS;DCA-Anexo I-C;Padrão;Receitas Brutas Realizadas;RO1.9.0.0.00.0.0;1.9.0.0.00.0.0 - Outras Receitas Correntes;1545012,45;31352
2023;Prefeitura Municipal de Flores da Cunha - RS;4308201;RS;DCA-Anexo I-C;Padrão;Outras Deduções da Receita;RO1.9.0.0.00.0.0;1.9.0.0.00.0.0 - Outras Receitas Correntes;224,73;31352
2023;Prefeitura Municipal de Flores da Cunha - RS;4308201;RS;DCA-Anexo I-C;Padrão;Receitas Brutas Realizadas;RO1.9.1.0.00.0.0;1.9.1.0.00.0.0 - Multas Administrativas, Contratuais e Judiciais;226751,04;31352
2023;Prefeitura Municipal de Flores da Cunha - RS;4308201;RS;DCA-Anexo I-C;Padrão;Receitas Brutas Realizadas;RO1.9.1.1.00.0.0;1.9.1.1.00.0.0 - Multas Administrativas, Contratuais e Judiciais;226751,04;31352
2023;Prefeitura Municipal de Flores da Cunha - RS;4308201;RS;DCA-Anexo I-C;Padrão;Receitas Brutas Realizadas;RO1.9.1.1.01.0.0;1.9.1.1.01.0.0 - Multas Previstas em Legislação Específica;32231,07;31352
2023;Prefeitura Municipal de Flores da Cunha - RS;4308201;RS;DCA-Anexo I-C;Padrão;Receitas Brutas Realizadas;RO1.9.1.1.06.0.0;1.9.1.1.06.0.0 - Multas por Danos Ambientais;180918,98;31352
2023;Prefeitura Municipal de Flores da Cunha - RS;4308201;RS;DCA-Anexo I-C;Padrão;Receitas Brutas Realizadas;RO1.9.1.1.06.1.0;1.9.1.1.06.1.0 - Multas Administrativas por Danos Ambientais;180918,98;31352
2023;Prefeitura Municipal de Flores da Cunha - RS;4308201;RS;DCA-Anexo I-C;Padrão;Receitas Brutas Realizadas;RO1.9.1.1.08.0.0;1.9.1.1.08.0.0 - Multas Decorrentes de Sentenças Judiciais;2069,10;31352
2023;Prefeitura Municipal de Flores da Cunha - RS;4308201;RS;DCA-Anexo I-C;Padrão;Receitas Brutas Realizadas;RO1.9.1.1.09.0.0;1.9.1.1.09.0.0 - Multas e Juros Previstos em Contratos;11531,89;31352
2023;Prefeitura Municipal de Flores da Cunha - RS;4308201;RS;DCA-Anexo I-C;Padrão;Receitas Brutas Realizadas;RO1.9.2.0.00.0.0;1.9.2.0.00.0.0 - Indenizações, Restituições e Ressarcimentos;185025,81;31352
2023;Prefeitura Municipal de Flores da Cunha - RS;4308201;RS;DCA-Anexo I-C;Padrão;Receitas Brutas Realizadas;RO1.9.2.1.00.0.0;1.9.2.1.00.0.0 - Indenizações;30530,57;31352
2023;Prefeitura Municipal de Flores da Cunha - RS;4308201;RS;DCA-Anexo I-C;Padrão;Receitas Brutas Realizadas;RO1.9.2.1.01.0.0;1.9.2.1.01.0.0 - Indenizações por Danos Causados ao Patrimônio Público;30530,57;31352
2023;Prefeitura Municipal de Flores da Cunha - RS;4308201;RS;DCA-Anexo I-C;Padrão;Receitas Brutas Realizadas;RO1.9.2.2.00.0.0;1.9.2.2.00.0.0 - Restituições;49075,66;31352
2023;Prefeitura Municipal de Flores da Cunha - RS;4308201;RS;DCA-Anexo I-C;Padrão;Receitas Brutas Realizadas;RO1.9.2.2.99.0.0;1.9.2.2.99.0.0 - Outras Restituições;49075,66;31352
2023;Prefeitura Municipal de Flores da Cunha - RS;4308201;RS;DCA-Anexo I-C;Padrão;Receitas Brutas Realizadas;RO1.9.2.3.00.0.0;1.9.2.3.00.0.0 - Ressarcimentos;105419,58;31352
2023;Prefeitura Municipal de Flores da Cunha - RS;4308201;RS;DCA-Anexo I-C;Padrão;Receitas Brutas Realizadas;RO1.9.2.3.99.0.0;1.9.2.3.99.0.0 - Outros Ressarcimentos;105419,58;31352
2023;Prefeitura Municipal de Flores da Cunha - RS;4308201;RS;DCA-Anexo I-C;Padrão;Receitas Brutas Realizadas;RO1.9.9.0.00.0.0;1.9.9.0.00.0.0 - Demais Receitas Correntes;1133235,60;31352
2023;Prefeitura Municipal de Flores da Cunha - RS;4308201;RS;DCA-Anexo I-C;Padrão;Outras Deduções da Receita;RO1.9.9.0.00.0.0;1.9.9.0.00.0.0 - Demais Receitas Correntes;224,73;31352
2023;Prefeitura Municipal de Flores da Cunha - RS;4308201;RS;DCA-Anexo I-C;Padrão;Receitas Brutas Realizadas;RO1.9.9.9.00.0.0;1.9.9.9.00.0.0 - Outras Receitas Correntes;1133235,60;31352
2023;Prefeitura Municipal de Flores da Cunha - RS;4308201;RS;DCA-Anexo I-C;Padrão;Outras Deduções da Receita;RO1.9.9.9.00.0.0;1.9.9.9.00.0.0 - Outras Receitas Correntes;224,73;31352
2023;Prefeitura Municipal de Flores da Cunha - RS;4308201;RS;DCA-Anexo I-C;Padrão;Receitas Brutas Realizadas;RO1.9.9.9.03.0.0;1.9.9.9.03.0.0 - Compensações Financeiras entre os Regimes de Previdência;1002407,80;31352
2023;Prefeitura Municipal de Flores da Cunha - RS;4308201;RS;DCA-Anexo I-C;Padrão;Receitas Brutas Realizadas;RO1.9.9.9.12.0.0;1.9.9.9.12.0.0 - Encargos Legais pela Inscrição em Dívida Ativa e Receitas de Ônus de Sucumbência;42391,28;31352
2023;Prefeitura Municipal de Flores da Cunha - RS;4308201;RS;DCA-Anexo I-C;Padrão;Receitas Brutas Realizadas;RO1.9.9.9.12.2.0;1.9.9.9.12.2.0 - Ônus de Sucumbência;42391,28;31352
2023;Prefeitura Municipal de Flores da Cunha - RS;4308201;RS;DCA-Anexo I-C;Padrão;Receitas Brutas Realizadas;RO1.9.9.9.99.0.0;1.9.9.9.99.0.0 - Outras Receitas;88436,52;31352
2023;Prefeitura Municipal de Flores da Cunha - RS;4308201;RS;DCA-Anexo I-C;Padrão;Outras Deduções da Receita;RO1.9.9.9.99.0.0;1.9.9.9.99.0.0 - Outras Receitas;224,73;31352
2023;Prefeitura Municipal de Flores da Cunha - RS;4308201;RS;DCA-Anexo I-C;Padrão;Receitas Brutas Realizadas;RO1.9.9.9.99.1.0;1.9.9.9.99.1.0 - Outras Receitas Administradas pela RFB;88436,52;31352
2023;Prefeitura Municipal de Flores da Cunha - RS;4308201;RS;DCA-Anexo I-C;Padrão;Outras Deduções da Receita;RO1.9.9.9.99.1.0;1.9.9.9.99.1.0 - Outras Receitas Administradas pela RFB;224,73;31352
2023;Prefeitura Municipal de Flores da Cunha - RS;4308201;RS;DCA-Anexo I-C;Padrão;Receitas Brutas Realizadas;RO2.0.0.0.00.0.0;2.0.0.0.00.0.0 - Receitas de Capital;2352786,78;31352
2023;Prefeitura Municipal de Flores da Cunha - RS;4308201;RS;DCA-Anexo I-C;Padrão;Outras Deduções da Receita;RO2.0.0.0.00.0.0;2.0.0.0.00.0.0 - Receitas de Capital;4,00;31352
2023;Prefeitura Municipal de Flores da Cunha - RS;4308201;RS;DCA-Anexo I-C;Padrão;Receitas Brutas Realizadas;RO2.2.0.0.00.0.0;2.2.0.0.00.0.0 - Alienação de Bens;525496,30;31352
2023;Prefeitura Municipal de Flores da Cunha - RS;4308201;RS;DCA-Anexo I-C;Padrão;Receitas Brutas Realizadas;RO2.2.1.0.00.0.0;2.2.1.0.00.0.0 - Alienação de Bens Móveis;525496,30;31352
2023;Prefeitura Municipal de Flores da Cunha - RS;4308201;RS;DCA-Anexo I-C;Padrão;Receitas Brutas Realizadas;RO2.2.1.3.00.0.0;2.2.1.3.00.0.0 - Alienação de Bens Móveis e Semoventes;525496,30;31352
2023;Prefeitura Municipal de Flores da Cunha - RS;4308201;RS;DCA-Anexo I-C;Padrão;Receitas Brutas Realizadas;RO2.3.0.0.00.0.0;2.3.0.0.00.0.0 - Amortização de Empréstimos;168489,55;31352
2023;Prefeitura Municipal de Flores da Cunha - RS;4308201;RS;DCA-Anexo I-C;Padrão;Outras Deduções da Receita;RO2.3.0.0.00.0.0;2.3.0.0.00.0.0 - Amortização de Empréstimos;4,00;31352
2023;Prefeitura Municipal de Flores da Cunha - RS;4308201;RS;DCA-Anexo I-C;Padrão;Receitas Brutas Realizadas;RO2.3.1.0.00.0.0;2.3.1.0.00.0.0 - Amortização de Empréstimos;168489,55;31352
2023;Prefeitura Municipal de Flores da Cunha - RS;4308201;RS;DCA-Anexo I-C;Padrão;Outras Deduções da Receita;RO2.3.1.0.00.0.0;2.3.1.0.00.0.0 - Amortização de Empréstimos;4,00;31352
2023;Prefeitura Municipal de Flores da Cunha - RS;4308201;RS;DCA-Anexo I-C;Padrão;Receitas Brutas Realizadas;RO2.3.1.1.00.0.0;2.3.1.1.00.0.0 - Amortização de Empréstimos;168489,55;31352
2023;Prefeitura Municipal de Flores da Cunha - RS;4308201;RS;DCA-Anexo I-C;Padrão;Outras Deduções da Receita;RO2.3.1.1.00.0.0;2.3.1.1.00.0.0 - Amortização de Empréstimos;4,00;31352
2023;Prefeitura Municipal de Flores da Cunha - RS;4308201;RS;DCA-Anexo I-C;Padrão;Receitas Brutas Realizadas;RO2.3.1.1.06.0.0;2.3.1.1.06.0.0 - Amortização de Empréstimos Contratuais;168489,55;31352
2023;Prefeitura Municipal de Flores da Cunha - RS;4308201;RS;DCA-Anexo I-C;Padrão;Outras Deduções da Receita;RO2.3.1.1.06.0.0;2.3.1.1.06.0.0 - Amortização de Empréstimos Contratuais;4,00;31352
2023;Prefeitura Municipal de Flores da Cunha - RS;4308201;RS;DCA-Anexo I-C;Padrão;Receitas Brutas Realizadas;RO2.4.0.0.00.0.0;2.4.0.0.00.0.0 - Transferências de Capital;1658800,93;31352
2023;Prefeitura Municipal de Flores da Cunha - RS;4308201;RS;DCA-Anexo I-C;Padrão;Receitas Brutas Realizadas;RO2.4.1.0.00.0.0;2.4.1.0.00.0.0 - Transferências da União e de suas Entidades;1147712,00;31352
2023;Prefeitura Municipal de Flores da Cunha - RS;4308201;RS;DCA-Anexo I-C;Padrão;Receitas Brutas Realizadas;RO2.4.1.4.00.0.0;2.4.1.4.00.0.0 - Transferências de Convênios da União e de suas Entidades ;477712,00;31352
2023;Prefeitura Municipal de Flores da Cunha - RS;4308201;RS;DCA-Anexo I-C;Padrão;Receitas Brutas Realizadas;RO2.4.1.4.99.0.0;2.4.1.4.99.0.0 - Outras Transferências de Convênios da União e de Suas Entidades;477712,00;31352
2023;Prefeitura Municipal de Flores da Cunha - RS;4308201;RS;DCA-Anexo I-C;Padrão;Receitas Brutas Realizadas;RO2.4.1.9.00.0.0;2.4.1.9.00.0.0 - Outras Transferências de Recursos da União e de suas Entidades;670000,00;31352
2023;Prefeitura Municipal de Flores da Cunha - RS;4308201;RS;DCA-Anexo I-C;Padrão;Receitas Brutas Realizadas;RO2.4.1.9.51.0.0;2.4.1.9.51.0.0 - Transferência Especial da União;670000,00;31352
2023;Prefeitura Municipal de Flores da Cunha - RS;4308201;RS;DCA-Anexo I-C;Padrão;Receitas Brutas Realizadas;RO2.4.2.0.00.0.0;2.4.2.0.00.0.0 - Transferências dos Estados e do Distrito Federal e de suas Entidades;511088,93;31352
2023;Prefeitura Municipal de Flores da Cunha - RS;4308201;RS;DCA-Anexo I-C;Padrão;Receitas Brutas Realizadas;RO2.4.2.1.00.0.0;2.4.2.1.00.0.0 - Transferências de Recursos do Sistema Único de Saúde ¿ SUS dos Estados e DF;50000,00;31352
2023;Prefeitura Municipal de Flores da Cunha - RS;4308201;RS;DCA-Anexo I-C;Padrão;Receitas Brutas Realizadas;RO2.4.2.1.50.0.0;2.4.2.1.50.0.0 - Transferências de Recursos do Sistema Único de Saúde ¿ SUS;50000,00;31352
2023;Prefeitura Municipal de Flores da Cunha - RS;4308201;RS;DCA-Anexo I-C;Padrão;Receitas Brutas Realizadas;RO2.4.2.2.00.0.0;2.4.2.2.00.0.0 - Transferências de Convênios dos Estados e DF e de Suas Entidades ;461088,93;31352
2023;Prefeitura Municipal de Flores da Cunha - RS;4308201;RS;DCA-Anexo I-C;Padrão;Receitas Brutas Realizadas;RO2.4.2.2.99.0.0;2.4.2.2.99.0.0 - Outras Transferências de Convênios dos Estados e DF e de Suas Entidades;461088,93;31352
2023;Prefeitura Municipal de Flores da Cunha - RS;4308201;RS;DCA-Anexo I-C;Padrão;Receitas Brutas Realizadas;ReceitasIntraOrcamentarias;RECEITAS (INTRA-ORÇAMENTÁRIAS) (II);16412490,65;31352
2023;Prefeitura Municipal de Flores da Cunha - RS;4308201;RS;DCA-Anexo I-C;Padrão;Receitas Brutas Realizadas;RI7.0.0.0.00.0.0;7.0.0.0.00.0.0 - Receitas Correntes;16412490,65;31352
2023;Prefeitura Municipal de Flores da Cunha - RS;4308201;RS;DCA-Anexo I-C;Padrão;Receitas Brutas Realizadas;RI7.2.0.0.00.0.0;7.2.0.0.00.0.0 - Contribuições;16412490,65;31352
2023;Prefeitura Municipal de Flores da Cunha - RS;4308201;RS;DCA-Anexo I-C;Padrão;Receitas Brutas Realizadas;RI7.2.1.0.00.0.0;7.2.1.0.00.0.0 - Contribuições Sociais;16412490,65;31352
2023;Prefeitura Municipal de Flores da Cunha - RS;4308201;RS;DCA-Anexo I-C;Padrão;Receitas Brutas Realizadas;RI7.2.1.5.00.0.0;7.2.1.5.00.0.0 - Contribuições para Regimes Próprios de Previdência e Sistema de Proteção Social;16412490,65;31352
2023;Prefeitura Municipal de Flores da Cunha - RS;4308201;RS;DCA-Anexo I-C;Padrão;Receitas Brutas Realizadas;RI7.2.1.5.02.0.0;7.2.1.5.02.0.0 - Contribuição Patronal - Servidor Civil;16412490,65;31352
2023;Prefeitura Municipal de Flores da Cunha - RS;4308201;RS;DCA-Anexo I-C;Padrão;Receitas Brutas Realizadas;RI7.2.1.5.02.1.0;7.2.1.5.02.1.0 - Contribuição Patronal - Servidor Civil Ativo;16412490,65;31352
2023;Prefeitura Municipal de Flores da Cunha - RS;4308201;RS;DCA-Anexo I-C;Padrão;Receitas Brutas Realizadas;TotalReceitas;TOTAL DAS RECEITAS (III) = (I + II);236720042,74;31352
2023;Prefeitura Municipal de Flores da Cunha - RS;4308201;RS;DCA-Anexo I-C;Padrão;Deduções - FUNDEB;TotalReceitas;TOTAL DAS RECEITAS (III) = (I + II);20689999,58;31352
2023;Prefeitura Municipal de Flores da Cunha - RS;4308201;RS;DCA-Anexo I-C;Padrão;Outras Deduções da Receita;TotalReceitas;TOTAL DAS RECEITAS (III) = (I + II);377433,71;31352
2024;Prefeitura Municipal de Flores da Cunha - RS;4308201;RS;DCA-Anexo I-C;Padrão;Receitas Brutas Realizadas;ReceitasExcetoIntraOrcamentarias;RECEITAS (EXCETO INTRA-ORÇAMENTÁRIAS) (I);250852981,71;33430
2024;Prefeitura Municipal de Flores da Cunha - RS;4308201;RS;DCA-Anexo I-C;Padrão;Deduções - FUNDEB;ReceitasExcetoIntraOrcamentarias;RECEITAS (EXCETO INTRA-ORÇAMENTÁRIAS) (I);22712917,56;33430
2024;Prefeitura Municipal de Flores da Cunha - RS;4308201;RS;DCA-Anexo I-C;Padrão;Outras Deduções da Receita;ReceitasExcetoIntraOrcamentarias;RECEITAS (EXCETO INTRA-ORÇAMENTÁRIAS) (I);468043,89;33430
2024;Prefeitura Municipal de Flores da Cunha - RS;4308201;RS;DCA-Anexo I-C;Padrão;Receitas Brutas Realizadas;RO1.0.0.0.00.0.0;1.0.0.0.00.0.0 - Receitas Correntes;243835290,03;33430
2024;Prefeitura Municipal de Flores da Cunha - RS;4308201;RS;DCA-Anexo I-C;Padrão;Deduções - FUNDEB;RO1.0.0.0.00.0.0;1.0.0.0.00.0.0 - Receitas Correntes;22712917,56;33430
2024;Prefeitura Municipal de Flores da Cunha - RS;4308201;RS;DCA-Anexo I-C;Padrão;Outras Deduções da Receita;RO1.0.0.0.00.0.0;1.0.0.0.00.0.0 - Receitas Correntes;468043,89;33430
2024;Prefeitura Municipal de Flores da Cunha - RS;4308201;RS;DCA-Anexo I-C;Padrão;Receitas Brutas Realizadas;RO1.1.0.0.00.0.0;1.1.0.0.00.0.0 - Impostos, Taxas e Contribuições de Melhoria;42199346,37;33430
2024;Prefeitura Municipal de Flores da Cunha - RS;4308201;RS;DCA-Anexo I-C;Padrão;Outras Deduções da Receita;RO1.1.0.0.00.0.0;1.1.0.0.00.0.0 - Impostos, Taxas e Contribuições de Melhoria;453545,19;33430
2024;Prefeitura Municipal de Flores da Cunha - RS;4308201;RS;DCA-Anexo I-C;Padrão;Receitas Brutas Realizadas;RO1.1.1.0.00.0.0;1.1.1.0.00.0.0 - Impostos;38470868,55;33430
2024;Prefeitura Municipal de Flores da Cunha - RS;4308201;RS;DCA-Anexo I-C;Padrão;Outras Deduções da Receita;RO1.1.1.0.00.0.0;1.1.1.0.00.0.0 - Impostos;378957,57;33430
2024;Prefeitura Municipal de Flores da Cunha - RS;4308201;RS;DCA-Anexo I-C;Padrão;Receitas Brutas Realizadas;RO1.1.1.2.00.0.0;1.1.1.2.00.0.0 - Impostos sobre o Patrimônio;13944427,56;33430
2024;Prefeitura Municipal de Flores da Cunha - RS;4308201;RS;DCA-Anexo I-C;Padrão;Outras Deduções da Receita;RO1.1.1.2.00.0.0;1.1.1.2.00.0.0 - Impostos sobre o Patrimônio;362345,43;33430
2024;Prefeitura Municipal de Flores da Cunha - RS;4308201;RS;DCA-Anexo I-C;Padrão;Receitas Brutas Realizadas;RO1.1.1.2.50.0.0;1.1.1.2.50.0.0 - Imposto sobre a Propriedade Predial e Territorial Urbana;8852562,99;33430
2024;Prefeitura Municipal de Flores da Cunha - RS;4308201;RS;DCA-Anexo I-C;Padrão;Outras Deduções da Receita;RO1.1.1.2.50.0.0;1.1.1.2.50.0.0 - Imposto sobre a Propriedade Predial e Territorial Urbana;295545,43;33430
2024;Prefeitura Municipal de Flores da Cunha - RS;4308201;RS;DCA-Anexo I-C;Padrão;Receitas Brutas Realizadas;RO1.1.1.2.53.0.0;"1.1.1.2.53.0.0 - Impostos sobre Transmissão ""Inter Vivos"" de Bens Imóveis e de Direitos Reais sobre Imóveis";5091864,57;33430
2024;Prefeitura Municipal de Flores da Cunha - RS;4308201;RS;DCA-Anexo I-C;Padrão;Outras Deduções da Receita;RO1.1.1.2.53.0.0;"1.1.1.2.53.0.0 - Impostos sobre Transmissão ""Inter Vivos"" de Bens Imóveis e de Direitos Reais sobre Imóveis";66800,00;33430
2024;Prefeitura Municipal de Flores da Cunha - RS;4308201;RS;DCA-Anexo I-C;Padrão;Receitas Brutas Realizadas;RO1.1.1.3.00.0.0;1.1.1.3.00.0.0 - Impostos sobre a Renda e Proventos de Qualquer Natureza;7555831,77;33430
2024;Prefeitura Municipal de Flores da Cunha - RS;4308201;RS;DCA-Anexo I-C;Padrão;Receitas Brutas Realizadas;RO1.1.1.3.03.0.0;1.1.1.3.03.0.0 - Imposto sobre a Renda - Retido na Fonte;7555831,77;33430
2024;Prefeitura Municipal de Flores da Cunha - RS;4308201;RS;DCA-Anexo I-C;Padrão;Receitas Brutas Realizadas;RO1.1.1.3.03.1.0;1.1.1.3.03.1.0 - Imposto sobre a Renda - Retido na Fonte - Trabalho;6017520,60;33430
2024;Prefeitura Municipal de Flores da Cunha - RS;4308201;RS;DCA-Anexo I-C;Padrão;Receitas Brutas Realizadas;RO1.1.1.3.03.4.0;1.1.1.3.03.4.0 - Imposto sobre a Renda - Retido na Fonte - Outros Rendimentos;1538311,17;33430
2024;Prefeitura Municipal de Flores da Cunha - RS;4308201;RS;DCA-Anexo I-C;Padrão;Receitas Brutas Realizadas;RO1.1.1.4.00.0.0;1.1.1.4.00.0.0 - Impostos sobre a Produção e Circulação de Mercadorias e Serviços;16970609,22;33430
2024;Prefeitura Municipal de Flores da Cunha - RS;4308201;RS;DCA-Anexo I-C;Padrão;Outras Deduções da Receita;RO1.1.1.4.00.0.0;1.1.1.4.00.0.0 - Impostos sobre a Produção e Circulação de Mercadorias e Serviços;16612,14;33430
2024;Prefeitura Municipal de Flores da Cunha - RS;4308201;RS;DCA-Anexo I-C;Padrão;Receitas Brutas Realizadas;RO1.1.1.4.51.0.0;1.1.1.4.51.0.0 - Impostos sobre Serviços;16970609,22;33430
2024;Prefeitura Municipal de Flores da Cunha - RS;4308201;RS;DCA-Anexo I-C;Padrão;Outras Deduções da Receita;RO1.1.1.4.51.0.0;1.1.1.4.51.0.0 - Impostos sobre Serviços;16612,14;33430
2024;Prefeitura Municipal de Flores da Cunha - RS;4308201;RS;DCA-Anexo I-C;Padrão;Receitas Brutas Realizadas;RO1.1.1.4.51.1.0;1.1.1.4.51.1.0 - Imposto sobre Serviços de Qualquer Natureza - ISSQN;16970609,22;33430
2024;Prefeitura Municipal de Flores da Cunha - RS;4308201;RS;DCA-Anexo I-C;Padrão;Outras Deduções da Receita;RO1.1.1.4.51.1.0;1.1.1.4.51.1.0 - Imposto sobre Serviços de Qualquer Natureza - ISSQN;16612,14;33430
2024;Prefeitura Municipal de Flores da Cunha - RS;4308201;RS;DCA-Anexo I-C;Padrão;Receitas Brutas Realizadas;RO1.1.2.0.00.0.0;1.1.2.0.00.0.0 - Taxas;3725998,77;33430
2024;Prefeitura Municipal de Flores da Cunha - RS;4308201;RS;DCA-Anexo I-C;Padrão;Outras Deduções da Receita;RO1.1.2.0.00.0.0;1.1.2.0.00.0.0 - Taxas;74587,62;33430
2024;Prefeitura Municipal de Flores da Cunha - RS;4308201;RS;DCA-Anexo I-C;Padrão;Receitas Brutas Realizadas;RO1.1.2.1.00.0.0;1.1.2.1.00.0.0 - Taxas pelo Exercício do Poder de Polícia;1289479,97;33430
2024;Prefeitura Municipal de Flores da Cunha - RS;4308201;RS;DCA-Anexo I-C;Padrão;Outras Deduções da Receita;RO1.1.2.1.00.0.0;1.1.2.1.00.0.0 - Taxas pelo Exercício do Poder de Polícia;4980,83;33430
2024;Prefeitura Municipal de Flores da Cunha - RS;4308201;RS;DCA-Anexo I-C;Padrão;Receitas Brutas Realizadas;RO1.1.2.1.01.0.0;1.1.2.1.01.0.0 - Taxas de Inspeção, Controle e Fiscalização;1240639,00;33430
2024;Prefeitura Municipal de Flores da Cunha - RS;4308201;RS;DCA-Anexo I-C;Padrão;Outras Deduções da Receita;RO1.1.2.1.01.0.0;1.1.2.1.01.0.0 - Taxas de Inspeção, Controle e Fiscalização;4980,83;33430
2024;Prefeitura Municipal de Flores da Cunha - RS;4308201;RS;DCA-Anexo I-C;Padrão;Receitas Brutas Realizadas;RO1.1.2.1.50.0.0;1.1.2.1.50.0.0 - Taxa de Fiscalização de Vigilância Sanitária;48840,97;33430
2024;Prefeitura Municipal de Flores da Cunha - RS;4308201;RS;DCA-Anexo I-C;Padrão;Receitas Brutas Realizadas;RO1.1.2.2.00.0.0;1.1.2.2.00.0.0 - Taxas pela Prestação de Serviços;2436518,80;33430
2024;Prefeitura Municipal de Flores da Cunha - RS;4308201;RS;DCA-Anexo I-C;Padrão;Outras Deduções da Receita;RO1.1.2.2.00.0.0;1.1.2.2.00.0.0 - Taxas pela Prestação de Serviços;69606,79;33430
2024;Prefeitura Municipal de Flores da Cunha - RS;4308201;RS;DCA-Anexo I-C;Padrão;Outras Deduções da Receita;RO1.1.2.2.01.0.0;1.1.2.2.01.0.0 - Taxas pela Prestação de Serviços em Geral;69386,61;33430
2024;Prefeitura Municipal de Flores da Cunha - RS;4308201;RS;DCA-Anexo I-C;Padrão;Receitas Brutas Realizadas;RO1.1.2.2.50.0.0;1.1.2.2.50.0.0 - Taxas Judiciais;141408,28;33430
2024;Prefeitura Municipal de Flores da Cunha - RS;4308201;RS;DCA-Anexo I-C;Padrão;Outras Deduções da Receita;RO1.1.2.2.50.0.0;1.1.2.2.50.0.0 - Taxas Judiciais;58,42;33430
2024;Prefeitura Municipal de Flores da Cunha - RS;4308201;RS;DCA-Anexo I-C;Padrão;Receitas Brutas Realizadas;RO1.1.2.2.53.0.0;1.1.2.2.53.0.0 - Taxa pela Prestação de Serviços de Limpeza Pública e Manejo de Resíduos Sólidos;2295110,52;33430
2024;Prefeitura Municipal de Flores da Cunha - RS;4308201;RS;DCA-Anexo I-C;Padrão;Outras Deduções da Receita;RO1.1.2.2.53.0.0;1.1.2.2.53.0.0 - Taxa pela Prestação de Serviços de Limpeza Pública e Manejo de Resíduos Sólidos;161,76;33430
2024;Prefeitura Municipal de Flores da Cunha - RS;4308201;RS;DCA-Anexo I-C;Padrão;Receitas Brutas Realizadas;RO1.1.3.0.00.0.0;1.1.3.0.00.0.0 - Contribuição de Melhoria;2479,05;33430
2024;Prefeitura Municipal de Flores da Cunha - RS;4308201;RS;DCA-Anexo I-C;Padrão;Receitas Brutas Realizadas;RO1.1.3.1.00.0.0;1.1.3.1.00.0.0 - Contribuição de Melhoria;2479,05;33430
2024;Prefeitura Municipal de Flores da Cunha - RS;4308201;RS;DCA-Anexo I-C;Padrão;Receitas Brutas Realizadas;RO1.1.3.1.53.0.0;1.1.3.1.53.0.0 - Contribuição de Melhoria para Pavimentação e Obras Complementares;2479,05;33430
2024;Prefeitura Municipal de Flores da Cunha - RS;4308201;RS;DCA-Anexo I-C;Padrão;Receitas Brutas Realizadas;RO1.2.0.0.00.0.0;1.2.0.0.00.0.0 - Contribuições;7088101,47;33430
2024;Prefeitura Municipal de Flores da Cunha - RS;4308201;RS;DCA-Anexo I-C;Padrão;Receitas Brutas Realizadas;RO1.2.1.0.00.0.0;1.2.1.0.00.0.0 - Contribuições Sociais;7088101,47;33430
2024;Prefeitura Municipal de Flores da Cunha - RS;4308201;RS;DCA-Anexo I-C;Padrão;Receitas Brutas Realizadas;RO1.2.1.5.00.0.0;1.2.1.5.00.0.0 - Contribuições para Regimes Próprios de Previdência e Sistema de Proteção Social;7088101,47;33430
2024;Prefeitura Municipal de Flores da Cunha - RS;4308201;RS;DCA-Anexo I-C;Padrão;Receitas Brutas Realizadas;RO1.2.1.5.01.0.0;1.2.1.5.01.0.0 - Contribuição do Servidor Civil;7088101,47;33430
2024;Prefeitura Municipal de Flores da Cunha - RS;4308201;RS;DCA-Anexo I-C;Padrão;Receitas Brutas Realizadas;RO1.2.1.5.01.1.0;1.2.1.5.01.1.0 - Contribuição do Servidor Civil Ativo;5753044,22;33430
2024;Prefeitura Municipal de Flores da Cunha - RS;4308201;RS;DCA-Anexo I-C;Padrão;Receitas Brutas Realizadas;RO1.2.1.5.01.2.0;1.2.1.5.01.2.0 - Contribuição do Servidor Civil Inativo;1303759,23;33430
2024;Prefeitura Municipal de Flores da Cunha - RS;4308201;RS;DCA-Anexo I-C;Padrão;Receitas Brutas Realizadas;RO1.2.1.5.01.3.0;1.2.1.5.01.3.0 -Contribuição do Servidor Civil - Pensionistas;31298,02;33430
2024;Prefeitura Municipal de Flores da Cunha - RS;4308201;RS;DCA-Anexo I-C;Padrão;Receitas Brutas Realizadas;RO1.3.0.0.00.0.0;1.3.0.0.00.0.0 - Receita Patrimonial;25486753,51;33430
2024;Prefeitura Municipal de Flores da Cunha - RS;4308201;RS;DCA-Anexo I-C;Padrão;Receitas Brutas Realizadas;RO1.3.1.0.00.0.0;1.3.1.0.00.0.0 - Exploração do Patrimônio Imobiliário do Estado;384385,45;33430
2024;Prefeitura Municipal de Flores da Cunha - RS;4308201;RS;DCA-Anexo I-C;Padrão;Receitas Brutas Realizadas;RO1.3.1.1.00.0.0;1.3.1.1.00.0.0 - Exploração do Patrimônio Imobiliário do Estado;384385,45;33430
2024;Prefeitura Municipal de Flores da Cunha - RS;4308201;RS;DCA-Anexo I-C;Padrão;Receitas Brutas Realizadas;RO1.3.1.1.01.0.0;1.3.1.1.01.0.0 - Aluguéis, Arrendamentos, Foros, Laudêmios, Tarifas de Ocupação;384385,45;33430
2024;Prefeitura Municipal de Flores da Cunha - RS;4308201;RS;DCA-Anexo I-C;Padrão;Receitas Brutas Realizadas;RO1.3.1.1.01.1.0;1.3.1.1.01.1.0 - Aluguéis e Arrendamentos;384385,45;33430
2024;Prefeitura Municipal de Flores da Cunha - RS;4308201;RS;DCA-Anexo I-C;Padrão;Receitas Brutas Realizadas;RO1.3.2.0.00.0.0;1.3.2.0.00.0.0 - Valores Mobiliários;19039518,06;33430
2024;Prefeitura Municipal de Flores da Cunha - RS;4308201;RS;DCA-Anexo I-C;Padrão;Receitas Brutas Realizadas;RO1.3.2.1.00.0.0;1.3.2.1.00.0.0 - Juros e Correções Monetárias;19039518,06;33430
2024;Prefeitura Municipal de Flores da Cunha - RS;4308201;RS;DCA-Anexo I-C;Padrão;Receitas Brutas Realizadas;RO1.3.2.1.01.0.0;1.3.2.1.01.0.0 - Remuneração de Depósitos Bancários;6721189,44;33430
2024;Prefeitura Municipal de Flores da Cunha - RS;4308201;RS;DCA-Anexo I-C;Padrão;Receitas Brutas Realizadas;RO1.3.2.1.04.0.0;1.3.2.1.04.0.0 - Remuneração dos Recursos do Regime Próprio de Previdência Social - RPPS;12318328,62;33430
2024;Prefeitura Municipal de Flores da Cunha - RS;4308201;RS;DCA-Anexo I-C;Padrão;Receitas Brutas Realizadas;RO1.3.3.0.00.0.0;1.3.3.0.00.0.0 - Delegação de Serviços Públicos Mediante Concessão, Permissão, Autorização ou Licença;6062850,00;33430
2024;Prefeitura Municipal de Flores da Cunha - RS;4308201;RS;DCA-Anexo I-C;Padrão;Receitas Brutas Realizadas;RO1.3.3.9.00.0.0;1.3.3.9.00.0.0 - Demais Delegações de Serviços Públicos;6062850,00;33430
2024;Prefeitura Municipal de Flores da Cunha - RS;4308201;RS;DCA-Anexo I-C;Padrão;Receitas Brutas Realizadas;RO1.6.0.0.00.0.0;1.6.0.0.00.0.0 - Receita de Serviços;239330,02;33430
2024;Prefeitura Municipal de Flores da Cunha - RS;4308201;RS;DCA-Anexo I-C;Padrão;Outras Deduções da Receita;RO1.6.0.0.00.0.0;1.6.0.0.00.0.0 - Receita de Serviços;3,06;33430
2024;Prefeitura Municipal de Flores da Cunha - RS;4308201;RS;DCA-Anexo I-C;Padrão;Receitas Brutas Realizadas;RO1.6.1.0.00.0.0;1.6.1.0.00.0.0 - Serviços Administrativos e Comerciais Gerais;190238,82;33430
2024;Prefeitura Municipal de Flores da Cunha - RS;4308201;RS;DCA-Anexo I-C;Padrão;Receitas Brutas Realizadas;RO1.6.1.1.00.0.0;1.6.1.1.00.0.0 - Serviços Administrativos e Comerciais Gerais;190238,82;33430
2024;Prefeitura Municipal de Flores da Cunha - RS;4308201;RS;DCA-Anexo I-C;Padrão;Receitas Brutas Realizadas;RO1.6.1.1.01.0.0;1.6.1.1.01.0.0 - Serviços Administrativos e Comerciais Gerais Prestados por Entidades e Órgãos Públicos em Geral;190238,82;33430
2024;Prefeitura Municipal de Flores da Cunha - RS;4308201;RS;DCA-Anexo I-C;Padrão;Receitas Brutas Realizadas;RO1.6.9.0.00.0.0;1.6.9.0.00.0.0 - Outros Serviços;49091,20;33430
2024;Prefeitura Municipal de Flores da Cunha - RS;4308201;RS;DCA-Anexo I-C;Padrão;Outras Deduções da Receita;RO1.6.9.0.00.0.0;1.6.9.0.00.0.0 - Outros Serviços;3,06;33430
2024;Prefeitura Municipal de Flores da Cunha - RS;4308201;RS;DCA-Anexo I-C;Padrão;Receitas Brutas Realizadas;RO1.7.0.0.00.0.0;1.7.0.0.00.0.0 - Transferências Correntes;162680837,38;33430
2024;Prefeitura Municipal de Flores da Cunha - RS;4308201;RS;DCA-Anexo I-C;Padrão;Deduções - FUNDEB;RO1.7.0.0.00.0.0;1.7.0.0.00.0.0 - Transferências Correntes;22712917,56;33430
2024;Prefeitura Municipal de Flores da Cunha - RS;4308201;RS;DCA-Anexo I-C;Padrão;Receitas Brutas Realizadas;RO1.7.1.0.00.0.0;1.7.1.0.00.0.0 - Transferências da União e de suas Entidades;60431986,87;33430
2024;Prefeitura Municipal de Flores da Cunha - RS;4308201;RS;DCA-Anexo I-C;Padrão;Deduções - FUNDEB;RO1.7.1.0.00.0.0;1.7.1.0.00.0.0 - Transferências da União e de suas Entidades;8243901,40;33430
2024;Prefeitura Municipal de Flores da Cunha - RS;4308201;RS;DCA-Anexo I-C;Padrão;Receitas Brutas Realizadas;RO1.7.1.1.00.0.0;1.7.1.1.00.0.0 - Transferências Decorrentes de Participação na Receita da União;45441000,71;33430
2024;Prefeitura Municipal de Flores da Cunha - RS;4308201;RS;DCA-Anexo I-C;Padrão;Deduções - FUNDEB;RO1.7.1.1.00.0.0;1.7.1.1.00.0.0 - Transferências Decorrentes de Participação na Receita da União;8243901,40;33430
2024;Prefeitura Municipal de Flores da Cunha - RS;4308201;RS;DCA-Anexo I-C;Padrão;Receitas Brutas Realizadas;RO1.7.1.1.51.0.0;1.7.1.1.51.0.0 -Cota-Parte do Fundo de Participação dos Municípios - FPM;45113428,24;33430
2024;Prefeitura Municipal de Flores da Cunha - RS;4308201;RS;DCA-Anexo I-C;Padrão;Deduções - FUNDEB;RO1.7.1.1.51.0.0;1.7.1.1.51.0.0 -Cota-Parte do Fundo de Participação dos Municípios - FPM;8178387,07;33430
2024;Prefeitura Municipal de Flores da Cunha - RS;4308201;RS;DCA-Anexo I-C;Padrão;Receitas Brutas Realizadas;RO1.7.1.1.51.1.0;1.7.1.1.51.1.0 - Cota-Parte do Fundo de Participação dos Municípios - Cota Mensal;40891937,59;33430
2024;Prefeitura Municipal de Flores da Cunha - RS;4308201;RS;DCA-Anexo I-C;Padrão;Deduções - FUNDEB;RO1.7.1.1.51.1.0;1.7.1.1.51.1.0 - Cota-Parte do Fundo de Participação dos Municípios - Cota Mensal;8178387,07;33430
2024;Prefeitura Municipal de Flores da Cunha - RS;4308201;RS;DCA-Anexo I-C;Padrão;Receitas Brutas Realizadas;RO1.7.1.1.51.2.0;1.7.1.1.51.2.0 - Cota-Parte do Fundo de Participação dos Municípios - Cotas Extraordinárias;4221490,65;33430
2024;Prefeitura Municipal de Flores da Cunha - RS;4308201;RS;DCA-Anexo I-C;Padrão;Receitas Brutas Realizadas;RO1.7.1.1.52.0.0;1.7.1.1.52.0.0 - Cota-Parte do Imposto Sobre a Propriedade Territorial Rural;327572,47;33430
2024;Prefeitura Municipal de Flores da Cunha - RS;4308201;RS;DCA-Anexo I-C;Padrão;Deduções - FUNDEB;RO1.7.1.1.52.0.0;1.7.1.1.52.0.0 - Cota-Parte do Imposto Sobre a Propriedade Territorial Rural;65514,33;33430
2024;Prefeitura Municipal de Flores da Cunha - RS;4308201;RS;DCA-Anexo I-C;Padrão;Receitas Brutas Realizadas;RO1.7.1.2.00.0.0;1.7.1.2.00.0.0 -Transferências das Compensações Financeiras pela Exploração de Recursos Naturais;1080672,24;33430
2024;Prefeitura Municipal de Flores da Cunha - RS;4308201;RS;DCA-Anexo I-C;Padrão;Receitas Brutas Realizadas;RO1.7.1.2.50.0.0;1.7.1.2.50.0.0 - Cota-parte da Compensação Financeira pela Exploração de Recursos Hídricos;153146,00;33430
2024;Prefeitura Municipal de Flores da Cunha - RS;4308201;RS;DCA-Anexo I-C;Padrão;Receitas Brutas Realizadas;RO1.7.1.2.51.0.0;1.7.1.2.51.0.0 -Cota-parte da Compensação Financeira pela Exploração de Recursos Minerais - CFEM;115555,78;33430
2024;Prefeitura Municipal de Flores da Cunha - RS;4308201;RS;DCA-Anexo I-C;Padrão;Receitas Brutas Realizadas;RO1.7.1.2.52.0.0;1.7.1.2.52.0.0 - Cota-parte da Compensação Financeira pela Produção de Petróleo;811970,46;33430
2024;Prefeitura Municipal de Flores da Cunha - RS;4308201;RS;DCA-Anexo I-C;Padrão;Receitas Brutas Realizadas;RO1.7.1.2.52.4.0;1.7.1.2.52.4.0 - Cota-Parte do Fundo Especial do Petróleo ¿ FEP;811970,46;33430
2024;Prefeitura Municipal de Flores da Cunha - RS;4308201;RS;DCA-Anexo I-C;Padrão;Receitas Brutas Realizadas;RO1.7.1.3.00.0.0;1.7.1.3.00.0.0 -Transferências de Recursos do Sistema Único de Saúde ¿ SUS ;9982358,75;33430
2024;Prefeitura Municipal de Flores da Cunha - RS;4308201;RS;DCA-Anexo I-C;Padrão;Receitas Brutas Realizadas;RO1.7.1.3.50.0.0;1.7.1.3.50.0.0 - Transferências de Recursos do Sistema Único de Saúde ¿ SUS ¿ Repasses Fundo a Fundo - Bloco de Manutenção das Ações e Serviços Públicos de Saúde;9982358,75;33430
2024;Prefeitura Municipal de Flores da Cunha - RS;4308201;RS;DCA-Anexo I-C;Padrão;Receitas Brutas Realizadas;RO1.7.1.3.50.1.0;1.7.1.3.50.1.0 - Transferências de Recursos do Bloco de Manutenção das Ações e Serviços Públicos de Saúde ¿ Atenção Primária;4029011,52;33430
2024;Prefeitura Municipal de Flores da Cunha - RS;4308201;RS;DCA-Anexo I-C;Padrão;Receitas Brutas Realizadas;RO1.7.1.3.50.2.0;1.7.1.3.50.2.0 - Transferências de Recursos do Bloco de Manutenção das Ações e Serviços Públicos de Saúde ¿ Atenção Especializada;4849286,84;33430
2024;Prefeitura Municipal de Flores da Cunha - RS;4308201;RS;DCA-Anexo I-C;Padrão;Receitas Brutas Realizadas;RO1.7.1.3.50.3.0;1.7.1.3.50.3.0 - Transferências de Recursos do Bloco de Manutenção das Ações e Serviços Públicos de Saúde ¿ Vigilância em Saúde;368026,60;33430
2024;Prefeitura Municipal de Flores da Cunha - RS;4308201;RS;DCA-Anexo I-C;Padrão;Receitas Brutas Realizadas;RO1.7.1.3.50.4.0;1.7.1.3.50.4.0 -Transferências de Recursos do Bloco de Manutenção das Ações e Serviços Públicos de Saúde ¿ Assistência Farmacêutica;268554,69;33430
2024;Prefeitura Municipal de Flores da Cunha - RS;4308201;RS;DCA-Anexo I-C;Padrão;Receitas Brutas Realizadas;RO1.7.1.3.50.5.0;1.7.1.3.50.5.0 - Transferências de Recursos do Bloco de Manutenção das Ações e Serviços Públicos de Saúde ¿ Gestão do SUS;467479,10;33430
2024;Prefeitura Municipal de Flores da Cunha - RS;4308201;RS;DCA-Anexo I-C;Padrão;Receitas Brutas Realizadas;RO1.7.1.4.00.0.0;1.7.1.4.00.0.0 -Transferências de Recursos do Fundo Nacional do Desenvolvimento da Educação ¿ FNDE¿ ;2106167,52;33430
2024;Prefeitura Municipal de Flores da Cunha - RS;4308201;RS;DCA-Anexo I-C;Padrão;Receitas Brutas Realizadas;RO1.7.1.4.50.0.0;1.7.1.4.50.0.0 - Transferências do Salário-Educação;1505044,64;33430
2024;Prefeitura Municipal de Flores da Cunha - RS;4308201;RS;DCA-Anexo I-C;Padrão;Receitas Brutas Realizadas;RO1.7.1.4.52.0.0;1.7.1.4.52.0.0 - Transferências referentes ao Programa Nacional de Alimentação Escolar ¿ PNAE;357123,44;33430
2024;Prefeitura Municipal de Flores da Cunha - RS;4308201;RS;DCA-Anexo I-C;Padrão;Receitas Brutas Realizadas;RO1.7.1.4.53.0.0;1.7.1.4.53.0.0 - Transferências referentes ao Programa Nacional de Apoio ao Transporte do Escolar ¿ PNATE;243999,44;33430
2024;Prefeitura Municipal de Flores da Cunha - RS;4308201;RS;DCA-Anexo I-C;Padrão;Receitas Brutas Realizadas;RO1.7.1.6.00.0.0;1.7.1.6.00.0.0 - Transferências de Recursos do Fundo Nacional de Assistência Social ¿ FNAS;302257,12;33430
2024;Prefeitura Municipal de Flores da Cunha - RS;4308201;RS;DCA-Anexo I-C;Padrão;Receitas Brutas Realizadas;RO1.7.1.9.00.0.0;1.7.1.9.00.0.0 - Outras Transferências de Recursos da União e de suas Entidades;1519530,53;33430
2024;Prefeitura Municipal de Flores da Cunha - RS;4308201;RS;DCA-Anexo I-C;Padrão;Receitas Brutas Realizadas;RO1.7.1.9.55.0.0;1.7.1.9.55.0.0 - Outras Transferências para Segurança Pública;857481,20;33430
2024;Prefeitura Municipal de Flores da Cunha - RS;4308201;RS;DCA-Anexo I-C;Padrão;Receitas Brutas Realizadas;RO1.7.1.9.57.0.0;1.7.1.9.57.0.0 - Transferência Especial da União;90000,00;33430
2024;Prefeitura Municipal de Flores da Cunha - RS;4308201;RS;DCA-Anexo I-C;Padrão;Receitas Brutas Realizadas;RO1.7.1.9.58.0.0;1.7.1.9.58.0.0 - Transferência Obrigatória Decorrente da Lei Complementar nº 176/2020;327337,80;33430
2024;Prefeitura Municipal de Flores da Cunha - RS;4308201;RS;DCA-Anexo I-C;Padrão;Receitas Brutas Realizadas;RO1.7.1.9.60.0.0;1.7.1.9.60.0.0 - Transferências da Política Nacional Aldir Blanc de Fomento à Cultura - Lei nº 14.399/2022;244711,53;33430
2024;Prefeitura Municipal de Flores da Cunha - RS;4308201;RS;DCA-Anexo I-C;Padrão;Receitas Brutas Realizadas;RO1.7.2.0.00.0.0;1.7.2.0.00.0.0 - Transferências dos Estados e do Distrito Federal e de suas Entidades;78252963,17;33430
2024;Prefeitura Municipal de Flores da Cunha - RS;4308201;RS;DCA-Anexo I-C;Padrão;Deduções - FUNDEB;RO1.7.2.0.00.0.0;1.7.2.0.00.0.0 - Transferências dos Estados e do Distrito Federal e de suas Entidades;14469016,16;33430
2024;Prefeitura Municipal de Flores da Cunha - RS;4308201;RS;DCA-Anexo I-C;Padrão;Receitas Brutas Realizadas;RO1.7.2.1.00.0.0;1.7.2.1.00.0.0 - Participação na Receita dos Estados e Distrito Federal;71568214,44;33430
2024;Prefeitura Municipal de Flores da Cunha - RS;4308201;RS;DCA-Anexo I-C;Padrão;Deduções - FUNDEB;RO1.7.2.1.00.0.0;1.7.2.1.00.0.0 - Participação na Receita dos Estados e Distrito Federal;14305980,02;33430
2024;Prefeitura Municipal de Flores da Cunha - RS;4308201;RS;DCA-Anexo I-C;Padrão;Receitas Brutas Realizadas;RO1.7.2.1.50.0.0;1.7.2.1.50.0.0 - Cota-Parte do ICMS;57617995,06;33430
2024;Prefeitura Municipal de Flores da Cunha - RS;4308201;RS;DCA-Anexo I-C;Padrão;Deduções - FUNDEB;RO1.7.2.1.50.0.0;1.7.2.1.50.0.0 - Cota-Parte do ICMS;11523598,84;33430
2024;Prefeitura Municipal de Flores da Cunha - RS;4308201;RS;DCA-Anexo I-C;Padrão;Receitas Brutas Realizadas;RO1.7.2.1.51.0.0;1.7.2.1.51.0.0 - Cota-Parte do IPVA;13183653,58;33430
2024;Prefeitura Municipal de Flores da Cunha - RS;4308201;RS;DCA-Anexo I-C;Padrão;Deduções - FUNDEB;RO1.7.2.1.51.0.0;1.7.2.1.51.0.0 - Cota-Parte do IPVA;2636730,90;33430
2024;Prefeitura Municipal de Flores da Cunha - RS;4308201;RS;DCA-Anexo I-C;Padrão;Receitas Brutas Realizadas;RO1.7.2.1.52.0.0;1.7.2.1.52.0.0 - Cota-Parte do IPI - Municípios;728251,34;33430
2024;Prefeitura Municipal de Flores da Cunha - RS;4308201;RS;DCA-Anexo I-C;Padrão;Deduções - FUNDEB;RO1.7.2.1.52.0.0;1.7.2.1.52.0.0 - Cota-Parte do IPI - Municípios;145650,28;33430
2024;Prefeitura Municipal de Flores da Cunha - RS;4308201;RS;DCA-Anexo I-C;Padrão;Receitas Brutas Realizadas;RO1.7.2.1.53.0.0;1.7.2.1.53.0.0 - Cota-Parte da Contribuição de Intervenção no Domínio Econômico;38314,46;33430
2024;Prefeitura Municipal de Flores da Cunha - RS;4308201;RS;DCA-Anexo I-C;Padrão;Receitas Brutas Realizadas;RO1.7.2.3.00.0.0;1.7.2.3.00.0.0 - Transferências de Recursos do Sistema Único de Saúde ¿ SUS;2195887,49;33430
2024;Prefeitura Municipal de Flores da Cunha - RS;4308201;RS;DCA-Anexo I-C;Padrão;Receitas Brutas Realizadas;RO1.7.2.4.00.0.0;1.7.2.4.00.0.0 - Transferências de Convênios dos Estados e DF e de Suas Entidades;2009102,06;33430
2024;Prefeitura Municipal de Flores da Cunha - RS;4308201;RS;DCA-Anexo I-C;Padrão;Receitas Brutas Realizadas;RO1.7.2.4.50.0.0;1.7.2.4.50.0.0 - Transferências de Convênios dos Estados e DF para o Sistema Único de Saúde ¿ SUS;100000,00;33430
2024;Prefeitura Municipal de Flores da Cunha - RS;4308201;RS;DCA-Anexo I-C;Padrão;Receitas Brutas Realizadas;RO1.7.2.4.51.0.0;1.7.2.4.51.0.0 -Transferências de Convênios dos Estados Destinadas a Programas de Educação;1615064,00;33430
2024;Prefeitura Municipal de Flores da Cunha - RS;4308201;RS;DCA-Anexo I-C;Padrão;Receitas Brutas Realizadas;RO1.7.2.4.99.0.0;1.7.2.4.99.0.0 - Outras Transferências de Convênios dos Estados e DF e de Suas Entidades;294038,06;33430
2024;Prefeitura Municipal de Flores da Cunha - RS;4308201;RS;DCA-Anexo I-C;Padrão;Receitas Brutas Realizadas;RO1.7.2.9.00.0.0;1.7.2.9.00.0.0 - Outras Transferências dos Estados e Distrito Federal;2479759,18;33430
2024;Prefeitura Municipal de Flores da Cunha - RS;4308201;RS;DCA-Anexo I-C;Padrão;Deduções - FUNDEB;RO1.7.2.9.00.0.0;1.7.2.9.00.0.0 - Outras Transferências dos Estados e Distrito Federal;163036,14;33430
2024;Prefeitura Municipal de Flores da Cunha - RS;4308201;RS;DCA-Anexo I-C;Padrão;Receitas Brutas Realizadas;RO1.7.2.9.51.0.0;1.7.2.9.51.0.0 - Transferências de Estados destinadas à Assistência Social;286020,14;33430
2024;Prefeitura Municipal de Flores da Cunha - RS;4308201;RS;DCA-Anexo I-C;Padrão;Receitas Brutas Realizadas;RO1.7.2.9.53.0.0;1.7.2.9.53.0.0 - Cota-Parte da Transferência da Compensação Financeira das Perdas com Arrecadação de ICMS - LC nº 194/2022;815180,70;33430
2024;Prefeitura Municipal de Flores da Cunha - RS;4308201;RS;DCA-Anexo I-C;Padrão;Deduções - FUNDEB;RO1.7.2.9.53.0.0;1.7.2.9.53.0.0 - Cota-Parte da Transferência da Compensação Financeira das Perdas com Arrecadação de ICMS - LC nº 194/2022;163036,14;33430
2024;Prefeitura Municipal de Flores da Cunha - RS;4308201;RS;DCA-Anexo I-C;Padrão;Receitas Brutas Realizadas;RO1.7.2.9.99.0.0;1.7.2.9.99.0.0 - Outras Transferências dos Estados e DF;1378558,34;33430
2024;Prefeitura Municipal de Flores da Cunha - RS;4308201;RS;DCA-Anexo I-C;Padrão;Receitas Brutas Realizadas;RO1.7.4.0.00.0.0;1.7.4.0.00.0.0 - Transferências de Instituições Privadas;315044,72;33430
2024;Prefeitura Municipal de Flores da Cunha - RS;4308201;RS;DCA-Anexo I-C;Padrão;Receitas Brutas Realizadas;RO1.7.4.1.00.0.0;1.7.4.1.00.0.0 - Transferências de Instituições Privadas;315044,72;33430
2024;Prefeitura Municipal de Flores da Cunha - RS;4308201;RS;DCA-Anexo I-C;Padrão;Receitas Brutas Realizadas;RO1.7.4.1.99.0.0;1.7.4.1.99.0.0 - Outras Transferências de Instituições Privadas;315044,72;33430
2024;Prefeitura Municipal de Flores da Cunha - RS;4308201;RS;DCA-Anexo I-C;Padrão;Receitas Brutas Realizadas;RO1.7.5.0.00.0.0;1.7.5.0.00.0.0 - Transferências de Outras Instituições Públicas;23514433,14;33430
2024;Prefeitura Municipal de Flores da Cunha - RS;4308201;RS;DCA-Anexo I-C;Padrão;Receitas Brutas Realizadas;RO1.7.5.1.00.0.0;1.7.5.1.00.0.0 - Transferências de Recursos do Fundo de Manutenção e Desenvolvimento da Educação Básica e de Valorização dos Profissionais da Educação - FUNDEB;23514433,14;33430
2024;Prefeitura Municipal de Flores da Cunha - RS;4308201;RS;DCA-Anexo I-C;Padrão;Receitas Brutas Realizadas;RO1.7.9.0.00.0.0;1.7.9.0.00.0.0 - Demais Transferências Correntes;166409,48;33430
2024;Prefeitura Municipal de Flores da Cunha - RS;4308201;RS;DCA-Anexo I-C;Padrão;Receitas Brutas Realizadas;RO1.7.9.1.00.0.0;1.7.9.1.00.0.0 - Transferências de Pessoas Físicas;166409,48;33430
2024;Prefeitura Municipal de Flores da Cunha - RS;4308201;RS;DCA-Anexo I-C;Padrão;Receitas Brutas Realizadas;RO1.7.9.1.99.0.0;1.7.9.1.99.0.0 - Outras Transferências de Pessoas Físicas;166409,48;33430
2024;Prefeitura Municipal de Flores da Cunha - RS;4308201;RS;DCA-Anexo I-C;Padrão;Receitas Brutas Realizadas;RO1.9.0.0.00.0.0;1.9.0.0.00.0.0 - Outras Receitas Correntes;6140921,28;33430
2024;Prefeitura Municipal de Flores da Cunha - RS;4308201;RS;DCA-Anexo I-C;Padrão;Outras Deduções da Receita;RO1.9.0.0.00.0.0;1.9.0.0.00.0.0 - Outras Receitas Correntes;14495,64;33430
2024;Prefeitura Municipal de Flores da Cunha - RS;4308201;RS;DCA-Anexo I-C;Padrão;Receitas Brutas Realizadas;RO1.9.1.0.00.0.0;1.9.1.0.00.0.0 - Multas Administrativas, Contratuais e Judiciais;185594,05;33430
2024;Prefeitura Municipal de Flores da Cunha - RS;4308201;RS;DCA-Anexo I-C;Padrão;Outras Deduções da Receita;RO1.9.1.0.00.0.0;1.9.1.0.00.0.0 - Multas Administrativas, Contratuais e Judiciais;13838,64;33430
2024;Prefeitura Municipal de Flores da Cunha - RS;4308201;RS;DCA-Anexo I-C;Padrão;Receitas Brutas Realizadas;RO1.9.1.1.00.0.0;1.9.1.1.00.0.0 - Multas Administrativas, Contratuais e Judiciais;185594,05;33430
2024;Prefeitura Municipal de Flores da Cunha - RS;4308201;RS;DCA-Anexo I-C;Padrão;Outras Deduções da Receita;RO1.9.1.1.00.0.0;1.9.1.1.00.0.0 - Multas Administrativas, Contratuais e Judiciais;13838,64;33430
2024;Prefeitura Municipal de Flores da Cunha - RS;4308201;RS;DCA-Anexo I-C;Padrão;Receitas Brutas Realizadas;RO1.9.1.1.01.0.0;1.9.1.1.01.0.0 - Multas Previstas em Legislação Específica;18668,49;33430
2024;Prefeitura Municipal de Flores da Cunha - RS;4308201;RS;DCA-Anexo I-C;Padrão;Receitas Brutas Realizadas;RO1.9.1.1.06.0.0;1.9.1.1.06.0.0 - Multas por Danos Ambientais;162430,98;33430
2024;Prefeitura Municipal de Flores da Cunha - RS;4308201;RS;DCA-Anexo I-C;Padrão;Outras Deduções da Receita;RO1.9.1.1.06.0.0;1.9.1.1.06.0.0 - Multas por Danos Ambientais;13838,64;33430
2024;Prefeitura Municipal de Flores da Cunha - RS;4308201;RS;DCA-Anexo I-C;Padrão;Receitas Brutas Realizadas;RO1.9.1.1.06.1.0;1.9.1.1.06.1.0 - Multas Administrativas por Danos Ambientais;162430,98;33430
2024;Prefeitura Municipal de Flores da Cunha - RS;4308201;RS;DCA-Anexo I-C;Padrão;Outras Deduções da Receita;RO1.9.1.1.06.1.0;1.9.1.1.06.1.0 - Multas Administrativas por Danos Ambientais;13838,64;33430
2024;Prefeitura Municipal de Flores da Cunha - RS;4308201;RS;DCA-Anexo I-C;Padrão;Receitas Brutas Realizadas;RO1.9.1.1.08.0.0;1.9.1.1.08.0.0 - Multas Decorrentes de Sentenças Judiciais;1859,55;33430
2024;Prefeitura Municipal de Flores da Cunha - RS;4308201;RS;DCA-Anexo I-C;Padrão;Receitas Brutas Realizadas;RO1.9.1.1.09.0.0;1.9.1.1.09.0.0 - Multas e Juros Previstos em Contratos;2635,03;33430
2024;Prefeitura Municipal de Flores da Cunha - RS;4308201;RS;DCA-Anexo I-C;Padrão;Receitas Brutas Realizadas;RO1.9.2.0.00.0.0;1.9.2.0.00.0.0 - Indenizações, Restituições e Ressarcimentos;1749048,55;33430
2024;Prefeitura Municipal de Flores da Cunha - RS;4308201;RS;DCA-Anexo I-C;Padrão;Receitas Brutas Realizadas;RO1.9.2.1.00.0.0;1.9.2.1.00.0.0 - Indenizações;1479369,94;33430
2024;Prefeitura Municipal de Flores da Cunha - RS;4308201;RS;DCA-Anexo I-C;Padrão;Receitas Brutas Realizadas;RO1.9.2.1.01.0.0;1.9.2.1.01.0.0 - Indenizações por Danos Causados ao Patrimônio Público;333116,03;33430
2024;Prefeitura Municipal de Flores da Cunha - RS;4308201;RS;DCA-Anexo I-C;Padrão;Receitas Brutas Realizadas;RO1.9.2.1.99.0.0;1.9.2.1.99.0.0 - Outras Indenizações;1146253,91;33430
2024;Prefeitura Municipal de Flores da Cunha - RS;4308201;RS;DCA-Anexo I-C;Padrão;Receitas Brutas Realizadas;RO1.9.2.2.00.0.0;1.9.2.2.00.0.0 - Restituições;196138,35;33430
2024;Prefeitura Municipal de Flores da Cunha - RS;4308201;RS;DCA-Anexo I-C;Padrão;Receitas Brutas Realizadas;RO1.9.2.2.06.0.0;1.9.2.2.06.0.0 - Restituição de Despesas de Exercícios Anteriores;168275,01;33430
2024;Prefeitura Municipal de Flores da Cunha - RS;4308201;RS;DCA-Anexo I-C;Padrão;Receitas Brutas Realizadas;RO1.9.2.2.06.3.0;1.9.2.2.06.3.0 - Restituição de Despesas Primárias de Exercícios Anteriores;168275,01;33430
2024;Prefeitura Municipal de Flores da Cunha - RS;4308201;RS;DCA-Anexo I-C;Padrão;Receitas Brutas Realizadas;RO1.9.2.2.99.0.0;1.9.2.2.99.0.0 - Outras Restituições;27863,34;33430
2024;Prefeitura Municipal de Flores da Cunha - RS;4308201;RS;DCA-Anexo I-C;Padrão;Receitas Brutas Realizadas;RO1.9.2.3.00.0.0;1.9.2.3.00.0.0 - Ressarcimentos;73540,26;33430
2024;Prefeitura Municipal de Flores da Cunha - RS;4308201;RS;DCA-Anexo I-C;Padrão;Receitas Brutas Realizadas;RO1.9.2.3.99.0.0;1.9.2.3.99.0.0 - Outros Ressarcimentos;73540,26;33430
2024;Prefeitura Municipal de Flores da Cunha - RS;4308201;RS;DCA-Anexo I-C;Padrão;Receitas Brutas Realizadas;RO1.9.9.0.00.0.0;1.9.9.0.00.0.0 - Demais Receitas Correntes;4206278,68;33430
2024;Prefeitura Municipal de Flores da Cunha - RS;4308201;RS;DCA-Anexo I-C;Padrão;Outras Deduções da Receita;RO1.9.9.0.00.0.0;1.9.9.0.00.0.0 - Demais Receitas Correntes;657,00;33430
2024;Prefeitura Municipal de Flores da Cunha - RS;4308201;RS;DCA-Anexo I-C;Padrão;Receitas Brutas Realizadas;RO1.9.9.9.00.0.0;1.9.9.9.00.0.0 - Outras Receitas Correntes;4206278,68;33430
2024;Prefeitura Municipal de Flores da Cunha - RS;4308201;RS;DCA-Anexo I-C;Padrão;Outras Deduções da Receita;RO1.9.9.9.00.0.0;1.9.9.9.00.0.0 - Outras Receitas Correntes;657,00;33430
2024;Prefeitura Municipal de Flores da Cunha - RS;4308201;RS;DCA-Anexo I-C;Padrão;Receitas Brutas Realizadas;RO1.9.9.9.03.0.0;1.9.9.9.03.0.0 - Compensações Financeiras entre os Regimes de Previdência;4046791,23;33430
2024;Prefeitura Municipal de Flores da Cunha - RS;4308201;RS;DCA-Anexo I-C;Padrão;Receitas Brutas Realizadas;RO1.9.9.9.12.0.0;1.9.9.9.12.0.0 - Encargos Legais pela Inscrição em Dívida Ativa e Receitas de Ônus de Sucumbência;59250,74;33430
2024;Prefeitura Municipal de Flores da Cunha - RS;4308201;RS;DCA-Anexo I-C;Padrão;Outras Deduções da Receita;RO1.9.9.9.12.0.0;1.9.9.9.12.0.0 - Encargos Legais pela Inscrição em Dívida Ativa e Receitas de Ônus de Sucumbência;27,91;33430
2024;Prefeitura Municipal de Flores da Cunha - RS;4308201;RS;DCA-Anexo I-C;Padrão;Receitas Brutas Realizadas;RO1.9.9.9.12.2.0;1.9.9.9.12.2.0 - Ônus de Sucumbência;59250,74;33430
2024;Prefeitura Municipal de Flores da Cunha - RS;4308201;RS;DCA-Anexo I-C;Padrão;Outras Deduções da Receita;RO1.9.9.9.12.2.0;1.9.9.9.12.2.0 - Ônus de Sucumbência;27,91;33430
2024;Prefeitura Municipal de Flores da Cunha - RS;4308201;RS;DCA-Anexo I-C;Padrão;Receitas Brutas Realizadas;RO1.9.9.9.99.0.0;1.9.9.9.99.0.0 - Outras Receitas;100236,71;33430
2024;Prefeitura Municipal de Flores da Cunha - RS;4308201;RS;DCA-Anexo I-C;Padrão;Outras Deduções da Receita;RO1.9.9.9.99.0.0;1.9.9.9.99.0.0 - Outras Receitas;629,09;33430
2024;Prefeitura Municipal de Flores da Cunha - RS;4308201;RS;DCA-Anexo I-C;Padrão;Receitas Brutas Realizadas;RO1.9.9.9.99.1.0;1.9.9.9.99.1.0 - Outras Receitas Administradas pela RFB;100236,71;33430
2024;Prefeitura Municipal de Flores da Cunha - RS;4308201;RS;DCA-Anexo I-C;Padrão;Outras Deduções da Receita;RO1.9.9.9.99.1.0;1.9.9.9.99.1.0 - Outras Receitas Administradas pela RFB;629,09;33430
2024;Prefeitura Municipal de Flores da Cunha - RS;4308201;RS;DCA-Anexo I-C;Padrão;Receitas Brutas Realizadas;RO2.0.0.0.00.0.0;2.0.0.0.00.0.0 - Receitas de Capital;7017691,68;33430
2024;Prefeitura Municipal de Flores da Cunha - RS;4308201;RS;DCA-Anexo I-C;Padrão;Receitas Brutas Realizadas;RO2.2.0.0.00.0.0;2.2.0.0.00.0.0 - Alienação de Bens;741436,80;33430
2024;Prefeitura Municipal de Flores da Cunha - RS;4308201;RS;DCA-Anexo I-C;Padrão;Receitas Brutas Realizadas;RO2.2.1.0.00.0.0;2.2.1.0.00.0.0 - Alienação de Bens Móveis;741436,80;33430
2024;Prefeitura Municipal de Flores da Cunha - RS;4308201;RS;DCA-Anexo I-C;Padrão;Receitas Brutas Realizadas;RO2.2.1.3.00.0.0;2.2.1.3.00.0.0 - Alienação de Bens Móveis e Semoventes;741436,80;33430
2024;Prefeitura Municipal de Flores da Cunha - RS;4308201;RS;DCA-Anexo I-C;Padrão;Receitas Brutas Realizadas;RO2.3.0.0.00.0.0;2.3.0.0.00.0.0 - Amortização de Empréstimos;164343,44;33430
2024;Prefeitura Municipal de Flores da Cunha - RS;4308201;RS;DCA-Anexo I-C;Padrão;Receitas Brutas Realizadas;RO2.3.1.0.00.0.0;2.3.1.0.00.0.0 - Amortização de Empréstimos;164343,44;33430
2024;Prefeitura Municipal de Flores da Cunha - RS;4308201;RS;DCA-Anexo I-C;Padrão;Receitas Brutas Realizadas;RO2.3.1.1.00.0.0;2.3.1.1.00.0.0 - Amortização de Empréstimos;164343,44;33430
2024;Prefeitura Municipal de Flores da Cunha - RS;4308201;RS;DCA-Anexo I-C;Padrão;Receitas Brutas Realizadas;RO2.3.1.1.06.0.0;2.3.1.1.06.0.0 - Amortização de Empréstimos Contratuais;164343,44;33430
2024;Prefeitura Municipal de Flores da Cunha - RS;4308201;RS;DCA-Anexo I-C;Padrão;Receitas Brutas Realizadas;RO2.4.0.0.00.0.0;2.4.0.0.00.0.0 - Transferências de Capital;6111911,44;33430
2024;Prefeitura Municipal de Flores da Cunha - RS;4308201;RS;DCA-Anexo I-C;Padrão;Receitas Brutas Realizadas;RO2.4.1.0.00.0.0;2.4.1.0.00.0.0 - Transferências da União e de suas Entidades;5369966,00;33430
2024;Prefeitura Municipal de Flores da Cunha - RS;4308201;RS;DCA-Anexo I-C;Padrão;Receitas Brutas Realizadas;RO2.4.1.1.00.0.0;2.4.1.1.00.0.0 - Transferências de Recursos do Sistema Único de Saúde - SUS;2641110,00;33430
2024;Prefeitura Municipal de Flores da Cunha - RS;4308201;RS;DCA-Anexo I-C;Padrão;Receitas Brutas Realizadas;RO2.4.1.1.50.0.0;2.4.1.1.50.0.0 - Transferências de Recursos do Sistema Único de Saúde ¿ SUS ¿ Fundo a Fundo - Bloco de Manutenção das Ações e Serviços Públicos de Saúde;2641110,00;33430
2024;Prefeitura Municipal de Flores da Cunha - RS;4308201;RS;DCA-Anexo I-C;Padrão;Receitas Brutas Realizadas;RO2.4.1.1.50.1.0;2.4.1.1.50.1.0 - Transferências de Recursos do Bloco de Manutenção das Ações e Serviços Públicos de Saúde ¿ Atenção Primária;2541110,00;33430
2024;Prefeitura Municipal de Flores da Cunha - RS;4308201;RS;DCA-Anexo I-C;Padrão;Receitas Brutas Realizadas;RO2.4.1.1.50.2.0;2.4.1.1.50.2.0 - Transferências de Recursos do Bloco de Manutenção das Ações e Serviços Públicos de Saúde ¿ Atenção Especializada;100000,00;33430
2024;Prefeitura Municipal de Flores da Cunha - RS;4308201;RS;DCA-Anexo I-C;Padrão;Receitas Brutas Realizadas;RO2.4.1.4.00.0.0;2.4.1.4.00.0.0 - Transferências de Convênios da União e de suas Entidades ;238856,00;33430
2024;Prefeitura Municipal de Flores da Cunha - RS;4308201;RS;DCA-Anexo I-C;Padrão;Receitas Brutas Realizadas;RO2.4.1.4.99.0.0;2.4.1.4.99.0.0 - Outras Transferências de Convênios da União e de Suas Entidades;238856,00;33430
2024;Prefeitura Municipal de Flores da Cunha - RS;4308201;RS;DCA-Anexo I-C;Padrão;Receitas Brutas Realizadas;RO2.4.1.9.00.0.0;2.4.1.9.00.0.0 - Outras Transferências de Recursos da União e de suas Entidades;2490000,00;33430
2024;Prefeitura Municipal de Flores da Cunha - RS;4308201;RS;DCA-Anexo I-C;Padrão;Receitas Brutas Realizadas;RO2.4.1.9.51.0.0;2.4.1.9.51.0.0 - Transferência Especial da União;2490000,00;33430
2024;Prefeitura Municipal de Flores da Cunha - RS;4308201;RS;DCA-Anexo I-C;Padrão;Receitas Brutas Realizadas;RO2.4.2.0.00.0.0;2.4.2.0.00.0.0 - Transferências dos Estados e do Distrito Federal e de suas Entidades;741945,44;33430
2024;Prefeitura Municipal de Flores da Cunha - RS;4308201;RS;DCA-Anexo I-C;Padrão;Receitas Brutas Realizadas;RO2.4.2.1.00.0.0;2.4.2.1.00.0.0 - Transferências de Recursos do Sistema Único de Saúde ¿ SUS dos Estados e DF;595952,34;33430
2024;Prefeitura Municipal de Flores da Cunha - RS;4308201;RS;DCA-Anexo I-C;Padrão;Receitas Brutas Realizadas;RO2.4.2.1.50.0.0;2.4.2.1.50.0.0 - Transferências de Recursos do Sistema Único de Saúde ¿ SUS;595952,34;33430
2024;Prefeitura Municipal de Flores da Cunha - RS;4308201;RS;DCA-Anexo I-C;Padrão;Receitas Brutas Realizadas;RO2.4.2.2.00.0.0;2.4.2.2.00.0.0 - Transferências de Convênios dos Estados e DF e de Suas Entidades ;145993,10;33430
2024;Prefeitura Municipal de Flores da Cunha - RS;4308201;RS;DCA-Anexo I-C;Padrão;Receitas Brutas Realizadas;RO2.4.2.2.99.0.0;2.4.2.2.99.0.0 - Outras Transferências de Convênios dos Estados e DF e de Suas Entidades;145993,10;33430
2024;Prefeitura Municipal de Flores da Cunha - RS;4308201;RS;DCA-Anexo I-C;Padrão;Receitas Brutas Realizadas;ReceitasIntraOrcamentarias;RECEITAS (INTRA-ORÇAMENTÁRIAS) (II);21549184,33;33430
2024;Prefeitura Municipal de Flores da Cunha - RS;4308201;RS;DCA-Anexo I-C;Padrão;Receitas Brutas Realizadas;RI7.0.0.0.00.0.0;7.0.0.0.00.0.0 - Receitas Correntes;21549184,33;33430
2024;Prefeitura Municipal de Flores da Cunha - RS;4308201;RS;DCA-Anexo I-C;Padrão;Receitas Brutas Realizadas;RI7.2.0.0.00.0.0;7.2.0.0.00.0.0 - Contribuições;21549184,33;33430
2024;Prefeitura Municipal de Flores da Cunha - RS;4308201;RS;DCA-Anexo I-C;Padrão;Receitas Brutas Realizadas;RI7.2.1.0.00.0.0;7.2.1.0.00.0.0 - Contribuições Sociais;21549184,33;33430
2024;Prefeitura Municipal de Flores da Cunha - RS;4308201;RS;DCA-Anexo I-C;Padrão;Receitas Brutas Realizadas;RI7.2.1.5.00.0.0;7.2.1.5.00.0.0 - Contribuições para Regimes Próprios de Previdência e Sistema de Proteção Social;21549184,33;33430
2024;Prefeitura Municipal de Flores da Cunha - RS;4308201;RS;DCA-Anexo I-C;Padrão;Receitas Brutas Realizadas;RI7.2.1.5.02.0.0;7.2.1.5.02.0.0 - Contribuição Patronal - Servidor Civil;21549184,33;33430
2024;Prefeitura Municipal de Flores da Cunha - RS;4308201;RS;DCA-Anexo I-C;Padrão;Receitas Brutas Realizadas;RI7.2.1.5.02.1.0;7.2.1.5.02.1.0 - Contribuição Patronal - Servidor Civil Ativo;21549184,33;33430
2024;Prefeitura Municipal de Flores da Cunha - RS;4308201;RS;DCA-Anexo I-C;Padrão;Receitas Brutas Realizadas;TotalReceitas;TOTAL DAS RECEITAS (III) = (I + II);272402166,04;33430
2024;Prefeitura Municipal de Flores da Cunha - RS;4308201;RS;DCA-Anexo I-C;Padrão;Deduções - FUNDEB;TotalReceitas;TOTAL DAS RECEITAS (III) = (I + II);22712917,56;33430
2024;Prefeitura Municipal de Flores da Cunha - RS;4308201;RS;DCA-Anexo I-C;Padrão;Outras Deduções da Receita;TotalReceitas;TOTAL DAS RECEITAS (III) = (I + II);468043,89;33430
