exercicio;instituicao;cod_ibge;uf;anexo;rotulo;coluna;cod_conta;conta;valor;populacao
2014;Prefeitura Municipal de Caridade - CE;2303006;CE;DCA-Anexo I-C;NA;Receitas Brutas Realizadas;TotalReceitas;Total Receitas;37134533,58;21524
2014;Prefeitura Municipal de Caridade - CE;2303006;CE;DCA-Anexo I-C;NA;Deduções - Transferências Constitucionais;TotalReceitas;Total Receitas;3406376,03;21524
2014;Prefeitura Municipal de Caridade - CE;2303006;CE;DCA-Anexo I-C;NA;Receitas Brutas Realizadas;RO1.0.0.0.00.00.00;1.0.0.0.00.00.00 - Receitas Correntes;36959438,19;21524
2014;Prefeitura Municipal de Caridade - CE;2303006;CE;DCA-Anexo I-C;NA;Deduções - Transferências Constitucionais;RO1.0.0.0.00.00.00;1.0.0.0.00.00.00 - Receitas Correntes;3406376,03;21524
2014;Prefeitura Municipal de Caridade - CE;2303006;CE;DCA-Anexo I-C;NA;Receitas Brutas Realizadas;RO1.1.0.0.00.00.00;1.1.0.0.00.00.00 - Receita Tributária;1488593,32;21524
2014;Prefeitura Municipal de Caridade - CE;2303006;CE;DCA-Anexo I-C;NA;Receitas Brutas Realizadas;RO1.1.1.0.00.00.00;1.1.1.0.00.00.00 - Impostos;1470326,81;21524
2014;Prefeitura Municipal de Caridade - CE;2303006;CE;DCA-Anexo I-C;NA;Receitas Brutas Realizadas;RO1.1.1.2.00.00.00;1.1.1.2.00.00.00 - Impostos sobre o Patrimônio e a Renda;513099,00;21524
2014;Prefeitura Municipal de Caridade - CE;2303006;CE;DCA-Anexo I-C;NA;Receitas Brutas Realizadas;RO1.1.1.2.02.00.00;1.1.1.2.02.00.00 - Imposto sobre a Propriedade Predial e Territorial Urbana ¿ IPTU;3864,04;21524
2014;Prefeitura Municipal de Caridade - CE;2303006;CE;DCA-Anexo I-C;NA;Receitas Brutas Realizadas;RO1.1.1.2.04.00.00;1.1.1.2.04.00.00 - Imposto sobre a Renda e Proventos de Qualquer Natureza ¿ IR;476474,96;21524
2014;Prefeitura Municipal de Caridade - CE;2303006;CE;DCA-Anexo I-C;NA;Receitas Brutas Realizadas;RO1.1.1.2.04.31.00;1.1.1.2.04.31.00 - Retido nas Fontes - Trabalho;50531,53;21524
2014;Prefeitura Municipal de Caridade - CE;2303006;CE;DCA-Anexo I-C;NA;Receitas Brutas Realizadas;RO1.1.1.2.04.34.00;1.1.1.2.04.34.00 - Retido nas Fontes - Outros Rendimentos;425943,43;21524
2014;Prefeitura Municipal de Caridade - CE;2303006;CE;DCA-Anexo I-C;NA;Receitas Brutas Realizadas;RO1.1.1.2.08.00.00;"1.1.1.2.08.00.00 - Imposto sobre Transmissão ""Inter Vivos"" de Bens Imóveis e de Direitos Reais sobre Imóveis ¿ ITBI";32760,00;21524
2014;Prefeitura Municipal de Caridade - CE;2303006;CE;DCA-Anexo I-C;NA;Receitas Brutas Realizadas;RO1.1.1.3.00.00.00;1.1.1.3.00.00.00 - Impostos sobre a Produção e a Circulação;957227,81;21524
2014;Prefeitura Municipal de Caridade - CE;2303006;CE;DCA-Anexo I-C;NA;Receitas Brutas Realizadas;RO1.1.1.3.05.00.00;1.1.1.3.05.00.00 - Imposto sobre Serviços de Qualquer Natureza ¿ ISSQN;957227,81;21524
2014;Prefeitura Municipal de Caridade - CE;2303006;CE;DCA-Anexo I-C;NA;Receitas Brutas Realizadas;RO1.1.2.0.00.00.00;1.1.2.0.00.00.00 - Taxas;18266,51;21524
2014;Prefeitura Municipal de Caridade - CE;2303006;CE;DCA-Anexo I-C;NA;Receitas Brutas Realizadas;RO1.1.2.2.00.00.00;1.1.2.2.00.00.00 - Taxas pela Prestação de Serviços;18266,51;21524
2014;Prefeitura Municipal de Caridade - CE;2303006;CE;DCA-Anexo I-C;NA;Receitas Brutas Realizadas;RO1.2.0.0.00.00.00;1.2.0.0.00.00.00 - Receitas de Contribuições;172343,40;21524
2014;Prefeitura Municipal de Caridade - CE;2303006;CE;DCA-Anexo I-C;NA;Receitas Brutas Realizadas;RO1.2.1.0.00.00.00;1.2.1.0.00.00.00 - Contribuições Sociais;9619,74;21524
2014;Prefeitura Municipal de Caridade - CE;2303006;CE;DCA-Anexo I-C;NA;Receitas Brutas Realizadas;RO1.2.1.0.29.00.00;1.2.1.0.29.00.00 - Contribuições para o Regime Próprio de Previdência do Servidor Público;9619,74;21524
2014;Prefeitura Municipal de Caridade - CE;2303006;CE;DCA-Anexo I-C;NA;Receitas Brutas Realizadas;RO1.2.1.0.29.07.00;1.2.1.0.29.07.00 - Contribuição do Servidor Ativo Civil para o Regime Próprio;9619,74;21524
2014;Prefeitura Municipal de Caridade - CE;2303006;CE;DCA-Anexo I-C;NA;Receitas Brutas Realizadas;RO1.2.3.0.00.00.00;1.2.3.0.00.00.00 - Contribuição para Custeio do Serviço de Iluminação Pública;162723,66;21524
2014;Prefeitura Municipal de Caridade - CE;2303006;CE;DCA-Anexo I-C;NA;Receitas Brutas Realizadas;RO1.3.0.0.00.00.00;1.3.0.0.00.00.00 - Receita Patrimonial;185262,63;21524
2014;Prefeitura Municipal de Caridade - CE;2303006;CE;DCA-Anexo I-C;NA;Receitas Brutas Realizadas;RO1.3.2.0.00.00.00;1.3.2.0.00.00.00 - Receitas de Valores Mobiliários;185262,63;21524
2014;Prefeitura Municipal de Caridade - CE;2303006;CE;DCA-Anexo I-C;NA;Receitas Brutas Realizadas;RO1.3.2.5.00.00.00;1.3.2.5.00.00.00 - Remuneração de Depósitos Bancários;107942,05;21524
2014;Prefeitura Municipal de Caridade - CE;2303006;CE;DCA-Anexo I-C;NA;Receitas Brutas Realizadas;RO1.3.2.8.00.00.00;1.3.2.8.00.00.00 - Remuneração dos Investimentos do Regime Próprio de Previdência do Servidor;77320,58;21524
2014;Prefeitura Municipal de Caridade - CE;2303006;CE;DCA-Anexo I-C;NA;Receitas Brutas Realizadas;RO1.6.0.0.00.00.00;1.6.0.0.00.00.00 - Receita de Serviços;4,17;21524
2014;Prefeitura Municipal de Caridade - CE;2303006;CE;DCA-Anexo I-C;NA;Receitas Brutas Realizadas;RO1.6.0.0.13.00.00;1.6.0.0.13.00.00 - Serviços Administrativos;4,17;21524
2014;Prefeitura Municipal de Caridade - CE;2303006;CE;DCA-Anexo I-C;NA;Receitas Brutas Realizadas;RO1.7.0.0.00.00.00;1.7.0.0.00.00.00 - Transferências Correntes;34869970,58;21524
2014;Prefeitura Municipal de Caridade - CE;2303006;CE;DCA-Anexo I-C;NA;Deduções - Transferências Constitucionais;RO1.7.0.0.00.00.00;1.7.0.0.00.00.00 - Transferências Correntes;3406376,03;21524
2014;Prefeitura Municipal de Caridade - CE;2303006;CE;DCA-Anexo I-C;NA;Receitas Brutas Realizadas;RO1.7.2.0.00.00.00;1.7.2.0.00.00.00 - Transferências Intergovernamentais;33681868,81;21524
2014;Prefeitura Municipal de Caridade - CE;2303006;CE;DCA-Anexo I-C;NA;Deduções - Transferências Constitucionais;RO1.7.2.0.00.00.00;1.7.2.0.00.00.00 - Transferências Intergovernamentais;3406376,03;21524
2014;Prefeitura Municipal de Caridade - CE;2303006;CE;DCA-Anexo I-C;NA;Receitas Brutas Realizadas;RO1.7.2.1.00.00.00;1.7.2.1.00.00.00 - Transferências da União;20382236,19;21524
2014;Prefeitura Municipal de Caridade - CE;2303006;CE;DCA-Anexo I-C;NA;Deduções - Transferências Constitucionais;RO1.7.2.1.00.00.00;1.7.2.1.00.00.00 - Transferências da União;2753951,54;21524
2014;Prefeitura Municipal de Caridade - CE;2303006;CE;DCA-Anexo I-C;NA;Receitas Brutas Realizadas;RO1.7.2.1.01.00.00;1.7.2.1.01.00.00 - Participação na Receita da União;14368338,27;21524
2014;Prefeitura Municipal de Caridade - CE;2303006;CE;DCA-Anexo I-C;NA;Deduções - Transferências Constitucionais;RO1.7.2.1.01.00.00;1.7.2.1.01.00.00 - Participação na Receita da União;2751792,50;21524
2014;Prefeitura Municipal de Caridade - CE;2303006;CE;DCA-Anexo I-C;NA;Receitas Brutas Realizadas;RO1.7.2.1.01.02.00;1.7.2.1.01.02.00 - Cota-Parte do Fundo de Participação dos Municípios ¿ FPM;14347828,99;21524
2014;Prefeitura Municipal de Caridade - CE;2303006;CE;DCA-Anexo I-C;NA;Deduções - Transferências Constitucionais;RO1.7.2.1.01.02.00;1.7.2.1.01.02.00 - Cota-Parte do Fundo de Participação dos Municípios ¿ FPM;2747690,70;21524
2014;Prefeitura Municipal de Caridade - CE;2303006;CE;DCA-Anexo I-C;NA;Receitas Brutas Realizadas;RO1.7.2.1.01.05.00;1.7.2.1.01.05.00 - Cota-Parte do Imposto Sobre a Propriedade Territorial Rural ¿ ITR;20509,28;21524
2014;Prefeitura Municipal de Caridade - CE;2303006;CE;DCA-Anexo I-C;NA;Deduções - Transferências Constitucionais;RO1.7.2.1.01.05.00;1.7.2.1.01.05.00 - Cota-Parte do Imposto Sobre a Propriedade Territorial Rural ¿ ITR;4101,80;21524
2014;Prefeitura Municipal de Caridade - CE;2303006;CE;DCA-Anexo I-C;NA;Receitas Brutas Realizadas;RO1.7.2.1.22.00.00;1.7.2.1.22.00.00 - Transferências da Compensação Financeira pela Exploração de Recursos Naturais;264027,50;21524
2014;Prefeitura Municipal de Caridade - CE;2303006;CE;DCA-Anexo I-C;NA;Receitas Brutas Realizadas;RO1.7.2.1.22.20.00;1.7.2.1.22.20.00 - Cota-Parte da Compensação Financeira de Recursos Minerais - CFEM;5415,13;21524
2014;Prefeitura Municipal de Caridade - CE;2303006;CE;DCA-Anexo I-C;NA;Receitas Brutas Realizadas;RO1.7.2.1.22.30.00;1.7.2.1.22.30.00 - Cota-Parte Royalties ¿ Compensação Financeira pela Produção de Petróleo ¿ Lei nº 7.990/89;13507,52;21524
2014;Prefeitura Municipal de Caridade - CE;2303006;CE;DCA-Anexo I-C;NA;Receitas Brutas Realizadas;RO1.7.2.1.22.50.00;1.7.2.1.22.50.00 - Cota-Parte Royalties pela Participação Especial - Lei nº 9.478/97 artigo 50;30892,36;21524
2014;Prefeitura Municipal de Caridade - CE;2303006;CE;DCA-Anexo I-C;NA;Receitas Brutas Realizadas;RO1.7.2.1.22.70.00;1.7.2.1.22.70.00 - Cota-Parte do Fundo Especial do Petróleo ¿ FEP;214212,49;21524
2014;Prefeitura Municipal de Caridade - CE;2303006;CE;DCA-Anexo I-C;NA;Receitas Brutas Realizadas;RO1.7.2.1.33.00.00;1.7.2.1.33.00.00 - Transferências de Recursos do Sistema Único de Saúde - SUS - Repasses Fundo a Fundo;3644931,70;21524
2014;Prefeitura Municipal de Caridade - CE;2303006;CE;DCA-Anexo I-C;NA;Receitas Brutas Realizadas;RO1.7.2.1.34.00.00;1.7.2.1.34.00.00 - Transferências de Recursos do Fundo Nacional de Assistência Social ¿ FNAS;637010,24;21524
2014;Prefeitura Municipal de Caridade - CE;2303006;CE;DCA-Anexo I-C;NA;Receitas Brutas Realizadas;RO1.7.2.1.35.00.00;1.7.2.1.35.00.00 - Transferências de Recursos do Fundo Nacional do Desenvolvimento da Educação ¿ FNDE;1183492,68;21524
2014;Prefeitura Municipal de Caridade - CE;2303006;CE;DCA-Anexo I-C;NA;Receitas Brutas Realizadas;RO1.7.2.1.36.00.00;1.7.2.1.36.00.00 - Transferências Financeiras do ICMS ¿ Desoneração ¿ L.C. Nº 87/96;10795,32;21524
2014;Prefeitura Municipal de Caridade - CE;2303006;CE;DCA-Anexo I-C;NA;Deduções - Transferências Constitucionais;RO1.7.2.1.36.00.00;1.7.2.1.36.00.00 - Transferências Financeiras do ICMS ¿ Desoneração ¿ L.C. Nº 87/96;2159,04;21524
2014;Prefeitura Municipal de Caridade - CE;2303006;CE;DCA-Anexo I-C;NA;Receitas Brutas Realizadas;RO1.7.2.1.99.00.00;1.7.2.1.99.00.00 - Outras Transferências da União;273640,48;21524
2014;Prefeitura Municipal de Caridade - CE;2303006;CE;DCA-Anexo I-C;NA;Receitas Brutas Realizadas;RO1.7.2.2.00.00.00;1.7.2.2.00.00.00 - Transferências dos Estados;3377116,21;21524
2014;Prefeitura Municipal de Caridade - CE;2303006;CE;DCA-Anexo I-C;NA;Deduções - Transferências Constitucionais;RO1.7.2.2.00.00.00;1.7.2.2.00.00.00 - Transferências dos Estados;652424,49;21524
2014;Prefeitura Municipal de Caridade - CE;2303006;CE;DCA-Anexo I-C;NA;Receitas Brutas Realizadas;RO1.7.2.2.01.00.00;1.7.2.2.01.00.00 - Participação na Receita dos Estados;3265490,73;21524
2014;Prefeitura Municipal de Caridade - CE;2303006;CE;DCA-Anexo I-C;NA;Deduções - Transferências Constitucionais;RO1.7.2.2.01.00.00;1.7.2.2.01.00.00 - Participação na Receita dos Estados;652424,49;21524
2014;Prefeitura Municipal de Caridade - CE;2303006;CE;DCA-Anexo I-C;NA;Receitas Brutas Realizadas;RO1.7.2.2.01.01.00;1.7.2.2.01.01.00 - Cota-Parte do ICMS;3096997,45;21524
2014;Prefeitura Municipal de Caridade - CE;2303006;CE;DCA-Anexo I-C;NA;Deduções - Transferências Constitucionais;RO1.7.2.2.01.01.00;1.7.2.2.01.01.00 - Cota-Parte do ICMS;619399,40;21524
2014;Prefeitura Municipal de Caridade - CE;2303006;CE;DCA-Anexo I-C;NA;Receitas Brutas Realizadas;RO1.7.2.2.01.02.00;1.7.2.2.01.02.00 - Cota-Parte do IPVA;154784,94;21524
2014;Prefeitura Municipal de Caridade - CE;2303006;CE;DCA-Anexo I-C;NA;Deduções - Transferências Constitucionais;RO1.7.2.2.01.02.00;1.7.2.2.01.02.00 - Cota-Parte do IPVA;30956,89;21524
2014;Prefeitura Municipal de Caridade - CE;2303006;CE;DCA-Anexo I-C;NA;Receitas Brutas Realizadas;RO1.7.2.2.01.04.00;1.7.2.2.01.04.00 - Cota-Parte do IPI sobre Exportação;10341,25;21524
2014;Prefeitura Municipal de Caridade - CE;2303006;CE;DCA-Anexo I-C;NA;Deduções - Transferências Constitucionais;RO1.7.2.2.01.04.00;1.7.2.2.01.04.00 - Cota-Parte do IPI sobre Exportação;2068,20;21524
2014;Prefeitura Municipal de Caridade - CE;2303006;CE;DCA-Anexo I-C;NA;Receitas Brutas Realizadas;RO1.7.2.2.01.13.00;1.7.2.2.01.13.00 - Cota-Parte da Contribuição de Intervenção no Domínio Econômico;3367,09;21524
2014;Prefeitura Municipal de Caridade - CE;2303006;CE;DCA-Anexo I-C;NA;Receitas Brutas Realizadas;RO1.7.2.2.22.00.00;1.7.2.2.22.00.00 - Transferências da Cota-Parte da Compensação Financeira (25%);3539,39;21524
2014;Prefeitura Municipal de Caridade - CE;2303006;CE;DCA-Anexo I-C;NA;Receitas Brutas Realizadas;RO1.7.2.2.22.30.00;1.7.2.2.22.30.00 - Cota-Parte Royalties - Compensação Financeira pela Produção de Petróleo - Lei nº 7.990/89 artigo 9º;3539,39;21524
2014;Prefeitura Municipal de Caridade - CE;2303006;CE;DCA-Anexo I-C;NA;Receitas Brutas Realizadas;RO1.7.2.2.99.00.00;1.7.2.2.99.00.00 - Outras Transferências dos Estados;108086,09;21524
2014;Prefeitura Municipal de Caridade - CE;2303006;CE;DCA-Anexo I-C;NA;Receitas Brutas Realizadas;RO1.7.2.4.00.00.00;1.7.2.4.00.00.00 - Transferências Multigovernamentais;9922516,41;21524
2014;Prefeitura Municipal de Caridade - CE;2303006;CE;DCA-Anexo I-C;NA;Receitas Brutas Realizadas;RO1.7.2.4.01.00.00;1.7.2.4.01.00.00 - Transferências de Recursos do Fundo de Manutenção e Desenvolvimento do Ensino Fundamental e de Valorização do Magistério - FUNDEB;7645669,20;21524
2014;Prefeitura Municipal de Caridade - CE;2303006;CE;DCA-Anexo I-C;NA;Receitas Brutas Realizadas;RO1.7.2.4.02.00.00;1.7.2.4.02.00.00 - Transferências de Recursos da Complementação ao Fundo de Manutenção e Desenvolvimento do Ensino Fundamental e de Valorização do Magistério - FUNDEB;2276847,21;21524
2014;Prefeitura Municipal de Caridade - CE;2303006;CE;DCA-Anexo I-C;NA;Receitas Brutas Realizadas;RO1.7.6.0.00.00.00;1.7.6.0.00.00.00 - Transferências de Convênios;1188101,77;21524
2014;Prefeitura Municipal de Caridade - CE;2303006;CE;DCA-Anexo I-C;NA;Receitas Brutas Realizadas;RO1.7.6.1.00.00.00;1.7.6.1.00.00.00 - Transferências de Convênios da União e de Suas Entidades;212671,48;21524
2014;Prefeitura Municipal de Caridade - CE;2303006;CE;DCA-Anexo I-C;NA;Receitas Brutas Realizadas;RO1.7.6.1.01.00.00;1.7.6.1.01.00.00 - Transferências de Convênios da União para o Sistema Único de Saúde - SUS;50000,00;21524
2014;Prefeitura Municipal de Caridade - CE;2303006;CE;DCA-Anexo I-C;NA;Receitas Brutas Realizadas;RO1.7.6.1.02.00.00;1.7.6.1.02.00.00 - Transferências de Convênios da União Destinadas a Programas de Educação;162671,48;21524
2014;Prefeitura Municipal de Caridade - CE;2303006;CE;DCA-Anexo I-C;NA;Receitas Brutas Realizadas;RO1.7.6.2.00.00.00;1.7.6.2.00.00.00 - Transferências de Convênios dos Estados e do Distrito Federal e de Suas Entidades;975430,29;21524
2014;Prefeitura Municipal de Caridade - CE;2303006;CE;DCA-Anexo I-C;NA;Receitas Brutas Realizadas;RO1.7.6.2.01.00.00;1.7.6.2.01.00.00 - Transferências de Convênios dos Estados para o Sistema Único de Saúde - SUS;707225,83;21524
2014;Prefeitura Municipal de Caridade - CE;2303006;CE;DCA-Anexo I-C;NA;Receitas Brutas Realizadas;RO1.7.6.2.02.00.00;1.7.6.2.02.00.00 - Transferências de Convênios dos Estados Destinadas a Programas de Educação;30001,83;21524
2014;Prefeitura Municipal de Caridade - CE;2303006;CE;DCA-Anexo I-C;NA;Receitas Brutas Realizadas;RO1.7.6.2.99.00.00;1.7.6.2.99.00.00 - Outras Transferências de Convênios dos Estados;238202,63;21524
2014;Prefeitura Municipal de Caridade - CE;2303006;CE;DCA-Anexo I-C;NA;Receitas Brutas Realizadas;RO1.9.0.0.00.00.00;1.9.0.0.00.00.00 - Outras Receitas Correntes;243264,09;21524
2014;Prefeitura Municipal de Caridade - CE;2303006;CE;DCA-Anexo I-C;NA;Receitas Brutas Realizadas;RO1.9.1.0.00.00.00;1.9.1.0.00.00.00 - Multas e Juros de Mora;3110,46;21524
2014;Prefeitura Municipal de Caridade - CE;2303006;CE;DCA-Anexo I-C;NA;Receitas Brutas Realizadas;RO1.9.1.3.00.00.00;1.9.1.3.00.00.00 - Multas e Juros de Mora da Dívida Ativa dos Tributos;202,36;21524
2014;Prefeitura Municipal de Caridade - CE;2303006;CE;DCA-Anexo I-C;NA;Receitas Brutas Realizadas;RO1.9.1.9.00.00.00;1.9.1.9.00.00.00 - Multas de Outras Origens;2908,10;21524
2014;Prefeitura Municipal de Caridade - CE;2303006;CE;DCA-Anexo I-C;NA;Receitas Brutas Realizadas;RO1.9.2.0.00.00.00;1.9.2.0.00.00.00 - Indenizações e Restituições;240153,63;21524
2014;Prefeitura Municipal de Caridade - CE;2303006;CE;DCA-Anexo I-C;NA;Receitas Brutas Realizadas;RO1.9.2.2.00.00.00;1.9.2.2.00.00.00 - Restituições;240153,63;21524
2014;Prefeitura Municipal de Caridade - CE;2303006;CE;DCA-Anexo I-C;NA;Receitas Brutas Realizadas;RO1.9.2.2.99.00.00;1.9.2.2.99.00.00 - Outras Restituições;240153,63;21524
2014;Prefeitura Municipal de Caridade - CE;2303006;CE;DCA-Anexo I-C;NA;Receitas Brutas Realizadas;RO2.0.0.0.00.00.00;2.0.0.0.00.00.00 - Receitas de Capital;175095,39;21524
2014;Prefeitura Municipal de Caridade - CE;2303006;CE;DCA-Anexo I-C;NA;Receitas Brutas Realizadas;RO2.4.0.0.00.00.00;2.4.0.0.00.00.00 - Transferências de Capital;175095,39;21524
2014;Prefeitura Municipal de Caridade - CE;2303006;CE;DCA-Anexo I-C;NA;Receitas Brutas Realizadas;RO2.4.7.0.00.00.00;2.4.7.0.00.00.00 - Transferências de Convênios;175095,39;21524
2014;Prefeitura Municipal de Caridade - CE;2303006;CE;DCA-Anexo I-C;NA;Receitas Brutas Realizadas;RO2.4.7.2.00.00.00;2.4.7.2.00.00.00 - Transferências de Convênios dos Estados e do Distrito Federal e de suas Entidades;175095,39;21524
2014;Prefeitura Municipal de Caridade - CE;2303006;CE;DCA-Anexo I-C;NA;Receitas Brutas Realizadas;RO2.4.7.2.99.00.00;2.4.7.2.99.00.00 - Outras Transferências de Convênios dos Estados;175095,39;21524
2015;Prefeitura Municipal de Caridade - CE;2303006;CE;DCA-Anexo I-C;Padrão;Receitas Brutas Realizadas;TotalReceitas;Total Receitas;40432966,88;21524
2015;Prefeitura Municipal de Caridade - CE;2303006;CE;DCA-Anexo I-C;Padrão;Deduções - FUNDEB;TotalReceitas;Total Receitas;3564224,39;21524
2015;Prefeitura Municipal de Caridade - CE;2303006;CE;DCA-Anexo I-C;Padrão;Receitas Brutas Realizadas;RO1.0.0.0.00.00.00;1.0.0.0.00.00.00 - Receitas Correntes;40432966,88;21524
2015;Prefeitura Municipal de Caridade - CE;2303006;CE;DCA-Anexo I-C;Padrão;Deduções - FUNDEB;RO1.0.0.0.00.00.00;1.0.0.0.00.00.00 - Receitas Correntes;3564224,39;21524
2015;Prefeitura Municipal de Caridade - CE;2303006;CE;DCA-Anexo I-C;Padrão;Receitas Brutas Realizadas;RO1.1.0.0.00.00.00;1.1.0.0.00.00.00 - Receita Tributária;1283754,16;21524
2015;Prefeitura Municipal de Caridade - CE;2303006;CE;DCA-Anexo I-C;Padrão;Receitas Brutas Realizadas;RO1.1.1.0.00.00.00;1.1.1.0.00.00.00 - Impostos;1243442,73;21524
2015;Prefeitura Municipal de Caridade - CE;2303006;CE;DCA-Anexo I-C;Padrão;Receitas Brutas Realizadas;RO1.1.1.2.00.00.00;1.1.1.2.00.00.00 - Impostos sobre o Patrimônio e a Renda;505382,30;21524
2015;Prefeitura Municipal de Caridade - CE;2303006;CE;DCA-Anexo I-C;Padrão;Receitas Brutas Realizadas;RO1.1.1.2.02.00.00;1.1.1.2.02.00.00 - Imposto sobre a Propriedade Predial e Territorial Urbana ¿ IPTU;4101,92;21524
2015;Prefeitura Municipal de Caridade - CE;2303006;CE;DCA-Anexo I-C;Padrão;Receitas Brutas Realizadas;RO1.1.1.2.04.00.00;1.1.1.2.04.00.00 - Imposto sobre a Renda e Proventos de Qualquer Natureza ¿ IR;456369,24;21524
2015;Prefeitura Municipal de Caridade - CE;2303006;CE;DCA-Anexo I-C;Padrão;Receitas Brutas Realizadas;RO1.1.1.2.04.31.00;1.1.1.2.04.31.00 - Retido nas Fontes - Trabalho;168856,21;21524
2015;Prefeitura Municipal de Caridade - CE;2303006;CE;DCA-Anexo I-C;Padrão;Receitas Brutas Realizadas;RO1.1.1.2.04.34.00;1.1.1.2.04.34.00 - Retido nas Fontes - Outros Rendimentos;287513,03;21524
2015;Prefeitura Municipal de Caridade - CE;2303006;CE;DCA-Anexo I-C;Padrão;Receitas Brutas Realizadas;RO1.1.1.2.08.00.00;"1.1.1.2.08.00.00 - Imposto sobre Transmissão ""Inter Vivos"" de Bens Imóveis e de Direitos Reais sobre Imóveis ¿ ITBI";44911,14;21524
2015;Prefeitura Municipal de Caridade - CE;2303006;CE;DCA-Anexo I-C;Padrão;Receitas Brutas Realizadas;RO1.1.1.3.00.00.00;1.1.1.3.00.00.00 - Impostos sobre a Produção e a Circulação;738060,43;21524
2015;Prefeitura Municipal de Caridade - CE;2303006;CE;DCA-Anexo I-C;Padrão;Receitas Brutas Realizadas;RO1.1.1.3.05.00.00;1.1.1.3.05.00.00 - Imposto sobre Serviços de Qualquer Natureza ¿ ISSQN;738060,43;21524
2015;Prefeitura Municipal de Caridade - CE;2303006;CE;DCA-Anexo I-C;Padrão;Receitas Brutas Realizadas;RO1.1.2.0.00.00.00;1.1.2.0.00.00.00 - Taxas;40311,43;21524
2015;Prefeitura Municipal de Caridade - CE;2303006;CE;DCA-Anexo I-C;Padrão;Receitas Brutas Realizadas;RO1.1.2.2.00.00.00;1.1.2.2.00.00.00 - Taxas pela Prestação de Serviços;40311,43;21524
2015;Prefeitura Municipal de Caridade - CE;2303006;CE;DCA-Anexo I-C;Padrão;Receitas Brutas Realizadas;RO1.2.0.0.00.00.00;1.2.0.0.00.00.00 - Receitas de Contribuições;266191,49;21524
2015;Prefeitura Municipal de Caridade - CE;2303006;CE;DCA-Anexo I-C;Padrão;Receitas Brutas Realizadas;RO1.2.1.0.00.00.00;1.2.1.0.00.00.00 - Contribuições Sociais;14119,12;21524
2015;Prefeitura Municipal de Caridade - CE;2303006;CE;DCA-Anexo I-C;Padrão;Receitas Brutas Realizadas;RO1.2.1.0.29.00.00;1.2.1.0.29.00.00 - Contribuições para o Regime Próprio de Previdência do Servidor Público;14119,12;21524
2015;Prefeitura Municipal de Caridade - CE;2303006;CE;DCA-Anexo I-C;Padrão;Receitas Brutas Realizadas;RO1.2.1.0.29.07.00;1.2.1.0.29.07.00 - Contribuição do Servidor Ativo Civil para o Regime Próprio;14119,12;21524
2015;Prefeitura Municipal de Caridade - CE;2303006;CE;DCA-Anexo I-C;Padrão;Receitas Brutas Realizadas;RO1.2.3.0.00.00.00;1.2.3.0.00.00.00 - Contribuição para Custeio do Serviço de Iluminação Pública;252072,37;21524
2015;Prefeitura Municipal de Caridade - CE;2303006;CE;DCA-Anexo I-C;Padrão;Receitas Brutas Realizadas;RO1.3.0.0.00.00.00;1.3.0.0.00.00.00 - Receita Patrimonial;224125,84;21524
2015;Prefeitura Municipal de Caridade - CE;2303006;CE;DCA-Anexo I-C;Padrão;Receitas Brutas Realizadas;RO1.3.2.0.00.00.00;1.3.2.0.00.00.00 - Receitas de Valores Mobiliários;224125,84;21524
2015;Prefeitura Municipal de Caridade - CE;2303006;CE;DCA-Anexo I-C;Padrão;Receitas Brutas Realizadas;RO1.3.2.5.00.00.00;1.3.2.5.00.00.00 - Remuneração de Depósitos Bancários;130218,68;21524
2015;Prefeitura Municipal de Caridade - CE;2303006;CE;DCA-Anexo I-C;Padrão;Receitas Brutas Realizadas;RO1.3.2.8.00.00.00;1.3.2.8.00.00.00 - Remuneração dos Investimentos do Regime Próprio de Previdência do Servidor;93907,16;21524
2015;Prefeitura Municipal de Caridade - CE;2303006;CE;DCA-Anexo I-C;Padrão;Receitas Brutas Realizadas;RO1.6.0.0.00.00.00;1.6.0.0.00.00.00 - Receita de Serviços;5,07;21524
2015;Prefeitura Municipal de Caridade - CE;2303006;CE;DCA-Anexo I-C;Padrão;Receitas Brutas Realizadas;RO1.6.0.0.13.00.00;1.6.0.0.13.00.00 - Serviços Administrativos;5,07;21524
2015;Prefeitura Municipal de Caridade - CE;2303006;CE;DCA-Anexo I-C;Padrão;Receitas Brutas Realizadas;RO1.7.0.0.00.00.00;1.7.0.0.00.00.00 - Transferências Correntes;38133435,81;21524
2015;Prefeitura Municipal de Caridade - CE;2303006;CE;DCA-Anexo I-C;Padrão;Deduções - FUNDEB;RO1.7.0.0.00.00.00;1.7.0.0.00.00.00 - Transferências Correntes;3564224,39;21524
2015;Prefeitura Municipal de Caridade - CE;2303006;CE;DCA-Anexo I-C;Padrão;Receitas Brutas Realizadas;RO1.7.2.0.00.00.00;1.7.2.0.00.00.00 - Transferências Intergovernamentais;36986927,36;21524
2015;Prefeitura Municipal de Caridade - CE;2303006;CE;DCA-Anexo I-C;Padrão;Deduções - FUNDEB;RO1.7.2.0.00.00.00;1.7.2.0.00.00.00 - Transferências Intergovernamentais;3564224,39;21524
2015;Prefeitura Municipal de Caridade - CE;2303006;CE;DCA-Anexo I-C;Padrão;Receitas Brutas Realizadas;RO1.7.2.1.00.00.00;1.7.2.1.00.00.00 - Transferências da União;20925966,94;21524
2015;Prefeitura Municipal de Caridade - CE;2303006;CE;DCA-Anexo I-C;Padrão;Deduções - FUNDEB;RO1.7.2.1.00.00.00;1.7.2.1.00.00.00 - Transferências da União;2894858,23;21524
2015;Prefeitura Municipal de Caridade - CE;2303006;CE;DCA-Anexo I-C;Padrão;Receitas Brutas Realizadas;RO1.7.2.1.01.00.00;1.7.2.1.01.00.00 - Participação na Receita da União;15371403,85;21524
2015;Prefeitura Municipal de Caridade - CE;2303006;CE;DCA-Anexo I-C;Padrão;Deduções - FUNDEB;RO1.7.2.1.01.00.00;1.7.2.1.01.00.00 - Participação na Receita da União;2892739,01;21524
2015;Prefeitura Municipal de Caridade - CE;2303006;CE;DCA-Anexo I-C;Padrão;Receitas Brutas Realizadas;RO1.7.2.1.01.02.00;1.7.2.1.01.02.00 - Cota-Parte do Fundo de Participação dos Municípios ¿ FPM;15245830,86;21524
2015;Prefeitura Municipal de Caridade - CE;2303006;CE;DCA-Anexo I-C;Padrão;Deduções - FUNDEB;RO1.7.2.1.01.02.00;1.7.2.1.01.02.00 - Cota-Parte do Fundo de Participação dos Municípios ¿ FPM;2888329,68;21524
2015;Prefeitura Municipal de Caridade - CE;2303006;CE;DCA-Anexo I-C;Padrão;Receitas Brutas Realizadas;RO1.7.2.1.01.05.00;1.7.2.1.01.05.00 - Cota-Parte do Imposto Sobre a Propriedade Territorial Rural ¿ ITR;125572,99;21524
2015;Prefeitura Municipal de Caridade - CE;2303006;CE;DCA-Anexo I-C;Padrão;Deduções - FUNDEB;RO1.7.2.1.01.05.00;1.7.2.1.01.05.00 - Cota-Parte do Imposto Sobre a Propriedade Territorial Rural ¿ ITR;4409,33;21524
2015;Prefeitura Municipal de Caridade - CE;2303006;CE;DCA-Anexo I-C;Padrão;Receitas Brutas Realizadas;RO1.7.2.1.22.00.00;1.7.2.1.22.00.00 - Transferências da Compensação Financeira pela Exploração de Recursos Naturais;199548,03;21524
2015;Prefeitura Municipal de Caridade - CE;2303006;CE;DCA-Anexo I-C;Padrão;Receitas Brutas Realizadas;RO1.7.2.1.22.20.00;1.7.2.1.22.20.00 - Cota-Parte da Compensação Financeira de Recursos Minerais - CFEM;7075,08;21524
2015;Prefeitura Municipal de Caridade - CE;2303006;CE;DCA-Anexo I-C;Padrão;Receitas Brutas Realizadas;RO1.7.2.1.22.30.00;1.7.2.1.22.30.00 - Cota-Parte Royalties ¿ Compensação Financeira pela Produção de Petróleo ¿ Lei nº 7.990/89;13449,72;21524
2015;Prefeitura Municipal de Caridade - CE;2303006;CE;DCA-Anexo I-C;Padrão;Receitas Brutas Realizadas;RO1.7.2.1.22.50.00;1.7.2.1.22.50.00 - Cota-Parte Royalties pela Participação Especial - Lei nº 9.478/97 artigo 50;17094,30;21524
2015;Prefeitura Municipal de Caridade - CE;2303006;CE;DCA-Anexo I-C;Padrão;Receitas Brutas Realizadas;RO1.7.2.1.22.70.00;1.7.2.1.22.70.00 - Cota-Parte do Fundo Especial do Petróleo ¿ FEP;161928,93;21524
2015;Prefeitura Municipal de Caridade - CE;2303006;CE;DCA-Anexo I-C;Padrão;Receitas Brutas Realizadas;RO1.7.2.1.33.00.00;1.7.2.1.33.00.00 - Transferências de Recursos do Sistema Único de Saúde - SUS - Repasses Fundo a Fundo;3340029,05;21524
2015;Prefeitura Municipal de Caridade - CE;2303006;CE;DCA-Anexo I-C;Padrão;Receitas Brutas Realizadas;RO1.7.2.1.34.00.00;1.7.2.1.34.00.00 - Transferências de Recursos do Fundo Nacional de Assistência Social ¿ FNAS;399256,11;21524
2015;Prefeitura Municipal de Caridade - CE;2303006;CE;DCA-Anexo I-C;Padrão;Receitas Brutas Realizadas;RO1.7.2.1.35.00.00;1.7.2.1.35.00.00 - Transferências de Recursos do Fundo Nacional do Desenvolvimento da Educação ¿ FNDE;1429476,96;21524
2015;Prefeitura Municipal de Caridade - CE;2303006;CE;DCA-Anexo I-C;Padrão;Receitas Brutas Realizadas;RO1.7.2.1.36.00.00;1.7.2.1.36.00.00 - Transferências Financeiras do ICMS ¿ Desoneração ¿ L.C. Nº 87/96;10596,26;21524
2015;Prefeitura Municipal de Caridade - CE;2303006;CE;DCA-Anexo I-C;Padrão;Deduções - FUNDEB;RO1.7.2.1.36.00.00;1.7.2.1.36.00.00 - Transferências Financeiras do ICMS ¿ Desoneração ¿ L.C. Nº 87/96;2119,22;21524
2015;Prefeitura Municipal de Caridade - CE;2303006;CE;DCA-Anexo I-C;Padrão;Receitas Brutas Realizadas;RO1.7.2.1.99.00.00;1.7.2.1.99.00.00 - Outras Transferências da União;175656,68;21524
2015;Prefeitura Municipal de Caridade - CE;2303006;CE;DCA-Anexo I-C;Padrão;Receitas Brutas Realizadas;RO1.7.2.2.00.00.00;1.7.2.2.00.00.00 - Transferências dos Estados;3746019,27;21524
2015;Prefeitura Municipal de Caridade - CE;2303006;CE;DCA-Anexo I-C;Padrão;Deduções - FUNDEB;RO1.7.2.2.00.00.00;1.7.2.2.00.00.00 - Transferências dos Estados;669366,16;21524
2015;Prefeitura Municipal de Caridade - CE;2303006;CE;DCA-Anexo I-C;Padrão;Receitas Brutas Realizadas;RO1.7.2.2.01.00.00;1.7.2.2.01.00.00 - Participação na Receita dos Estados;3359946,27;21524
2015;Prefeitura Municipal de Caridade - CE;2303006;CE;DCA-Anexo I-C;Padrão;Deduções - FUNDEB;RO1.7.2.2.01.00.00;1.7.2.2.01.00.00 - Participação na Receita dos Estados;669366,16;21524
2015;Prefeitura Municipal de Caridade - CE;2303006;CE;DCA-Anexo I-C;Padrão;Receitas Brutas Realizadas;RO1.7.2.2.01.01.00;1.7.2.2.01.01.00 - Cota-Parte do ICMS;3124429,88;21524
2015;Prefeitura Municipal de Caridade - CE;2303006;CE;DCA-Anexo I-C;Padrão;Deduções - FUNDEB;RO1.7.2.2.01.01.00;1.7.2.2.01.01.00 - Cota-Parte do ICMS;624885,83;21524
2015;Prefeitura Municipal de Caridade - CE;2303006;CE;DCA-Anexo I-C;Padrão;Receitas Brutas Realizadas;RO1.7.2.2.01.02.00;1.7.2.2.01.02.00 - Cota-Parte do IPVA;206905,03;21524
2015;Prefeitura Municipal de Caridade - CE;2303006;CE;DCA-Anexo I-C;Padrão;Deduções - FUNDEB;RO1.7.2.2.01.02.00;1.7.2.2.01.02.00 - Cota-Parte do IPVA;41380,90;21524
2015;Prefeitura Municipal de Caridade - CE;2303006;CE;DCA-Anexo I-C;Padrão;Receitas Brutas Realizadas;RO1.7.2.2.01.04.00;1.7.2.2.01.04.00 - Cota-Parte do IPI sobre Exportação;15497,73;21524
2015;Prefeitura Municipal de Caridade - CE;2303006;CE;DCA-Anexo I-C;Padrão;Deduções - FUNDEB;RO1.7.2.2.01.04.00;1.7.2.2.01.04.00 - Cota-Parte do IPI sobre Exportação;3099,43;21524
2015;Prefeitura Municipal de Caridade - CE;2303006;CE;DCA-Anexo I-C;Padrão;Receitas Brutas Realizadas;RO1.7.2.2.01.13.00;1.7.2.2.01.13.00 - Cota-Parte da Contribuição de Intervenção no Domínio Econômico;13113,63;21524
2015;Prefeitura Municipal de Caridade - CE;2303006;CE;DCA-Anexo I-C;Padrão;Receitas Brutas Realizadas;RO1.7.2.2.99.00.00;1.7.2.2.99.00.00 - Outras Transferências dos Estados;386073,00;21524
2015;Prefeitura Municipal de Caridade - CE;2303006;CE;DCA-Anexo I-C;Padrão;Receitas Brutas Realizadas;RO1.7.2.4.00.00.00;1.7.2.4.00.00.00 - Transferências Multigovernamentais;12314941,15;21524
2015;Prefeitura Municipal de Caridade - CE;2303006;CE;DCA-Anexo I-C;Padrão;Receitas Brutas Realizadas;RO1.7.2.4.01.00.00;1.7.2.4.01.00.00 - Transferências de Recursos do Fundo de Manutenção e Desenvolvimento do Ensino Fundamental e de Valorização do Magistério - FUNDEB;9732974,51;21524
2015;Prefeitura Municipal de Caridade - CE;2303006;CE;DCA-Anexo I-C;Padrão;Receitas Brutas Realizadas;RO1.7.2.4.02.00.00;1.7.2.4.02.00.00 - Transferências de Recursos da Complementação ao Fundo de Manutenção e Desenvolvimento do Ensino Fundamental e de Valorização do Magistério - FUNDEB;2581966,64;21524
2015;Prefeitura Municipal de Caridade - CE;2303006;CE;DCA-Anexo I-C;Padrão;Receitas Brutas Realizadas;RO1.7.6.0.00.00.00;1.7.6.0.00.00.00 - Transferências de Convênios;1146508,45;21524
2015;Prefeitura Municipal de Caridade - CE;2303006;CE;DCA-Anexo I-C;Padrão;Receitas Brutas Realizadas;RO1.7.6.1.00.00.00;1.7.6.1.00.00.00 - Transferências de Convênios da União e de Suas Entidades;500000,00;21524
2015;Prefeitura Municipal de Caridade - CE;2303006;CE;DCA-Anexo I-C;Padrão;Receitas Brutas Realizadas;RO1.7.6.1.01.00.00;1.7.6.1.01.00.00 - Transferências de Convênios da União para o Sistema Único de Saúde - SUS;500000,00;21524
2015;Prefeitura Municipal de Caridade - CE;2303006;CE;DCA-Anexo I-C;Padrão;Receitas Brutas Realizadas;RO1.7.6.2.00.00.00;1.7.6.2.00.00.00 - Transferências de Convênios dos Estados e do Distrito Federal e de Suas Entidades;646508,45;21524
2015;Prefeitura Municipal de Caridade - CE;2303006;CE;DCA-Anexo I-C;Padrão;Receitas Brutas Realizadas;RO1.7.6.2.01.00.00;1.7.6.2.01.00.00 - Transferências de Convênios dos Estados para o Sistema Único de Saúde - SUS;263878,86;21524
2015;Prefeitura Municipal de Caridade - CE;2303006;CE;DCA-Anexo I-C;Padrão;Receitas Brutas Realizadas;RO1.7.6.2.02.00.00;1.7.6.2.02.00.00 - Transferências de Convênios dos Estados Destinadas a Programas de Educação;25388,38;21524
2015;Prefeitura Municipal de Caridade - CE;2303006;CE;DCA-Anexo I-C;Padrão;Receitas Brutas Realizadas;RO1.7.6.2.99.00.00;1.7.6.2.99.00.00 - Outras Transferências de Convênios dos Estados;357241,21;21524
2015;Prefeitura Municipal de Caridade - CE;2303006;CE;DCA-Anexo I-C;Padrão;Receitas Brutas Realizadas;RO1.9.0.0.00.00.00;1.9.0.0.00.00.00 - Outras Receitas Correntes;525454,51;21524
2015;Prefeitura Municipal de Caridade - CE;2303006;CE;DCA-Anexo I-C;Padrão;Receitas Brutas Realizadas;RO1.9.1.0.00.00.00;1.9.1.0.00.00.00 - Multas e Juros de Mora;2660,25;21524
2015;Prefeitura Municipal de Caridade - CE;2303006;CE;DCA-Anexo I-C;Padrão;Receitas Brutas Realizadas;RO1.9.1.9.00.00.00;1.9.1.9.00.00.00 - Multas de Outras Origens;2660,25;21524
2015;Prefeitura Municipal de Caridade - CE;2303006;CE;DCA-Anexo I-C;Padrão;Receitas Brutas Realizadas;RO1.9.2.0.00.00.00;1.9.2.0.00.00.00 - Indenizações e Restituições;145141,58;21524
2015;Prefeitura Municipal de Caridade - CE;2303006;CE;DCA-Anexo I-C;Padrão;Receitas Brutas Realizadas;RO1.9.2.2.00.00.00;1.9.2.2.00.00.00 - Restituições;145141,58;21524
2015;Prefeitura Municipal de Caridade - CE;2303006;CE;DCA-Anexo I-C;Padrão;Receitas Brutas Realizadas;RO1.9.2.2.99.00.00;1.9.2.2.99.00.00 - Outras Restituições;145141,58;21524
2015;Prefeitura Municipal de Caridade - CE;2303006;CE;DCA-Anexo I-C;Padrão;Receitas Brutas Realizadas;RO1.9.9.0.00.00.00;1.9.9.0.00.00.00 - Receitas Diversas;377652,68;21524
2016;Prefeitura Municipal de Caridade - CE;2303006;CE;DCA-Anexo I-C;NA;Receitas Brutas Realizadas;TotalReceitas;Total Receitas;46274550,56;21800
2016;Prefeitura Municipal de Caridade - CE;2303006;CE;DCA-Anexo I-C;NA;Deduções - FUNDEB;TotalReceitas;Total Receitas;4315242,57;21800
2016;Prefeitura Municipal de Caridade - CE;2303006;CE;DCA-Anexo I-C;NA;Receitas Brutas Realizadas;RO1.0.0.0.00.00.00;1.0.0.0.00.00.00 - Receitas Correntes;46274550,56;21800
2016;Prefeitura Municipal de Caridade - CE;2303006;CE;DCA-Anexo I-C;NA;Deduções - FUNDEB;RO1.0.0.0.00.00.00;1.0.0.0.00.00.00 - Receitas Correntes;4315242,57;21800
2016;Prefeitura Municipal de Caridade - CE;2303006;CE;DCA-Anexo I-C;NA;Receitas Brutas Realizadas;RO1.1.0.0.00.00.00;1.1.0.0.00.00.00 - Receita Tributária;1475340,07;21800
2016;Prefeitura Municipal de Caridade - CE;2303006;CE;DCA-Anexo I-C;NA;Receitas Brutas Realizadas;RO1.1.1.0.00.00.00;1.1.1.0.00.00.00 - Impostos;1412640,56;21800
2016;Prefeitura Municipal de Caridade - CE;2303006;CE;DCA-Anexo I-C;NA;Receitas Brutas Realizadas;RO1.1.1.2.00.00.00;1.1.1.2.00.00.00 - Impostos sobre o Patrimônio e a Renda;478387,04;21800
2016;Prefeitura Municipal de Caridade - CE;2303006;CE;DCA-Anexo I-C;NA;Receitas Brutas Realizadas;RO1.1.1.2.02.00.00;1.1.1.2.02.00.00 - Imposto sobre a Propriedade Predial e Territorial Urbana ¿ IPTU;3351,52;21800
2016;Prefeitura Municipal de Caridade - CE;2303006;CE;DCA-Anexo I-C;NA;Receitas Brutas Realizadas;RO1.1.1.2.04.00.00;1.1.1.2.04.00.00 - Imposto sobre a Renda e Proventos de Qualquer Natureza ¿ IR;459123,76;21800
2016;Prefeitura Municipal de Caridade - CE;2303006;CE;DCA-Anexo I-C;NA;Receitas Brutas Realizadas;RO1.1.1.2.04.31.00;1.1.1.2.04.31.00 - Retido nas Fontes - Trabalho;52459,02;21800
2016;Prefeitura Municipal de Caridade - CE;2303006;CE;DCA-Anexo I-C;NA;Receitas Brutas Realizadas;RO1.1.1.2.04.34.00;1.1.1.2.04.34.00 - Retido nas Fontes - Outros Rendimentos;406664,74;21800
2016;Prefeitura Municipal de Caridade - CE;2303006;CE;DCA-Anexo I-C;NA;Receitas Brutas Realizadas;RO1.1.1.2.08.00.00;"1.1.1.2.08.00.00 - Imposto sobre Transmissão ""Inter Vivos"" de Bens Imóveis e de Direitos Reais sobre Imóveis ¿ ITBI";15911,76;21800
2016;Prefeitura Municipal de Caridade - CE;2303006;CE;DCA-Anexo I-C;NA;Receitas Brutas Realizadas;RO1.1.1.3.00.00.00;1.1.1.3.00.00.00 - Impostos sobre a Produção e a Circulação;934253,52;21800
2016;Prefeitura Municipal de Caridade - CE;2303006;CE;DCA-Anexo I-C;NA;Receitas Brutas Realizadas;RO1.1.1.3.05.00.00;1.1.1.3.05.00.00 - Imposto sobre Serviços de Qualquer Natureza ¿ ISSQN;934253,52;21800
2016;Prefeitura Municipal de Caridade - CE;2303006;CE;DCA-Anexo I-C;NA;Receitas Brutas Realizadas;RO1.1.2.0.00.00.00;1.1.2.0.00.00.00 - Taxas;62699,51;21800
2016;Prefeitura Municipal de Caridade - CE;2303006;CE;DCA-Anexo I-C;NA;Receitas Brutas Realizadas;RO1.1.2.2.00.00.00;1.1.2.2.00.00.00 - Taxas pela Prestação de Serviços;62699,51;21800
2016;Prefeitura Municipal de Caridade - CE;2303006;CE;DCA-Anexo I-C;NA;Receitas Brutas Realizadas;RO1.1.2.2.99.00.00;1.1.2.2.99.00.00 - Outras Taxas pela Prestação de Serviços;62699,51;21800
2016;Prefeitura Municipal de Caridade - CE;2303006;CE;DCA-Anexo I-C;NA;Receitas Brutas Realizadas;RO1.2.0.0.00.00.00;1.2.0.0.00.00.00 - Receitas de Contribuições;238982,71;21800
2016;Prefeitura Municipal de Caridade - CE;2303006;CE;DCA-Anexo I-C;NA;Receitas Brutas Realizadas;RO1.2.1.0.00.00.00;1.2.1.0.00.00.00 - Contribuições Sociais;4358,82;21800
2016;Prefeitura Municipal de Caridade - CE;2303006;CE;DCA-Anexo I-C;NA;Receitas Brutas Realizadas;RO1.2.1.0.29.00.00;1.2.1.0.29.00.00 - Contribuições para o Regime Próprio de Previdência do Servidor Público;4358,82;21800
2016;Prefeitura Municipal de Caridade - CE;2303006;CE;DCA-Anexo I-C;NA;Receitas Brutas Realizadas;RO1.2.1.0.29.07.00;1.2.1.0.29.07.00 - Contribuição do Servidor Ativo Civil para o Regime Próprio;4358,82;21800
2016;Prefeitura Municipal de Caridade - CE;2303006;CE;DCA-Anexo I-C;NA;Receitas Brutas Realizadas;RO1.2.3.0.00.00.00;1.2.3.0.00.00.00 - Contribuição para Custeio do Serviço de Iluminação Pública;234623,89;21800
2016;Prefeitura Municipal de Caridade - CE;2303006;CE;DCA-Anexo I-C;NA;Receitas Brutas Realizadas;RO1.3.0.0.00.00.00;1.3.0.0.00.00.00 - Receita Patrimonial;174884,56;21800
2016;Prefeitura Municipal de Caridade - CE;2303006;CE;DCA-Anexo I-C;NA;Receitas Brutas Realizadas;RO1.3.2.0.00.00.00;1.3.2.0.00.00.00 - Receitas de Valores Mobiliários;174884,56;21800
2016;Prefeitura Municipal de Caridade - CE;2303006;CE;DCA-Anexo I-C;NA;Receitas Brutas Realizadas;RO1.3.2.5.00.00.00;1.3.2.5.00.00.00 - Remuneração de Depósitos Bancários;94182,68;21800
2016;Prefeitura Municipal de Caridade - CE;2303006;CE;DCA-Anexo I-C;NA;Receitas Brutas Realizadas;RO1.3.2.8.00.00.00;1.3.2.8.00.00.00 - Remuneração dos Investimentos do Regime Próprio de Previdência do Servidor;80701,88;21800
2016;Prefeitura Municipal de Caridade - CE;2303006;CE;DCA-Anexo I-C;NA;Receitas Brutas Realizadas;RO1.7.0.0.00.00.00;1.7.0.0.00.00.00 - Transferências Correntes;44091179,53;21800
2016;Prefeitura Municipal de Caridade - CE;2303006;CE;DCA-Anexo I-C;NA;Deduções - FUNDEB;RO1.7.0.0.00.00.00;1.7.0.0.00.00.00 - Transferências Correntes;4315242,57;21800
2016;Prefeitura Municipal de Caridade - CE;2303006;CE;DCA-Anexo I-C;NA;Receitas Brutas Realizadas;RO1.7.2.0.00.00.00;1.7.2.0.00.00.00 - Transferências Intergovernamentais;43152999,44;21800
2016;Prefeitura Municipal de Caridade - CE;2303006;CE;DCA-Anexo I-C;NA;Deduções - FUNDEB;RO1.7.2.0.00.00.00;1.7.2.0.00.00.00 - Transferências Intergovernamentais;4315242,57;21800
2016;Prefeitura Municipal de Caridade - CE;2303006;CE;DCA-Anexo I-C;NA;Receitas Brutas Realizadas;RO1.7.2.1.00.00.00;1.7.2.1.00.00.00 - Transferências da União;23907435,06;21800
2016;Prefeitura Municipal de Caridade - CE;2303006;CE;DCA-Anexo I-C;NA;Deduções - FUNDEB;RO1.7.2.1.00.00.00;1.7.2.1.00.00.00 - Transferências da União;3301479,62;21800
2016;Prefeitura Municipal de Caridade - CE;2303006;CE;DCA-Anexo I-C;NA;Receitas Brutas Realizadas;RO1.7.2.1.01.00.00;1.7.2.1.01.00.00 - Participação na Receita da União;17716385,45;21800
2016;Prefeitura Municipal de Caridade - CE;2303006;CE;DCA-Anexo I-C;NA;Deduções - FUNDEB;RO1.7.2.1.01.00.00;1.7.2.1.01.00.00 - Participação na Receita da União;3298352,78;21800
2016;Prefeitura Municipal de Caridade - CE;2303006;CE;DCA-Anexo I-C;NA;Receitas Brutas Realizadas;RO1.7.2.1.01.02.00;1.7.2.1.01.02.00 - Cota-Parte do Fundo de Participação dos Municípios ¿ FPM;17684552,50;21800
2016;Prefeitura Municipal de Caridade - CE;2303006;CE;DCA-Anexo I-C;NA;Deduções - FUNDEB;RO1.7.2.1.01.02.00;1.7.2.1.01.02.00 - Cota-Parte do Fundo de Participação dos Municípios ¿ FPM;3291986,29;21800
2016;Prefeitura Municipal de Caridade - CE;2303006;CE;DCA-Anexo I-C;NA;Receitas Brutas Realizadas;RO1.7.2.1.01.05.00;1.7.2.1.01.05.00 - Cota-Parte do Imposto Sobre a Propriedade Territorial Rural ¿ ITR;31832,95;21800
2016;Prefeitura Municipal de Caridade - CE;2303006;CE;DCA-Anexo I-C;NA;Deduções - FUNDEB;RO1.7.2.1.01.05.00;1.7.2.1.01.05.00 - Cota-Parte do Imposto Sobre a Propriedade Territorial Rural ¿ ITR;6366,49;21800
2016;Prefeitura Municipal de Caridade - CE;2303006;CE;DCA-Anexo I-C;NA;Receitas Brutas Realizadas;RO1.7.2.1.22.00.00;1.7.2.1.22.00.00 - Transferências da Compensação Financeira pela Exploração de Recursos Naturais;170923,43;21800
2016;Prefeitura Municipal de Caridade - CE;2303006;CE;DCA-Anexo I-C;NA;Receitas Brutas Realizadas;RO1.7.2.1.22.20.00;1.7.2.1.22.20.00 - Cota-Parte da Compensação Financeira de Recursos Minerais - CFEM;5530,62;21800
2016;Prefeitura Municipal de Caridade - CE;2303006;CE;DCA-Anexo I-C;NA;Receitas Brutas Realizadas;RO1.7.2.1.22.30.00;1.7.2.1.22.30.00 - Cota-Parte Royalties ¿ Compensação Financeira pela Produção de Petróleo ¿ Lei nº 7.990/89;10202,44;21800
2016;Prefeitura Municipal de Caridade - CE;2303006;CE;DCA-Anexo I-C;NA;Receitas Brutas Realizadas;RO1.7.2.1.22.50.00;1.7.2.1.22.50.00 - Cota-Parte Royalties pela Participação Especial - Lei nº 9.478/97 artigo 50;16707,57;21800
2016;Prefeitura Municipal de Caridade - CE;2303006;CE;DCA-Anexo I-C;NA;Receitas Brutas Realizadas;RO1.7.2.1.22.70.00;1.7.2.1.22.70.00 - Cota-Parte do Fundo Especial do Petróleo ¿ FEP;138482,80;21800
2016;Prefeitura Municipal de Caridade - CE;2303006;CE;DCA-Anexo I-C;NA;Receitas Brutas Realizadas;RO1.7.2.1.33.00.00;1.7.2.1.33.00.00 - Transferências de Recursos do Sistema Único de Saúde - SUS - Repasses Fundo a Fundo;4028718,33;21800
2016;Prefeitura Municipal de Caridade - CE;2303006;CE;DCA-Anexo I-C;NA;Receitas Brutas Realizadas;RO1.7.2.1.34.00.00;1.7.2.1.34.00.00 - Transferências de Recursos do Fundo Nacional de Assistência Social ¿ FNAS;563749,81;21800
2016;Prefeitura Municipal de Caridade - CE;2303006;CE;DCA-Anexo I-C;NA;Receitas Brutas Realizadas;RO1.7.2.1.35.00.00;1.7.2.1.35.00.00 - Transferências de Recursos do Fundo Nacional do Desenvolvimento da Educação ¿ FNDE;1129153,39;21800
2016;Prefeitura Municipal de Caridade - CE;2303006;CE;DCA-Anexo I-C;NA;Receitas Brutas Realizadas;RO1.7.2.1.36.00.00;1.7.2.1.36.00.00 - Transferências Financeiras do ICMS ¿ Desoneração ¿ L.C. Nº 87/96;15634,68;21800
2016;Prefeitura Municipal de Caridade - CE;2303006;CE;DCA-Anexo I-C;NA;Deduções - FUNDEB;RO1.7.2.1.36.00.00;1.7.2.1.36.00.00 - Transferências Financeiras do ICMS ¿ Desoneração ¿ L.C. Nº 87/96;3126,84;21800
2016;Prefeitura Municipal de Caridade - CE;2303006;CE;DCA-Anexo I-C;NA;Receitas Brutas Realizadas;RO1.7.2.1.99.00.00;1.7.2.1.99.00.00 - Outras Transferências da União;282869,97;21800
2016;Prefeitura Municipal de Caridade - CE;2303006;CE;DCA-Anexo I-C;NA;Receitas Brutas Realizadas;RO1.7.2.2.00.00.00;1.7.2.2.00.00.00 - Transferências dos Estados;5662816,38;21800
2016;Prefeitura Municipal de Caridade - CE;2303006;CE;DCA-Anexo I-C;NA;Deduções - FUNDEB;RO1.7.2.2.00.00.00;1.7.2.2.00.00.00 - Transferências dos Estados;1013762,95;21800
2016;Prefeitura Municipal de Caridade - CE;2303006;CE;DCA-Anexo I-C;NA;Receitas Brutas Realizadas;RO1.7.2.2.01.00.00;1.7.2.2.01.00.00 - Participação na Receita dos Estados;5105020,94;21800
2016;Prefeitura Municipal de Caridade - CE;2303006;CE;DCA-Anexo I-C;NA;Deduções - FUNDEB;RO1.7.2.2.01.00.00;1.7.2.2.01.00.00 - Participação na Receita dos Estados;1013762,95;21800
2016;Prefeitura Municipal de Caridade - CE;2303006;CE;DCA-Anexo I-C;NA;Receitas Brutas Realizadas;RO1.7.2.2.01.01.00;1.7.2.2.01.01.00 - Cota-Parte do ICMS;4831882,46;21800
2016;Prefeitura Municipal de Caridade - CE;2303006;CE;DCA-Anexo I-C;NA;Deduções - FUNDEB;RO1.7.2.2.01.01.00;1.7.2.2.01.01.00 - Cota-Parte do ICMS;966376,38;21800
2016;Prefeitura Municipal de Caridade - CE;2303006;CE;DCA-Anexo I-C;NA;Receitas Brutas Realizadas;RO1.7.2.2.01.02.00;1.7.2.2.01.02.00 - Cota-Parte do IPVA;222053,13;21800
2016;Prefeitura Municipal de Caridade - CE;2303006;CE;DCA-Anexo I-C;NA;Deduções - FUNDEB;RO1.7.2.2.01.02.00;1.7.2.2.01.02.00 - Cota-Parte do IPVA;44410,46;21800
2016;Prefeitura Municipal de Caridade - CE;2303006;CE;DCA-Anexo I-C;NA;Receitas Brutas Realizadas;RO1.7.2.2.01.04.00;1.7.2.2.01.04.00 - Cota-Parte do IPI - Municípios;14881,00;21800
2016;Prefeitura Municipal de Caridade - CE;2303006;CE;DCA-Anexo I-C;NA;Deduções - FUNDEB;RO1.7.2.2.01.04.00;1.7.2.2.01.04.00 - Cota-Parte do IPI - Municípios;2976,11;21800
2016;Prefeitura Municipal de Caridade - CE;2303006;CE;DCA-Anexo I-C;NA;Receitas Brutas Realizadas;RO1.7.2.2.01.13.00;1.7.2.2.01.13.00 - Cota-Parte da Contribuição de Intervenção no Domínio Econômico;36204,35;21800
2016;Prefeitura Municipal de Caridade - CE;2303006;CE;DCA-Anexo I-C;NA;Receitas Brutas Realizadas;RO1.7.2.2.99.00.00;1.7.2.2.99.00.00 - Outras Transferências dos Estados;557795,44;21800
2016;Prefeitura Municipal de Caridade - CE;2303006;CE;DCA-Anexo I-C;NA;Receitas Brutas Realizadas;RO1.7.2.4.00.00.00;1.7.2.4.00.00.00 - Transferências Multigovernamentais;13582748,00;21800
2016;Prefeitura Municipal de Caridade - CE;2303006;CE;DCA-Anexo I-C;NA;Receitas Brutas Realizadas;RO1.7.2.4.01.00.00;1.7.2.4.01.00.00 - Transferências de Recursos do Fundo de Manutenção e Desenvolvimento do Ensino Fundamental e de Valorização do Magistério - FUNDEB;10673564,84;21800
2016;Prefeitura Municipal de Caridade - CE;2303006;CE;DCA-Anexo I-C;NA;Receitas Brutas Realizadas;RO1.7.2.4.02.00.00;1.7.2.4.02.00.00 - Transferências de Recursos da Complementação ao Fundo de Manutenção e Desenvolvimento do Ensino Fundamental e de Valorização do Magistério - FUNDEB;2909183,16;21800
2016;Prefeitura Municipal de Caridade - CE;2303006;CE;DCA-Anexo I-C;NA;Receitas Brutas Realizadas;RO1.7.6.0.00.00.00;1.7.6.0.00.00.00 - Transferências de Convênios;938180,09;21800
2016;Prefeitura Municipal de Caridade - CE;2303006;CE;DCA-Anexo I-C;NA;Receitas Brutas Realizadas;RO1.7.6.1.00.00.00;1.7.6.1.00.00.00 - Transferências de Convênios da União e de Suas Entidades;32534,30;21800
2016;Prefeitura Municipal de Caridade - CE;2303006;CE;DCA-Anexo I-C;NA;Receitas Brutas Realizadas;RO1.7.6.1.02.00.00;1.7.6.1.02.00.00 - Transferências de Convênios da União Destinadas a Programas de Educação;32534,30;21800
2016;Prefeitura Municipal de Caridade - CE;2303006;CE;DCA-Anexo I-C;NA;Receitas Brutas Realizadas;RO1.7.6.2.00.00.00;1.7.6.2.00.00.00 - Transferências de Convênios dos Estados e do Distrito Federal e de Suas Entidades;905645,79;21800
2016;Prefeitura Municipal de Caridade - CE;2303006;CE;DCA-Anexo I-C;NA;Receitas Brutas Realizadas;RO1.7.6.2.01.00.00;1.7.6.2.01.00.00 - Transferências de Convênios dos Estados para o Sistema Único de Saúde - SUS;436994,79;21800
2016;Prefeitura Municipal de Caridade - CE;2303006;CE;DCA-Anexo I-C;NA;Receitas Brutas Realizadas;RO1.7.6.2.02.00.00;1.7.6.2.02.00.00 - Transferências de Convênios dos Estados Destinadas a Programas de Educação;32151,00;21800
2016;Prefeitura Municipal de Caridade - CE;2303006;CE;DCA-Anexo I-C;NA;Receitas Brutas Realizadas;RO1.7.6.2.99.00.00;1.7.6.2.99.00.00 - Outras Transferências de Convênios dos Estados;436500,00;21800
2016;Prefeitura Municipal de Caridade - CE;2303006;CE;DCA-Anexo I-C;NA;Receitas Brutas Realizadas;RO1.9.0.0.00.00.00;1.9.0.0.00.00.00 - Outras Receitas Correntes;294163,69;21800
2016;Prefeitura Municipal de Caridade - CE;2303006;CE;DCA-Anexo I-C;NA;Receitas Brutas Realizadas;RO1.9.2.0.00.00.00;1.9.2.0.00.00.00 - Indenizações e Restituições;294163,69;21800
2016;Prefeitura Municipal de Caridade - CE;2303006;CE;DCA-Anexo I-C;NA;Receitas Brutas Realizadas;RO1.9.2.2.00.00.00;1.9.2.2.00.00.00 - Restituições;294163,69;21800
2016;Prefeitura Municipal de Caridade - CE;2303006;CE;DCA-Anexo I-C;NA;Receitas Brutas Realizadas;RO1.9.2.2.99.00.00;1.9.2.2.99.00.00 - Outras Restituições;294163,69;21800
2017;Prefeitura Municipal de Caridade - CE;2303006;CE;DCA-Anexo I-C;Padrão;Receitas Brutas Realizadas;TotalReceitas;Total Receitas;42361988,69;22065
2017;Prefeitura Municipal de Caridade - CE;2303006;CE;DCA-Anexo I-C;Padrão;Deduções - FUNDEB;TotalReceitas;Total Receitas;4045526,12;22065
2017;Prefeitura Municipal de Caridade - CE;2303006;CE;DCA-Anexo I-C;Padrão;Receitas Brutas Realizadas;RO1.0.0.0.00.00.00;1.0.0.0.00.00.00 - Receitas Correntes;42352625,01;22065
2017;Prefeitura Municipal de Caridade - CE;2303006;CE;DCA-Anexo I-C;Padrão;Deduções - FUNDEB;RO1.0.0.0.00.00.00;1.0.0.0.00.00.00 - Receitas Correntes;4045526,12;22065
2017;Prefeitura Municipal de Caridade - CE;2303006;CE;DCA-Anexo I-C;Padrão;Receitas Brutas Realizadas;RO1.1.0.0.00.00.00;1.1.0.0.00.00.00 - Receita Tributária;1515817,45;22065
2017;Prefeitura Municipal de Caridade - CE;2303006;CE;DCA-Anexo I-C;Padrão;Receitas Brutas Realizadas;RO1.1.1.0.00.00.00;1.1.1.0.00.00.00 - Impostos;1490395,38;22065
2017;Prefeitura Municipal de Caridade - CE;2303006;CE;DCA-Anexo I-C;Padrão;Receitas Brutas Realizadas;RO1.1.1.2.00.00.00;1.1.1.2.00.00.00 - Impostos sobre o Patrimônio e a Renda;688312,35;22065
2017;Prefeitura Municipal de Caridade - CE;2303006;CE;DCA-Anexo I-C;Padrão;Receitas Brutas Realizadas;RO1.1.1.2.02.00.00;1.1.1.2.02.00.00 - Imposto sobre a Propriedade Predial e Territorial Urbana ¿ IPTU;4814,60;22065
2017;Prefeitura Municipal de Caridade - CE;2303006;CE;DCA-Anexo I-C;Padrão;Receitas Brutas Realizadas;RO1.1.1.2.04.00.00;1.1.1.2.04.00.00 - Imposto sobre a Renda e Proventos de Qualquer Natureza ¿ IR;663147,75;22065
2017;Prefeitura Municipal de Caridade - CE;2303006;CE;DCA-Anexo I-C;Padrão;Receitas Brutas Realizadas;RO1.1.1.2.04.31.00;1.1.1.2.04.31.00 - Retido nas Fontes - Trabalho;127424,52;22065
2017;Prefeitura Municipal de Caridade - CE;2303006;CE;DCA-Anexo I-C;Padrão;Receitas Brutas Realizadas;RO1.1.1.2.04.34.00;1.1.1.2.04.34.00 - Retido nas Fontes - Outros Rendimentos;535723,23;22065
2017;Prefeitura Municipal de Caridade - CE;2303006;CE;DCA-Anexo I-C;Padrão;Receitas Brutas Realizadas;RO1.1.1.2.08.00.00;"1.1.1.2.08.00.00 - Imposto sobre Transmissão ""Inter Vivos"" de Bens Imóveis e de Direitos Reais sobre Imóveis ¿ ITBI";20350,00;22065
2017;Prefeitura Municipal de Caridade - CE;2303006;CE;DCA-Anexo I-C;Padrão;Receitas Brutas Realizadas;RO1.1.1.3.00.00.00;1.1.1.3.00.00.00 - Impostos sobre a Produção e a Circulação;802083,03;22065
2017;Prefeitura Municipal de Caridade - CE;2303006;CE;DCA-Anexo I-C;Padrão;Receitas Brutas Realizadas;RO1.1.1.3.05.00.00;1.1.1.3.05.00.00 - Imposto sobre Serviços de Qualquer Natureza ¿ ISSQN;802083,03;22065
2017;Prefeitura Municipal de Caridade - CE;2303006;CE;DCA-Anexo I-C;Padrão;Receitas Brutas Realizadas;RO1.1.2.0.00.00.00;1.1.2.0.00.00.00 - Taxas;25422,07;22065
2017;Prefeitura Municipal de Caridade - CE;2303006;CE;DCA-Anexo I-C;Padrão;Receitas Brutas Realizadas;RO1.1.2.2.00.00.00;1.1.2.2.00.00.00 - Taxas pela Prestação de Serviços;25422,07;22065
2017;Prefeitura Municipal de Caridade - CE;2303006;CE;DCA-Anexo I-C;Padrão;Receitas Brutas Realizadas;RO1.1.2.2.99.00.00;1.1.2.2.99.00.00 - Outras Taxas pela Prestação de Serviços;25422,07;22065
2017;Prefeitura Municipal de Caridade - CE;2303006;CE;DCA-Anexo I-C;Padrão;Receitas Brutas Realizadas;RO1.2.0.0.00.00.00;1.2.0.0.00.00.00 - Receitas de Contribuições;784426,70;22065
2017;Prefeitura Municipal de Caridade - CE;2303006;CE;DCA-Anexo I-C;Padrão;Receitas Brutas Realizadas;RO1.2.1.0.00.00.00;1.2.1.0.00.00.00 - Contribuições Sociais;441722,70;22065
2017;Prefeitura Municipal de Caridade - CE;2303006;CE;DCA-Anexo I-C;Padrão;Receitas Brutas Realizadas;RO1.2.1.0.29.00.00;1.2.1.0.29.00.00 - Contribuições para o Regime Próprio de Previdência do Servidor Público;441722,70;22065
2017;Prefeitura Municipal de Caridade - CE;2303006;CE;DCA-Anexo I-C;Padrão;Receitas Brutas Realizadas;RO1.2.1.0.29.07.00;1.2.1.0.29.07.00 - Contribuição do Servidor Ativo Civil para o Regime Próprio;441722,70;22065
2017;Prefeitura Municipal de Caridade - CE;2303006;CE;DCA-Anexo I-C;Padrão;Receitas Brutas Realizadas;RO1.2.3.0.00.00.00;1.2.3.0.00.00.00 - Contribuição para Custeio do Serviço de Iluminação Pública;342704,00;22065
2017;Prefeitura Municipal de Caridade - CE;2303006;CE;DCA-Anexo I-C;Padrão;Receitas Brutas Realizadas;RO1.3.0.0.00.00.00;1.3.0.0.00.00.00 - Receita Patrimonial;169262,39;22065
2017;Prefeitura Municipal de Caridade - CE;2303006;CE;DCA-Anexo I-C;Padrão;Receitas Brutas Realizadas;RO1.3.2.0.00.00.00;1.3.2.0.00.00.00 - Receitas de Valores Mobiliários;169262,39;22065
2017;Prefeitura Municipal de Caridade - CE;2303006;CE;DCA-Anexo I-C;Padrão;Receitas Brutas Realizadas;RO1.3.2.5.00.00.00;1.3.2.5.00.00.00 - Remuneração de Depósitos Bancários;133467,96;22065
2017;Prefeitura Municipal de Caridade - CE;2303006;CE;DCA-Anexo I-C;Padrão;Receitas Brutas Realizadas;RO1.3.2.8.00.00.00;1.3.2.8.00.00.00 - Remuneração dos Investimentos do Regime Próprio de Previdência do Servidor;35794,43;22065
2017;Prefeitura Municipal de Caridade - CE;2303006;CE;DCA-Anexo I-C;Padrão;Receitas Brutas Realizadas;RO1.7.0.0.00.00.00;1.7.0.0.00.00.00 - Transferências Correntes;39581164,48;22065
2017;Prefeitura Municipal de Caridade - CE;2303006;CE;DCA-Anexo I-C;Padrão;Deduções - FUNDEB;RO1.7.0.0.00.00.00;1.7.0.0.00.00.00 - Transferências Correntes;4045526,12;22065
2017;Prefeitura Municipal de Caridade - CE;2303006;CE;DCA-Anexo I-C;Padrão;Receitas Brutas Realizadas;RO1.7.2.0.00.00.00;1.7.2.0.00.00.00 - Transferências Intergovernamentais;38586190,30;22065
2017;Prefeitura Municipal de Caridade - CE;2303006;CE;DCA-Anexo I-C;Padrão;Deduções - FUNDEB;RO1.7.2.0.00.00.00;1.7.2.0.00.00.00 - Transferências Intergovernamentais;4045526,12;22065
2017;Prefeitura Municipal de Caridade - CE;2303006;CE;DCA-Anexo I-C;Padrão;Receitas Brutas Realizadas;RO1.7.2.1.00.00.00;1.7.2.1.00.00.00 - Transferências da União;22275016,08;22065
2017;Prefeitura Municipal de Caridade - CE;2303006;CE;DCA-Anexo I-C;Padrão;Deduções - FUNDEB;RO1.7.2.1.00.00.00;1.7.2.1.00.00.00 - Transferências da União;3128601,03;22065
2017;Prefeitura Municipal de Caridade - CE;2303006;CE;DCA-Anexo I-C;Padrão;Receitas Brutas Realizadas;RO1.7.2.1.01.00.00;1.7.2.1.01.00.00 - Participação na Receita da União;17040344,49;22065
2017;Prefeitura Municipal de Caridade - CE;2303006;CE;DCA-Anexo I-C;Padrão;Deduções - FUNDEB;RO1.7.2.1.01.00.00;1.7.2.1.01.00.00 - Participação na Receita da União;3126053,07;22065
2017;Prefeitura Municipal de Caridade - CE;2303006;CE;DCA-Anexo I-C;Padrão;Receitas Brutas Realizadas;RO1.7.2.1.01.02.00;1.7.2.1.01.02.00 - Cota-Parte do Fundo de Participação dos Municípios ¿ FPM;17021657,83;22065
2017;Prefeitura Municipal de Caridade - CE;2303006;CE;DCA-Anexo I-C;Padrão;Deduções - FUNDEB;RO1.7.2.1.01.02.00;1.7.2.1.01.02.00 - Cota-Parte do Fundo de Participação dos Municípios ¿ FPM;3122315,85;22065
2017;Prefeitura Municipal de Caridade - CE;2303006;CE;DCA-Anexo I-C;Padrão;Receitas Brutas Realizadas;RO1.7.2.1.01.05.00;1.7.2.1.01.05.00 - Cota-Parte do Imposto Sobre a Propriedade Territorial Rural ¿ ITR;18686,66;22065
2017;Prefeitura Municipal de Caridade - CE;2303006;CE;DCA-Anexo I-C;Padrão;Deduções - FUNDEB;RO1.7.2.1.01.05.00;1.7.2.1.01.05.00 - Cota-Parte do Imposto Sobre a Propriedade Territorial Rural ¿ ITR;3737,22;22065
2017;Prefeitura Municipal de Caridade - CE;2303006;CE;DCA-Anexo I-C;Padrão;Receitas Brutas Realizadas;RO1.7.2.1.22.00.00;1.7.2.1.22.00.00 - Transferências da Compensação Financeira pela Exploração de Recursos Naturais;207358,94;22065
2017;Prefeitura Municipal de Caridade - CE;2303006;CE;DCA-Anexo I-C;Padrão;Receitas Brutas Realizadas;RO1.7.2.1.22.20.00;1.7.2.1.22.20.00 - Cota-Parte da Compensação Financeira de Recursos Minerais - CFEM;607,23;22065
2017;Prefeitura Municipal de Caridade - CE;2303006;CE;DCA-Anexo I-C;Padrão;Receitas Brutas Realizadas;RO1.7.2.1.22.30.00;1.7.2.1.22.30.00 - Cota-Parte Royalties ¿ Compensação Financeira pela Produção de Petróleo ¿ Lei nº 7.990/89;8770,45;22065
2017;Prefeitura Municipal de Caridade - CE;2303006;CE;DCA-Anexo I-C;Padrão;Receitas Brutas Realizadas;RO1.7.2.1.22.50.00;1.7.2.1.22.50.00 - Cota-Parte Royalties pela Participação Especial - Lei nº 9.478/97 artigo 50;16638,10;22065
2017;Prefeitura Municipal de Caridade - CE;2303006;CE;DCA-Anexo I-C;Padrão;Receitas Brutas Realizadas;RO1.7.2.1.22.70.00;1.7.2.1.22.70.00 - Cota-Parte do Fundo Especial do Petróleo ¿ FEP;181343,16;22065
2017;Prefeitura Municipal de Caridade - CE;2303006;CE;DCA-Anexo I-C;Padrão;Receitas Brutas Realizadas;RO1.7.2.1.33.00.00;1.7.2.1.33.00.00 - Transferências de Recursos do Sistema Único de Saúde - SUS - Repasses Fundo a Fundo;3619662,71;22065
2017;Prefeitura Municipal de Caridade - CE;2303006;CE;DCA-Anexo I-C;Padrão;Receitas Brutas Realizadas;RO1.7.2.1.34.00.00;1.7.2.1.34.00.00 - Transferências de Recursos do Fundo Nacional de Assistência Social ¿ FNAS;599624,71;22065
2017;Prefeitura Municipal de Caridade - CE;2303006;CE;DCA-Anexo I-C;Padrão;Receitas Brutas Realizadas;RO1.7.2.1.35.00.00;1.7.2.1.35.00.00 - Transferências de Recursos do Fundo Nacional do Desenvolvimento da Educação ¿ FNDE;781395,98;22065
2017;Prefeitura Municipal de Caridade - CE;2303006;CE;DCA-Anexo I-C;Padrão;Receitas Brutas Realizadas;RO1.7.2.1.36.00.00;1.7.2.1.36.00.00 - Transferências Financeiras do ICMS ¿ Desoneração ¿ L.C. Nº 87/96;12740,28;22065
2017;Prefeitura Municipal de Caridade - CE;2303006;CE;DCA-Anexo I-C;Padrão;Deduções - FUNDEB;RO1.7.2.1.36.00.00;1.7.2.1.36.00.00 - Transferências Financeiras do ICMS ¿ Desoneração ¿ L.C. Nº 87/96;2547,96;22065
2017;Prefeitura Municipal de Caridade - CE;2303006;CE;DCA-Anexo I-C;Padrão;Receitas Brutas Realizadas;RO1.7.2.1.99.00.00;1.7.2.1.99.00.00 - Outras Transferências da União;13888,97;22065
2017;Prefeitura Municipal de Caridade - CE;2303006;CE;DCA-Anexo I-C;Padrão;Receitas Brutas Realizadas;RO1.7.2.2.00.00.00;1.7.2.2.00.00.00 - Transferências dos Estados;5044740,45;22065
2017;Prefeitura Municipal de Caridade - CE;2303006;CE;DCA-Anexo I-C;Padrão;Deduções - FUNDEB;RO1.7.2.2.00.00.00;1.7.2.2.00.00.00 - Transferências dos Estados;916925,09;22065
2017;Prefeitura Municipal de Caridade - CE;2303006;CE;DCA-Anexo I-C;Padrão;Receitas Brutas Realizadas;RO1.7.2.2.01.00.00;1.7.2.2.01.00.00 - Participação na Receita dos Estados;4634106,58;22065
2017;Prefeitura Municipal de Caridade - CE;2303006;CE;DCA-Anexo I-C;Padrão;Deduções - FUNDEB;RO1.7.2.2.01.00.00;1.7.2.2.01.00.00 - Participação na Receita dos Estados;916925,09;22065
2017;Prefeitura Municipal de Caridade - CE;2303006;CE;DCA-Anexo I-C;Padrão;Receitas Brutas Realizadas;RO1.7.2.2.01.01.00;1.7.2.2.01.01.00 - Cota-Parte do ICMS;4297326,22;22065
2017;Prefeitura Municipal de Caridade - CE;2303006;CE;DCA-Anexo I-C;Padrão;Deduções - FUNDEB;RO1.7.2.2.01.01.00;1.7.2.2.01.01.00 - Cota-Parte do ICMS;859465,08;22065
2017;Prefeitura Municipal de Caridade - CE;2303006;CE;DCA-Anexo I-C;Padrão;Receitas Brutas Realizadas;RO1.7.2.2.01.02.00;1.7.2.2.01.02.00 - Cota-Parte do IPVA;273933,59;22065
2017;Prefeitura Municipal de Caridade - CE;2303006;CE;DCA-Anexo I-C;Padrão;Deduções - FUNDEB;RO1.7.2.2.01.02.00;1.7.2.2.01.02.00 - Cota-Parte do IPVA;54786,53;22065
2017;Prefeitura Municipal de Caridade - CE;2303006;CE;DCA-Anexo I-C;Padrão;Receitas Brutas Realizadas;RO1.7.2.2.01.04.00;1.7.2.2.01.04.00 - Cota-Parte do IPI - Municípios;13367,83;22065
2017;Prefeitura Municipal de Caridade - CE;2303006;CE;DCA-Anexo I-C;Padrão;Deduções - FUNDEB;RO1.7.2.2.01.04.00;1.7.2.2.01.04.00 - Cota-Parte do IPI - Municípios;2673,48;22065
2017;Prefeitura Municipal de Caridade - CE;2303006;CE;DCA-Anexo I-C;Padrão;Receitas Brutas Realizadas;RO1.7.2.2.01.13.00;1.7.2.2.01.13.00 - Cota-Parte da Contribuição de Intervenção no Domínio Econômico;49478,94;22065
2017;Prefeitura Municipal de Caridade - CE;2303006;CE;DCA-Anexo I-C;Padrão;Receitas Brutas Realizadas;RO1.7.2.2.99.00.00;1.7.2.2.99.00.00 - Outras Transferências dos Estados;410633,87;22065
2017;Prefeitura Municipal de Caridade - CE;2303006;CE;DCA-Anexo I-C;Padrão;Receitas Brutas Realizadas;RO1.7.2.4.00.00.00;1.7.2.4.00.00.00 - Transferências Multigovernamentais;11266433,77;22065
2017;Prefeitura Municipal de Caridade - CE;2303006;CE;DCA-Anexo I-C;Padrão;Receitas Brutas Realizadas;RO1.7.2.4.01.00.00;1.7.2.4.01.00.00 - Transferências de Recursos do Fundo de Manutenção e Desenvolvimento do Ensino Fundamental e de Valorização do Magistério - FUNDEB;8949710,69;22065
2017;Prefeitura Municipal de Caridade - CE;2303006;CE;DCA-Anexo I-C;Padrão;Receitas Brutas Realizadas;RO1.7.2.4.02.00.00;1.7.2.4.02.00.00 - Transferências de Recursos da Complementação ao Fundo de Manutenção e Desenvolvimento do Ensino Fundamental e de Valorização do Magistério - FUNDEB;2316723,08;22065
2017;Prefeitura Municipal de Caridade - CE;2303006;CE;DCA-Anexo I-C;Padrão;Receitas Brutas Realizadas;RO1.7.6.0.00.00.00;1.7.6.0.00.00.00 - Transferências de Convênios;994974,18;22065
2017;Prefeitura Municipal de Caridade - CE;2303006;CE;DCA-Anexo I-C;Padrão;Receitas Brutas Realizadas;RO1.7.6.1.00.00.00;1.7.6.1.00.00.00 - Transferências de Convênios da União e de Suas Entidades;581113,42;22065
2017;Prefeitura Municipal de Caridade - CE;2303006;CE;DCA-Anexo I-C;Padrão;Receitas Brutas Realizadas;RO1.7.6.1.02.00.00;1.7.6.1.02.00.00 - Transferências de Convênios da União Destinadas a Programas de Educação;581113,42;22065
2017;Prefeitura Municipal de Caridade - CE;2303006;CE;DCA-Anexo I-C;Padrão;Receitas Brutas Realizadas;RO1.7.6.2.00.00.00;1.7.6.2.00.00.00 - Transferências de Convênios dos Estados e do Distrito Federal e de Suas Entidades;413860,76;22065
2017;Prefeitura Municipal de Caridade - CE;2303006;CE;DCA-Anexo I-C;Padrão;Receitas Brutas Realizadas;RO1.7.6.2.01.00.00;1.7.6.2.01.00.00 - Transferências de Convênios dos Estados para o Sistema Único de Saúde - SUS;166675,92;22065
2017;Prefeitura Municipal de Caridade - CE;2303006;CE;DCA-Anexo I-C;Padrão;Receitas Brutas Realizadas;RO1.7.6.2.02.00.00;1.7.6.2.02.00.00 - Transferências de Convênios dos Estados Destinadas a Programas de Educação;214700,35;22065
2017;Prefeitura Municipal de Caridade - CE;2303006;CE;DCA-Anexo I-C;Padrão;Receitas Brutas Realizadas;RO1.7.6.2.99.00.00;1.7.6.2.99.00.00 - Outras Transferências de Convênios dos Estados;32484,49;22065
2017;Prefeitura Municipal de Caridade - CE;2303006;CE;DCA-Anexo I-C;Padrão;Receitas Brutas Realizadas;RO1.9.0.0.00.00.00;1.9.0.0.00.00.00 - Outras Receitas Correntes;301953,99;22065
2017;Prefeitura Municipal de Caridade - CE;2303006;CE;DCA-Anexo I-C;Padrão;Receitas Brutas Realizadas;RO1.9.2.0.00.00.00;1.9.2.0.00.00.00 - Indenizações e Restituições;301953,99;22065
2017;Prefeitura Municipal de Caridade - CE;2303006;CE;DCA-Anexo I-C;Padrão;Receitas Brutas Realizadas;RO1.9.2.2.00.00.00;1.9.2.2.00.00.00 - Restituições;301953,99;22065
2017;Prefeitura Municipal de Caridade - CE;2303006;CE;DCA-Anexo I-C;Padrão;Receitas Brutas Realizadas;RO1.9.2.2.99.00.00;1.9.2.2.99.00.00 - Outras Restituições;301953,99;22065
2017;Prefeitura Municipal de Caridade - CE;2303006;CE;DCA-Anexo I-C;Padrão;Receitas Brutas Realizadas;RO2.0.0.0.00.00.00;2.0.0.0.00.00.00 - Receitas de Capital;3150,00;22065
2017;Prefeitura Municipal de Caridade - CE;2303006;CE;DCA-Anexo I-C;Padrão;Receitas Brutas Realizadas;RO2.4.0.0.00.00.00;2.4.0.0.00.00.00 - Transferências de Capital;3150,00;22065
2017;Prefeitura Municipal de Caridade - CE;2303006;CE;DCA-Anexo I-C;Padrão;Receitas Brutas Realizadas;RO2.4.7.0.00.00.00;2.4.7.0.00.00.00 - Transferências de Convênios;3150,00;22065
2017;Prefeitura Municipal de Caridade - CE;2303006;CE;DCA-Anexo I-C;Padrão;Receitas Brutas Realizadas;RO2.4.7.2.00.00.00;2.4.7.2.00.00.00 - Transferências de Convênios dos Estados e do Distrito Federal e de suas Entidades;3150,00;22065
2017;Prefeitura Municipal de Caridade - CE;2303006;CE;DCA-Anexo I-C;Padrão;Receitas Brutas Realizadas;RO2.4.7.2.99.00.00;2.4.7.2.99.00.00 - Outras Transferências de Convênios dos Estados;3150,00;22065
2017;Prefeitura Municipal de Caridade - CE;2303006;CE;DCA-Anexo I-C;Padrão;Receitas Brutas Realizadas;RI7.0.0.0.00.00.00;7.0.0.0.00.00.00 - Receitas Correntes Intraorçamentárias;6213,68;22065
2017;Prefeitura Municipal de Caridade - CE;2303006;CE;DCA-Anexo I-C;Padrão;Receitas Brutas Realizadas;RI7.2.0.0.00.00.00;7.2.0.0.00.00.00 - Receitas de Contribuições Intraorçamentárias;6213,68;22065
2017;Prefeitura Municipal de Caridade - CE;2303006;CE;DCA-Anexo I-C;Padrão;Receitas Brutas Realizadas;RI7.2.1.0.00.00.00;7.2.1.0.00.00.00 - Contribuições Sociais Intraorçamentárias;6213,68;22065
2017;Prefeitura Municipal de Caridade - CE;2303006;CE;DCA-Anexo I-C;Padrão;Receitas Brutas Realizadas;RI7.2.1.0.29.00.00;7.2.1.0.29.00.00 - Contribuições para o Regime Próprio de Previdência do Servidor Público Intraorçamentárias;6213,68;22065
2017;Prefeitura Municipal de Caridade - CE;2303006;CE;DCA-Anexo I-C;Padrão;Receitas Brutas Realizadas;RI7.2.1.0.29.01.00;7.2.1.0.29.01.00 - Contribuição Patronal de Servidor Ativo Civil para o Regime Próprio Intraorçamentária;6213,68;22065
2018;Prefeitura Municipal de Caridade - CE;2303006;CE;DCA-Anexo I-C;Padrão;Receitas Brutas Realizadas;TotalReceitas;Total Receitas;66371397,00;22065
2018;Prefeitura Municipal de Caridade - CE;2303006;CE;DCA-Anexo I-C;Padrão;Deduções - FUNDEB;TotalReceitas;Total Receitas;4324139,71;22065
2018;Prefeitura Municipal de Caridade - CE;2303006;CE;DCA-Anexo I-C;Padrão;Receitas Brutas Realizadas;RO1.0.0.0.00.0.0;1.0.0.0.00.0.0 - Receitas Correntes;65500576,95;22065
2018;Prefeitura Municipal de Caridade - CE;2303006;CE;DCA-Anexo I-C;Padrão;Deduções - FUNDEB;RO1.0.0.0.00.0.0;1.0.0.0.00.0.0 - Receitas Correntes;4324139,71;22065
2018;Prefeitura Municipal de Caridade - CE;2303006;CE;DCA-Anexo I-C;Padrão;Receitas Brutas Realizadas;RO1.1.0.0.00.0.0;1.1.0.0.00.0.0 - Impostos, Taxas e Contribuições de Melhoria;1157520,18;22065
2018;Prefeitura Municipal de Caridade - CE;2303006;CE;DCA-Anexo I-C;Padrão;Receitas Brutas Realizadas;RO1.1.1.0.00.0.0;1.1.1.0.00.0.0 - Impostos;1081940,70;22065
2018;Prefeitura Municipal de Caridade - CE;2303006;CE;DCA-Anexo I-C;Padrão;Receitas Brutas Realizadas;RO1.1.1.3.00.0.0;1.1.1.3.00.0.0 - Impostos sobre a Renda e Proventos de Qualquer Natureza;385423,02;22065
2018;Prefeitura Municipal de Caridade - CE;2303006;CE;DCA-Anexo I-C;Padrão;Receitas Brutas Realizadas;RO1.1.1.3.03.0.0;1.1.1.3.03.0.0 - Imposto sobre a Renda - Retido na Fonte;385423,02;22065
2018;Prefeitura Municipal de Caridade - CE;2303006;CE;DCA-Anexo I-C;Padrão;Receitas Brutas Realizadas;RO1.1.1.3.03.1.0;1.1.1.3.03.1.0 - Imposto sobre a Renda - Retido na Fonte - Trabalho;385423,02;22065
2018;Prefeitura Municipal de Caridade - CE;2303006;CE;DCA-Anexo I-C;Padrão;Receitas Brutas Realizadas;RO1.1.1.8.00.0.0;1.1.1.8.00.0.0 Impostos Específicos de Estados, DF e Municípios;696517,68;22065
2018;Prefeitura Municipal de Caridade - CE;2303006;CE;DCA-Anexo I-C;Padrão;Receitas Brutas Realizadas;RO1.1.1.8.01.0.0;1.1.1.8.01.0.0 Impostos sobre o Patrimônio para Estados/DF/Municípios;13642,94;22065
2018;Prefeitura Municipal de Caridade - CE;2303006;CE;DCA-Anexo I-C;Padrão;Receitas Brutas Realizadas;RO1.1.1.8.01.1.0;1.1.1.8.01.1.0 Imposto sobre a Propriedade Predial e Territorial Urbana;13642,94;22065
2018;Prefeitura Municipal de Caridade - CE;2303006;CE;DCA-Anexo I-C;Padrão;Receitas Brutas Realizadas;RO1.1.1.8.02.0.0;1.1.1.8.02.0.0 Impostos sobre a Produção, Circulação de Mercadorias e Serviços;682874,74;22065
2018;Prefeitura Municipal de Caridade - CE;2303006;CE;DCA-Anexo I-C;Padrão;Receitas Brutas Realizadas;RO1.1.1.8.02.1.0;1.1.1.8.02.1.0 Imposto sobre Operações Relativas à Circulação de Mercadorias e sobre Prestações de Serviços de Transporte Interestadual e Intermunicipal e de Comunicação;682874,74;22065
2018;Prefeitura Municipal de Caridade - CE;2303006;CE;DCA-Anexo I-C;Padrão;Receitas Brutas Realizadas;RO1.1.2.0.00.0.0;1.1.2.0.00.0.0 - Taxas;75579,48;22065
2018;Prefeitura Municipal de Caridade - CE;2303006;CE;DCA-Anexo I-C;Padrão;Receitas Brutas Realizadas;RO1.1.2.1.00.0.0;1.1.2.1.00.0.0 - Taxas pelo Exercício do Poder de Polícia;52453,80;22065
2018;Prefeitura Municipal de Caridade - CE;2303006;CE;DCA-Anexo I-C;Padrão;Receitas Brutas Realizadas;RO1.1.2.1.01.0.0;1.1.2.1.01.0.0 - Taxas de Inspeção, Controle e Fiscalização;52453,80;22065
2018;Prefeitura Municipal de Caridade - CE;2303006;CE;DCA-Anexo I-C;Padrão;Receitas Brutas Realizadas;RO1.1.2.2.00.0.0;1.1.2.2.00.0.0 - Taxas pela Prestação de Serviços;23125,68;22065
2018;Prefeitura Municipal de Caridade - CE;2303006;CE;DCA-Anexo I-C;Padrão;Receitas Brutas Realizadas;RO1.1.2.2.01.0.0;1.1.2.2.01.0.0 - Taxas pela Prestação de Serviços;23125,68;22065
2018;Prefeitura Municipal de Caridade - CE;2303006;CE;DCA-Anexo I-C;Padrão;Receitas Brutas Realizadas;RO1.2.0.0.00.0.0;1.2.0.0.00.0.0 - Contribuições;2209800,51;22065
2018;Prefeitura Municipal de Caridade - CE;2303006;CE;DCA-Anexo I-C;Padrão;Receitas Brutas Realizadas;RO1.2.1.0.00.0.0;1.2.1.0.00.0.0 - Contribuições Sociais;1792082,73;22065
2018;Prefeitura Municipal de Caridade - CE;2303006;CE;DCA-Anexo I-C;Padrão;Receitas Brutas Realizadas;RO1.2.1.0.04.0.0;1.2.1.0.04.0.0 - Contribuição para o Regime Próprio de Previdência Social - RPPS;1792082,73;22065
2018;Prefeitura Municipal de Caridade - CE;2303006;CE;DCA-Anexo I-C;Padrão;Receitas Brutas Realizadas;RO1.2.1.0.04.1.0;1.2.1.0.04.1.0 - Contribuição Patronal de Servidor Ativo Civil para o RPPS;1792082,73;22065
2018;Prefeitura Municipal de Caridade - CE;2303006;CE;DCA-Anexo I-C;Padrão;Receitas Brutas Realizadas;RO1.2.4.0.00.0.0;1.2.4.0.00.0.0 - Contribuição para o Custeio do Serviço de Iluminação Pública;417717,78;22065
2018;Prefeitura Municipal de Caridade - CE;2303006;CE;DCA-Anexo I-C;Padrão;Receitas Brutas Realizadas;RO1.3.0.0.00.0.0;1.3.0.0.00.0.0 - Receita Patrimonial;151215,20;22065
2018;Prefeitura Municipal de Caridade - CE;2303006;CE;DCA-Anexo I-C;Padrão;Receitas Brutas Realizadas;RO1.3.2.0.00.0.0;1.3.2.0.00.0.0 - Valores Mobiliários;151215,20;22065
2018;Prefeitura Municipal de Caridade - CE;2303006;CE;DCA-Anexo I-C;Padrão;Receitas Brutas Realizadas;RO1.3.2.1.00.0.0;1.3.2.1.00.0.0 - Juros e Correções Monetárias;151215,20;22065
2018;Prefeitura Municipal de Caridade - CE;2303006;CE;DCA-Anexo I-C;Padrão;Receitas Brutas Realizadas;RO1.3.2.1.00.1.0;1.3.2.1.00.1.0 - Remuneração de Depósitos Bancários;151215,20;22065
2018;Prefeitura Municipal de Caridade - CE;2303006;CE;DCA-Anexo I-C;Padrão;Receitas Brutas Realizadas;RO1.7.0.0.00.0.0;1.7.0.0.00.0.0 - Transferências Correntes;61680893,94;22065
2018;Prefeitura Municipal de Caridade - CE;2303006;CE;DCA-Anexo I-C;Padrão;Deduções - FUNDEB;RO1.7.0.0.00.0.0;1.7.0.0.00.0.0 - Transferências Correntes;4324139,71;22065
2018;Prefeitura Municipal de Caridade - CE;2303006;CE;DCA-Anexo I-C;Padrão;Receitas Brutas Realizadas;RO1.7.1.0.00.0.0;1.7.1.0.00.0.0 - Transferências da União e de suas Entidades;43394845,13;22065
2018;Prefeitura Municipal de Caridade - CE;2303006;CE;DCA-Anexo I-C;Padrão;Deduções - FUNDEB;RO1.7.1.0.00.0.0;1.7.1.0.00.0.0 - Transferências da União e de suas Entidades;3352367,25;22065
2018;Prefeitura Municipal de Caridade - CE;2303006;CE;DCA-Anexo I-C;Padrão;Receitas Brutas Realizadas;RO1.7.1.8.00.0.0;1.7.1.8.00.0.0 Transferências da União - Específicas de Estados, DF e Municípios;43394845,13;22065
2018;Prefeitura Municipal de Caridade - CE;2303006;CE;DCA-Anexo I-C;Padrão;Deduções - FUNDEB;RO1.7.1.8.00.0.0;1.7.1.8.00.0.0 Transferências da União - Específicas de Estados, DF e Municípios;3352367,25;22065
2018;Prefeitura Municipal de Caridade - CE;2303006;CE;DCA-Anexo I-C;Padrão;Receitas Brutas Realizadas;RO1.7.1.8.01.0.0;1.7.1.8.01.0.0 Participação na Receita da União;18217410,53;22065
2018;Prefeitura Municipal de Caridade - CE;2303006;CE;DCA-Anexo I-C;Padrão;Deduções - FUNDEB;RO1.7.1.8.01.0.0;1.7.1.8.01.0.0 Participação na Receita da União;3349909,17;22065
2018;Prefeitura Municipal de Caridade - CE;2303006;CE;DCA-Anexo I-C;Padrão;Receitas Brutas Realizadas;RO1.7.1.8.01.2.0;1.7.1.8.01.2.0 Cota-Parte do Fundo de Participação dos Municípios - Cota Mensal;18217410,53;22065
2018;Prefeitura Municipal de Caridade - CE;2303006;CE;DCA-Anexo I-C;Padrão;Deduções - FUNDEB;RO1.7.1.8.01.2.0;1.7.1.8.01.2.0 Cota-Parte do Fundo de Participação dos Municípios - Cota Mensal;3349909,17;22065
2018;Prefeitura Municipal de Caridade - CE;2303006;CE;DCA-Anexo I-C;Padrão;Receitas Brutas Realizadas;RO1.7.1.8.02.0.0;1.7.1.8.02.0.0 Transferência da Compensação Financeira pela Exploração de Recursos Naturais;320914,97;22065
2018;Prefeitura Municipal de Caridade - CE;2303006;CE;DCA-Anexo I-C;Padrão;Receitas Brutas Realizadas;RO1.7.1.8.02.6.0;1.7.1.8.02.6.0 Cota-Parte do Fundo Especial do Petróleo ¿ FEP;320914,97;22065
2018;Prefeitura Municipal de Caridade - CE;2303006;CE;DCA-Anexo I-C;Padrão;Receitas Brutas Realizadas;RO1.7.1.8.03.0.0;1.7.1.8.03.0.0 Transferência de Recursos do Sistema Único de Saúde ¿ SUS ¿ Repasses Fundo a Fundo;5376009,17;22065
2018;Prefeitura Municipal de Caridade - CE;2303006;CE;DCA-Anexo I-C;Padrão;Receitas Brutas Realizadas;RO1.7.1.8.04.0.0;1.7.1.8.04.0.0 Transferências de Recursos do Fundo Nacional de Assistência Social ¿ FNAS;692363,03;22065
2018;Prefeitura Municipal de Caridade - CE;2303006;CE;DCA-Anexo I-C;Padrão;Receitas Brutas Realizadas;RO1.7.1.8.05.0.0;1.7.1.8.05.0.0 Transferências de Recursos do Fundo Nacional do Desenvolvimento da Educação ¿ FNDE;1613774,38;22065
2018;Prefeitura Municipal de Caridade - CE;2303006;CE;DCA-Anexo I-C;Padrão;Receitas Brutas Realizadas;RO1.7.1.8.05.3.0;1.7.1.8.05.3.0 Transferências Diretas do FNDE referentes ao Programa Nacional de Alimentação Escolar ¿ PNAE;1613774,38;22065
2018;Prefeitura Municipal de Caridade - CE;2303006;CE;DCA-Anexo I-C;Padrão;Receitas Brutas Realizadas;RO1.7.1.8.06.0.0;1.7.1.8.06.0.0 Transferência Financeira do ICMS ¿ Desoneração ¿ L.C. Nº 87/96;12290,52;22065
2018;Prefeitura Municipal de Caridade - CE;2303006;CE;DCA-Anexo I-C;Padrão;Deduções - FUNDEB;RO1.7.1.8.06.0.0;1.7.1.8.06.0.0 Transferência Financeira do ICMS ¿ Desoneração ¿ L.C. Nº 87/96;2458,08;22065
2018;Prefeitura Municipal de Caridade - CE;2303006;CE;DCA-Anexo I-C;Padrão;Receitas Brutas Realizadas;RO1.7.1.8.06.1.0;1.7.1.8.06.1.0 Transferência Financeira do ICMS ¿ Desoneração ¿ L.C. Nº 87/96;12290,52;22065
2018;Prefeitura Municipal de Caridade - CE;2303006;CE;DCA-Anexo I-C;Padrão;Deduções - FUNDEB;RO1.7.1.8.06.1.0;1.7.1.8.06.1.0 Transferência Financeira do ICMS ¿ Desoneração ¿ L.C. Nº 87/96;2458,08;22065
2018;Prefeitura Municipal de Caridade - CE;2303006;CE;DCA-Anexo I-C;Padrão;Receitas Brutas Realizadas;RO1.7.1.8.10.0.0;1.7.1.8.10.0.0 Transferências de Convênios da União e de Suas Entidades;350000,00;22065
2018;Prefeitura Municipal de Caridade - CE;2303006;CE;DCA-Anexo I-C;Padrão;Receitas Brutas Realizadas;RO1.7.1.8.10.9.0;1.7.1.8.10.9.0 Outras Transferências de Convênios da União;350000,00;22065
2018;Prefeitura Municipal de Caridade - CE;2303006;CE;DCA-Anexo I-C;Padrão;Receitas Brutas Realizadas;RO1.7.1.8.99.0.0;1.7.1.8.99.0.0 Outras Transferências da União;16812082,53;22065
2018;Prefeitura Municipal de Caridade - CE;2303006;CE;DCA-Anexo I-C;Padrão;Receitas Brutas Realizadas;RO1.7.2.0.00.0.0;1.7.2.0.00.0.0 - Transferências dos Estados e do Distrito Federal e de suas Entidades;4974067,54;22065
2018;Prefeitura Municipal de Caridade - CE;2303006;CE;DCA-Anexo I-C;Padrão;Deduções - FUNDEB;RO1.7.2.0.00.0.0;1.7.2.0.00.0.0 - Transferências dos Estados e do Distrito Federal e de suas Entidades;971772,46;22065
2018;Prefeitura Municipal de Caridade - CE;2303006;CE;DCA-Anexo I-C;Padrão;Receitas Brutas Realizadas;RO1.7.2.8.00.0.0;1.7.2.8.00.0.0 Transferências dos Estados - Específicas de Estados, DF e Municípios;4974067,54;22065
2018;Prefeitura Municipal de Caridade - CE;2303006;CE;DCA-Anexo I-C;Padrão;Deduções - FUNDEB;RO1.7.2.8.00.0.0;1.7.2.8.00.0.0 Transferências dos Estados - Específicas de Estados, DF e Municípios;971772,46;22065
2018;Prefeitura Municipal de Caridade - CE;2303006;CE;DCA-Anexo I-C;Padrão;Receitas Brutas Realizadas;RO1.7.2.8.01.0.0;1.7.2.8.01.0.0 Participação na Receita dos Estados;4898667,54;22065
2018;Prefeitura Municipal de Caridade - CE;2303006;CE;DCA-Anexo I-C;Padrão;Deduções - FUNDEB;RO1.7.2.8.01.0.0;1.7.2.8.01.0.0 Participação na Receita dos Estados;971772,46;22065
2018;Prefeitura Municipal de Caridade - CE;2303006;CE;DCA-Anexo I-C;Padrão;Receitas Brutas Realizadas;RO1.7.2.8.01.1.0;1.7.2.8.01.1.0 Cota-Parte do ICMS;4898667,54;22065
2018;Prefeitura Municipal de Caridade - CE;2303006;CE;DCA-Anexo I-C;Padrão;Deduções - FUNDEB;RO1.7.2.8.01.1.0;1.7.2.8.01.1.0 Cota-Parte do ICMS;971772,46;22065
2018;Prefeitura Municipal de Caridade - CE;2303006;CE;DCA-Anexo I-C;Padrão;Receitas Brutas Realizadas;RO1.7.2.8.10.0.0;1.7.2.8.10.0.0 Transferência de Convênios dos Estados e do Distrito Federal e de Suas Entidades;28150,00;22065
2018;Prefeitura Municipal de Caridade - CE;2303006;CE;DCA-Anexo I-C;Padrão;Receitas Brutas Realizadas;RO1.7.2.8.10.1.0;1.7.2.8.10.1.0 Transferências de Convênio dos Estados para o Sistema Único de Saúde ¿ SUS;28150,00;22065
2018;Prefeitura Municipal de Caridade - CE;2303006;CE;DCA-Anexo I-C;Padrão;Receitas Brutas Realizadas;RO1.7.2.8.99.0.0;1.7.2.8.99.0.0 Outras Transferências dos Estados;47250,00;22065
2018;Prefeitura Municipal de Caridade - CE;2303006;CE;DCA-Anexo I-C;Padrão;Receitas Brutas Realizadas;RO1.7.5.0.00.0.0;1.7.5.0.00.0.0 - Transferências de Outras Instituições Públicas;13311981,27;22065
2018;Prefeitura Municipal de Caridade - CE;2303006;CE;DCA-Anexo I-C;Padrão;Receitas Brutas Realizadas;RO1.7.5.8.00.0.0;1.7.5.8.00.0.0 Transferências de Outras Instituições Públicas - Específicas de Estados, DF e Municípios;13311981,27;22065
2018;Prefeitura Municipal de Caridade - CE;2303006;CE;DCA-Anexo I-C;Padrão;Receitas Brutas Realizadas;RO1.7.5.8.01.0.0;1.7.5.8.01.0.0 Transferências de Recursos do Fundo de Manutenção e Desenvolvimento da Educação Básica e de Valorização dos Profissionais da Educação ¿ FUNDEB;13311981,27;22065
2018;Prefeitura Municipal de Caridade - CE;2303006;CE;DCA-Anexo I-C;Padrão;Receitas Brutas Realizadas;RO1.9.0.0.00.0.0;1.9.0.0.00.0.0 - Outras Receitas Correntes;301147,12;22065
2018;Prefeitura Municipal de Caridade - CE;2303006;CE;DCA-Anexo I-C;Padrão;Receitas Brutas Realizadas;RO1.9.2.0.00.0.0;1.9.2.0.00.0.0 - Indenizações, Restituições e Ressarcimentos;282437,21;22065
2018;Prefeitura Municipal de Caridade - CE;2303006;CE;DCA-Anexo I-C;Padrão;Receitas Brutas Realizadas;RO1.9.2.2.00.0.0;1.9.2.2.00.0.0 - Restituições;282437,21;22065
2018;Prefeitura Municipal de Caridade - CE;2303006;CE;DCA-Anexo I-C;Padrão;Receitas Brutas Realizadas;RO1.9.2.2.99.0.0;1.9.2.2.99.0.0 - Outras Restituições;282437,21;22065
2018;Prefeitura Municipal de Caridade - CE;2303006;CE;DCA-Anexo I-C;Padrão;Receitas Brutas Realizadas;RO1.9.9.0.00.0.0;1.9.9.0.00.0.0 - Demais Receitas Correntes;18709,91;22065
2018;Prefeitura Municipal de Caridade - CE;2303006;CE;DCA-Anexo I-C;Padrão;Receitas Brutas Realizadas;RO1.9.9.0.99.0.0;1.9.9.0.99.0.0 - Outras Receitas;18709,91;22065
2018;Prefeitura Municipal de Caridade - CE;2303006;CE;DCA-Anexo I-C;Padrão;Receitas Brutas Realizadas;RO1.9.9.0.99.1.0;1.9.9.0.99.1.0 - Outras Receitas - Primárias;18709,91;22065
2018;Prefeitura Municipal de Caridade - CE;2303006;CE;DCA-Anexo I-C;Padrão;Receitas Brutas Realizadas;RO2.0.0.0.00.0.0;2.0.0.0.00.0.0 - Receitas de Capital;406460,81;22065
2018;Prefeitura Municipal de Caridade - CE;2303006;CE;DCA-Anexo I-C;Padrão;Receitas Brutas Realizadas;RO2.4.0.0.00.0.0;2.4.0.0.00.0.0 - Transferências de Capital;406460,81;22065
2018;Prefeitura Municipal de Caridade - CE;2303006;CE;DCA-Anexo I-C;Padrão;Receitas Brutas Realizadas;RO2.4.2.0.00.0.0;2.4.2.0.00.0.0 - Transferências dos Estados e do Distrito Federal e de suas Entidades;406460,81;22065
2018;Prefeitura Municipal de Caridade - CE;2303006;CE;DCA-Anexo I-C;Padrão;Receitas Brutas Realizadas;RO2.4.2.8.00.0.0;2.4.2.8.00.0.0 Transferências dos Estados, Distrito Federal, e de suas Entidades;406460,81;22065
2018;Prefeitura Municipal de Caridade - CE;2303006;CE;DCA-Anexo I-C;Padrão;Receitas Brutas Realizadas;RO2.4.2.8.10.0.0;2.4.2.8.10.0.0 Transferências de Convênios dos Estados e do Distrito Federal e de suas Entidades;406460,81;22065
2018;Prefeitura Municipal de Caridade - CE;2303006;CE;DCA-Anexo I-C;Padrão;Receitas Brutas Realizadas;RO7.0.0.0.00.0.0;7.0.0.0.00.0.0 - Receitas Correntes - Intraorçamentárias;464359,24;22065
2018;Prefeitura Municipal de Caridade - CE;2303006;CE;DCA-Anexo I-C;Padrão;Receitas Brutas Realizadas;RO7.2.0.0.00.0.0;7.2.0.0.00.0.0 - Contribuições - Intraorçamentárias;464359,24;22065
2018;Prefeitura Municipal de Caridade - CE;2303006;CE;DCA-Anexo I-C;Padrão;Receitas Brutas Realizadas;RO7.2.1.0.00.0.0;7.2.1.0.00.0.0 - Contribuições Sociais - Intraorçamentárias;464359,24;22065
2018;Prefeitura Municipal de Caridade - CE;2303006;CE;DCA-Anexo I-C;Padrão;Receitas Brutas Realizadas;RO7.2.1.0.04.0.0;7.2.1.0.04.0.0 - Contribuição para o Regime Próprio de Previdência Social - RPPS - Intraorçamentárias;464359,24;22065
2018;Prefeitura Municipal de Caridade - CE;2303006;CE;DCA-Anexo I-C;Padrão;Receitas Brutas Realizadas;RO7.2.1.0.04.2.0;7.2.1.0.04.2.0 - Contribuição do Servidor Ativo Civil para o RPPS - Intraorçamentárias;464359,24;22065
2019;Prefeitura Municipal de Caridade - CE;2303006;CE;DCA-Anexo I-C;Padrão;Receitas Brutas Realizadas;ReceitasExcetoIntraOrcamentarias;RECEITAS (EXCETO INTRA-ORÇAMENTÁRIAS) (I);54905612,46;22427
2019;Prefeitura Municipal de Caridade - CE;2303006;CE;DCA-Anexo I-C;Padrão;Deduções - FUNDEB;ReceitasExcetoIntraOrcamentarias;RECEITAS (EXCETO INTRA-ORÇAMENTÁRIAS) (I);4968234,35;22427
2019;Prefeitura Municipal de Caridade - CE;2303006;CE;DCA-Anexo I-C;Padrão;Receitas Brutas Realizadas;RO1.0.0.0.00.0.0;1.0.0.0.00.0.0 - Receitas Correntes;54550498,45;22427
2019;Prefeitura Municipal de Caridade - CE;2303006;CE;DCA-Anexo I-C;Padrão;Deduções - FUNDEB;RO1.0.0.0.00.0.0;1.0.0.0.00.0.0 - Receitas Correntes;4968234,35;22427
2019;Prefeitura Municipal de Caridade - CE;2303006;CE;DCA-Anexo I-C;Padrão;Receitas Brutas Realizadas;RO1.1.0.0.00.0.0;1.1.0.0.00.0.0 - Impostos, Taxas e Contribuições de Melhoria;1063297,58;22427
2019;Prefeitura Municipal de Caridade - CE;2303006;CE;DCA-Anexo I-C;Padrão;Receitas Brutas Realizadas;RO1.1.1.0.00.0.0;1.1.1.0.00.0.0 - Impostos;1007724,60;22427
2019;Prefeitura Municipal de Caridade - CE;2303006;CE;DCA-Anexo I-C;Padrão;Receitas Brutas Realizadas;RO1.1.1.3.00.0.0;1.1.1.3.00.0.0 - Impostos sobre a Renda e Proventos de Qualquer Natureza;369279,01;22427
2019;Prefeitura Municipal de Caridade - CE;2303006;CE;DCA-Anexo I-C;Padrão;Receitas Brutas Realizadas;RO1.1.1.3.03.0.0;1.1.1.3.03.0.0 - Imposto sobre a Renda - Retido na Fonte;369279,01;22427
2019;Prefeitura Municipal de Caridade - CE;2303006;CE;DCA-Anexo I-C;Padrão;Receitas Brutas Realizadas;RO1.1.1.3.03.1.0;1.1.1.3.03.1.0 - Imposto sobre a Renda - Retido na Fonte - Trabalho;10000,00;22427
2019;Prefeitura Municipal de Caridade - CE;2303006;CE;DCA-Anexo I-C;Padrão;Receitas Brutas Realizadas;RO1.1.1.3.03.4.0;1.1.1.3.03.4.0 - Imposto sobre a Renda - Retido na Fonte - Outros Rendimentos;359279,01;22427
2019;Prefeitura Municipal de Caridade - CE;2303006;CE;DCA-Anexo I-C;Padrão;Receitas Brutas Realizadas;RO1.1.1.8.00.0.0;1.1.1.8.00.0.0 Impostos Específicos de Estados, DF e Municípios;638445,59;22427
2019;Prefeitura Municipal de Caridade - CE;2303006;CE;DCA-Anexo I-C;Padrão;Receitas Brutas Realizadas;RO1.1.1.8.01.0.0;1.1.1.8.01.0.0 Impostos sobre o Patrimônio para Estados/DF/Municípios;34047,40;22427
2019;Prefeitura Municipal de Caridade - CE;2303006;CE;DCA-Anexo I-C;Padrão;Receitas Brutas Realizadas;RO1.1.1.8.01.1.0;1.1.1.8.01.1.0 Imposto sobre a Propriedade Predial e Territorial Urbana;8047,40;22427
2019;Prefeitura Municipal de Caridade - CE;2303006;CE;DCA-Anexo I-C;Padrão;Receitas Brutas Realizadas;RO1.1.1.8.01.4.0;1.1.1.8.01.4.0 Imposto sobre Transmissão ¿Inter Vivos¿ de Bens Imóveis e de Direitos Reais sobre Imóveis;26000,00;22427
2019;Prefeitura Municipal de Caridade - CE;2303006;CE;DCA-Anexo I-C;Padrão;Receitas Brutas Realizadas;RO1.1.1.8.02.0.0;1.1.1.8.02.0.0 Impostos sobre a Produção, Circulação de Mercadorias e Serviços;604398,19;22427
2019;Prefeitura Municipal de Caridade - CE;2303006;CE;DCA-Anexo I-C;Padrão;Receitas Brutas Realizadas;RO1.1.1.8.02.3.0;1.1.1.8.02.3.0 Imposto sobre Serviços de Qualquer Natureza;604398,19;22427
2019;Prefeitura Municipal de Caridade - CE;2303006;CE;DCA-Anexo I-C;Padrão;Receitas Brutas Realizadas;RO1.1.2.0.00.0.0;1.1.2.0.00.0.0 - Taxas;55572,98;22427
2019;Prefeitura Municipal de Caridade - CE;2303006;CE;DCA-Anexo I-C;Padrão;Receitas Brutas Realizadas;RO1.1.2.1.00.0.0;1.1.2.1.00.0.0 - Taxas pelo Exercício do Poder de Polícia;184,55;22427
2019;Prefeitura Municipal de Caridade - CE;2303006;CE;DCA-Anexo I-C;Padrão;Receitas Brutas Realizadas;RO1.1.2.1.01.0.0;1.1.2.1.01.0.0 - Taxas de Inspeção, Controle e Fiscalização;184,55;22427
2019;Prefeitura Municipal de Caridade - CE;2303006;CE;DCA-Anexo I-C;Padrão;Receitas Brutas Realizadas;RO1.1.2.2.00.0.0;1.1.2.2.00.0.0 - Taxas pela Prestação de Serviços;55388,43;22427
2019;Prefeitura Municipal de Caridade - CE;2303006;CE;DCA-Anexo I-C;Padrão;Receitas Brutas Realizadas;RO1.1.2.2.01.0.0;1.1.2.2.01.0.0 - Taxas pela Prestação de Serviços;55388,43;22427
2019;Prefeitura Municipal de Caridade - CE;2303006;CE;DCA-Anexo I-C;Padrão;Receitas Brutas Realizadas;RO1.2.0.0.00.0.0;1.2.0.0.00.0.0 - Contribuições;503885,54;22427
2019;Prefeitura Municipal de Caridade - CE;2303006;CE;DCA-Anexo I-C;Padrão;Receitas Brutas Realizadas;RO1.2.4.0.00.0.0;1.2.4.0.00.0.0 - Contribuição para o Custeio do Serviço de Iluminação Pública;503885,54;22427
2019;Prefeitura Municipal de Caridade - CE;2303006;CE;DCA-Anexo I-C;Padrão;Receitas Brutas Realizadas;RO1.3.0.0.00.0.0;1.3.0.0.00.0.0 - Receita Patrimonial;512180,35;22427
2019;Prefeitura Municipal de Caridade - CE;2303006;CE;DCA-Anexo I-C;Padrão;Receitas Brutas Realizadas;RO1.3.2.0.00.0.0;1.3.2.0.00.0.0 - Valores Mobiliários;512180,35;22427
2019;Prefeitura Municipal de Caridade - CE;2303006;CE;DCA-Anexo I-C;Padrão;Receitas Brutas Realizadas;RO1.3.2.1.00.0.0;1.3.2.1.00.0.0 - Juros e Correções Monetárias;512180,35;22427
2019;Prefeitura Municipal de Caridade - CE;2303006;CE;DCA-Anexo I-C;Padrão;Receitas Brutas Realizadas;RO1.3.2.1.00.1.0;1.3.2.1.00.1.0 - Remuneração de Depósitos Bancários;241557,10;22427
2019;Prefeitura Municipal de Caridade - CE;2303006;CE;DCA-Anexo I-C;Padrão;Receitas Brutas Realizadas;RO1.3.2.1.00.4.0;1.3.2.1.00.4.0 - Remuneração dos Recursos do Regime Próprio de Previdência Social - RPPS;270623,25;22427
2019;Prefeitura Municipal de Caridade - CE;2303006;CE;DCA-Anexo I-C;Padrão;Receitas Brutas Realizadas;RO1.7.0.0.00.0.0;1.7.0.0.00.0.0 - Transferências Correntes;52137994,04;22427
2019;Prefeitura Municipal de Caridade - CE;2303006;CE;DCA-Anexo I-C;Padrão;Deduções - FUNDEB;RO1.7.0.0.00.0.0;1.7.0.0.00.0.0 - Transferências Correntes;4968234,35;22427
2019;Prefeitura Municipal de Caridade - CE;2303006;CE;DCA-Anexo I-C;Padrão;Receitas Brutas Realizadas;RO1.7.1.0.00.0.0;1.7.1.0.00.0.0 - Transferências da União e de suas Entidades;29515520,61;22427
2019;Prefeitura Municipal de Caridade - CE;2303006;CE;DCA-Anexo I-C;Padrão;Deduções - FUNDEB;RO1.7.1.0.00.0.0;1.7.1.0.00.0.0 - Transferências da União e de suas Entidades;3642661,01;22427
2019;Prefeitura Municipal de Caridade - CE;2303006;CE;DCA-Anexo I-C;Padrão;Receitas Brutas Realizadas;RO1.7.1.8.00.0.0;1.7.1.8.00.0.0 Transferências da União - Específicas de Estados, DF e Municípios;29515520,61;22427
2019;Prefeitura Municipal de Caridade - CE;2303006;CE;DCA-Anexo I-C;Padrão;Deduções - FUNDEB;RO1.7.1.8.00.0.0;1.7.1.8.00.0.0 Transferências da União - Específicas de Estados, DF e Municípios;3642661,01;22427
2019;Prefeitura Municipal de Caridade - CE;2303006;CE;DCA-Anexo I-C;Padrão;Receitas Brutas Realizadas;RO1.7.1.8.01.0.0;1.7.1.8.01.0.0 Participação na Receita da União;19788962,61;22427
2019;Prefeitura Municipal de Caridade - CE;2303006;CE;DCA-Anexo I-C;Padrão;Deduções - FUNDEB;RO1.7.1.8.01.0.0;1.7.1.8.01.0.0 Participação na Receita da União;3642661,01;22427
2019;Prefeitura Municipal de Caridade - CE;2303006;CE;DCA-Anexo I-C;Padrão;Receitas Brutas Realizadas;RO1.7.1.8.01.2.0;1.7.1.8.01.2.0 Cota-Parte do Fundo de Participação dos Municípios - Cota Mensal;19763313,04;22427
2019;Prefeitura Municipal de Caridade - CE;2303006;CE;DCA-Anexo I-C;Padrão;Deduções - FUNDEB;RO1.7.1.8.01.2.0;1.7.1.8.01.2.0 Cota-Parte do Fundo de Participação dos Municípios - Cota Mensal;3637531,20;22427
2019;Prefeitura Municipal de Caridade - CE;2303006;CE;DCA-Anexo I-C;Padrão;Receitas Brutas Realizadas;RO1.7.1.8.01.5.0;1.7.1.8.01.5.0 Cota-Parte do Imposto Sobre a Propriedade Territorial Rural;25649,57;22427
2019;Prefeitura Municipal de Caridade - CE;2303006;CE;DCA-Anexo I-C;Padrão;Deduções - FUNDEB;RO1.7.1.8.01.5.0;1.7.1.8.01.5.0 Cota-Parte do Imposto Sobre a Propriedade Territorial Rural;5129,81;22427
2019;Prefeitura Municipal de Caridade - CE;2303006;CE;DCA-Anexo I-C;Padrão;Receitas Brutas Realizadas;RO1.7.1.8.02.0.0;1.7.1.8.02.0.0 Transferência da Compensação Financeira pela Exploração de Recursos Naturais;313487,67;22427
2019;Prefeitura Municipal de Caridade - CE;2303006;CE;DCA-Anexo I-C;Padrão;Receitas Brutas Realizadas;RO1.7.1.8.02.2.0;1.7.1.8.02.2.0 Cota-parte da Compensação Financeira de Recursos Minerais - CFEM;96,27;22427
2019;Prefeitura Municipal de Caridade - CE;2303006;CE;DCA-Anexo I-C;Padrão;Receitas Brutas Realizadas;RO1.7.1.8.02.3.0;1.7.1.8.02.3.0 Cota-parte Royalties ¿ Compensação Financeira pela Produção de Petróleo ¿ Lei nº 7.990/89;51831,28;22427
2019;Prefeitura Municipal de Caridade - CE;2303006;CE;DCA-Anexo I-C;Padrão;Receitas Brutas Realizadas;RO1.7.1.8.02.6.0;1.7.1.8.02.6.0 Cota-Parte do Fundo Especial do Petróleo ¿ FEP;261560,12;22427
2019;Prefeitura Municipal de Caridade - CE;2303006;CE;DCA-Anexo I-C;Padrão;Receitas Brutas Realizadas;RO1.7.1.8.03.0.0;"1.7.1.8.03.0.0 Transferência de Recursos do Sistema Único de Saúde ¿ 
 SUS ¿ Bloco Custeio das Ações e Serviços Públicos de Saúde";5693166,83;22427
2019;Prefeitura Municipal de Caridade - CE;2303006;CE;DCA-Anexo I-C;Padrão;Receitas Brutas Realizadas;RO1.7.1.8.03.1.0;1.7.1.8.03.1.0 - Transferência de Recursos do SUS ¿ Atenção Básica;5693166,83;22427
2019;Prefeitura Municipal de Caridade - CE;2303006;CE;DCA-Anexo I-C;Padrão;Receitas Brutas Realizadas;RO1.7.1.8.04.0.0;1.7.1.8.04.0.0 Transferências de Recursos do Sistema Único de Saúde ¿ SUS - Bloco Investimentos na Rede de Serviços Públicos de Saúde;825948,33;22427
2019;Prefeitura Municipal de Caridade - CE;2303006;CE;DCA-Anexo I-C;Padrão;Receitas Brutas Realizadas;RO1.7.1.8.04.1.0;1.7.1.8.04.1.0 - Transferências de Recursos do Sistema Único de Saúde ¿ SUS destinados à Atenção Básica;825948,33;22427
2019;Prefeitura Municipal de Caridade - CE;2303006;CE;DCA-Anexo I-C;Padrão;Receitas Brutas Realizadas;RO1.7.1.8.05.0.0;1.7.1.8.05.0.0 Transferências de Recursos do Fundo Nacional do Desenvolvimento da Educação ¿ FNDE;1635767,16;22427
2019;Prefeitura Municipal de Caridade - CE;2303006;CE;DCA-Anexo I-C;Padrão;Receitas Brutas Realizadas;RO1.7.1.8.05.3.0;1.7.1.8.05.3.0 Transferências Diretas do FNDE referentes ao Programa Nacional de Alimentação Escolar ¿ PNAE;128142,00;22427
2019;Prefeitura Municipal de Caridade - CE;2303006;CE;DCA-Anexo I-C;Padrão;Receitas Brutas Realizadas;RO1.7.1.8.05.4.0;1.7.1.8.05.4.0 Transferências Diretas do FNDE referentes ao Programa Nacional de Apoio ao Transporte do Escolar ¿ PNATE;16740,26;22427
2019;Prefeitura Municipal de Caridade - CE;2303006;CE;DCA-Anexo I-C;Padrão;Receitas Brutas Realizadas;RO1.7.1.8.05.9.0;1.7.1.8.05.9.0 Outras Transferências Diretas do Fundo Nacional do Desenvolvimento da Educação ¿ FNDE;1490884,90;22427
2019;Prefeitura Municipal de Caridade - CE;2303006;CE;DCA-Anexo I-C;Padrão;Receitas Brutas Realizadas;RO1.7.1.8.10.0.0;1.7.1.8.10.0.0 Transferências de Convênios da União e de Suas Entidades;132021,86;22427
2019;Prefeitura Municipal de Caridade - CE;2303006;CE;DCA-Anexo I-C;Padrão;Receitas Brutas Realizadas;RO1.7.1.8.10.1.0;1.7.1.8.10.1.0 Transferências de Convênios da União para o Sistema Único de Saúde ¿ SUS;10021,86;22427
2019;Prefeitura Municipal de Caridade - CE;2303006;CE;DCA-Anexo I-C;Padrão;Receitas Brutas Realizadas;RO1.7.1.8.10.3.0;1.7.1.8.10.3.0 Transferências de Convênios da União Destinadas a Programas de Assistência Social;122000,00;22427
2019;Prefeitura Municipal de Caridade - CE;2303006;CE;DCA-Anexo I-C;Padrão;Receitas Brutas Realizadas;RO1.7.1.8.99.0.0;1.7.1.8.99.0.0 Outras Transferências da União;1126166,15;22427
2019;Prefeitura Municipal de Caridade - CE;2303006;CE;DCA-Anexo I-C;Padrão;Receitas Brutas Realizadas;RO1.7.2.0.00.0.0;1.7.2.0.00.0.0 - Transferências dos Estados e do Distrito Federal e de suas Entidades;6652265,97;22427
2019;Prefeitura Municipal de Caridade - CE;2303006;CE;DCA-Anexo I-C;Padrão;Deduções - FUNDEB;RO1.7.2.0.00.0.0;1.7.2.0.00.0.0 - Transferências dos Estados e do Distrito Federal e de suas Entidades;1325573,34;22427
2019;Prefeitura Municipal de Caridade - CE;2303006;CE;DCA-Anexo I-C;Padrão;Receitas Brutas Realizadas;RO1.7.2.8.00.0.0;1.7.2.8.00.0.0 Transferências dos Estados - Específicas de Estados, DF e Municípios;6652265,97;22427
2019;Prefeitura Municipal de Caridade - CE;2303006;CE;DCA-Anexo I-C;Padrão;Deduções - FUNDEB;RO1.7.2.8.00.0.0;1.7.2.8.00.0.0 Transferências dos Estados - Específicas de Estados, DF e Municípios;1325573,34;22427
2019;Prefeitura Municipal de Caridade - CE;2303006;CE;DCA-Anexo I-C;Padrão;Receitas Brutas Realizadas;RO1.7.2.8.01.0.0;1.7.2.8.01.0.0 Participação na Receita dos Estados;6652265,97;22427
2019;Prefeitura Municipal de Caridade - CE;2303006;CE;DCA-Anexo I-C;Padrão;Deduções - FUNDEB;RO1.7.2.8.01.0.0;1.7.2.8.01.0.0 Participação na Receita dos Estados;1325573,34;22427
2019;Prefeitura Municipal de Caridade - CE;2303006;CE;DCA-Anexo I-C;Padrão;Receitas Brutas Realizadas;RO1.7.2.8.01.1.0;1.7.2.8.01.1.0 Cota-Parte do ICMS;6264891,37;22427
2019;Prefeitura Municipal de Caridade - CE;2303006;CE;DCA-Anexo I-C;Padrão;Deduções - FUNDEB;RO1.7.2.8.01.1.0;1.7.2.8.01.1.0 Cota-Parte do ICMS;1252978,11;22427
2019;Prefeitura Municipal de Caridade - CE;2303006;CE;DCA-Anexo I-C;Padrão;Receitas Brutas Realizadas;RO1.7.2.8.01.2.0;1.7.2.8.01.2.0 Cota-Parte do IPVA;342653,81;22427
2019;Prefeitura Municipal de Caridade - CE;2303006;CE;DCA-Anexo I-C;Padrão;Deduções - FUNDEB;RO1.7.2.8.01.2.0;1.7.2.8.01.2.0 Cota-Parte do IPVA;68530,23;22427
2019;Prefeitura Municipal de Caridade - CE;2303006;CE;DCA-Anexo I-C;Padrão;Receitas Brutas Realizadas;RO1.7.2.8.01.3.0;1.7.2.8.01.3.0 Cota-Parte do IPI - Municípios;20325,51;22427
2019;Prefeitura Municipal de Caridade - CE;2303006;CE;DCA-Anexo I-C;Padrão;Deduções - FUNDEB;RO1.7.2.8.01.3.0;1.7.2.8.01.3.0 Cota-Parte do IPI - Municípios;4065,00;22427
2019;Prefeitura Municipal de Caridade - CE;2303006;CE;DCA-Anexo I-C;Padrão;Receitas Brutas Realizadas;RO1.7.2.8.01.4.0;1.7.2.8.01.4.0 Cota-Parte da Contribuição de Intervenção no Domínio Econômico;24395,28;22427
2019;Prefeitura Municipal de Caridade - CE;2303006;CE;DCA-Anexo I-C;Padrão;Receitas Brutas Realizadas;RO1.7.5.0.00.0.0;1.7.5.0.00.0.0 - Transferências de Outras Instituições Públicas;15970207,46;22427
2019;Prefeitura Municipal de Caridade - CE;2303006;CE;DCA-Anexo I-C;Padrão;Receitas Brutas Realizadas;RO1.7.5.8.00.0.0;1.7.5.8.00.0.0 Transferências de Outras Instituições Públicas - Específicas de Estados, DF e Municípios;15970207,46;22427
2019;Prefeitura Municipal de Caridade - CE;2303006;CE;DCA-Anexo I-C;Padrão;Receitas Brutas Realizadas;RO1.7.5.8.01.0.0;1.7.5.8.01.0.0 Transferências de Recursos do Fundo de Manutenção e Desenvolvimento da Educação Básica e de Valorização dos Profissionais da Educação ¿ FUNDEB;15970207,46;22427
2019;Prefeitura Municipal de Caridade - CE;2303006;CE;DCA-Anexo I-C;Padrão;Receitas Brutas Realizadas;RO1.9.0.0.00.0.0;1.9.0.0.00.0.0 - Outras Receitas Correntes;333140,94;22427
2019;Prefeitura Municipal de Caridade - CE;2303006;CE;DCA-Anexo I-C;Padrão;Receitas Brutas Realizadas;RO1.9.1.0.00.0.0;1.9.1.0.00.0.0 - Multas Administrativas, Contratuais e Judiciais;15,10;22427
2019;Prefeitura Municipal de Caridade - CE;2303006;CE;DCA-Anexo I-C;Padrão;Receitas Brutas Realizadas;RO1.9.1.0.07.0.0;1.9.1.0.07.0.0 - Multas Aplicadas pelos Tribunais de Contas;15,10;22427
2019;Prefeitura Municipal de Caridade - CE;2303006;CE;DCA-Anexo I-C;Padrão;Receitas Brutas Realizadas;RO1.9.2.0.00.0.0;1.9.2.0.00.0.0 - Indenizações, Restituições e Ressarcimentos;333125,84;22427
2019;Prefeitura Municipal de Caridade - CE;2303006;CE;DCA-Anexo I-C;Padrão;Receitas Brutas Realizadas;RO1.9.2.2.00.0.0;1.9.2.2.00.0.0 - Restituições;333125,84;22427
2019;Prefeitura Municipal de Caridade - CE;2303006;CE;DCA-Anexo I-C;Padrão;Receitas Brutas Realizadas;RO1.9.2.2.99.0.0;1.9.2.2.99.0.0 - Outras Restituições;333125,84;22427
2019;Prefeitura Municipal de Caridade - CE;2303006;CE;DCA-Anexo I-C;Padrão;Receitas Brutas Realizadas;RO2.0.0.0.00.0.0;2.0.0.0.00.0.0 - Receitas de Capital;355114,01;22427
2019;Prefeitura Municipal de Caridade - CE;2303006;CE;DCA-Anexo I-C;Padrão;Receitas Brutas Realizadas;RO2.4.0.0.00.0.0;2.4.0.0.00.0.0 - Transferências de Capital;355114,01;22427
2019;Prefeitura Municipal de Caridade - CE;2303006;CE;DCA-Anexo I-C;Padrão;Receitas Brutas Realizadas;RO2.4.1.0.00.0.0;2.4.1.0.00.0.0 - Transferências da União e de suas Entidades;6165,12;22427
2019;Prefeitura Municipal de Caridade - CE;2303006;CE;DCA-Anexo I-C;Padrão;Receitas Brutas Realizadas;RO2.4.1.8.00.0.0;2.4.1.8.00.0.0 Transferências da União - Específicas de Estados, DF e Municípios;6165,12;22427
2019;Prefeitura Municipal de Caridade - CE;2303006;CE;DCA-Anexo I-C;Padrão;Receitas Brutas Realizadas;RO2.4.1.8.10.0.0;2.4.1.8.10.0.0 Transferência de Convênios da União e de suas Entidades;6165,12;22427
2019;Prefeitura Municipal de Caridade - CE;2303006;CE;DCA-Anexo I-C;Padrão;Receitas Brutas Realizadas;RO2.4.1.8.10.2.0;2.4.1.8.10.2.0 - Transferências de Convênio da União destinadas a Programas de Educação;6165,12;22427
2019;Prefeitura Municipal de Caridade - CE;2303006;CE;DCA-Anexo I-C;Padrão;Receitas Brutas Realizadas;RO2.4.2.0.00.0.0;2.4.2.0.00.0.0 - Transferências dos Estados e do Distrito Federal e de suas Entidades;348948,89;22427
2019;Prefeitura Municipal de Caridade - CE;2303006;CE;DCA-Anexo I-C;Padrão;Receitas Brutas Realizadas;RO2.4.2.8.00.0.0;2.4.2.8.00.0.0 Transferências dos Estados, Distrito Federal, e de suas Entidades;348948,89;22427
2019;Prefeitura Municipal de Caridade - CE;2303006;CE;DCA-Anexo I-C;Padrão;Receitas Brutas Realizadas;RO2.4.2.8.10.0.0;2.4.2.8.10.0.0 Transferências de Convênios dos Estados e do Distrito Federal e de suas Entidades;348948,89;22427
2019;Prefeitura Municipal de Caridade - CE;2303006;CE;DCA-Anexo I-C;Padrão;Receitas Brutas Realizadas;RO2.4.2.8.10.1.0;2.4.2.8.10.1.0 - Transferências de Convênios dos Estados para o Sistema Único de Saúde ¿ SUS;84036,26;22427
2019;Prefeitura Municipal de Caridade - CE;2303006;CE;DCA-Anexo I-C;Padrão;Receitas Brutas Realizadas;RO2.4.2.8.10.2.0;2.4.2.8.10.2.0 - Transferências de Convênios dos Estados destinadas a Programas de Educação;264912,63;22427
2019;Prefeitura Municipal de Caridade - CE;2303006;CE;DCA-Anexo I-C;Padrão;Receitas Brutas Realizadas;ReceitasIntraOrcamentarias;RECEITAS (INTRA-ORÇAMENTÁRIAS) (II);1944690,22;22427
2019;Prefeitura Municipal de Caridade - CE;2303006;CE;DCA-Anexo I-C;Padrão;Receitas Brutas Realizadas;RO7.0.0.0.00.0.0;7.0.0.0.00.0.0 - Receitas Correntes;1944690,22;22427
2019;Prefeitura Municipal de Caridade - CE;2303006;CE;DCA-Anexo I-C;Padrão;Receitas Brutas Realizadas;RO7.2.0.0.00.0.0;7.2.0.0.00.0.0 - Contribuições;1944690,22;22427
2019;Prefeitura Municipal de Caridade - CE;2303006;CE;DCA-Anexo I-C;Padrão;Receitas Brutas Realizadas;RO7.2.1.0.00.0.0;7.2.1.0.00.0.0 - Contribuições Sociais;1944690,22;22427
2019;Prefeitura Municipal de Caridade - CE;2303006;CE;DCA-Anexo I-C;Padrão;Receitas Brutas Realizadas;RO7.2.1.8.00.0.0;"7.2.1.8.00.0.0 Contribuições Sociais Específicas de Estados, DF e 
 Municípios";1944690,22;22427
2019;Prefeitura Municipal de Caridade - CE;2303006;CE;DCA-Anexo I-C;Padrão;Receitas Brutas Realizadas;RO7.2.1.8.01.0.0;7.2.1.8.01.0.0 - Contribuição do Servidor Civil para o Plano de Seguridade Social - CPSSS - Específico de EST/DF/MUN;1707703,95;22427
2019;Prefeitura Municipal de Caridade - CE;2303006;CE;DCA-Anexo I-C;Padrão;Receitas Brutas Realizadas;RO7.2.1.8.03.0.0;7.2.1.8.03.0.0 - CPSSS Patronal - Servidor Civil - Específico de EST/DF/MUN;236986,27;22427
2019;Prefeitura Municipal de Caridade - CE;2303006;CE;DCA-Anexo I-C;Padrão;Receitas Brutas Realizadas;RO7.2.1.8.03.1.0;7.2.1.8.03.1.0 - CPSSS Patronal - Servidor Civil Ativo;236986,27;22427
2019;Prefeitura Municipal de Caridade - CE;2303006;CE;DCA-Anexo I-C;Padrão;Receitas Brutas Realizadas;TotalReceitas;TOTAL DAS RECEITAS (III) = (I + II);56850302,68;22427
2019;Prefeitura Municipal de Caridade - CE;2303006;CE;DCA-Anexo I-C;Padrão;Deduções - FUNDEB;TotalReceitas;TOTAL DAS RECEITAS (III) = (I + II);4968234,35;22427
2020;Prefeitura Municipal de Caridade - CE;2303006;CE;DCA-Anexo I-C;Padrão;Receitas Brutas Realizadas;ReceitasExcetoIntraOrcamentarias;RECEITAS (EXCETO INTRA-ORÇAMENTÁRIAS) (I);57926875,41;22547
2020;Prefeitura Municipal de Caridade - CE;2303006;CE;DCA-Anexo I-C;Padrão;Deduções - FUNDEB;ReceitasExcetoIntraOrcamentarias;RECEITAS (EXCETO INTRA-ORÇAMENTÁRIAS) (I);4908223,01;22547
2020;Prefeitura Municipal de Caridade - CE;2303006;CE;DCA-Anexo I-C;Padrão;Receitas Brutas Realizadas;RO1.0.0.0.00.0.0;1.0.0.0.00.0.0 - Receitas Correntes;57616342,19;22547
2020;Prefeitura Municipal de Caridade - CE;2303006;CE;DCA-Anexo I-C;Padrão;Deduções - FUNDEB;RO1.0.0.0.00.0.0;1.0.0.0.00.0.0 - Receitas Correntes;4908223,01;22547
2020;Prefeitura Municipal de Caridade - CE;2303006;CE;DCA-Anexo I-C;Padrão;Receitas Brutas Realizadas;RO1.1.0.0.00.0.0;1.1.0.0.00.0.0 - Impostos, Taxas e Contribuições de Melhoria;945777,73;22547
2020;Prefeitura Municipal de Caridade - CE;2303006;CE;DCA-Anexo I-C;Padrão;Receitas Brutas Realizadas;RO1.1.1.0.00.0.0;1.1.1.0.00.0.0 - Impostos;907661,37;22547
2020;Prefeitura Municipal de Caridade - CE;2303006;CE;DCA-Anexo I-C;Padrão;Receitas Brutas Realizadas;RO1.1.1.3.00.0.0;1.1.1.3.00.0.0 - Impostos sobre a Renda e Proventos de Qualquer Natureza;132965,79;22547
2020;Prefeitura Municipal de Caridade - CE;2303006;CE;DCA-Anexo I-C;Padrão;Receitas Brutas Realizadas;RO1.1.1.3.03.0.0;1.1.1.3.03.0.0 - Imposto sobre a Renda - Retido na Fonte;132965,79;22547
2020;Prefeitura Municipal de Caridade - CE;2303006;CE;DCA-Anexo I-C;Padrão;Receitas Brutas Realizadas;RO1.1.1.3.03.1.0;1.1.1.3.03.1.0 - Imposto sobre a Renda - Retido na Fonte - Trabalho;41591,39;22547
2020;Prefeitura Municipal de Caridade - CE;2303006;CE;DCA-Anexo I-C;Padrão;Receitas Brutas Realizadas;RO1.1.1.3.03.4.0;1.1.1.3.03.4.0 - Imposto sobre a Renda - Retido na Fonte - Outros Rendimentos;91374,40;22547
2020;Prefeitura Municipal de Caridade - CE;2303006;CE;DCA-Anexo I-C;Padrão;Receitas Brutas Realizadas;RO1.1.1.8.00.0.0;1.1.1.8.00.0.0 Impostos Específicos de Estados, DF e Municípios;774695,58;22547
2020;Prefeitura Municipal de Caridade - CE;2303006;CE;DCA-Anexo I-C;Padrão;Receitas Brutas Realizadas;RO1.1.1.8.01.0.0;1.1.1.8.01.0.0 Impostos sobre o Patrimônio para Estados/DF/Municípios;19663,42;22547
2020;Prefeitura Municipal de Caridade - CE;2303006;CE;DCA-Anexo I-C;Padrão;Receitas Brutas Realizadas;RO1.1.1.8.01.1.0;1.1.1.8.01.1.0 Imposto sobre a Propriedade Predial e Territorial Urbana;8293,50;22547
2020;Prefeitura Municipal de Caridade - CE;2303006;CE;DCA-Anexo I-C;Padrão;Receitas Brutas Realizadas;RO1.1.1.8.01.4.0;1.1.1.8.01.4.0 Imposto sobre Transmissão ¿Inter Vivos¿ de Bens Imóveis e de Direitos Reais sobre Imóveis;11369,92;22547
2020;Prefeitura Municipal de Caridade - CE;2303006;CE;DCA-Anexo I-C;Padrão;Receitas Brutas Realizadas;RO1.1.1.8.02.0.0;1.1.1.8.02.0.0 Impostos sobre a Produção, Circulação de Mercadorias e Serviços;755032,16;22547
2020;Prefeitura Municipal de Caridade - CE;2303006;CE;DCA-Anexo I-C;Padrão;Receitas Brutas Realizadas;RO1.1.1.8.02.3.0;1.1.1.8.02.3.0 Imposto sobre Serviços de Qualquer Natureza;755032,16;22547
2020;Prefeitura Municipal de Caridade - CE;2303006;CE;DCA-Anexo I-C;Padrão;Receitas Brutas Realizadas;RO1.1.2.0.00.0.0;1.1.2.0.00.0.0 - Taxas;38116,36;22547
2020;Prefeitura Municipal de Caridade - CE;2303006;CE;DCA-Anexo I-C;Padrão;Receitas Brutas Realizadas;RO1.1.2.1.00.0.0;1.1.2.1.00.0.0 - Taxas pelo Exercício do Poder de Polícia;1045,00;22547
2020;Prefeitura Municipal de Caridade - CE;2303006;CE;DCA-Anexo I-C;Padrão;Receitas Brutas Realizadas;RO1.1.2.1.01.0.0;1.1.2.1.01.0.0 - Taxas de Inspeção, Controle e Fiscalização;1045,00;22547
2020;Prefeitura Municipal de Caridade - CE;2303006;CE;DCA-Anexo I-C;Padrão;Receitas Brutas Realizadas;RO1.1.2.2.00.0.0;1.1.2.2.00.0.0 - Taxas pela Prestação de Serviços;37071,36;22547
2020;Prefeitura Municipal de Caridade - CE;2303006;CE;DCA-Anexo I-C;Padrão;Receitas Brutas Realizadas;RO1.1.2.2.01.0.0;1.1.2.2.01.0.0 - Taxas pela Prestação de Serviços;37071,36;22547
2020;Prefeitura Municipal de Caridade - CE;2303006;CE;DCA-Anexo I-C;Padrão;Receitas Brutas Realizadas;RO1.2.0.0.00.0.0;1.2.0.0.00.0.0 - Contribuições;745223,48;22547
2020;Prefeitura Municipal de Caridade - CE;2303006;CE;DCA-Anexo I-C;Padrão;Receitas Brutas Realizadas;RO1.2.4.0.00.0.0;1.2.4.0.00.0.0 - Contribuição para o Custeio do Serviço de Iluminação Pública;745223,48;22547
2020;Prefeitura Municipal de Caridade - CE;2303006;CE;DCA-Anexo I-C;Padrão;Receitas Brutas Realizadas;RO1.3.0.0.00.0.0;1.3.0.0.00.0.0 - Receita Patrimonial;317282,75;22547
2020;Prefeitura Municipal de Caridade - CE;2303006;CE;DCA-Anexo I-C;Padrão;Deduções - FUNDEB;RO1.3.0.0.00.0.0;1.3.0.0.00.0.0 - Receita Patrimonial;132682,09;22547
2020;Prefeitura Municipal de Caridade - CE;2303006;CE;DCA-Anexo I-C;Padrão;Receitas Brutas Realizadas;RO1.3.2.0.00.0.0;1.3.2.0.00.0.0 - Valores Mobiliários;317282,75;22547
2020;Prefeitura Municipal de Caridade - CE;2303006;CE;DCA-Anexo I-C;Padrão;Deduções - FUNDEB;RO1.3.2.0.00.0.0;1.3.2.0.00.0.0 - Valores Mobiliários;132682,09;22547
2020;Prefeitura Municipal de Caridade - CE;2303006;CE;DCA-Anexo I-C;Padrão;Receitas Brutas Realizadas;RO1.3.2.1.00.0.0;1.3.2.1.00.0.0 - Juros e Correções Monetárias;317282,75;22547
2020;Prefeitura Municipal de Caridade - CE;2303006;CE;DCA-Anexo I-C;Padrão;Deduções - FUNDEB;RO1.3.2.1.00.0.0;1.3.2.1.00.0.0 - Juros e Correções Monetárias;132682,09;22547
2020;Prefeitura Municipal de Caridade - CE;2303006;CE;DCA-Anexo I-C;Padrão;Receitas Brutas Realizadas;RO1.3.2.1.00.1.0;1.3.2.1.00.1.0 - Remuneração de Depósitos Bancários;61975,90;22547
2020;Prefeitura Municipal de Caridade - CE;2303006;CE;DCA-Anexo I-C;Padrão;Receitas Brutas Realizadas;RO1.3.2.1.00.4.0;1.3.2.1.00.4.0 - Remuneração dos Recursos do Regime Próprio de Previdência Social - RPPS;255306,85;22547
2020;Prefeitura Municipal de Caridade - CE;2303006;CE;DCA-Anexo I-C;Padrão;Deduções - FUNDEB;RO1.3.2.1.00.4.0;1.3.2.1.00.4.0 - Remuneração dos Recursos do Regime Próprio de Previdência Social - RPPS;132682,09;22547
2020;Prefeitura Municipal de Caridade - CE;2303006;CE;DCA-Anexo I-C;Padrão;Receitas Brutas Realizadas;RO1.7.0.0.00.0.0;1.7.0.0.00.0.0 - Transferências Correntes;55608038,15;22547
2020;Prefeitura Municipal de Caridade - CE;2303006;CE;DCA-Anexo I-C;Padrão;Deduções - FUNDEB;RO1.7.0.0.00.0.0;1.7.0.0.00.0.0 - Transferências Correntes;4775540,92;22547
2020;Prefeitura Municipal de Caridade - CE;2303006;CE;DCA-Anexo I-C;Padrão;Receitas Brutas Realizadas;RO1.7.1.0.00.0.0;1.7.1.0.00.0.0 - Transferências da União e de suas Entidades;37055804,18;22547
2020;Prefeitura Municipal de Caridade - CE;2303006;CE;DCA-Anexo I-C;Padrão;Deduções - FUNDEB;RO1.7.1.0.00.0.0;1.7.1.0.00.0.0 - Transferências da União e de suas Entidades;3469264,74;22547
2020;Prefeitura Municipal de Caridade - CE;2303006;CE;DCA-Anexo I-C;Padrão;Receitas Brutas Realizadas;RO1.7.1.8.00.0.0;1.7.1.8.00.0.0 Transferências da União - Específicas de Estados, DF e Municípios;37055804,18;22547
2020;Prefeitura Municipal de Caridade - CE;2303006;CE;DCA-Anexo I-C;Padrão;Deduções - FUNDEB;RO1.7.1.8.00.0.0;1.7.1.8.00.0.0 Transferências da União - Específicas de Estados, DF e Municípios;3469264,74;22547
2020;Prefeitura Municipal de Caridade - CE;2303006;CE;DCA-Anexo I-C;Padrão;Receitas Brutas Realizadas;RO1.7.1.8.01.0.0;1.7.1.8.01.0.0 Participação na Receita da União;18907300,78;22547
2020;Prefeitura Municipal de Caridade - CE;2303006;CE;DCA-Anexo I-C;Padrão;Deduções - FUNDEB;RO1.7.1.8.01.0.0;1.7.1.8.01.0.0 Participação na Receita da União;3469264,74;22547
2020;Prefeitura Municipal de Caridade - CE;2303006;CE;DCA-Anexo I-C;Padrão;Receitas Brutas Realizadas;RO1.7.1.8.01.2.0;1.7.1.8.01.2.0 Cota-Parte do Fundo de Participação dos Municípios - Cota Mensal;18886533,94;22547
2020;Prefeitura Municipal de Caridade - CE;2303006;CE;DCA-Anexo I-C;Padrão;Deduções - FUNDEB;RO1.7.1.8.01.2.0;1.7.1.8.01.2.0 Cota-Parte do Fundo de Participação dos Municípios - Cota Mensal;3465111,44;22547
2020;Prefeitura Municipal de Caridade - CE;2303006;CE;DCA-Anexo I-C;Padrão;Receitas Brutas Realizadas;RO1.7.1.8.01.5.0;1.7.1.8.01.5.0 Cota-Parte do Imposto Sobre a Propriedade Territorial Rural;20766,84;22547
2020;Prefeitura Municipal de Caridade - CE;2303006;CE;DCA-Anexo I-C;Padrão;Deduções - FUNDEB;RO1.7.1.8.01.5.0;1.7.1.8.01.5.0 Cota-Parte do Imposto Sobre a Propriedade Territorial Rural;4153,30;22547
2020;Prefeitura Municipal de Caridade - CE;2303006;CE;DCA-Anexo I-C;Padrão;Receitas Brutas Realizadas;RO1.7.1.8.02.0.0;1.7.1.8.02.0.0 Transferência da Compensação Financeira pela Exploração de Recursos Naturais;286610,96;22547
2020;Prefeitura Municipal de Caridade - CE;2303006;CE;DCA-Anexo I-C;Padrão;Receitas Brutas Realizadas;RO1.7.1.8.02.3.0;1.7.1.8.02.3.0 Cota-parte Royalties ¿ Compensação Financeira pela Produção de Petróleo ¿ Lei nº 7.990/89;8202,77;22547
2020;Prefeitura Municipal de Caridade - CE;2303006;CE;DCA-Anexo I-C;Padrão;Receitas Brutas Realizadas;RO1.7.1.8.02.5.0;1.7.1.8.02.5.0 Cota-parte Royalties pela Participação Especial ¿ Lei nº 9.478/97, artigo 50;5,00;22547
2020;Prefeitura Municipal de Caridade - CE;2303006;CE;DCA-Anexo I-C;Padrão;Receitas Brutas Realizadas;RO1.7.1.8.02.6.0;1.7.1.8.02.6.0 Cota-Parte do Fundo Especial do Petróleo ¿ FEP;278403,19;22547
2020;Prefeitura Municipal de Caridade - CE;2303006;CE;DCA-Anexo I-C;Padrão;Receitas Brutas Realizadas;RO1.7.1.8.03.0.0;"1.7.1.8.03.0.0 Transferência de Recursos do Sistema Único de Saúde ¿ 
 SUS ¿ Bloco Custeio das Ações e Serviços Públicos de Saúde";6287950,48;22547
2020;Prefeitura Municipal de Caridade - CE;2303006;CE;DCA-Anexo I-C;Padrão;Receitas Brutas Realizadas;RO1.7.1.8.03.1.0;1.7.1.8.03.1.0 - Transferência de Recursos do SUS ¿ Atenção Básica;6287950,48;22547
2020;Prefeitura Municipal de Caridade - CE;2303006;CE;DCA-Anexo I-C;Padrão;Receitas Brutas Realizadas;RO1.7.1.8.05.0.0;1.7.1.8.05.0.0 Transferências de Recursos do Fundo Nacional do Desenvolvimento da Educação ¿ FNDE;1596154,60;22547
2020;Prefeitura Municipal de Caridade - CE;2303006;CE;DCA-Anexo I-C;Padrão;Receitas Brutas Realizadas;RO1.7.1.8.05.3.0;1.7.1.8.05.3.0 Transferências Diretas do FNDE referentes ao Programa Nacional de Alimentação Escolar ¿ PNAE;131681,00;22547
2020;Prefeitura Municipal de Caridade - CE;2303006;CE;DCA-Anexo I-C;Padrão;Receitas Brutas Realizadas;RO1.7.1.8.05.4.0;1.7.1.8.05.4.0 Transferências Diretas do FNDE referentes ao Programa Nacional de Apoio ao Transporte do Escolar ¿ PNATE;114014,62;22547
2020;Prefeitura Municipal de Caridade - CE;2303006;CE;DCA-Anexo I-C;Padrão;Receitas Brutas Realizadas;RO1.7.1.8.05.9.0;1.7.1.8.05.9.0 Outras Transferências Diretas do Fundo Nacional do Desenvolvimento da Educação ¿ FNDE;1350458,98;22547
2020;Prefeitura Municipal de Caridade - CE;2303006;CE;DCA-Anexo I-C;Padrão;Receitas Brutas Realizadas;RO1.7.1.8.09.0.0;1.7.1.8.09.0.0 - Transferências de Recursos de Complementação da União ao Fundo de Manutenção e Desenvolvimento da Educação Básica e de Valorização dos Profissionais da Educação ¿ FUNDEB;3701974,77;22547
2020;Prefeitura Municipal de Caridade - CE;2303006;CE;DCA-Anexo I-C;Padrão;Receitas Brutas Realizadas;RO1.7.1.8.10.0.0;1.7.1.8.10.0.0 Transferências de Convênios da União e de Suas Entidades;2593413,13;22547
2020;Prefeitura Municipal de Caridade - CE;2303006;CE;DCA-Anexo I-C;Padrão;Receitas Brutas Realizadas;RO1.7.1.8.10.1.0;1.7.1.8.10.1.0 Transferências de Convênios da União para o Sistema Único de Saúde ¿ SUS;2000000,00;22547
2020;Prefeitura Municipal de Caridade - CE;2303006;CE;DCA-Anexo I-C;Padrão;Receitas Brutas Realizadas;RO1.7.1.8.10.3.0;1.7.1.8.10.3.0 Transferências de Convênios da União Destinadas a Programas de Assistência Social;593413,13;22547
2020;Prefeitura Municipal de Caridade - CE;2303006;CE;DCA-Anexo I-C;Padrão;Receitas Brutas Realizadas;RO1.7.1.8.12.0.0;1.7.1.8.12.0.0 - Transferências de Recursos do Fundo Nacional de Assistência Social ¿ FNAS;329468,72;22547
2020;Prefeitura Municipal de Caridade - CE;2303006;CE;DCA-Anexo I-C;Padrão;Receitas Brutas Realizadas;RO1.7.1.8.99.0.0;1.7.1.8.99.0.0 Outras Transferências da União;3352930,74;22547
2020;Prefeitura Municipal de Caridade - CE;2303006;CE;DCA-Anexo I-C;Padrão;Receitas Brutas Realizadas;RO1.7.2.0.00.0.0;1.7.2.0.00.0.0 - Transferências dos Estados e do Distrito Federal e de suas Entidades;6631921,50;22547
2020;Prefeitura Municipal de Caridade - CE;2303006;CE;DCA-Anexo I-C;Padrão;Deduções - FUNDEB;RO1.7.2.0.00.0.0;1.7.2.0.00.0.0 - Transferências dos Estados e do Distrito Federal e de suas Entidades;1306276,18;22547
2020;Prefeitura Municipal de Caridade - CE;2303006;CE;DCA-Anexo I-C;Padrão;Receitas Brutas Realizadas;RO1.7.2.8.00.0.0;1.7.2.8.00.0.0 Transferências dos Estados - Específicas de Estados, DF e Municípios;6631921,50;22547
2020;Prefeitura Municipal de Caridade - CE;2303006;CE;DCA-Anexo I-C;Padrão;Deduções - FUNDEB;RO1.7.2.8.00.0.0;1.7.2.8.00.0.0 Transferências dos Estados - Específicas de Estados, DF e Municípios;1306276,18;22547
2020;Prefeitura Municipal de Caridade - CE;2303006;CE;DCA-Anexo I-C;Padrão;Receitas Brutas Realizadas;RO1.7.2.8.01.0.0;1.7.2.8.01.0.0 Participação na Receita dos Estados;6551942,26;22547
2020;Prefeitura Municipal de Caridade - CE;2303006;CE;DCA-Anexo I-C;Padrão;Deduções - FUNDEB;RO1.7.2.8.01.0.0;1.7.2.8.01.0.0 Participação na Receita dos Estados;1306276,18;22547
2020;Prefeitura Municipal de Caridade - CE;2303006;CE;DCA-Anexo I-C;Padrão;Receitas Brutas Realizadas;RO1.7.2.8.01.1.0;1.7.2.8.01.1.0 Cota-Parte do ICMS;6124475,93;22547
2020;Prefeitura Municipal de Caridade - CE;2303006;CE;DCA-Anexo I-C;Padrão;Deduções - FUNDEB;RO1.7.2.8.01.1.0;1.7.2.8.01.1.0 Cota-Parte do ICMS;1224895,06;22547
2020;Prefeitura Municipal de Caridade - CE;2303006;CE;DCA-Anexo I-C;Padrão;Receitas Brutas Realizadas;RO1.7.2.8.01.2.0;1.7.2.8.01.2.0 Cota-Parte do IPVA;385053,81;22547
2020;Prefeitura Municipal de Caridade - CE;2303006;CE;DCA-Anexo I-C;Padrão;Deduções - FUNDEB;RO1.7.2.8.01.2.0;1.7.2.8.01.2.0 Cota-Parte do IPVA;77010,37;22547
2020;Prefeitura Municipal de Caridade - CE;2303006;CE;DCA-Anexo I-C;Padrão;Receitas Brutas Realizadas;RO1.7.2.8.01.3.0;1.7.2.8.01.3.0 Cota-Parte do IPI - Municípios;21854,39;22547
2020;Prefeitura Municipal de Caridade - CE;2303006;CE;DCA-Anexo I-C;Padrão;Deduções - FUNDEB;RO1.7.2.8.01.3.0;1.7.2.8.01.3.0 Cota-Parte do IPI - Municípios;4370,75;22547
2020;Prefeitura Municipal de Caridade - CE;2303006;CE;DCA-Anexo I-C;Padrão;Receitas Brutas Realizadas;RO1.7.2.8.01.4.0;1.7.2.8.01.4.0 Cota-Parte da Contribuição de Intervenção no Domínio Econômico;20558,13;22547
2020;Prefeitura Municipal de Caridade - CE;2303006;CE;DCA-Anexo I-C;Padrão;Receitas Brutas Realizadas;RO1.7.2.8.99.0.0;1.7.2.8.99.0.0 Outras Transferências dos Estados;79979,24;22547
2020;Prefeitura Municipal de Caridade - CE;2303006;CE;DCA-Anexo I-C;Padrão;Receitas Brutas Realizadas;RO1.7.5.0.00.0.0;1.7.5.0.00.0.0 - Transferências de Outras Instituições Públicas;11920312,47;22547
2020;Prefeitura Municipal de Caridade - CE;2303006;CE;DCA-Anexo I-C;Padrão;Receitas Brutas Realizadas;RO1.7.5.8.00.0.0;1.7.5.8.00.0.0 Transferências de Outras Instituições Públicas - Específicas de Estados, DF e Municípios;11920312,47;22547
2020;Prefeitura Municipal de Caridade - CE;2303006;CE;DCA-Anexo I-C;Padrão;Receitas Brutas Realizadas;RO1.7.5.8.01.0.0;1.7.5.8.01.0.0 Transferências de Recursos do Fundo de Manutenção e Desenvolvimento da Educação Básica e de Valorização dos Profissionais da Educação ¿ FUNDEB;11920312,47;22547
2020;Prefeitura Municipal de Caridade - CE;2303006;CE;DCA-Anexo I-C;Padrão;Receitas Brutas Realizadas;RO1.9.0.0.00.0.0;1.9.0.0.00.0.0 - Outras Receitas Correntes;20,08;22547
2020;Prefeitura Municipal de Caridade - CE;2303006;CE;DCA-Anexo I-C;Padrão;Receitas Brutas Realizadas;RO1.9.2.0.00.0.0;1.9.2.0.00.0.0 - Indenizações, Restituições e Ressarcimentos;20,08;22547
2020;Prefeitura Municipal de Caridade - CE;2303006;CE;DCA-Anexo I-C;Padrão;Receitas Brutas Realizadas;RO1.9.2.1.00.0.0;1.9.2.1.00.0.0 - Indenizações;20,08;22547
2020;Prefeitura Municipal de Caridade - CE;2303006;CE;DCA-Anexo I-C;Padrão;Receitas Brutas Realizadas;RO1.9.2.1.99.0.0;1.9.2.1.99.0.0 - Outras Indenizações;20,08;22547
2020;Prefeitura Municipal de Caridade - CE;2303006;CE;DCA-Anexo I-C;Padrão;Receitas Brutas Realizadas;RO2.0.0.0.00.0.0;2.0.0.0.00.0.0 - Receitas de Capital;310533,22;22547
2020;Prefeitura Municipal de Caridade - CE;2303006;CE;DCA-Anexo I-C;Padrão;Receitas Brutas Realizadas;RO2.4.0.0.00.0.0;2.4.0.0.00.0.0 - Transferências de Capital;310533,22;22547
2020;Prefeitura Municipal de Caridade - CE;2303006;CE;DCA-Anexo I-C;Padrão;Receitas Brutas Realizadas;RO2.4.1.0.00.0.0;2.4.1.0.00.0.0 - Transferências da União e de suas Entidades;182117,22;22547
2020;Prefeitura Municipal de Caridade - CE;2303006;CE;DCA-Anexo I-C;Padrão;Receitas Brutas Realizadas;RO2.4.1.8.00.0.0;2.4.1.8.00.0.0 Transferências da União - Específicas de Estados, DF e Municípios;182117,22;22547
2020;Prefeitura Municipal de Caridade - CE;2303006;CE;DCA-Anexo I-C;Padrão;Receitas Brutas Realizadas;RO2.4.1.8.10.0.0;2.4.1.8.10.0.0 Transferência de Convênios da União e de suas Entidades;182117,22;22547
2020;Prefeitura Municipal de Caridade - CE;2303006;CE;DCA-Anexo I-C;Padrão;Receitas Brutas Realizadas;RO2.4.1.8.10.2.0;2.4.1.8.10.2.0 - Transferências de Convênio da União destinadas a Programas de Educação;182117,22;22547
2020;Prefeitura Municipal de Caridade - CE;2303006;CE;DCA-Anexo I-C;Padrão;Receitas Brutas Realizadas;RO2.4.2.0.00.0.0;2.4.2.0.00.0.0 - Transferências dos Estados e do Distrito Federal e de suas Entidades;128416,00;22547
2020;Prefeitura Municipal de Caridade - CE;2303006;CE;DCA-Anexo I-C;Padrão;Receitas Brutas Realizadas;RO2.4.2.8.00.0.0;2.4.2.8.00.0.0 Transferências dos Estados, Distrito Federal, e de suas Entidades;128416,00;22547
2020;Prefeitura Municipal de Caridade - CE;2303006;CE;DCA-Anexo I-C;Padrão;Receitas Brutas Realizadas;RO2.4.2.8.10.0.0;2.4.2.8.10.0.0 Transferências de Convênios dos Estados e do Distrito Federal e de suas Entidades;128416,00;22547
2020;Prefeitura Municipal de Caridade - CE;2303006;CE;DCA-Anexo I-C;Padrão;Receitas Brutas Realizadas;RO2.4.2.8.10.1.0;2.4.2.8.10.1.0 - Transferências de Convênios dos Estados para o Sistema Único de Saúde ¿ SUS;84000,00;22547
2020;Prefeitura Municipal de Caridade - CE;2303006;CE;DCA-Anexo I-C;Padrão;Receitas Brutas Realizadas;RO2.4.2.8.10.2.0;2.4.2.8.10.2.0 - Transferências de Convênios dos Estados destinadas a Programas de Educação;44416,00;22547
2020;Prefeitura Municipal de Caridade - CE;2303006;CE;DCA-Anexo I-C;Padrão;Receitas Brutas Realizadas;ReceitasIntraOrcamentarias;RECEITAS (INTRA-ORÇAMENTÁRIAS) (II);1111073,46;22547
2020;Prefeitura Municipal de Caridade - CE;2303006;CE;DCA-Anexo I-C;Padrão;Receitas Brutas Realizadas;RI7.0.0.0.00.0.0;7.0.0.0.00.0.0 - Receitas Correntes;1111073,46;22547
2020;Prefeitura Municipal de Caridade - CE;2303006;CE;DCA-Anexo I-C;Padrão;Receitas Brutas Realizadas;RI7.2.0.0.00.0.0;7.2.0.0.00.0.0 - Contribuições;1111073,46;22547
2020;Prefeitura Municipal de Caridade - CE;2303006;CE;DCA-Anexo I-C;Padrão;Receitas Brutas Realizadas;RI7.2.1.0.00.0.0;7.2.1.0.00.0.0 - Contribuições Sociais;1111073,46;22547
2020;Prefeitura Municipal de Caridade - CE;2303006;CE;DCA-Anexo I-C;Padrão;Receitas Brutas Realizadas;RI7.2.1.8.00.0.0;"7.2.1.8.00.0.0 Contribuições Sociais Específicas de Estados, DF e 
 Municípios";1111073,46;22547
2020;Prefeitura Municipal de Caridade - CE;2303006;CE;DCA-Anexo I-C;Padrão;Receitas Brutas Realizadas;RI7.2.1.8.01.0.0;7.2.1.8.01.0.0 - Contribuição do Servidor Civil para o Plano de Seguridade Social - CPSSS - Específico de EST/DF/MUN;1089912,70;22547
2020;Prefeitura Municipal de Caridade - CE;2303006;CE;DCA-Anexo I-C;Padrão;Receitas Brutas Realizadas;RI7.2.1.8.03.0.0;7.2.1.8.03.0.0 - CPSSS Patronal - Servidor Civil - Específico de EST/DF/MUN;21160,76;22547
2020;Prefeitura Municipal de Caridade - CE;2303006;CE;DCA-Anexo I-C;Padrão;Receitas Brutas Realizadas;RI7.2.1.8.03.1.0;7.2.1.8.03.1.0 - CPSSS Patronal - Servidor Civil Ativo;21160,76;22547
2020;Prefeitura Municipal de Caridade - CE;2303006;CE;DCA-Anexo I-C;Padrão;Receitas Brutas Realizadas;TotalReceitas;TOTAL DAS RECEITAS (III) = (I + II);59037948,87;22547
2020;Prefeitura Municipal de Caridade - CE;2303006;CE;DCA-Anexo I-C;Padrão;Deduções - FUNDEB;TotalReceitas;TOTAL DAS RECEITAS (III) = (I + II);4908223,01;22547
2021;Prefeitura Municipal de Caridade - CE;2303006;CE;DCA-Anexo I-C;Padrão;Receitas Brutas Realizadas;ReceitasExcetoIntraOrcamentarias;RECEITAS (EXCETO INTRA-ORÇAMENTÁRIAS) (I);64344940,43;22782
2021;Prefeitura Municipal de Caridade - CE;2303006;CE;DCA-Anexo I-C;Padrão;Deduções - FUNDEB;ReceitasExcetoIntraOrcamentarias;RECEITAS (EXCETO INTRA-ORÇAMENTÁRIAS) (I);6229683,72;22782
2021;Prefeitura Municipal de Caridade - CE;2303006;CE;DCA-Anexo I-C;Padrão;Receitas Brutas Realizadas;RO1.0.0.0.00.0.0;1.0.0.0.00.0.0 - Receitas Correntes;64201931,02;22782
2021;Prefeitura Municipal de Caridade - CE;2303006;CE;DCA-Anexo I-C;Padrão;Deduções - FUNDEB;RO1.0.0.0.00.0.0;1.0.0.0.00.0.0 - Receitas Correntes;6229683,72;22782
2021;Prefeitura Municipal de Caridade - CE;2303006;CE;DCA-Anexo I-C;Padrão;Receitas Brutas Realizadas;RO1.1.0.0.00.0.0;1.1.0.0.00.0.0 - Impostos, Taxas e Contribuições de Melhoria;1378399,86;22782
2021;Prefeitura Municipal de Caridade - CE;2303006;CE;DCA-Anexo I-C;Padrão;Receitas Brutas Realizadas;RO1.1.1.0.00.0.0;1.1.1.0.00.0.0 - Impostos;1318867,39;22782
2021;Prefeitura Municipal de Caridade - CE;2303006;CE;DCA-Anexo I-C;Padrão;Receitas Brutas Realizadas;RO1.1.1.3.00.0.0;1.1.1.3.00.0.0 - Impostos sobre a Renda e Proventos de Qualquer Natureza;603507,43;22782
2021;Prefeitura Municipal de Caridade - CE;2303006;CE;DCA-Anexo I-C;Padrão;Receitas Brutas Realizadas;RO1.1.1.3.03.0.0;1.1.1.3.03.0.0 - Imposto sobre a Renda - Retido na Fonte;603507,43;22782
2021;Prefeitura Municipal de Caridade - CE;2303006;CE;DCA-Anexo I-C;Padrão;Receitas Brutas Realizadas;RO1.1.1.3.03.1.0;1.1.1.3.03.1.0 - Imposto sobre a Renda - Retido na Fonte - Trabalho;573361,27;22782
2021;Prefeitura Municipal de Caridade - CE;2303006;CE;DCA-Anexo I-C;Padrão;Receitas Brutas Realizadas;RO1.1.1.3.03.4.0;1.1.1.3.03.4.0 - Imposto sobre a Renda - Retido na Fonte - Outros Rendimentos;30146,16;22782
2021;Prefeitura Municipal de Caridade - CE;2303006;CE;DCA-Anexo I-C;Padrão;Receitas Brutas Realizadas;RO1.1.1.8.00.0.0;1.1.1.8.00.0.0 - Impostos Específicos de Estados, DF e Municípios;715359,96;22782
2021;Prefeitura Municipal de Caridade - CE;2303006;CE;DCA-Anexo I-C;Padrão;Receitas Brutas Realizadas;RO1.1.1.8.01.0.0;1.1.1.8.01.0.0 - Impostos sobre o Patrimônio para Estados/DF/Municípios;61636,50;22782
2021;Prefeitura Municipal de Caridade - CE;2303006;CE;DCA-Anexo I-C;Padrão;Receitas Brutas Realizadas;RO1.1.1.8.01.1.0;1.1.1.8.01.1.0 - Imposto sobre a Propriedade Predial e Territorial Urbana;12096,50;22782
2021;Prefeitura Municipal de Caridade - CE;2303006;CE;DCA-Anexo I-C;Padrão;Receitas Brutas Realizadas;RO1.1.1.8.01.4.0;1.1.1.8.01.4.0 - Imposto sobre Transmissão ¿Inter Vivos¿ de Bens Imóveis e de Direitos Reais sobre Imóveis;49540,00;22782
2021;Prefeitura Municipal de Caridade - CE;2303006;CE;DCA-Anexo I-C;Padrão;Receitas Brutas Realizadas;RO1.1.1.8.02.0.0;1.1.1.8.02.0.0 - Impostos sobre a Produção, Circulação de Mercadorias e Serviços;653723,46;22782
2021;Prefeitura Municipal de Caridade - CE;2303006;CE;DCA-Anexo I-C;Padrão;Receitas Brutas Realizadas;RO1.1.1.8.02.3.0;1.1.1.8.02.3.0 - Imposto sobre Serviços de Qualquer Natureza;653723,46;22782
2021;Prefeitura Municipal de Caridade - CE;2303006;CE;DCA-Anexo I-C;Padrão;Receitas Brutas Realizadas;RO1.1.2.0.00.0.0;1.1.2.0.00.0.0 - Taxas;59532,47;22782
2021;Prefeitura Municipal de Caridade - CE;2303006;CE;DCA-Anexo I-C;Padrão;Receitas Brutas Realizadas;RO1.1.2.2.00.0.0;1.1.2.2.00.0.0 - Taxas pela Prestação de Serviços;59532,47;22782
2021;Prefeitura Municipal de Caridade - CE;2303006;CE;DCA-Anexo I-C;Padrão;Receitas Brutas Realizadas;RO1.1.2.2.01.0.0;1.1.2.2.01.0.0 - Taxas pela Prestação de Serviços;59532,47;22782
2021;Prefeitura Municipal de Caridade - CE;2303006;CE;DCA-Anexo I-C;Padrão;Receitas Brutas Realizadas;RO1.2.0.0.00.0.0;1.2.0.0.00.0.0 - Contribuições;726838,64;22782
2021;Prefeitura Municipal de Caridade - CE;2303006;CE;DCA-Anexo I-C;Padrão;Receitas Brutas Realizadas;RO1.2.4.0.00.0.0;1.2.4.0.00.0.0 - Contribuição para o Custeio do Serviço de Iluminação Pública;726838,64;22782
2021;Prefeitura Municipal de Caridade - CE;2303006;CE;DCA-Anexo I-C;Padrão;Receitas Brutas Realizadas;RO1.3.0.0.00.0.0;1.3.0.0.00.0.0 - Receita Patrimonial;546682,59;22782
2021;Prefeitura Municipal de Caridade - CE;2303006;CE;DCA-Anexo I-C;Padrão;Deduções - FUNDEB;RO1.3.0.0.00.0.0;1.3.0.0.00.0.0 - Receita Patrimonial;157401,90;22782
2021;Prefeitura Municipal de Caridade - CE;2303006;CE;DCA-Anexo I-C;Padrão;Receitas Brutas Realizadas;RO1.3.2.0.00.0.0;1.3.2.0.00.0.0 - Valores Mobiliários;546682,59;22782
2021;Prefeitura Municipal de Caridade - CE;2303006;CE;DCA-Anexo I-C;Padrão;Deduções - FUNDEB;RO1.3.2.0.00.0.0;1.3.2.0.00.0.0 - Valores Mobiliários;157401,90;22782
2021;Prefeitura Municipal de Caridade - CE;2303006;CE;DCA-Anexo I-C;Padrão;Receitas Brutas Realizadas;RO1.3.2.1.00.0.0;1.3.2.1.00.0.0 - Juros e Correções Monetárias;546682,59;22782
2021;Prefeitura Municipal de Caridade - CE;2303006;CE;DCA-Anexo I-C;Padrão;Deduções - FUNDEB;RO1.3.2.1.00.0.0;1.3.2.1.00.0.0 - Juros e Correções Monetárias;157401,90;22782
2021;Prefeitura Municipal de Caridade - CE;2303006;CE;DCA-Anexo I-C;Padrão;Receitas Brutas Realizadas;RO1.3.2.1.00.1.0;1.3.2.1.00.1.0 - Remuneração de Depósitos Bancários;311896,68;22782
2021;Prefeitura Municipal de Caridade - CE;2303006;CE;DCA-Anexo I-C;Padrão;Receitas Brutas Realizadas;RO1.3.2.1.00.4.0;1.3.2.1.00.4.0 - Remuneração dos Recursos do Regime Próprio de Previdência Social - RPPS;234785,91;22782
2021;Prefeitura Municipal de Caridade - CE;2303006;CE;DCA-Anexo I-C;Padrão;Deduções - FUNDEB;RO1.3.2.1.00.4.0;1.3.2.1.00.4.0 - Remuneração dos Recursos do Regime Próprio de Previdência Social - RPPS;157401,90;22782
2021;Prefeitura Municipal de Caridade - CE;2303006;CE;DCA-Anexo I-C;Padrão;Receitas Brutas Realizadas;RO1.7.0.0.00.0.0;1.7.0.0.00.0.0 - Transferências Correntes;61113173,91;22782
2021;Prefeitura Municipal de Caridade - CE;2303006;CE;DCA-Anexo I-C;Padrão;Deduções - FUNDEB;RO1.7.0.0.00.0.0;1.7.0.0.00.0.0 - Transferências Correntes;6072281,82;22782
2021;Prefeitura Municipal de Caridade - CE;2303006;CE;DCA-Anexo I-C;Padrão;Receitas Brutas Realizadas;RO1.7.1.0.00.0.0;1.7.1.0.00.0.0 - Transferências da União e de suas Entidades;39098811,23;22782
2021;Prefeitura Municipal de Caridade - CE;2303006;CE;DCA-Anexo I-C;Padrão;Deduções - FUNDEB;RO1.7.1.0.00.0.0;1.7.1.0.00.0.0 - Transferências da União e de suas Entidades;4471660,40;22782
2021;Prefeitura Municipal de Caridade - CE;2303006;CE;DCA-Anexo I-C;Padrão;Receitas Brutas Realizadas;RO1.7.1.8.00.0.0;1.7.1.8.00.0.0 - Transferências da União - Específicas de Estados, DF e Municípios;39098811,23;22782
2021;Prefeitura Municipal de Caridade - CE;2303006;CE;DCA-Anexo I-C;Padrão;Deduções - FUNDEB;RO1.7.1.8.00.0.0;1.7.1.8.00.0.0 - Transferências da União - Específicas de Estados, DF e Municípios;4471660,40;22782
2021;Prefeitura Municipal de Caridade - CE;2303006;CE;DCA-Anexo I-C;Padrão;Receitas Brutas Realizadas;RO1.7.1.8.01.0.0;1.7.1.8.01.0.0 - Participação na Receita da União;24902727,11;22782
2021;Prefeitura Municipal de Caridade - CE;2303006;CE;DCA-Anexo I-C;Padrão;Deduções - FUNDEB;RO1.7.1.8.01.0.0;1.7.1.8.01.0.0 - Participação na Receita da União;4471660,40;22782
2021;Prefeitura Municipal de Caridade - CE;2303006;CE;DCA-Anexo I-C;Padrão;Receitas Brutas Realizadas;RO1.7.1.8.01.2.0;1.7.1.8.01.2.0 - Cota-Parte do Fundo de Participação dos Municípios - Cota Mensal;24882721,50;22782
2021;Prefeitura Municipal de Caridade - CE;2303006;CE;DCA-Anexo I-C;Padrão;Deduções - FUNDEB;RO1.7.1.8.01.2.0;1.7.1.8.01.2.0 - Cota-Parte do Fundo de Participação dos Municípios - Cota Mensal;4467659,34;22782
2021;Prefeitura Municipal de Caridade - CE;2303006;CE;DCA-Anexo I-C;Padrão;Receitas Brutas Realizadas;RO1.7.1.8.01.5.0;1.7.1.8.01.5.0 - Cota-Parte do Imposto Sobre a Propriedade Territorial Rural;20005,61;22782
2021;Prefeitura Municipal de Caridade - CE;2303006;CE;DCA-Anexo I-C;Padrão;Deduções - FUNDEB;RO1.7.1.8.01.5.0;1.7.1.8.01.5.0 - Cota-Parte do Imposto Sobre a Propriedade Territorial Rural;4001,06;22782
2021;Prefeitura Municipal de Caridade - CE;2303006;CE;DCA-Anexo I-C;Padrão;Receitas Brutas Realizadas;RO1.7.1.8.02.0.0;1.7.1.8.02.0.0 - Transferência da Compensação Financeira pela Exploração de Recursos Naturais;449735,05;22782
2021;Prefeitura Municipal de Caridade - CE;2303006;CE;DCA-Anexo I-C;Padrão;Receitas Brutas Realizadas;RO1.7.1.8.02.3.0;1.7.1.8.02.3.0 - Cota-parte Royalties ¿ Compensação Financeira pela Produção de Petróleo ¿ Lei nº 7.990/89;25632,55;22782
2021;Prefeitura Municipal de Caridade - CE;2303006;CE;DCA-Anexo I-C;Padrão;Receitas Brutas Realizadas;RO1.7.1.8.02.6.0;1.7.1.8.02.6.0 - Cota-Parte do Fundo Especial do Petróleo ¿ FEP;424102,50;22782
2021;Prefeitura Municipal de Caridade - CE;2303006;CE;DCA-Anexo I-C;Padrão;Receitas Brutas Realizadas;RO1.7.1.8.03.0.0;1.7.1.8.03.0.0 - Transferência de Recursos do Sistema Único de Saúde ¿ SUS ¿ Repasses Fundo a Fundo - Bloco de Manutenção das Ações e Serviços Públicos de Saúde;4894031,80;22782
2021;Prefeitura Municipal de Caridade - CE;2303006;CE;DCA-Anexo I-C;Padrão;Receitas Brutas Realizadas;RO1.7.1.8.03.1.0;1.7.1.8.03.1.0 - Transferência de Recursos do SUS ¿ Atenção Primária;4894031,80;22782
2021;Prefeitura Municipal de Caridade - CE;2303006;CE;DCA-Anexo I-C;Padrão;Receitas Brutas Realizadas;RO1.7.1.8.05.0.0;1.7.1.8.05.0.0 - Transferências de Recursos do Fundo Nacional do Desenvolvimento da Educação ¿ FNDE;1373930,77;22782
2021;Prefeitura Municipal de Caridade - CE;2303006;CE;DCA-Anexo I-C;Padrão;Receitas Brutas Realizadas;RO1.7.1.8.05.3.0;1.7.1.8.05.3.0 - Transferências Diretas do FNDE referentes ao Programa Nacional de Alimentação Escolar ¿ PNAE;141257,60;22782
2021;Prefeitura Municipal de Caridade - CE;2303006;CE;DCA-Anexo I-C;Padrão;Receitas Brutas Realizadas;RO1.7.1.8.05.4.0;1.7.1.8.05.4.0 - Transferências Diretas do FNDE referentes ao Programa Nacional de Apoio ao Transporte do Escolar ¿ PNATE;88832,00;22782
2021;Prefeitura Municipal de Caridade - CE;2303006;CE;DCA-Anexo I-C;Padrão;Receitas Brutas Realizadas;RO1.7.1.8.05.9.0;1.7.1.8.05.9.0 - Outras Transferências Diretas do Fundo Nacional do Desenvolvimento da Educação ¿ FNDE;1143841,17;22782
2021;Prefeitura Municipal de Caridade - CE;2303006;CE;DCA-Anexo I-C;Padrão;Receitas Brutas Realizadas;RO1.7.1.8.06.0.0;1.7.1.8.06.0.0 - Transferência Financeira do ICMS ¿ Desoneração ¿ L.C. Nº 87/96;2095,19;22782
2021;Prefeitura Municipal de Caridade - CE;2303006;CE;DCA-Anexo I-C;Padrão;Receitas Brutas Realizadas;RO1.7.1.8.09.0.0;1.7.1.8.09.0.0 - Transferências de Recursos de Complementação da União ao Fundo de Manutenção e Desenvolvimento da Educação Básica e de Valorização dos Profissionais da Educação ¿ FUNDEB;6578248,26;22782
2021;Prefeitura Municipal de Caridade - CE;2303006;CE;DCA-Anexo I-C;Padrão;Receitas Brutas Realizadas;RO1.7.1.8.10.0.0;1.7.1.8.10.0.0 - Transferências de Convênios da União e de Suas Entidades;476028,61;22782
2021;Prefeitura Municipal de Caridade - CE;2303006;CE;DCA-Anexo I-C;Padrão;Receitas Brutas Realizadas;RO1.7.1.8.10.1.0;1.7.1.8.10.1.0 - Transferências de Convênios da União para o Sistema Único de Saúde ¿ SUS;178459,91;22782
2021;Prefeitura Municipal de Caridade - CE;2303006;CE;DCA-Anexo I-C;Padrão;Receitas Brutas Realizadas;RO1.7.1.8.10.3.0;1.7.1.8.10.3.0 - Transferências de Convênios da União Destinadas a Programas de Assistência Social;297568,70;22782
2021;Prefeitura Municipal de Caridade - CE;2303006;CE;DCA-Anexo I-C;Padrão;Receitas Brutas Realizadas;RO1.7.1.8.12.0.0;1.7.1.8.12.0.0 - Transferências de Recursos do Fundo Nacional de Assistência Social ¿ FNAS;255197,84;22782
2021;Prefeitura Municipal de Caridade - CE;2303006;CE;DCA-Anexo I-C;Padrão;Receitas Brutas Realizadas;RO1.7.1.8.99.0.0;1.7.1.8.99.0.0 - Outras Transferências da União;166816,60;22782
2021;Prefeitura Municipal de Caridade - CE;2303006;CE;DCA-Anexo I-C;Padrão;Receitas Brutas Realizadas;RO1.7.2.0.00.0.0;1.7.2.0.00.0.0 - Transferências dos Estados e do Distrito Federal e de suas Entidades;8058384,85;22782
2021;Prefeitura Municipal de Caridade - CE;2303006;CE;DCA-Anexo I-C;Padrão;Deduções - FUNDEB;RO1.7.2.0.00.0.0;1.7.2.0.00.0.0 - Transferências dos Estados e do Distrito Federal e de suas Entidades;1600621,42;22782
2021;Prefeitura Municipal de Caridade - CE;2303006;CE;DCA-Anexo I-C;Padrão;Receitas Brutas Realizadas;RO1.7.2.8.00.0.0;1.7.2.8.00.0.0 - Transferências dos Estados - Específicas de Estados, DF e Municípios;8058384,85;22782
2021;Prefeitura Municipal de Caridade - CE;2303006;CE;DCA-Anexo I-C;Padrão;Deduções - FUNDEB;RO1.7.2.8.00.0.0;1.7.2.8.00.0.0 - Transferências dos Estados - Específicas de Estados, DF e Municípios;1600621,42;22782
2021;Prefeitura Municipal de Caridade - CE;2303006;CE;DCA-Anexo I-C;Padrão;Receitas Brutas Realizadas;RO1.7.2.8.01.0.0;1.7.2.8.01.0.0 - Participação na Receita dos Estados;8016384,85;22782
2021;Prefeitura Municipal de Caridade - CE;2303006;CE;DCA-Anexo I-C;Padrão;Deduções - FUNDEB;RO1.7.2.8.01.0.0;1.7.2.8.01.0.0 - Participação na Receita dos Estados;1600621,42;22782
2021;Prefeitura Municipal de Caridade - CE;2303006;CE;DCA-Anexo I-C;Padrão;Receitas Brutas Realizadas;RO1.7.2.8.01.1.0;1.7.2.8.01.1.0 - Cota-Parte do ICMS;7541234,34;22782
2021;Prefeitura Municipal de Caridade - CE;2303006;CE;DCA-Anexo I-C;Padrão;Deduções - FUNDEB;RO1.7.2.8.01.1.0;1.7.2.8.01.1.0 - Cota-Parte do ICMS;1508246,72;22782
2021;Prefeitura Municipal de Caridade - CE;2303006;CE;DCA-Anexo I-C;Padrão;Receitas Brutas Realizadas;RO1.7.2.8.01.2.0;1.7.2.8.01.2.0 - Cota-Parte do IPVA;429490,19;22782
2021;Prefeitura Municipal de Caridade - CE;2303006;CE;DCA-Anexo I-C;Padrão;Deduções - FUNDEB;RO1.7.2.8.01.2.0;1.7.2.8.01.2.0 - Cota-Parte do IPVA;85897,62;22782
2021;Prefeitura Municipal de Caridade - CE;2303006;CE;DCA-Anexo I-C;Padrão;Receitas Brutas Realizadas;RO1.7.2.8.01.3.0;1.7.2.8.01.3.0 - Cota-Parte do IPI - Municípios;32386,05;22782
2021;Prefeitura Municipal de Caridade - CE;2303006;CE;DCA-Anexo I-C;Padrão;Deduções - FUNDEB;RO1.7.2.8.01.3.0;1.7.2.8.01.3.0 - Cota-Parte do IPI - Municípios;6477,08;22782
2021;Prefeitura Municipal de Caridade - CE;2303006;CE;DCA-Anexo I-C;Padrão;Receitas Brutas Realizadas;RO1.7.2.8.01.4.0;1.7.2.8.01.4.0 - Cota-Parte da Contribuição de Intervenção no Domínio Econômico;13274,27;22782
2021;Prefeitura Municipal de Caridade - CE;2303006;CE;DCA-Anexo I-C;Padrão;Receitas Brutas Realizadas;RO1.7.2.8.99.0.0;1.7.2.8.99.0.0 - Outras Transferências dos Estados;42000,00;22782
2021;Prefeitura Municipal de Caridade - CE;2303006;CE;DCA-Anexo I-C;Padrão;Receitas Brutas Realizadas;RO1.7.5.0.00.0.0;1.7.5.0.00.0.0 - Transferências de Outras Instituições Públicas;13955977,83;22782
2021;Prefeitura Municipal de Caridade - CE;2303006;CE;DCA-Anexo I-C;Padrão;Receitas Brutas Realizadas;RO1.7.5.8.00.0.0;1.7.5.8.00.0.0 - Transferências de Outras Instituições Públicas - Específicas de Estados, DF e Municípios;13955977,83;22782
2021;Prefeitura Municipal de Caridade - CE;2303006;CE;DCA-Anexo I-C;Padrão;Receitas Brutas Realizadas;RO1.7.5.8.01.0.0;1.7.5.8.01.0.0 - Transferências de Recursos do Fundo de Manutenção e Desenvolvimento da Educação Básica e de Valorização dos Profissionais da Educação ¿ FUNDEB;13955977,83;22782
2021;Prefeitura Municipal de Caridade - CE;2303006;CE;DCA-Anexo I-C;Padrão;Receitas Brutas Realizadas;RO1.9.0.0.00.0.0;1.9.0.0.00.0.0 - Outras Receitas Correntes;436836,02;22782
2021;Prefeitura Municipal de Caridade - CE;2303006;CE;DCA-Anexo I-C;Padrão;Receitas Brutas Realizadas;RO1.9.2.0.00.0.0;1.9.2.0.00.0.0 - Indenizações, Restituições e Ressarcimentos;436836,02;22782
2021;Prefeitura Municipal de Caridade - CE;2303006;CE;DCA-Anexo I-C;Padrão;Receitas Brutas Realizadas;RO1.9.2.2.00.0.0;1.9.2.2.00.0.0 - Restituições;436836,02;22782
2021;Prefeitura Municipal de Caridade - CE;2303006;CE;DCA-Anexo I-C;Padrão;Receitas Brutas Realizadas;RO1.9.2.2.99.0.0;1.9.2.2.99.0.0 - Outras Restituições;436836,02;22782
2021;Prefeitura Municipal de Caridade - CE;2303006;CE;DCA-Anexo I-C;Padrão;Receitas Brutas Realizadas;RO2.0.0.0.00.0.0;2.0.0.0.00.0.0 - Receitas de Capital;143009,41;22782
2021;Prefeitura Municipal de Caridade - CE;2303006;CE;DCA-Anexo I-C;Padrão;Receitas Brutas Realizadas;RO2.4.0.0.00.0.0;2.4.0.0.00.0.0 - Transferências de Capital;143009,41;22782
2021;Prefeitura Municipal de Caridade - CE;2303006;CE;DCA-Anexo I-C;Padrão;Receitas Brutas Realizadas;RO2.4.1.0.00.0.0;2.4.1.0.00.0.0 - Transferências da União e de suas Entidades;143009,41;22782
2021;Prefeitura Municipal de Caridade - CE;2303006;CE;DCA-Anexo I-C;Padrão;Receitas Brutas Realizadas;RO2.4.1.8.00.0.0;2.4.1.8.00.0.0 - Transferências da União - Específicas de Estados, DF e Municípios;143009,41;22782
2021;Prefeitura Municipal de Caridade - CE;2303006;CE;DCA-Anexo I-C;Padrão;Receitas Brutas Realizadas;RO2.4.1.8.10.0.0;2.4.1.8.10.0.0 - Transferência de Convênios da União e de suas Entidades;143009,41;22782
2021;Prefeitura Municipal de Caridade - CE;2303006;CE;DCA-Anexo I-C;Padrão;Receitas Brutas Realizadas;RO2.4.1.8.10.1.0;2.4.1.8.10.1.0 - Transferências de Convênio da União para o Sistema Único de Saúde ¿ SUS;143009,41;22782
2021;Prefeitura Municipal de Caridade - CE;2303006;CE;DCA-Anexo I-C;Padrão;Receitas Brutas Realizadas;ReceitasIntraOrcamentarias;RECEITAS (INTRA-ORÇAMENTÁRIAS) (II);2576701,41;22782
2021;Prefeitura Municipal de Caridade - CE;2303006;CE;DCA-Anexo I-C;Padrão;Receitas Brutas Realizadas;RI7.0.0.0.00.0.0;7.0.0.0.00.0.0 - Receitas Correntes;2576701,41;22782
2021;Prefeitura Municipal de Caridade - CE;2303006;CE;DCA-Anexo I-C;Padrão;Receitas Brutas Realizadas;RI7.2.0.0.00.0.0;7.2.0.0.00.0.0 - Contribuições;2576701,41;22782
2021;Prefeitura Municipal de Caridade - CE;2303006;CE;DCA-Anexo I-C;Padrão;Receitas Brutas Realizadas;RI7.2.1.0.00.0.0;7.2.1.0.00.0.0 - Contribuições Sociais;2576701,41;22782
2021;Prefeitura Municipal de Caridade - CE;2303006;CE;DCA-Anexo I-C;Padrão;Receitas Brutas Realizadas;RI7.2.1.8.00.0.0;7.2.1.8.00.0.0 - Contribuições Sociais Específicas de Estados, DF e   Municípios;2576701,41;22782
2021;Prefeitura Municipal de Caridade - CE;2303006;CE;DCA-Anexo I-C;Padrão;Receitas Brutas Realizadas;RI7.2.1.8.01.0.0;7.2.1.8.01.0.0 - Contribuição do Servidor Civil para o Plano de Seguridade Social - CPSSS - Específico de EST/DF/MUN;2562042,53;22782
2021;Prefeitura Municipal de Caridade - CE;2303006;CE;DCA-Anexo I-C;Padrão;Receitas Brutas Realizadas;RI7.2.1.8.03.0.0;7.2.1.8.03.0.0 - CPSSS Patronal - Servidor Civil - Específico de EST/DF/MUN;14658,88;22782
2021;Prefeitura Municipal de Caridade - CE;2303006;CE;DCA-Anexo I-C;Padrão;Receitas Brutas Realizadas;RI7.2.1.8.03.1.0;7.2.1.8.03.1.0 - CPSSS Patronal - Servidor Civil Ativo;14658,88;22782
2021;Prefeitura Municipal de Caridade - CE;2303006;CE;DCA-Anexo I-C;Padrão;Receitas Brutas Realizadas;TotalReceitas;TOTAL DAS RECEITAS (III) = (I + II);66921641,84;22782
2021;Prefeitura Municipal de Caridade - CE;2303006;CE;DCA-Anexo I-C;Padrão;Deduções - FUNDEB;TotalReceitas;TOTAL DAS RECEITAS (III) = (I + II);6229683,72;22782
2022;Prefeitura Municipal de Caridade - CE;2303006;CE;DCA-Anexo I-C;Padrão;Receitas Brutas Realizadas;ReceitasExcetoIntraOrcamentarias;RECEITAS (EXCETO INTRA-ORÇAMENTÁRIAS) (I);108397985,00;23011
2022;Prefeitura Municipal de Caridade - CE;2303006;CE;DCA-Anexo I-C;Padrão;Deduções - FUNDEB;ReceitasExcetoIntraOrcamentarias;RECEITAS (EXCETO INTRA-ORÇAMENTÁRIAS) (I);8667130,87;23011
2022;Prefeitura Municipal de Caridade - CE;2303006;CE;DCA-Anexo I-C;Padrão;Receitas Brutas Realizadas;RO1.0.0.0.00.0.0;1.0.0.0.00.0.0 - Receitas Correntes;104422666,02;23011
2022;Prefeitura Municipal de Caridade - CE;2303006;CE;DCA-Anexo I-C;Padrão;Deduções - FUNDEB;RO1.0.0.0.00.0.0;1.0.0.0.00.0.0 - Receitas Correntes;8667130,87;23011
2022;Prefeitura Municipal de Caridade - CE;2303006;CE;DCA-Anexo I-C;Padrão;Receitas Brutas Realizadas;RO1.1.0.0.00.0.0;1.1.0.0.00.0.0 - Impostos, Taxas e Contribuições de Melhoria;2446149,40;23011
2022;Prefeitura Municipal de Caridade - CE;2303006;CE;DCA-Anexo I-C;Padrão;Receitas Brutas Realizadas;RO1.1.1.0.00.0.0;1.1.1.0.00.0.0 - Impostos;2100301,70;23011
2022;Prefeitura Municipal de Caridade - CE;2303006;CE;DCA-Anexo I-C;Padrão;Receitas Brutas Realizadas;RO1.1.1.2.00.0.0;1.1.1.2.00.0.0 - Impostos sobre o Patrimônio;48490,14;23011
2022;Prefeitura Municipal de Caridade - CE;2303006;CE;DCA-Anexo I-C;Padrão;Receitas Brutas Realizadas;RO1.1.1.2.50.0.0;1.1.1.2.50.0.0 - Imposto sobre a Propriedade Predial e Territorial Urbana;11373,92;23011
2022;Prefeitura Municipal de Caridade - CE;2303006;CE;DCA-Anexo I-C;Padrão;Receitas Brutas Realizadas;RO1.1.1.2.53.0.0;"1.1.1.2.53.0.0 - Impostos sobre Transmissão ""Inter Vivos"" de Bens Imóveis e de Direitos Reais sobre Imóveis";37116,22;23011
2022;Prefeitura Municipal de Caridade - CE;2303006;CE;DCA-Anexo I-C;Padrão;Receitas Brutas Realizadas;RO1.1.1.3.00.0.0;1.1.1.3.00.0.0 - Impostos sobre a Renda e Proventos de Qualquer Natureza;1326904,52;23011
2022;Prefeitura Municipal de Caridade - CE;2303006;CE;DCA-Anexo I-C;Padrão;Receitas Brutas Realizadas;RO1.1.1.3.03.0.0;1.1.1.3.03.0.0 - Imposto sobre a Renda - Retido na Fonte;1326904,52;23011
2022;Prefeitura Municipal de Caridade - CE;2303006;CE;DCA-Anexo I-C;Padrão;Receitas Brutas Realizadas;RO1.1.1.3.03.1.0;1.1.1.3.03.1.0 - Imposto sobre a Renda - Retido na Fonte - Trabalho;1191088,98;23011
2022;Prefeitura Municipal de Caridade - CE;2303006;CE;DCA-Anexo I-C;Padrão;Receitas Brutas Realizadas;RO1.1.1.3.03.4.0;1.1.1.3.03.4.0 - Imposto sobre a Renda - Retido na Fonte - Outros Rendimentos;135815,54;23011
2022;Prefeitura Municipal de Caridade - CE;2303006;CE;DCA-Anexo I-C;Padrão;Receitas Brutas Realizadas;RO1.1.1.4.00.0.0;1.1.1.4.00.0.0 - Impostos sobre a Produção e Circulação de Mercadorias e Serviços;724907,04;23011
2022;Prefeitura Municipal de Caridade - CE;2303006;CE;DCA-Anexo I-C;Padrão;Receitas Brutas Realizadas;RO1.1.1.4.51.0.0;1.1.1.4.51.0.0 - Impostos sobre Serviços;724907,04;23011
2022;Prefeitura Municipal de Caridade - CE;2303006;CE;DCA-Anexo I-C;Padrão;Receitas Brutas Realizadas;RO1.1.1.4.51.1.0;1.1.1.4.51.1.0 - Imposto sobre Serviços de Qualquer Natureza - ISSQN;724907,04;23011
2022;Prefeitura Municipal de Caridade - CE;2303006;CE;DCA-Anexo I-C;Padrão;Receitas Brutas Realizadas;RO1.1.2.0.00.0.0;1.1.2.0.00.0.0 - Taxas;345847,70;23011
2022;Prefeitura Municipal de Caridade - CE;2303006;CE;DCA-Anexo I-C;Padrão;Receitas Brutas Realizadas;RO1.1.2.1.00.0.0;1.1.2.1.00.0.0 - Taxas pelo Exercício do Poder de Polícia;29461,38;23011
2022;Prefeitura Municipal de Caridade - CE;2303006;CE;DCA-Anexo I-C;Padrão;Receitas Brutas Realizadas;RO1.1.2.1.01.0.0;1.1.2.1.01.0.0 - Taxas de Inspeção, Controle e Fiscalização;29461,38;23011
2022;Prefeitura Municipal de Caridade - CE;2303006;CE;DCA-Anexo I-C;Padrão;Receitas Brutas Realizadas;RO1.1.2.2.00.0.0;1.1.2.2.00.0.0 - Taxas pela Prestação de Serviços;316386,32;23011
2022;Prefeitura Municipal de Caridade - CE;2303006;CE;DCA-Anexo I-C;Padrão;Receitas Brutas Realizadas;RO1.1.2.2.01.0.0;1.1.2.2.01.0.0 - Taxas pela Prestação de Serviços;316386,32;23011
2022;Prefeitura Municipal de Caridade - CE;2303006;CE;DCA-Anexo I-C;Padrão;Receitas Brutas Realizadas;RO1.2.0.0.00.0.0;1.2.0.0.00.0.0 - Contribuições;3752541,04;23011
2022;Prefeitura Municipal de Caridade - CE;2303006;CE;DCA-Anexo I-C;Padrão;Receitas Brutas Realizadas;RO1.2.1.0.00.0.0;1.2.1.0.00.0.0 - Contribuições Sociais;3039920,60;23011
2022;Prefeitura Municipal de Caridade - CE;2303006;CE;DCA-Anexo I-C;Padrão;Receitas Brutas Realizadas;RO1.2.1.5.00.0.0;1.2.1.5.00.0.0 - Contribuições para Regimes Próprios de Previdência e Sistema de Proteção Social;3039920,60;23011
2022;Prefeitura Municipal de Caridade - CE;2303006;CE;DCA-Anexo I-C;Padrão;Receitas Brutas Realizadas;RO1.2.1.5.01.0.0;1.2.1.5.01.0.0 - Contribuição do Servidor Civil;1292776,90;23011
2022;Prefeitura Municipal de Caridade - CE;2303006;CE;DCA-Anexo I-C;Padrão;Receitas Brutas Realizadas;RO1.2.1.5.01.1.0;1.2.1.5.01.1.0 - Contribuição do Servidor Civil Ativo;1292776,90;23011
2022;Prefeitura Municipal de Caridade - CE;2303006;CE;DCA-Anexo I-C;Padrão;Receitas Brutas Realizadas;RO1.2.1.5.02.0.0;1.2.1.5.02.0.0 - Contribuição Patronal - Servidor Civil;1747143,70;23011
2022;Prefeitura Municipal de Caridade - CE;2303006;CE;DCA-Anexo I-C;Padrão;Receitas Brutas Realizadas;RO1.2.1.5.02.1.0;1.2.1.5.02.1.0 - Contribuição Patronal - Servidor Civil Ativo;1747143,70;23011
2022;Prefeitura Municipal de Caridade - CE;2303006;CE;DCA-Anexo I-C;Padrão;Receitas Brutas Realizadas;RO1.2.4.0.00.0.0;1.2.4.0.00.0.0 - Contribuição para o Custeio do Serviço de Iluminação Pública;712620,44;23011
2022;Prefeitura Municipal de Caridade - CE;2303006;CE;DCA-Anexo I-C;Padrão;Receitas Brutas Realizadas;RO1.3.0.0.00.0.0;1.3.0.0.00.0.0 - Receita Patrimonial;2133348,98;23011
2022;Prefeitura Municipal de Caridade - CE;2303006;CE;DCA-Anexo I-C;Padrão;Deduções - FUNDEB;RO1.3.0.0.00.0.0;1.3.0.0.00.0.0 - Receita Patrimonial;197357,22;23011
2022;Prefeitura Municipal de Caridade - CE;2303006;CE;DCA-Anexo I-C;Padrão;Receitas Brutas Realizadas;RO1.3.2.0.00.0.0;1.3.2.0.00.0.0 - Valores Mobiliários;2133348,98;23011
2022;Prefeitura Municipal de Caridade - CE;2303006;CE;DCA-Anexo I-C;Padrão;Deduções - FUNDEB;RO1.3.2.0.00.0.0;1.3.2.0.00.0.0 - Valores Mobiliários;197357,22;23011
2022;Prefeitura Municipal de Caridade - CE;2303006;CE;DCA-Anexo I-C;Padrão;Receitas Brutas Realizadas;RO1.3.2.1.00.0.0;1.3.2.1.00.0.0 - Juros e Correções Monetárias;2133348,98;23011
2022;Prefeitura Municipal de Caridade - CE;2303006;CE;DCA-Anexo I-C;Padrão;Deduções - FUNDEB;RO1.3.2.1.00.0.0;1.3.2.1.00.0.0 - Juros e Correções Monetárias;197357,22;23011
2022;Prefeitura Municipal de Caridade - CE;2303006;CE;DCA-Anexo I-C;Padrão;Receitas Brutas Realizadas;RO1.3.2.1.01.0.0;1.3.2.1.01.0.0 - Remuneração de Depósitos Bancários;1454745,46;23011
2022;Prefeitura Municipal de Caridade - CE;2303006;CE;DCA-Anexo I-C;Padrão;Receitas Brutas Realizadas;RO1.3.2.1.04.0.0;1.3.2.1.04.0.0 - Remuneração dos Recursos do Regime Próprio de Previdência Social - RPPS;678603,52;23011
2022;Prefeitura Municipal de Caridade - CE;2303006;CE;DCA-Anexo I-C;Padrão;Deduções - FUNDEB;RO1.3.2.1.04.0.0;1.3.2.1.04.0.0 - Remuneração dos Recursos do Regime Próprio de Previdência Social - RPPS;197357,22;23011
2022;Prefeitura Municipal de Caridade - CE;2303006;CE;DCA-Anexo I-C;Padrão;Receitas Brutas Realizadas;RO1.7.0.0.00.0.0;1.7.0.0.00.0.0 - Transferências Correntes;95676423,62;23011
2022;Prefeitura Municipal de Caridade - CE;2303006;CE;DCA-Anexo I-C;Padrão;Deduções - FUNDEB;RO1.7.0.0.00.0.0;1.7.0.0.00.0.0 - Transferências Correntes;8469773,65;23011
2022;Prefeitura Municipal de Caridade - CE;2303006;CE;DCA-Anexo I-C;Padrão;Receitas Brutas Realizadas;RO1.7.1.0.00.0.0;1.7.1.0.00.0.0 - Transferências da União e de suas Entidades;58925627,11;23011
2022;Prefeitura Municipal de Caridade - CE;2303006;CE;DCA-Anexo I-C;Padrão;Deduções - FUNDEB;RO1.7.1.0.00.0.0;1.7.1.0.00.0.0 - Transferências da União e de suas Entidades;5806472,26;23011
2022;Prefeitura Municipal de Caridade - CE;2303006;CE;DCA-Anexo I-C;Padrão;Receitas Brutas Realizadas;RO1.7.1.1.00.0.0;1.7.1.1.00.0.0 - Transferências Decorrentes de Participação na Receita da União;31721997,20;23011
2022;Prefeitura Municipal de Caridade - CE;2303006;CE;DCA-Anexo I-C;Padrão;Deduções - FUNDEB;RO1.7.1.1.00.0.0;1.7.1.1.00.0.0 - Transferências Decorrentes de Participação na Receita da União;5806472,26;23011
2022;Prefeitura Municipal de Caridade - CE;2303006;CE;DCA-Anexo I-C;Padrão;Receitas Brutas Realizadas;RO1.7.1.1.51.0.0;1.7.1.1.51.0.0 -Cota-Parte do Fundo de Participação dos Municípios - FPM;31717023,87;23011
2022;Prefeitura Municipal de Caridade - CE;2303006;CE;DCA-Anexo I-C;Padrão;Deduções - FUNDEB;RO1.7.1.1.51.0.0;1.7.1.1.51.0.0 -Cota-Parte do Fundo de Participação dos Municípios - FPM;5805477,71;23011
2022;Prefeitura Municipal de Caridade - CE;2303006;CE;DCA-Anexo I-C;Padrão;Receitas Brutas Realizadas;RO1.7.1.1.51.1.0;1.7.1.1.51.1.0 - Cota-Parte do Fundo de Participação dos Municípios - Cota Mensal;30443365,83;23011
2022;Prefeitura Municipal de Caridade - CE;2303006;CE;DCA-Anexo I-C;Padrão;Deduções - FUNDEB;RO1.7.1.1.51.1.0;1.7.1.1.51.1.0 - Cota-Parte do Fundo de Participação dos Municípios - Cota Mensal;5805477,71;23011
2022;Prefeitura Municipal de Caridade - CE;2303006;CE;DCA-Anexo I-C;Padrão;Receitas Brutas Realizadas;RO1.7.1.1.51.3.0;1.7.1.1.51.3.0 - Cota-Parte do Fundo de Participação dos Municípios - 1% Cota entregue no mês de julho;1273658,04;23011
2022;Prefeitura Municipal de Caridade - CE;2303006;CE;DCA-Anexo I-C;Padrão;Receitas Brutas Realizadas;RO1.7.1.1.52.0.0;1.7.1.1.52.0.0 - Cota-Parte do Imposto Sobre a Propriedade Territorial Rural;4973,33;23011
2022;Prefeitura Municipal de Caridade - CE;2303006;CE;DCA-Anexo I-C;Padrão;Deduções - FUNDEB;RO1.7.1.1.52.0.0;1.7.1.1.52.0.0 - Cota-Parte do Imposto Sobre a Propriedade Territorial Rural;994,55;23011
2022;Prefeitura Municipal de Caridade - CE;2303006;CE;DCA-Anexo I-C;Padrão;Receitas Brutas Realizadas;RO1.7.1.2.00.0.0;1.7.1.2.00.0.0 -Transferências das Compensações Financeiras pela Exploração de Recursos Naturais;1033029,16;23011
2022;Prefeitura Municipal de Caridade - CE;2303006;CE;DCA-Anexo I-C;Padrão;Receitas Brutas Realizadas;RO1.7.1.2.51.0.0;1.7.1.2.51.0.0 -Cota-parte da Compensação Financeira pela Exploração de Recursos Minerais - CFEM;5925,33;23011
2022;Prefeitura Municipal de Caridade - CE;2303006;CE;DCA-Anexo I-C;Padrão;Receitas Brutas Realizadas;RO1.7.1.2.52.0.0;1.7.1.2.52.0.0 - Cota-parte da Compensação Financeira pela Produção de Petróleo;1027103,83;23011
2022;Prefeitura Municipal de Caridade - CE;2303006;CE;DCA-Anexo I-C;Padrão;Receitas Brutas Realizadas;RO1.7.1.2.52.1.0;1.7.1.2.52.1.0 - Cota-parte da Compensação Financeira pela Produção de Petróleo ¿ Lei nº 7.990/89;295826,69;23011
2022;Prefeitura Municipal de Caridade - CE;2303006;CE;DCA-Anexo I-C;Padrão;Receitas Brutas Realizadas;RO1.7.1.2.52.3.0;1.7.1.2.52.3.0 - Cota-parte pela Participação Especial ¿ Lei nº 9.478/97, artigo 50;32639,39;23011
2022;Prefeitura Municipal de Caridade - CE;2303006;CE;DCA-Anexo I-C;Padrão;Receitas Brutas Realizadas;RO1.7.1.2.52.4.0;1.7.1.2.52.4.0 - Cota-Parte do Fundo Especial do Petróleo ¿ FEP;698637,75;23011
2022;Prefeitura Municipal de Caridade - CE;2303006;CE;DCA-Anexo I-C;Padrão;Receitas Brutas Realizadas;RO1.7.1.3.00.0.0;1.7.1.3.00.0.0 -Transferências de Recursos do Sistema Único de Saúde ¿ SUS ;6863739,45;23011
2022;Prefeitura Municipal de Caridade - CE;2303006;CE;DCA-Anexo I-C;Padrão;Receitas Brutas Realizadas;RO1.7.1.3.50.0.0;1.7.1.3.50.0.0 - Transferências de Recursos do Sistema Único de Saúde ¿ SUS ¿ Repasses Fundo a Fundo - Bloco de Manutenção das Ações e Serviços Públicos de Saúde;6863739,45;23011
2022;Prefeitura Municipal de Caridade - CE;2303006;CE;DCA-Anexo I-C;Padrão;Receitas Brutas Realizadas;RO1.7.1.3.50.1.0;1.7.1.3.50.1.0 - Transferências de Recursos do Bloco de Manutenção das Ações e Serviços Públicos de Saúde ¿ Atenção Primária;5530078,28;23011
2022;Prefeitura Municipal de Caridade - CE;2303006;CE;DCA-Anexo I-C;Padrão;Receitas Brutas Realizadas;RO1.7.1.3.50.2.0;1.7.1.3.50.2.0 - Transferências de Recursos do Bloco de Manutenção das Ações e Serviços Públicos de Saúde ¿ Atenção Especializada;913423,40;23011
2022;Prefeitura Municipal de Caridade - CE;2303006;CE;DCA-Anexo I-C;Padrão;Receitas Brutas Realizadas;RO1.7.1.3.50.3.0;1.7.1.3.50.3.0 - Transferências de Recursos do Bloco de Manutenção das Ações e Serviços Públicos de Saúde ¿ Vigilância em Saúde;258171,77;23011
2022;Prefeitura Municipal de Caridade - CE;2303006;CE;DCA-Anexo I-C;Padrão;Receitas Brutas Realizadas;RO1.7.1.3.50.4.0;1.7.1.3.50.4.0 -Transferências de Recursos do Bloco de Manutenção das Ações e Serviços Públicos de Saúde ¿ Assistência Farmacêutica;24000,00;23011
2022;Prefeitura Municipal de Caridade - CE;2303006;CE;DCA-Anexo I-C;Padrão;Receitas Brutas Realizadas;RO1.7.1.3.50.5.0;1.7.1.3.50.5.0 - Transferências de Recursos do Bloco de Manutenção das Ações e Serviços Públicos de Saúde ¿ Gestão do SUS;138066,00;23011
2022;Prefeitura Municipal de Caridade - CE;2303006;CE;DCA-Anexo I-C;Padrão;Receitas Brutas Realizadas;RO1.7.1.4.00.0.0;1.7.1.4.00.0.0 -Transferências de Recursos do Fundo Nacional do Desenvolvimento da Educação ¿ FNDE¿ ;2267936,51;23011
2022;Prefeitura Municipal de Caridade - CE;2303006;CE;DCA-Anexo I-C;Padrão;Receitas Brutas Realizadas;RO1.7.1.4.52.0.0;1.7.1.4.52.0.0 - Transferências referentes ao Programa Nacional de Alimentação Escolar ¿ PNAE;759130,00;23011
2022;Prefeitura Municipal de Caridade - CE;2303006;CE;DCA-Anexo I-C;Padrão;Receitas Brutas Realizadas;RO1.7.1.4.53.0.0;1.7.1.4.53.0.0 - Transferências referentes ao Programa Nacional de Apoio ao Transporte do Escolar ¿ PNATE;630440,48;23011
2022;Prefeitura Municipal de Caridade - CE;2303006;CE;DCA-Anexo I-C;Padrão;Receitas Brutas Realizadas;RO1.7.1.4.55.0.0;1.7.1.4.55.0.0 - Transferências referentes ao Programa Brasil Alfabetizado - PBA;5403,22;23011
2022;Prefeitura Municipal de Caridade - CE;2303006;CE;DCA-Anexo I-C;Padrão;Receitas Brutas Realizadas;RO1.7.1.4.99.0.0;1.7.1.4.99.0.0 - Outras Transferências Diretas do Fundo Nacional do Desenvolvimento da Educação - FNDE;872962,81;23011
2022;Prefeitura Municipal de Caridade - CE;2303006;CE;DCA-Anexo I-C;Padrão;Receitas Brutas Realizadas;RO1.7.1.5.00.0.0;1.7.1.5.00.0.0 - Transferências de Recursos de Complementação da União ao Fundo de Manutenção e Desenvolvimento da Educação Básica e de Valorização dos Profissionais da Educação ¿ FUNDEB ;16227143,66;23011
2022;Prefeitura Municipal de Caridade - CE;2303006;CE;DCA-Anexo I-C;Padrão;Receitas Brutas Realizadas;RO1.7.1.6.00.0.0;1.7.1.6.00.0.0 - Transferências de Recursos do Fundo Nacional de Assistência Social ¿ FNAS;123468,00;23011
2022;Prefeitura Municipal de Caridade - CE;2303006;CE;DCA-Anexo I-C;Padrão;Receitas Brutas Realizadas;RO1.7.1.7.00.0.0;1.7.1.7.00.0.0 - Transferências de Convênios da União e de Suas Entidades;685593,18;23011
2022;Prefeitura Municipal de Caridade - CE;2303006;CE;DCA-Anexo I-C;Padrão;Receitas Brutas Realizadas;RO1.7.1.7.52.0.0;1.7.1.7.52.0.0 - Transferências de Convênios da União Destinadas a Programas de Assistência Social;529656,16;23011
2022;Prefeitura Municipal de Caridade - CE;2303006;CE;DCA-Anexo I-C;Padrão;Receitas Brutas Realizadas;RO1.7.1.7.53.0.0;1.7.1.7.53.0.0 - Transferências de Convênios da União Destinadas a Programas de Combate à Fome;18507,00;23011
2022;Prefeitura Municipal de Caridade - CE;2303006;CE;DCA-Anexo I-C;Padrão;Receitas Brutas Realizadas;RO1.7.1.7.99.0.0;1.7.1.7.99.0.0 - Outras Transferências de Convênios da União e de Suas Entidades;137430,02;23011
2022;Prefeitura Municipal de Caridade - CE;2303006;CE;DCA-Anexo I-C;Padrão;Receitas Brutas Realizadas;RO1.7.1.9.00.0.0;1.7.1.9.00.0.0 - Outras Transferências de Recursos da União e de suas Entidades;2719,95;23011
2022;Prefeitura Municipal de Caridade - CE;2303006;CE;DCA-Anexo I-C;Padrão;Receitas Brutas Realizadas;RO1.7.1.9.51.0.0;1.7.1.9.51.0.0 - Transferências Financeiras do ICMS ¿ Desoneração ¿ L.C. Nº 87/96;2719,95;23011
2022;Prefeitura Municipal de Caridade - CE;2303006;CE;DCA-Anexo I-C;Padrão;Receitas Brutas Realizadas;RO1.7.2.0.00.0.0;1.7.2.0.00.0.0 - Transferências dos Estados e do Distrito Federal e de suas Entidades;18048435,31;23011
2022;Prefeitura Municipal de Caridade - CE;2303006;CE;DCA-Anexo I-C;Padrão;Deduções - FUNDEB;RO1.7.2.0.00.0.0;1.7.2.0.00.0.0 - Transferências dos Estados e do Distrito Federal e de suas Entidades;2663301,39;23011
2022;Prefeitura Municipal de Caridade - CE;2303006;CE;DCA-Anexo I-C;Padrão;Receitas Brutas Realizadas;RO1.7.2.1.00.0.0;1.7.2.1.00.0.0 - Participação na Receita dos Estados e Distrito Federal;13329660,51;23011
2022;Prefeitura Municipal de Caridade - CE;2303006;CE;DCA-Anexo I-C;Padrão;Deduções - FUNDEB;RO1.7.2.1.00.0.0;1.7.2.1.00.0.0 - Participação na Receita dos Estados e Distrito Federal;2663301,39;23011
2022;Prefeitura Municipal de Caridade - CE;2303006;CE;DCA-Anexo I-C;Padrão;Receitas Brutas Realizadas;RO1.7.2.1.50.0.0;1.7.2.1.50.0.0 - Cota-Parte do ICMS;12733380,76;23011
2022;Prefeitura Municipal de Caridade - CE;2303006;CE;DCA-Anexo I-C;Padrão;Deduções - FUNDEB;RO1.7.2.1.50.0.0;1.7.2.1.50.0.0 - Cota-Parte do ICMS;2546676,04;23011
2022;Prefeitura Municipal de Caridade - CE;2303006;CE;DCA-Anexo I-C;Padrão;Receitas Brutas Realizadas;RO1.7.2.1.51.0.0;1.7.2.1.51.0.0 - Cota-Parte do IPVA;544944,80;23011
2022;Prefeitura Municipal de Caridade - CE;2303006;CE;DCA-Anexo I-C;Padrão;Deduções - FUNDEB;RO1.7.2.1.51.0.0;1.7.2.1.51.0.0 - Cota-Parte do IPVA;108988,61;23011
2022;Prefeitura Municipal de Caridade - CE;2303006;CE;DCA-Anexo I-C;Padrão;Receitas Brutas Realizadas;RO1.7.2.1.52.0.0;1.7.2.1.52.0.0 - Cota-Parte do IPI - Municípios;38185,12;23011
2022;Prefeitura Municipal de Caridade - CE;2303006;CE;DCA-Anexo I-C;Padrão;Deduções - FUNDEB;RO1.7.2.1.52.0.0;1.7.2.1.52.0.0 - Cota-Parte do IPI - Municípios;7636,74;23011
2022;Prefeitura Municipal de Caridade - CE;2303006;CE;DCA-Anexo I-C;Padrão;Receitas Brutas Realizadas;RO1.7.2.1.53.0.0;1.7.2.1.53.0.0 - Cota-Parte da Contribuição de Intervenção no Domínio Econômico;13149,83;23011
2022;Prefeitura Municipal de Caridade - CE;2303006;CE;DCA-Anexo I-C;Padrão;Receitas Brutas Realizadas;RO1.7.2.4.00.0.0;1.7.2.4.00.0.0 - Transferências de Convênios dos Estados e DF e de Suas Entidades;3978137,30;23011
2022;Prefeitura Municipal de Caridade - CE;2303006;CE;DCA-Anexo I-C;Padrão;Receitas Brutas Realizadas;RO1.7.2.4.50.0.0;1.7.2.4.50.0.0 - Transferências de Convênios dos Estados e DF para o Sistema Único de Saúde ¿ SUS;400000,00;23011
2022;Prefeitura Municipal de Caridade - CE;2303006;CE;DCA-Anexo I-C;Padrão;Receitas Brutas Realizadas;RO1.7.2.4.51.0.0;1.7.2.4.51.0.0 -Transferências de Convênios dos Estados Destinadas a Programas de Educação;100812,50;23011
2022;Prefeitura Municipal de Caridade - CE;2303006;CE;DCA-Anexo I-C;Padrão;Receitas Brutas Realizadas;RO1.7.2.4.99.0.0;1.7.2.4.99.0.0 - Outras Transferências de Convênios dos Estados e DF e de Suas Entidades;3477324,80;23011
2022;Prefeitura Municipal de Caridade - CE;2303006;CE;DCA-Anexo I-C;Padrão;Receitas Brutas Realizadas;RO1.7.2.9.00.0.0;1.7.2.9.00.0.0 - Outras Transferências dos Estados e Distrito Federal;740637,50;23011
2022;Prefeitura Municipal de Caridade - CE;2303006;CE;DCA-Anexo I-C;Padrão;Receitas Brutas Realizadas;RO1.7.2.9.51.0.0;1.7.2.9.51.0.0 - Transferências de Estados destinadas à Assistência Social;88200,00;23011
2022;Prefeitura Municipal de Caridade - CE;2303006;CE;DCA-Anexo I-C;Padrão;Receitas Brutas Realizadas;RO1.7.2.9.52.0.0;1.7.2.9.52.0.0 - Transferências de Recursos Destinados a Programas de Educação;652437,50;23011
2022;Prefeitura Municipal de Caridade - CE;2303006;CE;DCA-Anexo I-C;Padrão;Receitas Brutas Realizadas;RO1.7.5.0.00.0.0;1.7.5.0.00.0.0 - Transferências de Outras Instituições Públicas;18702361,20;23011
2022;Prefeitura Municipal de Caridade - CE;2303006;CE;DCA-Anexo I-C;Padrão;Receitas Brutas Realizadas;RO1.7.5.1.00.0.0;1.7.5.1.00.0.0 - Transferências de Recursos do Fundo de Manutenção e Desenvolvimento da Educação Básica e de Valorização dos Profissionais da Educação - FUNDEB;18702361,20;23011
2022;Prefeitura Municipal de Caridade - CE;2303006;CE;DCA-Anexo I-C;Padrão;Receitas Brutas Realizadas;RO1.9.0.0.00.0.0;1.9.0.0.00.0.0 - Outras Receitas Correntes;414202,98;23011
2022;Prefeitura Municipal de Caridade - CE;2303006;CE;DCA-Anexo I-C;Padrão;Receitas Brutas Realizadas;RO1.9.2.0.00.0.0;1.9.2.0.00.0.0 - Indenizações, Restituições e Ressarcimentos;414202,98;23011
2022;Prefeitura Municipal de Caridade - CE;2303006;CE;DCA-Anexo I-C;Padrão;Receitas Brutas Realizadas;RO1.9.2.2.00.0.0;1.9.2.2.00.0.0 - Restituições;414202,98;23011
2022;Prefeitura Municipal de Caridade - CE;2303006;CE;DCA-Anexo I-C;Padrão;Receitas Brutas Realizadas;RO1.9.2.2.99.0.0;1.9.2.2.99.0.0 - Outras Restituições;414202,98;23011
2022;Prefeitura Municipal de Caridade - CE;2303006;CE;DCA-Anexo I-C;Padrão;Receitas Brutas Realizadas;RO2.0.0.0.00.0.0;2.0.0.0.00.0.0 - Receitas de Capital;3975318,98;23011
2022;Prefeitura Municipal de Caridade - CE;2303006;CE;DCA-Anexo I-C;Padrão;Receitas Brutas Realizadas;RO2.4.0.0.00.0.0;2.4.0.0.00.0.0 - Transferências de Capital;3975318,98;23011
2022;Prefeitura Municipal de Caridade - CE;2303006;CE;DCA-Anexo I-C;Padrão;Receitas Brutas Realizadas;RO2.4.1.0.00.0.0;2.4.1.0.00.0.0 - Transferências da União e de suas Entidades;575792,85;23011
2022;Prefeitura Municipal de Caridade - CE;2303006;CE;DCA-Anexo I-C;Padrão;Receitas Brutas Realizadas;RO2.4.1.3.00.0.0;2.4.1.3.00.0.0 - Transferências de Recursos do Fundo Nacional de Assistência Social ¿ FNAS ;557989,71;23011
2022;Prefeitura Municipal de Caridade - CE;2303006;CE;DCA-Anexo I-C;Padrão;Receitas Brutas Realizadas;RO2.4.1.3.50.0.0;2.4.1.3.50.0.0 - Transferências de Recursos do Fundo Nacional de Assistência Social ¿ FNAS;557989,71;23011
2022;Prefeitura Municipal de Caridade - CE;2303006;CE;DCA-Anexo I-C;Padrão;Receitas Brutas Realizadas;RO2.4.1.4.00.0.0;2.4.1.4.00.0.0 - Transferências de Convênios da União e de suas Entidades ;17803,14;23011
2022;Prefeitura Municipal de Caridade - CE;2303006;CE;DCA-Anexo I-C;Padrão;Receitas Brutas Realizadas;RO2.4.1.4.99.0.0;2.4.1.4.99.0.0 - Outras Transferências de Convênios da União e de Suas Entidades;17803,14;23011
2022;Prefeitura Municipal de Caridade - CE;2303006;CE;DCA-Anexo I-C;Padrão;Receitas Brutas Realizadas;RO2.4.2.0.00.0.0;2.4.2.0.00.0.0 - Transferências dos Estados e do Distrito Federal e de suas Entidades;3399526,13;23011
2022;Prefeitura Municipal de Caridade - CE;2303006;CE;DCA-Anexo I-C;Padrão;Receitas Brutas Realizadas;RO2.4.2.2.00.0.0;2.4.2.2.00.0.0 - Transferências de Convênios dos Estados e DF e de Suas Entidades ;2252755,70;23011
2022;Prefeitura Municipal de Caridade - CE;2303006;CE;DCA-Anexo I-C;Padrão;Receitas Brutas Realizadas;RO2.4.2.2.99.0.0;2.4.2.2.99.0.0 - Outras Transferências de Convênio dos Estados e DF e de Suas Entidades;2252755,70;23011
2022;Prefeitura Municipal de Caridade - CE;2303006;CE;DCA-Anexo I-C;Padrão;Receitas Brutas Realizadas;RO2.4.2.9.00.0.0;2.4.2.9.00.0.0 - Outras Transferências de Recursos dos Estados;1146770,43;23011
2022;Prefeitura Municipal de Caridade - CE;2303006;CE;DCA-Anexo I-C;Padrão;Receitas Brutas Realizadas;RO2.4.2.9.99.0.0;2.4.2.9.99.0.0 - Outras Transferências de Recursos dos Estados;1146770,43;23011
2022;Prefeitura Municipal de Caridade - CE;2303006;CE;DCA-Anexo I-C;Padrão;Receitas Brutas Realizadas;TotalReceitas;TOTAL DAS RECEITAS (III) = (I + II);108397985,00;23011
2022;Prefeitura Municipal de Caridade - CE;2303006;CE;DCA-Anexo I-C;Padrão;Deduções - FUNDEB;TotalReceitas;TOTAL DAS RECEITAS (III) = (I + II);8667130,87;23011
2023;Prefeitura Municipal de Caridade - CE;2303006;CE;DCA-Anexo I-C;Padrão;Receitas Brutas Realizadas;ReceitasExcetoIntraOrcamentarias;RECEITAS (EXCETO INTRA-ORÇAMENTÁRIAS) (I);111754603,95;23011
2023;Prefeitura Municipal de Caridade - CE;2303006;CE;DCA-Anexo I-C;Padrão;Deduções - FUNDEB;ReceitasExcetoIntraOrcamentarias;RECEITAS (EXCETO INTRA-ORÇAMENTÁRIAS) (I);8649224,96;23011
2023;Prefeitura Municipal de Caridade - CE;2303006;CE;DCA-Anexo I-C;Padrão;Outras Deduções da Receita;ReceitasExcetoIntraOrcamentarias;RECEITAS (EXCETO INTRA-ORÇAMENTÁRIAS) (I);99813,63;23011
2023;Prefeitura Municipal de Caridade - CE;2303006;CE;DCA-Anexo I-C;Padrão;Receitas Brutas Realizadas;RO1.0.0.0.00.0.0;1.0.0.0.00.0.0 - Receitas Correntes;110325836,10;23011
2023;Prefeitura Municipal de Caridade - CE;2303006;CE;DCA-Anexo I-C;Padrão;Deduções - FUNDEB;RO1.0.0.0.00.0.0;1.0.0.0.00.0.0 - Receitas Correntes;8649224,96;23011
2023;Prefeitura Municipal de Caridade - CE;2303006;CE;DCA-Anexo I-C;Padrão;Outras Deduções da Receita;RO1.0.0.0.00.0.0;1.0.0.0.00.0.0 - Receitas Correntes;99813,63;23011
2023;Prefeitura Municipal de Caridade - CE;2303006;CE;DCA-Anexo I-C;Padrão;Receitas Brutas Realizadas;RO1.1.0.0.00.0.0;1.1.0.0.00.0.0 - Impostos, Taxas e Contribuições de Melhoria;5037664,51;23011
2023;Prefeitura Municipal de Caridade - CE;2303006;CE;DCA-Anexo I-C;Padrão;Receitas Brutas Realizadas;RO1.1.1.0.00.0.0;1.1.1.0.00.0.0 - Impostos;4913725,30;23011
2023;Prefeitura Municipal de Caridade - CE;2303006;CE;DCA-Anexo I-C;Padrão;Receitas Brutas Realizadas;RO1.1.1.2.00.0.0;1.1.1.2.00.0.0 - Impostos sobre o Patrimônio;53175,00;23011
2023;Prefeitura Municipal de Caridade - CE;2303006;CE;DCA-Anexo I-C;Padrão;Receitas Brutas Realizadas;RO1.1.1.2.50.0.0;1.1.1.2.50.0.0 - Imposto sobre a Propriedade Predial e Territorial Urbana;2200,00;23011
2023;Prefeitura Municipal de Caridade - CE;2303006;CE;DCA-Anexo I-C;Padrão;Receitas Brutas Realizadas;RO1.1.1.2.53.0.0;"1.1.1.2.53.0.0 - Impostos sobre Transmissão ""Inter Vivos"" de Bens Imóveis e de Direitos Reais sobre Imóveis";50975,00;23011
2023;Prefeitura Municipal de Caridade - CE;2303006;CE;DCA-Anexo I-C;Padrão;Receitas Brutas Realizadas;RO1.1.1.3.00.0.0;1.1.1.3.00.0.0 - Impostos sobre a Renda e Proventos de Qualquer Natureza;3945799,27;23011
2023;Prefeitura Municipal de Caridade - CE;2303006;CE;DCA-Anexo I-C;Padrão;Receitas Brutas Realizadas;RO1.1.1.3.03.0.0;1.1.1.3.03.0.0 - Imposto sobre a Renda - Retido na Fonte;3945799,27;23011
2023;Prefeitura Municipal de Caridade - CE;2303006;CE;DCA-Anexo I-C;Padrão;Receitas Brutas Realizadas;RO1.1.1.3.03.1.0;1.1.1.3.03.1.0 - Imposto sobre a Renda - Retido na Fonte - Trabalho;200721,32;23011
2023;Prefeitura Municipal de Caridade - CE;2303006;CE;DCA-Anexo I-C;Padrão;Receitas Brutas Realizadas;RO1.1.1.3.03.4.0;1.1.1.3.03.4.0 - Imposto sobre a Renda - Retido na Fonte - Outros Rendimentos;3745077,95;23011
2023;Prefeitura Municipal de Caridade - CE;2303006;CE;DCA-Anexo I-C;Padrão;Receitas Brutas Realizadas;RO1.1.1.4.00.0.0;1.1.1.4.00.0.0 - Impostos sobre a Produção e Circulação de Mercadorias e Serviços;914751,03;23011
2023;Prefeitura Municipal de Caridade - CE;2303006;CE;DCA-Anexo I-C;Padrão;Receitas Brutas Realizadas;RO1.1.1.4.51.0.0;1.1.1.4.51.0.0 - Impostos sobre Serviços;914751,03;23011
2023;Prefeitura Municipal de Caridade - CE;2303006;CE;DCA-Anexo I-C;Padrão;Receitas Brutas Realizadas;RO1.1.1.4.51.1.0;1.1.1.4.51.1.0 - Imposto sobre Serviços de Qualquer Natureza - ISSQN;914751,03;23011
2023;Prefeitura Municipal de Caridade - CE;2303006;CE;DCA-Anexo I-C;Padrão;Receitas Brutas Realizadas;RO1.1.2.0.00.0.0;1.1.2.0.00.0.0 - Taxas;123939,21;23011
2023;Prefeitura Municipal de Caridade - CE;2303006;CE;DCA-Anexo I-C;Padrão;Receitas Brutas Realizadas;RO1.1.2.1.00.0.0;1.1.2.1.00.0.0 - Taxas pelo Exercício do Poder de Polícia;68559,92;23011
2023;Prefeitura Municipal de Caridade - CE;2303006;CE;DCA-Anexo I-C;Padrão;Receitas Brutas Realizadas;RO1.1.2.1.01.0.0;1.1.2.1.01.0.0 - Taxas de Inspeção, Controle e Fiscalização;68559,92;23011
2023;Prefeitura Municipal de Caridade - CE;2303006;CE;DCA-Anexo I-C;Padrão;Receitas Brutas Realizadas;RO1.1.2.2.00.0.0;1.1.2.2.00.0.0 - Taxas pela Prestação de Serviços;55379,29;23011
2023;Prefeitura Municipal de Caridade - CE;2303006;CE;DCA-Anexo I-C;Padrão;Receitas Brutas Realizadas;RO1.1.2.2.01.0.0;1.1.2.2.01.0.0 - Taxas pela Prestação de Serviços em Geral;55379,29;23011
2023;Prefeitura Municipal de Caridade - CE;2303006;CE;DCA-Anexo I-C;Padrão;Receitas Brutas Realizadas;RO1.2.0.0.00.0.0;1.2.0.0.00.0.0 - Contribuições;3302132,52;23011
2023;Prefeitura Municipal de Caridade - CE;2303006;CE;DCA-Anexo I-C;Padrão;Receitas Brutas Realizadas;RO1.2.1.0.00.0.0;1.2.1.0.00.0.0 - Contribuições Sociais;2509271,92;23011
2023;Prefeitura Municipal de Caridade - CE;2303006;CE;DCA-Anexo I-C;Padrão;Receitas Brutas Realizadas;RO1.2.1.5.00.0.0;1.2.1.5.00.0.0 - Contribuições para Regimes Próprios de Previdência e Sistema de Proteção Social;2509271,92;23011
2023;Prefeitura Municipal de Caridade - CE;2303006;CE;DCA-Anexo I-C;Padrão;Receitas Brutas Realizadas;RO1.2.1.5.01.0.0;1.2.1.5.01.0.0 - Contribuição do Servidor Civil;2390031,74;23011
2023;Prefeitura Municipal de Caridade - CE;2303006;CE;DCA-Anexo I-C;Padrão;Receitas Brutas Realizadas;RO1.2.1.5.01.1.0;1.2.1.5.01.1.0 - Contribuição do Servidor Civil Ativo;2390031,74;23011
2023;Prefeitura Municipal de Caridade - CE;2303006;CE;DCA-Anexo I-C;Padrão;Receitas Brutas Realizadas;RO1.2.1.5.02.0.0;1.2.1.5.02.0.0 - Contribuição Patronal - Servidor Civil;119240,18;23011
2023;Prefeitura Municipal de Caridade - CE;2303006;CE;DCA-Anexo I-C;Padrão;Receitas Brutas Realizadas;RO1.2.1.5.02.1.0;1.2.1.5.02.1.0 - Contribuição Patronal - Servidor Civil Ativo;119240,18;23011
2023;Prefeitura Municipal de Caridade - CE;2303006;CE;DCA-Anexo I-C;Padrão;Receitas Brutas Realizadas;RO1.2.4.0.00.0.0;1.2.4.0.00.0.0 - Contribuição para o Custeio do Serviço de Iluminação Pública;792860,60;23011
2023;Prefeitura Municipal de Caridade - CE;2303006;CE;DCA-Anexo I-C;Padrão;Receitas Brutas Realizadas;RO1.3.0.0.00.0.0;1.3.0.0.00.0.0 - Receita Patrimonial;2453609,65;23011
2023;Prefeitura Municipal de Caridade - CE;2303006;CE;DCA-Anexo I-C;Padrão;Outras Deduções da Receita;RO1.3.0.0.00.0.0;1.3.0.0.00.0.0 - Receita Patrimonial;99813,63;23011
2023;Prefeitura Municipal de Caridade - CE;2303006;CE;DCA-Anexo I-C;Padrão;Receitas Brutas Realizadas;RO1.3.2.0.00.0.0;1.3.2.0.00.0.0 - Valores Mobiliários;2453609,65;23011
2023;Prefeitura Municipal de Caridade - CE;2303006;CE;DCA-Anexo I-C;Padrão;Outras Deduções da Receita;RO1.3.2.0.00.0.0;1.3.2.0.00.0.0 - Valores Mobiliários;99813,63;23011
2023;Prefeitura Municipal de Caridade - CE;2303006;CE;DCA-Anexo I-C;Padrão;Receitas Brutas Realizadas;RO1.3.2.1.00.0.0;1.3.2.1.00.0.0 - Juros e Correções Monetárias;2453609,65;23011
2023;Prefeitura Municipal de Caridade - CE;2303006;CE;DCA-Anexo I-C;Padrão;Outras Deduções da Receita;RO1.3.2.1.00.0.0;1.3.2.1.00.0.0 - Juros e Correções Monetárias;99813,63;23011
2023;Prefeitura Municipal de Caridade - CE;2303006;CE;DCA-Anexo I-C;Padrão;Receitas Brutas Realizadas;RO1.3.2.1.01.0.0;1.3.2.1.01.0.0 - Remuneração de Depósitos Bancários;1295345,41;23011
2023;Prefeitura Municipal de Caridade - CE;2303006;CE;DCA-Anexo I-C;Padrão;Receitas Brutas Realizadas;RO1.3.2.1.04.0.0;1.3.2.1.04.0.0 - Remuneração dos Recursos do Regime Próprio de Previdência Social - RPPS;1158264,24;23011
2023;Prefeitura Municipal de Caridade - CE;2303006;CE;DCA-Anexo I-C;Padrão;Outras Deduções da Receita;RO1.3.2.1.04.0.0;1.3.2.1.04.0.0 - Remuneração dos Recursos do Regime Próprio de Previdência Social - RPPS;99813,63;23011
2023;Prefeitura Municipal de Caridade - CE;2303006;CE;DCA-Anexo I-C;Padrão;Receitas Brutas Realizadas;RO1.7.0.0.00.0.0;1.7.0.0.00.0.0 - Transferências Correntes;99384764,48;23011
2023;Prefeitura Municipal de Caridade - CE;2303006;CE;DCA-Anexo I-C;Padrão;Deduções - FUNDEB;RO1.7.0.0.00.0.0;1.7.0.0.00.0.0 - Transferências Correntes;8649224,96;23011
2023;Prefeitura Municipal de Caridade - CE;2303006;CE;DCA-Anexo I-C;Padrão;Receitas Brutas Realizadas;RO1.7.1.0.00.0.0;1.7.1.0.00.0.0 - Transferências da União e de suas Entidades;61867291,46;23011
2023;Prefeitura Municipal de Caridade - CE;2303006;CE;DCA-Anexo I-C;Padrão;Deduções - FUNDEB;RO1.7.1.0.00.0.0;1.7.1.0.00.0.0 - Transferências da União e de suas Entidades;5956551,63;23011
2023;Prefeitura Municipal de Caridade - CE;2303006;CE;DCA-Anexo I-C;Padrão;Receitas Brutas Realizadas;RO1.7.1.1.00.0.0;1.7.1.1.00.0.0 - Transferências Decorrentes de Participação na Receita da União;32717316,53;23011
2023;Prefeitura Municipal de Caridade - CE;2303006;CE;DCA-Anexo I-C;Padrão;Deduções - FUNDEB;RO1.7.1.1.00.0.0;1.7.1.1.00.0.0 - Transferências Decorrentes de Participação na Receita da União;5956551,63;23011
2023;Prefeitura Municipal de Caridade - CE;2303006;CE;DCA-Anexo I-C;Padrão;Receitas Brutas Realizadas;RO1.7.1.1.51.0.0;1.7.1.1.51.0.0 -Cota-Parte do Fundo de Participação dos Municípios - FPM;32706708,39;23011
2023;Prefeitura Municipal de Caridade - CE;2303006;CE;DCA-Anexo I-C;Padrão;Deduções - FUNDEB;RO1.7.1.1.51.0.0;1.7.1.1.51.0.0 -Cota-Parte do Fundo de Participação dos Municípios - FPM;5954430,10;23011
2023;Prefeitura Municipal de Caridade - CE;2303006;CE;DCA-Anexo I-C;Padrão;Receitas Brutas Realizadas;RO1.7.1.1.51.1.0;1.7.1.1.51.1.0 - Cota-Parte do Fundo de Participação dos Municípios - Cota Mensal;30095755,72;23011
2023;Prefeitura Municipal de Caridade - CE;2303006;CE;DCA-Anexo I-C;Padrão;Deduções - FUNDEB;RO1.7.1.1.51.1.0;1.7.1.1.51.1.0 - Cota-Parte do Fundo de Participação dos Municípios - Cota Mensal;5954430,10;23011
2023;Prefeitura Municipal de Caridade - CE;2303006;CE;DCA-Anexo I-C;Padrão;Receitas Brutas Realizadas;RO1.7.1.1.51.2.0;1.7.1.1.51.2.0 - Cota-Parte do Fundo de Participação dos Municípios - Cotas Extraordinárias;2610952,67;23011
2023;Prefeitura Municipal de Caridade - CE;2303006;CE;DCA-Anexo I-C;Padrão;Receitas Brutas Realizadas;RO1.7.1.1.52.0.0;1.7.1.1.52.0.0 - Cota-Parte do Imposto Sobre a Propriedade Territorial Rural;10608,14;23011
2023;Prefeitura Municipal de Caridade - CE;2303006;CE;DCA-Anexo I-C;Padrão;Deduções - FUNDEB;RO1.7.1.1.52.0.0;1.7.1.1.52.0.0 - Cota-Parte do Imposto Sobre a Propriedade Territorial Rural;2121,53;23011
2023;Prefeitura Municipal de Caridade - CE;2303006;CE;DCA-Anexo I-C;Padrão;Receitas Brutas Realizadas;RO1.7.1.2.00.0.0;1.7.1.2.00.0.0 -Transferências das Compensações Financeiras pela Exploração de Recursos Naturais;665132,68;23011
2023;Prefeitura Municipal de Caridade - CE;2303006;CE;DCA-Anexo I-C;Padrão;Receitas Brutas Realizadas;RO1.7.1.2.51.0.0;1.7.1.2.51.0.0 -Cota-parte da Compensação Financeira pela Exploração de Recursos Minerais - CFEM;1491,33;23011
2023;Prefeitura Municipal de Caridade - CE;2303006;CE;DCA-Anexo I-C;Padrão;Receitas Brutas Realizadas;RO1.7.1.2.52.0.0;1.7.1.2.52.0.0 - Cota-parte da Compensação Financeira pela Produção de Petróleo;663641,35;23011
2023;Prefeitura Municipal de Caridade - CE;2303006;CE;DCA-Anexo I-C;Padrão;Receitas Brutas Realizadas;RO1.7.1.2.52.1.0;1.7.1.2.52.1.0 - Cota-parte da Compensação Financeira pela Produção de Petróleo ¿ Lei nº 7.990/89;35362,67;23011
2023;Prefeitura Municipal de Caridade - CE;2303006;CE;DCA-Anexo I-C;Padrão;Receitas Brutas Realizadas;RO1.7.1.2.52.4.0;1.7.1.2.52.4.0 - Cota-Parte do Fundo Especial do Petróleo ¿ FEP;628278,68;23011
2023;Prefeitura Municipal de Caridade - CE;2303006;CE;DCA-Anexo I-C;Padrão;Receitas Brutas Realizadas;RO1.7.1.3.00.0.0;1.7.1.3.00.0.0 -Transferências de Recursos do Sistema Único de Saúde ¿ SUS ;6195589,88;23011
2023;Prefeitura Municipal de Caridade - CE;2303006;CE;DCA-Anexo I-C;Padrão;Receitas Brutas Realizadas;RO1.7.1.3.50.0.0;1.7.1.3.50.0.0 - Transferências de Recursos do Sistema Único de Saúde ¿ SUS ¿ Repasses Fundo a Fundo - Bloco de Manutenção das Ações e Serviços Públicos de Saúde;6195447,42;23011
2023;Prefeitura Municipal de Caridade - CE;2303006;CE;DCA-Anexo I-C;Padrão;Receitas Brutas Realizadas;RO1.7.1.3.50.1.0;1.7.1.3.50.1.0 - Transferências de Recursos do Bloco de Manutenção das Ações e Serviços Públicos de Saúde ¿ Atenção Primária;3936839,50;23011
2023;Prefeitura Municipal de Caridade - CE;2303006;CE;DCA-Anexo I-C;Padrão;Receitas Brutas Realizadas;RO1.7.1.3.50.2.0;1.7.1.3.50.2.0 - Transferências de Recursos do Bloco de Manutenção das Ações e Serviços Públicos de Saúde ¿ Atenção Especializada;700308,67;23011
2023;Prefeitura Municipal de Caridade - CE;2303006;CE;DCA-Anexo I-C;Padrão;Receitas Brutas Realizadas;RO1.7.1.3.50.3.0;1.7.1.3.50.3.0 - Transferências de Recursos do Bloco de Manutenção das Ações e Serviços Públicos de Saúde ¿ Vigilância em Saúde;739322,67;23011
2023;Prefeitura Municipal de Caridade - CE;2303006;CE;DCA-Anexo I-C;Padrão;Receitas Brutas Realizadas;RO1.7.1.3.50.4.0;1.7.1.3.50.4.0 -Transferências de Recursos do Bloco de Manutenção das Ações e Serviços Públicos de Saúde ¿ Assistência Farmacêutica;24000,00;23011
2023;Prefeitura Municipal de Caridade - CE;2303006;CE;DCA-Anexo I-C;Padrão;Receitas Brutas Realizadas;RO1.7.1.3.50.5.0;1.7.1.3.50.5.0 - Transferências de Recursos do Bloco de Manutenção das Ações e Serviços Públicos de Saúde ¿ Gestão do SUS;794976,58;23011
2023;Prefeitura Municipal de Caridade - CE;2303006;CE;DCA-Anexo I-C;Padrão;Receitas Brutas Realizadas;RO1.7.1.3.51.0.0;1.7.1.3.51.0.0 - Transferências de Recursos do Sistema Único de Saúde ¿ SUS - Repasses Fundo a Fundo - Bloco de Estruturação da Rede de Serviços Públicos de Saúde;142,46;23011
2023;Prefeitura Municipal de Caridade - CE;2303006;CE;DCA-Anexo I-C;Padrão;Receitas Brutas Realizadas;RO1.7.1.3.51.2.0;1.7.1.3.51.2.0 - Transferências de Recursos do Bloco de Estruturação da Rede de Serviços Públicos de Saúde - Atenção Especializada;142,46;23011
2023;Prefeitura Municipal de Caridade - CE;2303006;CE;DCA-Anexo I-C;Padrão;Receitas Brutas Realizadas;RO1.7.1.4.00.0.0;1.7.1.4.00.0.0 -Transferências de Recursos do Fundo Nacional do Desenvolvimento da Educação ¿ FNDE¿ ;2527541,15;23011
2023;Prefeitura Municipal de Caridade - CE;2303006;CE;DCA-Anexo I-C;Padrão;Receitas Brutas Realizadas;RO1.7.1.4.52.0.0;1.7.1.4.52.0.0 - Transferências referentes ao Programa Nacional de Alimentação Escolar ¿ PNAE;862885,44;23011
2023;Prefeitura Municipal de Caridade - CE;2303006;CE;DCA-Anexo I-C;Padrão;Receitas Brutas Realizadas;RO1.7.1.4.53.0.0;1.7.1.4.53.0.0 - Transferências referentes ao Programa Nacional de Apoio ao Transporte do Escolar ¿ PNATE;693055,32;23011
2023;Prefeitura Municipal de Caridade - CE;2303006;CE;DCA-Anexo I-C;Padrão;Receitas Brutas Realizadas;RO1.7.1.4.99.0.0;1.7.1.4.99.0.0 - Outras Transferências Diretas do Fundo Nacional do Desenvolvimento da Educação - FNDE;971600,39;23011
2023;Prefeitura Municipal de Caridade - CE;2303006;CE;DCA-Anexo I-C;Padrão;Receitas Brutas Realizadas;RO1.7.1.5.00.0.0;1.7.1.5.00.0.0 - Transferências de Recursos de Complementação da União ao Fundo de Manutenção e Desenvolvimento da Educação Básica e de Valorização dos Profissionais da Educação ¿ FUNDEB ;17484441,28;23011
2023;Prefeitura Municipal de Caridade - CE;2303006;CE;DCA-Anexo I-C;Padrão;Receitas Brutas Realizadas;RO1.7.1.7.00.0.0;1.7.1.7.00.0.0 - Transferências de Convênios da União e de Suas Entidades;1322727,67;23011
2023;Prefeitura Municipal de Caridade - CE;2303006;CE;DCA-Anexo I-C;Padrão;Receitas Brutas Realizadas;RO1.7.1.7.50.0.0;1.7.1.7.50.0.0 - Transferências de Convênios da União para o Sistema Único de Saúde ¿ SUS;799992,00;23011
2023;Prefeitura Municipal de Caridade - CE;2303006;CE;DCA-Anexo I-C;Padrão;Receitas Brutas Realizadas;RO1.7.1.7.51.0.0;1.7.1.7.51.0.0 - Transferências de Convênios da União Destinadas a Programas de Educação;101593,34;23011
2023;Prefeitura Municipal de Caridade - CE;2303006;CE;DCA-Anexo I-C;Padrão;Receitas Brutas Realizadas;RO1.7.1.7.52.0.0;1.7.1.7.52.0.0 - Transferências de Convênios da União Destinadas a Programas de Assistência Social;321625,70;23011
2023;Prefeitura Municipal de Caridade - CE;2303006;CE;DCA-Anexo I-C;Padrão;Receitas Brutas Realizadas;RO1.7.1.7.99.0.0;1.7.1.7.99.0.0 - Outras Transferências de Convênios da União e de Suas Entidades;99516,63;23011
2023;Prefeitura Municipal de Caridade - CE;2303006;CE;DCA-Anexo I-C;Padrão;Receitas Brutas Realizadas;RO1.7.1.9.00.0.0;1.7.1.9.00.0.0 - Outras Transferências de Recursos da União e de suas Entidades;954542,27;23011
2023;Prefeitura Municipal de Caridade - CE;2303006;CE;DCA-Anexo I-C;Padrão;Receitas Brutas Realizadas;RO1.7.1.9.61.0.0;1.7.1.9.61.0.0 - Auxílio Financeiro - Outorga Crédito Tributário ICMS - Art. 5º, Inciso V, EC nº 123/2022;729752,21;23011
2023;Prefeitura Municipal de Caridade - CE;2303006;CE;DCA-Anexo I-C;Padrão;Receitas Brutas Realizadas;RO1.7.1.9.99.0.0;1.7.1.9.99.0.0 - Outras Transferências de Recursos da União e de suas Entidades;224790,06;23011
2023;Prefeitura Municipal de Caridade - CE;2303006;CE;DCA-Anexo I-C;Padrão;Receitas Brutas Realizadas;RO1.7.2.0.00.0.0;1.7.2.0.00.0.0 - Transferências dos Estados e do Distrito Federal e de suas Entidades;15983974,12;23011
2023;Prefeitura Municipal de Caridade - CE;2303006;CE;DCA-Anexo I-C;Padrão;Deduções - FUNDEB;RO1.7.2.0.00.0.0;1.7.2.0.00.0.0 - Transferências dos Estados e do Distrito Federal e de suas Entidades;2692673,33;23011
2023;Prefeitura Municipal de Caridade - CE;2303006;CE;DCA-Anexo I-C;Padrão;Receitas Brutas Realizadas;RO1.7.2.1.00.0.0;1.7.2.1.00.0.0 - Participação na Receita dos Estados e Distrito Federal;13467476,51;23011
2023;Prefeitura Municipal de Caridade - CE;2303006;CE;DCA-Anexo I-C;Padrão;Deduções - FUNDEB;RO1.7.2.1.00.0.0;1.7.2.1.00.0.0 - Participação na Receita dos Estados e Distrito Federal;2692673,33;23011
2023;Prefeitura Municipal de Caridade - CE;2303006;CE;DCA-Anexo I-C;Padrão;Receitas Brutas Realizadas;RO1.7.2.1.50.0.0;1.7.2.1.50.0.0 - Cota-Parte do ICMS;12715283,04;23011
2023;Prefeitura Municipal de Caridade - CE;2303006;CE;DCA-Anexo I-C;Padrão;Deduções - FUNDEB;RO1.7.2.1.50.0.0;1.7.2.1.50.0.0 - Cota-Parte do ICMS;2543056,53;23011
2023;Prefeitura Municipal de Caridade - CE;2303006;CE;DCA-Anexo I-C;Padrão;Receitas Brutas Realizadas;RO1.7.2.1.51.0.0;1.7.2.1.51.0.0 - Cota-Parte do IPVA;706776,08;23011
2023;Prefeitura Municipal de Caridade - CE;2303006;CE;DCA-Anexo I-C;Padrão;Deduções - FUNDEB;RO1.7.2.1.51.0.0;1.7.2.1.51.0.0 - Cota-Parte do IPVA;141354,95;23011
2023;Prefeitura Municipal de Caridade - CE;2303006;CE;DCA-Anexo I-C;Padrão;Receitas Brutas Realizadas;RO1.7.2.1.52.0.0;1.7.2.1.52.0.0 - Cota-Parte do IPI - Municípios;41309,68;23011
2023;Prefeitura Municipal de Caridade - CE;2303006;CE;DCA-Anexo I-C;Padrão;Deduções - FUNDEB;RO1.7.2.1.52.0.0;1.7.2.1.52.0.0 - Cota-Parte do IPI - Municípios;8261,85;23011
2023;Prefeitura Municipal de Caridade - CE;2303006;CE;DCA-Anexo I-C;Padrão;Receitas Brutas Realizadas;RO1.7.2.1.53.0.0;1.7.2.1.53.0.0 - Cota-Parte da Contribuição de Intervenção no Domínio Econômico;4107,71;23011
2023;Prefeitura Municipal de Caridade - CE;2303006;CE;DCA-Anexo I-C;Padrão;Receitas Brutas Realizadas;RO1.7.2.4.00.0.0;1.7.2.4.00.0.0 - Transferências de Convênios dos Estados e DF e de Suas Entidades;2144150,03;23011
2023;Prefeitura Municipal de Caridade - CE;2303006;CE;DCA-Anexo I-C;Padrão;Receitas Brutas Realizadas;RO1.7.2.4.99.0.0;1.7.2.4.99.0.0 - Outras Transferências de Convênios dos Estados e DF e de Suas Entidades;2144150,03;23011
2023;Prefeitura Municipal de Caridade - CE;2303006;CE;DCA-Anexo I-C;Padrão;Receitas Brutas Realizadas;RO1.7.2.9.00.0.0;1.7.2.9.00.0.0 - Outras Transferências dos Estados e Distrito Federal;372347,58;23011
2023;Prefeitura Municipal de Caridade - CE;2303006;CE;DCA-Anexo I-C;Padrão;Receitas Brutas Realizadas;RO1.7.2.9.51.0.0;1.7.2.9.51.0.0 - Transferências de Estados destinadas à Assistência Social;122347,58;23011
2023;Prefeitura Municipal de Caridade - CE;2303006;CE;DCA-Anexo I-C;Padrão;Receitas Brutas Realizadas;RO1.7.2.9.52.0.0;1.7.2.9.52.0.0 - Transferências de Recursos Destinados a Programas de Educação;250000,00;23011
2023;Prefeitura Municipal de Caridade - CE;2303006;CE;DCA-Anexo I-C;Padrão;Receitas Brutas Realizadas;RO1.7.5.0.00.0.0;1.7.5.0.00.0.0 - Transferências de Outras Instituições Públicas;21533498,90;23011
2023;Prefeitura Municipal de Caridade - CE;2303006;CE;DCA-Anexo I-C;Padrão;Receitas Brutas Realizadas;RO1.7.5.1.00.0.0;1.7.5.1.00.0.0 - Transferências de Recursos do Fundo de Manutenção e Desenvolvimento da Educação Básica e de Valorização dos Profissionais da Educação - FUNDEB;20479347,90;23011
2023;Prefeitura Municipal de Caridade - CE;2303006;CE;DCA-Anexo I-C;Padrão;Receitas Brutas Realizadas;RO1.7.5.9.00.0.0;1.7.5.9.00.0.0 - Demais Transferências de Outras Instituições Públicas;1054151,00;23011
2023;Prefeitura Municipal de Caridade - CE;2303006;CE;DCA-Anexo I-C;Padrão;Receitas Brutas Realizadas;RO1.9.0.0.00.0.0;1.9.0.0.00.0.0 - Outras Receitas Correntes;147664,94;23011
2023;Prefeitura Municipal de Caridade - CE;2303006;CE;DCA-Anexo I-C;Padrão;Receitas Brutas Realizadas;RO1.9.1.0.00.0.0;1.9.1.0.00.0.0 - Multas Administrativas, Contratuais e Judiciais;2577,94;23011
2023;Prefeitura Municipal de Caridade - CE;2303006;CE;DCA-Anexo I-C;Padrão;Receitas Brutas Realizadas;RO1.9.1.1.00.0.0;1.9.1.1.00.0.0 - Multas Administrativas, Contratuais e Judiciais;2577,94;23011
2023;Prefeitura Municipal de Caridade - CE;2303006;CE;DCA-Anexo I-C;Padrão;Receitas Brutas Realizadas;RO1.9.1.1.07.0.0;1.9.1.1.07.0.0 - Multas Aplicadas pelos Tribunais de Contas;2577,94;23011
2023;Prefeitura Municipal de Caridade - CE;2303006;CE;DCA-Anexo I-C;Padrão;Receitas Brutas Realizadas;RO1.9.2.0.00.0.0;1.9.2.0.00.0.0 - Indenizações, Restituições e Ressarcimentos;145087,00;23011
2023;Prefeitura Municipal de Caridade - CE;2303006;CE;DCA-Anexo I-C;Padrão;Receitas Brutas Realizadas;RO1.9.2.2.00.0.0;1.9.2.2.00.0.0 - Restituições;145087,00;23011
2023;Prefeitura Municipal de Caridade - CE;2303006;CE;DCA-Anexo I-C;Padrão;Receitas Brutas Realizadas;RO1.9.2.2.99.0.0;1.9.2.2.99.0.0 - Outras Restituições;145087,00;23011
2023;Prefeitura Municipal de Caridade - CE;2303006;CE;DCA-Anexo I-C;Padrão;Receitas Brutas Realizadas;RO2.0.0.0.00.0.0;2.0.0.0.00.0.0 - Receitas de Capital;1428767,85;23011
2023;Prefeitura Municipal de Caridade - CE;2303006;CE;DCA-Anexo I-C;Padrão;Receitas Brutas Realizadas;RO2.4.0.0.00.0.0;2.4.0.0.00.0.0 - Transferências de Capital;1428767,85;23011
2023;Prefeitura Municipal de Caridade - CE;2303006;CE;DCA-Anexo I-C;Padrão;Receitas Brutas Realizadas;RO2.4.1.0.00.0.0;2.4.1.0.00.0.0 - Transferências da União e de suas Entidades;1428767,85;23011
2023;Prefeitura Municipal de Caridade - CE;2303006;CE;DCA-Anexo I-C;Padrão;Receitas Brutas Realizadas;RO2.4.1.3.00.0.0;2.4.1.3.00.0.0 - Transferências de Recursos do Fundo Nacional de Assistência Social ¿ FNAS ;402918,85;23011
2023;Prefeitura Municipal de Caridade - CE;2303006;CE;DCA-Anexo I-C;Padrão;Receitas Brutas Realizadas;RO2.4.1.3.50.0.0;2.4.1.3.50.0.0 - Transferências de Recursos do Fundo Nacional de Assistência Social ¿ FNAS;402918,85;23011
2023;Prefeitura Municipal de Caridade - CE;2303006;CE;DCA-Anexo I-C;Padrão;Receitas Brutas Realizadas;RO2.4.1.4.00.0.0;2.4.1.4.00.0.0 - Transferências de Convênios da União e de suas Entidades ;1025849,00;23011
2023;Prefeitura Municipal de Caridade - CE;2303006;CE;DCA-Anexo I-C;Padrão;Receitas Brutas Realizadas;RO2.4.1.4.99.0.0;2.4.1.4.99.0.0 - Outras Transferências de Convênios da União e de Suas Entidades;1025849,00;23011
2023;Prefeitura Municipal de Caridade - CE;2303006;CE;DCA-Anexo I-C;Padrão;Receitas Brutas Realizadas;TotalReceitas;TOTAL DAS RECEITAS (III) = (I + II);111754603,95;23011
2023;Prefeitura Municipal de Caridade - CE;2303006;CE;DCA-Anexo I-C;Padrão;Deduções - FUNDEB;TotalReceitas;TOTAL DAS RECEITAS (III) = (I + II);8649224,96;23011
2023;Prefeitura Municipal de Caridade - CE;2303006;CE;DCA-Anexo I-C;Padrão;Outras Deduções da Receita;TotalReceitas;TOTAL DAS RECEITAS (III) = (I + II);99813,63;23011
2024;Prefeitura Municipal de Caridade - CE;2303006;CE;DCA-Anexo I-C;Padrão;Receitas Brutas Realizadas;ReceitasExcetoIntraOrcamentarias;RECEITAS (EXCETO INTRA-ORÇAMENTÁRIAS) (I);128971273,00;15898
2024;Prefeitura Municipal de Caridade - CE;2303006;CE;DCA-Anexo I-C;Padrão;Deduções - FUNDEB;ReceitasExcetoIntraOrcamentarias;RECEITAS (EXCETO INTRA-ORÇAMENTÁRIAS) (I);9971488,05;15898
2024;Prefeitura Municipal de Caridade - CE;2303006;CE;DCA-Anexo I-C;Padrão;Outras Deduções da Receita;ReceitasExcetoIntraOrcamentarias;RECEITAS (EXCETO INTRA-ORÇAMENTÁRIAS) (I);140584,63;15898
2024;Prefeitura Municipal de Caridade - CE;2303006;CE;DCA-Anexo I-C;Padrão;Receitas Brutas Realizadas;RO1.0.0.0.00.0.0;1.0.0.0.00.0.0 - Receitas Correntes;127803742,88;15898
2024;Prefeitura Municipal de Caridade - CE;2303006;CE;DCA-Anexo I-C;Padrão;Deduções - FUNDEB;RO1.0.0.0.00.0.0;1.0.0.0.00.0.0 - Receitas Correntes;9971488,05;15898
2024;Prefeitura Municipal de Caridade - CE;2303006;CE;DCA-Anexo I-C;Padrão;Outras Deduções da Receita;RO1.0.0.0.00.0.0;1.0.0.0.00.0.0 - Receitas Correntes;140584,63;15898
2024;Prefeitura Municipal de Caridade - CE;2303006;CE;DCA-Anexo I-C;Padrão;Receitas Brutas Realizadas;RO1.1.0.0.00.0.0;1.1.0.0.00.0.0 - Impostos, Taxas e Contribuições de Melhoria;2484794,76;15898
2024;Prefeitura Municipal de Caridade - CE;2303006;CE;DCA-Anexo I-C;Padrão;Receitas Brutas Realizadas;RO1.1.1.0.00.0.0;1.1.1.0.00.0.0 - Impostos;2386081,19;15898
2024;Prefeitura Municipal de Caridade - CE;2303006;CE;DCA-Anexo I-C;Padrão;Receitas Brutas Realizadas;RO1.1.1.2.00.0.0;1.1.1.2.00.0.0 - Impostos sobre o Patrimônio;30445,00;15898
2024;Prefeitura Municipal de Caridade - CE;2303006;CE;DCA-Anexo I-C;Padrão;Receitas Brutas Realizadas;RO1.1.1.2.50.0.0;1.1.1.2.50.0.0 - Imposto sobre a Propriedade Predial e Territorial Urbana;3145,00;15898
2024;Prefeitura Municipal de Caridade - CE;2303006;CE;DCA-Anexo I-C;Padrão;Receitas Brutas Realizadas;RO1.1.1.2.53.0.0;"1.1.1.2.53.0.0 - Impostos sobre Transmissão ""Inter Vivos"" de Bens Imóveis e de Direitos Reais sobre Imóveis";27300,00;15898
2024;Prefeitura Municipal de Caridade - CE;2303006;CE;DCA-Anexo I-C;Padrão;Receitas Brutas Realizadas;RO1.1.1.3.00.0.0;1.1.1.3.00.0.0 - Impostos sobre a Renda e Proventos de Qualquer Natureza;1330253,76;15898
2024;Prefeitura Municipal de Caridade - CE;2303006;CE;DCA-Anexo I-C;Padrão;Receitas Brutas Realizadas;RO1.1.1.3.03.0.0;1.1.1.3.03.0.0 - Imposto sobre a Renda - Retido na Fonte;1330253,76;15898
2024;Prefeitura Municipal de Caridade - CE;2303006;CE;DCA-Anexo I-C;Padrão;Receitas Brutas Realizadas;RO1.1.1.3.03.1.0;1.1.1.3.03.1.0 - Imposto sobre a Renda - Retido na Fonte - Trabalho;96878,88;15898
2024;Prefeitura Municipal de Caridade - CE;2303006;CE;DCA-Anexo I-C;Padrão;Receitas Brutas Realizadas;RO1.1.1.3.03.4.0;1.1.1.3.03.4.0 - Imposto sobre a Renda - Retido na Fonte - Outros Rendimentos;1233374,88;15898
2024;Prefeitura Municipal de Caridade - CE;2303006;CE;DCA-Anexo I-C;Padrão;Receitas Brutas Realizadas;RO1.1.1.4.00.0.0;1.1.1.4.00.0.0 - Impostos sobre a Produção e Circulação de Mercadorias e Serviços;1025382,43;15898
2024;Prefeitura Municipal de Caridade - CE;2303006;CE;DCA-Anexo I-C;Padrão;Receitas Brutas Realizadas;RO1.1.1.4.51.0.0;1.1.1.4.51.0.0 - Impostos sobre Serviços;1025382,43;15898
2024;Prefeitura Municipal de Caridade - CE;2303006;CE;DCA-Anexo I-C;Padrão;Receitas Brutas Realizadas;RO1.1.1.4.51.1.0;1.1.1.4.51.1.0 - Imposto sobre Serviços de Qualquer Natureza - ISSQN;1025382,43;15898
2024;Prefeitura Municipal de Caridade - CE;2303006;CE;DCA-Anexo I-C;Padrão;Receitas Brutas Realizadas;RO1.1.2.0.00.0.0;1.1.2.0.00.0.0 - Taxas;98713,57;15898
2024;Prefeitura Municipal de Caridade - CE;2303006;CE;DCA-Anexo I-C;Padrão;Receitas Brutas Realizadas;RO1.1.2.1.00.0.0;1.1.2.1.00.0.0 - Taxas pelo Exercício do Poder de Polícia;46498,57;15898
2024;Prefeitura Municipal de Caridade - CE;2303006;CE;DCA-Anexo I-C;Padrão;Receitas Brutas Realizadas;RO1.1.2.1.01.0.0;1.1.2.1.01.0.0 - Taxas de Inspeção, Controle e Fiscalização;46498,57;15898
2024;Prefeitura Municipal de Caridade - CE;2303006;CE;DCA-Anexo I-C;Padrão;Receitas Brutas Realizadas;RO1.1.2.2.00.0.0;1.1.2.2.00.0.0 - Taxas pela Prestação de Serviços;52215,00;15898
2024;Prefeitura Municipal de Caridade - CE;2303006;CE;DCA-Anexo I-C;Padrão;Receitas Brutas Realizadas;RO1.1.2.2.01.0.0;1.1.2.2.01.0.0 - Taxas pela Prestação de Serviços em Geral;52215,00;15898
2024;Prefeitura Municipal de Caridade - CE;2303006;CE;DCA-Anexo I-C;Padrão;Receitas Brutas Realizadas;RO1.2.0.0.00.0.0;1.2.0.0.00.0.0 - Contribuições;2631745,42;15898
2024;Prefeitura Municipal de Caridade - CE;2303006;CE;DCA-Anexo I-C;Padrão;Receitas Brutas Realizadas;RO1.2.1.0.00.0.0;1.2.1.0.00.0.0 - Contribuições Sociais;2402217,08;15898
2024;Prefeitura Municipal de Caridade - CE;2303006;CE;DCA-Anexo I-C;Padrão;Receitas Brutas Realizadas;RO1.2.1.5.00.0.0;1.2.1.5.00.0.0 - Contribuições para Regimes Próprios de Previdência e Sistema de Proteção Social;2402217,08;15898
2024;Prefeitura Municipal de Caridade - CE;2303006;CE;DCA-Anexo I-C;Padrão;Receitas Brutas Realizadas;RO1.2.1.5.01.0.0;1.2.1.5.01.0.0 - Contribuição do Servidor Civil;2368732,05;15898
2024;Prefeitura Municipal de Caridade - CE;2303006;CE;DCA-Anexo I-C;Padrão;Receitas Brutas Realizadas;RO1.2.1.5.01.1.0;1.2.1.5.01.1.0 - Contribuição do Servidor Civil Ativo;2368732,05;15898
2024;Prefeitura Municipal de Caridade - CE;2303006;CE;DCA-Anexo I-C;Padrão;Receitas Brutas Realizadas;RO1.2.1.5.02.0.0;1.2.1.5.02.0.0 - Contribuição Patronal - Servidor Civil;33485,03;15898
2024;Prefeitura Municipal de Caridade - CE;2303006;CE;DCA-Anexo I-C;Padrão;Receitas Brutas Realizadas;RO1.2.1.5.02.1.0;1.2.1.5.02.1.0 - Contribuição Patronal - Servidor Civil Ativo;33485,03;15898
2024;Prefeitura Municipal de Caridade - CE;2303006;CE;DCA-Anexo I-C;Padrão;Receitas Brutas Realizadas;RO1.2.4.0.00.0.0;1.2.4.0.00.0.0 - Contribuição para o Custeio do Serviço de Iluminação Pública;229528,34;15898
2024;Prefeitura Municipal de Caridade - CE;2303006;CE;DCA-Anexo I-C;Padrão;Receitas Brutas Realizadas;RO1.3.0.0.00.0.0;1.3.0.0.00.0.0 - Receita Patrimonial;1381481,62;15898
2024;Prefeitura Municipal de Caridade - CE;2303006;CE;DCA-Anexo I-C;Padrão;Outras Deduções da Receita;RO1.3.0.0.00.0.0;1.3.0.0.00.0.0 - Receita Patrimonial;140584,63;15898
2024;Prefeitura Municipal de Caridade - CE;2303006;CE;DCA-Anexo I-C;Padrão;Receitas Brutas Realizadas;RO1.3.2.0.00.0.0;1.3.2.0.00.0.0 - Valores Mobiliários;1381481,62;15898
2024;Prefeitura Municipal de Caridade - CE;2303006;CE;DCA-Anexo I-C;Padrão;Outras Deduções da Receita;RO1.3.2.0.00.0.0;1.3.2.0.00.0.0 - Valores Mobiliários;140584,63;15898
2024;Prefeitura Municipal de Caridade - CE;2303006;CE;DCA-Anexo I-C;Padrão;Receitas Brutas Realizadas;RO1.3.2.1.00.0.0;1.3.2.1.00.0.0 - Juros e Correções Monetárias;1381481,62;15898
2024;Prefeitura Municipal de Caridade - CE;2303006;CE;DCA-Anexo I-C;Padrão;Outras Deduções da Receita;RO1.3.2.1.00.0.0;1.3.2.1.00.0.0 - Juros e Correções Monetárias;140584,63;15898
2024;Prefeitura Municipal de Caridade - CE;2303006;CE;DCA-Anexo I-C;Padrão;Receitas Brutas Realizadas;RO1.3.2.1.01.0.0;1.3.2.1.01.0.0 - Remuneração de Depósitos Bancários;384024,16;15898
2024;Prefeitura Municipal de Caridade - CE;2303006;CE;DCA-Anexo I-C;Padrão;Receitas Brutas Realizadas;RO1.3.2.1.04.0.0;1.3.2.1.04.0.0 - Remuneração dos Recursos do Regime Próprio de Previdência Social - RPPS;997457,46;15898
2024;Prefeitura Municipal de Caridade - CE;2303006;CE;DCA-Anexo I-C;Padrão;Outras Deduções da Receita;RO1.3.2.1.04.0.0;1.3.2.1.04.0.0 - Remuneração dos Recursos do Regime Próprio de Previdência Social - RPPS;140584,63;15898
2024;Prefeitura Municipal de Caridade - CE;2303006;CE;DCA-Anexo I-C;Padrão;Receitas Brutas Realizadas;RO1.7.0.0.00.0.0;1.7.0.0.00.0.0 - Transferências Correntes;121165131,96;15898
2024;Prefeitura Municipal de Caridade - CE;2303006;CE;DCA-Anexo I-C;Padrão;Deduções - FUNDEB;RO1.7.0.0.00.0.0;1.7.0.0.00.0.0 - Transferências Correntes;9971488,05;15898
2024;Prefeitura Municipal de Caridade - CE;2303006;CE;DCA-Anexo I-C;Padrão;Receitas Brutas Realizadas;RO1.7.1.0.00.0.0;1.7.1.0.00.0.0 - Transferências da União e de suas Entidades;78927603,96;15898
2024;Prefeitura Municipal de Caridade - CE;2303006;CE;DCA-Anexo I-C;Padrão;Deduções - FUNDEB;RO1.7.1.0.00.0.0;1.7.1.0.00.0.0 - Transferências da União e de suas Entidades;6744691,41;15898
2024;Prefeitura Municipal de Caridade - CE;2303006;CE;DCA-Anexo I-C;Padrão;Receitas Brutas Realizadas;RO1.7.1.1.00.0.0;1.7.1.1.00.0.0 - Transferências Decorrentes de Participação na Receita da União;36383350,88;15898
2024;Prefeitura Municipal de Caridade - CE;2303006;CE;DCA-Anexo I-C;Padrão;Deduções - FUNDEB;RO1.7.1.1.00.0.0;1.7.1.1.00.0.0 - Transferências Decorrentes de Participação na Receita da União;6744691,41;15898
2024;Prefeitura Municipal de Caridade - CE;2303006;CE;DCA-Anexo I-C;Padrão;Receitas Brutas Realizadas;RO1.7.1.1.51.0.0;1.7.1.1.51.0.0 -Cota-Parte do Fundo de Participação dos Municípios - FPM;36378865,64;15898
2024;Prefeitura Municipal de Caridade - CE;2303006;CE;DCA-Anexo I-C;Padrão;Deduções - FUNDEB;RO1.7.1.1.51.0.0;1.7.1.1.51.0.0 -Cota-Parte do Fundo de Participação dos Municípios - FPM;6743794,47;15898
2024;Prefeitura Municipal de Caridade - CE;2303006;CE;DCA-Anexo I-C;Padrão;Receitas Brutas Realizadas;RO1.7.1.1.51.1.0;1.7.1.1.51.1.0 - Cota-Parte do Fundo de Participação dos Municípios - Cota Mensal;33379877,92;15898
2024;Prefeitura Municipal de Caridade - CE;2303006;CE;DCA-Anexo I-C;Padrão;Deduções - FUNDEB;RO1.7.1.1.51.1.0;1.7.1.1.51.1.0 - Cota-Parte do Fundo de Participação dos Municípios - Cota Mensal;6743794,47;15898
2024;Prefeitura Municipal de Caridade - CE;2303006;CE;DCA-Anexo I-C;Padrão;Receitas Brutas Realizadas;RO1.7.1.1.51.2.0;1.7.1.1.51.2.0 - Cota-Parte do Fundo de Participação dos Municípios - Cotas Extraordinárias;2998987,72;15898
2024;Prefeitura Municipal de Caridade - CE;2303006;CE;DCA-Anexo I-C;Padrão;Receitas Brutas Realizadas;RO1.7.1.1.52.0.0;1.7.1.1.52.0.0 - Cota-Parte do Imposto Sobre a Propriedade Territorial Rural;4485,24;15898
2024;Prefeitura Municipal de Caridade - CE;2303006;CE;DCA-Anexo I-C;Padrão;Deduções - FUNDEB;RO1.7.1.1.52.0.0;1.7.1.1.52.0.0 - Cota-Parte do Imposto Sobre a Propriedade Territorial Rural;896,94;15898
2024;Prefeitura Municipal de Caridade - CE;2303006;CE;DCA-Anexo I-C;Padrão;Receitas Brutas Realizadas;RO1.7.1.2.00.0.0;1.7.1.2.00.0.0 -Transferências das Compensações Financeiras pela Exploração de Recursos Naturais;720119,69;15898
2024;Prefeitura Municipal de Caridade - CE;2303006;CE;DCA-Anexo I-C;Padrão;Receitas Brutas Realizadas;RO1.7.1.2.51.0.0;1.7.1.2.51.0.0 -Cota-parte da Compensação Financeira pela Exploração de Recursos Minerais - CFEM;9233,52;15898
2024;Prefeitura Municipal de Caridade - CE;2303006;CE;DCA-Anexo I-C;Padrão;Receitas Brutas Realizadas;RO1.7.1.2.52.0.0;1.7.1.2.52.0.0 - Cota-parte da Compensação Financeira pela Produção de Petróleo;710886,17;15898
2024;Prefeitura Municipal de Caridade - CE;2303006;CE;DCA-Anexo I-C;Padrão;Receitas Brutas Realizadas;RO1.7.1.2.52.1.0;1.7.1.2.52.1.0 - Cota-parte da Compensação Financeira pela Produção de Petróleo ¿ Lei nº 7.990/89;28550,19;15898
2024;Prefeitura Municipal de Caridade - CE;2303006;CE;DCA-Anexo I-C;Padrão;Receitas Brutas Realizadas;RO1.7.1.2.52.4.0;1.7.1.2.52.4.0 - Cota-Parte do Fundo Especial do Petróleo ¿ FEP;682335,98;15898
2024;Prefeitura Municipal de Caridade - CE;2303006;CE;DCA-Anexo I-C;Padrão;Receitas Brutas Realizadas;RO1.7.1.3.00.0.0;1.7.1.3.00.0.0 -Transferências de Recursos do Sistema Único de Saúde ¿ SUS ;13996271,42;15898
2024;Prefeitura Municipal de Caridade - CE;2303006;CE;DCA-Anexo I-C;Padrão;Receitas Brutas Realizadas;RO1.7.1.3.50.0.0;1.7.1.3.50.0.0 - Transferências de Recursos do Sistema Único de Saúde ¿ SUS ¿ Repasses Fundo a Fundo - Bloco de Manutenção das Ações e Serviços Públicos de Saúde;12506533,62;15898
2024;Prefeitura Municipal de Caridade - CE;2303006;CE;DCA-Anexo I-C;Padrão;Receitas Brutas Realizadas;RO1.7.1.3.50.1.0;1.7.1.3.50.1.0 - Transferências de Recursos do Bloco de Manutenção das Ações e Serviços Públicos de Saúde ¿ Atenção Primária;7612003,05;15898
2024;Prefeitura Municipal de Caridade - CE;2303006;CE;DCA-Anexo I-C;Padrão;Receitas Brutas Realizadas;RO1.7.1.3.50.2.0;1.7.1.3.50.2.0 - Transferências de Recursos do Bloco de Manutenção das Ações e Serviços Públicos de Saúde ¿ Atenção Especializada;1266948,63;15898
2024;Prefeitura Municipal de Caridade - CE;2303006;CE;DCA-Anexo I-C;Padrão;Receitas Brutas Realizadas;RO1.7.1.3.50.3.0;1.7.1.3.50.3.0 - Transferências de Recursos do Bloco de Manutenção das Ações e Serviços Públicos de Saúde ¿ Vigilância em Saúde;2311405,50;15898
2024;Prefeitura Municipal de Caridade - CE;2303006;CE;DCA-Anexo I-C;Padrão;Receitas Brutas Realizadas;RO1.7.1.3.50.4.0;1.7.1.3.50.4.0 -Transferências de Recursos do Bloco de Manutenção das Ações e Serviços Públicos de Saúde ¿ Assistência Farmacêutica;18000,00;15898
2024;Prefeitura Municipal de Caridade - CE;2303006;CE;DCA-Anexo I-C;Padrão;Receitas Brutas Realizadas;RO1.7.1.3.50.5.0;1.7.1.3.50.5.0 - Transferências de Recursos do Bloco de Manutenção das Ações e Serviços Públicos de Saúde ¿ Gestão do SUS;1298176,44;15898
2024;Prefeitura Municipal de Caridade - CE;2303006;CE;DCA-Anexo I-C;Padrão;Receitas Brutas Realizadas;RO1.7.1.3.51.0.0;1.7.1.3.51.0.0 - Transferências de Recursos do Sistema Único de Saúde ¿ SUS - Repasses Fundo a Fundo - Bloco de Estruturação da Rede de Serviços Públicos de Saúde;18779,60;15898
2024;Prefeitura Municipal de Caridade - CE;2303006;CE;DCA-Anexo I-C;Padrão;Receitas Brutas Realizadas;RO1.7.1.3.51.2.0;1.7.1.3.51.2.0 - Transferências de Recursos do Bloco de Estruturação da Rede de Serviços Públicos de Saúde - Atenção Especializada;18779,60;15898
2024;Prefeitura Municipal de Caridade - CE;2303006;CE;DCA-Anexo I-C;Padrão;Receitas Brutas Realizadas;RO1.7.1.3.99.0.0;1.7.1.3.99.0.0 - Outras Transferências de Recursos do Sistema Único de Saúde - SUS;1470958,20;15898
2024;Prefeitura Municipal de Caridade - CE;2303006;CE;DCA-Anexo I-C;Padrão;Receitas Brutas Realizadas;RO1.7.1.4.00.0.0;1.7.1.4.00.0.0 -Transferências de Recursos do Fundo Nacional do Desenvolvimento da Educação ¿ FNDE¿ ;4390940,09;15898
2024;Prefeitura Municipal de Caridade - CE;2303006;CE;DCA-Anexo I-C;Padrão;Receitas Brutas Realizadas;RO1.7.1.4.50.0.0;1.7.1.4.50.0.0 - Transferências do Salário-Educação;189848,53;15898
2024;Prefeitura Municipal de Caridade - CE;2303006;CE;DCA-Anexo I-C;Padrão;Receitas Brutas Realizadas;RO1.7.1.4.52.0.0;1.7.1.4.52.0.0 - Transferências referentes ao Programa Nacional de Alimentação Escolar ¿ PNAE;893818,00;15898
2024;Prefeitura Municipal de Caridade - CE;2303006;CE;DCA-Anexo I-C;Padrão;Receitas Brutas Realizadas;RO1.7.1.4.53.0.0;1.7.1.4.53.0.0 - Transferências referentes ao Programa Nacional de Apoio ao Transporte do Escolar ¿ PNATE;791122,92;15898
2024;Prefeitura Municipal de Caridade - CE;2303006;CE;DCA-Anexo I-C;Padrão;Receitas Brutas Realizadas;RO1.7.1.4.99.0.0;1.7.1.4.99.0.0 - Outras Transferências Diretas do Fundo Nacional do Desenvolvimento da Educação - FNDE;2516150,64;15898
2024;Prefeitura Municipal de Caridade - CE;2303006;CE;DCA-Anexo I-C;Padrão;Receitas Brutas Realizadas;RO1.7.1.5.00.0.0;1.7.1.5.00.0.0 - Transferências de Recursos de Complementação da União ao Fundo de Manutenção e Desenvolvimento da Educação Básica e de Valorização dos Profissionais da Educação ¿ FUNDEB ;22001581,68;15898
2024;Prefeitura Municipal de Caridade - CE;2303006;CE;DCA-Anexo I-C;Padrão;Receitas Brutas Realizadas;RO1.7.1.7.00.0.0;1.7.1.7.00.0.0 - Transferências de Convênios da União e de Suas Entidades;286234,85;15898
2024;Prefeitura Municipal de Caridade - CE;2303006;CE;DCA-Anexo I-C;Padrão;Receitas Brutas Realizadas;RO1.7.1.7.51.0.0;1.7.1.7.51.0.0 - Transferências de Convênios da União Destinadas a Programas de Educação;101593,36;15898
2024;Prefeitura Municipal de Caridade - CE;2303006;CE;DCA-Anexo I-C;Padrão;Receitas Brutas Realizadas;RO1.7.1.7.52.0.0;1.7.1.7.52.0.0 - Transferências de Convênios da União Destinadas a Programas de Assistência Social;64585,94;15898
2024;Prefeitura Municipal de Caridade - CE;2303006;CE;DCA-Anexo I-C;Padrão;Receitas Brutas Realizadas;RO1.7.1.7.99.0.0;1.7.1.7.99.0.0 - Outras Transferências de Convênios da União e de Suas Entidades;120055,55;15898
2024;Prefeitura Municipal de Caridade - CE;2303006;CE;DCA-Anexo I-C;Padrão;Receitas Brutas Realizadas;RO1.7.1.9.00.0.0;1.7.1.9.00.0.0 - Outras Transferências de Recursos da União e de suas Entidades;1149105,35;15898
2024;Prefeitura Municipal de Caridade - CE;2303006;CE;DCA-Anexo I-C;Padrão;Receitas Brutas Realizadas;RO1.7.1.9.57.0.0;1.7.1.9.57.0.0 - Transferência Especial da União;1000000,00;15898
2024;Prefeitura Municipal de Caridade - CE;2303006;CE;DCA-Anexo I-C;Padrão;Receitas Brutas Realizadas;RO1.7.1.9.99.0.0;1.7.1.9.99.0.0 - Outras Transferências de Recursos da União e de suas Entidades;149105,35;15898
2024;Prefeitura Municipal de Caridade - CE;2303006;CE;DCA-Anexo I-C;Padrão;Receitas Brutas Realizadas;RO1.7.2.0.00.0.0;1.7.2.0.00.0.0 - Transferências dos Estados e do Distrito Federal e de suas Entidades;19836895,24;15898
2024;Prefeitura Municipal de Caridade - CE;2303006;CE;DCA-Anexo I-C;Padrão;Deduções - FUNDEB;RO1.7.2.0.00.0.0;1.7.2.0.00.0.0 - Transferências dos Estados e do Distrito Federal e de suas Entidades;3226796,64;15898
2024;Prefeitura Municipal de Caridade - CE;2303006;CE;DCA-Anexo I-C;Padrão;Receitas Brutas Realizadas;RO1.7.2.1.00.0.0;1.7.2.1.00.0.0 - Participação na Receita dos Estados e Distrito Federal;16172511,23;15898
2024;Prefeitura Municipal de Caridade - CE;2303006;CE;DCA-Anexo I-C;Padrão;Deduções - FUNDEB;RO1.7.2.1.00.0.0;1.7.2.1.00.0.0 - Participação na Receita dos Estados e Distrito Federal;3226796,64;15898
2024;Prefeitura Municipal de Caridade - CE;2303006;CE;DCA-Anexo I-C;Padrão;Receitas Brutas Realizadas;RO1.7.2.1.50.0.0;1.7.2.1.50.0.0 - Cota-Parte do ICMS;15299981,39;15898
2024;Prefeitura Municipal de Caridade - CE;2303006;CE;DCA-Anexo I-C;Padrão;Deduções - FUNDEB;RO1.7.2.1.50.0.0;1.7.2.1.50.0.0 - Cota-Parte do ICMS;3059996,09;15898
2024;Prefeitura Municipal de Caridade - CE;2303006;CE;DCA-Anexo I-C;Padrão;Receitas Brutas Realizadas;RO1.7.2.1.51.0.0;1.7.2.1.51.0.0 - Cota-Parte do IPVA;788176,83;15898
2024;Prefeitura Municipal de Caridade - CE;2303006;CE;DCA-Anexo I-C;Padrão;Deduções - FUNDEB;RO1.7.2.1.51.0.0;1.7.2.1.51.0.0 - Cota-Parte do IPVA;157634,78;15898
2024;Prefeitura Municipal de Caridade - CE;2303006;CE;DCA-Anexo I-C;Padrão;Receitas Brutas Realizadas;RO1.7.2.1.52.0.0;1.7.2.1.52.0.0 - Cota-Parte do IPI - Municípios;45829,36;15898
2024;Prefeitura Municipal de Caridade - CE;2303006;CE;DCA-Anexo I-C;Padrão;Deduções - FUNDEB;RO1.7.2.1.52.0.0;1.7.2.1.52.0.0 - Cota-Parte do IPI - Municípios;9165,77;15898
2024;Prefeitura Municipal de Caridade - CE;2303006;CE;DCA-Anexo I-C;Padrão;Receitas Brutas Realizadas;RO1.7.2.1.53.0.0;1.7.2.1.53.0.0 - Cota-Parte da Contribuição de Intervenção no Domínio Econômico;38523,65;15898
2024;Prefeitura Municipal de Caridade - CE;2303006;CE;DCA-Anexo I-C;Padrão;Receitas Brutas Realizadas;RO1.7.2.4.00.0.0;1.7.2.4.00.0.0 - Transferências de Convênios dos Estados e DF e de Suas Entidades;3572399,08;15898
2024;Prefeitura Municipal de Caridade - CE;2303006;CE;DCA-Anexo I-C;Padrão;Receitas Brutas Realizadas;RO1.7.2.4.50.0.0;1.7.2.4.50.0.0 - Transferências de Convênios dos Estados e DF para o Sistema Único de Saúde ¿ SUS;298240,00;15898
2024;Prefeitura Municipal de Caridade - CE;2303006;CE;DCA-Anexo I-C;Padrão;Receitas Brutas Realizadas;RO1.7.2.4.99.0.0;1.7.2.4.99.0.0 - Outras Transferências de Convênios dos Estados e DF e de Suas Entidades;3274159,08;15898
2024;Prefeitura Municipal de Caridade - CE;2303006;CE;DCA-Anexo I-C;Padrão;Receitas Brutas Realizadas;RO1.7.2.9.00.0.0;1.7.2.9.00.0.0 - Outras Transferências dos Estados e Distrito Federal;91984,93;15898
2024;Prefeitura Municipal de Caridade - CE;2303006;CE;DCA-Anexo I-C;Padrão;Receitas Brutas Realizadas;RO1.7.2.9.51.0.0;1.7.2.9.51.0.0 - Transferências de Estados destinadas à Assistência Social;91984,93;15898
2024;Prefeitura Municipal de Caridade - CE;2303006;CE;DCA-Anexo I-C;Padrão;Receitas Brutas Realizadas;RO1.7.5.0.00.0.0;1.7.5.0.00.0.0 - Transferências de Outras Instituições Públicas;22400632,76;15898
2024;Prefeitura Municipal de Caridade - CE;2303006;CE;DCA-Anexo I-C;Padrão;Receitas Brutas Realizadas;RO1.7.5.1.00.0.0;1.7.5.1.00.0.0 - Transferências de Recursos do Fundo de Manutenção e Desenvolvimento da Educação Básica e de Valorização dos Profissionais da Educação - FUNDEB;22400632,76;15898
2024;Prefeitura Municipal de Caridade - CE;2303006;CE;DCA-Anexo I-C;Padrão;Receitas Brutas Realizadas;RO1.9.0.0.00.0.0;1.9.0.0.00.0.0 - Outras Receitas Correntes;140589,12;15898
2024;Prefeitura Municipal de Caridade - CE;2303006;CE;DCA-Anexo I-C;Padrão;Receitas Brutas Realizadas;RO1.9.2.0.00.0.0;1.9.2.0.00.0.0 - Indenizações, Restituições e Ressarcimentos;140589,12;15898
2024;Prefeitura Municipal de Caridade - CE;2303006;CE;DCA-Anexo I-C;Padrão;Receitas Brutas Realizadas;RO1.9.2.2.00.0.0;1.9.2.2.00.0.0 - Restituições;140589,12;15898
2024;Prefeitura Municipal de Caridade - CE;2303006;CE;DCA-Anexo I-C;Padrão;Receitas Brutas Realizadas;RO1.9.2.2.99.0.0;1.9.2.2.99.0.0 - Outras Restituições;140589,12;15898
2024;Prefeitura Municipal de Caridade - CE;2303006;CE;DCA-Anexo I-C;Padrão;Receitas Brutas Realizadas;RO2.0.0.0.00.0.0;2.0.0.0.00.0.0 - Receitas de Capital;1167530,12;15898
2024;Prefeitura Municipal de Caridade - CE;2303006;CE;DCA-Anexo I-C;Padrão;Receitas Brutas Realizadas;RO2.4.0.0.00.0.0;2.4.0.0.00.0.0 - Transferências de Capital;1167530,12;15898
2024;Prefeitura Municipal de Caridade - CE;2303006;CE;DCA-Anexo I-C;Padrão;Receitas Brutas Realizadas;RO2.4.1.0.00.0.0;2.4.1.0.00.0.0 - Transferências da União e de suas Entidades;959861,32;15898
2024;Prefeitura Municipal de Caridade - CE;2303006;CE;DCA-Anexo I-C;Padrão;Receitas Brutas Realizadas;RO2.4.1.1.00.0.0;2.4.1.1.00.0.0 - Transferências de Recursos do Sistema Único de Saúde - SUS;264642,00;15898
2024;Prefeitura Municipal de Caridade - CE;2303006;CE;DCA-Anexo I-C;Padrão;Receitas Brutas Realizadas;RO2.4.1.1.51.0.0;2.4.1.1.51.0.0 - Transferências de Recursos do Sistema Único de Saúde ¿ SUS - Fundo a Fundo - Bloco de Estruturação da Rede de Serviços Públicos de Saúde;264642,00;15898
2024;Prefeitura Municipal de Caridade - CE;2303006;CE;DCA-Anexo I-C;Padrão;Receitas Brutas Realizadas;RO2.4.1.1.51.5.0;2.4.1.1.51.5.0 - Transferências de Recursos do Bloco de Estruturação da Rede de Serviços Públicos de Saúde - Gestão do SUS;264642,00;15898
2024;Prefeitura Municipal de Caridade - CE;2303006;CE;DCA-Anexo I-C;Padrão;Receitas Brutas Realizadas;RO2.4.1.3.00.0.0;2.4.1.3.00.0.0 - Transferências de Recursos do Fundo Nacional de Assistência Social ¿ FNAS ;695219,32;15898
2024;Prefeitura Municipal de Caridade - CE;2303006;CE;DCA-Anexo I-C;Padrão;Receitas Brutas Realizadas;RO2.4.1.3.50.0.0;2.4.1.3.50.0.0 - Transferências de Recursos do Fundo Nacional de Assistência Social ¿ FNAS;695219,32;15898
2024;Prefeitura Municipal de Caridade - CE;2303006;CE;DCA-Anexo I-C;Padrão;Receitas Brutas Realizadas;RO2.4.2.0.00.0.0;2.4.2.0.00.0.0 - Transferências dos Estados e do Distrito Federal e de suas Entidades;207668,80;15898
2024;Prefeitura Municipal de Caridade - CE;2303006;CE;DCA-Anexo I-C;Padrão;Receitas Brutas Realizadas;RO2.4.2.2.00.0.0;2.4.2.2.00.0.0 - Transferências de Convênios dos Estados e DF e de Suas Entidades ;75000,00;15898
2024;Prefeitura Municipal de Caridade - CE;2303006;CE;DCA-Anexo I-C;Padrão;Receitas Brutas Realizadas;RO2.4.2.2.99.0.0;2.4.2.2.99.0.0 - Outras Transferências de Convênios dos Estados e DF e de Suas Entidades;75000,00;15898
2024;Prefeitura Municipal de Caridade - CE;2303006;CE;DCA-Anexo I-C;Padrão;Receitas Brutas Realizadas;RO2.4.2.9.00.0.0;2.4.2.9.00.0.0 - Outras Transferências de Recursos dos Estados;132668,80;15898
2024;Prefeitura Municipal de Caridade - CE;2303006;CE;DCA-Anexo I-C;Padrão;Receitas Brutas Realizadas;RO2.4.2.9.99.0.0;2.4.2.9.99.0.0 - Outras Transferências de Recursos dos Estados;132668,80;15898
2024;Prefeitura Municipal de Caridade - CE;2303006;CE;DCA-Anexo I-C;Padrão;Receitas Brutas Realizadas;ReceitasIntraOrcamentarias;RECEITAS (INTRA-ORÇAMENTÁRIAS) (II);14373,67;15898
2024;Prefeitura Municipal de Caridade - CE;2303006;CE;DCA-Anexo I-C;Padrão;Receitas Brutas Realizadas;RI7.0.0.0.00.0.0;7.0.0.0.00.0.0 - Receitas Correntes;14373,67;15898
2024;Prefeitura Municipal de Caridade - CE;2303006;CE;DCA-Anexo I-C;Padrão;Receitas Brutas Realizadas;RI7.9.0.0.00.0.0;7.9.0.0.00.0.0 - Outras Receitas Correntes;14373,67;15898
2024;Prefeitura Municipal de Caridade - CE;2303006;CE;DCA-Anexo I-C;Padrão;Receitas Brutas Realizadas;RI7.9.2.0.00.0.0;7.9.2.0.00.0.0 - Indenizações, Restituições e Ressarcimentos;14373,67;15898
2024;Prefeitura Municipal de Caridade - CE;2303006;CE;DCA-Anexo I-C;Padrão;Receitas Brutas Realizadas;TotalReceitas;TOTAL DAS RECEITAS (III) = (I + II);128985646,67;15898
2024;Prefeitura Municipal de Caridade - CE;2303006;CE;DCA-Anexo I-C;Padrão;Deduções - FUNDEB;TotalReceitas;TOTAL DAS RECEITAS (III) = (I + II);9971488,05;15898
2024;Prefeitura Municipal de Caridade - CE;2303006;CE;DCA-Anexo I-C;Padrão;Outras Deduções da Receita;TotalReceitas;TOTAL DAS RECEITAS (III) = (I + II);140584,63;15898
