exercicio;instituicao;cod_ibge;uf;anexo;rotulo;coluna;cod_conta;conta;valor;populacao
2014;Prefeitura Municipal de Demerval Lobão - PI;2203305;PI;DCA-Anexo I-C;NA;Receitas Brutas Realizadas;TotalReceitas;Total Receitas;20670414,63;13526
2014;Prefeitura Municipal de Demerval Lobão - PI;2203305;PI;DCA-Anexo I-C;NA;Deduções - Transferências Constitucionais;TotalReceitas;Total Receitas;1627432,14;13526
2014;Prefeitura Municipal de Demerval Lobão - PI;2203305;PI;DCA-Anexo I-C;NA;Receitas Brutas Realizadas;RO1.0.0.0.00.00.00;1.0.0.0.00.00.00 - Receitas Correntes;18754110,10;13526
2014;Prefeitura Municipal de Demerval Lobão - PI;2203305;PI;DCA-Anexo I-C;NA;Deduções - Transferências Constitucionais;RO1.0.0.0.00.00.00;1.0.0.0.00.00.00 - Receitas Correntes;1627432,14;13526
2014;Prefeitura Municipal de Demerval Lobão - PI;2203305;PI;DCA-Anexo I-C;NA;Receitas Brutas Realizadas;RO1.1.0.0.00.00.00;1.1.0.0.00.00.00 - Receita Tributária;441700,07;13526
2014;Prefeitura Municipal de Demerval Lobão - PI;2203305;PI;DCA-Anexo I-C;NA;Receitas Brutas Realizadas;RO1.1.1.0.00.00.00;1.1.1.0.00.00.00 - Impostos;419021,97;13526
2014;Prefeitura Municipal de Demerval Lobão - PI;2203305;PI;DCA-Anexo I-C;NA;Receitas Brutas Realizadas;RO1.1.1.2.00.00.00;1.1.1.2.00.00.00 - Impostos sobre o Patrimônio e a Renda;216449,07;13526
2014;Prefeitura Municipal de Demerval Lobão - PI;2203305;PI;DCA-Anexo I-C;NA;Receitas Brutas Realizadas;RO1.1.1.2.02.00.00;1.1.1.2.02.00.00 - Imposto sobre a Propriedade Predial e Territorial Urbana ¿ IPTU;1033,00;13526
2014;Prefeitura Municipal de Demerval Lobão - PI;2203305;PI;DCA-Anexo I-C;NA;Receitas Brutas Realizadas;RO1.1.1.2.04.00.00;1.1.1.2.04.00.00 - Imposto sobre a Renda e Proventos de Qualquer Natureza ¿ IR;129872,20;13526
2014;Prefeitura Municipal de Demerval Lobão - PI;2203305;PI;DCA-Anexo I-C;NA;Receitas Brutas Realizadas;RO1.1.1.2.04.31.00;1.1.1.2.04.31.00 - Retido nas Fontes - Trabalho;129872,20;13526
2014;Prefeitura Municipal de Demerval Lobão - PI;2203305;PI;DCA-Anexo I-C;NA;Receitas Brutas Realizadas;RO1.1.1.2.08.00.00;"1.1.1.2.08.00.00 - Imposto sobre Transmissão ""Inter Vivos"" de Bens Imóveis e de Direitos Reais sobre Imóveis ¿ ITBI";85543,87;13526
2014;Prefeitura Municipal de Demerval Lobão - PI;2203305;PI;DCA-Anexo I-C;NA;Receitas Brutas Realizadas;RO1.1.1.3.00.00.00;1.1.1.3.00.00.00 - Impostos sobre a Produção e a Circulação;202572,90;13526
2014;Prefeitura Municipal de Demerval Lobão - PI;2203305;PI;DCA-Anexo I-C;NA;Receitas Brutas Realizadas;RO1.1.1.3.05.00.00;1.1.1.3.05.00.00 - Imposto sobre Serviços de Qualquer Natureza ¿ ISSQN;202572,90;13526
2014;Prefeitura Municipal de Demerval Lobão - PI;2203305;PI;DCA-Anexo I-C;NA;Receitas Brutas Realizadas;RO1.1.2.0.00.00.00;1.1.2.0.00.00.00 - Taxas;22678,10;13526
2014;Prefeitura Municipal de Demerval Lobão - PI;2203305;PI;DCA-Anexo I-C;NA;Receitas Brutas Realizadas;RO1.1.2.1.00.00.00;1.1.2.1.00.00.00 - Taxas pelo Exercício do Poder de Polícia;22678,10;13526
2014;Prefeitura Municipal de Demerval Lobão - PI;2203305;PI;DCA-Anexo I-C;NA;Receitas Brutas Realizadas;RO1.2.0.0.00.00.00;1.2.0.0.00.00.00 - Receitas de Contribuições;110944,45;13526
2014;Prefeitura Municipal de Demerval Lobão - PI;2203305;PI;DCA-Anexo I-C;NA;Receitas Brutas Realizadas;RO1.2.2.0.00.00.00;1.2.2.0.00.00.00 - Contribuições de Intervenção no Domínio Econômico;110944,45;13526
2014;Prefeitura Municipal de Demerval Lobão - PI;2203305;PI;DCA-Anexo I-C;NA;Receitas Brutas Realizadas;RO1.3.0.0.00.00.00;1.3.0.0.00.00.00 - Receita Patrimonial;96659,09;13526
2014;Prefeitura Municipal de Demerval Lobão - PI;2203305;PI;DCA-Anexo I-C;NA;Receitas Brutas Realizadas;RO1.3.2.0.00.00.00;1.3.2.0.00.00.00 - Receitas de Valores Mobiliários;96659,09;13526
2014;Prefeitura Municipal de Demerval Lobão - PI;2203305;PI;DCA-Anexo I-C;NA;Receitas Brutas Realizadas;RO1.3.2.5.00.00.00;1.3.2.5.00.00.00 - Remuneração de Depósitos Bancários;96659,09;13526
2014;Prefeitura Municipal de Demerval Lobão - PI;2203305;PI;DCA-Anexo I-C;NA;Receitas Brutas Realizadas;RO1.7.0.0.00.00.00;1.7.0.0.00.00.00 - Transferências Correntes;18104654,84;13526
2014;Prefeitura Municipal de Demerval Lobão - PI;2203305;PI;DCA-Anexo I-C;NA;Deduções - Transferências Constitucionais;RO1.7.0.0.00.00.00;1.7.0.0.00.00.00 - Transferências Correntes;1627432,14;13526
2014;Prefeitura Municipal de Demerval Lobão - PI;2203305;PI;DCA-Anexo I-C;NA;Receitas Brutas Realizadas;RO1.7.2.0.00.00.00;1.7.2.0.00.00.00 - Transferências Intergovernamentais;17912739,71;13526
2014;Prefeitura Municipal de Demerval Lobão - PI;2203305;PI;DCA-Anexo I-C;NA;Deduções - Transferências Constitucionais;RO1.7.2.0.00.00.00;1.7.2.0.00.00.00 - Transferências Intergovernamentais;1627432,14;13526
2014;Prefeitura Municipal de Demerval Lobão - PI;2203305;PI;DCA-Anexo I-C;NA;Receitas Brutas Realizadas;RO1.7.2.1.00.00.00;1.7.2.1.00.00.00 - Transferências da União;10840346,09;13526
2014;Prefeitura Municipal de Demerval Lobão - PI;2203305;PI;DCA-Anexo I-C;NA;Deduções - Transferências Constitucionais;RO1.7.2.1.00.00.00;1.7.2.1.00.00.00 - Transferências da União;1437493,85;13526
2014;Prefeitura Municipal de Demerval Lobão - PI;2203305;PI;DCA-Anexo I-C;NA;Receitas Brutas Realizadas;RO1.7.2.1.01.00.00;1.7.2.1.01.00.00 - Participação na Receita da União;7560582,21;13526
2014;Prefeitura Municipal de Demerval Lobão - PI;2203305;PI;DCA-Anexo I-C;NA;Deduções - Transferências Constitucionais;RO1.7.2.1.01.00.00;1.7.2.1.01.00.00 - Participação na Receita da União;1437183,55;13526
2014;Prefeitura Municipal de Demerval Lobão - PI;2203305;PI;DCA-Anexo I-C;NA;Receitas Brutas Realizadas;RO1.7.2.1.01.02.00;1.7.2.1.01.02.00 - Cota-Parte do Fundo de Participação dos Municípios ¿ FPM;7556997,39;13526
2014;Prefeitura Municipal de Demerval Lobão - PI;2203305;PI;DCA-Anexo I-C;NA;Deduções - Transferências Constitucionais;RO1.7.2.1.01.02.00;1.7.2.1.01.02.00 - Cota-Parte do Fundo de Participação dos Municípios ¿ FPM;1436466,68;13526
2014;Prefeitura Municipal de Demerval Lobão - PI;2203305;PI;DCA-Anexo I-C;NA;Receitas Brutas Realizadas;RO1.7.2.1.01.05.00;1.7.2.1.01.05.00 - Cota-Parte do Imposto Sobre a Propriedade Territorial Rural ¿ ITR;3584,82;13526
2014;Prefeitura Municipal de Demerval Lobão - PI;2203305;PI;DCA-Anexo I-C;NA;Deduções - Transferências Constitucionais;RO1.7.2.1.01.05.00;1.7.2.1.01.05.00 - Cota-Parte do Imposto Sobre a Propriedade Territorial Rural ¿ ITR;716,87;13526
2014;Prefeitura Municipal de Demerval Lobão - PI;2203305;PI;DCA-Anexo I-C;NA;Receitas Brutas Realizadas;RO1.7.2.1.22.00.00;1.7.2.1.22.00.00 - Transferências da Compensação Financeira pela Exploração de Recursos Naturais;114695,76;13526
2014;Prefeitura Municipal de Demerval Lobão - PI;2203305;PI;DCA-Anexo I-C;NA;Receitas Brutas Realizadas;RO1.7.2.1.22.20.00;1.7.2.1.22.20.00 - Cota-Parte da Compensação Financeira de Recursos Minerais - CFEM;1614,97;13526
2014;Prefeitura Municipal de Demerval Lobão - PI;2203305;PI;DCA-Anexo I-C;NA;Receitas Brutas Realizadas;RO1.7.2.1.22.70.00;1.7.2.1.22.70.00 - Cota-Parte do Fundo Especial do Petróleo ¿ FEP;113024,02;13526
2014;Prefeitura Municipal de Demerval Lobão - PI;2203305;PI;DCA-Anexo I-C;NA;Receitas Brutas Realizadas;RO1.7.2.1.22.90.00;1.7.2.1.22.90.00 - Outras Transferências Decorrentes de Compensação Financeira pela Exploração de Recursos Naturais;56,77;13526
2014;Prefeitura Municipal de Demerval Lobão - PI;2203305;PI;DCA-Anexo I-C;NA;Receitas Brutas Realizadas;RO1.7.2.1.33.00.00;1.7.2.1.33.00.00 - Transferências de Recursos do Sistema Único de Saúde - SUS - Repasses Fundo a Fundo;2042066,84;13526
2014;Prefeitura Municipal de Demerval Lobão - PI;2203305;PI;DCA-Anexo I-C;NA;Receitas Brutas Realizadas;RO1.7.2.1.34.00.00;1.7.2.1.34.00.00 - Transferências de Recursos do Fundo Nacional de Assistência Social ¿ FNAS;342669,55;13526
2014;Prefeitura Municipal de Demerval Lobão - PI;2203305;PI;DCA-Anexo I-C;NA;Receitas Brutas Realizadas;RO1.7.2.1.35.00.00;1.7.2.1.35.00.00 - Transferências de Recursos do Fundo Nacional do Desenvolvimento da Educação ¿ FNDE;520404,97;13526
2014;Prefeitura Municipal de Demerval Lobão - PI;2203305;PI;DCA-Anexo I-C;NA;Receitas Brutas Realizadas;RO1.7.2.1.36.00.00;1.7.2.1.36.00.00 - Transferências Financeiras do ICMS ¿ Desoneração ¿ L.C. Nº 87/96;1708,59;13526
2014;Prefeitura Municipal de Demerval Lobão - PI;2203305;PI;DCA-Anexo I-C;NA;Deduções - Transferências Constitucionais;RO1.7.2.1.36.00.00;1.7.2.1.36.00.00 - Transferências Financeiras do ICMS ¿ Desoneração ¿ L.C. Nº 87/96;310,30;13526
2014;Prefeitura Municipal de Demerval Lobão - PI;2203305;PI;DCA-Anexo I-C;NA;Receitas Brutas Realizadas;RO1.7.2.1.99.00.00;1.7.2.1.99.00.00 - Outras Transferências da União;258218,17;13526
2014;Prefeitura Municipal de Demerval Lobão - PI;2203305;PI;DCA-Anexo I-C;NA;Receitas Brutas Realizadas;RO1.7.2.2.00.00.00;1.7.2.2.00.00.00 - Transferências dos Estados;1269507,11;13526
2014;Prefeitura Municipal de Demerval Lobão - PI;2203305;PI;DCA-Anexo I-C;NA;Deduções - Transferências Constitucionais;RO1.7.2.2.00.00.00;1.7.2.2.00.00.00 - Transferências dos Estados;189938,29;13526
2014;Prefeitura Municipal de Demerval Lobão - PI;2203305;PI;DCA-Anexo I-C;NA;Receitas Brutas Realizadas;RO1.7.2.2.01.00.00;1.7.2.2.01.00.00 - Participação na Receita dos Estados;1128067,11;13526
2014;Prefeitura Municipal de Demerval Lobão - PI;2203305;PI;DCA-Anexo I-C;NA;Deduções - Transferências Constitucionais;RO1.7.2.2.01.00.00;1.7.2.2.01.00.00 - Participação na Receita dos Estados;189938,29;13526
2014;Prefeitura Municipal de Demerval Lobão - PI;2203305;PI;DCA-Anexo I-C;NA;Receitas Brutas Realizadas;RO1.7.2.2.01.01.00;1.7.2.2.01.01.00 - Cota-Parte do ICMS;949535,47;13526
2014;Prefeitura Municipal de Demerval Lobão - PI;2203305;PI;DCA-Anexo I-C;NA;Deduções - Transferências Constitucionais;RO1.7.2.2.01.01.00;1.7.2.2.01.01.00 - Cota-Parte do ICMS;189938,29;13526
2014;Prefeitura Municipal de Demerval Lobão - PI;2203305;PI;DCA-Anexo I-C;NA;Receitas Brutas Realizadas;RO1.7.2.2.01.02.00;1.7.2.2.01.02.00 - Cota-Parte do IPVA;175489,35;13526
2014;Prefeitura Municipal de Demerval Lobão - PI;2203305;PI;DCA-Anexo I-C;NA;Receitas Brutas Realizadas;RO1.7.2.2.01.04.00;1.7.2.2.01.04.00 - Cota-Parte do IPI sobre Exportação;224,89;13526
2014;Prefeitura Municipal de Demerval Lobão - PI;2203305;PI;DCA-Anexo I-C;NA;Receitas Brutas Realizadas;RO1.7.2.2.01.13.00;1.7.2.2.01.13.00 - Cota-Parte da Contribuição de Intervenção no Domínio Econômico;2817,40;13526
2014;Prefeitura Municipal de Demerval Lobão - PI;2203305;PI;DCA-Anexo I-C;NA;Receitas Brutas Realizadas;RO1.7.2.2.33.00.00;1.7.2.2.33.00.00 - Transferências de Recursos do Estado para Programas de Saúde - Repasse Fundo a Fundo;141440,00;13526
2014;Prefeitura Municipal de Demerval Lobão - PI;2203305;PI;DCA-Anexo I-C;NA;Receitas Brutas Realizadas;RO1.7.2.4.00.00.00;1.7.2.4.00.00.00 - Transferências Multigovernamentais;5802886,51;13526
2014;Prefeitura Municipal de Demerval Lobão - PI;2203305;PI;DCA-Anexo I-C;NA;Receitas Brutas Realizadas;RO1.7.2.4.01.00.00;1.7.2.4.01.00.00 - Transferências de Recursos do Fundo de Manutenção e Desenvolvimento do Ensino Fundamental e de Valorização do Magistério - FUNDEB;4836922,40;13526
2014;Prefeitura Municipal de Demerval Lobão - PI;2203305;PI;DCA-Anexo I-C;NA;Receitas Brutas Realizadas;RO1.7.2.4.02.00.00;1.7.2.4.02.00.00 - Transferências de Recursos da Complementação ao Fundo de Manutenção e Desenvolvimento do Ensino Fundamental e de Valorização do Magistério - FUNDEB;965964,11;13526
2014;Prefeitura Municipal de Demerval Lobão - PI;2203305;PI;DCA-Anexo I-C;NA;Receitas Brutas Realizadas;RO1.7.6.0.00.00.00;1.7.6.0.00.00.00 - Transferências de Convênios;191915,13;13526
2014;Prefeitura Municipal de Demerval Lobão - PI;2203305;PI;DCA-Anexo I-C;NA;Receitas Brutas Realizadas;RO1.7.6.1.00.00.00;1.7.6.1.00.00.00 - Transferências de Convênios da União e de Suas Entidades;60985,32;13526
2014;Prefeitura Municipal de Demerval Lobão - PI;2203305;PI;DCA-Anexo I-C;NA;Receitas Brutas Realizadas;RO1.7.6.1.02.00.00;1.7.6.1.02.00.00 - Transferências de Convênios da União Destinadas a Programas de Educação;60985,32;13526
2014;Prefeitura Municipal de Demerval Lobão - PI;2203305;PI;DCA-Anexo I-C;NA;Receitas Brutas Realizadas;RO1.7.6.2.00.00.00;1.7.6.2.00.00.00 - Transferências de Convênios dos Estados e do Distrito Federal e de Suas Entidades;130929,81;13526
2014;Prefeitura Municipal de Demerval Lobão - PI;2203305;PI;DCA-Anexo I-C;NA;Receitas Brutas Realizadas;RO1.7.6.2.02.00.00;1.7.6.2.02.00.00 - Transferências de Convênios dos Estados Destinadas a Programas de Educação;30929,81;13526
2014;Prefeitura Municipal de Demerval Lobão - PI;2203305;PI;DCA-Anexo I-C;NA;Receitas Brutas Realizadas;RO1.7.6.2.99.00.00;1.7.6.2.99.00.00 - Outras Transferências de Convênios dos Estados;100000,00;13526
2014;Prefeitura Municipal de Demerval Lobão - PI;2203305;PI;DCA-Anexo I-C;NA;Receitas Brutas Realizadas;RO1.9.0.0.00.00.00;1.9.0.0.00.00.00 - Outras Receitas Correntes;151,65;13526
2014;Prefeitura Municipal de Demerval Lobão - PI;2203305;PI;DCA-Anexo I-C;NA;Receitas Brutas Realizadas;RO1.9.9.0.00.00.00;1.9.9.0.00.00.00 - Receitas Diversas;151,65;13526
2014;Prefeitura Municipal de Demerval Lobão - PI;2203305;PI;DCA-Anexo I-C;NA;Receitas Brutas Realizadas;RO2.0.0.0.00.00.00;2.0.0.0.00.00.00 - Receitas de Capital;1916304,53;13526
2014;Prefeitura Municipal de Demerval Lobão - PI;2203305;PI;DCA-Anexo I-C;NA;Receitas Brutas Realizadas;RO2.4.0.0.00.00.00;2.4.0.0.00.00.00 - Transferências de Capital;1916304,53;13526
2014;Prefeitura Municipal de Demerval Lobão - PI;2203305;PI;DCA-Anexo I-C;NA;Receitas Brutas Realizadas;RO2.4.2.0.00.00.00;2.4.2.0.00.00.00 - Transferências Intergovernamentais;1257007,27;13526
2014;Prefeitura Municipal de Demerval Lobão - PI;2203305;PI;DCA-Anexo I-C;NA;Receitas Brutas Realizadas;RO2.4.2.1.00.00.00;2.4.2.1.00.00.00 - Transferências da União;1257007,27;13526
2014;Prefeitura Municipal de Demerval Lobão - PI;2203305;PI;DCA-Anexo I-C;NA;Receitas Brutas Realizadas;RO2.4.2.1.01.00.00;2.4.2.1.01.00.00 - Participação na Receita da União;259722,00;13526
2014;Prefeitura Municipal de Demerval Lobão - PI;2203305;PI;DCA-Anexo I-C;NA;Receitas Brutas Realizadas;RO2.4.2.1.02.00.00;2.4.2.1.02.00.00 - Transferências de Recursos Destinados a Programas de Educação;997285,27;13526
2014;Prefeitura Municipal de Demerval Lobão - PI;2203305;PI;DCA-Anexo I-C;NA;Receitas Brutas Realizadas;RO2.4.7.0.00.00.00;2.4.7.0.00.00.00 - Transferências de Convênios;659297,26;13526
2014;Prefeitura Municipal de Demerval Lobão - PI;2203305;PI;DCA-Anexo I-C;NA;Receitas Brutas Realizadas;RO2.4.7.1.00.00.00;2.4.7.1.00.00.00 - Transferências de Convênios da União e de suas Entidades;539297,26;13526
2014;Prefeitura Municipal de Demerval Lobão - PI;2203305;PI;DCA-Anexo I-C;NA;Receitas Brutas Realizadas;RO2.4.7.1.99.00.00;2.4.7.1.99.00.00 - Outras Transferências de Convênios da União;539297,26;13526
2014;Prefeitura Municipal de Demerval Lobão - PI;2203305;PI;DCA-Anexo I-C;NA;Receitas Brutas Realizadas;RO2.4.7.2.00.00.00;2.4.7.2.00.00.00 - Transferências de Convênios dos Estados e do Distrito Federal e de suas Entidades;120000,00;13526
2014;Prefeitura Municipal de Demerval Lobão - PI;2203305;PI;DCA-Anexo I-C;NA;Receitas Brutas Realizadas;RO2.4.7.2.01.00.00;2.4.7.2.01.00.00 - Transferências de Convênios dos Estados para o Sistema Único de Saúde - SUS;120000,00;13526
2015;Prefeitura Municipal de Demerval Lobão - PI;2203305;PI;DCA-Anexo I-C;NA;Receitas Brutas Realizadas;TotalReceitas;Total Receitas;24142287,41;13526
2015;Prefeitura Municipal de Demerval Lobão - PI;2203305;PI;DCA-Anexo I-C;NA;Deduções - Transferências Constitucionais;TotalReceitas;Total Receitas;1815805,65;13526
2015;Prefeitura Municipal de Demerval Lobão - PI;2203305;PI;DCA-Anexo I-C;NA;Receitas Brutas Realizadas;RO1.0.0.0.00.00.00;1.0.0.0.00.00.00 - Receitas Correntes;21823287,76;13526
2015;Prefeitura Municipal de Demerval Lobão - PI;2203305;PI;DCA-Anexo I-C;NA;Deduções - Transferências Constitucionais;RO1.0.0.0.00.00.00;1.0.0.0.00.00.00 - Receitas Correntes;1815805,65;13526
2015;Prefeitura Municipal de Demerval Lobão - PI;2203305;PI;DCA-Anexo I-C;NA;Receitas Brutas Realizadas;RO1.1.0.0.00.00.00;1.1.0.0.00.00.00 - Receita Tributária;476683,81;13526
2015;Prefeitura Municipal de Demerval Lobão - PI;2203305;PI;DCA-Anexo I-C;NA;Receitas Brutas Realizadas;RO1.1.1.0.00.00.00;1.1.1.0.00.00.00 - Impostos;449719,27;13526
2015;Prefeitura Municipal de Demerval Lobão - PI;2203305;PI;DCA-Anexo I-C;NA;Receitas Brutas Realizadas;RO1.1.1.2.00.00.00;1.1.1.2.00.00.00 - Impostos sobre o Patrimônio e a Renda;313470,24;13526
2015;Prefeitura Municipal de Demerval Lobão - PI;2203305;PI;DCA-Anexo I-C;NA;Receitas Brutas Realizadas;RO1.1.1.2.02.00.00;1.1.1.2.02.00.00 - Imposto sobre a Propriedade Predial e Territorial Urbana ¿ IPTU;120839,04;13526
2015;Prefeitura Municipal de Demerval Lobão - PI;2203305;PI;DCA-Anexo I-C;NA;Receitas Brutas Realizadas;RO1.1.1.2.04.00.00;1.1.1.2.04.00.00 - Imposto sobre a Renda e Proventos de Qualquer Natureza ¿ IR;9681,00;13526
2015;Prefeitura Municipal de Demerval Lobão - PI;2203305;PI;DCA-Anexo I-C;NA;Receitas Brutas Realizadas;RO1.1.1.2.04.31.00;1.1.1.2.04.31.00 - Retido nas Fontes - Trabalho;9681,00;13526
2015;Prefeitura Municipal de Demerval Lobão - PI;2203305;PI;DCA-Anexo I-C;NA;Receitas Brutas Realizadas;RO1.1.1.2.08.00.00;"1.1.1.2.08.00.00 - Imposto sobre Transmissão ""Inter Vivos"" de Bens Imóveis e de Direitos Reais sobre Imóveis ¿ ITBI";182950,20;13526
2015;Prefeitura Municipal de Demerval Lobão - PI;2203305;PI;DCA-Anexo I-C;NA;Receitas Brutas Realizadas;RO1.1.1.3.00.00.00;1.1.1.3.00.00.00 - Impostos sobre a Produção e a Circulação;136249,03;13526
2015;Prefeitura Municipal de Demerval Lobão - PI;2203305;PI;DCA-Anexo I-C;NA;Receitas Brutas Realizadas;RO1.1.1.3.05.00.00;1.1.1.3.05.00.00 - Imposto sobre Serviços de Qualquer Natureza ¿ ISSQN;136249,03;13526
2015;Prefeitura Municipal de Demerval Lobão - PI;2203305;PI;DCA-Anexo I-C;NA;Receitas Brutas Realizadas;RO1.1.2.0.00.00.00;1.1.2.0.00.00.00 - Taxas;26964,54;13526
2015;Prefeitura Municipal de Demerval Lobão - PI;2203305;PI;DCA-Anexo I-C;NA;Receitas Brutas Realizadas;RO1.1.2.1.00.00.00;1.1.2.1.00.00.00 - Taxas pelo Exercício do Poder de Polícia;16817,89;13526
2015;Prefeitura Municipal de Demerval Lobão - PI;2203305;PI;DCA-Anexo I-C;NA;Receitas Brutas Realizadas;RO1.1.2.2.00.00.00;1.1.2.2.00.00.00 - Taxas pela Prestação de Serviços;10146,65;13526
2015;Prefeitura Municipal de Demerval Lobão - PI;2203305;PI;DCA-Anexo I-C;NA;Receitas Brutas Realizadas;RO1.2.0.0.00.00.00;1.2.0.0.00.00.00 - Receitas de Contribuições;263154,63;13526
2015;Prefeitura Municipal de Demerval Lobão - PI;2203305;PI;DCA-Anexo I-C;NA;Receitas Brutas Realizadas;RO1.2.1.0.00.00.00;1.2.1.0.00.00.00 - Contribuições Sociais;127948,36;13526
2015;Prefeitura Municipal de Demerval Lobão - PI;2203305;PI;DCA-Anexo I-C;NA;Receitas Brutas Realizadas;RO1.2.1.0.29.00.00;1.2.1.0.29.00.00 - Contribuições para o Regime Próprio de Previdência do Servidor Público;127948,36;13526
2015;Prefeitura Municipal de Demerval Lobão - PI;2203305;PI;DCA-Anexo I-C;NA;Receitas Brutas Realizadas;RO1.2.1.0.29.07.00;1.2.1.0.29.07.00 - Contribuição do Servidor Ativo Civil para o Regime Próprio;127948,36;13526
2015;Prefeitura Municipal de Demerval Lobão - PI;2203305;PI;DCA-Anexo I-C;NA;Receitas Brutas Realizadas;RO1.2.2.0.00.00.00;1.2.2.0.00.00.00 - Contribuições de Intervenção no Domínio Econômico;135206,27;13526
2015;Prefeitura Municipal de Demerval Lobão - PI;2203305;PI;DCA-Anexo I-C;NA;Receitas Brutas Realizadas;RO1.3.0.0.00.00.00;1.3.0.0.00.00.00 - Receita Patrimonial;200564,19;13526
2015;Prefeitura Municipal de Demerval Lobão - PI;2203305;PI;DCA-Anexo I-C;NA;Receitas Brutas Realizadas;RO1.3.1.0.00.00.00;1.3.1.0.00.00.00 - Receitas Imobiliárias;36,00;13526
2015;Prefeitura Municipal de Demerval Lobão - PI;2203305;PI;DCA-Anexo I-C;NA;Receitas Brutas Realizadas;RO1.3.1.9.00.00.00;1.3.1.9.00.00.00 - Outras Receitas Imobiliárias;36,00;13526
2015;Prefeitura Municipal de Demerval Lobão - PI;2203305;PI;DCA-Anexo I-C;NA;Receitas Brutas Realizadas;RO1.3.2.0.00.00.00;1.3.2.0.00.00.00 - Receitas de Valores Mobiliários;200528,19;13526
2015;Prefeitura Municipal de Demerval Lobão - PI;2203305;PI;DCA-Anexo I-C;NA;Receitas Brutas Realizadas;RO1.3.2.5.00.00.00;1.3.2.5.00.00.00 - Remuneração de Depósitos Bancários;199745,50;13526
2015;Prefeitura Municipal de Demerval Lobão - PI;2203305;PI;DCA-Anexo I-C;NA;Receitas Brutas Realizadas;RO1.3.2.8.00.00.00;1.3.2.8.00.00.00 - Remuneração dos Investimentos do Regime Próprio de Previdência do Servidor;782,69;13526
2015;Prefeitura Municipal de Demerval Lobão - PI;2203305;PI;DCA-Anexo I-C;NA;Receitas Brutas Realizadas;RO1.7.0.0.00.00.00;1.7.0.0.00.00.00 - Transferências Correntes;20873518,18;13526
2015;Prefeitura Municipal de Demerval Lobão - PI;2203305;PI;DCA-Anexo I-C;NA;Deduções - Transferências Constitucionais;RO1.7.0.0.00.00.00;1.7.0.0.00.00.00 - Transferências Correntes;1815805,65;13526
2015;Prefeitura Municipal de Demerval Lobão - PI;2203305;PI;DCA-Anexo I-C;NA;Receitas Brutas Realizadas;RO1.7.2.0.00.00.00;1.7.2.0.00.00.00 - Transferências Intergovernamentais;20807878,54;13526
2015;Prefeitura Municipal de Demerval Lobão - PI;2203305;PI;DCA-Anexo I-C;NA;Deduções - Transferências Constitucionais;RO1.7.2.0.00.00.00;1.7.2.0.00.00.00 - Transferências Intergovernamentais;1815805,65;13526
2015;Prefeitura Municipal de Demerval Lobão - PI;2203305;PI;DCA-Anexo I-C;NA;Receitas Brutas Realizadas;RO1.7.2.1.00.00.00;1.7.2.1.00.00.00 - Transferências da União;11668548,57;13526
2015;Prefeitura Municipal de Demerval Lobão - PI;2203305;PI;DCA-Anexo I-C;NA;Deduções - Transferências Constitucionais;RO1.7.2.1.00.00.00;1.7.2.1.00.00.00 - Transferências da União;1524824,11;13526
2015;Prefeitura Municipal de Demerval Lobão - PI;2203305;PI;DCA-Anexo I-C;NA;Receitas Brutas Realizadas;RO1.7.2.1.01.00.00;1.7.2.1.01.00.00 - Participação na Receita da União;8045545,02;13526
2015;Prefeitura Municipal de Demerval Lobão - PI;2203305;PI;DCA-Anexo I-C;NA;Deduções - Transferências Constitucionais;RO1.7.2.1.01.00.00;1.7.2.1.01.00.00 - Participação na Receita da União;1524280,24;13526
2015;Prefeitura Municipal de Demerval Lobão - PI;2203305;PI;DCA-Anexo I-C;NA;Receitas Brutas Realizadas;RO1.7.2.1.01.02.00;1.7.2.1.01.02.00 - Cota-Parte do Fundo de Participação dos Municípios ¿ FPM;8040966,24;13526
2015;Prefeitura Municipal de Demerval Lobão - PI;2203305;PI;DCA-Anexo I-C;NA;Deduções - Transferências Constitucionais;RO1.7.2.1.01.02.00;1.7.2.1.01.02.00 - Cota-Parte do Fundo de Participação dos Municípios ¿ FPM;1523364,57;13526
2015;Prefeitura Municipal de Demerval Lobão - PI;2203305;PI;DCA-Anexo I-C;NA;Receitas Brutas Realizadas;RO1.7.2.1.01.05.00;1.7.2.1.01.05.00 - Cota-Parte do Imposto Sobre a Propriedade Territorial Rural ¿ ITR;4578,78;13526
2015;Prefeitura Municipal de Demerval Lobão - PI;2203305;PI;DCA-Anexo I-C;NA;Deduções - Transferências Constitucionais;RO1.7.2.1.01.05.00;1.7.2.1.01.05.00 - Cota-Parte do Imposto Sobre a Propriedade Territorial Rural ¿ ITR;915,67;13526
2015;Prefeitura Municipal de Demerval Lobão - PI;2203305;PI;DCA-Anexo I-C;NA;Receitas Brutas Realizadas;RO1.7.2.1.22.00.00;1.7.2.1.22.00.00 - Transferências da Compensação Financeira pela Exploração de Recursos Naturais;88205,89;13526
2015;Prefeitura Municipal de Demerval Lobão - PI;2203305;PI;DCA-Anexo I-C;NA;Receitas Brutas Realizadas;RO1.7.2.1.22.20.00;1.7.2.1.22.20.00 - Cota-Parte da Compensação Financeira de Recursos Minerais - CFEM;2024,51;13526
2015;Prefeitura Municipal de Demerval Lobão - PI;2203305;PI;DCA-Anexo I-C;NA;Receitas Brutas Realizadas;RO1.7.2.1.22.70.00;1.7.2.1.22.70.00 - Cota-Parte do Fundo Especial do Petróleo ¿ FEP;85404,69;13526
2015;Prefeitura Municipal de Demerval Lobão - PI;2203305;PI;DCA-Anexo I-C;NA;Receitas Brutas Realizadas;RO1.7.2.1.22.90.00;1.7.2.1.22.90.00 - Outras Transferências Decorrentes de Compensação Financeira pela Exploração de Recursos Naturais;776,69;13526
2015;Prefeitura Municipal de Demerval Lobão - PI;2203305;PI;DCA-Anexo I-C;NA;Receitas Brutas Realizadas;RO1.7.2.1.33.00.00;1.7.2.1.33.00.00 - Transferências de Recursos do Sistema Único de Saúde - SUS - Repasses Fundo a Fundo;2394296,61;13526
2015;Prefeitura Municipal de Demerval Lobão - PI;2203305;PI;DCA-Anexo I-C;NA;Receitas Brutas Realizadas;RO1.7.2.1.34.00.00;1.7.2.1.34.00.00 - Transferências de Recursos do Fundo Nacional de Assistência Social ¿ FNAS;389612,09;13526
2015;Prefeitura Municipal de Demerval Lobão - PI;2203305;PI;DCA-Anexo I-C;NA;Receitas Brutas Realizadas;RO1.7.2.1.35.00.00;1.7.2.1.35.00.00 - Transferências de Recursos do Fundo Nacional do Desenvolvimento da Educação ¿ FNDE;607294,44;13526
2015;Prefeitura Municipal de Demerval Lobão - PI;2203305;PI;DCA-Anexo I-C;NA;Receitas Brutas Realizadas;RO1.7.2.1.36.00.00;1.7.2.1.36.00.00 - Transferências Financeiras do ICMS ¿ Desoneração ¿ L.C. Nº 87/96;2719,38;13526
2015;Prefeitura Municipal de Demerval Lobão - PI;2203305;PI;DCA-Anexo I-C;NA;Deduções - Transferências Constitucionais;RO1.7.2.1.36.00.00;1.7.2.1.36.00.00 - Transferências Financeiras do ICMS ¿ Desoneração ¿ L.C. Nº 87/96;543,87;13526
2015;Prefeitura Municipal de Demerval Lobão - PI;2203305;PI;DCA-Anexo I-C;NA;Receitas Brutas Realizadas;RO1.7.2.1.99.00.00;1.7.2.1.99.00.00 - Outras Transferências da União;140875,14;13526
2015;Prefeitura Municipal de Demerval Lobão - PI;2203305;PI;DCA-Anexo I-C;NA;Receitas Brutas Realizadas;RO1.7.2.2.00.00.00;1.7.2.2.00.00.00 - Transferências dos Estados;1916404,53;13526
2015;Prefeitura Municipal de Demerval Lobão - PI;2203305;PI;DCA-Anexo I-C;NA;Deduções - Transferências Constitucionais;RO1.7.2.2.00.00.00;1.7.2.2.00.00.00 - Transferências dos Estados;290981,54;13526
2015;Prefeitura Municipal de Demerval Lobão - PI;2203305;PI;DCA-Anexo I-C;NA;Receitas Brutas Realizadas;RO1.7.2.2.01.00.00;1.7.2.2.01.00.00 - Participação na Receita dos Estados;1767579,53;13526
2015;Prefeitura Municipal de Demerval Lobão - PI;2203305;PI;DCA-Anexo I-C;NA;Deduções - Transferências Constitucionais;RO1.7.2.2.01.00.00;1.7.2.2.01.00.00 - Participação na Receita dos Estados;290981,54;13526
2015;Prefeitura Municipal de Demerval Lobão - PI;2203305;PI;DCA-Anexo I-C;NA;Receitas Brutas Realizadas;RO1.7.2.2.01.01.00;1.7.2.2.01.01.00 - Cota-Parte do ICMS;1556026,34;13526
2015;Prefeitura Municipal de Demerval Lobão - PI;2203305;PI;DCA-Anexo I-C;NA;Deduções - Transferências Constitucionais;RO1.7.2.2.01.01.00;1.7.2.2.01.01.00 - Cota-Parte do ICMS;290981,54;13526
2015;Prefeitura Municipal de Demerval Lobão - PI;2203305;PI;DCA-Anexo I-C;NA;Receitas Brutas Realizadas;RO1.7.2.2.01.02.00;1.7.2.2.01.02.00 - Cota-Parte do IPVA;199978,24;13526
2015;Prefeitura Municipal de Demerval Lobão - PI;2203305;PI;DCA-Anexo I-C;NA;Receitas Brutas Realizadas;RO1.7.2.2.01.04.00;1.7.2.2.01.04.00 - Cota-Parte do IPI sobre Exportação;249,58;13526
2015;Prefeitura Municipal de Demerval Lobão - PI;2203305;PI;DCA-Anexo I-C;NA;Receitas Brutas Realizadas;RO1.7.2.2.01.13.00;1.7.2.2.01.13.00 - Cota-Parte da Contribuição de Intervenção no Domínio Econômico;11325,37;13526
2015;Prefeitura Municipal de Demerval Lobão - PI;2203305;PI;DCA-Anexo I-C;NA;Receitas Brutas Realizadas;RO1.7.2.2.33.00.00;1.7.2.2.33.00.00 - Transferências de Recursos do Estado para Programas de Saúde - Repasse Fundo a Fundo;148825,00;13526
2015;Prefeitura Municipal de Demerval Lobão - PI;2203305;PI;DCA-Anexo I-C;NA;Receitas Brutas Realizadas;RO1.7.2.4.00.00.00;1.7.2.4.00.00.00 - Transferências Multigovernamentais;7222925,44;13526
2015;Prefeitura Municipal de Demerval Lobão - PI;2203305;PI;DCA-Anexo I-C;NA;Receitas Brutas Realizadas;RO1.7.2.4.01.00.00;1.7.2.4.01.00.00 - Transferências de Recursos do Fundo de Manutenção e Desenvolvimento do Ensino Fundamental e de Valorização do Magistério - FUNDEB;5587845,58;13526
2015;Prefeitura Municipal de Demerval Lobão - PI;2203305;PI;DCA-Anexo I-C;NA;Receitas Brutas Realizadas;RO1.7.2.4.02.00.00;1.7.2.4.02.00.00 - Transferências de Recursos da Complementação ao Fundo de Manutenção e Desenvolvimento do Ensino Fundamental e de Valorização do Magistério - FUNDEB;1635079,86;13526
2015;Prefeitura Municipal de Demerval Lobão - PI;2203305;PI;DCA-Anexo I-C;NA;Receitas Brutas Realizadas;RO1.7.6.0.00.00.00;1.7.6.0.00.00.00 - Transferências de Convênios;65639,64;13526
2015;Prefeitura Municipal de Demerval Lobão - PI;2203305;PI;DCA-Anexo I-C;NA;Receitas Brutas Realizadas;RO1.7.6.2.00.00.00;1.7.6.2.00.00.00 - Transferências de Convênios dos Estados e do Distrito Federal e de Suas Entidades;65639,64;13526
2015;Prefeitura Municipal de Demerval Lobão - PI;2203305;PI;DCA-Anexo I-C;NA;Receitas Brutas Realizadas;RO1.7.6.2.02.00.00;1.7.6.2.02.00.00 - Transferências de Convênios dos Estados Destinadas a Programas de Educação;56356,85;13526
2015;Prefeitura Municipal de Demerval Lobão - PI;2203305;PI;DCA-Anexo I-C;NA;Receitas Brutas Realizadas;RO1.7.6.2.99.00.00;1.7.6.2.99.00.00 - Outras Transferências de Convênios dos Estados;9282,79;13526
2015;Prefeitura Municipal de Demerval Lobão - PI;2203305;PI;DCA-Anexo I-C;NA;Receitas Brutas Realizadas;RO1.9.0.0.00.00.00;1.9.0.0.00.00.00 - Outras Receitas Correntes;9366,95;13526
2015;Prefeitura Municipal de Demerval Lobão - PI;2203305;PI;DCA-Anexo I-C;NA;Receitas Brutas Realizadas;RO1.9.9.0.00.00.00;1.9.9.0.00.00.00 - Receitas Diversas;9366,95;13526
2015;Prefeitura Municipal de Demerval Lobão - PI;2203305;PI;DCA-Anexo I-C;NA;Receitas Brutas Realizadas;RO2.0.0.0.00.00.00;2.0.0.0.00.00.00 - Receitas de Capital;2191051,29;13526
2015;Prefeitura Municipal de Demerval Lobão - PI;2203305;PI;DCA-Anexo I-C;NA;Receitas Brutas Realizadas;RO2.4.0.0.00.00.00;2.4.0.0.00.00.00 - Transferências de Capital;2191051,29;13526
2015;Prefeitura Municipal de Demerval Lobão - PI;2203305;PI;DCA-Anexo I-C;NA;Receitas Brutas Realizadas;RO2.4.2.0.00.00.00;2.4.2.0.00.00.00 - Transferências Intergovernamentais;499690,93;13526
2015;Prefeitura Municipal de Demerval Lobão - PI;2203305;PI;DCA-Anexo I-C;NA;Receitas Brutas Realizadas;RO2.4.2.1.00.00.00;2.4.2.1.00.00.00 - Transferências da União;499690,93;13526
2015;Prefeitura Municipal de Demerval Lobão - PI;2203305;PI;DCA-Anexo I-C;NA;Receitas Brutas Realizadas;RO2.4.2.1.01.00.00;2.4.2.1.01.00.00 - Participação na Receita da União;295778,00;13526
2015;Prefeitura Municipal de Demerval Lobão - PI;2203305;PI;DCA-Anexo I-C;NA;Receitas Brutas Realizadas;RO2.4.2.1.02.00.00;2.4.2.1.02.00.00 - Transferências de Recursos Destinados a Programas de Educação;203912,93;13526
2015;Prefeitura Municipal de Demerval Lobão - PI;2203305;PI;DCA-Anexo I-C;NA;Receitas Brutas Realizadas;RO2.4.7.0.00.00.00;2.4.7.0.00.00.00 - Transferências de Convênios;1691360,36;13526
2015;Prefeitura Municipal de Demerval Lobão - PI;2203305;PI;DCA-Anexo I-C;NA;Receitas Brutas Realizadas;RO2.4.7.1.00.00.00;2.4.7.1.00.00.00 - Transferências de Convênios da União e de suas Entidades;1691360,36;13526
2015;Prefeitura Municipal de Demerval Lobão - PI;2203305;PI;DCA-Anexo I-C;NA;Receitas Brutas Realizadas;RO2.4.7.1.99.00.00;2.4.7.1.99.00.00 - Outras Transferências de Convênios da União;1691360,36;13526
2015;Prefeitura Municipal de Demerval Lobão - PI;2203305;PI;DCA-Anexo I-C;NA;Receitas Brutas Realizadas;RI7.0.0.0.00.00.00;7.0.0.0.00.00.00 - Receitas Correntes Intraorçamentárias;127948,36;13526
2015;Prefeitura Municipal de Demerval Lobão - PI;2203305;PI;DCA-Anexo I-C;NA;Receitas Brutas Realizadas;RI7.2.0.0.00.00.00;7.2.0.0.00.00.00 - Receitas de Contribuições Intraorçamentárias;127948,36;13526
2015;Prefeitura Municipal de Demerval Lobão - PI;2203305;PI;DCA-Anexo I-C;NA;Receitas Brutas Realizadas;RI7.2.1.0.00.00.00;7.2.1.0.00.00.00 - Contribuições Sociais Intraorçamentárias;127948,36;13526
2015;Prefeitura Municipal de Demerval Lobão - PI;2203305;PI;DCA-Anexo I-C;NA;Receitas Brutas Realizadas;RI7.2.1.0.29.00.00;7.2.1.0.29.00.00 - Contribuições para o Regime Próprio de Previdência do Servidor Público Intraorçamentárias;127948,36;13526
2015;Prefeitura Municipal de Demerval Lobão - PI;2203305;PI;DCA-Anexo I-C;NA;Receitas Brutas Realizadas;RI7.2.1.0.29.01.00;7.2.1.0.29.01.00 - Contribuição Patronal de Servidor Ativo Civil para o Regime Próprio Intraorçamentária;127948,36;13526
2016;Prefeitura Municipal de Demerval Lobão - PI;2203305;PI;DCA-Anexo I-C;NA;Receitas Brutas Realizadas;TotalReceitas;Total Receitas;29592518,03;13552
2016;Prefeitura Municipal de Demerval Lobão - PI;2203305;PI;DCA-Anexo I-C;NA;Deduções - Transferências Constitucionais;TotalReceitas;Total Receitas;2277192,13;13552
2016;Prefeitura Municipal de Demerval Lobão - PI;2203305;PI;DCA-Anexo I-C;NA;Receitas Brutas Realizadas;RO1.0.0.0.00.00.00;1.0.0.0.00.00.00 - Receitas Correntes;27177531,28;13552
2016;Prefeitura Municipal de Demerval Lobão - PI;2203305;PI;DCA-Anexo I-C;NA;Deduções - Transferências Constitucionais;RO1.0.0.0.00.00.00;1.0.0.0.00.00.00 - Receitas Correntes;2277192,13;13552
2016;Prefeitura Municipal de Demerval Lobão - PI;2203305;PI;DCA-Anexo I-C;NA;Receitas Brutas Realizadas;RO1.1.0.0.00.00.00;1.1.0.0.00.00.00 - Receita Tributária;777499,88;13552
2016;Prefeitura Municipal de Demerval Lobão - PI;2203305;PI;DCA-Anexo I-C;NA;Receitas Brutas Realizadas;RO1.1.1.0.00.00.00;1.1.1.0.00.00.00 - Impostos;748467,76;13552
2016;Prefeitura Municipal de Demerval Lobão - PI;2203305;PI;DCA-Anexo I-C;NA;Receitas Brutas Realizadas;RO1.1.1.2.00.00.00;1.1.1.2.00.00.00 - Impostos sobre o Patrimônio e a Renda;292090,51;13552
2016;Prefeitura Municipal de Demerval Lobão - PI;2203305;PI;DCA-Anexo I-C;NA;Receitas Brutas Realizadas;RO1.1.1.2.02.00.00;1.1.1.2.02.00.00 - Imposto sobre a Propriedade Predial e Territorial Urbana ¿ IPTU;1570,94;13552
2016;Prefeitura Municipal de Demerval Lobão - PI;2203305;PI;DCA-Anexo I-C;NA;Receitas Brutas Realizadas;RO1.1.1.2.04.00.00;1.1.1.2.04.00.00 - Imposto sobre a Renda e Proventos de Qualquer Natureza ¿ IR;52202,31;13552
2016;Prefeitura Municipal de Demerval Lobão - PI;2203305;PI;DCA-Anexo I-C;NA;Receitas Brutas Realizadas;RO1.1.1.2.04.31.00;1.1.1.2.04.31.00 - Retido nas Fontes - Trabalho;52202,31;13552
2016;Prefeitura Municipal de Demerval Lobão - PI;2203305;PI;DCA-Anexo I-C;NA;Receitas Brutas Realizadas;RO1.1.1.2.08.00.00;"1.1.1.2.08.00.00 - Imposto sobre Transmissão ""Inter Vivos"" de Bens Imóveis e de Direitos Reais sobre Imóveis ¿ ITBI";238317,26;13552
2016;Prefeitura Municipal de Demerval Lobão - PI;2203305;PI;DCA-Anexo I-C;NA;Receitas Brutas Realizadas;RO1.1.1.3.00.00.00;1.1.1.3.00.00.00 - Impostos sobre a Produção e a Circulação;456377,25;13552
2016;Prefeitura Municipal de Demerval Lobão - PI;2203305;PI;DCA-Anexo I-C;NA;Receitas Brutas Realizadas;RO1.1.1.3.05.00.00;1.1.1.3.05.00.00 - Imposto sobre Serviços de Qualquer Natureza ¿ ISSQN;456377,25;13552
2016;Prefeitura Municipal de Demerval Lobão - PI;2203305;PI;DCA-Anexo I-C;NA;Receitas Brutas Realizadas;RO1.1.2.0.00.00.00;1.1.2.0.00.00.00 - Taxas;29032,12;13552
2016;Prefeitura Municipal de Demerval Lobão - PI;2203305;PI;DCA-Anexo I-C;NA;Receitas Brutas Realizadas;RO1.1.2.1.00.00.00;1.1.2.1.00.00.00 - Taxas pelo Exercício do Poder de Polícia;19004,66;13552
2016;Prefeitura Municipal de Demerval Lobão - PI;2203305;PI;DCA-Anexo I-C;NA;Receitas Brutas Realizadas;RO1.1.2.2.00.00.00;1.1.2.2.00.00.00 - Taxas pela Prestação de Serviços;10027,46;13552
2016;Prefeitura Municipal de Demerval Lobão - PI;2203305;PI;DCA-Anexo I-C;NA;Receitas Brutas Realizadas;RO1.1.2.2.99.00.00;1.1.2.2.99.00.00 - Outras Taxas pela Prestação de Serviços;10027,46;13552
2016;Prefeitura Municipal de Demerval Lobão - PI;2203305;PI;DCA-Anexo I-C;NA;Receitas Brutas Realizadas;RO1.2.0.0.00.00.00;1.2.0.0.00.00.00 - Receitas de Contribuições;771780,51;13552
2016;Prefeitura Municipal de Demerval Lobão - PI;2203305;PI;DCA-Anexo I-C;NA;Receitas Brutas Realizadas;RO1.2.1.0.00.00.00;1.2.1.0.00.00.00 - Contribuições Sociais;612926,61;13552
2016;Prefeitura Municipal de Demerval Lobão - PI;2203305;PI;DCA-Anexo I-C;NA;Receitas Brutas Realizadas;RO1.2.1.0.29.00.00;1.2.1.0.29.00.00 - Contribuições para o Regime Próprio de Previdência do Servidor Público;612926,61;13552
2016;Prefeitura Municipal de Demerval Lobão - PI;2203305;PI;DCA-Anexo I-C;NA;Receitas Brutas Realizadas;RO1.2.1.0.29.07.00;1.2.1.0.29.07.00 - Contribuição do Servidor Ativo Civil para o Regime Próprio;612926,61;13552
2016;Prefeitura Municipal de Demerval Lobão - PI;2203305;PI;DCA-Anexo I-C;NA;Receitas Brutas Realizadas;RO1.2.3.0.00.00.00;1.2.3.0.00.00.00 - Contribuição para Custeio do Serviço de Iluminação Pública;158853,90;13552
2016;Prefeitura Municipal de Demerval Lobão - PI;2203305;PI;DCA-Anexo I-C;NA;Receitas Brutas Realizadas;RO1.3.0.0.00.00.00;1.3.0.0.00.00.00 - Receita Patrimonial;252237,11;13552
2016;Prefeitura Municipal de Demerval Lobão - PI;2203305;PI;DCA-Anexo I-C;NA;Receitas Brutas Realizadas;RO1.3.2.0.00.00.00;1.3.2.0.00.00.00 - Receitas de Valores Mobiliários;252237,11;13552
2016;Prefeitura Municipal de Demerval Lobão - PI;2203305;PI;DCA-Anexo I-C;NA;Receitas Brutas Realizadas;RO1.3.2.5.00.00.00;1.3.2.5.00.00.00 - Remuneração de Depósitos Bancários;158802,44;13552
2016;Prefeitura Municipal de Demerval Lobão - PI;2203305;PI;DCA-Anexo I-C;NA;Receitas Brutas Realizadas;RO1.3.2.8.00.00.00;1.3.2.8.00.00.00 - Remuneração dos Investimentos do Regime Próprio de Previdência do Servidor;93434,67;13552
2016;Prefeitura Municipal de Demerval Lobão - PI;2203305;PI;DCA-Anexo I-C;NA;Receitas Brutas Realizadas;RO1.7.0.0.00.00.00;1.7.0.0.00.00.00 - Transferências Correntes;25375692,97;13552
2016;Prefeitura Municipal de Demerval Lobão - PI;2203305;PI;DCA-Anexo I-C;NA;Deduções - Transferências Constitucionais;RO1.7.0.0.00.00.00;1.7.0.0.00.00.00 - Transferências Correntes;2277192,13;13552
2016;Prefeitura Municipal de Demerval Lobão - PI;2203305;PI;DCA-Anexo I-C;NA;Receitas Brutas Realizadas;RO1.7.2.0.00.00.00;1.7.2.0.00.00.00 - Transferências Intergovernamentais;25170088,44;13552
2016;Prefeitura Municipal de Demerval Lobão - PI;2203305;PI;DCA-Anexo I-C;NA;Deduções - Transferências Constitucionais;RO1.7.2.0.00.00.00;1.7.2.0.00.00.00 - Transferências Intergovernamentais;2277192,13;13552
2016;Prefeitura Municipal de Demerval Lobão - PI;2203305;PI;DCA-Anexo I-C;NA;Receitas Brutas Realizadas;RO1.7.2.1.00.00.00;1.7.2.1.00.00.00 - Transferências da União;13519632,79;13552
2016;Prefeitura Municipal de Demerval Lobão - PI;2203305;PI;DCA-Anexo I-C;NA;Deduções - Transferências Constitucionais;RO1.7.2.1.00.00.00;1.7.2.1.00.00.00 - Transferências da União;1742481,04;13552
2016;Prefeitura Municipal de Demerval Lobão - PI;2203305;PI;DCA-Anexo I-C;NA;Receitas Brutas Realizadas;RO1.7.2.1.01.00.00;1.7.2.1.01.00.00 - Participação na Receita da União;9350155,72;13552
2016;Prefeitura Municipal de Demerval Lobão - PI;2203305;PI;DCA-Anexo I-C;NA;Deduções - Transferências Constitucionais;RO1.7.2.1.01.00.00;1.7.2.1.01.00.00 - Participação na Receita da União;1741558,18;13552
2016;Prefeitura Municipal de Demerval Lobão - PI;2203305;PI;DCA-Anexo I-C;NA;Receitas Brutas Realizadas;RO1.7.2.1.01.02.00;1.7.2.1.01.02.00 - Cota-Parte do Fundo de Participação dos Municípios ¿ FPM;8726749,70;13552
2016;Prefeitura Municipal de Demerval Lobão - PI;2203305;PI;DCA-Anexo I-C;NA;Deduções - Transferências Constitucionais;RO1.7.2.1.01.02.00;1.7.2.1.01.02.00 - Cota-Parte do Fundo de Participação dos Municípios ¿ FPM;1740859,50;13552
2016;Prefeitura Municipal de Demerval Lobão - PI;2203305;PI;DCA-Anexo I-C;NA;Receitas Brutas Realizadas;RO1.7.2.1.01.03.00;1.7.2.1.01.03.00 - Cota-Parte do Fundo de Participação dos Municípios - 1% Cota Anual;362379,85;13552
2016;Prefeitura Municipal de Demerval Lobão - PI;2203305;PI;DCA-Anexo I-C;NA;Receitas Brutas Realizadas;RO1.7.2.1.01.04.00;1.7.2.1.01.04.00 - Cota-Parte do Fundo de Participação dos Municípios - 1% Cota entregue no mês de julho (67)(I);257532,16;13552
2016;Prefeitura Municipal de Demerval Lobão - PI;2203305;PI;DCA-Anexo I-C;NA;Receitas Brutas Realizadas;RO1.7.2.1.01.05.00;1.7.2.1.01.05.00 - Cota-Parte do Imposto Sobre a Propriedade Territorial Rural ¿ ITR;3494,01;13552
2016;Prefeitura Municipal de Demerval Lobão - PI;2203305;PI;DCA-Anexo I-C;NA;Deduções - Transferências Constitucionais;RO1.7.2.1.01.05.00;1.7.2.1.01.05.00 - Cota-Parte do Imposto Sobre a Propriedade Territorial Rural ¿ ITR;698,68;13552
2016;Prefeitura Municipal de Demerval Lobão - PI;2203305;PI;DCA-Anexo I-C;NA;Receitas Brutas Realizadas;RO1.7.2.1.22.00.00;1.7.2.1.22.00.00 - Transferências da Compensação Financeira pela Exploração de Recursos Naturais;75046,73;13552
2016;Prefeitura Municipal de Demerval Lobão - PI;2203305;PI;DCA-Anexo I-C;NA;Receitas Brutas Realizadas;RO1.7.2.1.22.20.00;1.7.2.1.22.20.00 - Cota-Parte da Compensação Financeira de Recursos Minerais - CFEM;1814,64;13552
2016;Prefeitura Municipal de Demerval Lobão - PI;2203305;PI;DCA-Anexo I-C;NA;Receitas Brutas Realizadas;RO1.7.2.1.22.70.00;1.7.2.1.22.70.00 - Cota-Parte do Fundo Especial do Petróleo ¿ FEP;73232,09;13552
2016;Prefeitura Municipal de Demerval Lobão - PI;2203305;PI;DCA-Anexo I-C;NA;Receitas Brutas Realizadas;RO1.7.2.1.33.00.00;1.7.2.1.33.00.00 - Transferências de Recursos do Sistema Único de Saúde - SUS - Repasses Fundo a Fundo;2906809,31;13552
2016;Prefeitura Municipal de Demerval Lobão - PI;2203305;PI;DCA-Anexo I-C;NA;Receitas Brutas Realizadas;RO1.7.2.1.34.00.00;1.7.2.1.34.00.00 - Transferências de Recursos do Fundo Nacional de Assistência Social ¿ FNAS;419648,10;13552
2016;Prefeitura Municipal de Demerval Lobão - PI;2203305;PI;DCA-Anexo I-C;NA;Receitas Brutas Realizadas;RO1.7.2.1.35.00.00;1.7.2.1.35.00.00 - Transferências de Recursos do Fundo Nacional do Desenvolvimento da Educação ¿ FNDE;718304,11;13552
2016;Prefeitura Municipal de Demerval Lobão - PI;2203305;PI;DCA-Anexo I-C;NA;Receitas Brutas Realizadas;RO1.7.2.1.36.00.00;1.7.2.1.36.00.00 - Transferências Financeiras do ICMS ¿ Desoneração ¿ L.C. Nº 87/96;4614,60;13552
2016;Prefeitura Municipal de Demerval Lobão - PI;2203305;PI;DCA-Anexo I-C;NA;Deduções - Transferências Constitucionais;RO1.7.2.1.36.00.00;1.7.2.1.36.00.00 - Transferências Financeiras do ICMS ¿ Desoneração ¿ L.C. Nº 87/96;922,86;13552
2016;Prefeitura Municipal de Demerval Lobão - PI;2203305;PI;DCA-Anexo I-C;NA;Receitas Brutas Realizadas;RO1.7.2.1.99.00.00;1.7.2.1.99.00.00 - Outras Transferências da União;45054,22;13552
2016;Prefeitura Municipal de Demerval Lobão - PI;2203305;PI;DCA-Anexo I-C;NA;Receitas Brutas Realizadas;RO1.7.2.2.00.00.00;1.7.2.2.00.00.00 - Transferências dos Estados;3230604,16;13552
2016;Prefeitura Municipal de Demerval Lobão - PI;2203305;PI;DCA-Anexo I-C;NA;Deduções - Transferências Constitucionais;RO1.7.2.2.00.00.00;1.7.2.2.00.00.00 - Transferências dos Estados;534711,09;13552
2016;Prefeitura Municipal de Demerval Lobão - PI;2203305;PI;DCA-Anexo I-C;NA;Receitas Brutas Realizadas;RO1.7.2.2.01.00.00;1.7.2.2.01.00.00 - Participação na Receita dos Estados;3007044,16;13552
2016;Prefeitura Municipal de Demerval Lobão - PI;2203305;PI;DCA-Anexo I-C;NA;Deduções - Transferências Constitucionais;RO1.7.2.2.01.00.00;1.7.2.2.01.00.00 - Participação na Receita dos Estados;534711,09;13552
2016;Prefeitura Municipal de Demerval Lobão - PI;2203305;PI;DCA-Anexo I-C;NA;Receitas Brutas Realizadas;RO1.7.2.2.01.01.00;1.7.2.2.01.01.00 - Cota-Parte do ICMS;2720661,67;13552
2016;Prefeitura Municipal de Demerval Lobão - PI;2203305;PI;DCA-Anexo I-C;NA;Deduções - Transferências Constitucionais;RO1.7.2.2.01.01.00;1.7.2.2.01.01.00 - Cota-Parte do ICMS;534711,09;13552
2016;Prefeitura Municipal de Demerval Lobão - PI;2203305;PI;DCA-Anexo I-C;NA;Receitas Brutas Realizadas;RO1.7.2.2.01.02.00;1.7.2.2.01.02.00 - Cota-Parte do IPVA;255022,11;13552
2016;Prefeitura Municipal de Demerval Lobão - PI;2203305;PI;DCA-Anexo I-C;NA;Receitas Brutas Realizadas;RO1.7.2.2.01.04.00;1.7.2.2.01.04.00 - Cota-Parte do IPI - Municípios;229,70;13552
2016;Prefeitura Municipal de Demerval Lobão - PI;2203305;PI;DCA-Anexo I-C;NA;Receitas Brutas Realizadas;RO1.7.2.2.01.13.00;1.7.2.2.01.13.00 - Cota-Parte da Contribuição de Intervenção no Domínio Econômico;31130,68;13552
2016;Prefeitura Municipal de Demerval Lobão - PI;2203305;PI;DCA-Anexo I-C;NA;Receitas Brutas Realizadas;RO1.7.2.2.33.00.00;1.7.2.2.33.00.00 - Transferências de Recursos do Estado para Programas de Saúde - Repasse Fundo a Fundo;163560,00;13552
2016;Prefeitura Municipal de Demerval Lobão - PI;2203305;PI;DCA-Anexo I-C;NA;Receitas Brutas Realizadas;RO1.7.2.2.99.00.00;1.7.2.2.99.00.00 - Outras Transferências dos Estados;60000,00;13552
2016;Prefeitura Municipal de Demerval Lobão - PI;2203305;PI;DCA-Anexo I-C;NA;Receitas Brutas Realizadas;RO1.7.2.4.00.00.00;1.7.2.4.00.00.00 - Transferências Multigovernamentais;8419851,49;13552
2016;Prefeitura Municipal de Demerval Lobão - PI;2203305;PI;DCA-Anexo I-C;NA;Receitas Brutas Realizadas;RO1.7.2.4.01.00.00;1.7.2.4.01.00.00 - Transferências de Recursos do Fundo de Manutenção e Desenvolvimento do Ensino Fundamental e de Valorização do Magistério - FUNDEB;6586188,69;13552
2016;Prefeitura Municipal de Demerval Lobão - PI;2203305;PI;DCA-Anexo I-C;NA;Receitas Brutas Realizadas;RO1.7.2.4.02.00.00;1.7.2.4.02.00.00 - Transferências de Recursos da Complementação ao Fundo de Manutenção e Desenvolvimento do Ensino Fundamental e de Valorização do Magistério - FUNDEB;1833662,80;13552
2016;Prefeitura Municipal de Demerval Lobão - PI;2203305;PI;DCA-Anexo I-C;NA;Receitas Brutas Realizadas;RO1.7.6.0.00.00.00;1.7.6.0.00.00.00 - Transferências de Convênios;205604,53;13552
2016;Prefeitura Municipal de Demerval Lobão - PI;2203305;PI;DCA-Anexo I-C;NA;Receitas Brutas Realizadas;RO1.7.6.1.00.00.00;1.7.6.1.00.00.00 - Transferências de Convênios da União e de Suas Entidades;46570,94;13552
2016;Prefeitura Municipal de Demerval Lobão - PI;2203305;PI;DCA-Anexo I-C;NA;Receitas Brutas Realizadas;RO1.7.6.1.02.00.00;1.7.6.1.02.00.00 - Transferências de Convênios da União Destinadas a Programas de Educação;46333,34;13552
2016;Prefeitura Municipal de Demerval Lobão - PI;2203305;PI;DCA-Anexo I-C;NA;Receitas Brutas Realizadas;RO1.7.6.1.99.00.00;1.7.6.1.99.00.00 - Outras Transferências de Convênios da União;237,60;13552
2016;Prefeitura Municipal de Demerval Lobão - PI;2203305;PI;DCA-Anexo I-C;NA;Receitas Brutas Realizadas;RO1.7.6.2.00.00.00;1.7.6.2.00.00.00 - Transferências de Convênios dos Estados e do Distrito Federal e de Suas Entidades;159033,59;13552
2016;Prefeitura Municipal de Demerval Lobão - PI;2203305;PI;DCA-Anexo I-C;NA;Receitas Brutas Realizadas;RO1.7.6.2.02.00.00;1.7.6.2.02.00.00 - Transferências de Convênios dos Estados Destinadas a Programas de Educação;89033,59;13552
2016;Prefeitura Municipal de Demerval Lobão - PI;2203305;PI;DCA-Anexo I-C;NA;Receitas Brutas Realizadas;RO1.7.6.2.99.00.00;1.7.6.2.99.00.00 - Outras Transferências de Convênios dos Estados;70000,00;13552
2016;Prefeitura Municipal de Demerval Lobão - PI;2203305;PI;DCA-Anexo I-C;NA;Receitas Brutas Realizadas;RO1.9.0.0.00.00.00;1.9.0.0.00.00.00 - Outras Receitas Correntes;320,81;13552
2016;Prefeitura Municipal de Demerval Lobão - PI;2203305;PI;DCA-Anexo I-C;NA;Receitas Brutas Realizadas;RO1.9.9.0.00.00.00;1.9.9.0.00.00.00 - Receitas Diversas;320,81;13552
2016;Prefeitura Municipal de Demerval Lobão - PI;2203305;PI;DCA-Anexo I-C;NA;Receitas Brutas Realizadas;RO1.9.9.0.99.00.00;1.9.9.0.99.00.00 - Outras Receitas;320,81;13552
2016;Prefeitura Municipal de Demerval Lobão - PI;2203305;PI;DCA-Anexo I-C;NA;Receitas Brutas Realizadas;RO2.0.0.0.00.00.00;2.0.0.0.00.00.00 - Receitas de Capital;1803168,12;13552
2016;Prefeitura Municipal de Demerval Lobão - PI;2203305;PI;DCA-Anexo I-C;NA;Receitas Brutas Realizadas;RO2.4.0.0.00.00.00;2.4.0.0.00.00.00 - Transferências de Capital;1803168,12;13552
2016;Prefeitura Municipal de Demerval Lobão - PI;2203305;PI;DCA-Anexo I-C;NA;Receitas Brutas Realizadas;RO2.4.2.0.00.00.00;2.4.2.0.00.00.00 - Transferências Intergovernamentais;1303990,06;13552
2016;Prefeitura Municipal de Demerval Lobão - PI;2203305;PI;DCA-Anexo I-C;NA;Receitas Brutas Realizadas;RO2.4.2.1.00.00.00;2.4.2.1.00.00.00 - Transferências da União;1303990,06;13552
2016;Prefeitura Municipal de Demerval Lobão - PI;2203305;PI;DCA-Anexo I-C;NA;Receitas Brutas Realizadas;RO2.4.2.1.01.00.00;2.4.2.1.01.00.00 - Participação na Receita da União;789970,14;13552
2016;Prefeitura Municipal de Demerval Lobão - PI;2203305;PI;DCA-Anexo I-C;NA;Receitas Brutas Realizadas;RO2.4.2.1.02.00.00;2.4.2.1.02.00.00 - Transferências de Recursos Destinados a Programas de Educação;514019,92;13552
2016;Prefeitura Municipal de Demerval Lobão - PI;2203305;PI;DCA-Anexo I-C;NA;Receitas Brutas Realizadas;RO2.4.7.0.00.00.00;2.4.7.0.00.00.00 - Transferências de Convênios;499178,06;13552
2016;Prefeitura Municipal de Demerval Lobão - PI;2203305;PI;DCA-Anexo I-C;NA;Receitas Brutas Realizadas;RO2.4.7.1.00.00.00;2.4.7.1.00.00.00 - Transferências de Convênios da União e de suas Entidades;499178,06;13552
2016;Prefeitura Municipal de Demerval Lobão - PI;2203305;PI;DCA-Anexo I-C;NA;Receitas Brutas Realizadas;RO2.4.7.1.99.00.00;2.4.7.1.99.00.00 - Outras Transferências de Convênios da União;499178,06;13552
2016;Prefeitura Municipal de Demerval Lobão - PI;2203305;PI;DCA-Anexo I-C;NA;Receitas Brutas Realizadas;RI7.0.0.0.00.00.00;7.0.0.0.00.00.00 - Receitas Correntes Intraorçamentárias;611818,63;13552
2016;Prefeitura Municipal de Demerval Lobão - PI;2203305;PI;DCA-Anexo I-C;NA;Receitas Brutas Realizadas;RI7.2.0.0.00.00.00;7.2.0.0.00.00.00 - Receitas de Contribuições Intraorçamentárias;611818,63;13552
2016;Prefeitura Municipal de Demerval Lobão - PI;2203305;PI;DCA-Anexo I-C;NA;Receitas Brutas Realizadas;RI7.2.1.0.00.00.00;7.2.1.0.00.00.00 - Contribuições Sociais Intraorçamentárias;611818,63;13552
2016;Prefeitura Municipal de Demerval Lobão - PI;2203305;PI;DCA-Anexo I-C;NA;Receitas Brutas Realizadas;RI7.2.1.0.29.00.00;7.2.1.0.29.00.00 - Contribuições para o Regime Próprio de Previdência do Servidor Público Intraorçamentárias;611818,63;13552
2016;Prefeitura Municipal de Demerval Lobão - PI;2203305;PI;DCA-Anexo I-C;NA;Receitas Brutas Realizadas;RI7.2.1.0.29.01.00;7.2.1.0.29.01.00 - Contribuição Patronal de Servidor Ativo Civil para o Regime Próprio Intraorçamentária;611818,63;13552
2017;Prefeitura Municipal de Demerval Lobão - PI;2203305;PI;DCA-Anexo I-C;Padrão;Receitas Brutas Realizadas;TotalReceitas;Total Receitas;32040050,26;13575
2017;Prefeitura Municipal de Demerval Lobão - PI;2203305;PI;DCA-Anexo I-C;Padrão;Outras Deduções da Receita;TotalReceitas;Total Receitas;2330333,59;13575
2017;Prefeitura Municipal de Demerval Lobão - PI;2203305;PI;DCA-Anexo I-C;Padrão;Receitas Brutas Realizadas;RO1.0.0.0.00.00.00;1.0.0.0.00.00.00 - Receitas Correntes;29537963,87;13575
2017;Prefeitura Municipal de Demerval Lobão - PI;2203305;PI;DCA-Anexo I-C;Padrão;Outras Deduções da Receita;RO1.0.0.0.00.00.00;1.0.0.0.00.00.00 - Receitas Correntes;2330333,59;13575
2017;Prefeitura Municipal de Demerval Lobão - PI;2203305;PI;DCA-Anexo I-C;Padrão;Receitas Brutas Realizadas;RO1.1.0.0.00.00.00;1.1.0.0.00.00.00 - Receita Tributária;893937,47;13575
2017;Prefeitura Municipal de Demerval Lobão - PI;2203305;PI;DCA-Anexo I-C;Padrão;Receitas Brutas Realizadas;RO1.1.1.0.00.00.00;1.1.1.0.00.00.00 - Impostos;860088,09;13575
2017;Prefeitura Municipal de Demerval Lobão - PI;2203305;PI;DCA-Anexo I-C;Padrão;Receitas Brutas Realizadas;RO1.1.1.2.00.00.00;1.1.1.2.00.00.00 - Impostos sobre o Patrimônio e a Renda;386000,82;13575
2017;Prefeitura Municipal de Demerval Lobão - PI;2203305;PI;DCA-Anexo I-C;Padrão;Receitas Brutas Realizadas;RO1.1.1.2.02.00.00;1.1.1.2.02.00.00 - Imposto sobre a Propriedade Predial e Territorial Urbana ¿ IPTU;815,61;13575
2017;Prefeitura Municipal de Demerval Lobão - PI;2203305;PI;DCA-Anexo I-C;Padrão;Receitas Brutas Realizadas;RO1.1.1.2.04.00.00;1.1.1.2.04.00.00 - Imposto sobre a Renda e Proventos de Qualquer Natureza ¿ IR;93753,95;13575
2017;Prefeitura Municipal de Demerval Lobão - PI;2203305;PI;DCA-Anexo I-C;Padrão;Receitas Brutas Realizadas;RO1.1.1.2.04.31.00;1.1.1.2.04.31.00 - Retido nas Fontes - Trabalho;93753,95;13575
2017;Prefeitura Municipal de Demerval Lobão - PI;2203305;PI;DCA-Anexo I-C;Padrão;Receitas Brutas Realizadas;RO1.1.1.2.08.00.00;"1.1.1.2.08.00.00 - Imposto sobre Transmissão ""Inter Vivos"" de Bens Imóveis e de Direitos Reais sobre Imóveis ¿ ITBI";291431,26;13575
2017;Prefeitura Municipal de Demerval Lobão - PI;2203305;PI;DCA-Anexo I-C;Padrão;Receitas Brutas Realizadas;RO1.1.1.3.00.00.00;1.1.1.3.00.00.00 - Impostos sobre a Produção e a Circulação;474087,27;13575
2017;Prefeitura Municipal de Demerval Lobão - PI;2203305;PI;DCA-Anexo I-C;Padrão;Receitas Brutas Realizadas;RO1.1.1.3.05.00.00;1.1.1.3.05.00.00 - Imposto sobre Serviços de Qualquer Natureza ¿ ISSQN;474087,27;13575
2017;Prefeitura Municipal de Demerval Lobão - PI;2203305;PI;DCA-Anexo I-C;Padrão;Receitas Brutas Realizadas;RO1.1.2.0.00.00.00;1.1.2.0.00.00.00 - Taxas;33849,38;13575
2017;Prefeitura Municipal de Demerval Lobão - PI;2203305;PI;DCA-Anexo I-C;Padrão;Receitas Brutas Realizadas;RO1.1.2.1.00.00.00;1.1.2.1.00.00.00 - Taxas pelo Exercício do Poder de Polícia;25286,82;13575
2017;Prefeitura Municipal de Demerval Lobão - PI;2203305;PI;DCA-Anexo I-C;Padrão;Receitas Brutas Realizadas;RO1.1.2.2.00.00.00;1.1.2.2.00.00.00 - Taxas pela Prestação de Serviços;8562,56;13575
2017;Prefeitura Municipal de Demerval Lobão - PI;2203305;PI;DCA-Anexo I-C;Padrão;Receitas Brutas Realizadas;RO1.1.2.2.99.00.00;1.1.2.2.99.00.00 - Outras Taxas pela Prestação de Serviços;8562,56;13575
2017;Prefeitura Municipal de Demerval Lobão - PI;2203305;PI;DCA-Anexo I-C;Padrão;Receitas Brutas Realizadas;RO1.2.0.0.00.00.00;1.2.0.0.00.00.00 - Receitas de Contribuições;826204,22;13575
2017;Prefeitura Municipal de Demerval Lobão - PI;2203305;PI;DCA-Anexo I-C;Padrão;Receitas Brutas Realizadas;RO1.2.1.0.00.00.00;1.2.1.0.00.00.00 - Contribuições Sociais;650648,85;13575
2017;Prefeitura Municipal de Demerval Lobão - PI;2203305;PI;DCA-Anexo I-C;Padrão;Receitas Brutas Realizadas;RO1.2.1.0.29.00.00;1.2.1.0.29.00.00 - Contribuições para o Regime Próprio de Previdência do Servidor Público;650648,85;13575
2017;Prefeitura Municipal de Demerval Lobão - PI;2203305;PI;DCA-Anexo I-C;Padrão;Receitas Brutas Realizadas;RO1.2.1.0.29.07.00;1.2.1.0.29.07.00 - Contribuição do Servidor Ativo Civil para o Regime Próprio;650648,85;13575
2017;Prefeitura Municipal de Demerval Lobão - PI;2203305;PI;DCA-Anexo I-C;Padrão;Receitas Brutas Realizadas;RO1.2.3.0.00.00.00;1.2.3.0.00.00.00 - Contribuição para Custeio do Serviço de Iluminação Pública;175555,37;13575
2017;Prefeitura Municipal de Demerval Lobão - PI;2203305;PI;DCA-Anexo I-C;Padrão;Receitas Brutas Realizadas;RO1.3.0.0.00.00.00;1.3.0.0.00.00.00 - Receita Patrimonial;334456,10;13575
2017;Prefeitura Municipal de Demerval Lobão - PI;2203305;PI;DCA-Anexo I-C;Padrão;Receitas Brutas Realizadas;RO1.3.2.0.00.00.00;1.3.2.0.00.00.00 - Receitas de Valores Mobiliários;334456,10;13575
2017;Prefeitura Municipal de Demerval Lobão - PI;2203305;PI;DCA-Anexo I-C;Padrão;Receitas Brutas Realizadas;RO1.3.2.5.00.00.00;1.3.2.5.00.00.00 - Remuneração de Depósitos Bancários;178245,84;13575
2017;Prefeitura Municipal de Demerval Lobão - PI;2203305;PI;DCA-Anexo I-C;Padrão;Receitas Brutas Realizadas;RO1.3.2.8.00.00.00;1.3.2.8.00.00.00 - Remuneração dos Investimentos do Regime Próprio de Previdência do Servidor;156210,26;13575
2017;Prefeitura Municipal de Demerval Lobão - PI;2203305;PI;DCA-Anexo I-C;Padrão;Receitas Brutas Realizadas;RO1.7.0.0.00.00.00;1.7.0.0.00.00.00 - Transferências Correntes;27300125,80;13575
2017;Prefeitura Municipal de Demerval Lobão - PI;2203305;PI;DCA-Anexo I-C;Padrão;Outras Deduções da Receita;RO1.7.0.0.00.00.00;1.7.0.0.00.00.00 - Transferências Correntes;2330333,59;13575
2017;Prefeitura Municipal de Demerval Lobão - PI;2203305;PI;DCA-Anexo I-C;Padrão;Receitas Brutas Realizadas;RO1.7.2.0.00.00.00;1.7.2.0.00.00.00 - Transferências Intergovernamentais;27300125,80;13575
2017;Prefeitura Municipal de Demerval Lobão - PI;2203305;PI;DCA-Anexo I-C;Padrão;Outras Deduções da Receita;RO1.7.2.0.00.00.00;1.7.2.0.00.00.00 - Transferências Intergovernamentais;2330333,59;13575
2017;Prefeitura Municipal de Demerval Lobão - PI;2203305;PI;DCA-Anexo I-C;Padrão;Receitas Brutas Realizadas;RO1.7.2.1.00.00.00;1.7.2.1.00.00.00 - Transferências da União;14902854,55;13575
2017;Prefeitura Municipal de Demerval Lobão - PI;2203305;PI;DCA-Anexo I-C;Padrão;Outras Deduções da Receita;RO1.7.2.1.00.00.00;1.7.2.1.00.00.00 - Transferências da União;1663318,59;13575
2017;Prefeitura Municipal de Demerval Lobão - PI;2203305;PI;DCA-Anexo I-C;Padrão;Receitas Brutas Realizadas;RO1.7.2.1.01.00.00;1.7.2.1.01.00.00 - Participação na Receita da União;9060869,03;13575
2017;Prefeitura Municipal de Demerval Lobão - PI;2203305;PI;DCA-Anexo I-C;Padrão;Outras Deduções da Receita;RO1.7.2.1.01.00.00;1.7.2.1.01.00.00 - Participação na Receita da União;1662248,55;13575
2017;Prefeitura Municipal de Demerval Lobão - PI;2203305;PI;DCA-Anexo I-C;Padrão;Receitas Brutas Realizadas;RO1.7.2.1.01.02.00;1.7.2.1.01.02.00 - Cota-Parte do Fundo de Participação dos Municípios ¿ FPM;8299422,62;13575
2017;Prefeitura Municipal de Demerval Lobão - PI;2203305;PI;DCA-Anexo I-C;Padrão;Outras Deduções da Receita;RO1.7.2.1.01.02.00;1.7.2.1.01.02.00 - Cota-Parte do Fundo de Participação dos Municípios ¿ FPM;1659884,24;13575
2017;Prefeitura Municipal de Demerval Lobão - PI;2203305;PI;DCA-Anexo I-C;Padrão;Receitas Brutas Realizadas;RO1.7.2.1.01.03.00;1.7.2.1.01.03.00 - Cota-Parte do Fundo de Participação dos Municípios - 1% Cota Anual;368957,96;13575
2017;Prefeitura Municipal de Demerval Lobão - PI;2203305;PI;DCA-Anexo I-C;Padrão;Receitas Brutas Realizadas;RO1.7.2.1.01.04.00;1.7.2.1.01.04.00 - Cota-Parte do Fundo de Participação dos Municípios - 1% Cota entregue no mês de julho (67)(I);380666,52;13575
2017;Prefeitura Municipal de Demerval Lobão - PI;2203305;PI;DCA-Anexo I-C;Padrão;Receitas Brutas Realizadas;RO1.7.2.1.01.05.00;1.7.2.1.01.05.00 - Cota-Parte do Imposto Sobre a Propriedade Territorial Rural ¿ ITR;11821,93;13575
2017;Prefeitura Municipal de Demerval Lobão - PI;2203305;PI;DCA-Anexo I-C;Padrão;Outras Deduções da Receita;RO1.7.2.1.01.05.00;1.7.2.1.01.05.00 - Cota-Parte do Imposto Sobre a Propriedade Territorial Rural ¿ ITR;2364,31;13575
2017;Prefeitura Municipal de Demerval Lobão - PI;2203305;PI;DCA-Anexo I-C;Padrão;Receitas Brutas Realizadas;RO1.7.2.1.22.00.00;1.7.2.1.22.00.00 - Transferências da Compensação Financeira pela Exploração de Recursos Naturais;96961,31;13575
2017;Prefeitura Municipal de Demerval Lobão - PI;2203305;PI;DCA-Anexo I-C;Padrão;Receitas Brutas Realizadas;RO1.7.2.1.22.20.00;1.7.2.1.22.20.00 - Cota-Parte da Compensação Financeira de Recursos Minerais - CFEM;555,75;13575
2017;Prefeitura Municipal de Demerval Lobão - PI;2203305;PI;DCA-Anexo I-C;Padrão;Receitas Brutas Realizadas;RO1.7.2.1.22.70.00;1.7.2.1.22.70.00 - Cota-Parte do Fundo Especial do Petróleo ¿ FEP;96405,56;13575
2017;Prefeitura Municipal de Demerval Lobão - PI;2203305;PI;DCA-Anexo I-C;Padrão;Receitas Brutas Realizadas;RO1.7.2.1.33.00.00;1.7.2.1.33.00.00 - Transferências de Recursos do Sistema Único de Saúde - SUS - Repasses Fundo a Fundo;4167241,33;13575
2017;Prefeitura Municipal de Demerval Lobão - PI;2203305;PI;DCA-Anexo I-C;Padrão;Receitas Brutas Realizadas;RO1.7.2.1.34.00.00;1.7.2.1.34.00.00 - Transferências de Recursos do Fundo Nacional de Assistência Social ¿ FNAS;479492,74;13575
2017;Prefeitura Municipal de Demerval Lobão - PI;2203305;PI;DCA-Anexo I-C;Padrão;Receitas Brutas Realizadas;RO1.7.2.1.35.00.00;1.7.2.1.35.00.00 - Transferências de Recursos do Fundo Nacional do Desenvolvimento da Educação ¿ FNDE;1042866,44;13575
2017;Prefeitura Municipal de Demerval Lobão - PI;2203305;PI;DCA-Anexo I-C;Padrão;Receitas Brutas Realizadas;RO1.7.2.1.36.00.00;1.7.2.1.36.00.00 - Transferências Financeiras do ICMS ¿ Desoneração ¿ L.C. Nº 87/96;5350,68;13575
2017;Prefeitura Municipal de Demerval Lobão - PI;2203305;PI;DCA-Anexo I-C;Padrão;Outras Deduções da Receita;RO1.7.2.1.36.00.00;1.7.2.1.36.00.00 - Transferências Financeiras do ICMS ¿ Desoneração ¿ L.C. Nº 87/96;1070,04;13575
2017;Prefeitura Municipal de Demerval Lobão - PI;2203305;PI;DCA-Anexo I-C;Padrão;Receitas Brutas Realizadas;RO1.7.2.1.99.00.00;1.7.2.1.99.00.00 - Outras Transferências da União;50073,02;13575
2017;Prefeitura Municipal de Demerval Lobão - PI;2203305;PI;DCA-Anexo I-C;Padrão;Receitas Brutas Realizadas;RO1.7.2.2.00.00.00;1.7.2.2.00.00.00 - Transferências dos Estados;3775490,25;13575
2017;Prefeitura Municipal de Demerval Lobão - PI;2203305;PI;DCA-Anexo I-C;Padrão;Outras Deduções da Receita;RO1.7.2.2.00.00.00;1.7.2.2.00.00.00 - Transferências dos Estados;667015,00;13575
2017;Prefeitura Municipal de Demerval Lobão - PI;2203305;PI;DCA-Anexo I-C;Padrão;Receitas Brutas Realizadas;RO1.7.2.2.01.00.00;1.7.2.2.01.00.00 - Participação na Receita dos Estados;3662816,85;13575
2017;Prefeitura Municipal de Demerval Lobão - PI;2203305;PI;DCA-Anexo I-C;Padrão;Outras Deduções da Receita;RO1.7.2.2.01.00.00;1.7.2.2.01.00.00 - Participação na Receita dos Estados;667015,00;13575
2017;Prefeitura Municipal de Demerval Lobão - PI;2203305;PI;DCA-Anexo I-C;Padrão;Receitas Brutas Realizadas;RO1.7.2.2.01.01.00;1.7.2.2.01.01.00 - Cota-Parte do ICMS;3335076,12;13575
2017;Prefeitura Municipal de Demerval Lobão - PI;2203305;PI;DCA-Anexo I-C;Padrão;Outras Deduções da Receita;RO1.7.2.2.01.01.00;1.7.2.2.01.01.00 - Cota-Parte do ICMS;667015,00;13575
2017;Prefeitura Municipal de Demerval Lobão - PI;2203305;PI;DCA-Anexo I-C;Padrão;Receitas Brutas Realizadas;RO1.7.2.2.01.02.00;1.7.2.2.01.02.00 - Cota-Parte do IPVA;283553,97;13575
2017;Prefeitura Municipal de Demerval Lobão - PI;2203305;PI;DCA-Anexo I-C;Padrão;Receitas Brutas Realizadas;RO1.7.2.2.01.04.00;1.7.2.2.01.04.00 - Cota-Parte do IPI - Municípios;278,25;13575
2017;Prefeitura Municipal de Demerval Lobão - PI;2203305;PI;DCA-Anexo I-C;Padrão;Receitas Brutas Realizadas;RO1.7.2.2.01.13.00;1.7.2.2.01.13.00 - Cota-Parte da Contribuição de Intervenção no Domínio Econômico;43908,51;13575
2017;Prefeitura Municipal de Demerval Lobão - PI;2203305;PI;DCA-Anexo I-C;Padrão;Receitas Brutas Realizadas;RO1.7.2.2.33.00.00;1.7.2.2.33.00.00 - Transferências de Recursos do Estado para Programas de Saúde - Repasse Fundo a Fundo;112673,40;13575
2017;Prefeitura Municipal de Demerval Lobão - PI;2203305;PI;DCA-Anexo I-C;Padrão;Receitas Brutas Realizadas;RO1.7.2.4.00.00.00;1.7.2.4.00.00.00 - Transferências Multigovernamentais;8621781,00;13575
2017;Prefeitura Municipal de Demerval Lobão - PI;2203305;PI;DCA-Anexo I-C;Padrão;Receitas Brutas Realizadas;RO1.7.2.4.01.00.00;1.7.2.4.01.00.00 - Transferências de Recursos do Fundo de Manutenção e Desenvolvimento do Ensino Fundamental e de Valorização do Magistério - FUNDEB;6629754,71;13575
2017;Prefeitura Municipal de Demerval Lobão - PI;2203305;PI;DCA-Anexo I-C;Padrão;Receitas Brutas Realizadas;RO1.7.2.4.02.00.00;1.7.2.4.02.00.00 - Transferências de Recursos da Complementação ao Fundo de Manutenção e Desenvolvimento do Ensino Fundamental e de Valorização do Magistério - FUNDEB;1992026,29;13575
2017;Prefeitura Municipal de Demerval Lobão - PI;2203305;PI;DCA-Anexo I-C;Padrão;Receitas Brutas Realizadas;RO1.9.0.0.00.00.00;1.9.0.0.00.00.00 - Outras Receitas Correntes;183240,28;13575
2017;Prefeitura Municipal de Demerval Lobão - PI;2203305;PI;DCA-Anexo I-C;Padrão;Receitas Brutas Realizadas;RO1.9.2.0.00.00.00;1.9.2.0.00.00.00 - Indenizações e Restituições;156837,41;13575
2017;Prefeitura Municipal de Demerval Lobão - PI;2203305;PI;DCA-Anexo I-C;Padrão;Receitas Brutas Realizadas;RO1.9.2.2.00.00.00;1.9.2.2.00.00.00 - Restituições;156837,41;13575
2017;Prefeitura Municipal de Demerval Lobão - PI;2203305;PI;DCA-Anexo I-C;Padrão;Receitas Brutas Realizadas;RO1.9.2.2.10.00.00;1.9.2.2.10.00.00 - Compensações Financeiras entre o Regime Geral e os Regimes Próprios de Previdência dos Servidores;156837,41;13575
2017;Prefeitura Municipal de Demerval Lobão - PI;2203305;PI;DCA-Anexo I-C;Padrão;Receitas Brutas Realizadas;RO1.9.9.0.00.00.00;1.9.9.0.00.00.00 - Receitas Diversas;26402,87;13575
2017;Prefeitura Municipal de Demerval Lobão - PI;2203305;PI;DCA-Anexo I-C;Padrão;Receitas Brutas Realizadas;RO1.9.9.0.99.00.00;1.9.9.0.99.00.00 - Outras Receitas;26402,87;13575
2017;Prefeitura Municipal de Demerval Lobão - PI;2203305;PI;DCA-Anexo I-C;Padrão;Receitas Brutas Realizadas;RO2.0.0.0.00.00.00;2.0.0.0.00.00.00 - Receitas de Capital;1851437,39;13575
2017;Prefeitura Municipal de Demerval Lobão - PI;2203305;PI;DCA-Anexo I-C;Padrão;Receitas Brutas Realizadas;RO2.4.0.0.00.00.00;2.4.0.0.00.00.00 - Transferências de Capital;1851437,39;13575
2017;Prefeitura Municipal de Demerval Lobão - PI;2203305;PI;DCA-Anexo I-C;Padrão;Receitas Brutas Realizadas;RO2.4.2.0.00.00.00;2.4.2.0.00.00.00 - Transferências Intergovernamentais;1150417,54;13575
2017;Prefeitura Municipal de Demerval Lobão - PI;2203305;PI;DCA-Anexo I-C;Padrão;Receitas Brutas Realizadas;RO2.4.2.1.00.00.00;2.4.2.1.00.00.00 - Transferências da União;1150417,54;13575
2017;Prefeitura Municipal de Demerval Lobão - PI;2203305;PI;DCA-Anexo I-C;Padrão;Receitas Brutas Realizadas;RO2.4.2.1.01.00.00;2.4.2.1.01.00.00 - Participação na Receita da União;244800,00;13575
2017;Prefeitura Municipal de Demerval Lobão - PI;2203305;PI;DCA-Anexo I-C;Padrão;Receitas Brutas Realizadas;RO2.4.2.1.02.00.00;2.4.2.1.02.00.00 - Transferências de Recursos Destinados a Programas de Educação;804917,54;13575
2017;Prefeitura Municipal de Demerval Lobão - PI;2203305;PI;DCA-Anexo I-C;Padrão;Receitas Brutas Realizadas;RO2.4.2.1.99.00.00;2.4.2.1.99.00.00 - Outras Transferências da União;100700,00;13575
2017;Prefeitura Municipal de Demerval Lobão - PI;2203305;PI;DCA-Anexo I-C;Padrão;Receitas Brutas Realizadas;RO2.4.7.0.00.00.00;2.4.7.0.00.00.00 - Transferências de Convênios;701019,85;13575
2017;Prefeitura Municipal de Demerval Lobão - PI;2203305;PI;DCA-Anexo I-C;Padrão;Receitas Brutas Realizadas;RO2.4.7.1.00.00.00;2.4.7.1.00.00.00 - Transferências de Convênios da União e de suas Entidades;701019,85;13575
2017;Prefeitura Municipal de Demerval Lobão - PI;2203305;PI;DCA-Anexo I-C;Padrão;Receitas Brutas Realizadas;RO2.4.7.1.05.00.00;2.4.7.1.05.00.00 - Transferências de Convênios da União Destinadas a Programas de Infraestrutura em Transporte;457269,85;13575
2017;Prefeitura Municipal de Demerval Lobão - PI;2203305;PI;DCA-Anexo I-C;Padrão;Receitas Brutas Realizadas;RO2.4.7.1.99.00.00;2.4.7.1.99.00.00 - Outras Transferências de Convênios da União;243750,00;13575
2017;Prefeitura Municipal de Demerval Lobão - PI;2203305;PI;DCA-Anexo I-C;Padrão;Receitas Brutas Realizadas;RI7.0.0.0.00.00.00;7.0.0.0.00.00.00 - Receitas Correntes Intraorçamentárias;650649,00;13575
2017;Prefeitura Municipal de Demerval Lobão - PI;2203305;PI;DCA-Anexo I-C;Padrão;Receitas Brutas Realizadas;RI7.2.0.0.00.00.00;7.2.0.0.00.00.00 - Receitas de Contribuições Intraorçamentárias;650649,00;13575
2017;Prefeitura Municipal de Demerval Lobão - PI;2203305;PI;DCA-Anexo I-C;Padrão;Receitas Brutas Realizadas;RI7.2.1.0.00.00.00;7.2.1.0.00.00.00 - Contribuições Sociais Intraorçamentárias;650649,00;13575
2017;Prefeitura Municipal de Demerval Lobão - PI;2203305;PI;DCA-Anexo I-C;Padrão;Receitas Brutas Realizadas;RI7.2.1.0.29.00.00;7.2.1.0.29.00.00 - Contribuições para o Regime Próprio de Previdência do Servidor Público Intraorçamentárias;650649,00;13575
2017;Prefeitura Municipal de Demerval Lobão - PI;2203305;PI;DCA-Anexo I-C;Padrão;Receitas Brutas Realizadas;RI7.2.1.0.29.01.00;7.2.1.0.29.01.00 - Contribuição Patronal de Servidor Ativo Civil para o Regime Próprio Intraorçamentária;650649,00;13575
2018;Prefeitura Municipal de Demerval Lobão - PI;2203305;PI;DCA-Anexo I-C;Padrão;Receitas Brutas Realizadas;TotalReceitas;Total Receitas;39693846,56;13575
2018;Prefeitura Municipal de Demerval Lobão - PI;2203305;PI;DCA-Anexo I-C;Padrão;Deduções - FUNDEB;TotalReceitas;Total Receitas;3036455,23;13575
2018;Prefeitura Municipal de Demerval Lobão - PI;2203305;PI;DCA-Anexo I-C;Padrão;Receitas Brutas Realizadas;RO1.0.0.0.00.0.0;1.0.0.0.00.0.0 - Receitas Correntes;37759413,42;13575
2018;Prefeitura Municipal de Demerval Lobão - PI;2203305;PI;DCA-Anexo I-C;Padrão;Deduções - FUNDEB;RO1.0.0.0.00.0.0;1.0.0.0.00.0.0 - Receitas Correntes;3036455,23;13575
2018;Prefeitura Municipal de Demerval Lobão - PI;2203305;PI;DCA-Anexo I-C;Padrão;Receitas Brutas Realizadas;RO1.1.0.0.00.0.0;1.1.0.0.00.0.0 - Impostos, Taxas e Contribuições de Melhoria;1258829,37;13575
2018;Prefeitura Municipal de Demerval Lobão - PI;2203305;PI;DCA-Anexo I-C;Padrão;Receitas Brutas Realizadas;RO1.1.1.0.00.0.0;1.1.1.0.00.0.0 - Impostos;1230924,34;13575
2018;Prefeitura Municipal de Demerval Lobão - PI;2203305;PI;DCA-Anexo I-C;Padrão;Receitas Brutas Realizadas;RO1.1.1.3.00.0.0;1.1.1.3.00.0.0 - Impostos sobre a Renda e Proventos de Qualquer Natureza;305296,93;13575
2018;Prefeitura Municipal de Demerval Lobão - PI;2203305;PI;DCA-Anexo I-C;Padrão;Receitas Brutas Realizadas;RO1.1.1.3.03.0.0;1.1.1.3.03.0.0 - Imposto sobre a Renda - Retido na Fonte;305296,93;13575
2018;Prefeitura Municipal de Demerval Lobão - PI;2203305;PI;DCA-Anexo I-C;Padrão;Receitas Brutas Realizadas;RO1.1.1.3.03.1.0;1.1.1.3.03.1.0 - Imposto sobre a Renda - Retido na Fonte - Trabalho;305296,93;13575
2018;Prefeitura Municipal de Demerval Lobão - PI;2203305;PI;DCA-Anexo I-C;Padrão;Receitas Brutas Realizadas;RO1.1.1.8.00.0.0;1.1.1.8.00.0.0 Impostos Específicos de Estados, DF e Municípios;925627,41;13575
2018;Prefeitura Municipal de Demerval Lobão - PI;2203305;PI;DCA-Anexo I-C;Padrão;Receitas Brutas Realizadas;RO1.1.1.8.01.0.0;1.1.1.8.01.0.0 Impostos sobre o Patrimônio para Estados/DF/Municípios;478820,30;13575
2018;Prefeitura Municipal de Demerval Lobão - PI;2203305;PI;DCA-Anexo I-C;Padrão;Receitas Brutas Realizadas;RO1.1.1.8.01.1.0;1.1.1.8.01.1.0 Imposto sobre a Propriedade Predial e Territorial Urbana;164284,30;13575
2018;Prefeitura Municipal de Demerval Lobão - PI;2203305;PI;DCA-Anexo I-C;Padrão;Receitas Brutas Realizadas;RO1.1.1.8.01.4.0;1.1.1.8.01.4.0 Imposto sobre Transmissão ¿Inter Vivos¿ de Bens Imóveis e de Direitos Reais sobre Imóveis;314536,00;13575
2018;Prefeitura Municipal de Demerval Lobão - PI;2203305;PI;DCA-Anexo I-C;Padrão;Receitas Brutas Realizadas;RO1.1.1.8.02.0.0;1.1.1.8.02.0.0 Impostos sobre a Produção, Circulação de Mercadorias e Serviços;446807,11;13575
2018;Prefeitura Municipal de Demerval Lobão - PI;2203305;PI;DCA-Anexo I-C;Padrão;Receitas Brutas Realizadas;RO1.1.1.8.02.3.0;1.1.1.8.02.3.0 Imposto sobre Serviços de Qualquer Natureza;446807,11;13575
2018;Prefeitura Municipal de Demerval Lobão - PI;2203305;PI;DCA-Anexo I-C;Padrão;Receitas Brutas Realizadas;RO1.1.2.0.00.0.0;1.1.2.0.00.0.0 - Taxas;27905,03;13575
2018;Prefeitura Municipal de Demerval Lobão - PI;2203305;PI;DCA-Anexo I-C;Padrão;Receitas Brutas Realizadas;RO1.1.2.1.00.0.0;1.1.2.1.00.0.0 - Taxas pelo Exercício do Poder de Polícia;8023,68;13575
2018;Prefeitura Municipal de Demerval Lobão - PI;2203305;PI;DCA-Anexo I-C;Padrão;Receitas Brutas Realizadas;RO1.1.2.1.01.0.0;1.1.2.1.01.0.0 - Taxas de Inspeção, Controle e Fiscalização;8023,68;13575
2018;Prefeitura Municipal de Demerval Lobão - PI;2203305;PI;DCA-Anexo I-C;Padrão;Receitas Brutas Realizadas;RO1.1.2.2.00.0.0;1.1.2.2.00.0.0 - Taxas pela Prestação de Serviços;19881,35;13575
2018;Prefeitura Municipal de Demerval Lobão - PI;2203305;PI;DCA-Anexo I-C;Padrão;Receitas Brutas Realizadas;RO1.1.2.2.01.0.0;1.1.2.2.01.0.0 - Taxas pela Prestação de Serviços;19881,35;13575
2018;Prefeitura Municipal de Demerval Lobão - PI;2203305;PI;DCA-Anexo I-C;Padrão;Receitas Brutas Realizadas;RO1.2.0.0.00.0.0;1.2.0.0.00.0.0 - Contribuições;1001433,27;13575
2018;Prefeitura Municipal de Demerval Lobão - PI;2203305;PI;DCA-Anexo I-C;Padrão;Receitas Brutas Realizadas;RO1.2.1.0.00.0.0;1.2.1.0.00.0.0 - Contribuições Sociais;800429,67;13575
2018;Prefeitura Municipal de Demerval Lobão - PI;2203305;PI;DCA-Anexo I-C;Padrão;Receitas Brutas Realizadas;RO1.2.1.0.04.0.0;1.2.1.0.04.0.0 - Contribuição para o Regime Próprio de Previdência Social - RPPS;800429,67;13575
2018;Prefeitura Municipal de Demerval Lobão - PI;2203305;PI;DCA-Anexo I-C;Padrão;Receitas Brutas Realizadas;RO1.2.1.0.04.2.0;1.2.1.0.04.2.0 - Contribuição do Servidor Ativo Civil para o RPPS;800429,67;13575
2018;Prefeitura Municipal de Demerval Lobão - PI;2203305;PI;DCA-Anexo I-C;Padrão;Receitas Brutas Realizadas;RO1.2.4.0.00.0.0;1.2.4.0.00.0.0 - Contribuição para o Custeio do Serviço de Iluminação Pública;201003,60;13575
2018;Prefeitura Municipal de Demerval Lobão - PI;2203305;PI;DCA-Anexo I-C;Padrão;Receitas Brutas Realizadas;RO1.3.0.0.00.0.0;1.3.0.0.00.0.0 - Receita Patrimonial;217531,61;13575
2018;Prefeitura Municipal de Demerval Lobão - PI;2203305;PI;DCA-Anexo I-C;Padrão;Receitas Brutas Realizadas;RO1.3.2.0.00.0.0;1.3.2.0.00.0.0 - Valores Mobiliários;217531,61;13575
2018;Prefeitura Municipal de Demerval Lobão - PI;2203305;PI;DCA-Anexo I-C;Padrão;Receitas Brutas Realizadas;RO1.3.2.1.00.0.0;1.3.2.1.00.0.0 - Juros e Correções Monetárias;217531,61;13575
2018;Prefeitura Municipal de Demerval Lobão - PI;2203305;PI;DCA-Anexo I-C;Padrão;Receitas Brutas Realizadas;RO1.3.2.1.00.1.0;1.3.2.1.00.1.0 - Remuneração de Depósitos Bancários;108662,37;13575
2018;Prefeitura Municipal de Demerval Lobão - PI;2203305;PI;DCA-Anexo I-C;Padrão;Receitas Brutas Realizadas;RO1.3.2.1.00.4.0;1.3.2.1.00.4.0 - Remuneração dos Recursos do Regime Próprio de Previdência Social - RPPS;108869,24;13575
2018;Prefeitura Municipal de Demerval Lobão - PI;2203305;PI;DCA-Anexo I-C;Padrão;Receitas Brutas Realizadas;RO1.7.0.0.00.0.0;1.7.0.0.00.0.0 - Transferências Correntes;34914465,07;13575
2018;Prefeitura Municipal de Demerval Lobão - PI;2203305;PI;DCA-Anexo I-C;Padrão;Deduções - FUNDEB;RO1.7.0.0.00.0.0;1.7.0.0.00.0.0 - Transferências Correntes;3036455,23;13575
2018;Prefeitura Municipal de Demerval Lobão - PI;2203305;PI;DCA-Anexo I-C;Padrão;Receitas Brutas Realizadas;RO1.7.1.0.00.0.0;1.7.1.0.00.0.0 - Transferências da União e de suas Entidades;20072622,40;13575
2018;Prefeitura Municipal de Demerval Lobão - PI;2203305;PI;DCA-Anexo I-C;Padrão;Deduções - FUNDEB;RO1.7.1.0.00.0.0;1.7.1.0.00.0.0 - Transferências da União e de suas Entidades;2224669,97;13575
2018;Prefeitura Municipal de Demerval Lobão - PI;2203305;PI;DCA-Anexo I-C;Padrão;Receitas Brutas Realizadas;RO1.7.1.8.00.0.0;1.7.1.8.00.0.0 Transferências da União - Específicas de Estados, DF e Municípios;20072622,40;13575
2018;Prefeitura Municipal de Demerval Lobão - PI;2203305;PI;DCA-Anexo I-C;Padrão;Deduções - FUNDEB;RO1.7.1.8.00.0.0;1.7.1.8.00.0.0 Transferências da União - Específicas de Estados, DF e Municípios;2224669,97;13575
2018;Prefeitura Municipal de Demerval Lobão - PI;2203305;PI;DCA-Anexo I-C;Padrão;Receitas Brutas Realizadas;RO1.7.1.8.01.0.0;1.7.1.8.01.0.0 Participação na Receita da União;12092800,22;13575
2018;Prefeitura Municipal de Demerval Lobão - PI;2203305;PI;DCA-Anexo I-C;Padrão;Deduções - FUNDEB;RO1.7.1.8.01.0.0;1.7.1.8.01.0.0 Participação na Receita da União;2223550,25;13575
2018;Prefeitura Municipal de Demerval Lobão - PI;2203305;PI;DCA-Anexo I-C;Padrão;Receitas Brutas Realizadas;RO1.7.1.8.01.2.0;1.7.1.8.01.2.0 Cota-Parte do Fundo de Participação dos Municípios - Cota Mensal;11112101,92;13575
2018;Prefeitura Municipal de Demerval Lobão - PI;2203305;PI;DCA-Anexo I-C;Padrão;Deduções - FUNDEB;RO1.7.1.8.01.2.0;1.7.1.8.01.2.0 Cota-Parte do Fundo de Participação dos Municípios - Cota Mensal;2222420,12;13575
2018;Prefeitura Municipal de Demerval Lobão - PI;2203305;PI;DCA-Anexo I-C;Padrão;Receitas Brutas Realizadas;RO1.7.1.8.01.3.0;1.7.1.8.01.3.0 Cota-Parte do Fundo de Participação do Municípios ¿ 1% Cota entregue no mês de dezembro;493531,66;13575
2018;Prefeitura Municipal de Demerval Lobão - PI;2203305;PI;DCA-Anexo I-C;Padrão;Receitas Brutas Realizadas;RO1.7.1.8.01.4.0;1.7.1.8.01.4.0 Cota-Parte do Fundo de Participação dos Municípios - 1% Cota entregue no mês de julho;481515,45;13575
2018;Prefeitura Municipal de Demerval Lobão - PI;2203305;PI;DCA-Anexo I-C;Padrão;Receitas Brutas Realizadas;RO1.7.1.8.01.5.0;1.7.1.8.01.5.0 Cota-Parte do Imposto Sobre a Propriedade Territorial Rural;5651,19;13575
2018;Prefeitura Municipal de Demerval Lobão - PI;2203305;PI;DCA-Anexo I-C;Padrão;Deduções - FUNDEB;RO1.7.1.8.01.5.0;1.7.1.8.01.5.0 Cota-Parte do Imposto Sobre a Propriedade Territorial Rural;1130,13;13575
2018;Prefeitura Municipal de Demerval Lobão - PI;2203305;PI;DCA-Anexo I-C;Padrão;Receitas Brutas Realizadas;RO1.7.1.8.02.0.0;1.7.1.8.02.0.0 Transferência da Compensação Financeira pela Exploração de Recursos Naturais;184925,13;13575
2018;Prefeitura Municipal de Demerval Lobão - PI;2203305;PI;DCA-Anexo I-C;Padrão;Receitas Brutas Realizadas;RO1.7.1.8.02.2.0;1.7.1.8.02.2.0 Cota-parte da Compensação Financeira de Recursos Minerais - CFEM;92,75;13575
2018;Prefeitura Municipal de Demerval Lobão - PI;2203305;PI;DCA-Anexo I-C;Padrão;Receitas Brutas Realizadas;RO1.7.1.8.02.6.0;1.7.1.8.02.6.0 Cota-Parte do Fundo Especial do Petróleo ¿ FEP;184832,38;13575
2018;Prefeitura Municipal de Demerval Lobão - PI;2203305;PI;DCA-Anexo I-C;Padrão;Receitas Brutas Realizadas;RO1.7.1.8.03.0.0;1.7.1.8.03.0.0 Transferência de Recursos do Sistema Único de Saúde ¿ SUS ¿ Repasses Fundo a Fundo;5853363,02;13575
2018;Prefeitura Municipal de Demerval Lobão - PI;2203305;PI;DCA-Anexo I-C;Padrão;Receitas Brutas Realizadas;RO1.7.1.8.04.0.0;1.7.1.8.04.0.0 Transferências de Recursos do Fundo Nacional de Assistência Social ¿ FNAS;523808,43;13575
2018;Prefeitura Municipal de Demerval Lobão - PI;2203305;PI;DCA-Anexo I-C;Padrão;Receitas Brutas Realizadas;RO1.7.1.8.05.0.0;1.7.1.8.05.0.0 Transferências de Recursos do Fundo Nacional do Desenvolvimento da Educação ¿ FNDE;982421,17;13575
2018;Prefeitura Municipal de Demerval Lobão - PI;2203305;PI;DCA-Anexo I-C;Padrão;Receitas Brutas Realizadas;RO1.7.1.8.05.1.0;1.7.1.8.05.1.0 Transferências do Salário-Educação;194173,49;13575
2018;Prefeitura Municipal de Demerval Lobão - PI;2203305;PI;DCA-Anexo I-C;Padrão;Receitas Brutas Realizadas;RO1.7.1.8.05.3.0;1.7.1.8.05.3.0 Transferências Diretas do FNDE referentes ao Programa Nacional de Alimentação Escolar ¿ PNAE;474438,00;13575
2018;Prefeitura Municipal de Demerval Lobão - PI;2203305;PI;DCA-Anexo I-C;Padrão;Receitas Brutas Realizadas;RO1.7.1.8.05.4.0;1.7.1.8.05.4.0 Transferências Diretas do FNDE referentes ao Programa Nacional de Apoio ao Transporte do Escolar ¿ PNATE;48033,88;13575
2018;Prefeitura Municipal de Demerval Lobão - PI;2203305;PI;DCA-Anexo I-C;Padrão;Receitas Brutas Realizadas;RO1.7.1.8.05.9.0;1.7.1.8.05.9.0 Outras Transferências Diretas do Fundo Nacional do Desenvolvimento da Educação ¿ FNDE;265775,80;13575
2018;Prefeitura Municipal de Demerval Lobão - PI;2203305;PI;DCA-Anexo I-C;Padrão;Receitas Brutas Realizadas;RO1.7.1.8.06.0.0;1.7.1.8.06.0.0 Transferência Financeira do ICMS ¿ Desoneração ¿ L.C. Nº 87/96;5598,84;13575
2018;Prefeitura Municipal de Demerval Lobão - PI;2203305;PI;DCA-Anexo I-C;Padrão;Deduções - FUNDEB;RO1.7.1.8.06.0.0;1.7.1.8.06.0.0 Transferência Financeira do ICMS ¿ Desoneração ¿ L.C. Nº 87/96;1119,72;13575
2018;Prefeitura Municipal de Demerval Lobão - PI;2203305;PI;DCA-Anexo I-C;Padrão;Receitas Brutas Realizadas;RO1.7.1.8.06.1.0;1.7.1.8.06.1.0 Transferência Financeira do ICMS ¿ Desoneração ¿ L.C. Nº 87/96;5598,84;13575
2018;Prefeitura Municipal de Demerval Lobão - PI;2203305;PI;DCA-Anexo I-C;Padrão;Deduções - FUNDEB;RO1.7.1.8.06.1.0;1.7.1.8.06.1.0 Transferência Financeira do ICMS ¿ Desoneração ¿ L.C. Nº 87/96;1119,72;13575
2018;Prefeitura Municipal de Demerval Lobão - PI;2203305;PI;DCA-Anexo I-C;Padrão;Receitas Brutas Realizadas;RO1.7.1.8.08.0.0;1.7.1.8.08.0.0 Transferências Advindas de Emendas Parlamentares Individuais;101179,00;13575
2018;Prefeitura Municipal de Demerval Lobão - PI;2203305;PI;DCA-Anexo I-C;Padrão;Receitas Brutas Realizadas;RO1.7.1.8.10.0.0;1.7.1.8.10.0.0 Transferências de Convênios da União e de Suas Entidades;286600,00;13575
2018;Prefeitura Municipal de Demerval Lobão - PI;2203305;PI;DCA-Anexo I-C;Padrão;Receitas Brutas Realizadas;RO1.7.1.8.10.1.0;1.7.1.8.10.1.0 Transferências de Convênios da União para o Sistema Único de Saúde ¿ SUS;286600,00;13575
2018;Prefeitura Municipal de Demerval Lobão - PI;2203305;PI;DCA-Anexo I-C;Padrão;Receitas Brutas Realizadas;RO1.7.1.8.99.0.0;1.7.1.8.99.0.0 Outras Transferências da União;41926,59;13575
2018;Prefeitura Municipal de Demerval Lobão - PI;2203305;PI;DCA-Anexo I-C;Padrão;Receitas Brutas Realizadas;RO1.7.2.0.00.0.0;1.7.2.0.00.0.0 - Transferências dos Estados e do Distrito Federal e de suas Entidades;4573171,01;13575
2018;Prefeitura Municipal de Demerval Lobão - PI;2203305;PI;DCA-Anexo I-C;Padrão;Deduções - FUNDEB;RO1.7.2.0.00.0.0;1.7.2.0.00.0.0 - Transferências dos Estados e do Distrito Federal e de suas Entidades;811785,26;13575
2018;Prefeitura Municipal de Demerval Lobão - PI;2203305;PI;DCA-Anexo I-C;Padrão;Receitas Brutas Realizadas;RO1.7.2.8.00.0.0;1.7.2.8.00.0.0 Transferências dos Estados - Específicas de Estados, DF e Municípios;4573171,01;13575
2018;Prefeitura Municipal de Demerval Lobão - PI;2203305;PI;DCA-Anexo I-C;Padrão;Deduções - FUNDEB;RO1.7.2.8.00.0.0;1.7.2.8.00.0.0 Transferências dos Estados - Específicas de Estados, DF e Municípios;811785,26;13575
2018;Prefeitura Municipal de Demerval Lobão - PI;2203305;PI;DCA-Anexo I-C;Padrão;Receitas Brutas Realizadas;RO1.7.2.8.01.0.0;1.7.2.8.01.0.0 Participação na Receita dos Estados;4413633,77;13575
2018;Prefeitura Municipal de Demerval Lobão - PI;2203305;PI;DCA-Anexo I-C;Padrão;Deduções - FUNDEB;RO1.7.2.8.01.0.0;1.7.2.8.01.0.0 Participação na Receita dos Estados;811785,26;13575
2018;Prefeitura Municipal de Demerval Lobão - PI;2203305;PI;DCA-Anexo I-C;Padrão;Receitas Brutas Realizadas;RO1.7.2.8.01.1.0;1.7.2.8.01.1.0 Cota-Parte do ICMS;4058962,86;13575
2018;Prefeitura Municipal de Demerval Lobão - PI;2203305;PI;DCA-Anexo I-C;Padrão;Deduções - FUNDEB;RO1.7.2.8.01.1.0;1.7.2.8.01.1.0 Cota-Parte do ICMS;811785,26;13575
2018;Prefeitura Municipal de Demerval Lobão - PI;2203305;PI;DCA-Anexo I-C;Padrão;Receitas Brutas Realizadas;RO1.7.2.8.01.2.0;1.7.2.8.01.2.0 Cota-Parte do IPVA;315932,91;13575
2018;Prefeitura Municipal de Demerval Lobão - PI;2203305;PI;DCA-Anexo I-C;Padrão;Receitas Brutas Realizadas;RO1.7.2.8.01.3.0;1.7.2.8.01.3.0 Cota-Parte do IPI - Municípios;336,09;13575
2018;Prefeitura Municipal de Demerval Lobão - PI;2203305;PI;DCA-Anexo I-C;Padrão;Receitas Brutas Realizadas;RO1.7.2.8.01.4.0;1.7.2.8.01.4.0 Cota-Parte da Contribuição de Intervenção no Domínio Econômico;38401,91;13575
2018;Prefeitura Municipal de Demerval Lobão - PI;2203305;PI;DCA-Anexo I-C;Padrão;Receitas Brutas Realizadas;RO1.7.2.8.10.0.0;1.7.2.8.10.0.0 Transferência de Convênios dos Estados e do Distrito Federal e de Suas Entidades;159537,24;13575
2018;Prefeitura Municipal de Demerval Lobão - PI;2203305;PI;DCA-Anexo I-C;Padrão;Receitas Brutas Realizadas;RO1.7.2.8.10.1.0;1.7.2.8.10.1.0 Transferências de Convênio dos Estados para o Sistema Único de Saúde ¿ SUS;98835,00;13575
2018;Prefeitura Municipal de Demerval Lobão - PI;2203305;PI;DCA-Anexo I-C;Padrão;Receitas Brutas Realizadas;RO1.7.2.8.10.2.0;1.7.2.8.10.2.0 Transferências de Convênio dos Estados Destinadas a Programas de Educação;60702,24;13575
2018;Prefeitura Municipal de Demerval Lobão - PI;2203305;PI;DCA-Anexo I-C;Padrão;Receitas Brutas Realizadas;RO1.7.5.0.00.0.0;1.7.5.0.00.0.0 - Transferências de Outras Instituições Públicas;10268671,66;13575
2018;Prefeitura Municipal de Demerval Lobão - PI;2203305;PI;DCA-Anexo I-C;Padrão;Receitas Brutas Realizadas;RO1.7.5.8.00.0.0;1.7.5.8.00.0.0 Transferências de Outras Instituições Públicas - Específicas de Estados, DF e Municípios;10268671,66;13575
2018;Prefeitura Municipal de Demerval Lobão - PI;2203305;PI;DCA-Anexo I-C;Padrão;Receitas Brutas Realizadas;RO1.7.5.8.01.0.0;1.7.5.8.01.0.0 Transferências de Recursos do Fundo de Manutenção e Desenvolvimento da Educação Básica e de Valorização dos Profissionais da Educação ¿ FUNDEB;10268671,66;13575
2018;Prefeitura Municipal de Demerval Lobão - PI;2203305;PI;DCA-Anexo I-C;Padrão;Receitas Brutas Realizadas;RO1.9.0.0.00.0.0;1.9.0.0.00.0.0 - Outras Receitas Correntes;367154,10;13575
2018;Prefeitura Municipal de Demerval Lobão - PI;2203305;PI;DCA-Anexo I-C;Padrão;Receitas Brutas Realizadas;RO1.9.2.0.00.0.0;1.9.2.0.00.0.0 - Indenizações, Restituições e Ressarcimentos;54342,64;13575
2018;Prefeitura Municipal de Demerval Lobão - PI;2203305;PI;DCA-Anexo I-C;Padrão;Receitas Brutas Realizadas;RO1.9.2.2.00.0.0;1.9.2.2.00.0.0 - Restituições;54342,64;13575
2018;Prefeitura Municipal de Demerval Lobão - PI;2203305;PI;DCA-Anexo I-C;Padrão;Receitas Brutas Realizadas;RO1.9.2.2.01.0.0;1.9.2.2.01.0.0 - Restituição de Convênios;54342,64;13575
2018;Prefeitura Municipal de Demerval Lobão - PI;2203305;PI;DCA-Anexo I-C;Padrão;Receitas Brutas Realizadas;RO1.9.9.0.00.0.0;1.9.9.0.00.0.0 - Demais Receitas Correntes;312811,46;13575
2018;Prefeitura Municipal de Demerval Lobão - PI;2203305;PI;DCA-Anexo I-C;Padrão;Receitas Brutas Realizadas;RO1.9.9.0.03.0.0;1.9.9.0.03.0.0 - Compensações Financeiras entre o Regime Geral e os Regimes Próprios de Previdência dos Servidores;288658,22;13575
2018;Prefeitura Municipal de Demerval Lobão - PI;2203305;PI;DCA-Anexo I-C;Padrão;Receitas Brutas Realizadas;RO1.9.9.0.99.0.0;1.9.9.0.99.0.0 - Outras Receitas;24153,24;13575
2018;Prefeitura Municipal de Demerval Lobão - PI;2203305;PI;DCA-Anexo I-C;Padrão;Receitas Brutas Realizadas;RO1.9.9.0.99.1.0;1.9.9.0.99.1.0 - Outras Receitas - Primárias;24153,24;13575
2018;Prefeitura Municipal de Demerval Lobão - PI;2203305;PI;DCA-Anexo I-C;Padrão;Receitas Brutas Realizadas;RO2.0.0.0.00.0.0;2.0.0.0.00.0.0 - Receitas de Capital;1073193,21;13575
2018;Prefeitura Municipal de Demerval Lobão - PI;2203305;PI;DCA-Anexo I-C;Padrão;Receitas Brutas Realizadas;RO2.4.0.0.00.0.0;2.4.0.0.00.0.0 - Transferências de Capital;1073193,21;13575
2018;Prefeitura Municipal de Demerval Lobão - PI;2203305;PI;DCA-Anexo I-C;Padrão;Receitas Brutas Realizadas;RO2.4.1.0.00.0.0;2.4.1.0.00.0.0 - Transferências da União e de suas Entidades;1001206,06;13575
2018;Prefeitura Municipal de Demerval Lobão - PI;2203305;PI;DCA-Anexo I-C;Padrão;Receitas Brutas Realizadas;RO2.4.1.8.00.0.0;2.4.1.8.00.0.0 Transferências da União - Específicas de Estados, DF e Municípios;1001206,06;13575
2018;Prefeitura Municipal de Demerval Lobão - PI;2203305;PI;DCA-Anexo I-C;Padrão;Receitas Brutas Realizadas;RO2.4.1.8.05.0.0;2.4.1.8.05.0.0 Transferências de Recursos Destinados a Programas de Educação;342691,56;13575
2018;Prefeitura Municipal de Demerval Lobão - PI;2203305;PI;DCA-Anexo I-C;Padrão;Receitas Brutas Realizadas;RO2.4.1.8.10.0.0;2.4.1.8.10.0.0 Transferência de Convênios da União e de suas Entidades;658514,50;13575
2018;Prefeitura Municipal de Demerval Lobão - PI;2203305;PI;DCA-Anexo I-C;Padrão;Receitas Brutas Realizadas;RO2.4.2.0.00.0.0;2.4.2.0.00.0.0 - Transferências dos Estados e do Distrito Federal e de suas Entidades;71987,15;13575
2018;Prefeitura Municipal de Demerval Lobão - PI;2203305;PI;DCA-Anexo I-C;Padrão;Receitas Brutas Realizadas;RO2.4.2.8.00.0.0;2.4.2.8.00.0.0 Transferências dos Estados, Distrito Federal, e de suas Entidades;71987,15;13575
2018;Prefeitura Municipal de Demerval Lobão - PI;2203305;PI;DCA-Anexo I-C;Padrão;Receitas Brutas Realizadas;RO2.4.2.8.10.0.0;2.4.2.8.10.0.0 Transferências de Convênios dos Estados e do Distrito Federal e de suas Entidades;71987,15;13575
2018;Prefeitura Municipal de Demerval Lobão - PI;2203305;PI;DCA-Anexo I-C;Padrão;Receitas Brutas Realizadas;RO7.0.0.0.00.0.0;7.0.0.0.00.0.0 - Receitas Correntes - Intraorçamentárias;861239,93;13575
2018;Prefeitura Municipal de Demerval Lobão - PI;2203305;PI;DCA-Anexo I-C;Padrão;Receitas Brutas Realizadas;RO7.2.0.0.00.0.0;7.2.0.0.00.0.0 - Contribuições - Intraorçamentárias;861239,93;13575
2018;Prefeitura Municipal de Demerval Lobão - PI;2203305;PI;DCA-Anexo I-C;Padrão;Receitas Brutas Realizadas;RO7.2.1.0.00.0.0;7.2.1.0.00.0.0 - Contribuições Sociais - Intraorçamentárias;861239,93;13575
2018;Prefeitura Municipal de Demerval Lobão - PI;2203305;PI;DCA-Anexo I-C;Padrão;Receitas Brutas Realizadas;RO7.2.1.0.04.0.0;7.2.1.0.04.0.0 - Contribuição para o Regime Próprio de Previdência Social - RPPS - Intraorçamentárias;861239,93;13575
2018;Prefeitura Municipal de Demerval Lobão - PI;2203305;PI;DCA-Anexo I-C;Padrão;Receitas Brutas Realizadas;RO7.2.1.0.04.1.0;7.2.1.0.04.1.0 - Contribuição Patronal de Servidor Ativo Civil para o RPPS - Intraorçamentárias;861239,93;13575
2019;Prefeitura Municipal de Demerval Lobão - PI;2203305;PI;DCA-Anexo I-C;Padrão;Receitas Brutas Realizadas;ReceitasExcetoIntraOrcamentarias;RECEITAS (EXCETO INTRA-ORÇAMENTÁRIAS) (I);40454881,19;13793
2019;Prefeitura Municipal de Demerval Lobão - PI;2203305;PI;DCA-Anexo I-C;Padrão;Deduções - FUNDEB;ReceitasExcetoIntraOrcamentarias;RECEITAS (EXCETO INTRA-ORÇAMENTÁRIAS) (I);3321001,43;13793
2019;Prefeitura Municipal de Demerval Lobão - PI;2203305;PI;DCA-Anexo I-C;Padrão;Receitas Brutas Realizadas;RO1.0.0.0.00.0.0;1.0.0.0.00.0.0 - Receitas Correntes;39783605,54;13793
2019;Prefeitura Municipal de Demerval Lobão - PI;2203305;PI;DCA-Anexo I-C;Padrão;Deduções - FUNDEB;RO1.0.0.0.00.0.0;1.0.0.0.00.0.0 - Receitas Correntes;3321001,43;13793
2019;Prefeitura Municipal de Demerval Lobão - PI;2203305;PI;DCA-Anexo I-C;Padrão;Receitas Brutas Realizadas;RO1.1.0.0.00.0.0;1.1.0.0.00.0.0 - Impostos, Taxas e Contribuições de Melhoria;1476154,61;13793
2019;Prefeitura Municipal de Demerval Lobão - PI;2203305;PI;DCA-Anexo I-C;Padrão;Receitas Brutas Realizadas;RO1.1.1.0.00.0.0;1.1.1.0.00.0.0 - Impostos;1429493,44;13793
2019;Prefeitura Municipal de Demerval Lobão - PI;2203305;PI;DCA-Anexo I-C;Padrão;Receitas Brutas Realizadas;RO1.1.1.3.00.0.0;1.1.1.3.00.0.0 - Impostos sobre a Renda e Proventos de Qualquer Natureza;620618,43;13793
2019;Prefeitura Municipal de Demerval Lobão - PI;2203305;PI;DCA-Anexo I-C;Padrão;Receitas Brutas Realizadas;RO1.1.1.3.03.0.0;1.1.1.3.03.0.0 - Imposto sobre a Renda - Retido na Fonte;620618,43;13793
2019;Prefeitura Municipal de Demerval Lobão - PI;2203305;PI;DCA-Anexo I-C;Padrão;Receitas Brutas Realizadas;RO1.1.1.3.03.1.0;1.1.1.3.03.1.0 - Imposto sobre a Renda - Retido na Fonte - Trabalho;620618,43;13793
2019;Prefeitura Municipal de Demerval Lobão - PI;2203305;PI;DCA-Anexo I-C;Padrão;Receitas Brutas Realizadas;RO1.1.1.8.00.0.0;1.1.1.8.00.0.0 Impostos Específicos de Estados, DF e Municípios;808875,01;13793
2019;Prefeitura Municipal de Demerval Lobão - PI;2203305;PI;DCA-Anexo I-C;Padrão;Receitas Brutas Realizadas;RO1.1.1.8.01.0.0;1.1.1.8.01.0.0 Impostos sobre o Patrimônio para Estados/DF/Municípios;335580,78;13793
2019;Prefeitura Municipal de Demerval Lobão - PI;2203305;PI;DCA-Anexo I-C;Padrão;Receitas Brutas Realizadas;RO1.1.1.8.01.1.0;1.1.1.8.01.1.0 Imposto sobre a Propriedade Predial e Territorial Urbana;158898,40;13793
2019;Prefeitura Municipal de Demerval Lobão - PI;2203305;PI;DCA-Anexo I-C;Padrão;Receitas Brutas Realizadas;RO1.1.1.8.01.4.0;1.1.1.8.01.4.0 Imposto sobre Transmissão ¿Inter Vivos¿ de Bens Imóveis e de Direitos Reais sobre Imóveis;176682,38;13793
2019;Prefeitura Municipal de Demerval Lobão - PI;2203305;PI;DCA-Anexo I-C;Padrão;Receitas Brutas Realizadas;RO1.1.1.8.02.0.0;1.1.1.8.02.0.0 Impostos sobre a Produção, Circulação de Mercadorias e Serviços;473294,23;13793
2019;Prefeitura Municipal de Demerval Lobão - PI;2203305;PI;DCA-Anexo I-C;Padrão;Receitas Brutas Realizadas;RO1.1.1.8.02.3.0;1.1.1.8.02.3.0 Imposto sobre Serviços de Qualquer Natureza;473294,23;13793
2019;Prefeitura Municipal de Demerval Lobão - PI;2203305;PI;DCA-Anexo I-C;Padrão;Receitas Brutas Realizadas;RO1.1.2.0.00.0.0;1.1.2.0.00.0.0 - Taxas;46178,58;13793
2019;Prefeitura Municipal de Demerval Lobão - PI;2203305;PI;DCA-Anexo I-C;Padrão;Receitas Brutas Realizadas;RO1.1.2.1.00.0.0;1.1.2.1.00.0.0 - Taxas pelo Exercício do Poder de Polícia;29506,44;13793
2019;Prefeitura Municipal de Demerval Lobão - PI;2203305;PI;DCA-Anexo I-C;Padrão;Receitas Brutas Realizadas;RO1.1.2.1.01.0.0;1.1.2.1.01.0.0 - Taxas de Inspeção, Controle e Fiscalização;29506,44;13793
2019;Prefeitura Municipal de Demerval Lobão - PI;2203305;PI;DCA-Anexo I-C;Padrão;Receitas Brutas Realizadas;RO1.1.2.2.00.0.0;1.1.2.2.00.0.0 - Taxas pela Prestação de Serviços;16672,14;13793
2019;Prefeitura Municipal de Demerval Lobão - PI;2203305;PI;DCA-Anexo I-C;Padrão;Receitas Brutas Realizadas;RO1.1.2.2.01.0.0;1.1.2.2.01.0.0 - Taxas pela Prestação de Serviços;16672,14;13793
2019;Prefeitura Municipal de Demerval Lobão - PI;2203305;PI;DCA-Anexo I-C;Padrão;Receitas Brutas Realizadas;RO1.1.3.0.00.0.0;1.1.3.0.00.0.0 - Contribuição de Melhoria;482,59;13793
2019;Prefeitura Municipal de Demerval Lobão - PI;2203305;PI;DCA-Anexo I-C;Padrão;Receitas Brutas Realizadas;RO1.1.3.8.00.0.0;1.1.3.8.00.0.0 - Contribuição de Melhoria - Específica de Estados, DF e Municípios;482,59;13793
2019;Prefeitura Municipal de Demerval Lobão - PI;2203305;PI;DCA-Anexo I-C;Padrão;Receitas Brutas Realizadas;RO1.1.3.8.99.0.0;1.1.3.8.99.0.0 - Outras Contribuições de Melhoria;482,59;13793
2019;Prefeitura Municipal de Demerval Lobão - PI;2203305;PI;DCA-Anexo I-C;Padrão;Receitas Brutas Realizadas;RO1.2.0.0.00.0.0;1.2.0.0.00.0.0 - Contribuições;1091177,92;13793
2019;Prefeitura Municipal de Demerval Lobão - PI;2203305;PI;DCA-Anexo I-C;Padrão;Receitas Brutas Realizadas;RO1.2.1.0.00.0.0;1.2.1.0.00.0.0 - Contribuições Sociais;908505,44;13793
2019;Prefeitura Municipal de Demerval Lobão - PI;2203305;PI;DCA-Anexo I-C;Padrão;Receitas Brutas Realizadas;RO1.2.1.8.00.0.0;1.2.1.8.00.0.0 Contribuições Sociais Específicas de Estados, DF e Municípios;908505,44;13793
2019;Prefeitura Municipal de Demerval Lobão - PI;2203305;PI;DCA-Anexo I-C;Padrão;Receitas Brutas Realizadas;RO1.2.1.8.01.0.0;1.2.1.8.01.0.0 - Contribuição do Servidor Civil para o Plano de Seguridade Social - CPSSS - Específico de EST/DF/MUN;908505,44;13793
2019;Prefeitura Municipal de Demerval Lobão - PI;2203305;PI;DCA-Anexo I-C;Padrão;Receitas Brutas Realizadas;RO1.2.1.8.01.1.0;1.2.1.8.01.1.0 - CPSSS do Servidor Civil Ativo;908505,44;13793
2019;Prefeitura Municipal de Demerval Lobão - PI;2203305;PI;DCA-Anexo I-C;Padrão;Receitas Brutas Realizadas;RO1.2.4.0.00.0.0;1.2.4.0.00.0.0 - Contribuição para o Custeio do Serviço de Iluminação Pública;182672,48;13793
2019;Prefeitura Municipal de Demerval Lobão - PI;2203305;PI;DCA-Anexo I-C;Padrão;Receitas Brutas Realizadas;RO1.3.0.0.00.0.0;1.3.0.0.00.0.0 - Receita Patrimonial;400361,19;13793
2019;Prefeitura Municipal de Demerval Lobão - PI;2203305;PI;DCA-Anexo I-C;Padrão;Receitas Brutas Realizadas;RO1.3.2.0.00.0.0;1.3.2.0.00.0.0 - Valores Mobiliários;400361,19;13793
2019;Prefeitura Municipal de Demerval Lobão - PI;2203305;PI;DCA-Anexo I-C;Padrão;Receitas Brutas Realizadas;RO1.3.2.1.00.0.0;1.3.2.1.00.0.0 - Juros e Correções Monetárias;400361,19;13793
2019;Prefeitura Municipal de Demerval Lobão - PI;2203305;PI;DCA-Anexo I-C;Padrão;Receitas Brutas Realizadas;RO1.3.2.1.00.1.0;1.3.2.1.00.1.0 - Remuneração de Depósitos Bancários;79904,45;13793
2019;Prefeitura Municipal de Demerval Lobão - PI;2203305;PI;DCA-Anexo I-C;Padrão;Receitas Brutas Realizadas;RO1.3.2.1.00.4.0;1.3.2.1.00.4.0 - Remuneração dos Recursos do Regime Próprio de Previdência Social - RPPS;320456,74;13793
2019;Prefeitura Municipal de Demerval Lobão - PI;2203305;PI;DCA-Anexo I-C;Padrão;Receitas Brutas Realizadas;RO1.7.0.0.00.0.0;1.7.0.0.00.0.0 - Transferências Correntes;36558598,93;13793
2019;Prefeitura Municipal de Demerval Lobão - PI;2203305;PI;DCA-Anexo I-C;Padrão;Deduções - FUNDEB;RO1.7.0.0.00.0.0;1.7.0.0.00.0.0 - Transferências Correntes;3321001,43;13793
2019;Prefeitura Municipal de Demerval Lobão - PI;2203305;PI;DCA-Anexo I-C;Padrão;Receitas Brutas Realizadas;RO1.7.1.0.00.0.0;1.7.1.0.00.0.0 - Transferências da União e de suas Entidades;22738581,92;13793
2019;Prefeitura Municipal de Demerval Lobão - PI;2203305;PI;DCA-Anexo I-C;Padrão;Deduções - FUNDEB;RO1.7.1.0.00.0.0;1.7.1.0.00.0.0 - Transferências da União e de suas Entidades;2419682,02;13793
2019;Prefeitura Municipal de Demerval Lobão - PI;2203305;PI;DCA-Anexo I-C;Padrão;Receitas Brutas Realizadas;RO1.7.1.8.00.0.0;1.7.1.8.00.0.0 Transferências da União - Específicas de Estados, DF e Municípios;22738581,92;13793
2019;Prefeitura Municipal de Demerval Lobão - PI;2203305;PI;DCA-Anexo I-C;Padrão;Deduções - FUNDEB;RO1.7.1.8.00.0.0;1.7.1.8.00.0.0 Transferências da União - Específicas de Estados, DF e Municípios;2419682,02;13793
2019;Prefeitura Municipal de Demerval Lobão - PI;2203305;PI;DCA-Anexo I-C;Padrão;Receitas Brutas Realizadas;RO1.7.1.8.01.0.0;1.7.1.8.01.0.0 Participação na Receita da União;13145812,64;13793
2019;Prefeitura Municipal de Demerval Lobão - PI;2203305;PI;DCA-Anexo I-C;Padrão;Deduções - FUNDEB;RO1.7.1.8.01.0.0;1.7.1.8.01.0.0 Participação na Receita da União;2419682,02;13793
2019;Prefeitura Municipal de Demerval Lobão - PI;2203305;PI;DCA-Anexo I-C;Padrão;Receitas Brutas Realizadas;RO1.7.1.8.01.2.0;1.7.1.8.01.2.0 Cota-Parte do Fundo de Participação dos Municípios - Cota Mensal;12090055,10;13793
2019;Prefeitura Municipal de Demerval Lobão - PI;2203305;PI;DCA-Anexo I-C;Padrão;Deduções - FUNDEB;RO1.7.1.8.01.2.0;1.7.1.8.01.2.0 Cota-Parte do Fundo de Participação dos Municípios - Cota Mensal;2418010,72;13793
2019;Prefeitura Municipal de Demerval Lobão - PI;2203305;PI;DCA-Anexo I-C;Padrão;Receitas Brutas Realizadas;RO1.7.1.8.01.3.0;1.7.1.8.01.3.0 Cota-Parte do Fundo de Participação do Municípios ¿ 1% Cota entregue no mês de dezembro;533556,49;13793
2019;Prefeitura Municipal de Demerval Lobão - PI;2203305;PI;DCA-Anexo I-C;Padrão;Receitas Brutas Realizadas;RO1.7.1.8.01.4.0;1.7.1.8.01.4.0 Cota-Parte do Fundo de Participação dos Municípios - 1% Cota entregue no mês de julho;513844,07;13793
2019;Prefeitura Municipal de Demerval Lobão - PI;2203305;PI;DCA-Anexo I-C;Padrão;Receitas Brutas Realizadas;RO1.7.1.8.01.5.0;1.7.1.8.01.5.0 Cota-Parte do Imposto Sobre a Propriedade Territorial Rural;8356,98;13793
2019;Prefeitura Municipal de Demerval Lobão - PI;2203305;PI;DCA-Anexo I-C;Padrão;Deduções - FUNDEB;RO1.7.1.8.01.5.0;1.7.1.8.01.5.0 Cota-Parte do Imposto Sobre a Propriedade Territorial Rural;1671,30;13793
2019;Prefeitura Municipal de Demerval Lobão - PI;2203305;PI;DCA-Anexo I-C;Padrão;Receitas Brutas Realizadas;RO1.7.1.8.02.0.0;1.7.1.8.02.0.0 Transferência da Compensação Financeira pela Exploração de Recursos Naturais;186753,47;13793
2019;Prefeitura Municipal de Demerval Lobão - PI;2203305;PI;DCA-Anexo I-C;Padrão;Receitas Brutas Realizadas;RO1.7.1.8.02.2.0;1.7.1.8.02.2.0 Cota-parte da Compensação Financeira de Recursos Minerais - CFEM;471,10;13793
2019;Prefeitura Municipal de Demerval Lobão - PI;2203305;PI;DCA-Anexo I-C;Padrão;Receitas Brutas Realizadas;RO1.7.1.8.02.6.0;1.7.1.8.02.6.0 Cota-Parte do Fundo Especial do Petróleo ¿ FEP;186282,37;13793
2019;Prefeitura Municipal de Demerval Lobão - PI;2203305;PI;DCA-Anexo I-C;Padrão;Receitas Brutas Realizadas;RO1.7.1.8.03.0.0;"1.7.1.8.03.0.0 Transferência de Recursos do Sistema Único de Saúde ¿ 
 SUS ¿ Bloco Custeio das Ações e Serviços Públicos de Saúde";4197625,43;13793
2019;Prefeitura Municipal de Demerval Lobão - PI;2203305;PI;DCA-Anexo I-C;Padrão;Receitas Brutas Realizadas;RO1.7.1.8.03.1.0;1.7.1.8.03.1.0 - Transferência de Recursos do SUS ¿ Atenção Básica;3676772,99;13793
2019;Prefeitura Municipal de Demerval Lobão - PI;2203305;PI;DCA-Anexo I-C;Padrão;Receitas Brutas Realizadas;RO1.7.1.8.03.2.0;1.7.1.8.03.2.0 - Transferência de Recursos do SUS ¿ Atenção de Média e Alta Complexidade Ambulatorial e Hospitalar;157500,00;13793
2019;Prefeitura Municipal de Demerval Lobão - PI;2203305;PI;DCA-Anexo I-C;Padrão;Receitas Brutas Realizadas;RO1.7.1.8.03.3.0;1.7.1.8.03.3.0 - Transferência de Recursos do SUS ¿ Vigilância em Saúde;176217,82;13793
2019;Prefeitura Municipal de Demerval Lobão - PI;2203305;PI;DCA-Anexo I-C;Padrão;Receitas Brutas Realizadas;RO1.7.1.8.03.4.0;1.7.1.8.03.4.0 - Transferência de Recursos do SUS ¿ Assistência Farmacêutica;76287,00;13793
2019;Prefeitura Municipal de Demerval Lobão - PI;2203305;PI;DCA-Anexo I-C;Padrão;Receitas Brutas Realizadas;RO1.7.1.8.03.9.0;1.7.1.8.03.9.0 - Transferência de Recursos do SUS ¿ Outros Programas Financiados por Transferências Fundo a Fundo;110847,62;13793
2019;Prefeitura Municipal de Demerval Lobão - PI;2203305;PI;DCA-Anexo I-C;Padrão;Receitas Brutas Realizadas;RO1.7.1.8.04.0.0;1.7.1.8.04.0.0 Transferências de Recursos do Sistema Único de Saúde ¿ SUS - Bloco Investimentos na Rede de Serviços Públicos de Saúde;250000,00;13793
2019;Prefeitura Municipal de Demerval Lobão - PI;2203305;PI;DCA-Anexo I-C;Padrão;Receitas Brutas Realizadas;RO1.7.1.8.04.1.0;1.7.1.8.04.1.0 - Transferências de Recursos do Sistema Único de Saúde ¿ SUS destinados à Atenção Básica;250000,00;13793
2019;Prefeitura Municipal de Demerval Lobão - PI;2203305;PI;DCA-Anexo I-C;Padrão;Receitas Brutas Realizadas;RO1.7.1.8.05.0.0;1.7.1.8.05.0.0 Transferências de Recursos do Fundo Nacional do Desenvolvimento da Educação ¿ FNDE;828802,74;13793
2019;Prefeitura Municipal de Demerval Lobão - PI;2203305;PI;DCA-Anexo I-C;Padrão;Receitas Brutas Realizadas;RO1.7.1.8.05.1.0;1.7.1.8.05.1.0 Transferências do Salário-Educação;224048,49;13793
2019;Prefeitura Municipal de Demerval Lobão - PI;2203305;PI;DCA-Anexo I-C;Padrão;Receitas Brutas Realizadas;RO1.7.1.8.05.3.0;1.7.1.8.05.3.0 Transferências Diretas do FNDE referentes ao Programa Nacional de Alimentação Escolar ¿ PNAE;516143,20;13793
2019;Prefeitura Municipal de Demerval Lobão - PI;2203305;PI;DCA-Anexo I-C;Padrão;Receitas Brutas Realizadas;RO1.7.1.8.05.4.0;1.7.1.8.05.4.0 Transferências Diretas do FNDE referentes ao Programa Nacional de Apoio ao Transporte do Escolar ¿ PNATE;41349,89;13793
2019;Prefeitura Municipal de Demerval Lobão - PI;2203305;PI;DCA-Anexo I-C;Padrão;Receitas Brutas Realizadas;RO1.7.1.8.05.9.0;1.7.1.8.05.9.0 Outras Transferências Diretas do Fundo Nacional do Desenvolvimento da Educação ¿ FNDE;47261,16;13793
2019;Prefeitura Municipal de Demerval Lobão - PI;2203305;PI;DCA-Anexo I-C;Padrão;Receitas Brutas Realizadas;RO1.7.1.8.09.0.0;1.7.1.8.09.0.0 - Transferências de Recursos de Complementação da União ao Fundo de Manutenção e Desenvolvimento da Educação Básica e de Valorização dos Profissionais da Educação ¿ FUNDEB;2919592,82;13793
2019;Prefeitura Municipal de Demerval Lobão - PI;2203305;PI;DCA-Anexo I-C;Padrão;Receitas Brutas Realizadas;RO1.7.1.8.12.0.0;1.7.1.8.12.0.0 - Transferências de Recursos do Fundo Nacional de Assistência Social ¿ FNAS;526209,31;13793
2019;Prefeitura Municipal de Demerval Lobão - PI;2203305;PI;DCA-Anexo I-C;Padrão;Receitas Brutas Realizadas;RO1.7.1.8.99.0.0;1.7.1.8.99.0.0 Outras Transferências da União;683785,51;13793
2019;Prefeitura Municipal de Demerval Lobão - PI;2203305;PI;DCA-Anexo I-C;Padrão;Receitas Brutas Realizadas;RO1.7.2.0.00.0.0;1.7.2.0.00.0.0 - Transferências dos Estados e do Distrito Federal e de suas Entidades;4843311,00;13793
2019;Prefeitura Municipal de Demerval Lobão - PI;2203305;PI;DCA-Anexo I-C;Padrão;Deduções - FUNDEB;RO1.7.2.0.00.0.0;1.7.2.0.00.0.0 - Transferências dos Estados e do Distrito Federal e de suas Entidades;901319,41;13793
2019;Prefeitura Municipal de Demerval Lobão - PI;2203305;PI;DCA-Anexo I-C;Padrão;Receitas Brutas Realizadas;RO1.7.2.8.00.0.0;1.7.2.8.00.0.0 Transferências dos Estados - Específicas de Estados, DF e Municípios;4843311,00;13793
2019;Prefeitura Municipal de Demerval Lobão - PI;2203305;PI;DCA-Anexo I-C;Padrão;Deduções - FUNDEB;RO1.7.2.8.00.0.0;1.7.2.8.00.0.0 Transferências dos Estados - Específicas de Estados, DF e Municípios;901319,41;13793
2019;Prefeitura Municipal de Demerval Lobão - PI;2203305;PI;DCA-Anexo I-C;Padrão;Receitas Brutas Realizadas;RO1.7.2.8.01.0.0;1.7.2.8.01.0.0 Participação na Receita dos Estados;4554660,19;13793
2019;Prefeitura Municipal de Demerval Lobão - PI;2203305;PI;DCA-Anexo I-C;Padrão;Deduções - FUNDEB;RO1.7.2.8.01.0.0;1.7.2.8.01.0.0 Participação na Receita dos Estados;901319,41;13793
2019;Prefeitura Municipal de Demerval Lobão - PI;2203305;PI;DCA-Anexo I-C;Padrão;Receitas Brutas Realizadas;RO1.7.2.8.01.1.0;1.7.2.8.01.1.0 Cota-Parte do ICMS;4105734,48;13793
2019;Prefeitura Municipal de Demerval Lobão - PI;2203305;PI;DCA-Anexo I-C;Padrão;Deduções - FUNDEB;RO1.7.2.8.01.1.0;1.7.2.8.01.1.0 Cota-Parte do ICMS;821146,65;13793
2019;Prefeitura Municipal de Demerval Lobão - PI;2203305;PI;DCA-Anexo I-C;Padrão;Receitas Brutas Realizadas;RO1.7.2.8.01.2.0;1.7.2.8.01.2.0 Cota-Parte do IPVA;400478,95;13793
2019;Prefeitura Municipal de Demerval Lobão - PI;2203305;PI;DCA-Anexo I-C;Padrão;Deduções - FUNDEB;RO1.7.2.8.01.2.0;1.7.2.8.01.2.0 Cota-Parte do IPVA;80095,79;13793
2019;Prefeitura Municipal de Demerval Lobão - PI;2203305;PI;DCA-Anexo I-C;Padrão;Receitas Brutas Realizadas;RO1.7.2.8.01.3.0;1.7.2.8.01.3.0 Cota-Parte do IPI - Municípios;384,85;13793
2019;Prefeitura Municipal de Demerval Lobão - PI;2203305;PI;DCA-Anexo I-C;Padrão;Deduções - FUNDEB;RO1.7.2.8.01.3.0;1.7.2.8.01.3.0 Cota-Parte do IPI - Municípios;76,97;13793
2019;Prefeitura Municipal de Demerval Lobão - PI;2203305;PI;DCA-Anexo I-C;Padrão;Receitas Brutas Realizadas;RO1.7.2.8.01.4.0;1.7.2.8.01.4.0 Cota-Parte da Contribuição de Intervenção no Domínio Econômico;24061,91;13793
2019;Prefeitura Municipal de Demerval Lobão - PI;2203305;PI;DCA-Anexo I-C;Padrão;Receitas Brutas Realizadas;RO1.7.2.8.01.9.0;1.7.2.8.01.9.0 Outras Transferências dos Estados;24000,00;13793
2019;Prefeitura Municipal de Demerval Lobão - PI;2203305;PI;DCA-Anexo I-C;Padrão;Receitas Brutas Realizadas;RO1.7.2.8.03.0.0;1.7.2.8.03.0.0 Transferência de Recursos do Estado para Programas de Saúde ¿ Repasse Fundo a Fundo;121335,00;13793
2019;Prefeitura Municipal de Demerval Lobão - PI;2203305;PI;DCA-Anexo I-C;Padrão;Receitas Brutas Realizadas;RO1.7.2.8.10.0.0;1.7.2.8.10.0.0 Transferência de Convênios dos Estados e do Distrito Federal e de Suas Entidades;152243,84;13793
2019;Prefeitura Municipal de Demerval Lobão - PI;2203305;PI;DCA-Anexo I-C;Padrão;Receitas Brutas Realizadas;RO1.7.2.8.10.2.0;1.7.2.8.10.2.0 Transferências de Convênio dos Estados Destinadas a Programas de Educação;152243,84;13793
2019;Prefeitura Municipal de Demerval Lobão - PI;2203305;PI;DCA-Anexo I-C;Padrão;Receitas Brutas Realizadas;RO1.7.2.8.99.0.0;1.7.2.8.99.0.0 Outras Transferências dos Estados;15071,97;13793
2019;Prefeitura Municipal de Demerval Lobão - PI;2203305;PI;DCA-Anexo I-C;Padrão;Receitas Brutas Realizadas;RO1.7.5.0.00.0.0;1.7.5.0.00.0.0 - Transferências de Outras Instituições Públicas;8976706,01;13793
2019;Prefeitura Municipal de Demerval Lobão - PI;2203305;PI;DCA-Anexo I-C;Padrão;Receitas Brutas Realizadas;RO1.7.5.8.00.0.0;1.7.5.8.00.0.0 Transferências de Outras Instituições Públicas - Específicas de Estados, DF e Municípios;8976706,01;13793
2019;Prefeitura Municipal de Demerval Lobão - PI;2203305;PI;DCA-Anexo I-C;Padrão;Receitas Brutas Realizadas;RO1.7.5.8.01.0.0;1.7.5.8.01.0.0 Transferências de Recursos do Fundo de Manutenção e Desenvolvimento da Educação Básica e de Valorização dos Profissionais da Educação ¿ FUNDEB;8976706,01;13793
2019;Prefeitura Municipal de Demerval Lobão - PI;2203305;PI;DCA-Anexo I-C;Padrão;Receitas Brutas Realizadas;RO1.9.0.0.00.0.0;1.9.0.0.00.0.0 - Outras Receitas Correntes;257312,89;13793
2019;Prefeitura Municipal de Demerval Lobão - PI;2203305;PI;DCA-Anexo I-C;Padrão;Receitas Brutas Realizadas;RO1.9.9.0.00.0.0;1.9.9.0.00.0.0 - Demais Receitas Correntes;257312,89;13793
2019;Prefeitura Municipal de Demerval Lobão - PI;2203305;PI;DCA-Anexo I-C;Padrão;Receitas Brutas Realizadas;RO1.9.9.0.03.0.0;1.9.9.0.03.0.0 - Compensações Financeiras entre o Regime Geral e os Regimes Próprios de Previdência dos Servidores;244762,23;13793
2019;Prefeitura Municipal de Demerval Lobão - PI;2203305;PI;DCA-Anexo I-C;Padrão;Receitas Brutas Realizadas;RO1.9.9.0.99.0.0;1.9.9.0.99.0.0 - Outras Receitas;12550,66;13793
2019;Prefeitura Municipal de Demerval Lobão - PI;2203305;PI;DCA-Anexo I-C;Padrão;Receitas Brutas Realizadas;RO1.9.9.0.99.1.0;1.9.9.0.99.1.0 - Outras Receitas - Primárias;12550,66;13793
2019;Prefeitura Municipal de Demerval Lobão - PI;2203305;PI;DCA-Anexo I-C;Padrão;Receitas Brutas Realizadas;RO2.0.0.0.00.0.0;2.0.0.0.00.0.0 - Receitas de Capital;671275,65;13793
2019;Prefeitura Municipal de Demerval Lobão - PI;2203305;PI;DCA-Anexo I-C;Padrão;Receitas Brutas Realizadas;RO2.4.0.0.00.0.0;2.4.0.0.00.0.0 - Transferências de Capital;671275,65;13793
2019;Prefeitura Municipal de Demerval Lobão - PI;2203305;PI;DCA-Anexo I-C;Padrão;Receitas Brutas Realizadas;RO2.4.1.0.00.0.0;2.4.1.0.00.0.0 - Transferências da União e de suas Entidades;671275,65;13793
2019;Prefeitura Municipal de Demerval Lobão - PI;2203305;PI;DCA-Anexo I-C;Padrão;Receitas Brutas Realizadas;RO2.4.1.8.00.0.0;2.4.1.8.00.0.0 Transferências da União - Específicas de Estados, DF e Municípios;671275,65;13793
2019;Prefeitura Municipal de Demerval Lobão - PI;2203305;PI;DCA-Anexo I-C;Padrão;Receitas Brutas Realizadas;RO2.4.1.8.04.0.0;2.4.1.8.04.0.0 - Transferências de Recursos do Sistema Único de Saúde ¿ SUS - Bloco Investimentos na Rede de Serviços Públicos de Saúde;17740,00;13793
2019;Prefeitura Municipal de Demerval Lobão - PI;2203305;PI;DCA-Anexo I-C;Padrão;Receitas Brutas Realizadas;RO2.4.1.8.04.1.0;2.4.1.8.04.1.0 - Transferências de Recursos do Sistema Único de Saúde ¿ SUS destinados à Atenção Básica;17740,00;13793
2019;Prefeitura Municipal de Demerval Lobão - PI;2203305;PI;DCA-Anexo I-C;Padrão;Receitas Brutas Realizadas;RO2.4.1.8.05.0.0;2.4.1.8.05.0.0 Transferências de Recursos Destinados a Programas de Educação;653504,15;13793
2019;Prefeitura Municipal de Demerval Lobão - PI;2203305;PI;DCA-Anexo I-C;Padrão;Receitas Brutas Realizadas;RO2.4.1.8.10.0.0;2.4.1.8.10.0.0 Transferência de Convênios da União e de suas Entidades;31,50;13793
2019;Prefeitura Municipal de Demerval Lobão - PI;2203305;PI;DCA-Anexo I-C;Padrão;Receitas Brutas Realizadas;RO2.4.1.8.10.6.0;2.4.1.8.10.6.0 - Transferências de Convênios da União destinadas a Programas de Meio Ambiente;31,50;13793
2019;Prefeitura Municipal de Demerval Lobão - PI;2203305;PI;DCA-Anexo I-C;Padrão;Receitas Brutas Realizadas;ReceitasIntraOrcamentarias;RECEITAS (INTRA-ORÇAMENTÁRIAS) (II);1451140,58;13793
2019;Prefeitura Municipal de Demerval Lobão - PI;2203305;PI;DCA-Anexo I-C;Padrão;Receitas Brutas Realizadas;RO7.0.0.0.00.0.0;7.0.0.0.00.0.0 - Receitas Correntes;1451140,58;13793
2019;Prefeitura Municipal de Demerval Lobão - PI;2203305;PI;DCA-Anexo I-C;Padrão;Receitas Brutas Realizadas;RO7.2.0.0.00.0.0;7.2.0.0.00.0.0 - Contribuições;1451140,58;13793
2019;Prefeitura Municipal de Demerval Lobão - PI;2203305;PI;DCA-Anexo I-C;Padrão;Receitas Brutas Realizadas;RO7.2.1.0.00.0.0;7.2.1.0.00.0.0 - Contribuições Sociais;1451140,58;13793
2019;Prefeitura Municipal de Demerval Lobão - PI;2203305;PI;DCA-Anexo I-C;Padrão;Receitas Brutas Realizadas;RO7.2.1.8.00.0.0;"7.2.1.8.00.0.0 Contribuições Sociais Específicas de Estados, DF e 
 Municípios";1451140,58;13793
2019;Prefeitura Municipal de Demerval Lobão - PI;2203305;PI;DCA-Anexo I-C;Padrão;Receitas Brutas Realizadas;RO7.2.1.8.03.0.0;7.2.1.8.03.0.0 - CPSSS Patronal - Servidor Civil - Específico de EST/DF/MUN;1451140,58;13793
2019;Prefeitura Municipal de Demerval Lobão - PI;2203305;PI;DCA-Anexo I-C;Padrão;Receitas Brutas Realizadas;RO7.2.1.8.03.1.0;7.2.1.8.03.1.0 - CPSSS Patronal - Servidor Civil Ativo;1451140,58;13793
2019;Prefeitura Municipal de Demerval Lobão - PI;2203305;PI;DCA-Anexo I-C;Padrão;Receitas Brutas Realizadas;TotalReceitas;TOTAL DAS RECEITAS (III) = (I + II);41906021,77;13793
2019;Prefeitura Municipal de Demerval Lobão - PI;2203305;PI;DCA-Anexo I-C;Padrão;Deduções - FUNDEB;TotalReceitas;TOTAL DAS RECEITAS (III) = (I + II);3321001,43;13793
2020;Prefeitura Municipal de Demerval Lobão - PI;2203305;PI;DCA-Anexo I-C;Padrão;Receitas Brutas Realizadas;ReceitasExcetoIntraOrcamentarias;RECEITAS (EXCETO INTRA-ORÇAMENTÁRIAS) (I);47646433,61;13817
2020;Prefeitura Municipal de Demerval Lobão - PI;2203305;PI;DCA-Anexo I-C;Padrão;Deduções - FUNDEB;ReceitasExcetoIntraOrcamentarias;RECEITAS (EXCETO INTRA-ORÇAMENTÁRIAS) (I);3172306,48;13817
2020;Prefeitura Municipal de Demerval Lobão - PI;2203305;PI;DCA-Anexo I-C;Padrão;Receitas Brutas Realizadas;RO1.0.0.0.00.0.0;1.0.0.0.00.0.0 - Receitas Correntes;47186502,34;13817
2020;Prefeitura Municipal de Demerval Lobão - PI;2203305;PI;DCA-Anexo I-C;Padrão;Deduções - FUNDEB;RO1.0.0.0.00.0.0;1.0.0.0.00.0.0 - Receitas Correntes;3172306,48;13817
2020;Prefeitura Municipal de Demerval Lobão - PI;2203305;PI;DCA-Anexo I-C;Padrão;Receitas Brutas Realizadas;RO1.1.0.0.00.0.0;1.1.0.0.00.0.0 - Impostos, Taxas e Contribuições de Melhoria;1723176,76;13817
2020;Prefeitura Municipal de Demerval Lobão - PI;2203305;PI;DCA-Anexo I-C;Padrão;Receitas Brutas Realizadas;RO1.1.1.0.00.0.0;1.1.1.0.00.0.0 - Impostos;1615721,68;13817
2020;Prefeitura Municipal de Demerval Lobão - PI;2203305;PI;DCA-Anexo I-C;Padrão;Receitas Brutas Realizadas;RO1.1.1.3.00.0.0;1.1.1.3.00.0.0 - Impostos sobre a Renda e Proventos de Qualquer Natureza;838915,23;13817
2020;Prefeitura Municipal de Demerval Lobão - PI;2203305;PI;DCA-Anexo I-C;Padrão;Receitas Brutas Realizadas;RO1.1.1.3.03.0.0;1.1.1.3.03.0.0 - Imposto sobre a Renda - Retido na Fonte;838915,23;13817
2020;Prefeitura Municipal de Demerval Lobão - PI;2203305;PI;DCA-Anexo I-C;Padrão;Receitas Brutas Realizadas;RO1.1.1.3.03.1.0;1.1.1.3.03.1.0 - Imposto sobre a Renda - Retido na Fonte - Trabalho;671034,84;13817
2020;Prefeitura Municipal de Demerval Lobão - PI;2203305;PI;DCA-Anexo I-C;Padrão;Receitas Brutas Realizadas;RO1.1.1.3.03.4.0;1.1.1.3.03.4.0 - Imposto sobre a Renda - Retido na Fonte - Outros Rendimentos;167880,39;13817
2020;Prefeitura Municipal de Demerval Lobão - PI;2203305;PI;DCA-Anexo I-C;Padrão;Receitas Brutas Realizadas;RO1.1.1.8.00.0.0;1.1.1.8.00.0.0 Impostos Específicos de Estados, DF e Municípios;776806,45;13817
2020;Prefeitura Municipal de Demerval Lobão - PI;2203305;PI;DCA-Anexo I-C;Padrão;Receitas Brutas Realizadas;RO1.1.1.8.01.0.0;1.1.1.8.01.0.0 Impostos sobre o Patrimônio para Estados/DF/Municípios;192332,83;13817
2020;Prefeitura Municipal de Demerval Lobão - PI;2203305;PI;DCA-Anexo I-C;Padrão;Receitas Brutas Realizadas;RO1.1.1.8.01.1.0;1.1.1.8.01.1.0 Imposto sobre a Propriedade Predial e Territorial Urbana;77985,33;13817
2020;Prefeitura Municipal de Demerval Lobão - PI;2203305;PI;DCA-Anexo I-C;Padrão;Receitas Brutas Realizadas;RO1.1.1.8.01.4.0;1.1.1.8.01.4.0 Imposto sobre Transmissão ¿Inter Vivos¿ de Bens Imóveis e de Direitos Reais sobre Imóveis;114347,50;13817
2020;Prefeitura Municipal de Demerval Lobão - PI;2203305;PI;DCA-Anexo I-C;Padrão;Receitas Brutas Realizadas;RO1.1.1.8.02.0.0;1.1.1.8.02.0.0 Impostos sobre a Produção, Circulação de Mercadorias e Serviços;584473,62;13817
2020;Prefeitura Municipal de Demerval Lobão - PI;2203305;PI;DCA-Anexo I-C;Padrão;Receitas Brutas Realizadas;RO1.1.1.8.02.3.0;1.1.1.8.02.3.0 Imposto sobre Serviços de Qualquer Natureza;584473,62;13817
2020;Prefeitura Municipal de Demerval Lobão - PI;2203305;PI;DCA-Anexo I-C;Padrão;Receitas Brutas Realizadas;RO1.1.2.0.00.0.0;1.1.2.0.00.0.0 - Taxas;107455,08;13817
2020;Prefeitura Municipal de Demerval Lobão - PI;2203305;PI;DCA-Anexo I-C;Padrão;Receitas Brutas Realizadas;RO1.1.2.1.00.0.0;1.1.2.1.00.0.0 - Taxas pelo Exercício do Poder de Polícia;76755,78;13817
2020;Prefeitura Municipal de Demerval Lobão - PI;2203305;PI;DCA-Anexo I-C;Padrão;Receitas Brutas Realizadas;RO1.1.2.1.01.0.0;1.1.2.1.01.0.0 - Taxas de Inspeção, Controle e Fiscalização;76755,78;13817
2020;Prefeitura Municipal de Demerval Lobão - PI;2203305;PI;DCA-Anexo I-C;Padrão;Receitas Brutas Realizadas;RO1.1.2.2.00.0.0;1.1.2.2.00.0.0 - Taxas pela Prestação de Serviços;30699,30;13817
2020;Prefeitura Municipal de Demerval Lobão - PI;2203305;PI;DCA-Anexo I-C;Padrão;Receitas Brutas Realizadas;RO1.1.2.2.01.0.0;1.1.2.2.01.0.0 - Taxas pela Prestação de Serviços;30699,30;13817
2020;Prefeitura Municipal de Demerval Lobão - PI;2203305;PI;DCA-Anexo I-C;Padrão;Receitas Brutas Realizadas;RO1.2.0.0.00.0.0;1.2.0.0.00.0.0 - Contribuições;1772365,82;13817
2020;Prefeitura Municipal de Demerval Lobão - PI;2203305;PI;DCA-Anexo I-C;Padrão;Receitas Brutas Realizadas;RO1.2.1.0.00.0.0;1.2.1.0.00.0.0 - Contribuições Sociais;1240318,94;13817
2020;Prefeitura Municipal de Demerval Lobão - PI;2203305;PI;DCA-Anexo I-C;Padrão;Receitas Brutas Realizadas;RO1.2.1.8.00.0.0;1.2.1.8.00.0.0 Contribuições Sociais Específicas de Estados, DF e Municípios;1240318,94;13817
2020;Prefeitura Municipal de Demerval Lobão - PI;2203305;PI;DCA-Anexo I-C;Padrão;Receitas Brutas Realizadas;RO1.2.1.8.01.0.0;1.2.1.8.01.0.0 - Contribuição do Servidor Civil para o Plano de Seguridade Social - CPSSS - Específico de EST/DF/MUN;1240318,94;13817
2020;Prefeitura Municipal de Demerval Lobão - PI;2203305;PI;DCA-Anexo I-C;Padrão;Receitas Brutas Realizadas;RO1.2.1.8.01.1.0;1.2.1.8.01.1.0 - CPSSS do Servidor Civil Ativo;1240318,94;13817
2020;Prefeitura Municipal de Demerval Lobão - PI;2203305;PI;DCA-Anexo I-C;Padrão;Receitas Brutas Realizadas;RO1.2.4.0.00.0.0;1.2.4.0.00.0.0 - Contribuição para o Custeio do Serviço de Iluminação Pública;532046,88;13817
2020;Prefeitura Municipal de Demerval Lobão - PI;2203305;PI;DCA-Anexo I-C;Padrão;Receitas Brutas Realizadas;RO1.3.0.0.00.0.0;1.3.0.0.00.0.0 - Receita Patrimonial;80881,86;13817
2020;Prefeitura Municipal de Demerval Lobão - PI;2203305;PI;DCA-Anexo I-C;Padrão;Receitas Brutas Realizadas;RO1.3.2.0.00.0.0;1.3.2.0.00.0.0 - Valores Mobiliários;80881,86;13817
2020;Prefeitura Municipal de Demerval Lobão - PI;2203305;PI;DCA-Anexo I-C;Padrão;Receitas Brutas Realizadas;RO1.3.2.1.00.0.0;1.3.2.1.00.0.0 - Juros e Correções Monetárias;80881,86;13817
2020;Prefeitura Municipal de Demerval Lobão - PI;2203305;PI;DCA-Anexo I-C;Padrão;Receitas Brutas Realizadas;RO1.3.2.1.00.1.0;1.3.2.1.00.1.0 - Remuneração de Depósitos Bancários;28439,43;13817
2020;Prefeitura Municipal de Demerval Lobão - PI;2203305;PI;DCA-Anexo I-C;Padrão;Receitas Brutas Realizadas;RO1.3.2.1.00.4.0;1.3.2.1.00.4.0 - Remuneração dos Recursos do Regime Próprio de Previdência Social - RPPS;52442,43;13817
2020;Prefeitura Municipal de Demerval Lobão - PI;2203305;PI;DCA-Anexo I-C;Padrão;Receitas Brutas Realizadas;RO1.7.0.0.00.0.0;1.7.0.0.00.0.0 - Transferências Correntes;43024466,80;13817
2020;Prefeitura Municipal de Demerval Lobão - PI;2203305;PI;DCA-Anexo I-C;Padrão;Deduções - FUNDEB;RO1.7.0.0.00.0.0;1.7.0.0.00.0.0 - Transferências Correntes;3172306,48;13817
2020;Prefeitura Municipal de Demerval Lobão - PI;2203305;PI;DCA-Anexo I-C;Padrão;Receitas Brutas Realizadas;RO1.7.1.0.00.0.0;1.7.1.0.00.0.0 - Transferências da União e de suas Entidades;28419198,40;13817
2020;Prefeitura Municipal de Demerval Lobão - PI;2203305;PI;DCA-Anexo I-C;Padrão;Deduções - FUNDEB;RO1.7.1.0.00.0.0;1.7.1.0.00.0.0 - Transferências da União e de suas Entidades;2309891,47;13817
2020;Prefeitura Municipal de Demerval Lobão - PI;2203305;PI;DCA-Anexo I-C;Padrão;Receitas Brutas Realizadas;RO1.7.1.8.00.0.0;1.7.1.8.00.0.0 Transferências da União - Específicas de Estados, DF e Municípios;28419198,40;13817
2020;Prefeitura Municipal de Demerval Lobão - PI;2203305;PI;DCA-Anexo I-C;Padrão;Deduções - FUNDEB;RO1.7.1.8.00.0.0;1.7.1.8.00.0.0 Transferências da União - Específicas de Estados, DF e Municípios;2309891,47;13817
2020;Prefeitura Municipal de Demerval Lobão - PI;2203305;PI;DCA-Anexo I-C;Padrão;Receitas Brutas Realizadas;RO1.7.1.8.01.0.0;1.7.1.8.01.0.0 Participação na Receita da União;12589436,71;13817
2020;Prefeitura Municipal de Demerval Lobão - PI;2203305;PI;DCA-Anexo I-C;Padrão;Deduções - FUNDEB;RO1.7.1.8.01.0.0;1.7.1.8.01.0.0 Participação na Receita da União;2309891,47;13817
2020;Prefeitura Municipal de Demerval Lobão - PI;2203305;PI;DCA-Anexo I-C;Padrão;Receitas Brutas Realizadas;RO1.7.1.8.01.2.0;1.7.1.8.01.2.0 Cota-Parte do Fundo de Participação dos Municípios - Cota Mensal;11542903,60;13817
2020;Prefeitura Municipal de Demerval Lobão - PI;2203305;PI;DCA-Anexo I-C;Padrão;Deduções - FUNDEB;RO1.7.1.8.01.2.0;1.7.1.8.01.2.0 Cota-Parte do Fundo de Participação dos Municípios - Cota Mensal;2308580,41;13817
2020;Prefeitura Municipal de Demerval Lobão - PI;2203305;PI;DCA-Anexo I-C;Padrão;Receitas Brutas Realizadas;RO1.7.1.8.01.3.0;1.7.1.8.01.3.0 Cota-Parte do Fundo de Participação do Municípios ¿ 1% Cota entregue no mês de dezembro;519434,92;13817
2020;Prefeitura Municipal de Demerval Lobão - PI;2203305;PI;DCA-Anexo I-C;Padrão;Receitas Brutas Realizadas;RO1.7.1.8.01.4.0;1.7.1.8.01.4.0 Cota-Parte do Fundo de Participação dos Municípios - 1% Cota entregue no mês de julho;520542,37;13817
2020;Prefeitura Municipal de Demerval Lobão - PI;2203305;PI;DCA-Anexo I-C;Padrão;Receitas Brutas Realizadas;RO1.7.1.8.01.5.0;1.7.1.8.01.5.0 Cota-Parte do Imposto Sobre a Propriedade Territorial Rural;6555,82;13817
2020;Prefeitura Municipal de Demerval Lobão - PI;2203305;PI;DCA-Anexo I-C;Padrão;Deduções - FUNDEB;RO1.7.1.8.01.5.0;1.7.1.8.01.5.0 Cota-Parte do Imposto Sobre a Propriedade Territorial Rural;1311,06;13817
2020;Prefeitura Municipal de Demerval Lobão - PI;2203305;PI;DCA-Anexo I-C;Padrão;Receitas Brutas Realizadas;RO1.7.1.8.02.0.0;1.7.1.8.02.0.0 Transferência da Compensação Financeira pela Exploração de Recursos Naturais;259662,74;13817
2020;Prefeitura Municipal de Demerval Lobão - PI;2203305;PI;DCA-Anexo I-C;Padrão;Receitas Brutas Realizadas;RO1.7.1.8.02.2.0;1.7.1.8.02.2.0 Cota-parte da Compensação Financeira de Recursos Minerais - CFEM;73950,08;13817
2020;Prefeitura Municipal de Demerval Lobão - PI;2203305;PI;DCA-Anexo I-C;Padrão;Receitas Brutas Realizadas;RO1.7.1.8.02.6.0;1.7.1.8.02.6.0 Cota-Parte do Fundo Especial do Petróleo ¿ FEP;185712,66;13817
2020;Prefeitura Municipal de Demerval Lobão - PI;2203305;PI;DCA-Anexo I-C;Padrão;Receitas Brutas Realizadas;RO1.7.1.8.03.0.0;"1.7.1.8.03.0.0 Transferência de Recursos do Sistema Único de Saúde ¿ 
 SUS ¿ Bloco Custeio das Ações e Serviços Públicos de Saúde";7619921,29;13817
2020;Prefeitura Municipal de Demerval Lobão - PI;2203305;PI;DCA-Anexo I-C;Padrão;Receitas Brutas Realizadas;RO1.7.1.8.03.1.0;1.7.1.8.03.1.0 - Transferência de Recursos do SUS ¿ Atenção Básica;4616244,74;13817
2020;Prefeitura Municipal de Demerval Lobão - PI;2203305;PI;DCA-Anexo I-C;Padrão;Receitas Brutas Realizadas;RO1.7.1.8.03.2.0;1.7.1.8.03.2.0 - Transferência de Recursos do SUS ¿ Atenção de Média e Alta Complexidade Ambulatorial e Hospitalar;131250,00;13817
2020;Prefeitura Municipal de Demerval Lobão - PI;2203305;PI;DCA-Anexo I-C;Padrão;Receitas Brutas Realizadas;RO1.7.1.8.03.3.0;1.7.1.8.03.3.0 - Transferência de Recursos do SUS ¿ Vigilância em Saúde;199232,91;13817
2020;Prefeitura Municipal de Demerval Lobão - PI;2203305;PI;DCA-Anexo I-C;Padrão;Receitas Brutas Realizadas;RO1.7.1.8.03.4.0;1.7.1.8.03.4.0 - Transferência de Recursos do SUS ¿ Assistência Farmacêutica;82211,16;13817
2020;Prefeitura Municipal de Demerval Lobão - PI;2203305;PI;DCA-Anexo I-C;Padrão;Receitas Brutas Realizadas;RO1.7.1.8.03.9.0;1.7.1.8.03.9.0 - Transferência de Recursos do SUS ¿ Outros Programas Financiados por Transferências Fundo a Fundo;2590982,48;13817
2020;Prefeitura Municipal de Demerval Lobão - PI;2203305;PI;DCA-Anexo I-C;Padrão;Receitas Brutas Realizadas;RO1.7.1.8.04.0.0;1.7.1.8.04.0.0 Transferências de Recursos do Sistema Único de Saúde ¿ SUS - Bloco Investimentos na Rede de Serviços Públicos de Saúde;154068,59;13817
2020;Prefeitura Municipal de Demerval Lobão - PI;2203305;PI;DCA-Anexo I-C;Padrão;Receitas Brutas Realizadas;RO1.7.1.8.04.3.0;1.7.1.8.04.3.0 - Transferências de Recursos do Sistema Único de Saúde ¿ SUS destinados à Vigilância em Saúde;4743,59;13817
2020;Prefeitura Municipal de Demerval Lobão - PI;2203305;PI;DCA-Anexo I-C;Padrão;Receitas Brutas Realizadas;RO1.7.1.8.04.6.0;1.7.1.8.04.6.0 - Outras Transferências de Recursos do Sistema Único de Saúde ¿ SUS, não detalhadas anteriormente;149325,00;13817
2020;Prefeitura Municipal de Demerval Lobão - PI;2203305;PI;DCA-Anexo I-C;Padrão;Receitas Brutas Realizadas;RO1.7.1.8.05.0.0;1.7.1.8.05.0.0 Transferências de Recursos do Fundo Nacional do Desenvolvimento da Educação ¿ FNDE;776985,44;13817
2020;Prefeitura Municipal de Demerval Lobão - PI;2203305;PI;DCA-Anexo I-C;Padrão;Receitas Brutas Realizadas;RO1.7.1.8.05.1.0;1.7.1.8.05.1.0 Transferências do Salário-Educação;164974,04;13817
2020;Prefeitura Municipal de Demerval Lobão - PI;2203305;PI;DCA-Anexo I-C;Padrão;Receitas Brutas Realizadas;RO1.7.1.8.05.3.0;1.7.1.8.05.3.0 Transferências Diretas do FNDE referentes ao Programa Nacional de Alimentação Escolar ¿ PNAE;612011,40;13817
2020;Prefeitura Municipal de Demerval Lobão - PI;2203305;PI;DCA-Anexo I-C;Padrão;Receitas Brutas Realizadas;RO1.7.1.8.09.0.0;1.7.1.8.09.0.0 - Transferências de Recursos de Complementação da União ao Fundo de Manutenção e Desenvolvimento da Educação Básica e de Valorização dos Profissionais da Educação ¿ FUNDEB;3064859,51;13817
2020;Prefeitura Municipal de Demerval Lobão - PI;2203305;PI;DCA-Anexo I-C;Padrão;Receitas Brutas Realizadas;RO1.7.1.8.10.0.0;1.7.1.8.10.0.0 Transferências de Convênios da União e de Suas Entidades;561462,49;13817
2020;Prefeitura Municipal de Demerval Lobão - PI;2203305;PI;DCA-Anexo I-C;Padrão;Receitas Brutas Realizadas;RO1.7.1.8.10.9.0;1.7.1.8.10.9.0 Outras Transferências de Convênios da União;561462,49;13817
2020;Prefeitura Municipal de Demerval Lobão - PI;2203305;PI;DCA-Anexo I-C;Padrão;Receitas Brutas Realizadas;RO1.7.1.8.12.0.0;1.7.1.8.12.0.0 - Transferências de Recursos do Fundo Nacional de Assistência Social ¿ FNAS;622430,39;13817
2020;Prefeitura Municipal de Demerval Lobão - PI;2203305;PI;DCA-Anexo I-C;Padrão;Receitas Brutas Realizadas;RO1.7.1.8.99.0.0;1.7.1.8.99.0.0 Outras Transferências da União;2770371,24;13817
2020;Prefeitura Municipal de Demerval Lobão - PI;2203305;PI;DCA-Anexo I-C;Padrão;Receitas Brutas Realizadas;RO1.7.2.0.00.0.0;1.7.2.0.00.0.0 - Transferências dos Estados e do Distrito Federal e de suas Entidades;5222664,84;13817
2020;Prefeitura Municipal de Demerval Lobão - PI;2203305;PI;DCA-Anexo I-C;Padrão;Deduções - FUNDEB;RO1.7.2.0.00.0.0;1.7.2.0.00.0.0 - Transferências dos Estados e do Distrito Federal e de suas Entidades;862415,01;13817
2020;Prefeitura Municipal de Demerval Lobão - PI;2203305;PI;DCA-Anexo I-C;Padrão;Receitas Brutas Realizadas;RO1.7.2.8.00.0.0;1.7.2.8.00.0.0 Transferências dos Estados - Específicas de Estados, DF e Municípios;5222664,84;13817
2020;Prefeitura Municipal de Demerval Lobão - PI;2203305;PI;DCA-Anexo I-C;Padrão;Deduções - FUNDEB;RO1.7.2.8.00.0.0;1.7.2.8.00.0.0 Transferências dos Estados - Específicas de Estados, DF e Municípios;862415,01;13817
2020;Prefeitura Municipal de Demerval Lobão - PI;2203305;PI;DCA-Anexo I-C;Padrão;Receitas Brutas Realizadas;RO1.7.2.8.01.0.0;1.7.2.8.01.0.0 Participação na Receita dos Estados;4682573,06;13817
2020;Prefeitura Municipal de Demerval Lobão - PI;2203305;PI;DCA-Anexo I-C;Padrão;Deduções - FUNDEB;RO1.7.2.8.01.0.0;1.7.2.8.01.0.0 Participação na Receita dos Estados;862415,01;13817
2020;Prefeitura Municipal de Demerval Lobão - PI;2203305;PI;DCA-Anexo I-C;Padrão;Receitas Brutas Realizadas;RO1.7.2.8.01.1.0;1.7.2.8.01.1.0 Cota-Parte do ICMS;4311209,81;13817
2020;Prefeitura Municipal de Demerval Lobão - PI;2203305;PI;DCA-Anexo I-C;Padrão;Deduções - FUNDEB;RO1.7.2.8.01.1.0;1.7.2.8.01.1.0 Cota-Parte do ICMS;862241,72;13817
2020;Prefeitura Municipal de Demerval Lobão - PI;2203305;PI;DCA-Anexo I-C;Padrão;Receitas Brutas Realizadas;RO1.7.2.8.01.2.0;1.7.2.8.01.2.0 Cota-Parte do IPVA;350350,85;13817
2020;Prefeitura Municipal de Demerval Lobão - PI;2203305;PI;DCA-Anexo I-C;Padrão;Receitas Brutas Realizadas;RO1.7.2.8.01.3.0;1.7.2.8.01.3.0 Cota-Parte do IPI - Municípios;1105,67;13817
2020;Prefeitura Municipal de Demerval Lobão - PI;2203305;PI;DCA-Anexo I-C;Padrão;Deduções - FUNDEB;RO1.7.2.8.01.3.0;1.7.2.8.01.3.0 Cota-Parte do IPI - Municípios;173,29;13817
2020;Prefeitura Municipal de Demerval Lobão - PI;2203305;PI;DCA-Anexo I-C;Padrão;Receitas Brutas Realizadas;RO1.7.2.8.01.4.0;1.7.2.8.01.4.0 Cota-Parte da Contribuição de Intervenção no Domínio Econômico;19906,73;13817
2020;Prefeitura Municipal de Demerval Lobão - PI;2203305;PI;DCA-Anexo I-C;Padrão;Receitas Brutas Realizadas;RO1.7.2.8.03.0.0;1.7.2.8.03.0.0 Transferência de Recursos do Estado para Programas de Saúde ¿ Repasse Fundo a Fundo;449402,33;13817
2020;Prefeitura Municipal de Demerval Lobão - PI;2203305;PI;DCA-Anexo I-C;Padrão;Receitas Brutas Realizadas;RO1.7.2.8.07.0.0;1.7.2.8.07.0.0 Transferências de Estados destinadas à Assistência Social;28000,00;13817
2020;Prefeitura Municipal de Demerval Lobão - PI;2203305;PI;DCA-Anexo I-C;Padrão;Receitas Brutas Realizadas;RO1.7.2.8.10.0.0;1.7.2.8.10.0.0 Transferência de Convênios dos Estados e do Distrito Federal e de Suas Entidades;62689,45;13817
2020;Prefeitura Municipal de Demerval Lobão - PI;2203305;PI;DCA-Anexo I-C;Padrão;Receitas Brutas Realizadas;RO1.7.2.8.10.2.0;1.7.2.8.10.2.0 Transferências de Convênio dos Estados Destinadas a Programas de Educação;62689,45;13817
2020;Prefeitura Municipal de Demerval Lobão - PI;2203305;PI;DCA-Anexo I-C;Padrão;Receitas Brutas Realizadas;RO1.7.5.0.00.0.0;1.7.5.0.00.0.0 - Transferências de Outras Instituições Públicas;9382603,56;13817
2020;Prefeitura Municipal de Demerval Lobão - PI;2203305;PI;DCA-Anexo I-C;Padrão;Receitas Brutas Realizadas;RO1.7.5.8.00.0.0;1.7.5.8.00.0.0 Transferências de Outras Instituições Públicas - Específicas de Estados, DF e Municípios;9382603,56;13817
2020;Prefeitura Municipal de Demerval Lobão - PI;2203305;PI;DCA-Anexo I-C;Padrão;Receitas Brutas Realizadas;RO1.7.5.8.01.0.0;1.7.5.8.01.0.0 Transferências de Recursos do Fundo de Manutenção e Desenvolvimento da Educação Básica e de Valorização dos Profissionais da Educação ¿ FUNDEB;9382603,56;13817
2020;Prefeitura Municipal de Demerval Lobão - PI;2203305;PI;DCA-Anexo I-C;Padrão;Receitas Brutas Realizadas;RO1.9.0.0.00.0.0;1.9.0.0.00.0.0 - Outras Receitas Correntes;585611,10;13817
2020;Prefeitura Municipal de Demerval Lobão - PI;2203305;PI;DCA-Anexo I-C;Padrão;Receitas Brutas Realizadas;RO1.9.2.0.00.0.0;1.9.2.0.00.0.0 - Indenizações, Restituições e Ressarcimentos;966,00;13817
2020;Prefeitura Municipal de Demerval Lobão - PI;2203305;PI;DCA-Anexo I-C;Padrão;Receitas Brutas Realizadas;RO1.9.2.2.00.0.0;1.9.2.2.00.0.0 - Restituições;966,00;13817
2020;Prefeitura Municipal de Demerval Lobão - PI;2203305;PI;DCA-Anexo I-C;Padrão;Receitas Brutas Realizadas;RO1.9.2.2.06.0.0;1.9.2.2.06.0.0 - Restituição de Despesas de Exercícios Anteriores;966,00;13817
2020;Prefeitura Municipal de Demerval Lobão - PI;2203305;PI;DCA-Anexo I-C;Padrão;Receitas Brutas Realizadas;RO1.9.9.0.00.0.0;1.9.9.0.00.0.0 - Demais Receitas Correntes;584645,10;13817
2020;Prefeitura Municipal de Demerval Lobão - PI;2203305;PI;DCA-Anexo I-C;Padrão;Receitas Brutas Realizadas;RO1.9.9.0.03.0.0;1.9.9.0.03.0.0 - Compensações Financeiras entre o Regime Geral e os Regimes Próprios de Previdência dos Servidores;555850,13;13817
2020;Prefeitura Municipal de Demerval Lobão - PI;2203305;PI;DCA-Anexo I-C;Padrão;Receitas Brutas Realizadas;RO1.9.9.0.99.0.0;1.9.9.0.99.0.0 - Outras Receitas;28794,97;13817
2020;Prefeitura Municipal de Demerval Lobão - PI;2203305;PI;DCA-Anexo I-C;Padrão;Receitas Brutas Realizadas;RO1.9.9.0.99.1.0;1.9.9.0.99.1.0 - Outras Receitas - Primárias;28794,97;13817
2020;Prefeitura Municipal de Demerval Lobão - PI;2203305;PI;DCA-Anexo I-C;Padrão;Receitas Brutas Realizadas;RO2.0.0.0.00.0.0;2.0.0.0.00.0.0 - Receitas de Capital;459931,27;13817
2020;Prefeitura Municipal de Demerval Lobão - PI;2203305;PI;DCA-Anexo I-C;Padrão;Receitas Brutas Realizadas;RO2.4.0.0.00.0.0;2.4.0.0.00.0.0 - Transferências de Capital;459931,27;13817
2020;Prefeitura Municipal de Demerval Lobão - PI;2203305;PI;DCA-Anexo I-C;Padrão;Receitas Brutas Realizadas;RO2.4.1.0.00.0.0;2.4.1.0.00.0.0 - Transferências da União e de suas Entidades;459931,27;13817
2020;Prefeitura Municipal de Demerval Lobão - PI;2203305;PI;DCA-Anexo I-C;Padrão;Receitas Brutas Realizadas;RO2.4.1.8.00.0.0;2.4.1.8.00.0.0 Transferências da União - Específicas de Estados, DF e Municípios;459931,27;13817
2020;Prefeitura Municipal de Demerval Lobão - PI;2203305;PI;DCA-Anexo I-C;Padrão;Receitas Brutas Realizadas;RO2.4.1.8.05.0.0;2.4.1.8.05.0.0 Transferências de Recursos Destinados a Programas de Educação;206977,36;13817
2020;Prefeitura Municipal de Demerval Lobão - PI;2203305;PI;DCA-Anexo I-C;Padrão;Receitas Brutas Realizadas;RO2.4.1.8.10.0.0;2.4.1.8.10.0.0 Transferência de Convênios da União e de suas Entidades;252953,91;13817
2020;Prefeitura Municipal de Demerval Lobão - PI;2203305;PI;DCA-Anexo I-C;Padrão;Receitas Brutas Realizadas;RO2.4.1.8.10.9.0;2.4.1.8.10.9.0 - Outras Transferências de Convênios da União;252953,91;13817
2020;Prefeitura Municipal de Demerval Lobão - PI;2203305;PI;DCA-Anexo I-C;Padrão;Receitas Brutas Realizadas;ReceitasIntraOrcamentarias;RECEITAS (INTRA-ORÇAMENTÁRIAS) (II);1703362,85;13817
2020;Prefeitura Municipal de Demerval Lobão - PI;2203305;PI;DCA-Anexo I-C;Padrão;Receitas Brutas Realizadas;RI7.0.0.0.00.0.0;7.0.0.0.00.0.0 - Receitas Correntes;1703362,85;13817
2020;Prefeitura Municipal de Demerval Lobão - PI;2203305;PI;DCA-Anexo I-C;Padrão;Receitas Brutas Realizadas;RI7.2.0.0.00.0.0;7.2.0.0.00.0.0 - Contribuições;1703362,85;13817
2020;Prefeitura Municipal de Demerval Lobão - PI;2203305;PI;DCA-Anexo I-C;Padrão;Receitas Brutas Realizadas;RI7.2.1.0.00.0.0;7.2.1.0.00.0.0 - Contribuições Sociais;1703362,85;13817
2020;Prefeitura Municipal de Demerval Lobão - PI;2203305;PI;DCA-Anexo I-C;Padrão;Receitas Brutas Realizadas;RI7.2.1.8.00.0.0;"7.2.1.8.00.0.0 Contribuições Sociais Específicas de Estados, DF e 
 Municípios";1703362,85;13817
2020;Prefeitura Municipal de Demerval Lobão - PI;2203305;PI;DCA-Anexo I-C;Padrão;Receitas Brutas Realizadas;RI7.2.1.8.03.0.0;7.2.1.8.03.0.0 - CPSSS Patronal - Servidor Civil - Específico de EST/DF/MUN;1703362,85;13817
2020;Prefeitura Municipal de Demerval Lobão - PI;2203305;PI;DCA-Anexo I-C;Padrão;Receitas Brutas Realizadas;RI7.2.1.8.03.1.0;7.2.1.8.03.1.0 - CPSSS Patronal - Servidor Civil Ativo;1703362,85;13817
2020;Prefeitura Municipal de Demerval Lobão - PI;2203305;PI;DCA-Anexo I-C;Padrão;Receitas Brutas Realizadas;TotalReceitas;TOTAL DAS RECEITAS (III) = (I + II);49349796,46;13817
2020;Prefeitura Municipal de Demerval Lobão - PI;2203305;PI;DCA-Anexo I-C;Padrão;Deduções - FUNDEB;TotalReceitas;TOTAL DAS RECEITAS (III) = (I + II);3172306,48;13817
2021;Prefeitura Municipal de Demerval Lobão - PI;2203305;PI;DCA-Anexo I-C;Padrão;Receitas Brutas Realizadas;ReceitasExcetoIntraOrcamentarias;RECEITAS (EXCETO INTRA-ORÇAMENTÁRIAS) (I);57847589,19;13840
2021;Prefeitura Municipal de Demerval Lobão - PI;2203305;PI;DCA-Anexo I-C;Padrão;Deduções - FUNDEB;ReceitasExcetoIntraOrcamentarias;RECEITAS (EXCETO INTRA-ORÇAMENTÁRIAS) (I);3979331,78;13840
2021;Prefeitura Municipal de Demerval Lobão - PI;2203305;PI;DCA-Anexo I-C;Padrão;Receitas Brutas Realizadas;RO1.0.0.0.00.0.0;1.0.0.0.00.0.0 - Receitas Correntes;55877697,32;13840
2021;Prefeitura Municipal de Demerval Lobão - PI;2203305;PI;DCA-Anexo I-C;Padrão;Deduções - FUNDEB;RO1.0.0.0.00.0.0;1.0.0.0.00.0.0 - Receitas Correntes;3979331,78;13840
2021;Prefeitura Municipal de Demerval Lobão - PI;2203305;PI;DCA-Anexo I-C;Padrão;Receitas Brutas Realizadas;RO1.1.0.0.00.0.0;1.1.0.0.00.0.0 - Impostos, Taxas e Contribuições de Melhoria;2462146,87;13840
2021;Prefeitura Municipal de Demerval Lobão - PI;2203305;PI;DCA-Anexo I-C;Padrão;Receitas Brutas Realizadas;RO1.1.1.0.00.0.0;1.1.1.0.00.0.0 - Impostos;2384614,49;13840
2021;Prefeitura Municipal de Demerval Lobão - PI;2203305;PI;DCA-Anexo I-C;Padrão;Receitas Brutas Realizadas;RO1.1.1.3.00.0.0;1.1.1.3.00.0.0 - Impostos sobre a Renda e Proventos de Qualquer Natureza;1476537,11;13840
2021;Prefeitura Municipal de Demerval Lobão - PI;2203305;PI;DCA-Anexo I-C;Padrão;Receitas Brutas Realizadas;RO1.1.1.3.03.0.0;1.1.1.3.03.0.0 - Imposto sobre a Renda - Retido na Fonte;1476537,11;13840
2021;Prefeitura Municipal de Demerval Lobão - PI;2203305;PI;DCA-Anexo I-C;Padrão;Receitas Brutas Realizadas;RO1.1.1.3.03.1.0;1.1.1.3.03.1.0 - Imposto sobre a Renda - Retido na Fonte - Trabalho;1476537,11;13840
2021;Prefeitura Municipal de Demerval Lobão - PI;2203305;PI;DCA-Anexo I-C;Padrão;Receitas Brutas Realizadas;RO1.1.1.8.00.0.0;1.1.1.8.00.0.0 - Impostos Específicos de Estados, DF e Municípios;908077,38;13840
2021;Prefeitura Municipal de Demerval Lobão - PI;2203305;PI;DCA-Anexo I-C;Padrão;Receitas Brutas Realizadas;RO1.1.1.8.01.0.0;1.1.1.8.01.0.0 - Impostos sobre o Patrimônio para Estados/DF/Municípios;225170,47;13840
2021;Prefeitura Municipal de Demerval Lobão - PI;2203305;PI;DCA-Anexo I-C;Padrão;Receitas Brutas Realizadas;RO1.1.1.8.01.1.0;1.1.1.8.01.1.0 - Imposto sobre a Propriedade Predial e Territorial Urbana;42029,54;13840
2021;Prefeitura Municipal de Demerval Lobão - PI;2203305;PI;DCA-Anexo I-C;Padrão;Receitas Brutas Realizadas;RO1.1.1.8.01.4.0;1.1.1.8.01.4.0 - Imposto sobre Transmissão ¿Inter Vivos¿ de Bens Imóveis e de Direitos Reais sobre Imóveis;183140,93;13840
2021;Prefeitura Municipal de Demerval Lobão - PI;2203305;PI;DCA-Anexo I-C;Padrão;Receitas Brutas Realizadas;RO1.1.1.8.02.0.0;1.1.1.8.02.0.0 - Impostos sobre a Produção, Circulação de Mercadorias e Serviços;682906,91;13840
2021;Prefeitura Municipal de Demerval Lobão - PI;2203305;PI;DCA-Anexo I-C;Padrão;Receitas Brutas Realizadas;RO1.1.1.8.02.3.0;1.1.1.8.02.3.0 - Imposto sobre Serviços de Qualquer Natureza;682906,91;13840
2021;Prefeitura Municipal de Demerval Lobão - PI;2203305;PI;DCA-Anexo I-C;Padrão;Receitas Brutas Realizadas;RO1.1.2.0.00.0.0;1.1.2.0.00.0.0 - Taxas;77532,38;13840
2021;Prefeitura Municipal de Demerval Lobão - PI;2203305;PI;DCA-Anexo I-C;Padrão;Receitas Brutas Realizadas;RO1.1.2.1.00.0.0;1.1.2.1.00.0.0 - Taxas pelo Exercício do Poder de Polícia;77532,38;13840
2021;Prefeitura Municipal de Demerval Lobão - PI;2203305;PI;DCA-Anexo I-C;Padrão;Receitas Brutas Realizadas;RO1.1.2.1.01.0.0;1.1.2.1.01.0.0 - Taxas de Inspeção, Controle e Fiscalização;77532,38;13840
2021;Prefeitura Municipal de Demerval Lobão - PI;2203305;PI;DCA-Anexo I-C;Padrão;Receitas Brutas Realizadas;RO1.2.0.0.00.0.0;1.2.0.0.00.0.0 - Contribuições;2040964,33;13840
2021;Prefeitura Municipal de Demerval Lobão - PI;2203305;PI;DCA-Anexo I-C;Padrão;Receitas Brutas Realizadas;RO1.2.1.0.00.0.0;1.2.1.0.00.0.0 - Contribuições Sociais;1425327,73;13840
2021;Prefeitura Municipal de Demerval Lobão - PI;2203305;PI;DCA-Anexo I-C;Padrão;Receitas Brutas Realizadas;RO1.2.1.8.00.0.0;1.2.1.8.00.0.0 - Contribuições Sociais Específicas de Estados, DF e Municípios;1425327,73;13840
2021;Prefeitura Municipal de Demerval Lobão - PI;2203305;PI;DCA-Anexo I-C;Padrão;Receitas Brutas Realizadas;RO1.2.1.8.01.0.0;1.2.1.8.01.0.0 - Contribuição do Servidor Civil para o Plano de Seguridade Social - CPSSS - Específico de EST/DF/MUN;1425327,73;13840
2021;Prefeitura Municipal de Demerval Lobão - PI;2203305;PI;DCA-Anexo I-C;Padrão;Receitas Brutas Realizadas;RO1.2.1.8.01.1.0;1.2.1.8.01.1.0 - CPSSS do Servidor Civil Ativo;1425327,73;13840
2021;Prefeitura Municipal de Demerval Lobão - PI;2203305;PI;DCA-Anexo I-C;Padrão;Receitas Brutas Realizadas;RO1.2.4.0.00.0.0;1.2.4.0.00.0.0 - Contribuição para o Custeio do Serviço de Iluminação Pública;615636,60;13840
2021;Prefeitura Municipal de Demerval Lobão - PI;2203305;PI;DCA-Anexo I-C;Padrão;Receitas Brutas Realizadas;RO1.3.0.0.00.0.0;1.3.0.0.00.0.0 - Receita Patrimonial;206743,83;13840
2021;Prefeitura Municipal de Demerval Lobão - PI;2203305;PI;DCA-Anexo I-C;Padrão;Receitas Brutas Realizadas;RO1.3.1.0.00.0.0;1.3.1.0.00.0.0 - Exploração do Patrimônio Imobiliário do Estado;500,00;13840
2021;Prefeitura Municipal de Demerval Lobão - PI;2203305;PI;DCA-Anexo I-C;Padrão;Receitas Brutas Realizadas;RO1.3.1.0.99.0.0;1.3.1.0.99.0.0 - Outras Receitas Imobiliárias;500,00;13840
2021;Prefeitura Municipal de Demerval Lobão - PI;2203305;PI;DCA-Anexo I-C;Padrão;Receitas Brutas Realizadas;RO1.3.2.0.00.0.0;1.3.2.0.00.0.0 - Valores Mobiliários;206243,83;13840
2021;Prefeitura Municipal de Demerval Lobão - PI;2203305;PI;DCA-Anexo I-C;Padrão;Receitas Brutas Realizadas;RO1.3.2.1.00.0.0;1.3.2.1.00.0.0 - Juros e Correções Monetárias;206243,83;13840
2021;Prefeitura Municipal de Demerval Lobão - PI;2203305;PI;DCA-Anexo I-C;Padrão;Receitas Brutas Realizadas;RO1.3.2.1.00.1.0;1.3.2.1.00.1.0 - Remuneração de Depósitos Bancários;145192,25;13840
2021;Prefeitura Municipal de Demerval Lobão - PI;2203305;PI;DCA-Anexo I-C;Padrão;Receitas Brutas Realizadas;RO1.3.2.1.00.4.0;1.3.2.1.00.4.0 - Remuneração dos Recursos do Regime Próprio de Previdência Social - RPPS;61051,58;13840
2021;Prefeitura Municipal de Demerval Lobão - PI;2203305;PI;DCA-Anexo I-C;Padrão;Receitas Brutas Realizadas;RO1.7.0.0.00.0.0;1.7.0.0.00.0.0 - Transferências Correntes;50586480,78;13840
2021;Prefeitura Municipal de Demerval Lobão - PI;2203305;PI;DCA-Anexo I-C;Padrão;Deduções - FUNDEB;RO1.7.0.0.00.0.0;1.7.0.0.00.0.0 - Transferências Correntes;3979331,78;13840
2021;Prefeitura Municipal de Demerval Lobão - PI;2203305;PI;DCA-Anexo I-C;Padrão;Receitas Brutas Realizadas;RO1.7.1.0.00.0.0;1.7.1.0.00.0.0 - Transferências da União e de suas Entidades;32551654,87;13840
2021;Prefeitura Municipal de Demerval Lobão - PI;2203305;PI;DCA-Anexo I-C;Padrão;Deduções - FUNDEB;RO1.7.1.0.00.0.0;1.7.1.0.00.0.0 - Transferências da União e de suas Entidades;3116876,53;13840
2021;Prefeitura Municipal de Demerval Lobão - PI;2203305;PI;DCA-Anexo I-C;Padrão;Receitas Brutas Realizadas;RO1.7.1.8.00.0.0;1.7.1.8.00.0.0 - Transferências da União - Específicas de Estados, DF e Municípios;32551654,87;13840
2021;Prefeitura Municipal de Demerval Lobão - PI;2203305;PI;DCA-Anexo I-C;Padrão;Deduções - FUNDEB;RO1.7.1.8.00.0.0;1.7.1.8.00.0.0 - Transferências da União - Específicas de Estados, DF e Municípios;3116876,53;13840
2021;Prefeitura Municipal de Demerval Lobão - PI;2203305;PI;DCA-Anexo I-C;Padrão;Receitas Brutas Realizadas;RO1.7.1.8.01.0.0;1.7.1.8.01.0.0 - Participação na Receita da União;16870160,95;13840
2021;Prefeitura Municipal de Demerval Lobão - PI;2203305;PI;DCA-Anexo I-C;Padrão;Deduções - FUNDEB;RO1.7.1.8.01.0.0;1.7.1.8.01.0.0 - Participação na Receita da União;3116876,53;13840
2021;Prefeitura Municipal de Demerval Lobão - PI;2203305;PI;DCA-Anexo I-C;Padrão;Receitas Brutas Realizadas;RO1.7.1.8.01.2.0;1.7.1.8.01.2.0 - Cota-Parte do Fundo de Participação dos Municípios - Cota Mensal;15575830,75;13840
2021;Prefeitura Municipal de Demerval Lobão - PI;2203305;PI;DCA-Anexo I-C;Padrão;Deduções - FUNDEB;RO1.7.1.8.01.2.0;1.7.1.8.01.2.0 - Cota-Parte do Fundo de Participação dos Municípios - Cota Mensal;3115165,77;13840
2021;Prefeitura Municipal de Demerval Lobão - PI;2203305;PI;DCA-Anexo I-C;Padrão;Receitas Brutas Realizadas;RO1.7.1.8.01.3.0;1.7.1.8.01.3.0 - Cota-Parte do Fundo de Participação do Municípios ¿ 1% Cota entregue no mês de dezembro;682707,68;13840
2021;Prefeitura Municipal de Demerval Lobão - PI;2203305;PI;DCA-Anexo I-C;Padrão;Receitas Brutas Realizadas;RO1.7.1.8.01.4.0;1.7.1.8.01.4.0 - Cota-Parte do Fundo de Participação dos Municípios - 1% Cota entregue no mês de julho;603068,15;13840
2021;Prefeitura Municipal de Demerval Lobão - PI;2203305;PI;DCA-Anexo I-C;Padrão;Receitas Brutas Realizadas;RO1.7.1.8.01.5.0;1.7.1.8.01.5.0 - Cota-Parte do Imposto Sobre a Propriedade Territorial Rural;8554,37;13840
2021;Prefeitura Municipal de Demerval Lobão - PI;2203305;PI;DCA-Anexo I-C;Padrão;Deduções - FUNDEB;RO1.7.1.8.01.5.0;1.7.1.8.01.5.0 - Cota-Parte do Imposto Sobre a Propriedade Territorial Rural;1710,76;13840
2021;Prefeitura Municipal de Demerval Lobão - PI;2203305;PI;DCA-Anexo I-C;Padrão;Receitas Brutas Realizadas;RO1.7.1.8.02.0.0;1.7.1.8.02.0.0 - Transferência da Compensação Financeira pela Exploração de Recursos Naturais;317696,22;13840
2021;Prefeitura Municipal de Demerval Lobão - PI;2203305;PI;DCA-Anexo I-C;Padrão;Receitas Brutas Realizadas;RO1.7.1.8.02.2.0;1.7.1.8.02.2.0 - Cota-parte da Compensação Financeira de Recursos Minerais - CFEM;12366,92;13840
2021;Prefeitura Municipal de Demerval Lobão - PI;2203305;PI;DCA-Anexo I-C;Padrão;Receitas Brutas Realizadas;RO1.7.1.8.02.6.0;1.7.1.8.02.6.0 - Cota-Parte do Fundo Especial do Petróleo ¿ FEP;301088,97;13840
2021;Prefeitura Municipal de Demerval Lobão - PI;2203305;PI;DCA-Anexo I-C;Padrão;Receitas Brutas Realizadas;RO1.7.1.8.02.9.0;1.7.1.8.02.9.0 - Outras Transferências decorrentes de Compensação Financeira pela Exploração de Recursos Naturais;4240,33;13840
2021;Prefeitura Municipal de Demerval Lobão - PI;2203305;PI;DCA-Anexo I-C;Padrão;Receitas Brutas Realizadas;RO1.7.1.8.03.0.0;1.7.1.8.03.0.0 - Transferência de Recursos do Sistema Único de Saúde ¿ SUS ¿ Repasses Fundo a Fundo - Bloco de Manutenção das Ações e Serviços Públicos de Saúde;6789428,64;13840
2021;Prefeitura Municipal de Demerval Lobão - PI;2203305;PI;DCA-Anexo I-C;Padrão;Receitas Brutas Realizadas;RO1.7.1.8.03.1.0;1.7.1.8.03.1.0 - Transferência de Recursos do SUS ¿ Atenção Primária;5286125,14;13840
2021;Prefeitura Municipal de Demerval Lobão - PI;2203305;PI;DCA-Anexo I-C;Padrão;Receitas Brutas Realizadas;RO1.7.1.8.03.3.0;1.7.1.8.03.3.0 - Transferência de Recursos do SUS ¿ Vigilância em Saúde;188060,82;13840
2021;Prefeitura Municipal de Demerval Lobão - PI;2203305;PI;DCA-Anexo I-C;Padrão;Receitas Brutas Realizadas;RO1.7.1.8.03.4.0;1.7.1.8.03.4.0 - Transferência de Recursos do SUS ¿ Assistência Farmacêutica;86217,61;13840
2021;Prefeitura Municipal de Demerval Lobão - PI;2203305;PI;DCA-Anexo I-C;Padrão;Receitas Brutas Realizadas;RO1.7.1.8.03.5.0;1.7.1.8.03.5.0 - Transferência de Recursos do SUS ¿ Gestão do SUS;32009,10;13840
2021;Prefeitura Municipal de Demerval Lobão - PI;2203305;PI;DCA-Anexo I-C;Padrão;Receitas Brutas Realizadas;RO1.7.1.8.03.9.0;1.7.1.8.03.9.0 - Transferência de Recursos do SUS ¿ Outros Programas Financiados por Transferências Fundo a Fundo;1197015,97;13840
2021;Prefeitura Municipal de Demerval Lobão - PI;2203305;PI;DCA-Anexo I-C;Padrão;Receitas Brutas Realizadas;RO1.7.1.8.04.0.0;1.7.1.8.04.0.0 - Transferências de Recursos do Sistema Único de Saúde ¿ SUS - Repasses Fundo a Fundo - Bloco de Estruturação da Rede de Serviços Públicos de Saúde;22700,00;13840
2021;Prefeitura Municipal de Demerval Lobão - PI;2203305;PI;DCA-Anexo I-C;Padrão;Receitas Brutas Realizadas;RO1.7.1.8.04.3.0;1.7.1.8.04.3.0 - Transferências de Recursos do Sistema Único de Saúde ¿ SUS destinados à Vigilância em Saúde;22700,00;13840
2021;Prefeitura Municipal de Demerval Lobão - PI;2203305;PI;DCA-Anexo I-C;Padrão;Receitas Brutas Realizadas;RO1.7.1.8.05.0.0;1.7.1.8.05.0.0 - Transferências de Recursos do Fundo Nacional do Desenvolvimento da Educação ¿ FNDE;855578,99;13840
2021;Prefeitura Municipal de Demerval Lobão - PI;2203305;PI;DCA-Anexo I-C;Padrão;Receitas Brutas Realizadas;RO1.7.1.8.05.1.0;1.7.1.8.05.1.0 - Transferências do Salário-Educação;182802,67;13840
2021;Prefeitura Municipal de Demerval Lobão - PI;2203305;PI;DCA-Anexo I-C;Padrão;Receitas Brutas Realizadas;RO1.7.1.8.05.3.0;1.7.1.8.05.3.0 - Transferências Diretas do FNDE referentes ao Programa Nacional de Alimentação Escolar ¿ PNAE;625090,40;13840
2021;Prefeitura Municipal de Demerval Lobão - PI;2203305;PI;DCA-Anexo I-C;Padrão;Receitas Brutas Realizadas;RO1.7.1.8.05.4.0;1.7.1.8.05.4.0 - Transferências Diretas do FNDE referentes ao Programa Nacional de Apoio ao Transporte do Escolar ¿ PNATE;47685,92;13840
2021;Prefeitura Municipal de Demerval Lobão - PI;2203305;PI;DCA-Anexo I-C;Padrão;Receitas Brutas Realizadas;RO1.7.1.8.06.0.0;1.7.1.8.06.0.0 - Transferência Financeira do ICMS ¿ Desoneração ¿ L.C. Nº 87/96;1609,43;13840
2021;Prefeitura Municipal de Demerval Lobão - PI;2203305;PI;DCA-Anexo I-C;Padrão;Receitas Brutas Realizadas;RO1.7.1.8.09.0.0;1.7.1.8.09.0.0 - Transferências de Recursos de Complementação da União ao Fundo de Manutenção e Desenvolvimento da Educação Básica e de Valorização dos Profissionais da Educação ¿ FUNDEB;7191661,22;13840
2021;Prefeitura Municipal de Demerval Lobão - PI;2203305;PI;DCA-Anexo I-C;Padrão;Receitas Brutas Realizadas;RO1.7.1.8.10.0.0;1.7.1.8.10.0.0 - Transferências de Convênios da União e de Suas Entidades;38651,91;13840
2021;Prefeitura Municipal de Demerval Lobão - PI;2203305;PI;DCA-Anexo I-C;Padrão;Receitas Brutas Realizadas;RO1.7.1.8.10.9.0;1.7.1.8.10.9.0 - Outras Transferências de Convênios da União;38651,91;13840
2021;Prefeitura Municipal de Demerval Lobão - PI;2203305;PI;DCA-Anexo I-C;Padrão;Receitas Brutas Realizadas;RO1.7.1.8.12.0.0;1.7.1.8.12.0.0 - Transferências de Recursos do Fundo Nacional de Assistência Social ¿ FNAS;383830,30;13840
2021;Prefeitura Municipal de Demerval Lobão - PI;2203305;PI;DCA-Anexo I-C;Padrão;Receitas Brutas Realizadas;RO1.7.1.8.99.0.0;1.7.1.8.99.0.0 - Outras Transferências da União;80337,21;13840
2021;Prefeitura Municipal de Demerval Lobão - PI;2203305;PI;DCA-Anexo I-C;Padrão;Receitas Brutas Realizadas;RO1.7.2.0.00.0.0;1.7.2.0.00.0.0 - Transferências dos Estados e do Distrito Federal e de suas Entidades;5013410,59;13840
2021;Prefeitura Municipal de Demerval Lobão - PI;2203305;PI;DCA-Anexo I-C;Padrão;Deduções - FUNDEB;RO1.7.2.0.00.0.0;1.7.2.0.00.0.0 - Transferências dos Estados e do Distrito Federal e de suas Entidades;862455,25;13840
2021;Prefeitura Municipal de Demerval Lobão - PI;2203305;PI;DCA-Anexo I-C;Padrão;Receitas Brutas Realizadas;RO1.7.2.8.00.0.0;1.7.2.8.00.0.0 - Transferências dos Estados - Específicas de Estados, DF e Municípios;5013410,59;13840
2021;Prefeitura Municipal de Demerval Lobão - PI;2203305;PI;DCA-Anexo I-C;Padrão;Deduções - FUNDEB;RO1.7.2.8.00.0.0;1.7.2.8.00.0.0 - Transferências dos Estados - Específicas de Estados, DF e Municípios;862455,25;13840
2021;Prefeitura Municipal de Demerval Lobão - PI;2203305;PI;DCA-Anexo I-C;Padrão;Receitas Brutas Realizadas;RO1.7.2.8.01.0.0;1.7.2.8.01.0.0 - Participação na Receita dos Estados;4690277,63;13840
2021;Prefeitura Municipal de Demerval Lobão - PI;2203305;PI;DCA-Anexo I-C;Padrão;Deduções - FUNDEB;RO1.7.2.8.01.0.0;1.7.2.8.01.0.0 - Participação na Receita dos Estados;862455,25;13840
2021;Prefeitura Municipal de Demerval Lobão - PI;2203305;PI;DCA-Anexo I-C;Padrão;Receitas Brutas Realizadas;RO1.7.2.8.01.1.0;1.7.2.8.01.1.0 - Cota-Parte do ICMS;4312277,44;13840
2021;Prefeitura Municipal de Demerval Lobão - PI;2203305;PI;DCA-Anexo I-C;Padrão;Deduções - FUNDEB;RO1.7.2.8.01.1.0;1.7.2.8.01.1.0 - Cota-Parte do ICMS;862455,25;13840
2021;Prefeitura Municipal de Demerval Lobão - PI;2203305;PI;DCA-Anexo I-C;Padrão;Receitas Brutas Realizadas;RO1.7.2.8.01.2.0;1.7.2.8.01.2.0 - Cota-Parte do IPVA;364624,76;13840
2021;Prefeitura Municipal de Demerval Lobão - PI;2203305;PI;DCA-Anexo I-C;Padrão;Receitas Brutas Realizadas;RO1.7.2.8.01.3.0;1.7.2.8.01.3.0 - Cota-Parte do IPI - Municípios;468,54;13840
2021;Prefeitura Municipal de Demerval Lobão - PI;2203305;PI;DCA-Anexo I-C;Padrão;Receitas Brutas Realizadas;RO1.7.2.8.01.4.0;1.7.2.8.01.4.0 - Cota-Parte da Contribuição de Intervenção no Domínio Econômico;12906,89;13840
2021;Prefeitura Municipal de Demerval Lobão - PI;2203305;PI;DCA-Anexo I-C;Padrão;Receitas Brutas Realizadas;RO1.7.2.8.03.0.0;1.7.2.8.03.0.0 - Transferência de Recursos do Estado para Programas de Saúde ¿ Repasse Fundo a Fundo;285659,42;13840
2021;Prefeitura Municipal de Demerval Lobão - PI;2203305;PI;DCA-Anexo I-C;Padrão;Receitas Brutas Realizadas;RO1.7.2.8.07.0.0;1.7.2.8.07.0.0 - Transferências de Estados destinadas à Assistência Social;20000,00;13840
2021;Prefeitura Municipal de Demerval Lobão - PI;2203305;PI;DCA-Anexo I-C;Padrão;Receitas Brutas Realizadas;RO1.7.2.8.99.0.0;1.7.2.8.99.0.0 - Outras Transferências dos Estados;17473,54;13840
2021;Prefeitura Municipal de Demerval Lobão - PI;2203305;PI;DCA-Anexo I-C;Padrão;Receitas Brutas Realizadas;RO1.7.5.0.00.0.0;1.7.5.0.00.0.0 - Transferências de Outras Instituições Públicas;13021415,32;13840
2021;Prefeitura Municipal de Demerval Lobão - PI;2203305;PI;DCA-Anexo I-C;Padrão;Receitas Brutas Realizadas;RO1.7.5.8.00.0.0;1.7.5.8.00.0.0 - Transferências de Outras Instituições Públicas - Específicas de Estados, DF e Municípios;13021415,32;13840
2021;Prefeitura Municipal de Demerval Lobão - PI;2203305;PI;DCA-Anexo I-C;Padrão;Receitas Brutas Realizadas;RO1.7.5.8.01.0.0;1.7.5.8.01.0.0 - Transferências de Recursos do Fundo de Manutenção e Desenvolvimento da Educação Básica e de Valorização dos Profissionais da Educação ¿ FUNDEB;13021415,32;13840
2021;Prefeitura Municipal de Demerval Lobão - PI;2203305;PI;DCA-Anexo I-C;Padrão;Receitas Brutas Realizadas;RO1.9.0.0.00.0.0;1.9.0.0.00.0.0 - Outras Receitas Correntes;581361,51;13840
2021;Prefeitura Municipal de Demerval Lobão - PI;2203305;PI;DCA-Anexo I-C;Padrão;Receitas Brutas Realizadas;RO1.9.9.0.00.0.0;1.9.9.0.00.0.0 - Demais Receitas Correntes;581361,51;13840
2021;Prefeitura Municipal de Demerval Lobão - PI;2203305;PI;DCA-Anexo I-C;Padrão;Receitas Brutas Realizadas;RO1.9.9.0.03.0.0;1.9.9.0.03.0.0 - Compensações Financeiras entre o Regime Geral e os Regimes Próprios de Previdência dos Servidores;571769,02;13840
2021;Prefeitura Municipal de Demerval Lobão - PI;2203305;PI;DCA-Anexo I-C;Padrão;Receitas Brutas Realizadas;RO1.9.9.0.99.0.0;1.9.9.0.99.0.0 - Outras Receitas;9592,49;13840
2021;Prefeitura Municipal de Demerval Lobão - PI;2203305;PI;DCA-Anexo I-C;Padrão;Receitas Brutas Realizadas;RO1.9.9.0.99.1.0;1.9.9.0.99.1.0 - Outras Receitas - Primárias;9592,49;13840
2021;Prefeitura Municipal de Demerval Lobão - PI;2203305;PI;DCA-Anexo I-C;Padrão;Receitas Brutas Realizadas;RO2.0.0.0.00.0.0;2.0.0.0.00.0.0 - Receitas de Capital;1969891,87;13840
2021;Prefeitura Municipal de Demerval Lobão - PI;2203305;PI;DCA-Anexo I-C;Padrão;Receitas Brutas Realizadas;RO2.4.0.0.00.0.0;2.4.0.0.00.0.0 - Transferências de Capital;1969891,87;13840
2021;Prefeitura Municipal de Demerval Lobão - PI;2203305;PI;DCA-Anexo I-C;Padrão;Receitas Brutas Realizadas;RO2.4.1.0.00.0.0;2.4.1.0.00.0.0 - Transferências da União e de suas Entidades;1969891,87;13840
2021;Prefeitura Municipal de Demerval Lobão - PI;2203305;PI;DCA-Anexo I-C;Padrão;Receitas Brutas Realizadas;RO2.4.1.8.00.0.0;2.4.1.8.00.0.0 - Transferências da União - Específicas de Estados, DF e Municípios;1969891,87;13840
2021;Prefeitura Municipal de Demerval Lobão - PI;2203305;PI;DCA-Anexo I-C;Padrão;Receitas Brutas Realizadas;RO2.4.1.8.05.0.0;2.4.1.8.05.0.0 - Transferências de Recursos Destinados a Programas de Educação;477710,18;13840
2021;Prefeitura Municipal de Demerval Lobão - PI;2203305;PI;DCA-Anexo I-C;Padrão;Receitas Brutas Realizadas;RO2.4.1.8.10.0.0;2.4.1.8.10.0.0 - Transferência de Convênios da União e de suas Entidades;1492181,69;13840
2021;Prefeitura Municipal de Demerval Lobão - PI;2203305;PI;DCA-Anexo I-C;Padrão;Receitas Brutas Realizadas;RO2.4.1.8.10.5.0;2.4.1.8.10.5.0 - Transferências de Convênios da União destinadas a Programas de Saneamento Básico;96629,78;13840
2021;Prefeitura Municipal de Demerval Lobão - PI;2203305;PI;DCA-Anexo I-C;Padrão;Receitas Brutas Realizadas;RO2.4.1.8.10.7.0;2.4.1.8.10.7.0 - Transferências de Convênios da União destinadas a Programas de Infraestrutura em Transporte;1142551,91;13840
2021;Prefeitura Municipal de Demerval Lobão - PI;2203305;PI;DCA-Anexo I-C;Padrão;Receitas Brutas Realizadas;RO2.4.1.8.10.9.0;2.4.1.8.10.9.0 - Outras Transferências de Convênios da União;253000,00;13840
2021;Prefeitura Municipal de Demerval Lobão - PI;2203305;PI;DCA-Anexo I-C;Padrão;Receitas Brutas Realizadas;ReceitasIntraOrcamentarias;RECEITAS (INTRA-ORÇAMENTÁRIAS) (II);1839871,82;13840
2021;Prefeitura Municipal de Demerval Lobão - PI;2203305;PI;DCA-Anexo I-C;Padrão;Receitas Brutas Realizadas;RI7.0.0.0.00.0.0;7.0.0.0.00.0.0 - Receitas Correntes;1839871,82;13840
2021;Prefeitura Municipal de Demerval Lobão - PI;2203305;PI;DCA-Anexo I-C;Padrão;Receitas Brutas Realizadas;RI7.2.0.0.00.0.0;7.2.0.0.00.0.0 - Contribuições;1839871,82;13840
2021;Prefeitura Municipal de Demerval Lobão - PI;2203305;PI;DCA-Anexo I-C;Padrão;Receitas Brutas Realizadas;RI7.2.1.0.00.0.0;7.2.1.0.00.0.0 - Contribuições Sociais;1839871,82;13840
2021;Prefeitura Municipal de Demerval Lobão - PI;2203305;PI;DCA-Anexo I-C;Padrão;Receitas Brutas Realizadas;RI7.2.1.8.00.0.0;7.2.1.8.00.0.0 - Contribuições Sociais Específicas de Estados, DF e   Municípios;1839871,82;13840
2021;Prefeitura Municipal de Demerval Lobão - PI;2203305;PI;DCA-Anexo I-C;Padrão;Receitas Brutas Realizadas;RI7.2.1.8.03.0.0;7.2.1.8.03.0.0 - CPSSS Patronal - Servidor Civil - Específico de EST/DF/MUN;1839871,82;13840
2021;Prefeitura Municipal de Demerval Lobão - PI;2203305;PI;DCA-Anexo I-C;Padrão;Receitas Brutas Realizadas;RI7.2.1.8.03.1.0;7.2.1.8.03.1.0 - CPSSS Patronal - Servidor Civil Ativo;1839871,82;13840
2021;Prefeitura Municipal de Demerval Lobão - PI;2203305;PI;DCA-Anexo I-C;Padrão;Receitas Brutas Realizadas;TotalReceitas;TOTAL DAS RECEITAS (III) = (I + II);59687461,01;13840
2021;Prefeitura Municipal de Demerval Lobão - PI;2203305;PI;DCA-Anexo I-C;Padrão;Deduções - FUNDEB;TotalReceitas;TOTAL DAS RECEITAS (III) = (I + II);3979331,78;13840
2022;Prefeitura Municipal de Demerval Lobão - PI;2203305;PI;DCA-Anexo I-C;Padrão;Receitas Brutas Realizadas;ReceitasExcetoIntraOrcamentarias;RECEITAS (EXCETO INTRA-ORÇAMENTÁRIAS) (I);77218221,91;13862
2022;Prefeitura Municipal de Demerval Lobão - PI;2203305;PI;DCA-Anexo I-C;Padrão;Deduções - FUNDEB;ReceitasExcetoIntraOrcamentarias;RECEITAS (EXCETO INTRA-ORÇAMENTÁRIAS) (I);5100616,10;13862
2022;Prefeitura Municipal de Demerval Lobão - PI;2203305;PI;DCA-Anexo I-C;Padrão;Receitas Brutas Realizadas;RO1.0.0.0.00.0.0;1.0.0.0.00.0.0 - Receitas Correntes;72970151,10;13862
2022;Prefeitura Municipal de Demerval Lobão - PI;2203305;PI;DCA-Anexo I-C;Padrão;Deduções - FUNDEB;RO1.0.0.0.00.0.0;1.0.0.0.00.0.0 - Receitas Correntes;5100616,10;13862
2022;Prefeitura Municipal de Demerval Lobão - PI;2203305;PI;DCA-Anexo I-C;Padrão;Receitas Brutas Realizadas;RO1.1.0.0.00.0.0;1.1.0.0.00.0.0 - Impostos, Taxas e Contribuições de Melhoria;3181817,11;13862
2022;Prefeitura Municipal de Demerval Lobão - PI;2203305;PI;DCA-Anexo I-C;Padrão;Receitas Brutas Realizadas;RO1.1.1.0.00.0.0;1.1.1.0.00.0.0 - Impostos;3128459,19;13862
2022;Prefeitura Municipal de Demerval Lobão - PI;2203305;PI;DCA-Anexo I-C;Padrão;Receitas Brutas Realizadas;RO1.1.1.2.00.0.0;1.1.1.2.00.0.0 - Impostos sobre o Patrimônio;226619,87;13862
2022;Prefeitura Municipal de Demerval Lobão - PI;2203305;PI;DCA-Anexo I-C;Padrão;Receitas Brutas Realizadas;RO1.1.1.2.50.0.0;1.1.1.2.50.0.0 - Imposto sobre a Propriedade Predial e Territorial Urbana;27225,90;13862
2022;Prefeitura Municipal de Demerval Lobão - PI;2203305;PI;DCA-Anexo I-C;Padrão;Receitas Brutas Realizadas;RO1.1.1.2.53.0.0;"1.1.1.2.53.0.0 - Impostos sobre Transmissão ""Inter Vivos"" de Bens Imóveis e de Direitos Reais sobre Imóveis";199393,97;13862
2022;Prefeitura Municipal de Demerval Lobão - PI;2203305;PI;DCA-Anexo I-C;Padrão;Receitas Brutas Realizadas;RO1.1.1.3.00.0.0;1.1.1.3.00.0.0 - Impostos sobre a Renda e Proventos de Qualquer Natureza;1460569,97;13862
2022;Prefeitura Municipal de Demerval Lobão - PI;2203305;PI;DCA-Anexo I-C;Padrão;Receitas Brutas Realizadas;RO1.1.1.3.03.0.0;1.1.1.3.03.0.0 - Imposto sobre a Renda - Retido na Fonte;1460569,97;13862
2022;Prefeitura Municipal de Demerval Lobão - PI;2203305;PI;DCA-Anexo I-C;Padrão;Receitas Brutas Realizadas;RO1.1.1.3.03.1.0;1.1.1.3.03.1.0 - Imposto sobre a Renda - Retido na Fonte - Trabalho;1460569,97;13862
2022;Prefeitura Municipal de Demerval Lobão - PI;2203305;PI;DCA-Anexo I-C;Padrão;Receitas Brutas Realizadas;RO1.1.1.4.00.0.0;1.1.1.4.00.0.0 - Impostos sobre a Produção e Circulação de Mercadorias e Serviços;1441269,35;13862
2022;Prefeitura Municipal de Demerval Lobão - PI;2203305;PI;DCA-Anexo I-C;Padrão;Receitas Brutas Realizadas;RO1.1.1.4.51.0.0;1.1.1.4.51.0.0 - Impostos sobre Serviços;1441269,35;13862
2022;Prefeitura Municipal de Demerval Lobão - PI;2203305;PI;DCA-Anexo I-C;Padrão;Receitas Brutas Realizadas;RO1.1.1.4.51.1.0;1.1.1.4.51.1.0 - Imposto sobre Serviços de Qualquer Natureza - ISSQN;1441269,35;13862
2022;Prefeitura Municipal de Demerval Lobão - PI;2203305;PI;DCA-Anexo I-C;Padrão;Receitas Brutas Realizadas;RO1.1.2.0.00.0.0;1.1.2.0.00.0.0 - Taxas;53357,92;13862
2022;Prefeitura Municipal de Demerval Lobão - PI;2203305;PI;DCA-Anexo I-C;Padrão;Receitas Brutas Realizadas;RO1.1.2.1.00.0.0;1.1.2.1.00.0.0 - Taxas pelo Exercício do Poder de Polícia;53357,92;13862
2022;Prefeitura Municipal de Demerval Lobão - PI;2203305;PI;DCA-Anexo I-C;Padrão;Receitas Brutas Realizadas;RO1.1.2.1.01.0.0;1.1.2.1.01.0.0 - Taxas de Inspeção, Controle e Fiscalização;53357,92;13862
2022;Prefeitura Municipal de Demerval Lobão - PI;2203305;PI;DCA-Anexo I-C;Padrão;Receitas Brutas Realizadas;RO1.2.0.0.00.0.0;1.2.0.0.00.0.0 - Contribuições;2365403,94;13862
2022;Prefeitura Municipal de Demerval Lobão - PI;2203305;PI;DCA-Anexo I-C;Padrão;Receitas Brutas Realizadas;RO1.2.1.0.00.0.0;1.2.1.0.00.0.0 - Contribuições Sociais;1878612,15;13862
2022;Prefeitura Municipal de Demerval Lobão - PI;2203305;PI;DCA-Anexo I-C;Padrão;Receitas Brutas Realizadas;RO1.2.1.5.00.0.0;1.2.1.5.00.0.0 - Contribuições para Regimes Próprios de Previdência e Sistema de Proteção Social;1878612,15;13862
2022;Prefeitura Municipal de Demerval Lobão - PI;2203305;PI;DCA-Anexo I-C;Padrão;Receitas Brutas Realizadas;RO1.2.1.5.01.0.0;1.2.1.5.01.0.0 - Contribuição do Servidor Civil;1878612,15;13862
2022;Prefeitura Municipal de Demerval Lobão - PI;2203305;PI;DCA-Anexo I-C;Padrão;Receitas Brutas Realizadas;RO1.2.1.5.01.1.0;1.2.1.5.01.1.0 - Contribuição do Servidor Civil Ativo;1625186,49;13862
2022;Prefeitura Municipal de Demerval Lobão - PI;2203305;PI;DCA-Anexo I-C;Padrão;Receitas Brutas Realizadas;RO1.2.1.5.01.2.0;1.2.1.5.01.2.0 - Contribuição do Servidor Civil Inativo;243549,92;13862
2022;Prefeitura Municipal de Demerval Lobão - PI;2203305;PI;DCA-Anexo I-C;Padrão;Receitas Brutas Realizadas;RO1.2.1.5.01.3.0;1.2.1.5.01.3.0 -Contribuição do Servidor Civil - Pensionistas;9875,74;13862
2022;Prefeitura Municipal de Demerval Lobão - PI;2203305;PI;DCA-Anexo I-C;Padrão;Receitas Brutas Realizadas;RO1.2.4.0.00.0.0;1.2.4.0.00.0.0 - Contribuição para o Custeio do Serviço de Iluminação Pública;486791,79;13862
2022;Prefeitura Municipal de Demerval Lobão - PI;2203305;PI;DCA-Anexo I-C;Padrão;Receitas Brutas Realizadas;RO1.3.0.0.00.0.0;1.3.0.0.00.0.0 - Receita Patrimonial;1103164,41;13862
2022;Prefeitura Municipal de Demerval Lobão - PI;2203305;PI;DCA-Anexo I-C;Padrão;Receitas Brutas Realizadas;RO1.3.2.0.00.0.0;1.3.2.0.00.0.0 - Valores Mobiliários;1103164,41;13862
2022;Prefeitura Municipal de Demerval Lobão - PI;2203305;PI;DCA-Anexo I-C;Padrão;Receitas Brutas Realizadas;RO1.3.2.1.00.0.0;1.3.2.1.00.0.0 - Juros e Correções Monetárias;1103164,41;13862
2022;Prefeitura Municipal de Demerval Lobão - PI;2203305;PI;DCA-Anexo I-C;Padrão;Receitas Brutas Realizadas;RO1.3.2.1.01.0.0;1.3.2.1.01.0.0 - Remuneração de Depósitos Bancários;646461,62;13862
2022;Prefeitura Municipal de Demerval Lobão - PI;2203305;PI;DCA-Anexo I-C;Padrão;Receitas Brutas Realizadas;RO1.3.2.1.04.0.0;1.3.2.1.04.0.0 - Remuneração dos Recursos do Regime Próprio de Previdência Social - RPPS;456702,79;13862
2022;Prefeitura Municipal de Demerval Lobão - PI;2203305;PI;DCA-Anexo I-C;Padrão;Receitas Brutas Realizadas;RO1.7.0.0.00.0.0;1.7.0.0.00.0.0 - Transferências Correntes;65012601,26;13862
2022;Prefeitura Municipal de Demerval Lobão - PI;2203305;PI;DCA-Anexo I-C;Padrão;Deduções - FUNDEB;RO1.7.0.0.00.0.0;1.7.0.0.00.0.0 - Transferências Correntes;5100616,10;13862
2022;Prefeitura Municipal de Demerval Lobão - PI;2203305;PI;DCA-Anexo I-C;Padrão;Receitas Brutas Realizadas;RO1.7.1.0.00.0.0;1.7.1.0.00.0.0 - Transferências da União e de suas Entidades;42781440,41;13862
2022;Prefeitura Municipal de Demerval Lobão - PI;2203305;PI;DCA-Anexo I-C;Padrão;Deduções - FUNDEB;RO1.7.1.0.00.0.0;1.7.1.0.00.0.0 - Transferências da União e de suas Entidades;3889932,28;13862
2022;Prefeitura Municipal de Demerval Lobão - PI;2203305;PI;DCA-Anexo I-C;Padrão;Receitas Brutas Realizadas;RO1.7.1.1.00.0.0;1.7.1.1.00.0.0 - Transferências Decorrentes de Participação na Receita da União;21246973,92;13862
2022;Prefeitura Municipal de Demerval Lobão - PI;2203305;PI;DCA-Anexo I-C;Padrão;Deduções - FUNDEB;RO1.7.1.1.00.0.0;1.7.1.1.00.0.0 - Transferências Decorrentes de Participação na Receita da União;3889932,28;13862
2022;Prefeitura Municipal de Demerval Lobão - PI;2203305;PI;DCA-Anexo I-C;Padrão;Receitas Brutas Realizadas;RO1.7.1.1.51.0.0;1.7.1.1.51.0.0 -Cota-Parte do Fundo de Participação dos Municípios - FPM;21237707,87;13862
2022;Prefeitura Municipal de Demerval Lobão - PI;2203305;PI;DCA-Anexo I-C;Padrão;Deduções - FUNDEB;RO1.7.1.1.51.0.0;1.7.1.1.51.0.0 -Cota-Parte do Fundo de Participação dos Municípios - FPM;3888079,19;13862
2022;Prefeitura Municipal de Demerval Lobão - PI;2203305;PI;DCA-Anexo I-C;Padrão;Receitas Brutas Realizadas;RO1.7.1.1.51.1.0;1.7.1.1.51.1.0 - Cota-Parte do Fundo de Participação dos Municípios - Cota Mensal;19584907,91;13862
2022;Prefeitura Municipal de Demerval Lobão - PI;2203305;PI;DCA-Anexo I-C;Padrão;Deduções - FUNDEB;RO1.7.1.1.51.1.0;1.7.1.1.51.1.0 - Cota-Parte do Fundo de Participação dos Municípios - Cota Mensal;3888079,19;13862
2022;Prefeitura Municipal de Demerval Lobão - PI;2203305;PI;DCA-Anexo I-C;Padrão;Receitas Brutas Realizadas;RO1.7.1.1.51.2.0;1.7.1.1.51.2.0 - Cota-Parte do Fundo de Participação do Municípios ¿ 1% Cota entregue no mês de dezembro;853002,33;13862
2022;Prefeitura Municipal de Demerval Lobão - PI;2203305;PI;DCA-Anexo I-C;Padrão;Receitas Brutas Realizadas;RO1.7.1.1.51.3.0;1.7.1.1.51.3.0 - Cota-Parte do Fundo de Participação dos Municípios - 1% Cota entregue no mês de julho;799797,63;13862
2022;Prefeitura Municipal de Demerval Lobão - PI;2203305;PI;DCA-Anexo I-C;Padrão;Receitas Brutas Realizadas;RO1.7.1.1.52.0.0;1.7.1.1.52.0.0 - Cota-Parte do Imposto Sobre a Propriedade Territorial Rural;9266,05;13862
2022;Prefeitura Municipal de Demerval Lobão - PI;2203305;PI;DCA-Anexo I-C;Padrão;Deduções - FUNDEB;RO1.7.1.1.52.0.0;1.7.1.1.52.0.0 - Cota-Parte do Imposto Sobre a Propriedade Territorial Rural;1853,09;13862
2022;Prefeitura Municipal de Demerval Lobão - PI;2203305;PI;DCA-Anexo I-C;Padrão;Receitas Brutas Realizadas;RO1.7.1.2.00.0.0;1.7.1.2.00.0.0 -Transferências das Compensações Financeiras pela Exploração de Recursos Naturais;485207,34;13862
2022;Prefeitura Municipal de Demerval Lobão - PI;2203305;PI;DCA-Anexo I-C;Padrão;Receitas Brutas Realizadas;RO1.7.1.2.51.0.0;1.7.1.2.51.0.0 -Cota-parte da Compensação Financeira pela Exploração de Recursos Minerais - CFEM;14600,01;13862
2022;Prefeitura Municipal de Demerval Lobão - PI;2203305;PI;DCA-Anexo I-C;Padrão;Receitas Brutas Realizadas;RO1.7.1.2.52.0.0;1.7.1.2.52.0.0 - Cota-parte da Compensação Financeira pela Produção de Petróleo;470607,33;13862
2022;Prefeitura Municipal de Demerval Lobão - PI;2203305;PI;DCA-Anexo I-C;Padrão;Receitas Brutas Realizadas;RO1.7.1.2.52.4.0;1.7.1.2.52.4.0 - Cota-Parte do Fundo Especial do Petróleo ¿ FEP;470607,33;13862
2022;Prefeitura Municipal de Demerval Lobão - PI;2203305;PI;DCA-Anexo I-C;Padrão;Receitas Brutas Realizadas;RO1.7.1.3.00.0.0;1.7.1.3.00.0.0 -Transferências de Recursos do Sistema Único de Saúde ¿ SUS ;7996525,97;13862
2022;Prefeitura Municipal de Demerval Lobão - PI;2203305;PI;DCA-Anexo I-C;Padrão;Receitas Brutas Realizadas;RO1.7.1.3.50.0.0;1.7.1.3.50.0.0 - Transferências de Recursos do Sistema Único de Saúde ¿ SUS ¿ Repasses Fundo a Fundo - Bloco de Manutenção das Ações e Serviços Públicos de Saúde;4769390,78;13862
2022;Prefeitura Municipal de Demerval Lobão - PI;2203305;PI;DCA-Anexo I-C;Padrão;Receitas Brutas Realizadas;RO1.7.1.3.50.1.0;1.7.1.3.50.1.0 - Transferências de Recursos do Bloco de Manutenção das Ações e Serviços Públicos de Saúde ¿ Atenção Primária;2360202,65;13862
2022;Prefeitura Municipal de Demerval Lobão - PI;2203305;PI;DCA-Anexo I-C;Padrão;Receitas Brutas Realizadas;RO1.7.1.3.50.2.0;1.7.1.3.50.2.0 - Transferências de Recursos do Bloco de Manutenção das Ações e Serviços Públicos de Saúde ¿ Atenção Especializada;160300,00;13862
2022;Prefeitura Municipal de Demerval Lobão - PI;2203305;PI;DCA-Anexo I-C;Padrão;Receitas Brutas Realizadas;RO1.7.1.3.50.3.0;1.7.1.3.50.3.0 - Transferências de Recursos do Bloco de Manutenção das Ações e Serviços Públicos de Saúde ¿ Vigilância em Saúde;244698,44;13862
2022;Prefeitura Municipal de Demerval Lobão - PI;2203305;PI;DCA-Anexo I-C;Padrão;Receitas Brutas Realizadas;RO1.7.1.3.50.4.0;1.7.1.3.50.4.0 -Transferências de Recursos do Bloco de Manutenção das Ações e Serviços Públicos de Saúde ¿ Assistência Farmacêutica;90969,00;13862
2022;Prefeitura Municipal de Demerval Lobão - PI;2203305;PI;DCA-Anexo I-C;Padrão;Receitas Brutas Realizadas;RO1.7.1.3.50.5.0;1.7.1.3.50.5.0 - Transferências de Recursos do Bloco de Manutenção das Ações e Serviços Públicos de Saúde ¿ Gestão do SUS;4307,17;13862
2022;Prefeitura Municipal de Demerval Lobão - PI;2203305;PI;DCA-Anexo I-C;Padrão;Receitas Brutas Realizadas;RO1.7.1.3.50.9.0;1.7.1.3.50.9.0 - Transferências de Recursos do Bloco de Manutenção das Ações e Serviços Públicos de Saúde ¿ Outros Programas;1908913,52;13862
2022;Prefeitura Municipal de Demerval Lobão - PI;2203305;PI;DCA-Anexo I-C;Padrão;Receitas Brutas Realizadas;RO1.7.1.3.51.0.0;1.7.1.3.51.0.0 - Transferências de Recursos do Sistema Único de Saúde ¿ SUS - Repasses Fundo a Fundo - Bloco de Estruturação da Rede de Serviços Públicos de Saúde;3227135,19;13862
2022;Prefeitura Municipal de Demerval Lobão - PI;2203305;PI;DCA-Anexo I-C;Padrão;Receitas Brutas Realizadas;RO1.7.1.3.51.1.0;1.7.1.3.51.1.0 - Transferências de Recursos do Bloco de Estruturação da Rede de Serviços Públicos de Saúde - Atenção Primária;3205267,96;13862
2022;Prefeitura Municipal de Demerval Lobão - PI;2203305;PI;DCA-Anexo I-C;Padrão;Receitas Brutas Realizadas;RO1.7.1.3.51.3.0;1.7.1.3.51.3.0 - Transferências de Recursos do Bloco de Estruturação da Rede de Serviços Públicos de Saúde - Vigilância em Saúde;21867,23;13862
2022;Prefeitura Municipal de Demerval Lobão - PI;2203305;PI;DCA-Anexo I-C;Padrão;Receitas Brutas Realizadas;RO1.7.1.4.00.0.0;1.7.1.4.00.0.0 -Transferências de Recursos do Fundo Nacional do Desenvolvimento da Educação ¿ FNDE¿ ;893741,20;13862
2022;Prefeitura Municipal de Demerval Lobão - PI;2203305;PI;DCA-Anexo I-C;Padrão;Receitas Brutas Realizadas;RO1.7.1.4.50.0.0;1.7.1.4.50.0.0 - Transferências do Salário-Educação;196643,54;13862
2022;Prefeitura Municipal de Demerval Lobão - PI;2203305;PI;DCA-Anexo I-C;Padrão;Receitas Brutas Realizadas;RO1.7.1.4.52.0.0;1.7.1.4.52.0.0 - Transferências referentes ao Programa Nacional de Alimentação Escolar ¿ PNAE;570243,50;13862
2022;Prefeitura Municipal de Demerval Lobão - PI;2203305;PI;DCA-Anexo I-C;Padrão;Receitas Brutas Realizadas;RO1.7.1.4.53.0.0;1.7.1.4.53.0.0 - Transferências referentes ao Programa Nacional de Apoio ao Transporte do Escolar ¿ PNATE;110053,02;13862
2022;Prefeitura Municipal de Demerval Lobão - PI;2203305;PI;DCA-Anexo I-C;Padrão;Receitas Brutas Realizadas;RO1.7.1.4.99.0.0;1.7.1.4.99.0.0 - Outras Transferências Diretas do Fundo Nacional do Desenvolvimento da Educação - FNDE;16801,14;13862
2022;Prefeitura Municipal de Demerval Lobão - PI;2203305;PI;DCA-Anexo I-C;Padrão;Receitas Brutas Realizadas;RO1.7.1.5.00.0.0;1.7.1.5.00.0.0 - Transferências de Recursos de Complementação da União ao Fundo de Manutenção e Desenvolvimento da Educação Básica e de Valorização dos Profissionais da Educação ¿ FUNDEB ;11193168,78;13862
2022;Prefeitura Municipal de Demerval Lobão - PI;2203305;PI;DCA-Anexo I-C;Padrão;Receitas Brutas Realizadas;RO1.7.1.6.00.0.0;1.7.1.6.00.0.0 - Transferências de Recursos do Fundo Nacional de Assistência Social ¿ FNAS;704975,87;13862
2022;Prefeitura Municipal de Demerval Lobão - PI;2203305;PI;DCA-Anexo I-C;Padrão;Receitas Brutas Realizadas;RO1.7.1.9.00.0.0;1.7.1.9.00.0.0 - Outras Transferências de Recursos da União e de suas Entidades;260847,33;13862
2022;Prefeitura Municipal de Demerval Lobão - PI;2203305;PI;DCA-Anexo I-C;Padrão;Receitas Brutas Realizadas;RO1.7.1.9.51.0.0;1.7.1.9.51.0.0 - Transferências Financeiras do ICMS ¿ Desoneração ¿ L.C. Nº 87/96;20966,58;13862
2022;Prefeitura Municipal de Demerval Lobão - PI;2203305;PI;DCA-Anexo I-C;Padrão;Receitas Brutas Realizadas;RO1.7.1.9.99.0.0;1.7.1.9.99.0.0 - Outras Transferências de Recursos da União e de suas Entidades;239880,75;13862
2022;Prefeitura Municipal de Demerval Lobão - PI;2203305;PI;DCA-Anexo I-C;Padrão;Receitas Brutas Realizadas;RO1.7.2.0.00.0.0;1.7.2.0.00.0.0 - Transferências dos Estados e do Distrito Federal e de suas Entidades;6942848,44;13862
2022;Prefeitura Municipal de Demerval Lobão - PI;2203305;PI;DCA-Anexo I-C;Padrão;Deduções - FUNDEB;RO1.7.2.0.00.0.0;1.7.2.0.00.0.0 - Transferências dos Estados e do Distrito Federal e de suas Entidades;1210683,82;13862
2022;Prefeitura Municipal de Demerval Lobão - PI;2203305;PI;DCA-Anexo I-C;Padrão;Receitas Brutas Realizadas;RO1.7.2.1.00.0.0;1.7.2.1.00.0.0 - Participação na Receita dos Estados e Distrito Federal;6749242,26;13862
2022;Prefeitura Municipal de Demerval Lobão - PI;2203305;PI;DCA-Anexo I-C;Padrão;Deduções - FUNDEB;RO1.7.2.1.00.0.0;1.7.2.1.00.0.0 - Participação na Receita dos Estados e Distrito Federal;1210683,82;13862
2022;Prefeitura Municipal de Demerval Lobão - PI;2203305;PI;DCA-Anexo I-C;Padrão;Receitas Brutas Realizadas;RO1.7.2.1.50.0.0;1.7.2.1.50.0.0 - Cota-Parte do ICMS;6053419,10;13862
2022;Prefeitura Municipal de Demerval Lobão - PI;2203305;PI;DCA-Anexo I-C;Padrão;Deduções - FUNDEB;RO1.7.2.1.50.0.0;1.7.2.1.50.0.0 - Cota-Parte do ICMS;1210683,82;13862
2022;Prefeitura Municipal de Demerval Lobão - PI;2203305;PI;DCA-Anexo I-C;Padrão;Receitas Brutas Realizadas;RO1.7.2.1.51.0.0;1.7.2.1.51.0.0 - Cota-Parte do IPVA;478537,85;13862
2022;Prefeitura Municipal de Demerval Lobão - PI;2203305;PI;DCA-Anexo I-C;Padrão;Receitas Brutas Realizadas;RO1.7.2.1.52.0.0;1.7.2.1.52.0.0 - Cota-Parte do IPI - Municípios;418,41;13862
2022;Prefeitura Municipal de Demerval Lobão - PI;2203305;PI;DCA-Anexo I-C;Padrão;Receitas Brutas Realizadas;RO1.7.2.1.53.0.0;1.7.2.1.53.0.0 - Cota-Parte da Contribuição de Intervenção no Domínio Econômico;20591,56;13862
2022;Prefeitura Municipal de Demerval Lobão - PI;2203305;PI;DCA-Anexo I-C;Padrão;Receitas Brutas Realizadas;RO1.7.2.1.98.0.0;1.7.2.1.98.0.0 -Transferências Decorrentes de Participação em Outras Receitas de Impostos dos Estados e do Distrito Federal;196275,34;13862
2022;Prefeitura Municipal de Demerval Lobão - PI;2203305;PI;DCA-Anexo I-C;Padrão;Receitas Brutas Realizadas;RO1.7.2.9.00.0.0;1.7.2.9.00.0.0 - Outras Transferências dos Estados e Distrito Federal;193606,18;13862
2022;Prefeitura Municipal de Demerval Lobão - PI;2203305;PI;DCA-Anexo I-C;Padrão;Receitas Brutas Realizadas;RO1.7.2.9.99.0.0;1.7.2.9.99.0.0 - Outras Transferências dos Estados e DF;193606,18;13862
2022;Prefeitura Municipal de Demerval Lobão - PI;2203305;PI;DCA-Anexo I-C;Padrão;Receitas Brutas Realizadas;RO1.7.5.0.00.0.0;1.7.5.0.00.0.0 - Transferências de Outras Instituições Públicas;15283388,79;13862
2022;Prefeitura Municipal de Demerval Lobão - PI;2203305;PI;DCA-Anexo I-C;Padrão;Receitas Brutas Realizadas;RO1.7.5.1.00.0.0;1.7.5.1.00.0.0 - Transferências de Recursos do Fundo de Manutenção e Desenvolvimento da Educação Básica e de Valorização dos Profissionais da Educação - FUNDEB;15283388,79;13862
2022;Prefeitura Municipal de Demerval Lobão - PI;2203305;PI;DCA-Anexo I-C;Padrão;Receitas Brutas Realizadas;RO1.7.9.0.00.0.0;1.7.9.0.00.0.0 - Demais Transferências Correntes;4923,62;13862
2022;Prefeitura Municipal de Demerval Lobão - PI;2203305;PI;DCA-Anexo I-C;Padrão;Receitas Brutas Realizadas;RO1.7.9.1.00.0.0;1.7.9.1.00.0.0 - Transferências de Pessoas Físicas;4923,62;13862
2022;Prefeitura Municipal de Demerval Lobão - PI;2203305;PI;DCA-Anexo I-C;Padrão;Receitas Brutas Realizadas;RO1.7.9.1.01.0.0;1.7.9.1.01.0.0 - Transferências de Pessoas Físicas para Órgãos e Entidades da União;4923,62;13862
2022;Prefeitura Municipal de Demerval Lobão - PI;2203305;PI;DCA-Anexo I-C;Padrão;Receitas Brutas Realizadas;RO1.9.0.0.00.0.0;1.9.0.0.00.0.0 - Outras Receitas Correntes;1307164,38;13862
2022;Prefeitura Municipal de Demerval Lobão - PI;2203305;PI;DCA-Anexo I-C;Padrão;Receitas Brutas Realizadas;RO1.9.2.0.00.0.0;1.9.2.0.00.0.0 - Indenizações, Restituições e Ressarcimentos;8723,26;13862
2022;Prefeitura Municipal de Demerval Lobão - PI;2203305;PI;DCA-Anexo I-C;Padrão;Receitas Brutas Realizadas;RO1.9.2.2.00.0.0;1.9.2.2.00.0.0 - Restituições;8723,26;13862
2022;Prefeitura Municipal de Demerval Lobão - PI;2203305;PI;DCA-Anexo I-C;Padrão;Receitas Brutas Realizadas;RO1.9.2.2.06.0.0;1.9.2.2.06.0.0 - Restituição de Despesas de Exercícios Anteriores;8723,26;13862
2022;Prefeitura Municipal de Demerval Lobão - PI;2203305;PI;DCA-Anexo I-C;Padrão;Receitas Brutas Realizadas;RO1.9.9.0.00.0.0;1.9.9.0.00.0.0 - Demais Receitas Correntes;1298441,12;13862
2022;Prefeitura Municipal de Demerval Lobão - PI;2203305;PI;DCA-Anexo I-C;Padrão;Receitas Brutas Realizadas;RO1.9.9.9.00.0.0;1.9.9.9.00.0.0 - Outras Receitas Correntes;1298441,12;13862
2022;Prefeitura Municipal de Demerval Lobão - PI;2203305;PI;DCA-Anexo I-C;Padrão;Receitas Brutas Realizadas;RO1.9.9.9.03.0.0;1.9.9.9.03.0.0 - Compensações Financeiras entre o Regime Geral e os Regimes Próprios de Previdência e Sistema de Proteção Social;1268200,22;13862
2022;Prefeitura Municipal de Demerval Lobão - PI;2203305;PI;DCA-Anexo I-C;Padrão;Receitas Brutas Realizadas;RO1.9.9.9.99.0.0;1.9.9.9.99.0.0 - Outras Receitas;30240,90;13862
2022;Prefeitura Municipal de Demerval Lobão - PI;2203305;PI;DCA-Anexo I-C;Padrão;Receitas Brutas Realizadas;RO1.9.9.9.99.2.0;1.9.9.9.99.2.0 - Outras Receitas Não Arrecadadas e Não Projetadas pela RFB - Primárias;8575,30;13862
2022;Prefeitura Municipal de Demerval Lobão - PI;2203305;PI;DCA-Anexo I-C;Padrão;Receitas Brutas Realizadas;RO1.9.9.9.99.3.0;1.9.9.9.99.3.0 - Outras Receitas Não Arrecadadas e Não Projetadas pela RFB - Financeiras;21665,60;13862
2022;Prefeitura Municipal de Demerval Lobão - PI;2203305;PI;DCA-Anexo I-C;Padrão;Receitas Brutas Realizadas;RO2.0.0.0.00.0.0;2.0.0.0.00.0.0 - Receitas de Capital;4248070,81;13862
2022;Prefeitura Municipal de Demerval Lobão - PI;2203305;PI;DCA-Anexo I-C;Padrão;Receitas Brutas Realizadas;RO2.1.0.0.00.0.0;2.1.0.0.00.0.0 - Operações de Crédito;21337,20;13862
2022;Prefeitura Municipal de Demerval Lobão - PI;2203305;PI;DCA-Anexo I-C;Padrão;Receitas Brutas Realizadas;RO2.1.1.0.00.0.0;2.1.1.0.00.0.0 - Operações de Crédito - Mercado Interno;21337,20;13862
2022;Prefeitura Municipal de Demerval Lobão - PI;2203305;PI;DCA-Anexo I-C;Padrão;Receitas Brutas Realizadas;RO2.1.1.9.00.0.0;2.1.1.9.00.0.0 - Outras Operações de Crédito - Mercado Interno;21337,20;13862
2022;Prefeitura Municipal de Demerval Lobão - PI;2203305;PI;DCA-Anexo I-C;Padrão;Receitas Brutas Realizadas;RO2.4.0.0.00.0.0;2.4.0.0.00.0.0 - Transferências de Capital;4226733,61;13862
2022;Prefeitura Municipal de Demerval Lobão - PI;2203305;PI;DCA-Anexo I-C;Padrão;Receitas Brutas Realizadas;RO2.4.1.0.00.0.0;2.4.1.0.00.0.0 - Transferências da União e de suas Entidades;4214733,61;13862
2022;Prefeitura Municipal de Demerval Lobão - PI;2203305;PI;DCA-Anexo I-C;Padrão;Receitas Brutas Realizadas;RO2.4.1.2.00.0.0;2.4.1.2.00.0.0 - Transferências de Recursos do Fundo Nacional do Desenvolvimento da Educação ¿ FNDE ;228912,00;13862
2022;Prefeitura Municipal de Demerval Lobão - PI;2203305;PI;DCA-Anexo I-C;Padrão;Receitas Brutas Realizadas;RO2.4.1.2.50.0.0;2.4.1.2.50.0.0 - Transferências de Recursos Destinados a Programas de Educação;228912,00;13862
2022;Prefeitura Municipal de Demerval Lobão - PI;2203305;PI;DCA-Anexo I-C;Padrão;Receitas Brutas Realizadas;RO2.4.1.2.50.1.0;2.4.1.2.50.1.0 - Transferências para o Programa de Apoio ao Transporte Escolar para Educação Básica - CAMINHO DA ESCOLA;228912,00;13862
2022;Prefeitura Municipal de Demerval Lobão - PI;2203305;PI;DCA-Anexo I-C;Padrão;Receitas Brutas Realizadas;RO2.4.1.4.00.0.0;2.4.1.4.00.0.0 - Transferências de Convênios da União e de suas Entidades ;3985821,61;13862
2022;Prefeitura Municipal de Demerval Lobão - PI;2203305;PI;DCA-Anexo I-C;Padrão;Receitas Brutas Realizadas;RO2.4.1.4.99.0.0;2.4.1.4.99.0.0 - Outras Transferências de Convênios da União e de Suas Entidades;3985821,61;13862
2022;Prefeitura Municipal de Demerval Lobão - PI;2203305;PI;DCA-Anexo I-C;Padrão;Receitas Brutas Realizadas;RO2.4.2.0.00.0.0;2.4.2.0.00.0.0 - Transferências dos Estados e do Distrito Federal e de suas Entidades;12000,00;13862
2022;Prefeitura Municipal de Demerval Lobão - PI;2203305;PI;DCA-Anexo I-C;Padrão;Receitas Brutas Realizadas;RO2.4.2.2.00.0.0;2.4.2.2.00.0.0 - Transferências de Convênios dos Estados e DF e de Suas Entidades ;12000,00;13862
2022;Prefeitura Municipal de Demerval Lobão - PI;2203305;PI;DCA-Anexo I-C;Padrão;Receitas Brutas Realizadas;RO2.4.2.2.99.0.0;2.4.2.2.99.0.0 - Outras Transferências de Convênio dos Estados e DF e de Suas Entidades;12000,00;13862
2022;Prefeitura Municipal de Demerval Lobão - PI;2203305;PI;DCA-Anexo I-C;Padrão;Receitas Brutas Realizadas;ReceitasIntraOrcamentarias;RECEITAS (INTRA-ORÇAMENTÁRIAS) (II);2405094,46;13862
2022;Prefeitura Municipal de Demerval Lobão - PI;2203305;PI;DCA-Anexo I-C;Padrão;Receitas Brutas Realizadas;RI7.0.0.0.00.0.0;7.0.0.0.00.0.0 - Receitas Correntes;2405094,46;13862
2022;Prefeitura Municipal de Demerval Lobão - PI;2203305;PI;DCA-Anexo I-C;Padrão;Receitas Brutas Realizadas;RI7.2.0.0.00.0.0;7.2.0.0.00.0.0 - Contribuições;2405094,46;13862
2022;Prefeitura Municipal de Demerval Lobão - PI;2203305;PI;DCA-Anexo I-C;Padrão;Receitas Brutas Realizadas;RI7.2.1.0.00.0.0;7.2.1.0.00.0.0 - Contribuições Sociais;2405094,46;13862
2022;Prefeitura Municipal de Demerval Lobão - PI;2203305;PI;DCA-Anexo I-C;Padrão;Receitas Brutas Realizadas;RI7.2.1.5.00.0.0;7.2.1.5.00.0.0 - Contribuições para Regimes Próprios de Previdência e Sistema de Proteção Social;2405094,46;13862
2022;Prefeitura Municipal de Demerval Lobão - PI;2203305;PI;DCA-Anexo I-C;Padrão;Receitas Brutas Realizadas;RI7.2.1.5.02.0.0;7.2.1.5.02.0.0 - Contribuição Patronal - Servidor Civil;2405094,46;13862
2022;Prefeitura Municipal de Demerval Lobão - PI;2203305;PI;DCA-Anexo I-C;Padrão;Receitas Brutas Realizadas;RI7.2.1.5.02.1.0;7.2.1.5.02.1.0 - Contribuição Patronal - Servidor Civil Ativo;2405094,46;13862
2022;Prefeitura Municipal de Demerval Lobão - PI;2203305;PI;DCA-Anexo I-C;Padrão;Receitas Brutas Realizadas;TotalReceitas;TOTAL DAS RECEITAS (III) = (I + II);79623316,37;13862
2022;Prefeitura Municipal de Demerval Lobão - PI;2203305;PI;DCA-Anexo I-C;Padrão;Deduções - FUNDEB;TotalReceitas;TOTAL DAS RECEITAS (III) = (I + II);5100616,10;13862
2023;Prefeitura Municipal de Demerval Lobão - PI;2203305;PI;DCA-Anexo I-C;Padrão;Receitas Brutas Realizadas;ReceitasExcetoIntraOrcamentarias;RECEITAS (EXCETO INTRA-ORÇAMENTÁRIAS) (I);94056218,14;13862
2023;Prefeitura Municipal de Demerval Lobão - PI;2203305;PI;DCA-Anexo I-C;Padrão;Deduções - FUNDEB;ReceitasExcetoIntraOrcamentarias;RECEITAS (EXCETO INTRA-ORÇAMENTÁRIAS) (I);5298840,37;13862
2023;Prefeitura Municipal de Demerval Lobão - PI;2203305;PI;DCA-Anexo I-C;Padrão;Receitas Brutas Realizadas;RO1.0.0.0.00.0.0;1.0.0.0.00.0.0 - Receitas Correntes;88521823,44;13862
2023;Prefeitura Municipal de Demerval Lobão - PI;2203305;PI;DCA-Anexo I-C;Padrão;Deduções - FUNDEB;RO1.0.0.0.00.0.0;1.0.0.0.00.0.0 - Receitas Correntes;5298840,37;13862
2023;Prefeitura Municipal de Demerval Lobão - PI;2203305;PI;DCA-Anexo I-C;Padrão;Receitas Brutas Realizadas;RO1.1.0.0.00.0.0;1.1.0.0.00.0.0 - Impostos, Taxas e Contribuições de Melhoria;5647894,42;13862
2023;Prefeitura Municipal de Demerval Lobão - PI;2203305;PI;DCA-Anexo I-C;Padrão;Receitas Brutas Realizadas;RO1.1.1.0.00.0.0;1.1.1.0.00.0.0 - Impostos;5405773,12;13862
2023;Prefeitura Municipal de Demerval Lobão - PI;2203305;PI;DCA-Anexo I-C;Padrão;Receitas Brutas Realizadas;RO1.1.1.2.00.0.0;1.1.1.2.00.0.0 - Impostos sobre o Patrimônio;240637,55;13862
2023;Prefeitura Municipal de Demerval Lobão - PI;2203305;PI;DCA-Anexo I-C;Padrão;Receitas Brutas Realizadas;RO1.1.1.2.50.0.0;1.1.1.2.50.0.0 - Imposto sobre a Propriedade Predial e Territorial Urbana;14203,09;13862
2023;Prefeitura Municipal de Demerval Lobão - PI;2203305;PI;DCA-Anexo I-C;Padrão;Receitas Brutas Realizadas;RO1.1.1.2.53.0.0;"1.1.1.2.53.0.0 - Impostos sobre Transmissão ""Inter Vivos"" de Bens Imóveis e de Direitos Reais sobre Imóveis";226434,46;13862
2023;Prefeitura Municipal de Demerval Lobão - PI;2203305;PI;DCA-Anexo I-C;Padrão;Receitas Brutas Realizadas;RO1.1.1.3.00.0.0;1.1.1.3.00.0.0 - Impostos sobre a Renda e Proventos de Qualquer Natureza;2974482,16;13862
2023;Prefeitura Municipal de Demerval Lobão - PI;2203305;PI;DCA-Anexo I-C;Padrão;Receitas Brutas Realizadas;RO1.1.1.3.03.0.0;1.1.1.3.03.0.0 - Imposto sobre a Renda - Retido na Fonte;2974482,16;13862
2023;Prefeitura Municipal de Demerval Lobão - PI;2203305;PI;DCA-Anexo I-C;Padrão;Receitas Brutas Realizadas;RO1.1.1.3.03.1.0;1.1.1.3.03.1.0 - Imposto sobre a Renda - Retido na Fonte - Trabalho;2974482,16;13862
2023;Prefeitura Municipal de Demerval Lobão - PI;2203305;PI;DCA-Anexo I-C;Padrão;Receitas Brutas Realizadas;RO1.1.1.4.00.0.0;1.1.1.4.00.0.0 - Impostos sobre a Produção e Circulação de Mercadorias e Serviços;2190653,41;13862
2023;Prefeitura Municipal de Demerval Lobão - PI;2203305;PI;DCA-Anexo I-C;Padrão;Receitas Brutas Realizadas;RO1.1.1.4.51.0.0;1.1.1.4.51.0.0 - Impostos sobre Serviços;2190653,41;13862
2023;Prefeitura Municipal de Demerval Lobão - PI;2203305;PI;DCA-Anexo I-C;Padrão;Receitas Brutas Realizadas;RO1.1.1.4.51.1.0;1.1.1.4.51.1.0 - Imposto sobre Serviços de Qualquer Natureza - ISSQN;2190653,41;13862
2023;Prefeitura Municipal de Demerval Lobão - PI;2203305;PI;DCA-Anexo I-C;Padrão;Receitas Brutas Realizadas;RO1.1.2.0.00.0.0;1.1.2.0.00.0.0 - Taxas;242121,30;13862
2023;Prefeitura Municipal de Demerval Lobão - PI;2203305;PI;DCA-Anexo I-C;Padrão;Receitas Brutas Realizadas;RO1.1.2.1.00.0.0;1.1.2.1.00.0.0 - Taxas pelo Exercício do Poder de Polícia;242121,30;13862
2023;Prefeitura Municipal de Demerval Lobão - PI;2203305;PI;DCA-Anexo I-C;Padrão;Receitas Brutas Realizadas;RO1.1.2.1.01.0.0;1.1.2.1.01.0.0 - Taxas de Inspeção, Controle e Fiscalização;242121,30;13862
2023;Prefeitura Municipal de Demerval Lobão - PI;2203305;PI;DCA-Anexo I-C;Padrão;Receitas Brutas Realizadas;RO1.2.0.0.00.0.0;1.2.0.0.00.0.0 - Contribuições;3320512,57;13862
2023;Prefeitura Municipal de Demerval Lobão - PI;2203305;PI;DCA-Anexo I-C;Padrão;Receitas Brutas Realizadas;RO1.2.1.0.00.0.0;1.2.1.0.00.0.0 - Contribuições Sociais;2461241,74;13862
2023;Prefeitura Municipal de Demerval Lobão - PI;2203305;PI;DCA-Anexo I-C;Padrão;Receitas Brutas Realizadas;RO1.2.1.5.00.0.0;1.2.1.5.00.0.0 - Contribuições para Regimes Próprios de Previdência e Sistema de Proteção Social;2461241,74;13862
2023;Prefeitura Municipal de Demerval Lobão - PI;2203305;PI;DCA-Anexo I-C;Padrão;Receitas Brutas Realizadas;RO1.2.1.5.01.0.0;1.2.1.5.01.0.0 - Contribuição do Servidor Civil;2461241,74;13862
2023;Prefeitura Municipal de Demerval Lobão - PI;2203305;PI;DCA-Anexo I-C;Padrão;Receitas Brutas Realizadas;RO1.2.1.5.01.1.0;1.2.1.5.01.1.0 - Contribuição do Servidor Civil Ativo;2163409,41;13862
2023;Prefeitura Municipal de Demerval Lobão - PI;2203305;PI;DCA-Anexo I-C;Padrão;Receitas Brutas Realizadas;RO1.2.1.5.01.2.0;1.2.1.5.01.2.0 - Contribuição do Servidor Civil Inativo;284084,25;13862
2023;Prefeitura Municipal de Demerval Lobão - PI;2203305;PI;DCA-Anexo I-C;Padrão;Receitas Brutas Realizadas;RO1.2.1.5.01.3.0;1.2.1.5.01.3.0 -Contribuição do Servidor Civil - Pensionistas;13748,08;13862
2023;Prefeitura Municipal de Demerval Lobão - PI;2203305;PI;DCA-Anexo I-C;Padrão;Receitas Brutas Realizadas;RO1.2.4.0.00.0.0;1.2.4.0.00.0.0 - Contribuição para o Custeio do Serviço de Iluminação Pública;859270,83;13862
2023;Prefeitura Municipal de Demerval Lobão - PI;2203305;PI;DCA-Anexo I-C;Padrão;Receitas Brutas Realizadas;RO1.3.0.0.00.0.0;1.3.0.0.00.0.0 - Receita Patrimonial;1305595,26;13862
2023;Prefeitura Municipal de Demerval Lobão - PI;2203305;PI;DCA-Anexo I-C;Padrão;Receitas Brutas Realizadas;RO1.3.2.0.00.0.0;1.3.2.0.00.0.0 - Valores Mobiliários;1305595,26;13862
2023;Prefeitura Municipal de Demerval Lobão - PI;2203305;PI;DCA-Anexo I-C;Padrão;Receitas Brutas Realizadas;RO1.3.2.1.00.0.0;1.3.2.1.00.0.0 - Juros e Correções Monetárias;1305595,26;13862
2023;Prefeitura Municipal de Demerval Lobão - PI;2203305;PI;DCA-Anexo I-C;Padrão;Receitas Brutas Realizadas;RO1.3.2.1.01.0.0;1.3.2.1.01.0.0 - Remuneração de Depósitos Bancários;977841,99;13862
2023;Prefeitura Municipal de Demerval Lobão - PI;2203305;PI;DCA-Anexo I-C;Padrão;Receitas Brutas Realizadas;RO1.3.2.1.04.0.0;1.3.2.1.04.0.0 - Remuneração dos Recursos do Regime Próprio de Previdência Social - RPPS;327753,27;13862
2023;Prefeitura Municipal de Demerval Lobão - PI;2203305;PI;DCA-Anexo I-C;Padrão;Receitas Brutas Realizadas;RO1.6.0.0.00.0.0;1.6.0.0.00.0.0 - Receita de Serviços;132090,00;13862
2023;Prefeitura Municipal de Demerval Lobão - PI;2203305;PI;DCA-Anexo I-C;Padrão;Receitas Brutas Realizadas;RO1.6.1.0.00.0.0;1.6.1.0.00.0.0 - Serviços Administrativos e Comerciais Gerais;132090,00;13862
2023;Prefeitura Municipal de Demerval Lobão - PI;2203305;PI;DCA-Anexo I-C;Padrão;Receitas Brutas Realizadas;RO1.6.1.1.00.0.0;1.6.1.1.00.0.0 - Serviços Administrativos e Comerciais Gerais;132090,00;13862
2023;Prefeitura Municipal de Demerval Lobão - PI;2203305;PI;DCA-Anexo I-C;Padrão;Receitas Brutas Realizadas;RO1.6.1.1.02.0.0;1.6.1.1.02.0.0 - Inscrição em Concursos e Processos Seletivos;132090,00;13862
2023;Prefeitura Municipal de Demerval Lobão - PI;2203305;PI;DCA-Anexo I-C;Padrão;Receitas Brutas Realizadas;RO1.7.0.0.00.0.0;1.7.0.0.00.0.0 - Transferências Correntes;77438139,66;13862
2023;Prefeitura Municipal de Demerval Lobão - PI;2203305;PI;DCA-Anexo I-C;Padrão;Deduções - FUNDEB;RO1.7.0.0.00.0.0;1.7.0.0.00.0.0 - Transferências Correntes;5298840,37;13862
2023;Prefeitura Municipal de Demerval Lobão - PI;2203305;PI;DCA-Anexo I-C;Padrão;Receitas Brutas Realizadas;RO1.7.1.0.00.0.0;1.7.1.0.00.0.0 - Transferências da União e de suas Entidades;53074748,74;13862
2023;Prefeitura Municipal de Demerval Lobão - PI;2203305;PI;DCA-Anexo I-C;Padrão;Deduções - FUNDEB;RO1.7.1.0.00.0.0;1.7.1.0.00.0.0 - Transferências da União e de suas Entidades;3989992,20;13862
2023;Prefeitura Municipal de Demerval Lobão - PI;2203305;PI;DCA-Anexo I-C;Padrão;Receitas Brutas Realizadas;RO1.7.1.1.00.0.0;1.7.1.1.00.0.0 - Transferências Decorrentes de Participação na Receita da União;21916255,34;13862
2023;Prefeitura Municipal de Demerval Lobão - PI;2203305;PI;DCA-Anexo I-C;Padrão;Deduções - FUNDEB;RO1.7.1.1.00.0.0;1.7.1.1.00.0.0 - Transferências Decorrentes de Participação na Receita da União;3989992,20;13862
2023;Prefeitura Municipal de Demerval Lobão - PI;2203305;PI;DCA-Anexo I-C;Padrão;Receitas Brutas Realizadas;RO1.7.1.1.51.0.0;1.7.1.1.51.0.0 -Cota-Parte do Fundo de Participação dos Municípios - FPM;21909865,90;13862
2023;Prefeitura Municipal de Demerval Lobão - PI;2203305;PI;DCA-Anexo I-C;Padrão;Deduções - FUNDEB;RO1.7.1.1.51.0.0;1.7.1.1.51.0.0 -Cota-Parte do Fundo de Participação dos Municípios - FPM;3988714,42;13862
2023;Prefeitura Municipal de Demerval Lobão - PI;2203305;PI;DCA-Anexo I-C;Padrão;Receitas Brutas Realizadas;RO1.7.1.1.51.1.0;1.7.1.1.51.1.0 - Cota-Parte do Fundo de Participação dos Municípios - Cota Mensal;19943573,58;13862
2023;Prefeitura Municipal de Demerval Lobão - PI;2203305;PI;DCA-Anexo I-C;Padrão;Deduções - FUNDEB;RO1.7.1.1.51.1.0;1.7.1.1.51.1.0 - Cota-Parte do Fundo de Participação dos Municípios - Cota Mensal;3988714,42;13862
2023;Prefeitura Municipal de Demerval Lobão - PI;2203305;PI;DCA-Anexo I-C;Padrão;Receitas Brutas Realizadas;RO1.7.1.1.51.2.0;1.7.1.1.51.2.0 - Cota-Parte do Fundo de Participação dos Municípios - Cotas Extraordinárias;1966292,32;13862
2023;Prefeitura Municipal de Demerval Lobão - PI;2203305;PI;DCA-Anexo I-C;Padrão;Receitas Brutas Realizadas;RO1.7.1.1.52.0.0;1.7.1.1.52.0.0 - Cota-Parte do Imposto Sobre a Propriedade Territorial Rural;6389,44;13862
2023;Prefeitura Municipal de Demerval Lobão - PI;2203305;PI;DCA-Anexo I-C;Padrão;Deduções - FUNDEB;RO1.7.1.1.52.0.0;1.7.1.1.52.0.0 - Cota-Parte do Imposto Sobre a Propriedade Territorial Rural;1277,78;13862
2023;Prefeitura Municipal de Demerval Lobão - PI;2203305;PI;DCA-Anexo I-C;Padrão;Receitas Brutas Realizadas;RO1.7.1.2.00.0.0;1.7.1.2.00.0.0 -Transferências das Compensações Financeiras pela Exploração de Recursos Naturais;436446,15;13862
2023;Prefeitura Municipal de Demerval Lobão - PI;2203305;PI;DCA-Anexo I-C;Padrão;Receitas Brutas Realizadas;RO1.7.1.2.51.0.0;1.7.1.2.51.0.0 -Cota-parte da Compensação Financeira pela Exploração de Recursos Minerais - CFEM;11237,56;13862
2023;Prefeitura Municipal de Demerval Lobão - PI;2203305;PI;DCA-Anexo I-C;Padrão;Receitas Brutas Realizadas;RO1.7.1.2.52.0.0;1.7.1.2.52.0.0 - Cota-parte da Compensação Financeira pela Produção de Petróleo;425208,59;13862
2023;Prefeitura Municipal de Demerval Lobão - PI;2203305;PI;DCA-Anexo I-C;Padrão;Receitas Brutas Realizadas;RO1.7.1.2.52.4.0;1.7.1.2.52.4.0 - Cota-Parte do Fundo Especial do Petróleo ¿ FEP;425208,59;13862
2023;Prefeitura Municipal de Demerval Lobão - PI;2203305;PI;DCA-Anexo I-C;Padrão;Receitas Brutas Realizadas;RO1.7.1.3.00.0.0;1.7.1.3.00.0.0 -Transferências de Recursos do Sistema Único de Saúde ¿ SUS ;7642497,90;13862
2023;Prefeitura Municipal de Demerval Lobão - PI;2203305;PI;DCA-Anexo I-C;Padrão;Receitas Brutas Realizadas;RO1.7.1.3.50.0.0;1.7.1.3.50.0.0 - Transferências de Recursos do Sistema Único de Saúde ¿ SUS ¿ Repasses Fundo a Fundo - Bloco de Manutenção das Ações e Serviços Públicos de Saúde;7642497,90;13862
2023;Prefeitura Municipal de Demerval Lobão - PI;2203305;PI;DCA-Anexo I-C;Padrão;Receitas Brutas Realizadas;RO1.7.1.3.50.1.0;1.7.1.3.50.1.0 - Transferências de Recursos do Bloco de Manutenção das Ações e Serviços Públicos de Saúde ¿ Atenção Primária;6266935,28;13862
2023;Prefeitura Municipal de Demerval Lobão - PI;2203305;PI;DCA-Anexo I-C;Padrão;Receitas Brutas Realizadas;RO1.7.1.3.50.2.0;1.7.1.3.50.2.0 - Transferências de Recursos do Bloco de Manutenção das Ações e Serviços Públicos de Saúde ¿ Atenção Especializada;367500,00;13862
2023;Prefeitura Municipal de Demerval Lobão - PI;2203305;PI;DCA-Anexo I-C;Padrão;Receitas Brutas Realizadas;RO1.7.1.3.50.3.0;1.7.1.3.50.3.0 - Transferências de Recursos do Bloco de Manutenção das Ações e Serviços Públicos de Saúde ¿ Vigilância em Saúde;311190,62;13862
2023;Prefeitura Municipal de Demerval Lobão - PI;2203305;PI;DCA-Anexo I-C;Padrão;Receitas Brutas Realizadas;RO1.7.1.3.50.4.0;1.7.1.3.50.4.0 -Transferências de Recursos do Bloco de Manutenção das Ações e Serviços Públicos de Saúde ¿ Assistência Farmacêutica;82211,16;13862
2023;Prefeitura Municipal de Demerval Lobão - PI;2203305;PI;DCA-Anexo I-C;Padrão;Receitas Brutas Realizadas;RO1.7.1.3.50.5.0;1.7.1.3.50.5.0 - Transferências de Recursos do Bloco de Manutenção das Ações e Serviços Públicos de Saúde ¿ Gestão do SUS;614660,84;13862
2023;Prefeitura Municipal de Demerval Lobão - PI;2203305;PI;DCA-Anexo I-C;Padrão;Receitas Brutas Realizadas;RO1.7.1.4.00.0.0;1.7.1.4.00.0.0 -Transferências de Recursos do Fundo Nacional do Desenvolvimento da Educação ¿ FNDE¿ ;1182331,89;13862
2023;Prefeitura Municipal de Demerval Lobão - PI;2203305;PI;DCA-Anexo I-C;Padrão;Receitas Brutas Realizadas;RO1.7.1.4.50.0.0;1.7.1.4.50.0.0 - Transferências do Salário-Educação;235685,25;13862
2023;Prefeitura Municipal de Demerval Lobão - PI;2203305;PI;DCA-Anexo I-C;Padrão;Receitas Brutas Realizadas;RO1.7.1.4.52.0.0;1.7.1.4.52.0.0 - Transferências referentes ao Programa Nacional de Alimentação Escolar ¿ PNAE;810010,00;13862
2023;Prefeitura Municipal de Demerval Lobão - PI;2203305;PI;DCA-Anexo I-C;Padrão;Receitas Brutas Realizadas;RO1.7.1.4.53.0.0;1.7.1.4.53.0.0 - Transferências referentes ao Programa Nacional de Apoio ao Transporte do Escolar ¿ PNATE;99004,39;13862
2023;Prefeitura Municipal de Demerval Lobão - PI;2203305;PI;DCA-Anexo I-C;Padrão;Receitas Brutas Realizadas;RO1.7.1.4.99.0.0;1.7.1.4.99.0.0 - Outras Transferências Diretas do Fundo Nacional do Desenvolvimento da Educação - FNDE;37632,25;13862
2023;Prefeitura Municipal de Demerval Lobão - PI;2203305;PI;DCA-Anexo I-C;Padrão;Receitas Brutas Realizadas;RO1.7.1.5.00.0.0;1.7.1.5.00.0.0 - Transferências de Recursos de Complementação da União ao Fundo de Manutenção e Desenvolvimento da Educação Básica e de Valorização dos Profissionais da Educação ¿ FUNDEB ;14930555,52;13862
2023;Prefeitura Municipal de Demerval Lobão - PI;2203305;PI;DCA-Anexo I-C;Padrão;Receitas Brutas Realizadas;RO1.7.1.6.00.0.0;1.7.1.6.00.0.0 - Transferências de Recursos do Fundo Nacional de Assistência Social ¿ FNAS;1034427,20;13862
2023;Prefeitura Municipal de Demerval Lobão - PI;2203305;PI;DCA-Anexo I-C;Padrão;Receitas Brutas Realizadas;RO1.7.1.9.00.0.0;1.7.1.9.00.0.0 - Outras Transferências de Recursos da União e de suas Entidades;5932234,74;13862
2023;Prefeitura Municipal de Demerval Lobão - PI;2203305;PI;DCA-Anexo I-C;Padrão;Receitas Brutas Realizadas;RO1.7.1.9.56.0.0;1.7.1.9.56.0.0 - Transferências Decorrentes de Decisão Judicial (precatórios) Relativas ao Fundo de Manutenção e Desenvolvimento do Ensino Fundamental e de Valorização do Magistério ¿ FUNDEF;4603448,15;13862
2023;Prefeitura Municipal de Demerval Lobão - PI;2203305;PI;DCA-Anexo I-C;Padrão;Receitas Brutas Realizadas;RO1.7.1.9.99.0.0;1.7.1.9.99.0.0 - Outras Transferências de Recursos da União e de suas Entidades;1328786,59;13862
2023;Prefeitura Municipal de Demerval Lobão - PI;2203305;PI;DCA-Anexo I-C;Padrão;Receitas Brutas Realizadas;RO1.7.2.0.00.0.0;1.7.2.0.00.0.0 - Transferências dos Estados e do Distrito Federal e de suas Entidades;7691131,47;13862
2023;Prefeitura Municipal de Demerval Lobão - PI;2203305;PI;DCA-Anexo I-C;Padrão;Deduções - FUNDEB;RO1.7.2.0.00.0.0;1.7.2.0.00.0.0 - Transferências dos Estados e do Distrito Federal e de suas Entidades;1308848,17;13862
2023;Prefeitura Municipal de Demerval Lobão - PI;2203305;PI;DCA-Anexo I-C;Padrão;Receitas Brutas Realizadas;RO1.7.2.1.00.0.0;1.7.2.1.00.0.0 - Participação na Receita dos Estados e Distrito Federal;7396163,63;13862
2023;Prefeitura Municipal de Demerval Lobão - PI;2203305;PI;DCA-Anexo I-C;Padrão;Deduções - FUNDEB;RO1.7.2.1.00.0.0;1.7.2.1.00.0.0 - Participação na Receita dos Estados e Distrito Federal;1308848,17;13862
2023;Prefeitura Municipal de Demerval Lobão - PI;2203305;PI;DCA-Anexo I-C;Padrão;Receitas Brutas Realizadas;RO1.7.2.1.50.0.0;1.7.2.1.50.0.0 - Cota-Parte do ICMS;6579531,28;13862
2023;Prefeitura Municipal de Demerval Lobão - PI;2203305;PI;DCA-Anexo I-C;Padrão;Deduções - FUNDEB;RO1.7.2.1.50.0.0;1.7.2.1.50.0.0 - Cota-Parte do ICMS;1308848,17;13862
2023;Prefeitura Municipal de Demerval Lobão - PI;2203305;PI;DCA-Anexo I-C;Padrão;Receitas Brutas Realizadas;RO1.7.2.1.51.0.0;1.7.2.1.51.0.0 - Cota-Parte do IPVA;508941,89;13862
2023;Prefeitura Municipal de Demerval Lobão - PI;2203305;PI;DCA-Anexo I-C;Padrão;Receitas Brutas Realizadas;RO1.7.2.1.52.0.0;1.7.2.1.52.0.0 - Cota-Parte do IPI - Municípios;371,64;13862
2023;Prefeitura Municipal de Demerval Lobão - PI;2203305;PI;DCA-Anexo I-C;Padrão;Receitas Brutas Realizadas;RO1.7.2.1.53.0.0;1.7.2.1.53.0.0 - Cota-Parte da Contribuição de Intervenção no Domínio Econômico;4165,82;13862
2023;Prefeitura Municipal de Demerval Lobão - PI;2203305;PI;DCA-Anexo I-C;Padrão;Receitas Brutas Realizadas;RO1.7.2.1.98.0.0;1.7.2.1.98.0.0 -Transferências Decorrentes de Participação em Outras Receitas de Impostos dos Estados e do Distrito Federal;303153,00;13862
2023;Prefeitura Municipal de Demerval Lobão - PI;2203305;PI;DCA-Anexo I-C;Padrão;Receitas Brutas Realizadas;RO1.7.2.9.00.0.0;1.7.2.9.00.0.0 - Outras Transferências dos Estados e Distrito Federal;294967,84;13862
2023;Prefeitura Municipal de Demerval Lobão - PI;2203305;PI;DCA-Anexo I-C;Padrão;Receitas Brutas Realizadas;RO1.7.2.9.99.0.0;1.7.2.9.99.0.0 - Outras Transferências dos Estados e DF;294967,84;13862
2023;Prefeitura Municipal de Demerval Lobão - PI;2203305;PI;DCA-Anexo I-C;Padrão;Receitas Brutas Realizadas;RO1.7.5.0.00.0.0;1.7.5.0.00.0.0 - Transferências de Outras Instituições Públicas;16671672,93;13862
2023;Prefeitura Municipal de Demerval Lobão - PI;2203305;PI;DCA-Anexo I-C;Padrão;Receitas Brutas Realizadas;RO1.7.5.1.00.0.0;1.7.5.1.00.0.0 - Transferências de Recursos do Fundo de Manutenção e Desenvolvimento da Educação Básica e de Valorização dos Profissionais da Educação - FUNDEB;16671672,93;13862
2023;Prefeitura Municipal de Demerval Lobão - PI;2203305;PI;DCA-Anexo I-C;Padrão;Receitas Brutas Realizadas;RO1.7.9.0.00.0.0;1.7.9.0.00.0.0 - Demais Transferências Correntes;586,52;13862
2023;Prefeitura Municipal de Demerval Lobão - PI;2203305;PI;DCA-Anexo I-C;Padrão;Receitas Brutas Realizadas;RO1.7.9.1.00.0.0;1.7.9.1.00.0.0 - Transferências de Pessoas Físicas;586,52;13862
2023;Prefeitura Municipal de Demerval Lobão - PI;2203305;PI;DCA-Anexo I-C;Padrão;Receitas Brutas Realizadas;RO1.7.9.1.01.0.0;1.7.9.1.01.0.0 - Transferências de Pessoas Físicas para Órgãos e Entidades da União;586,52;13862
2023;Prefeitura Municipal de Demerval Lobão - PI;2203305;PI;DCA-Anexo I-C;Padrão;Receitas Brutas Realizadas;RO1.9.0.0.00.0.0;1.9.0.0.00.0.0 - Outras Receitas Correntes;677591,53;13862
2023;Prefeitura Municipal de Demerval Lobão - PI;2203305;PI;DCA-Anexo I-C;Padrão;Receitas Brutas Realizadas;RO1.9.9.0.00.0.0;1.9.9.0.00.0.0 - Demais Receitas Correntes;677591,53;13862
2023;Prefeitura Municipal de Demerval Lobão - PI;2203305;PI;DCA-Anexo I-C;Padrão;Receitas Brutas Realizadas;RO1.9.9.9.00.0.0;1.9.9.9.00.0.0 - Outras Receitas Correntes;677591,53;13862
2023;Prefeitura Municipal de Demerval Lobão - PI;2203305;PI;DCA-Anexo I-C;Padrão;Receitas Brutas Realizadas;RO1.9.9.9.03.0.0;1.9.9.9.03.0.0 - Compensações Financeiras entre os Regimes de Previdência;677054,82;13862
2023;Prefeitura Municipal de Demerval Lobão - PI;2203305;PI;DCA-Anexo I-C;Padrão;Receitas Brutas Realizadas;RO1.9.9.9.99.0.0;1.9.9.9.99.0.0 - Outras Receitas;536,71;13862
2023;Prefeitura Municipal de Demerval Lobão - PI;2203305;PI;DCA-Anexo I-C;Padrão;Receitas Brutas Realizadas;RO1.9.9.9.99.3.0;1.9.9.9.99.3.0 - Outras Receitas Não Arrecadadas e Não Projetadas pela RFB - Financeiras;536,71;13862
2023;Prefeitura Municipal de Demerval Lobão - PI;2203305;PI;DCA-Anexo I-C;Padrão;Receitas Brutas Realizadas;RO2.0.0.0.00.0.0;2.0.0.0.00.0.0 - Receitas de Capital;5534394,70;13862
2023;Prefeitura Municipal de Demerval Lobão - PI;2203305;PI;DCA-Anexo I-C;Padrão;Receitas Brutas Realizadas;RO2.1.0.0.00.0.0;2.1.0.0.00.0.0 - Operações de Crédito;1648369,56;13862
2023;Prefeitura Municipal de Demerval Lobão - PI;2203305;PI;DCA-Anexo I-C;Padrão;Receitas Brutas Realizadas;RO2.1.1.0.00.0.0;2.1.1.0.00.0.0 - Operações de Crédito - Mercado Interno;1648369,56;13862
2023;Prefeitura Municipal de Demerval Lobão - PI;2203305;PI;DCA-Anexo I-C;Padrão;Receitas Brutas Realizadas;RO2.1.1.9.00.0.0;2.1.1.9.00.0.0 - Outras Operações de Crédito - Mercado Interno;1648369,56;13862
2023;Prefeitura Municipal de Demerval Lobão - PI;2203305;PI;DCA-Anexo I-C;Padrão;Receitas Brutas Realizadas;RO2.2.0.0.00.0.0;2.2.0.0.00.0.0 - Alienação de Bens;48600,00;13862
2023;Prefeitura Municipal de Demerval Lobão - PI;2203305;PI;DCA-Anexo I-C;Padrão;Receitas Brutas Realizadas;RO2.2.1.0.00.0.0;2.2.1.0.00.0.0 - Alienação de Bens Móveis;48600,00;13862
2023;Prefeitura Municipal de Demerval Lobão - PI;2203305;PI;DCA-Anexo I-C;Padrão;Receitas Brutas Realizadas;RO2.2.1.3.00.0.0;2.2.1.3.00.0.0 - Alienação de Bens Móveis e Semoventes;48600,00;13862
2023;Prefeitura Municipal de Demerval Lobão - PI;2203305;PI;DCA-Anexo I-C;Padrão;Receitas Brutas Realizadas;RO2.4.0.0.00.0.0;2.4.0.0.00.0.0 - Transferências de Capital;3837425,14;13862
2023;Prefeitura Municipal de Demerval Lobão - PI;2203305;PI;DCA-Anexo I-C;Padrão;Receitas Brutas Realizadas;RO2.4.1.0.00.0.0;2.4.1.0.00.0.0 - Transferências da União e de suas Entidades;3813425,14;13862
2023;Prefeitura Municipal de Demerval Lobão - PI;2203305;PI;DCA-Anexo I-C;Padrão;Receitas Brutas Realizadas;RO2.4.1.1.00.0.0;2.4.1.1.00.0.0 - Transferências de Recursos do Sistema Único de Saúde - SUS;749998,00;13862
2023;Prefeitura Municipal de Demerval Lobão - PI;2203305;PI;DCA-Anexo I-C;Padrão;Receitas Brutas Realizadas;RO2.4.1.1.51.0.0;2.4.1.1.51.0.0 - Transferências de Recursos do Sistema Único de Saúde ¿ SUS - Fundo a Fundo - Bloco de Estruturação da Rede de Serviços Públicos de Saúde;749998,00;13862
2023;Prefeitura Municipal de Demerval Lobão - PI;2203305;PI;DCA-Anexo I-C;Padrão;Receitas Brutas Realizadas;RO2.4.1.1.51.1.0;2.4.1.1.51.1.0 - Transferências de Recursos do Bloco de Estruturação da Rede de Serviços Públicos de Saúde - Atenção Primária;749998,00;13862
2023;Prefeitura Municipal de Demerval Lobão - PI;2203305;PI;DCA-Anexo I-C;Padrão;Receitas Brutas Realizadas;RO2.4.1.2.00.0.0;2.4.1.2.00.0.0 - Transferências de Recursos do Fundo Nacional do Desenvolvimento da Educação ¿ FNDE ;117297,49;13862
2023;Prefeitura Municipal de Demerval Lobão - PI;2203305;PI;DCA-Anexo I-C;Padrão;Receitas Brutas Realizadas;RO2.4.1.2.50.0.0;2.4.1.2.50.0.0 - Transferências de Recursos Destinados a Programas de Educação;117297,49;13862
2023;Prefeitura Municipal de Demerval Lobão - PI;2203305;PI;DCA-Anexo I-C;Padrão;Receitas Brutas Realizadas;RO2.4.1.2.50.2.0;2.4.1.2.50.2.0 - Transferências para o Programa Nacional de Reestruturação e Aquisição de Equipamentos para a Rede Escolar Pública de Educação Infantil - Proinfância;117297,49;13862
2023;Prefeitura Municipal de Demerval Lobão - PI;2203305;PI;DCA-Anexo I-C;Padrão;Receitas Brutas Realizadas;RO2.4.1.4.00.0.0;2.4.1.4.00.0.0 - Transferências de Convênios da União e de suas Entidades ;2946129,65;13862
2023;Prefeitura Municipal de Demerval Lobão - PI;2203305;PI;DCA-Anexo I-C;Padrão;Receitas Brutas Realizadas;RO2.4.1.4.99.0.0;2.4.1.4.99.0.0 - Outras Transferências de Convênios da União e de Suas Entidades;2946129,65;13862
2023;Prefeitura Municipal de Demerval Lobão - PI;2203305;PI;DCA-Anexo I-C;Padrão;Receitas Brutas Realizadas;RO2.4.2.0.00.0.0;2.4.2.0.00.0.0 - Transferências dos Estados e do Distrito Federal e de suas Entidades;24000,00;13862
2023;Prefeitura Municipal de Demerval Lobão - PI;2203305;PI;DCA-Anexo I-C;Padrão;Receitas Brutas Realizadas;RO2.4.2.2.00.0.0;2.4.2.2.00.0.0 - Transferências de Convênios dos Estados e DF e de Suas Entidades ;24000,00;13862
2023;Prefeitura Municipal de Demerval Lobão - PI;2203305;PI;DCA-Anexo I-C;Padrão;Receitas Brutas Realizadas;RO2.4.2.2.99.0.0;2.4.2.2.99.0.0 - Outras Transferências de Convênios dos Estados e DF e de Suas Entidades;24000,00;13862
2023;Prefeitura Municipal de Demerval Lobão - PI;2203305;PI;DCA-Anexo I-C;Padrão;Receitas Brutas Realizadas;ReceitasIntraOrcamentarias;RECEITAS (INTRA-ORÇAMENTÁRIAS) (II);3618924,72;13862
2023;Prefeitura Municipal de Demerval Lobão - PI;2203305;PI;DCA-Anexo I-C;Padrão;Receitas Brutas Realizadas;RI7.0.0.0.00.0.0;7.0.0.0.00.0.0 - Receitas Correntes;3618924,72;13862
2023;Prefeitura Municipal de Demerval Lobão - PI;2203305;PI;DCA-Anexo I-C;Padrão;Receitas Brutas Realizadas;RI7.2.0.0.00.0.0;7.2.0.0.00.0.0 - Contribuições;3618924,72;13862
2023;Prefeitura Municipal de Demerval Lobão - PI;2203305;PI;DCA-Anexo I-C;Padrão;Receitas Brutas Realizadas;RI7.2.1.0.00.0.0;7.2.1.0.00.0.0 - Contribuições Sociais;3618924,72;13862
2023;Prefeitura Municipal de Demerval Lobão - PI;2203305;PI;DCA-Anexo I-C;Padrão;Receitas Brutas Realizadas;RI7.2.1.5.00.0.0;7.2.1.5.00.0.0 - Contribuições para Regimes Próprios de Previdência e Sistema de Proteção Social;3618924,72;13862
2023;Prefeitura Municipal de Demerval Lobão - PI;2203305;PI;DCA-Anexo I-C;Padrão;Receitas Brutas Realizadas;RI7.2.1.5.02.0.0;7.2.1.5.02.0.0 - Contribuição Patronal - Servidor Civil;3618924,72;13862
2023;Prefeitura Municipal de Demerval Lobão - PI;2203305;PI;DCA-Anexo I-C;Padrão;Receitas Brutas Realizadas;RI7.2.1.5.02.1.0;7.2.1.5.02.1.0 - Contribuição Patronal - Servidor Civil Ativo;3618924,72;13862
2023;Prefeitura Municipal de Demerval Lobão - PI;2203305;PI;DCA-Anexo I-C;Padrão;Receitas Brutas Realizadas;TotalReceitas;TOTAL DAS RECEITAS (III) = (I + II);97675142,86;13862
2023;Prefeitura Municipal de Demerval Lobão - PI;2203305;PI;DCA-Anexo I-C;Padrão;Deduções - FUNDEB;TotalReceitas;TOTAL DAS RECEITAS (III) = (I + II);5298840,37;13862
2024;Prefeitura Municipal de Demerval Lobão - PI;2203305;PI;DCA-Anexo I-C;Padrão;Receitas Brutas Realizadas;ReceitasExcetoIntraOrcamentarias;RECEITAS (EXCETO INTRA-ORÇAMENTÁRIAS) (I);106847736,57;16359
2024;Prefeitura Municipal de Demerval Lobão - PI;2203305;PI;DCA-Anexo I-C;Padrão;Deduções - FUNDEB;ReceitasExcetoIntraOrcamentarias;RECEITAS (EXCETO INTRA-ORÇAMENTÁRIAS) (I);5996522,43;16359
2024;Prefeitura Municipal de Demerval Lobão - PI;2203305;PI;DCA-Anexo I-C;Padrão;Receitas Brutas Realizadas;RO1.0.0.0.00.0.0;1.0.0.0.00.0.0 - Receitas Correntes;101914969,42;16359
2024;Prefeitura Municipal de Demerval Lobão - PI;2203305;PI;DCA-Anexo I-C;Padrão;Deduções - FUNDEB;RO1.0.0.0.00.0.0;1.0.0.0.00.0.0 - Receitas Correntes;5996522,43;16359
2024;Prefeitura Municipal de Demerval Lobão - PI;2203305;PI;DCA-Anexo I-C;Padrão;Receitas Brutas Realizadas;RO1.1.0.0.00.0.0;1.1.0.0.00.0.0 - Impostos, Taxas e Contribuições de Melhoria;5963657,40;16359
2024;Prefeitura Municipal de Demerval Lobão - PI;2203305;PI;DCA-Anexo I-C;Padrão;Receitas Brutas Realizadas;RO1.1.1.0.00.0.0;1.1.1.0.00.0.0 - Impostos;5701349,90;16359
2024;Prefeitura Municipal de Demerval Lobão - PI;2203305;PI;DCA-Anexo I-C;Padrão;Receitas Brutas Realizadas;RO1.1.1.2.00.0.0;1.1.1.2.00.0.0 - Impostos sobre o Patrimônio;516746,87;16359
2024;Prefeitura Municipal de Demerval Lobão - PI;2203305;PI;DCA-Anexo I-C;Padrão;Receitas Brutas Realizadas;RO1.1.1.2.50.0.0;1.1.1.2.50.0.0 - Imposto sobre a Propriedade Predial e Territorial Urbana;3752,59;16359
2024;Prefeitura Municipal de Demerval Lobão - PI;2203305;PI;DCA-Anexo I-C;Padrão;Receitas Brutas Realizadas;RO1.1.1.2.53.0.0;"1.1.1.2.53.0.0 - Impostos sobre Transmissão ""Inter Vivos"" de Bens Imóveis e de Direitos Reais sobre Imóveis";512994,28;16359
2024;Prefeitura Municipal de Demerval Lobão - PI;2203305;PI;DCA-Anexo I-C;Padrão;Receitas Brutas Realizadas;RO1.1.1.3.00.0.0;1.1.1.3.00.0.0 - Impostos sobre a Renda e Proventos de Qualquer Natureza;3118728,05;16359
2024;Prefeitura Municipal de Demerval Lobão - PI;2203305;PI;DCA-Anexo I-C;Padrão;Receitas Brutas Realizadas;RO1.1.1.3.01.0.0;1.1.1.3.01.0.0 - Imposto sobre a Renda de Pessoa Física - IRPF;180431,48;16359
2024;Prefeitura Municipal de Demerval Lobão - PI;2203305;PI;DCA-Anexo I-C;Padrão;Receitas Brutas Realizadas;RO1.1.1.3.02.0.0;1.1.1.3.02.0.0 - Imposto sobre a Renda de Pessoa Jurídica - IRPJ - Líquida de Incentivos;485328,42;16359
2024;Prefeitura Municipal de Demerval Lobão - PI;2203305;PI;DCA-Anexo I-C;Padrão;Receitas Brutas Realizadas;RO1.1.1.3.03.0.0;1.1.1.3.03.0.0 - Imposto sobre a Renda - Retido na Fonte;2452968,15;16359
2024;Prefeitura Municipal de Demerval Lobão - PI;2203305;PI;DCA-Anexo I-C;Padrão;Receitas Brutas Realizadas;RO1.1.1.3.03.1.0;1.1.1.3.03.1.0 - Imposto sobre a Renda - Retido na Fonte - Trabalho;2347996,64;16359
2024;Prefeitura Municipal de Demerval Lobão - PI;2203305;PI;DCA-Anexo I-C;Padrão;Receitas Brutas Realizadas;RO1.1.1.3.03.4.0;1.1.1.3.03.4.0 - Imposto sobre a Renda - Retido na Fonte - Outros Rendimentos;104971,51;16359
2024;Prefeitura Municipal de Demerval Lobão - PI;2203305;PI;DCA-Anexo I-C;Padrão;Receitas Brutas Realizadas;RO1.1.1.4.00.0.0;1.1.1.4.00.0.0 - Impostos sobre a Produção e Circulação de Mercadorias e Serviços;2065874,98;16359
2024;Prefeitura Municipal de Demerval Lobão - PI;2203305;PI;DCA-Anexo I-C;Padrão;Receitas Brutas Realizadas;RO1.1.1.4.51.0.0;1.1.1.4.51.0.0 - Impostos sobre Serviços;2065874,98;16359
2024;Prefeitura Municipal de Demerval Lobão - PI;2203305;PI;DCA-Anexo I-C;Padrão;Receitas Brutas Realizadas;RO1.1.1.4.51.1.0;1.1.1.4.51.1.0 - Imposto sobre Serviços de Qualquer Natureza - ISSQN;2065874,98;16359
2024;Prefeitura Municipal de Demerval Lobão - PI;2203305;PI;DCA-Anexo I-C;Padrão;Receitas Brutas Realizadas;RO1.1.2.0.00.0.0;1.1.2.0.00.0.0 - Taxas;262307,50;16359
2024;Prefeitura Municipal de Demerval Lobão - PI;2203305;PI;DCA-Anexo I-C;Padrão;Receitas Brutas Realizadas;RO1.1.2.1.00.0.0;1.1.2.1.00.0.0 - Taxas pelo Exercício do Poder de Polícia;262307,50;16359
2024;Prefeitura Municipal de Demerval Lobão - PI;2203305;PI;DCA-Anexo I-C;Padrão;Receitas Brutas Realizadas;RO1.1.2.1.01.0.0;1.1.2.1.01.0.0 - Taxas de Inspeção, Controle e Fiscalização;262307,50;16359
2024;Prefeitura Municipal de Demerval Lobão - PI;2203305;PI;DCA-Anexo I-C;Padrão;Receitas Brutas Realizadas;RO1.2.0.0.00.0.0;1.2.0.0.00.0.0 - Contribuições;4824604,79;16359
2024;Prefeitura Municipal de Demerval Lobão - PI;2203305;PI;DCA-Anexo I-C;Padrão;Receitas Brutas Realizadas;RO1.2.1.0.00.0.0;1.2.1.0.00.0.0 - Contribuições Sociais;2526173,49;16359
2024;Prefeitura Municipal de Demerval Lobão - PI;2203305;PI;DCA-Anexo I-C;Padrão;Receitas Brutas Realizadas;RO1.2.1.5.00.0.0;1.2.1.5.00.0.0 - Contribuições para Regimes Próprios de Previdência e Sistema de Proteção Social;2526173,49;16359
2024;Prefeitura Municipal de Demerval Lobão - PI;2203305;PI;DCA-Anexo I-C;Padrão;Receitas Brutas Realizadas;RO1.2.1.5.01.0.0;1.2.1.5.01.0.0 - Contribuição do Servidor Civil;2526173,49;16359
2024;Prefeitura Municipal de Demerval Lobão - PI;2203305;PI;DCA-Anexo I-C;Padrão;Receitas Brutas Realizadas;RO1.2.1.5.01.1.0;1.2.1.5.01.1.0 - Contribuição do Servidor Civil Ativo;2187309,44;16359
2024;Prefeitura Municipal de Demerval Lobão - PI;2203305;PI;DCA-Anexo I-C;Padrão;Receitas Brutas Realizadas;RO1.2.1.5.01.2.0;1.2.1.5.01.2.0 - Contribuição do Servidor Civil Inativo;325319,37;16359
2024;Prefeitura Municipal de Demerval Lobão - PI;2203305;PI;DCA-Anexo I-C;Padrão;Receitas Brutas Realizadas;RO1.2.1.5.01.3.0;1.2.1.5.01.3.0 -Contribuição do Servidor Civil - Pensionistas;13544,68;16359
2024;Prefeitura Municipal de Demerval Lobão - PI;2203305;PI;DCA-Anexo I-C;Padrão;Receitas Brutas Realizadas;RO1.2.4.0.00.0.0;1.2.4.0.00.0.0 - Contribuição para o Custeio do Serviço de Iluminação Pública;2298431,30;16359
2024;Prefeitura Municipal de Demerval Lobão - PI;2203305;PI;DCA-Anexo I-C;Padrão;Receitas Brutas Realizadas;RO1.3.0.0.00.0.0;1.3.0.0.00.0.0 - Receita Patrimonial;2778026,76;16359
2024;Prefeitura Municipal de Demerval Lobão - PI;2203305;PI;DCA-Anexo I-C;Padrão;Receitas Brutas Realizadas;RO1.3.2.0.00.0.0;1.3.2.0.00.0.0 - Valores Mobiliários;2018265,76;16359
2024;Prefeitura Municipal de Demerval Lobão - PI;2203305;PI;DCA-Anexo I-C;Padrão;Receitas Brutas Realizadas;RO1.3.2.1.00.0.0;1.3.2.1.00.0.0 - Juros e Correções Monetárias;2018265,76;16359
2024;Prefeitura Municipal de Demerval Lobão - PI;2203305;PI;DCA-Anexo I-C;Padrão;Receitas Brutas Realizadas;RO1.3.2.1.01.0.0;1.3.2.1.01.0.0 - Remuneração de Depósitos Bancários;721864,53;16359
2024;Prefeitura Municipal de Demerval Lobão - PI;2203305;PI;DCA-Anexo I-C;Padrão;Receitas Brutas Realizadas;RO1.3.2.1.04.0.0;1.3.2.1.04.0.0 - Remuneração dos Recursos do Regime Próprio de Previdência Social - RPPS;1296401,23;16359
2024;Prefeitura Municipal de Demerval Lobão - PI;2203305;PI;DCA-Anexo I-C;Padrão;Receitas Brutas Realizadas;RO1.3.3.0.00.0.0;1.3.3.0.00.0.0 - Delegação de Serviços Públicos Mediante Concessão, Permissão, Autorização ou Licença;759761,00;16359
2024;Prefeitura Municipal de Demerval Lobão - PI;2203305;PI;DCA-Anexo I-C;Padrão;Receitas Brutas Realizadas;RO1.3.3.9.00.0.0;1.3.3.9.00.0.0 - Demais Delegações de Serviços Públicos;759761,00;16359
2024;Prefeitura Municipal de Demerval Lobão - PI;2203305;PI;DCA-Anexo I-C;Padrão;Receitas Brutas Realizadas;RO1.7.0.0.00.0.0;1.7.0.0.00.0.0 - Transferências Correntes;87490672,52;16359
2024;Prefeitura Municipal de Demerval Lobão - PI;2203305;PI;DCA-Anexo I-C;Padrão;Deduções - FUNDEB;RO1.7.0.0.00.0.0;1.7.0.0.00.0.0 - Transferências Correntes;5996522,43;16359
2024;Prefeitura Municipal de Demerval Lobão - PI;2203305;PI;DCA-Anexo I-C;Padrão;Receitas Brutas Realizadas;RO1.7.1.0.00.0.0;1.7.1.0.00.0.0 - Transferências da União e de suas Entidades;59586241,29;16359
2024;Prefeitura Municipal de Demerval Lobão - PI;2203305;PI;DCA-Anexo I-C;Padrão;Deduções - FUNDEB;RO1.7.1.0.00.0.0;1.7.1.0.00.0.0 - Transferências da União e de suas Entidades;4600118,36;16359
2024;Prefeitura Municipal de Demerval Lobão - PI;2203305;PI;DCA-Anexo I-C;Padrão;Receitas Brutas Realizadas;RO1.7.1.1.00.0.0;1.7.1.1.00.0.0 - Transferências Decorrentes de Participação na Receita da União;25373648,53;16359
2024;Prefeitura Municipal de Demerval Lobão - PI;2203305;PI;DCA-Anexo I-C;Padrão;Deduções - FUNDEB;RO1.7.1.1.00.0.0;1.7.1.1.00.0.0 - Transferências Decorrentes de Participação na Receita da União;4600118,36;16359
2024;Prefeitura Municipal de Demerval Lobão - PI;2203305;PI;DCA-Anexo I-C;Padrão;Receitas Brutas Realizadas;RO1.7.1.1.51.0.0;1.7.1.1.51.0.0 -Cota-Parte do Fundo de Participação dos Municípios - FPM;25359906,60;16359
2024;Prefeitura Municipal de Demerval Lobão - PI;2203305;PI;DCA-Anexo I-C;Padrão;Deduções - FUNDEB;RO1.7.1.1.51.0.0;1.7.1.1.51.0.0 -Cota-Parte do Fundo de Participação dos Municípios - FPM;4597370,10;16359
2024;Prefeitura Municipal de Demerval Lobão - PI;2203305;PI;DCA-Anexo I-C;Padrão;Receitas Brutas Realizadas;RO1.7.1.1.51.1.0;1.7.1.1.51.1.0 - Cota-Parte do Fundo de Participação dos Municípios - Cota Mensal;22986852,45;16359
2024;Prefeitura Municipal de Demerval Lobão - PI;2203305;PI;DCA-Anexo I-C;Padrão;Deduções - FUNDEB;RO1.7.1.1.51.1.0;1.7.1.1.51.1.0 - Cota-Parte do Fundo de Participação dos Municípios - Cota Mensal;4597370,10;16359
2024;Prefeitura Municipal de Demerval Lobão - PI;2203305;PI;DCA-Anexo I-C;Padrão;Receitas Brutas Realizadas;RO1.7.1.1.51.2.0;1.7.1.1.51.2.0 - Cota-Parte do Fundo de Participação dos Municípios - Cotas Extraordinárias;2373054,15;16359
2024;Prefeitura Municipal de Demerval Lobão - PI;2203305;PI;DCA-Anexo I-C;Padrão;Receitas Brutas Realizadas;RO1.7.1.1.52.0.0;1.7.1.1.52.0.0 - Cota-Parte do Imposto Sobre a Propriedade Territorial Rural;13741,93;16359
2024;Prefeitura Municipal de Demerval Lobão - PI;2203305;PI;DCA-Anexo I-C;Padrão;Deduções - FUNDEB;RO1.7.1.1.52.0.0;1.7.1.1.52.0.0 - Cota-Parte do Imposto Sobre a Propriedade Territorial Rural;2748,26;16359
2024;Prefeitura Municipal de Demerval Lobão - PI;2203305;PI;DCA-Anexo I-C;Padrão;Receitas Brutas Realizadas;RO1.7.1.2.00.0.0;1.7.1.2.00.0.0 -Transferências das Compensações Financeiras pela Exploração de Recursos Naturais;480807,52;16359
2024;Prefeitura Municipal de Demerval Lobão - PI;2203305;PI;DCA-Anexo I-C;Padrão;Receitas Brutas Realizadas;RO1.7.1.2.51.0.0;1.7.1.2.51.0.0 -Cota-parte da Compensação Financeira pela Exploração de Recursos Minerais - CFEM;23609,99;16359
2024;Prefeitura Municipal de Demerval Lobão - PI;2203305;PI;DCA-Anexo I-C;Padrão;Receitas Brutas Realizadas;RO1.7.1.2.52.0.0;1.7.1.2.52.0.0 - Cota-parte da Compensação Financeira pela Produção de Petróleo;457197,53;16359
2024;Prefeitura Municipal de Demerval Lobão - PI;2203305;PI;DCA-Anexo I-C;Padrão;Receitas Brutas Realizadas;RO1.7.1.2.52.4.0;1.7.1.2.52.4.0 - Cota-Parte do Fundo Especial do Petróleo ¿ FEP;457197,53;16359
2024;Prefeitura Municipal de Demerval Lobão - PI;2203305;PI;DCA-Anexo I-C;Padrão;Receitas Brutas Realizadas;RO1.7.1.3.00.0.0;1.7.1.3.00.0.0 -Transferências de Recursos do Sistema Único de Saúde ¿ SUS ;12104916,01;16359
2024;Prefeitura Municipal de Demerval Lobão - PI;2203305;PI;DCA-Anexo I-C;Padrão;Receitas Brutas Realizadas;RO1.7.1.3.50.0.0;1.7.1.3.50.0.0 - Transferências de Recursos do Sistema Único de Saúde ¿ SUS ¿ Repasses Fundo a Fundo - Bloco de Manutenção das Ações e Serviços Públicos de Saúde;12104916,01;16359
2024;Prefeitura Municipal de Demerval Lobão - PI;2203305;PI;DCA-Anexo I-C;Padrão;Receitas Brutas Realizadas;RO1.7.1.3.50.1.0;1.7.1.3.50.1.0 - Transferências de Recursos do Bloco de Manutenção das Ações e Serviços Públicos de Saúde ¿ Atenção Primária;8516532,77;16359
2024;Prefeitura Municipal de Demerval Lobão - PI;2203305;PI;DCA-Anexo I-C;Padrão;Receitas Brutas Realizadas;RO1.7.1.3.50.2.0;1.7.1.3.50.2.0 - Transferências de Recursos do Bloco de Manutenção das Ações e Serviços Públicos de Saúde ¿ Atenção Especializada;2129000,00;16359
2024;Prefeitura Municipal de Demerval Lobão - PI;2203305;PI;DCA-Anexo I-C;Padrão;Receitas Brutas Realizadas;RO1.7.1.3.50.3.0;1.7.1.3.50.3.0 - Transferências de Recursos do Bloco de Manutenção das Ações e Serviços Públicos de Saúde ¿ Vigilância em Saúde;436073,72;16359
2024;Prefeitura Municipal de Demerval Lobão - PI;2203305;PI;DCA-Anexo I-C;Padrão;Receitas Brutas Realizadas;RO1.7.1.3.50.4.0;1.7.1.3.50.4.0 -Transferências de Recursos do Bloco de Manutenção das Ações e Serviços Públicos de Saúde ¿ Assistência Farmacêutica;216647,81;16359
2024;Prefeitura Municipal de Demerval Lobão - PI;2203305;PI;DCA-Anexo I-C;Padrão;Receitas Brutas Realizadas;RO1.7.1.3.50.5.0;1.7.1.3.50.5.0 - Transferências de Recursos do Bloco de Manutenção das Ações e Serviços Públicos de Saúde ¿ Gestão do SUS;806661,71;16359
2024;Prefeitura Municipal de Demerval Lobão - PI;2203305;PI;DCA-Anexo I-C;Padrão;Receitas Brutas Realizadas;RO1.7.1.4.00.0.0;1.7.1.4.00.0.0 -Transferências de Recursos do Fundo Nacional do Desenvolvimento da Educação ¿ FNDE¿ ;2409866,26;16359
2024;Prefeitura Municipal de Demerval Lobão - PI;2203305;PI;DCA-Anexo I-C;Padrão;Receitas Brutas Realizadas;RO1.7.1.4.50.0.0;1.7.1.4.50.0.0 - Transferências do Salário-Educação;1483964,36;16359
2024;Prefeitura Municipal de Demerval Lobão - PI;2203305;PI;DCA-Anexo I-C;Padrão;Receitas Brutas Realizadas;RO1.7.1.4.52.0.0;1.7.1.4.52.0.0 - Transferências referentes ao Programa Nacional de Alimentação Escolar ¿ PNAE;853540,00;16359
2024;Prefeitura Municipal de Demerval Lobão - PI;2203305;PI;DCA-Anexo I-C;Padrão;Receitas Brutas Realizadas;RO1.7.1.4.53.0.0;1.7.1.4.53.0.0 - Transferências referentes ao Programa Nacional de Apoio ao Transporte do Escolar ¿ PNATE;72361,90;16359
2024;Prefeitura Municipal de Demerval Lobão - PI;2203305;PI;DCA-Anexo I-C;Padrão;Receitas Brutas Realizadas;RO1.7.1.5.00.0.0;1.7.1.5.00.0.0 - Transferências de Recursos de Complementação da União ao Fundo de Manutenção e Desenvolvimento da Educação Básica e de Valorização dos Profissionais da Educação ¿ FUNDEB ;18237503,35;16359
2024;Prefeitura Municipal de Demerval Lobão - PI;2203305;PI;DCA-Anexo I-C;Padrão;Receitas Brutas Realizadas;RO1.7.1.6.00.0.0;1.7.1.6.00.0.0 - Transferências de Recursos do Fundo Nacional de Assistência Social ¿ FNAS;812364,74;16359
2024;Prefeitura Municipal de Demerval Lobão - PI;2203305;PI;DCA-Anexo I-C;Padrão;Receitas Brutas Realizadas;RO1.7.1.9.00.0.0;1.7.1.9.00.0.0 - Outras Transferências de Recursos da União e de suas Entidades;167134,88;16359
2024;Prefeitura Municipal de Demerval Lobão - PI;2203305;PI;DCA-Anexo I-C;Padrão;Receitas Brutas Realizadas;RO1.7.1.9.99.0.0;1.7.1.9.99.0.0 - Outras Transferências de Recursos da União e de suas Entidades;167134,88;16359
2024;Prefeitura Municipal de Demerval Lobão - PI;2203305;PI;DCA-Anexo I-C;Padrão;Receitas Brutas Realizadas;RO1.7.2.0.00.0.0;1.7.2.0.00.0.0 - Transferências dos Estados e do Distrito Federal e de suas Entidades;8011321,96;16359
2024;Prefeitura Municipal de Demerval Lobão - PI;2203305;PI;DCA-Anexo I-C;Padrão;Deduções - FUNDEB;RO1.7.2.0.00.0.0;1.7.2.0.00.0.0 - Transferências dos Estados e do Distrito Federal e de suas Entidades;1396404,07;16359
2024;Prefeitura Municipal de Demerval Lobão - PI;2203305;PI;DCA-Anexo I-C;Padrão;Receitas Brutas Realizadas;RO1.7.2.1.00.0.0;1.7.2.1.00.0.0 - Participação na Receita dos Estados e Distrito Federal;7770687,82;16359
2024;Prefeitura Municipal de Demerval Lobão - PI;2203305;PI;DCA-Anexo I-C;Padrão;Deduções - FUNDEB;RO1.7.2.1.00.0.0;1.7.2.1.00.0.0 - Participação na Receita dos Estados e Distrito Federal;1396404,07;16359
2024;Prefeitura Municipal de Demerval Lobão - PI;2203305;PI;DCA-Anexo I-C;Padrão;Receitas Brutas Realizadas;RO1.7.2.1.50.0.0;1.7.2.1.50.0.0 - Cota-Parte do ICMS;6982020,48;16359
2024;Prefeitura Municipal de Demerval Lobão - PI;2203305;PI;DCA-Anexo I-C;Padrão;Deduções - FUNDEB;RO1.7.2.1.50.0.0;1.7.2.1.50.0.0 - Cota-Parte do ICMS;1396404,07;16359
2024;Prefeitura Municipal de Demerval Lobão - PI;2203305;PI;DCA-Anexo I-C;Padrão;Receitas Brutas Realizadas;RO1.7.2.1.51.0.0;1.7.2.1.51.0.0 - Cota-Parte do IPVA;548553,37;16359
2024;Prefeitura Municipal de Demerval Lobão - PI;2203305;PI;DCA-Anexo I-C;Padrão;Receitas Brutas Realizadas;RO1.7.2.1.52.0.0;1.7.2.1.52.0.0 - Cota-Parte do IPI - Municípios;435,68;16359
2024;Prefeitura Municipal de Demerval Lobão - PI;2203305;PI;DCA-Anexo I-C;Padrão;Receitas Brutas Realizadas;RO1.7.2.1.53.0.0;1.7.2.1.53.0.0 - Cota-Parte da Contribuição de Intervenção no Domínio Econômico;31754,79;16359
2024;Prefeitura Municipal de Demerval Lobão - PI;2203305;PI;DCA-Anexo I-C;Padrão;Receitas Brutas Realizadas;RO1.7.2.1.98.0.0;1.7.2.1.98.0.0 -Transferências Decorrentes de Participação em Outras Receitas de Impostos dos Estados e do Distrito Federal;207923,50;16359
2024;Prefeitura Municipal de Demerval Lobão - PI;2203305;PI;DCA-Anexo I-C;Padrão;Receitas Brutas Realizadas;RO1.7.2.4.00.0.0;1.7.2.4.00.0.0 - Transferências de Convênios dos Estados e DF e de Suas Entidades;105306,14;16359
2024;Prefeitura Municipal de Demerval Lobão - PI;2203305;PI;DCA-Anexo I-C;Padrão;Receitas Brutas Realizadas;RO1.7.2.4.99.0.0;1.7.2.4.99.0.0 - Outras Transferências de Convênios dos Estados e DF e de Suas Entidades;105306,14;16359
2024;Prefeitura Municipal de Demerval Lobão - PI;2203305;PI;DCA-Anexo I-C;Padrão;Receitas Brutas Realizadas;RO1.7.2.9.00.0.0;1.7.2.9.00.0.0 - Outras Transferências dos Estados e Distrito Federal;135328,00;16359
2024;Prefeitura Municipal de Demerval Lobão - PI;2203305;PI;DCA-Anexo I-C;Padrão;Receitas Brutas Realizadas;RO1.7.2.9.51.0.0;1.7.2.9.51.0.0 - Transferências de Estados destinadas à Assistência Social;60000,00;16359
2024;Prefeitura Municipal de Demerval Lobão - PI;2203305;PI;DCA-Anexo I-C;Padrão;Receitas Brutas Realizadas;RO1.7.2.9.99.0.0;1.7.2.9.99.0.0 - Outras Transferências dos Estados e DF;75328,00;16359
2024;Prefeitura Municipal de Demerval Lobão - PI;2203305;PI;DCA-Anexo I-C;Padrão;Receitas Brutas Realizadas;RO1.7.5.0.00.0.0;1.7.5.0.00.0.0 - Transferências de Outras Instituições Públicas;19891715,28;16359
2024;Prefeitura Municipal de Demerval Lobão - PI;2203305;PI;DCA-Anexo I-C;Padrão;Receitas Brutas Realizadas;RO1.7.5.1.00.0.0;1.7.5.1.00.0.0 - Transferências de Recursos do Fundo de Manutenção e Desenvolvimento da Educação Básica e de Valorização dos Profissionais da Educação - FUNDEB;19891715,28;16359
2024;Prefeitura Municipal de Demerval Lobão - PI;2203305;PI;DCA-Anexo I-C;Padrão;Receitas Brutas Realizadas;RO1.7.9.0.00.0.0;1.7.9.0.00.0.0 - Demais Transferências Correntes;1393,99;16359
2024;Prefeitura Municipal de Demerval Lobão - PI;2203305;PI;DCA-Anexo I-C;Padrão;Receitas Brutas Realizadas;RO1.7.9.1.00.0.0;1.7.9.1.00.0.0 - Transferências de Pessoas Físicas;1393,99;16359
2024;Prefeitura Municipal de Demerval Lobão - PI;2203305;PI;DCA-Anexo I-C;Padrão;Receitas Brutas Realizadas;RO1.7.9.1.01.0.0;1.7.9.1.01.0.0 - Transferências de Pessoas Físicas para Órgãos e Entidades da União;1393,99;16359
2024;Prefeitura Municipal de Demerval Lobão - PI;2203305;PI;DCA-Anexo I-C;Padrão;Receitas Brutas Realizadas;RO1.9.0.0.00.0.0;1.9.0.0.00.0.0 - Outras Receitas Correntes;858007,95;16359
2024;Prefeitura Municipal de Demerval Lobão - PI;2203305;PI;DCA-Anexo I-C;Padrão;Receitas Brutas Realizadas;RO1.9.2.0.00.0.0;1.9.2.0.00.0.0 - Indenizações, Restituições e Ressarcimentos;4855,33;16359
2024;Prefeitura Municipal de Demerval Lobão - PI;2203305;PI;DCA-Anexo I-C;Padrão;Receitas Brutas Realizadas;RO1.9.2.2.00.0.0;1.9.2.2.00.0.0 - Restituições;4855,33;16359
2024;Prefeitura Municipal de Demerval Lobão - PI;2203305;PI;DCA-Anexo I-C;Padrão;Receitas Brutas Realizadas;RO1.9.2.2.06.0.0;1.9.2.2.06.0.0 - Restituição de Despesas de Exercícios Anteriores;4855,33;16359
2024;Prefeitura Municipal de Demerval Lobão - PI;2203305;PI;DCA-Anexo I-C;Padrão;Receitas Brutas Realizadas;RO1.9.2.2.06.3.0;1.9.2.2.06.3.0 - Restituição de Despesas Primárias de Exercícios Anteriores;4855,33;16359
2024;Prefeitura Municipal de Demerval Lobão - PI;2203305;PI;DCA-Anexo I-C;Padrão;Receitas Brutas Realizadas;RO1.9.9.0.00.0.0;1.9.9.0.00.0.0 - Demais Receitas Correntes;853152,62;16359
2024;Prefeitura Municipal de Demerval Lobão - PI;2203305;PI;DCA-Anexo I-C;Padrão;Receitas Brutas Realizadas;RO1.9.9.9.00.0.0;1.9.9.9.00.0.0 - Outras Receitas Correntes;853152,62;16359
2024;Prefeitura Municipal de Demerval Lobão - PI;2203305;PI;DCA-Anexo I-C;Padrão;Receitas Brutas Realizadas;RO1.9.9.9.03.0.0;1.9.9.9.03.0.0 - Compensações Financeiras entre os Regimes de Previdência;721691,51;16359
2024;Prefeitura Municipal de Demerval Lobão - PI;2203305;PI;DCA-Anexo I-C;Padrão;Receitas Brutas Realizadas;RO1.9.9.9.99.0.0;1.9.9.9.99.0.0 - Outras Receitas;131461,11;16359
2024;Prefeitura Municipal de Demerval Lobão - PI;2203305;PI;DCA-Anexo I-C;Padrão;Receitas Brutas Realizadas;RO1.9.9.9.99.3.0;1.9.9.9.99.3.0 - Outras Receitas Não Arrecadadas e Não Projetadas pela RFB - Financeiras;131461,11;16359
2024;Prefeitura Municipal de Demerval Lobão - PI;2203305;PI;DCA-Anexo I-C;Padrão;Receitas Brutas Realizadas;RO2.0.0.0.00.0.0;2.0.0.0.00.0.0 - Receitas de Capital;4932767,15;16359
2024;Prefeitura Municipal de Demerval Lobão - PI;2203305;PI;DCA-Anexo I-C;Padrão;Receitas Brutas Realizadas;RO2.1.0.0.00.0.0;2.1.0.0.00.0.0 - Operações de Crédito;493414,34;16359
2024;Prefeitura Municipal de Demerval Lobão - PI;2203305;PI;DCA-Anexo I-C;Padrão;Receitas Brutas Realizadas;RO2.1.1.0.00.0.0;2.1.1.0.00.0.0 - Operações de Crédito - Mercado Interno;493414,34;16359
2024;Prefeitura Municipal de Demerval Lobão - PI;2203305;PI;DCA-Anexo I-C;Padrão;Receitas Brutas Realizadas;RO2.1.1.9.00.0.0;2.1.1.9.00.0.0 - Outras Operações de Crédito - Mercado Interno;493414,34;16359
2024;Prefeitura Municipal de Demerval Lobão - PI;2203305;PI;DCA-Anexo I-C;Padrão;Receitas Brutas Realizadas;RO2.4.0.0.00.0.0;2.4.0.0.00.0.0 - Transferências de Capital;4439352,81;16359
2024;Prefeitura Municipal de Demerval Lobão - PI;2203305;PI;DCA-Anexo I-C;Padrão;Receitas Brutas Realizadas;RO2.4.1.0.00.0.0;2.4.1.0.00.0.0 - Transferências da União e de suas Entidades;4379352,81;16359
2024;Prefeitura Municipal de Demerval Lobão - PI;2203305;PI;DCA-Anexo I-C;Padrão;Receitas Brutas Realizadas;RO2.4.1.2.00.0.0;2.4.1.2.00.0.0 - Transferências de Recursos do Fundo Nacional do Desenvolvimento da Educação ¿ FNDE ;556723,41;16359
2024;Prefeitura Municipal de Demerval Lobão - PI;2203305;PI;DCA-Anexo I-C;Padrão;Receitas Brutas Realizadas;RO2.4.1.2.50.0.0;2.4.1.2.50.0.0 - Transferências de Recursos Destinados a Programas de Educação;556723,41;16359
2024;Prefeitura Municipal de Demerval Lobão - PI;2203305;PI;DCA-Anexo I-C;Padrão;Receitas Brutas Realizadas;RO2.4.1.2.50.1.0;2.4.1.2.50.1.0 - Transferências para o Programa de Apoio ao Transporte Escolar para Educação Básica - CAMINHO DA ESCOLA;228912,00;16359
2024;Prefeitura Municipal de Demerval Lobão - PI;2203305;PI;DCA-Anexo I-C;Padrão;Receitas Brutas Realizadas;RO2.4.1.2.50.2.0;2.4.1.2.50.2.0 - Transferências para o Programa Nacional de Reestruturação e Aquisição de Equipamentos para a Rede Escolar Pública de Educação Infantil - Proinfância;327811,41;16359
2024;Prefeitura Municipal de Demerval Lobão - PI;2203305;PI;DCA-Anexo I-C;Padrão;Receitas Brutas Realizadas;RO2.4.1.4.00.0.0;2.4.1.4.00.0.0 - Transferências de Convênios da União e de suas Entidades ;3822629,40;16359
2024;Prefeitura Municipal de Demerval Lobão - PI;2203305;PI;DCA-Anexo I-C;Padrão;Receitas Brutas Realizadas;RO2.4.1.4.54.0.0;2.4.1.4.54.0.0 - Transferências de Convênios da União destinadas a Programas de Infraestrutura em Transporte;2417958,20;16359
2024;Prefeitura Municipal de Demerval Lobão - PI;2203305;PI;DCA-Anexo I-C;Padrão;Receitas Brutas Realizadas;RO2.4.1.4.99.0.0;2.4.1.4.99.0.0 - Outras Transferências de Convênios da União e de Suas Entidades;1404671,20;16359
2024;Prefeitura Municipal de Demerval Lobão - PI;2203305;PI;DCA-Anexo I-C;Padrão;Receitas Brutas Realizadas;RO2.4.2.0.00.0.0;2.4.2.0.00.0.0 - Transferências dos Estados e do Distrito Federal e de suas Entidades;60000,00;16359
2024;Prefeitura Municipal de Demerval Lobão - PI;2203305;PI;DCA-Anexo I-C;Padrão;Receitas Brutas Realizadas;RO2.4.2.2.00.0.0;2.4.2.2.00.0.0 - Transferências de Convênios dos Estados e DF e de Suas Entidades ;60000,00;16359
2024;Prefeitura Municipal de Demerval Lobão - PI;2203305;PI;DCA-Anexo I-C;Padrão;Receitas Brutas Realizadas;RO2.4.2.2.99.0.0;2.4.2.2.99.0.0 - Outras Transferências de Convênios dos Estados e DF e de Suas Entidades;60000,00;16359
2024;Prefeitura Municipal de Demerval Lobão - PI;2203305;PI;DCA-Anexo I-C;Padrão;Receitas Brutas Realizadas;ReceitasIntraOrcamentarias;RECEITAS (INTRA-ORÇAMENTÁRIAS) (II);3248356,66;16359
2024;Prefeitura Municipal de Demerval Lobão - PI;2203305;PI;DCA-Anexo I-C;Padrão;Receitas Brutas Realizadas;RI7.0.0.0.00.0.0;7.0.0.0.00.0.0 - Receitas Correntes;3248356,66;16359
2024;Prefeitura Municipal de Demerval Lobão - PI;2203305;PI;DCA-Anexo I-C;Padrão;Receitas Brutas Realizadas;RI7.2.0.0.00.0.0;7.2.0.0.00.0.0 - Contribuições;3248356,66;16359
2024;Prefeitura Municipal de Demerval Lobão - PI;2203305;PI;DCA-Anexo I-C;Padrão;Receitas Brutas Realizadas;RI7.2.1.0.00.0.0;7.2.1.0.00.0.0 - Contribuições Sociais;3248356,66;16359
2024;Prefeitura Municipal de Demerval Lobão - PI;2203305;PI;DCA-Anexo I-C;Padrão;Receitas Brutas Realizadas;RI7.2.1.5.00.0.0;7.2.1.5.00.0.0 - Contribuições para Regimes Próprios de Previdência e Sistema de Proteção Social;3248356,66;16359
2024;Prefeitura Municipal de Demerval Lobão - PI;2203305;PI;DCA-Anexo I-C;Padrão;Receitas Brutas Realizadas;RI7.2.1.5.02.0.0;7.2.1.5.02.0.0 - Contribuição Patronal - Servidor Civil;2950648,39;16359
2024;Prefeitura Municipal de Demerval Lobão - PI;2203305;PI;DCA-Anexo I-C;Padrão;Receitas Brutas Realizadas;RI7.2.1.5.02.1.0;7.2.1.5.02.1.0 - Contribuição Patronal - Servidor Civil Ativo;2950648,39;16359
2024;Prefeitura Municipal de Demerval Lobão - PI;2203305;PI;DCA-Anexo I-C;Padrão;Receitas Brutas Realizadas;RI7.2.1.5.51.0.0;7.2.1.5.51.0.0 - Contribuição Patronal - Parcelamentos;297708,27;16359
2024;Prefeitura Municipal de Demerval Lobão - PI;2203305;PI;DCA-Anexo I-C;Padrão;Receitas Brutas Realizadas;RI7.2.1.5.51.1.0;7.2.1.5.51.1.0 - Contribuição Patronal - Servidor Civil Ativo - Parcelamentos;297708,27;16359
2024;Prefeitura Municipal de Demerval Lobão - PI;2203305;PI;DCA-Anexo I-C;Padrão;Receitas Brutas Realizadas;TotalReceitas;TOTAL DAS RECEITAS (III) = (I + II);110096093,23;16359
2024;Prefeitura Municipal de Demerval Lobão - PI;2203305;PI;DCA-Anexo I-C;Padrão;Deduções - FUNDEB;TotalReceitas;TOTAL DAS RECEITAS (III) = (I + II);5996522,43;16359
