exercicio;instituicao;cod_ibge;uf;anexo;rotulo;coluna;cod_conta;conta;valor;populacao
2014;Prefeitura Municipal de Conceição dos Ouros - MG;3117801;MG;DCA-Anexo I-C;NA;Receitas Brutas Realizadas;TotalReceitas;Total Receitas;22111367,22;11151
2014;Prefeitura Municipal de Conceição dos Ouros - MG;3117801;MG;DCA-Anexo I-C;NA;Deduções - FUNDEB;TotalReceitas;Total Receitas;2768813,16;11151
2014;Prefeitura Municipal de Conceição dos Ouros - MG;3117801;MG;DCA-Anexo I-C;NA;Receitas Brutas Realizadas;RO1.0.0.0.00.00.00;1.0.0.0.00.00.00 - Receitas Correntes;20975939,82;11151
2014;Prefeitura Municipal de Conceição dos Ouros - MG;3117801;MG;DCA-Anexo I-C;NA;Deduções - FUNDEB;RO1.0.0.0.00.00.00;1.0.0.0.00.00.00 - Receitas Correntes;2768813,16;11151
2014;Prefeitura Municipal de Conceição dos Ouros - MG;3117801;MG;DCA-Anexo I-C;NA;Receitas Brutas Realizadas;RO1.1.0.0.00.00.00;1.1.0.0.00.00.00 - Receita Tributária;782227,65;11151
2014;Prefeitura Municipal de Conceição dos Ouros - MG;3117801;MG;DCA-Anexo I-C;NA;Receitas Brutas Realizadas;RO1.1.1.0.00.00.00;1.1.1.0.00.00.00 - Impostos;565127,51;11151
2014;Prefeitura Municipal de Conceição dos Ouros - MG;3117801;MG;DCA-Anexo I-C;NA;Receitas Brutas Realizadas;RO1.1.1.2.00.00.00;1.1.1.2.00.00.00 - Impostos sobre o Patrimônio e a Renda;354419,83;11151
2014;Prefeitura Municipal de Conceição dos Ouros - MG;3117801;MG;DCA-Anexo I-C;NA;Receitas Brutas Realizadas;RO1.1.1.2.02.00.00;1.1.1.2.02.00.00 - Imposto sobre a Propriedade Predial e Territorial Urbana ¿ IPTU;63382,35;11151
2014;Prefeitura Municipal de Conceição dos Ouros - MG;3117801;MG;DCA-Anexo I-C;NA;Receitas Brutas Realizadas;RO1.1.1.2.04.00.00;1.1.1.2.04.00.00 - Imposto sobre a Renda e Proventos de Qualquer Natureza ¿ IR;177546,28;11151
2014;Prefeitura Municipal de Conceição dos Ouros - MG;3117801;MG;DCA-Anexo I-C;NA;Receitas Brutas Realizadas;RO1.1.1.2.04.31.00;1.1.1.2.04.31.00 - Retido nas Fontes - Trabalho;81479,07;11151
2014;Prefeitura Municipal de Conceição dos Ouros - MG;3117801;MG;DCA-Anexo I-C;NA;Receitas Brutas Realizadas;RO1.1.1.2.04.34.00;1.1.1.2.04.34.00 - Retido nas Fontes - Outros Rendimentos;96067,21;11151
2014;Prefeitura Municipal de Conceição dos Ouros - MG;3117801;MG;DCA-Anexo I-C;NA;Receitas Brutas Realizadas;RO1.1.1.2.08.00.00;"1.1.1.2.08.00.00 - Imposto sobre Transmissão ""Inter Vivos"" de Bens Imóveis e de Direitos Reais sobre Imóveis ¿ ITBI";113491,20;11151
2014;Prefeitura Municipal de Conceição dos Ouros - MG;3117801;MG;DCA-Anexo I-C;NA;Receitas Brutas Realizadas;RO1.1.1.3.00.00.00;1.1.1.3.00.00.00 - Impostos sobre a Produção e a Circulação;210707,68;11151
2014;Prefeitura Municipal de Conceição dos Ouros - MG;3117801;MG;DCA-Anexo I-C;NA;Receitas Brutas Realizadas;RO1.1.1.3.05.00.00;1.1.1.3.05.00.00 - Imposto sobre Serviços de Qualquer Natureza ¿ ISSQN;210707,68;11151
2014;Prefeitura Municipal de Conceição dos Ouros - MG;3117801;MG;DCA-Anexo I-C;NA;Receitas Brutas Realizadas;RO1.1.2.0.00.00.00;1.1.2.0.00.00.00 - Taxas;217100,14;11151
2014;Prefeitura Municipal de Conceição dos Ouros - MG;3117801;MG;DCA-Anexo I-C;NA;Receitas Brutas Realizadas;RO1.1.2.1.00.00.00;1.1.2.1.00.00.00 - Taxas pelo Exercício do Poder de Polícia;384,46;11151
2014;Prefeitura Municipal de Conceição dos Ouros - MG;3117801;MG;DCA-Anexo I-C;NA;Receitas Brutas Realizadas;RO1.1.2.2.00.00.00;1.1.2.2.00.00.00 - Taxas pela Prestação de Serviços;216715,68;11151
2014;Prefeitura Municipal de Conceição dos Ouros - MG;3117801;MG;DCA-Anexo I-C;NA;Receitas Brutas Realizadas;RO1.2.0.0.00.00.00;1.2.0.0.00.00.00 - Receitas de Contribuições;381755,10;11151
2014;Prefeitura Municipal de Conceição dos Ouros - MG;3117801;MG;DCA-Anexo I-C;NA;Receitas Brutas Realizadas;RO1.2.3.0.00.00.00;1.2.3.0.00.00.00 - Contribuição para Custeio do Serviço de Iluminação Pública;381755,10;11151
2014;Prefeitura Municipal de Conceição dos Ouros - MG;3117801;MG;DCA-Anexo I-C;NA;Receitas Brutas Realizadas;RO1.3.0.0.00.00.00;1.3.0.0.00.00.00 - Receita Patrimonial;155236,82;11151
2014;Prefeitura Municipal de Conceição dos Ouros - MG;3117801;MG;DCA-Anexo I-C;NA;Receitas Brutas Realizadas;RO1.3.2.0.00.00.00;1.3.2.0.00.00.00 - Receitas de Valores Mobiliários;155236,82;11151
2014;Prefeitura Municipal de Conceição dos Ouros - MG;3117801;MG;DCA-Anexo I-C;NA;Receitas Brutas Realizadas;RO1.3.2.5.00.00.00;1.3.2.5.00.00.00 - Remuneração de Depósitos Bancários;155236,82;11151
2014;Prefeitura Municipal de Conceição dos Ouros - MG;3117801;MG;DCA-Anexo I-C;NA;Receitas Brutas Realizadas;RO1.7.0.0.00.00.00;1.7.0.0.00.00.00 - Transferências Correntes;19519536,36;11151
2014;Prefeitura Municipal de Conceição dos Ouros - MG;3117801;MG;DCA-Anexo I-C;NA;Deduções - FUNDEB;RO1.7.0.0.00.00.00;1.7.0.0.00.00.00 - Transferências Correntes;2768813,16;11151
2014;Prefeitura Municipal de Conceição dos Ouros - MG;3117801;MG;DCA-Anexo I-C;NA;Receitas Brutas Realizadas;RO1.7.2.0.00.00.00;1.7.2.0.00.00.00 - Transferências Intergovernamentais;19347358,39;11151
2014;Prefeitura Municipal de Conceição dos Ouros - MG;3117801;MG;DCA-Anexo I-C;NA;Deduções - FUNDEB;RO1.7.2.0.00.00.00;1.7.2.0.00.00.00 - Transferências Intergovernamentais;2768813,16;11151
2014;Prefeitura Municipal de Conceição dos Ouros - MG;3117801;MG;DCA-Anexo I-C;NA;Receitas Brutas Realizadas;RO1.7.2.1.00.00.00;1.7.2.1.00.00.00 - Transferências da União;10785660,55;11151
2014;Prefeitura Municipal de Conceição dos Ouros - MG;3117801;MG;DCA-Anexo I-C;NA;Deduções - FUNDEB;RO1.7.2.1.00.00.00;1.7.2.1.00.00.00 - Transferências da União;1814087,50;11151
2014;Prefeitura Municipal de Conceição dos Ouros - MG;3117801;MG;DCA-Anexo I-C;NA;Receitas Brutas Realizadas;RO1.7.2.1.01.00.00;1.7.2.1.01.00.00 - Participação na Receita da União;9008504,89;11151
2014;Prefeitura Municipal de Conceição dos Ouros - MG;3117801;MG;DCA-Anexo I-C;NA;Deduções - FUNDEB;RO1.7.2.1.01.00.00;1.7.2.1.01.00.00 - Participação na Receita da União;1808593,30;11151
2014;Prefeitura Municipal de Conceição dos Ouros - MG;3117801;MG;DCA-Anexo I-C;NA;Receitas Brutas Realizadas;RO1.7.2.1.01.02.00;1.7.2.1.01.02.00 - Cota-Parte do Fundo de Participação dos Municípios ¿ FPM;8994227,03;11151
2014;Prefeitura Municipal de Conceição dos Ouros - MG;3117801;MG;DCA-Anexo I-C;NA;Deduções - FUNDEB;RO1.7.2.1.01.02.00;1.7.2.1.01.02.00 - Cota-Parte do Fundo de Participação dos Municípios ¿ FPM;1805737,81;11151
2014;Prefeitura Municipal de Conceição dos Ouros - MG;3117801;MG;DCA-Anexo I-C;NA;Receitas Brutas Realizadas;RO1.7.2.1.01.05.00;1.7.2.1.01.05.00 - Cota-Parte do Imposto Sobre a Propriedade Territorial Rural ¿ ITR;14277,86;11151
2014;Prefeitura Municipal de Conceição dos Ouros - MG;3117801;MG;DCA-Anexo I-C;NA;Deduções - FUNDEB;RO1.7.2.1.01.05.00;1.7.2.1.01.05.00 - Cota-Parte do Imposto Sobre a Propriedade Territorial Rural ¿ ITR;2855,49;11151
2014;Prefeitura Municipal de Conceição dos Ouros - MG;3117801;MG;DCA-Anexo I-C;NA;Receitas Brutas Realizadas;RO1.7.2.1.22.00.00;1.7.2.1.22.00.00 - Transferências da Compensação Financeira pela Exploração de Recursos Naturais;139108,48;11151
2014;Prefeitura Municipal de Conceição dos Ouros - MG;3117801;MG;DCA-Anexo I-C;NA;Receitas Brutas Realizadas;RO1.7.2.1.22.20.00;1.7.2.1.22.20.00 - Cota-Parte da Compensação Financeira de Recursos Minerais - CFEM;889,26;11151
2014;Prefeitura Municipal de Conceição dos Ouros - MG;3117801;MG;DCA-Anexo I-C;NA;Receitas Brutas Realizadas;RO1.7.2.1.22.70.00;1.7.2.1.22.70.00 - Cota-Parte do Fundo Especial do Petróleo ¿ FEP;138219,22;11151
2014;Prefeitura Municipal de Conceição dos Ouros - MG;3117801;MG;DCA-Anexo I-C;NA;Receitas Brutas Realizadas;RO1.7.2.1.33.00.00;1.7.2.1.33.00.00 - Transferências de Recursos do Sistema Único de Saúde - SUS - Repasses Fundo a Fundo;875781,23;11151
2014;Prefeitura Municipal de Conceição dos Ouros - MG;3117801;MG;DCA-Anexo I-C;NA;Receitas Brutas Realizadas;RO1.7.2.1.34.00.00;1.7.2.1.34.00.00 - Transferências de Recursos do Fundo Nacional de Assistência Social ¿ FNAS;70876,04;11151
2014;Prefeitura Municipal de Conceição dos Ouros - MG;3117801;MG;DCA-Anexo I-C;NA;Receitas Brutas Realizadas;RO1.7.2.1.35.00.00;1.7.2.1.35.00.00 - Transferências de Recursos do Fundo Nacional do Desenvolvimento da Educação ¿ FNDE;439218,23;11151
2014;Prefeitura Municipal de Conceição dos Ouros - MG;3117801;MG;DCA-Anexo I-C;NA;Receitas Brutas Realizadas;RO1.7.2.1.36.00.00;1.7.2.1.36.00.00 - Transferências Financeiras do ICMS ¿ Desoneração ¿ L.C. Nº 87/96;27493,54;11151
2014;Prefeitura Municipal de Conceição dos Ouros - MG;3117801;MG;DCA-Anexo I-C;NA;Deduções - FUNDEB;RO1.7.2.1.36.00.00;1.7.2.1.36.00.00 - Transferências Financeiras do ICMS ¿ Desoneração ¿ L.C. Nº 87/96;5494,20;11151
2014;Prefeitura Municipal de Conceição dos Ouros - MG;3117801;MG;DCA-Anexo I-C;NA;Receitas Brutas Realizadas;RO1.7.2.1.99.00.00;1.7.2.1.99.00.00 - Outras Transferências da União;224678,14;11151
2014;Prefeitura Municipal de Conceição dos Ouros - MG;3117801;MG;DCA-Anexo I-C;NA;Receitas Brutas Realizadas;RO1.7.2.2.00.00.00;1.7.2.2.00.00.00 - Transferências dos Estados;5208702,22;11151
2014;Prefeitura Municipal de Conceição dos Ouros - MG;3117801;MG;DCA-Anexo I-C;NA;Deduções - FUNDEB;RO1.7.2.2.00.00.00;1.7.2.2.00.00.00 - Transferências dos Estados;954725,66;11151
2014;Prefeitura Municipal de Conceição dos Ouros - MG;3117801;MG;DCA-Anexo I-C;NA;Receitas Brutas Realizadas;RO1.7.2.2.01.00.00;1.7.2.2.01.00.00 - Participação na Receita dos Estados;5208702,22;11151
2014;Prefeitura Municipal de Conceição dos Ouros - MG;3117801;MG;DCA-Anexo I-C;NA;Deduções - FUNDEB;RO1.7.2.2.01.00.00;1.7.2.2.01.00.00 - Participação na Receita dos Estados;954725,66;11151
2014;Prefeitura Municipal de Conceição dos Ouros - MG;3117801;MG;DCA-Anexo I-C;NA;Receitas Brutas Realizadas;RO1.7.2.2.01.01.00;1.7.2.2.01.01.00 - Cota-Parte do ICMS;4179095,36;11151
2014;Prefeitura Municipal de Conceição dos Ouros - MG;3117801;MG;DCA-Anexo I-C;NA;Deduções - FUNDEB;RO1.7.2.2.01.01.00;1.7.2.2.01.01.00 - Cota-Parte do ICMS;804433,50;11151
2014;Prefeitura Municipal de Conceição dos Ouros - MG;3117801;MG;DCA-Anexo I-C;NA;Receitas Brutas Realizadas;RO1.7.2.2.01.02.00;1.7.2.2.01.02.00 - Cota-Parte do IPVA;689541,83;11151
2014;Prefeitura Municipal de Conceição dos Ouros - MG;3117801;MG;DCA-Anexo I-C;NA;Deduções - FUNDEB;RO1.7.2.2.01.02.00;1.7.2.2.01.02.00 - Cota-Parte do IPVA;136520,97;11151
2014;Prefeitura Municipal de Conceição dos Ouros - MG;3117801;MG;DCA-Anexo I-C;NA;Receitas Brutas Realizadas;RO1.7.2.2.01.04.00;1.7.2.2.01.04.00 - Cota-Parte do IPI sobre Exportação;337858,07;11151
2014;Prefeitura Municipal de Conceição dos Ouros - MG;3117801;MG;DCA-Anexo I-C;NA;Deduções - FUNDEB;RO1.7.2.2.01.04.00;1.7.2.2.01.04.00 - Cota-Parte do IPI sobre Exportação;13771,19;11151
2014;Prefeitura Municipal de Conceição dos Ouros - MG;3117801;MG;DCA-Anexo I-C;NA;Receitas Brutas Realizadas;RO1.7.2.2.01.13.00;1.7.2.2.01.13.00 - Cota-Parte da Contribuição de Intervenção no Domínio Econômico;2206,96;11151
2014;Prefeitura Municipal de Conceição dos Ouros - MG;3117801;MG;DCA-Anexo I-C;NA;Receitas Brutas Realizadas;RO1.7.2.4.00.00.00;1.7.2.4.00.00.00 - Transferências Multigovernamentais;3352995,62;11151
2014;Prefeitura Municipal de Conceição dos Ouros - MG;3117801;MG;DCA-Anexo I-C;NA;Receitas Brutas Realizadas;RO1.7.2.4.01.00.00;1.7.2.4.01.00.00 - Transferências de Recursos do Fundo de Manutenção e Desenvolvimento do Ensino Fundamental e de Valorização do Magistério - FUNDEB;3352995,62;11151
2014;Prefeitura Municipal de Conceição dos Ouros - MG;3117801;MG;DCA-Anexo I-C;NA;Receitas Brutas Realizadas;RO1.7.3.0.00.00.00;1.7.3.0.00.00.00 - Transferências de Instituições Privadas;4000,00;11151
2014;Prefeitura Municipal de Conceição dos Ouros - MG;3117801;MG;DCA-Anexo I-C;NA;Receitas Brutas Realizadas;RO1.7.6.0.00.00.00;1.7.6.0.00.00.00 - Transferências de Convênios;168177,97;11151
2014;Prefeitura Municipal de Conceição dos Ouros - MG;3117801;MG;DCA-Anexo I-C;NA;Receitas Brutas Realizadas;RO1.7.6.1.00.00.00;1.7.6.1.00.00.00 - Transferências de Convênios da União e de Suas Entidades;61652,59;11151
2014;Prefeitura Municipal de Conceição dos Ouros - MG;3117801;MG;DCA-Anexo I-C;NA;Receitas Brutas Realizadas;RO1.7.6.1.01.00.00;1.7.6.1.01.00.00 - Transferências de Convênios da União para o Sistema Único de Saúde - SUS;53652,59;11151
2014;Prefeitura Municipal de Conceição dos Ouros - MG;3117801;MG;DCA-Anexo I-C;NA;Receitas Brutas Realizadas;RO1.7.6.1.03.00.00;1.7.6.1.03.00.00 - Transferências de Convênios da União Destinadas a Programas de Assistência Social;8000,00;11151
2014;Prefeitura Municipal de Conceição dos Ouros - MG;3117801;MG;DCA-Anexo I-C;NA;Receitas Brutas Realizadas;RO1.7.6.2.00.00.00;1.7.6.2.00.00.00 - Transferências de Convênios dos Estados e do Distrito Federal e de Suas Entidades;106525,38;11151
2014;Prefeitura Municipal de Conceição dos Ouros - MG;3117801;MG;DCA-Anexo I-C;NA;Receitas Brutas Realizadas;RO1.7.6.2.99.00.00;1.7.6.2.99.00.00 - Outras Transferências de Convênios dos Estados;106525,38;11151
2014;Prefeitura Municipal de Conceição dos Ouros - MG;3117801;MG;DCA-Anexo I-C;NA;Receitas Brutas Realizadas;RO1.9.0.0.00.00.00;1.9.0.0.00.00.00 - Outras Receitas Correntes;137183,89;11151
2014;Prefeitura Municipal de Conceição dos Ouros - MG;3117801;MG;DCA-Anexo I-C;NA;Receitas Brutas Realizadas;RO1.9.1.0.00.00.00;1.9.1.0.00.00.00 - Multas e Juros de Mora;35661,20;11151
2014;Prefeitura Municipal de Conceição dos Ouros - MG;3117801;MG;DCA-Anexo I-C;NA;Receitas Brutas Realizadas;RO1.9.1.3.00.00.00;1.9.1.3.00.00.00 - Multas e Juros de Mora da Dívida Ativa dos Tributos;35661,20;11151
2014;Prefeitura Municipal de Conceição dos Ouros - MG;3117801;MG;DCA-Anexo I-C;NA;Receitas Brutas Realizadas;RO1.9.2.0.00.00.00;1.9.2.0.00.00.00 - Indenizações e Restituições;18992,04;11151
2014;Prefeitura Municipal de Conceição dos Ouros - MG;3117801;MG;DCA-Anexo I-C;NA;Receitas Brutas Realizadas;RO1.9.2.2.00.00.00;1.9.2.2.00.00.00 - Restituições;18992,04;11151
2014;Prefeitura Municipal de Conceição dos Ouros - MG;3117801;MG;DCA-Anexo I-C;NA;Receitas Brutas Realizadas;RO1.9.2.2.99.00.00;1.9.2.2.99.00.00 - Outras Restituições;18992,04;11151
2014;Prefeitura Municipal de Conceição dos Ouros - MG;3117801;MG;DCA-Anexo I-C;NA;Receitas Brutas Realizadas;RO1.9.3.0.00.00.00;1.9.3.0.00.00.00 - Receita da Dívida Ativa;73156,70;11151
2014;Prefeitura Municipal de Conceição dos Ouros - MG;3117801;MG;DCA-Anexo I-C;NA;Receitas Brutas Realizadas;RO1.9.3.1.00.00.00;1.9.3.1.00.00.00 - Receita da Dívida Ativa Tributária;73156,70;11151
2014;Prefeitura Municipal de Conceição dos Ouros - MG;3117801;MG;DCA-Anexo I-C;NA;Receitas Brutas Realizadas;RO1.9.9.0.00.00.00;1.9.9.0.00.00.00 - Receitas Diversas;9373,95;11151
2014;Prefeitura Municipal de Conceição dos Ouros - MG;3117801;MG;DCA-Anexo I-C;NA;Receitas Brutas Realizadas;RO2.0.0.0.00.00.00;2.0.0.0.00.00.00 - Receitas de Capital;1135427,40;11151
2014;Prefeitura Municipal de Conceição dos Ouros - MG;3117801;MG;DCA-Anexo I-C;NA;Receitas Brutas Realizadas;RO2.4.0.0.00.00.00;2.4.0.0.00.00.00 - Transferências de Capital;1135427,40;11151
2014;Prefeitura Municipal de Conceição dos Ouros - MG;3117801;MG;DCA-Anexo I-C;NA;Receitas Brutas Realizadas;RO2.4.7.0.00.00.00;2.4.7.0.00.00.00 - Transferências de Convênios;1135427,40;11151
2014;Prefeitura Municipal de Conceição dos Ouros - MG;3117801;MG;DCA-Anexo I-C;NA;Receitas Brutas Realizadas;RO2.4.7.1.00.00.00;2.4.7.1.00.00.00 - Transferências de Convênios da União e de suas Entidades;730427,40;11151
2014;Prefeitura Municipal de Conceição dos Ouros - MG;3117801;MG;DCA-Anexo I-C;NA;Receitas Brutas Realizadas;RO2.4.7.1.01.00.00;2.4.7.1.01.00.00 - Transferências de Convênios da União para o Sistema Único de Saúde - SUS;90000,00;11151
2014;Prefeitura Municipal de Conceição dos Ouros - MG;3117801;MG;DCA-Anexo I-C;NA;Receitas Brutas Realizadas;RO2.4.7.1.99.00.00;2.4.7.1.99.00.00 - Outras Transferências de Convênios da União;640427,40;11151
2014;Prefeitura Municipal de Conceição dos Ouros - MG;3117801;MG;DCA-Anexo I-C;NA;Receitas Brutas Realizadas;RO2.4.7.2.00.00.00;2.4.7.2.00.00.00 - Transferências de Convênios dos Estados e do Distrito Federal e de suas Entidades;405000,00;11151
2014;Prefeitura Municipal de Conceição dos Ouros - MG;3117801;MG;DCA-Anexo I-C;NA;Receitas Brutas Realizadas;RO2.4.7.2.01.00.00;2.4.7.2.01.00.00 - Transferências de Convênios dos Estados para o Sistema Único de Saúde - SUS;155000,00;11151
2014;Prefeitura Municipal de Conceição dos Ouros - MG;3117801;MG;DCA-Anexo I-C;NA;Receitas Brutas Realizadas;RO2.4.7.2.03.00.00;2.4.7.2.03.00.00 - Transferências de Convênios dos Estados Destinadas a Programas de Saneamento Básico;250000,00;11151
2015;Prefeitura Municipal de Conceição dos Ouros - MG;3117801;MG;DCA-Anexo I-C;NA;Receitas Brutas Realizadas;TotalReceitas;Total Receitas;22259075,97;11151
2015;Prefeitura Municipal de Conceição dos Ouros - MG;3117801;MG;DCA-Anexo I-C;NA;Deduções - FUNDEB;TotalReceitas;Total Receitas;2794576,47;11151
2015;Prefeitura Municipal de Conceição dos Ouros - MG;3117801;MG;DCA-Anexo I-C;NA;Receitas Brutas Realizadas;RO1.0.0.0.00.00.00;1.0.0.0.00.00.00 - Receitas Correntes;21698519,99;11151
2015;Prefeitura Municipal de Conceição dos Ouros - MG;3117801;MG;DCA-Anexo I-C;NA;Deduções - FUNDEB;RO1.0.0.0.00.00.00;1.0.0.0.00.00.00 - Receitas Correntes;2794576,47;11151
2015;Prefeitura Municipal de Conceição dos Ouros - MG;3117801;MG;DCA-Anexo I-C;NA;Receitas Brutas Realizadas;RO1.1.0.0.00.00.00;1.1.0.0.00.00.00 - Receita Tributária;906918,60;11151
2015;Prefeitura Municipal de Conceição dos Ouros - MG;3117801;MG;DCA-Anexo I-C;NA;Receitas Brutas Realizadas;RO1.1.1.0.00.00.00;1.1.1.0.00.00.00 - Impostos;782690,61;11151
2015;Prefeitura Municipal de Conceição dos Ouros - MG;3117801;MG;DCA-Anexo I-C;NA;Receitas Brutas Realizadas;RO1.1.1.2.00.00.00;1.1.1.2.00.00.00 - Impostos sobre o Patrimônio e a Renda;349006,30;11151
2015;Prefeitura Municipal de Conceição dos Ouros - MG;3117801;MG;DCA-Anexo I-C;NA;Receitas Brutas Realizadas;RO1.1.1.2.02.00.00;1.1.1.2.02.00.00 - Imposto sobre a Propriedade Predial e Territorial Urbana ¿ IPTU;128437,27;11151
2015;Prefeitura Municipal de Conceição dos Ouros - MG;3117801;MG;DCA-Anexo I-C;NA;Receitas Brutas Realizadas;RO1.1.1.2.04.00.00;1.1.1.2.04.00.00 - Imposto sobre a Renda e Proventos de Qualquer Natureza ¿ IR;128841,52;11151
2015;Prefeitura Municipal de Conceição dos Ouros - MG;3117801;MG;DCA-Anexo I-C;NA;Receitas Brutas Realizadas;RO1.1.1.2.04.31.00;1.1.1.2.04.31.00 - Retido nas Fontes - Trabalho;97414,12;11151
2015;Prefeitura Municipal de Conceição dos Ouros - MG;3117801;MG;DCA-Anexo I-C;NA;Receitas Brutas Realizadas;RO1.1.1.2.04.34.00;1.1.1.2.04.34.00 - Retido nas Fontes - Outros Rendimentos;31427,40;11151
2015;Prefeitura Municipal de Conceição dos Ouros - MG;3117801;MG;DCA-Anexo I-C;NA;Receitas Brutas Realizadas;RO1.1.1.2.08.00.00;"1.1.1.2.08.00.00 - Imposto sobre Transmissão ""Inter Vivos"" de Bens Imóveis e de Direitos Reais sobre Imóveis ¿ ITBI";91727,51;11151
2015;Prefeitura Municipal de Conceição dos Ouros - MG;3117801;MG;DCA-Anexo I-C;NA;Receitas Brutas Realizadas;RO1.1.1.3.00.00.00;1.1.1.3.00.00.00 - Impostos sobre a Produção e a Circulação;433684,31;11151
2015;Prefeitura Municipal de Conceição dos Ouros - MG;3117801;MG;DCA-Anexo I-C;NA;Receitas Brutas Realizadas;RO1.1.1.3.05.00.00;1.1.1.3.05.00.00 - Imposto sobre Serviços de Qualquer Natureza ¿ ISSQN;433684,31;11151
2015;Prefeitura Municipal de Conceição dos Ouros - MG;3117801;MG;DCA-Anexo I-C;NA;Receitas Brutas Realizadas;RO1.1.2.0.00.00.00;1.1.2.0.00.00.00 - Taxas;124227,99;11151
2015;Prefeitura Municipal de Conceição dos Ouros - MG;3117801;MG;DCA-Anexo I-C;NA;Receitas Brutas Realizadas;RO1.1.2.1.00.00.00;1.1.2.1.00.00.00 - Taxas pelo Exercício do Poder de Polícia;53421,49;11151
2015;Prefeitura Municipal de Conceição dos Ouros - MG;3117801;MG;DCA-Anexo I-C;NA;Receitas Brutas Realizadas;RO1.1.2.2.00.00.00;1.1.2.2.00.00.00 - Taxas pela Prestação de Serviços;70806,50;11151
2015;Prefeitura Municipal de Conceição dos Ouros - MG;3117801;MG;DCA-Anexo I-C;NA;Receitas Brutas Realizadas;RO1.2.0.0.00.00.00;1.2.0.0.00.00.00 - Receitas de Contribuições;473251,39;11151
2015;Prefeitura Municipal de Conceição dos Ouros - MG;3117801;MG;DCA-Anexo I-C;NA;Receitas Brutas Realizadas;RO1.2.3.0.00.00.00;1.2.3.0.00.00.00 - Contribuição para Custeio do Serviço de Iluminação Pública;473251,39;11151
2015;Prefeitura Municipal de Conceição dos Ouros - MG;3117801;MG;DCA-Anexo I-C;NA;Receitas Brutas Realizadas;RO1.3.0.0.00.00.00;1.3.0.0.00.00.00 - Receita Patrimonial;157454,80;11151
2015;Prefeitura Municipal de Conceição dos Ouros - MG;3117801;MG;DCA-Anexo I-C;NA;Receitas Brutas Realizadas;RO1.3.2.0.00.00.00;1.3.2.0.00.00.00 - Receitas de Valores Mobiliários;157454,80;11151
2015;Prefeitura Municipal de Conceição dos Ouros - MG;3117801;MG;DCA-Anexo I-C;NA;Receitas Brutas Realizadas;RO1.3.2.5.00.00.00;1.3.2.5.00.00.00 - Remuneração de Depósitos Bancários;157454,80;11151
2015;Prefeitura Municipal de Conceição dos Ouros - MG;3117801;MG;DCA-Anexo I-C;NA;Receitas Brutas Realizadas;RO1.6.0.0.00.00.00;1.6.0.0.00.00.00 - Receita de Serviços;86617,41;11151
2015;Prefeitura Municipal de Conceição dos Ouros - MG;3117801;MG;DCA-Anexo I-C;NA;Receitas Brutas Realizadas;RO1.6.0.0.43.00.00;1.6.0.0.43.00.00 - Serviços de Coleta, Transporte, Tratamento e Destino Final de Resíduos Sólidos;7801,41;11151
2015;Prefeitura Municipal de Conceição dos Ouros - MG;3117801;MG;DCA-Anexo I-C;NA;Receitas Brutas Realizadas;RO1.6.0.0.50.00.00;1.6.0.0.50.00.00 - Tarifas de Inscrição em Concursos e Processos Seletivos;78816,00;11151
2015;Prefeitura Municipal de Conceição dos Ouros - MG;3117801;MG;DCA-Anexo I-C;NA;Receitas Brutas Realizadas;RO1.7.0.0.00.00.00;1.7.0.0.00.00.00 - Transferências Correntes;19914701,59;11151
2015;Prefeitura Municipal de Conceição dos Ouros - MG;3117801;MG;DCA-Anexo I-C;NA;Deduções - FUNDEB;RO1.7.0.0.00.00.00;1.7.0.0.00.00.00 - Transferências Correntes;2794576,47;11151
2015;Prefeitura Municipal de Conceição dos Ouros - MG;3117801;MG;DCA-Anexo I-C;NA;Receitas Brutas Realizadas;RO1.7.2.0.00.00.00;1.7.2.0.00.00.00 - Transferências Intergovernamentais;19697833,48;11151
2015;Prefeitura Municipal de Conceição dos Ouros - MG;3117801;MG;DCA-Anexo I-C;NA;Deduções - FUNDEB;RO1.7.2.0.00.00.00;1.7.2.0.00.00.00 - Transferências Intergovernamentais;2794576,47;11151
2015;Prefeitura Municipal de Conceição dos Ouros - MG;3117801;MG;DCA-Anexo I-C;NA;Receitas Brutas Realizadas;RO1.7.2.1.00.00.00;1.7.2.1.00.00.00 - Transferências da União;11619111,18;11151
2015;Prefeitura Municipal de Conceição dos Ouros - MG;3117801;MG;DCA-Anexo I-C;NA;Deduções - FUNDEB;RO1.7.2.1.00.00.00;1.7.2.1.00.00.00 - Transferências da União;1880131,85;11151
2015;Prefeitura Municipal de Conceição dos Ouros - MG;3117801;MG;DCA-Anexo I-C;NA;Receitas Brutas Realizadas;RO1.7.2.1.01.00.00;1.7.2.1.01.00.00 - Participação na Receita da União;9895603,16;11151
2015;Prefeitura Municipal de Conceição dos Ouros - MG;3117801;MG;DCA-Anexo I-C;NA;Deduções - FUNDEB;RO1.7.2.1.01.00.00;1.7.2.1.01.00.00 - Participação na Receita da União;1875088,34;11151
2015;Prefeitura Municipal de Conceição dos Ouros - MG;3117801;MG;DCA-Anexo I-C;NA;Receitas Brutas Realizadas;RO1.7.2.1.01.02.00;1.7.2.1.01.02.00 - Cota-Parte do Fundo de Participação dos Municípios ¿ FPM;9883556,17;11151
2015;Prefeitura Municipal de Conceição dos Ouros - MG;3117801;MG;DCA-Anexo I-C;NA;Deduções - FUNDEB;RO1.7.2.1.01.02.00;1.7.2.1.01.02.00 - Cota-Parte do Fundo de Participação dos Municípios ¿ FPM;1872680,27;11151
2015;Prefeitura Municipal de Conceição dos Ouros - MG;3117801;MG;DCA-Anexo I-C;NA;Receitas Brutas Realizadas;RO1.7.2.1.01.05.00;1.7.2.1.01.05.00 - Cota-Parte do Imposto Sobre a Propriedade Territorial Rural ¿ ITR;12046,99;11151
2015;Prefeitura Municipal de Conceição dos Ouros - MG;3117801;MG;DCA-Anexo I-C;NA;Deduções - FUNDEB;RO1.7.2.1.01.05.00;1.7.2.1.01.05.00 - Cota-Parte do Imposto Sobre a Propriedade Territorial Rural ¿ ITR;2408,07;11151
2015;Prefeitura Municipal de Conceição dos Ouros - MG;3117801;MG;DCA-Anexo I-C;NA;Receitas Brutas Realizadas;RO1.7.2.1.22.00.00;1.7.2.1.22.00.00 - Transferências da Compensação Financeira pela Exploração de Recursos Naturais;104522,54;11151
2015;Prefeitura Municipal de Conceição dos Ouros - MG;3117801;MG;DCA-Anexo I-C;NA;Receitas Brutas Realizadas;RO1.7.2.1.22.20.00;1.7.2.1.22.20.00 - Cota-Parte da Compensação Financeira de Recursos Minerais - CFEM;232,52;11151
2015;Prefeitura Municipal de Conceição dos Ouros - MG;3117801;MG;DCA-Anexo I-C;NA;Receitas Brutas Realizadas;RO1.7.2.1.22.70.00;1.7.2.1.22.70.00 - Cota-Parte do Fundo Especial do Petróleo ¿ FEP;104290,02;11151
2015;Prefeitura Municipal de Conceição dos Ouros - MG;3117801;MG;DCA-Anexo I-C;NA;Receitas Brutas Realizadas;RO1.7.2.1.33.00.00;1.7.2.1.33.00.00 - Transferências de Recursos do Sistema Único de Saúde - SUS - Repasses Fundo a Fundo;1001095,56;11151
2015;Prefeitura Municipal de Conceição dos Ouros - MG;3117801;MG;DCA-Anexo I-C;NA;Receitas Brutas Realizadas;RO1.7.2.1.34.00.00;1.7.2.1.34.00.00 - Transferências de Recursos do Fundo Nacional de Assistência Social ¿ FNAS;52978,84;11151
2015;Prefeitura Municipal de Conceição dos Ouros - MG;3117801;MG;DCA-Anexo I-C;NA;Receitas Brutas Realizadas;RO1.7.2.1.35.00.00;1.7.2.1.35.00.00 - Transferências de Recursos do Fundo Nacional do Desenvolvimento da Educação ¿ FNDE;499590,18;11151
2015;Prefeitura Municipal de Conceição dos Ouros - MG;3117801;MG;DCA-Anexo I-C;NA;Receitas Brutas Realizadas;RO1.7.2.1.36.00.00;1.7.2.1.36.00.00 - Transferências Financeiras do ICMS ¿ Desoneração ¿ L.C. Nº 87/96;25217,90;11151
2015;Prefeitura Municipal de Conceição dos Ouros - MG;3117801;MG;DCA-Anexo I-C;NA;Deduções - FUNDEB;RO1.7.2.1.36.00.00;1.7.2.1.36.00.00 - Transferências Financeiras do ICMS ¿ Desoneração ¿ L.C. Nº 87/96;5043,51;11151
2015;Prefeitura Municipal de Conceição dos Ouros - MG;3117801;MG;DCA-Anexo I-C;NA;Receitas Brutas Realizadas;RO1.7.2.1.99.00.00;1.7.2.1.99.00.00 - Outras Transferências da União;40103,00;11151
2015;Prefeitura Municipal de Conceição dos Ouros - MG;3117801;MG;DCA-Anexo I-C;NA;Receitas Brutas Realizadas;RO1.7.2.2.00.00.00;1.7.2.2.00.00.00 - Transferências dos Estados;4649016,05;11151
2015;Prefeitura Municipal de Conceição dos Ouros - MG;3117801;MG;DCA-Anexo I-C;NA;Deduções - FUNDEB;RO1.7.2.2.00.00.00;1.7.2.2.00.00.00 - Transferências dos Estados;914444,62;11151
2015;Prefeitura Municipal de Conceição dos Ouros - MG;3117801;MG;DCA-Anexo I-C;NA;Receitas Brutas Realizadas;RO1.7.2.2.01.00.00;1.7.2.2.01.00.00 - Participação na Receita dos Estados;4572675,49;11151
2015;Prefeitura Municipal de Conceição dos Ouros - MG;3117801;MG;DCA-Anexo I-C;NA;Deduções - FUNDEB;RO1.7.2.2.01.00.00;1.7.2.2.01.00.00 - Participação na Receita dos Estados;914444,62;11151
2015;Prefeitura Municipal de Conceição dos Ouros - MG;3117801;MG;DCA-Anexo I-C;NA;Receitas Brutas Realizadas;RO1.7.2.2.01.01.00;1.7.2.2.01.01.00 - Cota-Parte do ICMS;3775148,65;11151
2015;Prefeitura Municipal de Conceição dos Ouros - MG;3117801;MG;DCA-Anexo I-C;NA;Deduções - FUNDEB;RO1.7.2.2.01.01.00;1.7.2.2.01.01.00 - Cota-Parte do ICMS;756618,91;11151
2015;Prefeitura Municipal de Conceição dos Ouros - MG;3117801;MG;DCA-Anexo I-C;NA;Receitas Brutas Realizadas;RO1.7.2.2.01.02.00;1.7.2.2.01.02.00 - Cota-Parte do IPVA;785432,72;11151
2015;Prefeitura Municipal de Conceição dos Ouros - MG;3117801;MG;DCA-Anexo I-C;NA;Deduções - FUNDEB;RO1.7.2.2.01.02.00;1.7.2.2.01.02.00 - Cota-Parte do IPVA;157085,43;11151
2015;Prefeitura Municipal de Conceição dos Ouros - MG;3117801;MG;DCA-Anexo I-C;NA;Receitas Brutas Realizadas;RO1.7.2.2.01.04.00;1.7.2.2.01.04.00 - Cota-Parte do IPI sobre Exportação;3701,38;11151
2015;Prefeitura Municipal de Conceição dos Ouros - MG;3117801;MG;DCA-Anexo I-C;NA;Deduções - FUNDEB;RO1.7.2.2.01.04.00;1.7.2.2.01.04.00 - Cota-Parte do IPI sobre Exportação;740,28;11151
2015;Prefeitura Municipal de Conceição dos Ouros - MG;3117801;MG;DCA-Anexo I-C;NA;Receitas Brutas Realizadas;RO1.7.2.2.01.13.00;1.7.2.2.01.13.00 - Cota-Parte da Contribuição de Intervenção no Domínio Econômico;8392,74;11151
2015;Prefeitura Municipal de Conceição dos Ouros - MG;3117801;MG;DCA-Anexo I-C;NA;Receitas Brutas Realizadas;RO1.7.2.2.33.00.00;1.7.2.2.33.00.00 - Transferências de Recursos do Estado para Programas de Saúde - Repasse Fundo a Fundo;76340,56;11151
2015;Prefeitura Municipal de Conceição dos Ouros - MG;3117801;MG;DCA-Anexo I-C;NA;Receitas Brutas Realizadas;RO1.7.2.4.00.00.00;1.7.2.4.00.00.00 - Transferências Multigovernamentais;3429706,25;11151
2015;Prefeitura Municipal de Conceição dos Ouros - MG;3117801;MG;DCA-Anexo I-C;NA;Receitas Brutas Realizadas;RO1.7.2.4.01.00.00;1.7.2.4.01.00.00 - Transferências de Recursos do Fundo de Manutenção e Desenvolvimento do Ensino Fundamental e de Valorização do Magistério - FUNDEB;3429706,25;11151
2015;Prefeitura Municipal de Conceição dos Ouros - MG;3117801;MG;DCA-Anexo I-C;NA;Receitas Brutas Realizadas;RO1.7.3.0.00.00.00;1.7.3.0.00.00.00 - Transferências de Instituições Privadas;7500,00;11151
2015;Prefeitura Municipal de Conceição dos Ouros - MG;3117801;MG;DCA-Anexo I-C;NA;Receitas Brutas Realizadas;RO1.7.6.0.00.00.00;1.7.6.0.00.00.00 - Transferências de Convênios;209368,11;11151
2015;Prefeitura Municipal de Conceição dos Ouros - MG;3117801;MG;DCA-Anexo I-C;NA;Receitas Brutas Realizadas;RO1.7.6.1.00.00.00;1.7.6.1.00.00.00 - Transferências de Convênios da União e de Suas Entidades;92787,20;11151
2015;Prefeitura Municipal de Conceição dos Ouros - MG;3117801;MG;DCA-Anexo I-C;NA;Receitas Brutas Realizadas;RO1.7.6.1.01.00.00;1.7.6.1.01.00.00 - Transferências de Convênios da União para o Sistema Único de Saúde - SUS;60343,20;11151
2015;Prefeitura Municipal de Conceição dos Ouros - MG;3117801;MG;DCA-Anexo I-C;NA;Receitas Brutas Realizadas;RO1.7.6.1.03.00.00;1.7.6.1.03.00.00 - Transferências de Convênios da União Destinadas a Programas de Assistência Social;32444,00;11151
2015;Prefeitura Municipal de Conceição dos Ouros - MG;3117801;MG;DCA-Anexo I-C;NA;Receitas Brutas Realizadas;RO1.7.6.2.00.00.00;1.7.6.2.00.00.00 - Transferências de Convênios dos Estados e do Distrito Federal e de Suas Entidades;116580,91;11151
2015;Prefeitura Municipal de Conceição dos Ouros - MG;3117801;MG;DCA-Anexo I-C;NA;Receitas Brutas Realizadas;RO1.7.6.2.01.00.00;1.7.6.2.01.00.00 - Transferências de Convênios dos Estados para o Sistema Único de Saúde - SUS;17964,00;11151
2015;Prefeitura Municipal de Conceição dos Ouros - MG;3117801;MG;DCA-Anexo I-C;NA;Receitas Brutas Realizadas;RO1.7.6.2.99.00.00;1.7.6.2.99.00.00 - Outras Transferências de Convênios dos Estados;98616,91;11151
2015;Prefeitura Municipal de Conceição dos Ouros - MG;3117801;MG;DCA-Anexo I-C;NA;Receitas Brutas Realizadas;RO1.9.0.0.00.00.00;1.9.0.0.00.00.00 - Outras Receitas Correntes;159576,20;11151
2015;Prefeitura Municipal de Conceição dos Ouros - MG;3117801;MG;DCA-Anexo I-C;NA;Receitas Brutas Realizadas;RO1.9.1.0.00.00.00;1.9.1.0.00.00.00 - Multas e Juros de Mora;33500,01;11151
2015;Prefeitura Municipal de Conceição dos Ouros - MG;3117801;MG;DCA-Anexo I-C;NA;Receitas Brutas Realizadas;RO1.9.1.1.00.00.00;1.9.1.1.00.00.00 - Multas e Juros de Mora dos Tributos;11095,39;11151
2015;Prefeitura Municipal de Conceição dos Ouros - MG;3117801;MG;DCA-Anexo I-C;NA;Receitas Brutas Realizadas;RO1.9.1.1.38.00.00;1.9.1.1.38.00.00 - Multas e Juros de Mora do Imposto sobre a Propriedade Predial e Territorial Urbana ¿ IPTU;1428,30;11151
2015;Prefeitura Municipal de Conceição dos Ouros - MG;3117801;MG;DCA-Anexo I-C;NA;Receitas Brutas Realizadas;RO1.9.1.1.40.00.00;1.9.1.1.40.00.00 - Multas e Juros de Mora do Imposto sobre Serviços de Qualquer Natureza ¿ ISS;8915,76;11151
2015;Prefeitura Municipal de Conceição dos Ouros - MG;3117801;MG;DCA-Anexo I-C;NA;Receitas Brutas Realizadas;RO1.9.1.1.99.00.00;1.9.1.1.99.00.00 - Multas e Juros de Mora de Outros Tributos;751,33;11151
2015;Prefeitura Municipal de Conceição dos Ouros - MG;3117801;MG;DCA-Anexo I-C;NA;Receitas Brutas Realizadas;RO1.9.1.3.00.00.00;1.9.1.3.00.00.00 - Multas e Juros de Mora da Dívida Ativa dos Tributos;22404,62;11151
2015;Prefeitura Municipal de Conceição dos Ouros - MG;3117801;MG;DCA-Anexo I-C;NA;Receitas Brutas Realizadas;RO1.9.1.3.11.00.00;1.9.1.3.11.00.00 - Multas e Juros de Mora da Dívida Ativa do Imposto sobre a Propriedade Predial e Territorial Urbana ¿ IPTU;21645,54;11151
2015;Prefeitura Municipal de Conceição dos Ouros - MG;3117801;MG;DCA-Anexo I-C;NA;Receitas Brutas Realizadas;RO1.9.1.3.13.00.00;1.9.1.3.13.00.00 - Multas e Juros de Mora da Dívida Ativa do Imposto sobre Serviços de Qualquer Natureza ¿ ISS;427,03;11151
2015;Prefeitura Municipal de Conceição dos Ouros - MG;3117801;MG;DCA-Anexo I-C;NA;Receitas Brutas Realizadas;RO1.9.1.3.99.00.00;1.9.1.3.99.00.00 - Multas e Juros de Mora da Dívida Ativa de Outros Tributos;332,05;11151
2015;Prefeitura Municipal de Conceição dos Ouros - MG;3117801;MG;DCA-Anexo I-C;NA;Receitas Brutas Realizadas;RO1.9.2.0.00.00.00;1.9.2.0.00.00.00 - Indenizações e Restituições;93543,06;11151
2015;Prefeitura Municipal de Conceição dos Ouros - MG;3117801;MG;DCA-Anexo I-C;NA;Receitas Brutas Realizadas;RO1.9.2.2.00.00.00;1.9.2.2.00.00.00 - Restituições;93543,06;11151
2015;Prefeitura Municipal de Conceição dos Ouros - MG;3117801;MG;DCA-Anexo I-C;NA;Receitas Brutas Realizadas;RO1.9.2.2.99.00.00;1.9.2.2.99.00.00 - Outras Restituições;93543,06;11151
2015;Prefeitura Municipal de Conceição dos Ouros - MG;3117801;MG;DCA-Anexo I-C;NA;Receitas Brutas Realizadas;RO1.9.3.0.00.00.00;1.9.3.0.00.00.00 - Receita da Dívida Ativa;25587,24;11151
2015;Prefeitura Municipal de Conceição dos Ouros - MG;3117801;MG;DCA-Anexo I-C;NA;Receitas Brutas Realizadas;RO1.9.3.1.00.00.00;1.9.3.1.00.00.00 - Receita da Dívida Ativa Tributária;25587,24;11151
2015;Prefeitura Municipal de Conceição dos Ouros - MG;3117801;MG;DCA-Anexo I-C;NA;Receitas Brutas Realizadas;RO1.9.3.1.11.00.00;1.9.3.1.11.00.00 - Receita da Dívida Ativa do Imposto sobre a Propriedade Predial e Territorial Urbana ¿ IPTU;22578,72;11151
2015;Prefeitura Municipal de Conceição dos Ouros - MG;3117801;MG;DCA-Anexo I-C;NA;Receitas Brutas Realizadas;RO1.9.3.1.13.00.00;1.9.3.1.13.00.00 - Receita da Dívida Ativa do Imposto sobre Serviços de Qualquer Natureza ¿ ISS;575,20;11151
2015;Prefeitura Municipal de Conceição dos Ouros - MG;3117801;MG;DCA-Anexo I-C;NA;Receitas Brutas Realizadas;RO1.9.3.1.99.00.00;1.9.3.1.99.00.00 - Receita da Dívida Ativa de Outros Tributos;2433,32;11151
2015;Prefeitura Municipal de Conceição dos Ouros - MG;3117801;MG;DCA-Anexo I-C;NA;Receitas Brutas Realizadas;RO1.9.9.0.00.00.00;1.9.9.0.00.00.00 - Receitas Diversas;6945,89;11151
2015;Prefeitura Municipal de Conceição dos Ouros - MG;3117801;MG;DCA-Anexo I-C;NA;Receitas Brutas Realizadas;RO2.0.0.0.00.00.00;2.0.0.0.00.00.00 - Receitas de Capital;560555,98;11151
2015;Prefeitura Municipal de Conceição dos Ouros - MG;3117801;MG;DCA-Anexo I-C;NA;Receitas Brutas Realizadas;RO2.2.0.0.00.00.00;2.2.0.0.00.00.00 - Alienação de Bens;429950,00;11151
2015;Prefeitura Municipal de Conceição dos Ouros - MG;3117801;MG;DCA-Anexo I-C;NA;Receitas Brutas Realizadas;RO2.2.2.0.00.00.00;2.2.2.0.00.00.00 - Alienação de Bens Imóveis;429950,00;11151
2015;Prefeitura Municipal de Conceição dos Ouros - MG;3117801;MG;DCA-Anexo I-C;NA;Receitas Brutas Realizadas;RO2.4.0.0.00.00.00;2.4.0.0.00.00.00 - Transferências de Capital;130605,98;11151
2015;Prefeitura Municipal de Conceição dos Ouros - MG;3117801;MG;DCA-Anexo I-C;NA;Receitas Brutas Realizadas;RO2.4.7.0.00.00.00;2.4.7.0.00.00.00 - Transferências de Convênios;130605,98;11151
2015;Prefeitura Municipal de Conceição dos Ouros - MG;3117801;MG;DCA-Anexo I-C;NA;Receitas Brutas Realizadas;RO2.4.7.1.00.00.00;2.4.7.1.00.00.00 - Transferências de Convênios da União e de suas Entidades;127439,50;11151
2015;Prefeitura Municipal de Conceição dos Ouros - MG;3117801;MG;DCA-Anexo I-C;NA;Receitas Brutas Realizadas;RO2.4.7.1.99.00.00;2.4.7.1.99.00.00 - Outras Transferências de Convênios da União;127439,50;11151
2015;Prefeitura Municipal de Conceição dos Ouros - MG;3117801;MG;DCA-Anexo I-C;NA;Receitas Brutas Realizadas;RO2.4.7.2.00.00.00;2.4.7.2.00.00.00 - Transferências de Convênios dos Estados e do Distrito Federal e de suas Entidades;3166,48;11151
2015;Prefeitura Municipal de Conceição dos Ouros - MG;3117801;MG;DCA-Anexo I-C;NA;Receitas Brutas Realizadas;RO2.4.7.2.01.00.00;2.4.7.2.01.00.00 - Transferências de Convênios dos Estados para o Sistema Único de Saúde - SUS;3166,48;11151
2016;Prefeitura Municipal de Conceição dos Ouros - MG;3117801;MG;DCA-Anexo I-C;NA;Receitas Brutas Realizadas;TotalReceitas;Total Receitas;25720302,69;11262
2016;Prefeitura Municipal de Conceição dos Ouros - MG;3117801;MG;DCA-Anexo I-C;NA;Deduções - FUNDEB;TotalReceitas;Total Receitas;3068084,38;11262
2016;Prefeitura Municipal de Conceição dos Ouros - MG;3117801;MG;DCA-Anexo I-C;NA;Receitas Brutas Realizadas;RO1.0.0.0.00.00.00;1.0.0.0.00.00.00 - Receitas Correntes;25592863,19;11262
2016;Prefeitura Municipal de Conceição dos Ouros - MG;3117801;MG;DCA-Anexo I-C;NA;Deduções - FUNDEB;RO1.0.0.0.00.00.00;1.0.0.0.00.00.00 - Receitas Correntes;3068084,38;11262
2016;Prefeitura Municipal de Conceição dos Ouros - MG;3117801;MG;DCA-Anexo I-C;NA;Receitas Brutas Realizadas;RO1.1.0.0.00.00.00;1.1.0.0.00.00.00 - Receita Tributária;799573,63;11262
2016;Prefeitura Municipal de Conceição dos Ouros - MG;3117801;MG;DCA-Anexo I-C;NA;Receitas Brutas Realizadas;RO1.1.1.0.00.00.00;1.1.1.0.00.00.00 - Impostos;655333,86;11262
2016;Prefeitura Municipal de Conceição dos Ouros - MG;3117801;MG;DCA-Anexo I-C;NA;Receitas Brutas Realizadas;RO1.1.1.2.00.00.00;1.1.1.2.00.00.00 - Impostos sobre o Patrimônio e a Renda;335486,29;11262
2016;Prefeitura Municipal de Conceição dos Ouros - MG;3117801;MG;DCA-Anexo I-C;NA;Receitas Brutas Realizadas;RO1.1.1.2.02.00.00;1.1.1.2.02.00.00 - Imposto sobre a Propriedade Predial e Territorial Urbana ¿ IPTU;95343,91;11262
2016;Prefeitura Municipal de Conceição dos Ouros - MG;3117801;MG;DCA-Anexo I-C;NA;Receitas Brutas Realizadas;RO1.1.1.2.04.00.00;1.1.1.2.04.00.00 - Imposto sobre a Renda e Proventos de Qualquer Natureza ¿ IR;160114,47;11262
2016;Prefeitura Municipal de Conceição dos Ouros - MG;3117801;MG;DCA-Anexo I-C;NA;Receitas Brutas Realizadas;RO1.1.1.2.04.31.00;1.1.1.2.04.31.00 - Retido nas Fontes - Trabalho;108439,75;11262
2016;Prefeitura Municipal de Conceição dos Ouros - MG;3117801;MG;DCA-Anexo I-C;NA;Receitas Brutas Realizadas;RO1.1.1.2.04.34.00;1.1.1.2.04.34.00 - Retido nas Fontes - Outros Rendimentos;51674,72;11262
2016;Prefeitura Municipal de Conceição dos Ouros - MG;3117801;MG;DCA-Anexo I-C;NA;Receitas Brutas Realizadas;RO1.1.1.2.08.00.00;"1.1.1.2.08.00.00 - Imposto sobre Transmissão ""Inter Vivos"" de Bens Imóveis e de Direitos Reais sobre Imóveis ¿ ITBI";80027,91;11262
2016;Prefeitura Municipal de Conceição dos Ouros - MG;3117801;MG;DCA-Anexo I-C;NA;Receitas Brutas Realizadas;RO1.1.1.3.00.00.00;1.1.1.3.00.00.00 - Impostos sobre a Produção e a Circulação;319847,57;11262
2016;Prefeitura Municipal de Conceição dos Ouros - MG;3117801;MG;DCA-Anexo I-C;NA;Receitas Brutas Realizadas;RO1.1.1.3.05.00.00;1.1.1.3.05.00.00 - Imposto sobre Serviços de Qualquer Natureza ¿ ISSQN;319847,57;11262
2016;Prefeitura Municipal de Conceição dos Ouros - MG;3117801;MG;DCA-Anexo I-C;NA;Receitas Brutas Realizadas;RO1.1.2.0.00.00.00;1.1.2.0.00.00.00 - Taxas;144239,77;11262
2016;Prefeitura Municipal de Conceição dos Ouros - MG;3117801;MG;DCA-Anexo I-C;NA;Receitas Brutas Realizadas;RO1.1.2.1.00.00.00;1.1.2.1.00.00.00 - Taxas pelo Exercício do Poder de Polícia;110341,83;11262
2016;Prefeitura Municipal de Conceição dos Ouros - MG;3117801;MG;DCA-Anexo I-C;NA;Receitas Brutas Realizadas;RO1.1.2.2.00.00.00;1.1.2.2.00.00.00 - Taxas pela Prestação de Serviços;33897,94;11262
2016;Prefeitura Municipal de Conceição dos Ouros - MG;3117801;MG;DCA-Anexo I-C;NA;Receitas Brutas Realizadas;RO1.1.2.2.99.00.00;1.1.2.2.99.00.00 - Outras Taxas pela Prestação de Serviços;33897,94;11262
2016;Prefeitura Municipal de Conceição dos Ouros - MG;3117801;MG;DCA-Anexo I-C;NA;Receitas Brutas Realizadas;RO1.2.0.0.00.00.00;1.2.0.0.00.00.00 - Receitas de Contribuições;421623,24;11262
2016;Prefeitura Municipal de Conceição dos Ouros - MG;3117801;MG;DCA-Anexo I-C;NA;Receitas Brutas Realizadas;RO1.2.3.0.00.00.00;1.2.3.0.00.00.00 - Contribuição para Custeio do Serviço de Iluminação Pública;421623,24;11262
2016;Prefeitura Municipal de Conceição dos Ouros - MG;3117801;MG;DCA-Anexo I-C;NA;Receitas Brutas Realizadas;RO1.3.0.0.00.00.00;1.3.0.0.00.00.00 - Receita Patrimonial;155617,74;11262
2016;Prefeitura Municipal de Conceição dos Ouros - MG;3117801;MG;DCA-Anexo I-C;NA;Receitas Brutas Realizadas;RO1.3.2.0.00.00.00;1.3.2.0.00.00.00 - Receitas de Valores Mobiliários;155617,74;11262
2016;Prefeitura Municipal de Conceição dos Ouros - MG;3117801;MG;DCA-Anexo I-C;NA;Receitas Brutas Realizadas;RO1.3.2.5.00.00.00;1.3.2.5.00.00.00 - Remuneração de Depósitos Bancários;155617,74;11262
2016;Prefeitura Municipal de Conceição dos Ouros - MG;3117801;MG;DCA-Anexo I-C;NA;Receitas Brutas Realizadas;RO1.6.0.0.00.00.00;1.6.0.0.00.00.00 - Receita de Serviços;16373,62;11262
2016;Prefeitura Municipal de Conceição dos Ouros - MG;3117801;MG;DCA-Anexo I-C;NA;Receitas Brutas Realizadas;RO1.6.0.0.43.00.00;1.6.0.0.43.00.00 - Serviços de Coleta, Transporte, Tratamento e Destino Final de Resíduos Sólidos;16373,62;11262
2016;Prefeitura Municipal de Conceição dos Ouros - MG;3117801;MG;DCA-Anexo I-C;NA;Receitas Brutas Realizadas;RO1.7.0.0.00.00.00;1.7.0.0.00.00.00 - Transferências Correntes;23449485,39;11262
2016;Prefeitura Municipal de Conceição dos Ouros - MG;3117801;MG;DCA-Anexo I-C;NA;Deduções - FUNDEB;RO1.7.0.0.00.00.00;1.7.0.0.00.00.00 - Transferências Correntes;3068084,38;11262
2016;Prefeitura Municipal de Conceição dos Ouros - MG;3117801;MG;DCA-Anexo I-C;NA;Receitas Brutas Realizadas;RO1.7.2.0.00.00.00;1.7.2.0.00.00.00 - Transferências Intergovernamentais;22057923,21;11262
2016;Prefeitura Municipal de Conceição dos Ouros - MG;3117801;MG;DCA-Anexo I-C;NA;Deduções - FUNDEB;RO1.7.2.0.00.00.00;1.7.2.0.00.00.00 - Transferências Intergovernamentais;3068084,38;11262
2016;Prefeitura Municipal de Conceição dos Ouros - MG;3117801;MG;DCA-Anexo I-C;NA;Receitas Brutas Realizadas;RO1.7.2.1.00.00.00;1.7.2.1.00.00.00 - Transferências da União;13299144,04;11262
2016;Prefeitura Municipal de Conceição dos Ouros - MG;3117801;MG;DCA-Anexo I-C;NA;Deduções - FUNDEB;RO1.7.2.1.00.00.00;1.7.2.1.00.00.00 - Transferências da União;2135440,39;11262
2016;Prefeitura Municipal de Conceição dos Ouros - MG;3117801;MG;DCA-Anexo I-C;NA;Receitas Brutas Realizadas;RO1.7.2.1.01.00.00;1.7.2.1.01.00.00 - Participação na Receita da União;11438055,89;11262
2016;Prefeitura Municipal de Conceição dos Ouros - MG;3117801;MG;DCA-Anexo I-C;NA;Deduções - FUNDEB;RO1.7.2.1.01.00.00;1.7.2.1.01.00.00 - Participação na Receita da União;2130846,91;11262
2016;Prefeitura Municipal de Conceição dos Ouros - MG;3117801;MG;DCA-Anexo I-C;NA;Receitas Brutas Realizadas;RO1.7.2.1.01.02.00;1.7.2.1.01.02.00 - Cota-Parte do Fundo de Participação dos Municípios ¿ FPM;10657167,79;11262
2016;Prefeitura Municipal de Conceição dos Ouros - MG;3117801;MG;DCA-Anexo I-C;NA;Deduções - FUNDEB;RO1.7.2.1.01.02.00;1.7.2.1.01.02.00 - Cota-Parte do Fundo de Participação dos Municípios ¿ FPM;2125954,32;11262
2016;Prefeitura Municipal de Conceição dos Ouros - MG;3117801;MG;DCA-Anexo I-C;NA;Receitas Brutas Realizadas;RO1.7.2.1.01.03.00;1.7.2.1.01.03.00 - Cota-Parte do Fundo de Participação dos Municípios - 1% Cota Anual;442180,60;11262
2016;Prefeitura Municipal de Conceição dos Ouros - MG;3117801;MG;DCA-Anexo I-C;NA;Receitas Brutas Realizadas;RO1.7.2.1.01.04.00;1.7.2.1.01.04.00 - Cota-Parte do Fundo de Participação dos Municípios - 1% Cota entregue no mês de julho (67)(I);314244,09;11262
2016;Prefeitura Municipal de Conceição dos Ouros - MG;3117801;MG;DCA-Anexo I-C;NA;Receitas Brutas Realizadas;RO1.7.2.1.01.05.00;1.7.2.1.01.05.00 - Cota-Parte do Imposto Sobre a Propriedade Territorial Rural ¿ ITR;24463,41;11262
2016;Prefeitura Municipal de Conceição dos Ouros - MG;3117801;MG;DCA-Anexo I-C;NA;Deduções - FUNDEB;RO1.7.2.1.01.05.00;1.7.2.1.01.05.00 - Cota-Parte do Imposto Sobre a Propriedade Territorial Rural ¿ ITR;4892,59;11262
2016;Prefeitura Municipal de Conceição dos Ouros - MG;3117801;MG;DCA-Anexo I-C;NA;Receitas Brutas Realizadas;RO1.7.2.1.22.00.00;1.7.2.1.22.00.00 - Transferências da Compensação Financeira pela Exploração de Recursos Naturais;89941,61;11262
2016;Prefeitura Municipal de Conceição dos Ouros - MG;3117801;MG;DCA-Anexo I-C;NA;Receitas Brutas Realizadas;RO1.7.2.1.22.20.00;1.7.2.1.22.20.00 - Cota-Parte da Compensação Financeira de Recursos Minerais - CFEM;582,82;11262
2016;Prefeitura Municipal de Conceição dos Ouros - MG;3117801;MG;DCA-Anexo I-C;NA;Receitas Brutas Realizadas;RO1.7.2.1.22.70.00;1.7.2.1.22.70.00 - Cota-Parte do Fundo Especial do Petróleo ¿ FEP;89358,79;11262
2016;Prefeitura Municipal de Conceição dos Ouros - MG;3117801;MG;DCA-Anexo I-C;NA;Receitas Brutas Realizadas;RO1.7.2.1.33.00.00;1.7.2.1.33.00.00 - Transferências de Recursos do Sistema Único de Saúde - SUS - Repasses Fundo a Fundo;1074015,25;11262
2016;Prefeitura Municipal de Conceição dos Ouros - MG;3117801;MG;DCA-Anexo I-C;NA;Receitas Brutas Realizadas;RO1.7.2.1.34.00.00;1.7.2.1.34.00.00 - Transferências de Recursos do Fundo Nacional de Assistência Social ¿ FNAS;100694,92;11262
2016;Prefeitura Municipal de Conceição dos Ouros - MG;3117801;MG;DCA-Anexo I-C;NA;Receitas Brutas Realizadas;RO1.7.2.1.35.00.00;1.7.2.1.35.00.00 - Transferências de Recursos do Fundo Nacional do Desenvolvimento da Educação ¿ FNDE;508306,49;11262
2016;Prefeitura Municipal de Conceição dos Ouros - MG;3117801;MG;DCA-Anexo I-C;NA;Receitas Brutas Realizadas;RO1.7.2.1.36.00.00;1.7.2.1.36.00.00 - Transferências Financeiras do ICMS ¿ Desoneração ¿ L.C. Nº 87/96;22967,88;11262
2016;Prefeitura Municipal de Conceição dos Ouros - MG;3117801;MG;DCA-Anexo I-C;NA;Deduções - FUNDEB;RO1.7.2.1.36.00.00;1.7.2.1.36.00.00 - Transferências Financeiras do ICMS ¿ Desoneração ¿ L.C. Nº 87/96;4593,48;11262
2016;Prefeitura Municipal de Conceição dos Ouros - MG;3117801;MG;DCA-Anexo I-C;NA;Receitas Brutas Realizadas;RO1.7.2.1.99.00.00;1.7.2.1.99.00.00 - Outras Transferências da União;65162,00;11262
2016;Prefeitura Municipal de Conceição dos Ouros - MG;3117801;MG;DCA-Anexo I-C;NA;Receitas Brutas Realizadas;RO1.7.2.2.00.00.00;1.7.2.2.00.00.00 - Transferências dos Estados;4771040,60;11262
2016;Prefeitura Municipal de Conceição dos Ouros - MG;3117801;MG;DCA-Anexo I-C;NA;Deduções - FUNDEB;RO1.7.2.2.00.00.00;1.7.2.2.00.00.00 - Transferências dos Estados;932643,99;11262
2016;Prefeitura Municipal de Conceição dos Ouros - MG;3117801;MG;DCA-Anexo I-C;NA;Receitas Brutas Realizadas;RO1.7.2.2.01.00.00;1.7.2.2.01.00.00 - Participação na Receita dos Estados;4686483,80;11262
2016;Prefeitura Municipal de Conceição dos Ouros - MG;3117801;MG;DCA-Anexo I-C;NA;Deduções - FUNDEB;RO1.7.2.2.01.00.00;1.7.2.2.01.00.00 - Participação na Receita dos Estados;932643,99;11262
2016;Prefeitura Municipal de Conceição dos Ouros - MG;3117801;MG;DCA-Anexo I-C;NA;Receitas Brutas Realizadas;RO1.7.2.2.01.01.00;1.7.2.2.01.01.00 - Cota-Parte do ICMS;3758381,64;11262
2016;Prefeitura Municipal de Conceição dos Ouros - MG;3117801;MG;DCA-Anexo I-C;NA;Deduções - FUNDEB;RO1.7.2.2.01.01.00;1.7.2.2.01.01.00 - Cota-Parte do ICMS;751676,00;11262
2016;Prefeitura Municipal de Conceição dos Ouros - MG;3117801;MG;DCA-Anexo I-C;NA;Receitas Brutas Realizadas;RO1.7.2.2.01.02.00;1.7.2.2.01.02.00 - Cota-Parte do IPVA;866814,73;11262
2016;Prefeitura Municipal de Conceição dos Ouros - MG;3117801;MG;DCA-Anexo I-C;NA;Deduções - FUNDEB;RO1.7.2.2.01.02.00;1.7.2.2.01.02.00 - Cota-Parte do IPVA;173361,81;11262
2016;Prefeitura Municipal de Conceição dos Ouros - MG;3117801;MG;DCA-Anexo I-C;NA;Receitas Brutas Realizadas;RO1.7.2.2.01.04.00;1.7.2.2.01.04.00 - Cota-Parte do IPI - Municípios;38030,93;11262
2016;Prefeitura Municipal de Conceição dos Ouros - MG;3117801;MG;DCA-Anexo I-C;NA;Deduções - FUNDEB;RO1.7.2.2.01.04.00;1.7.2.2.01.04.00 - Cota-Parte do IPI - Municípios;7606,18;11262
2016;Prefeitura Municipal de Conceição dos Ouros - MG;3117801;MG;DCA-Anexo I-C;NA;Receitas Brutas Realizadas;RO1.7.2.2.01.13.00;1.7.2.2.01.13.00 - Cota-Parte da Contribuição de Intervenção no Domínio Econômico;23256,50;11262
2016;Prefeitura Municipal de Conceição dos Ouros - MG;3117801;MG;DCA-Anexo I-C;NA;Receitas Brutas Realizadas;RO1.7.2.2.33.00.00;1.7.2.2.33.00.00 - Transferências de Recursos do Estado para Programas de Saúde - Repasse Fundo a Fundo;84556,80;11262
2016;Prefeitura Municipal de Conceição dos Ouros - MG;3117801;MG;DCA-Anexo I-C;NA;Receitas Brutas Realizadas;RO1.7.2.4.00.00.00;1.7.2.4.00.00.00 - Transferências Multigovernamentais;3987738,57;11262
2016;Prefeitura Municipal de Conceição dos Ouros - MG;3117801;MG;DCA-Anexo I-C;NA;Receitas Brutas Realizadas;RO1.7.2.4.01.00.00;1.7.2.4.01.00.00 - Transferências de Recursos do Fundo de Manutenção e Desenvolvimento do Ensino Fundamental e de Valorização do Magistério - FUNDEB;3987738,57;11262
2016;Prefeitura Municipal de Conceição dos Ouros - MG;3117801;MG;DCA-Anexo I-C;NA;Receitas Brutas Realizadas;RO1.7.3.0.00.00.00;1.7.3.0.00.00.00 - Transferências de Instituições Privadas;500,00;11262
2016;Prefeitura Municipal de Conceição dos Ouros - MG;3117801;MG;DCA-Anexo I-C;NA;Receitas Brutas Realizadas;RO1.7.6.0.00.00.00;1.7.6.0.00.00.00 - Transferências de Convênios;1391062,18;11262
2016;Prefeitura Municipal de Conceição dos Ouros - MG;3117801;MG;DCA-Anexo I-C;NA;Receitas Brutas Realizadas;RO1.7.6.1.00.00.00;1.7.6.1.00.00.00 - Transferências de Convênios da União e de Suas Entidades;723411,11;11262
2016;Prefeitura Municipal de Conceição dos Ouros - MG;3117801;MG;DCA-Anexo I-C;NA;Receitas Brutas Realizadas;RO1.7.6.1.01.00.00;1.7.6.1.01.00.00 - Transferências de Convênios da União para o Sistema Único de Saúde - SUS;94996,16;11262
2016;Prefeitura Municipal de Conceição dos Ouros - MG;3117801;MG;DCA-Anexo I-C;NA;Receitas Brutas Realizadas;RO1.7.6.1.03.00.00;1.7.6.1.03.00.00 - Transferências de Convênios da União Destinadas a Programas de Assistência Social;8617,26;11262
2016;Prefeitura Municipal de Conceição dos Ouros - MG;3117801;MG;DCA-Anexo I-C;NA;Receitas Brutas Realizadas;RO1.7.6.1.99.00.00;1.7.6.1.99.00.00 - Outras Transferências de Convênios da União;619797,69;11262
2016;Prefeitura Municipal de Conceição dos Ouros - MG;3117801;MG;DCA-Anexo I-C;NA;Receitas Brutas Realizadas;RO1.7.6.2.00.00.00;1.7.6.2.00.00.00 - Transferências de Convênios dos Estados e do Distrito Federal e de Suas Entidades;667651,07;11262
2016;Prefeitura Municipal de Conceição dos Ouros - MG;3117801;MG;DCA-Anexo I-C;NA;Receitas Brutas Realizadas;RO1.7.6.2.01.00.00;1.7.6.2.01.00.00 - Transferências de Convênios dos Estados para o Sistema Único de Saúde - SUS;80291,07;11262
2016;Prefeitura Municipal de Conceição dos Ouros - MG;3117801;MG;DCA-Anexo I-C;NA;Receitas Brutas Realizadas;RO1.7.6.2.99.00.00;1.7.6.2.99.00.00 - Outras Transferências de Convênios dos Estados;587360,00;11262
2016;Prefeitura Municipal de Conceição dos Ouros - MG;3117801;MG;DCA-Anexo I-C;NA;Receitas Brutas Realizadas;RO1.9.0.0.00.00.00;1.9.0.0.00.00.00 - Outras Receitas Correntes;750189,57;11262
2016;Prefeitura Municipal de Conceição dos Ouros - MG;3117801;MG;DCA-Anexo I-C;NA;Receitas Brutas Realizadas;RO1.9.1.0.00.00.00;1.9.1.0.00.00.00 - Multas e Juros de Mora;10438,57;11262
2016;Prefeitura Municipal de Conceição dos Ouros - MG;3117801;MG;DCA-Anexo I-C;NA;Receitas Brutas Realizadas;RO1.9.1.1.00.00.00;1.9.1.1.00.00.00 - Multas e Juros de Mora dos Tributos;2300,67;11262
2016;Prefeitura Municipal de Conceição dos Ouros - MG;3117801;MG;DCA-Anexo I-C;NA;Receitas Brutas Realizadas;RO1.9.1.1.38.00.00;1.9.1.1.38.00.00 - Multas e Juros de Mora do Imposto sobre a Propriedade Predial e Territorial Urbana ¿ IPTU;904,49;11262
2016;Prefeitura Municipal de Conceição dos Ouros - MG;3117801;MG;DCA-Anexo I-C;NA;Receitas Brutas Realizadas;RO1.9.1.1.40.00.00;1.9.1.1.40.00.00 - Multas e Juros de Mora do Imposto sobre Serviços de Qualquer Natureza ¿ ISS;259,70;11262
2016;Prefeitura Municipal de Conceição dos Ouros - MG;3117801;MG;DCA-Anexo I-C;NA;Receitas Brutas Realizadas;RO1.9.1.1.99.00.00;1.9.1.1.99.00.00 - Multas e Juros de Mora de Outros Tributos;1136,48;11262
2016;Prefeitura Municipal de Conceição dos Ouros - MG;3117801;MG;DCA-Anexo I-C;NA;Receitas Brutas Realizadas;RO1.9.1.3.00.00.00;1.9.1.3.00.00.00 - Multas e Juros de Mora da Dívida Ativa dos Tributos;8137,90;11262
2016;Prefeitura Municipal de Conceição dos Ouros - MG;3117801;MG;DCA-Anexo I-C;NA;Receitas Brutas Realizadas;RO1.9.1.3.11.00.00;1.9.1.3.11.00.00 - Multas e Juros de Mora da Dívida Ativa do Imposto sobre a Propriedade Predial e Territorial Urbana ¿ IPTU;6572,56;11262
2016;Prefeitura Municipal de Conceição dos Ouros - MG;3117801;MG;DCA-Anexo I-C;NA;Receitas Brutas Realizadas;RO1.9.1.3.13.00.00;1.9.1.3.13.00.00 - Multas e Juros de Mora da Dívida Ativa do Imposto sobre Serviços de Qualquer Natureza ¿ ISS;271,93;11262
2016;Prefeitura Municipal de Conceição dos Ouros - MG;3117801;MG;DCA-Anexo I-C;NA;Receitas Brutas Realizadas;RO1.9.1.3.99.00.00;1.9.1.3.99.00.00 - Multas e Juros de Mora da Dívida Ativa de Outros Tributos;1293,41;11262
2016;Prefeitura Municipal de Conceição dos Ouros - MG;3117801;MG;DCA-Anexo I-C;NA;Receitas Brutas Realizadas;RO1.9.2.0.00.00.00;1.9.2.0.00.00.00 - Indenizações e Restituições;685462,15;11262
2016;Prefeitura Municipal de Conceição dos Ouros - MG;3117801;MG;DCA-Anexo I-C;NA;Receitas Brutas Realizadas;RO1.9.2.2.00.00.00;1.9.2.2.00.00.00 - Restituições;685462,15;11262
2016;Prefeitura Municipal de Conceição dos Ouros - MG;3117801;MG;DCA-Anexo I-C;NA;Receitas Brutas Realizadas;RO1.9.2.2.99.00.00;1.9.2.2.99.00.00 - Outras Restituições;685462,15;11262
2016;Prefeitura Municipal de Conceição dos Ouros - MG;3117801;MG;DCA-Anexo I-C;NA;Receitas Brutas Realizadas;RO1.9.3.0.00.00.00;1.9.3.0.00.00.00 - Receita da Dívida Ativa;34062,84;11262
2016;Prefeitura Municipal de Conceição dos Ouros - MG;3117801;MG;DCA-Anexo I-C;NA;Receitas Brutas Realizadas;RO1.9.3.1.00.00.00;1.9.3.1.00.00.00 - Receita da Dívida Ativa Tributária;34062,84;11262
2016;Prefeitura Municipal de Conceição dos Ouros - MG;3117801;MG;DCA-Anexo I-C;NA;Receitas Brutas Realizadas;RO1.9.3.1.11.00.00;1.9.3.1.11.00.00 - Receita da Dívida Ativa do Imposto sobre a Propriedade Predial e Territorial Urbana ¿ IPTU;14402,06;11262
2016;Prefeitura Municipal de Conceição dos Ouros - MG;3117801;MG;DCA-Anexo I-C;NA;Receitas Brutas Realizadas;RO1.9.3.1.12.00.00;1.9.3.1.12.00.00 - Receita da Dívida Ativa do Imposto sobre a Transmissão Inter Vivos de Bens Imóveis - ITBI;6121,73;11262
2016;Prefeitura Municipal de Conceição dos Ouros - MG;3117801;MG;DCA-Anexo I-C;NA;Receitas Brutas Realizadas;RO1.9.3.1.13.00.00;1.9.3.1.13.00.00 - Receita da Dívida Ativa do Imposto sobre Serviços de Qualquer Natureza ¿ ISS;5389,04;11262
2016;Prefeitura Municipal de Conceição dos Ouros - MG;3117801;MG;DCA-Anexo I-C;NA;Receitas Brutas Realizadas;RO1.9.3.1.99.00.00;1.9.3.1.99.00.00 - Receita da Dívida Ativa de Outros Tributos;8150,01;11262
2016;Prefeitura Municipal de Conceição dos Ouros - MG;3117801;MG;DCA-Anexo I-C;NA;Receitas Brutas Realizadas;RO1.9.9.0.00.00.00;1.9.9.0.00.00.00 - Receitas Diversas;20226,01;11262
2016;Prefeitura Municipal de Conceição dos Ouros - MG;3117801;MG;DCA-Anexo I-C;NA;Receitas Brutas Realizadas;RO1.9.9.0.99.00.00;1.9.9.0.99.00.00 - Outras Receitas;20226,01;11262
2016;Prefeitura Municipal de Conceição dos Ouros - MG;3117801;MG;DCA-Anexo I-C;NA;Receitas Brutas Realizadas;RO2.0.0.0.00.00.00;2.0.0.0.00.00.00 - Receitas de Capital;127439,50;11262
2016;Prefeitura Municipal de Conceição dos Ouros - MG;3117801;MG;DCA-Anexo I-C;NA;Receitas Brutas Realizadas;RO2.4.0.0.00.00.00;2.4.0.0.00.00.00 - Transferências de Capital;127439,50;11262
2016;Prefeitura Municipal de Conceição dos Ouros - MG;3117801;MG;DCA-Anexo I-C;NA;Receitas Brutas Realizadas;RO2.4.7.0.00.00.00;2.4.7.0.00.00.00 - Transferências de Convênios;127439,50;11262
2016;Prefeitura Municipal de Conceição dos Ouros - MG;3117801;MG;DCA-Anexo I-C;NA;Receitas Brutas Realizadas;RO2.4.7.1.00.00.00;2.4.7.1.00.00.00 - Transferências de Convênios da União e de suas Entidades;127439,50;11262
2016;Prefeitura Municipal de Conceição dos Ouros - MG;3117801;MG;DCA-Anexo I-C;NA;Receitas Brutas Realizadas;RO2.4.7.1.99.00.00;2.4.7.1.99.00.00 - Outras Transferências de Convênios da União;127439,50;11262
2017;Prefeitura Municipal de Conceição dos Ouros - MG;3117801;MG;DCA-Anexo I-C;Padrão;Receitas Brutas Realizadas;TotalReceitas;Total Receitas;25176848,14;11367
2017;Prefeitura Municipal de Conceição dos Ouros - MG;3117801;MG;DCA-Anexo I-C;Padrão;Deduções - FUNDEB;TotalReceitas;Total Receitas;3056841,80;11367
2017;Prefeitura Municipal de Conceição dos Ouros - MG;3117801;MG;DCA-Anexo I-C;Padrão;Receitas Brutas Realizadas;RO1.0.0.0.00.00.00;1.0.0.0.00.00.00 - Receitas Correntes;25104848,14;11367
2017;Prefeitura Municipal de Conceição dos Ouros - MG;3117801;MG;DCA-Anexo I-C;Padrão;Deduções - FUNDEB;RO1.0.0.0.00.00.00;1.0.0.0.00.00.00 - Receitas Correntes;3056841,80;11367
2017;Prefeitura Municipal de Conceição dos Ouros - MG;3117801;MG;DCA-Anexo I-C;Padrão;Receitas Brutas Realizadas;RO1.1.0.0.00.00.00;1.1.0.0.00.00.00 - Receita Tributária;1063412,37;11367
2017;Prefeitura Municipal de Conceição dos Ouros - MG;3117801;MG;DCA-Anexo I-C;Padrão;Receitas Brutas Realizadas;RO1.1.1.0.00.00.00;1.1.1.0.00.00.00 - Impostos;884740,78;11367
2017;Prefeitura Municipal de Conceição dos Ouros - MG;3117801;MG;DCA-Anexo I-C;Padrão;Receitas Brutas Realizadas;RO1.1.1.2.00.00.00;1.1.1.2.00.00.00 - Impostos sobre o Patrimônio e a Renda;415025,43;11367
2017;Prefeitura Municipal de Conceição dos Ouros - MG;3117801;MG;DCA-Anexo I-C;Padrão;Receitas Brutas Realizadas;RO1.1.1.2.02.00.00;1.1.1.2.02.00.00 - Imposto sobre a Propriedade Predial e Territorial Urbana ¿ IPTU;114542,17;11367
2017;Prefeitura Municipal de Conceição dos Ouros - MG;3117801;MG;DCA-Anexo I-C;Padrão;Receitas Brutas Realizadas;RO1.1.1.2.04.00.00;1.1.1.2.04.00.00 - Imposto sobre a Renda e Proventos de Qualquer Natureza ¿ IR;167221,38;11367
2017;Prefeitura Municipal de Conceição dos Ouros - MG;3117801;MG;DCA-Anexo I-C;Padrão;Receitas Brutas Realizadas;RO1.1.1.2.04.31.00;1.1.1.2.04.31.00 - Retido nas Fontes - Trabalho;137101,71;11367
2017;Prefeitura Municipal de Conceição dos Ouros - MG;3117801;MG;DCA-Anexo I-C;Padrão;Receitas Brutas Realizadas;RO1.1.1.2.04.34.00;1.1.1.2.04.34.00 - Retido nas Fontes - Outros Rendimentos;30119,67;11367
2017;Prefeitura Municipal de Conceição dos Ouros - MG;3117801;MG;DCA-Anexo I-C;Padrão;Receitas Brutas Realizadas;RO1.1.1.2.08.00.00;"1.1.1.2.08.00.00 - Imposto sobre Transmissão ""Inter Vivos"" de Bens Imóveis e de Direitos Reais sobre Imóveis ¿ ITBI";133261,88;11367
2017;Prefeitura Municipal de Conceição dos Ouros - MG;3117801;MG;DCA-Anexo I-C;Padrão;Receitas Brutas Realizadas;RO1.1.1.3.00.00.00;1.1.1.3.00.00.00 - Impostos sobre a Produção e a Circulação;469715,35;11367
2017;Prefeitura Municipal de Conceição dos Ouros - MG;3117801;MG;DCA-Anexo I-C;Padrão;Receitas Brutas Realizadas;RO1.1.1.3.05.00.00;1.1.1.3.05.00.00 - Imposto sobre Serviços de Qualquer Natureza ¿ ISSQN;469715,35;11367
2017;Prefeitura Municipal de Conceição dos Ouros - MG;3117801;MG;DCA-Anexo I-C;Padrão;Receitas Brutas Realizadas;RO1.1.2.0.00.00.00;1.1.2.0.00.00.00 - Taxas;178671,59;11367
2017;Prefeitura Municipal de Conceição dos Ouros - MG;3117801;MG;DCA-Anexo I-C;Padrão;Receitas Brutas Realizadas;RO1.1.2.1.00.00.00;1.1.2.1.00.00.00 - Taxas pelo Exercício do Poder de Polícia;97903,90;11367
2017;Prefeitura Municipal de Conceição dos Ouros - MG;3117801;MG;DCA-Anexo I-C;Padrão;Receitas Brutas Realizadas;RO1.1.2.2.00.00.00;1.1.2.2.00.00.00 - Taxas pela Prestação de Serviços;80767,69;11367
2017;Prefeitura Municipal de Conceição dos Ouros - MG;3117801;MG;DCA-Anexo I-C;Padrão;Receitas Brutas Realizadas;RO1.1.2.2.99.00.00;1.1.2.2.99.00.00 - Outras Taxas pela Prestação de Serviços;80767,69;11367
2017;Prefeitura Municipal de Conceição dos Ouros - MG;3117801;MG;DCA-Anexo I-C;Padrão;Receitas Brutas Realizadas;RO1.2.0.0.00.00.00;1.2.0.0.00.00.00 - Receitas de Contribuições;499137,77;11367
2017;Prefeitura Municipal de Conceição dos Ouros - MG;3117801;MG;DCA-Anexo I-C;Padrão;Receitas Brutas Realizadas;RO1.2.3.0.00.00.00;1.2.3.0.00.00.00 - Contribuição para Custeio do Serviço de Iluminação Pública;499137,77;11367
2017;Prefeitura Municipal de Conceição dos Ouros - MG;3117801;MG;DCA-Anexo I-C;Padrão;Receitas Brutas Realizadas;RO1.3.0.0.00.00.00;1.3.0.0.00.00.00 - Receita Patrimonial;126608,23;11367
2017;Prefeitura Municipal de Conceição dos Ouros - MG;3117801;MG;DCA-Anexo I-C;Padrão;Receitas Brutas Realizadas;RO1.3.2.0.00.00.00;1.3.2.0.00.00.00 - Receitas de Valores Mobiliários;126608,23;11367
2017;Prefeitura Municipal de Conceição dos Ouros - MG;3117801;MG;DCA-Anexo I-C;Padrão;Receitas Brutas Realizadas;RO1.3.2.5.00.00.00;1.3.2.5.00.00.00 - Remuneração de Depósitos Bancários;126608,23;11367
2017;Prefeitura Municipal de Conceição dos Ouros - MG;3117801;MG;DCA-Anexo I-C;Padrão;Receitas Brutas Realizadas;RO1.6.0.0.00.00.00;1.6.0.0.00.00.00 - Receita de Serviços;20478,81;11367
2017;Prefeitura Municipal de Conceição dos Ouros - MG;3117801;MG;DCA-Anexo I-C;Padrão;Receitas Brutas Realizadas;RO1.6.0.0.43.00.00;1.6.0.0.43.00.00 - Serviços de Coleta, Transporte, Tratamento e Destino Final de Resíduos Sólidos;20478,81;11367
2017;Prefeitura Municipal de Conceição dos Ouros - MG;3117801;MG;DCA-Anexo I-C;Padrão;Receitas Brutas Realizadas;RO1.7.0.0.00.00.00;1.7.0.0.00.00.00 - Transferências Correntes;23046431,82;11367
2017;Prefeitura Municipal de Conceição dos Ouros - MG;3117801;MG;DCA-Anexo I-C;Padrão;Deduções - FUNDEB;RO1.7.0.0.00.00.00;1.7.0.0.00.00.00 - Transferências Correntes;3056841,80;11367
2017;Prefeitura Municipal de Conceição dos Ouros - MG;3117801;MG;DCA-Anexo I-C;Padrão;Receitas Brutas Realizadas;RO1.7.2.0.00.00.00;1.7.2.0.00.00.00 - Transferências Intergovernamentais;22271125,49;11367
2017;Prefeitura Municipal de Conceição dos Ouros - MG;3117801;MG;DCA-Anexo I-C;Padrão;Deduções - FUNDEB;RO1.7.2.0.00.00.00;1.7.2.0.00.00.00 - Transferências Intergovernamentais;3056841,80;11367
2017;Prefeitura Municipal de Conceição dos Ouros - MG;3117801;MG;DCA-Anexo I-C;Padrão;Receitas Brutas Realizadas;RO1.7.2.1.00.00.00;1.7.2.1.00.00.00 - Transferências da União;12923107,96;11367
2017;Prefeitura Municipal de Conceição dos Ouros - MG;3117801;MG;DCA-Anexo I-C;Padrão;Deduções - FUNDEB;RO1.7.2.1.00.00.00;1.7.2.1.00.00.00 - Transferências da União;2033278,73;11367
2017;Prefeitura Municipal de Conceição dos Ouros - MG;3117801;MG;DCA-Anexo I-C;Padrão;Receitas Brutas Realizadas;RO1.7.2.1.01.00.00;1.7.2.1.01.00.00 - Participação na Receita da União;11056906,04;11367
2017;Prefeitura Municipal de Conceição dos Ouros - MG;3117801;MG;DCA-Anexo I-C;Padrão;Deduções - FUNDEB;RO1.7.2.1.01.00.00;1.7.2.1.01.00.00 - Participação na Receita da União;2028700,13;11367
2017;Prefeitura Municipal de Conceição dos Ouros - MG;3117801;MG;DCA-Anexo I-C;Padrão;Receitas Brutas Realizadas;RO1.7.2.1.01.02.00;1.7.2.1.01.02.00 - Cota-Parte do Fundo de Participação dos Municípios ¿ FPM;10112688,29;11367
2017;Prefeitura Municipal de Conceição dos Ouros - MG;3117801;MG;DCA-Anexo I-C;Padrão;Deduções - FUNDEB;RO1.7.2.1.01.02.00;1.7.2.1.01.02.00 - Cota-Parte do Fundo de Participação dos Municípios ¿ FPM;2022537,31;11367
2017;Prefeitura Municipal de Conceição dos Ouros - MG;3117801;MG;DCA-Anexo I-C;Padrão;Receitas Brutas Realizadas;RO1.7.2.1.01.03.00;1.7.2.1.01.03.00 - Cota-Parte do Fundo de Participação dos Municípios - 1% Cota Anual;449568,25;11367
2017;Prefeitura Municipal de Conceição dos Ouros - MG;3117801;MG;DCA-Anexo I-C;Padrão;Receitas Brutas Realizadas;RO1.7.2.1.01.04.00;1.7.2.1.01.04.00 - Cota-Parte do Fundo de Participação dos Municípios - 1% Cota entregue no mês de julho (67)(I);463834,89;11367
2017;Prefeitura Municipal de Conceição dos Ouros - MG;3117801;MG;DCA-Anexo I-C;Padrão;Receitas Brutas Realizadas;RO1.7.2.1.01.05.00;1.7.2.1.01.05.00 - Cota-Parte do Imposto Sobre a Propriedade Territorial Rural ¿ ITR;30814,61;11367
2017;Prefeitura Municipal de Conceição dos Ouros - MG;3117801;MG;DCA-Anexo I-C;Padrão;Deduções - FUNDEB;RO1.7.2.1.01.05.00;1.7.2.1.01.05.00 - Cota-Parte do Imposto Sobre a Propriedade Territorial Rural ¿ ITR;6162,82;11367
2017;Prefeitura Municipal de Conceição dos Ouros - MG;3117801;MG;DCA-Anexo I-C;Padrão;Receitas Brutas Realizadas;RO1.7.2.1.22.00.00;1.7.2.1.22.00.00 - Transferências da Compensação Financeira pela Exploração de Recursos Naturais;117720,79;11367
2017;Prefeitura Municipal de Conceição dos Ouros - MG;3117801;MG;DCA-Anexo I-C;Padrão;Receitas Brutas Realizadas;RO1.7.2.1.22.20.00;1.7.2.1.22.20.00 - Cota-Parte da Compensação Financeira de Recursos Minerais - CFEM;252,44;11367
2017;Prefeitura Municipal de Conceição dos Ouros - MG;3117801;MG;DCA-Anexo I-C;Padrão;Receitas Brutas Realizadas;RO1.7.2.1.22.70.00;1.7.2.1.22.70.00 - Cota-Parte do Fundo Especial do Petróleo ¿ FEP;117468,35;11367
2017;Prefeitura Municipal de Conceição dos Ouros - MG;3117801;MG;DCA-Anexo I-C;Padrão;Receitas Brutas Realizadas;RO1.7.2.1.33.00.00;1.7.2.1.33.00.00 - Transferências de Recursos do Sistema Único de Saúde - SUS - Repasses Fundo a Fundo;1057122,87;11367
2017;Prefeitura Municipal de Conceição dos Ouros - MG;3117801;MG;DCA-Anexo I-C;Padrão;Receitas Brutas Realizadas;RO1.7.2.1.34.00.00;1.7.2.1.34.00.00 - Transferências de Recursos do Fundo Nacional de Assistência Social ¿ FNAS;139850,15;11367
2017;Prefeitura Municipal de Conceição dos Ouros - MG;3117801;MG;DCA-Anexo I-C;Padrão;Receitas Brutas Realizadas;RO1.7.2.1.35.00.00;1.7.2.1.35.00.00 - Transferências de Recursos do Fundo Nacional do Desenvolvimento da Educação ¿ FNDE;505232,26;11367
2017;Prefeitura Municipal de Conceição dos Ouros - MG;3117801;MG;DCA-Anexo I-C;Padrão;Receitas Brutas Realizadas;RO1.7.2.1.36.00.00;1.7.2.1.36.00.00 - Transferências Financeiras do ICMS ¿ Desoneração ¿ L.C. Nº 87/96;22893,00;11367
2017;Prefeitura Municipal de Conceição dos Ouros - MG;3117801;MG;DCA-Anexo I-C;Padrão;Deduções - FUNDEB;RO1.7.2.1.36.00.00;1.7.2.1.36.00.00 - Transferências Financeiras do ICMS ¿ Desoneração ¿ L.C. Nº 87/96;4578,60;11367
2017;Prefeitura Municipal de Conceição dos Ouros - MG;3117801;MG;DCA-Anexo I-C;Padrão;Receitas Brutas Realizadas;RO1.7.2.1.99.00.00;1.7.2.1.99.00.00 - Outras Transferências da União;23382,85;11367
2017;Prefeitura Municipal de Conceição dos Ouros - MG;3117801;MG;DCA-Anexo I-C;Padrão;Receitas Brutas Realizadas;RO1.7.2.2.00.00.00;1.7.2.2.00.00.00 - Transferências dos Estados;5186001,22;11367
2017;Prefeitura Municipal de Conceição dos Ouros - MG;3117801;MG;DCA-Anexo I-C;Padrão;Deduções - FUNDEB;RO1.7.2.2.00.00.00;1.7.2.2.00.00.00 - Transferências dos Estados;1023563,07;11367
2017;Prefeitura Municipal de Conceição dos Ouros - MG;3117801;MG;DCA-Anexo I-C;Padrão;Receitas Brutas Realizadas;RO1.7.2.2.01.00.00;1.7.2.2.01.00.00 - Participação na Receita dos Estados;5149650,82;11367
2017;Prefeitura Municipal de Conceição dos Ouros - MG;3117801;MG;DCA-Anexo I-C;Padrão;Deduções - FUNDEB;RO1.7.2.2.01.00.00;1.7.2.2.01.00.00 - Participação na Receita dos Estados;1023563,07;11367
2017;Prefeitura Municipal de Conceição dos Ouros - MG;3117801;MG;DCA-Anexo I-C;Padrão;Receitas Brutas Realizadas;RO1.7.2.2.01.01.00;1.7.2.2.01.01.00 - Cota-Parte do ICMS;4155525,98;11367
2017;Prefeitura Municipal de Conceição dos Ouros - MG;3117801;MG;DCA-Anexo I-C;Padrão;Deduções - FUNDEB;RO1.7.2.2.01.01.00;1.7.2.2.01.01.00 - Cota-Parte do ICMS;831104,92;11367
2017;Prefeitura Municipal de Conceição dos Ouros - MG;3117801;MG;DCA-Anexo I-C;Padrão;Receitas Brutas Realizadas;RO1.7.2.2.01.02.00;1.7.2.2.01.02.00 - Cota-Parte do IPVA;909998,96;11367
2017;Prefeitura Municipal de Conceição dos Ouros - MG;3117801;MG;DCA-Anexo I-C;Padrão;Deduções - FUNDEB;RO1.7.2.2.01.02.00;1.7.2.2.01.02.00 - Cota-Parte do IPVA;181998,67;11367
2017;Prefeitura Municipal de Conceição dos Ouros - MG;3117801;MG;DCA-Anexo I-C;Padrão;Receitas Brutas Realizadas;RO1.7.2.2.01.04.00;1.7.2.2.01.04.00 - Cota-Parte do IPI - Municípios;52297,42;11367
2017;Prefeitura Municipal de Conceição dos Ouros - MG;3117801;MG;DCA-Anexo I-C;Padrão;Deduções - FUNDEB;RO1.7.2.2.01.04.00;1.7.2.2.01.04.00 - Cota-Parte do IPI - Municípios;10459,48;11367
2017;Prefeitura Municipal de Conceição dos Ouros - MG;3117801;MG;DCA-Anexo I-C;Padrão;Receitas Brutas Realizadas;RO1.7.2.2.01.13.00;1.7.2.2.01.13.00 - Cota-Parte da Contribuição de Intervenção no Domínio Econômico;31828,46;11367
2017;Prefeitura Municipal de Conceição dos Ouros - MG;3117801;MG;DCA-Anexo I-C;Padrão;Receitas Brutas Realizadas;RO1.7.2.2.33.00.00;1.7.2.2.33.00.00 - Transferências de Recursos do Estado para Programas de Saúde - Repasse Fundo a Fundo;36350,40;11367
2017;Prefeitura Municipal de Conceição dos Ouros - MG;3117801;MG;DCA-Anexo I-C;Padrão;Receitas Brutas Realizadas;RO1.7.2.3.00.00.00;1.7.2.3.00.00.00 - Transferências dos Municípios;10368,00;11367
2017;Prefeitura Municipal de Conceição dos Ouros - MG;3117801;MG;DCA-Anexo I-C;Padrão;Receitas Brutas Realizadas;RO1.7.2.3.99.00.00;1.7.2.3.99.00.00 - Outras Transferências dos Municípios;10368,00;11367
2017;Prefeitura Municipal de Conceição dos Ouros - MG;3117801;MG;DCA-Anexo I-C;Padrão;Receitas Brutas Realizadas;RO1.7.2.4.00.00.00;1.7.2.4.00.00.00 - Transferências Multigovernamentais;4151648,31;11367
2017;Prefeitura Municipal de Conceição dos Ouros - MG;3117801;MG;DCA-Anexo I-C;Padrão;Receitas Brutas Realizadas;RO1.7.2.4.01.00.00;1.7.2.4.01.00.00 - Transferências de Recursos do Fundo de Manutenção e Desenvolvimento do Ensino Fundamental e de Valorização do Magistério - FUNDEB;4151648,31;11367
2017;Prefeitura Municipal de Conceição dos Ouros - MG;3117801;MG;DCA-Anexo I-C;Padrão;Receitas Brutas Realizadas;RO1.7.3.0.00.00.00;1.7.3.0.00.00.00 - Transferências de Instituições Privadas;83123,33;11367
2017;Prefeitura Municipal de Conceição dos Ouros - MG;3117801;MG;DCA-Anexo I-C;Padrão;Receitas Brutas Realizadas;RO1.7.6.0.00.00.00;1.7.6.0.00.00.00 - Transferências de Convênios;692183,00;11367
2017;Prefeitura Municipal de Conceição dos Ouros - MG;3117801;MG;DCA-Anexo I-C;Padrão;Receitas Brutas Realizadas;RO1.7.6.1.00.00.00;1.7.6.1.00.00.00 - Transferências de Convênios da União e de Suas Entidades;304921,78;11367
2017;Prefeitura Municipal de Conceição dos Ouros - MG;3117801;MG;DCA-Anexo I-C;Padrão;Receitas Brutas Realizadas;RO1.7.6.1.01.00.00;1.7.6.1.01.00.00 - Transferências de Convênios da União para o Sistema Único de Saúde - SUS;140517,45;11367
2017;Prefeitura Municipal de Conceição dos Ouros - MG;3117801;MG;DCA-Anexo I-C;Padrão;Receitas Brutas Realizadas;RO1.7.6.1.02.00.00;1.7.6.1.02.00.00 - Transferências de Convênios da União Destinadas a Programas de Educação;85432,33;11367
2017;Prefeitura Municipal de Conceição dos Ouros - MG;3117801;MG;DCA-Anexo I-C;Padrão;Receitas Brutas Realizadas;RO1.7.6.1.03.00.00;1.7.6.1.03.00.00 - Transferências de Convênios da União Destinadas a Programas de Assistência Social;12000,00;11367
2017;Prefeitura Municipal de Conceição dos Ouros - MG;3117801;MG;DCA-Anexo I-C;Padrão;Receitas Brutas Realizadas;RO1.7.6.1.99.00.00;1.7.6.1.99.00.00 - Outras Transferências de Convênios da União;66972,00;11367
2017;Prefeitura Municipal de Conceição dos Ouros - MG;3117801;MG;DCA-Anexo I-C;Padrão;Receitas Brutas Realizadas;RO1.7.6.2.00.00.00;1.7.6.2.00.00.00 - Transferências de Convênios dos Estados e do Distrito Federal e de Suas Entidades;387261,22;11367
2017;Prefeitura Municipal de Conceição dos Ouros - MG;3117801;MG;DCA-Anexo I-C;Padrão;Receitas Brutas Realizadas;RO1.7.6.2.01.00.00;1.7.6.2.01.00.00 - Transferências de Convênios dos Estados para o Sistema Único de Saúde - SUS;23121,81;11367
2017;Prefeitura Municipal de Conceição dos Ouros - MG;3117801;MG;DCA-Anexo I-C;Padrão;Receitas Brutas Realizadas;RO1.7.6.2.99.00.00;1.7.6.2.99.00.00 - Outras Transferências de Convênios dos Estados;364139,41;11367
2017;Prefeitura Municipal de Conceição dos Ouros - MG;3117801;MG;DCA-Anexo I-C;Padrão;Receitas Brutas Realizadas;RO1.9.0.0.00.00.00;1.9.0.0.00.00.00 - Outras Receitas Correntes;348779,14;11367
2017;Prefeitura Municipal de Conceição dos Ouros - MG;3117801;MG;DCA-Anexo I-C;Padrão;Receitas Brutas Realizadas;RO1.9.1.0.00.00.00;1.9.1.0.00.00.00 - Multas e Juros de Mora;108683,60;11367
2017;Prefeitura Municipal de Conceição dos Ouros - MG;3117801;MG;DCA-Anexo I-C;Padrão;Receitas Brutas Realizadas;RO1.9.1.1.00.00.00;1.9.1.1.00.00.00 - Multas e Juros de Mora dos Tributos;7879,24;11367
2017;Prefeitura Municipal de Conceição dos Ouros - MG;3117801;MG;DCA-Anexo I-C;Padrão;Receitas Brutas Realizadas;RO1.9.1.1.38.00.00;1.9.1.1.38.00.00 - Multas e Juros de Mora do Imposto sobre a Propriedade Predial e Territorial Urbana ¿ IPTU;1491,29;11367
2017;Prefeitura Municipal de Conceição dos Ouros - MG;3117801;MG;DCA-Anexo I-C;Padrão;Receitas Brutas Realizadas;RO1.9.1.1.40.00.00;1.9.1.1.40.00.00 - Multas e Juros de Mora do Imposto sobre Serviços de Qualquer Natureza ¿ ISS;4639,75;11367
2017;Prefeitura Municipal de Conceição dos Ouros - MG;3117801;MG;DCA-Anexo I-C;Padrão;Receitas Brutas Realizadas;RO1.9.1.1.99.00.00;1.9.1.1.99.00.00 - Multas e Juros de Mora de Outros Tributos;1748,20;11367
2017;Prefeitura Municipal de Conceição dos Ouros - MG;3117801;MG;DCA-Anexo I-C;Padrão;Receitas Brutas Realizadas;RO1.9.1.3.00.00.00;1.9.1.3.00.00.00 - Multas e Juros de Mora da Dívida Ativa dos Tributos;100804,36;11367
2017;Prefeitura Municipal de Conceição dos Ouros - MG;3117801;MG;DCA-Anexo I-C;Padrão;Receitas Brutas Realizadas;RO1.9.1.3.11.00.00;1.9.1.3.11.00.00 - Multas e Juros de Mora da Dívida Ativa do Imposto sobre a Propriedade Predial e Territorial Urbana ¿ IPTU;28019,08;11367
2017;Prefeitura Municipal de Conceição dos Ouros - MG;3117801;MG;DCA-Anexo I-C;Padrão;Receitas Brutas Realizadas;RO1.9.1.3.13.00.00;1.9.1.3.13.00.00 - Multas e Juros de Mora da Dívida Ativa do Imposto sobre Serviços de Qualquer Natureza ¿ ISS;64948,20;11367
2017;Prefeitura Municipal de Conceição dos Ouros - MG;3117801;MG;DCA-Anexo I-C;Padrão;Receitas Brutas Realizadas;RO1.9.1.3.99.00.00;1.9.1.3.99.00.00 - Multas e Juros de Mora da Dívida Ativa de Outros Tributos;7837,08;11367
2017;Prefeitura Municipal de Conceição dos Ouros - MG;3117801;MG;DCA-Anexo I-C;Padrão;Receitas Brutas Realizadas;RO1.9.2.0.00.00.00;1.9.2.0.00.00.00 - Indenizações e Restituições;5322,30;11367
2017;Prefeitura Municipal de Conceição dos Ouros - MG;3117801;MG;DCA-Anexo I-C;Padrão;Receitas Brutas Realizadas;RO1.9.2.2.00.00.00;1.9.2.2.00.00.00 - Restituições;5322,30;11367
2017;Prefeitura Municipal de Conceição dos Ouros - MG;3117801;MG;DCA-Anexo I-C;Padrão;Receitas Brutas Realizadas;RO1.9.2.2.99.00.00;1.9.2.2.99.00.00 - Outras Restituições;5322,30;11367
2017;Prefeitura Municipal de Conceição dos Ouros - MG;3117801;MG;DCA-Anexo I-C;Padrão;Receitas Brutas Realizadas;RO1.9.3.0.00.00.00;1.9.3.0.00.00.00 - Receita da Dívida Ativa;234603,51;11367
2017;Prefeitura Municipal de Conceição dos Ouros - MG;3117801;MG;DCA-Anexo I-C;Padrão;Receitas Brutas Realizadas;RO1.9.3.1.00.00.00;1.9.3.1.00.00.00 - Receita da Dívida Ativa Tributária;234603,51;11367
2017;Prefeitura Municipal de Conceição dos Ouros - MG;3117801;MG;DCA-Anexo I-C;Padrão;Receitas Brutas Realizadas;RO1.9.3.1.11.00.00;1.9.3.1.11.00.00 - Receita da Dívida Ativa do Imposto sobre a Propriedade Predial e Territorial Urbana ¿ IPTU;52188,89;11367
2017;Prefeitura Municipal de Conceição dos Ouros - MG;3117801;MG;DCA-Anexo I-C;Padrão;Receitas Brutas Realizadas;RO1.9.3.1.13.00.00;1.9.3.1.13.00.00 - Receita da Dívida Ativa do Imposto sobre Serviços de Qualquer Natureza ¿ ISS;160473,88;11367
2017;Prefeitura Municipal de Conceição dos Ouros - MG;3117801;MG;DCA-Anexo I-C;Padrão;Receitas Brutas Realizadas;RO1.9.3.1.99.00.00;1.9.3.1.99.00.00 - Receita da Dívida Ativa de Outros Tributos;21940,74;11367
2017;Prefeitura Municipal de Conceição dos Ouros - MG;3117801;MG;DCA-Anexo I-C;Padrão;Receitas Brutas Realizadas;RO1.9.9.0.00.00.00;1.9.9.0.00.00.00 - Receitas Diversas;169,73;11367
2017;Prefeitura Municipal de Conceição dos Ouros - MG;3117801;MG;DCA-Anexo I-C;Padrão;Receitas Brutas Realizadas;RO1.9.9.0.99.00.00;1.9.9.0.99.00.00 - Outras Receitas;169,73;11367
2017;Prefeitura Municipal de Conceição dos Ouros - MG;3117801;MG;DCA-Anexo I-C;Padrão;Receitas Brutas Realizadas;RO2.0.0.0.00.00.00;2.0.0.0.00.00.00 - Receitas de Capital;72000,00;11367
2017;Prefeitura Municipal de Conceição dos Ouros - MG;3117801;MG;DCA-Anexo I-C;Padrão;Receitas Brutas Realizadas;RO2.2.0.0.00.00.00;2.2.0.0.00.00.00 - Alienação de Bens;72000,00;11367
2017;Prefeitura Municipal de Conceição dos Ouros - MG;3117801;MG;DCA-Anexo I-C;Padrão;Receitas Brutas Realizadas;RO2.2.1.0.00.00.00;2.2.1.0.00.00.00 - Alienação de Bens Móveis;72000,00;11367
2018;Prefeitura Municipal de Conceição dos Ouros - MG;3117801;MG;DCA-Anexo I-C;Padrão;Receitas Brutas Realizadas;TotalReceitas;Total Receitas;26199892,22;11367
2018;Prefeitura Municipal de Conceição dos Ouros - MG;3117801;MG;DCA-Anexo I-C;Padrão;Deduções - FUNDEB;TotalReceitas;Total Receitas;3167313,63;11367
2018;Prefeitura Municipal de Conceição dos Ouros - MG;3117801;MG;DCA-Anexo I-C;Padrão;Receitas Brutas Realizadas;RO1.0.0.0.00.0.0;1.0.0.0.00.0.0 - Receitas Correntes;25002899,44;11367
2018;Prefeitura Municipal de Conceição dos Ouros - MG;3117801;MG;DCA-Anexo I-C;Padrão;Deduções - FUNDEB;RO1.0.0.0.00.0.0;1.0.0.0.00.0.0 - Receitas Correntes;3167313,63;11367
2018;Prefeitura Municipal de Conceição dos Ouros - MG;3117801;MG;DCA-Anexo I-C;Padrão;Receitas Brutas Realizadas;RO1.1.0.0.00.0.0;1.1.0.0.00.0.0 - Impostos, Taxas e Contribuições de Melhoria;1668528,44;11367
2018;Prefeitura Municipal de Conceição dos Ouros - MG;3117801;MG;DCA-Anexo I-C;Padrão;Receitas Brutas Realizadas;RO1.1.1.0.00.0.0;1.1.1.0.00.0.0 - Impostos;1528676,30;11367
2018;Prefeitura Municipal de Conceição dos Ouros - MG;3117801;MG;DCA-Anexo I-C;Padrão;Receitas Brutas Realizadas;RO1.1.1.3.00.0.0;1.1.1.3.00.0.0 - Impostos sobre a Renda e Proventos de Qualquer Natureza;185157,03;11367
2018;Prefeitura Municipal de Conceição dos Ouros - MG;3117801;MG;DCA-Anexo I-C;Padrão;Receitas Brutas Realizadas;RO1.1.1.3.03.0.0;1.1.1.3.03.0.0 - Imposto sobre a Renda - Retido na Fonte;185157,03;11367
2018;Prefeitura Municipal de Conceição dos Ouros - MG;3117801;MG;DCA-Anexo I-C;Padrão;Receitas Brutas Realizadas;RO1.1.1.3.03.1.0;1.1.1.3.03.1.0 - Imposto sobre a Renda - Retido na Fonte - Trabalho;185157,03;11367
2018;Prefeitura Municipal de Conceição dos Ouros - MG;3117801;MG;DCA-Anexo I-C;Padrão;Receitas Brutas Realizadas;RO1.1.1.8.00.0.0;1.1.1.8.00.0.0 Impostos Específicos de Estados, DF e Municípios;1343519,27;11367
2018;Prefeitura Municipal de Conceição dos Ouros - MG;3117801;MG;DCA-Anexo I-C;Padrão;Receitas Brutas Realizadas;RO1.1.1.8.01.0.0;1.1.1.8.01.0.0 Impostos sobre o Patrimônio para Estados/DF/Municípios;628619,47;11367
2018;Prefeitura Municipal de Conceição dos Ouros - MG;3117801;MG;DCA-Anexo I-C;Padrão;Receitas Brutas Realizadas;RO1.1.1.8.01.1.0;1.1.1.8.01.1.0 Imposto sobre a Propriedade Predial e Territorial Urbana;544461,07;11367
2018;Prefeitura Municipal de Conceição dos Ouros - MG;3117801;MG;DCA-Anexo I-C;Padrão;Receitas Brutas Realizadas;RO1.1.1.8.01.4.0;1.1.1.8.01.4.0 Imposto sobre Transmissão ¿Inter Vivos¿ de Bens Imóveis e de Direitos Reais sobre Imóveis;84158,40;11367
2018;Prefeitura Municipal de Conceição dos Ouros - MG;3117801;MG;DCA-Anexo I-C;Padrão;Receitas Brutas Realizadas;RO1.1.1.8.02.0.0;1.1.1.8.02.0.0 Impostos sobre a Produção, Circulação de Mercadorias e Serviços;714899,80;11367
2018;Prefeitura Municipal de Conceição dos Ouros - MG;3117801;MG;DCA-Anexo I-C;Padrão;Receitas Brutas Realizadas;RO1.1.1.8.02.3.0;1.1.1.8.02.3.0 Imposto sobre Serviços de Qualquer Natureza;714899,80;11367
2018;Prefeitura Municipal de Conceição dos Ouros - MG;3117801;MG;DCA-Anexo I-C;Padrão;Receitas Brutas Realizadas;RO1.1.2.0.00.0.0;1.1.2.0.00.0.0 - Taxas;139852,14;11367
2018;Prefeitura Municipal de Conceição dos Ouros - MG;3117801;MG;DCA-Anexo I-C;Padrão;Receitas Brutas Realizadas;RO1.1.2.1.00.0.0;1.1.2.1.00.0.0 - Taxas pelo Exercício do Poder de Polícia;127360,85;11367
2018;Prefeitura Municipal de Conceição dos Ouros - MG;3117801;MG;DCA-Anexo I-C;Padrão;Receitas Brutas Realizadas;RO1.1.2.1.01.0.0;1.1.2.1.01.0.0 - Taxas de Inspeção, Controle e Fiscalização;127360,85;11367
2018;Prefeitura Municipal de Conceição dos Ouros - MG;3117801;MG;DCA-Anexo I-C;Padrão;Receitas Brutas Realizadas;RO1.1.2.2.00.0.0;1.1.2.2.00.0.0 - Taxas pela Prestação de Serviços;12491,29;11367
2018;Prefeitura Municipal de Conceição dos Ouros - MG;3117801;MG;DCA-Anexo I-C;Padrão;Receitas Brutas Realizadas;RO1.1.2.2.01.0.0;1.1.2.2.01.0.0 - Taxas pela Prestação de Serviços;12491,29;11367
2018;Prefeitura Municipal de Conceição dos Ouros - MG;3117801;MG;DCA-Anexo I-C;Padrão;Receitas Brutas Realizadas;RO1.2.0.0.00.0.0;1.2.0.0.00.0.0 - Contribuições;542006,18;11367
2018;Prefeitura Municipal de Conceição dos Ouros - MG;3117801;MG;DCA-Anexo I-C;Padrão;Receitas Brutas Realizadas;RO1.2.4.0.00.0.0;1.2.4.0.00.0.0 - Contribuição para o Custeio do Serviço de Iluminação Pública;542006,18;11367
2018;Prefeitura Municipal de Conceição dos Ouros - MG;3117801;MG;DCA-Anexo I-C;Padrão;Receitas Brutas Realizadas;RO1.3.0.0.00.0.0;1.3.0.0.00.0.0 - Receita Patrimonial;44558,54;11367
2018;Prefeitura Municipal de Conceição dos Ouros - MG;3117801;MG;DCA-Anexo I-C;Padrão;Receitas Brutas Realizadas;RO1.3.2.0.00.0.0;1.3.2.0.00.0.0 - Valores Mobiliários;44558,54;11367
2018;Prefeitura Municipal de Conceição dos Ouros - MG;3117801;MG;DCA-Anexo I-C;Padrão;Receitas Brutas Realizadas;RO1.3.2.1.00.0.0;1.3.2.1.00.0.0 - Juros e Correções Monetárias;44558,54;11367
2018;Prefeitura Municipal de Conceição dos Ouros - MG;3117801;MG;DCA-Anexo I-C;Padrão;Receitas Brutas Realizadas;RO1.3.2.1.00.1.0;1.3.2.1.00.1.0 - Remuneração de Depósitos Bancários;44558,54;11367
2018;Prefeitura Municipal de Conceição dos Ouros - MG;3117801;MG;DCA-Anexo I-C;Padrão;Receitas Brutas Realizadas;RO1.6.0.0.00.0.0;1.6.0.0.00.0.0 - Receita de Serviços;65750,15;11367
2018;Prefeitura Municipal de Conceição dos Ouros - MG;3117801;MG;DCA-Anexo I-C;Padrão;Receitas Brutas Realizadas;RO1.6.1.0.00.0.0;1.6.1.0.00.0.0 - Serviços Administrativos e Comerciais Gerais;65750,15;11367
2018;Prefeitura Municipal de Conceição dos Ouros - MG;3117801;MG;DCA-Anexo I-C;Padrão;Receitas Brutas Realizadas;RO1.6.1.0.01.0.0;1.6.1.0.01.0.0 - Serviços Administrativos e Comerciais Gerais;65750,15;11367
2018;Prefeitura Municipal de Conceição dos Ouros - MG;3117801;MG;DCA-Anexo I-C;Padrão;Receitas Brutas Realizadas;RO1.7.0.0.00.0.0;1.7.0.0.00.0.0 - Transferências Correntes;22607506,78;11367
2018;Prefeitura Municipal de Conceição dos Ouros - MG;3117801;MG;DCA-Anexo I-C;Padrão;Deduções - FUNDEB;RO1.7.0.0.00.0.0;1.7.0.0.00.0.0 - Transferências Correntes;3167313,63;11367
2018;Prefeitura Municipal de Conceição dos Ouros - MG;3117801;MG;DCA-Anexo I-C;Padrão;Receitas Brutas Realizadas;RO1.7.1.0.00.0.0;1.7.1.0.00.0.0 - Transferências da União e de suas Entidades;14303298,22;11367
2018;Prefeitura Municipal de Conceição dos Ouros - MG;3117801;MG;DCA-Anexo I-C;Padrão;Deduções - FUNDEB;RO1.7.1.0.00.0.0;1.7.1.0.00.0.0 - Transferências da União e de suas Entidades;2173101,47;11367
2018;Prefeitura Municipal de Conceição dos Ouros - MG;3117801;MG;DCA-Anexo I-C;Padrão;Receitas Brutas Realizadas;RO1.7.1.8.00.0.0;1.7.1.8.00.0.0 Transferências da União - Específicas de Estados, DF e Municípios;14303298,22;11367
2018;Prefeitura Municipal de Conceição dos Ouros - MG;3117801;MG;DCA-Anexo I-C;Padrão;Deduções - FUNDEB;RO1.7.1.8.00.0.0;1.7.1.8.00.0.0 Transferências da União - Específicas de Estados, DF e Municípios;2173101,47;11367
2018;Prefeitura Municipal de Conceição dos Ouros - MG;3117801;MG;DCA-Anexo I-C;Padrão;Receitas Brutas Realizadas;RO1.7.1.8.01.0.0;1.7.1.8.01.0.0 Participação na Receita da União;11792392,89;11367
2018;Prefeitura Municipal de Conceição dos Ouros - MG;3117801;MG;DCA-Anexo I-C;Padrão;Deduções - FUNDEB;RO1.7.1.8.01.0.0;1.7.1.8.01.0.0 Participação na Receita da União;2168751,47;11367
2018;Prefeitura Municipal de Conceição dos Ouros - MG;3117801;MG;DCA-Anexo I-C;Padrão;Receitas Brutas Realizadas;RO1.7.1.8.01.2.0;1.7.1.8.01.2.0 Cota-Parte do Fundo de Participação dos Municípios - Cota Mensal;10811080,30;11367
2018;Prefeitura Municipal de Conceição dos Ouros - MG;3117801;MG;DCA-Anexo I-C;Padrão;Deduções - FUNDEB;RO1.7.1.8.01.2.0;1.7.1.8.01.2.0 Cota-Parte do Fundo de Participação dos Municípios - Cota Mensal;2162215,79;11367
2018;Prefeitura Municipal de Conceição dos Ouros - MG;3117801;MG;DCA-Anexo I-C;Padrão;Receitas Brutas Realizadas;RO1.7.1.8.01.3.0;1.7.1.8.01.3.0 Cota-Parte do Fundo de Participação do Municípios ¿ 1% Cota entregue no mês de dezembro;480162,11;11367
2018;Prefeitura Municipal de Conceição dos Ouros - MG;3117801;MG;DCA-Anexo I-C;Padrão;Receitas Brutas Realizadas;RO1.7.1.8.01.4.0;1.7.1.8.01.4.0 Cota-Parte do Fundo de Participação dos Municípios - 1% Cota entregue no mês de julho;468471,41;11367
2018;Prefeitura Municipal de Conceição dos Ouros - MG;3117801;MG;DCA-Anexo I-C;Padrão;Receitas Brutas Realizadas;RO1.7.1.8.01.5.0;1.7.1.8.01.5.0 Cota-Parte do Imposto Sobre a Propriedade Territorial Rural;32679,07;11367
2018;Prefeitura Municipal de Conceição dos Ouros - MG;3117801;MG;DCA-Anexo I-C;Padrão;Deduções - FUNDEB;RO1.7.1.8.01.5.0;1.7.1.8.01.5.0 Cota-Parte do Imposto Sobre a Propriedade Territorial Rural;6535,68;11367
2018;Prefeitura Municipal de Conceição dos Ouros - MG;3117801;MG;DCA-Anexo I-C;Padrão;Receitas Brutas Realizadas;RO1.7.1.8.02.0.0;1.7.1.8.02.0.0 Transferência da Compensação Financeira pela Exploração de Recursos Naturais;180027,14;11367
2018;Prefeitura Municipal de Conceição dos Ouros - MG;3117801;MG;DCA-Anexo I-C;Padrão;Receitas Brutas Realizadas;RO1.7.1.8.02.2.0;1.7.1.8.02.2.0 Cota-parte da Compensação Financeira de Recursos Minerais - CFEM;201,80;11367
2018;Prefeitura Municipal de Conceição dos Ouros - MG;3117801;MG;DCA-Anexo I-C;Padrão;Receitas Brutas Realizadas;RO1.7.1.8.02.6.0;1.7.1.8.02.6.0 Cota-Parte do Fundo Especial do Petróleo ¿ FEP;179825,34;11367
2018;Prefeitura Municipal de Conceição dos Ouros - MG;3117801;MG;DCA-Anexo I-C;Padrão;Receitas Brutas Realizadas;RO1.7.1.8.03.0.0;1.7.1.8.03.0.0 Transferência de Recursos do Sistema Único de Saúde ¿ SUS ¿ Repasses Fundo a Fundo;1475000,90;11367
2018;Prefeitura Municipal de Conceição dos Ouros - MG;3117801;MG;DCA-Anexo I-C;Padrão;Receitas Brutas Realizadas;RO1.7.1.8.04.0.0;1.7.1.8.04.0.0 Transferências de Recursos do Fundo Nacional de Assistência Social ¿ FNAS;157881,61;11367
2018;Prefeitura Municipal de Conceição dos Ouros - MG;3117801;MG;DCA-Anexo I-C;Padrão;Receitas Brutas Realizadas;RO1.7.1.8.05.0.0;1.7.1.8.05.0.0 Transferências de Recursos do Fundo Nacional do Desenvolvimento da Educação ¿ FNDE;594430,74;11367
2018;Prefeitura Municipal de Conceição dos Ouros - MG;3117801;MG;DCA-Anexo I-C;Padrão;Receitas Brutas Realizadas;RO1.7.1.8.05.1.0;1.7.1.8.05.1.0 Transferências do Salário-Educação;342141,64;11367
2018;Prefeitura Municipal de Conceição dos Ouros - MG;3117801;MG;DCA-Anexo I-C;Padrão;Receitas Brutas Realizadas;RO1.7.1.8.05.3.0;1.7.1.8.05.3.0 Transferências Diretas do FNDE referentes ao Programa Nacional de Alimentação Escolar ¿ PNAE;142444,00;11367
2018;Prefeitura Municipal de Conceição dos Ouros - MG;3117801;MG;DCA-Anexo I-C;Padrão;Receitas Brutas Realizadas;RO1.7.1.8.05.4.0;1.7.1.8.05.4.0 Transferências Diretas do FNDE referentes ao Programa Nacional de Apoio ao Transporte do Escolar ¿ PNATE;40474,38;11367
2018;Prefeitura Municipal de Conceição dos Ouros - MG;3117801;MG;DCA-Anexo I-C;Padrão;Receitas Brutas Realizadas;RO1.7.1.8.05.9.0;1.7.1.8.05.9.0 Outras Transferências Diretas do Fundo Nacional do Desenvolvimento da Educação ¿ FNDE;69370,72;11367
2018;Prefeitura Municipal de Conceição dos Ouros - MG;3117801;MG;DCA-Anexo I-C;Padrão;Receitas Brutas Realizadas;RO1.7.1.8.06.0.0;1.7.1.8.06.0.0 Transferência Financeira do ICMS ¿ Desoneração ¿ L.C. Nº 87/96;21750,12;11367
2018;Prefeitura Municipal de Conceição dos Ouros - MG;3117801;MG;DCA-Anexo I-C;Padrão;Deduções - FUNDEB;RO1.7.1.8.06.0.0;1.7.1.8.06.0.0 Transferência Financeira do ICMS ¿ Desoneração ¿ L.C. Nº 87/96;4350,00;11367
2018;Prefeitura Municipal de Conceição dos Ouros - MG;3117801;MG;DCA-Anexo I-C;Padrão;Receitas Brutas Realizadas;RO1.7.1.8.06.1.0;1.7.1.8.06.1.0 Transferência Financeira do ICMS ¿ Desoneração ¿ L.C. Nº 87/96;21750,12;11367
2018;Prefeitura Municipal de Conceição dos Ouros - MG;3117801;MG;DCA-Anexo I-C;Padrão;Deduções - FUNDEB;RO1.7.1.8.06.1.0;1.7.1.8.06.1.0 Transferência Financeira do ICMS ¿ Desoneração ¿ L.C. Nº 87/96;4350,00;11367
2018;Prefeitura Municipal de Conceição dos Ouros - MG;3117801;MG;DCA-Anexo I-C;Padrão;Receitas Brutas Realizadas;RO1.7.1.8.10.0.0;1.7.1.8.10.0.0 Transferências de Convênios da União e de Suas Entidades;81814,82;11367
2018;Prefeitura Municipal de Conceição dos Ouros - MG;3117801;MG;DCA-Anexo I-C;Padrão;Receitas Brutas Realizadas;RO1.7.1.8.10.1.0;1.7.1.8.10.1.0 Transferências de Convênios da União para o Sistema Único de Saúde ¿ SUS;11185,59;11367
2018;Prefeitura Municipal de Conceição dos Ouros - MG;3117801;MG;DCA-Anexo I-C;Padrão;Receitas Brutas Realizadas;RO1.7.1.8.10.2.0;1.7.1.8.10.2.0 Transferências de Convênios da União Destinadas a Programas de Educação;68629,23;11367
2018;Prefeitura Municipal de Conceição dos Ouros - MG;3117801;MG;DCA-Anexo I-C;Padrão;Receitas Brutas Realizadas;RO1.7.1.8.10.3.0;1.7.1.8.10.3.0 Transferências de Convênios da União Destinadas a Programas de Assistência Social;2000,00;11367
2018;Prefeitura Municipal de Conceição dos Ouros - MG;3117801;MG;DCA-Anexo I-C;Padrão;Receitas Brutas Realizadas;RO1.7.2.0.00.0.0;1.7.2.0.00.0.0 - Transferências dos Estados e do Distrito Federal e de suas Entidades;5220641,20;11367
2018;Prefeitura Municipal de Conceição dos Ouros - MG;3117801;MG;DCA-Anexo I-C;Padrão;Deduções - FUNDEB;RO1.7.2.0.00.0.0;1.7.2.0.00.0.0 - Transferências dos Estados e do Distrito Federal e de suas Entidades;994212,16;11367
2018;Prefeitura Municipal de Conceição dos Ouros - MG;3117801;MG;DCA-Anexo I-C;Padrão;Receitas Brutas Realizadas;RO1.7.2.8.00.0.0;1.7.2.8.00.0.0 Transferências dos Estados - Específicas de Estados, DF e Municípios;5220641,20;11367
2018;Prefeitura Municipal de Conceição dos Ouros - MG;3117801;MG;DCA-Anexo I-C;Padrão;Deduções - FUNDEB;RO1.7.2.8.00.0.0;1.7.2.8.00.0.0 Transferências dos Estados - Específicas de Estados, DF e Municípios;994212,16;11367
2018;Prefeitura Municipal de Conceição dos Ouros - MG;3117801;MG;DCA-Anexo I-C;Padrão;Receitas Brutas Realizadas;RO1.7.2.8.01.0.0;1.7.2.8.01.0.0 Participação na Receita dos Estados;4996279,53;11367
2018;Prefeitura Municipal de Conceição dos Ouros - MG;3117801;MG;DCA-Anexo I-C;Padrão;Deduções - FUNDEB;RO1.7.2.8.01.0.0;1.7.2.8.01.0.0 Participação na Receita dos Estados;994212,16;11367
2018;Prefeitura Municipal de Conceição dos Ouros - MG;3117801;MG;DCA-Anexo I-C;Padrão;Receitas Brutas Realizadas;RO1.7.2.8.01.1.0;1.7.2.8.01.1.0 Cota-Parte do ICMS;3819876,31;11367
2018;Prefeitura Municipal de Conceição dos Ouros - MG;3117801;MG;DCA-Anexo I-C;Padrão;Deduções - FUNDEB;RO1.7.2.8.01.1.0;1.7.2.8.01.1.0 Cota-Parte do ICMS;763974,97;11367
2018;Prefeitura Municipal de Conceição dos Ouros - MG;3117801;MG;DCA-Anexo I-C;Padrão;Receitas Brutas Realizadas;RO1.7.2.8.01.2.0;1.7.2.8.01.2.0 Cota-Parte do IPVA;1030804,08;11367
2018;Prefeitura Municipal de Conceição dos Ouros - MG;3117801;MG;DCA-Anexo I-C;Padrão;Deduções - FUNDEB;RO1.7.2.8.01.2.0;1.7.2.8.01.2.0 Cota-Parte do IPVA;206159,70;11367
2018;Prefeitura Municipal de Conceição dos Ouros - MG;3117801;MG;DCA-Anexo I-C;Padrão;Receitas Brutas Realizadas;RO1.7.2.8.01.3.0;1.7.2.8.01.3.0 Cota-Parte do IPI - Municípios;120387,53;11367
2018;Prefeitura Municipal de Conceição dos Ouros - MG;3117801;MG;DCA-Anexo I-C;Padrão;Deduções - FUNDEB;RO1.7.2.8.01.3.0;1.7.2.8.01.3.0 Cota-Parte do IPI - Municípios;24077,49;11367
2018;Prefeitura Municipal de Conceição dos Ouros - MG;3117801;MG;DCA-Anexo I-C;Padrão;Receitas Brutas Realizadas;RO1.7.2.8.01.4.0;1.7.2.8.01.4.0 Cota-Parte da Contribuição de Intervenção no Domínio Econômico;25211,61;11367
2018;Prefeitura Municipal de Conceição dos Ouros - MG;3117801;MG;DCA-Anexo I-C;Padrão;Receitas Brutas Realizadas;RO1.7.2.8.03.0.0;1.7.2.8.03.0.0 Transferência de Recursos do Estado para Programas de Saúde ¿ Repasse Fundo a Fundo;33011,67;11367
2018;Prefeitura Municipal de Conceição dos Ouros - MG;3117801;MG;DCA-Anexo I-C;Padrão;Receitas Brutas Realizadas;RO1.7.2.8.10.0.0;1.7.2.8.10.0.0 Transferência de Convênios dos Estados e do Distrito Federal e de Suas Entidades;191350,00;11367
2018;Prefeitura Municipal de Conceição dos Ouros - MG;3117801;MG;DCA-Anexo I-C;Padrão;Receitas Brutas Realizadas;RO1.7.2.8.10.1.0;1.7.2.8.10.1.0 Transferências de Convênio dos Estados para o Sistema Único de Saúde ¿ SUS;100000,00;11367
2018;Prefeitura Municipal de Conceição dos Ouros - MG;3117801;MG;DCA-Anexo I-C;Padrão;Receitas Brutas Realizadas;RO1.7.2.8.10.9.0;1.7.2.8.10.9.0 Outras Transferências de Convênio dos Estados;91350,00;11367
2018;Prefeitura Municipal de Conceição dos Ouros - MG;3117801;MG;DCA-Anexo I-C;Padrão;Receitas Brutas Realizadas;RO1.7.3.0.00.0.0;1.7.3.0.00.0.0 - Transferências dos Municípios e de suas Entidades;5216,40;11367
2018;Prefeitura Municipal de Conceição dos Ouros - MG;3117801;MG;DCA-Anexo I-C;Padrão;Receitas Brutas Realizadas;RO1.7.3.8.00.0.0;1.7.3.8.00.0.0 Transferências dos Municípios -Específicas de Estados, DF e Municípios;5216,40;11367
2018;Prefeitura Municipal de Conceição dos Ouros - MG;3117801;MG;DCA-Anexo I-C;Padrão;Receitas Brutas Realizadas;RO1.7.3.8.99.0.0;1.7.3.8.99.0.0 Outras Transferências dos Municípios;5216,40;11367
2018;Prefeitura Municipal de Conceição dos Ouros - MG;3117801;MG;DCA-Anexo I-C;Padrão;Receitas Brutas Realizadas;RO1.7.5.0.00.0.0;1.7.5.0.00.0.0 - Transferências de Outras Instituições Públicas;3078350,96;11367
2018;Prefeitura Municipal de Conceição dos Ouros - MG;3117801;MG;DCA-Anexo I-C;Padrão;Receitas Brutas Realizadas;RO1.7.5.8.00.0.0;1.7.5.8.00.0.0 Transferências de Outras Instituições Públicas - Específicas de Estados, DF e Municípios;3078350,96;11367
2018;Prefeitura Municipal de Conceição dos Ouros - MG;3117801;MG;DCA-Anexo I-C;Padrão;Receitas Brutas Realizadas;RO1.7.5.8.01.0.0;1.7.5.8.01.0.0 Transferências de Recursos do Fundo de Manutenção e Desenvolvimento da Educação Básica e de Valorização dos Profissionais da Educação ¿ FUNDEB;3078350,96;11367
2018;Prefeitura Municipal de Conceição dos Ouros - MG;3117801;MG;DCA-Anexo I-C;Padrão;Receitas Brutas Realizadas;RO1.9.0.0.00.0.0;1.9.0.0.00.0.0 - Outras Receitas Correntes;74549,35;11367
2018;Prefeitura Municipal de Conceição dos Ouros - MG;3117801;MG;DCA-Anexo I-C;Padrão;Receitas Brutas Realizadas;RO1.9.1.0.00.0.0;1.9.1.0.00.0.0 - Multas Administrativas, Contratuais e Judiciais;37761,35;11367
2018;Prefeitura Municipal de Conceição dos Ouros - MG;3117801;MG;DCA-Anexo I-C;Padrão;Receitas Brutas Realizadas;RO1.9.2.0.00.0.0;1.9.2.0.00.0.0 - Indenizações, Restituições e Ressarcimentos;24790,43;11367
2018;Prefeitura Municipal de Conceição dos Ouros - MG;3117801;MG;DCA-Anexo I-C;Padrão;Receitas Brutas Realizadas;RO1.9.2.2.00.0.0;1.9.2.2.00.0.0 - Restituições;24790,43;11367
2018;Prefeitura Municipal de Conceição dos Ouros - MG;3117801;MG;DCA-Anexo I-C;Padrão;Receitas Brutas Realizadas;RO1.9.2.2.99.0.0;1.9.2.2.99.0.0 - Outras Restituições;24790,43;11367
2018;Prefeitura Municipal de Conceição dos Ouros - MG;3117801;MG;DCA-Anexo I-C;Padrão;Receitas Brutas Realizadas;RO1.9.9.0.00.0.0;1.9.9.0.00.0.0 - Demais Receitas Correntes;11997,57;11367
2018;Prefeitura Municipal de Conceição dos Ouros - MG;3117801;MG;DCA-Anexo I-C;Padrão;Receitas Brutas Realizadas;RO1.9.9.0.99.0.0;1.9.9.0.99.0.0 - Outras Receitas;11997,57;11367
2018;Prefeitura Municipal de Conceição dos Ouros - MG;3117801;MG;DCA-Anexo I-C;Padrão;Receitas Brutas Realizadas;RO1.9.9.0.99.1.0;1.9.9.0.99.1.0 - Outras Receitas - Primárias;11997,57;11367
2018;Prefeitura Municipal de Conceição dos Ouros - MG;3117801;MG;DCA-Anexo I-C;Padrão;Receitas Brutas Realizadas;RO2.0.0.0.00.0.0;2.0.0.0.00.0.0 - Receitas de Capital;1196992,78;11367
2018;Prefeitura Municipal de Conceição dos Ouros - MG;3117801;MG;DCA-Anexo I-C;Padrão;Receitas Brutas Realizadas;RO2.2.0.0.00.0.0;2.2.0.0.00.0.0 - Alienação de Bens;358450,00;11367
2018;Prefeitura Municipal de Conceição dos Ouros - MG;3117801;MG;DCA-Anexo I-C;Padrão;Receitas Brutas Realizadas;RO2.2.1.0.00.0.0;2.2.1.0.00.0.0 - Alienação de Bens Móveis;48000,00;11367
2018;Prefeitura Municipal de Conceição dos Ouros - MG;3117801;MG;DCA-Anexo I-C;Padrão;Receitas Brutas Realizadas;RO2.2.1.3.00.0.0;2.2.1.3.00.0.0 Alienação de Bens Móveis e Semoventes;48000,00;11367
2018;Prefeitura Municipal de Conceição dos Ouros - MG;3117801;MG;DCA-Anexo I-C;Padrão;Receitas Brutas Realizadas;RO2.2.2.0.00.0.0;2.2.2.0.00.0.0 - Alienação de Bens Imóveis;310450,00;11367
2018;Prefeitura Municipal de Conceição dos Ouros - MG;3117801;MG;DCA-Anexo I-C;Padrão;Receitas Brutas Realizadas;RO2.4.0.0.00.0.0;2.4.0.0.00.0.0 - Transferências de Capital;838542,78;11367
2018;Prefeitura Municipal de Conceição dos Ouros - MG;3117801;MG;DCA-Anexo I-C;Padrão;Receitas Brutas Realizadas;RO2.4.1.0.00.0.0;2.4.1.0.00.0.0 - Transferências da União e de suas Entidades;698542,78;11367
2018;Prefeitura Municipal de Conceição dos Ouros - MG;3117801;MG;DCA-Anexo I-C;Padrão;Receitas Brutas Realizadas;RO2.4.1.8.00.0.0;2.4.1.8.00.0.0 Transferências da União - Específicas de Estados, DF e Municípios;698542,78;11367
2018;Prefeitura Municipal de Conceição dos Ouros - MG;3117801;MG;DCA-Anexo I-C;Padrão;Receitas Brutas Realizadas;RO2.4.1.8.03.0.0;2.4.1.8.03.0.0 Transferências de Recursos do Sistema Único de Saúde ¿ SUS;105097,78;11367
2018;Prefeitura Municipal de Conceição dos Ouros - MG;3117801;MG;DCA-Anexo I-C;Padrão;Receitas Brutas Realizadas;RO2.4.1.8.05.0.0;2.4.1.8.05.0.0 Transferências de Recursos Destinados a Programas de Educação;38025,00;11367
2018;Prefeitura Municipal de Conceição dos Ouros - MG;3117801;MG;DCA-Anexo I-C;Padrão;Receitas Brutas Realizadas;RO2.4.1.8.10.0.0;2.4.1.8.10.0.0 Transferência de Convênios da União e de suas Entidades;555420,00;11367
2018;Prefeitura Municipal de Conceição dos Ouros - MG;3117801;MG;DCA-Anexo I-C;Padrão;Receitas Brutas Realizadas;RO2.4.2.0.00.0.0;2.4.2.0.00.0.0 - Transferências dos Estados e do Distrito Federal e de suas Entidades;140000,00;11367
2018;Prefeitura Municipal de Conceição dos Ouros - MG;3117801;MG;DCA-Anexo I-C;Padrão;Receitas Brutas Realizadas;RO2.4.2.8.00.0.0;2.4.2.8.00.0.0 Transferências dos Estados, Distrito Federal, e de suas Entidades;140000,00;11367
2018;Prefeitura Municipal de Conceição dos Ouros - MG;3117801;MG;DCA-Anexo I-C;Padrão;Receitas Brutas Realizadas;RO2.4.2.8.10.0.0;2.4.2.8.10.0.0 Transferências de Convênios dos Estados e do Distrito Federal e de suas Entidades;140000,00;11367
2019;Prefeitura Municipal de Conceição dos Ouros - MG;3117801;MG;DCA-Anexo I-C;Padrão;Receitas Brutas Realizadas;ReceitasExcetoIntraOrcamentarias;RECEITAS (EXCETO INTRA-ORÇAMENTÁRIAS) (I);31581182,85;11525
2019;Prefeitura Municipal de Conceição dos Ouros - MG;3117801;MG;DCA-Anexo I-C;Padrão;Deduções - FUNDEB;ReceitasExcetoIntraOrcamentarias;RECEITAS (EXCETO INTRA-ORÇAMENTÁRIAS) (I);3501160,47;11525
2019;Prefeitura Municipal de Conceição dos Ouros - MG;3117801;MG;DCA-Anexo I-C;Padrão;Receitas Brutas Realizadas;RO1.0.0.0.00.0.0;1.0.0.0.00.0.0 - Receitas Correntes;30172462,85;11525
2019;Prefeitura Municipal de Conceição dos Ouros - MG;3117801;MG;DCA-Anexo I-C;Padrão;Deduções - FUNDEB;RO1.0.0.0.00.0.0;1.0.0.0.00.0.0 - Receitas Correntes;3501160,47;11525
2019;Prefeitura Municipal de Conceição dos Ouros - MG;3117801;MG;DCA-Anexo I-C;Padrão;Receitas Brutas Realizadas;RO1.1.0.0.00.0.0;1.1.0.0.00.0.0 - Impostos, Taxas e Contribuições de Melhoria;1928925,89;11525
2019;Prefeitura Municipal de Conceição dos Ouros - MG;3117801;MG;DCA-Anexo I-C;Padrão;Receitas Brutas Realizadas;RO1.1.1.0.00.0.0;1.1.1.0.00.0.0 - Impostos;1793718,77;11525
2019;Prefeitura Municipal de Conceição dos Ouros - MG;3117801;MG;DCA-Anexo I-C;Padrão;Receitas Brutas Realizadas;RO1.1.1.3.00.0.0;1.1.1.3.00.0.0 - Impostos sobre a Renda e Proventos de Qualquer Natureza;211909,99;11525
2019;Prefeitura Municipal de Conceição dos Ouros - MG;3117801;MG;DCA-Anexo I-C;Padrão;Receitas Brutas Realizadas;RO1.1.1.3.03.0.0;1.1.1.3.03.0.0 - Imposto sobre a Renda - Retido na Fonte;211909,99;11525
2019;Prefeitura Municipal de Conceição dos Ouros - MG;3117801;MG;DCA-Anexo I-C;Padrão;Receitas Brutas Realizadas;RO1.1.1.3.03.1.0;1.1.1.3.03.1.0 - Imposto sobre a Renda - Retido na Fonte - Trabalho;211909,99;11525
2019;Prefeitura Municipal de Conceição dos Ouros - MG;3117801;MG;DCA-Anexo I-C;Padrão;Receitas Brutas Realizadas;RO1.1.1.8.00.0.0;1.1.1.8.00.0.0 Impostos Específicos de Estados, DF e Municípios;1581808,78;11525
2019;Prefeitura Municipal de Conceição dos Ouros - MG;3117801;MG;DCA-Anexo I-C;Padrão;Receitas Brutas Realizadas;RO1.1.1.8.01.0.0;1.1.1.8.01.0.0 Impostos sobre o Patrimônio para Estados/DF/Municípios;757444,01;11525
2019;Prefeitura Municipal de Conceição dos Ouros - MG;3117801;MG;DCA-Anexo I-C;Padrão;Receitas Brutas Realizadas;RO1.1.1.8.01.1.0;1.1.1.8.01.1.0 Imposto sobre a Propriedade Predial e Territorial Urbana;541965,68;11525
2019;Prefeitura Municipal de Conceição dos Ouros - MG;3117801;MG;DCA-Anexo I-C;Padrão;Receitas Brutas Realizadas;RO1.1.1.8.01.4.0;1.1.1.8.01.4.0 Imposto sobre Transmissão ¿Inter Vivos¿ de Bens Imóveis e de Direitos Reais sobre Imóveis;215478,33;11525
2019;Prefeitura Municipal de Conceição dos Ouros - MG;3117801;MG;DCA-Anexo I-C;Padrão;Receitas Brutas Realizadas;RO1.1.1.8.02.0.0;1.1.1.8.02.0.0 Impostos sobre a Produção, Circulação de Mercadorias e Serviços;824364,77;11525
2019;Prefeitura Municipal de Conceição dos Ouros - MG;3117801;MG;DCA-Anexo I-C;Padrão;Receitas Brutas Realizadas;RO1.1.1.8.02.3.0;1.1.1.8.02.3.0 Imposto sobre Serviços de Qualquer Natureza;824364,77;11525
2019;Prefeitura Municipal de Conceição dos Ouros - MG;3117801;MG;DCA-Anexo I-C;Padrão;Receitas Brutas Realizadas;RO1.1.2.0.00.0.0;1.1.2.0.00.0.0 - Taxas;135207,12;11525
2019;Prefeitura Municipal de Conceição dos Ouros - MG;3117801;MG;DCA-Anexo I-C;Padrão;Receitas Brutas Realizadas;RO1.1.2.1.00.0.0;1.1.2.1.00.0.0 - Taxas pelo Exercício do Poder de Polícia;120,00;11525
2019;Prefeitura Municipal de Conceição dos Ouros - MG;3117801;MG;DCA-Anexo I-C;Padrão;Receitas Brutas Realizadas;RO1.1.2.1.01.0.0;1.1.2.1.01.0.0 - Taxas de Inspeção, Controle e Fiscalização;120,00;11525
2019;Prefeitura Municipal de Conceição dos Ouros - MG;3117801;MG;DCA-Anexo I-C;Padrão;Receitas Brutas Realizadas;RO1.1.2.2.00.0.0;1.1.2.2.00.0.0 - Taxas pela Prestação de Serviços;10754,89;11525
2019;Prefeitura Municipal de Conceição dos Ouros - MG;3117801;MG;DCA-Anexo I-C;Padrão;Receitas Brutas Realizadas;RO1.1.2.2.01.0.0;1.1.2.2.01.0.0 - Taxas pela Prestação de Serviços;10754,89;11525
2019;Prefeitura Municipal de Conceição dos Ouros - MG;3117801;MG;DCA-Anexo I-C;Padrão;Receitas Brutas Realizadas;RO1.1.2.8.00.0.0;1.1.2.8.00.0.0 - Taxas - Específicas de Estados, DF e Municípios;124332,23;11525
2019;Prefeitura Municipal de Conceição dos Ouros - MG;3117801;MG;DCA-Anexo I-C;Padrão;Receitas Brutas Realizadas;RO1.1.2.8.01.0.0;1.1.2.8.01.0.0 - Taxas de Inspeção, Controle e Fiscalização;124332,23;11525
2019;Prefeitura Municipal de Conceição dos Ouros - MG;3117801;MG;DCA-Anexo I-C;Padrão;Receitas Brutas Realizadas;RO1.1.2.8.01.1.0;1.1.2.8.01.1.0 - Taxa de Fiscalização de Vigilância Sanitária;124332,23;11525
2019;Prefeitura Municipal de Conceição dos Ouros - MG;3117801;MG;DCA-Anexo I-C;Padrão;Receitas Brutas Realizadas;RO1.2.0.0.00.0.0;1.2.0.0.00.0.0 - Contribuições;590451,67;11525
2019;Prefeitura Municipal de Conceição dos Ouros - MG;3117801;MG;DCA-Anexo I-C;Padrão;Receitas Brutas Realizadas;RO1.2.1.0.00.0.0;1.2.1.0.00.0.0 - Contribuições Sociais;590451,67;11525
2019;Prefeitura Municipal de Conceição dos Ouros - MG;3117801;MG;DCA-Anexo I-C;Padrão;Receitas Brutas Realizadas;RO1.2.1.4.00.0.0;1.2.1.4.00.0.0 - Contribuições para o Regime Geral de Previdência Social - RGPS;590451,67;11525
2019;Prefeitura Municipal de Conceição dos Ouros - MG;3117801;MG;DCA-Anexo I-C;Padrão;Receitas Brutas Realizadas;RO1.2.1.4.01.0.0;1.2.1.4.01.0.0 - Contribuição Previdenciária da Empresa;590451,67;11525
2019;Prefeitura Municipal de Conceição dos Ouros - MG;3117801;MG;DCA-Anexo I-C;Padrão;Receitas Brutas Realizadas;RO1.3.0.0.00.0.0;1.3.0.0.00.0.0 - Receita Patrimonial;54675,93;11525
2019;Prefeitura Municipal de Conceição dos Ouros - MG;3117801;MG;DCA-Anexo I-C;Padrão;Receitas Brutas Realizadas;RO1.3.2.0.00.0.0;1.3.2.0.00.0.0 - Valores Mobiliários;54675,93;11525
2019;Prefeitura Municipal de Conceição dos Ouros - MG;3117801;MG;DCA-Anexo I-C;Padrão;Receitas Brutas Realizadas;RO1.3.2.1.00.0.0;1.3.2.1.00.0.0 - Juros e Correções Monetárias;54675,93;11525
2019;Prefeitura Municipal de Conceição dos Ouros - MG;3117801;MG;DCA-Anexo I-C;Padrão;Receitas Brutas Realizadas;RO1.3.2.1.00.1.0;1.3.2.1.00.1.0 - Remuneração de Depósitos Bancários;54675,93;11525
2019;Prefeitura Municipal de Conceição dos Ouros - MG;3117801;MG;DCA-Anexo I-C;Padrão;Receitas Brutas Realizadas;RO1.6.0.0.00.0.0;1.6.0.0.00.0.0 - Receita de Serviços;66249,17;11525
2019;Prefeitura Municipal de Conceição dos Ouros - MG;3117801;MG;DCA-Anexo I-C;Padrão;Receitas Brutas Realizadas;RO1.6.1.0.00.0.0;1.6.1.0.00.0.0 - Serviços Administrativos e Comerciais Gerais;66249,17;11525
2019;Prefeitura Municipal de Conceição dos Ouros - MG;3117801;MG;DCA-Anexo I-C;Padrão;Receitas Brutas Realizadas;RO1.6.1.0.01.0.0;1.6.1.0.01.0.0 - Serviços Administrativos e Comerciais Gerais;66249,17;11525
2019;Prefeitura Municipal de Conceição dos Ouros - MG;3117801;MG;DCA-Anexo I-C;Padrão;Receitas Brutas Realizadas;RO1.7.0.0.00.0.0;1.7.0.0.00.0.0 - Transferências Correntes;27481684,80;11525
2019;Prefeitura Municipal de Conceição dos Ouros - MG;3117801;MG;DCA-Anexo I-C;Padrão;Deduções - FUNDEB;RO1.7.0.0.00.0.0;1.7.0.0.00.0.0 - Transferências Correntes;3501160,47;11525
2019;Prefeitura Municipal de Conceição dos Ouros - MG;3117801;MG;DCA-Anexo I-C;Padrão;Receitas Brutas Realizadas;RO1.7.1.0.00.0.0;1.7.1.0.00.0.0 - Transferências da União e de suas Entidades;16305042,20;11525
2019;Prefeitura Municipal de Conceição dos Ouros - MG;3117801;MG;DCA-Anexo I-C;Padrão;Deduções - FUNDEB;RO1.7.1.0.00.0.0;1.7.1.0.00.0.0 - Transferências da União e de suas Entidades;2357253,17;11525
2019;Prefeitura Municipal de Conceição dos Ouros - MG;3117801;MG;DCA-Anexo I-C;Padrão;Receitas Brutas Realizadas;RO1.7.1.8.00.0.0;1.7.1.8.00.0.0 Transferências da União - Específicas de Estados, DF e Municípios;16305042,20;11525
2019;Prefeitura Municipal de Conceição dos Ouros - MG;3117801;MG;DCA-Anexo I-C;Padrão;Deduções - FUNDEB;RO1.7.1.8.00.0.0;1.7.1.8.00.0.0 Transferências da União - Específicas de Estados, DF e Municípios;2357253,17;11525
2019;Prefeitura Municipal de Conceição dos Ouros - MG;3117801;MG;DCA-Anexo I-C;Padrão;Receitas Brutas Realizadas;RO1.7.1.8.01.0.0;1.7.1.8.01.0.0 Participação na Receita da União;12805945,68;11525
2019;Prefeitura Municipal de Conceição dos Ouros - MG;3117801;MG;DCA-Anexo I-C;Padrão;Deduções - FUNDEB;RO1.7.1.8.01.0.0;1.7.1.8.01.0.0 Participação na Receita da União;2357253,17;11525
2019;Prefeitura Municipal de Conceição dos Ouros - MG;3117801;MG;DCA-Anexo I-C;Padrão;Receitas Brutas Realizadas;RO1.7.1.8.01.2.0;1.7.1.8.01.2.0 Cota-Parte do Fundo de Participação dos Municípios - Cota Mensal;11771251,58;11525
2019;Prefeitura Municipal de Conceição dos Ouros - MG;3117801;MG;DCA-Anexo I-C;Padrão;Deduções - FUNDEB;RO1.7.1.8.01.2.0;1.7.1.8.01.2.0 Cota-Parte do Fundo de Participação dos Municípios - Cota Mensal;2354250,04;11525
2019;Prefeitura Municipal de Conceição dos Ouros - MG;3117801;MG;DCA-Anexo I-C;Padrão;Receitas Brutas Realizadas;RO1.7.1.8.01.3.0;1.7.1.8.01.3.0 Cota-Parte do Fundo de Participação do Municípios ¿ 1% Cota entregue no mês de dezembro;519434,38;11525
2019;Prefeitura Municipal de Conceição dos Ouros - MG;3117801;MG;DCA-Anexo I-C;Padrão;Receitas Brutas Realizadas;RO1.7.1.8.01.4.0;1.7.1.8.01.4.0 Cota-Parte do Fundo de Participação dos Municípios - 1% Cota entregue no mês de julho;500243,71;11525
2019;Prefeitura Municipal de Conceição dos Ouros - MG;3117801;MG;DCA-Anexo I-C;Padrão;Receitas Brutas Realizadas;RO1.7.1.8.01.5.0;1.7.1.8.01.5.0 Cota-Parte do Imposto Sobre a Propriedade Territorial Rural;15016,01;11525
2019;Prefeitura Municipal de Conceição dos Ouros - MG;3117801;MG;DCA-Anexo I-C;Padrão;Deduções - FUNDEB;RO1.7.1.8.01.5.0;1.7.1.8.01.5.0 Cota-Parte do Imposto Sobre a Propriedade Territorial Rural;3003,13;11525
2019;Prefeitura Municipal de Conceição dos Ouros - MG;3117801;MG;DCA-Anexo I-C;Padrão;Receitas Brutas Realizadas;RO1.7.1.8.02.0.0;1.7.1.8.02.0.0 Transferência da Compensação Financeira pela Exploração de Recursos Naturais;182114,15;11525
2019;Prefeitura Municipal de Conceição dos Ouros - MG;3117801;MG;DCA-Anexo I-C;Padrão;Receitas Brutas Realizadas;RO1.7.1.8.02.2.0;1.7.1.8.02.2.0 Cota-parte da Compensação Financeira de Recursos Minerais - CFEM;762,29;11525
2019;Prefeitura Municipal de Conceição dos Ouros - MG;3117801;MG;DCA-Anexo I-C;Padrão;Receitas Brutas Realizadas;RO1.7.1.8.02.6.0;1.7.1.8.02.6.0 Cota-Parte do Fundo Especial do Petróleo ¿ FEP;181351,86;11525
2019;Prefeitura Municipal de Conceição dos Ouros - MG;3117801;MG;DCA-Anexo I-C;Padrão;Receitas Brutas Realizadas;RO1.7.1.8.03.0.0;"1.7.1.8.03.0.0 Transferência de Recursos do Sistema Único de Saúde ¿ 
 SUS ¿ Bloco Custeio das Ações e Serviços Públicos de Saúde";1573175,03;11525
2019;Prefeitura Municipal de Conceição dos Ouros - MG;3117801;MG;DCA-Anexo I-C;Padrão;Receitas Brutas Realizadas;RO1.7.1.8.03.1.0;1.7.1.8.03.1.0 - Transferência de Recursos do SUS ¿ Atenção Básica;1560159,03;11525
2019;Prefeitura Municipal de Conceição dos Ouros - MG;3117801;MG;DCA-Anexo I-C;Padrão;Receitas Brutas Realizadas;RO1.7.1.8.03.3.0;1.7.1.8.03.3.0 - Transferência de Recursos do SUS ¿ Vigilância em Saúde;8000,00;11525
2019;Prefeitura Municipal de Conceição dos Ouros - MG;3117801;MG;DCA-Anexo I-C;Padrão;Receitas Brutas Realizadas;RO1.7.1.8.03.4.0;1.7.1.8.03.4.0 - Transferência de Recursos do SUS ¿ Assistência Farmacêutica;5016,00;11525
2019;Prefeitura Municipal de Conceição dos Ouros - MG;3117801;MG;DCA-Anexo I-C;Padrão;Receitas Brutas Realizadas;RO1.7.1.8.05.0.0;1.7.1.8.05.0.0 Transferências de Recursos do Fundo Nacional do Desenvolvimento da Educação ¿ FNDE;561933,05;11525
2019;Prefeitura Municipal de Conceição dos Ouros - MG;3117801;MG;DCA-Anexo I-C;Padrão;Receitas Brutas Realizadas;RO1.7.1.8.05.1.0;1.7.1.8.05.1.0 Transferências do Salário-Educação;353216,19;11525
2019;Prefeitura Municipal de Conceição dos Ouros - MG;3117801;MG;DCA-Anexo I-C;Padrão;Receitas Brutas Realizadas;RO1.7.1.8.05.3.0;1.7.1.8.05.3.0 Transferências Diretas do FNDE referentes ao Programa Nacional de Alimentação Escolar ¿ PNAE;139606,00;11525
2019;Prefeitura Municipal de Conceição dos Ouros - MG;3117801;MG;DCA-Anexo I-C;Padrão;Receitas Brutas Realizadas;RO1.7.1.8.05.4.0;1.7.1.8.05.4.0 Transferências Diretas do FNDE referentes ao Programa Nacional de Apoio ao Transporte do Escolar ¿ PNATE;69110,86;11525
2019;Prefeitura Municipal de Conceição dos Ouros - MG;3117801;MG;DCA-Anexo I-C;Padrão;Receitas Brutas Realizadas;RO1.7.1.8.08.0.0;1.7.1.8.08.0.0 Transferências Advindas de Emendas Parlamentares Individuais;446064,42;11525
2019;Prefeitura Municipal de Conceição dos Ouros - MG;3117801;MG;DCA-Anexo I-C;Padrão;Receitas Brutas Realizadas;RO1.7.1.8.10.0.0;1.7.1.8.10.0.0 Transferências de Convênios da União e de Suas Entidades;14225,80;11525
2019;Prefeitura Municipal de Conceição dos Ouros - MG;3117801;MG;DCA-Anexo I-C;Padrão;Receitas Brutas Realizadas;RO1.7.1.8.10.3.0;1.7.1.8.10.3.0 Transferências de Convênios da União Destinadas a Programas de Assistência Social;14225,80;11525
2019;Prefeitura Municipal de Conceição dos Ouros - MG;3117801;MG;DCA-Anexo I-C;Padrão;Receitas Brutas Realizadas;RO1.7.1.8.12.0.0;1.7.1.8.12.0.0 - Transferências de Recursos do Fundo Nacional de Assistência Social ¿ FNAS;106143,65;11525
2019;Prefeitura Municipal de Conceição dos Ouros - MG;3117801;MG;DCA-Anexo I-C;Padrão;Receitas Brutas Realizadas;RO1.7.1.8.99.0.0;1.7.1.8.99.0.0 Outras Transferências da União;615440,42;11525
2019;Prefeitura Municipal de Conceição dos Ouros - MG;3117801;MG;DCA-Anexo I-C;Padrão;Receitas Brutas Realizadas;RO1.7.2.0.00.0.0;1.7.2.0.00.0.0 - Transferências dos Estados e do Distrito Federal e de suas Entidades;6126751,48;11525
2019;Prefeitura Municipal de Conceição dos Ouros - MG;3117801;MG;DCA-Anexo I-C;Padrão;Deduções - FUNDEB;RO1.7.2.0.00.0.0;1.7.2.0.00.0.0 - Transferências dos Estados e do Distrito Federal e de suas Entidades;1143907,30;11525
2019;Prefeitura Municipal de Conceição dos Ouros - MG;3117801;MG;DCA-Anexo I-C;Padrão;Receitas Brutas Realizadas;RO1.7.2.8.00.0.0;1.7.2.8.00.0.0 Transferências dos Estados - Específicas de Estados, DF e Municípios;6126751,48;11525
2019;Prefeitura Municipal de Conceição dos Ouros - MG;3117801;MG;DCA-Anexo I-C;Padrão;Deduções - FUNDEB;RO1.7.2.8.00.0.0;1.7.2.8.00.0.0 Transferências dos Estados - Específicas de Estados, DF e Municípios;1143907,30;11525
2019;Prefeitura Municipal de Conceição dos Ouros - MG;3117801;MG;DCA-Anexo I-C;Padrão;Receitas Brutas Realizadas;RO1.7.2.8.01.0.0;1.7.2.8.01.0.0 Participação na Receita dos Estados;5734833,13;11525
2019;Prefeitura Municipal de Conceição dos Ouros - MG;3117801;MG;DCA-Anexo I-C;Padrão;Deduções - FUNDEB;RO1.7.2.8.01.0.0;1.7.2.8.01.0.0 Participação na Receita dos Estados;1143907,30;11525
2019;Prefeitura Municipal de Conceição dos Ouros - MG;3117801;MG;DCA-Anexo I-C;Padrão;Receitas Brutas Realizadas;RO1.7.2.8.01.1.0;1.7.2.8.01.1.0 Cota-Parte do ICMS;4705521,85;11525
2019;Prefeitura Municipal de Conceição dos Ouros - MG;3117801;MG;DCA-Anexo I-C;Padrão;Deduções - FUNDEB;RO1.7.2.8.01.1.0;1.7.2.8.01.1.0 Cota-Parte do ICMS;941104,08;11525
2019;Prefeitura Municipal de Conceição dos Ouros - MG;3117801;MG;DCA-Anexo I-C;Padrão;Receitas Brutas Realizadas;RO1.7.2.8.01.2.0;1.7.2.8.01.2.0 Cota-Parte do IPVA;944512,12;11525
2019;Prefeitura Municipal de Conceição dos Ouros - MG;3117801;MG;DCA-Anexo I-C;Padrão;Deduções - FUNDEB;RO1.7.2.8.01.2.0;1.7.2.8.01.2.0 Cota-Parte do IPVA;188901,28;11525
2019;Prefeitura Municipal de Conceição dos Ouros - MG;3117801;MG;DCA-Anexo I-C;Padrão;Receitas Brutas Realizadas;RO1.7.2.8.01.3.0;1.7.2.8.01.3.0 Cota-Parte do IPI - Municípios;69509,75;11525
2019;Prefeitura Municipal de Conceição dos Ouros - MG;3117801;MG;DCA-Anexo I-C;Padrão;Deduções - FUNDEB;RO1.7.2.8.01.3.0;1.7.2.8.01.3.0 Cota-Parte do IPI - Municípios;13901,94;11525
2019;Prefeitura Municipal de Conceição dos Ouros - MG;3117801;MG;DCA-Anexo I-C;Padrão;Receitas Brutas Realizadas;RO1.7.2.8.01.4.0;1.7.2.8.01.4.0 Cota-Parte da Contribuição de Intervenção no Domínio Econômico;15289,41;11525
2019;Prefeitura Municipal de Conceição dos Ouros - MG;3117801;MG;DCA-Anexo I-C;Padrão;Receitas Brutas Realizadas;RO1.7.2.8.03.0.0;1.7.2.8.03.0.0 Transferência de Recursos do Estado para Programas de Saúde ¿ Repasse Fundo a Fundo;184818,35;11525
2019;Prefeitura Municipal de Conceição dos Ouros - MG;3117801;MG;DCA-Anexo I-C;Padrão;Receitas Brutas Realizadas;RO1.7.2.8.10.0.0;1.7.2.8.10.0.0 Transferência de Convênios dos Estados e do Distrito Federal e de Suas Entidades;207100,00;11525
2019;Prefeitura Municipal de Conceição dos Ouros - MG;3117801;MG;DCA-Anexo I-C;Padrão;Receitas Brutas Realizadas;RO1.7.2.8.10.9.0;1.7.2.8.10.9.0 Outras Transferências de Convênio dos Estados;207100,00;11525
2019;Prefeitura Municipal de Conceição dos Ouros - MG;3117801;MG;DCA-Anexo I-C;Padrão;Receitas Brutas Realizadas;RO1.7.4.0.00.0.0;1.7.4.0.00.0.0 - Transferências de Instituições Privadas;2300,00;11525
2019;Prefeitura Municipal de Conceição dos Ouros - MG;3117801;MG;DCA-Anexo I-C;Padrão;Receitas Brutas Realizadas;RO1.7.4.0.00.1.0;1.7.4.0.00.1.0 - Transferências de Instituições Privadas;2300,00;11525
2019;Prefeitura Municipal de Conceição dos Ouros - MG;3117801;MG;DCA-Anexo I-C;Padrão;Receitas Brutas Realizadas;RO1.7.5.0.00.0.0;1.7.5.0.00.0.0 - Transferências de Outras Instituições Públicas;5047591,12;11525
2019;Prefeitura Municipal de Conceição dos Ouros - MG;3117801;MG;DCA-Anexo I-C;Padrão;Receitas Brutas Realizadas;RO1.7.5.8.00.0.0;1.7.5.8.00.0.0 Transferências de Outras Instituições Públicas - Específicas de Estados, DF e Municípios;5047591,12;11525
2019;Prefeitura Municipal de Conceição dos Ouros - MG;3117801;MG;DCA-Anexo I-C;Padrão;Receitas Brutas Realizadas;RO1.7.5.8.01.0.0;1.7.5.8.01.0.0 Transferências de Recursos do Fundo de Manutenção e Desenvolvimento da Educação Básica e de Valorização dos Profissionais da Educação ¿ FUNDEB;5047591,12;11525
2019;Prefeitura Municipal de Conceição dos Ouros - MG;3117801;MG;DCA-Anexo I-C;Padrão;Receitas Brutas Realizadas;RO1.9.0.0.00.0.0;1.9.0.0.00.0.0 - Outras Receitas Correntes;50475,39;11525
2019;Prefeitura Municipal de Conceição dos Ouros - MG;3117801;MG;DCA-Anexo I-C;Padrão;Receitas Brutas Realizadas;RO1.9.1.0.00.0.0;1.9.1.0.00.0.0 - Multas Administrativas, Contratuais e Judiciais;26962,14;11525
2019;Prefeitura Municipal de Conceição dos Ouros - MG;3117801;MG;DCA-Anexo I-C;Padrão;Receitas Brutas Realizadas;RO1.9.1.0.01.0.0;1.9.1.0.01.0.0 - Multas Previstas em Legislação Específica;26962,14;11525
2019;Prefeitura Municipal de Conceição dos Ouros - MG;3117801;MG;DCA-Anexo I-C;Padrão;Receitas Brutas Realizadas;RO1.9.2.0.00.0.0;1.9.2.0.00.0.0 - Indenizações, Restituições e Ressarcimentos;21013,25;11525
2019;Prefeitura Municipal de Conceição dos Ouros - MG;3117801;MG;DCA-Anexo I-C;Padrão;Receitas Brutas Realizadas;RO1.9.2.1.00.0.0;1.9.2.1.00.0.0 - Indenizações;21013,25;11525
2019;Prefeitura Municipal de Conceição dos Ouros - MG;3117801;MG;DCA-Anexo I-C;Padrão;Receitas Brutas Realizadas;RO1.9.2.1.99.0.0;1.9.2.1.99.0.0 - Outras Indenizações;21013,25;11525
2019;Prefeitura Municipal de Conceição dos Ouros - MG;3117801;MG;DCA-Anexo I-C;Padrão;Receitas Brutas Realizadas;RO1.9.9.0.00.0.0;1.9.9.0.00.0.0 - Demais Receitas Correntes;2500,00;11525
2019;Prefeitura Municipal de Conceição dos Ouros - MG;3117801;MG;DCA-Anexo I-C;Padrão;Receitas Brutas Realizadas;RO1.9.9.0.99.0.0;1.9.9.0.99.0.0 - Outras Receitas;2500,00;11525
2019;Prefeitura Municipal de Conceição dos Ouros - MG;3117801;MG;DCA-Anexo I-C;Padrão;Receitas Brutas Realizadas;RO1.9.9.0.99.1.0;1.9.9.0.99.1.0 - Outras Receitas - Primárias;2500,00;11525
2019;Prefeitura Municipal de Conceição dos Ouros - MG;3117801;MG;DCA-Anexo I-C;Padrão;Receitas Brutas Realizadas;RO2.0.0.0.00.0.0;2.0.0.0.00.0.0 - Receitas de Capital;1408720,00;11525
2019;Prefeitura Municipal de Conceição dos Ouros - MG;3117801;MG;DCA-Anexo I-C;Padrão;Receitas Brutas Realizadas;RO2.2.0.0.00.0.0;2.2.0.0.00.0.0 - Alienação de Bens;208900,00;11525
2019;Prefeitura Municipal de Conceição dos Ouros - MG;3117801;MG;DCA-Anexo I-C;Padrão;Receitas Brutas Realizadas;RO2.2.1.0.00.0.0;2.2.1.0.00.0.0 - Alienação de Bens Móveis;201900,00;11525
2019;Prefeitura Municipal de Conceição dos Ouros - MG;3117801;MG;DCA-Anexo I-C;Padrão;Receitas Brutas Realizadas;RO2.2.1.3.00.0.0;2.2.1.3.00.0.0 Alienação de Bens Móveis e Semoventes;201900,00;11525
2019;Prefeitura Municipal de Conceição dos Ouros - MG;3117801;MG;DCA-Anexo I-C;Padrão;Receitas Brutas Realizadas;RO2.2.2.0.00.0.0;2.2.2.0.00.0.0 - Alienação de Bens Imóveis;7000,00;11525
2019;Prefeitura Municipal de Conceição dos Ouros - MG;3117801;MG;DCA-Anexo I-C;Padrão;Receitas Brutas Realizadas;RO2.4.0.0.00.0.0;2.4.0.0.00.0.0 - Transferências de Capital;1199820,00;11525
2019;Prefeitura Municipal de Conceição dos Ouros - MG;3117801;MG;DCA-Anexo I-C;Padrão;Receitas Brutas Realizadas;RO2.4.1.0.00.0.0;2.4.1.0.00.0.0 - Transferências da União e de suas Entidades;991820,00;11525
2019;Prefeitura Municipal de Conceição dos Ouros - MG;3117801;MG;DCA-Anexo I-C;Padrão;Receitas Brutas Realizadas;RO2.4.1.8.00.0.0;2.4.1.8.00.0.0 Transferências da União - Específicas de Estados, DF e Municípios;991820,00;11525
2019;Prefeitura Municipal de Conceição dos Ouros - MG;3117801;MG;DCA-Anexo I-C;Padrão;Receitas Brutas Realizadas;RO2.4.1.8.10.0.0;2.4.1.8.10.0.0 Transferência de Convênios da União e de suas Entidades;991820,00;11525
2019;Prefeitura Municipal de Conceição dos Ouros - MG;3117801;MG;DCA-Anexo I-C;Padrão;Receitas Brutas Realizadas;RO2.4.1.8.10.1.0;2.4.1.8.10.1.0 - Transferências de Convênio da União para o Sistema Único de Saúde ¿ SUS;499980,00;11525
2019;Prefeitura Municipal de Conceição dos Ouros - MG;3117801;MG;DCA-Anexo I-C;Padrão;Receitas Brutas Realizadas;RO2.4.1.8.10.9.0;2.4.1.8.10.9.0 - Outras Transferências de Convênios da União;491840,00;11525
2019;Prefeitura Municipal de Conceição dos Ouros - MG;3117801;MG;DCA-Anexo I-C;Padrão;Receitas Brutas Realizadas;RO2.4.2.0.00.0.0;2.4.2.0.00.0.0 - Transferências dos Estados e do Distrito Federal e de suas Entidades;208000,00;11525
2019;Prefeitura Municipal de Conceição dos Ouros - MG;3117801;MG;DCA-Anexo I-C;Padrão;Receitas Brutas Realizadas;RO2.4.2.8.00.0.0;2.4.2.8.00.0.0 Transferências dos Estados, Distrito Federal, e de suas Entidades;208000,00;11525
2019;Prefeitura Municipal de Conceição dos Ouros - MG;3117801;MG;DCA-Anexo I-C;Padrão;Receitas Brutas Realizadas;RO2.4.2.8.03.0.0;2.4.2.8.03.0.0 Transferências de Recursos do Sistema Único de Saúde ¿ SUS;73000,00;11525
2019;Prefeitura Municipal de Conceição dos Ouros - MG;3117801;MG;DCA-Anexo I-C;Padrão;Receitas Brutas Realizadas;RO2.4.2.8.10.0.0;2.4.2.8.10.0.0 Transferências de Convênios dos Estados e do Distrito Federal e de suas Entidades;135000,00;11525
2019;Prefeitura Municipal de Conceição dos Ouros - MG;3117801;MG;DCA-Anexo I-C;Padrão;Receitas Brutas Realizadas;RO2.4.2.8.10.9.0;2.4.2.8.10.9.0 - Outras Transferências de Convênio dos Estados;135000,00;11525
2019;Prefeitura Municipal de Conceição dos Ouros - MG;3117801;MG;DCA-Anexo I-C;Padrão;Receitas Brutas Realizadas;TotalReceitas;TOTAL DAS RECEITAS (III) = (I + II);31581182,85;11525
2019;Prefeitura Municipal de Conceição dos Ouros - MG;3117801;MG;DCA-Anexo I-C;Padrão;Deduções - FUNDEB;TotalReceitas;TOTAL DAS RECEITAS (III) = (I + II);3501160,47;11525
2020;Prefeitura Municipal de Conceição dos Ouros - MG;3117801;MG;DCA-Anexo I-C;Padrão;Receitas Brutas Realizadas;ReceitasExcetoIntraOrcamentarias;RECEITAS (EXCETO INTRA-ORÇAMENTÁRIAS) (I);36088396,52;11638
2020;Prefeitura Municipal de Conceição dos Ouros - MG;3117801;MG;DCA-Anexo I-C;Padrão;Deduções - FUNDEB;ReceitasExcetoIntraOrcamentarias;RECEITAS (EXCETO INTRA-ORÇAMENTÁRIAS) (I);3783666,81;11638
2020;Prefeitura Municipal de Conceição dos Ouros - MG;3117801;MG;DCA-Anexo I-C;Padrão;Receitas Brutas Realizadas;RO1.0.0.0.00.0.0;1.0.0.0.00.0.0 - Receitas Correntes;34548992,62;11638
2020;Prefeitura Municipal de Conceição dos Ouros - MG;3117801;MG;DCA-Anexo I-C;Padrão;Deduções - FUNDEB;RO1.0.0.0.00.0.0;1.0.0.0.00.0.0 - Receitas Correntes;3783666,81;11638
2020;Prefeitura Municipal de Conceição dos Ouros - MG;3117801;MG;DCA-Anexo I-C;Padrão;Receitas Brutas Realizadas;RO1.1.0.0.00.0.0;1.1.0.0.00.0.0 - Impostos, Taxas e Contribuições de Melhoria;1805113,69;11638
2020;Prefeitura Municipal de Conceição dos Ouros - MG;3117801;MG;DCA-Anexo I-C;Padrão;Receitas Brutas Realizadas;RO1.1.1.0.00.0.0;1.1.1.0.00.0.0 - Impostos;1743381,11;11638
2020;Prefeitura Municipal de Conceição dos Ouros - MG;3117801;MG;DCA-Anexo I-C;Padrão;Receitas Brutas Realizadas;RO1.1.1.3.00.0.0;1.1.1.3.00.0.0 - Impostos sobre a Renda e Proventos de Qualquer Natureza;232186,79;11638
2020;Prefeitura Municipal de Conceição dos Ouros - MG;3117801;MG;DCA-Anexo I-C;Padrão;Receitas Brutas Realizadas;RO1.1.1.3.03.0.0;1.1.1.3.03.0.0 - Imposto sobre a Renda - Retido na Fonte;232186,79;11638
2020;Prefeitura Municipal de Conceição dos Ouros - MG;3117801;MG;DCA-Anexo I-C;Padrão;Receitas Brutas Realizadas;RO1.1.1.3.03.1.0;1.1.1.3.03.1.0 - Imposto sobre a Renda - Retido na Fonte - Trabalho;232186,79;11638
2020;Prefeitura Municipal de Conceição dos Ouros - MG;3117801;MG;DCA-Anexo I-C;Padrão;Receitas Brutas Realizadas;RO1.1.1.8.00.0.0;1.1.1.8.00.0.0 Impostos Específicos de Estados, DF e Municípios;1511194,32;11638
2020;Prefeitura Municipal de Conceição dos Ouros - MG;3117801;MG;DCA-Anexo I-C;Padrão;Receitas Brutas Realizadas;RO1.1.1.8.01.0.0;1.1.1.8.01.0.0 Impostos sobre o Patrimônio para Estados/DF/Municípios;715704,62;11638
2020;Prefeitura Municipal de Conceição dos Ouros - MG;3117801;MG;DCA-Anexo I-C;Padrão;Receitas Brutas Realizadas;RO1.1.1.8.01.1.0;1.1.1.8.01.1.0 Imposto sobre a Propriedade Predial e Territorial Urbana;591045,64;11638
2020;Prefeitura Municipal de Conceição dos Ouros - MG;3117801;MG;DCA-Anexo I-C;Padrão;Receitas Brutas Realizadas;RO1.1.1.8.01.4.0;1.1.1.8.01.4.0 Imposto sobre Transmissão ¿Inter Vivos¿ de Bens Imóveis e de Direitos Reais sobre Imóveis;124658,98;11638
2020;Prefeitura Municipal de Conceição dos Ouros - MG;3117801;MG;DCA-Anexo I-C;Padrão;Receitas Brutas Realizadas;RO1.1.1.8.02.0.0;1.1.1.8.02.0.0 Impostos sobre a Produção, Circulação de Mercadorias e Serviços;795489,70;11638
2020;Prefeitura Municipal de Conceição dos Ouros - MG;3117801;MG;DCA-Anexo I-C;Padrão;Receitas Brutas Realizadas;RO1.1.1.8.02.3.0;1.1.1.8.02.3.0 Imposto sobre Serviços de Qualquer Natureza;795489,70;11638
2020;Prefeitura Municipal de Conceição dos Ouros - MG;3117801;MG;DCA-Anexo I-C;Padrão;Receitas Brutas Realizadas;RO1.1.2.0.00.0.0;1.1.2.0.00.0.0 - Taxas;61732,58;11638
2020;Prefeitura Municipal de Conceição dos Ouros - MG;3117801;MG;DCA-Anexo I-C;Padrão;Receitas Brutas Realizadas;RO1.1.2.2.00.0.0;1.1.2.2.00.0.0 - Taxas pela Prestação de Serviços;11863,41;11638
2020;Prefeitura Municipal de Conceição dos Ouros - MG;3117801;MG;DCA-Anexo I-C;Padrão;Receitas Brutas Realizadas;RO1.1.2.2.01.0.0;1.1.2.2.01.0.0 - Taxas pela Prestação de Serviços;11863,41;11638
2020;Prefeitura Municipal de Conceição dos Ouros - MG;3117801;MG;DCA-Anexo I-C;Padrão;Receitas Brutas Realizadas;RO1.1.2.8.00.0.0;1.1.2.8.00.0.0 - Taxas - Específicas de Estados, DF e Municípios;49869,17;11638
2020;Prefeitura Municipal de Conceição dos Ouros - MG;3117801;MG;DCA-Anexo I-C;Padrão;Receitas Brutas Realizadas;RO1.1.2.8.01.0.0;1.1.2.8.01.0.0 - Taxas de Inspeção, Controle e Fiscalização;49869,17;11638
2020;Prefeitura Municipal de Conceição dos Ouros - MG;3117801;MG;DCA-Anexo I-C;Padrão;Receitas Brutas Realizadas;RO1.1.2.8.01.9.0;1.1.2.8.01.9.0 - Taxas de Inspeção, Controle e Fiscalização - Outras;49869,17;11638
2020;Prefeitura Municipal de Conceição dos Ouros - MG;3117801;MG;DCA-Anexo I-C;Padrão;Receitas Brutas Realizadas;RO1.2.0.0.00.0.0;1.2.0.0.00.0.0 - Contribuições;637401,72;11638
2020;Prefeitura Municipal de Conceição dos Ouros - MG;3117801;MG;DCA-Anexo I-C;Padrão;Receitas Brutas Realizadas;RO1.2.4.0.00.0.0;1.2.4.0.00.0.0 - Contribuição para o Custeio do Serviço de Iluminação Pública;637401,72;11638
2020;Prefeitura Municipal de Conceição dos Ouros - MG;3117801;MG;DCA-Anexo I-C;Padrão;Receitas Brutas Realizadas;RO1.3.0.0.00.0.0;1.3.0.0.00.0.0 - Receita Patrimonial;25315,45;11638
2020;Prefeitura Municipal de Conceição dos Ouros - MG;3117801;MG;DCA-Anexo I-C;Padrão;Receitas Brutas Realizadas;RO1.3.2.0.00.0.0;1.3.2.0.00.0.0 - Valores Mobiliários;25315,45;11638
2020;Prefeitura Municipal de Conceição dos Ouros - MG;3117801;MG;DCA-Anexo I-C;Padrão;Receitas Brutas Realizadas;RO1.3.2.1.00.0.0;1.3.2.1.00.0.0 - Juros e Correções Monetárias;25315,45;11638
2020;Prefeitura Municipal de Conceição dos Ouros - MG;3117801;MG;DCA-Anexo I-C;Padrão;Receitas Brutas Realizadas;RO1.3.2.1.00.1.0;1.3.2.1.00.1.0 - Remuneração de Depósitos Bancários;25315,45;11638
2020;Prefeitura Municipal de Conceição dos Ouros - MG;3117801;MG;DCA-Anexo I-C;Padrão;Receitas Brutas Realizadas;RO1.6.0.0.00.0.0;1.6.0.0.00.0.0 - Receita de Serviços;69678,77;11638
2020;Prefeitura Municipal de Conceição dos Ouros - MG;3117801;MG;DCA-Anexo I-C;Padrão;Receitas Brutas Realizadas;RO1.6.1.0.00.0.0;1.6.1.0.00.0.0 - Serviços Administrativos e Comerciais Gerais;69678,77;11638
2020;Prefeitura Municipal de Conceição dos Ouros - MG;3117801;MG;DCA-Anexo I-C;Padrão;Receitas Brutas Realizadas;RO1.6.1.0.01.0.0;1.6.1.0.01.0.0 - Serviços Administrativos e Comerciais Gerais;69678,77;11638
2020;Prefeitura Municipal de Conceição dos Ouros - MG;3117801;MG;DCA-Anexo I-C;Padrão;Receitas Brutas Realizadas;RO1.7.0.0.00.0.0;1.7.0.0.00.0.0 - Transferências Correntes;31950458,15;11638
2020;Prefeitura Municipal de Conceição dos Ouros - MG;3117801;MG;DCA-Anexo I-C;Padrão;Deduções - FUNDEB;RO1.7.0.0.00.0.0;1.7.0.0.00.0.0 - Transferências Correntes;3783666,81;11638
2020;Prefeitura Municipal de Conceição dos Ouros - MG;3117801;MG;DCA-Anexo I-C;Padrão;Receitas Brutas Realizadas;RO1.7.1.0.00.0.0;1.7.1.0.00.0.0 - Transferências da União e de suas Entidades;18325934,22;11638
2020;Prefeitura Municipal de Conceição dos Ouros - MG;3117801;MG;DCA-Anexo I-C;Padrão;Deduções - FUNDEB;RO1.7.1.0.00.0.0;1.7.1.0.00.0.0 - Transferências da União e de suas Entidades;2260484,22;11638
2020;Prefeitura Municipal de Conceição dos Ouros - MG;3117801;MG;DCA-Anexo I-C;Padrão;Receitas Brutas Realizadas;RO1.7.1.8.00.0.0;1.7.1.8.00.0.0 Transferências da União - Específicas de Estados, DF e Municípios;18325934,22;11638
2020;Prefeitura Municipal de Conceição dos Ouros - MG;3117801;MG;DCA-Anexo I-C;Padrão;Deduções - FUNDEB;RO1.7.1.8.00.0.0;1.7.1.8.00.0.0 Transferências da União - Específicas de Estados, DF e Municípios;2260484,22;11638
2020;Prefeitura Municipal de Conceição dos Ouros - MG;3117801;MG;DCA-Anexo I-C;Padrão;Receitas Brutas Realizadas;RO1.7.1.8.01.0.0;1.7.1.8.01.0.0 Participação na Receita da União;12313921,50;11638
2020;Prefeitura Municipal de Conceição dos Ouros - MG;3117801;MG;DCA-Anexo I-C;Padrão;Deduções - FUNDEB;RO1.7.1.8.01.0.0;1.7.1.8.01.0.0 Participação na Receita da União;2260484,22;11638
2020;Prefeitura Municipal de Conceição dos Ouros - MG;3117801;MG;DCA-Anexo I-C;Padrão;Receitas Brutas Realizadas;RO1.7.1.8.01.2.0;1.7.1.8.01.2.0 Cota-Parte do Fundo de Participação dos Municípios - Cota Mensal;11226813,44;11638
2020;Prefeitura Municipal de Conceição dos Ouros - MG;3117801;MG;DCA-Anexo I-C;Padrão;Deduções - FUNDEB;RO1.7.1.8.01.2.0;1.7.1.8.01.2.0 Cota-Parte do Fundo de Participação dos Municípios - Cota Mensal;2245362,41;11638
2020;Prefeitura Municipal de Conceição dos Ouros - MG;3117801;MG;DCA-Anexo I-C;Padrão;Receitas Brutas Realizadas;RO1.7.1.8.01.3.0;1.7.1.8.01.3.0 Cota-Parte do Fundo de Participação do Municípios ¿ 1% Cota entregue no mês de dezembro;505210,74;11638
2020;Prefeitura Municipal de Conceição dos Ouros - MG;3117801;MG;DCA-Anexo I-C;Padrão;Receitas Brutas Realizadas;RO1.7.1.8.01.4.0;1.7.1.8.01.4.0 Cota-Parte do Fundo de Participação dos Municípios - 1% Cota entregue no mês de julho;506287,86;11638
2020;Prefeitura Municipal de Conceição dos Ouros - MG;3117801;MG;DCA-Anexo I-C;Padrão;Receitas Brutas Realizadas;RO1.7.1.8.01.5.0;1.7.1.8.01.5.0 Cota-Parte do Imposto Sobre a Propriedade Territorial Rural;75609,46;11638
2020;Prefeitura Municipal de Conceição dos Ouros - MG;3117801;MG;DCA-Anexo I-C;Padrão;Deduções - FUNDEB;RO1.7.1.8.01.5.0;1.7.1.8.01.5.0 Cota-Parte do Imposto Sobre a Propriedade Territorial Rural;15121,81;11638
2020;Prefeitura Municipal de Conceição dos Ouros - MG;3117801;MG;DCA-Anexo I-C;Padrão;Receitas Brutas Realizadas;RO1.7.1.8.02.0.0;1.7.1.8.02.0.0 Transferência da Compensação Financeira pela Exploração de Recursos Naturais;184012,58;11638
2020;Prefeitura Municipal de Conceição dos Ouros - MG;3117801;MG;DCA-Anexo I-C;Padrão;Receitas Brutas Realizadas;RO1.7.1.8.02.2.0;1.7.1.8.02.2.0 Cota-parte da Compensação Financeira de Recursos Minerais - CFEM;3385,48;11638
2020;Prefeitura Municipal de Conceição dos Ouros - MG;3117801;MG;DCA-Anexo I-C;Padrão;Receitas Brutas Realizadas;RO1.7.1.8.02.6.0;1.7.1.8.02.6.0 Cota-Parte do Fundo Especial do Petróleo ¿ FEP;180627,10;11638
2020;Prefeitura Municipal de Conceição dos Ouros - MG;3117801;MG;DCA-Anexo I-C;Padrão;Receitas Brutas Realizadas;RO1.7.1.8.03.0.0;"1.7.1.8.03.0.0 Transferência de Recursos do Sistema Único de Saúde ¿ 
 SUS ¿ Bloco Custeio das Ações e Serviços Públicos de Saúde";2702560,15;11638
2020;Prefeitura Municipal de Conceição dos Ouros - MG;3117801;MG;DCA-Anexo I-C;Padrão;Receitas Brutas Realizadas;RO1.7.1.8.03.1.0;1.7.1.8.03.1.0 - Transferência de Recursos do SUS ¿ Atenção Básica;1856109,65;11638
2020;Prefeitura Municipal de Conceição dos Ouros - MG;3117801;MG;DCA-Anexo I-C;Padrão;Receitas Brutas Realizadas;RO1.7.1.8.03.3.0;1.7.1.8.03.3.0 - Transferência de Recursos do SUS ¿ Vigilância em Saúde;17620,00;11638
2020;Prefeitura Municipal de Conceição dos Ouros - MG;3117801;MG;DCA-Anexo I-C;Padrão;Receitas Brutas Realizadas;RO1.7.1.8.03.9.0;1.7.1.8.03.9.0 - Transferência de Recursos do SUS ¿ Outros Programas Financiados por Transferências Fundo a Fundo;828830,50;11638
2020;Prefeitura Municipal de Conceição dos Ouros - MG;3117801;MG;DCA-Anexo I-C;Padrão;Receitas Brutas Realizadas;RO1.7.1.8.05.0.0;1.7.1.8.05.0.0 Transferências de Recursos do Fundo Nacional do Desenvolvimento da Educação ¿ FNDE;511733,51;11638
2020;Prefeitura Municipal de Conceição dos Ouros - MG;3117801;MG;DCA-Anexo I-C;Padrão;Receitas Brutas Realizadas;RO1.7.1.8.05.1.0;1.7.1.8.05.1.0 Transferências do Salário-Educação;329028,77;11638
2020;Prefeitura Municipal de Conceição dos Ouros - MG;3117801;MG;DCA-Anexo I-C;Padrão;Receitas Brutas Realizadas;RO1.7.1.8.05.3.0;1.7.1.8.05.3.0 Transferências Diretas do FNDE referentes ao Programa Nacional de Alimentação Escolar ¿ PNAE;153062,80;11638
2020;Prefeitura Municipal de Conceição dos Ouros - MG;3117801;MG;DCA-Anexo I-C;Padrão;Receitas Brutas Realizadas;RO1.7.1.8.05.4.0;1.7.1.8.05.4.0 Transferências Diretas do FNDE referentes ao Programa Nacional de Apoio ao Transporte do Escolar ¿ PNATE;29641,94;11638
2020;Prefeitura Municipal de Conceição dos Ouros - MG;3117801;MG;DCA-Anexo I-C;Padrão;Receitas Brutas Realizadas;RO1.7.1.8.10.0.0;1.7.1.8.10.0.0 Transferências de Convênios da União e de Suas Entidades;24889,40;11638
2020;Prefeitura Municipal de Conceição dos Ouros - MG;3117801;MG;DCA-Anexo I-C;Padrão;Receitas Brutas Realizadas;RO1.7.1.8.10.3.0;1.7.1.8.10.3.0 Transferências de Convênios da União Destinadas a Programas de Assistência Social;24889,40;11638
2020;Prefeitura Municipal de Conceição dos Ouros - MG;3117801;MG;DCA-Anexo I-C;Padrão;Receitas Brutas Realizadas;RO1.7.1.8.12.0.0;1.7.1.8.12.0.0 - Transferências de Recursos do Fundo Nacional de Assistência Social ¿ FNAS;249675,02;11638
2020;Prefeitura Municipal de Conceição dos Ouros - MG;3117801;MG;DCA-Anexo I-C;Padrão;Receitas Brutas Realizadas;RO1.7.1.8.99.0.0;1.7.1.8.99.0.0 Outras Transferências da União;2339142,06;11638
2020;Prefeitura Municipal de Conceição dos Ouros - MG;3117801;MG;DCA-Anexo I-C;Padrão;Receitas Brutas Realizadas;RO1.7.2.0.00.0.0;1.7.2.0.00.0.0 - Transferências dos Estados e do Distrito Federal e de suas Entidades;8031628,51;11638
2020;Prefeitura Municipal de Conceição dos Ouros - MG;3117801;MG;DCA-Anexo I-C;Padrão;Deduções - FUNDEB;RO1.7.2.0.00.0.0;1.7.2.0.00.0.0 - Transferências dos Estados e do Distrito Federal e de suas Entidades;1523182,59;11638
2020;Prefeitura Municipal de Conceição dos Ouros - MG;3117801;MG;DCA-Anexo I-C;Padrão;Receitas Brutas Realizadas;RO1.7.2.8.00.0.0;1.7.2.8.00.0.0 Transferências dos Estados - Específicas de Estados, DF e Municípios;8031628,51;11638
2020;Prefeitura Municipal de Conceição dos Ouros - MG;3117801;MG;DCA-Anexo I-C;Padrão;Deduções - FUNDEB;RO1.7.2.8.00.0.0;1.7.2.8.00.0.0 Transferências dos Estados - Específicas de Estados, DF e Municípios;1523182,59;11638
2020;Prefeitura Municipal de Conceição dos Ouros - MG;3117801;MG;DCA-Anexo I-C;Padrão;Receitas Brutas Realizadas;RO1.7.2.8.01.0.0;1.7.2.8.01.0.0 Participação na Receita dos Estados;7628721,16;11638
2020;Prefeitura Municipal de Conceição dos Ouros - MG;3117801;MG;DCA-Anexo I-C;Padrão;Deduções - FUNDEB;RO1.7.2.8.01.0.0;1.7.2.8.01.0.0 Participação na Receita dos Estados;1523182,59;11638
2020;Prefeitura Municipal de Conceição dos Ouros - MG;3117801;MG;DCA-Anexo I-C;Padrão;Receitas Brutas Realizadas;RO1.7.2.8.01.1.0;1.7.2.8.01.1.0 Cota-Parte do ICMS;6024283,42;11638
2020;Prefeitura Municipal de Conceição dos Ouros - MG;3117801;MG;DCA-Anexo I-C;Padrão;Deduções - FUNDEB;RO1.7.2.8.01.1.0;1.7.2.8.01.1.0 Cota-Parte do ICMS;1204856,41;11638
2020;Prefeitura Municipal de Conceição dos Ouros - MG;3117801;MG;DCA-Anexo I-C;Padrão;Receitas Brutas Realizadas;RO1.7.2.8.01.2.0;1.7.2.8.01.2.0 Cota-Parte do IPVA;1527684,98;11638
2020;Prefeitura Municipal de Conceição dos Ouros - MG;3117801;MG;DCA-Anexo I-C;Padrão;Deduções - FUNDEB;RO1.7.2.8.01.2.0;1.7.2.8.01.2.0 Cota-Parte do IPVA;305535,74;11638
2020;Prefeitura Municipal de Conceição dos Ouros - MG;3117801;MG;DCA-Anexo I-C;Padrão;Receitas Brutas Realizadas;RO1.7.2.8.01.3.0;1.7.2.8.01.3.0 Cota-Parte do IPI - Municípios;63952,17;11638
2020;Prefeitura Municipal de Conceição dos Ouros - MG;3117801;MG;DCA-Anexo I-C;Padrão;Deduções - FUNDEB;RO1.7.2.8.01.3.0;1.7.2.8.01.3.0 Cota-Parte do IPI - Municípios;12790,44;11638
2020;Prefeitura Municipal de Conceição dos Ouros - MG;3117801;MG;DCA-Anexo I-C;Padrão;Receitas Brutas Realizadas;RO1.7.2.8.01.4.0;1.7.2.8.01.4.0 Cota-Parte da Contribuição de Intervenção no Domínio Econômico;12800,59;11638
2020;Prefeitura Municipal de Conceição dos Ouros - MG;3117801;MG;DCA-Anexo I-C;Padrão;Receitas Brutas Realizadas;RO1.7.2.8.03.0.0;1.7.2.8.03.0.0 Transferência de Recursos do Estado para Programas de Saúde ¿ Repasse Fundo a Fundo;297743,13;11638
2020;Prefeitura Municipal de Conceição dos Ouros - MG;3117801;MG;DCA-Anexo I-C;Padrão;Receitas Brutas Realizadas;RO1.7.2.8.10.0.0;1.7.2.8.10.0.0 Transferência de Convênios dos Estados e do Distrito Federal e de Suas Entidades;105164,22;11638
2020;Prefeitura Municipal de Conceição dos Ouros - MG;3117801;MG;DCA-Anexo I-C;Padrão;Receitas Brutas Realizadas;RO1.7.2.8.10.9.0;1.7.2.8.10.9.0 Outras Transferências de Convênio dos Estados;105164,22;11638
2020;Prefeitura Municipal de Conceição dos Ouros - MG;3117801;MG;DCA-Anexo I-C;Padrão;Receitas Brutas Realizadas;RO1.7.4.0.00.0.0;1.7.4.0.00.0.0 - Transferências de Instituições Privadas;18731,74;11638
2020;Prefeitura Municipal de Conceição dos Ouros - MG;3117801;MG;DCA-Anexo I-C;Padrão;Receitas Brutas Realizadas;RO1.7.4.8.00.0.0;1.7.4.8.00.0.0 Transferências de Instituições Privadas - Específicas de Estados, DF e Municípios;18731,74;11638
2020;Prefeitura Municipal de Conceição dos Ouros - MG;3117801;MG;DCA-Anexo I-C;Padrão;Receitas Brutas Realizadas;RO1.7.4.8.10.0.0;1.7.4.8.10.0.0 - Outras Transferência de Instituições Privadas para EST/DF/MUN - Não Especificadas Anteriormente;18731,74;11638
2020;Prefeitura Municipal de Conceição dos Ouros - MG;3117801;MG;DCA-Anexo I-C;Padrão;Receitas Brutas Realizadas;RO1.7.5.0.00.0.0;1.7.5.0.00.0.0 - Transferências de Outras Instituições Públicas;5574163,68;11638
2020;Prefeitura Municipal de Conceição dos Ouros - MG;3117801;MG;DCA-Anexo I-C;Padrão;Receitas Brutas Realizadas;RO1.7.5.8.00.0.0;1.7.5.8.00.0.0 Transferências de Outras Instituições Públicas - Específicas de Estados, DF e Municípios;5574163,68;11638
2020;Prefeitura Municipal de Conceição dos Ouros - MG;3117801;MG;DCA-Anexo I-C;Padrão;Receitas Brutas Realizadas;RO1.7.5.8.01.0.0;1.7.5.8.01.0.0 Transferências de Recursos do Fundo de Manutenção e Desenvolvimento da Educação Básica e de Valorização dos Profissionais da Educação ¿ FUNDEB;5574163,68;11638
2020;Prefeitura Municipal de Conceição dos Ouros - MG;3117801;MG;DCA-Anexo I-C;Padrão;Receitas Brutas Realizadas;RO1.9.0.0.00.0.0;1.9.0.0.00.0.0 - Outras Receitas Correntes;61024,84;11638
2020;Prefeitura Municipal de Conceição dos Ouros - MG;3117801;MG;DCA-Anexo I-C;Padrão;Receitas Brutas Realizadas;RO1.9.1.0.00.0.0;1.9.1.0.00.0.0 - Multas Administrativas, Contratuais e Judiciais;20827,94;11638
2020;Prefeitura Municipal de Conceição dos Ouros - MG;3117801;MG;DCA-Anexo I-C;Padrão;Receitas Brutas Realizadas;RO1.9.1.0.01.0.0;1.9.1.0.01.0.0 - Multas Previstas em Legislação Específica;20827,94;11638
2020;Prefeitura Municipal de Conceição dos Ouros - MG;3117801;MG;DCA-Anexo I-C;Padrão;Receitas Brutas Realizadas;RO1.9.2.0.00.0.0;1.9.2.0.00.0.0 - Indenizações, Restituições e Ressarcimentos;11345,76;11638
2020;Prefeitura Municipal de Conceição dos Ouros - MG;3117801;MG;DCA-Anexo I-C;Padrão;Receitas Brutas Realizadas;RO1.9.2.2.00.0.0;1.9.2.2.00.0.0 - Restituições;11345,76;11638
2020;Prefeitura Municipal de Conceição dos Ouros - MG;3117801;MG;DCA-Anexo I-C;Padrão;Receitas Brutas Realizadas;RO1.9.2.2.99.0.0;1.9.2.2.99.0.0 - Outras Restituições;11345,76;11638
2020;Prefeitura Municipal de Conceição dos Ouros - MG;3117801;MG;DCA-Anexo I-C;Padrão;Receitas Brutas Realizadas;RO1.9.9.0.00.0.0;1.9.9.0.00.0.0 - Demais Receitas Correntes;28851,14;11638
2020;Prefeitura Municipal de Conceição dos Ouros - MG;3117801;MG;DCA-Anexo I-C;Padrão;Receitas Brutas Realizadas;RO1.9.9.0.99.0.0;1.9.9.0.99.0.0 - Outras Receitas;28851,14;11638
2020;Prefeitura Municipal de Conceição dos Ouros - MG;3117801;MG;DCA-Anexo I-C;Padrão;Receitas Brutas Realizadas;RO1.9.9.0.99.1.0;1.9.9.0.99.1.0 - Outras Receitas - Primárias;28851,14;11638
2020;Prefeitura Municipal de Conceição dos Ouros - MG;3117801;MG;DCA-Anexo I-C;Padrão;Receitas Brutas Realizadas;RO2.0.0.0.00.0.0;2.0.0.0.00.0.0 - Receitas de Capital;1539403,90;11638
2020;Prefeitura Municipal de Conceição dos Ouros - MG;3117801;MG;DCA-Anexo I-C;Padrão;Receitas Brutas Realizadas;RO2.1.0.0.00.0.0;2.1.0.0.00.0.0 - Operações de Crédito;706588,90;11638
2020;Prefeitura Municipal de Conceição dos Ouros - MG;3117801;MG;DCA-Anexo I-C;Padrão;Receitas Brutas Realizadas;RO2.1.1.0.00.0.0;2.1.1.0.00.0.0 - Operações de Crédito - Mercado Interno;706588,90;11638
2020;Prefeitura Municipal de Conceição dos Ouros - MG;3117801;MG;DCA-Anexo I-C;Padrão;Receitas Brutas Realizadas;RO2.1.1.2.00.0.0;2.1.1.2.00.0.0 Operações de Crédito Contratuais - Mercado Interno;706588,90;11638
2020;Prefeitura Municipal de Conceição dos Ouros - MG;3117801;MG;DCA-Anexo I-C;Padrão;Receitas Brutas Realizadas;RO2.2.0.0.00.0.0;2.2.0.0.00.0.0 - Alienação de Bens;7000,00;11638
2020;Prefeitura Municipal de Conceição dos Ouros - MG;3117801;MG;DCA-Anexo I-C;Padrão;Receitas Brutas Realizadas;RO2.2.1.0.00.0.0;2.2.1.0.00.0.0 - Alienação de Bens Móveis;7000,00;11638
2020;Prefeitura Municipal de Conceição dos Ouros - MG;3117801;MG;DCA-Anexo I-C;Padrão;Receitas Brutas Realizadas;RO2.2.1.3.00.0.0;2.2.1.3.00.0.0 Alienação de Bens Móveis e Semoventes;7000,00;11638
2020;Prefeitura Municipal de Conceição dos Ouros - MG;3117801;MG;DCA-Anexo I-C;Padrão;Receitas Brutas Realizadas;RO2.4.0.0.00.0.0;2.4.0.0.00.0.0 - Transferências de Capital;825815,00;11638
2020;Prefeitura Municipal de Conceição dos Ouros - MG;3117801;MG;DCA-Anexo I-C;Padrão;Receitas Brutas Realizadas;RO2.4.1.0.00.0.0;2.4.1.0.00.0.0 - Transferências da União e de suas Entidades;301815,00;11638
2020;Prefeitura Municipal de Conceição dos Ouros - MG;3117801;MG;DCA-Anexo I-C;Padrão;Receitas Brutas Realizadas;RO2.4.1.8.00.0.0;2.4.1.8.00.0.0 Transferências da União - Específicas de Estados, DF e Municípios;301815,00;11638
2020;Prefeitura Municipal de Conceição dos Ouros - MG;3117801;MG;DCA-Anexo I-C;Padrão;Receitas Brutas Realizadas;RO2.4.1.8.03.0.0;2.4.1.8.03.0.0 Transferências de Recursos do Sistema Único de Saúde ¿ SUS;3475,00;11638
2020;Prefeitura Municipal de Conceição dos Ouros - MG;3117801;MG;DCA-Anexo I-C;Padrão;Receitas Brutas Realizadas;RO2.4.1.8.03.1.0;2.4.1.8.03.1.0 - Transferência de Recursos do SUS ¿ Atenção Básica;3475,00;11638
2020;Prefeitura Municipal de Conceição dos Ouros - MG;3117801;MG;DCA-Anexo I-C;Padrão;Receitas Brutas Realizadas;RO2.4.1.8.10.0.0;2.4.1.8.10.0.0 Transferência de Convênios da União e de suas Entidades;298340,00;11638
2020;Prefeitura Municipal de Conceição dos Ouros - MG;3117801;MG;DCA-Anexo I-C;Padrão;Receitas Brutas Realizadas;RO2.4.1.8.10.9.0;2.4.1.8.10.9.0 - Outras Transferências de Convênios da União;298340,00;11638
2020;Prefeitura Municipal de Conceição dos Ouros - MG;3117801;MG;DCA-Anexo I-C;Padrão;Receitas Brutas Realizadas;RO2.4.2.0.00.0.0;2.4.2.0.00.0.0 - Transferências dos Estados e do Distrito Federal e de suas Entidades;524000,00;11638
2020;Prefeitura Municipal de Conceição dos Ouros - MG;3117801;MG;DCA-Anexo I-C;Padrão;Receitas Brutas Realizadas;RO2.4.2.8.00.0.0;2.4.2.8.00.0.0 Transferências dos Estados, Distrito Federal, e de suas Entidades;524000,00;11638
2020;Prefeitura Municipal de Conceição dos Ouros - MG;3117801;MG;DCA-Anexo I-C;Padrão;Receitas Brutas Realizadas;RO2.4.2.8.10.0.0;2.4.2.8.10.0.0 Transferências de Convênios dos Estados e do Distrito Federal e de suas Entidades;524000,00;11638
2020;Prefeitura Municipal de Conceição dos Ouros - MG;3117801;MG;DCA-Anexo I-C;Padrão;Receitas Brutas Realizadas;RO2.4.2.8.10.1.0;2.4.2.8.10.1.0 - Transferências de Convênios dos Estados para o Sistema Único de Saúde ¿ SUS;90000,00;11638
2020;Prefeitura Municipal de Conceição dos Ouros - MG;3117801;MG;DCA-Anexo I-C;Padrão;Receitas Brutas Realizadas;RO2.4.2.8.10.9.0;2.4.2.8.10.9.0 - Outras Transferências de Convênio dos Estados;434000,00;11638
2020;Prefeitura Municipal de Conceição dos Ouros - MG;3117801;MG;DCA-Anexo I-C;Padrão;Receitas Brutas Realizadas;TotalReceitas;TOTAL DAS RECEITAS (III) = (I + II);36088396,52;11638
2020;Prefeitura Municipal de Conceição dos Ouros - MG;3117801;MG;DCA-Anexo I-C;Padrão;Deduções - FUNDEB;TotalReceitas;TOTAL DAS RECEITAS (III) = (I + II);3783666,81;11638
2021;Prefeitura Municipal de Conceição dos Ouros - MG;3117801;MG;DCA-Anexo I-C;Padrão;Receitas Brutas Realizadas;ReceitasExcetoIntraOrcamentarias;RECEITAS (EXCETO INTRA-ORÇAMENTÁRIAS) (I);44552993,05;11748
2021;Prefeitura Municipal de Conceição dos Ouros - MG;3117801;MG;DCA-Anexo I-C;Padrão;Deduções - FUNDEB;ReceitasExcetoIntraOrcamentarias;RECEITAS (EXCETO INTRA-ORÇAMENTÁRIAS) (I);4941666,76;11748
2021;Prefeitura Municipal de Conceição dos Ouros - MG;3117801;MG;DCA-Anexo I-C;Padrão;Outras Deduções da Receita;ReceitasExcetoIntraOrcamentarias;RECEITAS (EXCETO INTRA-ORÇAMENTÁRIAS) (I);66145,14;11748
2021;Prefeitura Municipal de Conceição dos Ouros - MG;3117801;MG;DCA-Anexo I-C;Padrão;Receitas Brutas Realizadas;RO1.0.0.0.00.0.0;1.0.0.0.00.0.0 - Receitas Correntes;40098094,31;11748
2021;Prefeitura Municipal de Conceição dos Ouros - MG;3117801;MG;DCA-Anexo I-C;Padrão;Deduções - FUNDEB;RO1.0.0.0.00.0.0;1.0.0.0.00.0.0 - Receitas Correntes;4941666,76;11748
2021;Prefeitura Municipal de Conceição dos Ouros - MG;3117801;MG;DCA-Anexo I-C;Padrão;Outras Deduções da Receita;RO1.0.0.0.00.0.0;1.0.0.0.00.0.0 - Receitas Correntes;66145,14;11748
2021;Prefeitura Municipal de Conceição dos Ouros - MG;3117801;MG;DCA-Anexo I-C;Padrão;Receitas Brutas Realizadas;RO1.1.0.0.00.0.0;1.1.0.0.00.0.0 - Impostos, Taxas e Contribuições de Melhoria;2028106,52;11748
2021;Prefeitura Municipal de Conceição dos Ouros - MG;3117801;MG;DCA-Anexo I-C;Padrão;Receitas Brutas Realizadas;RO1.1.1.0.00.0.0;1.1.1.0.00.0.0 - Impostos;1951412,35;11748
2021;Prefeitura Municipal de Conceição dos Ouros - MG;3117801;MG;DCA-Anexo I-C;Padrão;Receitas Brutas Realizadas;RO1.1.1.3.00.0.0;1.1.1.3.00.0.0 - Impostos sobre a Renda e Proventos de Qualquer Natureza;261804,70;11748
2021;Prefeitura Municipal de Conceição dos Ouros - MG;3117801;MG;DCA-Anexo I-C;Padrão;Receitas Brutas Realizadas;RO1.1.1.3.03.0.0;1.1.1.3.03.0.0 - Imposto sobre a Renda - Retido na Fonte;261804,70;11748
2021;Prefeitura Municipal de Conceição dos Ouros - MG;3117801;MG;DCA-Anexo I-C;Padrão;Receitas Brutas Realizadas;RO1.1.1.3.03.1.0;1.1.1.3.03.1.0 - Imposto sobre a Renda - Retido na Fonte - Trabalho;261804,70;11748
2021;Prefeitura Municipal de Conceição dos Ouros - MG;3117801;MG;DCA-Anexo I-C;Padrão;Receitas Brutas Realizadas;RO1.1.1.8.00.0.0;1.1.1.8.00.0.0 - Impostos Específicos de Estados, DF e Municípios;1689607,65;11748
2021;Prefeitura Municipal de Conceição dos Ouros - MG;3117801;MG;DCA-Anexo I-C;Padrão;Receitas Brutas Realizadas;RO1.1.1.8.01.0.0;1.1.1.8.01.0.0 - Impostos sobre o Patrimônio para Estados/DF/Municípios;933189,69;11748
2021;Prefeitura Municipal de Conceição dos Ouros - MG;3117801;MG;DCA-Anexo I-C;Padrão;Receitas Brutas Realizadas;RO1.1.1.8.01.1.0;1.1.1.8.01.1.0 - Imposto sobre a Propriedade Predial e Territorial Urbana;734627,45;11748
2021;Prefeitura Municipal de Conceição dos Ouros - MG;3117801;MG;DCA-Anexo I-C;Padrão;Receitas Brutas Realizadas;RO1.1.1.8.01.4.0;1.1.1.8.01.4.0 - Imposto sobre Transmissão ¿Inter Vivos¿ de Bens Imóveis e de Direitos Reais sobre Imóveis;198562,24;11748
2021;Prefeitura Municipal de Conceição dos Ouros - MG;3117801;MG;DCA-Anexo I-C;Padrão;Receitas Brutas Realizadas;RO1.1.1.8.02.0.0;1.1.1.8.02.0.0 - Impostos sobre a Produção, Circulação de Mercadorias e Serviços;756417,96;11748
2021;Prefeitura Municipal de Conceição dos Ouros - MG;3117801;MG;DCA-Anexo I-C;Padrão;Receitas Brutas Realizadas;RO1.1.1.8.02.3.0;1.1.1.8.02.3.0 - Imposto sobre Serviços de Qualquer Natureza;756417,96;11748
2021;Prefeitura Municipal de Conceição dos Ouros - MG;3117801;MG;DCA-Anexo I-C;Padrão;Receitas Brutas Realizadas;RO1.1.2.0.00.0.0;1.1.2.0.00.0.0 - Taxas;76694,17;11748
2021;Prefeitura Municipal de Conceição dos Ouros - MG;3117801;MG;DCA-Anexo I-C;Padrão;Receitas Brutas Realizadas;RO1.1.2.2.00.0.0;1.1.2.2.00.0.0 - Taxas pela Prestação de Serviços;28583,98;11748
2021;Prefeitura Municipal de Conceição dos Ouros - MG;3117801;MG;DCA-Anexo I-C;Padrão;Receitas Brutas Realizadas;RO1.1.2.2.01.0.0;1.1.2.2.01.0.0 - Taxas pela Prestação de Serviços;28583,98;11748
2021;Prefeitura Municipal de Conceição dos Ouros - MG;3117801;MG;DCA-Anexo I-C;Padrão;Receitas Brutas Realizadas;RO1.1.2.8.00.0.0;1.1.2.8.00.0.0 - Taxas - Específicas de Estados, DF e Municípios;48110,19;11748
2021;Prefeitura Municipal de Conceição dos Ouros - MG;3117801;MG;DCA-Anexo I-C;Padrão;Receitas Brutas Realizadas;RO1.1.2.8.01.0.0;1.1.2.8.01.0.0 - Taxas de Inspeção, Controle e Fiscalização;48110,19;11748
2021;Prefeitura Municipal de Conceição dos Ouros - MG;3117801;MG;DCA-Anexo I-C;Padrão;Receitas Brutas Realizadas;RO1.1.2.8.01.9.0;1.1.2.8.01.9.0 - Taxas de Inspeção, Controle e Fiscalização - Outras;48110,19;11748
2021;Prefeitura Municipal de Conceição dos Ouros - MG;3117801;MG;DCA-Anexo I-C;Padrão;Receitas Brutas Realizadas;RO1.2.0.0.00.0.0;1.2.0.0.00.0.0 - Contribuições;708453,53;11748
2021;Prefeitura Municipal de Conceição dos Ouros - MG;3117801;MG;DCA-Anexo I-C;Padrão;Receitas Brutas Realizadas;RO1.2.4.0.00.0.0;1.2.4.0.00.0.0 - Contribuição para o Custeio do Serviço de Iluminação Pública;708453,53;11748
2021;Prefeitura Municipal de Conceição dos Ouros - MG;3117801;MG;DCA-Anexo I-C;Padrão;Receitas Brutas Realizadas;RO1.3.0.0.00.0.0;1.3.0.0.00.0.0 - Receita Patrimonial;348593,62;11748
2021;Prefeitura Municipal de Conceição dos Ouros - MG;3117801;MG;DCA-Anexo I-C;Padrão;Receitas Brutas Realizadas;RO1.3.2.0.00.0.0;1.3.2.0.00.0.0 - Valores Mobiliários;348593,62;11748
2021;Prefeitura Municipal de Conceição dos Ouros - MG;3117801;MG;DCA-Anexo I-C;Padrão;Receitas Brutas Realizadas;RO1.3.2.1.00.0.0;1.3.2.1.00.0.0 - Juros e Correções Monetárias;348593,62;11748
2021;Prefeitura Municipal de Conceição dos Ouros - MG;3117801;MG;DCA-Anexo I-C;Padrão;Receitas Brutas Realizadas;RO1.3.2.1.00.1.0;1.3.2.1.00.1.0 - Remuneração de Depósitos Bancários;348593,62;11748
2021;Prefeitura Municipal de Conceição dos Ouros - MG;3117801;MG;DCA-Anexo I-C;Padrão;Receitas Brutas Realizadas;RO1.6.0.0.00.0.0;1.6.0.0.00.0.0 - Receita de Serviços;78984,42;11748
2021;Prefeitura Municipal de Conceição dos Ouros - MG;3117801;MG;DCA-Anexo I-C;Padrão;Receitas Brutas Realizadas;RO1.6.1.0.00.0.0;1.6.1.0.00.0.0 - Serviços Administrativos e Comerciais Gerais;78984,42;11748
2021;Prefeitura Municipal de Conceição dos Ouros - MG;3117801;MG;DCA-Anexo I-C;Padrão;Receitas Brutas Realizadas;RO1.6.1.0.01.0.0;1.6.1.0.01.0.0 - Serviços Administrativos e Comerciais Gerais;78984,42;11748
2021;Prefeitura Municipal de Conceição dos Ouros - MG;3117801;MG;DCA-Anexo I-C;Padrão;Receitas Brutas Realizadas;RO1.7.0.0.00.0.0;1.7.0.0.00.0.0 - Transferências Correntes;36894046,18;11748
2021;Prefeitura Municipal de Conceição dos Ouros - MG;3117801;MG;DCA-Anexo I-C;Padrão;Deduções - FUNDEB;RO1.7.0.0.00.0.0;1.7.0.0.00.0.0 - Transferências Correntes;4941666,76;11748
2021;Prefeitura Municipal de Conceição dos Ouros - MG;3117801;MG;DCA-Anexo I-C;Padrão;Outras Deduções da Receita;RO1.7.0.0.00.0.0;1.7.0.0.00.0.0 - Transferências Correntes;66145,14;11748
2021;Prefeitura Municipal de Conceição dos Ouros - MG;3117801;MG;DCA-Anexo I-C;Padrão;Receitas Brutas Realizadas;RO1.7.1.0.00.0.0;1.7.1.0.00.0.0 - Transferências da União e de suas Entidades;19890063,39;11748
2021;Prefeitura Municipal de Conceição dos Ouros - MG;3117801;MG;DCA-Anexo I-C;Padrão;Deduções - FUNDEB;RO1.7.1.0.00.0.0;1.7.1.0.00.0.0 - Transferências da União e de suas Entidades;3032320,27;11748
2021;Prefeitura Municipal de Conceição dos Ouros - MG;3117801;MG;DCA-Anexo I-C;Padrão;Receitas Brutas Realizadas;RO1.7.1.8.00.0.0;1.7.1.8.00.0.0 - Transferências da União - Específicas de Estados, DF e Municípios;19890063,39;11748
2021;Prefeitura Municipal de Conceição dos Ouros - MG;3117801;MG;DCA-Anexo I-C;Padrão;Deduções - FUNDEB;RO1.7.1.8.00.0.0;1.7.1.8.00.0.0 - Transferências da União - Específicas de Estados, DF e Municípios;3032320,27;11748
2021;Prefeitura Municipal de Conceição dos Ouros - MG;3117801;MG;DCA-Anexo I-C;Padrão;Receitas Brutas Realizadas;RO1.7.1.8.01.0.0;1.7.1.8.01.0.0 - Participação na Receita da União;16409234,52;11748
2021;Prefeitura Municipal de Conceição dos Ouros - MG;3117801;MG;DCA-Anexo I-C;Padrão;Deduções - FUNDEB;RO1.7.1.8.01.0.0;1.7.1.8.01.0.0 - Participação na Receita da União;3032320,27;11748
2021;Prefeitura Municipal de Conceição dos Ouros - MG;3117801;MG;DCA-Anexo I-C;Padrão;Receitas Brutas Realizadas;RO1.7.1.8.01.2.0;1.7.1.8.01.2.0 - Cota-Parte do Fundo de Participação dos Municípios - Cota Mensal;15113749,81;11748
2021;Prefeitura Municipal de Conceição dos Ouros - MG;3117801;MG;DCA-Anexo I-C;Padrão;Deduções - FUNDEB;RO1.7.1.8.01.2.0;1.7.1.8.01.2.0 - Cota-Parte do Fundo de Participação dos Municípios - Cota Mensal;3022749,70;11748
2021;Prefeitura Municipal de Conceição dos Ouros - MG;3117801;MG;DCA-Anexo I-C;Padrão;Receitas Brutas Realizadas;RO1.7.1.8.01.3.0;1.7.1.8.01.3.0 - Cota-Parte do Fundo de Participação do Municípios ¿ 1% Cota entregue no mês de dezembro;662454,11;11748
2021;Prefeitura Municipal de Conceição dos Ouros - MG;3117801;MG;DCA-Anexo I-C;Padrão;Receitas Brutas Realizadas;RO1.7.1.8.01.4.0;1.7.1.8.01.4.0 - Cota-Parte do Fundo de Participação dos Municípios - 1% Cota entregue no mês de julho;585177,21;11748
2021;Prefeitura Municipal de Conceição dos Ouros - MG;3117801;MG;DCA-Anexo I-C;Padrão;Receitas Brutas Realizadas;RO1.7.1.8.01.5.0;1.7.1.8.01.5.0 - Cota-Parte do Imposto Sobre a Propriedade Territorial Rural;47853,39;11748
2021;Prefeitura Municipal de Conceição dos Ouros - MG;3117801;MG;DCA-Anexo I-C;Padrão;Deduções - FUNDEB;RO1.7.1.8.01.5.0;1.7.1.8.01.5.0 - Cota-Parte do Imposto Sobre a Propriedade Territorial Rural;9570,57;11748
2021;Prefeitura Municipal de Conceição dos Ouros - MG;3117801;MG;DCA-Anexo I-C;Padrão;Receitas Brutas Realizadas;RO1.7.1.8.02.0.0;1.7.1.8.02.0.0 - Transferência da Compensação Financeira pela Exploração de Recursos Naturais;293027,66;11748
2021;Prefeitura Municipal de Conceição dos Ouros - MG;3117801;MG;DCA-Anexo I-C;Padrão;Receitas Brutas Realizadas;RO1.7.1.8.02.2.0;1.7.1.8.02.2.0 - Cota-parte da Compensação Financeira de Recursos Minerais - CFEM;870,94;11748
2021;Prefeitura Municipal de Conceição dos Ouros - MG;3117801;MG;DCA-Anexo I-C;Padrão;Receitas Brutas Realizadas;RO1.7.1.8.02.6.0;1.7.1.8.02.6.0 - Cota-Parte do Fundo Especial do Petróleo ¿ FEP;292156,72;11748
2021;Prefeitura Municipal de Conceição dos Ouros - MG;3117801;MG;DCA-Anexo I-C;Padrão;Receitas Brutas Realizadas;RO1.7.1.8.03.0.0;1.7.1.8.03.0.0 - Transferência de Recursos do Sistema Único de Saúde ¿ SUS ¿ Repasses Fundo a Fundo - Bloco de Manutenção das Ações e Serviços Públicos de Saúde;2164356,03;11748
2021;Prefeitura Municipal de Conceição dos Ouros - MG;3117801;MG;DCA-Anexo I-C;Padrão;Receitas Brutas Realizadas;RO1.7.1.8.03.1.0;1.7.1.8.03.1.0 - Transferência de Recursos do SUS ¿ Atenção Primária;2063418,66;11748
2021;Prefeitura Municipal de Conceição dos Ouros - MG;3117801;MG;DCA-Anexo I-C;Padrão;Receitas Brutas Realizadas;RO1.7.1.8.03.3.0;1.7.1.8.03.3.0 - Transferência de Recursos do SUS ¿ Vigilância em Saúde;40209,36;11748
2021;Prefeitura Municipal de Conceição dos Ouros - MG;3117801;MG;DCA-Anexo I-C;Padrão;Receitas Brutas Realizadas;RO1.7.1.8.03.9.0;1.7.1.8.03.9.0 - Transferência de Recursos do SUS ¿ Outros Programas Financiados por Transferências Fundo a Fundo;60728,01;11748
2021;Prefeitura Municipal de Conceição dos Ouros - MG;3117801;MG;DCA-Anexo I-C;Padrão;Receitas Brutas Realizadas;RO1.7.1.8.05.0.0;1.7.1.8.05.0.0 - Transferências de Recursos do Fundo Nacional do Desenvolvimento da Educação ¿ FNDE;534832,08;11748
2021;Prefeitura Municipal de Conceição dos Ouros - MG;3117801;MG;DCA-Anexo I-C;Padrão;Receitas Brutas Realizadas;RO1.7.1.8.05.1.0;1.7.1.8.05.1.0 - Transferências do Salário-Educação;338248,72;11748
2021;Prefeitura Municipal de Conceição dos Ouros - MG;3117801;MG;DCA-Anexo I-C;Padrão;Receitas Brutas Realizadas;RO1.7.1.8.05.3.0;1.7.1.8.05.3.0 - Transferências Diretas do FNDE referentes ao Programa Nacional de Alimentação Escolar ¿ PNAE;152787,80;11748
2021;Prefeitura Municipal de Conceição dos Ouros - MG;3117801;MG;DCA-Anexo I-C;Padrão;Receitas Brutas Realizadas;RO1.7.1.8.05.4.0;1.7.1.8.05.4.0 - Transferências Diretas do FNDE referentes ao Programa Nacional de Apoio ao Transporte do Escolar ¿ PNATE;43795,56;11748
2021;Prefeitura Municipal de Conceição dos Ouros - MG;3117801;MG;DCA-Anexo I-C;Padrão;Receitas Brutas Realizadas;RO1.7.1.8.10.0.0;1.7.1.8.10.0.0 - Transferências de Convênios da União e de Suas Entidades;38000,00;11748
2021;Prefeitura Municipal de Conceição dos Ouros - MG;3117801;MG;DCA-Anexo I-C;Padrão;Receitas Brutas Realizadas;RO1.7.1.8.10.3.0;1.7.1.8.10.3.0 - Transferências de Convênios da União Destinadas a Programas de Assistência Social;38000,00;11748
2021;Prefeitura Municipal de Conceição dos Ouros - MG;3117801;MG;DCA-Anexo I-C;Padrão;Receitas Brutas Realizadas;RO1.7.1.8.12.0.0;1.7.1.8.12.0.0 - Transferências de Recursos do Fundo Nacional de Assistência Social ¿ FNAS;99364,73;11748
2021;Prefeitura Municipal de Conceição dos Ouros - MG;3117801;MG;DCA-Anexo I-C;Padrão;Receitas Brutas Realizadas;RO1.7.1.8.99.0.0;1.7.1.8.99.0.0 - Outras Transferências da União;351248,37;11748
2021;Prefeitura Municipal de Conceição dos Ouros - MG;3117801;MG;DCA-Anexo I-C;Padrão;Receitas Brutas Realizadas;RO1.7.2.0.00.0.0;1.7.2.0.00.0.0 - Transferências dos Estados e do Distrito Federal e de suas Entidades;10020635,43;11748
2021;Prefeitura Municipal de Conceição dos Ouros - MG;3117801;MG;DCA-Anexo I-C;Padrão;Deduções - FUNDEB;RO1.7.2.0.00.0.0;1.7.2.0.00.0.0 - Transferências dos Estados e do Distrito Federal e de suas Entidades;1909346,49;11748
2021;Prefeitura Municipal de Conceição dos Ouros - MG;3117801;MG;DCA-Anexo I-C;Padrão;Receitas Brutas Realizadas;RO1.7.2.8.00.0.0;1.7.2.8.00.0.0 - Transferências dos Estados - Específicas de Estados, DF e Municípios;10020635,43;11748
2021;Prefeitura Municipal de Conceição dos Ouros - MG;3117801;MG;DCA-Anexo I-C;Padrão;Deduções - FUNDEB;RO1.7.2.8.00.0.0;1.7.2.8.00.0.0 - Transferências dos Estados - Específicas de Estados, DF e Municípios;1909346,49;11748
2021;Prefeitura Municipal de Conceição dos Ouros - MG;3117801;MG;DCA-Anexo I-C;Padrão;Receitas Brutas Realizadas;RO1.7.2.8.01.0.0;1.7.2.8.01.0.0 - Participação na Receita dos Estados;9554881,53;11748
2021;Prefeitura Municipal de Conceição dos Ouros - MG;3117801;MG;DCA-Anexo I-C;Padrão;Deduções - FUNDEB;RO1.7.2.8.01.0.0;1.7.2.8.01.0.0 - Participação na Receita dos Estados;1909346,49;11748
2021;Prefeitura Municipal de Conceição dos Ouros - MG;3117801;MG;DCA-Anexo I-C;Padrão;Receitas Brutas Realizadas;RO1.7.2.8.01.1.0;1.7.2.8.01.1.0 - Cota-Parte do ICMS;8189887,96;11748
2021;Prefeitura Municipal de Conceição dos Ouros - MG;3117801;MG;DCA-Anexo I-C;Padrão;Deduções - FUNDEB;RO1.7.2.8.01.1.0;1.7.2.8.01.1.0 - Cota-Parte do ICMS;1637977,23;11748
2021;Prefeitura Municipal de Conceição dos Ouros - MG;3117801;MG;DCA-Anexo I-C;Padrão;Receitas Brutas Realizadas;RO1.7.2.8.01.2.0;1.7.2.8.01.2.0 - Cota-Parte do IPVA;1267930,01;11748
2021;Prefeitura Municipal de Conceição dos Ouros - MG;3117801;MG;DCA-Anexo I-C;Padrão;Deduções - FUNDEB;RO1.7.2.8.01.2.0;1.7.2.8.01.2.0 - Cota-Parte do IPVA;253584,86;11748
2021;Prefeitura Municipal de Conceição dos Ouros - MG;3117801;MG;DCA-Anexo I-C;Padrão;Receitas Brutas Realizadas;RO1.7.2.8.01.3.0;1.7.2.8.01.3.0 - Cota-Parte do IPI - Municípios;88922,11;11748
2021;Prefeitura Municipal de Conceição dos Ouros - MG;3117801;MG;DCA-Anexo I-C;Padrão;Deduções - FUNDEB;RO1.7.2.8.01.3.0;1.7.2.8.01.3.0 - Cota-Parte do IPI - Municípios;17784,40;11748
2021;Prefeitura Municipal de Conceição dos Ouros - MG;3117801;MG;DCA-Anexo I-C;Padrão;Receitas Brutas Realizadas;RO1.7.2.8.01.4.0;1.7.2.8.01.4.0 - Cota-Parte da Contribuição de Intervenção no Domínio Econômico;8141,45;11748
2021;Prefeitura Municipal de Conceição dos Ouros - MG;3117801;MG;DCA-Anexo I-C;Padrão;Receitas Brutas Realizadas;RO1.7.2.8.03.0.0;1.7.2.8.03.0.0 - Transferência de Recursos do Estado para Programas de Saúde ¿ Repasse Fundo a Fundo;379808,81;11748
2021;Prefeitura Municipal de Conceição dos Ouros - MG;3117801;MG;DCA-Anexo I-C;Padrão;Receitas Brutas Realizadas;RO1.7.2.8.10.0.0;1.7.2.8.10.0.0 - Transferência de Convênios dos Estados e do Distrito Federal e de Suas Entidades;85945,09;11748
2021;Prefeitura Municipal de Conceição dos Ouros - MG;3117801;MG;DCA-Anexo I-C;Padrão;Receitas Brutas Realizadas;RO1.7.2.8.10.9.0;1.7.2.8.10.9.0 - Outras Transferências de Convênio dos Estados;85945,09;11748
2021;Prefeitura Municipal de Conceição dos Ouros - MG;3117801;MG;DCA-Anexo I-C;Padrão;Receitas Brutas Realizadas;RO1.7.4.0.00.0.0;1.7.4.0.00.0.0 - Transferências de Instituições Privadas;2405,25;11748
2021;Prefeitura Municipal de Conceição dos Ouros - MG;3117801;MG;DCA-Anexo I-C;Padrão;Receitas Brutas Realizadas;RO1.7.4.8.00.0.0;1.7.4.8.00.0.0 - Transferências de Instituições Privadas - Específicas de Estados, DF e Municípios;2405,25;11748
2021;Prefeitura Municipal de Conceição dos Ouros - MG;3117801;MG;DCA-Anexo I-C;Padrão;Receitas Brutas Realizadas;RO1.7.4.8.10.0.0;1.7.4.8.10.0.0 - Outras Transferência de Instituições Privadas para EST/DF/MUN - Não Especificadas Anteriormente;2405,25;11748
2021;Prefeitura Municipal de Conceição dos Ouros - MG;3117801;MG;DCA-Anexo I-C;Padrão;Receitas Brutas Realizadas;RO1.7.5.0.00.0.0;1.7.5.0.00.0.0 - Transferências de Outras Instituições Públicas;6980942,11;11748
2021;Prefeitura Municipal de Conceição dos Ouros - MG;3117801;MG;DCA-Anexo I-C;Padrão;Outras Deduções da Receita;RO1.7.5.0.00.0.0;1.7.5.0.00.0.0 - Transferências de Outras Instituições Públicas;66145,14;11748
2021;Prefeitura Municipal de Conceição dos Ouros - MG;3117801;MG;DCA-Anexo I-C;Padrão;Receitas Brutas Realizadas;RO1.7.5.8.00.0.0;1.7.5.8.00.0.0 - Transferências de Outras Instituições Públicas - Específicas de Estados, DF e Municípios;6980942,11;11748
2021;Prefeitura Municipal de Conceição dos Ouros - MG;3117801;MG;DCA-Anexo I-C;Padrão;Outras Deduções da Receita;RO1.7.5.8.00.0.0;1.7.5.8.00.0.0 - Transferências de Outras Instituições Públicas - Específicas de Estados, DF e Municípios;66145,14;11748
2021;Prefeitura Municipal de Conceição dos Ouros - MG;3117801;MG;DCA-Anexo I-C;Padrão;Receitas Brutas Realizadas;RO1.7.5.8.01.0.0;1.7.5.8.01.0.0 - Transferências de Recursos do Fundo de Manutenção e Desenvolvimento da Educação Básica e de Valorização dos Profissionais da Educação ¿ FUNDEB;6980942,11;11748
2021;Prefeitura Municipal de Conceição dos Ouros - MG;3117801;MG;DCA-Anexo I-C;Padrão;Outras Deduções da Receita;RO1.7.5.8.01.0.0;1.7.5.8.01.0.0 - Transferências de Recursos do Fundo de Manutenção e Desenvolvimento da Educação Básica e de Valorização dos Profissionais da Educação ¿ FUNDEB;66145,14;11748
2021;Prefeitura Municipal de Conceição dos Ouros - MG;3117801;MG;DCA-Anexo I-C;Padrão;Receitas Brutas Realizadas;RO1.9.0.0.00.0.0;1.9.0.0.00.0.0 - Outras Receitas Correntes;39910,04;11748
2021;Prefeitura Municipal de Conceição dos Ouros - MG;3117801;MG;DCA-Anexo I-C;Padrão;Receitas Brutas Realizadas;RO1.9.1.0.00.0.0;1.9.1.0.00.0.0 - Multas Administrativas, Contratuais e Judiciais;30331,44;11748
2021;Prefeitura Municipal de Conceição dos Ouros - MG;3117801;MG;DCA-Anexo I-C;Padrão;Receitas Brutas Realizadas;RO1.9.1.0.01.0.0;1.9.1.0.01.0.0 - Multas Previstas em Legislação Específica;30331,44;11748
2021;Prefeitura Municipal de Conceição dos Ouros - MG;3117801;MG;DCA-Anexo I-C;Padrão;Receitas Brutas Realizadas;RO1.9.2.0.00.0.0;1.9.2.0.00.0.0 - Indenizações, Restituições e Ressarcimentos;7103,54;11748
2021;Prefeitura Municipal de Conceição dos Ouros - MG;3117801;MG;DCA-Anexo I-C;Padrão;Receitas Brutas Realizadas;RO1.9.2.2.00.0.0;1.9.2.2.00.0.0 - Restituições;7103,54;11748
2021;Prefeitura Municipal de Conceição dos Ouros - MG;3117801;MG;DCA-Anexo I-C;Padrão;Receitas Brutas Realizadas;RO1.9.2.2.99.0.0;1.9.2.2.99.0.0 - Outras Restituições;7103,54;11748
2021;Prefeitura Municipal de Conceição dos Ouros - MG;3117801;MG;DCA-Anexo I-C;Padrão;Receitas Brutas Realizadas;RO1.9.9.0.00.0.0;1.9.9.0.00.0.0 - Demais Receitas Correntes;2475,06;11748
2021;Prefeitura Municipal de Conceição dos Ouros - MG;3117801;MG;DCA-Anexo I-C;Padrão;Receitas Brutas Realizadas;RO1.9.9.0.99.0.0;1.9.9.0.99.0.0 - Outras Receitas;2475,06;11748
2021;Prefeitura Municipal de Conceição dos Ouros - MG;3117801;MG;DCA-Anexo I-C;Padrão;Receitas Brutas Realizadas;RO1.9.9.0.99.1.0;1.9.9.0.99.1.0 - Outras Receitas - Primárias;2475,06;11748
2021;Prefeitura Municipal de Conceição dos Ouros - MG;3117801;MG;DCA-Anexo I-C;Padrão;Receitas Brutas Realizadas;RO2.0.0.0.00.0.0;2.0.0.0.00.0.0 - Receitas de Capital;4454898,74;11748
2021;Prefeitura Municipal de Conceição dos Ouros - MG;3117801;MG;DCA-Anexo I-C;Padrão;Receitas Brutas Realizadas;RO2.1.0.0.00.0.0;2.1.0.0.00.0.0 - Operações de Crédito;860758,74;11748
2021;Prefeitura Municipal de Conceição dos Ouros - MG;3117801;MG;DCA-Anexo I-C;Padrão;Receitas Brutas Realizadas;RO2.1.1.0.00.0.0;2.1.1.0.00.0.0 - Operações de Crédito - Mercado Interno;860758,74;11748
2021;Prefeitura Municipal de Conceição dos Ouros - MG;3117801;MG;DCA-Anexo I-C;Padrão;Receitas Brutas Realizadas;RO2.1.1.2.00.0.0;2.1.1.2.00.0.0 - Operações de Crédito Contratuais - Mercado Interno;860758,74;11748
2021;Prefeitura Municipal de Conceição dos Ouros - MG;3117801;MG;DCA-Anexo I-C;Padrão;Receitas Brutas Realizadas;RO2.4.0.0.00.0.0;2.4.0.0.00.0.0 - Transferências de Capital;3594140,00;11748
2021;Prefeitura Municipal de Conceição dos Ouros - MG;3117801;MG;DCA-Anexo I-C;Padrão;Receitas Brutas Realizadas;RO2.4.1.0.00.0.0;2.4.1.0.00.0.0 - Transferências da União e de suas Entidades;2544140,00;11748
2021;Prefeitura Municipal de Conceição dos Ouros - MG;3117801;MG;DCA-Anexo I-C;Padrão;Receitas Brutas Realizadas;RO2.4.1.8.00.0.0;2.4.1.8.00.0.0 - Transferências da União - Específicas de Estados, DF e Municípios;2544140,00;11748
2021;Prefeitura Municipal de Conceição dos Ouros - MG;3117801;MG;DCA-Anexo I-C;Padrão;Receitas Brutas Realizadas;RO2.4.1.8.03.0.0;2.4.1.8.03.0.0 - Transferência de Recursos do Sistema Único de Saúde ¿ SUS ¿ Fundo a Fundo - Bloco de Manutenção das Ações e Serviços Públicos de Saúde;395390,00;11748
2021;Prefeitura Municipal de Conceição dos Ouros - MG;3117801;MG;DCA-Anexo I-C;Padrão;Receitas Brutas Realizadas;RO2.4.1.8.03.1.0;2.4.1.8.03.1.0 - Transferência de Recursos do SUS ¿ Atenção Primária;395390,00;11748
2021;Prefeitura Municipal de Conceição dos Ouros - MG;3117801;MG;DCA-Anexo I-C;Padrão;Receitas Brutas Realizadas;RO2.4.1.8.10.0.0;2.4.1.8.10.0.0 - Transferência de Convênios da União e de suas Entidades;2148750,00;11748
2021;Prefeitura Municipal de Conceição dos Ouros - MG;3117801;MG;DCA-Anexo I-C;Padrão;Receitas Brutas Realizadas;RO2.4.1.8.10.9.0;2.4.1.8.10.9.0 - Outras Transferências de Convênios da União;2148750,00;11748
2021;Prefeitura Municipal de Conceição dos Ouros - MG;3117801;MG;DCA-Anexo I-C;Padrão;Receitas Brutas Realizadas;RO2.4.2.0.00.0.0;2.4.2.0.00.0.0 - Transferências dos Estados e do Distrito Federal e de suas Entidades;1050000,00;11748
2021;Prefeitura Municipal de Conceição dos Ouros - MG;3117801;MG;DCA-Anexo I-C;Padrão;Receitas Brutas Realizadas;RO2.4.2.8.00.0.0;2.4.2.8.00.0.0 - Transferências dos Estados, Distrito Federal, e de suas Entidades;1050000,00;11748
2021;Prefeitura Municipal de Conceição dos Ouros - MG;3117801;MG;DCA-Anexo I-C;Padrão;Receitas Brutas Realizadas;RO2.4.2.8.10.0.0;2.4.2.8.10.0.0 - Transferências de Convênios dos Estados e do Distrito Federal e de suas Entidades;100000,00;11748
2021;Prefeitura Municipal de Conceição dos Ouros - MG;3117801;MG;DCA-Anexo I-C;Padrão;Receitas Brutas Realizadas;RO2.4.2.8.10.2.0;2.4.2.8.10.2.0 - Transferências de Convênios dos Estados destinadas a Programas de Educação;100000,00;11748
2021;Prefeitura Municipal de Conceição dos Ouros - MG;3117801;MG;DCA-Anexo I-C;Padrão;Receitas Brutas Realizadas;RO2.4.2.8.99.0.0;2.4.2.8.99.0.0 - Outras Transferências dos Estados;950000,00;11748
2021;Prefeitura Municipal de Conceição dos Ouros - MG;3117801;MG;DCA-Anexo I-C;Padrão;Receitas Brutas Realizadas;TotalReceitas;TOTAL DAS RECEITAS (III) = (I + II);44552993,05;11748
2021;Prefeitura Municipal de Conceição dos Ouros - MG;3117801;MG;DCA-Anexo I-C;Padrão;Deduções - FUNDEB;TotalReceitas;TOTAL DAS RECEITAS (III) = (I + II);4941666,76;11748
2021;Prefeitura Municipal de Conceição dos Ouros - MG;3117801;MG;DCA-Anexo I-C;Padrão;Outras Deduções da Receita;TotalReceitas;TOTAL DAS RECEITAS (III) = (I + II);66145,14;11748
2022;Prefeitura Municipal de Conceição dos Ouros - MG;3117801;MG;DCA-Anexo I-C;Padrão;Receitas Brutas Realizadas;ReceitasExcetoIntraOrcamentarias;RECEITAS (EXCETO INTRA-ORÇAMENTÁRIAS) (I);53585480,89;11852
2022;Prefeitura Municipal de Conceição dos Ouros - MG;3117801;MG;DCA-Anexo I-C;Padrão;Deduções - FUNDEB;ReceitasExcetoIntraOrcamentarias;RECEITAS (EXCETO INTRA-ORÇAMENTÁRIAS) (I);5359552,63;11852
2022;Prefeitura Municipal de Conceição dos Ouros - MG;3117801;MG;DCA-Anexo I-C;Padrão;Receitas Brutas Realizadas;RO1.0.0.0.00.0.0;1.0.0.0.00.0.0 - Receitas Correntes;46928941,77;11852
2022;Prefeitura Municipal de Conceição dos Ouros - MG;3117801;MG;DCA-Anexo I-C;Padrão;Deduções - FUNDEB;RO1.0.0.0.00.0.0;1.0.0.0.00.0.0 - Receitas Correntes;5359552,63;11852
2022;Prefeitura Municipal de Conceição dos Ouros - MG;3117801;MG;DCA-Anexo I-C;Padrão;Receitas Brutas Realizadas;RO1.1.0.0.00.0.0;1.1.0.0.00.0.0 - Impostos, Taxas e Contribuições de Melhoria;2866598,97;11852
2022;Prefeitura Municipal de Conceição dos Ouros - MG;3117801;MG;DCA-Anexo I-C;Padrão;Receitas Brutas Realizadas;RO1.1.1.0.00.0.0;1.1.1.0.00.0.0 - Impostos;2177841,64;11852
2022;Prefeitura Municipal de Conceição dos Ouros - MG;3117801;MG;DCA-Anexo I-C;Padrão;Receitas Brutas Realizadas;RO1.1.1.2.00.0.0;1.1.1.2.00.0.0 - Impostos sobre o Patrimônio;1032423,93;11852
2022;Prefeitura Municipal de Conceição dos Ouros - MG;3117801;MG;DCA-Anexo I-C;Padrão;Receitas Brutas Realizadas;RO1.1.1.2.50.0.0;1.1.1.2.50.0.0 - Imposto sobre a Propriedade Predial e Territorial Urbana;798095,04;11852
2022;Prefeitura Municipal de Conceição dos Ouros - MG;3117801;MG;DCA-Anexo I-C;Padrão;Receitas Brutas Realizadas;RO1.1.1.2.53.0.0;"1.1.1.2.53.0.0 - Impostos sobre Transmissão ""Inter Vivos"" de Bens Imóveis e de Direitos Reais sobre Imóveis";234328,89;11852
2022;Prefeitura Municipal de Conceição dos Ouros - MG;3117801;MG;DCA-Anexo I-C;Padrão;Receitas Brutas Realizadas;RO1.1.1.3.00.0.0;1.1.1.3.00.0.0 - Impostos sobre a Renda e Proventos de Qualquer Natureza;274775,33;11852
2022;Prefeitura Municipal de Conceição dos Ouros - MG;3117801;MG;DCA-Anexo I-C;Padrão;Receitas Brutas Realizadas;RO1.1.1.3.03.0.0;1.1.1.3.03.0.0 - Imposto sobre a Renda - Retido na Fonte;274775,33;11852
2022;Prefeitura Municipal de Conceição dos Ouros - MG;3117801;MG;DCA-Anexo I-C;Padrão;Receitas Brutas Realizadas;RO1.1.1.3.03.1.0;1.1.1.3.03.1.0 - Imposto sobre a Renda - Retido na Fonte - Trabalho;260377,24;11852
2022;Prefeitura Municipal de Conceição dos Ouros - MG;3117801;MG;DCA-Anexo I-C;Padrão;Receitas Brutas Realizadas;RO1.1.1.3.03.4.0;1.1.1.3.03.4.0 - Imposto sobre a Renda - Retido na Fonte - Outros Rendimentos;14398,09;11852
2022;Prefeitura Municipal de Conceição dos Ouros - MG;3117801;MG;DCA-Anexo I-C;Padrão;Receitas Brutas Realizadas;RO1.1.1.4.00.0.0;1.1.1.4.00.0.0 - Impostos sobre a Produção e Circulação de Mercadorias e Serviços;870642,38;11852
2022;Prefeitura Municipal de Conceição dos Ouros - MG;3117801;MG;DCA-Anexo I-C;Padrão;Receitas Brutas Realizadas;RO1.1.1.4.51.0.0;1.1.1.4.51.0.0 - Impostos sobre Serviços;870642,38;11852
2022;Prefeitura Municipal de Conceição dos Ouros - MG;3117801;MG;DCA-Anexo I-C;Padrão;Receitas Brutas Realizadas;RO1.1.1.4.51.1.0;1.1.1.4.51.1.0 - Imposto sobre Serviços de Qualquer Natureza - ISSQN;870642,38;11852
2022;Prefeitura Municipal de Conceição dos Ouros - MG;3117801;MG;DCA-Anexo I-C;Padrão;Receitas Brutas Realizadas;RO1.1.2.0.00.0.0;1.1.2.0.00.0.0 - Taxas;688757,33;11852
2022;Prefeitura Municipal de Conceição dos Ouros - MG;3117801;MG;DCA-Anexo I-C;Padrão;Receitas Brutas Realizadas;RO1.1.2.1.00.0.0;1.1.2.1.00.0.0 - Taxas pelo Exercício do Poder de Polícia;164112,72;11852
2022;Prefeitura Municipal de Conceição dos Ouros - MG;3117801;MG;DCA-Anexo I-C;Padrão;Receitas Brutas Realizadas;RO1.1.2.1.02.0.0;1.1.2.1.02.0.0 - Taxas de Fiscalização das Telecomunicações;164112,72;11852
2022;Prefeitura Municipal de Conceição dos Ouros - MG;3117801;MG;DCA-Anexo I-C;Padrão;Receitas Brutas Realizadas;RO1.1.2.1.02.2.0;1.1.2.1.02.2.0 - Taxa de Fiscalização de Funcionamento - TFF - Não Proveniente da Utilização de Posições Orbitais;164112,72;11852
2022;Prefeitura Municipal de Conceição dos Ouros - MG;3117801;MG;DCA-Anexo I-C;Padrão;Receitas Brutas Realizadas;RO1.1.2.2.00.0.0;1.1.2.2.00.0.0 - Taxas pela Prestação de Serviços;524644,61;11852
2022;Prefeitura Municipal de Conceição dos Ouros - MG;3117801;MG;DCA-Anexo I-C;Padrão;Receitas Brutas Realizadas;RO1.1.2.2.01.0.0;1.1.2.2.01.0.0 - Taxas pela Prestação de Serviços;524644,61;11852
2022;Prefeitura Municipal de Conceição dos Ouros - MG;3117801;MG;DCA-Anexo I-C;Padrão;Receitas Brutas Realizadas;RO1.2.0.0.00.0.0;1.2.0.0.00.0.0 - Contribuições;753104,08;11852
2022;Prefeitura Municipal de Conceição dos Ouros - MG;3117801;MG;DCA-Anexo I-C;Padrão;Receitas Brutas Realizadas;RO1.2.4.0.00.0.0;1.2.4.0.00.0.0 - Contribuição para o Custeio do Serviço de Iluminação Pública;753104,08;11852
2022;Prefeitura Municipal de Conceição dos Ouros - MG;3117801;MG;DCA-Anexo I-C;Padrão;Receitas Brutas Realizadas;RO1.3.0.0.00.0.0;1.3.0.0.00.0.0 - Receita Patrimonial;1917315,46;11852
2022;Prefeitura Municipal de Conceição dos Ouros - MG;3117801;MG;DCA-Anexo I-C;Padrão;Receitas Brutas Realizadas;RO1.3.2.0.00.0.0;1.3.2.0.00.0.0 - Valores Mobiliários;1666305,46;11852
2022;Prefeitura Municipal de Conceição dos Ouros - MG;3117801;MG;DCA-Anexo I-C;Padrão;Receitas Brutas Realizadas;RO1.3.2.1.00.0.0;1.3.2.1.00.0.0 - Juros e Correções Monetárias;1666305,46;11852
2022;Prefeitura Municipal de Conceição dos Ouros - MG;3117801;MG;DCA-Anexo I-C;Padrão;Receitas Brutas Realizadas;RO1.3.2.1.01.0.0;1.3.2.1.01.0.0 - Remuneração de Depósitos Bancários;1666305,46;11852
2022;Prefeitura Municipal de Conceição dos Ouros - MG;3117801;MG;DCA-Anexo I-C;Padrão;Receitas Brutas Realizadas;RO1.3.6.0.00.0.0;1.3.6.0.00.0.0 - Cessão de Direitos;251010,00;11852
2022;Prefeitura Municipal de Conceição dos Ouros - MG;3117801;MG;DCA-Anexo I-C;Padrão;Receitas Brutas Realizadas;RO1.3.6.1.00.0.0;1.3.6.1.00.0.0 - Cessão de Direitos;251010,00;11852
2022;Prefeitura Municipal de Conceição dos Ouros - MG;3117801;MG;DCA-Anexo I-C;Padrão;Receitas Brutas Realizadas;RO1.3.6.1.01.0.0;1.3.6.1.01.0.0 - Cessão do Direito de Operacionalização de Pagamentos;251010,00;11852
2022;Prefeitura Municipal de Conceição dos Ouros - MG;3117801;MG;DCA-Anexo I-C;Padrão;Receitas Brutas Realizadas;RO1.3.6.1.01.1.0;1.3.6.1.01.1.0 - Cessão do Direito de Operacionalização de Pagamentos - Poderes Executivo e Legislativo;251010,00;11852
2022;Prefeitura Municipal de Conceição dos Ouros - MG;3117801;MG;DCA-Anexo I-C;Padrão;Receitas Brutas Realizadas;RO1.7.0.0.00.0.0;1.7.0.0.00.0.0 - Transferências Correntes;41257004,18;11852
2022;Prefeitura Municipal de Conceição dos Ouros - MG;3117801;MG;DCA-Anexo I-C;Padrão;Deduções - FUNDEB;RO1.7.0.0.00.0.0;1.7.0.0.00.0.0 - Transferências Correntes;5359552,63;11852
2022;Prefeitura Municipal de Conceição dos Ouros - MG;3117801;MG;DCA-Anexo I-C;Padrão;Receitas Brutas Realizadas;RO1.7.1.0.00.0.0;1.7.1.0.00.0.0 - Transferências da União e de suas Entidades;24660877,86;11852
2022;Prefeitura Municipal de Conceição dos Ouros - MG;3117801;MG;DCA-Anexo I-C;Padrão;Deduções - FUNDEB;RO1.7.1.0.00.0.0;1.7.1.0.00.0.0 - Transferências da União e de suas Entidades;3796818,40;11852
2022;Prefeitura Municipal de Conceição dos Ouros - MG;3117801;MG;DCA-Anexo I-C;Padrão;Receitas Brutas Realizadas;RO1.7.1.1.00.0.0;1.7.1.1.00.0.0 - Transferências Decorrentes de Participação na Receita da União;20622446,69;11852
2022;Prefeitura Municipal de Conceição dos Ouros - MG;3117801;MG;DCA-Anexo I-C;Padrão;Deduções - FUNDEB;RO1.7.1.1.00.0.0;1.7.1.1.00.0.0 - Transferências Decorrentes de Participação na Receita da União;3776262,99;11852
2022;Prefeitura Municipal de Conceição dos Ouros - MG;3117801;MG;DCA-Anexo I-C;Padrão;Receitas Brutas Realizadas;RO1.7.1.1.51.0.0;1.7.1.1.51.0.0 -Cota-Parte do Fundo de Participação dos Municípios - FPM;20573859,69;11852
2022;Prefeitura Municipal de Conceição dos Ouros - MG;3117801;MG;DCA-Anexo I-C;Padrão;Deduções - FUNDEB;RO1.7.1.1.51.0.0;1.7.1.1.51.0.0 -Cota-Parte do Fundo de Participação dos Municípios - FPM;3766545,68;11852
2022;Prefeitura Municipal de Conceição dos Ouros - MG;3117801;MG;DCA-Anexo I-C;Padrão;Receitas Brutas Realizadas;RO1.7.1.1.51.1.0;1.7.1.1.51.1.0 - Cota-Parte do Fundo de Participação dos Municípios - Cota Mensal;18832729,57;11852
2022;Prefeitura Municipal de Conceição dos Ouros - MG;3117801;MG;DCA-Anexo I-C;Padrão;Deduções - FUNDEB;RO1.7.1.1.51.1.0;1.7.1.1.51.1.0 - Cota-Parte do Fundo de Participação dos Municípios - Cota Mensal;3766545,68;11852
2022;Prefeitura Municipal de Conceição dos Ouros - MG;3117801;MG;DCA-Anexo I-C;Padrão;Receitas Brutas Realizadas;RO1.7.1.1.51.2.0;1.7.1.1.51.2.0 - Cota-Parte do Fundo de Participação do Municípios ¿ 1% Cota entregue no mês de dezembro;826339,18;11852
2022;Prefeitura Municipal de Conceição dos Ouros - MG;3117801;MG;DCA-Anexo I-C;Padrão;Receitas Brutas Realizadas;RO1.7.1.1.51.3.0;1.7.1.1.51.3.0 - Cota-Parte do Fundo de Participação dos Municípios - 1% Cota entregue no mês de julho;914790,94;11852
2022;Prefeitura Municipal de Conceição dos Ouros - MG;3117801;MG;DCA-Anexo I-C;Padrão;Receitas Brutas Realizadas;RO1.7.1.1.52.0.0;1.7.1.1.52.0.0 - Cota-Parte do Imposto Sobre a Propriedade Territorial Rural;48587,00;11852
2022;Prefeitura Municipal de Conceição dos Ouros - MG;3117801;MG;DCA-Anexo I-C;Padrão;Deduções - FUNDEB;RO1.7.1.1.52.0.0;1.7.1.1.52.0.0 - Cota-Parte do Imposto Sobre a Propriedade Territorial Rural;9717,31;11852
2022;Prefeitura Municipal de Conceição dos Ouros - MG;3117801;MG;DCA-Anexo I-C;Padrão;Receitas Brutas Realizadas;RO1.7.1.2.00.0.0;1.7.1.2.00.0.0 -Transferências das Compensações Financeiras pela Exploração de Recursos Naturais;703357,04;11852
2022;Prefeitura Municipal de Conceição dos Ouros - MG;3117801;MG;DCA-Anexo I-C;Padrão;Receitas Brutas Realizadas;RO1.7.1.2.51.0.0;1.7.1.2.51.0.0 -Cota-parte da Compensação Financeira pela Exploração de Recursos Minerais - CFEM;531,88;11852
2022;Prefeitura Municipal de Conceição dos Ouros - MG;3117801;MG;DCA-Anexo I-C;Padrão;Receitas Brutas Realizadas;RO1.7.1.2.52.0.0;1.7.1.2.52.0.0 - Cota-parte da Compensação Financeira pela Produção de Petróleo;455897,10;11852
2022;Prefeitura Municipal de Conceição dos Ouros - MG;3117801;MG;DCA-Anexo I-C;Padrão;Receitas Brutas Realizadas;RO1.7.1.2.52.4.0;1.7.1.2.52.4.0 - Cota-Parte do Fundo Especial do Petróleo ¿ FEP;455897,10;11852
2022;Prefeitura Municipal de Conceição dos Ouros - MG;3117801;MG;DCA-Anexo I-C;Padrão;Receitas Brutas Realizadas;RO1.7.1.2.99.0.0;1.7.1.2.99.0.0 - Outras Transferências decorrentes de Compensação Financeira pela Exploração de Recursos Naturais ;246928,06;11852
2022;Prefeitura Municipal de Conceição dos Ouros - MG;3117801;MG;DCA-Anexo I-C;Padrão;Receitas Brutas Realizadas;RO1.7.1.3.00.0.0;1.7.1.3.00.0.0 -Transferências de Recursos do Sistema Único de Saúde ¿ SUS ;2324735,79;11852
2022;Prefeitura Municipal de Conceição dos Ouros - MG;3117801;MG;DCA-Anexo I-C;Padrão;Receitas Brutas Realizadas;RO1.7.1.3.50.0.0;1.7.1.3.50.0.0 - Transferências de Recursos do Sistema Único de Saúde ¿ SUS ¿ Repasses Fundo a Fundo - Bloco de Manutenção das Ações e Serviços Públicos de Saúde;2324735,79;11852
2022;Prefeitura Municipal de Conceição dos Ouros - MG;3117801;MG;DCA-Anexo I-C;Padrão;Receitas Brutas Realizadas;RO1.7.1.3.50.1.0;1.7.1.3.50.1.0 - Transferências de Recursos do Bloco de Manutenção das Ações e Serviços Públicos de Saúde ¿ Atenção Primária;1922866,90;11852
2022;Prefeitura Municipal de Conceição dos Ouros - MG;3117801;MG;DCA-Anexo I-C;Padrão;Receitas Brutas Realizadas;RO1.7.1.3.50.3.0;1.7.1.3.50.3.0 - Transferências de Recursos do Bloco de Manutenção das Ações e Serviços Públicos de Saúde ¿ Vigilância em Saúde;56706,15;11852
2022;Prefeitura Municipal de Conceição dos Ouros - MG;3117801;MG;DCA-Anexo I-C;Padrão;Receitas Brutas Realizadas;RO1.7.1.3.50.9.0;1.7.1.3.50.9.0 - Transferências de Recursos do Bloco de Manutenção das Ações e Serviços Públicos de Saúde ¿ Outros Programas;345162,74;11852
2022;Prefeitura Municipal de Conceição dos Ouros - MG;3117801;MG;DCA-Anexo I-C;Padrão;Receitas Brutas Realizadas;RO1.7.1.4.00.0.0;1.7.1.4.00.0.0 -Transferências de Recursos do Fundo Nacional do Desenvolvimento da Educação ¿ FNDE¿ ;574769,62;11852
2022;Prefeitura Municipal de Conceição dos Ouros - MG;3117801;MG;DCA-Anexo I-C;Padrão;Receitas Brutas Realizadas;RO1.7.1.4.50.0.0;1.7.1.4.50.0.0 - Transferências do Salário-Educação;390364,92;11852
2022;Prefeitura Municipal de Conceição dos Ouros - MG;3117801;MG;DCA-Anexo I-C;Padrão;Receitas Brutas Realizadas;RO1.7.1.4.52.0.0;1.7.1.4.52.0.0 - Transferências referentes ao Programa Nacional de Alimentação Escolar ¿ PNAE;139468,00;11852
2022;Prefeitura Municipal de Conceição dos Ouros - MG;3117801;MG;DCA-Anexo I-C;Padrão;Receitas Brutas Realizadas;RO1.7.1.4.53.0.0;1.7.1.4.53.0.0 - Transferências referentes ao Programa Nacional de Apoio ao Transporte do Escolar ¿ PNATE;44936,70;11852
2022;Prefeitura Municipal de Conceição dos Ouros - MG;3117801;MG;DCA-Anexo I-C;Padrão;Receitas Brutas Realizadas;RO1.7.1.6.00.0.0;1.7.1.6.00.0.0 - Transferências de Recursos do Fundo Nacional de Assistência Social ¿ FNAS;104770,27;11852
2022;Prefeitura Municipal de Conceição dos Ouros - MG;3117801;MG;DCA-Anexo I-C;Padrão;Receitas Brutas Realizadas;RO1.7.1.7.00.0.0;1.7.1.7.00.0.0 - Transferências de Convênios da União e de Suas Entidades;73284,80;11852
2022;Prefeitura Municipal de Conceição dos Ouros - MG;3117801;MG;DCA-Anexo I-C;Padrão;Receitas Brutas Realizadas;RO1.7.1.7.52.0.0;1.7.1.7.52.0.0 - Transferências de Convênios da União Destinadas a Programas de Assistência Social;73284,80;11852
2022;Prefeitura Municipal de Conceição dos Ouros - MG;3117801;MG;DCA-Anexo I-C;Padrão;Receitas Brutas Realizadas;RO1.7.1.9.00.0.0;1.7.1.9.00.0.0 - Outras Transferências de Recursos da União e de suas Entidades;257513,65;11852
2022;Prefeitura Municipal de Conceição dos Ouros - MG;3117801;MG;DCA-Anexo I-C;Padrão;Deduções - FUNDEB;RO1.7.1.9.00.0.0;1.7.1.9.00.0.0 - Outras Transferências de Recursos da União e de suas Entidades;20555,41;11852
2022;Prefeitura Municipal de Conceição dos Ouros - MG;3117801;MG;DCA-Anexo I-C;Padrão;Receitas Brutas Realizadas;RO1.7.1.9.99.0.0;1.7.1.9.99.0.0 - Outras Transferências de Recursos da União e de suas Entidades;257513,65;11852
2022;Prefeitura Municipal de Conceição dos Ouros - MG;3117801;MG;DCA-Anexo I-C;Padrão;Deduções - FUNDEB;RO1.7.1.9.99.0.0;1.7.1.9.99.0.0 - Outras Transferências de Recursos da União e de suas Entidades;20555,41;11852
2022;Prefeitura Municipal de Conceição dos Ouros - MG;3117801;MG;DCA-Anexo I-C;Padrão;Receitas Brutas Realizadas;RO1.7.2.0.00.0.0;1.7.2.0.00.0.0 - Transferências dos Estados e do Distrito Federal e de suas Entidades;8816087,54;11852
2022;Prefeitura Municipal de Conceição dos Ouros - MG;3117801;MG;DCA-Anexo I-C;Padrão;Deduções - FUNDEB;RO1.7.2.0.00.0.0;1.7.2.0.00.0.0 - Transferências dos Estados e do Distrito Federal e de suas Entidades;1562734,23;11852
2022;Prefeitura Municipal de Conceição dos Ouros - MG;3117801;MG;DCA-Anexo I-C;Padrão;Receitas Brutas Realizadas;RO1.7.2.1.00.0.0;1.7.2.1.00.0.0 - Participação na Receita dos Estados e Distrito Federal;7826362,62;11852
2022;Prefeitura Municipal de Conceição dos Ouros - MG;3117801;MG;DCA-Anexo I-C;Padrão;Deduções - FUNDEB;RO1.7.2.1.00.0.0;1.7.2.1.00.0.0 - Participação na Receita dos Estados e Distrito Federal;1562734,23;11852
2022;Prefeitura Municipal de Conceição dos Ouros - MG;3117801;MG;DCA-Anexo I-C;Padrão;Receitas Brutas Realizadas;RO1.7.2.1.50.0.0;1.7.2.1.50.0.0 - Cota-Parte do ICMS;6262206,19;11852
2022;Prefeitura Municipal de Conceição dos Ouros - MG;3117801;MG;DCA-Anexo I-C;Padrão;Deduções - FUNDEB;RO1.7.2.1.50.0.0;1.7.2.1.50.0.0 - Cota-Parte do ICMS;1252440,88;11852
2022;Prefeitura Municipal de Conceição dos Ouros - MG;3117801;MG;DCA-Anexo I-C;Padrão;Receitas Brutas Realizadas;RO1.7.2.1.51.0.0;1.7.2.1.51.0.0 - Cota-Parte do IPVA;1475961,43;11852
2022;Prefeitura Municipal de Conceição dos Ouros - MG;3117801;MG;DCA-Anexo I-C;Padrão;Deduções - FUNDEB;RO1.7.2.1.51.0.0;1.7.2.1.51.0.0 - Cota-Parte do IPVA;295191,10;11852
2022;Prefeitura Municipal de Conceição dos Ouros - MG;3117801;MG;DCA-Anexo I-C;Padrão;Receitas Brutas Realizadas;RO1.7.2.1.52.0.0;1.7.2.1.52.0.0 - Cota-Parte do IPI - Municípios;75511,25;11852
2022;Prefeitura Municipal de Conceição dos Ouros - MG;3117801;MG;DCA-Anexo I-C;Padrão;Deduções - FUNDEB;RO1.7.2.1.52.0.0;1.7.2.1.52.0.0 - Cota-Parte do IPI - Municípios;15102,25;11852
2022;Prefeitura Municipal de Conceição dos Ouros - MG;3117801;MG;DCA-Anexo I-C;Padrão;Receitas Brutas Realizadas;RO1.7.2.1.53.0.0;1.7.2.1.53.0.0 - Cota-Parte da Contribuição de Intervenção no Domínio Econômico;12683,75;11852
2022;Prefeitura Municipal de Conceição dos Ouros - MG;3117801;MG;DCA-Anexo I-C;Padrão;Receitas Brutas Realizadas;RO1.7.2.3.00.0.0;1.7.2.3.00.0.0 - Transferências de Recursos do Sistema Único de Saúde ¿ SUS;624007,73;11852
2022;Prefeitura Municipal de Conceição dos Ouros - MG;3117801;MG;DCA-Anexo I-C;Padrão;Receitas Brutas Realizadas;RO1.7.2.4.00.0.0;1.7.2.4.00.0.0 - Transferências de Convênios dos Estados e DF e de Suas Entidades;165842,39;11852
2022;Prefeitura Municipal de Conceição dos Ouros - MG;3117801;MG;DCA-Anexo I-C;Padrão;Receitas Brutas Realizadas;RO1.7.2.4.50.0.0;1.7.2.4.50.0.0 - Transferências de Convênios dos Estados e DF para o Sistema Único de Saúde ¿ SUS;66936,66;11852
2022;Prefeitura Municipal de Conceição dos Ouros - MG;3117801;MG;DCA-Anexo I-C;Padrão;Receitas Brutas Realizadas;RO1.7.2.4.99.0.0;1.7.2.4.99.0.0 - Outras Transferências de Convênios dos Estados e DF e de Suas Entidades;98905,73;11852
2022;Prefeitura Municipal de Conceição dos Ouros - MG;3117801;MG;DCA-Anexo I-C;Padrão;Receitas Brutas Realizadas;RO1.7.2.9.00.0.0;1.7.2.9.00.0.0 - Outras Transferências dos Estados e Distrito Federal;199874,80;11852
2022;Prefeitura Municipal de Conceição dos Ouros - MG;3117801;MG;DCA-Anexo I-C;Padrão;Receitas Brutas Realizadas;RO1.7.2.9.99.0.0;1.7.2.9.99.0.0 - Outras Transferências dos Estados e DF;199874,80;11852
2022;Prefeitura Municipal de Conceição dos Ouros - MG;3117801;MG;DCA-Anexo I-C;Padrão;Receitas Brutas Realizadas;RO1.7.4.0.00.0.0;1.7.4.0.00.0.0 - Transferências de Instituições Privadas;112633,44;11852
2022;Prefeitura Municipal de Conceição dos Ouros - MG;3117801;MG;DCA-Anexo I-C;Padrão;Receitas Brutas Realizadas;RO1.7.4.1.00.0.0;1.7.4.1.00.0.0 - Transferências de Instituições Privadas;112633,44;11852
2022;Prefeitura Municipal de Conceição dos Ouros - MG;3117801;MG;DCA-Anexo I-C;Padrão;Receitas Brutas Realizadas;RO1.7.4.1.50.0.0;1.7.4.1.50.0.0 - Transferências de Convênios de Instituições Privadas para Programas de Saúde;112633,44;11852
2022;Prefeitura Municipal de Conceição dos Ouros - MG;3117801;MG;DCA-Anexo I-C;Padrão;Receitas Brutas Realizadas;RO1.7.5.0.00.0.0;1.7.5.0.00.0.0 - Transferências de Outras Instituições Públicas;7667205,34;11852
2022;Prefeitura Municipal de Conceição dos Ouros - MG;3117801;MG;DCA-Anexo I-C;Padrão;Receitas Brutas Realizadas;RO1.7.5.1.00.0.0;1.7.5.1.00.0.0 - Transferências de Recursos do Fundo de Manutenção e Desenvolvimento da Educação Básica e de Valorização dos Profissionais da Educação - FUNDEB;7667205,34;11852
2022;Prefeitura Municipal de Conceição dos Ouros - MG;3117801;MG;DCA-Anexo I-C;Padrão;Receitas Brutas Realizadas;RO1.7.9.0.00.0.0;1.7.9.0.00.0.0 - Demais Transferências Correntes;200,00;11852
2022;Prefeitura Municipal de Conceição dos Ouros - MG;3117801;MG;DCA-Anexo I-C;Padrão;Receitas Brutas Realizadas;RO1.7.9.1.00.0.0;1.7.9.1.00.0.0 - Transferências de Pessoas Físicas;200,00;11852
2022;Prefeitura Municipal de Conceição dos Ouros - MG;3117801;MG;DCA-Anexo I-C;Padrão;Receitas Brutas Realizadas;RO1.7.9.1.99.0.0;1.7.9.1.99.0.0 - Outras Transferências de Pessoas Físicas;200,00;11852
2022;Prefeitura Municipal de Conceição dos Ouros - MG;3117801;MG;DCA-Anexo I-C;Padrão;Receitas Brutas Realizadas;RO1.9.0.0.00.0.0;1.9.0.0.00.0.0 - Outras Receitas Correntes;134919,08;11852
2022;Prefeitura Municipal de Conceição dos Ouros - MG;3117801;MG;DCA-Anexo I-C;Padrão;Receitas Brutas Realizadas;RO1.9.2.0.00.0.0;1.9.2.0.00.0.0 - Indenizações, Restituições e Ressarcimentos;13574,08;11852
2022;Prefeitura Municipal de Conceição dos Ouros - MG;3117801;MG;DCA-Anexo I-C;Padrão;Receitas Brutas Realizadas;RO1.9.2.2.00.0.0;1.9.2.2.00.0.0 - Restituições;13574,08;11852
2022;Prefeitura Municipal de Conceição dos Ouros - MG;3117801;MG;DCA-Anexo I-C;Padrão;Receitas Brutas Realizadas;RO1.9.2.2.99.0.0;1.9.2.2.99.0.0 - Outras Restituições;13574,08;11852
2022;Prefeitura Municipal de Conceição dos Ouros - MG;3117801;MG;DCA-Anexo I-C;Padrão;Receitas Brutas Realizadas;RO1.9.9.0.00.0.0;1.9.9.0.00.0.0 - Demais Receitas Correntes;121345,00;11852
2022;Prefeitura Municipal de Conceição dos Ouros - MG;3117801;MG;DCA-Anexo I-C;Padrão;Receitas Brutas Realizadas;RO1.9.9.9.00.0.0;1.9.9.9.00.0.0 - Outras Receitas Correntes;121345,00;11852
2022;Prefeitura Municipal de Conceição dos Ouros - MG;3117801;MG;DCA-Anexo I-C;Padrão;Receitas Brutas Realizadas;RO1.9.9.9.99.0.0;1.9.9.9.99.0.0 - Outras Receitas;121345,00;11852
2022;Prefeitura Municipal de Conceição dos Ouros - MG;3117801;MG;DCA-Anexo I-C;Padrão;Receitas Brutas Realizadas;RO1.9.9.9.99.2.0;1.9.9.9.99.2.0 - Outras Receitas Não Arrecadadas e Não Projetadas pela RFB - Primárias;121345,00;11852
2022;Prefeitura Municipal de Conceição dos Ouros - MG;3117801;MG;DCA-Anexo I-C;Padrão;Receitas Brutas Realizadas;RO2.0.0.0.00.0.0;2.0.0.0.00.0.0 - Receitas de Capital;6656539,12;11852
2022;Prefeitura Municipal de Conceição dos Ouros - MG;3117801;MG;DCA-Anexo I-C;Padrão;Receitas Brutas Realizadas;RO2.1.0.0.00.0.0;2.1.0.0.00.0.0 - Operações de Crédito;340583,90;11852
2022;Prefeitura Municipal de Conceição dos Ouros - MG;3117801;MG;DCA-Anexo I-C;Padrão;Receitas Brutas Realizadas;RO2.1.1.0.00.0.0;2.1.1.0.00.0.0 - Operações de Crédito - Mercado Interno;340583,90;11852
2022;Prefeitura Municipal de Conceição dos Ouros - MG;3117801;MG;DCA-Anexo I-C;Padrão;Receitas Brutas Realizadas;RO2.1.1.2.00.0.0;2.1.1.2.00.0.0 - Operações de Crédito Contratuais - Mercado Interno;340583,90;11852
2022;Prefeitura Municipal de Conceição dos Ouros - MG;3117801;MG;DCA-Anexo I-C;Padrão;Receitas Brutas Realizadas;RO2.1.1.2.01.0.0;2.1.1.2.01.0.0 - Operações de Crédito Contratuais - Mercado Interno;340583,90;11852
2022;Prefeitura Municipal de Conceição dos Ouros - MG;3117801;MG;DCA-Anexo I-C;Padrão;Receitas Brutas Realizadas;RO2.4.0.0.00.0.0;2.4.0.0.00.0.0 - Transferências de Capital;6315955,22;11852
2022;Prefeitura Municipal de Conceição dos Ouros - MG;3117801;MG;DCA-Anexo I-C;Padrão;Receitas Brutas Realizadas;RO2.4.1.0.00.0.0;2.4.1.0.00.0.0 - Transferências da União e de suas Entidades;1138745,00;11852
2022;Prefeitura Municipal de Conceição dos Ouros - MG;3117801;MG;DCA-Anexo I-C;Padrão;Receitas Brutas Realizadas;RO2.4.1.4.00.0.0;2.4.1.4.00.0.0 - Transferências de Convênios da União e de suas Entidades ;488745,00;11852
2022;Prefeitura Municipal de Conceição dos Ouros - MG;3117801;MG;DCA-Anexo I-C;Padrão;Receitas Brutas Realizadas;RO2.4.1.4.50.0.0;2.4.1.4.50.0.0 - Transferências de Convênios da União para o Sistema Único de Saúde ¿ SUS;249995,00;11852
2022;Prefeitura Municipal de Conceição dos Ouros - MG;3117801;MG;DCA-Anexo I-C;Padrão;Receitas Brutas Realizadas;RO2.4.1.4.99.0.0;2.4.1.4.99.0.0 - Outras Transferências de Convênios da União e de Suas Entidades;238750,00;11852
2022;Prefeitura Municipal de Conceição dos Ouros - MG;3117801;MG;DCA-Anexo I-C;Padrão;Receitas Brutas Realizadas;RO2.4.1.9.00.0.0;2.4.1.9.00.0.0 - Outras Transferências de Recursos da União e de suas Entidades;650000,00;11852
2022;Prefeitura Municipal de Conceição dos Ouros - MG;3117801;MG;DCA-Anexo I-C;Padrão;Receitas Brutas Realizadas;RO2.4.1.9.99.0.0;2.4.1.9.99.0.0 - Outras Transferências De Recursos da União e de suas Entidades;650000,00;11852
2022;Prefeitura Municipal de Conceição dos Ouros - MG;3117801;MG;DCA-Anexo I-C;Padrão;Receitas Brutas Realizadas;RO2.4.2.0.00.0.0;2.4.2.0.00.0.0 - Transferências dos Estados e do Distrito Federal e de suas Entidades;4897850,22;11852
2022;Prefeitura Municipal de Conceição dos Ouros - MG;3117801;MG;DCA-Anexo I-C;Padrão;Receitas Brutas Realizadas;RO2.4.2.1.00.0.0;2.4.2.1.00.0.0 - Transferências de Recursos do Sistema Único de Saúde ¿ SUS dos Estados e DF;361840,56;11852
2022;Prefeitura Municipal de Conceição dos Ouros - MG;3117801;MG;DCA-Anexo I-C;Padrão;Receitas Brutas Realizadas;RO2.4.2.1.50.0.0;2.4.2.1.50.0.0 - Transferências de Recursos do Sistema Único de Saúde ¿ SUS;361840,56;11852
2022;Prefeitura Municipal de Conceição dos Ouros - MG;3117801;MG;DCA-Anexo I-C;Padrão;Receitas Brutas Realizadas;RO2.4.2.2.00.0.0;2.4.2.2.00.0.0 - Transferências de Convênios dos Estados e DF e de Suas Entidades ;2834087,66;11852
2022;Prefeitura Municipal de Conceição dos Ouros - MG;3117801;MG;DCA-Anexo I-C;Padrão;Receitas Brutas Realizadas;RO2.4.2.2.50.0.0;2.4.2.2.50.0.0 - Transferências de Convênios dos Estados para o Sistema Único de Saúde ¿ SUS;336346,24;11852
2022;Prefeitura Municipal de Conceição dos Ouros - MG;3117801;MG;DCA-Anexo I-C;Padrão;Receitas Brutas Realizadas;RO2.4.2.2.51.0.0;2.4.2.2.51.0.0 - Transferências de Convênios dos Estados destinadas a Programas de Educação;2497741,42;11852
2022;Prefeitura Municipal de Conceição dos Ouros - MG;3117801;MG;DCA-Anexo I-C;Padrão;Receitas Brutas Realizadas;RO2.4.2.9.00.0.0;2.4.2.9.00.0.0 - Outras Transferências de Recursos dos Estados;1701922,00;11852
2022;Prefeitura Municipal de Conceição dos Ouros - MG;3117801;MG;DCA-Anexo I-C;Padrão;Receitas Brutas Realizadas;RO2.4.2.9.99.0.0;2.4.2.9.99.0.0 - Outras Transferências de Recursos dos Estados;1701922,00;11852
2022;Prefeitura Municipal de Conceição dos Ouros - MG;3117801;MG;DCA-Anexo I-C;Padrão;Receitas Brutas Realizadas;RO2.4.3.0.00.0.0;2.4.3.0.00.0.0 - Transferências dos Municípios e de suas Entidades;279360,00;11852
2022;Prefeitura Municipal de Conceição dos Ouros - MG;3117801;MG;DCA-Anexo I-C;Padrão;Receitas Brutas Realizadas;RO2.4.3.1.00.0.0;2.4.3.1.00.0.0 - Transferências de Recursos do Sistema Único de Saúde ¿ SUS dos Municípios ;279360,00;11852
2022;Prefeitura Municipal de Conceição dos Ouros - MG;3117801;MG;DCA-Anexo I-C;Padrão;Receitas Brutas Realizadas;RO2.4.3.1.50.0.0;2.4.3.1.50.0.0 - Transferências de Recursos do Sistema Único de Saúde ¿ SUS dos Municípios ;279360,00;11852
2022;Prefeitura Municipal de Conceição dos Ouros - MG;3117801;MG;DCA-Anexo I-C;Padrão;Receitas Brutas Realizadas;TotalReceitas;TOTAL DAS RECEITAS (III) = (I + II);53585480,89;11852
2022;Prefeitura Municipal de Conceição dos Ouros - MG;3117801;MG;DCA-Anexo I-C;Padrão;Deduções - FUNDEB;TotalReceitas;TOTAL DAS RECEITAS (III) = (I + II);5359552,63;11852
2023;Prefeitura Municipal de Conceição dos Ouros - MG;3117801;MG;DCA-Anexo I-C;Padrão;Receitas Brutas Realizadas;ReceitasExcetoIntraOrcamentarias;RECEITAS (EXCETO INTRA-ORÇAMENTÁRIAS) (I);57411613,80;11852
2023;Prefeitura Municipal de Conceição dos Ouros - MG;3117801;MG;DCA-Anexo I-C;Padrão;Deduções - FUNDEB;ReceitasExcetoIntraOrcamentarias;RECEITAS (EXCETO INTRA-ORÇAMENTÁRIAS) (I);5592838,16;11852
2023;Prefeitura Municipal de Conceição dos Ouros - MG;3117801;MG;DCA-Anexo I-C;Padrão;Receitas Brutas Realizadas;RO1.0.0.0.00.0.0;1.0.0.0.00.0.0 - Receitas Correntes;51552013,88;11852
2023;Prefeitura Municipal de Conceição dos Ouros - MG;3117801;MG;DCA-Anexo I-C;Padrão;Deduções - FUNDEB;RO1.0.0.0.00.0.0;1.0.0.0.00.0.0 - Receitas Correntes;5592838,16;11852
2023;Prefeitura Municipal de Conceição dos Ouros - MG;3117801;MG;DCA-Anexo I-C;Padrão;Receitas Brutas Realizadas;RO1.1.0.0.00.0.0;1.1.0.0.00.0.0 - Impostos, Taxas e Contribuições de Melhoria;3424159,23;11852
2023;Prefeitura Municipal de Conceição dos Ouros - MG;3117801;MG;DCA-Anexo I-C;Padrão;Receitas Brutas Realizadas;RO1.1.1.0.00.0.0;1.1.1.0.00.0.0 - Impostos;2595738,57;11852
2023;Prefeitura Municipal de Conceição dos Ouros - MG;3117801;MG;DCA-Anexo I-C;Padrão;Receitas Brutas Realizadas;RO1.1.1.2.00.0.0;1.1.1.2.00.0.0 - Impostos sobre o Patrimônio;1060266,93;11852
2023;Prefeitura Municipal de Conceição dos Ouros - MG;3117801;MG;DCA-Anexo I-C;Padrão;Receitas Brutas Realizadas;RO1.1.1.2.50.0.0;1.1.1.2.50.0.0 - Imposto sobre a Propriedade Predial e Territorial Urbana;917539,14;11852
2023;Prefeitura Municipal de Conceição dos Ouros - MG;3117801;MG;DCA-Anexo I-C;Padrão;Receitas Brutas Realizadas;RO1.1.1.2.53.0.0;"1.1.1.2.53.0.0 - Impostos sobre Transmissão ""Inter Vivos"" de Bens Imóveis e de Direitos Reais sobre Imóveis";142727,79;11852
2023;Prefeitura Municipal de Conceição dos Ouros - MG;3117801;MG;DCA-Anexo I-C;Padrão;Receitas Brutas Realizadas;RO1.1.1.3.00.0.0;1.1.1.3.00.0.0 - Impostos sobre a Renda e Proventos de Qualquer Natureza;372471,65;11852
2023;Prefeitura Municipal de Conceição dos Ouros - MG;3117801;MG;DCA-Anexo I-C;Padrão;Receitas Brutas Realizadas;RO1.1.1.3.03.0.0;1.1.1.3.03.0.0 - Imposto sobre a Renda - Retido na Fonte;372471,65;11852
2023;Prefeitura Municipal de Conceição dos Ouros - MG;3117801;MG;DCA-Anexo I-C;Padrão;Receitas Brutas Realizadas;RO1.1.1.3.03.1.0;1.1.1.3.03.1.0 - Imposto sobre a Renda - Retido na Fonte - Trabalho;323270,65;11852
2023;Prefeitura Municipal de Conceição dos Ouros - MG;3117801;MG;DCA-Anexo I-C;Padrão;Receitas Brutas Realizadas;RO1.1.1.3.03.4.0;1.1.1.3.03.4.0 - Imposto sobre a Renda - Retido na Fonte - Outros Rendimentos;49201,00;11852
2023;Prefeitura Municipal de Conceição dos Ouros - MG;3117801;MG;DCA-Anexo I-C;Padrão;Receitas Brutas Realizadas;RO1.1.1.4.00.0.0;1.1.1.4.00.0.0 - Impostos sobre a Produção e Circulação de Mercadorias e Serviços;1162999,99;11852
2023;Prefeitura Municipal de Conceição dos Ouros - MG;3117801;MG;DCA-Anexo I-C;Padrão;Receitas Brutas Realizadas;RO1.1.1.4.51.0.0;1.1.1.4.51.0.0 - Impostos sobre Serviços;1162999,99;11852
2023;Prefeitura Municipal de Conceição dos Ouros - MG;3117801;MG;DCA-Anexo I-C;Padrão;Receitas Brutas Realizadas;RO1.1.1.4.51.1.0;1.1.1.4.51.1.0 - Imposto sobre Serviços de Qualquer Natureza - ISSQN;1162999,99;11852
2023;Prefeitura Municipal de Conceição dos Ouros - MG;3117801;MG;DCA-Anexo I-C;Padrão;Receitas Brutas Realizadas;RO1.1.2.0.00.0.0;1.1.2.0.00.0.0 - Taxas;828420,66;11852
2023;Prefeitura Municipal de Conceição dos Ouros - MG;3117801;MG;DCA-Anexo I-C;Padrão;Receitas Brutas Realizadas;RO1.1.2.1.00.0.0;1.1.2.1.00.0.0 - Taxas pelo Exercício do Poder de Polícia;196275,78;11852
2023;Prefeitura Municipal de Conceição dos Ouros - MG;3117801;MG;DCA-Anexo I-C;Padrão;Receitas Brutas Realizadas;RO1.1.2.1.02.0.0;1.1.2.1.02.0.0 - Taxas de Fiscalização das Telecomunicações;196275,78;11852
2023;Prefeitura Municipal de Conceição dos Ouros - MG;3117801;MG;DCA-Anexo I-C;Padrão;Receitas Brutas Realizadas;RO1.1.2.1.02.2.0;1.1.2.1.02.2.0 - Taxa de Fiscalização de Funcionamento - TFF - Não Proveniente da Utilização de Posições Orbitais;196275,78;11852
2023;Prefeitura Municipal de Conceição dos Ouros - MG;3117801;MG;DCA-Anexo I-C;Padrão;Receitas Brutas Realizadas;RO1.1.2.2.00.0.0;1.1.2.2.00.0.0 - Taxas pela Prestação de Serviços;632144,88;11852
2023;Prefeitura Municipal de Conceição dos Ouros - MG;3117801;MG;DCA-Anexo I-C;Padrão;Receitas Brutas Realizadas;RO1.1.2.2.01.0.0;1.1.2.2.01.0.0 - Taxas pela Prestação de Serviços em Geral;632144,88;11852
2023;Prefeitura Municipal de Conceição dos Ouros - MG;3117801;MG;DCA-Anexo I-C;Padrão;Receitas Brutas Realizadas;RO1.2.0.0.00.0.0;1.2.0.0.00.0.0 - Contribuições;717805,61;11852
2023;Prefeitura Municipal de Conceição dos Ouros - MG;3117801;MG;DCA-Anexo I-C;Padrão;Receitas Brutas Realizadas;RO1.2.4.0.00.0.0;1.2.4.0.00.0.0 - Contribuição para o Custeio do Serviço de Iluminação Pública;717805,61;11852
2023;Prefeitura Municipal de Conceição dos Ouros - MG;3117801;MG;DCA-Anexo I-C;Padrão;Receitas Brutas Realizadas;RO1.3.0.0.00.0.0;1.3.0.0.00.0.0 - Receita Patrimonial;1540500,32;11852
2023;Prefeitura Municipal de Conceição dos Ouros - MG;3117801;MG;DCA-Anexo I-C;Padrão;Receitas Brutas Realizadas;RO1.3.2.0.00.0.0;1.3.2.0.00.0.0 - Valores Mobiliários;1540500,32;11852
2023;Prefeitura Municipal de Conceição dos Ouros - MG;3117801;MG;DCA-Anexo I-C;Padrão;Receitas Brutas Realizadas;RO1.3.2.1.00.0.0;1.3.2.1.00.0.0 - Juros e Correções Monetárias;1540500,32;11852
2023;Prefeitura Municipal de Conceição dos Ouros - MG;3117801;MG;DCA-Anexo I-C;Padrão;Receitas Brutas Realizadas;RO1.3.2.1.01.0.0;1.3.2.1.01.0.0 - Remuneração de Depósitos Bancários;1540500,32;11852
2023;Prefeitura Municipal de Conceição dos Ouros - MG;3117801;MG;DCA-Anexo I-C;Padrão;Receitas Brutas Realizadas;RO1.7.0.0.00.0.0;1.7.0.0.00.0.0 - Transferências Correntes;45839335,26;11852
2023;Prefeitura Municipal de Conceição dos Ouros - MG;3117801;MG;DCA-Anexo I-C;Padrão;Deduções - FUNDEB;RO1.7.0.0.00.0.0;1.7.0.0.00.0.0 - Transferências Correntes;5592838,16;11852
2023;Prefeitura Municipal de Conceição dos Ouros - MG;3117801;MG;DCA-Anexo I-C;Padrão;Receitas Brutas Realizadas;RO1.7.1.0.00.0.0;1.7.1.0.00.0.0 - Transferências da União e de suas Entidades;27263840,51;11852
2023;Prefeitura Municipal de Conceição dos Ouros - MG;3117801;MG;DCA-Anexo I-C;Padrão;Deduções - FUNDEB;RO1.7.1.0.00.0.0;1.7.1.0.00.0.0 - Transferências da União e de suas Entidades;3886507,31;11852
2023;Prefeitura Municipal de Conceição dos Ouros - MG;3117801;MG;DCA-Anexo I-C;Padrão;Receitas Brutas Realizadas;RO1.7.1.1.00.0.0;1.7.1.1.00.0.0 - Transferências Decorrentes de Participação na Receita da União;21363734,80;11852
2023;Prefeitura Municipal de Conceição dos Ouros - MG;3117801;MG;DCA-Anexo I-C;Padrão;Deduções - FUNDEB;RO1.7.1.1.00.0.0;1.7.1.1.00.0.0 - Transferências Decorrentes de Participação na Receita da União;3886507,31;11852
2023;Prefeitura Municipal de Conceição dos Ouros - MG;3117801;MG;DCA-Anexo I-C;Padrão;Receitas Brutas Realizadas;RO1.7.1.1.51.0.0;1.7.1.1.51.0.0 -Cota-Parte do Fundo de Participação dos Municípios - FPM;21308694,71;11852
2023;Prefeitura Municipal de Conceição dos Ouros - MG;3117801;MG;DCA-Anexo I-C;Padrão;Deduções - FUNDEB;RO1.7.1.1.51.0.0;1.7.1.1.51.0.0 -Cota-Parte do Fundo de Participação dos Municípios - FPM;3875499,40;11852
2023;Prefeitura Municipal de Conceição dos Ouros - MG;3117801;MG;DCA-Anexo I-C;Padrão;Receitas Brutas Realizadas;RO1.7.1.1.51.1.0;1.7.1.1.51.1.0 - Cota-Parte do Fundo de Participação dos Municípios - Cota Mensal;19391528,37;11852
2023;Prefeitura Municipal de Conceição dos Ouros - MG;3117801;MG;DCA-Anexo I-C;Padrão;Deduções - FUNDEB;RO1.7.1.1.51.1.0;1.7.1.1.51.1.0 - Cota-Parte do Fundo de Participação dos Municípios - Cota Mensal;3875499,40;11852
2023;Prefeitura Municipal de Conceição dos Ouros - MG;3117801;MG;DCA-Anexo I-C;Padrão;Receitas Brutas Realizadas;RO1.7.1.1.51.2.0;1.7.1.1.51.2.0 - Cota-Parte do Fundo de Participação dos Municípios - Cotas Extraordinárias;1917166,34;11852
2023;Prefeitura Municipal de Conceição dos Ouros - MG;3117801;MG;DCA-Anexo I-C;Padrão;Receitas Brutas Realizadas;RO1.7.1.1.52.0.0;1.7.1.1.52.0.0 - Cota-Parte do Imposto Sobre a Propriedade Territorial Rural;55040,09;11852
2023;Prefeitura Municipal de Conceição dos Ouros - MG;3117801;MG;DCA-Anexo I-C;Padrão;Deduções - FUNDEB;RO1.7.1.1.52.0.0;1.7.1.1.52.0.0 - Cota-Parte do Imposto Sobre a Propriedade Territorial Rural;11007,91;11852
2023;Prefeitura Municipal de Conceição dos Ouros - MG;3117801;MG;DCA-Anexo I-C;Padrão;Receitas Brutas Realizadas;RO1.7.1.2.00.0.0;1.7.1.2.00.0.0 -Transferências das Compensações Financeiras pela Exploração de Recursos Naturais;421097,98;11852
2023;Prefeitura Municipal de Conceição dos Ouros - MG;3117801;MG;DCA-Anexo I-C;Padrão;Receitas Brutas Realizadas;RO1.7.1.2.51.0.0;1.7.1.2.51.0.0 -Cota-parte da Compensação Financeira pela Exploração de Recursos Minerais - CFEM;7275,15;11852
2023;Prefeitura Municipal de Conceição dos Ouros - MG;3117801;MG;DCA-Anexo I-C;Padrão;Receitas Brutas Realizadas;RO1.7.1.2.52.0.0;1.7.1.2.52.0.0 - Cota-parte da Compensação Financeira pela Produção de Petróleo;413822,83;11852
2023;Prefeitura Municipal de Conceição dos Ouros - MG;3117801;MG;DCA-Anexo I-C;Padrão;Receitas Brutas Realizadas;RO1.7.1.2.52.4.0;1.7.1.2.52.4.0 - Cota-Parte do Fundo Especial do Petróleo ¿ FEP;413822,83;11852
2023;Prefeitura Municipal de Conceição dos Ouros - MG;3117801;MG;DCA-Anexo I-C;Padrão;Receitas Brutas Realizadas;RO1.7.1.3.00.0.0;1.7.1.3.00.0.0 -Transferências de Recursos do Sistema Único de Saúde ¿ SUS ;3471667,68;11852
2023;Prefeitura Municipal de Conceição dos Ouros - MG;3117801;MG;DCA-Anexo I-C;Padrão;Receitas Brutas Realizadas;RO1.7.1.3.50.0.0;1.7.1.3.50.0.0 - Transferências de Recursos do Sistema Único de Saúde ¿ SUS ¿ Repasses Fundo a Fundo - Bloco de Manutenção das Ações e Serviços Públicos de Saúde;3471667,68;11852
2023;Prefeitura Municipal de Conceição dos Ouros - MG;3117801;MG;DCA-Anexo I-C;Padrão;Receitas Brutas Realizadas;RO1.7.1.3.50.1.0;1.7.1.3.50.1.0 - Transferências de Recursos do Bloco de Manutenção das Ações e Serviços Públicos de Saúde ¿ Atenção Primária;3072900,26;11852
2023;Prefeitura Municipal de Conceição dos Ouros - MG;3117801;MG;DCA-Anexo I-C;Padrão;Receitas Brutas Realizadas;RO1.7.1.3.50.2.0;1.7.1.3.50.2.0 - Transferências de Recursos do Bloco de Manutenção das Ações e Serviços Públicos de Saúde ¿ Atenção Especializada;398767,42;11852
2023;Prefeitura Municipal de Conceição dos Ouros - MG;3117801;MG;DCA-Anexo I-C;Padrão;Receitas Brutas Realizadas;RO1.7.1.4.00.0.0;1.7.1.4.00.0.0 -Transferências de Recursos do Fundo Nacional do Desenvolvimento da Educação ¿ FNDE¿ ;850452,99;11852
2023;Prefeitura Municipal de Conceição dos Ouros - MG;3117801;MG;DCA-Anexo I-C;Padrão;Receitas Brutas Realizadas;RO1.7.1.4.50.0.0;1.7.1.4.50.0.0 - Transferências do Salário-Educação;478516,60;11852
2023;Prefeitura Municipal de Conceição dos Ouros - MG;3117801;MG;DCA-Anexo I-C;Padrão;Receitas Brutas Realizadas;RO1.7.1.4.52.0.0;1.7.1.4.52.0.0 - Transferências referentes ao Programa Nacional de Alimentação Escolar ¿ PNAE;217034,00;11852
2023;Prefeitura Municipal de Conceição dos Ouros - MG;3117801;MG;DCA-Anexo I-C;Padrão;Receitas Brutas Realizadas;RO1.7.1.4.53.0.0;1.7.1.4.53.0.0 - Transferências referentes ao Programa Nacional de Apoio ao Transporte do Escolar ¿ PNATE;53309,04;11852
2023;Prefeitura Municipal de Conceição dos Ouros - MG;3117801;MG;DCA-Anexo I-C;Padrão;Receitas Brutas Realizadas;RO1.7.1.4.99.0.0;1.7.1.4.99.0.0 - Outras Transferências Diretas do Fundo Nacional do Desenvolvimento da Educação - FNDE;101593,35;11852
2023;Prefeitura Municipal de Conceição dos Ouros - MG;3117801;MG;DCA-Anexo I-C;Padrão;Receitas Brutas Realizadas;RO1.7.1.6.00.0.0;1.7.1.6.00.0.0 - Transferências de Recursos do Fundo Nacional de Assistência Social ¿ FNAS;133654,34;11852
2023;Prefeitura Municipal de Conceição dos Ouros - MG;3117801;MG;DCA-Anexo I-C;Padrão;Receitas Brutas Realizadas;RO1.7.1.7.00.0.0;1.7.1.7.00.0.0 - Transferências de Convênios da União e de Suas Entidades;47600,00;11852
2023;Prefeitura Municipal de Conceição dos Ouros - MG;3117801;MG;DCA-Anexo I-C;Padrão;Receitas Brutas Realizadas;RO1.7.1.7.52.0.0;1.7.1.7.52.0.0 - Transferências de Convênios da União Destinadas a Programas de Assistência Social;47600,00;11852
2023;Prefeitura Municipal de Conceição dos Ouros - MG;3117801;MG;DCA-Anexo I-C;Padrão;Receitas Brutas Realizadas;RO1.7.1.9.00.0.0;1.7.1.9.00.0.0 - Outras Transferências de Recursos da União e de suas Entidades;975632,72;11852
2023;Prefeitura Municipal de Conceição dos Ouros - MG;3117801;MG;DCA-Anexo I-C;Padrão;Receitas Brutas Realizadas;RO1.7.1.9.57.0.0;1.7.1.9.57.0.0 - Transferência Especial da União;325000,00;11852
2023;Prefeitura Municipal de Conceição dos Ouros - MG;3117801;MG;DCA-Anexo I-C;Padrão;Receitas Brutas Realizadas;RO1.7.1.9.99.0.0;1.7.1.9.99.0.0 - Outras Transferências de Recursos da União e de suas Entidades;650632,72;11852
2023;Prefeitura Municipal de Conceição dos Ouros - MG;3117801;MG;DCA-Anexo I-C;Padrão;Receitas Brutas Realizadas;RO1.7.2.0.00.0.0;1.7.2.0.00.0.0 - Transferências dos Estados e do Distrito Federal e de suas Entidades;10130407,41;11852
2023;Prefeitura Municipal de Conceição dos Ouros - MG;3117801;MG;DCA-Anexo I-C;Padrão;Deduções - FUNDEB;RO1.7.2.0.00.0.0;1.7.2.0.00.0.0 - Transferências dos Estados e do Distrito Federal e de suas Entidades;1706330,85;11852
2023;Prefeitura Municipal de Conceição dos Ouros - MG;3117801;MG;DCA-Anexo I-C;Padrão;Receitas Brutas Realizadas;RO1.7.2.1.00.0.0;1.7.2.1.00.0.0 - Participação na Receita dos Estados e Distrito Federal;8534373,80;11852
2023;Prefeitura Municipal de Conceição dos Ouros - MG;3117801;MG;DCA-Anexo I-C;Padrão;Deduções - FUNDEB;RO1.7.2.1.00.0.0;1.7.2.1.00.0.0 - Participação na Receita dos Estados e Distrito Federal;1706330,85;11852
2023;Prefeitura Municipal de Conceição dos Ouros - MG;3117801;MG;DCA-Anexo I-C;Padrão;Receitas Brutas Realizadas;RO1.7.2.1.50.0.0;1.7.2.1.50.0.0 - Cota-Parte do ICMS;6242016,20;11852
2023;Prefeitura Municipal de Conceição dos Ouros - MG;3117801;MG;DCA-Anexo I-C;Padrão;Deduções - FUNDEB;RO1.7.2.1.50.0.0;1.7.2.1.50.0.0 - Cota-Parte do ICMS;1248402,95;11852
2023;Prefeitura Municipal de Conceição dos Ouros - MG;3117801;MG;DCA-Anexo I-C;Padrão;Receitas Brutas Realizadas;RO1.7.2.1.51.0.0;1.7.2.1.51.0.0 - Cota-Parte do IPVA;2229098,84;11852
2023;Prefeitura Municipal de Conceição dos Ouros - MG;3117801;MG;DCA-Anexo I-C;Padrão;Deduções - FUNDEB;RO1.7.2.1.51.0.0;1.7.2.1.51.0.0 - Cota-Parte do IPVA;445818,69;11852
2023;Prefeitura Municipal de Conceição dos Ouros - MG;3117801;MG;DCA-Anexo I-C;Padrão;Receitas Brutas Realizadas;RO1.7.2.1.52.0.0;1.7.2.1.52.0.0 - Cota-Parte do IPI - Municípios;60701,51;11852
2023;Prefeitura Municipal de Conceição dos Ouros - MG;3117801;MG;DCA-Anexo I-C;Padrão;Deduções - FUNDEB;RO1.7.2.1.52.0.0;1.7.2.1.52.0.0 - Cota-Parte do IPI - Municípios;12109,21;11852
2023;Prefeitura Municipal de Conceição dos Ouros - MG;3117801;MG;DCA-Anexo I-C;Padrão;Receitas Brutas Realizadas;RO1.7.2.1.53.0.0;1.7.2.1.53.0.0 - Cota-Parte da Contribuição de Intervenção no Domínio Econômico;2557,25;11852
2023;Prefeitura Municipal de Conceição dos Ouros - MG;3117801;MG;DCA-Anexo I-C;Padrão;Receitas Brutas Realizadas;RO1.7.2.3.00.0.0;1.7.2.3.00.0.0 - Transferências de Recursos do Sistema Único de Saúde ¿ SUS;1004360,44;11852
2023;Prefeitura Municipal de Conceição dos Ouros - MG;3117801;MG;DCA-Anexo I-C;Padrão;Receitas Brutas Realizadas;RO1.7.2.4.00.0.0;1.7.2.4.00.0.0 - Transferências de Convênios dos Estados e DF e de Suas Entidades;524941,49;11852
2023;Prefeitura Municipal de Conceição dos Ouros - MG;3117801;MG;DCA-Anexo I-C;Padrão;Receitas Brutas Realizadas;RO1.7.2.4.50.0.0;1.7.2.4.50.0.0 - Transferências de Convênios dos Estados e DF para o Sistema Único de Saúde ¿ SUS;38987,28;11852
2023;Prefeitura Municipal de Conceição dos Ouros - MG;3117801;MG;DCA-Anexo I-C;Padrão;Receitas Brutas Realizadas;RO1.7.2.4.99.0.0;1.7.2.4.99.0.0 - Outras Transferências de Convênios dos Estados e DF e de Suas Entidades;485954,21;11852
2023;Prefeitura Municipal de Conceição dos Ouros - MG;3117801;MG;DCA-Anexo I-C;Padrão;Receitas Brutas Realizadas;RO1.7.2.9.00.0.0;1.7.2.9.00.0.0 - Outras Transferências dos Estados e Distrito Federal;66731,68;11852
2023;Prefeitura Municipal de Conceição dos Ouros - MG;3117801;MG;DCA-Anexo I-C;Padrão;Receitas Brutas Realizadas;RO1.7.2.9.99.0.0;1.7.2.9.99.0.0 - Outras Transferências dos Estados e DF;66731,68;11852
2023;Prefeitura Municipal de Conceição dos Ouros - MG;3117801;MG;DCA-Anexo I-C;Padrão;Receitas Brutas Realizadas;RO1.7.4.0.00.0.0;1.7.4.0.00.0.0 - Transferências de Instituições Privadas;44499,09;11852
2023;Prefeitura Municipal de Conceição dos Ouros - MG;3117801;MG;DCA-Anexo I-C;Padrão;Receitas Brutas Realizadas;RO1.7.4.1.00.0.0;1.7.4.1.00.0.0 - Transferências de Instituições Privadas;44499,09;11852
2023;Prefeitura Municipal de Conceição dos Ouros - MG;3117801;MG;DCA-Anexo I-C;Padrão;Receitas Brutas Realizadas;RO1.7.4.1.50.0.0;1.7.4.1.50.0.0 - Transferências de Convênios de Instituições Privadas para Programas de Saúde;44499,09;11852
2023;Prefeitura Municipal de Conceição dos Ouros - MG;3117801;MG;DCA-Anexo I-C;Padrão;Receitas Brutas Realizadas;RO1.7.5.0.00.0.0;1.7.5.0.00.0.0 - Transferências de Outras Instituições Públicas;8400072,35;11852
2023;Prefeitura Municipal de Conceição dos Ouros - MG;3117801;MG;DCA-Anexo I-C;Padrão;Receitas Brutas Realizadas;RO1.7.5.1.00.0.0;1.7.5.1.00.0.0 - Transferências de Recursos do Fundo de Manutenção e Desenvolvimento da Educação Básica e de Valorização dos Profissionais da Educação - FUNDEB;8400072,35;11852
2023;Prefeitura Municipal de Conceição dos Ouros - MG;3117801;MG;DCA-Anexo I-C;Padrão;Receitas Brutas Realizadas;RO1.7.9.0.00.0.0;1.7.9.0.00.0.0 - Demais Transferências Correntes;515,90;11852
2023;Prefeitura Municipal de Conceição dos Ouros - MG;3117801;MG;DCA-Anexo I-C;Padrão;Receitas Brutas Realizadas;RO1.7.9.1.00.0.0;1.7.9.1.00.0.0 - Transferências de Pessoas Físicas;515,90;11852
2023;Prefeitura Municipal de Conceição dos Ouros - MG;3117801;MG;DCA-Anexo I-C;Padrão;Receitas Brutas Realizadas;RO1.7.9.1.99.0.0;1.7.9.1.99.0.0 - Outras Transferências de Pessoas Físicas;515,90;11852
2023;Prefeitura Municipal de Conceição dos Ouros - MG;3117801;MG;DCA-Anexo I-C;Padrão;Receitas Brutas Realizadas;RO1.9.0.0.00.0.0;1.9.0.0.00.0.0 - Outras Receitas Correntes;30213,46;11852
2023;Prefeitura Municipal de Conceição dos Ouros - MG;3117801;MG;DCA-Anexo I-C;Padrão;Receitas Brutas Realizadas;RO1.9.2.0.00.0.0;1.9.2.0.00.0.0 - Indenizações, Restituições e Ressarcimentos;16403,46;11852
2023;Prefeitura Municipal de Conceição dos Ouros - MG;3117801;MG;DCA-Anexo I-C;Padrão;Receitas Brutas Realizadas;RO1.9.2.2.00.0.0;1.9.2.2.00.0.0 - Restituições;16403,46;11852
2023;Prefeitura Municipal de Conceição dos Ouros - MG;3117801;MG;DCA-Anexo I-C;Padrão;Receitas Brutas Realizadas;RO1.9.2.2.99.0.0;1.9.2.2.99.0.0 - Outras Restituições;16403,46;11852
2023;Prefeitura Municipal de Conceição dos Ouros - MG;3117801;MG;DCA-Anexo I-C;Padrão;Receitas Brutas Realizadas;RO1.9.9.0.00.0.0;1.9.9.0.00.0.0 - Demais Receitas Correntes;13810,00;11852
2023;Prefeitura Municipal de Conceição dos Ouros - MG;3117801;MG;DCA-Anexo I-C;Padrão;Receitas Brutas Realizadas;RO1.9.9.9.00.0.0;1.9.9.9.00.0.0 - Outras Receitas Correntes;13810,00;11852
2023;Prefeitura Municipal de Conceição dos Ouros - MG;3117801;MG;DCA-Anexo I-C;Padrão;Receitas Brutas Realizadas;RO1.9.9.9.99.0.0;1.9.9.9.99.0.0 - Outras Receitas;13810,00;11852
2023;Prefeitura Municipal de Conceição dos Ouros - MG;3117801;MG;DCA-Anexo I-C;Padrão;Receitas Brutas Realizadas;RO1.9.9.9.99.2.0;1.9.9.9.99.2.0 - Outras Receitas Não Arrecadadas e Não Projetadas pela RFB - Primárias;13810,00;11852
2023;Prefeitura Municipal de Conceição dos Ouros - MG;3117801;MG;DCA-Anexo I-C;Padrão;Receitas Brutas Realizadas;RO2.0.0.0.00.0.0;2.0.0.0.00.0.0 - Receitas de Capital;5859599,92;11852
2023;Prefeitura Municipal de Conceição dos Ouros - MG;3117801;MG;DCA-Anexo I-C;Padrão;Receitas Brutas Realizadas;RO2.1.0.0.00.0.0;2.1.0.0.00.0.0 - Operações de Crédito;1639531,70;11852
2023;Prefeitura Municipal de Conceição dos Ouros - MG;3117801;MG;DCA-Anexo I-C;Padrão;Receitas Brutas Realizadas;RO2.1.1.0.00.0.0;2.1.1.0.00.0.0 - Operações de Crédito - Mercado Interno;163636,32;11852
2023;Prefeitura Municipal de Conceição dos Ouros - MG;3117801;MG;DCA-Anexo I-C;Padrão;Receitas Brutas Realizadas;RO2.1.1.2.00.0.0;2.1.1.2.00.0.0 - Operações de Crédito Contratuais - Mercado Interno;163636,32;11852
2023;Prefeitura Municipal de Conceição dos Ouros - MG;3117801;MG;DCA-Anexo I-C;Padrão;Receitas Brutas Realizadas;RO2.1.1.2.01.0.0;2.1.1.2.01.0.0 - Operações de Crédito Contratuais - Mercado Interno;72068,42;11852
2023;Prefeitura Municipal de Conceição dos Ouros - MG;3117801;MG;DCA-Anexo I-C;Padrão;Receitas Brutas Realizadas;RO2.1.1.2.54.0.0;2.1.1.2.54.0.0 - Operações de Crédito Internas para Programas de Modernização da Administração Pública;91567,90;11852
2023;Prefeitura Municipal de Conceição dos Ouros - MG;3117801;MG;DCA-Anexo I-C;Padrão;Receitas Brutas Realizadas;RO2.1.2.0.00.0.0;2.1.2.0.00.0.0 - Operações de Crédito - Mercado Externo;1475895,38;11852
2023;Prefeitura Municipal de Conceição dos Ouros - MG;3117801;MG;DCA-Anexo I-C;Padrão;Receitas Brutas Realizadas;RO2.1.2.2.00.0.0;2.1.2.2.00.0.0 - Operações de Crédito Contratuais - Mercado Externo;1475895,38;11852
2023;Prefeitura Municipal de Conceição dos Ouros - MG;3117801;MG;DCA-Anexo I-C;Padrão;Receitas Brutas Realizadas;RO2.1.2.2.55.0.0;2.1.2.2.55.0.0 - Operações de Crédito Externas para Refinanciamento da Dívida Contratual;1475895,38;11852
2023;Prefeitura Municipal de Conceição dos Ouros - MG;3117801;MG;DCA-Anexo I-C;Padrão;Receitas Brutas Realizadas;RO2.2.0.0.00.0.0;2.2.0.0.00.0.0 - Alienação de Bens;205950,00;11852
2023;Prefeitura Municipal de Conceição dos Ouros - MG;3117801;MG;DCA-Anexo I-C;Padrão;Receitas Brutas Realizadas;RO2.2.2.0.00.0.0;2.2.2.0.00.0.0 - Alienação de Bens Imóveis;205950,00;11852
2023;Prefeitura Municipal de Conceição dos Ouros - MG;3117801;MG;DCA-Anexo I-C;Padrão;Receitas Brutas Realizadas;RO2.4.0.0.00.0.0;2.4.0.0.00.0.0 - Transferências de Capital;4014118,22;11852
2023;Prefeitura Municipal de Conceição dos Ouros - MG;3117801;MG;DCA-Anexo I-C;Padrão;Receitas Brutas Realizadas;RO2.4.1.0.00.0.0;2.4.1.0.00.0.0 - Transferências da União e de suas Entidades;3379123,00;11852
2023;Prefeitura Municipal de Conceição dos Ouros - MG;3117801;MG;DCA-Anexo I-C;Padrão;Receitas Brutas Realizadas;RO2.4.1.4.00.0.0;2.4.1.4.00.0.0 - Transferências de Convênios da União e de suas Entidades ;1441123,00;11852
2023;Prefeitura Municipal de Conceição dos Ouros - MG;3117801;MG;DCA-Anexo I-C;Padrão;Receitas Brutas Realizadas;RO2.4.1.4.99.0.0;2.4.1.4.99.0.0 - Outras Transferências de Convênios da União e de Suas Entidades;1441123,00;11852
2023;Prefeitura Municipal de Conceição dos Ouros - MG;3117801;MG;DCA-Anexo I-C;Padrão;Receitas Brutas Realizadas;RO2.4.1.9.00.0.0;2.4.1.9.00.0.0 - Outras Transferências de Recursos da União e de suas Entidades;1938000,00;11852
2023;Prefeitura Municipal de Conceição dos Ouros - MG;3117801;MG;DCA-Anexo I-C;Padrão;Receitas Brutas Realizadas;RO2.4.1.9.51.0.0;2.4.1.9.51.0.0 - Transferência Especial da União;1556000,00;11852
2023;Prefeitura Municipal de Conceição dos Ouros - MG;3117801;MG;DCA-Anexo I-C;Padrão;Receitas Brutas Realizadas;RO2.4.1.9.99.0.0;2.4.1.9.99.0.0 - Outras Transferências De Recursos da União e de suas Entidades;382000,00;11852
2023;Prefeitura Municipal de Conceição dos Ouros - MG;3117801;MG;DCA-Anexo I-C;Padrão;Receitas Brutas Realizadas;RO2.4.2.0.00.0.0;2.4.2.0.00.0.0 - Transferências dos Estados e do Distrito Federal e de suas Entidades;542956,63;11852
2023;Prefeitura Municipal de Conceição dos Ouros - MG;3117801;MG;DCA-Anexo I-C;Padrão;Receitas Brutas Realizadas;RO2.4.2.1.00.0.0;2.4.2.1.00.0.0 - Transferências de Recursos do Sistema Único de Saúde ¿ SUS dos Estados e DF;327112,00;11852
2023;Prefeitura Municipal de Conceição dos Ouros - MG;3117801;MG;DCA-Anexo I-C;Padrão;Receitas Brutas Realizadas;RO2.4.2.1.50.0.0;2.4.2.1.50.0.0 - Transferências de Recursos do Sistema Único de Saúde ¿ SUS;327112,00;11852
2023;Prefeitura Municipal de Conceição dos Ouros - MG;3117801;MG;DCA-Anexo I-C;Padrão;Receitas Brutas Realizadas;RO2.4.2.2.00.0.0;2.4.2.2.00.0.0 - Transferências de Convênios dos Estados e DF e de Suas Entidades ;87737,63;11852
2023;Prefeitura Municipal de Conceição dos Ouros - MG;3117801;MG;DCA-Anexo I-C;Padrão;Receitas Brutas Realizadas;RO2.4.2.2.99.0.0;2.4.2.2.99.0.0 - Outras Transferências de Convênios dos Estados e DF e de Suas Entidades;87737,63;11852
2023;Prefeitura Municipal de Conceição dos Ouros - MG;3117801;MG;DCA-Anexo I-C;Padrão;Receitas Brutas Realizadas;RO2.4.2.9.00.0.0;2.4.2.9.00.0.0 - Outras Transferências de Recursos dos Estados;128107,00;11852
2023;Prefeitura Municipal de Conceição dos Ouros - MG;3117801;MG;DCA-Anexo I-C;Padrão;Receitas Brutas Realizadas;RO2.4.2.9.99.0.0;2.4.2.9.99.0.0 - Outras Transferências de Recursos dos Estados;128107,00;11852
2023;Prefeitura Municipal de Conceição dos Ouros - MG;3117801;MG;DCA-Anexo I-C;Padrão;Receitas Brutas Realizadas;RO2.4.5.0.00.0.0;2.4.5.0.00.0.0 - Transferências de Outras Instituições Públicas;92038,59;11852
2023;Prefeitura Municipal de Conceição dos Ouros - MG;3117801;MG;DCA-Anexo I-C;Padrão;Receitas Brutas Realizadas;RO2.4.5.1.00.0.0;2.4.5.1.00.0.0 - Transferências de Outras Instituições Públicas;92038,59;11852
2023;Prefeitura Municipal de Conceição dos Ouros - MG;3117801;MG;DCA-Anexo I-C;Padrão;Receitas Brutas Realizadas;TotalReceitas;TOTAL DAS RECEITAS (III) = (I + II);57411613,80;11852
2023;Prefeitura Municipal de Conceição dos Ouros - MG;3117801;MG;DCA-Anexo I-C;Padrão;Deduções - FUNDEB;TotalReceitas;TOTAL DAS RECEITAS (III) = (I + II);5592838,16;11852
2024;Prefeitura Municipal de Conceição dos Ouros - MG;3117801;MG;DCA-Anexo I-C;Padrão;Receitas Brutas Realizadas;ReceitasExcetoIntraOrcamentarias;RECEITAS (EXCETO INTRA-ORÇAMENTÁRIAS) (I);63679023,98;10774
2024;Prefeitura Municipal de Conceição dos Ouros - MG;3117801;MG;DCA-Anexo I-C;Padrão;Deduções - FUNDEB;ReceitasExcetoIntraOrcamentarias;RECEITAS (EXCETO INTRA-ORÇAMENTÁRIAS) (I);6409151,46;10774
2024;Prefeitura Municipal de Conceição dos Ouros - MG;3117801;MG;DCA-Anexo I-C;Padrão;Outras Deduções da Receita;ReceitasExcetoIntraOrcamentarias;RECEITAS (EXCETO INTRA-ORÇAMENTÁRIAS) (I);399705,24;10774
2024;Prefeitura Municipal de Conceição dos Ouros - MG;3117801;MG;DCA-Anexo I-C;Padrão;Receitas Brutas Realizadas;RO1.0.0.0.00.0.0;1.0.0.0.00.0.0 - Receitas Correntes;58047352,17;10774
2024;Prefeitura Municipal de Conceição dos Ouros - MG;3117801;MG;DCA-Anexo I-C;Padrão;Deduções - FUNDEB;RO1.0.0.0.00.0.0;1.0.0.0.00.0.0 - Receitas Correntes;6409151,46;10774
2024;Prefeitura Municipal de Conceição dos Ouros - MG;3117801;MG;DCA-Anexo I-C;Padrão;Outras Deduções da Receita;RO1.0.0.0.00.0.0;1.0.0.0.00.0.0 - Receitas Correntes;399705,24;10774
2024;Prefeitura Municipal de Conceição dos Ouros - MG;3117801;MG;DCA-Anexo I-C;Padrão;Receitas Brutas Realizadas;RO1.1.0.0.00.0.0;1.1.0.0.00.0.0 - Impostos, Taxas e Contribuições de Melhoria;4335721,51;10774
2024;Prefeitura Municipal de Conceição dos Ouros - MG;3117801;MG;DCA-Anexo I-C;Padrão;Outras Deduções da Receita;RO1.1.0.0.00.0.0;1.1.0.0.00.0.0 - Impostos, Taxas e Contribuições de Melhoria;375610,16;10774
2024;Prefeitura Municipal de Conceição dos Ouros - MG;3117801;MG;DCA-Anexo I-C;Padrão;Receitas Brutas Realizadas;RO1.1.1.0.00.0.0;1.1.1.0.00.0.0 - Impostos;3503473,47;10774
2024;Prefeitura Municipal de Conceição dos Ouros - MG;3117801;MG;DCA-Anexo I-C;Padrão;Outras Deduções da Receita;RO1.1.1.0.00.0.0;1.1.1.0.00.0.0 - Impostos;375584,91;10774
2024;Prefeitura Municipal de Conceição dos Ouros - MG;3117801;MG;DCA-Anexo I-C;Padrão;Receitas Brutas Realizadas;RO1.1.1.2.00.0.0;1.1.1.2.00.0.0 - Impostos sobre o Patrimônio;1355329,86;10774
2024;Prefeitura Municipal de Conceição dos Ouros - MG;3117801;MG;DCA-Anexo I-C;Padrão;Outras Deduções da Receita;RO1.1.1.2.00.0.0;1.1.1.2.00.0.0 - Impostos sobre o Patrimônio;375584,91;10774
2024;Prefeitura Municipal de Conceição dos Ouros - MG;3117801;MG;DCA-Anexo I-C;Padrão;Receitas Brutas Realizadas;RO1.1.1.2.50.0.0;1.1.1.2.50.0.0 - Imposto sobre a Propriedade Predial e Territorial Urbana;1250252,02;10774
2024;Prefeitura Municipal de Conceição dos Ouros - MG;3117801;MG;DCA-Anexo I-C;Padrão;Outras Deduções da Receita;RO1.1.1.2.50.0.0;1.1.1.2.50.0.0 - Imposto sobre a Propriedade Predial e Territorial Urbana;375584,91;10774
2024;Prefeitura Municipal de Conceição dos Ouros - MG;3117801;MG;DCA-Anexo I-C;Padrão;Receitas Brutas Realizadas;RO1.1.1.2.53.0.0;"1.1.1.2.53.0.0 - Impostos sobre Transmissão ""Inter Vivos"" de Bens Imóveis e de Direitos Reais sobre Imóveis";105077,84;10774
2024;Prefeitura Municipal de Conceição dos Ouros - MG;3117801;MG;DCA-Anexo I-C;Padrão;Receitas Brutas Realizadas;RO1.1.1.3.00.0.0;1.1.1.3.00.0.0 - Impostos sobre a Renda e Proventos de Qualquer Natureza;494471,64;10774
2024;Prefeitura Municipal de Conceição dos Ouros - MG;3117801;MG;DCA-Anexo I-C;Padrão;Receitas Brutas Realizadas;RO1.1.1.3.03.0.0;1.1.1.3.03.0.0 - Imposto sobre a Renda - Retido na Fonte;494471,64;10774
2024;Prefeitura Municipal de Conceição dos Ouros - MG;3117801;MG;DCA-Anexo I-C;Padrão;Receitas Brutas Realizadas;RO1.1.1.3.03.1.0;1.1.1.3.03.1.0 - Imposto sobre a Renda - Retido na Fonte - Trabalho;289859,63;10774
2024;Prefeitura Municipal de Conceição dos Ouros - MG;3117801;MG;DCA-Anexo I-C;Padrão;Receitas Brutas Realizadas;RO1.1.1.3.03.4.0;1.1.1.3.03.4.0 - Imposto sobre a Renda - Retido na Fonte - Outros Rendimentos;204612,01;10774
2024;Prefeitura Municipal de Conceição dos Ouros - MG;3117801;MG;DCA-Anexo I-C;Padrão;Receitas Brutas Realizadas;RO1.1.1.4.00.0.0;1.1.1.4.00.0.0 - Impostos sobre a Produção e Circulação de Mercadorias e Serviços;1653671,97;10774
2024;Prefeitura Municipal de Conceição dos Ouros - MG;3117801;MG;DCA-Anexo I-C;Padrão;Receitas Brutas Realizadas;RO1.1.1.4.51.0.0;1.1.1.4.51.0.0 - Impostos sobre Serviços;1653671,97;10774
2024;Prefeitura Municipal de Conceição dos Ouros - MG;3117801;MG;DCA-Anexo I-C;Padrão;Receitas Brutas Realizadas;RO1.1.1.4.51.1.0;1.1.1.4.51.1.0 - Imposto sobre Serviços de Qualquer Natureza - ISSQN;1653671,97;10774
2024;Prefeitura Municipal de Conceição dos Ouros - MG;3117801;MG;DCA-Anexo I-C;Padrão;Receitas Brutas Realizadas;RO1.1.2.0.00.0.0;1.1.2.0.00.0.0 - Taxas;832248,04;10774
2024;Prefeitura Municipal de Conceição dos Ouros - MG;3117801;MG;DCA-Anexo I-C;Padrão;Outras Deduções da Receita;RO1.1.2.0.00.0.0;1.1.2.0.00.0.0 - Taxas;25,25;10774
2024;Prefeitura Municipal de Conceição dos Ouros - MG;3117801;MG;DCA-Anexo I-C;Padrão;Receitas Brutas Realizadas;RO1.1.2.1.00.0.0;1.1.2.1.00.0.0 - Taxas pelo Exercício do Poder de Polícia;193792,43;10774
2024;Prefeitura Municipal de Conceição dos Ouros - MG;3117801;MG;DCA-Anexo I-C;Padrão;Receitas Brutas Realizadas;RO1.1.2.1.02.0.0;1.1.2.1.02.0.0 - Taxas de Fiscalização das Telecomunicações;193792,43;10774
2024;Prefeitura Municipal de Conceição dos Ouros - MG;3117801;MG;DCA-Anexo I-C;Padrão;Receitas Brutas Realizadas;RO1.1.2.1.02.2.0;1.1.2.1.02.2.0 - Taxa de Fiscalização de Funcionamento - TFF - Não Proveniente da Utilização de Posições Orbitais;193792,43;10774
2024;Prefeitura Municipal de Conceição dos Ouros - MG;3117801;MG;DCA-Anexo I-C;Padrão;Receitas Brutas Realizadas;RO1.1.2.2.00.0.0;1.1.2.2.00.0.0 - Taxas pela Prestação de Serviços;638455,61;10774
2024;Prefeitura Municipal de Conceição dos Ouros - MG;3117801;MG;DCA-Anexo I-C;Padrão;Outras Deduções da Receita;RO1.1.2.2.00.0.0;1.1.2.2.00.0.0 - Taxas pela Prestação de Serviços;25,25;10774
2024;Prefeitura Municipal de Conceição dos Ouros - MG;3117801;MG;DCA-Anexo I-C;Padrão;Receitas Brutas Realizadas;RO1.1.2.2.01.0.0;1.1.2.2.01.0.0 - Taxas pela Prestação de Serviços em Geral;638455,61;10774
2024;Prefeitura Municipal de Conceição dos Ouros - MG;3117801;MG;DCA-Anexo I-C;Padrão;Outras Deduções da Receita;RO1.1.2.2.01.0.0;1.1.2.2.01.0.0 - Taxas pela Prestação de Serviços em Geral;25,25;10774
2024;Prefeitura Municipal de Conceição dos Ouros - MG;3117801;MG;DCA-Anexo I-C;Padrão;Receitas Brutas Realizadas;RO1.2.0.0.00.0.0;1.2.0.0.00.0.0 - Contribuições;837702,73;10774
2024;Prefeitura Municipal de Conceição dos Ouros - MG;3117801;MG;DCA-Anexo I-C;Padrão;Receitas Brutas Realizadas;RO1.2.4.0.00.0.0;1.2.4.0.00.0.0 - Contribuição para o Custeio do Serviço de Iluminação Pública;837702,73;10774
2024;Prefeitura Municipal de Conceição dos Ouros - MG;3117801;MG;DCA-Anexo I-C;Padrão;Receitas Brutas Realizadas;RO1.3.0.0.00.0.0;1.3.0.0.00.0.0 - Receita Patrimonial;1163904,10;10774
2024;Prefeitura Municipal de Conceição dos Ouros - MG;3117801;MG;DCA-Anexo I-C;Padrão;Receitas Brutas Realizadas;RO1.3.2.0.00.0.0;1.3.2.0.00.0.0 - Valores Mobiliários;1163904,10;10774
2024;Prefeitura Municipal de Conceição dos Ouros - MG;3117801;MG;DCA-Anexo I-C;Padrão;Receitas Brutas Realizadas;RO1.3.2.1.00.0.0;1.3.2.1.00.0.0 - Juros e Correções Monetárias;1163904,10;10774
2024;Prefeitura Municipal de Conceição dos Ouros - MG;3117801;MG;DCA-Anexo I-C;Padrão;Receitas Brutas Realizadas;RO1.3.2.1.01.0.0;1.3.2.1.01.0.0 - Remuneração de Depósitos Bancários;1163904,10;10774
2024;Prefeitura Municipal de Conceição dos Ouros - MG;3117801;MG;DCA-Anexo I-C;Padrão;Receitas Brutas Realizadas;RO1.7.0.0.00.0.0;1.7.0.0.00.0.0 - Transferências Correntes;51639316,67;10774
2024;Prefeitura Municipal de Conceição dos Ouros - MG;3117801;MG;DCA-Anexo I-C;Padrão;Deduções - FUNDEB;RO1.7.0.0.00.0.0;1.7.0.0.00.0.0 - Transferências Correntes;6409151,46;10774
2024;Prefeitura Municipal de Conceição dos Ouros - MG;3117801;MG;DCA-Anexo I-C;Padrão;Outras Deduções da Receita;RO1.7.0.0.00.0.0;1.7.0.0.00.0.0 - Transferências Correntes;24095,08;10774
2024;Prefeitura Municipal de Conceição dos Ouros - MG;3117801;MG;DCA-Anexo I-C;Padrão;Receitas Brutas Realizadas;RO1.7.1.0.00.0.0;1.7.1.0.00.0.0 - Transferências da União e de suas Entidades;31426545,30;10774
2024;Prefeitura Municipal de Conceição dos Ouros - MG;3117801;MG;DCA-Anexo I-C;Padrão;Deduções - FUNDEB;RO1.7.1.0.00.0.0;1.7.1.0.00.0.0 - Transferências da União e de suas Entidades;4497870,75;10774
2024;Prefeitura Municipal de Conceição dos Ouros - MG;3117801;MG;DCA-Anexo I-C;Padrão;Outras Deduções da Receita;RO1.7.1.0.00.0.0;1.7.1.0.00.0.0 - Transferências da União e de suas Entidades;24095,08;10774
2024;Prefeitura Municipal de Conceição dos Ouros - MG;3117801;MG;DCA-Anexo I-C;Padrão;Receitas Brutas Realizadas;RO1.7.1.1.00.0.0;1.7.1.1.00.0.0 - Transferências Decorrentes de Participação na Receita da União;24805351,98;10774
2024;Prefeitura Municipal de Conceição dos Ouros - MG;3117801;MG;DCA-Anexo I-C;Padrão;Deduções - FUNDEB;RO1.7.1.1.00.0.0;1.7.1.1.00.0.0 - Transferências Decorrentes de Participação na Receita da União;4497870,75;10774
2024;Prefeitura Municipal de Conceição dos Ouros - MG;3117801;MG;DCA-Anexo I-C;Padrão;Receitas Brutas Realizadas;RO1.7.1.1.51.0.0;1.7.1.1.51.0.0 -Cota-Parte do Fundo de Participação dos Municípios - FPM;24747371,47;10774
2024;Prefeitura Municipal de Conceição dos Ouros - MG;3117801;MG;DCA-Anexo I-C;Padrão;Deduções - FUNDEB;RO1.7.1.1.51.0.0;1.7.1.1.51.0.0 -Cota-Parte do Fundo de Participação dos Municípios - FPM;4486274,80;10774
2024;Prefeitura Municipal de Conceição dos Ouros - MG;3117801;MG;DCA-Anexo I-C;Padrão;Receitas Brutas Realizadas;RO1.7.1.1.51.1.0;1.7.1.1.51.1.0 - Cota-Parte do Fundo de Participação dos Municípios - Cota Mensal;22431375,85;10774
2024;Prefeitura Municipal de Conceição dos Ouros - MG;3117801;MG;DCA-Anexo I-C;Padrão;Deduções - FUNDEB;RO1.7.1.1.51.1.0;1.7.1.1.51.1.0 - Cota-Parte do Fundo de Participação dos Municípios - Cota Mensal;4486274,80;10774
2024;Prefeitura Municipal de Conceição dos Ouros - MG;3117801;MG;DCA-Anexo I-C;Padrão;Receitas Brutas Realizadas;RO1.7.1.1.51.2.0;1.7.1.1.51.2.0 - Cota-Parte do Fundo de Participação dos Municípios - Cotas Extraordinárias;2315995,62;10774
2024;Prefeitura Municipal de Conceição dos Ouros - MG;3117801;MG;DCA-Anexo I-C;Padrão;Receitas Brutas Realizadas;RO1.7.1.1.52.0.0;1.7.1.1.52.0.0 - Cota-Parte do Imposto Sobre a Propriedade Territorial Rural;57980,51;10774
2024;Prefeitura Municipal de Conceição dos Ouros - MG;3117801;MG;DCA-Anexo I-C;Padrão;Deduções - FUNDEB;RO1.7.1.1.52.0.0;1.7.1.1.52.0.0 - Cota-Parte do Imposto Sobre a Propriedade Territorial Rural;11595,95;10774
2024;Prefeitura Municipal de Conceição dos Ouros - MG;3117801;MG;DCA-Anexo I-C;Padrão;Receitas Brutas Realizadas;RO1.7.1.2.00.0.0;1.7.1.2.00.0.0 -Transferências das Compensações Financeiras pela Exploração de Recursos Naturais;451211,26;10774
2024;Prefeitura Municipal de Conceição dos Ouros - MG;3117801;MG;DCA-Anexo I-C;Padrão;Receitas Brutas Realizadas;RO1.7.1.2.51.0.0;1.7.1.2.51.0.0 -Cota-parte da Compensação Financeira pela Exploração de Recursos Minerais - CFEM;5436,39;10774
2024;Prefeitura Municipal de Conceição dos Ouros - MG;3117801;MG;DCA-Anexo I-C;Padrão;Receitas Brutas Realizadas;RO1.7.1.2.52.0.0;1.7.1.2.52.0.0 - Cota-parte da Compensação Financeira pela Produção de Petróleo;445774,87;10774
2024;Prefeitura Municipal de Conceição dos Ouros - MG;3117801;MG;DCA-Anexo I-C;Padrão;Receitas Brutas Realizadas;RO1.7.1.2.52.4.0;1.7.1.2.52.4.0 - Cota-Parte do Fundo Especial do Petróleo ¿ FEP;445774,87;10774
2024;Prefeitura Municipal de Conceição dos Ouros - MG;3117801;MG;DCA-Anexo I-C;Padrão;Receitas Brutas Realizadas;RO1.7.1.3.00.0.0;1.7.1.3.00.0.0 -Transferências de Recursos do Sistema Único de Saúde ¿ SUS ;4402287,40;10774
2024;Prefeitura Municipal de Conceição dos Ouros - MG;3117801;MG;DCA-Anexo I-C;Padrão;Receitas Brutas Realizadas;RO1.7.1.3.50.0.0;1.7.1.3.50.0.0 - Transferências de Recursos do Sistema Único de Saúde ¿ SUS ¿ Repasses Fundo a Fundo - Bloco de Manutenção das Ações e Serviços Públicos de Saúde;4402287,40;10774
2024;Prefeitura Municipal de Conceição dos Ouros - MG;3117801;MG;DCA-Anexo I-C;Padrão;Receitas Brutas Realizadas;RO1.7.1.3.50.1.0;1.7.1.3.50.1.0 - Transferências de Recursos do Bloco de Manutenção das Ações e Serviços Públicos de Saúde ¿ Atenção Primária;3574149,14;10774
2024;Prefeitura Municipal de Conceição dos Ouros - MG;3117801;MG;DCA-Anexo I-C;Padrão;Receitas Brutas Realizadas;RO1.7.1.3.50.2.0;1.7.1.3.50.2.0 - Transferências de Recursos do Bloco de Manutenção das Ações e Serviços Públicos de Saúde ¿ Atenção Especializada;641088,08;10774
2024;Prefeitura Municipal de Conceição dos Ouros - MG;3117801;MG;DCA-Anexo I-C;Padrão;Receitas Brutas Realizadas;RO1.7.1.3.50.3.0;1.7.1.3.50.3.0 - Transferências de Recursos do Bloco de Manutenção das Ações e Serviços Públicos de Saúde ¿ Vigilância em Saúde;135552,00;10774
2024;Prefeitura Municipal de Conceição dos Ouros - MG;3117801;MG;DCA-Anexo I-C;Padrão;Receitas Brutas Realizadas;RO1.7.1.3.50.4.0;1.7.1.3.50.4.0 -Transferências de Recursos do Bloco de Manutenção das Ações e Serviços Públicos de Saúde ¿ Assistência Farmacêutica;51498,18;10774
2024;Prefeitura Municipal de Conceição dos Ouros - MG;3117801;MG;DCA-Anexo I-C;Padrão;Receitas Brutas Realizadas;RO1.7.1.4.00.0.0;1.7.1.4.00.0.0 -Transferências de Recursos do Fundo Nacional do Desenvolvimento da Educação ¿ FNDE¿ ;909222,73;10774
2024;Prefeitura Municipal de Conceição dos Ouros - MG;3117801;MG;DCA-Anexo I-C;Padrão;Receitas Brutas Realizadas;RO1.7.1.4.50.0.0;1.7.1.4.50.0.0 - Transferências do Salário-Educação;583031,31;10774
2024;Prefeitura Municipal de Conceição dos Ouros - MG;3117801;MG;DCA-Anexo I-C;Padrão;Receitas Brutas Realizadas;RO1.7.1.4.52.0.0;1.7.1.4.52.0.0 - Transferências referentes ao Programa Nacional de Alimentação Escolar ¿ PNAE;192484,35;10774
2024;Prefeitura Municipal de Conceição dos Ouros - MG;3117801;MG;DCA-Anexo I-C;Padrão;Receitas Brutas Realizadas;RO1.7.1.4.53.0.0;1.7.1.4.53.0.0 - Transferências referentes ao Programa Nacional de Apoio ao Transporte do Escolar ¿ PNATE;32113,72;10774
2024;Prefeitura Municipal de Conceição dos Ouros - MG;3117801;MG;DCA-Anexo I-C;Padrão;Receitas Brutas Realizadas;RO1.7.1.4.99.0.0;1.7.1.4.99.0.0 - Outras Transferências Diretas do Fundo Nacional do Desenvolvimento da Educação - FNDE;101593,35;10774
2024;Prefeitura Municipal de Conceição dos Ouros - MG;3117801;MG;DCA-Anexo I-C;Padrão;Receitas Brutas Realizadas;RO1.7.1.5.00.0.0;1.7.1.5.00.0.0 - Transferências de Recursos de Complementação da União ao Fundo de Manutenção e Desenvolvimento da Educação Básica e de Valorização dos Profissionais da Educação ¿ FUNDEB ;205581,90;10774
2024;Prefeitura Municipal de Conceição dos Ouros - MG;3117801;MG;DCA-Anexo I-C;Padrão;Outras Deduções da Receita;RO1.7.1.5.00.0.0;1.7.1.5.00.0.0 - Transferências de Recursos de Complementação da União ao Fundo de Manutenção e Desenvolvimento da Educação Básica e de Valorização dos Profissionais da Educação ¿ FUNDEB ;24095,08;10774
2024;Prefeitura Municipal de Conceição dos Ouros - MG;3117801;MG;DCA-Anexo I-C;Padrão;Receitas Brutas Realizadas;RO1.7.1.6.00.0.0;1.7.1.6.00.0.0 - Transferências de Recursos do Fundo Nacional de Assistência Social ¿ FNAS;157150,11;10774
2024;Prefeitura Municipal de Conceição dos Ouros - MG;3117801;MG;DCA-Anexo I-C;Padrão;Receitas Brutas Realizadas;RO1.7.1.7.00.0.0;1.7.1.7.00.0.0 - Transferências de Convênios da União e de Suas Entidades;60000,00;10774
2024;Prefeitura Municipal de Conceição dos Ouros - MG;3117801;MG;DCA-Anexo I-C;Padrão;Receitas Brutas Realizadas;RO1.7.1.7.52.0.0;1.7.1.7.52.0.0 - Transferências de Convênios da União Destinadas a Programas de Assistência Social;60000,00;10774
2024;Prefeitura Municipal de Conceição dos Ouros - MG;3117801;MG;DCA-Anexo I-C;Padrão;Receitas Brutas Realizadas;RO1.7.1.9.00.0.0;1.7.1.9.00.0.0 - Outras Transferências de Recursos da União e de suas Entidades;435739,92;10774
2024;Prefeitura Municipal de Conceição dos Ouros - MG;3117801;MG;DCA-Anexo I-C;Padrão;Receitas Brutas Realizadas;RO1.7.1.9.57.0.0;1.7.1.9.57.0.0 - Transferência Especial da União;285000,00;10774
2024;Prefeitura Municipal de Conceição dos Ouros - MG;3117801;MG;DCA-Anexo I-C;Padrão;Receitas Brutas Realizadas;RO1.7.1.9.60.0.0;1.7.1.9.60.0.0 - Transferências da Política Nacional Aldir Blanc de Fomento à Cultura - Lei nº 14.399/2022;98478,26;10774
2024;Prefeitura Municipal de Conceição dos Ouros - MG;3117801;MG;DCA-Anexo I-C;Padrão;Receitas Brutas Realizadas;RO1.7.1.9.99.0.0;1.7.1.9.99.0.0 - Outras Transferências de Recursos da União e de suas Entidades;52261,66;10774
2024;Prefeitura Municipal de Conceição dos Ouros - MG;3117801;MG;DCA-Anexo I-C;Padrão;Receitas Brutas Realizadas;RO1.7.2.0.00.0.0;1.7.2.0.00.0.0 - Transferências dos Estados e do Distrito Federal e de suas Entidades;10976125,31;10774
2024;Prefeitura Municipal de Conceição dos Ouros - MG;3117801;MG;DCA-Anexo I-C;Padrão;Deduções - FUNDEB;RO1.7.2.0.00.0.0;1.7.2.0.00.0.0 - Transferências dos Estados e do Distrito Federal e de suas Entidades;1911280,71;10774
2024;Prefeitura Municipal de Conceição dos Ouros - MG;3117801;MG;DCA-Anexo I-C;Padrão;Receitas Brutas Realizadas;RO1.7.2.1.00.0.0;1.7.2.1.00.0.0 - Participação na Receita dos Estados e Distrito Federal;9574092,18;10774
2024;Prefeitura Municipal de Conceição dos Ouros - MG;3117801;MG;DCA-Anexo I-C;Padrão;Deduções - FUNDEB;RO1.7.2.1.00.0.0;1.7.2.1.00.0.0 - Participação na Receita dos Estados e Distrito Federal;1911280,71;10774
2024;Prefeitura Municipal de Conceição dos Ouros - MG;3117801;MG;DCA-Anexo I-C;Padrão;Receitas Brutas Realizadas;RO1.7.2.1.50.0.0;1.7.2.1.50.0.0 - Cota-Parte do ICMS;7152533,04;10774
2024;Prefeitura Municipal de Conceição dos Ouros - MG;3117801;MG;DCA-Anexo I-C;Padrão;Deduções - FUNDEB;RO1.7.2.1.50.0.0;1.7.2.1.50.0.0 - Cota-Parte do ICMS;1430506,31;10774
2024;Prefeitura Municipal de Conceição dos Ouros - MG;3117801;MG;DCA-Anexo I-C;Padrão;Receitas Brutas Realizadas;RO1.7.2.1.51.0.0;1.7.2.1.51.0.0 - Cota-Parte do IPVA;2315142,62;10774
2024;Prefeitura Municipal de Conceição dos Ouros - MG;3117801;MG;DCA-Anexo I-C;Padrão;Deduções - FUNDEB;RO1.7.2.1.51.0.0;1.7.2.1.51.0.0 - Cota-Parte do IPVA;463027,34;10774
2024;Prefeitura Municipal de Conceição dos Ouros - MG;3117801;MG;DCA-Anexo I-C;Padrão;Receitas Brutas Realizadas;RO1.7.2.1.52.0.0;1.7.2.1.52.0.0 - Cota-Parte do IPI - Municípios;88735,33;10774
2024;Prefeitura Municipal de Conceição dos Ouros - MG;3117801;MG;DCA-Anexo I-C;Padrão;Deduções - FUNDEB;RO1.7.2.1.52.0.0;1.7.2.1.52.0.0 - Cota-Parte do IPI - Municípios;17747,06;10774
2024;Prefeitura Municipal de Conceição dos Ouros - MG;3117801;MG;DCA-Anexo I-C;Padrão;Receitas Brutas Realizadas;RO1.7.2.1.53.0.0;1.7.2.1.53.0.0 - Cota-Parte da Contribuição de Intervenção no Domínio Econômico;17681,19;10774
2024;Prefeitura Municipal de Conceição dos Ouros - MG;3117801;MG;DCA-Anexo I-C;Padrão;Receitas Brutas Realizadas;RO1.7.2.3.00.0.0;1.7.2.3.00.0.0 - Transferências de Recursos do Sistema Único de Saúde ¿ SUS;826921,75;10774
2024;Prefeitura Municipal de Conceição dos Ouros - MG;3117801;MG;DCA-Anexo I-C;Padrão;Receitas Brutas Realizadas;RO1.7.2.4.00.0.0;1.7.2.4.00.0.0 - Transferências de Convênios dos Estados e DF e de Suas Entidades;113368,96;10774
2024;Prefeitura Municipal de Conceição dos Ouros - MG;3117801;MG;DCA-Anexo I-C;Padrão;Receitas Brutas Realizadas;RO1.7.2.4.50.0.0;1.7.2.4.50.0.0 - Transferências de Convênios dos Estados e DF para o Sistema Único de Saúde ¿ SUS;38987,28;10774
2024;Prefeitura Municipal de Conceição dos Ouros - MG;3117801;MG;DCA-Anexo I-C;Padrão;Receitas Brutas Realizadas;RO1.7.2.4.99.0.0;1.7.2.4.99.0.0 - Outras Transferências de Convênios dos Estados e DF e de Suas Entidades;74381,68;10774
2024;Prefeitura Municipal de Conceição dos Ouros - MG;3117801;MG;DCA-Anexo I-C;Padrão;Receitas Brutas Realizadas;RO1.7.2.9.00.0.0;1.7.2.9.00.0.0 - Outras Transferências dos Estados e Distrito Federal;461742,42;10774
2024;Prefeitura Municipal de Conceição dos Ouros - MG;3117801;MG;DCA-Anexo I-C;Padrão;Receitas Brutas Realizadas;RO1.7.2.9.99.0.0;1.7.2.9.99.0.0 - Outras Transferências dos Estados e DF;461742,42;10774
2024;Prefeitura Municipal de Conceição dos Ouros - MG;3117801;MG;DCA-Anexo I-C;Padrão;Receitas Brutas Realizadas;RO1.7.5.0.00.0.0;1.7.5.0.00.0.0 - Transferências de Outras Instituições Públicas;9231968,31;10774
2024;Prefeitura Municipal de Conceição dos Ouros - MG;3117801;MG;DCA-Anexo I-C;Padrão;Receitas Brutas Realizadas;RO1.7.5.1.00.0.0;1.7.5.1.00.0.0 - Transferências de Recursos do Fundo de Manutenção e Desenvolvimento da Educação Básica e de Valorização dos Profissionais da Educação - FUNDEB;9231968,31;10774
2024;Prefeitura Municipal de Conceição dos Ouros - MG;3117801;MG;DCA-Anexo I-C;Padrão;Receitas Brutas Realizadas;RO1.7.9.0.00.0.0;1.7.9.0.00.0.0 - Demais Transferências Correntes;4677,75;10774
2024;Prefeitura Municipal de Conceição dos Ouros - MG;3117801;MG;DCA-Anexo I-C;Padrão;Receitas Brutas Realizadas;RO1.7.9.1.00.0.0;1.7.9.1.00.0.0 - Transferências de Pessoas Físicas;4677,75;10774
2024;Prefeitura Municipal de Conceição dos Ouros - MG;3117801;MG;DCA-Anexo I-C;Padrão;Receitas Brutas Realizadas;RO1.7.9.1.99.0.0;1.7.9.1.99.0.0 - Outras Transferências de Pessoas Físicas;4677,75;10774
2024;Prefeitura Municipal de Conceição dos Ouros - MG;3117801;MG;DCA-Anexo I-C;Padrão;Receitas Brutas Realizadas;RO1.9.0.0.00.0.0;1.9.0.0.00.0.0 - Outras Receitas Correntes;70707,16;10774
2024;Prefeitura Municipal de Conceição dos Ouros - MG;3117801;MG;DCA-Anexo I-C;Padrão;Receitas Brutas Realizadas;RO1.9.2.0.00.0.0;1.9.2.0.00.0.0 - Indenizações, Restituições e Ressarcimentos;14042,16;10774
2024;Prefeitura Municipal de Conceição dos Ouros - MG;3117801;MG;DCA-Anexo I-C;Padrão;Receitas Brutas Realizadas;RO1.9.2.2.00.0.0;1.9.2.2.00.0.0 - Restituições;14042,16;10774
2024;Prefeitura Municipal de Conceição dos Ouros - MG;3117801;MG;DCA-Anexo I-C;Padrão;Receitas Brutas Realizadas;RO1.9.2.2.99.0.0;1.9.2.2.99.0.0 - Outras Restituições;14042,16;10774
2024;Prefeitura Municipal de Conceição dos Ouros - MG;3117801;MG;DCA-Anexo I-C;Padrão;Receitas Brutas Realizadas;RO1.9.9.0.00.0.0;1.9.9.0.00.0.0 - Demais Receitas Correntes;56665,00;10774
2024;Prefeitura Municipal de Conceição dos Ouros - MG;3117801;MG;DCA-Anexo I-C;Padrão;Receitas Brutas Realizadas;RO1.9.9.9.00.0.0;1.9.9.9.00.0.0 - Outras Receitas Correntes;56665,00;10774
2024;Prefeitura Municipal de Conceição dos Ouros - MG;3117801;MG;DCA-Anexo I-C;Padrão;Receitas Brutas Realizadas;RO1.9.9.9.99.0.0;1.9.9.9.99.0.0 - Outras Receitas;56665,00;10774
2024;Prefeitura Municipal de Conceição dos Ouros - MG;3117801;MG;DCA-Anexo I-C;Padrão;Receitas Brutas Realizadas;RO1.9.9.9.99.2.0;1.9.9.9.99.2.0 - Outras Receitas Não Arrecadadas e Não Projetadas pela RFB - Primárias;56665,00;10774
2024;Prefeitura Municipal de Conceição dos Ouros - MG;3117801;MG;DCA-Anexo I-C;Padrão;Receitas Brutas Realizadas;RO2.0.0.0.00.0.0;2.0.0.0.00.0.0 - Receitas de Capital;5631671,81;10774
2024;Prefeitura Municipal de Conceição dos Ouros - MG;3117801;MG;DCA-Anexo I-C;Padrão;Receitas Brutas Realizadas;RO2.1.0.0.00.0.0;2.1.0.0.00.0.0 - Operações de Crédito;1260028,34;10774
2024;Prefeitura Municipal de Conceição dos Ouros - MG;3117801;MG;DCA-Anexo I-C;Padrão;Receitas Brutas Realizadas;RO2.1.1.0.00.0.0;2.1.1.0.00.0.0 - Operações de Crédito - Mercado Interno;196000,00;10774
2024;Prefeitura Municipal de Conceição dos Ouros - MG;3117801;MG;DCA-Anexo I-C;Padrão;Receitas Brutas Realizadas;RO2.1.1.2.00.0.0;2.1.1.2.00.0.0 - Operações de Crédito Contratuais - Mercado Interno;196000,00;10774
2024;Prefeitura Municipal de Conceição dos Ouros - MG;3117801;MG;DCA-Anexo I-C;Padrão;Receitas Brutas Realizadas;RO2.1.1.2.55.0.0;2.1.1.2.55.0.0 - Operações de Crédito Internas para Refinanciamento da Dívida Contratual;196000,00;10774
2024;Prefeitura Municipal de Conceição dos Ouros - MG;3117801;MG;DCA-Anexo I-C;Padrão;Receitas Brutas Realizadas;RO2.1.2.0.00.0.0;2.1.2.0.00.0.0 - Operações de Crédito - Mercado Externo;1064028,34;10774
2024;Prefeitura Municipal de Conceição dos Ouros - MG;3117801;MG;DCA-Anexo I-C;Padrão;Receitas Brutas Realizadas;RO2.1.2.2.00.0.0;2.1.2.2.00.0.0 - Operações de Crédito Contratuais - Mercado Externo;1064028,34;10774
2024;Prefeitura Municipal de Conceição dos Ouros - MG;3117801;MG;DCA-Anexo I-C;Padrão;Receitas Brutas Realizadas;RO2.1.2.2.55.0.0;2.1.2.2.55.0.0 - Operações de Crédito Externas para Refinanciamento da Dívida Contratual;1064028,34;10774
2024;Prefeitura Municipal de Conceição dos Ouros - MG;3117801;MG;DCA-Anexo I-C;Padrão;Receitas Brutas Realizadas;RO2.4.0.0.00.0.0;2.4.0.0.00.0.0 - Transferências de Capital;4371643,47;10774
2024;Prefeitura Municipal de Conceição dos Ouros - MG;3117801;MG;DCA-Anexo I-C;Padrão;Receitas Brutas Realizadas;RO2.4.1.0.00.0.0;2.4.1.0.00.0.0 - Transferências da União e de suas Entidades;851029,50;10774
2024;Prefeitura Municipal de Conceição dos Ouros - MG;3117801;MG;DCA-Anexo I-C;Padrão;Receitas Brutas Realizadas;RO2.4.1.2.00.0.0;2.4.1.2.00.0.0 - Transferências de Recursos do Fundo Nacional do Desenvolvimento da Educação ¿ FNDE ;469029,50;10774
2024;Prefeitura Municipal de Conceição dos Ouros - MG;3117801;MG;DCA-Anexo I-C;Padrão;Receitas Brutas Realizadas;RO2.4.1.2.50.0.0;2.4.1.2.50.0.0 - Transferências de Recursos Destinados a Programas de Educação;469029,50;10774
2024;Prefeitura Municipal de Conceição dos Ouros - MG;3117801;MG;DCA-Anexo I-C;Padrão;Receitas Brutas Realizadas;RO2.4.1.2.50.1.0;2.4.1.2.50.1.0 - Transferências para o Programa de Apoio ao Transporte Escolar para Educação Básica - CAMINHO DA ESCOLA;469029,50;10774
2024;Prefeitura Municipal de Conceição dos Ouros - MG;3117801;MG;DCA-Anexo I-C;Padrão;Receitas Brutas Realizadas;RO2.4.1.9.00.0.0;2.4.1.9.00.0.0 - Outras Transferências de Recursos da União e de suas Entidades;382000,00;10774
2024;Prefeitura Municipal de Conceição dos Ouros - MG;3117801;MG;DCA-Anexo I-C;Padrão;Receitas Brutas Realizadas;RO2.4.1.9.99.0.0;2.4.1.9.99.0.0 - Outras Transferências De Recursos da União e de suas Entidades;382000,00;10774
2024;Prefeitura Municipal de Conceição dos Ouros - MG;3117801;MG;DCA-Anexo I-C;Padrão;Receitas Brutas Realizadas;RO2.4.2.0.00.0.0;2.4.2.0.00.0.0 - Transferências dos Estados e do Distrito Federal e de suas Entidades;3375570,80;10774
2024;Prefeitura Municipal de Conceição dos Ouros - MG;3117801;MG;DCA-Anexo I-C;Padrão;Receitas Brutas Realizadas;RO2.4.2.1.00.0.0;2.4.2.1.00.0.0 - Transferências de Recursos do Sistema Único de Saúde ¿ SUS dos Estados e DF;218067,05;10774
2024;Prefeitura Municipal de Conceição dos Ouros - MG;3117801;MG;DCA-Anexo I-C;Padrão;Receitas Brutas Realizadas;RO2.4.2.1.50.0.0;2.4.2.1.50.0.0 - Transferências de Recursos do Sistema Único de Saúde ¿ SUS;218067,05;10774
2024;Prefeitura Municipal de Conceição dos Ouros - MG;3117801;MG;DCA-Anexo I-C;Padrão;Receitas Brutas Realizadas;RO2.4.2.2.00.0.0;2.4.2.2.00.0.0 - Transferências de Convênios dos Estados e DF e de Suas Entidades ;800000,00;10774
2024;Prefeitura Municipal de Conceição dos Ouros - MG;3117801;MG;DCA-Anexo I-C;Padrão;Receitas Brutas Realizadas;RO2.4.2.2.54.0.0;2.4.2.2.54.0.0 - Transferências de Convênios dos Estados destinadas a Programas de Infraestrutura em Transporte;500000,00;10774
2024;Prefeitura Municipal de Conceição dos Ouros - MG;3117801;MG;DCA-Anexo I-C;Padrão;Receitas Brutas Realizadas;RO2.4.2.2.99.0.0;2.4.2.2.99.0.0 - Outras Transferências de Convênios dos Estados e DF e de Suas Entidades;300000,00;10774
2024;Prefeitura Municipal de Conceição dos Ouros - MG;3117801;MG;DCA-Anexo I-C;Padrão;Receitas Brutas Realizadas;RO2.4.2.9.00.0.0;2.4.2.9.00.0.0 - Outras Transferências de Recursos dos Estados;2357503,75;10774
2024;Prefeitura Municipal de Conceição dos Ouros - MG;3117801;MG;DCA-Anexo I-C;Padrão;Receitas Brutas Realizadas;RO2.4.2.9.99.0.0;2.4.2.9.99.0.0 - Outras Transferências de Recursos dos Estados;2357503,75;10774
2024;Prefeitura Municipal de Conceição dos Ouros - MG;3117801;MG;DCA-Anexo I-C;Padrão;Receitas Brutas Realizadas;RO2.4.5.0.00.0.0;2.4.5.0.00.0.0 - Transferências de Outras Instituições Públicas;145043,17;10774
2024;Prefeitura Municipal de Conceição dos Ouros - MG;3117801;MG;DCA-Anexo I-C;Padrão;Receitas Brutas Realizadas;RO2.4.5.1.00.0.0;2.4.5.1.00.0.0 - Transferências de Outras Instituições Públicas;145043,17;10774
2024;Prefeitura Municipal de Conceição dos Ouros - MG;3117801;MG;DCA-Anexo I-C;Padrão;Receitas Brutas Realizadas;TotalReceitas;TOTAL DAS RECEITAS (III) = (I + II);63679023,98;10774
2024;Prefeitura Municipal de Conceição dos Ouros - MG;3117801;MG;DCA-Anexo I-C;Padrão;Deduções - FUNDEB;TotalReceitas;TOTAL DAS RECEITAS (III) = (I + II);6409151,46;10774
2024;Prefeitura Municipal de Conceição dos Ouros - MG;3117801;MG;DCA-Anexo I-C;Padrão;Outras Deduções da Receita;TotalReceitas;TOTAL DAS RECEITAS (III) = (I + II);399705,24;10774
