exercicio;instituicao;cod_ibge;uf;anexo;rotulo;coluna;cod_conta;conta;valor;populacao
2014;Prefeitura Municipal de Areado - MG;3104304;MG;DCA-Anexo I-C;NA;Receitas Brutas Realizadas;TotalReceitas;Total Receitas;27484083,30;14624
2014;Prefeitura Municipal de Areado - MG;3104304;MG;DCA-Anexo I-C;NA;Deduções - FUNDEB;TotalReceitas;Total Receitas;3257799,73;14624
2014;Prefeitura Municipal de Areado - MG;3104304;MG;DCA-Anexo I-C;NA;Receitas Brutas Realizadas;RO1.0.0.0.00.00.00;1.0.0.0.00.00.00 - Receitas Correntes;25741874,47;14624
2014;Prefeitura Municipal de Areado - MG;3104304;MG;DCA-Anexo I-C;NA;Deduções - FUNDEB;RO1.0.0.0.00.00.00;1.0.0.0.00.00.00 - Receitas Correntes;3257799,73;14624
2014;Prefeitura Municipal de Areado - MG;3104304;MG;DCA-Anexo I-C;NA;Receitas Brutas Realizadas;RO1.1.0.0.00.00.00;1.1.0.0.00.00.00 - Receita Tributária;1527045,60;14624
2014;Prefeitura Municipal de Areado - MG;3104304;MG;DCA-Anexo I-C;NA;Receitas Brutas Realizadas;RO1.1.1.0.00.00.00;1.1.1.0.00.00.00 - Impostos;1358368,23;14624
2014;Prefeitura Municipal de Areado - MG;3104304;MG;DCA-Anexo I-C;NA;Receitas Brutas Realizadas;RO1.1.1.2.00.00.00;1.1.1.2.00.00.00 - Impostos sobre o Patrimônio e a Renda;921809,61;14624
2014;Prefeitura Municipal de Areado - MG;3104304;MG;DCA-Anexo I-C;NA;Receitas Brutas Realizadas;RO1.1.1.2.02.00.00;1.1.1.2.02.00.00 - Imposto sobre a Propriedade Predial e Territorial Urbana ¿ IPTU;408386,67;14624
2014;Prefeitura Municipal de Areado - MG;3104304;MG;DCA-Anexo I-C;NA;Receitas Brutas Realizadas;RO1.1.1.2.04.00.00;1.1.1.2.04.00.00 - Imposto sobre a Renda e Proventos de Qualquer Natureza ¿ IR;238936,98;14624
2014;Prefeitura Municipal de Areado - MG;3104304;MG;DCA-Anexo I-C;NA;Receitas Brutas Realizadas;RO1.1.1.2.04.31.00;1.1.1.2.04.31.00 - Retido nas Fontes - Trabalho;233239,03;14624
2014;Prefeitura Municipal de Areado - MG;3104304;MG;DCA-Anexo I-C;NA;Receitas Brutas Realizadas;RO1.1.1.2.04.34.00;1.1.1.2.04.34.00 - Retido nas Fontes - Outros Rendimentos;5697,95;14624
2014;Prefeitura Municipal de Areado - MG;3104304;MG;DCA-Anexo I-C;NA;Receitas Brutas Realizadas;RO1.1.1.2.08.00.00;"1.1.1.2.08.00.00 - Imposto sobre Transmissão ""Inter Vivos"" de Bens Imóveis e de Direitos Reais sobre Imóveis ¿ ITBI";274485,96;14624
2014;Prefeitura Municipal de Areado - MG;3104304;MG;DCA-Anexo I-C;NA;Receitas Brutas Realizadas;RO1.1.1.3.00.00.00;1.1.1.3.00.00.00 - Impostos sobre a Produção e a Circulação;436558,62;14624
2014;Prefeitura Municipal de Areado - MG;3104304;MG;DCA-Anexo I-C;NA;Receitas Brutas Realizadas;RO1.1.1.3.05.00.00;1.1.1.3.05.00.00 - Imposto sobre Serviços de Qualquer Natureza ¿ ISSQN;436558,62;14624
2014;Prefeitura Municipal de Areado - MG;3104304;MG;DCA-Anexo I-C;NA;Receitas Brutas Realizadas;RO1.1.2.0.00.00.00;1.1.2.0.00.00.00 - Taxas;168677,37;14624
2014;Prefeitura Municipal de Areado - MG;3104304;MG;DCA-Anexo I-C;NA;Receitas Brutas Realizadas;RO1.1.2.1.00.00.00;1.1.2.1.00.00.00 - Taxas pelo Exercício do Poder de Polícia;168677,37;14624
2014;Prefeitura Municipal de Areado - MG;3104304;MG;DCA-Anexo I-C;NA;Receitas Brutas Realizadas;RO1.3.0.0.00.00.00;1.3.0.0.00.00.00 - Receita Patrimonial;270192,02;14624
2014;Prefeitura Municipal de Areado - MG;3104304;MG;DCA-Anexo I-C;NA;Receitas Brutas Realizadas;RO1.3.1.0.00.00.00;1.3.1.0.00.00.00 - Receitas Imobiliárias;2678,04;14624
2014;Prefeitura Municipal de Areado - MG;3104304;MG;DCA-Anexo I-C;NA;Receitas Brutas Realizadas;RO1.3.1.1.00.00.00;1.3.1.1.00.00.00 - Aluguéis;2678,04;14624
2014;Prefeitura Municipal de Areado - MG;3104304;MG;DCA-Anexo I-C;NA;Receitas Brutas Realizadas;RO1.3.2.0.00.00.00;1.3.2.0.00.00.00 - Receitas de Valores Mobiliários;267513,98;14624
2014;Prefeitura Municipal de Areado - MG;3104304;MG;DCA-Anexo I-C;NA;Receitas Brutas Realizadas;RO1.3.2.5.00.00.00;1.3.2.5.00.00.00 - Remuneração de Depósitos Bancários;267513,98;14624
2014;Prefeitura Municipal de Areado - MG;3104304;MG;DCA-Anexo I-C;NA;Receitas Brutas Realizadas;RO1.6.0.0.00.00.00;1.6.0.0.00.00.00 - Receita de Serviços;49210,61;14624
2014;Prefeitura Municipal de Areado - MG;3104304;MG;DCA-Anexo I-C;NA;Receitas Brutas Realizadas;RO1.6.0.0.13.00.00;1.6.0.0.13.00.00 - Serviços Administrativos;49210,61;14624
2014;Prefeitura Municipal de Areado - MG;3104304;MG;DCA-Anexo I-C;NA;Receitas Brutas Realizadas;RO1.7.0.0.00.00.00;1.7.0.0.00.00.00 - Transferências Correntes;23731841,01;14624
2014;Prefeitura Municipal de Areado - MG;3104304;MG;DCA-Anexo I-C;NA;Deduções - FUNDEB;RO1.7.0.0.00.00.00;1.7.0.0.00.00.00 - Transferências Correntes;3257799,73;14624
2014;Prefeitura Municipal de Areado - MG;3104304;MG;DCA-Anexo I-C;NA;Receitas Brutas Realizadas;RO1.7.2.0.00.00.00;1.7.2.0.00.00.00 - Transferências Intergovernamentais;23617763,29;14624
2014;Prefeitura Municipal de Areado - MG;3104304;MG;DCA-Anexo I-C;NA;Deduções - FUNDEB;RO1.7.2.0.00.00.00;1.7.2.0.00.00.00 - Transferências Intergovernamentais;3257799,73;14624
2014;Prefeitura Municipal de Areado - MG;3104304;MG;DCA-Anexo I-C;NA;Receitas Brutas Realizadas;RO1.7.2.1.00.00.00;1.7.2.1.00.00.00 - Transferências da União;14274896,82;14624
2014;Prefeitura Municipal de Areado - MG;3104304;MG;DCA-Anexo I-C;NA;Deduções - FUNDEB;RO1.7.2.1.00.00.00;1.7.2.1.00.00.00 - Transferências da União;2224745,28;14624
2014;Prefeitura Municipal de Areado - MG;3104304;MG;DCA-Anexo I-C;NA;Receitas Brutas Realizadas;RO1.7.2.1.01.00.00;1.7.2.1.01.00.00 - Participação na Receita da União;11589344,34;14624
2014;Prefeitura Municipal de Areado - MG;3104304;MG;DCA-Anexo I-C;NA;Deduções - FUNDEB;RO1.7.2.1.01.00.00;1.7.2.1.01.00.00 - Participação na Receita da União;2219569,80;14624
2014;Prefeitura Municipal de Areado - MG;3104304;MG;DCA-Anexo I-C;NA;Receitas Brutas Realizadas;RO1.7.2.1.01.02.00;1.7.2.1.01.02.00 - Cota-Parte do Fundo de Participação dos Municípios ¿ FPM;11572303,48;14624
2014;Prefeitura Municipal de Areado - MG;3104304;MG;DCA-Anexo I-C;NA;Deduções - FUNDEB;RO1.7.2.1.01.02.00;1.7.2.1.01.02.00 - Cota-Parte do Fundo de Participação dos Municípios ¿ FPM;2216161,75;14624
2014;Prefeitura Municipal de Areado - MG;3104304;MG;DCA-Anexo I-C;NA;Receitas Brutas Realizadas;RO1.7.2.1.01.05.00;1.7.2.1.01.05.00 - Cota-Parte do Imposto Sobre a Propriedade Territorial Rural ¿ ITR;17040,86;14624
2014;Prefeitura Municipal de Areado - MG;3104304;MG;DCA-Anexo I-C;NA;Deduções - FUNDEB;RO1.7.2.1.01.05.00;1.7.2.1.01.05.00 - Cota-Parte do Imposto Sobre a Propriedade Territorial Rural ¿ ITR;3408,05;14624
2014;Prefeitura Municipal de Areado - MG;3104304;MG;DCA-Anexo I-C;NA;Receitas Brutas Realizadas;RO1.7.2.1.22.00.00;1.7.2.1.22.00.00 - Transferências da Compensação Financeira pela Exploração de Recursos Naturais;763063,77;14624
2014;Prefeitura Municipal de Areado - MG;3104304;MG;DCA-Anexo I-C;NA;Receitas Brutas Realizadas;RO1.7.2.1.22.11.00;1.7.2.1.22.11.00 - Cota-Parte da Compensação Financeira de Recursos Hídricos;590289,75;14624
2014;Prefeitura Municipal de Areado - MG;3104304;MG;DCA-Anexo I-C;NA;Receitas Brutas Realizadas;RO1.7.2.1.22.70.00;1.7.2.1.22.70.00 - Cota-Parte do Fundo Especial do Petróleo ¿ FEP;172774,02;14624
2014;Prefeitura Municipal de Areado - MG;3104304;MG;DCA-Anexo I-C;NA;Receitas Brutas Realizadas;RO1.7.2.1.33.00.00;1.7.2.1.33.00.00 - Transferências de Recursos do Sistema Único de Saúde - SUS - Repasses Fundo a Fundo;907168,46;14624
2014;Prefeitura Municipal de Areado - MG;3104304;MG;DCA-Anexo I-C;NA;Receitas Brutas Realizadas;RO1.7.2.1.34.00.00;1.7.2.1.34.00.00 - Transferências de Recursos do Fundo Nacional de Assistência Social ¿ FNAS;119133,76;14624
2014;Prefeitura Municipal de Areado - MG;3104304;MG;DCA-Anexo I-C;NA;Receitas Brutas Realizadas;RO1.7.2.1.35.00.00;1.7.2.1.35.00.00 - Transferências de Recursos do Fundo Nacional do Desenvolvimento da Educação ¿ FNDE;606979,45;14624
2014;Prefeitura Municipal de Areado - MG;3104304;MG;DCA-Anexo I-C;NA;Receitas Brutas Realizadas;RO1.7.2.1.36.00.00;1.7.2.1.36.00.00 - Transferências Financeiras do ICMS ¿ Desoneração ¿ L.C. Nº 87/96;25877,64;14624
2014;Prefeitura Municipal de Areado - MG;3104304;MG;DCA-Anexo I-C;NA;Deduções - FUNDEB;RO1.7.2.1.36.00.00;1.7.2.1.36.00.00 - Transferências Financeiras do ICMS ¿ Desoneração ¿ L.C. Nº 87/96;5175,48;14624
2014;Prefeitura Municipal de Areado - MG;3104304;MG;DCA-Anexo I-C;NA;Receitas Brutas Realizadas;RO1.7.2.1.99.00.00;1.7.2.1.99.00.00 - Outras Transferências da União;263329,40;14624
2014;Prefeitura Municipal de Areado - MG;3104304;MG;DCA-Anexo I-C;NA;Receitas Brutas Realizadas;RO1.7.2.2.00.00.00;1.7.2.2.00.00.00 - Transferências dos Estados;5252573,73;14624
2014;Prefeitura Municipal de Areado - MG;3104304;MG;DCA-Anexo I-C;NA;Deduções - FUNDEB;RO1.7.2.2.00.00.00;1.7.2.2.00.00.00 - Transferências dos Estados;1033054,45;14624
2014;Prefeitura Municipal de Areado - MG;3104304;MG;DCA-Anexo I-C;NA;Receitas Brutas Realizadas;RO1.7.2.2.01.00.00;1.7.2.2.01.00.00 - Participação na Receita dos Estados;5168094,35;14624
2014;Prefeitura Municipal de Areado - MG;3104304;MG;DCA-Anexo I-C;NA;Deduções - FUNDEB;RO1.7.2.2.01.00.00;1.7.2.2.01.00.00 - Participação na Receita dos Estados;1033054,45;14624
2014;Prefeitura Municipal de Areado - MG;3104304;MG;DCA-Anexo I-C;NA;Receitas Brutas Realizadas;RO1.7.2.2.01.01.00;1.7.2.2.01.01.00 - Cota-Parte do ICMS;3933290,75;14624
2014;Prefeitura Municipal de Areado - MG;3104304;MG;DCA-Anexo I-C;NA;Deduções - FUNDEB;RO1.7.2.2.01.01.00;1.7.2.2.01.01.00 - Cota-Parte do ICMS;786657,92;14624
2014;Prefeitura Municipal de Areado - MG;3104304;MG;DCA-Anexo I-C;NA;Receitas Brutas Realizadas;RO1.7.2.2.01.02.00;1.7.2.2.01.02.00 - Cota-Parte do IPVA;962665,19;14624
2014;Prefeitura Municipal de Areado - MG;3104304;MG;DCA-Anexo I-C;NA;Deduções - FUNDEB;RO1.7.2.2.01.02.00;1.7.2.2.01.02.00 - Cota-Parte do IPVA;192531,94;14624
2014;Prefeitura Municipal de Areado - MG;3104304;MG;DCA-Anexo I-C;NA;Receitas Brutas Realizadas;RO1.7.2.2.01.04.00;1.7.2.2.01.04.00 - Cota-Parte do IPI sobre Exportação;269322,97;14624
2014;Prefeitura Municipal de Areado - MG;3104304;MG;DCA-Anexo I-C;NA;Deduções - FUNDEB;RO1.7.2.2.01.04.00;1.7.2.2.01.04.00 - Cota-Parte do IPI sobre Exportação;53864,59;14624
2014;Prefeitura Municipal de Areado - MG;3104304;MG;DCA-Anexo I-C;NA;Receitas Brutas Realizadas;RO1.7.2.2.01.13.00;1.7.2.2.01.13.00 - Cota-Parte da Contribuição de Intervenção no Domínio Econômico;2815,44;14624
2014;Prefeitura Municipal de Areado - MG;3104304;MG;DCA-Anexo I-C;NA;Receitas Brutas Realizadas;RO1.7.2.2.33.00.00;1.7.2.2.33.00.00 - Transferências de Recursos do Estado para Programas de Saúde - Repasse Fundo a Fundo;60479,38;14624
2014;Prefeitura Municipal de Areado - MG;3104304;MG;DCA-Anexo I-C;NA;Receitas Brutas Realizadas;RO1.7.2.2.99.00.00;1.7.2.2.99.00.00 - Outras Transferências dos Estados;24000,00;14624
2014;Prefeitura Municipal de Areado - MG;3104304;MG;DCA-Anexo I-C;NA;Receitas Brutas Realizadas;RO1.7.2.4.00.00.00;1.7.2.4.00.00.00 - Transferências Multigovernamentais;4090292,74;14624
2014;Prefeitura Municipal de Areado - MG;3104304;MG;DCA-Anexo I-C;NA;Receitas Brutas Realizadas;RO1.7.2.4.01.00.00;1.7.2.4.01.00.00 - Transferências de Recursos do Fundo de Manutenção e Desenvolvimento do Ensino Fundamental e de Valorização do Magistério - FUNDEB;4090292,74;14624
2014;Prefeitura Municipal de Areado - MG;3104304;MG;DCA-Anexo I-C;NA;Receitas Brutas Realizadas;RO1.7.6.0.00.00.00;1.7.6.0.00.00.00 - Transferências de Convênios;114077,72;14624
2014;Prefeitura Municipal de Areado - MG;3104304;MG;DCA-Anexo I-C;NA;Receitas Brutas Realizadas;RO1.7.6.1.00.00.00;1.7.6.1.00.00.00 - Transferências de Convênios da União e de Suas Entidades;114077,72;14624
2014;Prefeitura Municipal de Areado - MG;3104304;MG;DCA-Anexo I-C;NA;Receitas Brutas Realizadas;RO1.7.6.1.02.00.00;1.7.6.1.02.00.00 - Transferências de Convênios da União Destinadas a Programas de Educação;114077,72;14624
2014;Prefeitura Municipal de Areado - MG;3104304;MG;DCA-Anexo I-C;NA;Receitas Brutas Realizadas;RO1.9.0.0.00.00.00;1.9.0.0.00.00.00 - Outras Receitas Correntes;163585,23;14624
2014;Prefeitura Municipal de Areado - MG;3104304;MG;DCA-Anexo I-C;NA;Receitas Brutas Realizadas;RO1.9.1.0.00.00.00;1.9.1.0.00.00.00 - Multas e Juros de Mora;80081,31;14624
2014;Prefeitura Municipal de Areado - MG;3104304;MG;DCA-Anexo I-C;NA;Receitas Brutas Realizadas;RO1.9.1.1.00.00.00;1.9.1.1.00.00.00 - Multas e Juros de Mora dos Tributos;12949,63;14624
2014;Prefeitura Municipal de Areado - MG;3104304;MG;DCA-Anexo I-C;NA;Receitas Brutas Realizadas;RO1.9.1.3.00.00.00;1.9.1.3.00.00.00 - Multas e Juros de Mora da Dívida Ativa dos Tributos;37980,13;14624
2014;Prefeitura Municipal de Areado - MG;3104304;MG;DCA-Anexo I-C;NA;Receitas Brutas Realizadas;RO1.9.1.9.00.00.00;1.9.1.9.00.00.00 - Multas de Outras Origens;29151,55;14624
2014;Prefeitura Municipal de Areado - MG;3104304;MG;DCA-Anexo I-C;NA;Receitas Brutas Realizadas;RO1.9.2.0.00.00.00;1.9.2.0.00.00.00 - Indenizações e Restituições;2575,46;14624
2014;Prefeitura Municipal de Areado - MG;3104304;MG;DCA-Anexo I-C;NA;Receitas Brutas Realizadas;RO1.9.2.1.00.00.00;1.9.2.1.00.00.00 - Indenizações;540,73;14624
2014;Prefeitura Municipal de Areado - MG;3104304;MG;DCA-Anexo I-C;NA;Receitas Brutas Realizadas;RO1.9.2.2.00.00.00;1.9.2.2.00.00.00 - Restituições;2034,73;14624
2014;Prefeitura Municipal de Areado - MG;3104304;MG;DCA-Anexo I-C;NA;Receitas Brutas Realizadas;RO1.9.2.2.99.00.00;1.9.2.2.99.00.00 - Outras Restituições;2034,73;14624
2014;Prefeitura Municipal de Areado - MG;3104304;MG;DCA-Anexo I-C;NA;Receitas Brutas Realizadas;RO1.9.3.0.00.00.00;1.9.3.0.00.00.00 - Receita da Dívida Ativa;80245,21;14624
2014;Prefeitura Municipal de Areado - MG;3104304;MG;DCA-Anexo I-C;NA;Receitas Brutas Realizadas;RO1.9.3.1.00.00.00;1.9.3.1.00.00.00 - Receita da Dívida Ativa Tributária;80245,21;14624
2014;Prefeitura Municipal de Areado - MG;3104304;MG;DCA-Anexo I-C;NA;Receitas Brutas Realizadas;RO1.9.9.0.00.00.00;1.9.9.0.00.00.00 - Receitas Diversas;683,25;14624
2014;Prefeitura Municipal de Areado - MG;3104304;MG;DCA-Anexo I-C;NA;Receitas Brutas Realizadas;RO2.0.0.0.00.00.00;2.0.0.0.00.00.00 - Receitas de Capital;1742208,83;14624
2014;Prefeitura Municipal de Areado - MG;3104304;MG;DCA-Anexo I-C;NA;Receitas Brutas Realizadas;RO2.2.0.0.00.00.00;2.2.0.0.00.00.00 - Alienação de Bens;31920,20;14624
2014;Prefeitura Municipal de Areado - MG;3104304;MG;DCA-Anexo I-C;NA;Receitas Brutas Realizadas;RO2.2.2.0.00.00.00;2.2.2.0.00.00.00 - Alienação de Bens Imóveis;31920,20;14624
2014;Prefeitura Municipal de Areado - MG;3104304;MG;DCA-Anexo I-C;NA;Receitas Brutas Realizadas;RO2.4.0.0.00.00.00;2.4.0.0.00.00.00 - Transferências de Capital;1642746,04;14624
2014;Prefeitura Municipal de Areado - MG;3104304;MG;DCA-Anexo I-C;NA;Receitas Brutas Realizadas;RO2.4.2.0.00.00.00;2.4.2.0.00.00.00 - Transferências Intergovernamentais;15000,00;14624
2014;Prefeitura Municipal de Areado - MG;3104304;MG;DCA-Anexo I-C;NA;Receitas Brutas Realizadas;RO2.4.2.1.00.00.00;2.4.2.1.00.00.00 - Transferências da União;15000,00;14624
2014;Prefeitura Municipal de Areado - MG;3104304;MG;DCA-Anexo I-C;NA;Receitas Brutas Realizadas;RO2.4.2.1.01.00.00;2.4.2.1.01.00.00 - Participação na Receita da União;15000,00;14624
2014;Prefeitura Municipal de Areado - MG;3104304;MG;DCA-Anexo I-C;NA;Receitas Brutas Realizadas;RO2.4.7.0.00.00.00;2.4.7.0.00.00.00 - Transferências de Convênios;1627746,04;14624
2014;Prefeitura Municipal de Areado - MG;3104304;MG;DCA-Anexo I-C;NA;Receitas Brutas Realizadas;RO2.4.7.1.00.00.00;2.4.7.1.00.00.00 - Transferências de Convênios da União e de suas Entidades;630947,71;14624
2014;Prefeitura Municipal de Areado - MG;3104304;MG;DCA-Anexo I-C;NA;Receitas Brutas Realizadas;RO2.4.7.1.02.00.00;2.4.7.1.02.00.00 - Transferências de Convênios da União Destinadas a Programas de Educação;392422,76;14624
2014;Prefeitura Municipal de Areado - MG;3104304;MG;DCA-Anexo I-C;NA;Receitas Brutas Realizadas;RO2.4.7.1.99.00.00;2.4.7.1.99.00.00 - Outras Transferências de Convênios da União;238524,95;14624
2014;Prefeitura Municipal de Areado - MG;3104304;MG;DCA-Anexo I-C;NA;Receitas Brutas Realizadas;RO2.4.7.2.00.00.00;2.4.7.2.00.00.00 - Transferências de Convênios dos Estados e do Distrito Federal e de suas Entidades;996798,33;14624
2014;Prefeitura Municipal de Areado - MG;3104304;MG;DCA-Anexo I-C;NA;Receitas Brutas Realizadas;RO2.4.7.2.01.00.00;2.4.7.2.01.00.00 - Transferências de Convênios dos Estados para o Sistema Único de Saúde - SUS;886798,33;14624
2014;Prefeitura Municipal de Areado - MG;3104304;MG;DCA-Anexo I-C;NA;Receitas Brutas Realizadas;RO2.4.7.2.05.00.00;2.4.7.2.05.00.00 - Transferências de Convênios dos Estados Destinadas a Programas de Infraestrutura em Transporte;6000,00;14624
2014;Prefeitura Municipal de Areado - MG;3104304;MG;DCA-Anexo I-C;NA;Receitas Brutas Realizadas;RO2.4.7.2.99.00.00;2.4.7.2.99.00.00 - Outras Transferências de Convênios dos Estados;104000,00;14624
2014;Prefeitura Municipal de Areado - MG;3104304;MG;DCA-Anexo I-C;NA;Receitas Brutas Realizadas;RO2.5.0.0.00.00.00;2.5.0.0.00.00.00 - Outras Receitas de Capital;67542,59;14624
2014;Prefeitura Municipal de Areado - MG;3104304;MG;DCA-Anexo I-C;NA;Receitas Brutas Realizadas;RO2.5.9.0.00.00.00;2.5.9.0.00.00.00 - Outras Receitas;67542,59;14624
2015;Prefeitura Municipal de Areado - MG;3104304;MG;DCA-Anexo I-C;NA;Receitas Brutas Realizadas;TotalReceitas;Total Receitas;26775983,66;14624
2015;Prefeitura Municipal de Areado - MG;3104304;MG;DCA-Anexo I-C;NA;Deduções - Transferências Constitucionais;TotalReceitas;Total Receitas;7477796,39;14624
2015;Prefeitura Municipal de Areado - MG;3104304;MG;DCA-Anexo I-C;NA;Deduções - FUNDEB;TotalReceitas;Total Receitas;3339367,96;14624
2015;Prefeitura Municipal de Areado - MG;3104304;MG;DCA-Anexo I-C;NA;Outras Deduções da Receita;TotalReceitas;Total Receitas;5759,98;14624
2015;Prefeitura Municipal de Areado - MG;3104304;MG;DCA-Anexo I-C;NA;Receitas Brutas Realizadas;RO1.0.0.0.00.00.00;1.0.0.0.00.00.00 - Receitas Correntes;26239251,12;14624
2015;Prefeitura Municipal de Areado - MG;3104304;MG;DCA-Anexo I-C;NA;Deduções - Transferências Constitucionais;RO1.0.0.0.00.00.00;1.0.0.0.00.00.00 - Receitas Correntes;7477796,39;14624
2015;Prefeitura Municipal de Areado - MG;3104304;MG;DCA-Anexo I-C;NA;Deduções - FUNDEB;RO1.0.0.0.00.00.00;1.0.0.0.00.00.00 - Receitas Correntes;3339367,96;14624
2015;Prefeitura Municipal de Areado - MG;3104304;MG;DCA-Anexo I-C;NA;Outras Deduções da Receita;RO1.0.0.0.00.00.00;1.0.0.0.00.00.00 - Receitas Correntes;5759,98;14624
2015;Prefeitura Municipal de Areado - MG;3104304;MG;DCA-Anexo I-C;NA;Receitas Brutas Realizadas;RO1.1.0.0.00.00.00;1.1.0.0.00.00.00 - Receita Tributária;1538030,59;14624
2015;Prefeitura Municipal de Areado - MG;3104304;MG;DCA-Anexo I-C;NA;Deduções - Transferências Constitucionais;RO1.1.0.0.00.00.00;1.1.0.0.00.00.00 - Receita Tributária;548649,77;14624
2015;Prefeitura Municipal de Areado - MG;3104304;MG;DCA-Anexo I-C;NA;Receitas Brutas Realizadas;RO1.1.1.0.00.00.00;1.1.1.0.00.00.00 - Impostos;1371624,40;14624
2015;Prefeitura Municipal de Areado - MG;3104304;MG;DCA-Anexo I-C;NA;Deduções - Transferências Constitucionais;RO1.1.1.0.00.00.00;1.1.1.0.00.00.00 - Impostos;548649,77;14624
2015;Prefeitura Municipal de Areado - MG;3104304;MG;DCA-Anexo I-C;NA;Receitas Brutas Realizadas;RO1.1.1.2.00.00.00;1.1.1.2.00.00.00 - Impostos sobre o Patrimônio e a Renda;948663,51;14624
2015;Prefeitura Municipal de Areado - MG;3104304;MG;DCA-Anexo I-C;NA;Deduções - Transferências Constitucionais;RO1.1.1.2.00.00.00;1.1.1.2.00.00.00 - Impostos sobre o Patrimônio e a Renda;379465,41;14624
2015;Prefeitura Municipal de Areado - MG;3104304;MG;DCA-Anexo I-C;NA;Receitas Brutas Realizadas;RO1.1.1.2.02.00.00;1.1.1.2.02.00.00 - Imposto sobre a Propriedade Predial e Territorial Urbana ¿ IPTU;443563,77;14624
2015;Prefeitura Municipal de Areado - MG;3104304;MG;DCA-Anexo I-C;NA;Deduções - Transferências Constitucionais;RO1.1.1.2.02.00.00;1.1.1.2.02.00.00 - Imposto sobre a Propriedade Predial e Territorial Urbana ¿ IPTU;177425,51;14624
2015;Prefeitura Municipal de Areado - MG;3104304;MG;DCA-Anexo I-C;NA;Receitas Brutas Realizadas;RO1.1.1.2.04.00.00;1.1.1.2.04.00.00 - Imposto sobre a Renda e Proventos de Qualquer Natureza ¿ IR;233131,21;14624
2015;Prefeitura Municipal de Areado - MG;3104304;MG;DCA-Anexo I-C;NA;Deduções - Transferências Constitucionais;RO1.1.1.2.04.00.00;1.1.1.2.04.00.00 - Imposto sobre a Renda e Proventos de Qualquer Natureza ¿ IR;93252,49;14624
2015;Prefeitura Municipal de Areado - MG;3104304;MG;DCA-Anexo I-C;NA;Receitas Brutas Realizadas;RO1.1.1.2.04.31.00;1.1.1.2.04.31.00 - Retido nas Fontes - Trabalho;227223,02;14624
2015;Prefeitura Municipal de Areado - MG;3104304;MG;DCA-Anexo I-C;NA;Deduções - Transferências Constitucionais;RO1.1.1.2.04.31.00;1.1.1.2.04.31.00 - Retido nas Fontes - Trabalho;90889,21;14624
2015;Prefeitura Municipal de Areado - MG;3104304;MG;DCA-Anexo I-C;NA;Receitas Brutas Realizadas;RO1.1.1.2.04.34.00;1.1.1.2.04.34.00 - Retido nas Fontes - Outros Rendimentos;5908,19;14624
2015;Prefeitura Municipal de Areado - MG;3104304;MG;DCA-Anexo I-C;NA;Deduções - Transferências Constitucionais;RO1.1.1.2.04.34.00;1.1.1.2.04.34.00 - Retido nas Fontes - Outros Rendimentos;2363,28;14624
2015;Prefeitura Municipal de Areado - MG;3104304;MG;DCA-Anexo I-C;NA;Receitas Brutas Realizadas;RO1.1.1.2.08.00.00;"1.1.1.2.08.00.00 - Imposto sobre Transmissão ""Inter Vivos"" de Bens Imóveis e de Direitos Reais sobre Imóveis ¿ ITBI";271968,53;14624
2015;Prefeitura Municipal de Areado - MG;3104304;MG;DCA-Anexo I-C;NA;Deduções - Transferências Constitucionais;RO1.1.1.2.08.00.00;"1.1.1.2.08.00.00 - Imposto sobre Transmissão ""Inter Vivos"" de Bens Imóveis e de Direitos Reais sobre Imóveis ¿ ITBI";108787,41;14624
2015;Prefeitura Municipal de Areado - MG;3104304;MG;DCA-Anexo I-C;NA;Receitas Brutas Realizadas;RO1.1.1.3.00.00.00;1.1.1.3.00.00.00 - Impostos sobre a Produção e a Circulação;422960,89;14624
2015;Prefeitura Municipal de Areado - MG;3104304;MG;DCA-Anexo I-C;NA;Deduções - Transferências Constitucionais;RO1.1.1.3.00.00.00;1.1.1.3.00.00.00 - Impostos sobre a Produção e a Circulação;169184,36;14624
2015;Prefeitura Municipal de Areado - MG;3104304;MG;DCA-Anexo I-C;NA;Receitas Brutas Realizadas;RO1.1.1.3.05.00.00;1.1.1.3.05.00.00 - Imposto sobre Serviços de Qualquer Natureza ¿ ISSQN;422960,89;14624
2015;Prefeitura Municipal de Areado - MG;3104304;MG;DCA-Anexo I-C;NA;Deduções - Transferências Constitucionais;RO1.1.1.3.05.00.00;1.1.1.3.05.00.00 - Imposto sobre Serviços de Qualquer Natureza ¿ ISSQN;169184,36;14624
2015;Prefeitura Municipal de Areado - MG;3104304;MG;DCA-Anexo I-C;NA;Receitas Brutas Realizadas;RO1.1.2.0.00.00.00;1.1.2.0.00.00.00 - Taxas;166406,19;14624
2015;Prefeitura Municipal de Areado - MG;3104304;MG;DCA-Anexo I-C;NA;Receitas Brutas Realizadas;RO1.1.2.1.00.00.00;1.1.2.1.00.00.00 - Taxas pelo Exercício do Poder de Polícia;141071,72;14624
2015;Prefeitura Municipal de Areado - MG;3104304;MG;DCA-Anexo I-C;NA;Receitas Brutas Realizadas;RO1.1.2.2.00.00.00;1.1.2.2.00.00.00 - Taxas pela Prestação de Serviços;25334,47;14624
2015;Prefeitura Municipal de Areado - MG;3104304;MG;DCA-Anexo I-C;NA;Receitas Brutas Realizadas;RO1.3.0.0.00.00.00;1.3.0.0.00.00.00 - Receita Patrimonial;345788,42;14624
2015;Prefeitura Municipal de Areado - MG;3104304;MG;DCA-Anexo I-C;NA;Receitas Brutas Realizadas;RO1.3.1.0.00.00.00;1.3.1.0.00.00.00 - Receitas Imobiliárias;8425,86;14624
2015;Prefeitura Municipal de Areado - MG;3104304;MG;DCA-Anexo I-C;NA;Receitas Brutas Realizadas;RO1.3.1.1.00.00.00;1.3.1.1.00.00.00 - Aluguéis;8425,86;14624
2015;Prefeitura Municipal de Areado - MG;3104304;MG;DCA-Anexo I-C;NA;Receitas Brutas Realizadas;RO1.3.2.0.00.00.00;1.3.2.0.00.00.00 - Receitas de Valores Mobiliários;337362,56;14624
2015;Prefeitura Municipal de Areado - MG;3104304;MG;DCA-Anexo I-C;NA;Receitas Brutas Realizadas;RO1.3.2.5.00.00.00;1.3.2.5.00.00.00 - Remuneração de Depósitos Bancários;337362,56;14624
2015;Prefeitura Municipal de Areado - MG;3104304;MG;DCA-Anexo I-C;NA;Receitas Brutas Realizadas;RO1.6.0.0.00.00.00;1.6.0.0.00.00.00 - Receita de Serviços;53347,40;14624
2015;Prefeitura Municipal de Areado - MG;3104304;MG;DCA-Anexo I-C;NA;Receitas Brutas Realizadas;RO1.6.0.0.13.00.00;1.6.0.0.13.00.00 - Serviços Administrativos;7962,00;14624
2015;Prefeitura Municipal de Areado - MG;3104304;MG;DCA-Anexo I-C;NA;Receitas Brutas Realizadas;RO1.6.0.0.14.00.00;1.6.0.0.14.00.00 - Serviços de Inspeção e Fiscalização;237,36;14624
2015;Prefeitura Municipal de Areado - MG;3104304;MG;DCA-Anexo I-C;NA;Receitas Brutas Realizadas;RO1.6.0.0.42.00.00;1.6.0.0.42.00.00 - Serviços de Coleta, Transporte, Tratamento e Destino Final de Esgotos;20501,13;14624
2015;Prefeitura Municipal de Areado - MG;3104304;MG;DCA-Anexo I-C;NA;Receitas Brutas Realizadas;RO1.6.0.0.46.00.00;1.6.0.0.46.00.00 - Serviços de Cemitério;24646,91;14624
2015;Prefeitura Municipal de Areado - MG;3104304;MG;DCA-Anexo I-C;NA;Receitas Brutas Realizadas;RO1.7.0.0.00.00.00;1.7.0.0.00.00.00 - Transferências Correntes;24124423,05;14624
2015;Prefeitura Municipal de Areado - MG;3104304;MG;DCA-Anexo I-C;NA;Deduções - Transferências Constitucionais;RO1.7.0.0.00.00.00;1.7.0.0.00.00.00 - Transferências Correntes;6882663,82;14624
2015;Prefeitura Municipal de Areado - MG;3104304;MG;DCA-Anexo I-C;NA;Deduções - FUNDEB;RO1.7.0.0.00.00.00;1.7.0.0.00.00.00 - Transferências Correntes;3339367,96;14624
2015;Prefeitura Municipal de Areado - MG;3104304;MG;DCA-Anexo I-C;NA;Outras Deduções da Receita;RO1.7.0.0.00.00.00;1.7.0.0.00.00.00 - Transferências Correntes;5759,98;14624
2015;Prefeitura Municipal de Areado - MG;3104304;MG;DCA-Anexo I-C;NA;Receitas Brutas Realizadas;RO1.7.2.0.00.00.00;1.7.2.0.00.00.00 - Transferências Intergovernamentais;23979544,35;14624
2015;Prefeitura Municipal de Areado - MG;3104304;MG;DCA-Anexo I-C;NA;Deduções - Transferências Constitucionais;RO1.7.2.0.00.00.00;1.7.2.0.00.00.00 - Transferências Intergovernamentais;6882663,82;14624
2015;Prefeitura Municipal de Areado - MG;3104304;MG;DCA-Anexo I-C;NA;Deduções - FUNDEB;RO1.7.2.0.00.00.00;1.7.2.0.00.00.00 - Transferências Intergovernamentais;3339367,96;14624
2015;Prefeitura Municipal de Areado - MG;3104304;MG;DCA-Anexo I-C;NA;Outras Deduções da Receita;RO1.7.2.0.00.00.00;1.7.2.0.00.00.00 - Transferências Intergovernamentais;5759,98;14624
2015;Prefeitura Municipal de Areado - MG;3104304;MG;DCA-Anexo I-C;NA;Receitas Brutas Realizadas;RO1.7.2.1.00.00.00;1.7.2.1.00.00.00 - Transferências da União;14521326,27;14624
2015;Prefeitura Municipal de Areado - MG;3104304;MG;DCA-Anexo I-C;NA;Deduções - Transferências Constitucionais;RO1.7.2.1.00.00.00;1.7.2.1.00.00.00 - Transferências da União;4873321,67;14624
2015;Prefeitura Municipal de Areado - MG;3104304;MG;DCA-Anexo I-C;NA;Deduções - FUNDEB;RO1.7.2.1.00.00.00;1.7.2.1.00.00.00 - Transferências da União;2334698,27;14624
2015;Prefeitura Municipal de Areado - MG;3104304;MG;DCA-Anexo I-C;NA;Receitas Brutas Realizadas;RO1.7.2.1.01.00.00;1.7.2.1.01.00.00 - Participação na Receita da União;12157674,80;14624
2015;Prefeitura Municipal de Areado - MG;3104304;MG;DCA-Anexo I-C;NA;Deduções - Transferências Constitucionais;RO1.7.2.1.01.00.00;1.7.2.1.01.00.00 - Participação na Receita da União;4863069,92;14624
2015;Prefeitura Municipal de Areado - MG;3104304;MG;DCA-Anexo I-C;NA;Deduções - FUNDEB;RO1.7.2.1.01.00.00;1.7.2.1.01.00.00 - Participação na Receita da União;2329572,45;14624
2015;Prefeitura Municipal de Areado - MG;3104304;MG;DCA-Anexo I-C;NA;Receitas Brutas Realizadas;RO1.7.2.1.01.02.00;1.7.2.1.01.02.00 - Cota-Parte do Fundo de Participação dos Municípios ¿ FPM;12136207,59;14624
2015;Prefeitura Municipal de Areado - MG;3104304;MG;DCA-Anexo I-C;NA;Deduções - Transferências Constitucionais;RO1.7.2.1.01.02.00;1.7.2.1.01.02.00 - Cota-Parte do Fundo de Participação dos Municípios ¿ FPM;4854483,04;14624
2015;Prefeitura Municipal de Areado - MG;3104304;MG;DCA-Anexo I-C;NA;Deduções - FUNDEB;RO1.7.2.1.01.02.00;1.7.2.1.01.02.00 - Cota-Parte do Fundo de Participação dos Municípios ¿ FPM;2325279,09;14624
2015;Prefeitura Municipal de Areado - MG;3104304;MG;DCA-Anexo I-C;NA;Receitas Brutas Realizadas;RO1.7.2.1.01.05.00;1.7.2.1.01.05.00 - Cota-Parte do Imposto Sobre a Propriedade Territorial Rural ¿ ITR;21467,21;14624
2015;Prefeitura Municipal de Areado - MG;3104304;MG;DCA-Anexo I-C;NA;Deduções - Transferências Constitucionais;RO1.7.2.1.01.05.00;1.7.2.1.01.05.00 - Cota-Parte do Imposto Sobre a Propriedade Territorial Rural ¿ ITR;8586,88;14624
2015;Prefeitura Municipal de Areado - MG;3104304;MG;DCA-Anexo I-C;NA;Deduções - FUNDEB;RO1.7.2.1.01.05.00;1.7.2.1.01.05.00 - Cota-Parte do Imposto Sobre a Propriedade Territorial Rural ¿ ITR;4293,36;14624
2015;Prefeitura Municipal de Areado - MG;3104304;MG;DCA-Anexo I-C;NA;Receitas Brutas Realizadas;RO1.7.2.1.22.00.00;1.7.2.1.22.00.00 - Transferências da Compensação Financeira pela Exploração de Recursos Naturais;610367,12;14624
2015;Prefeitura Municipal de Areado - MG;3104304;MG;DCA-Anexo I-C;NA;Receitas Brutas Realizadas;RO1.7.2.1.22.11.00;1.7.2.1.22.11.00 - Cota-Parte da Compensação Financeira de Recursos Hídricos;480004,59;14624
2015;Prefeitura Municipal de Areado - MG;3104304;MG;DCA-Anexo I-C;NA;Receitas Brutas Realizadas;RO1.7.2.1.22.70.00;1.7.2.1.22.70.00 - Cota-Parte do Fundo Especial do Petróleo ¿ FEP;130362,53;14624
2015;Prefeitura Municipal de Areado - MG;3104304;MG;DCA-Anexo I-C;NA;Receitas Brutas Realizadas;RO1.7.2.1.33.00.00;1.7.2.1.33.00.00 - Transferências de Recursos do Sistema Único de Saúde - SUS - Repasses Fundo a Fundo;873083,38;14624
2015;Prefeitura Municipal de Areado - MG;3104304;MG;DCA-Anexo I-C;NA;Receitas Brutas Realizadas;RO1.7.2.1.34.00.00;1.7.2.1.34.00.00 - Transferências de Recursos do Fundo Nacional de Assistência Social ¿ FNAS;95029,05;14624
2015;Prefeitura Municipal de Areado - MG;3104304;MG;DCA-Anexo I-C;NA;Receitas Brutas Realizadas;RO1.7.2.1.35.00.00;1.7.2.1.35.00.00 - Transferências de Recursos do Fundo Nacional do Desenvolvimento da Educação ¿ FNDE;584195,48;14624
2015;Prefeitura Municipal de Areado - MG;3104304;MG;DCA-Anexo I-C;NA;Receitas Brutas Realizadas;RO1.7.2.1.36.00.00;1.7.2.1.36.00.00 - Transferências Financeiras do ICMS ¿ Desoneração ¿ L.C. Nº 87/96;25629,38;14624
2015;Prefeitura Municipal de Areado - MG;3104304;MG;DCA-Anexo I-C;NA;Deduções - Transferências Constitucionais;RO1.7.2.1.36.00.00;1.7.2.1.36.00.00 - Transferências Financeiras do ICMS ¿ Desoneração ¿ L.C. Nº 87/96;10251,75;14624
2015;Prefeitura Municipal de Areado - MG;3104304;MG;DCA-Anexo I-C;NA;Deduções - FUNDEB;RO1.7.2.1.36.00.00;1.7.2.1.36.00.00 - Transferências Financeiras do ICMS ¿ Desoneração ¿ L.C. Nº 87/96;5125,82;14624
2015;Prefeitura Municipal de Areado - MG;3104304;MG;DCA-Anexo I-C;NA;Receitas Brutas Realizadas;RO1.7.2.1.99.00.00;1.7.2.1.99.00.00 - Outras Transferências da União;175347,06;14624
2015;Prefeitura Municipal de Areado - MG;3104304;MG;DCA-Anexo I-C;NA;Receitas Brutas Realizadas;RO1.7.2.2.00.00.00;1.7.2.2.00.00.00 - Transferências dos Estados;5208615,87;14624
2015;Prefeitura Municipal de Areado - MG;3104304;MG;DCA-Anexo I-C;NA;Deduções - Transferências Constitucionais;RO1.7.2.2.00.00.00;1.7.2.2.00.00.00 - Transferências dos Estados;2009342,15;14624
2015;Prefeitura Municipal de Areado - MG;3104304;MG;DCA-Anexo I-C;NA;Deduções - FUNDEB;RO1.7.2.2.00.00.00;1.7.2.2.00.00.00 - Transferências dos Estados;1004669,69;14624
2015;Prefeitura Municipal de Areado - MG;3104304;MG;DCA-Anexo I-C;NA;Outras Deduções da Receita;RO1.7.2.2.00.00.00;1.7.2.2.00.00.00 - Transferências dos Estados;5759,98;14624
2015;Prefeitura Municipal de Areado - MG;3104304;MG;DCA-Anexo I-C;NA;Receitas Brutas Realizadas;RO1.7.2.2.01.00.00;1.7.2.2.01.00.00 - Participação na Receita dos Estados;5034050,63;14624
2015;Prefeitura Municipal de Areado - MG;3104304;MG;DCA-Anexo I-C;NA;Deduções - Transferências Constitucionais;RO1.7.2.2.01.00.00;1.7.2.2.01.00.00 - Participação na Receita dos Estados;2009342,15;14624
2015;Prefeitura Municipal de Areado - MG;3104304;MG;DCA-Anexo I-C;NA;Deduções - FUNDEB;RO1.7.2.2.01.00.00;1.7.2.2.01.00.00 - Participação na Receita dos Estados;1004669,69;14624
2015;Prefeitura Municipal de Areado - MG;3104304;MG;DCA-Anexo I-C;NA;Outras Deduções da Receita;RO1.7.2.2.01.00.00;1.7.2.2.01.00.00 - Participação na Receita dos Estados;5759,98;14624
2015;Prefeitura Municipal de Areado - MG;3104304;MG;DCA-Anexo I-C;NA;Receitas Brutas Realizadas;RO1.7.2.2.01.01.00;1.7.2.2.01.01.00 - Cota-Parte do ICMS;3854695,33;14624
2015;Prefeitura Municipal de Areado - MG;3104304;MG;DCA-Anexo I-C;NA;Deduções - Transferências Constitucionais;RO1.7.2.2.01.01.00;1.7.2.2.01.01.00 - Cota-Parte do ICMS;1541878,13;14624
2015;Prefeitura Municipal de Areado - MG;3104304;MG;DCA-Anexo I-C;NA;Deduções - FUNDEB;RO1.7.2.2.01.01.00;1.7.2.2.01.01.00 - Cota-Parte do ICMS;770938,85;14624
2015;Prefeitura Municipal de Areado - MG;3104304;MG;DCA-Anexo I-C;NA;Outras Deduções da Receita;RO1.7.2.2.01.01.00;1.7.2.2.01.01.00 - Cota-Parte do ICMS;5759,98;14624
2015;Prefeitura Municipal de Areado - MG;3104304;MG;DCA-Anexo I-C;NA;Receitas Brutas Realizadas;RO1.7.2.2.01.02.00;1.7.2.2.01.02.00 - Cota-Parte do IPVA;1098490,48;14624
2015;Prefeitura Municipal de Areado - MG;3104304;MG;DCA-Anexo I-C;NA;Deduções - Transferências Constitucionais;RO1.7.2.2.01.02.00;1.7.2.2.01.02.00 - Cota-Parte do IPVA;439396,19;14624
2015;Prefeitura Municipal de Areado - MG;3104304;MG;DCA-Anexo I-C;NA;Deduções - FUNDEB;RO1.7.2.2.01.02.00;1.7.2.2.01.02.00 - Cota-Parte do IPVA;219696,91;14624
2015;Prefeitura Municipal de Areado - MG;3104304;MG;DCA-Anexo I-C;NA;Receitas Brutas Realizadas;RO1.7.2.2.01.04.00;1.7.2.2.01.04.00 - Cota-Parte do IPI sobre Exportação;70169,58;14624
2015;Prefeitura Municipal de Areado - MG;3104304;MG;DCA-Anexo I-C;NA;Deduções - Transferências Constitucionais;RO1.7.2.2.01.04.00;1.7.2.2.01.04.00 - Cota-Parte do IPI sobre Exportação;28067,83;14624
2015;Prefeitura Municipal de Areado - MG;3104304;MG;DCA-Anexo I-C;NA;Deduções - FUNDEB;RO1.7.2.2.01.04.00;1.7.2.2.01.04.00 - Cota-Parte do IPI sobre Exportação;14033,93;14624
2015;Prefeitura Municipal de Areado - MG;3104304;MG;DCA-Anexo I-C;NA;Receitas Brutas Realizadas;RO1.7.2.2.01.13.00;1.7.2.2.01.13.00 - Cota-Parte da Contribuição de Intervenção no Domínio Econômico;10695,24;14624
2015;Prefeitura Municipal de Areado - MG;3104304;MG;DCA-Anexo I-C;NA;Receitas Brutas Realizadas;RO1.7.2.2.33.00.00;1.7.2.2.33.00.00 - Transferências de Recursos do Estado para Programas de Saúde - Repasse Fundo a Fundo;147610,84;14624
2015;Prefeitura Municipal de Areado - MG;3104304;MG;DCA-Anexo I-C;NA;Receitas Brutas Realizadas;RO1.7.2.2.99.00.00;1.7.2.2.99.00.00 - Outras Transferências dos Estados;26954,40;14624
2015;Prefeitura Municipal de Areado - MG;3104304;MG;DCA-Anexo I-C;NA;Receitas Brutas Realizadas;RO1.7.2.4.00.00.00;1.7.2.4.00.00.00 - Transferências Multigovernamentais;4249602,21;14624
2015;Prefeitura Municipal de Areado - MG;3104304;MG;DCA-Anexo I-C;NA;Receitas Brutas Realizadas;RO1.7.2.4.01.00.00;1.7.2.4.01.00.00 - Transferências de Recursos do Fundo de Manutenção e Desenvolvimento do Ensino Fundamental e de Valorização do Magistério - FUNDEB;4249602,21;14624
2015;Prefeitura Municipal de Areado - MG;3104304;MG;DCA-Anexo I-C;NA;Receitas Brutas Realizadas;RO1.7.6.0.00.00.00;1.7.6.0.00.00.00 - Transferências de Convênios;144878,70;14624
2015;Prefeitura Municipal de Areado - MG;3104304;MG;DCA-Anexo I-C;NA;Receitas Brutas Realizadas;RO1.7.6.2.00.00.00;1.7.6.2.00.00.00 - Transferências de Convênios dos Estados e do Distrito Federal e de Suas Entidades;144878,70;14624
2015;Prefeitura Municipal de Areado - MG;3104304;MG;DCA-Anexo I-C;NA;Receitas Brutas Realizadas;RO1.7.6.2.02.00.00;1.7.6.2.02.00.00 - Transferências de Convênios dos Estados Destinadas a Programas de Educação;144878,70;14624
2015;Prefeitura Municipal de Areado - MG;3104304;MG;DCA-Anexo I-C;NA;Receitas Brutas Realizadas;RO1.9.0.0.00.00.00;1.9.0.0.00.00.00 - Outras Receitas Correntes;177661,66;14624
2015;Prefeitura Municipal de Areado - MG;3104304;MG;DCA-Anexo I-C;NA;Deduções - Transferências Constitucionais;RO1.9.0.0.00.00.00;1.9.0.0.00.00.00 - Outras Receitas Correntes;46482,80;14624
2015;Prefeitura Municipal de Areado - MG;3104304;MG;DCA-Anexo I-C;NA;Receitas Brutas Realizadas;RO1.9.1.0.00.00.00;1.9.1.0.00.00.00 - Multas e Juros de Mora;91076,25;14624
2015;Prefeitura Municipal de Areado - MG;3104304;MG;DCA-Anexo I-C;NA;Deduções - Transferências Constitucionais;RO1.9.1.0.00.00.00;1.9.1.0.00.00.00 - Multas e Juros de Mora;16755,12;14624
2015;Prefeitura Municipal de Areado - MG;3104304;MG;DCA-Anexo I-C;NA;Receitas Brutas Realizadas;RO1.9.1.1.00.00.00;1.9.1.1.00.00.00 - Multas e Juros de Mora dos Tributos;8847,79;14624
2015;Prefeitura Municipal de Areado - MG;3104304;MG;DCA-Anexo I-C;NA;Deduções - Transferências Constitucionais;RO1.9.1.1.00.00.00;1.9.1.1.00.00.00 - Multas e Juros de Mora dos Tributos;3319,90;14624
2015;Prefeitura Municipal de Areado - MG;3104304;MG;DCA-Anexo I-C;NA;Receitas Brutas Realizadas;RO1.9.1.1.38.00.00;1.9.1.1.38.00.00 - Multas e Juros de Mora do Imposto sobre a Propriedade Predial e Territorial Urbana ¿ IPTU;4428,38;14624
2015;Prefeitura Municipal de Areado - MG;3104304;MG;DCA-Anexo I-C;NA;Deduções - Transferências Constitucionais;RO1.9.1.1.38.00.00;1.9.1.1.38.00.00 - Multas e Juros de Mora do Imposto sobre a Propriedade Predial e Territorial Urbana ¿ IPTU;1771,35;14624
2015;Prefeitura Municipal de Areado - MG;3104304;MG;DCA-Anexo I-C;NA;Receitas Brutas Realizadas;RO1.9.1.1.40.00.00;1.9.1.1.40.00.00 - Multas e Juros de Mora do Imposto sobre Serviços de Qualquer Natureza ¿ ISS;3871,38;14624
2015;Prefeitura Municipal de Areado - MG;3104304;MG;DCA-Anexo I-C;NA;Deduções - Transferências Constitucionais;RO1.9.1.1.40.00.00;1.9.1.1.40.00.00 - Multas e Juros de Mora do Imposto sobre Serviços de Qualquer Natureza ¿ ISS;1548,55;14624
2015;Prefeitura Municipal de Areado - MG;3104304;MG;DCA-Anexo I-C;NA;Receitas Brutas Realizadas;RO1.9.1.1.99.00.00;1.9.1.1.99.00.00 - Multas e Juros de Mora de Outros Tributos;548,03;14624
2015;Prefeitura Municipal de Areado - MG;3104304;MG;DCA-Anexo I-C;NA;Receitas Brutas Realizadas;RO1.9.1.3.00.00.00;1.9.1.3.00.00.00 - Multas e Juros de Mora da Dívida Ativa dos Tributos;38691,68;14624
2015;Prefeitura Municipal de Areado - MG;3104304;MG;DCA-Anexo I-C;NA;Deduções - Transferências Constitucionais;RO1.9.1.3.00.00.00;1.9.1.3.00.00.00 - Multas e Juros de Mora da Dívida Ativa dos Tributos;13435,22;14624
2015;Prefeitura Municipal de Areado - MG;3104304;MG;DCA-Anexo I-C;NA;Receitas Brutas Realizadas;RO1.9.1.3.11.00.00;1.9.1.3.11.00.00 - Multas e Juros de Mora da Dívida Ativa do Imposto sobre a Propriedade Predial e Territorial Urbana ¿ IPTU;27502,51;14624
2015;Prefeitura Municipal de Areado - MG;3104304;MG;DCA-Anexo I-C;NA;Deduções - Transferências Constitucionais;RO1.9.1.3.11.00.00;1.9.1.3.11.00.00 - Multas e Juros de Mora da Dívida Ativa do Imposto sobre a Propriedade Predial e Territorial Urbana ¿ IPTU;11001,00;14624
2015;Prefeitura Municipal de Areado - MG;3104304;MG;DCA-Anexo I-C;NA;Receitas Brutas Realizadas;RO1.9.1.3.13.00.00;1.9.1.3.13.00.00 - Multas e Juros de Mora da Dívida Ativa do Imposto sobre Serviços de Qualquer Natureza ¿ ISS;6085,54;14624
2015;Prefeitura Municipal de Areado - MG;3104304;MG;DCA-Anexo I-C;NA;Deduções - Transferências Constitucionais;RO1.9.1.3.13.00.00;1.9.1.3.13.00.00 - Multas e Juros de Mora da Dívida Ativa do Imposto sobre Serviços de Qualquer Natureza ¿ ISS;2434,22;14624
2015;Prefeitura Municipal de Areado - MG;3104304;MG;DCA-Anexo I-C;NA;Receitas Brutas Realizadas;RO1.9.1.3.99.00.00;1.9.1.3.99.00.00 - Multas e Juros de Mora da Dívida Ativa de Outros Tributos;5103,63;14624
2015;Prefeitura Municipal de Areado - MG;3104304;MG;DCA-Anexo I-C;NA;Receitas Brutas Realizadas;RO1.9.1.9.00.00.00;1.9.1.9.00.00.00 - Multas de Outras Origens;43536,78;14624
2015;Prefeitura Municipal de Areado - MG;3104304;MG;DCA-Anexo I-C;NA;Receitas Brutas Realizadas;RO1.9.2.0.00.00.00;1.9.2.0.00.00.00 - Indenizações e Restituições;4590,26;14624
2015;Prefeitura Municipal de Areado - MG;3104304;MG;DCA-Anexo I-C;NA;Receitas Brutas Realizadas;RO1.9.2.1.00.00.00;1.9.2.1.00.00.00 - Indenizações;182,46;14624
2015;Prefeitura Municipal de Areado - MG;3104304;MG;DCA-Anexo I-C;NA;Receitas Brutas Realizadas;RO1.9.2.2.00.00.00;1.9.2.2.00.00.00 - Restituições;4407,80;14624
2015;Prefeitura Municipal de Areado - MG;3104304;MG;DCA-Anexo I-C;NA;Receitas Brutas Realizadas;RO1.9.2.2.01.00.00;1.9.2.2.01.00.00 - Restituições de Convênios;4407,80;14624
2015;Prefeitura Municipal de Areado - MG;3104304;MG;DCA-Anexo I-C;NA;Receitas Brutas Realizadas;RO1.9.3.0.00.00.00;1.9.3.0.00.00.00 - Receita da Dívida Ativa;80823,94;14624
2015;Prefeitura Municipal de Areado - MG;3104304;MG;DCA-Anexo I-C;NA;Deduções - Transferências Constitucionais;RO1.9.3.0.00.00.00;1.9.3.0.00.00.00 - Receita da Dívida Ativa;29727,68;14624
2015;Prefeitura Municipal de Areado - MG;3104304;MG;DCA-Anexo I-C;NA;Receitas Brutas Realizadas;RO1.9.3.1.00.00.00;1.9.3.1.00.00.00 - Receita da Dívida Ativa Tributária;80823,94;14624
2015;Prefeitura Municipal de Areado - MG;3104304;MG;DCA-Anexo I-C;NA;Deduções - Transferências Constitucionais;RO1.9.3.1.00.00.00;1.9.3.1.00.00.00 - Receita da Dívida Ativa Tributária;29727,68;14624
2015;Prefeitura Municipal de Areado - MG;3104304;MG;DCA-Anexo I-C;NA;Receitas Brutas Realizadas;RO1.9.3.1.11.00.00;1.9.3.1.11.00.00 - Receita da Dívida Ativa do Imposto sobre a Propriedade Predial e Territorial Urbana ¿ IPTU;48940,30;14624
2015;Prefeitura Municipal de Areado - MG;3104304;MG;DCA-Anexo I-C;NA;Deduções - Transferências Constitucionais;RO1.9.3.1.11.00.00;1.9.3.1.11.00.00 - Receita da Dívida Ativa do Imposto sobre a Propriedade Predial e Territorial Urbana ¿ IPTU;19576,12;14624
2015;Prefeitura Municipal de Areado - MG;3104304;MG;DCA-Anexo I-C;NA;Receitas Brutas Realizadas;RO1.9.3.1.13.00.00;1.9.3.1.13.00.00 - Receita da Dívida Ativa do Imposto sobre Serviços de Qualquer Natureza ¿ ISS;25378,90;14624
2015;Prefeitura Municipal de Areado - MG;3104304;MG;DCA-Anexo I-C;NA;Deduções - Transferências Constitucionais;RO1.9.3.1.13.00.00;1.9.3.1.13.00.00 - Receita da Dívida Ativa do Imposto sobre Serviços de Qualquer Natureza ¿ ISS;10151,56;14624
2015;Prefeitura Municipal de Areado - MG;3104304;MG;DCA-Anexo I-C;NA;Receitas Brutas Realizadas;RO1.9.3.1.99.00.00;1.9.3.1.99.00.00 - Receita da Dívida Ativa de Outros Tributos;6504,74;14624
2015;Prefeitura Municipal de Areado - MG;3104304;MG;DCA-Anexo I-C;NA;Receitas Brutas Realizadas;RO1.9.9.0.00.00.00;1.9.9.0.00.00.00 - Receitas Diversas;1171,21;14624
2015;Prefeitura Municipal de Areado - MG;3104304;MG;DCA-Anexo I-C;NA;Receitas Brutas Realizadas;RO2.0.0.0.00.00.00;2.0.0.0.00.00.00 - Receitas de Capital;536732,54;14624
2015;Prefeitura Municipal de Areado - MG;3104304;MG;DCA-Anexo I-C;NA;Receitas Brutas Realizadas;RO2.2.0.0.00.00.00;2.2.0.0.00.00.00 - Alienação de Bens;13837,78;14624
2015;Prefeitura Municipal de Areado - MG;3104304;MG;DCA-Anexo I-C;NA;Receitas Brutas Realizadas;RO2.2.2.0.00.00.00;2.2.2.0.00.00.00 - Alienação de Bens Imóveis;13837,78;14624
2015;Prefeitura Municipal de Areado - MG;3104304;MG;DCA-Anexo I-C;NA;Receitas Brutas Realizadas;RO2.4.0.0.00.00.00;2.4.0.0.00.00.00 - Transferências de Capital;444928,44;14624
2015;Prefeitura Municipal de Areado - MG;3104304;MG;DCA-Anexo I-C;NA;Receitas Brutas Realizadas;RO2.4.7.0.00.00.00;2.4.7.0.00.00.00 - Transferências de Convênios;444928,44;14624
2015;Prefeitura Municipal de Areado - MG;3104304;MG;DCA-Anexo I-C;NA;Receitas Brutas Realizadas;RO2.4.7.1.00.00.00;2.4.7.1.00.00.00 - Transferências de Convênios da União e de suas Entidades;300000,00;14624
2015;Prefeitura Municipal de Areado - MG;3104304;MG;DCA-Anexo I-C;NA;Receitas Brutas Realizadas;RO2.4.7.1.99.00.00;2.4.7.1.99.00.00 - Outras Transferências de Convênios da União;300000,00;14624
2015;Prefeitura Municipal de Areado - MG;3104304;MG;DCA-Anexo I-C;NA;Receitas Brutas Realizadas;RO2.4.7.2.00.00.00;2.4.7.2.00.00.00 - Transferências de Convênios dos Estados e do Distrito Federal e de suas Entidades;60928,44;14624
2015;Prefeitura Municipal de Areado - MG;3104304;MG;DCA-Anexo I-C;NA;Receitas Brutas Realizadas;RO2.4.7.2.01.00.00;2.4.7.2.01.00.00 - Transferências de Convênios dos Estados para o Sistema Único de Saúde - SUS;34928,44;14624
2015;Prefeitura Municipal de Areado - MG;3104304;MG;DCA-Anexo I-C;NA;Receitas Brutas Realizadas;RO2.4.7.2.02.00.00;2.4.7.2.02.00.00 - Transferências de Convênios dos Estados Destinadas a Programas de Educação;26000,00;14624
2015;Prefeitura Municipal de Areado - MG;3104304;MG;DCA-Anexo I-C;NA;Receitas Brutas Realizadas;RO2.4.7.3.00.00.00;2.4.7.3.00.00.00 - Transferências de Convênios dos Municípios e de suas Entidades;84000,00;14624
2015;Prefeitura Municipal de Areado - MG;3104304;MG;DCA-Anexo I-C;NA;Receitas Brutas Realizadas;RO2.4.7.3.99.00.00;2.4.7.3.99.00.00 - Outras Transferências de Convênios dos Municípios;84000,00;14624
2015;Prefeitura Municipal de Areado - MG;3104304;MG;DCA-Anexo I-C;NA;Receitas Brutas Realizadas;RO2.5.0.0.00.00.00;2.5.0.0.00.00.00 - Outras Receitas de Capital;77966,32;14624
2015;Prefeitura Municipal de Areado - MG;3104304;MG;DCA-Anexo I-C;NA;Receitas Brutas Realizadas;RO2.5.9.0.00.00.00;2.5.9.0.00.00.00 - Outras Receitas;77966,32;14624
2016;Prefeitura Municipal de Areado - MG;3104304;MG;DCA-Anexo I-C;NA;Receitas Brutas Realizadas;TotalReceitas;Total Receitas;31186459,51;14740
2016;Prefeitura Municipal de Areado - MG;3104304;MG;DCA-Anexo I-C;NA;Deduções - FUNDEB;TotalReceitas;Total Receitas;3765979,20;14740
2016;Prefeitura Municipal de Areado - MG;3104304;MG;DCA-Anexo I-C;NA;Receitas Brutas Realizadas;RO1.0.0.0.00.00.00;1.0.0.0.00.00.00 - Receitas Correntes;30716655,46;14740
2016;Prefeitura Municipal de Areado - MG;3104304;MG;DCA-Anexo I-C;NA;Deduções - FUNDEB;RO1.0.0.0.00.00.00;1.0.0.0.00.00.00 - Receitas Correntes;3765979,20;14740
2016;Prefeitura Municipal de Areado - MG;3104304;MG;DCA-Anexo I-C;NA;Receitas Brutas Realizadas;RO1.1.0.0.00.00.00;1.1.0.0.00.00.00 - Receita Tributária;1708989,01;14740
2016;Prefeitura Municipal de Areado - MG;3104304;MG;DCA-Anexo I-C;NA;Receitas Brutas Realizadas;RO1.1.1.0.00.00.00;1.1.1.0.00.00.00 - Impostos;1524813,59;14740
2016;Prefeitura Municipal de Areado - MG;3104304;MG;DCA-Anexo I-C;NA;Receitas Brutas Realizadas;RO1.1.1.2.00.00.00;1.1.1.2.00.00.00 - Impostos sobre o Patrimônio e a Renda;1524813,59;14740
2016;Prefeitura Municipal de Areado - MG;3104304;MG;DCA-Anexo I-C;NA;Receitas Brutas Realizadas;RO1.1.1.2.02.00.00;1.1.1.2.02.00.00 - Imposto sobre a Propriedade Predial e Territorial Urbana ¿ IPTU;491110,08;14740
2016;Prefeitura Municipal de Areado - MG;3104304;MG;DCA-Anexo I-C;NA;Receitas Brutas Realizadas;RO1.1.1.2.04.00.00;1.1.1.2.04.00.00 - Imposto sobre a Renda e Proventos de Qualquer Natureza ¿ IR;736890,92;14740
2016;Prefeitura Municipal de Areado - MG;3104304;MG;DCA-Anexo I-C;NA;Receitas Brutas Realizadas;RO1.1.1.2.04.21.00;1.1.1.2.04.21.00 - Pessoa Jurídica - Líquida de Incentivos;493420,18;14740
2016;Prefeitura Municipal de Areado - MG;3104304;MG;DCA-Anexo I-C;NA;Receitas Brutas Realizadas;RO1.1.1.2.04.31.00;1.1.1.2.04.31.00 - Retido nas Fontes - Trabalho;236140,24;14740
2016;Prefeitura Municipal de Areado - MG;3104304;MG;DCA-Anexo I-C;NA;Receitas Brutas Realizadas;RO1.1.1.2.04.34.00;1.1.1.2.04.34.00 - Retido nas Fontes - Outros Rendimentos;7330,50;14740
2016;Prefeitura Municipal de Areado - MG;3104304;MG;DCA-Anexo I-C;NA;Receitas Brutas Realizadas;RO1.1.1.2.08.00.00;"1.1.1.2.08.00.00 - Imposto sobre Transmissão ""Inter Vivos"" de Bens Imóveis e de Direitos Reais sobre Imóveis ¿ ITBI";296812,59;14740
2016;Prefeitura Municipal de Areado - MG;3104304;MG;DCA-Anexo I-C;NA;Receitas Brutas Realizadas;RO1.1.2.0.00.00.00;1.1.2.0.00.00.00 - Taxas;184175,42;14740
2016;Prefeitura Municipal de Areado - MG;3104304;MG;DCA-Anexo I-C;NA;Receitas Brutas Realizadas;RO1.1.2.1.00.00.00;1.1.2.1.00.00.00 - Taxas pelo Exercício do Poder de Polícia;157274,78;14740
2016;Prefeitura Municipal de Areado - MG;3104304;MG;DCA-Anexo I-C;NA;Receitas Brutas Realizadas;RO1.1.2.2.00.00.00;1.1.2.2.00.00.00 - Taxas pela Prestação de Serviços;26900,64;14740
2016;Prefeitura Municipal de Areado - MG;3104304;MG;DCA-Anexo I-C;NA;Receitas Brutas Realizadas;RO1.1.2.2.21.00.00;1.1.2.2.21.00.00 - Taxas de Serviços Cadastrais;25004,56;14740
2016;Prefeitura Municipal de Areado - MG;3104304;MG;DCA-Anexo I-C;NA;Receitas Brutas Realizadas;RO1.1.2.2.28.00.00;1.1.2.2.28.00.00 - Taxa de Cemitérios;1510,65;14740
2016;Prefeitura Municipal de Areado - MG;3104304;MG;DCA-Anexo I-C;NA;Receitas Brutas Realizadas;RO1.1.2.2.99.00.00;1.1.2.2.99.00.00 - Outras Taxas pela Prestação de Serviços;385,43;14740
2016;Prefeitura Municipal de Areado - MG;3104304;MG;DCA-Anexo I-C;NA;Receitas Brutas Realizadas;RO1.3.0.0.00.00.00;1.3.0.0.00.00.00 - Receita Patrimonial;457816,97;14740
2016;Prefeitura Municipal de Areado - MG;3104304;MG;DCA-Anexo I-C;NA;Receitas Brutas Realizadas;RO1.3.1.0.00.00.00;1.3.1.0.00.00.00 - Receitas Imobiliárias;4067,65;14740
2016;Prefeitura Municipal de Areado - MG;3104304;MG;DCA-Anexo I-C;NA;Receitas Brutas Realizadas;RO1.3.1.1.00.00.00;1.3.1.1.00.00.00 - Aluguéis;4067,65;14740
2016;Prefeitura Municipal de Areado - MG;3104304;MG;DCA-Anexo I-C;NA;Receitas Brutas Realizadas;RO1.3.2.0.00.00.00;1.3.2.0.00.00.00 - Receitas de Valores Mobiliários;453749,32;14740
2016;Prefeitura Municipal de Areado - MG;3104304;MG;DCA-Anexo I-C;NA;Receitas Brutas Realizadas;RO1.3.2.5.00.00.00;1.3.2.5.00.00.00 - Remuneração de Depósitos Bancários;453749,32;14740
2016;Prefeitura Municipal de Areado - MG;3104304;MG;DCA-Anexo I-C;NA;Receitas Brutas Realizadas;RO1.6.0.0.00.00.00;1.6.0.0.00.00.00 - Receita de Serviços;50912,58;14740
2016;Prefeitura Municipal de Areado - MG;3104304;MG;DCA-Anexo I-C;NA;Receitas Brutas Realizadas;RO1.6.0.0.13.00.00;1.6.0.0.13.00.00 - Serviços Administrativos;7233,44;14740
2016;Prefeitura Municipal de Areado - MG;3104304;MG;DCA-Anexo I-C;NA;Receitas Brutas Realizadas;RO1.6.0.0.14.00.00;1.6.0.0.14.00.00 - Serviços de Inspeção e Fiscalização;219,99;14740
2016;Prefeitura Municipal de Areado - MG;3104304;MG;DCA-Anexo I-C;NA;Receitas Brutas Realizadas;RO1.6.0.0.42.00.00;1.6.0.0.42.00.00 - Serviços de Coleta, Transporte, Tratamento e Destino Final de Esgotos;22539,82;14740
2016;Prefeitura Municipal de Areado - MG;3104304;MG;DCA-Anexo I-C;NA;Receitas Brutas Realizadas;RO1.6.0.0.45.00.00;1.6.0.0.45.00.00 - Serviços de Preparação da Terra em Propriedades Particulares;7905,00;14740
2016;Prefeitura Municipal de Areado - MG;3104304;MG;DCA-Anexo I-C;NA;Receitas Brutas Realizadas;RO1.6.0.0.46.00.00;1.6.0.0.46.00.00 - Serviços de Cemitério;13014,33;14740
2016;Prefeitura Municipal de Areado - MG;3104304;MG;DCA-Anexo I-C;NA;Receitas Brutas Realizadas;RO1.7.0.0.00.00.00;1.7.0.0.00.00.00 - Transferências Correntes;28319693,84;14740
2016;Prefeitura Municipal de Areado - MG;3104304;MG;DCA-Anexo I-C;NA;Deduções - FUNDEB;RO1.7.0.0.00.00.00;1.7.0.0.00.00.00 - Transferências Correntes;3765979,20;14740
2016;Prefeitura Municipal de Areado - MG;3104304;MG;DCA-Anexo I-C;NA;Receitas Brutas Realizadas;RO1.7.2.0.00.00.00;1.7.2.0.00.00.00 - Transferências Intergovernamentais;28142573,84;14740
2016;Prefeitura Municipal de Areado - MG;3104304;MG;DCA-Anexo I-C;NA;Deduções - FUNDEB;RO1.7.2.0.00.00.00;1.7.2.0.00.00.00 - Transferências Intergovernamentais;3765979,20;14740
2016;Prefeitura Municipal de Areado - MG;3104304;MG;DCA-Anexo I-C;NA;Receitas Brutas Realizadas;RO1.7.2.1.00.00.00;1.7.2.1.00.00.00 - Transferências da União;17188413,20;14740
2016;Prefeitura Municipal de Areado - MG;3104304;MG;DCA-Anexo I-C;NA;Deduções - FUNDEB;RO1.7.2.1.00.00.00;1.7.2.1.00.00.00 - Transferências da União;2665079,76;14740
2016;Prefeitura Municipal de Areado - MG;3104304;MG;DCA-Anexo I-C;NA;Receitas Brutas Realizadas;RO1.7.2.1.01.00.00;1.7.2.1.01.00.00 - Participação na Receita da União;14279527,90;14740
2016;Prefeitura Municipal de Areado - MG;3104304;MG;DCA-Anexo I-C;NA;Deduções - FUNDEB;RO1.7.2.1.01.00.00;1.7.2.1.01.00.00 - Participação na Receita da União;2659950,36;14740
2016;Prefeitura Municipal de Areado - MG;3104304;MG;DCA-Anexo I-C;NA;Receitas Brutas Realizadas;RO1.7.2.1.01.02.00;1.7.2.1.01.02.00 - Cota-Parte do Fundo de Participação dos Municípios ¿ FPM;13310616,42;14740
2016;Prefeitura Municipal de Areado - MG;3104304;MG;DCA-Anexo I-C;NA;Deduções - FUNDEB;RO1.7.2.1.01.02.00;1.7.2.1.01.02.00 - Cota-Parte do Fundo de Participação dos Municípios ¿ FPM;2655274,34;14740
2016;Prefeitura Municipal de Areado - MG;3104304;MG;DCA-Anexo I-C;NA;Receitas Brutas Realizadas;RO1.7.2.1.01.03.00;1.7.2.1.01.03.00 - Cota-Parte do Fundo de Participação dos Municípios - 1% Cota Anual;552725,75;14740
2016;Prefeitura Municipal de Areado - MG;3104304;MG;DCA-Anexo I-C;NA;Receitas Brutas Realizadas;RO1.7.2.1.01.04.00;1.7.2.1.01.04.00 - Cota-Parte do Fundo de Participação dos Municípios - 1% Cota entregue no mês de julho (67)(I);392805,11;14740
2016;Prefeitura Municipal de Areado - MG;3104304;MG;DCA-Anexo I-C;NA;Receitas Brutas Realizadas;RO1.7.2.1.01.05.00;1.7.2.1.01.05.00 - Cota-Parte do Imposto Sobre a Propriedade Territorial Rural ¿ ITR;23380,62;14740
2016;Prefeitura Municipal de Areado - MG;3104304;MG;DCA-Anexo I-C;NA;Deduções - FUNDEB;RO1.7.2.1.01.05.00;1.7.2.1.01.05.00 - Cota-Parte do Imposto Sobre a Propriedade Territorial Rural ¿ ITR;4676,02;14740
2016;Prefeitura Municipal de Areado - MG;3104304;MG;DCA-Anexo I-C;NA;Receitas Brutas Realizadas;RO1.7.2.1.22.00.00;1.7.2.1.22.00.00 - Transferências da Compensação Financeira pela Exploração de Recursos Naturais;805740,19;14740
2016;Prefeitura Municipal de Areado - MG;3104304;MG;DCA-Anexo I-C;NA;Receitas Brutas Realizadas;RO1.7.2.1.22.11.00;1.7.2.1.22.11.00 - Cota-Parte da Compensação Financeira de Recursos Hídricos;694041,72;14740
2016;Prefeitura Municipal de Areado - MG;3104304;MG;DCA-Anexo I-C;NA;Receitas Brutas Realizadas;RO1.7.2.1.22.70.00;1.7.2.1.22.70.00 - Cota-Parte do Fundo Especial do Petróleo ¿ FEP;111698,47;14740
2016;Prefeitura Municipal de Areado - MG;3104304;MG;DCA-Anexo I-C;NA;Receitas Brutas Realizadas;RO1.7.2.1.33.00.00;1.7.2.1.33.00.00 - Transferências de Recursos do Sistema Único de Saúde - SUS - Repasses Fundo a Fundo;1191135,79;14740
2016;Prefeitura Municipal de Areado - MG;3104304;MG;DCA-Anexo I-C;NA;Receitas Brutas Realizadas;RO1.7.2.1.34.00.00;1.7.2.1.34.00.00 - Transferências de Recursos do Fundo Nacional de Assistência Social ¿ FNAS;100756,69;14740
2016;Prefeitura Municipal de Areado - MG;3104304;MG;DCA-Anexo I-C;NA;Receitas Brutas Realizadas;RO1.7.2.1.35.00.00;1.7.2.1.35.00.00 - Transferências de Recursos do Fundo Nacional do Desenvolvimento da Educação ¿ FNDE;716445,89;14740
2016;Prefeitura Municipal de Areado - MG;3104304;MG;DCA-Anexo I-C;NA;Receitas Brutas Realizadas;RO1.7.2.1.36.00.00;1.7.2.1.36.00.00 - Transferências Financeiras do ICMS ¿ Desoneração ¿ L.C. Nº 87/96;25647,48;14740
2016;Prefeitura Municipal de Areado - MG;3104304;MG;DCA-Anexo I-C;NA;Deduções - FUNDEB;RO1.7.2.1.36.00.00;1.7.2.1.36.00.00 - Transferências Financeiras do ICMS ¿ Desoneração ¿ L.C. Nº 87/96;5129,40;14740
2016;Prefeitura Municipal de Areado - MG;3104304;MG;DCA-Anexo I-C;NA;Receitas Brutas Realizadas;RO1.7.2.1.99.00.00;1.7.2.1.99.00.00 - Outras Transferências da União;69159,26;14740
2016;Prefeitura Municipal de Areado - MG;3104304;MG;DCA-Anexo I-C;NA;Receitas Brutas Realizadas;RO1.7.2.2.00.00.00;1.7.2.2.00.00.00 - Transferências dos Estados;5754119,76;14740
2016;Prefeitura Municipal de Areado - MG;3104304;MG;DCA-Anexo I-C;NA;Deduções - FUNDEB;RO1.7.2.2.00.00.00;1.7.2.2.00.00.00 - Transferências dos Estados;1100899,44;14740
2016;Prefeitura Municipal de Areado - MG;3104304;MG;DCA-Anexo I-C;NA;Receitas Brutas Realizadas;RO1.7.2.2.01.00.00;1.7.2.2.01.00.00 - Participação na Receita dos Estados;5534124,07;14740
2016;Prefeitura Municipal de Areado - MG;3104304;MG;DCA-Anexo I-C;NA;Deduções - FUNDEB;RO1.7.2.2.01.00.00;1.7.2.2.01.00.00 - Participação na Receita dos Estados;1100899,44;14740
2016;Prefeitura Municipal de Areado - MG;3104304;MG;DCA-Anexo I-C;NA;Receitas Brutas Realizadas;RO1.7.2.2.01.01.00;1.7.2.2.01.01.00 - Cota-Parte do ICMS;4169076,45;14740
2016;Prefeitura Municipal de Areado - MG;3104304;MG;DCA-Anexo I-C;NA;Deduções - FUNDEB;RO1.7.2.2.01.01.00;1.7.2.2.01.01.00 - Cota-Parte do ICMS;833815,07;14740
2016;Prefeitura Municipal de Areado - MG;3104304;MG;DCA-Anexo I-C;NA;Receitas Brutas Realizadas;RO1.7.2.2.01.02.00;1.7.2.2.01.02.00 - Cota-Parte do IPVA;1286467,26;14740
2016;Prefeitura Municipal de Areado - MG;3104304;MG;DCA-Anexo I-C;NA;Deduções - FUNDEB;RO1.7.2.2.01.02.00;1.7.2.2.01.02.00 - Cota-Parte do IPVA;257292,25;14740
2016;Prefeitura Municipal de Areado - MG;3104304;MG;DCA-Anexo I-C;NA;Receitas Brutas Realizadas;RO1.7.2.2.01.04.00;1.7.2.2.01.04.00 - Cota-Parte do IPI - Municípios;48960,56;14740
2016;Prefeitura Municipal de Areado - MG;3104304;MG;DCA-Anexo I-C;NA;Deduções - FUNDEB;RO1.7.2.2.01.04.00;1.7.2.2.01.04.00 - Cota-Parte do IPI - Municípios;9792,12;14740
2016;Prefeitura Municipal de Areado - MG;3104304;MG;DCA-Anexo I-C;NA;Receitas Brutas Realizadas;RO1.7.2.2.01.13.00;1.7.2.2.01.13.00 - Cota-Parte da Contribuição de Intervenção no Domínio Econômico;29619,80;14740
2016;Prefeitura Municipal de Areado - MG;3104304;MG;DCA-Anexo I-C;NA;Receitas Brutas Realizadas;RO1.7.2.2.33.00.00;1.7.2.2.33.00.00 - Transferências de Recursos do Estado para Programas de Saúde - Repasse Fundo a Fundo;219995,69;14740
2016;Prefeitura Municipal de Areado - MG;3104304;MG;DCA-Anexo I-C;NA;Receitas Brutas Realizadas;RO1.7.2.4.00.00.00;1.7.2.4.00.00.00 - Transferências Multigovernamentais;5200040,88;14740
2016;Prefeitura Municipal de Areado - MG;3104304;MG;DCA-Anexo I-C;NA;Receitas Brutas Realizadas;RO1.7.2.4.01.00.00;1.7.2.4.01.00.00 - Transferências de Recursos do Fundo de Manutenção e Desenvolvimento do Ensino Fundamental e de Valorização do Magistério - FUNDEB;5200040,88;14740
2016;Prefeitura Municipal de Areado - MG;3104304;MG;DCA-Anexo I-C;NA;Receitas Brutas Realizadas;RO1.7.6.0.00.00.00;1.7.6.0.00.00.00 - Transferências de Convênios;177120,00;14740
2016;Prefeitura Municipal de Areado - MG;3104304;MG;DCA-Anexo I-C;NA;Receitas Brutas Realizadas;RO1.7.6.2.00.00.00;1.7.6.2.00.00.00 - Transferências de Convênios dos Estados e do Distrito Federal e de Suas Entidades;177120,00;14740
2016;Prefeitura Municipal de Areado - MG;3104304;MG;DCA-Anexo I-C;NA;Receitas Brutas Realizadas;RO1.7.6.2.02.00.00;1.7.6.2.02.00.00 - Transferências de Convênios dos Estados Destinadas a Programas de Educação;177120,00;14740
2016;Prefeitura Municipal de Areado - MG;3104304;MG;DCA-Anexo I-C;NA;Receitas Brutas Realizadas;RO1.9.0.0.00.00.00;1.9.0.0.00.00.00 - Outras Receitas Correntes;179243,06;14740
2016;Prefeitura Municipal de Areado - MG;3104304;MG;DCA-Anexo I-C;NA;Receitas Brutas Realizadas;RO1.9.1.0.00.00.00;1.9.1.0.00.00.00 - Multas e Juros de Mora;55373,83;14740
2016;Prefeitura Municipal de Areado - MG;3104304;MG;DCA-Anexo I-C;NA;Receitas Brutas Realizadas;RO1.9.1.1.00.00.00;1.9.1.1.00.00.00 - Multas e Juros de Mora dos Tributos;11846,59;14740
2016;Prefeitura Municipal de Areado - MG;3104304;MG;DCA-Anexo I-C;NA;Receitas Brutas Realizadas;RO1.9.1.1.35.00.00;1.9.1.1.35.00.00 - Multas e Juros de Mora da Taxa de Fiscalização e Vigilância Sanitária;4315,71;14740
2016;Prefeitura Municipal de Areado - MG;3104304;MG;DCA-Anexo I-C;NA;Receitas Brutas Realizadas;RO1.9.1.1.38.00.00;1.9.1.1.38.00.00 - Multas e Juros de Mora do Imposto sobre a Propriedade Predial e Territorial Urbana ¿ IPTU;5400,80;14740
2016;Prefeitura Municipal de Areado - MG;3104304;MG;DCA-Anexo I-C;NA;Receitas Brutas Realizadas;RO1.9.1.1.39.00.00;1.9.1.1.39.00.00 - Multas e Juros de Mora do Imposto sobre a Transmissão Inter Vivos de Bens Imóveis - ITBI;161,07;14740
2016;Prefeitura Municipal de Areado - MG;3104304;MG;DCA-Anexo I-C;NA;Receitas Brutas Realizadas;RO1.9.1.1.40.00.00;1.9.1.1.40.00.00 - Multas e Juros de Mora do Imposto sobre Serviços de Qualquer Natureza ¿ ISS;1955,50;14740
2016;Prefeitura Municipal de Areado - MG;3104304;MG;DCA-Anexo I-C;NA;Receitas Brutas Realizadas;RO1.9.1.1.99.00.00;1.9.1.1.99.00.00 - Multas e Juros de Mora de Outros Tributos;13,51;14740
2016;Prefeitura Municipal de Areado - MG;3104304;MG;DCA-Anexo I-C;NA;Receitas Brutas Realizadas;RO1.9.1.3.00.00.00;1.9.1.3.00.00.00 - Multas e Juros de Mora da Dívida Ativa dos Tributos;40207,15;14740
2016;Prefeitura Municipal de Areado - MG;3104304;MG;DCA-Anexo I-C;NA;Receitas Brutas Realizadas;RO1.9.1.3.11.00.00;1.9.1.3.11.00.00 - Multas e Juros de Mora da Dívida Ativa do Imposto sobre a Propriedade Predial e Territorial Urbana ¿ IPTU;29501,97;14740
2016;Prefeitura Municipal de Areado - MG;3104304;MG;DCA-Anexo I-C;NA;Receitas Brutas Realizadas;RO1.9.1.3.12.00.00;1.9.1.3.12.00.00 - Multas e Juros de Mora da Dívida Ativa do Imposto sobre a Transmissão Inter Vivos de Bens Imóveis - ITBI;86,89;14740
2016;Prefeitura Municipal de Areado - MG;3104304;MG;DCA-Anexo I-C;NA;Receitas Brutas Realizadas;RO1.9.1.3.13.00.00;1.9.1.3.13.00.00 - Multas e Juros de Mora da Dívida Ativa do Imposto sobre Serviços de Qualquer Natureza ¿ ISS;5542,71;14740
2016;Prefeitura Municipal de Areado - MG;3104304;MG;DCA-Anexo I-C;NA;Receitas Brutas Realizadas;RO1.9.1.3.35.00.00;1.9.1.3.35.00.00 - Multas e Juros de Mora da Dívida Ativa da Taxa de Fiscalização e Vigilância Sanitária;5075,58;14740
2016;Prefeitura Municipal de Areado - MG;3104304;MG;DCA-Anexo I-C;NA;Receitas Brutas Realizadas;RO1.9.1.5.00.00.00;1.9.1.5.00.00.00 - Multas e Juros de Mora da Dívida Ativa de Outras Receitas;992,44;14740
2016;Prefeitura Municipal de Areado - MG;3104304;MG;DCA-Anexo I-C;NA;Receitas Brutas Realizadas;RO1.9.1.5.99.00.00;1.9.1.5.99.00.00 - Outras Multas e Juros de Mora da Dívida Ativa de Outras Receitas;992,44;14740
2016;Prefeitura Municipal de Areado - MG;3104304;MG;DCA-Anexo I-C;NA;Receitas Brutas Realizadas;RO1.9.1.8.00.00.00;1.9.1.8.00.00.00 - Multas e Juros de Mora de Outras Receitas;142,91;14740
2016;Prefeitura Municipal de Areado - MG;3104304;MG;DCA-Anexo I-C;NA;Receitas Brutas Realizadas;RO1.9.1.8.99.00.00;1.9.1.8.99.00.00 - Outras Multas e Juros de Mora;142,91;14740
2016;Prefeitura Municipal de Areado - MG;3104304;MG;DCA-Anexo I-C;NA;Receitas Brutas Realizadas;RO1.9.1.9.00.00.00;1.9.1.9.00.00.00 - Multas de Outras Origens;2184,74;14740
2016;Prefeitura Municipal de Areado - MG;3104304;MG;DCA-Anexo I-C;NA;Receitas Brutas Realizadas;RO1.9.2.0.00.00.00;1.9.2.0.00.00.00 - Indenizações e Restituições;22609,98;14740
2016;Prefeitura Municipal de Areado - MG;3104304;MG;DCA-Anexo I-C;NA;Receitas Brutas Realizadas;RO1.9.2.2.00.00.00;1.9.2.2.00.00.00 - Restituições;22609,98;14740
2016;Prefeitura Municipal de Areado - MG;3104304;MG;DCA-Anexo I-C;NA;Receitas Brutas Realizadas;RO1.9.2.2.01.00.00;1.9.2.2.01.00.00 - Restituições de Convênios;638,24;14740
2016;Prefeitura Municipal de Areado - MG;3104304;MG;DCA-Anexo I-C;NA;Receitas Brutas Realizadas;RO1.9.2.2.02.00.00;1.9.2.2.02.00.00 - Restituições de Benefícios não Desembolsados;755,20;14740
2016;Prefeitura Municipal de Areado - MG;3104304;MG;DCA-Anexo I-C;NA;Receitas Brutas Realizadas;RO1.9.2.2.99.00.00;1.9.2.2.99.00.00 - Outras Restituições;21216,54;14740
2016;Prefeitura Municipal de Areado - MG;3104304;MG;DCA-Anexo I-C;NA;Receitas Brutas Realizadas;RO1.9.3.0.00.00.00;1.9.3.0.00.00.00 - Receita da Dívida Ativa;82260,59;14740
2016;Prefeitura Municipal de Areado - MG;3104304;MG;DCA-Anexo I-C;NA;Receitas Brutas Realizadas;RO1.9.3.1.00.00.00;1.9.3.1.00.00.00 - Receita da Dívida Ativa Tributária;74485,90;14740
2016;Prefeitura Municipal de Areado - MG;3104304;MG;DCA-Anexo I-C;NA;Receitas Brutas Realizadas;RO1.9.3.1.11.00.00;1.9.3.1.11.00.00 - Receita da Dívida Ativa do Imposto sobre a Propriedade Predial e Territorial Urbana ¿ IPTU;36082,41;14740
2016;Prefeitura Municipal de Areado - MG;3104304;MG;DCA-Anexo I-C;NA;Receitas Brutas Realizadas;RO1.9.3.1.12.00.00;1.9.3.1.12.00.00 - Receita da Dívida Ativa do Imposto sobre a Transmissão Inter Vivos de Bens Imóveis - ITBI;53,80;14740
2016;Prefeitura Municipal de Areado - MG;3104304;MG;DCA-Anexo I-C;NA;Receitas Brutas Realizadas;RO1.9.3.1.13.00.00;1.9.3.1.13.00.00 - Receita da Dívida Ativa do Imposto sobre Serviços de Qualquer Natureza ¿ ISS;22878,37;14740
2016;Prefeitura Municipal de Areado - MG;3104304;MG;DCA-Anexo I-C;NA;Receitas Brutas Realizadas;RO1.9.3.1.35.00.00;1.9.3.1.35.00.00 - Receita da Dívida Ativa da Taxa de Fiscalização e Vigilância Sanitária;11308,24;14740
2016;Prefeitura Municipal de Areado - MG;3104304;MG;DCA-Anexo I-C;NA;Receitas Brutas Realizadas;RO1.9.3.1.99.00.00;1.9.3.1.99.00.00 - Receita da Dívida Ativa de Outros Tributos;4163,08;14740
2016;Prefeitura Municipal de Areado - MG;3104304;MG;DCA-Anexo I-C;NA;Receitas Brutas Realizadas;RO1.9.3.2.00.00.00;1.9.3.2.00.00.00 - Receita da Dívida Ativa Não Tributária;7774,69;14740
2016;Prefeitura Municipal de Areado - MG;3104304;MG;DCA-Anexo I-C;NA;Receitas Brutas Realizadas;RO1.9.3.2.99.00.00;1.9.3.2.99.00.00 - Receita da Dívida Ativa Não Tributária de Outras Receitas;7774,69;14740
2016;Prefeitura Municipal de Areado - MG;3104304;MG;DCA-Anexo I-C;NA;Receitas Brutas Realizadas;RO1.9.9.0.00.00.00;1.9.9.0.00.00.00 - Receitas Diversas;18998,66;14740
2016;Prefeitura Municipal de Areado - MG;3104304;MG;DCA-Anexo I-C;NA;Receitas Brutas Realizadas;RO1.9.9.0.99.00.00;1.9.9.0.99.00.00 - Outras Receitas;18998,66;14740
2016;Prefeitura Municipal de Areado - MG;3104304;MG;DCA-Anexo I-C;NA;Receitas Brutas Realizadas;RO2.0.0.0.00.00.00;2.0.0.0.00.00.00 - Receitas de Capital;469804,05;14740
2016;Prefeitura Municipal de Areado - MG;3104304;MG;DCA-Anexo I-C;NA;Receitas Brutas Realizadas;RO2.2.0.0.00.00.00;2.2.0.0.00.00.00 - Alienação de Bens;12804,45;14740
2016;Prefeitura Municipal de Areado - MG;3104304;MG;DCA-Anexo I-C;NA;Receitas Brutas Realizadas;RO2.2.2.0.00.00.00;2.2.2.0.00.00.00 - Alienação de Bens Imóveis;12804,45;14740
2016;Prefeitura Municipal de Areado - MG;3104304;MG;DCA-Anexo I-C;NA;Receitas Brutas Realizadas;RO2.4.0.0.00.00.00;2.4.0.0.00.00.00 - Transferências de Capital;389605,50;14740
2016;Prefeitura Municipal de Areado - MG;3104304;MG;DCA-Anexo I-C;NA;Receitas Brutas Realizadas;RO2.4.7.0.00.00.00;2.4.7.0.00.00.00 - Transferências de Convênios;389605,50;14740
2016;Prefeitura Municipal de Areado - MG;3104304;MG;DCA-Anexo I-C;NA;Receitas Brutas Realizadas;RO2.4.7.1.00.00.00;2.4.7.1.00.00.00 - Transferências de Convênios da União e de suas Entidades;121875,00;14740
2016;Prefeitura Municipal de Areado - MG;3104304;MG;DCA-Anexo I-C;NA;Receitas Brutas Realizadas;RO2.4.7.1.99.00.00;2.4.7.1.99.00.00 - Outras Transferências de Convênios da União;121875,00;14740
2016;Prefeitura Municipal de Areado - MG;3104304;MG;DCA-Anexo I-C;NA;Receitas Brutas Realizadas;RO2.4.7.2.00.00.00;2.4.7.2.00.00.00 - Transferências de Convênios dos Estados e do Distrito Federal e de suas Entidades;267730,50;14740
2016;Prefeitura Municipal de Areado - MG;3104304;MG;DCA-Anexo I-C;NA;Receitas Brutas Realizadas;RO2.4.7.2.01.00.00;2.4.7.2.01.00.00 - Transferências de Convênios dos Estados para o Sistema Único de Saúde - SUS;29730,50;14740
2016;Prefeitura Municipal de Areado - MG;3104304;MG;DCA-Anexo I-C;NA;Receitas Brutas Realizadas;RO2.4.7.2.99.00.00;2.4.7.2.99.00.00 - Outras Transferências de Convênios dos Estados;238000,00;14740
2016;Prefeitura Municipal de Areado - MG;3104304;MG;DCA-Anexo I-C;NA;Receitas Brutas Realizadas;RO2.5.0.0.00.00.00;2.5.0.0.00.00.00 - Outras Receitas de Capital;67394,10;14740
2016;Prefeitura Municipal de Areado - MG;3104304;MG;DCA-Anexo I-C;NA;Receitas Brutas Realizadas;RO2.5.9.0.00.00.00;2.5.9.0.00.00.00 - Outras Receitas;67394,10;14740
2017;Prefeitura Municipal de Areado - MG;3104304;MG;DCA-Anexo I-C;Padrão;Receitas Brutas Realizadas;TotalReceitas;Total Receitas;31213747,03;14851
2017;Prefeitura Municipal de Areado - MG;3104304;MG;DCA-Anexo I-C;Padrão;Deduções - FUNDEB;TotalReceitas;Total Receitas;3798531,23;14851
2017;Prefeitura Municipal de Areado - MG;3104304;MG;DCA-Anexo I-C;Padrão;Receitas Brutas Realizadas;RO1.0.0.0.00.00.00;1.0.0.0.00.00.00 - Receitas Correntes;30649677,33;14851
2017;Prefeitura Municipal de Areado - MG;3104304;MG;DCA-Anexo I-C;Padrão;Deduções - FUNDEB;RO1.0.0.0.00.00.00;1.0.0.0.00.00.00 - Receitas Correntes;3798531,23;14851
2017;Prefeitura Municipal de Areado - MG;3104304;MG;DCA-Anexo I-C;Padrão;Receitas Brutas Realizadas;RO1.1.0.0.00.00.00;1.1.0.0.00.00.00 - Receita Tributária;2186455,54;14851
2017;Prefeitura Municipal de Areado - MG;3104304;MG;DCA-Anexo I-C;Padrão;Receitas Brutas Realizadas;RO1.1.1.0.00.00.00;1.1.1.0.00.00.00 - Impostos;1970798,38;14851
2017;Prefeitura Municipal de Areado - MG;3104304;MG;DCA-Anexo I-C;Padrão;Receitas Brutas Realizadas;RO1.1.1.2.00.00.00;1.1.1.2.00.00.00 - Impostos sobre o Patrimônio e a Renda;1417409,84;14851
2017;Prefeitura Municipal de Areado - MG;3104304;MG;DCA-Anexo I-C;Padrão;Receitas Brutas Realizadas;RO1.1.1.2.02.00.00;1.1.1.2.02.00.00 - Imposto sobre a Propriedade Predial e Territorial Urbana ¿ IPTU;540406,24;14851
2017;Prefeitura Municipal de Areado - MG;3104304;MG;DCA-Anexo I-C;Padrão;Receitas Brutas Realizadas;RO1.1.1.2.04.00.00;1.1.1.2.04.00.00 - Imposto sobre a Renda e Proventos de Qualquer Natureza ¿ IR;473317,77;14851
2017;Prefeitura Municipal de Areado - MG;3104304;MG;DCA-Anexo I-C;Padrão;Receitas Brutas Realizadas;RO1.1.1.2.04.31.00;1.1.1.2.04.31.00 - Retido nas Fontes - Trabalho;443464,82;14851
2017;Prefeitura Municipal de Areado - MG;3104304;MG;DCA-Anexo I-C;Padrão;Receitas Brutas Realizadas;RO1.1.1.2.04.34.00;1.1.1.2.04.34.00 - Retido nas Fontes - Outros Rendimentos;29852,95;14851
2017;Prefeitura Municipal de Areado - MG;3104304;MG;DCA-Anexo I-C;Padrão;Receitas Brutas Realizadas;RO1.1.1.2.08.00.00;"1.1.1.2.08.00.00 - Imposto sobre Transmissão ""Inter Vivos"" de Bens Imóveis e de Direitos Reais sobre Imóveis ¿ ITBI";403685,83;14851
2017;Prefeitura Municipal de Areado - MG;3104304;MG;DCA-Anexo I-C;Padrão;Receitas Brutas Realizadas;RO1.1.1.3.00.00.00;1.1.1.3.00.00.00 - Impostos sobre a Produção e a Circulação;553388,54;14851
2017;Prefeitura Municipal de Areado - MG;3104304;MG;DCA-Anexo I-C;Padrão;Receitas Brutas Realizadas;RO1.1.1.3.05.00.00;1.1.1.3.05.00.00 - Imposto sobre Serviços de Qualquer Natureza ¿ ISSQN;553388,54;14851
2017;Prefeitura Municipal de Areado - MG;3104304;MG;DCA-Anexo I-C;Padrão;Receitas Brutas Realizadas;RO1.1.2.0.00.00.00;1.1.2.0.00.00.00 - Taxas;215657,16;14851
2017;Prefeitura Municipal de Areado - MG;3104304;MG;DCA-Anexo I-C;Padrão;Receitas Brutas Realizadas;RO1.1.2.1.00.00.00;1.1.2.1.00.00.00 - Taxas pelo Exercício do Poder de Polícia;188218,90;14851
2017;Prefeitura Municipal de Areado - MG;3104304;MG;DCA-Anexo I-C;Padrão;Receitas Brutas Realizadas;RO1.1.2.2.00.00.00;1.1.2.2.00.00.00 - Taxas pela Prestação de Serviços;27438,26;14851
2017;Prefeitura Municipal de Areado - MG;3104304;MG;DCA-Anexo I-C;Padrão;Receitas Brutas Realizadas;RO1.1.2.2.21.00.00;1.1.2.2.21.00.00 - Taxas de Serviços Cadastrais;25135,34;14851
2017;Prefeitura Municipal de Areado - MG;3104304;MG;DCA-Anexo I-C;Padrão;Receitas Brutas Realizadas;RO1.1.2.2.28.00.00;1.1.2.2.28.00.00 - Taxa de Cemitérios;1682,54;14851
2017;Prefeitura Municipal de Areado - MG;3104304;MG;DCA-Anexo I-C;Padrão;Receitas Brutas Realizadas;RO1.1.2.2.99.00.00;1.1.2.2.99.00.00 - Outras Taxas pela Prestação de Serviços;620,38;14851
2017;Prefeitura Municipal de Areado - MG;3104304;MG;DCA-Anexo I-C;Padrão;Receitas Brutas Realizadas;RO1.3.0.0.00.00.00;1.3.0.0.00.00.00 - Receita Patrimonial;332108,99;14851
2017;Prefeitura Municipal de Areado - MG;3104304;MG;DCA-Anexo I-C;Padrão;Receitas Brutas Realizadas;RO1.3.1.0.00.00.00;1.3.1.0.00.00.00 - Receitas Imobiliárias;655,30;14851
2017;Prefeitura Municipal de Areado - MG;3104304;MG;DCA-Anexo I-C;Padrão;Receitas Brutas Realizadas;RO1.3.1.1.00.00.00;1.3.1.1.00.00.00 - Aluguéis;655,30;14851
2017;Prefeitura Municipal de Areado - MG;3104304;MG;DCA-Anexo I-C;Padrão;Receitas Brutas Realizadas;RO1.3.2.0.00.00.00;1.3.2.0.00.00.00 - Receitas de Valores Mobiliários;331453,69;14851
2017;Prefeitura Municipal de Areado - MG;3104304;MG;DCA-Anexo I-C;Padrão;Receitas Brutas Realizadas;RO1.3.2.5.00.00.00;1.3.2.5.00.00.00 - Remuneração de Depósitos Bancários;331453,69;14851
2017;Prefeitura Municipal de Areado - MG;3104304;MG;DCA-Anexo I-C;Padrão;Receitas Brutas Realizadas;RO1.6.0.0.00.00.00;1.6.0.0.00.00.00 - Receita de Serviços;62394,66;14851
2017;Prefeitura Municipal de Areado - MG;3104304;MG;DCA-Anexo I-C;Padrão;Receitas Brutas Realizadas;RO1.6.0.0.13.00.00;1.6.0.0.13.00.00 - Serviços Administrativos;7522,44;14851
2017;Prefeitura Municipal de Areado - MG;3104304;MG;DCA-Anexo I-C;Padrão;Receitas Brutas Realizadas;RO1.6.0.0.14.00.00;1.6.0.0.14.00.00 - Serviços de Inspeção e Fiscalização;329,98;14851
2017;Prefeitura Municipal de Areado - MG;3104304;MG;DCA-Anexo I-C;Padrão;Receitas Brutas Realizadas;RO1.6.0.0.42.00.00;1.6.0.0.42.00.00 - Serviços de Coleta, Transporte, Tratamento e Destino Final de Esgotos;24557,58;14851
2017;Prefeitura Municipal de Areado - MG;3104304;MG;DCA-Anexo I-C;Padrão;Receitas Brutas Realizadas;RO1.6.0.0.45.00.00;1.6.0.0.45.00.00 - Serviços de Preparação da Terra em Propriedades Particulares;19492,28;14851
2017;Prefeitura Municipal de Areado - MG;3104304;MG;DCA-Anexo I-C;Padrão;Receitas Brutas Realizadas;RO1.6.0.0.46.00.00;1.6.0.0.46.00.00 - Serviços de Cemitério;10492,38;14851
2017;Prefeitura Municipal de Areado - MG;3104304;MG;DCA-Anexo I-C;Padrão;Receitas Brutas Realizadas;RO1.7.0.0.00.00.00;1.7.0.0.00.00.00 - Transferências Correntes;27890267,10;14851
2017;Prefeitura Municipal de Areado - MG;3104304;MG;DCA-Anexo I-C;Padrão;Deduções - FUNDEB;RO1.7.0.0.00.00.00;1.7.0.0.00.00.00 - Transferências Correntes;3798531,23;14851
2017;Prefeitura Municipal de Areado - MG;3104304;MG;DCA-Anexo I-C;Padrão;Receitas Brutas Realizadas;RO1.7.2.0.00.00.00;1.7.2.0.00.00.00 - Transferências Intergovernamentais;27750587,10;14851
2017;Prefeitura Municipal de Areado - MG;3104304;MG;DCA-Anexo I-C;Padrão;Deduções - FUNDEB;RO1.7.2.0.00.00.00;1.7.2.0.00.00.00 - Transferências Intergovernamentais;3798531,23;14851
2017;Prefeitura Municipal de Areado - MG;3104304;MG;DCA-Anexo I-C;Padrão;Receitas Brutas Realizadas;RO1.7.2.1.00.00.00;1.7.2.1.00.00.00 - Transferências da União;16718136,88;14851
2017;Prefeitura Municipal de Areado - MG;3104304;MG;DCA-Anexo I-C;Padrão;Deduções - FUNDEB;RO1.7.2.1.00.00.00;1.7.2.1.00.00.00 - Transferências da União;2538989,96;14851
2017;Prefeitura Municipal de Areado - MG;3104304;MG;DCA-Anexo I-C;Padrão;Receitas Brutas Realizadas;RO1.7.2.1.01.00.00;1.7.2.1.01.00.00 - Participação na Receita da União;13809841,54;14851
2017;Prefeitura Municipal de Areado - MG;3104304;MG;DCA-Anexo I-C;Padrão;Deduções - FUNDEB;RO1.7.2.1.01.00.00;1.7.2.1.01.00.00 - Participação na Receita da União;2533617,08;14851
2017;Prefeitura Municipal de Areado - MG;3104304;MG;DCA-Anexo I-C;Padrão;Receitas Brutas Realizadas;RO1.7.2.1.01.02.00;1.7.2.1.01.02.00 - Cota-Parte do Fundo de Participação dos Municípios ¿ FPM;12640860,40;14851
2017;Prefeitura Municipal de Areado - MG;3104304;MG;DCA-Anexo I-C;Padrão;Deduções - FUNDEB;RO1.7.2.1.01.02.00;1.7.2.1.01.02.00 - Cota-Parte do Fundo de Participação dos Municípios ¿ FPM;2528171,77;14851
2017;Prefeitura Municipal de Areado - MG;3104304;MG;DCA-Anexo I-C;Padrão;Receitas Brutas Realizadas;RO1.7.2.1.01.03.00;1.7.2.1.01.03.00 - Cota-Parte do Fundo de Participação dos Municípios - 1% Cota Anual;561960,30;14851
2017;Prefeitura Municipal de Areado - MG;3104304;MG;DCA-Anexo I-C;Padrão;Receitas Brutas Realizadas;RO1.7.2.1.01.04.00;1.7.2.1.01.04.00 - Cota-Parte do Fundo de Participação dos Municípios - 1% Cota entregue no mês de julho (67)(I);579793,61;14851
2017;Prefeitura Municipal de Areado - MG;3104304;MG;DCA-Anexo I-C;Padrão;Receitas Brutas Realizadas;RO1.7.2.1.01.05.00;1.7.2.1.01.05.00 - Cota-Parte do Imposto Sobre a Propriedade Territorial Rural ¿ ITR;27227,23;14851
2017;Prefeitura Municipal de Areado - MG;3104304;MG;DCA-Anexo I-C;Padrão;Deduções - FUNDEB;RO1.7.2.1.01.05.00;1.7.2.1.01.05.00 - Cota-Parte do Imposto Sobre a Propriedade Territorial Rural ¿ ITR;5445,31;14851
2017;Prefeitura Municipal de Areado - MG;3104304;MG;DCA-Anexo I-C;Padrão;Receitas Brutas Realizadas;RO1.7.2.1.22.00.00;1.7.2.1.22.00.00 - Transferências da Compensação Financeira pela Exploração de Recursos Naturais;888109,71;14851
2017;Prefeitura Municipal de Areado - MG;3104304;MG;DCA-Anexo I-C;Padrão;Receitas Brutas Realizadas;RO1.7.2.1.22.11.00;1.7.2.1.22.11.00 - Cota-Parte da Compensação Financeira de Recursos Hídricos;753131,24;14851
2017;Prefeitura Municipal de Areado - MG;3104304;MG;DCA-Anexo I-C;Padrão;Receitas Brutas Realizadas;RO1.7.2.1.22.70.00;1.7.2.1.22.70.00 - Cota-Parte do Fundo Especial do Petróleo ¿ FEP;134978,47;14851
2017;Prefeitura Municipal de Areado - MG;3104304;MG;DCA-Anexo I-C;Padrão;Receitas Brutas Realizadas;RO1.7.2.1.33.00.00;1.7.2.1.33.00.00 - Transferências de Recursos do Sistema Único de Saúde - SUS - Repasses Fundo a Fundo;1278885,19;14851
2017;Prefeitura Municipal de Areado - MG;3104304;MG;DCA-Anexo I-C;Padrão;Receitas Brutas Realizadas;RO1.7.2.1.34.00.00;1.7.2.1.34.00.00 - Transferências de Recursos do Fundo Nacional de Assistência Social ¿ FNAS;148964,03;14851
2017;Prefeitura Municipal de Areado - MG;3104304;MG;DCA-Anexo I-C;Padrão;Receitas Brutas Realizadas;RO1.7.2.1.35.00.00;1.7.2.1.35.00.00 - Transferências de Recursos do Fundo Nacional do Desenvolvimento da Educação ¿ FNDE;538160,40;14851
2017;Prefeitura Municipal de Areado - MG;3104304;MG;DCA-Anexo I-C;Padrão;Receitas Brutas Realizadas;RO1.7.2.1.36.00.00;1.7.2.1.36.00.00 - Transferências Financeiras do ICMS ¿ Desoneração ¿ L.C. Nº 87/96;26864,88;14851
2017;Prefeitura Municipal de Areado - MG;3104304;MG;DCA-Anexo I-C;Padrão;Deduções - FUNDEB;RO1.7.2.1.36.00.00;1.7.2.1.36.00.00 - Transferências Financeiras do ICMS ¿ Desoneração ¿ L.C. Nº 87/96;5372,88;14851
2017;Prefeitura Municipal de Areado - MG;3104304;MG;DCA-Anexo I-C;Padrão;Receitas Brutas Realizadas;RO1.7.2.1.99.00.00;1.7.2.1.99.00.00 - Outras Transferências da União;27311,13;14851
2017;Prefeitura Municipal de Areado - MG;3104304;MG;DCA-Anexo I-C;Padrão;Receitas Brutas Realizadas;RO1.7.2.2.00.00.00;1.7.2.2.00.00.00 - Transferências dos Estados;6426714,44;14851
2017;Prefeitura Municipal de Areado - MG;3104304;MG;DCA-Anexo I-C;Padrão;Deduções - FUNDEB;RO1.7.2.2.00.00.00;1.7.2.2.00.00.00 - Transferências dos Estados;1259541,27;14851
2017;Prefeitura Municipal de Areado - MG;3104304;MG;DCA-Anexo I-C;Padrão;Receitas Brutas Realizadas;RO1.7.2.2.01.00.00;1.7.2.2.01.00.00 - Participação na Receita dos Estados;6338158,47;14851
2017;Prefeitura Municipal de Areado - MG;3104304;MG;DCA-Anexo I-C;Padrão;Deduções - FUNDEB;RO1.7.2.2.01.00.00;1.7.2.2.01.00.00 - Participação na Receita dos Estados;1259541,27;14851
2017;Prefeitura Municipal de Areado - MG;3104304;MG;DCA-Anexo I-C;Padrão;Receitas Brutas Realizadas;RO1.7.2.2.01.01.00;1.7.2.2.01.01.00 - Cota-Parte do ICMS;4868274,80;14851
2017;Prefeitura Municipal de Areado - MG;3104304;MG;DCA-Anexo I-C;Padrão;Deduções - FUNDEB;RO1.7.2.2.01.01.00;1.7.2.2.01.01.00 - Cota-Parte do ICMS;973654,63;14851
2017;Prefeitura Municipal de Areado - MG;3104304;MG;DCA-Anexo I-C;Padrão;Receitas Brutas Realizadas;RO1.7.2.2.01.02.00;1.7.2.2.01.02.00 - Cota-Parte do IPVA;1369222,74;14851
2017;Prefeitura Municipal de Areado - MG;3104304;MG;DCA-Anexo I-C;Padrão;Deduções - FUNDEB;RO1.7.2.2.01.02.00;1.7.2.2.01.02.00 - Cota-Parte do IPVA;273843,42;14851
2017;Prefeitura Municipal de Areado - MG;3104304;MG;DCA-Anexo I-C;Padrão;Receitas Brutas Realizadas;RO1.7.2.2.01.04.00;1.7.2.2.01.04.00 - Cota-Parte do IPI - Municípios;60216,07;14851
2017;Prefeitura Municipal de Areado - MG;3104304;MG;DCA-Anexo I-C;Padrão;Deduções - FUNDEB;RO1.7.2.2.01.04.00;1.7.2.2.01.04.00 - Cota-Parte do IPI - Municípios;12043,22;14851
2017;Prefeitura Municipal de Areado - MG;3104304;MG;DCA-Anexo I-C;Padrão;Receitas Brutas Realizadas;RO1.7.2.2.01.13.00;1.7.2.2.01.13.00 - Cota-Parte da Contribuição de Intervenção no Domínio Econômico;40444,86;14851
2017;Prefeitura Municipal de Areado - MG;3104304;MG;DCA-Anexo I-C;Padrão;Receitas Brutas Realizadas;RO1.7.2.2.33.00.00;1.7.2.2.33.00.00 - Transferências de Recursos do Estado para Programas de Saúde - Repasse Fundo a Fundo;88555,97;14851
2017;Prefeitura Municipal de Areado - MG;3104304;MG;DCA-Anexo I-C;Padrão;Receitas Brutas Realizadas;RO1.7.2.4.00.00.00;1.7.2.4.00.00.00 - Transferências Multigovernamentais;4605735,78;14851
2017;Prefeitura Municipal de Areado - MG;3104304;MG;DCA-Anexo I-C;Padrão;Receitas Brutas Realizadas;RO1.7.2.4.01.00.00;1.7.2.4.01.00.00 - Transferências de Recursos do Fundo de Manutenção e Desenvolvimento do Ensino Fundamental e de Valorização do Magistério - FUNDEB;4605735,78;14851
2017;Prefeitura Municipal de Areado - MG;3104304;MG;DCA-Anexo I-C;Padrão;Receitas Brutas Realizadas;RO1.7.6.0.00.00.00;1.7.6.0.00.00.00 - Transferências de Convênios;139680,00;14851
2017;Prefeitura Municipal de Areado - MG;3104304;MG;DCA-Anexo I-C;Padrão;Receitas Brutas Realizadas;RO1.7.6.2.00.00.00;1.7.6.2.00.00.00 - Transferências de Convênios dos Estados e do Distrito Federal e de Suas Entidades;139680,00;14851
2017;Prefeitura Municipal de Areado - MG;3104304;MG;DCA-Anexo I-C;Padrão;Receitas Brutas Realizadas;RO1.7.6.2.02.00.00;1.7.6.2.02.00.00 - Transferências de Convênios dos Estados Destinadas a Programas de Educação;139680,00;14851
2017;Prefeitura Municipal de Areado - MG;3104304;MG;DCA-Anexo I-C;Padrão;Receitas Brutas Realizadas;RO1.9.0.0.00.00.00;1.9.0.0.00.00.00 - Outras Receitas Correntes;178451,04;14851
2017;Prefeitura Municipal de Areado - MG;3104304;MG;DCA-Anexo I-C;Padrão;Receitas Brutas Realizadas;RO1.9.1.0.00.00.00;1.9.1.0.00.00.00 - Multas e Juros de Mora;56572,31;14851
2017;Prefeitura Municipal de Areado - MG;3104304;MG;DCA-Anexo I-C;Padrão;Receitas Brutas Realizadas;RO1.9.1.1.00.00.00;1.9.1.1.00.00.00 - Multas e Juros de Mora dos Tributos;10387,44;14851
2017;Prefeitura Municipal de Areado - MG;3104304;MG;DCA-Anexo I-C;Padrão;Receitas Brutas Realizadas;RO1.9.1.1.35.00.00;1.9.1.1.35.00.00 - Multas e Juros de Mora da Taxa de Fiscalização e Vigilância Sanitária;3712,38;14851
2017;Prefeitura Municipal de Areado - MG;3104304;MG;DCA-Anexo I-C;Padrão;Receitas Brutas Realizadas;RO1.9.1.1.38.00.00;1.9.1.1.38.00.00 - Multas e Juros de Mora do Imposto sobre a Propriedade Predial e Territorial Urbana ¿ IPTU;3315,06;14851
2017;Prefeitura Municipal de Areado - MG;3104304;MG;DCA-Anexo I-C;Padrão;Receitas Brutas Realizadas;RO1.9.1.1.39.00.00;1.9.1.1.39.00.00 - Multas e Juros de Mora do Imposto sobre a Transmissão Inter Vivos de Bens Imóveis - ITBI;15,85;14851
2017;Prefeitura Municipal de Areado - MG;3104304;MG;DCA-Anexo I-C;Padrão;Receitas Brutas Realizadas;RO1.9.1.1.40.00.00;1.9.1.1.40.00.00 - Multas e Juros de Mora do Imposto sobre Serviços de Qualquer Natureza ¿ ISS;3338,67;14851
2017;Prefeitura Municipal de Areado - MG;3104304;MG;DCA-Anexo I-C;Padrão;Receitas Brutas Realizadas;RO1.9.1.1.99.00.00;1.9.1.1.99.00.00 - Multas e Juros de Mora de Outros Tributos;5,48;14851
2017;Prefeitura Municipal de Areado - MG;3104304;MG;DCA-Anexo I-C;Padrão;Receitas Brutas Realizadas;RO1.9.1.3.00.00.00;1.9.1.3.00.00.00 - Multas e Juros de Mora da Dívida Ativa dos Tributos;39710,42;14851
2017;Prefeitura Municipal de Areado - MG;3104304;MG;DCA-Anexo I-C;Padrão;Receitas Brutas Realizadas;RO1.9.1.3.11.00.00;1.9.1.3.11.00.00 - Multas e Juros de Mora da Dívida Ativa do Imposto sobre a Propriedade Predial e Territorial Urbana ¿ IPTU;30298,32;14851
2017;Prefeitura Municipal de Areado - MG;3104304;MG;DCA-Anexo I-C;Padrão;Receitas Brutas Realizadas;RO1.9.1.3.13.00.00;1.9.1.3.13.00.00 - Multas e Juros de Mora da Dívida Ativa do Imposto sobre Serviços de Qualquer Natureza ¿ ISS;4385,49;14851
2017;Prefeitura Municipal de Areado - MG;3104304;MG;DCA-Anexo I-C;Padrão;Receitas Brutas Realizadas;RO1.9.1.3.35.00.00;1.9.1.3.35.00.00 - Multas e Juros de Mora da Dívida Ativa da Taxa de Fiscalização e Vigilância Sanitária;5026,53;14851
2017;Prefeitura Municipal de Areado - MG;3104304;MG;DCA-Anexo I-C;Padrão;Receitas Brutas Realizadas;RO1.9.1.3.99.00.00;1.9.1.3.99.00.00 - Multas e Juros de Mora da Dívida Ativa de Outros Tributos;0,08;14851
2017;Prefeitura Municipal de Areado - MG;3104304;MG;DCA-Anexo I-C;Padrão;Receitas Brutas Realizadas;RO1.9.1.5.00.00.00;1.9.1.5.00.00.00 - Multas e Juros de Mora da Dívida Ativa de Outras Receitas;262,23;14851
2017;Prefeitura Municipal de Areado - MG;3104304;MG;DCA-Anexo I-C;Padrão;Receitas Brutas Realizadas;RO1.9.1.5.99.00.00;1.9.1.5.99.00.00 - Outras Multas e Juros de Mora da Dívida Ativa de Outras Receitas;262,23;14851
2017;Prefeitura Municipal de Areado - MG;3104304;MG;DCA-Anexo I-C;Padrão;Receitas Brutas Realizadas;RO1.9.1.8.00.00.00;1.9.1.8.00.00.00 - Multas e Juros de Mora de Outras Receitas;181,84;14851
2017;Prefeitura Municipal de Areado - MG;3104304;MG;DCA-Anexo I-C;Padrão;Receitas Brutas Realizadas;RO1.9.1.8.99.00.00;1.9.1.8.99.00.00 - Outras Multas e Juros de Mora;181,84;14851
2017;Prefeitura Municipal de Areado - MG;3104304;MG;DCA-Anexo I-C;Padrão;Receitas Brutas Realizadas;RO1.9.1.9.00.00.00;1.9.1.9.00.00.00 - Multas de Outras Origens;6030,38;14851
2017;Prefeitura Municipal de Areado - MG;3104304;MG;DCA-Anexo I-C;Padrão;Receitas Brutas Realizadas;RO1.9.2.0.00.00.00;1.9.2.0.00.00.00 - Indenizações e Restituições;11506,58;14851
2017;Prefeitura Municipal de Areado - MG;3104304;MG;DCA-Anexo I-C;Padrão;Receitas Brutas Realizadas;RO1.9.2.2.00.00.00;1.9.2.2.00.00.00 - Restituições;11506,58;14851
2017;Prefeitura Municipal de Areado - MG;3104304;MG;DCA-Anexo I-C;Padrão;Receitas Brutas Realizadas;RO1.9.2.2.01.00.00;1.9.2.2.01.00.00 - Restituições de Convênios;296,43;14851
2017;Prefeitura Municipal de Areado - MG;3104304;MG;DCA-Anexo I-C;Padrão;Receitas Brutas Realizadas;RO1.9.2.2.99.00.00;1.9.2.2.99.00.00 - Outras Restituições;11210,15;14851
2017;Prefeitura Municipal de Areado - MG;3104304;MG;DCA-Anexo I-C;Padrão;Receitas Brutas Realizadas;RO1.9.3.0.00.00.00;1.9.3.0.00.00.00 - Receita da Dívida Ativa;95737,54;14851
2017;Prefeitura Municipal de Areado - MG;3104304;MG;DCA-Anexo I-C;Padrão;Receitas Brutas Realizadas;RO1.9.3.1.00.00.00;1.9.3.1.00.00.00 - Receita da Dívida Ativa Tributária;91039,19;14851
2017;Prefeitura Municipal de Areado - MG;3104304;MG;DCA-Anexo I-C;Padrão;Receitas Brutas Realizadas;RO1.9.3.1.11.00.00;1.9.3.1.11.00.00 - Receita da Dívida Ativa do Imposto sobre a Propriedade Predial e Territorial Urbana ¿ IPTU;48303,71;14851
2017;Prefeitura Municipal de Areado - MG;3104304;MG;DCA-Anexo I-C;Padrão;Receitas Brutas Realizadas;RO1.9.3.1.12.00.00;1.9.3.1.12.00.00 - Receita da Dívida Ativa do Imposto sobre a Transmissão Inter Vivos de Bens Imóveis - ITBI;2007,50;14851
2017;Prefeitura Municipal de Areado - MG;3104304;MG;DCA-Anexo I-C;Padrão;Receitas Brutas Realizadas;RO1.9.3.1.13.00.00;1.9.3.1.13.00.00 - Receita da Dívida Ativa do Imposto sobre Serviços de Qualquer Natureza ¿ ISS;23253,79;14851
2017;Prefeitura Municipal de Areado - MG;3104304;MG;DCA-Anexo I-C;Padrão;Receitas Brutas Realizadas;RO1.9.3.1.35.00.00;1.9.3.1.35.00.00 - Receita da Dívida Ativa da Taxa de Fiscalização e Vigilância Sanitária;12549,82;14851
2017;Prefeitura Municipal de Areado - MG;3104304;MG;DCA-Anexo I-C;Padrão;Receitas Brutas Realizadas;RO1.9.3.1.99.00.00;1.9.3.1.99.00.00 - Receita da Dívida Ativa de Outros Tributos;4924,37;14851
2017;Prefeitura Municipal de Areado - MG;3104304;MG;DCA-Anexo I-C;Padrão;Receitas Brutas Realizadas;RO1.9.3.2.00.00.00;1.9.3.2.00.00.00 - Receita da Dívida Ativa Não Tributária;4698,35;14851
2017;Prefeitura Municipal de Areado - MG;3104304;MG;DCA-Anexo I-C;Padrão;Receitas Brutas Realizadas;RO1.9.3.2.99.00.00;1.9.3.2.99.00.00 - Receita da Dívida Ativa Não Tributária de Outras Receitas;4698,35;14851
2017;Prefeitura Municipal de Areado - MG;3104304;MG;DCA-Anexo I-C;Padrão;Receitas Brutas Realizadas;RO1.9.9.0.00.00.00;1.9.9.0.00.00.00 - Receitas Diversas;14634,61;14851
2017;Prefeitura Municipal de Areado - MG;3104304;MG;DCA-Anexo I-C;Padrão;Receitas Brutas Realizadas;RO1.9.9.0.99.00.00;1.9.9.0.99.00.00 - Outras Receitas;14634,61;14851
2017;Prefeitura Municipal de Areado - MG;3104304;MG;DCA-Anexo I-C;Padrão;Receitas Brutas Realizadas;RO2.0.0.0.00.00.00;2.0.0.0.00.00.00 - Receitas de Capital;564069,70;14851
2017;Prefeitura Municipal de Areado - MG;3104304;MG;DCA-Anexo I-C;Padrão;Receitas Brutas Realizadas;RO2.2.0.0.00.00.00;2.2.0.0.00.00.00 - Alienação de Bens;17543,01;14851
2017;Prefeitura Municipal de Areado - MG;3104304;MG;DCA-Anexo I-C;Padrão;Receitas Brutas Realizadas;RO2.2.2.0.00.00.00;2.2.2.0.00.00.00 - Alienação de Bens Imóveis;17543,01;14851
2017;Prefeitura Municipal de Areado - MG;3104304;MG;DCA-Anexo I-C;Padrão;Receitas Brutas Realizadas;RO2.4.0.0.00.00.00;2.4.0.0.00.00.00 - Transferências de Capital;507700,18;14851
2017;Prefeitura Municipal de Areado - MG;3104304;MG;DCA-Anexo I-C;Padrão;Receitas Brutas Realizadas;RO2.4.2.0.00.00.00;2.4.2.0.00.00.00 - Transferências Intergovernamentais;183701,74;14851
2017;Prefeitura Municipal de Areado - MG;3104304;MG;DCA-Anexo I-C;Padrão;Receitas Brutas Realizadas;RO2.4.2.2.00.00.00;2.4.2.2.00.00.00 - Transferências dos Estados;183701,74;14851
2017;Prefeitura Municipal de Areado - MG;3104304;MG;DCA-Anexo I-C;Padrão;Receitas Brutas Realizadas;RO2.4.2.2.02.00.00;2.4.2.2.02.00.00 - Transferências de Recursos Destinados a Programas de Educação;128701,74;14851
2017;Prefeitura Municipal de Areado - MG;3104304;MG;DCA-Anexo I-C;Padrão;Receitas Brutas Realizadas;RO2.4.2.2.99.00.00;2.4.2.2.99.00.00 - Outras Transferências dos Estados;55000,00;14851
2017;Prefeitura Municipal de Areado - MG;3104304;MG;DCA-Anexo I-C;Padrão;Receitas Brutas Realizadas;RO2.4.7.0.00.00.00;2.4.7.0.00.00.00 - Transferências de Convênios;323998,44;14851
2017;Prefeitura Municipal de Areado - MG;3104304;MG;DCA-Anexo I-C;Padrão;Receitas Brutas Realizadas;RO2.4.7.1.00.00.00;2.4.7.1.00.00.00 - Transferências de Convênios da União e de suas Entidades;323968,94;14851
2017;Prefeitura Municipal de Areado - MG;3104304;MG;DCA-Anexo I-C;Padrão;Receitas Brutas Realizadas;RO2.4.7.1.02.00.00;2.4.7.1.02.00.00 - Transferências de Convênios da União Destinadas a Programas de Educação;153343,94;14851
2017;Prefeitura Municipal de Areado - MG;3104304;MG;DCA-Anexo I-C;Padrão;Receitas Brutas Realizadas;RO2.4.7.1.99.00.00;2.4.7.1.99.00.00 - Outras Transferências de Convênios da União;170625,00;14851
2017;Prefeitura Municipal de Areado - MG;3104304;MG;DCA-Anexo I-C;Padrão;Receitas Brutas Realizadas;RO2.4.7.2.00.00.00;2.4.7.2.00.00.00 - Transferências de Convênios dos Estados e do Distrito Federal e de suas Entidades;29,50;14851
2017;Prefeitura Municipal de Areado - MG;3104304;MG;DCA-Anexo I-C;Padrão;Receitas Brutas Realizadas;RO2.4.7.2.01.00.00;2.4.7.2.01.00.00 - Transferências de Convênios dos Estados para o Sistema Único de Saúde - SUS;29,50;14851
2017;Prefeitura Municipal de Areado - MG;3104304;MG;DCA-Anexo I-C;Padrão;Receitas Brutas Realizadas;RO2.5.0.0.00.00.00;2.5.0.0.00.00.00 - Outras Receitas de Capital;38826,51;14851
2017;Prefeitura Municipal de Areado - MG;3104304;MG;DCA-Anexo I-C;Padrão;Receitas Brutas Realizadas;RO2.5.9.0.00.00.00;2.5.9.0.00.00.00 - Outras Receitas;38826,51;14851
2018;Prefeitura Municipal de Areado - MG;3104304;MG;DCA-Anexo I-C;Padrão;Receitas Brutas Realizadas;TotalReceitas;Total Receitas;33455734,76;14851
2018;Prefeitura Municipal de Areado - MG;3104304;MG;DCA-Anexo I-C;Padrão;Deduções - FUNDEB;TotalReceitas;Total Receitas;4007846,50;14851
2018;Prefeitura Municipal de Areado - MG;3104304;MG;DCA-Anexo I-C;Padrão;Outras Deduções da Receita;TotalReceitas;Total Receitas;27,52;14851
2018;Prefeitura Municipal de Areado - MG;3104304;MG;DCA-Anexo I-C;Padrão;Receitas Brutas Realizadas;RO1.0.0.0.00.0.0;1.0.0.0.00.0.0 - Receitas Correntes;31921643,00;14851
2018;Prefeitura Municipal de Areado - MG;3104304;MG;DCA-Anexo I-C;Padrão;Deduções - FUNDEB;RO1.0.0.0.00.0.0;1.0.0.0.00.0.0 - Receitas Correntes;4007846,50;14851
2018;Prefeitura Municipal de Areado - MG;3104304;MG;DCA-Anexo I-C;Padrão;Outras Deduções da Receita;RO1.0.0.0.00.0.0;1.0.0.0.00.0.0 - Receitas Correntes;27,52;14851
2018;Prefeitura Municipal de Areado - MG;3104304;MG;DCA-Anexo I-C;Padrão;Receitas Brutas Realizadas;RO1.1.0.0.00.0.0;1.1.0.0.00.0.0 - Impostos, Taxas e Contribuições de Melhoria;2456463,85;14851
2018;Prefeitura Municipal de Areado - MG;3104304;MG;DCA-Anexo I-C;Padrão;Outras Deduções da Receita;RO1.1.0.0.00.0.0;1.1.0.0.00.0.0 - Impostos, Taxas e Contribuições de Melhoria;27,52;14851
2018;Prefeitura Municipal de Areado - MG;3104304;MG;DCA-Anexo I-C;Padrão;Receitas Brutas Realizadas;RO1.1.1.0.00.0.0;1.1.1.0.00.0.0 - Impostos;2192655,18;14851
2018;Prefeitura Municipal de Areado - MG;3104304;MG;DCA-Anexo I-C;Padrão;Outras Deduções da Receita;RO1.1.1.0.00.0.0;1.1.1.0.00.0.0 - Impostos;27,52;14851
2018;Prefeitura Municipal de Areado - MG;3104304;MG;DCA-Anexo I-C;Padrão;Receitas Brutas Realizadas;RO1.1.1.3.00.0.0;1.1.1.3.00.0.0 - Impostos sobre a Renda e Proventos de Qualquer Natureza;514341,01;14851
2018;Prefeitura Municipal de Areado - MG;3104304;MG;DCA-Anexo I-C;Padrão;Receitas Brutas Realizadas;RO1.1.1.3.03.0.0;1.1.1.3.03.0.0 - Imposto sobre a Renda - Retido na Fonte;514341,01;14851
2018;Prefeitura Municipal de Areado - MG;3104304;MG;DCA-Anexo I-C;Padrão;Receitas Brutas Realizadas;RO1.1.1.3.03.1.0;1.1.1.3.03.1.0 - Imposto sobre a Renda - Retido na Fonte - Trabalho;498679,65;14851
2018;Prefeitura Municipal de Areado - MG;3104304;MG;DCA-Anexo I-C;Padrão;Receitas Brutas Realizadas;RO1.1.1.3.03.4.0;1.1.1.3.03.4.0 - Imposto sobre a Renda - Retido na Fonte - Outros Rendimentos;15661,36;14851
2018;Prefeitura Municipal de Areado - MG;3104304;MG;DCA-Anexo I-C;Padrão;Receitas Brutas Realizadas;RO1.1.1.8.00.0.0;1.1.1.8.00.0.0 Impostos Específicos de Estados, DF e Municípios;1678314,17;14851
2018;Prefeitura Municipal de Areado - MG;3104304;MG;DCA-Anexo I-C;Padrão;Outras Deduções da Receita;RO1.1.1.8.00.0.0;1.1.1.8.00.0.0 Impostos Específicos de Estados, DF e Municípios;27,52;14851
2018;Prefeitura Municipal de Areado - MG;3104304;MG;DCA-Anexo I-C;Padrão;Receitas Brutas Realizadas;RO1.1.1.8.01.0.0;1.1.1.8.01.0.0 Impostos sobre o Patrimônio para Estados/DF/Municípios;1041260,42;14851
2018;Prefeitura Municipal de Areado - MG;3104304;MG;DCA-Anexo I-C;Padrão;Outras Deduções da Receita;RO1.1.1.8.01.0.0;1.1.1.8.01.0.0 Impostos sobre o Patrimônio para Estados/DF/Municípios;27,52;14851
2018;Prefeitura Municipal de Areado - MG;3104304;MG;DCA-Anexo I-C;Padrão;Receitas Brutas Realizadas;RO1.1.1.8.01.1.0;1.1.1.8.01.1.0 Imposto sobre a Propriedade Predial e Territorial Urbana;683181,74;14851
2018;Prefeitura Municipal de Areado - MG;3104304;MG;DCA-Anexo I-C;Padrão;Outras Deduções da Receita;RO1.1.1.8.01.1.0;1.1.1.8.01.1.0 Imposto sobre a Propriedade Predial e Territorial Urbana;27,52;14851
2018;Prefeitura Municipal de Areado - MG;3104304;MG;DCA-Anexo I-C;Padrão;Receitas Brutas Realizadas;RO1.1.1.8.01.4.0;1.1.1.8.01.4.0 Imposto sobre Transmissão ¿Inter Vivos¿ de Bens Imóveis e de Direitos Reais sobre Imóveis;358078,68;14851
2018;Prefeitura Municipal de Areado - MG;3104304;MG;DCA-Anexo I-C;Padrão;Receitas Brutas Realizadas;RO1.1.1.8.02.0.0;1.1.1.8.02.0.0 Impostos sobre a Produção, Circulação de Mercadorias e Serviços;637053,75;14851
2018;Prefeitura Municipal de Areado - MG;3104304;MG;DCA-Anexo I-C;Padrão;Receitas Brutas Realizadas;RO1.1.1.8.02.3.0;1.1.1.8.02.3.0 Imposto sobre Serviços de Qualquer Natureza;637053,75;14851
2018;Prefeitura Municipal de Areado - MG;3104304;MG;DCA-Anexo I-C;Padrão;Receitas Brutas Realizadas;RO1.1.2.0.00.0.0;1.1.2.0.00.0.0 - Taxas;263808,67;14851
2018;Prefeitura Municipal de Areado - MG;3104304;MG;DCA-Anexo I-C;Padrão;Receitas Brutas Realizadas;RO1.1.2.1.00.0.0;1.1.2.1.00.0.0 - Taxas pelo Exercício do Poder de Polícia;229959,36;14851
2018;Prefeitura Municipal de Areado - MG;3104304;MG;DCA-Anexo I-C;Padrão;Receitas Brutas Realizadas;RO1.1.2.1.01.0.0;1.1.2.1.01.0.0 - Taxas de Inspeção, Controle e Fiscalização;229959,36;14851
2018;Prefeitura Municipal de Areado - MG;3104304;MG;DCA-Anexo I-C;Padrão;Receitas Brutas Realizadas;RO1.1.2.2.00.0.0;1.1.2.2.00.0.0 - Taxas pela Prestação de Serviços;33849,31;14851
2018;Prefeitura Municipal de Areado - MG;3104304;MG;DCA-Anexo I-C;Padrão;Receitas Brutas Realizadas;RO1.1.2.2.01.0.0;1.1.2.2.01.0.0 - Taxas pela Prestação de Serviços;33849,31;14851
2018;Prefeitura Municipal de Areado - MG;3104304;MG;DCA-Anexo I-C;Padrão;Receitas Brutas Realizadas;RO1.3.0.0.00.0.0;1.3.0.0.00.0.0 - Receita Patrimonial;206009,42;14851
2018;Prefeitura Municipal de Areado - MG;3104304;MG;DCA-Anexo I-C;Padrão;Receitas Brutas Realizadas;RO1.3.2.0.00.0.0;1.3.2.0.00.0.0 - Valores Mobiliários;120509,42;14851
2018;Prefeitura Municipal de Areado - MG;3104304;MG;DCA-Anexo I-C;Padrão;Receitas Brutas Realizadas;RO1.3.2.1.00.0.0;1.3.2.1.00.0.0 - Juros e Correções Monetárias;120509,42;14851
2018;Prefeitura Municipal de Areado - MG;3104304;MG;DCA-Anexo I-C;Padrão;Receitas Brutas Realizadas;RO1.3.2.1.00.1.0;1.3.2.1.00.1.0 - Remuneração de Depósitos Bancários;120509,42;14851
2018;Prefeitura Municipal de Areado - MG;3104304;MG;DCA-Anexo I-C;Padrão;Receitas Brutas Realizadas;RO1.3.6.0.00.0.0;1.3.6.0.00.0.0 - Cessão de Direitos;85500,00;14851
2018;Prefeitura Municipal de Areado - MG;3104304;MG;DCA-Anexo I-C;Padrão;Receitas Brutas Realizadas;RO1.6.0.0.00.0.0;1.6.0.0.00.0.0 - Receita de Serviços;51638,55;14851
2018;Prefeitura Municipal de Areado - MG;3104304;MG;DCA-Anexo I-C;Padrão;Receitas Brutas Realizadas;RO1.6.1.0.00.0.0;1.6.1.0.00.0.0 - Serviços Administrativos e Comerciais Gerais;7148,41;14851
2018;Prefeitura Municipal de Areado - MG;3104304;MG;DCA-Anexo I-C;Padrão;Receitas Brutas Realizadas;RO1.6.1.0.01.0.0;1.6.1.0.01.0.0 - Serviços Administrativos e Comerciais Gerais;7148,41;14851
2018;Prefeitura Municipal de Areado - MG;3104304;MG;DCA-Anexo I-C;Padrão;Receitas Brutas Realizadas;RO1.6.9.0.00.0.0;1.6.9.0.00.0.0 - Outros Serviços;44490,14;14851
2018;Prefeitura Municipal de Areado - MG;3104304;MG;DCA-Anexo I-C;Padrão;Receitas Brutas Realizadas;RO1.6.9.0.99.0.0;1.6.9.0.99.0.0 - Outros Serviços;44490,14;14851
2018;Prefeitura Municipal de Areado - MG;3104304;MG;DCA-Anexo I-C;Padrão;Receitas Brutas Realizadas;RO1.7.0.0.00.0.0;1.7.0.0.00.0.0 - Transferências Correntes;29181162,06;14851
2018;Prefeitura Municipal de Areado - MG;3104304;MG;DCA-Anexo I-C;Padrão;Deduções - FUNDEB;RO1.7.0.0.00.0.0;1.7.0.0.00.0.0 - Transferências Correntes;4007846,50;14851
2018;Prefeitura Municipal de Areado - MG;3104304;MG;DCA-Anexo I-C;Padrão;Receitas Brutas Realizadas;RO1.7.1.0.00.0.0;1.7.1.0.00.0.0 - Transferências da União e de suas Entidades;18499652,70;14851
2018;Prefeitura Municipal de Areado - MG;3104304;MG;DCA-Anexo I-C;Padrão;Deduções - FUNDEB;RO1.7.1.0.00.0.0;1.7.1.0.00.0.0 - Transferências da União e de suas Entidades;2714082,30;14851
2018;Prefeitura Municipal de Areado - MG;3104304;MG;DCA-Anexo I-C;Padrão;Receitas Brutas Realizadas;RO1.7.1.8.00.0.0;1.7.1.8.00.0.0 Transferências da União - Específicas de Estados, DF e Municípios;18499652,70;14851
2018;Prefeitura Municipal de Areado - MG;3104304;MG;DCA-Anexo I-C;Padrão;Deduções - FUNDEB;RO1.7.1.8.00.0.0;1.7.1.8.00.0.0 Transferências da União - Específicas de Estados, DF e Municípios;2714082,30;14851
2018;Prefeitura Municipal de Areado - MG;3104304;MG;DCA-Anexo I-C;Padrão;Receitas Brutas Realizadas;RO1.7.1.8.01.0.0;1.7.1.8.01.0.0 Participação na Receita da União;14728181,42;14851
2018;Prefeitura Municipal de Areado - MG;3104304;MG;DCA-Anexo I-C;Padrão;Deduções - FUNDEB;RO1.7.1.8.01.0.0;1.7.1.8.01.0.0 Participação na Receita da União;2708477,46;14851
2018;Prefeitura Municipal de Areado - MG;3104304;MG;DCA-Anexo I-C;Padrão;Receitas Brutas Realizadas;RO1.7.1.8.01.2.0;1.7.1.8.01.2.0 Cota-Parte do Fundo de Participação dos Municípios - Cota Mensal;13513850,35;14851
2018;Prefeitura Municipal de Areado - MG;3104304;MG;DCA-Anexo I-C;Padrão;Deduções - FUNDEB;RO1.7.1.8.01.2.0;1.7.1.8.01.2.0 Cota-Parte do Fundo de Participação dos Municípios - Cota Mensal;2702769,77;14851
2018;Prefeitura Municipal de Areado - MG;3104304;MG;DCA-Anexo I-C;Padrão;Receitas Brutas Realizadas;RO1.7.1.8.01.3.0;1.7.1.8.01.3.0 Cota-Parte do Fundo de Participação do Municípios ¿ 1% Cota entregue no mês de dezembro;600202,65;14851
2018;Prefeitura Municipal de Areado - MG;3104304;MG;DCA-Anexo I-C;Padrão;Receitas Brutas Realizadas;RO1.7.1.8.01.4.0;1.7.1.8.01.4.0 Cota-Parte do Fundo de Participação dos Municípios - 1% Cota entregue no mês de julho;585589,27;14851
2018;Prefeitura Municipal de Areado - MG;3104304;MG;DCA-Anexo I-C;Padrão;Receitas Brutas Realizadas;RO1.7.1.8.01.5.0;1.7.1.8.01.5.0 Cota-Parte do Imposto Sobre a Propriedade Territorial Rural;28539,15;14851
2018;Prefeitura Municipal de Areado - MG;3104304;MG;DCA-Anexo I-C;Padrão;Deduções - FUNDEB;RO1.7.1.8.01.5.0;1.7.1.8.01.5.0 Cota-Parte do Imposto Sobre a Propriedade Territorial Rural;5707,69;14851
2018;Prefeitura Municipal de Areado - MG;3104304;MG;DCA-Anexo I-C;Padrão;Receitas Brutas Realizadas;RO1.7.1.8.02.0.0;1.7.1.8.02.0.0 Transferência da Compensação Financeira pela Exploração de Recursos Naturais;939156,38;14851
2018;Prefeitura Municipal de Areado - MG;3104304;MG;DCA-Anexo I-C;Padrão;Receitas Brutas Realizadas;RO1.7.1.8.02.1.0;1.7.1.8.02.1.0 Cota-parte da Compensação Financeira de Recursos Hídricos;714374,67;14851
2018;Prefeitura Municipal de Areado - MG;3104304;MG;DCA-Anexo I-C;Padrão;Receitas Brutas Realizadas;RO1.7.1.8.02.6.0;1.7.1.8.02.6.0 Cota-Parte do Fundo Especial do Petróleo ¿ FEP;224781,71;14851
2018;Prefeitura Municipal de Areado - MG;3104304;MG;DCA-Anexo I-C;Padrão;Receitas Brutas Realizadas;RO1.7.1.8.03.0.0;1.7.1.8.03.0.0 Transferência de Recursos do Sistema Único de Saúde ¿ SUS ¿ Repasses Fundo a Fundo;1958549,74;14851
2018;Prefeitura Municipal de Areado - MG;3104304;MG;DCA-Anexo I-C;Padrão;Receitas Brutas Realizadas;RO1.7.1.8.04.0.0;1.7.1.8.04.0.0 Transferências de Recursos do Fundo Nacional de Assistência Social ¿ FNAS;134819,21;14851
2018;Prefeitura Municipal de Areado - MG;3104304;MG;DCA-Anexo I-C;Padrão;Receitas Brutas Realizadas;RO1.7.1.8.05.0.0;1.7.1.8.05.0.0 Transferências de Recursos do Fundo Nacional do Desenvolvimento da Educação ¿ FNDE;710921,27;14851
2018;Prefeitura Municipal de Areado - MG;3104304;MG;DCA-Anexo I-C;Padrão;Receitas Brutas Realizadas;RO1.7.1.8.05.1.0;1.7.1.8.05.1.0 Transferências do Salário-Educação;421380,40;14851
2018;Prefeitura Municipal de Areado - MG;3104304;MG;DCA-Anexo I-C;Padrão;Receitas Brutas Realizadas;RO1.7.1.8.05.2.0;1.7.1.8.05.2.0 Transferências Diretas do FNDE referentes ao Programa Dinheiro Direto na Escola ¿ PDDE;2000,00;14851
2018;Prefeitura Municipal de Areado - MG;3104304;MG;DCA-Anexo I-C;Padrão;Receitas Brutas Realizadas;RO1.7.1.8.05.3.0;1.7.1.8.05.3.0 Transferências Diretas do FNDE referentes ao Programa Nacional de Alimentação Escolar ¿ PNAE;138847,00;14851
2018;Prefeitura Municipal de Areado - MG;3104304;MG;DCA-Anexo I-C;Padrão;Receitas Brutas Realizadas;RO1.7.1.8.05.4.0;1.7.1.8.05.4.0 Transferências Diretas do FNDE referentes ao Programa Nacional de Apoio ao Transporte do Escolar ¿ PNATE;61980,47;14851
2018;Prefeitura Municipal de Areado - MG;3104304;MG;DCA-Anexo I-C;Padrão;Receitas Brutas Realizadas;RO1.7.1.8.05.9.0;1.7.1.8.05.9.0 Outras Transferências Diretas do Fundo Nacional do Desenvolvimento da Educação ¿ FNDE;86713,40;14851
2018;Prefeitura Municipal de Areado - MG;3104304;MG;DCA-Anexo I-C;Padrão;Receitas Brutas Realizadas;RO1.7.1.8.06.0.0;1.7.1.8.06.0.0 Transferência Financeira do ICMS ¿ Desoneração ¿ L.C. Nº 87/96;28024,68;14851
2018;Prefeitura Municipal de Areado - MG;3104304;MG;DCA-Anexo I-C;Padrão;Deduções - FUNDEB;RO1.7.1.8.06.0.0;1.7.1.8.06.0.0 Transferência Financeira do ICMS ¿ Desoneração ¿ L.C. Nº 87/96;5604,84;14851
2018;Prefeitura Municipal de Areado - MG;3104304;MG;DCA-Anexo I-C;Padrão;Receitas Brutas Realizadas;RO1.7.1.8.06.1.0;1.7.1.8.06.1.0 Transferência Financeira do ICMS ¿ Desoneração ¿ L.C. Nº 87/96;28024,68;14851
2018;Prefeitura Municipal de Areado - MG;3104304;MG;DCA-Anexo I-C;Padrão;Deduções - FUNDEB;RO1.7.1.8.06.1.0;1.7.1.8.06.1.0 Transferência Financeira do ICMS ¿ Desoneração ¿ L.C. Nº 87/96;5604,84;14851
2018;Prefeitura Municipal de Areado - MG;3104304;MG;DCA-Anexo I-C;Padrão;Receitas Brutas Realizadas;RO1.7.2.0.00.0.0;1.7.2.0.00.0.0 - Transferências dos Estados e do Distrito Federal e de suas Entidades;6833406,95;14851
2018;Prefeitura Municipal de Areado - MG;3104304;MG;DCA-Anexo I-C;Padrão;Deduções - FUNDEB;RO1.7.2.0.00.0.0;1.7.2.0.00.0.0 - Transferências dos Estados e do Distrito Federal e de suas Entidades;1293764,20;14851
2018;Prefeitura Municipal de Areado - MG;3104304;MG;DCA-Anexo I-C;Padrão;Receitas Brutas Realizadas;RO1.7.2.8.00.0.0;1.7.2.8.00.0.0 Transferências dos Estados - Específicas de Estados, DF e Municípios;6833406,95;14851
2018;Prefeitura Municipal de Areado - MG;3104304;MG;DCA-Anexo I-C;Padrão;Deduções - FUNDEB;RO1.7.2.8.00.0.0;1.7.2.8.00.0.0 Transferências dos Estados - Específicas de Estados, DF e Municípios;1293764,20;14851
2018;Prefeitura Municipal de Areado - MG;3104304;MG;DCA-Anexo I-C;Padrão;Receitas Brutas Realizadas;RO1.7.2.8.01.0.0;1.7.2.8.01.0.0 Participação na Receita dos Estados;6500896,46;14851
2018;Prefeitura Municipal de Areado - MG;3104304;MG;DCA-Anexo I-C;Padrão;Deduções - FUNDEB;RO1.7.2.8.01.0.0;1.7.2.8.01.0.0 Participação na Receita dos Estados;1293764,20;14851
2018;Prefeitura Municipal de Areado - MG;3104304;MG;DCA-Anexo I-C;Padrão;Receitas Brutas Realizadas;RO1.7.2.8.01.1.0;1.7.2.8.01.1.0 Cota-Parte do ICMS;4836580,38;14851
2018;Prefeitura Municipal de Areado - MG;3104304;MG;DCA-Anexo I-C;Padrão;Deduções - FUNDEB;RO1.7.2.8.01.1.0;1.7.2.8.01.1.0 Cota-Parte do ICMS;967315,75;14851
2018;Prefeitura Municipal de Areado - MG;3104304;MG;DCA-Anexo I-C;Padrão;Receitas Brutas Realizadas;RO1.7.2.8.01.2.0;1.7.2.8.01.2.0 Cota-Parte do IPVA;1554832,15;14851
2018;Prefeitura Municipal de Areado - MG;3104304;MG;DCA-Anexo I-C;Padrão;Deduções - FUNDEB;RO1.7.2.8.01.2.0;1.7.2.8.01.2.0 Cota-Parte do IPVA;310965,22;14851
2018;Prefeitura Municipal de Areado - MG;3104304;MG;DCA-Anexo I-C;Padrão;Receitas Brutas Realizadas;RO1.7.2.8.01.3.0;1.7.2.8.01.3.0 Cota-Parte do IPI - Municípios;77416,03;14851
2018;Prefeitura Municipal de Areado - MG;3104304;MG;DCA-Anexo I-C;Padrão;Deduções - FUNDEB;RO1.7.2.8.01.3.0;1.7.2.8.01.3.0 Cota-Parte do IPI - Municípios;15483,23;14851
2018;Prefeitura Municipal de Areado - MG;3104304;MG;DCA-Anexo I-C;Padrão;Receitas Brutas Realizadas;RO1.7.2.8.01.4.0;1.7.2.8.01.4.0 Cota-Parte da Contribuição de Intervenção no Domínio Econômico;32067,90;14851
2018;Prefeitura Municipal de Areado - MG;3104304;MG;DCA-Anexo I-C;Padrão;Receitas Brutas Realizadas;RO1.7.2.8.03.0.0;1.7.2.8.03.0.0 Transferência de Recursos do Estado para Programas de Saúde ¿ Repasse Fundo a Fundo;94509,89;14851
2018;Prefeitura Municipal de Areado - MG;3104304;MG;DCA-Anexo I-C;Padrão;Receitas Brutas Realizadas;RO1.7.2.8.10.0.0;1.7.2.8.10.0.0 Transferência de Convênios dos Estados e do Distrito Federal e de Suas Entidades;208800,00;14851
2018;Prefeitura Municipal de Areado - MG;3104304;MG;DCA-Anexo I-C;Padrão;Receitas Brutas Realizadas;RO1.7.2.8.10.2.0;1.7.2.8.10.2.0 Transferências de Convênio dos Estados Destinadas a Programas de Educação;208800,00;14851
2018;Prefeitura Municipal de Areado - MG;3104304;MG;DCA-Anexo I-C;Padrão;Receitas Brutas Realizadas;RO1.7.2.8.99.0.0;1.7.2.8.99.0.0 Outras Transferências dos Estados;29200,60;14851
2018;Prefeitura Municipal de Areado - MG;3104304;MG;DCA-Anexo I-C;Padrão;Receitas Brutas Realizadas;RO1.7.5.0.00.0.0;1.7.5.0.00.0.0 - Transferências de Outras Instituições Públicas;3848102,41;14851
2018;Prefeitura Municipal de Areado - MG;3104304;MG;DCA-Anexo I-C;Padrão;Receitas Brutas Realizadas;RO1.7.5.8.00.0.0;1.7.5.8.00.0.0 Transferências de Outras Instituições Públicas - Específicas de Estados, DF e Municípios;3848102,41;14851
2018;Prefeitura Municipal de Areado - MG;3104304;MG;DCA-Anexo I-C;Padrão;Receitas Brutas Realizadas;RO1.7.5.8.01.0.0;1.7.5.8.01.0.0 Transferências de Recursos do Fundo de Manutenção e Desenvolvimento da Educação Básica e de Valorização dos Profissionais da Educação ¿ FUNDEB;3848102,41;14851
2018;Prefeitura Municipal de Areado - MG;3104304;MG;DCA-Anexo I-C;Padrão;Receitas Brutas Realizadas;RO1.9.0.0.00.0.0;1.9.0.0.00.0.0 - Outras Receitas Correntes;26369,12;14851
2018;Prefeitura Municipal de Areado - MG;3104304;MG;DCA-Anexo I-C;Padrão;Receitas Brutas Realizadas;RO1.9.1.0.00.0.0;1.9.1.0.00.0.0 - Multas Administrativas, Contratuais e Judiciais;8370,57;14851
2018;Prefeitura Municipal de Areado - MG;3104304;MG;DCA-Anexo I-C;Padrão;Receitas Brutas Realizadas;RO1.9.2.0.00.0.0;1.9.2.0.00.0.0 - Indenizações, Restituições e Ressarcimentos;16403,64;14851
2018;Prefeitura Municipal de Areado - MG;3104304;MG;DCA-Anexo I-C;Padrão;Receitas Brutas Realizadas;RO1.9.2.1.00.0.0;1.9.2.1.00.0.0 - Indenizações;55,00;14851
2018;Prefeitura Municipal de Areado - MG;3104304;MG;DCA-Anexo I-C;Padrão;Receitas Brutas Realizadas;RO1.9.2.2.00.0.0;1.9.2.2.00.0.0 - Restituições;16348,64;14851
2018;Prefeitura Municipal de Areado - MG;3104304;MG;DCA-Anexo I-C;Padrão;Receitas Brutas Realizadas;RO1.9.2.2.01.0.0;1.9.2.2.01.0.0 - Restituição de Convênios;1089,67;14851
2018;Prefeitura Municipal de Areado - MG;3104304;MG;DCA-Anexo I-C;Padrão;Receitas Brutas Realizadas;RO1.9.2.2.99.0.0;1.9.2.2.99.0.0 - Outras Restituições;15258,97;14851
2018;Prefeitura Municipal de Areado - MG;3104304;MG;DCA-Anexo I-C;Padrão;Receitas Brutas Realizadas;RO1.9.9.0.00.0.0;1.9.9.0.00.0.0 - Demais Receitas Correntes;1594,91;14851
2018;Prefeitura Municipal de Areado - MG;3104304;MG;DCA-Anexo I-C;Padrão;Receitas Brutas Realizadas;RO1.9.9.0.12.0.0;1.9.9.0.12.0.0 - Encargos Legais pela Inscrição em Dívida Ativa e Receitas de Ônus de Sucumbência;7,50;14851
2018;Prefeitura Municipal de Areado - MG;3104304;MG;DCA-Anexo I-C;Padrão;Receitas Brutas Realizadas;RO1.9.9.0.99.0.0;1.9.9.0.99.0.0 - Outras Receitas;1587,41;14851
2018;Prefeitura Municipal de Areado - MG;3104304;MG;DCA-Anexo I-C;Padrão;Receitas Brutas Realizadas;RO1.9.9.0.99.1.0;1.9.9.0.99.1.0 - Outras Receitas - Primárias;1587,41;14851
2018;Prefeitura Municipal de Areado - MG;3104304;MG;DCA-Anexo I-C;Padrão;Receitas Brutas Realizadas;RO2.0.0.0.00.0.0;2.0.0.0.00.0.0 - Receitas de Capital;1534091,76;14851
2018;Prefeitura Municipal de Areado - MG;3104304;MG;DCA-Anexo I-C;Padrão;Receitas Brutas Realizadas;RO2.2.0.0.00.0.0;2.2.0.0.00.0.0 - Alienação de Bens;189937,85;14851
2018;Prefeitura Municipal de Areado - MG;3104304;MG;DCA-Anexo I-C;Padrão;Receitas Brutas Realizadas;RO2.2.2.0.00.0.0;2.2.2.0.00.0.0 - Alienação de Bens Imóveis;189937,85;14851
2018;Prefeitura Municipal de Areado - MG;3104304;MG;DCA-Anexo I-C;Padrão;Receitas Brutas Realizadas;RO2.4.0.0.00.0.0;2.4.0.0.00.0.0 - Transferências de Capital;1320544,32;14851
2018;Prefeitura Municipal de Areado - MG;3104304;MG;DCA-Anexo I-C;Padrão;Receitas Brutas Realizadas;RO2.4.1.0.00.0.0;2.4.1.0.00.0.0 - Transferências da União e de suas Entidades;1020544,32;14851
2018;Prefeitura Municipal de Areado - MG;3104304;MG;DCA-Anexo I-C;Padrão;Receitas Brutas Realizadas;RO2.4.1.0.00.1.0;2.4.1.0.00.1.0 Transferências da União e de suas Entidades;1020544,32;14851
2018;Prefeitura Municipal de Areado - MG;3104304;MG;DCA-Anexo I-C;Padrão;Receitas Brutas Realizadas;RO2.4.2.0.00.0.0;2.4.2.0.00.0.0 - Transferências dos Estados e do Distrito Federal e de suas Entidades;300000,00;14851
2018;Prefeitura Municipal de Areado - MG;3104304;MG;DCA-Anexo I-C;Padrão;Receitas Brutas Realizadas;RO2.4.2.0.00.1.0;2.4.2.0.00.1.0 Transferências dos Estados e do Distrito Federal e de suas Entidades;300000,00;14851
2018;Prefeitura Municipal de Areado - MG;3104304;MG;DCA-Anexo I-C;Padrão;Receitas Brutas Realizadas;RO2.9.0.0.00.0.0;2.9.0.0.00.0.0 - Outras Receitas de Capital;23609,59;14851
2018;Prefeitura Municipal de Areado - MG;3104304;MG;DCA-Anexo I-C;Padrão;Receitas Brutas Realizadas;RO2.9.9.0.00.0.0;2.9.9.0.00.0.0 - Demais Receitas de Capital;23609,59;14851
2018;Prefeitura Municipal de Areado - MG;3104304;MG;DCA-Anexo I-C;Padrão;Receitas Brutas Realizadas;RO2.9.9.0.00.1.0;2.9.9.0.00.1.0 Demais Receitas de Capital;23609,59;14851
2019;Prefeitura Municipal de Areado - MG;3104304;MG;DCA-Anexo I-C;Padrão;Receitas Brutas Realizadas;ReceitasExcetoIntraOrcamentarias;RECEITAS (EXCETO INTRA-ORÇAMENTÁRIAS) (I);36886747,32;14955
2019;Prefeitura Municipal de Areado - MG;3104304;MG;DCA-Anexo I-C;Padrão;Deduções - FUNDEB;ReceitasExcetoIntraOrcamentarias;RECEITAS (EXCETO INTRA-ORÇAMENTÁRIAS) (I);4315721,32;14955
2019;Prefeitura Municipal de Areado - MG;3104304;MG;DCA-Anexo I-C;Padrão;Outras Deduções da Receita;ReceitasExcetoIntraOrcamentarias;RECEITAS (EXCETO INTRA-ORÇAMENTÁRIAS) (I);500,98;14955
2019;Prefeitura Municipal de Areado - MG;3104304;MG;DCA-Anexo I-C;Padrão;Receitas Brutas Realizadas;RO1.0.0.0.00.0.0;1.0.0.0.00.0.0 - Receitas Correntes;36609846,66;14955
2019;Prefeitura Municipal de Areado - MG;3104304;MG;DCA-Anexo I-C;Padrão;Deduções - FUNDEB;RO1.0.0.0.00.0.0;1.0.0.0.00.0.0 - Receitas Correntes;4315721,32;14955
2019;Prefeitura Municipal de Areado - MG;3104304;MG;DCA-Anexo I-C;Padrão;Outras Deduções da Receita;RO1.0.0.0.00.0.0;1.0.0.0.00.0.0 - Receitas Correntes;500,98;14955
2019;Prefeitura Municipal de Areado - MG;3104304;MG;DCA-Anexo I-C;Padrão;Receitas Brutas Realizadas;RO1.1.0.0.00.0.0;1.1.0.0.00.0.0 - Impostos, Taxas e Contribuições de Melhoria;2714102,39;14955
2019;Prefeitura Municipal de Areado - MG;3104304;MG;DCA-Anexo I-C;Padrão;Outras Deduções da Receita;RO1.1.0.0.00.0.0;1.1.0.0.00.0.0 - Impostos, Taxas e Contribuições de Melhoria;487,24;14955
2019;Prefeitura Municipal de Areado - MG;3104304;MG;DCA-Anexo I-C;Padrão;Receitas Brutas Realizadas;RO1.1.1.0.00.0.0;1.1.1.0.00.0.0 - Impostos;2423908,22;14955
2019;Prefeitura Municipal de Areado - MG;3104304;MG;DCA-Anexo I-C;Padrão;Outras Deduções da Receita;RO1.1.1.0.00.0.0;1.1.1.0.00.0.0 - Impostos;400,27;14955
2019;Prefeitura Municipal de Areado - MG;3104304;MG;DCA-Anexo I-C;Padrão;Receitas Brutas Realizadas;RO1.1.1.3.00.0.0;1.1.1.3.00.0.0 - Impostos sobre a Renda e Proventos de Qualquer Natureza;599744,13;14955
2019;Prefeitura Municipal de Areado - MG;3104304;MG;DCA-Anexo I-C;Padrão;Receitas Brutas Realizadas;RO1.1.1.3.03.0.0;1.1.1.3.03.0.0 - Imposto sobre a Renda - Retido na Fonte;599744,13;14955
2019;Prefeitura Municipal de Areado - MG;3104304;MG;DCA-Anexo I-C;Padrão;Receitas Brutas Realizadas;RO1.1.1.3.03.1.0;1.1.1.3.03.1.0 - Imposto sobre a Renda - Retido na Fonte - Trabalho;564720,73;14955
2019;Prefeitura Municipal de Areado - MG;3104304;MG;DCA-Anexo I-C;Padrão;Receitas Brutas Realizadas;RO1.1.1.3.03.4.0;1.1.1.3.03.4.0 - Imposto sobre a Renda - Retido na Fonte - Outros Rendimentos;35023,40;14955
2019;Prefeitura Municipal de Areado - MG;3104304;MG;DCA-Anexo I-C;Padrão;Receitas Brutas Realizadas;RO1.1.1.8.00.0.0;1.1.1.8.00.0.0 Impostos Específicos de Estados, DF e Municípios;1824164,09;14955
2019;Prefeitura Municipal de Areado - MG;3104304;MG;DCA-Anexo I-C;Padrão;Outras Deduções da Receita;RO1.1.1.8.00.0.0;1.1.1.8.00.0.0 Impostos Específicos de Estados, DF e Municípios;400,27;14955
2019;Prefeitura Municipal de Areado - MG;3104304;MG;DCA-Anexo I-C;Padrão;Receitas Brutas Realizadas;RO1.1.1.8.01.0.0;1.1.1.8.01.0.0 Impostos sobre o Patrimônio para Estados/DF/Municípios;1053342,94;14955
2019;Prefeitura Municipal de Areado - MG;3104304;MG;DCA-Anexo I-C;Padrão;Outras Deduções da Receita;RO1.1.1.8.01.0.0;1.1.1.8.01.0.0 Impostos sobre o Patrimônio para Estados/DF/Municípios;400,27;14955
2019;Prefeitura Municipal de Areado - MG;3104304;MG;DCA-Anexo I-C;Padrão;Receitas Brutas Realizadas;RO1.1.1.8.01.1.0;1.1.1.8.01.1.0 Imposto sobre a Propriedade Predial e Territorial Urbana;701545,57;14955
2019;Prefeitura Municipal de Areado - MG;3104304;MG;DCA-Anexo I-C;Padrão;Outras Deduções da Receita;RO1.1.1.8.01.1.0;1.1.1.8.01.1.0 Imposto sobre a Propriedade Predial e Territorial Urbana;51,01;14955
2019;Prefeitura Municipal de Areado - MG;3104304;MG;DCA-Anexo I-C;Padrão;Receitas Brutas Realizadas;RO1.1.1.8.01.4.0;1.1.1.8.01.4.0 Imposto sobre Transmissão ¿Inter Vivos¿ de Bens Imóveis e de Direitos Reais sobre Imóveis;351797,37;14955
2019;Prefeitura Municipal de Areado - MG;3104304;MG;DCA-Anexo I-C;Padrão;Outras Deduções da Receita;RO1.1.1.8.01.4.0;1.1.1.8.01.4.0 Imposto sobre Transmissão ¿Inter Vivos¿ de Bens Imóveis e de Direitos Reais sobre Imóveis;349,26;14955
2019;Prefeitura Municipal de Areado - MG;3104304;MG;DCA-Anexo I-C;Padrão;Receitas Brutas Realizadas;RO1.1.1.8.02.0.0;1.1.1.8.02.0.0 Impostos sobre a Produção, Circulação de Mercadorias e Serviços;770821,15;14955
2019;Prefeitura Municipal de Areado - MG;3104304;MG;DCA-Anexo I-C;Padrão;Receitas Brutas Realizadas;RO1.1.1.8.02.3.0;1.1.1.8.02.3.0 Imposto sobre Serviços de Qualquer Natureza;770821,15;14955
2019;Prefeitura Municipal de Areado - MG;3104304;MG;DCA-Anexo I-C;Padrão;Receitas Brutas Realizadas;RO1.1.2.0.00.0.0;1.1.2.0.00.0.0 - Taxas;290194,17;14955
2019;Prefeitura Municipal de Areado - MG;3104304;MG;DCA-Anexo I-C;Padrão;Outras Deduções da Receita;RO1.1.2.0.00.0.0;1.1.2.0.00.0.0 - Taxas;86,97;14955
2019;Prefeitura Municipal de Areado - MG;3104304;MG;DCA-Anexo I-C;Padrão;Receitas Brutas Realizadas;RO1.1.2.2.00.0.0;1.1.2.2.00.0.0 - Taxas pela Prestação de Serviços;34141,16;14955
2019;Prefeitura Municipal de Areado - MG;3104304;MG;DCA-Anexo I-C;Padrão;Outras Deduções da Receita;RO1.1.2.2.00.0.0;1.1.2.2.00.0.0 - Taxas pela Prestação de Serviços;15,28;14955
2019;Prefeitura Municipal de Areado - MG;3104304;MG;DCA-Anexo I-C;Padrão;Receitas Brutas Realizadas;RO1.1.2.2.01.0.0;1.1.2.2.01.0.0 - Taxas pela Prestação de Serviços;34141,16;14955
2019;Prefeitura Municipal de Areado - MG;3104304;MG;DCA-Anexo I-C;Padrão;Outras Deduções da Receita;RO1.1.2.2.01.0.0;1.1.2.2.01.0.0 - Taxas pela Prestação de Serviços;15,28;14955
2019;Prefeitura Municipal de Areado - MG;3104304;MG;DCA-Anexo I-C;Padrão;Receitas Brutas Realizadas;RO1.1.2.8.00.0.0;1.1.2.8.00.0.0 - Taxas - Específicas de Estados, DF e Municípios;256053,01;14955
2019;Prefeitura Municipal de Areado - MG;3104304;MG;DCA-Anexo I-C;Padrão;Outras Deduções da Receita;RO1.1.2.8.00.0.0;1.1.2.8.00.0.0 - Taxas - Específicas de Estados, DF e Municípios;71,69;14955
2019;Prefeitura Municipal de Areado - MG;3104304;MG;DCA-Anexo I-C;Padrão;Receitas Brutas Realizadas;RO1.1.2.8.01.0.0;1.1.2.8.01.0.0 - Taxas de Inspeção, Controle e Fiscalização;256053,01;14955
2019;Prefeitura Municipal de Areado - MG;3104304;MG;DCA-Anexo I-C;Padrão;Outras Deduções da Receita;RO1.1.2.8.01.0.0;1.1.2.8.01.0.0 - Taxas de Inspeção, Controle e Fiscalização;71,69;14955
2019;Prefeitura Municipal de Areado - MG;3104304;MG;DCA-Anexo I-C;Padrão;Receitas Brutas Realizadas;RO1.1.2.8.01.1.0;1.1.2.8.01.1.0 - Taxa de Fiscalização de Vigilância Sanitária;33847,05;14955
2019;Prefeitura Municipal de Areado - MG;3104304;MG;DCA-Anexo I-C;Padrão;Receitas Brutas Realizadas;RO1.1.2.8.01.9.0;1.1.2.8.01.9.0 - Taxas de Inspeção, Controle e Fiscalização - Outras;222205,96;14955
2019;Prefeitura Municipal de Areado - MG;3104304;MG;DCA-Anexo I-C;Padrão;Outras Deduções da Receita;RO1.1.2.8.01.9.0;1.1.2.8.01.9.0 - Taxas de Inspeção, Controle e Fiscalização - Outras;71,69;14955
2019;Prefeitura Municipal de Areado - MG;3104304;MG;DCA-Anexo I-C;Padrão;Receitas Brutas Realizadas;RO1.3.0.0.00.0.0;1.3.0.0.00.0.0 - Receita Patrimonial;93663,28;14955
2019;Prefeitura Municipal de Areado - MG;3104304;MG;DCA-Anexo I-C;Padrão;Receitas Brutas Realizadas;RO1.3.1.0.00.0.0;1.3.1.0.00.0.0 - Exploração do Patrimônio Imobiliário do Estado;550,00;14955
2019;Prefeitura Municipal de Areado - MG;3104304;MG;DCA-Anexo I-C;Padrão;Receitas Brutas Realizadas;RO1.3.1.0.99.0.0;1.3.1.0.99.0.0 - Outras Receitas Imobiliárias;550,00;14955
2019;Prefeitura Municipal de Areado - MG;3104304;MG;DCA-Anexo I-C;Padrão;Receitas Brutas Realizadas;RO1.3.2.0.00.0.0;1.3.2.0.00.0.0 - Valores Mobiliários;93113,28;14955
2019;Prefeitura Municipal de Areado - MG;3104304;MG;DCA-Anexo I-C;Padrão;Receitas Brutas Realizadas;RO1.3.2.1.00.0.0;1.3.2.1.00.0.0 - Juros e Correções Monetárias;93113,28;14955
2019;Prefeitura Municipal de Areado - MG;3104304;MG;DCA-Anexo I-C;Padrão;Receitas Brutas Realizadas;RO1.3.2.1.00.1.0;1.3.2.1.00.1.0 - Remuneração de Depósitos Bancários;93113,28;14955
2019;Prefeitura Municipal de Areado - MG;3104304;MG;DCA-Anexo I-C;Padrão;Receitas Brutas Realizadas;RO1.6.0.0.00.0.0;1.6.0.0.00.0.0 - Receita de Serviços;51304,82;14955
2019;Prefeitura Municipal de Areado - MG;3104304;MG;DCA-Anexo I-C;Padrão;Outras Deduções da Receita;RO1.6.0.0.00.0.0;1.6.0.0.00.0.0 - Receita de Serviços;13,74;14955
2019;Prefeitura Municipal de Areado - MG;3104304;MG;DCA-Anexo I-C;Padrão;Receitas Brutas Realizadas;RO1.6.1.0.00.0.0;1.6.1.0.00.0.0 - Serviços Administrativos e Comerciais Gerais;8308,10;14955
2019;Prefeitura Municipal de Areado - MG;3104304;MG;DCA-Anexo I-C;Padrão;Receitas Brutas Realizadas;RO1.6.1.0.01.0.0;1.6.1.0.01.0.0 - Serviços Administrativos e Comerciais Gerais;8308,10;14955
2019;Prefeitura Municipal de Areado - MG;3104304;MG;DCA-Anexo I-C;Padrão;Receitas Brutas Realizadas;RO1.6.9.0.00.0.0;1.6.9.0.00.0.0 - Outros Serviços;42996,72;14955
2019;Prefeitura Municipal de Areado - MG;3104304;MG;DCA-Anexo I-C;Padrão;Outras Deduções da Receita;RO1.6.9.0.00.0.0;1.6.9.0.00.0.0 - Outros Serviços;13,74;14955
2019;Prefeitura Municipal de Areado - MG;3104304;MG;DCA-Anexo I-C;Padrão;Receitas Brutas Realizadas;RO1.6.9.0.99.0.0;1.6.9.0.99.0.0 - Outros Serviços;42996,72;14955
2019;Prefeitura Municipal de Areado - MG;3104304;MG;DCA-Anexo I-C;Padrão;Outras Deduções da Receita;RO1.6.9.0.99.0.0;1.6.9.0.99.0.0 - Outros Serviços;13,74;14955
2019;Prefeitura Municipal de Areado - MG;3104304;MG;DCA-Anexo I-C;Padrão;Receitas Brutas Realizadas;RO1.7.0.0.00.0.0;1.7.0.0.00.0.0 - Transferências Correntes;33737116,84;14955
2019;Prefeitura Municipal de Areado - MG;3104304;MG;DCA-Anexo I-C;Padrão;Deduções - FUNDEB;RO1.7.0.0.00.0.0;1.7.0.0.00.0.0 - Transferências Correntes;4315721,32;14955
2019;Prefeitura Municipal de Areado - MG;3104304;MG;DCA-Anexo I-C;Padrão;Receitas Brutas Realizadas;RO1.7.1.0.00.0.0;1.7.1.0.00.0.0 - Transferências da União e de suas Entidades;20721050,38;14955
2019;Prefeitura Municipal de Areado - MG;3104304;MG;DCA-Anexo I-C;Padrão;Deduções - FUNDEB;RO1.7.1.0.00.0.0;1.7.1.0.00.0.0 - Transferências da União e de suas Entidades;2950899,52;14955
2019;Prefeitura Municipal de Areado - MG;3104304;MG;DCA-Anexo I-C;Padrão;Receitas Brutas Realizadas;RO1.7.1.8.00.0.0;1.7.1.8.00.0.0 Transferências da União - Específicas de Estados, DF e Municípios;20721050,38;14955
2019;Prefeitura Municipal de Areado - MG;3104304;MG;DCA-Anexo I-C;Padrão;Deduções - FUNDEB;RO1.7.1.8.00.0.0;1.7.1.8.00.0.0 Transferências da União - Específicas de Estados, DF e Municípios;2950899,52;14955
2019;Prefeitura Municipal de Areado - MG;3104304;MG;DCA-Anexo I-C;Padrão;Receitas Brutas Realizadas;RO1.7.1.8.01.0.0;1.7.1.8.01.0.0 Participação na Receita da União;16029096,93;14955
2019;Prefeitura Municipal de Areado - MG;3104304;MG;DCA-Anexo I-C;Padrão;Deduções - FUNDEB;RO1.7.1.8.01.0.0;1.7.1.8.01.0.0 Participação na Receita da União;2950899,52;14955
2019;Prefeitura Municipal de Areado - MG;3104304;MG;DCA-Anexo I-C;Padrão;Receitas Brutas Realizadas;RO1.7.1.8.01.2.0;1.7.1.8.01.2.0 Cota-Parte do Fundo de Participação dos Municípios - Cota Mensal;14712571,08;14955
2019;Prefeitura Municipal de Areado - MG;3104304;MG;DCA-Anexo I-C;Padrão;Deduções - FUNDEB;RO1.7.1.8.01.2.0;1.7.1.8.01.2.0 Cota-Parte do Fundo de Participação dos Municípios - Cota Mensal;2942513,95;14955
2019;Prefeitura Municipal de Areado - MG;3104304;MG;DCA-Anexo I-C;Padrão;Receitas Brutas Realizadas;RO1.7.1.8.01.3.0;1.7.1.8.01.3.0 Cota-Parte do Fundo de Participação do Municípios ¿ 1% Cota entregue no mês de dezembro;649292,97;14955
2019;Prefeitura Municipal de Areado - MG;3104304;MG;DCA-Anexo I-C;Padrão;Receitas Brutas Realizadas;RO1.7.1.8.01.4.0;1.7.1.8.01.4.0 Cota-Parte do Fundo de Participação dos Municípios - 1% Cota entregue no mês de julho;625304,63;14955
2019;Prefeitura Municipal de Areado - MG;3104304;MG;DCA-Anexo I-C;Padrão;Receitas Brutas Realizadas;RO1.7.1.8.01.5.0;1.7.1.8.01.5.0 Cota-Parte do Imposto Sobre a Propriedade Territorial Rural;41928,25;14955
2019;Prefeitura Municipal de Areado - MG;3104304;MG;DCA-Anexo I-C;Padrão;Deduções - FUNDEB;RO1.7.1.8.01.5.0;1.7.1.8.01.5.0 Cota-Parte do Imposto Sobre a Propriedade Territorial Rural;8385,57;14955
2019;Prefeitura Municipal de Areado - MG;3104304;MG;DCA-Anexo I-C;Padrão;Receitas Brutas Realizadas;RO1.7.1.8.02.0.0;1.7.1.8.02.0.0 Transferência da Compensação Financeira pela Exploração de Recursos Naturais;1289271,54;14955
2019;Prefeitura Municipal de Areado - MG;3104304;MG;DCA-Anexo I-C;Padrão;Receitas Brutas Realizadas;RO1.7.1.8.02.1.0;1.7.1.8.02.1.0 Cota-parte da Compensação Financeira de Recursos Hídricos;1062581,71;14955
2019;Prefeitura Municipal de Areado - MG;3104304;MG;DCA-Anexo I-C;Padrão;Receitas Brutas Realizadas;RO1.7.1.8.02.6.0;1.7.1.8.02.6.0 Cota-Parte do Fundo Especial do Petróleo ¿ FEP;226689,83;14955
2019;Prefeitura Municipal de Areado - MG;3104304;MG;DCA-Anexo I-C;Padrão;Receitas Brutas Realizadas;RO1.7.1.8.03.0.0;"1.7.1.8.03.0.0 Transferência de Recursos do Sistema Único de Saúde ¿ 
 SUS ¿ Bloco Custeio das Ações e Serviços Públicos de Saúde";1581874,69;14955
2019;Prefeitura Municipal de Areado - MG;3104304;MG;DCA-Anexo I-C;Padrão;Receitas Brutas Realizadas;RO1.7.1.8.03.1.0;1.7.1.8.03.1.0 - Transferência de Recursos do SUS ¿ Atenção Básica;1326535,13;14955
2019;Prefeitura Municipal de Areado - MG;3104304;MG;DCA-Anexo I-C;Padrão;Receitas Brutas Realizadas;RO1.7.1.8.03.3.0;1.7.1.8.03.3.0 - Transferência de Recursos do SUS ¿ Vigilância em Saúde;178872,94;14955
2019;Prefeitura Municipal de Areado - MG;3104304;MG;DCA-Anexo I-C;Padrão;Receitas Brutas Realizadas;RO1.7.1.8.03.4.0;1.7.1.8.03.4.0 - Transferência de Recursos do SUS ¿ Assistência Farmacêutica;76466,62;14955
2019;Prefeitura Municipal de Areado - MG;3104304;MG;DCA-Anexo I-C;Padrão;Receitas Brutas Realizadas;RO1.7.1.8.05.0.0;1.7.1.8.05.0.0 Transferências de Recursos do Fundo Nacional do Desenvolvimento da Educação ¿ FNDE;664511,14;14955
2019;Prefeitura Municipal de Areado - MG;3104304;MG;DCA-Anexo I-C;Padrão;Receitas Brutas Realizadas;RO1.7.1.8.05.1.0;1.7.1.8.05.1.0 Transferências do Salário-Educação;451790,72;14955
2019;Prefeitura Municipal de Areado - MG;3104304;MG;DCA-Anexo I-C;Padrão;Receitas Brutas Realizadas;RO1.7.1.8.05.2.0;1.7.1.8.05.2.0 Transferências Diretas do FNDE referentes ao Programa Dinheiro Direto na Escola ¿ PDDE;3520,00;14955
2019;Prefeitura Municipal de Areado - MG;3104304;MG;DCA-Anexo I-C;Padrão;Receitas Brutas Realizadas;RO1.7.1.8.05.3.0;1.7.1.8.05.3.0 Transferências Diretas do FNDE referentes ao Programa Nacional de Alimentação Escolar ¿ PNAE;149186,00;14955
2019;Prefeitura Municipal de Areado - MG;3104304;MG;DCA-Anexo I-C;Padrão;Receitas Brutas Realizadas;RO1.7.1.8.05.4.0;1.7.1.8.05.4.0 Transferências Diretas do FNDE referentes ao Programa Nacional de Apoio ao Transporte do Escolar ¿ PNATE;60014,42;14955
2019;Prefeitura Municipal de Areado - MG;3104304;MG;DCA-Anexo I-C;Padrão;Receitas Brutas Realizadas;RO1.7.1.8.12.0.0;1.7.1.8.12.0.0 - Transferências de Recursos do Fundo Nacional de Assistência Social ¿ FNAS;386995,56;14955
2019;Prefeitura Municipal de Areado - MG;3104304;MG;DCA-Anexo I-C;Padrão;Receitas Brutas Realizadas;RO1.7.1.8.99.0.0;1.7.1.8.99.0.0 Outras Transferências da União;769300,52;14955
2019;Prefeitura Municipal de Areado - MG;3104304;MG;DCA-Anexo I-C;Padrão;Receitas Brutas Realizadas;RO1.7.2.0.00.0.0;1.7.2.0.00.0.0 - Transferências dos Estados e do Distrito Federal e de suas Entidades;7395378,40;14955
2019;Prefeitura Municipal de Areado - MG;3104304;MG;DCA-Anexo I-C;Padrão;Deduções - FUNDEB;RO1.7.2.0.00.0.0;1.7.2.0.00.0.0 - Transferências dos Estados e do Distrito Federal e de suas Entidades;1364821,80;14955
2019;Prefeitura Municipal de Areado - MG;3104304;MG;DCA-Anexo I-C;Padrão;Receitas Brutas Realizadas;RO1.7.2.8.00.0.0;1.7.2.8.00.0.0 Transferências dos Estados - Específicas de Estados, DF e Municípios;7395378,40;14955
2019;Prefeitura Municipal de Areado - MG;3104304;MG;DCA-Anexo I-C;Padrão;Deduções - FUNDEB;RO1.7.2.8.00.0.0;1.7.2.8.00.0.0 Transferências dos Estados - Específicas de Estados, DF e Municípios;1364821,80;14955
2019;Prefeitura Municipal de Areado - MG;3104304;MG;DCA-Anexo I-C;Padrão;Receitas Brutas Realizadas;RO1.7.2.8.01.0.0;1.7.2.8.01.0.0 Participação na Receita dos Estados;6843531,23;14955
2019;Prefeitura Municipal de Areado - MG;3104304;MG;DCA-Anexo I-C;Padrão;Deduções - FUNDEB;RO1.7.2.8.01.0.0;1.7.2.8.01.0.0 Participação na Receita dos Estados;1364821,80;14955
2019;Prefeitura Municipal de Areado - MG;3104304;MG;DCA-Anexo I-C;Padrão;Receitas Brutas Realizadas;RO1.7.2.8.01.1.0;1.7.2.8.01.1.0 Cota-Parte do ICMS;5139818,17;14955
2019;Prefeitura Municipal de Areado - MG;3104304;MG;DCA-Anexo I-C;Padrão;Deduções - FUNDEB;RO1.7.2.8.01.1.0;1.7.2.8.01.1.0 Cota-Parte do ICMS;1027963,39;14955
2019;Prefeitura Municipal de Areado - MG;3104304;MG;DCA-Anexo I-C;Padrão;Receitas Brutas Realizadas;RO1.7.2.8.01.2.0;1.7.2.8.01.2.0 Cota-Parte do IPVA;1618385,58;14955
2019;Prefeitura Municipal de Areado - MG;3104304;MG;DCA-Anexo I-C;Padrão;Deduções - FUNDEB;RO1.7.2.8.01.2.0;1.7.2.8.01.2.0 Cota-Parte do IPVA;323675,92;14955
2019;Prefeitura Municipal de Areado - MG;3104304;MG;DCA-Anexo I-C;Padrão;Receitas Brutas Realizadas;RO1.7.2.8.01.3.0;1.7.2.8.01.3.0 Cota-Parte do IPI - Municípios;65912,57;14955
2019;Prefeitura Municipal de Areado - MG;3104304;MG;DCA-Anexo I-C;Padrão;Deduções - FUNDEB;RO1.7.2.8.01.3.0;1.7.2.8.01.3.0 Cota-Parte do IPI - Municípios;13182,49;14955
2019;Prefeitura Municipal de Areado - MG;3104304;MG;DCA-Anexo I-C;Padrão;Receitas Brutas Realizadas;RO1.7.2.8.01.4.0;1.7.2.8.01.4.0 Cota-Parte da Contribuição de Intervenção no Domínio Econômico;19414,91;14955
2019;Prefeitura Municipal de Areado - MG;3104304;MG;DCA-Anexo I-C;Padrão;Receitas Brutas Realizadas;RO1.7.2.8.03.0.0;1.7.2.8.03.0.0 Transferência de Recursos do Estado para Programas de Saúde ¿ Repasse Fundo a Fundo;272202,69;14955
2019;Prefeitura Municipal de Areado - MG;3104304;MG;DCA-Anexo I-C;Padrão;Receitas Brutas Realizadas;RO1.7.2.8.07.0.0;1.7.2.8.07.0.0 Transferências de Estados destinadas à Assistência Social;15044,48;14955
2019;Prefeitura Municipal de Areado - MG;3104304;MG;DCA-Anexo I-C;Padrão;Receitas Brutas Realizadas;RO1.7.2.8.10.0.0;1.7.2.8.10.0.0 Transferência de Convênios dos Estados e do Distrito Federal e de Suas Entidades;264600,00;14955
2019;Prefeitura Municipal de Areado - MG;3104304;MG;DCA-Anexo I-C;Padrão;Receitas Brutas Realizadas;RO1.7.2.8.10.2.0;1.7.2.8.10.2.0 Transferências de Convênio dos Estados Destinadas a Programas de Educação;264600,00;14955
2019;Prefeitura Municipal de Areado - MG;3104304;MG;DCA-Anexo I-C;Padrão;Receitas Brutas Realizadas;RO1.7.5.0.00.0.0;1.7.5.0.00.0.0 - Transferências de Outras Instituições Públicas;5620688,06;14955
2019;Prefeitura Municipal de Areado - MG;3104304;MG;DCA-Anexo I-C;Padrão;Receitas Brutas Realizadas;RO1.7.5.8.00.0.0;1.7.5.8.00.0.0 Transferências de Outras Instituições Públicas - Específicas de Estados, DF e Municípios;5620688,06;14955
2019;Prefeitura Municipal de Areado - MG;3104304;MG;DCA-Anexo I-C;Padrão;Receitas Brutas Realizadas;RO1.7.5.8.01.0.0;1.7.5.8.01.0.0 Transferências de Recursos do Fundo de Manutenção e Desenvolvimento da Educação Básica e de Valorização dos Profissionais da Educação ¿ FUNDEB;5620688,06;14955
2019;Prefeitura Municipal de Areado - MG;3104304;MG;DCA-Anexo I-C;Padrão;Receitas Brutas Realizadas;RO1.9.0.0.00.0.0;1.9.0.0.00.0.0 - Outras Receitas Correntes;13659,33;14955
2019;Prefeitura Municipal de Areado - MG;3104304;MG;DCA-Anexo I-C;Padrão;Receitas Brutas Realizadas;RO1.9.1.0.00.0.0;1.9.1.0.00.0.0 - Multas Administrativas, Contratuais e Judiciais;2462,53;14955
2019;Prefeitura Municipal de Areado - MG;3104304;MG;DCA-Anexo I-C;Padrão;Receitas Brutas Realizadas;RO1.9.1.0.01.0.0;1.9.1.0.01.0.0 - Multas Previstas em Legislação Específica;2462,53;14955
2019;Prefeitura Municipal de Areado - MG;3104304;MG;DCA-Anexo I-C;Padrão;Receitas Brutas Realizadas;RO1.9.2.0.00.0.0;1.9.2.0.00.0.0 - Indenizações, Restituições e Ressarcimentos;9221,84;14955
2019;Prefeitura Municipal de Areado - MG;3104304;MG;DCA-Anexo I-C;Padrão;Receitas Brutas Realizadas;RO1.9.2.1.00.0.0;1.9.2.1.00.0.0 - Indenizações;9221,84;14955
2019;Prefeitura Municipal de Areado - MG;3104304;MG;DCA-Anexo I-C;Padrão;Receitas Brutas Realizadas;RO1.9.2.1.99.0.0;1.9.2.1.99.0.0 - Outras Indenizações;9221,84;14955
2019;Prefeitura Municipal de Areado - MG;3104304;MG;DCA-Anexo I-C;Padrão;Receitas Brutas Realizadas;RO1.9.9.0.00.0.0;1.9.9.0.00.0.0 - Demais Receitas Correntes;1974,96;14955
2019;Prefeitura Municipal de Areado - MG;3104304;MG;DCA-Anexo I-C;Padrão;Receitas Brutas Realizadas;RO1.9.9.0.99.0.0;1.9.9.0.99.0.0 - Outras Receitas;1974,96;14955
2019;Prefeitura Municipal de Areado - MG;3104304;MG;DCA-Anexo I-C;Padrão;Receitas Brutas Realizadas;RO1.9.9.0.99.2.0;1.9.9.0.99.2.0 - Outras Receitas - Financeiras;1974,96;14955
2019;Prefeitura Municipal de Areado - MG;3104304;MG;DCA-Anexo I-C;Padrão;Receitas Brutas Realizadas;RO2.0.0.0.00.0.0;2.0.0.0.00.0.0 - Receitas de Capital;276900,66;14955
2019;Prefeitura Municipal de Areado - MG;3104304;MG;DCA-Anexo I-C;Padrão;Receitas Brutas Realizadas;RO2.2.0.0.00.0.0;2.2.0.0.00.0.0 - Alienação de Bens;130962,87;14955
2019;Prefeitura Municipal de Areado - MG;3104304;MG;DCA-Anexo I-C;Padrão;Receitas Brutas Realizadas;RO2.2.1.0.00.0.0;2.2.1.0.00.0.0 - Alienação de Bens Móveis;85400,00;14955
2019;Prefeitura Municipal de Areado - MG;3104304;MG;DCA-Anexo I-C;Padrão;Receitas Brutas Realizadas;RO2.2.1.3.00.0.0;2.2.1.3.00.0.0 Alienação de Bens Móveis e Semoventes;85400,00;14955
2019;Prefeitura Municipal de Areado - MG;3104304;MG;DCA-Anexo I-C;Padrão;Receitas Brutas Realizadas;RO2.2.2.0.00.0.0;2.2.2.0.00.0.0 - Alienação de Bens Imóveis;45562,87;14955
2019;Prefeitura Municipal de Areado - MG;3104304;MG;DCA-Anexo I-C;Padrão;Receitas Brutas Realizadas;RO2.4.0.0.00.0.0;2.4.0.0.00.0.0 - Transferências de Capital;103740,80;14955
2019;Prefeitura Municipal de Areado - MG;3104304;MG;DCA-Anexo I-C;Padrão;Receitas Brutas Realizadas;RO2.4.1.0.00.0.0;2.4.1.0.00.0.0 - Transferências da União e de suas Entidades;103740,80;14955
2019;Prefeitura Municipal de Areado - MG;3104304;MG;DCA-Anexo I-C;Padrão;Receitas Brutas Realizadas;RO2.4.1.8.00.0.0;2.4.1.8.00.0.0 Transferências da União - Específicas de Estados, DF e Municípios;103740,80;14955
2019;Prefeitura Municipal de Areado - MG;3104304;MG;DCA-Anexo I-C;Padrão;Receitas Brutas Realizadas;RO2.4.1.8.10.0.0;2.4.1.8.10.0.0 Transferência de Convênios da União e de suas Entidades;103740,80;14955
2019;Prefeitura Municipal de Areado - MG;3104304;MG;DCA-Anexo I-C;Padrão;Receitas Brutas Realizadas;RO2.4.1.8.10.2.0;2.4.1.8.10.2.0 - Transferências de Convênio da União destinadas a Programas de Educação;54570,80;14955
2019;Prefeitura Municipal de Areado - MG;3104304;MG;DCA-Anexo I-C;Padrão;Receitas Brutas Realizadas;RO2.4.1.8.10.9.0;2.4.1.8.10.9.0 - Outras Transferências de Convênios da União;49170,00;14955
2019;Prefeitura Municipal de Areado - MG;3104304;MG;DCA-Anexo I-C;Padrão;Receitas Brutas Realizadas;RO2.9.0.0.00.0.0;2.9.0.0.00.0.0 - Outras Receitas de Capital;42196,99;14955
2019;Prefeitura Municipal de Areado - MG;3104304;MG;DCA-Anexo I-C;Padrão;Receitas Brutas Realizadas;RO2.9.9.0.00.0.0;2.9.9.0.00.0.0 - Demais Receitas de Capital;42196,99;14955
2019;Prefeitura Municipal de Areado - MG;3104304;MG;DCA-Anexo I-C;Padrão;Receitas Brutas Realizadas;RO2.9.9.0.00.1.0;2.9.9.0.00.1.0 Demais Receitas de Capital;42196,99;14955
2019;Prefeitura Municipal de Areado - MG;3104304;MG;DCA-Anexo I-C;Padrão;Receitas Brutas Realizadas;TotalReceitas;TOTAL DAS RECEITAS (III) = (I + II);36886747,32;14955
2019;Prefeitura Municipal de Areado - MG;3104304;MG;DCA-Anexo I-C;Padrão;Deduções - FUNDEB;TotalReceitas;TOTAL DAS RECEITAS (III) = (I + II);4315721,32;14955
2019;Prefeitura Municipal de Areado - MG;3104304;MG;DCA-Anexo I-C;Padrão;Outras Deduções da Receita;TotalReceitas;TOTAL DAS RECEITAS (III) = (I + II);500,98;14955
2020;Prefeitura Municipal de Areado - MG;3104304;MG;DCA-Anexo I-C;Padrão;Receitas Brutas Realizadas;ReceitasExcetoIntraOrcamentarias;RECEITAS (EXCETO INTRA-ORÇAMENTÁRIAS) (I);41665608,76;15070
2020;Prefeitura Municipal de Areado - MG;3104304;MG;DCA-Anexo I-C;Padrão;Deduções - FUNDEB;ReceitasExcetoIntraOrcamentarias;RECEITAS (EXCETO INTRA-ORÇAMENTÁRIAS) (I);4366036,08;15070
2020;Prefeitura Municipal de Areado - MG;3104304;MG;DCA-Anexo I-C;Padrão;Outras Deduções da Receita;ReceitasExcetoIntraOrcamentarias;RECEITAS (EXCETO INTRA-ORÇAMENTÁRIAS) (I);19977,55;15070
2020;Prefeitura Municipal de Areado - MG;3104304;MG;DCA-Anexo I-C;Padrão;Receitas Brutas Realizadas;RO1.0.0.0.00.0.0;1.0.0.0.00.0.0 - Receitas Correntes;41085912,12;15070
2020;Prefeitura Municipal de Areado - MG;3104304;MG;DCA-Anexo I-C;Padrão;Deduções - FUNDEB;RO1.0.0.0.00.0.0;1.0.0.0.00.0.0 - Receitas Correntes;4366036,08;15070
2020;Prefeitura Municipal de Areado - MG;3104304;MG;DCA-Anexo I-C;Padrão;Outras Deduções da Receita;RO1.0.0.0.00.0.0;1.0.0.0.00.0.0 - Receitas Correntes;19977,55;15070
2020;Prefeitura Municipal de Areado - MG;3104304;MG;DCA-Anexo I-C;Padrão;Receitas Brutas Realizadas;RO1.1.0.0.00.0.0;1.1.0.0.00.0.0 - Impostos, Taxas e Contribuições de Melhoria;3036378,86;15070
2020;Prefeitura Municipal de Areado - MG;3104304;MG;DCA-Anexo I-C;Padrão;Outras Deduções da Receita;RO1.1.0.0.00.0.0;1.1.0.0.00.0.0 - Impostos, Taxas e Contribuições de Melhoria;13667,53;15070
2020;Prefeitura Municipal de Areado - MG;3104304;MG;DCA-Anexo I-C;Padrão;Receitas Brutas Realizadas;RO1.1.1.0.00.0.0;1.1.1.0.00.0.0 - Impostos;2758901,59;15070
2020;Prefeitura Municipal de Areado - MG;3104304;MG;DCA-Anexo I-C;Padrão;Outras Deduções da Receita;RO1.1.1.0.00.0.0;1.1.1.0.00.0.0 - Impostos;12219,98;15070
2020;Prefeitura Municipal de Areado - MG;3104304;MG;DCA-Anexo I-C;Padrão;Receitas Brutas Realizadas;RO1.1.1.3.00.0.0;1.1.1.3.00.0.0 - Impostos sobre a Renda e Proventos de Qualquer Natureza;767526,20;15070
2020;Prefeitura Municipal de Areado - MG;3104304;MG;DCA-Anexo I-C;Padrão;Receitas Brutas Realizadas;RO1.1.1.3.03.0.0;1.1.1.3.03.0.0 - Imposto sobre a Renda - Retido na Fonte;767526,20;15070
2020;Prefeitura Municipal de Areado - MG;3104304;MG;DCA-Anexo I-C;Padrão;Receitas Brutas Realizadas;RO1.1.1.3.03.1.0;1.1.1.3.03.1.0 - Imposto sobre a Renda - Retido na Fonte - Trabalho;737191,02;15070
2020;Prefeitura Municipal de Areado - MG;3104304;MG;DCA-Anexo I-C;Padrão;Receitas Brutas Realizadas;RO1.1.1.3.03.4.0;1.1.1.3.03.4.0 - Imposto sobre a Renda - Retido na Fonte - Outros Rendimentos;30335,18;15070
2020;Prefeitura Municipal de Areado - MG;3104304;MG;DCA-Anexo I-C;Padrão;Receitas Brutas Realizadas;RO1.1.1.8.00.0.0;1.1.1.8.00.0.0 Impostos Específicos de Estados, DF e Municípios;1991375,39;15070
2020;Prefeitura Municipal de Areado - MG;3104304;MG;DCA-Anexo I-C;Padrão;Outras Deduções da Receita;RO1.1.1.8.00.0.0;1.1.1.8.00.0.0 Impostos Específicos de Estados, DF e Municípios;12219,98;15070
2020;Prefeitura Municipal de Areado - MG;3104304;MG;DCA-Anexo I-C;Padrão;Receitas Brutas Realizadas;RO1.1.1.8.01.0.0;1.1.1.8.01.0.0 Impostos sobre o Patrimônio para Estados/DF/Municípios;1217428,65;15070
2020;Prefeitura Municipal de Areado - MG;3104304;MG;DCA-Anexo I-C;Padrão;Outras Deduções da Receita;RO1.1.1.8.01.0.0;1.1.1.8.01.0.0 Impostos sobre o Patrimônio para Estados/DF/Municípios;12219,98;15070
2020;Prefeitura Municipal de Areado - MG;3104304;MG;DCA-Anexo I-C;Padrão;Receitas Brutas Realizadas;RO1.1.1.8.01.1.0;1.1.1.8.01.1.0 Imposto sobre a Propriedade Predial e Territorial Urbana;742277,37;15070
2020;Prefeitura Municipal de Areado - MG;3104304;MG;DCA-Anexo I-C;Padrão;Receitas Brutas Realizadas;RO1.1.1.8.01.4.0;1.1.1.8.01.4.0 Imposto sobre Transmissão ¿Inter Vivos¿ de Bens Imóveis e de Direitos Reais sobre Imóveis;475151,28;15070
2020;Prefeitura Municipal de Areado - MG;3104304;MG;DCA-Anexo I-C;Padrão;Outras Deduções da Receita;RO1.1.1.8.01.4.0;1.1.1.8.01.4.0 Imposto sobre Transmissão ¿Inter Vivos¿ de Bens Imóveis e de Direitos Reais sobre Imóveis;12219,98;15070
2020;Prefeitura Municipal de Areado - MG;3104304;MG;DCA-Anexo I-C;Padrão;Receitas Brutas Realizadas;RO1.1.1.8.02.0.0;1.1.1.8.02.0.0 Impostos sobre a Produção, Circulação de Mercadorias e Serviços;773946,74;15070
2020;Prefeitura Municipal de Areado - MG;3104304;MG;DCA-Anexo I-C;Padrão;Receitas Brutas Realizadas;RO1.1.1.8.02.3.0;1.1.1.8.02.3.0 Imposto sobre Serviços de Qualquer Natureza;773946,74;15070
2020;Prefeitura Municipal de Areado - MG;3104304;MG;DCA-Anexo I-C;Padrão;Receitas Brutas Realizadas;RO1.1.2.0.00.0.0;1.1.2.0.00.0.0 - Taxas;277477,27;15070
2020;Prefeitura Municipal de Areado - MG;3104304;MG;DCA-Anexo I-C;Padrão;Outras Deduções da Receita;RO1.1.2.0.00.0.0;1.1.2.0.00.0.0 - Taxas;1447,55;15070
2020;Prefeitura Municipal de Areado - MG;3104304;MG;DCA-Anexo I-C;Padrão;Receitas Brutas Realizadas;RO1.1.2.2.00.0.0;1.1.2.2.00.0.0 - Taxas pela Prestação de Serviços;36360,53;15070
2020;Prefeitura Municipal de Areado - MG;3104304;MG;DCA-Anexo I-C;Padrão;Outras Deduções da Receita;RO1.1.2.2.00.0.0;1.1.2.2.00.0.0 - Taxas pela Prestação de Serviços;293,76;15070
2020;Prefeitura Municipal de Areado - MG;3104304;MG;DCA-Anexo I-C;Padrão;Receitas Brutas Realizadas;RO1.1.2.2.01.0.0;1.1.2.2.01.0.0 - Taxas pela Prestação de Serviços;36360,53;15070
2020;Prefeitura Municipal de Areado - MG;3104304;MG;DCA-Anexo I-C;Padrão;Outras Deduções da Receita;RO1.1.2.2.01.0.0;1.1.2.2.01.0.0 - Taxas pela Prestação de Serviços;293,76;15070
2020;Prefeitura Municipal de Areado - MG;3104304;MG;DCA-Anexo I-C;Padrão;Receitas Brutas Realizadas;RO1.1.2.8.00.0.0;1.1.2.8.00.0.0 - Taxas - Específicas de Estados, DF e Municípios;241116,74;15070
2020;Prefeitura Municipal de Areado - MG;3104304;MG;DCA-Anexo I-C;Padrão;Outras Deduções da Receita;RO1.1.2.8.00.0.0;1.1.2.8.00.0.0 - Taxas - Específicas de Estados, DF e Municípios;1153,79;15070
2020;Prefeitura Municipal de Areado - MG;3104304;MG;DCA-Anexo I-C;Padrão;Receitas Brutas Realizadas;RO1.1.2.8.01.0.0;1.1.2.8.01.0.0 - Taxas de Inspeção, Controle e Fiscalização;241116,74;15070
2020;Prefeitura Municipal de Areado - MG;3104304;MG;DCA-Anexo I-C;Padrão;Outras Deduções da Receita;RO1.1.2.8.01.0.0;1.1.2.8.01.0.0 - Taxas de Inspeção, Controle e Fiscalização;1153,79;15070
2020;Prefeitura Municipal de Areado - MG;3104304;MG;DCA-Anexo I-C;Padrão;Receitas Brutas Realizadas;RO1.1.2.8.01.1.0;1.1.2.8.01.1.0 - Taxa de Fiscalização de Vigilância Sanitária;33005,43;15070
2020;Prefeitura Municipal de Areado - MG;3104304;MG;DCA-Anexo I-C;Padrão;Receitas Brutas Realizadas;RO1.1.2.8.01.9.0;1.1.2.8.01.9.0 - Taxas de Inspeção, Controle e Fiscalização - Outras;208111,31;15070
2020;Prefeitura Municipal de Areado - MG;3104304;MG;DCA-Anexo I-C;Padrão;Outras Deduções da Receita;RO1.1.2.8.01.9.0;1.1.2.8.01.9.0 - Taxas de Inspeção, Controle e Fiscalização - Outras;1153,79;15070
2020;Prefeitura Municipal de Areado - MG;3104304;MG;DCA-Anexo I-C;Padrão;Receitas Brutas Realizadas;RO1.3.0.0.00.0.0;1.3.0.0.00.0.0 - Receita Patrimonial;46225,83;15070
2020;Prefeitura Municipal de Areado - MG;3104304;MG;DCA-Anexo I-C;Padrão;Outras Deduções da Receita;RO1.3.0.0.00.0.0;1.3.0.0.00.0.0 - Receita Patrimonial;0,02;15070
2020;Prefeitura Municipal de Areado - MG;3104304;MG;DCA-Anexo I-C;Padrão;Receitas Brutas Realizadas;RO1.3.1.0.00.0.0;1.3.1.0.00.0.0 - Exploração do Patrimônio Imobiliário do Estado;8610,79;15070
2020;Prefeitura Municipal de Areado - MG;3104304;MG;DCA-Anexo I-C;Padrão;Receitas Brutas Realizadas;RO1.3.1.0.01.0.0;1.3.1.0.01.0.0 - Aluguéis, Arrendamentos, Foros, Laudêmios, Tarifas de Ocupação;8610,79;15070
2020;Prefeitura Municipal de Areado - MG;3104304;MG;DCA-Anexo I-C;Padrão;Receitas Brutas Realizadas;RO1.3.1.0.01.1.0;1.3.1.0.01.1.0 - Aluguéis e Arrendamentos;8610,79;15070
2020;Prefeitura Municipal de Areado - MG;3104304;MG;DCA-Anexo I-C;Padrão;Receitas Brutas Realizadas;RO1.3.2.0.00.0.0;1.3.2.0.00.0.0 - Valores Mobiliários;37615,04;15070
2020;Prefeitura Municipal de Areado - MG;3104304;MG;DCA-Anexo I-C;Padrão;Outras Deduções da Receita;RO1.3.2.0.00.0.0;1.3.2.0.00.0.0 - Valores Mobiliários;0,02;15070
2020;Prefeitura Municipal de Areado - MG;3104304;MG;DCA-Anexo I-C;Padrão;Receitas Brutas Realizadas;RO1.3.2.1.00.0.0;1.3.2.1.00.0.0 - Juros e Correções Monetárias;37615,04;15070
2020;Prefeitura Municipal de Areado - MG;3104304;MG;DCA-Anexo I-C;Padrão;Outras Deduções da Receita;RO1.3.2.1.00.0.0;1.3.2.1.00.0.0 - Juros e Correções Monetárias;0,02;15070
2020;Prefeitura Municipal de Areado - MG;3104304;MG;DCA-Anexo I-C;Padrão;Receitas Brutas Realizadas;RO1.3.2.1.00.1.0;1.3.2.1.00.1.0 - Remuneração de Depósitos Bancários;37615,04;15070
2020;Prefeitura Municipal de Areado - MG;3104304;MG;DCA-Anexo I-C;Padrão;Outras Deduções da Receita;RO1.3.2.1.00.1.0;1.3.2.1.00.1.0 - Remuneração de Depósitos Bancários;0,02;15070
2020;Prefeitura Municipal de Areado - MG;3104304;MG;DCA-Anexo I-C;Padrão;Receitas Brutas Realizadas;RO1.6.0.0.00.0.0;1.6.0.0.00.0.0 - Receita de Serviços;320547,05;15070
2020;Prefeitura Municipal de Areado - MG;3104304;MG;DCA-Anexo I-C;Padrão;Outras Deduções da Receita;RO1.6.0.0.00.0.0;1.6.0.0.00.0.0 - Receita de Serviços;6310,00;15070
2020;Prefeitura Municipal de Areado - MG;3104304;MG;DCA-Anexo I-C;Padrão;Receitas Brutas Realizadas;RO1.6.1.0.00.0.0;1.6.1.0.00.0.0 - Serviços Administrativos e Comerciais Gerais;278173,55;15070
2020;Prefeitura Municipal de Areado - MG;3104304;MG;DCA-Anexo I-C;Padrão;Outras Deduções da Receita;RO1.6.1.0.00.0.0;1.6.1.0.00.0.0 - Serviços Administrativos e Comerciais Gerais;6310,00;15070
2020;Prefeitura Municipal de Areado - MG;3104304;MG;DCA-Anexo I-C;Padrão;Receitas Brutas Realizadas;RO1.6.1.0.02.0.0;1.6.1.0.02.0.0 - Inscrição em Concursos e Processos Seletivos;269360,00;15070
2020;Prefeitura Municipal de Areado - MG;3104304;MG;DCA-Anexo I-C;Padrão;Outras Deduções da Receita;RO1.6.1.0.02.0.0;1.6.1.0.02.0.0 - Inscrição em Concursos e Processos Seletivos;6310,00;15070
2020;Prefeitura Municipal de Areado - MG;3104304;MG;DCA-Anexo I-C;Padrão;Receitas Brutas Realizadas;RO1.6.1.0.03.0.0;1.6.1.0.03.0.0 - Serviços de Registro, Certificação e Fiscalização;8813,55;15070
2020;Prefeitura Municipal de Areado - MG;3104304;MG;DCA-Anexo I-C;Padrão;Receitas Brutas Realizadas;RO1.6.9.0.00.0.0;1.6.9.0.00.0.0 - Outros Serviços;42373,50;15070
2020;Prefeitura Municipal de Areado - MG;3104304;MG;DCA-Anexo I-C;Padrão;Receitas Brutas Realizadas;RO1.6.9.0.99.0.0;1.6.9.0.99.0.0 - Outros Serviços;42373,50;15070
2020;Prefeitura Municipal de Areado - MG;3104304;MG;DCA-Anexo I-C;Padrão;Receitas Brutas Realizadas;RO1.7.0.0.00.0.0;1.7.0.0.00.0.0 - Transferências Correntes;37642722,26;15070
2020;Prefeitura Municipal de Areado - MG;3104304;MG;DCA-Anexo I-C;Padrão;Deduções - FUNDEB;RO1.7.0.0.00.0.0;1.7.0.0.00.0.0 - Transferências Correntes;4366036,08;15070
2020;Prefeitura Municipal de Areado - MG;3104304;MG;DCA-Anexo I-C;Padrão;Receitas Brutas Realizadas;RO1.7.1.0.00.0.0;1.7.1.0.00.0.0 - Transferências da União e de suas Entidades;23401876,28;15070
2020;Prefeitura Municipal de Areado - MG;3104304;MG;DCA-Anexo I-C;Padrão;Deduções - FUNDEB;RO1.7.1.0.00.0.0;1.7.1.0.00.0.0 - Transferências da União e de suas Entidades;2819058,49;15070
2020;Prefeitura Municipal de Areado - MG;3104304;MG;DCA-Anexo I-C;Padrão;Receitas Brutas Realizadas;RO1.7.1.8.00.0.0;1.7.1.8.00.0.0 Transferências da União - Específicas de Estados, DF e Municípios;23401876,28;15070
2020;Prefeitura Municipal de Areado - MG;3104304;MG;DCA-Anexo I-C;Padrão;Deduções - FUNDEB;RO1.7.1.8.00.0.0;1.7.1.8.00.0.0 Transferências da União - Específicas de Estados, DF e Municípios;2819058,49;15070
2020;Prefeitura Municipal de Areado - MG;3104304;MG;DCA-Anexo I-C;Padrão;Receitas Brutas Realizadas;RO1.7.1.8.01.0.0;1.7.1.8.01.0.0 Participação na Receita da União;15359667,62;15070
2020;Prefeitura Municipal de Areado - MG;3104304;MG;DCA-Anexo I-C;Padrão;Deduções - FUNDEB;RO1.7.1.8.01.0.0;1.7.1.8.01.0.0 Participação na Receita da União;2819058,49;15070
2020;Prefeitura Municipal de Areado - MG;3104304;MG;DCA-Anexo I-C;Padrão;Receitas Brutas Realizadas;RO1.7.1.8.01.2.0;1.7.1.8.01.2.0 Cota-Parte do Fundo de Participação dos Municípios - Cota Mensal;14033516,78;15070
2020;Prefeitura Municipal de Areado - MG;3104304;MG;DCA-Anexo I-C;Padrão;Deduções - FUNDEB;RO1.7.1.8.01.2.0;1.7.1.8.01.2.0 Cota-Parte do Fundo de Participação dos Municípios - Cota Mensal;2806703,07;15070
2020;Prefeitura Municipal de Areado - MG;3104304;MG;DCA-Anexo I-C;Padrão;Receitas Brutas Realizadas;RO1.7.1.8.01.3.0;1.7.1.8.01.3.0 Cota-Parte do Fundo de Participação do Municípios ¿ 1% Cota entregue no mês de dezembro;631513,43;15070
2020;Prefeitura Municipal de Areado - MG;3104304;MG;DCA-Anexo I-C;Padrão;Receitas Brutas Realizadas;RO1.7.1.8.01.4.0;1.7.1.8.01.4.0 Cota-Parte do Fundo de Participação dos Municípios - 1% Cota entregue no mês de julho;632859,84;15070
2020;Prefeitura Municipal de Areado - MG;3104304;MG;DCA-Anexo I-C;Padrão;Receitas Brutas Realizadas;RO1.7.1.8.01.5.0;1.7.1.8.01.5.0 Cota-Parte do Imposto Sobre a Propriedade Territorial Rural;61777,57;15070
2020;Prefeitura Municipal de Areado - MG;3104304;MG;DCA-Anexo I-C;Padrão;Deduções - FUNDEB;RO1.7.1.8.01.5.0;1.7.1.8.01.5.0 Cota-Parte do Imposto Sobre a Propriedade Territorial Rural;12355,42;15070
2020;Prefeitura Municipal de Areado - MG;3104304;MG;DCA-Anexo I-C;Padrão;Receitas Brutas Realizadas;RO1.7.1.8.02.0.0;1.7.1.8.02.0.0 Transferência da Compensação Financeira pela Exploração de Recursos Naturais;1480005,02;15070
2020;Prefeitura Municipal de Areado - MG;3104304;MG;DCA-Anexo I-C;Padrão;Receitas Brutas Realizadas;RO1.7.1.8.02.1.0;1.7.1.8.02.1.0 Cota-parte da Compensação Financeira de Recursos Hídricos;1254221,16;15070
2020;Prefeitura Municipal de Areado - MG;3104304;MG;DCA-Anexo I-C;Padrão;Receitas Brutas Realizadas;RO1.7.1.8.02.6.0;1.7.1.8.02.6.0 Cota-Parte do Fundo Especial do Petróleo ¿ FEP;225783,86;15070
2020;Prefeitura Municipal de Areado - MG;3104304;MG;DCA-Anexo I-C;Padrão;Receitas Brutas Realizadas;RO1.7.1.8.03.0.0;"1.7.1.8.03.0.0 Transferência de Recursos do Sistema Único de Saúde ¿ 
 SUS ¿ Bloco Custeio das Ações e Serviços Públicos de Saúde";2409212,18;15070
2020;Prefeitura Municipal de Areado - MG;3104304;MG;DCA-Anexo I-C;Padrão;Receitas Brutas Realizadas;RO1.7.1.8.03.1.0;1.7.1.8.03.1.0 - Transferência de Recursos do SUS ¿ Atenção Básica;1297657,61;15070
2020;Prefeitura Municipal de Areado - MG;3104304;MG;DCA-Anexo I-C;Padrão;Receitas Brutas Realizadas;RO1.7.1.8.03.3.0;1.7.1.8.03.3.0 - Transferência de Recursos do SUS ¿ Vigilância em Saúde;191923,04;15070
2020;Prefeitura Municipal de Areado - MG;3104304;MG;DCA-Anexo I-C;Padrão;Receitas Brutas Realizadas;RO1.7.1.8.03.4.0;1.7.1.8.03.4.0 - Transferência de Recursos do SUS ¿ Assistência Farmacêutica;88913,04;15070
2020;Prefeitura Municipal de Areado - MG;3104304;MG;DCA-Anexo I-C;Padrão;Receitas Brutas Realizadas;RO1.7.1.8.03.9.0;1.7.1.8.03.9.0 - Transferência de Recursos do SUS ¿ Outros Programas Financiados por Transferências Fundo a Fundo;830718,49;15070
2020;Prefeitura Municipal de Areado - MG;3104304;MG;DCA-Anexo I-C;Padrão;Receitas Brutas Realizadas;RO1.7.1.8.05.0.0;1.7.1.8.05.0.0 Transferências de Recursos do Fundo Nacional do Desenvolvimento da Educação ¿ FNDE;601334,14;15070
2020;Prefeitura Municipal de Areado - MG;3104304;MG;DCA-Anexo I-C;Padrão;Receitas Brutas Realizadas;RO1.7.1.8.05.1.0;1.7.1.8.05.1.0 Transferências do Salário-Educação;386561,47;15070
2020;Prefeitura Municipal de Areado - MG;3104304;MG;DCA-Anexo I-C;Padrão;Receitas Brutas Realizadas;RO1.7.1.8.05.3.0;1.7.1.8.05.3.0 Transferências Diretas do FNDE referentes ao Programa Nacional de Alimentação Escolar ¿ PNAE;155491,60;15070
2020;Prefeitura Municipal de Areado - MG;3104304;MG;DCA-Anexo I-C;Padrão;Receitas Brutas Realizadas;RO1.7.1.8.05.4.0;1.7.1.8.05.4.0 Transferências Diretas do FNDE referentes ao Programa Nacional de Apoio ao Transporte do Escolar ¿ PNATE;59281,07;15070
2020;Prefeitura Municipal de Areado - MG;3104304;MG;DCA-Anexo I-C;Padrão;Receitas Brutas Realizadas;RO1.7.1.8.12.0.0;1.7.1.8.12.0.0 - Transferências de Recursos do Fundo Nacional de Assistência Social ¿ FNAS;586982,81;15070
2020;Prefeitura Municipal de Areado - MG;3104304;MG;DCA-Anexo I-C;Padrão;Receitas Brutas Realizadas;RO1.7.1.8.99.0.0;1.7.1.8.99.0.0 Outras Transferências da União;2964674,51;15070
2020;Prefeitura Municipal de Areado - MG;3104304;MG;DCA-Anexo I-C;Padrão;Receitas Brutas Realizadas;RO1.7.2.0.00.0.0;1.7.2.0.00.0.0 - Transferências dos Estados e do Distrito Federal e de suas Entidades;8285749,01;15070
2020;Prefeitura Municipal de Areado - MG;3104304;MG;DCA-Anexo I-C;Padrão;Deduções - FUNDEB;RO1.7.2.0.00.0.0;1.7.2.0.00.0.0 - Transferências dos Estados e do Distrito Federal e de suas Entidades;1546977,59;15070
2020;Prefeitura Municipal de Areado - MG;3104304;MG;DCA-Anexo I-C;Padrão;Receitas Brutas Realizadas;RO1.7.2.8.00.0.0;1.7.2.8.00.0.0 Transferências dos Estados - Específicas de Estados, DF e Municípios;8285749,01;15070
2020;Prefeitura Municipal de Areado - MG;3104304;MG;DCA-Anexo I-C;Padrão;Deduções - FUNDEB;RO1.7.2.8.00.0.0;1.7.2.8.00.0.0 Transferências dos Estados - Específicas de Estados, DF e Municípios;1546977,59;15070
2020;Prefeitura Municipal de Areado - MG;3104304;MG;DCA-Anexo I-C;Padrão;Receitas Brutas Realizadas;RO1.7.2.8.01.0.0;1.7.2.8.01.0.0 Participação na Receita dos Estados;7751132,46;15070
2020;Prefeitura Municipal de Areado - MG;3104304;MG;DCA-Anexo I-C;Padrão;Deduções - FUNDEB;RO1.7.2.8.01.0.0;1.7.2.8.01.0.0 Participação na Receita dos Estados;1546977,59;15070
2020;Prefeitura Municipal de Areado - MG;3104304;MG;DCA-Anexo I-C;Padrão;Receitas Brutas Realizadas;RO1.7.2.8.01.1.0;1.7.2.8.01.1.0 Cota-Parte do ICMS;5653642,19;15070
2020;Prefeitura Municipal de Areado - MG;3104304;MG;DCA-Anexo I-C;Padrão;Deduções - FUNDEB;RO1.7.2.8.01.1.0;1.7.2.8.01.1.0 Cota-Parte do ICMS;1130728,06;15070
2020;Prefeitura Municipal de Areado - MG;3104304;MG;DCA-Anexo I-C;Padrão;Receitas Brutas Realizadas;RO1.7.2.8.01.2.0;1.7.2.8.01.2.0 Cota-Parte do IPVA;2026591,92;15070
2020;Prefeitura Municipal de Areado - MG;3104304;MG;DCA-Anexo I-C;Padrão;Deduções - FUNDEB;RO1.7.2.8.01.2.0;1.7.2.8.01.2.0 Cota-Parte do IPVA;405317,16;15070
2020;Prefeitura Municipal de Areado - MG;3104304;MG;DCA-Anexo I-C;Padrão;Receitas Brutas Realizadas;RO1.7.2.8.01.3.0;1.7.2.8.01.3.0 Cota-Parte do IPI - Municípios;54661,82;15070
2020;Prefeitura Municipal de Areado - MG;3104304;MG;DCA-Anexo I-C;Padrão;Deduções - FUNDEB;RO1.7.2.8.01.3.0;1.7.2.8.01.3.0 Cota-Parte do IPI - Municípios;10932,37;15070
2020;Prefeitura Municipal de Areado - MG;3104304;MG;DCA-Anexo I-C;Padrão;Receitas Brutas Realizadas;RO1.7.2.8.01.4.0;1.7.2.8.01.4.0 Cota-Parte da Contribuição de Intervenção no Domínio Econômico;16236,53;15070
2020;Prefeitura Municipal de Areado - MG;3104304;MG;DCA-Anexo I-C;Padrão;Receitas Brutas Realizadas;RO1.7.2.8.03.0.0;1.7.2.8.03.0.0 Transferência de Recursos do Estado para Programas de Saúde ¿ Repasse Fundo a Fundo;382673,09;15070
2020;Prefeitura Municipal de Areado - MG;3104304;MG;DCA-Anexo I-C;Padrão;Receitas Brutas Realizadas;RO1.7.2.8.07.0.0;1.7.2.8.07.0.0 Transferências de Estados destinadas à Assistência Social;27953,30;15070
2020;Prefeitura Municipal de Areado - MG;3104304;MG;DCA-Anexo I-C;Padrão;Receitas Brutas Realizadas;RO1.7.2.8.10.0.0;1.7.2.8.10.0.0 Transferência de Convênios dos Estados e do Distrito Federal e de Suas Entidades;83837,00;15070
2020;Prefeitura Municipal de Areado - MG;3104304;MG;DCA-Anexo I-C;Padrão;Receitas Brutas Realizadas;RO1.7.2.8.10.9.0;1.7.2.8.10.9.0 Outras Transferências de Convênio dos Estados;83837,00;15070
2020;Prefeitura Municipal de Areado - MG;3104304;MG;DCA-Anexo I-C;Padrão;Receitas Brutas Realizadas;RO1.7.2.8.99.0.0;1.7.2.8.99.0.0 Outras Transferências dos Estados;40153,16;15070
2020;Prefeitura Municipal de Areado - MG;3104304;MG;DCA-Anexo I-C;Padrão;Receitas Brutas Realizadas;RO1.7.5.0.00.0.0;1.7.5.0.00.0.0 - Transferências de Outras Instituições Públicas;5955096,97;15070
2020;Prefeitura Municipal de Areado - MG;3104304;MG;DCA-Anexo I-C;Padrão;Receitas Brutas Realizadas;RO1.7.5.8.00.0.0;1.7.5.8.00.0.0 Transferências de Outras Instituições Públicas - Específicas de Estados, DF e Municípios;5955096,97;15070
2020;Prefeitura Municipal de Areado - MG;3104304;MG;DCA-Anexo I-C;Padrão;Receitas Brutas Realizadas;RO1.7.5.8.01.0.0;1.7.5.8.01.0.0 Transferências de Recursos do Fundo de Manutenção e Desenvolvimento da Educação Básica e de Valorização dos Profissionais da Educação ¿ FUNDEB;5955096,97;15070
2020;Prefeitura Municipal de Areado - MG;3104304;MG;DCA-Anexo I-C;Padrão;Receitas Brutas Realizadas;RO1.9.0.0.00.0.0;1.9.0.0.00.0.0 - Outras Receitas Correntes;40038,12;15070
2020;Prefeitura Municipal de Areado - MG;3104304;MG;DCA-Anexo I-C;Padrão;Receitas Brutas Realizadas;RO1.9.1.0.00.0.0;1.9.1.0.00.0.0 - Multas Administrativas, Contratuais e Judiciais;16704,31;15070
2020;Prefeitura Municipal de Areado - MG;3104304;MG;DCA-Anexo I-C;Padrão;Receitas Brutas Realizadas;RO1.9.1.0.01.0.0;1.9.1.0.01.0.0 - Multas Previstas em Legislação Específica;16704,31;15070
2020;Prefeitura Municipal de Areado - MG;3104304;MG;DCA-Anexo I-C;Padrão;Receitas Brutas Realizadas;RO1.9.2.0.00.0.0;1.9.2.0.00.0.0 - Indenizações, Restituições e Ressarcimentos;8843,58;15070
2020;Prefeitura Municipal de Areado - MG;3104304;MG;DCA-Anexo I-C;Padrão;Receitas Brutas Realizadas;RO1.9.2.1.00.0.0;1.9.2.1.00.0.0 - Indenizações;2448,18;15070
2020;Prefeitura Municipal de Areado - MG;3104304;MG;DCA-Anexo I-C;Padrão;Receitas Brutas Realizadas;RO1.9.2.1.99.0.0;1.9.2.1.99.0.0 - Outras Indenizações;2448,18;15070
2020;Prefeitura Municipal de Areado - MG;3104304;MG;DCA-Anexo I-C;Padrão;Receitas Brutas Realizadas;RO1.9.2.2.00.0.0;1.9.2.2.00.0.0 - Restituições;6395,40;15070
2020;Prefeitura Municipal de Areado - MG;3104304;MG;DCA-Anexo I-C;Padrão;Receitas Brutas Realizadas;RO1.9.2.2.01.0.0;1.9.2.2.01.0.0 - Restituição de Convênios;6395,40;15070
2020;Prefeitura Municipal de Areado - MG;3104304;MG;DCA-Anexo I-C;Padrão;Receitas Brutas Realizadas;RO1.9.9.0.00.0.0;1.9.9.0.00.0.0 - Demais Receitas Correntes;14490,23;15070
2020;Prefeitura Municipal de Areado - MG;3104304;MG;DCA-Anexo I-C;Padrão;Receitas Brutas Realizadas;RO1.9.9.0.99.0.0;1.9.9.0.99.0.0 - Outras Receitas;14490,23;15070
2020;Prefeitura Municipal de Areado - MG;3104304;MG;DCA-Anexo I-C;Padrão;Receitas Brutas Realizadas;RO1.9.9.0.99.1.0;1.9.9.0.99.1.0 - Outras Receitas - Primárias;14490,23;15070
2020;Prefeitura Municipal de Areado - MG;3104304;MG;DCA-Anexo I-C;Padrão;Receitas Brutas Realizadas;RO2.0.0.0.00.0.0;2.0.0.0.00.0.0 - Receitas de Capital;579696,64;15070
2020;Prefeitura Municipal de Areado - MG;3104304;MG;DCA-Anexo I-C;Padrão;Receitas Brutas Realizadas;RO2.2.0.0.00.0.0;2.2.0.0.00.0.0 - Alienação de Bens;9564,24;15070
2020;Prefeitura Municipal de Areado - MG;3104304;MG;DCA-Anexo I-C;Padrão;Receitas Brutas Realizadas;RO2.2.2.0.00.0.0;2.2.2.0.00.0.0 - Alienação de Bens Imóveis;9564,24;15070
2020;Prefeitura Municipal de Areado - MG;3104304;MG;DCA-Anexo I-C;Padrão;Receitas Brutas Realizadas;RO2.4.0.0.00.0.0;2.4.0.0.00.0.0 - Transferências de Capital;551994,00;15070
2020;Prefeitura Municipal de Areado - MG;3104304;MG;DCA-Anexo I-C;Padrão;Receitas Brutas Realizadas;RO2.4.1.0.00.0.0;2.4.1.0.00.0.0 - Transferências da União e de suas Entidades;441994,00;15070
2020;Prefeitura Municipal de Areado - MG;3104304;MG;DCA-Anexo I-C;Padrão;Receitas Brutas Realizadas;RO2.4.1.8.00.0.0;2.4.1.8.00.0.0 Transferências da União - Específicas de Estados, DF e Municípios;441994,00;15070
2020;Prefeitura Municipal de Areado - MG;3104304;MG;DCA-Anexo I-C;Padrão;Receitas Brutas Realizadas;RO2.4.1.8.03.0.0;2.4.1.8.03.0.0 Transferências de Recursos do Sistema Único de Saúde ¿ SUS;54314,00;15070
2020;Prefeitura Municipal de Areado - MG;3104304;MG;DCA-Anexo I-C;Padrão;Receitas Brutas Realizadas;RO2.4.1.8.03.1.0;2.4.1.8.03.1.0 - Transferência de Recursos do SUS ¿ Atenção Básica;54314,00;15070
2020;Prefeitura Municipal de Areado - MG;3104304;MG;DCA-Anexo I-C;Padrão;Receitas Brutas Realizadas;RO2.4.1.8.10.0.0;2.4.1.8.10.0.0 Transferência de Convênios da União e de suas Entidades;387680,00;15070
2020;Prefeitura Municipal de Areado - MG;3104304;MG;DCA-Anexo I-C;Padrão;Receitas Brutas Realizadas;RO2.4.1.8.10.9.0;2.4.1.8.10.9.0 - Outras Transferências de Convênios da União;387680,00;15070
2020;Prefeitura Municipal de Areado - MG;3104304;MG;DCA-Anexo I-C;Padrão;Receitas Brutas Realizadas;RO2.4.2.0.00.0.0;2.4.2.0.00.0.0 - Transferências dos Estados e do Distrito Federal e de suas Entidades;110000,00;15070
2020;Prefeitura Municipal de Areado - MG;3104304;MG;DCA-Anexo I-C;Padrão;Receitas Brutas Realizadas;RO2.4.2.8.00.0.0;2.4.2.8.00.0.0 Transferências dos Estados, Distrito Federal, e de suas Entidades;110000,00;15070
2020;Prefeitura Municipal de Areado - MG;3104304;MG;DCA-Anexo I-C;Padrão;Receitas Brutas Realizadas;RO2.4.2.8.03.0.0;2.4.2.8.03.0.0 Transferências de Recursos do Sistema Único de Saúde ¿ SUS;110000,00;15070
2020;Prefeitura Municipal de Areado - MG;3104304;MG;DCA-Anexo I-C;Padrão;Receitas Brutas Realizadas;RO2.9.0.0.00.0.0;2.9.0.0.00.0.0 - Outras Receitas de Capital;18138,40;15070
2020;Prefeitura Municipal de Areado - MG;3104304;MG;DCA-Anexo I-C;Padrão;Receitas Brutas Realizadas;RO2.9.9.0.00.0.0;2.9.9.0.00.0.0 - Demais Receitas de Capital;18138,40;15070
2020;Prefeitura Municipal de Areado - MG;3104304;MG;DCA-Anexo I-C;Padrão;Receitas Brutas Realizadas;RO2.9.9.0.00.1.0;2.9.9.0.00.1.0 Demais Receitas de Capital;18138,40;15070
2020;Prefeitura Municipal de Areado - MG;3104304;MG;DCA-Anexo I-C;Padrão;Receitas Brutas Realizadas;TotalReceitas;TOTAL DAS RECEITAS (III) = (I + II);41665608,76;15070
2020;Prefeitura Municipal de Areado - MG;3104304;MG;DCA-Anexo I-C;Padrão;Deduções - FUNDEB;TotalReceitas;TOTAL DAS RECEITAS (III) = (I + II);4366036,08;15070
2020;Prefeitura Municipal de Areado - MG;3104304;MG;DCA-Anexo I-C;Padrão;Outras Deduções da Receita;TotalReceitas;TOTAL DAS RECEITAS (III) = (I + II);19977,55;15070
2021;Prefeitura Municipal de Areado - MG;3104304;MG;DCA-Anexo I-C;Padrão;Receitas Brutas Realizadas;ReceitasExcetoIntraOrcamentarias;RECEITAS (EXCETO INTRA-ORÇAMENTÁRIAS) (I);52088283,39;15181
2021;Prefeitura Municipal de Areado - MG;3104304;MG;DCA-Anexo I-C;Padrão;Deduções - FUNDEB;ReceitasExcetoIntraOrcamentarias;RECEITAS (EXCETO INTRA-ORÇAMENTÁRIAS) (I);5614617,42;15181
2021;Prefeitura Municipal de Areado - MG;3104304;MG;DCA-Anexo I-C;Padrão;Outras Deduções da Receita;ReceitasExcetoIntraOrcamentarias;RECEITAS (EXCETO INTRA-ORÇAMENTÁRIAS) (I);7952,43;15181
2021;Prefeitura Municipal de Areado - MG;3104304;MG;DCA-Anexo I-C;Padrão;Receitas Brutas Realizadas;RO1.0.0.0.00.0.0;1.0.0.0.00.0.0 - Receitas Correntes;48789367,65;15181
2021;Prefeitura Municipal de Areado - MG;3104304;MG;DCA-Anexo I-C;Padrão;Deduções - FUNDEB;RO1.0.0.0.00.0.0;1.0.0.0.00.0.0 - Receitas Correntes;5614617,42;15181
2021;Prefeitura Municipal de Areado - MG;3104304;MG;DCA-Anexo I-C;Padrão;Outras Deduções da Receita;RO1.0.0.0.00.0.0;1.0.0.0.00.0.0 - Receitas Correntes;7952,43;15181
2021;Prefeitura Municipal de Areado - MG;3104304;MG;DCA-Anexo I-C;Padrão;Receitas Brutas Realizadas;RO1.1.0.0.00.0.0;1.1.0.0.00.0.0 - Impostos, Taxas e Contribuições de Melhoria;3912995,12;15181
2021;Prefeitura Municipal de Areado - MG;3104304;MG;DCA-Anexo I-C;Padrão;Outras Deduções da Receita;RO1.1.0.0.00.0.0;1.1.0.0.00.0.0 - Impostos, Taxas e Contribuições de Melhoria;2406,81;15181
2021;Prefeitura Municipal de Areado - MG;3104304;MG;DCA-Anexo I-C;Padrão;Receitas Brutas Realizadas;RO1.1.1.0.00.0.0;1.1.1.0.00.0.0 - Impostos;3581221,72;15181
2021;Prefeitura Municipal de Areado - MG;3104304;MG;DCA-Anexo I-C;Padrão;Outras Deduções da Receita;RO1.1.1.0.00.0.0;1.1.1.0.00.0.0 - Impostos;2406,81;15181
2021;Prefeitura Municipal de Areado - MG;3104304;MG;DCA-Anexo I-C;Padrão;Receitas Brutas Realizadas;RO1.1.1.3.00.0.0;1.1.1.3.00.0.0 - Impostos sobre a Renda e Proventos de Qualquer Natureza;867619,18;15181
2021;Prefeitura Municipal de Areado - MG;3104304;MG;DCA-Anexo I-C;Padrão;Receitas Brutas Realizadas;RO1.1.1.3.03.0.0;1.1.1.3.03.0.0 - Imposto sobre a Renda - Retido na Fonte;867619,18;15181
2021;Prefeitura Municipal de Areado - MG;3104304;MG;DCA-Anexo I-C;Padrão;Receitas Brutas Realizadas;RO1.1.1.3.03.1.0;1.1.1.3.03.1.0 - Imposto sobre a Renda - Retido na Fonte - Trabalho;824276,06;15181
2021;Prefeitura Municipal de Areado - MG;3104304;MG;DCA-Anexo I-C;Padrão;Receitas Brutas Realizadas;RO1.1.1.3.03.4.0;1.1.1.3.03.4.0 - Imposto sobre a Renda - Retido na Fonte - Outros Rendimentos;43343,12;15181
2021;Prefeitura Municipal de Areado - MG;3104304;MG;DCA-Anexo I-C;Padrão;Receitas Brutas Realizadas;RO1.1.1.8.00.0.0;1.1.1.8.00.0.0 - Impostos Específicos de Estados, DF e Municípios;2713602,54;15181
2021;Prefeitura Municipal de Areado - MG;3104304;MG;DCA-Anexo I-C;Padrão;Outras Deduções da Receita;RO1.1.1.8.00.0.0;1.1.1.8.00.0.0 - Impostos Específicos de Estados, DF e Municípios;2406,81;15181
2021;Prefeitura Municipal de Areado - MG;3104304;MG;DCA-Anexo I-C;Padrão;Receitas Brutas Realizadas;RO1.1.1.8.01.0.0;1.1.1.8.01.0.0 - Impostos sobre o Patrimônio para Estados/DF/Municípios;1530636,72;15181
2021;Prefeitura Municipal de Areado - MG;3104304;MG;DCA-Anexo I-C;Padrão;Outras Deduções da Receita;RO1.1.1.8.01.0.0;1.1.1.8.01.0.0 - Impostos sobre o Patrimônio para Estados/DF/Municípios;2406,81;15181
2021;Prefeitura Municipal de Areado - MG;3104304;MG;DCA-Anexo I-C;Padrão;Receitas Brutas Realizadas;RO1.1.1.8.01.1.0;1.1.1.8.01.1.0 - Imposto sobre a Propriedade Predial e Territorial Urbana;809082,06;15181
2021;Prefeitura Municipal de Areado - MG;3104304;MG;DCA-Anexo I-C;Padrão;Receitas Brutas Realizadas;RO1.1.1.8.01.4.0;1.1.1.8.01.4.0 - Imposto sobre Transmissão ¿Inter Vivos¿ de Bens Imóveis e de Direitos Reais sobre Imóveis;721554,66;15181
2021;Prefeitura Municipal de Areado - MG;3104304;MG;DCA-Anexo I-C;Padrão;Outras Deduções da Receita;RO1.1.1.8.01.4.0;1.1.1.8.01.4.0 - Imposto sobre Transmissão ¿Inter Vivos¿ de Bens Imóveis e de Direitos Reais sobre Imóveis;2406,81;15181
2021;Prefeitura Municipal de Areado - MG;3104304;MG;DCA-Anexo I-C;Padrão;Receitas Brutas Realizadas;RO1.1.1.8.02.0.0;1.1.1.8.02.0.0 - Impostos sobre a Produção, Circulação de Mercadorias e Serviços;1182965,82;15181
2021;Prefeitura Municipal de Areado - MG;3104304;MG;DCA-Anexo I-C;Padrão;Receitas Brutas Realizadas;RO1.1.1.8.02.3.0;1.1.1.8.02.3.0 - Imposto sobre Serviços de Qualquer Natureza;1182965,82;15181
2021;Prefeitura Municipal de Areado - MG;3104304;MG;DCA-Anexo I-C;Padrão;Receitas Brutas Realizadas;RO1.1.2.0.00.0.0;1.1.2.0.00.0.0 - Taxas;331773,40;15181
2021;Prefeitura Municipal de Areado - MG;3104304;MG;DCA-Anexo I-C;Padrão;Receitas Brutas Realizadas;RO1.1.2.2.00.0.0;1.1.2.2.00.0.0 - Taxas pela Prestação de Serviços;38544,52;15181
2021;Prefeitura Municipal de Areado - MG;3104304;MG;DCA-Anexo I-C;Padrão;Receitas Brutas Realizadas;RO1.1.2.2.01.0.0;1.1.2.2.01.0.0 - Taxas pela Prestação de Serviços;38544,52;15181
2021;Prefeitura Municipal de Areado - MG;3104304;MG;DCA-Anexo I-C;Padrão;Receitas Brutas Realizadas;RO1.1.2.8.00.0.0;1.1.2.8.00.0.0 - Taxas - Específicas de Estados, DF e Municípios;293228,88;15181
2021;Prefeitura Municipal de Areado - MG;3104304;MG;DCA-Anexo I-C;Padrão;Receitas Brutas Realizadas;RO1.1.2.8.01.0.0;1.1.2.8.01.0.0 - Taxas de Inspeção, Controle e Fiscalização;293228,88;15181
2021;Prefeitura Municipal de Areado - MG;3104304;MG;DCA-Anexo I-C;Padrão;Receitas Brutas Realizadas;RO1.1.2.8.01.1.0;1.1.2.8.01.1.0 - Taxa de Fiscalização de Vigilância Sanitária;33298,86;15181
2021;Prefeitura Municipal de Areado - MG;3104304;MG;DCA-Anexo I-C;Padrão;Receitas Brutas Realizadas;RO1.1.2.8.01.9.0;1.1.2.8.01.9.0 - Taxas de Inspeção, Controle e Fiscalização - Outras;259930,02;15181
2021;Prefeitura Municipal de Areado - MG;3104304;MG;DCA-Anexo I-C;Padrão;Receitas Brutas Realizadas;RO1.3.0.0.00.0.0;1.3.0.0.00.0.0 - Receita Patrimonial;352629,27;15181
2021;Prefeitura Municipal de Areado - MG;3104304;MG;DCA-Anexo I-C;Padrão;Receitas Brutas Realizadas;RO1.3.2.0.00.0.0;1.3.2.0.00.0.0 - Valores Mobiliários;352629,27;15181
2021;Prefeitura Municipal de Areado - MG;3104304;MG;DCA-Anexo I-C;Padrão;Receitas Brutas Realizadas;RO1.3.2.1.00.0.0;1.3.2.1.00.0.0 - Juros e Correções Monetárias;352629,27;15181
2021;Prefeitura Municipal de Areado - MG;3104304;MG;DCA-Anexo I-C;Padrão;Receitas Brutas Realizadas;RO1.3.2.1.00.1.0;1.3.2.1.00.1.0 - Remuneração de Depósitos Bancários;352629,27;15181
2021;Prefeitura Municipal de Areado - MG;3104304;MG;DCA-Anexo I-C;Padrão;Receitas Brutas Realizadas;RO1.6.0.0.00.0.0;1.6.0.0.00.0.0 - Receita de Serviços;64549,60;15181
2021;Prefeitura Municipal de Areado - MG;3104304;MG;DCA-Anexo I-C;Padrão;Receitas Brutas Realizadas;RO1.6.1.0.00.0.0;1.6.1.0.00.0.0 - Serviços Administrativos e Comerciais Gerais;14481,17;15181
2021;Prefeitura Municipal de Areado - MG;3104304;MG;DCA-Anexo I-C;Padrão;Receitas Brutas Realizadas;RO1.6.1.0.02.0.0;1.6.1.0.02.0.0 - Inscrição em Concursos e Processos Seletivos;5780,01;15181
2021;Prefeitura Municipal de Areado - MG;3104304;MG;DCA-Anexo I-C;Padrão;Receitas Brutas Realizadas;RO1.6.1.0.03.0.0;1.6.1.0.03.0.0 - Serviços de Registro, Certificação e Fiscalização;8701,16;15181
2021;Prefeitura Municipal de Areado - MG;3104304;MG;DCA-Anexo I-C;Padrão;Receitas Brutas Realizadas;RO1.6.9.0.00.0.0;1.6.9.0.00.0.0 - Outros Serviços;50068,43;15181
2021;Prefeitura Municipal de Areado - MG;3104304;MG;DCA-Anexo I-C;Padrão;Receitas Brutas Realizadas;RO1.6.9.0.99.0.0;1.6.9.0.99.0.0 - Outros Serviços;50068,43;15181
2021;Prefeitura Municipal de Areado - MG;3104304;MG;DCA-Anexo I-C;Padrão;Receitas Brutas Realizadas;RO1.7.0.0.00.0.0;1.7.0.0.00.0.0 - Transferências Correntes;44307325,17;15181
2021;Prefeitura Municipal de Areado - MG;3104304;MG;DCA-Anexo I-C;Padrão;Deduções - FUNDEB;RO1.7.0.0.00.0.0;1.7.0.0.00.0.0 - Transferências Correntes;5614617,42;15181
2021;Prefeitura Municipal de Areado - MG;3104304;MG;DCA-Anexo I-C;Padrão;Outras Deduções da Receita;RO1.7.0.0.00.0.0;1.7.0.0.00.0.0 - Transferências Correntes;5545,62;15181
2021;Prefeitura Municipal de Areado - MG;3104304;MG;DCA-Anexo I-C;Padrão;Receitas Brutas Realizadas;RO1.7.1.0.00.0.0;1.7.1.0.00.0.0 - Transferências da União e de suas Entidades;25595163,20;15181
2021;Prefeitura Municipal de Areado - MG;3104304;MG;DCA-Anexo I-C;Padrão;Deduções - FUNDEB;RO1.7.1.0.00.0.0;1.7.1.0.00.0.0 - Transferências da União e de suas Entidades;3789475,27;15181
2021;Prefeitura Municipal de Areado - MG;3104304;MG;DCA-Anexo I-C;Padrão;Receitas Brutas Realizadas;RO1.7.1.8.00.0.0;1.7.1.8.00.0.0 - Transferências da União - Específicas de Estados, DF e Municípios;25595163,20;15181
2021;Prefeitura Municipal de Areado - MG;3104304;MG;DCA-Anexo I-C;Padrão;Deduções - FUNDEB;RO1.7.1.8.00.0.0;1.7.1.8.00.0.0 - Transferências da União - Específicas de Estados, DF e Municípios;3789475,27;15181
2021;Prefeitura Municipal de Areado - MG;3104304;MG;DCA-Anexo I-C;Padrão;Receitas Brutas Realizadas;RO1.7.1.8.01.0.0;1.7.1.8.01.0.0 - Participação na Receita da União;20506917,59;15181
2021;Prefeitura Municipal de Areado - MG;3104304;MG;DCA-Anexo I-C;Padrão;Deduções - FUNDEB;RO1.7.1.8.01.0.0;1.7.1.8.01.0.0 - Participação na Receita da União;3789475,27;15181
2021;Prefeitura Municipal de Areado - MG;3104304;MG;DCA-Anexo I-C;Padrão;Receitas Brutas Realizadas;RO1.7.1.8.01.2.0;1.7.1.8.01.2.0 - Cota-Parte do Fundo de Participação dos Municípios - Cota Mensal;18892187,24;15181
2021;Prefeitura Municipal de Areado - MG;3104304;MG;DCA-Anexo I-C;Padrão;Deduções - FUNDEB;RO1.7.1.8.01.2.0;1.7.1.8.01.2.0 - Cota-Parte do Fundo de Participação dos Municípios - Cota Mensal;3778437,15;15181
2021;Prefeitura Municipal de Areado - MG;3104304;MG;DCA-Anexo I-C;Padrão;Receitas Brutas Realizadas;RO1.7.1.8.01.3.0;1.7.1.8.01.3.0 - Cota-Parte do Fundo de Participação do Municípios ¿ 1% Cota entregue no mês de dezembro;828067,64;15181
2021;Prefeitura Municipal de Areado - MG;3104304;MG;DCA-Anexo I-C;Padrão;Receitas Brutas Realizadas;RO1.7.1.8.01.4.0;1.7.1.8.01.4.0 - Cota-Parte do Fundo de Participação dos Municípios - 1% Cota entregue no mês de julho;731471,51;15181
2021;Prefeitura Municipal de Areado - MG;3104304;MG;DCA-Anexo I-C;Padrão;Receitas Brutas Realizadas;RO1.7.1.8.01.5.0;1.7.1.8.01.5.0 - Cota-Parte do Imposto Sobre a Propriedade Territorial Rural;55191,20;15181
2021;Prefeitura Municipal de Areado - MG;3104304;MG;DCA-Anexo I-C;Padrão;Deduções - FUNDEB;RO1.7.1.8.01.5.0;1.7.1.8.01.5.0 - Cota-Parte do Imposto Sobre a Propriedade Territorial Rural;11038,12;15181
2021;Prefeitura Municipal de Areado - MG;3104304;MG;DCA-Anexo I-C;Padrão;Receitas Brutas Realizadas;RO1.7.1.8.02.0.0;1.7.1.8.02.0.0 - Transferência da Compensação Financeira pela Exploração de Recursos Naturais;1447077,11;15181
2021;Prefeitura Municipal de Areado - MG;3104304;MG;DCA-Anexo I-C;Padrão;Receitas Brutas Realizadas;RO1.7.1.8.02.1.0;1.7.1.8.02.1.0 - Cota-parte da Compensação Financeira de Recursos Hídricos;1081881,23;15181
2021;Prefeitura Municipal de Areado - MG;3104304;MG;DCA-Anexo I-C;Padrão;Receitas Brutas Realizadas;RO1.7.1.8.02.6.0;1.7.1.8.02.6.0 - Cota-Parte do Fundo Especial do Petróleo ¿ FEP;365195,88;15181
2021;Prefeitura Municipal de Areado - MG;3104304;MG;DCA-Anexo I-C;Padrão;Receitas Brutas Realizadas;RO1.7.1.8.03.0.0;1.7.1.8.03.0.0 - Transferência de Recursos do Sistema Único de Saúde ¿ SUS ¿ Repasses Fundo a Fundo - Bloco de Manutenção das Ações e Serviços Públicos de Saúde;2651990,28;15181
2021;Prefeitura Municipal de Areado - MG;3104304;MG;DCA-Anexo I-C;Padrão;Receitas Brutas Realizadas;RO1.7.1.8.03.1.0;1.7.1.8.03.1.0 - Transferência de Recursos do SUS ¿ Atenção Primária;2296566,24;15181
2021;Prefeitura Municipal de Areado - MG;3104304;MG;DCA-Anexo I-C;Padrão;Receitas Brutas Realizadas;RO1.7.1.8.03.3.0;1.7.1.8.03.3.0 - Transferência de Recursos do SUS ¿ Vigilância em Saúde;200212,80;15181
2021;Prefeitura Municipal de Areado - MG;3104304;MG;DCA-Anexo I-C;Padrão;Receitas Brutas Realizadas;RO1.7.1.8.03.4.0;1.7.1.8.03.4.0 - Transferência de Recursos do SUS ¿ Assistência Farmacêutica;88913,04;15181
2021;Prefeitura Municipal de Areado - MG;3104304;MG;DCA-Anexo I-C;Padrão;Receitas Brutas Realizadas;RO1.7.1.8.03.9.0;1.7.1.8.03.9.0 - Transferência de Recursos do SUS ¿ Outros Programas Financiados por Transferências Fundo a Fundo;66298,20;15181
2021;Prefeitura Municipal de Areado - MG;3104304;MG;DCA-Anexo I-C;Padrão;Receitas Brutas Realizadas;RO1.7.1.8.05.0.0;1.7.1.8.05.0.0 - Transferências de Recursos do Fundo Nacional do Desenvolvimento da Educação ¿ FNDE;702001,17;15181
2021;Prefeitura Municipal de Areado - MG;3104304;MG;DCA-Anexo I-C;Padrão;Receitas Brutas Realizadas;RO1.7.1.8.05.1.0;1.7.1.8.05.1.0 - Transferências do Salário-Educação;399348,27;15181
2021;Prefeitura Municipal de Areado - MG;3104304;MG;DCA-Anexo I-C;Padrão;Receitas Brutas Realizadas;RO1.7.1.8.05.2.0;1.7.1.8.05.2.0 - Transferências Diretas do FNDE referentes ao Programa Dinheiro Direto na Escola ¿ PDDE;1840,00;15181
2021;Prefeitura Municipal de Areado - MG;3104304;MG;DCA-Anexo I-C;Padrão;Receitas Brutas Realizadas;RO1.7.1.8.05.3.0;1.7.1.8.05.3.0 - Transferências Diretas do FNDE referentes ao Programa Nacional de Alimentação Escolar ¿ PNAE;157113,00;15181
2021;Prefeitura Municipal de Areado - MG;3104304;MG;DCA-Anexo I-C;Padrão;Receitas Brutas Realizadas;RO1.7.1.8.05.4.0;1.7.1.8.05.4.0 - Transferências Diretas do FNDE referentes ao Programa Nacional de Apoio ao Transporte do Escolar ¿ PNATE;63322,11;15181
2021;Prefeitura Municipal de Areado - MG;3104304;MG;DCA-Anexo I-C;Padrão;Receitas Brutas Realizadas;RO1.7.1.8.05.9.0;1.7.1.8.05.9.0 - Outras Transferências Diretas do Fundo Nacional do Desenvolvimento da Educação ¿ FNDE;80377,79;15181
2021;Prefeitura Municipal de Areado - MG;3104304;MG;DCA-Anexo I-C;Padrão;Receitas Brutas Realizadas;RO1.7.1.8.12.0.0;1.7.1.8.12.0.0 - Transferências de Recursos do Fundo Nacional de Assistência Social ¿ FNAS;233036,39;15181
2021;Prefeitura Municipal de Areado - MG;3104304;MG;DCA-Anexo I-C;Padrão;Receitas Brutas Realizadas;RO1.7.1.8.99.0.0;1.7.1.8.99.0.0 - Outras Transferências da União;54140,66;15181
2021;Prefeitura Municipal de Areado - MG;3104304;MG;DCA-Anexo I-C;Padrão;Receitas Brutas Realizadas;RO1.7.2.0.00.0.0;1.7.2.0.00.0.0 - Transferências dos Estados e do Distrito Federal e de suas Entidades;10975960,35;15181
2021;Prefeitura Municipal de Areado - MG;3104304;MG;DCA-Anexo I-C;Padrão;Deduções - FUNDEB;RO1.7.2.0.00.0.0;1.7.2.0.00.0.0 - Transferências dos Estados e do Distrito Federal e de suas Entidades;1825142,15;15181
2021;Prefeitura Municipal de Areado - MG;3104304;MG;DCA-Anexo I-C;Padrão;Receitas Brutas Realizadas;RO1.7.2.8.00.0.0;1.7.2.8.00.0.0 - Transferências dos Estados - Específicas de Estados, DF e Municípios;10975960,35;15181
2021;Prefeitura Municipal de Areado - MG;3104304;MG;DCA-Anexo I-C;Padrão;Deduções - FUNDEB;RO1.7.2.8.00.0.0;1.7.2.8.00.0.0 - Transferências dos Estados - Específicas de Estados, DF e Municípios;1825142,15;15181
2021;Prefeitura Municipal de Areado - MG;3104304;MG;DCA-Anexo I-C;Padrão;Receitas Brutas Realizadas;RO1.7.2.8.01.0.0;1.7.2.8.01.0.0 - Participação na Receita dos Estados;9136036,17;15181
2021;Prefeitura Municipal de Areado - MG;3104304;MG;DCA-Anexo I-C;Padrão;Deduções - FUNDEB;RO1.7.2.8.01.0.0;1.7.2.8.01.0.0 - Participação na Receita dos Estados;1825142,15;15181
2021;Prefeitura Municipal de Areado - MG;3104304;MG;DCA-Anexo I-C;Padrão;Receitas Brutas Realizadas;RO1.7.2.8.01.1.0;1.7.2.8.01.1.0 - Cota-Parte do ICMS;7184847,51;15181
2021;Prefeitura Municipal de Areado - MG;3104304;MG;DCA-Anexo I-C;Padrão;Deduções - FUNDEB;RO1.7.2.8.01.1.0;1.7.2.8.01.1.0 - Cota-Parte do ICMS;1436969,16;15181
2021;Prefeitura Municipal de Areado - MG;3104304;MG;DCA-Anexo I-C;Padrão;Receitas Brutas Realizadas;RO1.7.2.8.01.2.0;1.7.2.8.01.2.0 - Cota-Parte do IPVA;1860565,79;15181
2021;Prefeitura Municipal de Areado - MG;3104304;MG;DCA-Anexo I-C;Padrão;Deduções - FUNDEB;RO1.7.2.8.01.2.0;1.7.2.8.01.2.0 - Cota-Parte do IPVA;372111,94;15181
2021;Prefeitura Municipal de Areado - MG;3104304;MG;DCA-Anexo I-C;Padrão;Receitas Brutas Realizadas;RO1.7.2.8.01.3.0;1.7.2.8.01.3.0 - Cota-Parte do IPI - Municípios;80305,16;15181
2021;Prefeitura Municipal de Areado - MG;3104304;MG;DCA-Anexo I-C;Padrão;Deduções - FUNDEB;RO1.7.2.8.01.3.0;1.7.2.8.01.3.0 - Cota-Parte do IPI - Municípios;16061,05;15181
2021;Prefeitura Municipal de Areado - MG;3104304;MG;DCA-Anexo I-C;Padrão;Receitas Brutas Realizadas;RO1.7.2.8.01.4.0;1.7.2.8.01.4.0 - Cota-Parte da Contribuição de Intervenção no Domínio Econômico;10317,71;15181
2021;Prefeitura Municipal de Areado - MG;3104304;MG;DCA-Anexo I-C;Padrão;Receitas Brutas Realizadas;RO1.7.2.8.03.0.0;1.7.2.8.03.0.0 - Transferência de Recursos do Estado para Programas de Saúde ¿ Repasse Fundo a Fundo;1557200,53;15181
2021;Prefeitura Municipal de Areado - MG;3104304;MG;DCA-Anexo I-C;Padrão;Receitas Brutas Realizadas;RO1.7.2.8.07.0.0;1.7.2.8.07.0.0 - Transferências de Estados destinadas à Assistência Social;53908,80;15181
2021;Prefeitura Municipal de Areado - MG;3104304;MG;DCA-Anexo I-C;Padrão;Receitas Brutas Realizadas;RO1.7.2.8.99.0.0;1.7.2.8.99.0.0 - Outras Transferências dos Estados;228814,85;15181
2021;Prefeitura Municipal de Areado - MG;3104304;MG;DCA-Anexo I-C;Padrão;Receitas Brutas Realizadas;RO1.7.5.0.00.0.0;1.7.5.0.00.0.0 - Transferências de Outras Instituições Públicas;7736201,62;15181
2021;Prefeitura Municipal de Areado - MG;3104304;MG;DCA-Anexo I-C;Padrão;Outras Deduções da Receita;RO1.7.5.0.00.0.0;1.7.5.0.00.0.0 - Transferências de Outras Instituições Públicas;5545,62;15181
2021;Prefeitura Municipal de Areado - MG;3104304;MG;DCA-Anexo I-C;Padrão;Receitas Brutas Realizadas;RO1.7.5.8.00.0.0;1.7.5.8.00.0.0 - Transferências de Outras Instituições Públicas - Específicas de Estados, DF e Municípios;7736201,62;15181
2021;Prefeitura Municipal de Areado - MG;3104304;MG;DCA-Anexo I-C;Padrão;Outras Deduções da Receita;RO1.7.5.8.00.0.0;1.7.5.8.00.0.0 - Transferências de Outras Instituições Públicas - Específicas de Estados, DF e Municípios;5545,62;15181
2021;Prefeitura Municipal de Areado - MG;3104304;MG;DCA-Anexo I-C;Padrão;Receitas Brutas Realizadas;RO1.7.5.8.01.0.0;1.7.5.8.01.0.0 - Transferências de Recursos do Fundo de Manutenção e Desenvolvimento da Educação Básica e de Valorização dos Profissionais da Educação ¿ FUNDEB;7736201,62;15181
2021;Prefeitura Municipal de Areado - MG;3104304;MG;DCA-Anexo I-C;Padrão;Outras Deduções da Receita;RO1.7.5.8.01.0.0;1.7.5.8.01.0.0 - Transferências de Recursos do Fundo de Manutenção e Desenvolvimento da Educação Básica e de Valorização dos Profissionais da Educação ¿ FUNDEB;5545,62;15181
2021;Prefeitura Municipal de Areado - MG;3104304;MG;DCA-Anexo I-C;Padrão;Receitas Brutas Realizadas;RO1.9.0.0.00.0.0;1.9.0.0.00.0.0 - Outras Receitas Correntes;151868,49;15181
2021;Prefeitura Municipal de Areado - MG;3104304;MG;DCA-Anexo I-C;Padrão;Receitas Brutas Realizadas;RO1.9.1.0.00.0.0;1.9.1.0.00.0.0 - Multas Administrativas, Contratuais e Judiciais;10811,10;15181
2021;Prefeitura Municipal de Areado - MG;3104304;MG;DCA-Anexo I-C;Padrão;Receitas Brutas Realizadas;RO1.9.1.0.01.0.0;1.9.1.0.01.0.0 - Multas Previstas em Legislação Específica;10811,10;15181
2021;Prefeitura Municipal de Areado - MG;3104304;MG;DCA-Anexo I-C;Padrão;Receitas Brutas Realizadas;RO1.9.2.0.00.0.0;1.9.2.0.00.0.0 - Indenizações, Restituições e Ressarcimentos;87749,65;15181
2021;Prefeitura Municipal de Areado - MG;3104304;MG;DCA-Anexo I-C;Padrão;Receitas Brutas Realizadas;RO1.9.2.2.00.0.0;1.9.2.2.00.0.0 - Restituições;87749,65;15181
2021;Prefeitura Municipal de Areado - MG;3104304;MG;DCA-Anexo I-C;Padrão;Receitas Brutas Realizadas;RO1.9.2.2.01.0.0;1.9.2.2.01.0.0 - Restituição de Convênios;61249,76;15181
2021;Prefeitura Municipal de Areado - MG;3104304;MG;DCA-Anexo I-C;Padrão;Receitas Brutas Realizadas;RO1.9.2.2.99.0.0;1.9.2.2.99.0.0 - Outras Restituições;26499,89;15181
2021;Prefeitura Municipal de Areado - MG;3104304;MG;DCA-Anexo I-C;Padrão;Receitas Brutas Realizadas;RO1.9.9.0.00.0.0;1.9.9.0.00.0.0 - Demais Receitas Correntes;53307,74;15181
2021;Prefeitura Municipal de Areado - MG;3104304;MG;DCA-Anexo I-C;Padrão;Receitas Brutas Realizadas;RO1.9.9.0.99.0.0;1.9.9.0.99.0.0 - Outras Receitas;53307,74;15181
2021;Prefeitura Municipal de Areado - MG;3104304;MG;DCA-Anexo I-C;Padrão;Receitas Brutas Realizadas;RO1.9.9.0.99.1.0;1.9.9.0.99.1.0 - Outras Receitas - Primárias;53307,74;15181
2021;Prefeitura Municipal de Areado - MG;3104304;MG;DCA-Anexo I-C;Padrão;Receitas Brutas Realizadas;RO2.0.0.0.00.0.0;2.0.0.0.00.0.0 - Receitas de Capital;3298915,74;15181
2021;Prefeitura Municipal de Areado - MG;3104304;MG;DCA-Anexo I-C;Padrão;Receitas Brutas Realizadas;RO2.2.0.0.00.0.0;2.2.0.0.00.0.0 - Alienação de Bens;16328,44;15181
2021;Prefeitura Municipal de Areado - MG;3104304;MG;DCA-Anexo I-C;Padrão;Receitas Brutas Realizadas;RO2.2.2.0.00.0.0;2.2.2.0.00.0.0 - Alienação de Bens Imóveis;16328,44;15181
2021;Prefeitura Municipal de Areado - MG;3104304;MG;DCA-Anexo I-C;Padrão;Receitas Brutas Realizadas;RO2.4.0.0.00.0.0;2.4.0.0.00.0.0 - Transferências de Capital;3243364,16;15181
2021;Prefeitura Municipal de Areado - MG;3104304;MG;DCA-Anexo I-C;Padrão;Receitas Brutas Realizadas;RO2.4.1.0.00.0.0;2.4.1.0.00.0.0 - Transferências da União e de suas Entidades;1346185,28;15181
2021;Prefeitura Municipal de Areado - MG;3104304;MG;DCA-Anexo I-C;Padrão;Receitas Brutas Realizadas;RO2.4.1.8.00.0.0;2.4.1.8.00.0.0 - Transferências da União - Específicas de Estados, DF e Municípios;1346185,28;15181
2021;Prefeitura Municipal de Areado - MG;3104304;MG;DCA-Anexo I-C;Padrão;Receitas Brutas Realizadas;RO2.4.1.8.04.0.0;2.4.1.8.04.0.0 - Transferências de Recursos do Sistema Único de Saúde ¿ SUS - Fundo a Fundo - Bloco de Estruturação da Rede de Serviços Públicos de Saúde;209977,00;15181
2021;Prefeitura Municipal de Areado - MG;3104304;MG;DCA-Anexo I-C;Padrão;Receitas Brutas Realizadas;RO2.4.1.8.04.1.0;2.4.1.8.04.1.0 - Transferências de Recursos do Sistema Único de Saúde ¿ SUS Destinados à Atenção Primária;209977,00;15181
2021;Prefeitura Municipal de Areado - MG;3104304;MG;DCA-Anexo I-C;Padrão;Receitas Brutas Realizadas;RO2.4.1.8.10.0.0;2.4.1.8.10.0.0 - Transferência de Convênios da União e de suas Entidades;856208,28;15181
2021;Prefeitura Municipal de Areado - MG;3104304;MG;DCA-Anexo I-C;Padrão;Receitas Brutas Realizadas;RO2.4.1.8.10.2.0;2.4.1.8.10.2.0 - Transferências de Convênio da União destinadas a Programas de Educação;108232,09;15181
2021;Prefeitura Municipal de Areado - MG;3104304;MG;DCA-Anexo I-C;Padrão;Receitas Brutas Realizadas;RO2.4.1.8.10.9.0;2.4.1.8.10.9.0 - Outras Transferências de Convênios da União;747976,19;15181
2021;Prefeitura Municipal de Areado - MG;3104304;MG;DCA-Anexo I-C;Padrão;Receitas Brutas Realizadas;RO2.4.1.8.99.0.0;2.4.1.8.99.0.0 - Outras Transferências da União;280000,00;15181
2021;Prefeitura Municipal de Areado - MG;3104304;MG;DCA-Anexo I-C;Padrão;Receitas Brutas Realizadas;RO2.4.2.0.00.0.0;2.4.2.0.00.0.0 - Transferências dos Estados e do Distrito Federal e de suas Entidades;1897178,88;15181
2021;Prefeitura Municipal de Areado - MG;3104304;MG;DCA-Anexo I-C;Padrão;Receitas Brutas Realizadas;RO2.4.2.8.00.0.0;2.4.2.8.00.0.0 - Transferências dos Estados, Distrito Federal, e de suas Entidades;1897178,88;15181
2021;Prefeitura Municipal de Areado - MG;3104304;MG;DCA-Anexo I-C;Padrão;Receitas Brutas Realizadas;RO2.4.2.8.03.0.0;2.4.2.8.03.0.0 - Transferências de Recursos do Sistema Único de Saúde ¿ SUS;807178,88;15181
2021;Prefeitura Municipal de Areado - MG;3104304;MG;DCA-Anexo I-C;Padrão;Receitas Brutas Realizadas;RO2.4.2.8.99.0.0;2.4.2.8.99.0.0 - Outras Transferências dos Estados;1090000,00;15181
2021;Prefeitura Municipal de Areado - MG;3104304;MG;DCA-Anexo I-C;Padrão;Receitas Brutas Realizadas;RO2.9.0.0.00.0.0;2.9.0.0.00.0.0 - Outras Receitas de Capital;39223,14;15181
2021;Prefeitura Municipal de Areado - MG;3104304;MG;DCA-Anexo I-C;Padrão;Receitas Brutas Realizadas;RO2.9.9.0.00.0.0;2.9.9.0.00.0.0 - Demais Receitas de Capital;39223,14;15181
2021;Prefeitura Municipal de Areado - MG;3104304;MG;DCA-Anexo I-C;Padrão;Receitas Brutas Realizadas;RO2.9.9.0.00.1.0;2.9.9.0.00.1.0 - Demais Receitas de Capital;39223,14;15181
2021;Prefeitura Municipal de Areado - MG;3104304;MG;DCA-Anexo I-C;Padrão;Receitas Brutas Realizadas;TotalReceitas;TOTAL DAS RECEITAS (III) = (I + II);52088283,39;15181
2021;Prefeitura Municipal de Areado - MG;3104304;MG;DCA-Anexo I-C;Padrão;Deduções - FUNDEB;TotalReceitas;TOTAL DAS RECEITAS (III) = (I + II);5614617,42;15181
2021;Prefeitura Municipal de Areado - MG;3104304;MG;DCA-Anexo I-C;Padrão;Outras Deduções da Receita;TotalReceitas;TOTAL DAS RECEITAS (III) = (I + II);7952,43;15181
2022;Prefeitura Municipal de Areado - MG;3104304;MG;DCA-Anexo I-C;Padrão;Receitas Brutas Realizadas;ReceitasExcetoIntraOrcamentarias;RECEITAS (EXCETO INTRA-ORÇAMENTÁRIAS) (I);65883054,35;15288
2022;Prefeitura Municipal de Areado - MG;3104304;MG;DCA-Anexo I-C;Padrão;Deduções - FUNDEB;ReceitasExcetoIntraOrcamentarias;RECEITAS (EXCETO INTRA-ORÇAMENTÁRIAS) (I);6736803,04;15288
2022;Prefeitura Municipal de Areado - MG;3104304;MG;DCA-Anexo I-C;Padrão;Outras Deduções da Receita;ReceitasExcetoIntraOrcamentarias;RECEITAS (EXCETO INTRA-ORÇAMENTÁRIAS) (I);165,41;15288
2022;Prefeitura Municipal de Areado - MG;3104304;MG;DCA-Anexo I-C;Padrão;Receitas Brutas Realizadas;RO1.0.0.0.00.0.0;1.0.0.0.00.0.0 - Receitas Correntes;61533999,00;15288
2022;Prefeitura Municipal de Areado - MG;3104304;MG;DCA-Anexo I-C;Padrão;Deduções - FUNDEB;RO1.0.0.0.00.0.0;1.0.0.0.00.0.0 - Receitas Correntes;6736803,04;15288
2022;Prefeitura Municipal de Areado - MG;3104304;MG;DCA-Anexo I-C;Padrão;Outras Deduções da Receita;RO1.0.0.0.00.0.0;1.0.0.0.00.0.0 - Receitas Correntes;165,41;15288
2022;Prefeitura Municipal de Areado - MG;3104304;MG;DCA-Anexo I-C;Padrão;Receitas Brutas Realizadas;RO1.1.0.0.00.0.0;1.1.0.0.00.0.0 - Impostos, Taxas e Contribuições de Melhoria;5110838,58;15288
2022;Prefeitura Municipal de Areado - MG;3104304;MG;DCA-Anexo I-C;Padrão;Receitas Brutas Realizadas;RO1.1.1.0.00.0.0;1.1.1.0.00.0.0 - Impostos;4635768,25;15288
2022;Prefeitura Municipal de Areado - MG;3104304;MG;DCA-Anexo I-C;Padrão;Receitas Brutas Realizadas;RO1.1.1.2.00.0.0;1.1.1.2.00.0.0 - Impostos sobre o Patrimônio;1793910,10;15288
2022;Prefeitura Municipal de Areado - MG;3104304;MG;DCA-Anexo I-C;Padrão;Receitas Brutas Realizadas;RO1.1.1.2.50.0.0;1.1.1.2.50.0.0 - Imposto sobre a Propriedade Predial e Territorial Urbana;1114432,64;15288
2022;Prefeitura Municipal de Areado - MG;3104304;MG;DCA-Anexo I-C;Padrão;Receitas Brutas Realizadas;RO1.1.1.2.53.0.0;"1.1.1.2.53.0.0 - Impostos sobre Transmissão ""Inter Vivos"" de Bens Imóveis e de Direitos Reais sobre Imóveis";679477,46;15288
2022;Prefeitura Municipal de Areado - MG;3104304;MG;DCA-Anexo I-C;Padrão;Receitas Brutas Realizadas;RO1.1.1.3.00.0.0;1.1.1.3.00.0.0 - Impostos sobre a Renda e Proventos de Qualquer Natureza;1407473,76;15288
2022;Prefeitura Municipal de Areado - MG;3104304;MG;DCA-Anexo I-C;Padrão;Receitas Brutas Realizadas;RO1.1.1.3.03.0.0;1.1.1.3.03.0.0 - Imposto sobre a Renda - Retido na Fonte;1407473,76;15288
2022;Prefeitura Municipal de Areado - MG;3104304;MG;DCA-Anexo I-C;Padrão;Receitas Brutas Realizadas;RO1.1.1.3.03.1.0;1.1.1.3.03.1.0 - Imposto sobre a Renda - Retido na Fonte - Trabalho;1381278,16;15288
2022;Prefeitura Municipal de Areado - MG;3104304;MG;DCA-Anexo I-C;Padrão;Receitas Brutas Realizadas;RO1.1.1.3.03.4.0;1.1.1.3.03.4.0 - Imposto sobre a Renda - Retido na Fonte - Outros Rendimentos;26195,60;15288
2022;Prefeitura Municipal de Areado - MG;3104304;MG;DCA-Anexo I-C;Padrão;Receitas Brutas Realizadas;RO1.1.1.4.00.0.0;1.1.1.4.00.0.0 - Impostos sobre a Produção e Circulação de Mercadorias e Serviços;1434384,39;15288
2022;Prefeitura Municipal de Areado - MG;3104304;MG;DCA-Anexo I-C;Padrão;Receitas Brutas Realizadas;RO1.1.1.4.51.0.0;1.1.1.4.51.0.0 - Impostos sobre Serviços;1434384,39;15288
2022;Prefeitura Municipal de Areado - MG;3104304;MG;DCA-Anexo I-C;Padrão;Receitas Brutas Realizadas;RO1.1.1.4.51.1.0;1.1.1.4.51.1.0 - Imposto sobre Serviços de Qualquer Natureza - ISSQN;1434384,39;15288
2022;Prefeitura Municipal de Areado - MG;3104304;MG;DCA-Anexo I-C;Padrão;Receitas Brutas Realizadas;RO1.1.2.0.00.0.0;1.1.2.0.00.0.0 - Taxas;475070,33;15288
2022;Prefeitura Municipal de Areado - MG;3104304;MG;DCA-Anexo I-C;Padrão;Receitas Brutas Realizadas;RO1.1.2.1.00.0.0;1.1.2.1.00.0.0 - Taxas pelo Exercício do Poder de Polícia;421833,11;15288
2022;Prefeitura Municipal de Areado - MG;3104304;MG;DCA-Anexo I-C;Padrão;Receitas Brutas Realizadas;RO1.1.2.1.01.0.0;1.1.2.1.01.0.0 - Taxas de Inspeção, Controle e Fiscalização;367722,17;15288
2022;Prefeitura Municipal de Areado - MG;3104304;MG;DCA-Anexo I-C;Padrão;Receitas Brutas Realizadas;RO1.1.2.1.50.0.0;1.1.2.1.50.0.0 - Taxa de Fiscalização de Vigilância Sanitária;54110,94;15288
2022;Prefeitura Municipal de Areado - MG;3104304;MG;DCA-Anexo I-C;Padrão;Receitas Brutas Realizadas;RO1.1.2.2.00.0.0;1.1.2.2.00.0.0 - Taxas pela Prestação de Serviços;53237,22;15288
2022;Prefeitura Municipal de Areado - MG;3104304;MG;DCA-Anexo I-C;Padrão;Receitas Brutas Realizadas;RO1.1.2.2.01.0.0;1.1.2.2.01.0.0 - Taxas pela Prestação de Serviços;53237,22;15288
2022;Prefeitura Municipal de Areado - MG;3104304;MG;DCA-Anexo I-C;Padrão;Receitas Brutas Realizadas;RO1.3.0.0.00.0.0;1.3.0.0.00.0.0 - Receita Patrimonial;2230511,22;15288
2022;Prefeitura Municipal de Areado - MG;3104304;MG;DCA-Anexo I-C;Padrão;Receitas Brutas Realizadas;RO1.3.1.0.00.0.0;1.3.1.0.00.0.0 - Exploração do Patrimônio Imobiliário do Estado;708,71;15288
2022;Prefeitura Municipal de Areado - MG;3104304;MG;DCA-Anexo I-C;Padrão;Receitas Brutas Realizadas;RO1.3.1.1.00.0.0;1.3.1.1.00.0.0 - Exploração do Patrimônio Imobiliário do Estado;708,71;15288
2022;Prefeitura Municipal de Areado - MG;3104304;MG;DCA-Anexo I-C;Padrão;Receitas Brutas Realizadas;RO1.3.1.1.01.0.0;1.3.1.1.01.0.0 - Aluguéis, Arrendamentos, Foros, Laudêmios, Tarifas de Ocupação;708,71;15288
2022;Prefeitura Municipal de Areado - MG;3104304;MG;DCA-Anexo I-C;Padrão;Receitas Brutas Realizadas;RO1.3.1.1.01.1.0;1.3.1.1.01.1.0 - Aluguéis e Arrendamentos;708,71;15288
2022;Prefeitura Municipal de Areado - MG;3104304;MG;DCA-Anexo I-C;Padrão;Receitas Brutas Realizadas;RO1.3.2.0.00.0.0;1.3.2.0.00.0.0 - Valores Mobiliários;2229802,51;15288
2022;Prefeitura Municipal de Areado - MG;3104304;MG;DCA-Anexo I-C;Padrão;Receitas Brutas Realizadas;RO1.3.2.1.00.0.0;1.3.2.1.00.0.0 - Juros e Correções Monetárias;2229802,51;15288
2022;Prefeitura Municipal de Areado - MG;3104304;MG;DCA-Anexo I-C;Padrão;Receitas Brutas Realizadas;RO1.3.2.1.01.0.0;1.3.2.1.01.0.0 - Remuneração de Depósitos Bancários;2229802,51;15288
2022;Prefeitura Municipal de Areado - MG;3104304;MG;DCA-Anexo I-C;Padrão;Receitas Brutas Realizadas;RO1.6.0.0.00.0.0;1.6.0.0.00.0.0 - Receita de Serviços;60097,96;15288
2022;Prefeitura Municipal de Areado - MG;3104304;MG;DCA-Anexo I-C;Padrão;Receitas Brutas Realizadas;RO1.6.1.0.00.0.0;1.6.1.0.00.0.0 - Serviços Administrativos e Comerciais Gerais;7199,50;15288
2022;Prefeitura Municipal de Areado - MG;3104304;MG;DCA-Anexo I-C;Padrão;Receitas Brutas Realizadas;RO1.6.1.1.00.0.0;1.6.1.1.00.0.0 - Serviços Administrativos e Comerciais Gerais;7199,50;15288
2022;Prefeitura Municipal de Areado - MG;3104304;MG;DCA-Anexo I-C;Padrão;Receitas Brutas Realizadas;RO1.6.1.1.02.0.0;1.6.1.1.02.0.0 - Inscrição em Concursos e Processos Seletivos;765,00;15288
2022;Prefeitura Municipal de Areado - MG;3104304;MG;DCA-Anexo I-C;Padrão;Receitas Brutas Realizadas;RO1.6.1.1.03.0.0;1.6.1.1.03.0.0 - Serviços de Registro, Certificação e Fiscalização;6434,50;15288
2022;Prefeitura Municipal de Areado - MG;3104304;MG;DCA-Anexo I-C;Padrão;Receitas Brutas Realizadas;RO1.6.9.0.00.0.0;1.6.9.0.00.0.0 - Outros Serviços;52898,46;15288
2022;Prefeitura Municipal de Areado - MG;3104304;MG;DCA-Anexo I-C;Padrão;Receitas Brutas Realizadas;RO1.7.0.0.00.0.0;1.7.0.0.00.0.0 - Transferências Correntes;53846207,05;15288
2022;Prefeitura Municipal de Areado - MG;3104304;MG;DCA-Anexo I-C;Padrão;Deduções - FUNDEB;RO1.7.0.0.00.0.0;1.7.0.0.00.0.0 - Transferências Correntes;6736803,04;15288
2022;Prefeitura Municipal de Areado - MG;3104304;MG;DCA-Anexo I-C;Padrão;Outras Deduções da Receita;RO1.7.0.0.00.0.0;1.7.0.0.00.0.0 - Transferências Correntes;165,41;15288
2022;Prefeitura Municipal de Areado - MG;3104304;MG;DCA-Anexo I-C;Padrão;Receitas Brutas Realizadas;RO1.7.1.0.00.0.0;1.7.1.0.00.0.0 - Transferências da União e de suas Entidades;31643521,91;15288
2022;Prefeitura Municipal de Areado - MG;3104304;MG;DCA-Anexo I-C;Padrão;Deduções - FUNDEB;RO1.7.1.0.00.0.0;1.7.1.0.00.0.0 - Transferências da União e de suas Entidades;4734512,44;15288
2022;Prefeitura Municipal de Areado - MG;3104304;MG;DCA-Anexo I-C;Padrão;Receitas Brutas Realizadas;RO1.7.1.1.00.0.0;1.7.1.1.00.0.0 - Transferências Decorrentes de Participação na Receita da União;25791099,30;15288
2022;Prefeitura Municipal de Areado - MG;3104304;MG;DCA-Anexo I-C;Padrão;Deduções - FUNDEB;RO1.7.1.1.00.0.0;1.7.1.1.00.0.0 - Transferências Decorrentes de Participação na Receita da União;4722936,95;15288
2022;Prefeitura Municipal de Areado - MG;3104304;MG;DCA-Anexo I-C;Padrão;Receitas Brutas Realizadas;RO1.7.1.1.51.0.0;1.7.1.1.51.0.0 -Cota-Parte do Fundo de Participação dos Municípios - FPM;25717324,59;15288
2022;Prefeitura Municipal de Areado - MG;3104304;MG;DCA-Anexo I-C;Padrão;Deduções - FUNDEB;RO1.7.1.1.51.0.0;1.7.1.1.51.0.0 -Cota-Parte do Fundo de Participação dos Municípios - FPM;4708182,11;15288
2022;Prefeitura Municipal de Areado - MG;3104304;MG;DCA-Anexo I-C;Padrão;Receitas Brutas Realizadas;RO1.7.1.1.51.1.0;1.7.1.1.51.1.0 - Cota-Parte do Fundo de Participação dos Municípios - Cota Mensal;23540911,93;15288
2022;Prefeitura Municipal de Areado - MG;3104304;MG;DCA-Anexo I-C;Padrão;Deduções - FUNDEB;RO1.7.1.1.51.1.0;1.7.1.1.51.1.0 - Cota-Parte do Fundo de Participação dos Municípios - Cota Mensal;4708182,11;15288
2022;Prefeitura Municipal de Areado - MG;3104304;MG;DCA-Anexo I-C;Padrão;Receitas Brutas Realizadas;RO1.7.1.1.51.2.0;1.7.1.1.51.2.0 - Cota-Parte do Fundo de Participação do Municípios ¿ 1% Cota entregue no mês de dezembro;1207915,70;15288
2022;Prefeitura Municipal de Areado - MG;3104304;MG;DCA-Anexo I-C;Padrão;Receitas Brutas Realizadas;RO1.7.1.1.51.3.0;1.7.1.1.51.3.0 - Cota-Parte do Fundo de Participação dos Municípios - 1% Cota entregue no mês de julho;968496,96;15288
2022;Prefeitura Municipal de Areado - MG;3104304;MG;DCA-Anexo I-C;Padrão;Receitas Brutas Realizadas;RO1.7.1.1.52.0.0;1.7.1.1.52.0.0 - Cota-Parte do Imposto Sobre a Propriedade Territorial Rural;73774,71;15288
2022;Prefeitura Municipal de Areado - MG;3104304;MG;DCA-Anexo I-C;Padrão;Deduções - FUNDEB;RO1.7.1.1.52.0.0;1.7.1.1.52.0.0 - Cota-Parte do Imposto Sobre a Propriedade Territorial Rural;14754,84;15288
2022;Prefeitura Municipal de Areado - MG;3104304;MG;DCA-Anexo I-C;Padrão;Receitas Brutas Realizadas;RO1.7.1.2.00.0.0;1.7.1.2.00.0.0 -Transferências das Compensações Financeiras pela Exploração de Recursos Naturais;874409,25;15288
2022;Prefeitura Municipal de Areado - MG;3104304;MG;DCA-Anexo I-C;Padrão;Receitas Brutas Realizadas;RO1.7.1.2.52.0.0;1.7.1.2.52.0.0 - Cota-parte da Compensação Financeira pela Produção de Petróleo;569871,40;15288
2022;Prefeitura Municipal de Areado - MG;3104304;MG;DCA-Anexo I-C;Padrão;Receitas Brutas Realizadas;RO1.7.1.2.52.4.0;1.7.1.2.52.4.0 - Cota-Parte do Fundo Especial do Petróleo ¿ FEP;569871,40;15288
2022;Prefeitura Municipal de Areado - MG;3104304;MG;DCA-Anexo I-C;Padrão;Receitas Brutas Realizadas;RO1.7.1.2.99.0.0;1.7.1.2.99.0.0 - Outras Transferências decorrentes de Compensação Financeira pela Exploração de Recursos Naturais ;304537,85;15288
2022;Prefeitura Municipal de Areado - MG;3104304;MG;DCA-Anexo I-C;Padrão;Receitas Brutas Realizadas;RO1.7.1.3.00.0.0;1.7.1.3.00.0.0 -Transferências de Recursos do Sistema Único de Saúde ¿ SUS ;4009134,39;15288
2022;Prefeitura Municipal de Areado - MG;3104304;MG;DCA-Anexo I-C;Padrão;Receitas Brutas Realizadas;RO1.7.1.3.50.0.0;1.7.1.3.50.0.0 - Transferências de Recursos do Sistema Único de Saúde ¿ SUS ¿ Repasses Fundo a Fundo - Bloco de Manutenção das Ações e Serviços Públicos de Saúde;4009134,39;15288
2022;Prefeitura Municipal de Areado - MG;3104304;MG;DCA-Anexo I-C;Padrão;Receitas Brutas Realizadas;RO1.7.1.3.50.1.0;1.7.1.3.50.1.0 - Transferências de Recursos do Bloco de Manutenção das Ações e Serviços Públicos de Saúde ¿ Atenção Primária;3643787,79;15288
2022;Prefeitura Municipal de Areado - MG;3104304;MG;DCA-Anexo I-C;Padrão;Receitas Brutas Realizadas;RO1.7.1.3.50.3.0;1.7.1.3.50.3.0 - Transferências de Recursos do Bloco de Manutenção das Ações e Serviços Públicos de Saúde ¿ Vigilância em Saúde;256987,75;15288
2022;Prefeitura Municipal de Areado - MG;3104304;MG;DCA-Anexo I-C;Padrão;Receitas Brutas Realizadas;RO1.7.1.3.50.4.0;1.7.1.3.50.4.0 -Transferências de Recursos do Bloco de Manutenção das Ações e Serviços Públicos de Saúde ¿ Assistência Farmacêutica;104284,50;15288
2022;Prefeitura Municipal de Areado - MG;3104304;MG;DCA-Anexo I-C;Padrão;Receitas Brutas Realizadas;RO1.7.1.3.50.5.0;1.7.1.3.50.5.0 - Transferências de Recursos do Bloco de Manutenção das Ações e Serviços Públicos de Saúde ¿ Gestão do SUS;4074,35;15288
2022;Prefeitura Municipal de Areado - MG;3104304;MG;DCA-Anexo I-C;Padrão;Receitas Brutas Realizadas;RO1.7.1.4.00.0.0;1.7.1.4.00.0.0 -Transferências de Recursos do Fundo Nacional do Desenvolvimento da Educação ¿ FNDE¿ ;642150,52;15288
2022;Prefeitura Municipal de Areado - MG;3104304;MG;DCA-Anexo I-C;Padrão;Receitas Brutas Realizadas;RO1.7.1.4.50.0.0;1.7.1.4.50.0.0 - Transferências do Salário-Educação;482861,32;15288
2022;Prefeitura Municipal de Areado - MG;3104304;MG;DCA-Anexo I-C;Padrão;Receitas Brutas Realizadas;RO1.7.1.4.52.0.0;1.7.1.4.52.0.0 - Transferências referentes ao Programa Nacional de Alimentação Escolar ¿ PNAE;132248,00;15288
2022;Prefeitura Municipal de Areado - MG;3104304;MG;DCA-Anexo I-C;Padrão;Receitas Brutas Realizadas;RO1.7.1.4.53.0.0;1.7.1.4.53.0.0 - Transferências referentes ao Programa Nacional de Apoio ao Transporte do Escolar ¿ PNATE;27041,20;15288
2022;Prefeitura Municipal de Areado - MG;3104304;MG;DCA-Anexo I-C;Padrão;Receitas Brutas Realizadas;RO1.7.1.6.00.0.0;1.7.1.6.00.0.0 - Transferências de Recursos do Fundo Nacional de Assistência Social ¿ FNAS;204522,50;15288
2022;Prefeitura Municipal de Areado - MG;3104304;MG;DCA-Anexo I-C;Padrão;Receitas Brutas Realizadas;RO1.7.1.9.00.0.0;1.7.1.9.00.0.0 - Outras Transferências de Recursos da União e de suas Entidades;122205,95;15288
2022;Prefeitura Municipal de Areado - MG;3104304;MG;DCA-Anexo I-C;Padrão;Deduções - FUNDEB;RO1.7.1.9.00.0.0;1.7.1.9.00.0.0 - Outras Transferências de Recursos da União e de suas Entidades;11575,49;15288
2022;Prefeitura Municipal de Areado - MG;3104304;MG;DCA-Anexo I-C;Padrão;Receitas Brutas Realizadas;RO1.7.1.9.99.0.0;1.7.1.9.99.0.0 - Outras Transferências de Recursos da União e de suas Entidades;122205,95;15288
2022;Prefeitura Municipal de Areado - MG;3104304;MG;DCA-Anexo I-C;Padrão;Deduções - FUNDEB;RO1.7.1.9.99.0.0;1.7.1.9.99.0.0 - Outras Transferências de Recursos da União e de suas Entidades;11575,49;15288
2022;Prefeitura Municipal de Areado - MG;3104304;MG;DCA-Anexo I-C;Padrão;Receitas Brutas Realizadas;RO1.7.2.0.00.0.0;1.7.2.0.00.0.0 - Transferências dos Estados e do Distrito Federal e de suas Entidades;13601321,62;15288
2022;Prefeitura Municipal de Areado - MG;3104304;MG;DCA-Anexo I-C;Padrão;Deduções - FUNDEB;RO1.7.2.0.00.0.0;1.7.2.0.00.0.0 - Transferências dos Estados e do Distrito Federal e de suas Entidades;2002290,60;15288
2022;Prefeitura Municipal de Areado - MG;3104304;MG;DCA-Anexo I-C;Padrão;Receitas Brutas Realizadas;RO1.7.2.1.00.0.0;1.7.2.1.00.0.0 - Participação na Receita dos Estados e Distrito Federal;10027523,92;15288
2022;Prefeitura Municipal de Areado - MG;3104304;MG;DCA-Anexo I-C;Padrão;Deduções - FUNDEB;RO1.7.2.1.00.0.0;1.7.2.1.00.0.0 - Participação na Receita dos Estados e Distrito Federal;2002290,60;15288
2022;Prefeitura Municipal de Areado - MG;3104304;MG;DCA-Anexo I-C;Padrão;Receitas Brutas Realizadas;RO1.7.2.1.50.0.0;1.7.2.1.50.0.0 - Cota-Parte do ICMS;7816055,39;15288
2022;Prefeitura Municipal de Areado - MG;3104304;MG;DCA-Anexo I-C;Padrão;Deduções - FUNDEB;RO1.7.2.1.50.0.0;1.7.2.1.50.0.0 - Cota-Parte do ICMS;1563210,75;15288
2022;Prefeitura Municipal de Areado - MG;3104304;MG;DCA-Anexo I-C;Padrão;Receitas Brutas Realizadas;RO1.7.2.1.51.0.0;1.7.2.1.51.0.0 - Cota-Parte do IPVA;2106959,71;15288
2022;Prefeitura Municipal de Areado - MG;3104304;MG;DCA-Anexo I-C;Padrão;Deduções - FUNDEB;RO1.7.2.1.51.0.0;1.7.2.1.51.0.0 - Cota-Parte do IPVA;421390,77;15288
2022;Prefeitura Municipal de Areado - MG;3104304;MG;DCA-Anexo I-C;Padrão;Receitas Brutas Realizadas;RO1.7.2.1.52.0.0;1.7.2.1.52.0.0 - Cota-Parte do IPI - Municípios;88445,27;15288
2022;Prefeitura Municipal de Areado - MG;3104304;MG;DCA-Anexo I-C;Padrão;Deduções - FUNDEB;RO1.7.2.1.52.0.0;1.7.2.1.52.0.0 - Cota-Parte do IPI - Municípios;17689,08;15288
2022;Prefeitura Municipal de Areado - MG;3104304;MG;DCA-Anexo I-C;Padrão;Receitas Brutas Realizadas;RO1.7.2.1.53.0.0;1.7.2.1.53.0.0 - Cota-Parte da Contribuição de Intervenção no Domínio Econômico;16063,55;15288
2022;Prefeitura Municipal de Areado - MG;3104304;MG;DCA-Anexo I-C;Padrão;Receitas Brutas Realizadas;RO1.7.2.2.00.0.0;1.7.2.2.00.0.0 - Transferências das Compensações Financeiras pela Exploração de Recursos Naturais;1127608,14;15288
2022;Prefeitura Municipal de Areado - MG;3104304;MG;DCA-Anexo I-C;Padrão;Receitas Brutas Realizadas;RO1.7.2.2.50.0.0;1.7.2.2.50.0.0 - Cota-parte da Compensação Financeira de Recursos Hídricos;1127608,14;15288
2022;Prefeitura Municipal de Areado - MG;3104304;MG;DCA-Anexo I-C;Padrão;Receitas Brutas Realizadas;RO1.7.2.3.00.0.0;1.7.2.3.00.0.0 - Transferências de Recursos do Sistema Único de Saúde ¿ SUS;1732446,06;15288
2022;Prefeitura Municipal de Areado - MG;3104304;MG;DCA-Anexo I-C;Padrão;Receitas Brutas Realizadas;RO1.7.2.9.00.0.0;1.7.2.9.00.0.0 - Outras Transferências dos Estados e Distrito Federal;713743,50;15288
2022;Prefeitura Municipal de Areado - MG;3104304;MG;DCA-Anexo I-C;Padrão;Receitas Brutas Realizadas;RO1.7.2.9.51.0.0;1.7.2.9.51.0.0 - Transferências de Estados destinadas à Assistência Social;84155,22;15288
2022;Prefeitura Municipal de Areado - MG;3104304;MG;DCA-Anexo I-C;Padrão;Receitas Brutas Realizadas;RO1.7.2.9.52.0.0;1.7.2.9.52.0.0 - Transferências de Recursos Destinados a Programas de Educação;371505,36;15288
2022;Prefeitura Municipal de Areado - MG;3104304;MG;DCA-Anexo I-C;Padrão;Receitas Brutas Realizadas;RO1.7.2.9.99.0.0;1.7.2.9.99.0.0 - Outras Transferências dos Estados e DF;258082,92;15288
2022;Prefeitura Municipal de Areado - MG;3104304;MG;DCA-Anexo I-C;Padrão;Receitas Brutas Realizadas;RO1.7.5.0.00.0.0;1.7.5.0.00.0.0 - Transferências de Outras Instituições Públicas;8601363,52;15288
2022;Prefeitura Municipal de Areado - MG;3104304;MG;DCA-Anexo I-C;Padrão;Outras Deduções da Receita;RO1.7.5.0.00.0.0;1.7.5.0.00.0.0 - Transferências de Outras Instituições Públicas;165,41;15288
2022;Prefeitura Municipal de Areado - MG;3104304;MG;DCA-Anexo I-C;Padrão;Receitas Brutas Realizadas;RO1.7.5.1.00.0.0;1.7.5.1.00.0.0 - Transferências de Recursos do Fundo de Manutenção e Desenvolvimento da Educação Básica e de Valorização dos Profissionais da Educação - FUNDEB;8601363,52;15288
2022;Prefeitura Municipal de Areado - MG;3104304;MG;DCA-Anexo I-C;Padrão;Outras Deduções da Receita;RO1.7.5.1.00.0.0;1.7.5.1.00.0.0 - Transferências de Recursos do Fundo de Manutenção e Desenvolvimento da Educação Básica e de Valorização dos Profissionais da Educação - FUNDEB;165,41;15288
2022;Prefeitura Municipal de Areado - MG;3104304;MG;DCA-Anexo I-C;Padrão;Receitas Brutas Realizadas;RO1.9.0.0.00.0.0;1.9.0.0.00.0.0 - Outras Receitas Correntes;286344,19;15288
2022;Prefeitura Municipal de Areado - MG;3104304;MG;DCA-Anexo I-C;Padrão;Receitas Brutas Realizadas;RO1.9.1.0.00.0.0;1.9.1.0.00.0.0 - Multas Administrativas, Contratuais e Judiciais;18305,04;15288
2022;Prefeitura Municipal de Areado - MG;3104304;MG;DCA-Anexo I-C;Padrão;Receitas Brutas Realizadas;RO1.9.1.1.00.0.0;1.9.1.1.00.0.0 - Multas Administrativas, Contratuais e Judiciais;18305,04;15288
2022;Prefeitura Municipal de Areado - MG;3104304;MG;DCA-Anexo I-C;Padrão;Receitas Brutas Realizadas;RO1.9.1.1.01.0.0;1.9.1.1.01.0.0 - Multas Previstas em Legislação Específica;18305,04;15288
2022;Prefeitura Municipal de Areado - MG;3104304;MG;DCA-Anexo I-C;Padrão;Receitas Brutas Realizadas;RO1.9.2.0.00.0.0;1.9.2.0.00.0.0 - Indenizações, Restituições e Ressarcimentos;222484,33;15288
2022;Prefeitura Municipal de Areado - MG;3104304;MG;DCA-Anexo I-C;Padrão;Receitas Brutas Realizadas;RO1.9.2.2.00.0.0;1.9.2.2.00.0.0 - Restituições;222484,33;15288
2022;Prefeitura Municipal de Areado - MG;3104304;MG;DCA-Anexo I-C;Padrão;Receitas Brutas Realizadas;RO1.9.2.2.99.0.0;1.9.2.2.99.0.0 - Outras Restituições;222484,33;15288
2022;Prefeitura Municipal de Areado - MG;3104304;MG;DCA-Anexo I-C;Padrão;Receitas Brutas Realizadas;RO1.9.4.0.00.0.0;1.9.4.0.00.0.0 - Multas e Juros de Mora das Receitas de Capital;40,33;15288
2022;Prefeitura Municipal de Areado - MG;3104304;MG;DCA-Anexo I-C;Padrão;Receitas Brutas Realizadas;RO1.9.4.2.00.0.0;1.9.4.2.00.0.0 - Multas e Juros de Mora das Alienações de Bens Imóveis;40,33;15288
2022;Prefeitura Municipal de Areado - MG;3104304;MG;DCA-Anexo I-C;Padrão;Receitas Brutas Realizadas;RO1.9.4.2.01.0.0;1.9.4.2.01.0.0 - Multas e Juros de Mora das Alienações de Bens Imóveis em Geral;40,33;15288
2022;Prefeitura Municipal de Areado - MG;3104304;MG;DCA-Anexo I-C;Padrão;Receitas Brutas Realizadas;RO1.9.9.0.00.0.0;1.9.9.0.00.0.0 - Demais Receitas Correntes;45514,49;15288
2022;Prefeitura Municipal de Areado - MG;3104304;MG;DCA-Anexo I-C;Padrão;Receitas Brutas Realizadas;RO1.9.9.9.00.0.0;1.9.9.9.00.0.0 - Outras Receitas Correntes;45514,49;15288
2022;Prefeitura Municipal de Areado - MG;3104304;MG;DCA-Anexo I-C;Padrão;Receitas Brutas Realizadas;RO1.9.9.9.99.0.0;1.9.9.9.99.0.0 - Outras Receitas;45514,49;15288
2022;Prefeitura Municipal de Areado - MG;3104304;MG;DCA-Anexo I-C;Padrão;Receitas Brutas Realizadas;RO1.9.9.9.99.2.0;1.9.9.9.99.2.0 - Outras Receitas Não Arrecadadas e Não Projetadas pela RFB - Primárias;45514,49;15288
2022;Prefeitura Municipal de Areado - MG;3104304;MG;DCA-Anexo I-C;Padrão;Receitas Brutas Realizadas;RO2.0.0.0.00.0.0;2.0.0.0.00.0.0 - Receitas de Capital;4349055,35;15288
2022;Prefeitura Municipal de Areado - MG;3104304;MG;DCA-Anexo I-C;Padrão;Receitas Brutas Realizadas;RO2.2.0.0.00.0.0;2.2.0.0.00.0.0 - Alienação de Bens;123308,43;15288
2022;Prefeitura Municipal de Areado - MG;3104304;MG;DCA-Anexo I-C;Padrão;Receitas Brutas Realizadas;RO2.2.1.0.00.0.0;2.2.1.0.00.0.0 - Alienação de Bens Móveis;117200,00;15288
2022;Prefeitura Municipal de Areado - MG;3104304;MG;DCA-Anexo I-C;Padrão;Receitas Brutas Realizadas;RO2.2.1.3.00.0.0;2.2.1.3.00.0.0 - Alienação de Bens Móveis e Semoventes;117200,00;15288
2022;Prefeitura Municipal de Areado - MG;3104304;MG;DCA-Anexo I-C;Padrão;Receitas Brutas Realizadas;RO2.2.2.0.00.0.0;2.2.2.0.00.0.0 - Alienação de Bens Imóveis;6108,43;15288
2022;Prefeitura Municipal de Areado - MG;3104304;MG;DCA-Anexo I-C;Padrão;Receitas Brutas Realizadas;RO2.4.0.0.00.0.0;2.4.0.0.00.0.0 - Transferências de Capital;4166921,62;15288
2022;Prefeitura Municipal de Areado - MG;3104304;MG;DCA-Anexo I-C;Padrão;Receitas Brutas Realizadas;RO2.4.1.0.00.0.0;2.4.1.0.00.0.0 - Transferências da União e de suas Entidades;286500,00;15288
2022;Prefeitura Municipal de Areado - MG;3104304;MG;DCA-Anexo I-C;Padrão;Receitas Brutas Realizadas;RO2.4.1.4.00.0.0;2.4.1.4.00.0.0 - Transferências de Convênios da União e de suas Entidades ;286500,00;15288
2022;Prefeitura Municipal de Areado - MG;3104304;MG;DCA-Anexo I-C;Padrão;Receitas Brutas Realizadas;RO2.4.1.4.99.0.0;2.4.1.4.99.0.0 - Outras Transferências de Convênios da União e de Suas Entidades;286500,00;15288
2022;Prefeitura Municipal de Areado - MG;3104304;MG;DCA-Anexo I-C;Padrão;Receitas Brutas Realizadas;RO2.4.2.0.00.0.0;2.4.2.0.00.0.0 - Transferências dos Estados e do Distrito Federal e de suas Entidades;3880421,62;15288
2022;Prefeitura Municipal de Areado - MG;3104304;MG;DCA-Anexo I-C;Padrão;Receitas Brutas Realizadas;RO2.4.2.1.00.0.0;2.4.2.1.00.0.0 - Transferências de Recursos do Sistema Único de Saúde ¿ SUS dos Estados e DF;681954,13;15288
2022;Prefeitura Municipal de Areado - MG;3104304;MG;DCA-Anexo I-C;Padrão;Receitas Brutas Realizadas;RO2.4.2.1.50.0.0;2.4.2.1.50.0.0 - Transferências de Recursos do Sistema Único de Saúde ¿ SUS;681954,13;15288
2022;Prefeitura Municipal de Areado - MG;3104304;MG;DCA-Anexo I-C;Padrão;Receitas Brutas Realizadas;RO2.4.2.2.00.0.0;2.4.2.2.00.0.0 - Transferências de Convênios dos Estados e DF e de Suas Entidades ;1393467,49;15288
2022;Prefeitura Municipal de Areado - MG;3104304;MG;DCA-Anexo I-C;Padrão;Receitas Brutas Realizadas;RO2.4.2.2.51.0.0;2.4.2.2.51.0.0 - Transferências de Convênios dos Estados destinadas a Programas de Educação;1062073,13;15288
2022;Prefeitura Municipal de Areado - MG;3104304;MG;DCA-Anexo I-C;Padrão;Receitas Brutas Realizadas;RO2.4.2.2.99.0.0;2.4.2.2.99.0.0 - Outras Transferências de Convênio dos Estados e DF e de Suas Entidades;331394,36;15288
2022;Prefeitura Municipal de Areado - MG;3104304;MG;DCA-Anexo I-C;Padrão;Receitas Brutas Realizadas;RO2.4.2.9.00.0.0;2.4.2.9.00.0.0 - Outras Transferências de Recursos dos Estados;1805000,00;15288
2022;Prefeitura Municipal de Areado - MG;3104304;MG;DCA-Anexo I-C;Padrão;Receitas Brutas Realizadas;RO2.4.2.9.99.0.0;2.4.2.9.99.0.0 - Outras Transferências de Recursos dos Estados;1805000,00;15288
2022;Prefeitura Municipal de Areado - MG;3104304;MG;DCA-Anexo I-C;Padrão;Receitas Brutas Realizadas;RO2.9.0.0.00.0.0;2.9.0.0.00.0.0 - Outras Receitas de Capital;58825,30;15288
2022;Prefeitura Municipal de Areado - MG;3104304;MG;DCA-Anexo I-C;Padrão;Receitas Brutas Realizadas;RO2.9.9.0.00.0.0;2.9.9.0.00.0.0 - Demais Receitas de Capital;58825,30;15288
2022;Prefeitura Municipal de Areado - MG;3104304;MG;DCA-Anexo I-C;Padrão;Receitas Brutas Realizadas;RO2.9.9.9.00.0.0;2.9.9.9.00.0.0 - Outras Receitas de Capital;58825,30;15288
2022;Prefeitura Municipal de Areado - MG;3104304;MG;DCA-Anexo I-C;Padrão;Receitas Brutas Realizadas;RO2.9.9.9.99.0.0;2.9.9.9.99.0.0 - Outras Receitas de Capital;58825,30;15288
2022;Prefeitura Municipal de Areado - MG;3104304;MG;DCA-Anexo I-C;Padrão;Receitas Brutas Realizadas;TotalReceitas;TOTAL DAS RECEITAS (III) = (I + II);65883054,35;15288
2022;Prefeitura Municipal de Areado - MG;3104304;MG;DCA-Anexo I-C;Padrão;Deduções - FUNDEB;TotalReceitas;TOTAL DAS RECEITAS (III) = (I + II);6736803,04;15288
2022;Prefeitura Municipal de Areado - MG;3104304;MG;DCA-Anexo I-C;Padrão;Outras Deduções da Receita;TotalReceitas;TOTAL DAS RECEITAS (III) = (I + II);165,41;15288
2023;Prefeitura Municipal de Areado - MG;3104304;MG;DCA-Anexo I-C;Padrão;Receitas Brutas Realizadas;ReceitasExcetoIntraOrcamentarias;RECEITAS (EXCETO INTRA-ORÇAMENTÁRIAS) (I);69054346,95;15288
2023;Prefeitura Municipal de Areado - MG;3104304;MG;DCA-Anexo I-C;Padrão;Deduções - FUNDEB;ReceitasExcetoIntraOrcamentarias;RECEITAS (EXCETO INTRA-ORÇAMENTÁRIAS) (I);7078119,35;15288
2023;Prefeitura Municipal de Areado - MG;3104304;MG;DCA-Anexo I-C;Padrão;Outras Deduções da Receita;ReceitasExcetoIntraOrcamentarias;RECEITAS (EXCETO INTRA-ORÇAMENTÁRIAS) (I);5815,91;15288
2023;Prefeitura Municipal de Areado - MG;3104304;MG;DCA-Anexo I-C;Padrão;Receitas Brutas Realizadas;RO1.0.0.0.00.0.0;1.0.0.0.00.0.0 - Receitas Correntes;64177259,75;15288
2023;Prefeitura Municipal de Areado - MG;3104304;MG;DCA-Anexo I-C;Padrão;Deduções - FUNDEB;RO1.0.0.0.00.0.0;1.0.0.0.00.0.0 - Receitas Correntes;7078119,35;15288
2023;Prefeitura Municipal de Areado - MG;3104304;MG;DCA-Anexo I-C;Padrão;Outras Deduções da Receita;RO1.0.0.0.00.0.0;1.0.0.0.00.0.0 - Receitas Correntes;5815,91;15288
2023;Prefeitura Municipal de Areado - MG;3104304;MG;DCA-Anexo I-C;Padrão;Receitas Brutas Realizadas;RO1.1.0.0.00.0.0;1.1.0.0.00.0.0 - Impostos, Taxas e Contribuições de Melhoria;5448316,16;15288
2023;Prefeitura Municipal de Areado - MG;3104304;MG;DCA-Anexo I-C;Padrão;Receitas Brutas Realizadas;RO1.1.1.0.00.0.0;1.1.1.0.00.0.0 - Impostos;5114363,13;15288
2023;Prefeitura Municipal de Areado - MG;3104304;MG;DCA-Anexo I-C;Padrão;Receitas Brutas Realizadas;RO1.1.1.2.00.0.0;1.1.1.2.00.0.0 - Impostos sobre o Patrimônio;1785432,05;15288
2023;Prefeitura Municipal de Areado - MG;3104304;MG;DCA-Anexo I-C;Padrão;Receitas Brutas Realizadas;RO1.1.1.2.50.0.0;1.1.1.2.50.0.0 - Imposto sobre a Propriedade Predial e Territorial Urbana;1032425,52;15288
2023;Prefeitura Municipal de Areado - MG;3104304;MG;DCA-Anexo I-C;Padrão;Receitas Brutas Realizadas;RO1.1.1.2.53.0.0;"1.1.1.2.53.0.0 - Impostos sobre Transmissão ""Inter Vivos"" de Bens Imóveis e de Direitos Reais sobre Imóveis";753006,53;15288
2023;Prefeitura Municipal de Areado - MG;3104304;MG;DCA-Anexo I-C;Padrão;Receitas Brutas Realizadas;RO1.1.1.3.00.0.0;1.1.1.3.00.0.0 - Impostos sobre a Renda e Proventos de Qualquer Natureza;1813137,28;15288
2023;Prefeitura Municipal de Areado - MG;3104304;MG;DCA-Anexo I-C;Padrão;Receitas Brutas Realizadas;RO1.1.1.3.03.0.0;1.1.1.3.03.0.0 - Imposto sobre a Renda - Retido na Fonte;1813137,28;15288
2023;Prefeitura Municipal de Areado - MG;3104304;MG;DCA-Anexo I-C;Padrão;Receitas Brutas Realizadas;RO1.1.1.3.03.1.0;1.1.1.3.03.1.0 - Imposto sobre a Renda - Retido na Fonte - Trabalho;1710898,10;15288
2023;Prefeitura Municipal de Areado - MG;3104304;MG;DCA-Anexo I-C;Padrão;Receitas Brutas Realizadas;RO1.1.1.3.03.4.0;1.1.1.3.03.4.0 - Imposto sobre a Renda - Retido na Fonte - Outros Rendimentos;102239,18;15288
2023;Prefeitura Municipal de Areado - MG;3104304;MG;DCA-Anexo I-C;Padrão;Receitas Brutas Realizadas;RO1.1.1.4.00.0.0;1.1.1.4.00.0.0 - Impostos sobre a Produção e Circulação de Mercadorias e Serviços;1515793,80;15288
2023;Prefeitura Municipal de Areado - MG;3104304;MG;DCA-Anexo I-C;Padrão;Receitas Brutas Realizadas;RO1.1.1.4.51.0.0;1.1.1.4.51.0.0 - Impostos sobre Serviços;1515793,80;15288
2023;Prefeitura Municipal de Areado - MG;3104304;MG;DCA-Anexo I-C;Padrão;Receitas Brutas Realizadas;RO1.1.1.4.51.1.0;1.1.1.4.51.1.0 - Imposto sobre Serviços de Qualquer Natureza - ISSQN;1515793,80;15288
2023;Prefeitura Municipal de Areado - MG;3104304;MG;DCA-Anexo I-C;Padrão;Receitas Brutas Realizadas;RO1.1.2.0.00.0.0;1.1.2.0.00.0.0 - Taxas;333953,03;15288
2023;Prefeitura Municipal de Areado - MG;3104304;MG;DCA-Anexo I-C;Padrão;Receitas Brutas Realizadas;RO1.1.2.1.00.0.0;1.1.2.1.00.0.0 - Taxas pelo Exercício do Poder de Polícia;319351,80;15288
2023;Prefeitura Municipal de Areado - MG;3104304;MG;DCA-Anexo I-C;Padrão;Receitas Brutas Realizadas;RO1.1.2.1.01.0.0;1.1.2.1.01.0.0 - Taxas de Inspeção, Controle e Fiscalização;267064,54;15288
2023;Prefeitura Municipal de Areado - MG;3104304;MG;DCA-Anexo I-C;Padrão;Receitas Brutas Realizadas;RO1.1.2.1.50.0.0;1.1.2.1.50.0.0 - Taxa de Fiscalização de Vigilância Sanitária;52287,26;15288
2023;Prefeitura Municipal de Areado - MG;3104304;MG;DCA-Anexo I-C;Padrão;Receitas Brutas Realizadas;RO1.1.2.2.00.0.0;1.1.2.2.00.0.0 - Taxas pela Prestação de Serviços;14601,23;15288
2023;Prefeitura Municipal de Areado - MG;3104304;MG;DCA-Anexo I-C;Padrão;Receitas Brutas Realizadas;RO1.1.2.2.01.0.0;1.1.2.2.01.0.0 - Taxas pela Prestação de Serviços em Geral;14601,23;15288
2023;Prefeitura Municipal de Areado - MG;3104304;MG;DCA-Anexo I-C;Padrão;Receitas Brutas Realizadas;RO1.2.0.0.00.0.0;1.2.0.0.00.0.0 - Contribuições;714,80;15288
2023;Prefeitura Municipal de Areado - MG;3104304;MG;DCA-Anexo I-C;Padrão;Receitas Brutas Realizadas;RO1.2.1.0.00.0.0;1.2.1.0.00.0.0 - Contribuições Sociais;714,80;15288
2023;Prefeitura Municipal de Areado - MG;3104304;MG;DCA-Anexo I-C;Padrão;Receitas Brutas Realizadas;RO1.2.1.5.00.0.0;1.2.1.5.00.0.0 - Contribuições para Regimes Próprios de Previdência e Sistema de Proteção Social;714,80;15288
2023;Prefeitura Municipal de Areado - MG;3104304;MG;DCA-Anexo I-C;Padrão;Receitas Brutas Realizadas;RO1.2.1.5.01.0.0;1.2.1.5.01.0.0 - Contribuição do Servidor Civil;714,80;15288
2023;Prefeitura Municipal de Areado - MG;3104304;MG;DCA-Anexo I-C;Padrão;Receitas Brutas Realizadas;RO1.2.1.5.01.1.0;1.2.1.5.01.1.0 - Contribuição do Servidor Civil Ativo;714,80;15288
2023;Prefeitura Municipal de Areado - MG;3104304;MG;DCA-Anexo I-C;Padrão;Receitas Brutas Realizadas;RO1.3.0.0.00.0.0;1.3.0.0.00.0.0 - Receita Patrimonial;2164938,87;15288
2023;Prefeitura Municipal de Areado - MG;3104304;MG;DCA-Anexo I-C;Padrão;Receitas Brutas Realizadas;RO1.3.1.0.00.0.0;1.3.1.0.00.0.0 - Exploração do Patrimônio Imobiliário do Estado;884,50;15288
2023;Prefeitura Municipal de Areado - MG;3104304;MG;DCA-Anexo I-C;Padrão;Receitas Brutas Realizadas;RO1.3.1.1.00.0.0;1.3.1.1.00.0.0 - Exploração do Patrimônio Imobiliário do Estado;884,50;15288
2023;Prefeitura Municipal de Areado - MG;3104304;MG;DCA-Anexo I-C;Padrão;Receitas Brutas Realizadas;RO1.3.1.1.01.0.0;1.3.1.1.01.0.0 - Aluguéis, Arrendamentos, Foros, Laudêmios, Tarifas de Ocupação;884,50;15288
2023;Prefeitura Municipal de Areado - MG;3104304;MG;DCA-Anexo I-C;Padrão;Receitas Brutas Realizadas;RO1.3.1.1.01.1.0;1.3.1.1.01.1.0 - Aluguéis e Arrendamentos;884,50;15288
2023;Prefeitura Municipal de Areado - MG;3104304;MG;DCA-Anexo I-C;Padrão;Receitas Brutas Realizadas;RO1.3.2.0.00.0.0;1.3.2.0.00.0.0 - Valores Mobiliários;2164054,37;15288
2023;Prefeitura Municipal de Areado - MG;3104304;MG;DCA-Anexo I-C;Padrão;Receitas Brutas Realizadas;RO1.3.2.1.00.0.0;1.3.2.1.00.0.0 - Juros e Correções Monetárias;2164054,37;15288
2023;Prefeitura Municipal de Areado - MG;3104304;MG;DCA-Anexo I-C;Padrão;Receitas Brutas Realizadas;RO1.3.2.1.01.0.0;1.3.2.1.01.0.0 - Remuneração de Depósitos Bancários;2164054,37;15288
2023;Prefeitura Municipal de Areado - MG;3104304;MG;DCA-Anexo I-C;Padrão;Receitas Brutas Realizadas;RO1.6.0.0.00.0.0;1.6.0.0.00.0.0 - Receita de Serviços;45244,41;15288
2023;Prefeitura Municipal de Areado - MG;3104304;MG;DCA-Anexo I-C;Padrão;Receitas Brutas Realizadas;RO1.6.1.0.00.0.0;1.6.1.0.00.0.0 - Serviços Administrativos e Comerciais Gerais;4905,10;15288
2023;Prefeitura Municipal de Areado - MG;3104304;MG;DCA-Anexo I-C;Padrão;Receitas Brutas Realizadas;RO1.6.1.1.00.0.0;1.6.1.1.00.0.0 - Serviços Administrativos e Comerciais Gerais;4905,10;15288
2023;Prefeitura Municipal de Areado - MG;3104304;MG;DCA-Anexo I-C;Padrão;Receitas Brutas Realizadas;RO1.6.1.1.03.0.0;1.6.1.1.03.0.0 - Serviços de Registro, Certificação e Fiscalização;4905,10;15288
2023;Prefeitura Municipal de Areado - MG;3104304;MG;DCA-Anexo I-C;Padrão;Receitas Brutas Realizadas;RO1.6.9.0.00.0.0;1.6.9.0.00.0.0 - Outros Serviços;40339,31;15288
2023;Prefeitura Municipal de Areado - MG;3104304;MG;DCA-Anexo I-C;Padrão;Receitas Brutas Realizadas;RO1.7.0.0.00.0.0;1.7.0.0.00.0.0 - Transferências Correntes;56129632,89;15288
2023;Prefeitura Municipal de Areado - MG;3104304;MG;DCA-Anexo I-C;Padrão;Deduções - FUNDEB;RO1.7.0.0.00.0.0;1.7.0.0.00.0.0 - Transferências Correntes;7078119,35;15288
2023;Prefeitura Municipal de Areado - MG;3104304;MG;DCA-Anexo I-C;Padrão;Outras Deduções da Receita;RO1.7.0.0.00.0.0;1.7.0.0.00.0.0 - Transferências Correntes;5815,91;15288
2023;Prefeitura Municipal de Areado - MG;3104304;MG;DCA-Anexo I-C;Padrão;Receitas Brutas Realizadas;RO1.7.1.0.00.0.0;1.7.1.0.00.0.0 - Transferências da União e de suas Entidades;33190672,10;15288
2023;Prefeitura Municipal de Areado - MG;3104304;MG;DCA-Anexo I-C;Padrão;Deduções - FUNDEB;RO1.7.1.0.00.0.0;1.7.1.0.00.0.0 - Transferências da União e de suas Entidades;4865052,44;15288
2023;Prefeitura Municipal de Areado - MG;3104304;MG;DCA-Anexo I-C;Padrão;Receitas Brutas Realizadas;RO1.7.1.1.00.0.0;1.7.1.1.00.0.0 - Transferências Decorrentes de Participação na Receita da União;26705186,87;15288
2023;Prefeitura Municipal de Areado - MG;3104304;MG;DCA-Anexo I-C;Padrão;Deduções - FUNDEB;RO1.7.1.1.00.0.0;1.7.1.1.00.0.0 - Transferências Decorrentes de Participação na Receita da União;4865052,44;15288
2023;Prefeitura Municipal de Areado - MG;3104304;MG;DCA-Anexo I-C;Padrão;Receitas Brutas Realizadas;RO1.7.1.1.51.0.0;1.7.1.1.51.0.0 -Cota-Parte do Fundo de Participação dos Municípios - FPM;26632766,76;15288
2023;Prefeitura Municipal de Areado - MG;3104304;MG;DCA-Anexo I-C;Padrão;Deduções - FUNDEB;RO1.7.1.1.51.0.0;1.7.1.1.51.0.0 -Cota-Parte do Fundo de Participação dos Municípios - FPM;4850568,52;15288
2023;Prefeitura Municipal de Areado - MG;3104304;MG;DCA-Anexo I-C;Padrão;Receitas Brutas Realizadas;RO1.7.1.1.51.1.0;1.7.1.1.51.1.0 - Cota-Parte do Fundo de Participação dos Municípios - Cota Mensal;24236308,84;15288
2023;Prefeitura Municipal de Areado - MG;3104304;MG;DCA-Anexo I-C;Padrão;Deduções - FUNDEB;RO1.7.1.1.51.1.0;1.7.1.1.51.1.0 - Cota-Parte do Fundo de Participação dos Municípios - Cota Mensal;4850568,52;15288
2023;Prefeitura Municipal de Areado - MG;3104304;MG;DCA-Anexo I-C;Padrão;Receitas Brutas Realizadas;RO1.7.1.1.51.2.0;1.7.1.1.51.2.0 - Cota-Parte do Fundo de Participação dos Municípios - Cotas Extraordinárias;2396457,92;15288
2023;Prefeitura Municipal de Areado - MG;3104304;MG;DCA-Anexo I-C;Padrão;Receitas Brutas Realizadas;RO1.7.1.1.52.0.0;1.7.1.1.52.0.0 - Cota-Parte do Imposto Sobre a Propriedade Territorial Rural;72420,11;15288
2023;Prefeitura Municipal de Areado - MG;3104304;MG;DCA-Anexo I-C;Padrão;Deduções - FUNDEB;RO1.7.1.1.52.0.0;1.7.1.1.52.0.0 - Cota-Parte do Imposto Sobre a Propriedade Territorial Rural;14483,92;15288
2023;Prefeitura Municipal de Areado - MG;3104304;MG;DCA-Anexo I-C;Padrão;Receitas Brutas Realizadas;RO1.7.1.2.00.0.0;1.7.1.2.00.0.0 -Transferências das Compensações Financeiras pela Exploração de Recursos Naturais;517278,51;15288
2023;Prefeitura Municipal de Areado - MG;3104304;MG;DCA-Anexo I-C;Padrão;Receitas Brutas Realizadas;RO1.7.1.2.52.0.0;1.7.1.2.52.0.0 - Cota-parte da Compensação Financeira pela Produção de Petróleo;517278,51;15288
2023;Prefeitura Municipal de Areado - MG;3104304;MG;DCA-Anexo I-C;Padrão;Receitas Brutas Realizadas;RO1.7.1.2.52.4.0;1.7.1.2.52.4.0 - Cota-Parte do Fundo Especial do Petróleo ¿ FEP;517278,51;15288
2023;Prefeitura Municipal de Areado - MG;3104304;MG;DCA-Anexo I-C;Padrão;Receitas Brutas Realizadas;RO1.7.1.3.00.0.0;1.7.1.3.00.0.0 -Transferências de Recursos do Sistema Único de Saúde ¿ SUS ;3148647,88;15288
2023;Prefeitura Municipal de Areado - MG;3104304;MG;DCA-Anexo I-C;Padrão;Receitas Brutas Realizadas;RO1.7.1.3.50.0.0;1.7.1.3.50.0.0 - Transferências de Recursos do Sistema Único de Saúde ¿ SUS ¿ Repasses Fundo a Fundo - Bloco de Manutenção das Ações e Serviços Públicos de Saúde;3148647,88;15288
2023;Prefeitura Municipal de Areado - MG;3104304;MG;DCA-Anexo I-C;Padrão;Receitas Brutas Realizadas;RO1.7.1.3.50.1.0;1.7.1.3.50.1.0 - Transferências de Recursos do Bloco de Manutenção das Ações e Serviços Públicos de Saúde ¿ Atenção Primária;2555954,27;15288
2023;Prefeitura Municipal de Areado - MG;3104304;MG;DCA-Anexo I-C;Padrão;Receitas Brutas Realizadas;RO1.7.1.3.50.2.0;1.7.1.3.50.2.0 - Transferências de Recursos do Bloco de Manutenção das Ações e Serviços Públicos de Saúde ¿ Atenção Especializada;181112,69;15288
2023;Prefeitura Municipal de Areado - MG;3104304;MG;DCA-Anexo I-C;Padrão;Receitas Brutas Realizadas;RO1.7.1.3.50.3.0;1.7.1.3.50.3.0 - Transferências de Recursos do Bloco de Manutenção das Ações e Serviços Públicos de Saúde ¿ Vigilância em Saúde;322667,88;15288
2023;Prefeitura Municipal de Areado - MG;3104304;MG;DCA-Anexo I-C;Padrão;Receitas Brutas Realizadas;RO1.7.1.3.50.4.0;1.7.1.3.50.4.0 -Transferências de Recursos do Bloco de Manutenção das Ações e Serviços Públicos de Saúde ¿ Assistência Farmacêutica;88913,04;15288
2023;Prefeitura Municipal de Areado - MG;3104304;MG;DCA-Anexo I-C;Padrão;Receitas Brutas Realizadas;RO1.7.1.4.00.0.0;1.7.1.4.00.0.0 -Transferências de Recursos do Fundo Nacional do Desenvolvimento da Educação ¿ FNDE¿ ;794121,34;15288
2023;Prefeitura Municipal de Areado - MG;3104304;MG;DCA-Anexo I-C;Padrão;Receitas Brutas Realizadas;RO1.7.1.4.50.0.0;1.7.1.4.50.0.0 - Transferências do Salário-Educação;512851,71;15288
2023;Prefeitura Municipal de Areado - MG;3104304;MG;DCA-Anexo I-C;Padrão;Receitas Brutas Realizadas;RO1.7.1.4.51.0.0;1.7.1.4.51.0.0 - Transferências Diretas do FNDE referentes ao Programa Dinheiro Direto na Escola ¿ PDDE;3280,00;15288
2023;Prefeitura Municipal de Areado - MG;3104304;MG;DCA-Anexo I-C;Padrão;Receitas Brutas Realizadas;RO1.7.1.4.52.0.0;1.7.1.4.52.0.0 - Transferências referentes ao Programa Nacional de Alimentação Escolar ¿ PNAE;158577,20;15288
2023;Prefeitura Municipal de Areado - MG;3104304;MG;DCA-Anexo I-C;Padrão;Receitas Brutas Realizadas;RO1.7.1.4.53.0.0;1.7.1.4.53.0.0 - Transferências referentes ao Programa Nacional de Apoio ao Transporte do Escolar ¿ PNATE;34448,62;15288
2023;Prefeitura Municipal de Areado - MG;3104304;MG;DCA-Anexo I-C;Padrão;Receitas Brutas Realizadas;RO1.7.1.4.99.0.0;1.7.1.4.99.0.0 - Outras Transferências Diretas do Fundo Nacional do Desenvolvimento da Educação - FNDE;84963,81;15288
2023;Prefeitura Municipal de Areado - MG;3104304;MG;DCA-Anexo I-C;Padrão;Receitas Brutas Realizadas;RO1.7.1.6.00.0.0;1.7.1.6.00.0.0 - Transferências de Recursos do Fundo Nacional de Assistência Social ¿ FNAS;657166,83;15288
2023;Prefeitura Municipal de Areado - MG;3104304;MG;DCA-Anexo I-C;Padrão;Receitas Brutas Realizadas;RO1.7.1.9.00.0.0;1.7.1.9.00.0.0 - Outras Transferências de Recursos da União e de suas Entidades;1368270,67;15288
2023;Prefeitura Municipal de Areado - MG;3104304;MG;DCA-Anexo I-C;Padrão;Receitas Brutas Realizadas;RO1.7.1.9.57.0.0;1.7.1.9.57.0.0 - Transferência Especial da União;550000,00;15288
2023;Prefeitura Municipal de Areado - MG;3104304;MG;DCA-Anexo I-C;Padrão;Receitas Brutas Realizadas;RO1.7.1.9.99.0.0;1.7.1.9.99.0.0 - Outras Transferências de Recursos da União e de suas Entidades;818270,67;15288
2023;Prefeitura Municipal de Areado - MG;3104304;MG;DCA-Anexo I-C;Padrão;Receitas Brutas Realizadas;RO1.7.2.0.00.0.0;1.7.2.0.00.0.0 - Transferências dos Estados e do Distrito Federal e de suas Entidades;15231296,96;15288
2023;Prefeitura Municipal de Areado - MG;3104304;MG;DCA-Anexo I-C;Padrão;Deduções - FUNDEB;RO1.7.2.0.00.0.0;1.7.2.0.00.0.0 - Transferências dos Estados e do Distrito Federal e de suas Entidades;2213066,91;15288
2023;Prefeitura Municipal de Areado - MG;3104304;MG;DCA-Anexo I-C;Padrão;Receitas Brutas Realizadas;RO1.7.2.1.00.0.0;1.7.2.1.00.0.0 - Participação na Receita dos Estados e Distrito Federal;11068786,51;15288
2023;Prefeitura Municipal de Areado - MG;3104304;MG;DCA-Anexo I-C;Padrão;Deduções - FUNDEB;RO1.7.2.1.00.0.0;1.7.2.1.00.0.0 - Participação na Receita dos Estados e Distrito Federal;2213066,91;15288
2023;Prefeitura Municipal de Areado - MG;3104304;MG;DCA-Anexo I-C;Padrão;Receitas Brutas Realizadas;RO1.7.2.1.50.0.0;1.7.2.1.50.0.0 - Cota-Parte do ICMS;7960410,65;15288
2023;Prefeitura Municipal de Areado - MG;3104304;MG;DCA-Anexo I-C;Padrão;Deduções - FUNDEB;RO1.7.2.1.50.0.0;1.7.2.1.50.0.0 - Cota-Parte do ICMS;1592081,83;15288
2023;Prefeitura Municipal de Areado - MG;3104304;MG;DCA-Anexo I-C;Padrão;Receitas Brutas Realizadas;RO1.7.2.1.51.0.0;1.7.2.1.51.0.0 - Cota-Parte do IPVA;3027654,29;15288
2023;Prefeitura Municipal de Areado - MG;3104304;MG;DCA-Anexo I-C;Padrão;Deduções - FUNDEB;RO1.7.2.1.51.0.0;1.7.2.1.51.0.0 - Cota-Parte do IPVA;605529,74;15288
2023;Prefeitura Municipal de Areado - MG;3104304;MG;DCA-Anexo I-C;Padrão;Receitas Brutas Realizadas;RO1.7.2.1.52.0.0;1.7.2.1.52.0.0 - Cota-Parte do IPI - Municípios;77483,59;15288
2023;Prefeitura Municipal de Areado - MG;3104304;MG;DCA-Anexo I-C;Padrão;Deduções - FUNDEB;RO1.7.2.1.52.0.0;1.7.2.1.52.0.0 - Cota-Parte do IPI - Municípios;15455,34;15288
2023;Prefeitura Municipal de Areado - MG;3104304;MG;DCA-Anexo I-C;Padrão;Receitas Brutas Realizadas;RO1.7.2.1.53.0.0;1.7.2.1.53.0.0 - Cota-Parte da Contribuição de Intervenção no Domínio Econômico;3237,98;15288
2023;Prefeitura Municipal de Areado - MG;3104304;MG;DCA-Anexo I-C;Padrão;Receitas Brutas Realizadas;RO1.7.2.2.00.0.0;1.7.2.2.00.0.0 - Transferências das Compensações Financeiras pela Exploração de Recursos Naturais;1493951,03;15288
2023;Prefeitura Municipal de Areado - MG;3104304;MG;DCA-Anexo I-C;Padrão;Receitas Brutas Realizadas;RO1.7.2.2.50.0.0;1.7.2.2.50.0.0 - Cota-parte da Compensação Financeira de Recursos Hídricos;1493951,03;15288
2023;Prefeitura Municipal de Areado - MG;3104304;MG;DCA-Anexo I-C;Padrão;Receitas Brutas Realizadas;RO1.7.2.3.00.0.0;1.7.2.3.00.0.0 - Transferências de Recursos do Sistema Único de Saúde ¿ SUS;1916563,90;15288
2023;Prefeitura Municipal de Areado - MG;3104304;MG;DCA-Anexo I-C;Padrão;Receitas Brutas Realizadas;RO1.7.2.9.00.0.0;1.7.2.9.00.0.0 - Outras Transferências dos Estados e Distrito Federal;751995,52;15288
2023;Prefeitura Municipal de Areado - MG;3104304;MG;DCA-Anexo I-C;Padrão;Receitas Brutas Realizadas;RO1.7.2.9.51.0.0;1.7.2.9.51.0.0 - Transferências de Estados destinadas à Assistência Social;8984,80;15288
2023;Prefeitura Municipal de Areado - MG;3104304;MG;DCA-Anexo I-C;Padrão;Receitas Brutas Realizadas;RO1.7.2.9.52.0.0;1.7.2.9.52.0.0 - Transferências de Recursos Destinados a Programas de Educação;743010,72;15288
2023;Prefeitura Municipal de Areado - MG;3104304;MG;DCA-Anexo I-C;Padrão;Receitas Brutas Realizadas;RO1.7.5.0.00.0.0;1.7.5.0.00.0.0 - Transferências de Outras Instituições Públicas;7707663,83;15288
2023;Prefeitura Municipal de Areado - MG;3104304;MG;DCA-Anexo I-C;Padrão;Outras Deduções da Receita;RO1.7.5.0.00.0.0;1.7.5.0.00.0.0 - Transferências de Outras Instituições Públicas;5815,91;15288
2023;Prefeitura Municipal de Areado - MG;3104304;MG;DCA-Anexo I-C;Padrão;Receitas Brutas Realizadas;RO1.7.5.1.00.0.0;1.7.5.1.00.0.0 - Transferências de Recursos do Fundo de Manutenção e Desenvolvimento da Educação Básica e de Valorização dos Profissionais da Educação - FUNDEB;7707663,83;15288
2023;Prefeitura Municipal de Areado - MG;3104304;MG;DCA-Anexo I-C;Padrão;Outras Deduções da Receita;RO1.7.5.1.00.0.0;1.7.5.1.00.0.0 - Transferências de Recursos do Fundo de Manutenção e Desenvolvimento da Educação Básica e de Valorização dos Profissionais da Educação - FUNDEB;5815,91;15288
2023;Prefeitura Municipal de Areado - MG;3104304;MG;DCA-Anexo I-C;Padrão;Receitas Brutas Realizadas;RO1.9.0.0.00.0.0;1.9.0.0.00.0.0 - Outras Receitas Correntes;388412,62;15288
2023;Prefeitura Municipal de Areado - MG;3104304;MG;DCA-Anexo I-C;Padrão;Receitas Brutas Realizadas;RO1.9.1.0.00.0.0;1.9.1.0.00.0.0 - Multas Administrativas, Contratuais e Judiciais;9814,06;15288
2023;Prefeitura Municipal de Areado - MG;3104304;MG;DCA-Anexo I-C;Padrão;Receitas Brutas Realizadas;RO1.9.1.1.00.0.0;1.9.1.1.00.0.0 - Multas Administrativas, Contratuais e Judiciais;9814,06;15288
2023;Prefeitura Municipal de Areado - MG;3104304;MG;DCA-Anexo I-C;Padrão;Receitas Brutas Realizadas;RO1.9.1.1.01.0.0;1.9.1.1.01.0.0 - Multas Previstas em Legislação Específica;9814,06;15288
2023;Prefeitura Municipal de Areado - MG;3104304;MG;DCA-Anexo I-C;Padrão;Receitas Brutas Realizadas;RO1.9.2.0.00.0.0;1.9.2.0.00.0.0 - Indenizações, Restituições e Ressarcimentos;251780,61;15288
2023;Prefeitura Municipal de Areado - MG;3104304;MG;DCA-Anexo I-C;Padrão;Receitas Brutas Realizadas;RO1.9.2.2.00.0.0;1.9.2.2.00.0.0 - Restituições;251780,61;15288
2023;Prefeitura Municipal de Areado - MG;3104304;MG;DCA-Anexo I-C;Padrão;Receitas Brutas Realizadas;RO1.9.2.2.01.0.0;1.9.2.2.01.0.0 - Restituição de Convênios;150000,00;15288
2023;Prefeitura Municipal de Areado - MG;3104304;MG;DCA-Anexo I-C;Padrão;Receitas Brutas Realizadas;RO1.9.2.2.01.1.0;1.9.2.2.01.1.0 - Restituição de Convênios - Primárias;150000,00;15288
2023;Prefeitura Municipal de Areado - MG;3104304;MG;DCA-Anexo I-C;Padrão;Receitas Brutas Realizadas;RO1.9.2.2.99.0.0;1.9.2.2.99.0.0 - Outras Restituições;101780,61;15288
2023;Prefeitura Municipal de Areado - MG;3104304;MG;DCA-Anexo I-C;Padrão;Receitas Brutas Realizadas;RO1.9.9.0.00.0.0;1.9.9.0.00.0.0 - Demais Receitas Correntes;126817,95;15288
2023;Prefeitura Municipal de Areado - MG;3104304;MG;DCA-Anexo I-C;Padrão;Receitas Brutas Realizadas;RO1.9.9.9.00.0.0;1.9.9.9.00.0.0 - Outras Receitas Correntes;126817,95;15288
2023;Prefeitura Municipal de Areado - MG;3104304;MG;DCA-Anexo I-C;Padrão;Receitas Brutas Realizadas;RO1.9.9.9.99.0.0;1.9.9.9.99.0.0 - Outras Receitas;126817,95;15288
2023;Prefeitura Municipal de Areado - MG;3104304;MG;DCA-Anexo I-C;Padrão;Receitas Brutas Realizadas;RO1.9.9.9.99.2.0;1.9.9.9.99.2.0 - Outras Receitas Não Arrecadadas e Não Projetadas pela RFB - Primárias;126817,95;15288
2023;Prefeitura Municipal de Areado - MG;3104304;MG;DCA-Anexo I-C;Padrão;Receitas Brutas Realizadas;RO2.0.0.0.00.0.0;2.0.0.0.00.0.0 - Receitas de Capital;4877087,20;15288
2023;Prefeitura Municipal de Areado - MG;3104304;MG;DCA-Anexo I-C;Padrão;Receitas Brutas Realizadas;RO2.1.0.0.00.0.0;2.1.0.0.00.0.0 - Operações de Crédito;2278907,50;15288
2023;Prefeitura Municipal de Areado - MG;3104304;MG;DCA-Anexo I-C;Padrão;Receitas Brutas Realizadas;RO2.1.1.0.00.0.0;2.1.1.0.00.0.0 - Operações de Crédito - Mercado Interno;2278907,50;15288
2023;Prefeitura Municipal de Areado - MG;3104304;MG;DCA-Anexo I-C;Padrão;Receitas Brutas Realizadas;RO2.1.1.2.00.0.0;2.1.1.2.00.0.0 - Operações de Crédito Contratuais - Mercado Interno;2278907,50;15288
2023;Prefeitura Municipal de Areado - MG;3104304;MG;DCA-Anexo I-C;Padrão;Receitas Brutas Realizadas;RO2.1.1.2.01.0.0;2.1.1.2.01.0.0 - Operações de Crédito Contratuais - Mercado Interno;2278907,50;15288
2023;Prefeitura Municipal de Areado - MG;3104304;MG;DCA-Anexo I-C;Padrão;Receitas Brutas Realizadas;RO2.2.0.0.00.0.0;2.2.0.0.00.0.0 - Alienação de Bens;24588,71;15288
2023;Prefeitura Municipal de Areado - MG;3104304;MG;DCA-Anexo I-C;Padrão;Receitas Brutas Realizadas;RO2.2.2.0.00.0.0;2.2.2.0.00.0.0 - Alienação de Bens Imóveis;24588,71;15288
2023;Prefeitura Municipal de Areado - MG;3104304;MG;DCA-Anexo I-C;Padrão;Receitas Brutas Realizadas;RO2.4.0.0.00.0.0;2.4.0.0.00.0.0 - Transferências de Capital;2493644,04;15288
2023;Prefeitura Municipal de Areado - MG;3104304;MG;DCA-Anexo I-C;Padrão;Receitas Brutas Realizadas;RO2.4.1.0.00.0.0;2.4.1.0.00.0.0 - Transferências da União e de suas Entidades;1833644,04;15288
2023;Prefeitura Municipal de Areado - MG;3104304;MG;DCA-Anexo I-C;Padrão;Receitas Brutas Realizadas;RO2.4.1.2.00.0.0;2.4.1.2.00.0.0 - Transferências de Recursos do Fundo Nacional do Desenvolvimento da Educação ¿ FNDE ;434040,04;15288
2023;Prefeitura Municipal de Areado - MG;3104304;MG;DCA-Anexo I-C;Padrão;Receitas Brutas Realizadas;RO2.4.1.2.50.0.0;2.4.1.2.50.0.0 - Transferências de Recursos Destinados a Programas de Educação;434040,04;15288
2023;Prefeitura Municipal de Areado - MG;3104304;MG;DCA-Anexo I-C;Padrão;Receitas Brutas Realizadas;RO2.4.1.2.50.9.0;2.4.1.2.50.9.0 - Outras transferências destinadas a Programas de Educação;434040,04;15288
2023;Prefeitura Municipal de Areado - MG;3104304;MG;DCA-Anexo I-C;Padrão;Receitas Brutas Realizadas;RO2.4.1.4.00.0.0;2.4.1.4.00.0.0 - Transferências de Convênios da União e de suas Entidades ;1149604,00;15288
2023;Prefeitura Municipal de Areado - MG;3104304;MG;DCA-Anexo I-C;Padrão;Receitas Brutas Realizadas;RO2.4.1.4.99.0.0;2.4.1.4.99.0.0 - Outras Transferências de Convênios da União e de Suas Entidades;1149604,00;15288
2023;Prefeitura Municipal de Areado - MG;3104304;MG;DCA-Anexo I-C;Padrão;Receitas Brutas Realizadas;RO2.4.1.9.00.0.0;2.4.1.9.00.0.0 - Outras Transferências de Recursos da União e de suas Entidades;250000,00;15288
2023;Prefeitura Municipal de Areado - MG;3104304;MG;DCA-Anexo I-C;Padrão;Receitas Brutas Realizadas;RO2.4.1.9.51.0.0;2.4.1.9.51.0.0 - Transferência Especial da União;250000,00;15288
2023;Prefeitura Municipal de Areado - MG;3104304;MG;DCA-Anexo I-C;Padrão;Receitas Brutas Realizadas;RO2.4.2.0.00.0.0;2.4.2.0.00.0.0 - Transferências dos Estados e do Distrito Federal e de suas Entidades;660000,00;15288
2023;Prefeitura Municipal de Areado - MG;3104304;MG;DCA-Anexo I-C;Padrão;Receitas Brutas Realizadas;RO2.4.2.1.00.0.0;2.4.2.1.00.0.0 - Transferências de Recursos do Sistema Único de Saúde ¿ SUS dos Estados e DF;160000,00;15288
2023;Prefeitura Municipal de Areado - MG;3104304;MG;DCA-Anexo I-C;Padrão;Receitas Brutas Realizadas;RO2.4.2.1.50.0.0;2.4.2.1.50.0.0 - Transferências de Recursos do Sistema Único de Saúde ¿ SUS;160000,00;15288
2023;Prefeitura Municipal de Areado - MG;3104304;MG;DCA-Anexo I-C;Padrão;Receitas Brutas Realizadas;RO2.4.2.9.00.0.0;2.4.2.9.00.0.0 - Outras Transferências de Recursos dos Estados;500000,00;15288
2023;Prefeitura Municipal de Areado - MG;3104304;MG;DCA-Anexo I-C;Padrão;Receitas Brutas Realizadas;RO2.4.2.9.99.0.0;2.4.2.9.99.0.0 - Outras Transferências de Recursos dos Estados;500000,00;15288
2023;Prefeitura Municipal de Areado - MG;3104304;MG;DCA-Anexo I-C;Padrão;Receitas Brutas Realizadas;RO2.9.0.0.00.0.0;2.9.0.0.00.0.0 - Outras Receitas de Capital;79946,95;15288
2023;Prefeitura Municipal de Areado - MG;3104304;MG;DCA-Anexo I-C;Padrão;Receitas Brutas Realizadas;RO2.9.9.0.00.0.0;2.9.9.0.00.0.0 - Demais Receitas de Capital;79946,95;15288
2023;Prefeitura Municipal de Areado - MG;3104304;MG;DCA-Anexo I-C;Padrão;Receitas Brutas Realizadas;RO2.9.9.9.00.0.0;2.9.9.9.00.0.0 - Outras Receitas de Capital;79946,95;15288
2023;Prefeitura Municipal de Areado - MG;3104304;MG;DCA-Anexo I-C;Padrão;Receitas Brutas Realizadas;RO2.9.9.9.99.0.0;2.9.9.9.99.0.0 - Outras Receitas de Capital;79946,95;15288
2023;Prefeitura Municipal de Areado - MG;3104304;MG;DCA-Anexo I-C;Padrão;Receitas Brutas Realizadas;TotalReceitas;TOTAL DAS RECEITAS (III) = (I + II);69054346,95;15288
2023;Prefeitura Municipal de Areado - MG;3104304;MG;DCA-Anexo I-C;Padrão;Deduções - FUNDEB;TotalReceitas;TOTAL DAS RECEITAS (III) = (I + II);7078119,35;15288
2023;Prefeitura Municipal de Areado - MG;3104304;MG;DCA-Anexo I-C;Padrão;Outras Deduções da Receita;TotalReceitas;TOTAL DAS RECEITAS (III) = (I + II);5815,91;15288
2024;Prefeitura Municipal de Areado - MG;3104304;MG;DCA-Anexo I-C;Padrão;Receitas Brutas Realizadas;ReceitasExcetoIntraOrcamentarias;RECEITAS (EXCETO INTRA-ORÇAMENTÁRIAS) (I);81656817,97;13752
2024;Prefeitura Municipal de Areado - MG;3104304;MG;DCA-Anexo I-C;Padrão;Deduções - FUNDEB;ReceitasExcetoIntraOrcamentarias;RECEITAS (EXCETO INTRA-ORÇAMENTÁRIAS) (I);7781072,30;13752
2024;Prefeitura Municipal de Areado - MG;3104304;MG;DCA-Anexo I-C;Padrão;Outras Deduções da Receita;ReceitasExcetoIntraOrcamentarias;RECEITAS (EXCETO INTRA-ORÇAMENTÁRIAS) (I);21909,43;13752
2024;Prefeitura Municipal de Areado - MG;3104304;MG;DCA-Anexo I-C;Padrão;Receitas Brutas Realizadas;RO1.0.0.0.00.0.0;1.0.0.0.00.0.0 - Receitas Correntes;72532847,72;13752
2024;Prefeitura Municipal de Areado - MG;3104304;MG;DCA-Anexo I-C;Padrão;Deduções - FUNDEB;RO1.0.0.0.00.0.0;1.0.0.0.00.0.0 - Receitas Correntes;7781072,30;13752
2024;Prefeitura Municipal de Areado - MG;3104304;MG;DCA-Anexo I-C;Padrão;Outras Deduções da Receita;RO1.0.0.0.00.0.0;1.0.0.0.00.0.0 - Receitas Correntes;21909,43;13752
2024;Prefeitura Municipal de Areado - MG;3104304;MG;DCA-Anexo I-C;Padrão;Receitas Brutas Realizadas;RO1.1.0.0.00.0.0;1.1.0.0.00.0.0 - Impostos, Taxas e Contribuições de Melhoria;6735283,01;13752
2024;Prefeitura Municipal de Areado - MG;3104304;MG;DCA-Anexo I-C;Padrão;Outras Deduções da Receita;RO1.1.0.0.00.0.0;1.1.0.0.00.0.0 - Impostos, Taxas e Contribuições de Melhoria;17,12;13752
2024;Prefeitura Municipal de Areado - MG;3104304;MG;DCA-Anexo I-C;Padrão;Receitas Brutas Realizadas;RO1.1.1.0.00.0.0;1.1.1.0.00.0.0 - Impostos;6357807,06;13752
2024;Prefeitura Municipal de Areado - MG;3104304;MG;DCA-Anexo I-C;Padrão;Outras Deduções da Receita;RO1.1.1.0.00.0.0;1.1.1.0.00.0.0 - Impostos;17,12;13752
2024;Prefeitura Municipal de Areado - MG;3104304;MG;DCA-Anexo I-C;Padrão;Receitas Brutas Realizadas;RO1.1.1.2.00.0.0;1.1.1.2.00.0.0 - Impostos sobre o Patrimônio;1886246,09;13752
2024;Prefeitura Municipal de Areado - MG;3104304;MG;DCA-Anexo I-C;Padrão;Receitas Brutas Realizadas;RO1.1.1.2.50.0.0;1.1.1.2.50.0.0 - Imposto sobre a Propriedade Predial e Territorial Urbana;1065273,91;13752
2024;Prefeitura Municipal de Areado - MG;3104304;MG;DCA-Anexo I-C;Padrão;Receitas Brutas Realizadas;RO1.1.1.2.53.0.0;"1.1.1.2.53.0.0 - Impostos sobre Transmissão ""Inter Vivos"" de Bens Imóveis e de Direitos Reais sobre Imóveis";820972,18;13752
2024;Prefeitura Municipal de Areado - MG;3104304;MG;DCA-Anexo I-C;Padrão;Receitas Brutas Realizadas;RO1.1.1.3.00.0.0;1.1.1.3.00.0.0 - Impostos sobre a Renda e Proventos de Qualquer Natureza;2198694,80;13752
2024;Prefeitura Municipal de Areado - MG;3104304;MG;DCA-Anexo I-C;Padrão;Outras Deduções da Receita;RO1.1.1.3.00.0.0;1.1.1.3.00.0.0 - Impostos sobre a Renda e Proventos de Qualquer Natureza;17,12;13752
2024;Prefeitura Municipal de Areado - MG;3104304;MG;DCA-Anexo I-C;Padrão;Receitas Brutas Realizadas;RO1.1.1.3.03.0.0;1.1.1.3.03.0.0 - Imposto sobre a Renda - Retido na Fonte;2198694,80;13752
2024;Prefeitura Municipal de Areado - MG;3104304;MG;DCA-Anexo I-C;Padrão;Outras Deduções da Receita;RO1.1.1.3.03.0.0;1.1.1.3.03.0.0 - Imposto sobre a Renda - Retido na Fonte;17,12;13752
2024;Prefeitura Municipal de Areado - MG;3104304;MG;DCA-Anexo I-C;Padrão;Receitas Brutas Realizadas;RO1.1.1.3.03.1.0;1.1.1.3.03.1.0 - Imposto sobre a Renda - Retido na Fonte - Trabalho;1875819,87;13752
2024;Prefeitura Municipal de Areado - MG;3104304;MG;DCA-Anexo I-C;Padrão;Receitas Brutas Realizadas;RO1.1.1.3.03.4.0;1.1.1.3.03.4.0 - Imposto sobre a Renda - Retido na Fonte - Outros Rendimentos;322874,93;13752
2024;Prefeitura Municipal de Areado - MG;3104304;MG;DCA-Anexo I-C;Padrão;Outras Deduções da Receita;RO1.1.1.3.03.4.0;1.1.1.3.03.4.0 - Imposto sobre a Renda - Retido na Fonte - Outros Rendimentos;17,12;13752
2024;Prefeitura Municipal de Areado - MG;3104304;MG;DCA-Anexo I-C;Padrão;Receitas Brutas Realizadas;RO1.1.1.4.00.0.0;1.1.1.4.00.0.0 - Impostos sobre a Produção e Circulação de Mercadorias e Serviços;2272866,17;13752
2024;Prefeitura Municipal de Areado - MG;3104304;MG;DCA-Anexo I-C;Padrão;Receitas Brutas Realizadas;RO1.1.1.4.51.0.0;1.1.1.4.51.0.0 - Impostos sobre Serviços;2272866,17;13752
2024;Prefeitura Municipal de Areado - MG;3104304;MG;DCA-Anexo I-C;Padrão;Receitas Brutas Realizadas;RO1.1.1.4.51.1.0;1.1.1.4.51.1.0 - Imposto sobre Serviços de Qualquer Natureza - ISSQN;2272866,17;13752
2024;Prefeitura Municipal de Areado - MG;3104304;MG;DCA-Anexo I-C;Padrão;Receitas Brutas Realizadas;RO1.1.2.0.00.0.0;1.1.2.0.00.0.0 - Taxas;377475,95;13752
2024;Prefeitura Municipal de Areado - MG;3104304;MG;DCA-Anexo I-C;Padrão;Receitas Brutas Realizadas;RO1.1.2.1.00.0.0;1.1.2.1.00.0.0 - Taxas pelo Exercício do Poder de Polícia;364450,71;13752
2024;Prefeitura Municipal de Areado - MG;3104304;MG;DCA-Anexo I-C;Padrão;Receitas Brutas Realizadas;RO1.1.2.1.01.0.0;1.1.2.1.01.0.0 - Taxas de Inspeção, Controle e Fiscalização;315645,23;13752
2024;Prefeitura Municipal de Areado - MG;3104304;MG;DCA-Anexo I-C;Padrão;Receitas Brutas Realizadas;RO1.1.2.1.50.0.0;1.1.2.1.50.0.0 - Taxa de Fiscalização de Vigilância Sanitária;48805,48;13752
2024;Prefeitura Municipal de Areado - MG;3104304;MG;DCA-Anexo I-C;Padrão;Receitas Brutas Realizadas;RO1.1.2.2.00.0.0;1.1.2.2.00.0.0 - Taxas pela Prestação de Serviços;13025,24;13752
2024;Prefeitura Municipal de Areado - MG;3104304;MG;DCA-Anexo I-C;Padrão;Receitas Brutas Realizadas;RO1.1.2.2.01.0.0;1.1.2.2.01.0.0 - Taxas pela Prestação de Serviços em Geral;13025,24;13752
2024;Prefeitura Municipal de Areado - MG;3104304;MG;DCA-Anexo I-C;Padrão;Receitas Brutas Realizadas;RO1.3.0.0.00.0.0;1.3.0.0.00.0.0 - Receita Patrimonial;1733389,24;13752
2024;Prefeitura Municipal de Areado - MG;3104304;MG;DCA-Anexo I-C;Padrão;Receitas Brutas Realizadas;RO1.3.1.0.00.0.0;1.3.1.0.00.0.0 - Exploração do Patrimônio Imobiliário do Estado;183,71;13752
2024;Prefeitura Municipal de Areado - MG;3104304;MG;DCA-Anexo I-C;Padrão;Receitas Brutas Realizadas;RO1.3.1.1.00.0.0;1.3.1.1.00.0.0 - Exploração do Patrimônio Imobiliário do Estado;183,71;13752
2024;Prefeitura Municipal de Areado - MG;3104304;MG;DCA-Anexo I-C;Padrão;Receitas Brutas Realizadas;RO1.3.1.1.01.0.0;1.3.1.1.01.0.0 - Aluguéis, Arrendamentos, Foros, Laudêmios, Tarifas de Ocupação;183,71;13752
2024;Prefeitura Municipal de Areado - MG;3104304;MG;DCA-Anexo I-C;Padrão;Receitas Brutas Realizadas;RO1.3.1.1.01.1.0;1.3.1.1.01.1.0 - Aluguéis e Arrendamentos;183,71;13752
2024;Prefeitura Municipal de Areado - MG;3104304;MG;DCA-Anexo I-C;Padrão;Receitas Brutas Realizadas;RO1.3.2.0.00.0.0;1.3.2.0.00.0.0 - Valores Mobiliários;1733205,53;13752
2024;Prefeitura Municipal de Areado - MG;3104304;MG;DCA-Anexo I-C;Padrão;Receitas Brutas Realizadas;RO1.3.2.1.00.0.0;1.3.2.1.00.0.0 - Juros e Correções Monetárias;1733205,53;13752
2024;Prefeitura Municipal de Areado - MG;3104304;MG;DCA-Anexo I-C;Padrão;Receitas Brutas Realizadas;RO1.3.2.1.01.0.0;1.3.2.1.01.0.0 - Remuneração de Depósitos Bancários;1733205,53;13752
2024;Prefeitura Municipal de Areado - MG;3104304;MG;DCA-Anexo I-C;Padrão;Receitas Brutas Realizadas;RO1.6.0.0.00.0.0;1.6.0.0.00.0.0 - Receita de Serviços;46096,74;13752
2024;Prefeitura Municipal de Areado - MG;3104304;MG;DCA-Anexo I-C;Padrão;Receitas Brutas Realizadas;RO1.6.1.0.00.0.0;1.6.1.0.00.0.0 - Serviços Administrativos e Comerciais Gerais;4120,56;13752
2024;Prefeitura Municipal de Areado - MG;3104304;MG;DCA-Anexo I-C;Padrão;Receitas Brutas Realizadas;RO1.6.1.1.00.0.0;1.6.1.1.00.0.0 - Serviços Administrativos e Comerciais Gerais;4120,56;13752
2024;Prefeitura Municipal de Areado - MG;3104304;MG;DCA-Anexo I-C;Padrão;Receitas Brutas Realizadas;RO1.6.1.1.03.0.0;1.6.1.1.03.0.0 - Serviços de Registro, Certificação e Fiscalização;4120,56;13752
2024;Prefeitura Municipal de Areado - MG;3104304;MG;DCA-Anexo I-C;Padrão;Receitas Brutas Realizadas;RO1.6.9.0.00.0.0;1.6.9.0.00.0.0 - Outros Serviços;41976,18;13752
2024;Prefeitura Municipal de Areado - MG;3104304;MG;DCA-Anexo I-C;Padrão;Receitas Brutas Realizadas;RO1.7.0.0.00.0.0;1.7.0.0.00.0.0 - Transferências Correntes;63484262,98;13752
2024;Prefeitura Municipal de Areado - MG;3104304;MG;DCA-Anexo I-C;Padrão;Deduções - FUNDEB;RO1.7.0.0.00.0.0;1.7.0.0.00.0.0 - Transferências Correntes;7781072,30;13752
2024;Prefeitura Municipal de Areado - MG;3104304;MG;DCA-Anexo I-C;Padrão;Outras Deduções da Receita;RO1.7.0.0.00.0.0;1.7.0.0.00.0.0 - Transferências Correntes;21892,31;13752
2024;Prefeitura Municipal de Areado - MG;3104304;MG;DCA-Anexo I-C;Padrão;Receitas Brutas Realizadas;RO1.7.1.0.00.0.0;1.7.1.0.00.0.0 - Transferências da União e de suas Entidades;39276728,06;13752
2024;Prefeitura Municipal de Areado - MG;3104304;MG;DCA-Anexo I-C;Padrão;Deduções - FUNDEB;RO1.7.1.0.00.0.0;1.7.1.0.00.0.0 - Transferências da União e de suas Entidades;5625268,20;13752
2024;Prefeitura Municipal de Areado - MG;3104304;MG;DCA-Anexo I-C;Padrão;Outras Deduções da Receita;RO1.7.1.0.00.0.0;1.7.1.0.00.0.0 - Transferências da União e de suas Entidades;21892,31;13752
2024;Prefeitura Municipal de Areado - MG;3104304;MG;DCA-Anexo I-C;Padrão;Receitas Brutas Realizadas;RO1.7.1.1.00.0.0;1.7.1.1.00.0.0 - Transferências Decorrentes de Participação na Receita da União;31021338,22;13752
2024;Prefeitura Municipal de Areado - MG;3104304;MG;DCA-Anexo I-C;Padrão;Deduções - FUNDEB;RO1.7.1.1.00.0.0;1.7.1.1.00.0.0 - Transferências Decorrentes de Participação na Receita da União;5625268,20;13752
2024;Prefeitura Municipal de Areado - MG;3104304;MG;DCA-Anexo I-C;Padrão;Receitas Brutas Realizadas;RO1.7.1.1.51.0.0;1.7.1.1.51.0.0 -Cota-Parte do Fundo de Participação dos Municípios - FPM;30934214,36;13752
2024;Prefeitura Municipal de Areado - MG;3104304;MG;DCA-Anexo I-C;Padrão;Deduções - FUNDEB;RO1.7.1.1.51.0.0;1.7.1.1.51.0.0 -Cota-Parte do Fundo de Participação dos Municípios - FPM;5607843,57;13752
2024;Prefeitura Municipal de Areado - MG;3104304;MG;DCA-Anexo I-C;Padrão;Receitas Brutas Realizadas;RO1.7.1.1.51.1.0;1.7.1.1.51.1.0 - Cota-Parte do Fundo de Participação dos Municípios - Cota Mensal;28039219,82;13752
2024;Prefeitura Municipal de Areado - MG;3104304;MG;DCA-Anexo I-C;Padrão;Deduções - FUNDEB;RO1.7.1.1.51.1.0;1.7.1.1.51.1.0 - Cota-Parte do Fundo de Participação dos Municípios - Cota Mensal;5607843,57;13752
2024;Prefeitura Municipal de Areado - MG;3104304;MG;DCA-Anexo I-C;Padrão;Receitas Brutas Realizadas;RO1.7.1.1.51.2.0;1.7.1.1.51.2.0 - Cota-Parte do Fundo de Participação dos Municípios - Cotas Extraordinárias;2894994,54;13752
2024;Prefeitura Municipal de Areado - MG;3104304;MG;DCA-Anexo I-C;Padrão;Receitas Brutas Realizadas;RO1.7.1.1.52.0.0;1.7.1.1.52.0.0 - Cota-Parte do Imposto Sobre a Propriedade Territorial Rural;87123,86;13752
2024;Prefeitura Municipal de Areado - MG;3104304;MG;DCA-Anexo I-C;Padrão;Deduções - FUNDEB;RO1.7.1.1.52.0.0;1.7.1.1.52.0.0 - Cota-Parte do Imposto Sobre a Propriedade Territorial Rural;17424,63;13752
2024;Prefeitura Municipal de Areado - MG;3104304;MG;DCA-Anexo I-C;Padrão;Receitas Brutas Realizadas;RO1.7.1.2.00.0.0;1.7.1.2.00.0.0 -Transferências das Compensações Financeiras pela Exploração de Recursos Naturais;557218,60;13752
2024;Prefeitura Municipal de Areado - MG;3104304;MG;DCA-Anexo I-C;Padrão;Receitas Brutas Realizadas;RO1.7.1.2.52.0.0;1.7.1.2.52.0.0 - Cota-parte da Compensação Financeira pela Produção de Petróleo;557218,60;13752
2024;Prefeitura Municipal de Areado - MG;3104304;MG;DCA-Anexo I-C;Padrão;Receitas Brutas Realizadas;RO1.7.1.2.52.4.0;1.7.1.2.52.4.0 - Cota-Parte do Fundo Especial do Petróleo ¿ FEP;557218,60;13752
2024;Prefeitura Municipal de Areado - MG;3104304;MG;DCA-Anexo I-C;Padrão;Receitas Brutas Realizadas;RO1.7.1.3.00.0.0;1.7.1.3.00.0.0 -Transferências de Recursos do Sistema Único de Saúde ¿ SUS ;5975856,43;13752
2024;Prefeitura Municipal de Areado - MG;3104304;MG;DCA-Anexo I-C;Padrão;Receitas Brutas Realizadas;RO1.7.1.3.50.0.0;1.7.1.3.50.0.0 - Transferências de Recursos do Sistema Único de Saúde ¿ SUS ¿ Repasses Fundo a Fundo - Bloco de Manutenção das Ações e Serviços Públicos de Saúde;5975856,43;13752
2024;Prefeitura Municipal de Areado - MG;3104304;MG;DCA-Anexo I-C;Padrão;Receitas Brutas Realizadas;RO1.7.1.3.50.1.0;1.7.1.3.50.1.0 - Transferências de Recursos do Bloco de Manutenção das Ações e Serviços Públicos de Saúde ¿ Atenção Primária;4626961,17;13752
2024;Prefeitura Municipal de Areado - MG;3104304;MG;DCA-Anexo I-C;Padrão;Receitas Brutas Realizadas;RO1.7.1.3.50.3.0;1.7.1.3.50.3.0 - Transferências de Recursos do Bloco de Manutenção das Ações e Serviços Públicos de Saúde ¿ Vigilância em Saúde;413214,20;13752
2024;Prefeitura Municipal de Areado - MG;3104304;MG;DCA-Anexo I-C;Padrão;Receitas Brutas Realizadas;RO1.7.1.3.50.4.0;1.7.1.3.50.4.0 -Transferências de Recursos do Bloco de Manutenção das Ações e Serviços Públicos de Saúde ¿ Assistência Farmacêutica;208721,67;13752
2024;Prefeitura Municipal de Areado - MG;3104304;MG;DCA-Anexo I-C;Padrão;Receitas Brutas Realizadas;RO1.7.1.3.50.9.0;1.7.1.3.50.9.0 - Transferências de Recursos do Bloco de Manutenção das Ações e Serviços Públicos de Saúde ¿ Outros Programas;726959,39;13752
2024;Prefeitura Municipal de Areado - MG;3104304;MG;DCA-Anexo I-C;Padrão;Receitas Brutas Realizadas;RO1.7.1.4.00.0.0;1.7.1.4.00.0.0 -Transferências de Recursos do Fundo Nacional do Desenvolvimento da Educação ¿ FNDE¿ ;945379,79;13752
2024;Prefeitura Municipal de Areado - MG;3104304;MG;DCA-Anexo I-C;Padrão;Receitas Brutas Realizadas;RO1.7.1.4.50.0.0;1.7.1.4.50.0.0 - Transferências do Salário-Educação;645235,84;13752
2024;Prefeitura Municipal de Areado - MG;3104304;MG;DCA-Anexo I-C;Padrão;Receitas Brutas Realizadas;RO1.7.1.4.51.0.0;1.7.1.4.51.0.0 - Transferências Diretas do FNDE referentes ao Programa Dinheiro Direto na Escola ¿ PDDE;1720,00;13752
2024;Prefeitura Municipal de Areado - MG;3104304;MG;DCA-Anexo I-C;Padrão;Receitas Brutas Realizadas;RO1.7.1.4.52.0.0;1.7.1.4.52.0.0 - Transferências referentes ao Programa Nacional de Alimentação Escolar ¿ PNAE;171800,00;13752
2024;Prefeitura Municipal de Areado - MG;3104304;MG;DCA-Anexo I-C;Padrão;Receitas Brutas Realizadas;RO1.7.1.4.53.0.0;1.7.1.4.53.0.0 - Transferências referentes ao Programa Nacional de Apoio ao Transporte do Escolar ¿ PNATE;41660,12;13752
2024;Prefeitura Municipal de Areado - MG;3104304;MG;DCA-Anexo I-C;Padrão;Receitas Brutas Realizadas;RO1.7.1.4.99.0.0;1.7.1.4.99.0.0 - Outras Transferências Diretas do Fundo Nacional do Desenvolvimento da Educação - FNDE;84963,83;13752
2024;Prefeitura Municipal de Areado - MG;3104304;MG;DCA-Anexo I-C;Padrão;Receitas Brutas Realizadas;RO1.7.1.5.00.0.0;1.7.1.5.00.0.0 - Transferências de Recursos de Complementação da União ao Fundo de Manutenção e Desenvolvimento da Educação Básica e de Valorização dos Profissionais da Educação ¿ FUNDEB ;125998,96;13752
2024;Prefeitura Municipal de Areado - MG;3104304;MG;DCA-Anexo I-C;Padrão;Outras Deduções da Receita;RO1.7.1.5.00.0.0;1.7.1.5.00.0.0 - Transferências de Recursos de Complementação da União ao Fundo de Manutenção e Desenvolvimento da Educação Básica e de Valorização dos Profissionais da Educação ¿ FUNDEB ;21892,31;13752
2024;Prefeitura Municipal de Areado - MG;3104304;MG;DCA-Anexo I-C;Padrão;Receitas Brutas Realizadas;RO1.7.1.6.00.0.0;1.7.1.6.00.0.0 - Transferências de Recursos do Fundo Nacional de Assistência Social ¿ FNAS;327438,03;13752
2024;Prefeitura Municipal de Areado - MG;3104304;MG;DCA-Anexo I-C;Padrão;Receitas Brutas Realizadas;RO1.7.1.9.00.0.0;1.7.1.9.00.0.0 - Outras Transferências de Recursos da União e de suas Entidades;323498,03;13752
2024;Prefeitura Municipal de Areado - MG;3104304;MG;DCA-Anexo I-C;Padrão;Receitas Brutas Realizadas;RO1.7.1.9.57.0.0;1.7.1.9.57.0.0 - Transferência Especial da União;150000,00;13752
2024;Prefeitura Municipal de Areado - MG;3104304;MG;DCA-Anexo I-C;Padrão;Receitas Brutas Realizadas;RO1.7.1.9.60.0.0;1.7.1.9.60.0.0 - Transferências da Política Nacional Aldir Blanc de Fomento à Cultura - Lei nº 14.399/2022;124755,47;13752
2024;Prefeitura Municipal de Areado - MG;3104304;MG;DCA-Anexo I-C;Padrão;Receitas Brutas Realizadas;RO1.7.1.9.99.0.0;1.7.1.9.99.0.0 - Outras Transferências de Recursos da União e de suas Entidades;48742,56;13752
2024;Prefeitura Municipal de Areado - MG;3104304;MG;DCA-Anexo I-C;Padrão;Receitas Brutas Realizadas;RO1.7.2.0.00.0.0;1.7.2.0.00.0.0 - Transferências dos Estados e do Distrito Federal e de suas Entidades;15554783,97;13752
2024;Prefeitura Municipal de Areado - MG;3104304;MG;DCA-Anexo I-C;Padrão;Deduções - FUNDEB;RO1.7.2.0.00.0.0;1.7.2.0.00.0.0 - Transferências dos Estados e do Distrito Federal e de suas Entidades;2155804,10;13752
2024;Prefeitura Municipal de Areado - MG;3104304;MG;DCA-Anexo I-C;Padrão;Receitas Brutas Realizadas;RO1.7.2.1.00.0.0;1.7.2.1.00.0.0 - Participação na Receita dos Estados e Distrito Federal;10801345,20;13752
2024;Prefeitura Municipal de Areado - MG;3104304;MG;DCA-Anexo I-C;Padrão;Deduções - FUNDEB;RO1.7.2.1.00.0.0;1.7.2.1.00.0.0 - Participação na Receita dos Estados e Distrito Federal;2155804,10;13752
2024;Prefeitura Municipal de Areado - MG;3104304;MG;DCA-Anexo I-C;Padrão;Receitas Brutas Realizadas;RO1.7.2.1.50.0.0;1.7.2.1.50.0.0 - Cota-Parte do ICMS;7243136,01;13752
2024;Prefeitura Municipal de Areado - MG;3104304;MG;DCA-Anexo I-C;Padrão;Deduções - FUNDEB;RO1.7.2.1.50.0.0;1.7.2.1.50.0.0 - Cota-Parte do ICMS;1448626,89;13752
2024;Prefeitura Municipal de Areado - MG;3104304;MG;DCA-Anexo I-C;Padrão;Receitas Brutas Realizadas;RO1.7.2.1.51.0.0;1.7.2.1.51.0.0 - Cota-Parte do IPVA;3441875,64;13752
2024;Prefeitura Municipal de Areado - MG;3104304;MG;DCA-Anexo I-C;Padrão;Deduções - FUNDEB;RO1.7.2.1.51.0.0;1.7.2.1.51.0.0 - Cota-Parte do IPVA;688373,96;13752
2024;Prefeitura Municipal de Areado - MG;3104304;MG;DCA-Anexo I-C;Padrão;Receitas Brutas Realizadas;RO1.7.2.1.52.0.0;1.7.2.1.52.0.0 - Cota-Parte do IPI - Municípios;94016,34;13752
2024;Prefeitura Municipal de Areado - MG;3104304;MG;DCA-Anexo I-C;Padrão;Deduções - FUNDEB;RO1.7.2.1.52.0.0;1.7.2.1.52.0.0 - Cota-Parte do IPI - Municípios;18803,25;13752
2024;Prefeitura Municipal de Areado - MG;3104304;MG;DCA-Anexo I-C;Padrão;Receitas Brutas Realizadas;RO1.7.2.1.53.0.0;1.7.2.1.53.0.0 - Cota-Parte da Contribuição de Intervenção no Domínio Econômico;22317,21;13752
2024;Prefeitura Municipal de Areado - MG;3104304;MG;DCA-Anexo I-C;Padrão;Receitas Brutas Realizadas;RO1.7.2.2.00.0.0;1.7.2.2.00.0.0 - Transferências das Compensações Financeiras pela Exploração de Recursos Naturais;1626414,01;13752
2024;Prefeitura Municipal de Areado - MG;3104304;MG;DCA-Anexo I-C;Padrão;Receitas Brutas Realizadas;RO1.7.2.2.50.0.0;1.7.2.2.50.0.0 - Cota-parte da Compensação Financeira de Recursos Hídricos;1626414,01;13752
2024;Prefeitura Municipal de Areado - MG;3104304;MG;DCA-Anexo I-C;Padrão;Receitas Brutas Realizadas;RO1.7.2.3.00.0.0;1.7.2.3.00.0.0 - Transferências de Recursos do Sistema Único de Saúde ¿ SUS;2358705,16;13752
2024;Prefeitura Municipal de Areado - MG;3104304;MG;DCA-Anexo I-C;Padrão;Receitas Brutas Realizadas;RO1.7.2.9.00.0.0;1.7.2.9.00.0.0 - Outras Transferências dos Estados e Distrito Federal;768319,60;13752
2024;Prefeitura Municipal de Areado - MG;3104304;MG;DCA-Anexo I-C;Padrão;Receitas Brutas Realizadas;RO1.7.2.9.51.0.0;1.7.2.9.51.0.0 - Transferências de Estados destinadas à Assistência Social;230849,60;13752
2024;Prefeitura Municipal de Areado - MG;3104304;MG;DCA-Anexo I-C;Padrão;Receitas Brutas Realizadas;RO1.7.2.9.52.0.0;1.7.2.9.52.0.0 - Transferências de Recursos Destinados a Programas de Educação;507470,00;13752
2024;Prefeitura Municipal de Areado - MG;3104304;MG;DCA-Anexo I-C;Padrão;Receitas Brutas Realizadas;RO1.7.2.9.99.0.0;1.7.2.9.99.0.0 - Outras Transferências dos Estados e DF;30000,00;13752
2024;Prefeitura Municipal de Areado - MG;3104304;MG;DCA-Anexo I-C;Padrão;Receitas Brutas Realizadas;RO1.7.5.0.00.0.0;1.7.5.0.00.0.0 - Transferências de Outras Instituições Públicas;8652750,95;13752
2024;Prefeitura Municipal de Areado - MG;3104304;MG;DCA-Anexo I-C;Padrão;Receitas Brutas Realizadas;RO1.7.5.1.00.0.0;1.7.5.1.00.0.0 - Transferências de Recursos do Fundo de Manutenção e Desenvolvimento da Educação Básica e de Valorização dos Profissionais da Educação - FUNDEB;8652750,95;13752
2024;Prefeitura Municipal de Areado - MG;3104304;MG;DCA-Anexo I-C;Padrão;Receitas Brutas Realizadas;RO1.9.0.0.00.0.0;1.9.0.0.00.0.0 - Outras Receitas Correntes;533815,75;13752
2024;Prefeitura Municipal de Areado - MG;3104304;MG;DCA-Anexo I-C;Padrão;Receitas Brutas Realizadas;RO1.9.1.0.00.0.0;1.9.1.0.00.0.0 - Multas Administrativas, Contratuais e Judiciais;1598,10;13752
2024;Prefeitura Municipal de Areado - MG;3104304;MG;DCA-Anexo I-C;Padrão;Receitas Brutas Realizadas;RO1.9.1.1.00.0.0;1.9.1.1.00.0.0 - Multas Administrativas, Contratuais e Judiciais;1598,10;13752
2024;Prefeitura Municipal de Areado - MG;3104304;MG;DCA-Anexo I-C;Padrão;Receitas Brutas Realizadas;RO1.9.1.1.01.0.0;1.9.1.1.01.0.0 - Multas Previstas em Legislação Específica;1598,10;13752
2024;Prefeitura Municipal de Areado - MG;3104304;MG;DCA-Anexo I-C;Padrão;Receitas Brutas Realizadas;RO1.9.2.0.00.0.0;1.9.2.0.00.0.0 - Indenizações, Restituições e Ressarcimentos;334581,51;13752
2024;Prefeitura Municipal de Areado - MG;3104304;MG;DCA-Anexo I-C;Padrão;Receitas Brutas Realizadas;RO1.9.2.2.00.0.0;1.9.2.2.00.0.0 - Restituições;334581,51;13752
2024;Prefeitura Municipal de Areado - MG;3104304;MG;DCA-Anexo I-C;Padrão;Receitas Brutas Realizadas;RO1.9.2.2.01.0.0;1.9.2.2.01.0.0 - Restituição de Convênios;218023,76;13752
2024;Prefeitura Municipal de Areado - MG;3104304;MG;DCA-Anexo I-C;Padrão;Receitas Brutas Realizadas;RO1.9.2.2.01.1.0;1.9.2.2.01.1.0 - Restituição de Convênios - Primárias;218023,76;13752
2024;Prefeitura Municipal de Areado - MG;3104304;MG;DCA-Anexo I-C;Padrão;Receitas Brutas Realizadas;RO1.9.2.2.99.0.0;1.9.2.2.99.0.0 - Outras Restituições;116557,75;13752
2024;Prefeitura Municipal de Areado - MG;3104304;MG;DCA-Anexo I-C;Padrão;Receitas Brutas Realizadas;RO1.9.4.0.00.0.0;1.9.4.0.00.0.0 - Multas e Juros de Mora das Receitas de Capital;30,00;13752
2024;Prefeitura Municipal de Areado - MG;3104304;MG;DCA-Anexo I-C;Padrão;Receitas Brutas Realizadas;RO1.9.4.1.00.0.0;1.9.4.1.00.0.0 - Multas e Juros de Mora das Alienações de Bens Móveis;30,00;13752
2024;Prefeitura Municipal de Areado - MG;3104304;MG;DCA-Anexo I-C;Padrão;Receitas Brutas Realizadas;RO1.9.4.1.03.0.0;1.9.4.1.03.0.0 - Multas e Juros de Mora de Alienação de Bens Móveis e Semoventes;30,00;13752
2024;Prefeitura Municipal de Areado - MG;3104304;MG;DCA-Anexo I-C;Padrão;Receitas Brutas Realizadas;RO1.9.9.0.00.0.0;1.9.9.0.00.0.0 - Demais Receitas Correntes;197606,14;13752
2024;Prefeitura Municipal de Areado - MG;3104304;MG;DCA-Anexo I-C;Padrão;Receitas Brutas Realizadas;RO1.9.9.9.00.0.0;1.9.9.9.00.0.0 - Outras Receitas Correntes;197606,14;13752
2024;Prefeitura Municipal de Areado - MG;3104304;MG;DCA-Anexo I-C;Padrão;Receitas Brutas Realizadas;RO1.9.9.9.99.0.0;1.9.9.9.99.0.0 - Outras Receitas;197606,14;13752
2024;Prefeitura Municipal de Areado - MG;3104304;MG;DCA-Anexo I-C;Padrão;Receitas Brutas Realizadas;RO1.9.9.9.99.2.0;1.9.9.9.99.2.0 - Outras Receitas Não Arrecadadas e Não Projetadas pela RFB - Primárias;197606,14;13752
2024;Prefeitura Municipal de Areado - MG;3104304;MG;DCA-Anexo I-C;Padrão;Receitas Brutas Realizadas;RO2.0.0.0.00.0.0;2.0.0.0.00.0.0 - Receitas de Capital;9123970,25;13752
2024;Prefeitura Municipal de Areado - MG;3104304;MG;DCA-Anexo I-C;Padrão;Receitas Brutas Realizadas;RO2.2.0.0.00.0.0;2.2.0.0.00.0.0 - Alienação de Bens;375228,30;13752
2024;Prefeitura Municipal de Areado - MG;3104304;MG;DCA-Anexo I-C;Padrão;Receitas Brutas Realizadas;RO2.2.1.0.00.0.0;2.2.1.0.00.0.0 - Alienação de Bens Móveis;335400,00;13752
2024;Prefeitura Municipal de Areado - MG;3104304;MG;DCA-Anexo I-C;Padrão;Receitas Brutas Realizadas;RO2.2.1.3.00.0.0;2.2.1.3.00.0.0 - Alienação de Bens Móveis e Semoventes;335400,00;13752
2024;Prefeitura Municipal de Areado - MG;3104304;MG;DCA-Anexo I-C;Padrão;Receitas Brutas Realizadas;RO2.2.2.0.00.0.0;2.2.2.0.00.0.0 - Alienação de Bens Imóveis;39828,30;13752
2024;Prefeitura Municipal de Areado - MG;3104304;MG;DCA-Anexo I-C;Padrão;Receitas Brutas Realizadas;RO2.4.0.0.00.0.0;2.4.0.0.00.0.0 - Transferências de Capital;8629490,21;13752
2024;Prefeitura Municipal de Areado - MG;3104304;MG;DCA-Anexo I-C;Padrão;Receitas Brutas Realizadas;RO2.4.1.0.00.0.0;2.4.1.0.00.0.0 - Transferências da União e de suas Entidades;3531626,05;13752
2024;Prefeitura Municipal de Areado - MG;3104304;MG;DCA-Anexo I-C;Padrão;Receitas Brutas Realizadas;RO2.4.1.1.00.0.0;2.4.1.1.00.0.0 - Transferências de Recursos do Sistema Único de Saúde - SUS;149299,00;13752
2024;Prefeitura Municipal de Areado - MG;3104304;MG;DCA-Anexo I-C;Padrão;Receitas Brutas Realizadas;RO2.4.1.1.51.0.0;2.4.1.1.51.0.0 - Transferências de Recursos do Sistema Único de Saúde ¿ SUS - Fundo a Fundo - Bloco de Estruturação da Rede de Serviços Públicos de Saúde;149299,00;13752
2024;Prefeitura Municipal de Areado - MG;3104304;MG;DCA-Anexo I-C;Padrão;Receitas Brutas Realizadas;RO2.4.1.1.51.1.0;2.4.1.1.51.1.0 - Transferências de Recursos do Bloco de Estruturação da Rede de Serviços Públicos de Saúde - Atenção Primária;149299,00;13752
2024;Prefeitura Municipal de Areado - MG;3104304;MG;DCA-Anexo I-C;Padrão;Receitas Brutas Realizadas;RO2.4.1.2.00.0.0;2.4.1.2.00.0.0 - Transferências de Recursos do Fundo Nacional do Desenvolvimento da Educação ¿ FNDE ;374329,35;13752
2024;Prefeitura Municipal de Areado - MG;3104304;MG;DCA-Anexo I-C;Padrão;Receitas Brutas Realizadas;RO2.4.1.2.50.0.0;2.4.1.2.50.0.0 - Transferências de Recursos Destinados a Programas de Educação;374329,35;13752
2024;Prefeitura Municipal de Areado - MG;3104304;MG;DCA-Anexo I-C;Padrão;Receitas Brutas Realizadas;RO2.4.1.2.50.1.0;2.4.1.2.50.1.0 - Transferências para o Programa de Apoio ao Transporte Escolar para Educação Básica - CAMINHO DA ESCOLA;374329,35;13752
2024;Prefeitura Municipal de Areado - MG;3104304;MG;DCA-Anexo I-C;Padrão;Receitas Brutas Realizadas;RO2.4.1.4.00.0.0;2.4.1.4.00.0.0 - Transferências de Convênios da União e de suas Entidades ;1707997,70;13752
2024;Prefeitura Municipal de Areado - MG;3104304;MG;DCA-Anexo I-C;Padrão;Receitas Brutas Realizadas;RO2.4.1.4.51.0.0;2.4.1.4.51.0.0 - Transferências de Convênios da União destinadas a Programas de Educação;473674,54;13752
2024;Prefeitura Municipal de Areado - MG;3104304;MG;DCA-Anexo I-C;Padrão;Receitas Brutas Realizadas;RO2.4.1.4.99.0.0;2.4.1.4.99.0.0 - Outras Transferências de Convênios da União e de Suas Entidades;1234323,16;13752
2024;Prefeitura Municipal de Areado - MG;3104304;MG;DCA-Anexo I-C;Padrão;Receitas Brutas Realizadas;RO2.4.1.9.00.0.0;2.4.1.9.00.0.0 - Outras Transferências de Recursos da União e de suas Entidades;1300000,00;13752
2024;Prefeitura Municipal de Areado - MG;3104304;MG;DCA-Anexo I-C;Padrão;Receitas Brutas Realizadas;RO2.4.1.9.51.0.0;2.4.1.9.51.0.0 - Transferência Especial da União;1300000,00;13752
2024;Prefeitura Municipal de Areado - MG;3104304;MG;DCA-Anexo I-C;Padrão;Receitas Brutas Realizadas;RO2.4.2.0.00.0.0;2.4.2.0.00.0.0 - Transferências dos Estados e do Distrito Federal e de suas Entidades;5097864,16;13752
2024;Prefeitura Municipal de Areado - MG;3104304;MG;DCA-Anexo I-C;Padrão;Receitas Brutas Realizadas;RO2.4.2.1.00.0.0;2.4.2.1.00.0.0 - Transferências de Recursos do Sistema Único de Saúde ¿ SUS dos Estados e DF;3089181,66;13752
2024;Prefeitura Municipal de Areado - MG;3104304;MG;DCA-Anexo I-C;Padrão;Receitas Brutas Realizadas;RO2.4.2.1.50.0.0;2.4.2.1.50.0.0 - Transferências de Recursos do Sistema Único de Saúde ¿ SUS;3089181,66;13752
2024;Prefeitura Municipal de Areado - MG;3104304;MG;DCA-Anexo I-C;Padrão;Receitas Brutas Realizadas;RO2.4.2.2.00.0.0;2.4.2.2.00.0.0 - Transferências de Convênios dos Estados e DF e de Suas Entidades ;1008682,50;13752
2024;Prefeitura Municipal de Areado - MG;3104304;MG;DCA-Anexo I-C;Padrão;Receitas Brutas Realizadas;RO2.4.2.2.54.0.0;2.4.2.2.54.0.0 - Transferências de Convênios dos Estados destinadas a Programas de Infraestrutura em Transporte;500000,00;13752
2024;Prefeitura Municipal de Areado - MG;3104304;MG;DCA-Anexo I-C;Padrão;Receitas Brutas Realizadas;RO2.4.2.2.99.0.0;2.4.2.2.99.0.0 - Outras Transferências de Convênios dos Estados e DF e de Suas Entidades;508682,50;13752
2024;Prefeitura Municipal de Areado - MG;3104304;MG;DCA-Anexo I-C;Padrão;Receitas Brutas Realizadas;RO2.4.2.9.00.0.0;2.4.2.9.00.0.0 - Outras Transferências de Recursos dos Estados;1000000,00;13752
2024;Prefeitura Municipal de Areado - MG;3104304;MG;DCA-Anexo I-C;Padrão;Receitas Brutas Realizadas;RO2.4.2.9.99.0.0;2.4.2.9.99.0.0 - Outras Transferências de Recursos dos Estados;1000000,00;13752
2024;Prefeitura Municipal de Areado - MG;3104304;MG;DCA-Anexo I-C;Padrão;Receitas Brutas Realizadas;RO2.9.0.0.00.0.0;2.9.0.0.00.0.0 - Outras Receitas de Capital;119251,74;13752
2024;Prefeitura Municipal de Areado - MG;3104304;MG;DCA-Anexo I-C;Padrão;Receitas Brutas Realizadas;RO2.9.9.0.00.0.0;2.9.9.0.00.0.0 - Demais Receitas de Capital;119251,74;13752
2024;Prefeitura Municipal de Areado - MG;3104304;MG;DCA-Anexo I-C;Padrão;Receitas Brutas Realizadas;RO2.9.9.9.00.0.0;2.9.9.9.00.0.0 - Outras Receitas de Capital;119251,74;13752
2024;Prefeitura Municipal de Areado - MG;3104304;MG;DCA-Anexo I-C;Padrão;Receitas Brutas Realizadas;RO2.9.9.9.99.0.0;2.9.9.9.99.0.0 - Outras Receitas de Capital;119251,74;13752
2024;Prefeitura Municipal de Areado - MG;3104304;MG;DCA-Anexo I-C;Padrão;Receitas Brutas Realizadas;TotalReceitas;TOTAL DAS RECEITAS (III) = (I + II);81656817,97;13752
2024;Prefeitura Municipal de Areado - MG;3104304;MG;DCA-Anexo I-C;Padrão;Deduções - FUNDEB;TotalReceitas;TOTAL DAS RECEITAS (III) = (I + II);7781072,30;13752
2024;Prefeitura Municipal de Areado - MG;3104304;MG;DCA-Anexo I-C;Padrão;Outras Deduções da Receita;TotalReceitas;TOTAL DAS RECEITAS (III) = (I + II);21909,43;13752
