exercicio;instituicao;cod_ibge;uf;anexo;rotulo;coluna;cod_conta;conta;valor;populacao
2014;Prefeitura Municipal de Serra do Mel - RN;2413359;RN;DCA-Anexo I-C;NA;Receitas Brutas Realizadas;TotalReceitas;Total Receitas;24835771,19;11336
2014;Prefeitura Municipal de Serra do Mel - RN;2413359;RN;DCA-Anexo I-C;NA;Deduções - FUNDEB;TotalReceitas;Total Receitas;2369152,31;11336
2014;Prefeitura Municipal de Serra do Mel - RN;2413359;RN;DCA-Anexo I-C;NA;Receitas Brutas Realizadas;RO1.0.0.0.00.00.00;1.0.0.0.00.00.00 - Receitas Correntes;24409921,19;11336
2014;Prefeitura Municipal de Serra do Mel - RN;2413359;RN;DCA-Anexo I-C;NA;Deduções - FUNDEB;RO1.0.0.0.00.00.00;1.0.0.0.00.00.00 - Receitas Correntes;2369152,31;11336
2014;Prefeitura Municipal de Serra do Mel - RN;2413359;RN;DCA-Anexo I-C;NA;Receitas Brutas Realizadas;RO1.1.0.0.00.00.00;1.1.0.0.00.00.00 - Receita Tributária;1546346,89;11336
2014;Prefeitura Municipal de Serra do Mel - RN;2413359;RN;DCA-Anexo I-C;NA;Receitas Brutas Realizadas;RO1.1.1.0.00.00.00;1.1.1.0.00.00.00 - Impostos;1520156,65;11336
2014;Prefeitura Municipal de Serra do Mel - RN;2413359;RN;DCA-Anexo I-C;NA;Receitas Brutas Realizadas;RO1.1.1.2.00.00.00;1.1.1.2.00.00.00 - Impostos sobre o Patrimônio e a Renda;316600,49;11336
2014;Prefeitura Municipal de Serra do Mel - RN;2413359;RN;DCA-Anexo I-C;NA;Receitas Brutas Realizadas;RO1.1.1.2.02.00.00;1.1.1.2.02.00.00 - Imposto sobre a Propriedade Predial e Territorial Urbana ¿ IPTU;1491,91;11336
2014;Prefeitura Municipal de Serra do Mel - RN;2413359;RN;DCA-Anexo I-C;NA;Receitas Brutas Realizadas;RO1.1.1.2.04.00.00;1.1.1.2.04.00.00 - Imposto sobre a Renda e Proventos de Qualquer Natureza ¿ IR;297365,05;11336
2014;Prefeitura Municipal de Serra do Mel - RN;2413359;RN;DCA-Anexo I-C;NA;Receitas Brutas Realizadas;RO1.1.1.2.04.31.00;1.1.1.2.04.31.00 - Retido nas Fontes - Trabalho;297365,05;11336
2014;Prefeitura Municipal de Serra do Mel - RN;2413359;RN;DCA-Anexo I-C;NA;Receitas Brutas Realizadas;RO1.1.1.2.08.00.00;"1.1.1.2.08.00.00 - Imposto sobre Transmissão ""Inter Vivos"" de Bens Imóveis e de Direitos Reais sobre Imóveis ¿ ITBI";17743,53;11336
2014;Prefeitura Municipal de Serra do Mel - RN;2413359;RN;DCA-Anexo I-C;NA;Receitas Brutas Realizadas;RO1.1.1.3.00.00.00;1.1.1.3.00.00.00 - Impostos sobre a Produção e a Circulação;1203556,16;11336
2014;Prefeitura Municipal de Serra do Mel - RN;2413359;RN;DCA-Anexo I-C;NA;Receitas Brutas Realizadas;RO1.1.1.3.05.00.00;1.1.1.3.05.00.00 - Imposto sobre Serviços de Qualquer Natureza ¿ ISSQN;1203556,16;11336
2014;Prefeitura Municipal de Serra do Mel - RN;2413359;RN;DCA-Anexo I-C;NA;Receitas Brutas Realizadas;RO1.1.2.0.00.00.00;1.1.2.0.00.00.00 - Taxas;26190,24;11336
2014;Prefeitura Municipal de Serra do Mel - RN;2413359;RN;DCA-Anexo I-C;NA;Receitas Brutas Realizadas;RO1.1.2.1.00.00.00;1.1.2.1.00.00.00 - Taxas pelo Exercício do Poder de Polícia;10770,88;11336
2014;Prefeitura Municipal de Serra do Mel - RN;2413359;RN;DCA-Anexo I-C;NA;Receitas Brutas Realizadas;RO1.1.2.2.00.00.00;1.1.2.2.00.00.00 - Taxas pela Prestação de Serviços;15419,36;11336
2014;Prefeitura Municipal de Serra do Mel - RN;2413359;RN;DCA-Anexo I-C;NA;Receitas Brutas Realizadas;RO1.2.0.0.00.00.00;1.2.0.0.00.00.00 - Receitas de Contribuições;201795,21;11336
2014;Prefeitura Municipal de Serra do Mel - RN;2413359;RN;DCA-Anexo I-C;NA;Receitas Brutas Realizadas;RO1.2.3.0.00.00.00;1.2.3.0.00.00.00 - Contribuição para Custeio do Serviço de Iluminação Pública;201795,21;11336
2014;Prefeitura Municipal de Serra do Mel - RN;2413359;RN;DCA-Anexo I-C;NA;Receitas Brutas Realizadas;RO1.3.0.0.00.00.00;1.3.0.0.00.00.00 - Receita Patrimonial;97814,97;11336
2014;Prefeitura Municipal de Serra do Mel - RN;2413359;RN;DCA-Anexo I-C;NA;Receitas Brutas Realizadas;RO1.3.2.0.00.00.00;1.3.2.0.00.00.00 - Receitas de Valores Mobiliários;97814,97;11336
2014;Prefeitura Municipal de Serra do Mel - RN;2413359;RN;DCA-Anexo I-C;NA;Receitas Brutas Realizadas;RO1.3.2.5.00.00.00;1.3.2.5.00.00.00 - Remuneração de Depósitos Bancários;97814,97;11336
2014;Prefeitura Municipal de Serra do Mel - RN;2413359;RN;DCA-Anexo I-C;NA;Receitas Brutas Realizadas;RO1.7.0.0.00.00.00;1.7.0.0.00.00.00 - Transferências Correntes;22507370,04;11336
2014;Prefeitura Municipal de Serra do Mel - RN;2413359;RN;DCA-Anexo I-C;NA;Deduções - FUNDEB;RO1.7.0.0.00.00.00;1.7.0.0.00.00.00 - Transferências Correntes;2369152,31;11336
2014;Prefeitura Municipal de Serra do Mel - RN;2413359;RN;DCA-Anexo I-C;NA;Receitas Brutas Realizadas;RO1.7.2.0.00.00.00;1.7.2.0.00.00.00 - Transferências Intergovernamentais;22507370,04;11336
2014;Prefeitura Municipal de Serra do Mel - RN;2413359;RN;DCA-Anexo I-C;NA;Deduções - FUNDEB;RO1.7.2.0.00.00.00;1.7.2.0.00.00.00 - Transferências Intergovernamentais;2369152,31;11336
2014;Prefeitura Municipal de Serra do Mel - RN;2413359;RN;DCA-Anexo I-C;NA;Receitas Brutas Realizadas;RO1.7.2.1.00.00.00;1.7.2.1.00.00.00 - Transferências da União;13738406,05;11336
2014;Prefeitura Municipal de Serra do Mel - RN;2413359;RN;DCA-Anexo I-C;NA;Deduções - FUNDEB;RO1.7.2.1.00.00.00;1.7.2.1.00.00.00 - Transferências da União;1766572,57;11336
2014;Prefeitura Municipal de Serra do Mel - RN;2413359;RN;DCA-Anexo I-C;NA;Receitas Brutas Realizadas;RO1.7.2.1.01.00.00;1.7.2.1.01.00.00 - Participação na Receita da União;9219714,13;11336
2014;Prefeitura Municipal de Serra do Mel - RN;2413359;RN;DCA-Anexo I-C;NA;Deduções - FUNDEB;RO1.7.2.1.01.00.00;1.7.2.1.01.00.00 - Participação na Receita da União;1765630,57;11336
2014;Prefeitura Municipal de Serra do Mel - RN;2413359;RN;DCA-Anexo I-C;NA;Receitas Brutas Realizadas;RO1.7.2.1.01.02.00;1.7.2.1.01.02.00 - Cota-Parte do Fundo de Participação dos Municípios ¿ FPM;9214165,42;11336
2014;Prefeitura Municipal de Serra do Mel - RN;2413359;RN;DCA-Anexo I-C;NA;Deduções - FUNDEB;RO1.7.2.1.01.02.00;1.7.2.1.01.02.00 - Cota-Parte do Fundo de Participação dos Municípios ¿ FPM;1764520,92;11336
2014;Prefeitura Municipal de Serra do Mel - RN;2413359;RN;DCA-Anexo I-C;NA;Receitas Brutas Realizadas;RO1.7.2.1.01.05.00;1.7.2.1.01.05.00 - Cota-Parte do Imposto Sobre a Propriedade Territorial Rural ¿ ITR;5548,71;11336
2014;Prefeitura Municipal de Serra do Mel - RN;2413359;RN;DCA-Anexo I-C;NA;Deduções - FUNDEB;RO1.7.2.1.01.05.00;1.7.2.1.01.05.00 - Cota-Parte do Imposto Sobre a Propriedade Territorial Rural ¿ ITR;1109,65;11336
2014;Prefeitura Municipal de Serra do Mel - RN;2413359;RN;DCA-Anexo I-C;NA;Receitas Brutas Realizadas;RO1.7.2.1.22.00.00;1.7.2.1.22.00.00 - Transferências da Compensação Financeira pela Exploração de Recursos Naturais;2164377,83;11336
2014;Prefeitura Municipal de Serra do Mel - RN;2413359;RN;DCA-Anexo I-C;NA;Receitas Brutas Realizadas;RO1.7.2.1.22.30.00;1.7.2.1.22.30.00 - Cota-Parte Royalties ¿ Compensação Financeira pela Produção de Petróleo ¿ Lei nº 7.990/89;1646594,74;11336
2014;Prefeitura Municipal de Serra do Mel - RN;2413359;RN;DCA-Anexo I-C;NA;Receitas Brutas Realizadas;RO1.7.2.1.22.40.00;1.7.2.1.22.40.00 - Cota-Parte Royalties pelo Excedente da Produção do Petróleo - Lei nº 9.478/97 artigo 49 I e II;506984,13;11336
2014;Prefeitura Municipal de Serra do Mel - RN;2413359;RN;DCA-Anexo I-C;NA;Receitas Brutas Realizadas;RO1.7.2.1.22.70.00;1.7.2.1.22.70.00 - Cota-Parte do Fundo Especial do Petróleo ¿ FEP;10798,96;11336
2014;Prefeitura Municipal de Serra do Mel - RN;2413359;RN;DCA-Anexo I-C;NA;Receitas Brutas Realizadas;RO1.7.2.1.33.00.00;1.7.2.1.33.00.00 - Transferências de Recursos do Sistema Único de Saúde - SUS - Repasses Fundo a Fundo;1363847,07;11336
2014;Prefeitura Municipal de Serra do Mel - RN;2413359;RN;DCA-Anexo I-C;NA;Receitas Brutas Realizadas;RO1.7.2.1.34.00.00;1.7.2.1.34.00.00 - Transferências de Recursos do Fundo Nacional de Assistência Social ¿ FNAS;218599,65;11336
2014;Prefeitura Municipal de Serra do Mel - RN;2413359;RN;DCA-Anexo I-C;NA;Receitas Brutas Realizadas;RO1.7.2.1.35.00.00;1.7.2.1.35.00.00 - Transferências de Recursos do Fundo Nacional do Desenvolvimento da Educação ¿ FNDE;588225,16;11336
2014;Prefeitura Municipal de Serra do Mel - RN;2413359;RN;DCA-Anexo I-C;NA;Receitas Brutas Realizadas;RO1.7.2.1.36.00.00;1.7.2.1.36.00.00 - Transferências Financeiras do ICMS ¿ Desoneração ¿ L.C. Nº 87/96;4710,12;11336
2014;Prefeitura Municipal de Serra do Mel - RN;2413359;RN;DCA-Anexo I-C;NA;Deduções - FUNDEB;RO1.7.2.1.36.00.00;1.7.2.1.36.00.00 - Transferências Financeiras do ICMS ¿ Desoneração ¿ L.C. Nº 87/96;942,00;11336
2014;Prefeitura Municipal de Serra do Mel - RN;2413359;RN;DCA-Anexo I-C;NA;Receitas Brutas Realizadas;RO1.7.2.1.99.00.00;1.7.2.1.99.00.00 - Outras Transferências da União;178932,09;11336
2014;Prefeitura Municipal de Serra do Mel - RN;2413359;RN;DCA-Anexo I-C;NA;Receitas Brutas Realizadas;RO1.7.2.2.00.00.00;1.7.2.2.00.00.00 - Transferências dos Estados;3116299,06;11336
2014;Prefeitura Municipal de Serra do Mel - RN;2413359;RN;DCA-Anexo I-C;NA;Deduções - FUNDEB;RO1.7.2.2.00.00.00;1.7.2.2.00.00.00 - Transferências dos Estados;602579,74;11336
2014;Prefeitura Municipal de Serra do Mel - RN;2413359;RN;DCA-Anexo I-C;NA;Receitas Brutas Realizadas;RO1.7.2.2.01.00.00;1.7.2.2.01.00.00 - Participação na Receita dos Estados;3013962,43;11336
2014;Prefeitura Municipal de Serra do Mel - RN;2413359;RN;DCA-Anexo I-C;NA;Deduções - FUNDEB;RO1.7.2.2.01.00.00;1.7.2.2.01.00.00 - Participação na Receita dos Estados;602579,74;11336
2014;Prefeitura Municipal de Serra do Mel - RN;2413359;RN;DCA-Anexo I-C;NA;Receitas Brutas Realizadas;RO1.7.2.2.01.01.00;1.7.2.2.01.01.00 - Cota-Parte do ICMS;2830983,85;11336
2014;Prefeitura Municipal de Serra do Mel - RN;2413359;RN;DCA-Anexo I-C;NA;Deduções - FUNDEB;RO1.7.2.2.01.01.00;1.7.2.2.01.01.00 - Cota-Parte do ICMS;559700,86;11336
2014;Prefeitura Municipal de Serra do Mel - RN;2413359;RN;DCA-Anexo I-C;NA;Receitas Brutas Realizadas;RO1.7.2.2.01.02.00;1.7.2.2.01.02.00 - Cota-Parte do IPVA;177867,23;11336
2014;Prefeitura Municipal de Serra do Mel - RN;2413359;RN;DCA-Anexo I-C;NA;Deduções - FUNDEB;RO1.7.2.2.01.02.00;1.7.2.2.01.02.00 - Cota-Parte do IPVA;42229,89;11336
2014;Prefeitura Municipal de Serra do Mel - RN;2413359;RN;DCA-Anexo I-C;NA;Receitas Brutas Realizadas;RO1.7.2.2.01.04.00;1.7.2.2.01.04.00 - Cota-Parte do IPI sobre Exportação;2854,48;11336
2014;Prefeitura Municipal de Serra do Mel - RN;2413359;RN;DCA-Anexo I-C;NA;Deduções - FUNDEB;RO1.7.2.2.01.04.00;1.7.2.2.01.04.00 - Cota-Parte do IPI sobre Exportação;648,99;11336
2014;Prefeitura Municipal de Serra do Mel - RN;2413359;RN;DCA-Anexo I-C;NA;Receitas Brutas Realizadas;RO1.7.2.2.01.13.00;1.7.2.2.01.13.00 - Cota-Parte da Contribuição de Intervenção no Domínio Econômico;2256,87;11336
2014;Prefeitura Municipal de Serra do Mel - RN;2413359;RN;DCA-Anexo I-C;NA;Receitas Brutas Realizadas;RO1.7.2.2.22.00.00;1.7.2.2.22.00.00 - Transferências da Cota-Parte da Compensação Financeira (25%);102336,63;11336
2014;Prefeitura Municipal de Serra do Mel - RN;2413359;RN;DCA-Anexo I-C;NA;Receitas Brutas Realizadas;RO1.7.2.2.22.30.00;1.7.2.2.22.30.00 - Cota-Parte Royalties - Compensação Financeira pela Produção de Petróleo - Lei nº 7.990/89 artigo 9º;102336,63;11336
2014;Prefeitura Municipal de Serra do Mel - RN;2413359;RN;DCA-Anexo I-C;NA;Receitas Brutas Realizadas;RO1.7.2.4.00.00.00;1.7.2.4.00.00.00 - Transferências Multigovernamentais;5652664,93;11336
2014;Prefeitura Municipal de Serra do Mel - RN;2413359;RN;DCA-Anexo I-C;NA;Receitas Brutas Realizadas;RO1.7.2.4.01.00.00;1.7.2.4.01.00.00 - Transferências de Recursos do Fundo de Manutenção e Desenvolvimento do Ensino Fundamental e de Valorização do Magistério - FUNDEB;5652664,93;11336
2014;Prefeitura Municipal de Serra do Mel - RN;2413359;RN;DCA-Anexo I-C;NA;Receitas Brutas Realizadas;RO1.9.0.0.00.00.00;1.9.0.0.00.00.00 - Outras Receitas Correntes;56594,08;11336
2014;Prefeitura Municipal de Serra do Mel - RN;2413359;RN;DCA-Anexo I-C;NA;Receitas Brutas Realizadas;RO1.9.2.0.00.00.00;1.9.2.0.00.00.00 - Indenizações e Restituições;56594,08;11336
2014;Prefeitura Municipal de Serra do Mel - RN;2413359;RN;DCA-Anexo I-C;NA;Receitas Brutas Realizadas;RO1.9.2.2.00.00.00;1.9.2.2.00.00.00 - Restituições;56594,08;11336
2014;Prefeitura Municipal de Serra do Mel - RN;2413359;RN;DCA-Anexo I-C;NA;Receitas Brutas Realizadas;RO1.9.2.2.99.00.00;1.9.2.2.99.00.00 - Outras Restituições;56594,08;11336
2014;Prefeitura Municipal de Serra do Mel - RN;2413359;RN;DCA-Anexo I-C;NA;Receitas Brutas Realizadas;RO2.0.0.0.00.00.00;2.0.0.0.00.00.00 - Receitas de Capital;425850,00;11336
2014;Prefeitura Municipal de Serra do Mel - RN;2413359;RN;DCA-Anexo I-C;NA;Receitas Brutas Realizadas;RO2.2.0.0.00.00.00;2.2.0.0.00.00.00 - Alienação de Bens;26100,00;11336
2014;Prefeitura Municipal de Serra do Mel - RN;2413359;RN;DCA-Anexo I-C;NA;Receitas Brutas Realizadas;RO2.2.1.0.00.00.00;2.2.1.0.00.00.00 - Alienação de Bens Móveis;26100,00;11336
2014;Prefeitura Municipal de Serra do Mel - RN;2413359;RN;DCA-Anexo I-C;NA;Receitas Brutas Realizadas;RO2.4.0.0.00.00.00;2.4.0.0.00.00.00 - Transferências de Capital;399750,00;11336
2014;Prefeitura Municipal de Serra do Mel - RN;2413359;RN;DCA-Anexo I-C;NA;Receitas Brutas Realizadas;RO2.4.2.0.00.00.00;2.4.2.0.00.00.00 - Transferências Intergovernamentais;399750,00;11336
2014;Prefeitura Municipal de Serra do Mel - RN;2413359;RN;DCA-Anexo I-C;NA;Receitas Brutas Realizadas;RO2.4.2.1.00.00.00;2.4.2.1.00.00.00 - Transferências da União;399750,00;11336
2014;Prefeitura Municipal de Serra do Mel - RN;2413359;RN;DCA-Anexo I-C;NA;Receitas Brutas Realizadas;RO2.4.2.1.99.00.00;2.4.2.1.99.00.00 - Outras Transferências da União;399750,00;11336
2015;Prefeitura Municipal de Serra do Mel - RN;2413359;RN;DCA-Anexo I-C;NA;Receitas Brutas Realizadas;TotalReceitas;Total Receitas;43370634,02;11336
2015;Prefeitura Municipal de Serra do Mel - RN;2413359;RN;DCA-Anexo I-C;NA;Deduções - FUNDEB;TotalReceitas;Total Receitas;2475977,71;11336
2015;Prefeitura Municipal de Serra do Mel - RN;2413359;RN;DCA-Anexo I-C;NA;Receitas Brutas Realizadas;RO1.0.0.0.00.00.00;1.0.0.0.00.00.00 - Receitas Correntes;43174832,55;11336
2015;Prefeitura Municipal de Serra do Mel - RN;2413359;RN;DCA-Anexo I-C;NA;Deduções - FUNDEB;RO1.0.0.0.00.00.00;1.0.0.0.00.00.00 - Receitas Correntes;2475977,71;11336
2015;Prefeitura Municipal de Serra do Mel - RN;2413359;RN;DCA-Anexo I-C;NA;Receitas Brutas Realizadas;RO1.1.0.0.00.00.00;1.1.0.0.00.00.00 - Receita Tributária;2688287,88;11336
2015;Prefeitura Municipal de Serra do Mel - RN;2413359;RN;DCA-Anexo I-C;NA;Receitas Brutas Realizadas;RO1.1.1.0.00.00.00;1.1.1.0.00.00.00 - Impostos;2676839,06;11336
2015;Prefeitura Municipal de Serra do Mel - RN;2413359;RN;DCA-Anexo I-C;NA;Receitas Brutas Realizadas;RO1.1.1.2.00.00.00;1.1.1.2.00.00.00 - Impostos sobre o Patrimônio e a Renda;487726,72;11336
2015;Prefeitura Municipal de Serra do Mel - RN;2413359;RN;DCA-Anexo I-C;NA;Receitas Brutas Realizadas;RO1.1.1.2.02.00.00;1.1.1.2.02.00.00 - Imposto sobre a Propriedade Predial e Territorial Urbana ¿ IPTU;282,68;11336
2015;Prefeitura Municipal de Serra do Mel - RN;2413359;RN;DCA-Anexo I-C;NA;Receitas Brutas Realizadas;RO1.1.1.2.04.00.00;1.1.1.2.04.00.00 - Imposto sobre a Renda e Proventos de Qualquer Natureza ¿ IR;483189,04;11336
2015;Prefeitura Municipal de Serra do Mel - RN;2413359;RN;DCA-Anexo I-C;NA;Receitas Brutas Realizadas;RO1.1.1.2.04.31.00;1.1.1.2.04.31.00 - Retido nas Fontes - Trabalho;483189,04;11336
2015;Prefeitura Municipal de Serra do Mel - RN;2413359;RN;DCA-Anexo I-C;NA;Receitas Brutas Realizadas;RO1.1.1.2.08.00.00;"1.1.1.2.08.00.00 - Imposto sobre Transmissão ""Inter Vivos"" de Bens Imóveis e de Direitos Reais sobre Imóveis ¿ ITBI";4255,00;11336
2015;Prefeitura Municipal de Serra do Mel - RN;2413359;RN;DCA-Anexo I-C;NA;Receitas Brutas Realizadas;RO1.1.1.3.00.00.00;1.1.1.3.00.00.00 - Impostos sobre a Produção e a Circulação;2189112,34;11336
2015;Prefeitura Municipal de Serra do Mel - RN;2413359;RN;DCA-Anexo I-C;NA;Receitas Brutas Realizadas;RO1.1.1.3.05.00.00;1.1.1.3.05.00.00 - Imposto sobre Serviços de Qualquer Natureza ¿ ISSQN;2189112,34;11336
2015;Prefeitura Municipal de Serra do Mel - RN;2413359;RN;DCA-Anexo I-C;NA;Receitas Brutas Realizadas;RO1.1.2.0.00.00.00;1.1.2.0.00.00.00 - Taxas;11448,82;11336
2015;Prefeitura Municipal de Serra do Mel - RN;2413359;RN;DCA-Anexo I-C;NA;Receitas Brutas Realizadas;RO1.1.2.1.00.00.00;1.1.2.1.00.00.00 - Taxas pelo Exercício do Poder de Polícia;75,00;11336
2015;Prefeitura Municipal de Serra do Mel - RN;2413359;RN;DCA-Anexo I-C;NA;Receitas Brutas Realizadas;RO1.1.2.2.00.00.00;1.1.2.2.00.00.00 - Taxas pela Prestação de Serviços;11373,82;11336
2015;Prefeitura Municipal de Serra do Mel - RN;2413359;RN;DCA-Anexo I-C;NA;Receitas Brutas Realizadas;RO1.2.0.0.00.00.00;1.2.0.0.00.00.00 - Receitas de Contribuições;296241,36;11336
2015;Prefeitura Municipal de Serra do Mel - RN;2413359;RN;DCA-Anexo I-C;NA;Receitas Brutas Realizadas;RO1.2.3.0.00.00.00;1.2.3.0.00.00.00 - Contribuição para Custeio do Serviço de Iluminação Pública;296241,36;11336
2015;Prefeitura Municipal de Serra do Mel - RN;2413359;RN;DCA-Anexo I-C;NA;Receitas Brutas Realizadas;RO1.3.0.0.00.00.00;1.3.0.0.00.00.00 - Receita Patrimonial;318619,42;11336
2015;Prefeitura Municipal de Serra do Mel - RN;2413359;RN;DCA-Anexo I-C;NA;Receitas Brutas Realizadas;RO1.3.2.0.00.00.00;1.3.2.0.00.00.00 - Receitas de Valores Mobiliários;318619,42;11336
2015;Prefeitura Municipal de Serra do Mel - RN;2413359;RN;DCA-Anexo I-C;NA;Receitas Brutas Realizadas;RO1.3.2.5.00.00.00;1.3.2.5.00.00.00 - Remuneração de Depósitos Bancários;318619,42;11336
2015;Prefeitura Municipal de Serra do Mel - RN;2413359;RN;DCA-Anexo I-C;NA;Receitas Brutas Realizadas;RO1.7.0.0.00.00.00;1.7.0.0.00.00.00 - Transferências Correntes;39869704,83;11336
2015;Prefeitura Municipal de Serra do Mel - RN;2413359;RN;DCA-Anexo I-C;NA;Deduções - FUNDEB;RO1.7.0.0.00.00.00;1.7.0.0.00.00.00 - Transferências Correntes;2475977,71;11336
2015;Prefeitura Municipal de Serra do Mel - RN;2413359;RN;DCA-Anexo I-C;NA;Receitas Brutas Realizadas;RO1.7.2.0.00.00.00;1.7.2.0.00.00.00 - Transferências Intergovernamentais;39869704,83;11336
2015;Prefeitura Municipal de Serra do Mel - RN;2413359;RN;DCA-Anexo I-C;NA;Deduções - FUNDEB;RO1.7.2.0.00.00.00;1.7.2.0.00.00.00 - Transferências Intergovernamentais;2475977,71;11336
2015;Prefeitura Municipal de Serra do Mel - RN;2413359;RN;DCA-Anexo I-C;NA;Receitas Brutas Realizadas;RO1.7.2.1.00.00.00;1.7.2.1.00.00.00 - Transferências da União;30107120,02;11336
2015;Prefeitura Municipal de Serra do Mel - RN;2413359;RN;DCA-Anexo I-C;NA;Deduções - FUNDEB;RO1.7.2.1.00.00.00;1.7.2.1.00.00.00 - Transferências da União;1855463,82;11336
2015;Prefeitura Municipal de Serra do Mel - RN;2413359;RN;DCA-Anexo I-C;NA;Receitas Brutas Realizadas;RO1.7.2.1.01.00.00;1.7.2.1.01.00.00 - Participação na Receita da União;9788314,06;11336
2015;Prefeitura Municipal de Serra do Mel - RN;2413359;RN;DCA-Anexo I-C;NA;Deduções - FUNDEB;RO1.7.2.1.01.00.00;1.7.2.1.01.00.00 - Participação na Receita da União;1854536,97;11336
2015;Prefeitura Municipal de Serra do Mel - RN;2413359;RN;DCA-Anexo I-C;NA;Receitas Brutas Realizadas;RO1.7.2.1.01.02.00;1.7.2.1.01.02.00 - Cota-Parte do Fundo de Participação dos Municípios ¿ FPM;9266251,90;11336
2015;Prefeitura Municipal de Serra do Mel - RN;2413359;RN;DCA-Anexo I-C;NA;Deduções - FUNDEB;RO1.7.2.1.01.02.00;1.7.2.1.01.02.00 - Cota-Parte do Fundo de Participação dos Municípios ¿ FPM;1853234,87;11336
2015;Prefeitura Municipal de Serra do Mel - RN;2413359;RN;DCA-Anexo I-C;NA;Receitas Brutas Realizadas;RO1.7.2.1.01.03.00;1.7.2.1.01.03.00 - Cota-Parte do Fundo de Participação dos Municípios - 1% Cota Anual;405855,39;11336
2015;Prefeitura Municipal de Serra do Mel - RN;2413359;RN;DCA-Anexo I-C;NA;Receitas Brutas Realizadas;RO1.7.2.1.01.04.00;1.7.2.1.01.04.00 - Cota-Parte do Fundo de Participação dos Municípios - 1% Cota entregue no mês de julho (67)(I);109696,25;11336
2015;Prefeitura Municipal de Serra do Mel - RN;2413359;RN;DCA-Anexo I-C;NA;Receitas Brutas Realizadas;RO1.7.2.1.01.05.00;1.7.2.1.01.05.00 - Cota-Parte do Imposto Sobre a Propriedade Territorial Rural ¿ ITR;6510,52;11336
2015;Prefeitura Municipal de Serra do Mel - RN;2413359;RN;DCA-Anexo I-C;NA;Deduções - FUNDEB;RO1.7.2.1.01.05.00;1.7.2.1.01.05.00 - Cota-Parte do Imposto Sobre a Propriedade Territorial Rural ¿ ITR;1302,10;11336
2015;Prefeitura Municipal de Serra do Mel - RN;2413359;RN;DCA-Anexo I-C;NA;Receitas Brutas Realizadas;RO1.7.2.1.22.00.00;1.7.2.1.22.00.00 - Transferências da Compensação Financeira pela Exploração de Recursos Naturais;17610422,53;11336
2015;Prefeitura Municipal de Serra do Mel - RN;2413359;RN;DCA-Anexo I-C;NA;Receitas Brutas Realizadas;RO1.7.2.1.22.30.00;1.7.2.1.22.30.00 - Cota-Parte Royalties ¿ Compensação Financeira pela Produção de Petróleo ¿ Lei nº 7.990/89;17291967,90;11336
2015;Prefeitura Municipal de Serra do Mel - RN;2413359;RN;DCA-Anexo I-C;NA;Receitas Brutas Realizadas;RO1.7.2.1.22.40.00;1.7.2.1.22.40.00 - Cota-Parte Royalties pelo Excedente da Produção do Petróleo - Lei nº 9.478/97 artigo 49 I e II;209227,13;11336
2015;Prefeitura Municipal de Serra do Mel - RN;2413359;RN;DCA-Anexo I-C;NA;Receitas Brutas Realizadas;RO1.7.2.1.22.70.00;1.7.2.1.22.70.00 - Cota-Parte do Fundo Especial do Petróleo ¿ FEP;109227,50;11336
2015;Prefeitura Municipal de Serra do Mel - RN;2413359;RN;DCA-Anexo I-C;NA;Receitas Brutas Realizadas;RO1.7.2.1.33.00.00;1.7.2.1.33.00.00 - Transferências de Recursos do Sistema Único de Saúde - SUS - Repasses Fundo a Fundo;1492842,44;11336
2015;Prefeitura Municipal de Serra do Mel - RN;2413359;RN;DCA-Anexo I-C;NA;Receitas Brutas Realizadas;RO1.7.2.1.34.00.00;1.7.2.1.34.00.00 - Transferências de Recursos do Fundo Nacional de Assistência Social ¿ FNAS;270688,25;11336
2015;Prefeitura Municipal de Serra do Mel - RN;2413359;RN;DCA-Anexo I-C;NA;Receitas Brutas Realizadas;RO1.7.2.1.35.00.00;1.7.2.1.35.00.00 - Transferências de Recursos do Fundo Nacional do Desenvolvimento da Educação ¿ FNDE;568272,58;11336
2015;Prefeitura Municipal de Serra do Mel - RN;2413359;RN;DCA-Anexo I-C;NA;Receitas Brutas Realizadas;RO1.7.2.1.36.00.00;1.7.2.1.36.00.00 - Transferências Financeiras do ICMS ¿ Desoneração ¿ L.C. Nº 87/96;4634,27;11336
2015;Prefeitura Municipal de Serra do Mel - RN;2413359;RN;DCA-Anexo I-C;NA;Deduções - FUNDEB;RO1.7.2.1.36.00.00;1.7.2.1.36.00.00 - Transferências Financeiras do ICMS ¿ Desoneração ¿ L.C. Nº 87/96;926,85;11336
2015;Prefeitura Municipal de Serra do Mel - RN;2413359;RN;DCA-Anexo I-C;NA;Receitas Brutas Realizadas;RO1.7.2.1.99.00.00;1.7.2.1.99.00.00 - Outras Transferências da União;371945,89;11336
2015;Prefeitura Municipal de Serra do Mel - RN;2413359;RN;DCA-Anexo I-C;NA;Receitas Brutas Realizadas;RO1.7.2.2.00.00.00;1.7.2.2.00.00.00 - Transferências dos Estados;3476177,61;11336
2015;Prefeitura Municipal de Serra do Mel - RN;2413359;RN;DCA-Anexo I-C;NA;Deduções - FUNDEB;RO1.7.2.2.00.00.00;1.7.2.2.00.00.00 - Transferências dos Estados;620513,89;11336
2015;Prefeitura Municipal de Serra do Mel - RN;2413359;RN;DCA-Anexo I-C;NA;Receitas Brutas Realizadas;RO1.7.2.2.01.00.00;1.7.2.2.01.00.00 - Participação na Receita dos Estados;3111102,51;11336
2015;Prefeitura Municipal de Serra do Mel - RN;2413359;RN;DCA-Anexo I-C;NA;Deduções - FUNDEB;RO1.7.2.2.01.00.00;1.7.2.2.01.00.00 - Participação na Receita dos Estados;620513,89;11336
2015;Prefeitura Municipal de Serra do Mel - RN;2413359;RN;DCA-Anexo I-C;NA;Receitas Brutas Realizadas;RO1.7.2.2.01.01.00;1.7.2.2.01.01.00 - Cota-Parte do ICMS;2826782,43;11336
2015;Prefeitura Municipal de Serra do Mel - RN;2413359;RN;DCA-Anexo I-C;NA;Deduções - FUNDEB;RO1.7.2.2.01.01.00;1.7.2.2.01.01.00 - Cota-Parte do ICMS;565356,49;11336
2015;Prefeitura Municipal de Serra do Mel - RN;2413359;RN;DCA-Anexo I-C;NA;Receitas Brutas Realizadas;RO1.7.2.2.01.02.00;1.7.2.2.01.02.00 - Cota-Parte do IPVA;273269,29;11336
2015;Prefeitura Municipal de Serra do Mel - RN;2413359;RN;DCA-Anexo I-C;NA;Deduções - FUNDEB;RO1.7.2.2.01.02.00;1.7.2.2.01.02.00 - Cota-Parte do IPVA;54653,86;11336
2015;Prefeitura Municipal de Serra do Mel - RN;2413359;RN;DCA-Anexo I-C;NA;Receitas Brutas Realizadas;RO1.7.2.2.01.04.00;1.7.2.2.01.04.00 - Cota-Parte do IPI sobre Exportação;2517,72;11336
2015;Prefeitura Municipal de Serra do Mel - RN;2413359;RN;DCA-Anexo I-C;NA;Deduções - FUNDEB;RO1.7.2.2.01.04.00;1.7.2.2.01.04.00 - Cota-Parte do IPI sobre Exportação;503,54;11336
2015;Prefeitura Municipal de Serra do Mel - RN;2413359;RN;DCA-Anexo I-C;NA;Receitas Brutas Realizadas;RO1.7.2.2.01.13.00;1.7.2.2.01.13.00 - Cota-Parte da Contribuição de Intervenção no Domínio Econômico;8533,07;11336
2015;Prefeitura Municipal de Serra do Mel - RN;2413359;RN;DCA-Anexo I-C;NA;Receitas Brutas Realizadas;RO1.7.2.2.22.00.00;1.7.2.2.22.00.00 - Transferências da Cota-Parte da Compensação Financeira (25%);62465,38;11336
2015;Prefeitura Municipal de Serra do Mel - RN;2413359;RN;DCA-Anexo I-C;NA;Receitas Brutas Realizadas;RO1.7.2.2.22.30.00;1.7.2.2.22.30.00 - Cota-Parte Royalties - Compensação Financeira pela Produção de Petróleo - Lei nº 7.990/89 artigo 9º;62465,38;11336
2015;Prefeitura Municipal de Serra do Mel - RN;2413359;RN;DCA-Anexo I-C;NA;Receitas Brutas Realizadas;RO1.7.2.2.99.00.00;1.7.2.2.99.00.00 - Outras Transferências dos Estados;302609,72;11336
2015;Prefeitura Municipal de Serra do Mel - RN;2413359;RN;DCA-Anexo I-C;NA;Receitas Brutas Realizadas;RO1.7.2.4.00.00.00;1.7.2.4.00.00.00 - Transferências Multigovernamentais;6286407,20;11336
2015;Prefeitura Municipal de Serra do Mel - RN;2413359;RN;DCA-Anexo I-C;NA;Receitas Brutas Realizadas;RO1.7.2.4.01.00.00;1.7.2.4.01.00.00 - Transferências de Recursos do Fundo de Manutenção e Desenvolvimento do Ensino Fundamental e de Valorização do Magistério - FUNDEB;6286407,20;11336
2015;Prefeitura Municipal de Serra do Mel - RN;2413359;RN;DCA-Anexo I-C;NA;Receitas Brutas Realizadas;RO1.9.0.0.00.00.00;1.9.0.0.00.00.00 - Outras Receitas Correntes;1979,06;11336
2015;Prefeitura Municipal de Serra do Mel - RN;2413359;RN;DCA-Anexo I-C;NA;Receitas Brutas Realizadas;RO1.9.2.0.00.00.00;1.9.2.0.00.00.00 - Indenizações e Restituições;1979,06;11336
2015;Prefeitura Municipal de Serra do Mel - RN;2413359;RN;DCA-Anexo I-C;NA;Receitas Brutas Realizadas;RO1.9.2.2.00.00.00;1.9.2.2.00.00.00 - Restituições;1979,06;11336
2015;Prefeitura Municipal de Serra do Mel - RN;2413359;RN;DCA-Anexo I-C;NA;Receitas Brutas Realizadas;RO1.9.2.2.99.00.00;1.9.2.2.99.00.00 - Outras Restituições;1979,06;11336
2015;Prefeitura Municipal de Serra do Mel - RN;2413359;RN;DCA-Anexo I-C;NA;Receitas Brutas Realizadas;RO2.0.0.0.00.00.00;2.0.0.0.00.00.00 - Receitas de Capital;195801,47;11336
2015;Prefeitura Municipal de Serra do Mel - RN;2413359;RN;DCA-Anexo I-C;NA;Receitas Brutas Realizadas;RO2.4.0.0.00.00.00;2.4.0.0.00.00.00 - Transferências de Capital;195801,47;11336
2015;Prefeitura Municipal de Serra do Mel - RN;2413359;RN;DCA-Anexo I-C;NA;Receitas Brutas Realizadas;RO2.4.2.0.00.00.00;2.4.2.0.00.00.00 - Transferências Intergovernamentais;195801,47;11336
2015;Prefeitura Municipal de Serra do Mel - RN;2413359;RN;DCA-Anexo I-C;NA;Receitas Brutas Realizadas;RO2.4.2.1.00.00.00;2.4.2.1.00.00.00 - Transferências da União;195801,47;11336
2015;Prefeitura Municipal de Serra do Mel - RN;2413359;RN;DCA-Anexo I-C;NA;Receitas Brutas Realizadas;RO2.4.2.1.99.00.00;2.4.2.1.99.00.00 - Outras Transferências da União;195801,47;11336
2016;Prefeitura Municipal de Serra do Mel - RN;2413359;RN;DCA-Anexo I-C;NA;Receitas Brutas Realizadas;TotalReceitas;Total Receitas;38694193,43;11507
2016;Prefeitura Municipal de Serra do Mel - RN;2413359;RN;DCA-Anexo I-C;NA;Deduções - FUNDEB;TotalReceitas;Total Receitas;2781076,54;11507
2016;Prefeitura Municipal de Serra do Mel - RN;2413359;RN;DCA-Anexo I-C;NA;Receitas Brutas Realizadas;RO1.0.0.0.00.00.00;1.0.0.0.00.00.00 - Receitas Correntes;35886305,27;11507
2016;Prefeitura Municipal de Serra do Mel - RN;2413359;RN;DCA-Anexo I-C;NA;Deduções - FUNDEB;RO1.0.0.0.00.00.00;1.0.0.0.00.00.00 - Receitas Correntes;2781076,54;11507
2016;Prefeitura Municipal de Serra do Mel - RN;2413359;RN;DCA-Anexo I-C;NA;Receitas Brutas Realizadas;RO1.1.0.0.00.00.00;1.1.0.0.00.00.00 - Receita Tributária;3238253,47;11507
2016;Prefeitura Municipal de Serra do Mel - RN;2413359;RN;DCA-Anexo I-C;NA;Receitas Brutas Realizadas;RO1.1.1.0.00.00.00;1.1.1.0.00.00.00 - Impostos;3238253,47;11507
2016;Prefeitura Municipal de Serra do Mel - RN;2413359;RN;DCA-Anexo I-C;NA;Receitas Brutas Realizadas;RO1.1.1.2.00.00.00;1.1.1.2.00.00.00 - Impostos sobre o Patrimônio e a Renda;492843,23;11507
2016;Prefeitura Municipal de Serra do Mel - RN;2413359;RN;DCA-Anexo I-C;NA;Receitas Brutas Realizadas;RO1.1.1.2.02.00.00;1.1.1.2.02.00.00 - Imposto sobre a Propriedade Predial e Territorial Urbana ¿ IPTU;0,02;11507
2016;Prefeitura Municipal de Serra do Mel - RN;2413359;RN;DCA-Anexo I-C;NA;Receitas Brutas Realizadas;RO1.1.1.2.04.00.00;1.1.1.2.04.00.00 - Imposto sobre a Renda e Proventos de Qualquer Natureza ¿ IR;492843,21;11507
2016;Prefeitura Municipal de Serra do Mel - RN;2413359;RN;DCA-Anexo I-C;NA;Receitas Brutas Realizadas;RO1.1.1.2.04.31.00;1.1.1.2.04.31.00 - Retido nas Fontes - Trabalho;492843,21;11507
2016;Prefeitura Municipal de Serra do Mel - RN;2413359;RN;DCA-Anexo I-C;NA;Receitas Brutas Realizadas;RO1.1.1.3.00.00.00;1.1.1.3.00.00.00 - Impostos sobre a Produção e a Circulação;2745410,24;11507
2016;Prefeitura Municipal de Serra do Mel - RN;2413359;RN;DCA-Anexo I-C;NA;Receitas Brutas Realizadas;RO1.1.1.3.05.00.00;1.1.1.3.05.00.00 - Imposto sobre Serviços de Qualquer Natureza ¿ ISSQN;2745410,24;11507
2016;Prefeitura Municipal de Serra do Mel - RN;2413359;RN;DCA-Anexo I-C;NA;Receitas Brutas Realizadas;RO1.2.0.0.00.00.00;1.2.0.0.00.00.00 - Receitas de Contribuições;294795,31;11507
2016;Prefeitura Municipal de Serra do Mel - RN;2413359;RN;DCA-Anexo I-C;NA;Receitas Brutas Realizadas;RO1.2.3.0.00.00.00;1.2.3.0.00.00.00 - Contribuição para Custeio do Serviço de Iluminação Pública;294795,31;11507
2016;Prefeitura Municipal de Serra do Mel - RN;2413359;RN;DCA-Anexo I-C;NA;Receitas Brutas Realizadas;RO1.3.0.0.00.00.00;1.3.0.0.00.00.00 - Receita Patrimonial;608801,71;11507
2016;Prefeitura Municipal de Serra do Mel - RN;2413359;RN;DCA-Anexo I-C;NA;Receitas Brutas Realizadas;RO1.3.2.0.00.00.00;1.3.2.0.00.00.00 - Receitas de Valores Mobiliários;608801,71;11507
2016;Prefeitura Municipal de Serra do Mel - RN;2413359;RN;DCA-Anexo I-C;NA;Receitas Brutas Realizadas;RO1.3.2.5.00.00.00;1.3.2.5.00.00.00 - Remuneração de Depósitos Bancários;608801,71;11507
2016;Prefeitura Municipal de Serra do Mel - RN;2413359;RN;DCA-Anexo I-C;NA;Receitas Brutas Realizadas;RO1.7.0.0.00.00.00;1.7.0.0.00.00.00 - Transferências Correntes;31744454,78;11507
2016;Prefeitura Municipal de Serra do Mel - RN;2413359;RN;DCA-Anexo I-C;NA;Deduções - FUNDEB;RO1.7.0.0.00.00.00;1.7.0.0.00.00.00 - Transferências Correntes;2781076,54;11507
2016;Prefeitura Municipal de Serra do Mel - RN;2413359;RN;DCA-Anexo I-C;NA;Receitas Brutas Realizadas;RO1.7.2.0.00.00.00;1.7.2.0.00.00.00 - Transferências Intergovernamentais;31744454,78;11507
2016;Prefeitura Municipal de Serra do Mel - RN;2413359;RN;DCA-Anexo I-C;NA;Deduções - FUNDEB;RO1.7.2.0.00.00.00;1.7.2.0.00.00.00 - Transferências Intergovernamentais;2781076,54;11507
2016;Prefeitura Municipal de Serra do Mel - RN;2413359;RN;DCA-Anexo I-C;NA;Receitas Brutas Realizadas;RO1.7.2.1.00.00.00;1.7.2.1.00.00.00 - Transferências da União;21855417,81;11507
2016;Prefeitura Municipal de Serra do Mel - RN;2413359;RN;DCA-Anexo I-C;NA;Deduções - FUNDEB;RO1.7.2.1.00.00.00;1.7.2.1.00.00.00 - Transferências da União;2057233,24;11507
2016;Prefeitura Municipal de Serra do Mel - RN;2413359;RN;DCA-Anexo I-C;NA;Receitas Brutas Realizadas;RO1.7.2.1.01.00.00;1.7.2.1.01.00.00 - Participação na Receita da União;11321628,37;11507
2016;Prefeitura Municipal de Serra do Mel - RN;2413359;RN;DCA-Anexo I-C;NA;Deduções - FUNDEB;RO1.7.2.1.01.00.00;1.7.2.1.01.00.00 - Participação na Receita da União;2056399,22;11507
2016;Prefeitura Municipal de Serra do Mel - RN;2413359;RN;DCA-Anexo I-C;NA;Receitas Brutas Realizadas;RO1.7.2.1.01.02.00;1.7.2.1.01.02.00 - Cota-Parte do Fundo de Participação dos Municípios ¿ FPM;11316265,70;11507
2016;Prefeitura Municipal de Serra do Mel - RN;2413359;RN;DCA-Anexo I-C;NA;Deduções - FUNDEB;RO1.7.2.1.01.02.00;1.7.2.1.01.02.00 - Cota-Parte do Fundo de Participação dos Municípios ¿ FPM;2055326,77;11507
2016;Prefeitura Municipal de Serra do Mel - RN;2413359;RN;DCA-Anexo I-C;NA;Receitas Brutas Realizadas;RO1.7.2.1.01.05.00;1.7.2.1.01.05.00 - Cota-Parte do Imposto Sobre a Propriedade Territorial Rural ¿ ITR;5362,67;11507
2016;Prefeitura Municipal de Serra do Mel - RN;2413359;RN;DCA-Anexo I-C;NA;Deduções - FUNDEB;RO1.7.2.1.01.05.00;1.7.2.1.01.05.00 - Cota-Parte do Imposto Sobre a Propriedade Territorial Rural ¿ ITR;1072,45;11507
2016;Prefeitura Municipal de Serra do Mel - RN;2413359;RN;DCA-Anexo I-C;NA;Receitas Brutas Realizadas;RO1.7.2.1.22.00.00;1.7.2.1.22.00.00 - Transferências da Compensação Financeira pela Exploração de Recursos Naturais;7662372,57;11507
2016;Prefeitura Municipal de Serra do Mel - RN;2413359;RN;DCA-Anexo I-C;NA;Receitas Brutas Realizadas;RO1.7.2.1.22.30.00;1.7.2.1.22.30.00 - Cota-Parte Royalties ¿ Compensação Financeira pela Produção de Petróleo ¿ Lei nº 7.990/89;7421459,64;11507
2016;Prefeitura Municipal de Serra do Mel - RN;2413359;RN;DCA-Anexo I-C;NA;Receitas Brutas Realizadas;RO1.7.2.1.22.40.00;1.7.2.1.22.40.00 - Cota-Parte Royalties pelo Excedente da Produção do Petróleo - Lei nº 9.478/97 artigo 49 I e II;152188,56;11507
2016;Prefeitura Municipal de Serra do Mel - RN;2413359;RN;DCA-Anexo I-C;NA;Receitas Brutas Realizadas;RO1.7.2.1.22.70.00;1.7.2.1.22.70.00 - Cota-Parte do Fundo Especial do Petróleo ¿ FEP;88724,37;11507
2016;Prefeitura Municipal de Serra do Mel - RN;2413359;RN;DCA-Anexo I-C;NA;Receitas Brutas Realizadas;RO1.7.2.1.33.00.00;1.7.2.1.33.00.00 - Transferências de Recursos do Sistema Único de Saúde - SUS - Repasses Fundo a Fundo;1695444,16;11507
2016;Prefeitura Municipal de Serra do Mel - RN;2413359;RN;DCA-Anexo I-C;NA;Receitas Brutas Realizadas;RO1.7.2.1.34.00.00;1.7.2.1.34.00.00 - Transferências de Recursos do Fundo Nacional de Assistência Social ¿ FNAS;283007,14;11507
2016;Prefeitura Municipal de Serra do Mel - RN;2413359;RN;DCA-Anexo I-C;NA;Receitas Brutas Realizadas;RO1.7.2.1.35.00.00;1.7.2.1.35.00.00 - Transferências de Recursos do Fundo Nacional do Desenvolvimento da Educação ¿ FNDE;556796,39;11507
2016;Prefeitura Municipal de Serra do Mel - RN;2413359;RN;DCA-Anexo I-C;NA;Receitas Brutas Realizadas;RO1.7.2.1.36.00.00;1.7.2.1.36.00.00 - Transferências Financeiras do ICMS ¿ Desoneração ¿ L.C. Nº 87/96;4883,91;11507
2016;Prefeitura Municipal de Serra do Mel - RN;2413359;RN;DCA-Anexo I-C;NA;Deduções - FUNDEB;RO1.7.2.1.36.00.00;1.7.2.1.36.00.00 - Transferências Financeiras do ICMS ¿ Desoneração ¿ L.C. Nº 87/96;834,02;11507
2016;Prefeitura Municipal de Serra do Mel - RN;2413359;RN;DCA-Anexo I-C;NA;Receitas Brutas Realizadas;RO1.7.2.1.99.00.00;1.7.2.1.99.00.00 - Outras Transferências da União;331285,27;11507
2016;Prefeitura Municipal de Serra do Mel - RN;2413359;RN;DCA-Anexo I-C;NA;Receitas Brutas Realizadas;RO1.7.2.2.00.00.00;1.7.2.2.00.00.00 - Transferências dos Estados;3624628,39;11507
2016;Prefeitura Municipal de Serra do Mel - RN;2413359;RN;DCA-Anexo I-C;NA;Deduções - FUNDEB;RO1.7.2.2.00.00.00;1.7.2.2.00.00.00 - Transferências dos Estados;723843,30;11507
2016;Prefeitura Municipal de Serra do Mel - RN;2413359;RN;DCA-Anexo I-C;NA;Receitas Brutas Realizadas;RO1.7.2.2.01.00.00;1.7.2.2.01.00.00 - Participação na Receita dos Estados;3350446,89;11507
2016;Prefeitura Municipal de Serra do Mel - RN;2413359;RN;DCA-Anexo I-C;NA;Deduções - FUNDEB;RO1.7.2.2.01.00.00;1.7.2.2.01.00.00 - Participação na Receita dos Estados;723843,30;11507
2016;Prefeitura Municipal de Serra do Mel - RN;2413359;RN;DCA-Anexo I-C;NA;Receitas Brutas Realizadas;RO1.7.2.2.01.01.00;1.7.2.2.01.01.00 - Cota-Parte do ICMS;3079138,64;11507
2016;Prefeitura Municipal de Serra do Mel - RN;2413359;RN;DCA-Anexo I-C;NA;Deduções - FUNDEB;RO1.7.2.2.01.01.00;1.7.2.2.01.01.00 - Cota-Parte do ICMS;615827,54;11507
2016;Prefeitura Municipal de Serra do Mel - RN;2413359;RN;DCA-Anexo I-C;NA;Receitas Brutas Realizadas;RO1.7.2.2.01.02.00;1.7.2.2.01.02.00 - Cota-Parte do IPVA;244479,56;11507
2016;Prefeitura Municipal de Serra do Mel - RN;2413359;RN;DCA-Anexo I-C;NA;Deduções - FUNDEB;RO1.7.2.2.01.02.00;1.7.2.2.01.02.00 - Cota-Parte do IPVA;107352,51;11507
2016;Prefeitura Municipal de Serra do Mel - RN;2413359;RN;DCA-Anexo I-C;NA;Receitas Brutas Realizadas;RO1.7.2.2.01.04.00;1.7.2.2.01.04.00 - Cota-Parte do IPI - Municípios;3334,63;11507
2016;Prefeitura Municipal de Serra do Mel - RN;2413359;RN;DCA-Anexo I-C;NA;Deduções - FUNDEB;RO1.7.2.2.01.04.00;1.7.2.2.01.04.00 - Cota-Parte do IPI - Municípios;663,25;11507
2016;Prefeitura Municipal de Serra do Mel - RN;2413359;RN;DCA-Anexo I-C;NA;Receitas Brutas Realizadas;RO1.7.2.2.01.13.00;1.7.2.2.01.13.00 - Cota-Parte da Contribuição de Intervenção no Domínio Econômico;23494,06;11507
2016;Prefeitura Municipal de Serra do Mel - RN;2413359;RN;DCA-Anexo I-C;NA;Receitas Brutas Realizadas;RO1.7.2.2.22.00.00;1.7.2.2.22.00.00 - Transferências da Cota-Parte da Compensação Financeira (25%);44087,00;11507
2016;Prefeitura Municipal de Serra do Mel - RN;2413359;RN;DCA-Anexo I-C;NA;Receitas Brutas Realizadas;RO1.7.2.2.22.30.00;1.7.2.2.22.30.00 - Cota-Parte Royalties - Compensação Financeira pela Produção de Petróleo - Lei nº 7.990/89 artigo 9º;44087,00;11507
2016;Prefeitura Municipal de Serra do Mel - RN;2413359;RN;DCA-Anexo I-C;NA;Receitas Brutas Realizadas;RO1.7.2.2.99.00.00;1.7.2.2.99.00.00 - Outras Transferências dos Estados;230094,50;11507
2016;Prefeitura Municipal de Serra do Mel - RN;2413359;RN;DCA-Anexo I-C;NA;Receitas Brutas Realizadas;RO1.7.2.4.00.00.00;1.7.2.4.00.00.00 - Transferências Multigovernamentais;6264408,58;11507
2016;Prefeitura Municipal de Serra do Mel - RN;2413359;RN;DCA-Anexo I-C;NA;Receitas Brutas Realizadas;RO1.7.2.4.01.00.00;1.7.2.4.01.00.00 - Transferências de Recursos do Fundo de Manutenção e Desenvolvimento do Ensino Fundamental e de Valorização do Magistério - FUNDEB;6264408,58;11507
2016;Prefeitura Municipal de Serra do Mel - RN;2413359;RN;DCA-Anexo I-C;NA;Receitas Brutas Realizadas;RO2.0.0.0.00.00.00;2.0.0.0.00.00.00 - Receitas de Capital;2807888,16;11507
2016;Prefeitura Municipal de Serra do Mel - RN;2413359;RN;DCA-Anexo I-C;NA;Receitas Brutas Realizadas;RO2.4.0.0.00.00.00;2.4.0.0.00.00.00 - Transferências de Capital;2807888,16;11507
2016;Prefeitura Municipal de Serra do Mel - RN;2413359;RN;DCA-Anexo I-C;NA;Receitas Brutas Realizadas;RO2.4.2.0.00.00.00;2.4.2.0.00.00.00 - Transferências Intergovernamentais;2807888,16;11507
2016;Prefeitura Municipal de Serra do Mel - RN;2413359;RN;DCA-Anexo I-C;NA;Receitas Brutas Realizadas;RO2.4.2.1.00.00.00;2.4.2.1.00.00.00 - Transferências da União;2807888,16;11507
2016;Prefeitura Municipal de Serra do Mel - RN;2413359;RN;DCA-Anexo I-C;NA;Receitas Brutas Realizadas;RO2.4.2.1.99.00.00;2.4.2.1.99.00.00 - Outras Transferências da União;2807888,16;11507
2017;Prefeitura Municipal de Serra do Mel - RN;2413359;RN;DCA-Anexo I-C;Padrão;Receitas Brutas Realizadas;TotalReceitas;Total Receitas;39307622,48;11675
2017;Prefeitura Municipal de Serra do Mel - RN;2413359;RN;DCA-Anexo I-C;Padrão;Deduções - Transferências Constitucionais;TotalReceitas;Total Receitas;2707374,39;11675
2017;Prefeitura Municipal de Serra do Mel - RN;2413359;RN;DCA-Anexo I-C;Padrão;Deduções - FUNDEB;TotalReceitas;Total Receitas;2707374,39;11675
2017;Prefeitura Municipal de Serra do Mel - RN;2413359;RN;DCA-Anexo I-C;Padrão;Receitas Brutas Realizadas;RO1.0.0.0.00.00.00;1.0.0.0.00.00.00 - Receitas Correntes;38703604,59;11675
2017;Prefeitura Municipal de Serra do Mel - RN;2413359;RN;DCA-Anexo I-C;Padrão;Deduções - Transferências Constitucionais;RO1.0.0.0.00.00.00;1.0.0.0.00.00.00 - Receitas Correntes;2707374,39;11675
2017;Prefeitura Municipal de Serra do Mel - RN;2413359;RN;DCA-Anexo I-C;Padrão;Deduções - FUNDEB;RO1.0.0.0.00.00.00;1.0.0.0.00.00.00 - Receitas Correntes;2707374,39;11675
2017;Prefeitura Municipal de Serra do Mel - RN;2413359;RN;DCA-Anexo I-C;Padrão;Receitas Brutas Realizadas;RO1.1.0.0.00.00.00;1.1.0.0.00.00.00 - Receita Tributária;5960500,21;11675
2017;Prefeitura Municipal de Serra do Mel - RN;2413359;RN;DCA-Anexo I-C;Padrão;Receitas Brutas Realizadas;RO1.1.1.0.00.00.00;1.1.1.0.00.00.00 - Impostos;3249550,82;11675
2017;Prefeitura Municipal de Serra do Mel - RN;2413359;RN;DCA-Anexo I-C;Padrão;Receitas Brutas Realizadas;RO1.1.1.2.00.00.00;1.1.1.2.00.00.00 - Impostos sobre o Patrimônio e a Renda;588801,64;11675
2017;Prefeitura Municipal de Serra do Mel - RN;2413359;RN;DCA-Anexo I-C;Padrão;Receitas Brutas Realizadas;RO1.1.1.2.02.00.00;1.1.1.2.02.00.00 - Imposto sobre a Propriedade Predial e Territorial Urbana ¿ IPTU;2084,40;11675
2017;Prefeitura Municipal de Serra do Mel - RN;2413359;RN;DCA-Anexo I-C;Padrão;Receitas Brutas Realizadas;RO1.1.1.2.04.00.00;1.1.1.2.04.00.00 - Imposto sobre a Renda e Proventos de Qualquer Natureza ¿ IR;582834,24;11675
2017;Prefeitura Municipal de Serra do Mel - RN;2413359;RN;DCA-Anexo I-C;Padrão;Receitas Brutas Realizadas;RO1.1.1.2.04.31.00;1.1.1.2.04.31.00 - Retido nas Fontes - Trabalho;582834,24;11675
2017;Prefeitura Municipal de Serra do Mel - RN;2413359;RN;DCA-Anexo I-C;Padrão;Receitas Brutas Realizadas;RO1.1.1.2.08.00.00;"1.1.1.2.08.00.00 - Imposto sobre Transmissão ""Inter Vivos"" de Bens Imóveis e de Direitos Reais sobre Imóveis ¿ ITBI";3883,00;11675
2017;Prefeitura Municipal de Serra do Mel - RN;2413359;RN;DCA-Anexo I-C;Padrão;Receitas Brutas Realizadas;RO1.1.1.3.00.00.00;1.1.1.3.00.00.00 - Impostos sobre a Produção e a Circulação;2660749,18;11675
2017;Prefeitura Municipal de Serra do Mel - RN;2413359;RN;DCA-Anexo I-C;Padrão;Receitas Brutas Realizadas;RO1.1.1.3.05.00.00;1.1.1.3.05.00.00 - Imposto sobre Serviços de Qualquer Natureza ¿ ISSQN;2660749,18;11675
2017;Prefeitura Municipal de Serra do Mel - RN;2413359;RN;DCA-Anexo I-C;Padrão;Receitas Brutas Realizadas;RO1.1.2.0.00.00.00;1.1.2.0.00.00.00 - Taxas;2710949,39;11675
2017;Prefeitura Municipal de Serra do Mel - RN;2413359;RN;DCA-Anexo I-C;Padrão;Receitas Brutas Realizadas;RO1.1.2.1.00.00.00;1.1.2.1.00.00.00 - Taxas pelo Exercício do Poder de Polícia;2707374,39;11675
2017;Prefeitura Municipal de Serra do Mel - RN;2413359;RN;DCA-Anexo I-C;Padrão;Receitas Brutas Realizadas;RO1.1.2.2.00.00.00;1.1.2.2.00.00.00 - Taxas pela Prestação de Serviços;3575,00;11675
2017;Prefeitura Municipal de Serra do Mel - RN;2413359;RN;DCA-Anexo I-C;Padrão;Receitas Brutas Realizadas;RO1.1.2.2.21.00.00;1.1.2.2.21.00.00 - Taxas de Serviços Cadastrais;3575,00;11675
2017;Prefeitura Municipal de Serra do Mel - RN;2413359;RN;DCA-Anexo I-C;Padrão;Receitas Brutas Realizadas;RO1.2.0.0.00.00.00;1.2.0.0.00.00.00 - Receitas de Contribuições;326601,64;11675
2017;Prefeitura Municipal de Serra do Mel - RN;2413359;RN;DCA-Anexo I-C;Padrão;Receitas Brutas Realizadas;RO1.2.3.0.00.00.00;1.2.3.0.00.00.00 - Contribuição para Custeio do Serviço de Iluminação Pública;326601,64;11675
2017;Prefeitura Municipal de Serra do Mel - RN;2413359;RN;DCA-Anexo I-C;Padrão;Receitas Brutas Realizadas;RO1.3.0.0.00.00.00;1.3.0.0.00.00.00 - Receita Patrimonial;150834,87;11675
2017;Prefeitura Municipal de Serra do Mel - RN;2413359;RN;DCA-Anexo I-C;Padrão;Receitas Brutas Realizadas;RO1.3.2.0.00.00.00;1.3.2.0.00.00.00 - Receitas de Valores Mobiliários;150834,87;11675
2017;Prefeitura Municipal de Serra do Mel - RN;2413359;RN;DCA-Anexo I-C;Padrão;Receitas Brutas Realizadas;RO1.3.2.5.00.00.00;1.3.2.5.00.00.00 - Remuneração de Depósitos Bancários;150834,87;11675
2017;Prefeitura Municipal de Serra do Mel - RN;2413359;RN;DCA-Anexo I-C;Padrão;Receitas Brutas Realizadas;RO1.7.0.0.00.00.00;1.7.0.0.00.00.00 - Transferências Correntes;32241413,50;11675
2017;Prefeitura Municipal de Serra do Mel - RN;2413359;RN;DCA-Anexo I-C;Padrão;Deduções - Transferências Constitucionais;RO1.7.0.0.00.00.00;1.7.0.0.00.00.00 - Transferências Correntes;2707374,39;11675
2017;Prefeitura Municipal de Serra do Mel - RN;2413359;RN;DCA-Anexo I-C;Padrão;Deduções - FUNDEB;RO1.7.0.0.00.00.00;1.7.0.0.00.00.00 - Transferências Correntes;2707374,39;11675
2017;Prefeitura Municipal de Serra do Mel - RN;2413359;RN;DCA-Anexo I-C;Padrão;Receitas Brutas Realizadas;RO1.7.2.0.00.00.00;1.7.2.0.00.00.00 - Transferências Intergovernamentais;32241413,50;11675
2017;Prefeitura Municipal de Serra do Mel - RN;2413359;RN;DCA-Anexo I-C;Padrão;Deduções - Transferências Constitucionais;RO1.7.2.0.00.00.00;1.7.2.0.00.00.00 - Transferências Intergovernamentais;2707374,39;11675
2017;Prefeitura Municipal de Serra do Mel - RN;2413359;RN;DCA-Anexo I-C;Padrão;Deduções - FUNDEB;RO1.7.2.0.00.00.00;1.7.2.0.00.00.00 - Transferências Intergovernamentais;2707374,39;11675
2017;Prefeitura Municipal de Serra do Mel - RN;2413359;RN;DCA-Anexo I-C;Padrão;Receitas Brutas Realizadas;RO1.7.2.1.00.00.00;1.7.2.1.00.00.00 - Transferências da União;21505963,87;11675
2017;Prefeitura Municipal de Serra do Mel - RN;2413359;RN;DCA-Anexo I-C;Padrão;Deduções - FUNDEB;RO1.7.2.1.00.00.00;1.7.2.1.00.00.00 - Transferências da União;2707374,39;11675
2017;Prefeitura Municipal de Serra do Mel - RN;2413359;RN;DCA-Anexo I-C;Padrão;Receitas Brutas Realizadas;RO1.7.2.1.01.00.00;1.7.2.1.01.00.00 - Participação na Receita da União;10970157,72;11675
2017;Prefeitura Municipal de Serra do Mel - RN;2413359;RN;DCA-Anexo I-C;Padrão;Deduções - FUNDEB;RO1.7.2.1.01.00.00;1.7.2.1.01.00.00 - Participação na Receita da União;2707374,39;11675
2017;Prefeitura Municipal de Serra do Mel - RN;2413359;RN;DCA-Anexo I-C;Padrão;Receitas Brutas Realizadas;RO1.7.2.1.01.02.00;1.7.2.1.01.02.00 - Cota-Parte do Fundo de Participação dos Municípios ¿ FPM;10055171,25;11675
2017;Prefeitura Municipal de Serra do Mel - RN;2413359;RN;DCA-Anexo I-C;Padrão;Deduções - FUNDEB;RO1.7.2.1.01.02.00;1.7.2.1.01.02.00 - Cota-Parte do Fundo de Participação dos Municípios ¿ FPM;2707374,39;11675
2017;Prefeitura Municipal de Serra do Mel - RN;2413359;RN;DCA-Anexo I-C;Padrão;Receitas Brutas Realizadas;RO1.7.2.1.01.03.00;1.7.2.1.01.03.00 - Cota-Parte do Fundo de Participação dos Municípios - 1% Cota Anual;447011,04;11675
2017;Prefeitura Municipal de Serra do Mel - RN;2413359;RN;DCA-Anexo I-C;Padrão;Receitas Brutas Realizadas;RO1.7.2.1.01.04.00;1.7.2.1.01.04.00 - Cota-Parte do Fundo de Participação dos Municípios - 1% Cota entregue no mês de julho (67)(I);461196,54;11675
2017;Prefeitura Municipal de Serra do Mel - RN;2413359;RN;DCA-Anexo I-C;Padrão;Receitas Brutas Realizadas;RO1.7.2.1.01.05.00;1.7.2.1.01.05.00 - Cota-Parte do Imposto Sobre a Propriedade Territorial Rural ¿ ITR;6778,89;11675
2017;Prefeitura Municipal de Serra do Mel - RN;2413359;RN;DCA-Anexo I-C;Padrão;Receitas Brutas Realizadas;RO1.7.2.1.22.00.00;1.7.2.1.22.00.00 - Transferências da Compensação Financeira pela Exploração de Recursos Naturais;7583333,36;11675
2017;Prefeitura Municipal de Serra do Mel - RN;2413359;RN;DCA-Anexo I-C;Padrão;Receitas Brutas Realizadas;RO1.7.2.1.22.30.00;1.7.2.1.22.30.00 - Cota-Parte Royalties ¿ Compensação Financeira pela Produção de Petróleo ¿ Lei nº 7.990/89;7288938,03;11675
2017;Prefeitura Municipal de Serra do Mel - RN;2413359;RN;DCA-Anexo I-C;Padrão;Receitas Brutas Realizadas;RO1.7.2.1.22.40.00;1.7.2.1.22.40.00 - Cota-Parte Royalties pelo Excedente da Produção do Petróleo - Lei nº 9.478/97 artigo 49 I e II;177595,16;11675
2017;Prefeitura Municipal de Serra do Mel - RN;2413359;RN;DCA-Anexo I-C;Padrão;Receitas Brutas Realizadas;RO1.7.2.1.22.70.00;1.7.2.1.22.70.00 - Cota-Parte do Fundo Especial do Petróleo ¿ FEP;116800,17;11675
2017;Prefeitura Municipal de Serra do Mel - RN;2413359;RN;DCA-Anexo I-C;Padrão;Receitas Brutas Realizadas;RO1.7.2.1.33.00.00;1.7.2.1.33.00.00 - Transferências de Recursos do Sistema Único de Saúde - SUS - Repasses Fundo a Fundo;1863471,80;11675
2017;Prefeitura Municipal de Serra do Mel - RN;2413359;RN;DCA-Anexo I-C;Padrão;Receitas Brutas Realizadas;RO1.7.2.1.34.00.00;1.7.2.1.34.00.00 - Transferências de Recursos do Fundo Nacional de Assistência Social ¿ FNAS;332889,61;11675
2017;Prefeitura Municipal de Serra do Mel - RN;2413359;RN;DCA-Anexo I-C;Padrão;Receitas Brutas Realizadas;RO1.7.2.1.35.00.00;1.7.2.1.35.00.00 - Transferências de Recursos do Fundo Nacional do Desenvolvimento da Educação ¿ FNDE;577446,63;11675
2017;Prefeitura Municipal de Serra do Mel - RN;2413359;RN;DCA-Anexo I-C;Padrão;Receitas Brutas Realizadas;RO1.7.2.1.36.00.00;1.7.2.1.36.00.00 - Transferências Financeiras do ICMS ¿ Desoneração ¿ L.C. Nº 87/96;4091,12;11675
2017;Prefeitura Municipal de Serra do Mel - RN;2413359;RN;DCA-Anexo I-C;Padrão;Receitas Brutas Realizadas;RO1.7.2.1.99.00.00;1.7.2.1.99.00.00 - Outras Transferências da União;174573,63;11675
2017;Prefeitura Municipal de Serra do Mel - RN;2413359;RN;DCA-Anexo I-C;Padrão;Receitas Brutas Realizadas;RO1.7.2.2.00.00.00;1.7.2.2.00.00.00 - Transferências dos Estados;3984819,55;11675
2017;Prefeitura Municipal de Serra do Mel - RN;2413359;RN;DCA-Anexo I-C;Padrão;Receitas Brutas Realizadas;RO1.7.2.2.01.00.00;1.7.2.2.01.00.00 - Participação na Receita dos Estados;3501266,10;11675
2017;Prefeitura Municipal de Serra do Mel - RN;2413359;RN;DCA-Anexo I-C;Padrão;Receitas Brutas Realizadas;RO1.7.2.2.01.01.00;1.7.2.2.01.01.00 - Cota-Parte do ICMS;3189041,72;11675
2017;Prefeitura Municipal de Serra do Mel - RN;2413359;RN;DCA-Anexo I-C;Padrão;Receitas Brutas Realizadas;RO1.7.2.2.01.02.00;1.7.2.2.01.02.00 - Cota-Parte do IPVA;276649,03;11675
2017;Prefeitura Municipal de Serra do Mel - RN;2413359;RN;DCA-Anexo I-C;Padrão;Receitas Brutas Realizadas;RO1.7.2.2.01.04.00;1.7.2.2.01.04.00 - Cota-Parte do IPI - Municípios;3466,65;11675
2017;Prefeitura Municipal de Serra do Mel - RN;2413359;RN;DCA-Anexo I-C;Padrão;Receitas Brutas Realizadas;RO1.7.2.2.01.13.00;1.7.2.2.01.13.00 - Cota-Parte da Contribuição de Intervenção no Domínio Econômico;32108,70;11675
2017;Prefeitura Municipal de Serra do Mel - RN;2413359;RN;DCA-Anexo I-C;Padrão;Receitas Brutas Realizadas;RO1.7.2.2.22.00.00;1.7.2.2.22.00.00 - Transferências da Cota-Parte da Compensação Financeira (25%);49120,41;11675
2017;Prefeitura Municipal de Serra do Mel - RN;2413359;RN;DCA-Anexo I-C;Padrão;Receitas Brutas Realizadas;RO1.7.2.2.22.30.00;1.7.2.2.22.30.00 - Cota-Parte Royalties - Compensação Financeira pela Produção de Petróleo - Lei nº 7.990/89 artigo 9º;49120,41;11675
2017;Prefeitura Municipal de Serra do Mel - RN;2413359;RN;DCA-Anexo I-C;Padrão;Receitas Brutas Realizadas;RO1.7.2.2.99.00.00;1.7.2.2.99.00.00 - Outras Transferências dos Estados;434433,04;11675
2017;Prefeitura Municipal de Serra do Mel - RN;2413359;RN;DCA-Anexo I-C;Padrão;Receitas Brutas Realizadas;RO1.7.2.4.00.00.00;1.7.2.4.00.00.00 - Transferências Multigovernamentais;6750630,08;11675
2017;Prefeitura Municipal de Serra do Mel - RN;2413359;RN;DCA-Anexo I-C;Padrão;Deduções - Transferências Constitucionais;RO1.7.2.4.00.00.00;1.7.2.4.00.00.00 - Transferências Multigovernamentais;2707374,39;11675
2017;Prefeitura Municipal de Serra do Mel - RN;2413359;RN;DCA-Anexo I-C;Padrão;Receitas Brutas Realizadas;RO1.7.2.4.01.00.00;1.7.2.4.01.00.00 - Transferências de Recursos do Fundo de Manutenção e Desenvolvimento do Ensino Fundamental e de Valorização do Magistério - FUNDEB;6750630,08;11675
2017;Prefeitura Municipal de Serra do Mel - RN;2413359;RN;DCA-Anexo I-C;Padrão;Deduções - Transferências Constitucionais;RO1.7.2.4.01.00.00;1.7.2.4.01.00.00 - Transferências de Recursos do Fundo de Manutenção e Desenvolvimento do Ensino Fundamental e de Valorização do Magistério - FUNDEB;2707374,39;11675
2017;Prefeitura Municipal de Serra do Mel - RN;2413359;RN;DCA-Anexo I-C;Padrão;Receitas Brutas Realizadas;RO1.9.0.0.00.00.00;1.9.0.0.00.00.00 - Outras Receitas Correntes;24254,37;11675
2017;Prefeitura Municipal de Serra do Mel - RN;2413359;RN;DCA-Anexo I-C;Padrão;Receitas Brutas Realizadas;RO1.9.2.0.00.00.00;1.9.2.0.00.00.00 - Indenizações e Restituições;24254,37;11675
2017;Prefeitura Municipal de Serra do Mel - RN;2413359;RN;DCA-Anexo I-C;Padrão;Receitas Brutas Realizadas;RO1.9.2.1.00.00.00;1.9.2.1.00.00.00 - Indenizações;24254,37;11675
2017;Prefeitura Municipal de Serra do Mel - RN;2413359;RN;DCA-Anexo I-C;Padrão;Receitas Brutas Realizadas;RO2.0.0.0.00.00.00;2.0.0.0.00.00.00 - Receitas de Capital;604017,89;11675
2017;Prefeitura Municipal de Serra do Mel - RN;2413359;RN;DCA-Anexo I-C;Padrão;Receitas Brutas Realizadas;RO2.4.0.0.00.00.00;2.4.0.0.00.00.00 - Transferências de Capital;604017,89;11675
2017;Prefeitura Municipal de Serra do Mel - RN;2413359;RN;DCA-Anexo I-C;Padrão;Receitas Brutas Realizadas;RO2.4.2.0.00.00.00;2.4.2.0.00.00.00 - Transferências Intergovernamentais;604017,89;11675
2017;Prefeitura Municipal de Serra do Mel - RN;2413359;RN;DCA-Anexo I-C;Padrão;Receitas Brutas Realizadas;RO2.4.2.1.00.00.00;2.4.2.1.00.00.00 - Transferências da União;604017,89;11675
2017;Prefeitura Municipal de Serra do Mel - RN;2413359;RN;DCA-Anexo I-C;Padrão;Receitas Brutas Realizadas;RO2.4.2.1.99.00.00;2.4.2.1.99.00.00 - Outras Transferências da União;604017,89;11675
2018;Prefeitura Municipal de Serra do Mel - RN;2413359;RN;DCA-Anexo I-C;Padrão;Receitas Brutas Realizadas;TotalReceitas;Total Receitas;44170109,26;11675
2018;Prefeitura Municipal de Serra do Mel - RN;2413359;RN;DCA-Anexo I-C;Padrão;Deduções - FUNDEB;TotalReceitas;Total Receitas;2951880,99;11675
2018;Prefeitura Municipal de Serra do Mel - RN;2413359;RN;DCA-Anexo I-C;Padrão;Receitas Brutas Realizadas;RO1.0.0.0.00.0.0;1.0.0.0.00.0.0 - Receitas Correntes;42710902,20;11675
2018;Prefeitura Municipal de Serra do Mel - RN;2413359;RN;DCA-Anexo I-C;Padrão;Deduções - FUNDEB;RO1.0.0.0.00.0.0;1.0.0.0.00.0.0 - Receitas Correntes;2951880,99;11675
2018;Prefeitura Municipal de Serra do Mel - RN;2413359;RN;DCA-Anexo I-C;Padrão;Receitas Brutas Realizadas;RO1.1.0.0.00.0.0;1.1.0.0.00.0.0 - Impostos, Taxas e Contribuições de Melhoria;3787882,54;11675
2018;Prefeitura Municipal de Serra do Mel - RN;2413359;RN;DCA-Anexo I-C;Padrão;Receitas Brutas Realizadas;RO1.1.1.0.00.0.0;1.1.1.0.00.0.0 - Impostos;3786402,54;11675
2018;Prefeitura Municipal de Serra do Mel - RN;2413359;RN;DCA-Anexo I-C;Padrão;Receitas Brutas Realizadas;RO1.1.1.3.00.0.0;1.1.1.3.00.0.0 - Impostos sobre a Renda e Proventos de Qualquer Natureza;613561,80;11675
2018;Prefeitura Municipal de Serra do Mel - RN;2413359;RN;DCA-Anexo I-C;Padrão;Receitas Brutas Realizadas;RO1.1.1.3.03.0.0;1.1.1.3.03.0.0 - Imposto sobre a Renda - Retido na Fonte;613561,80;11675
2018;Prefeitura Municipal de Serra do Mel - RN;2413359;RN;DCA-Anexo I-C;Padrão;Receitas Brutas Realizadas;RO1.1.1.3.03.1.0;1.1.1.3.03.1.0 - Imposto sobre a Renda - Retido na Fonte - Trabalho;613561,80;11675
2018;Prefeitura Municipal de Serra do Mel - RN;2413359;RN;DCA-Anexo I-C;Padrão;Receitas Brutas Realizadas;RO1.1.1.8.00.0.0;1.1.1.8.00.0.0 Impostos Específicos de Estados, DF e Municípios;3172840,74;11675
2018;Prefeitura Municipal de Serra do Mel - RN;2413359;RN;DCA-Anexo I-C;Padrão;Receitas Brutas Realizadas;RO1.1.1.8.01.0.0;1.1.1.8.01.0.0 Impostos sobre o Patrimônio para Estados/DF/Municípios;3168,32;11675
2018;Prefeitura Municipal de Serra do Mel - RN;2413359;RN;DCA-Anexo I-C;Padrão;Receitas Brutas Realizadas;RO1.1.1.8.01.1.0;1.1.1.8.01.1.0 Imposto sobre a Propriedade Predial e Territorial Urbana;513,28;11675
2018;Prefeitura Municipal de Serra do Mel - RN;2413359;RN;DCA-Anexo I-C;Padrão;Receitas Brutas Realizadas;RO1.1.1.8.01.4.0;1.1.1.8.01.4.0 Imposto sobre Transmissão ¿Inter Vivos¿ de Bens Imóveis e de Direitos Reais sobre Imóveis;2655,04;11675
2018;Prefeitura Municipal de Serra do Mel - RN;2413359;RN;DCA-Anexo I-C;Padrão;Receitas Brutas Realizadas;RO1.1.1.8.02.0.0;1.1.1.8.02.0.0 Impostos sobre a Produção, Circulação de Mercadorias e Serviços;3169672,42;11675
2018;Prefeitura Municipal de Serra do Mel - RN;2413359;RN;DCA-Anexo I-C;Padrão;Receitas Brutas Realizadas;RO1.1.1.8.02.3.0;1.1.1.8.02.3.0 Imposto sobre Serviços de Qualquer Natureza;3169672,42;11675
2018;Prefeitura Municipal de Serra do Mel - RN;2413359;RN;DCA-Anexo I-C;Padrão;Receitas Brutas Realizadas;RO1.1.2.0.00.0.0;1.1.2.0.00.0.0 - Taxas;1480,00;11675
2018;Prefeitura Municipal de Serra do Mel - RN;2413359;RN;DCA-Anexo I-C;Padrão;Receitas Brutas Realizadas;RO1.1.2.2.00.0.0;1.1.2.2.00.0.0 - Taxas pela Prestação de Serviços;1480,00;11675
2018;Prefeitura Municipal de Serra do Mel - RN;2413359;RN;DCA-Anexo I-C;Padrão;Receitas Brutas Realizadas;RO1.1.2.2.01.0.0;1.1.2.2.01.0.0 - Taxas pela Prestação de Serviços;1480,00;11675
2018;Prefeitura Municipal de Serra do Mel - RN;2413359;RN;DCA-Anexo I-C;Padrão;Receitas Brutas Realizadas;RO1.2.0.0.00.0.0;1.2.0.0.00.0.0 - Contribuições;367264,73;11675
2018;Prefeitura Municipal de Serra do Mel - RN;2413359;RN;DCA-Anexo I-C;Padrão;Receitas Brutas Realizadas;RO1.2.4.0.00.0.0;1.2.4.0.00.0.0 - Contribuição para o Custeio do Serviço de Iluminação Pública;367264,73;11675
2018;Prefeitura Municipal de Serra do Mel - RN;2413359;RN;DCA-Anexo I-C;Padrão;Receitas Brutas Realizadas;RO1.3.0.0.00.0.0;1.3.0.0.00.0.0 - Receita Patrimonial;69942,96;11675
2018;Prefeitura Municipal de Serra do Mel - RN;2413359;RN;DCA-Anexo I-C;Padrão;Receitas Brutas Realizadas;RO1.3.2.0.00.0.0;1.3.2.0.00.0.0 - Valores Mobiliários;69942,96;11675
2018;Prefeitura Municipal de Serra do Mel - RN;2413359;RN;DCA-Anexo I-C;Padrão;Receitas Brutas Realizadas;RO1.3.2.1.00.0.0;1.3.2.1.00.0.0 - Juros e Correções Monetárias;69942,96;11675
2018;Prefeitura Municipal de Serra do Mel - RN;2413359;RN;DCA-Anexo I-C;Padrão;Receitas Brutas Realizadas;RO1.3.2.1.00.1.0;1.3.2.1.00.1.0 - Remuneração de Depósitos Bancários;69942,96;11675
2018;Prefeitura Municipal de Serra do Mel - RN;2413359;RN;DCA-Anexo I-C;Padrão;Receitas Brutas Realizadas;RO1.7.0.0.00.0.0;1.7.0.0.00.0.0 - Transferências Correntes;38484418,15;11675
2018;Prefeitura Municipal de Serra do Mel - RN;2413359;RN;DCA-Anexo I-C;Padrão;Deduções - FUNDEB;RO1.7.0.0.00.0.0;1.7.0.0.00.0.0 - Transferências Correntes;2951880,99;11675
2018;Prefeitura Municipal de Serra do Mel - RN;2413359;RN;DCA-Anexo I-C;Padrão;Receitas Brutas Realizadas;RO1.7.1.0.00.0.0;1.7.1.0.00.0.0 - Transferências da União e de suas Entidades;26564309,49;11675
2018;Prefeitura Municipal de Serra do Mel - RN;2413359;RN;DCA-Anexo I-C;Padrão;Deduções - FUNDEB;RO1.7.1.0.00.0.0;1.7.1.0.00.0.0 - Transferências da União e de suas Entidades;2149048,25;11675
2018;Prefeitura Municipal de Serra do Mel - RN;2413359;RN;DCA-Anexo I-C;Padrão;Receitas Brutas Realizadas;RO1.7.1.8.00.0.0;1.7.1.8.00.0.0 Transferências da União - Específicas de Estados, DF e Municípios;26564309,49;11675
2018;Prefeitura Municipal de Serra do Mel - RN;2413359;RN;DCA-Anexo I-C;Padrão;Deduções - FUNDEB;RO1.7.1.8.00.0.0;1.7.1.8.00.0.0 Transferências da União - Específicas de Estados, DF e Municípios;2149048,25;11675
2018;Prefeitura Municipal de Serra do Mel - RN;2413359;RN;DCA-Anexo I-C;Padrão;Receitas Brutas Realizadas;RO1.7.1.8.01.0.0;1.7.1.8.01.0.0 Participação na Receita da União;11682147,28;11675
2018;Prefeitura Municipal de Serra do Mel - RN;2413359;RN;DCA-Anexo I-C;Padrão;Deduções - FUNDEB;RO1.7.1.8.01.0.0;1.7.1.8.01.0.0 Participação na Receita da União;2148106,97;11675
2018;Prefeitura Municipal de Serra do Mel - RN;2413359;RN;DCA-Anexo I-C;Padrão;Receitas Brutas Realizadas;RO1.7.1.8.01.2.0;1.7.1.8.01.2.0 Cota-Parte do Fundo de Participação dos Municípios - Cota Mensal;10734229,26;11675
2018;Prefeitura Municipal de Serra do Mel - RN;2413359;RN;DCA-Anexo I-C;Padrão;Deduções - FUNDEB;RO1.7.1.8.01.2.0;1.7.1.8.01.2.0 Cota-Parte do Fundo de Participação dos Municípios - Cota Mensal;2146845,52;11675
2018;Prefeitura Municipal de Serra do Mel - RN;2413359;RN;DCA-Anexo I-C;Padrão;Receitas Brutas Realizadas;RO1.7.1.8.01.3.0;1.7.1.8.01.3.0 Cota-Parte do Fundo de Participação do Municípios ¿ 1% Cota entregue no mês de dezembro;476285,85;11675
2018;Prefeitura Municipal de Serra do Mel - RN;2413359;RN;DCA-Anexo I-C;Padrão;Receitas Brutas Realizadas;RO1.7.1.8.01.4.0;1.7.1.8.01.4.0 Cota-Parte do Fundo de Participação dos Municípios - 1% Cota entregue no mês de julho;465324,34;11675
2018;Prefeitura Municipal de Serra do Mel - RN;2413359;RN;DCA-Anexo I-C;Padrão;Receitas Brutas Realizadas;RO1.7.1.8.01.5.0;1.7.1.8.01.5.0 Cota-Parte do Imposto Sobre a Propriedade Territorial Rural;6307,83;11675
2018;Prefeitura Municipal de Serra do Mel - RN;2413359;RN;DCA-Anexo I-C;Padrão;Deduções - FUNDEB;RO1.7.1.8.01.5.0;1.7.1.8.01.5.0 Cota-Parte do Imposto Sobre a Propriedade Territorial Rural;1261,45;11675
2018;Prefeitura Municipal de Serra do Mel - RN;2413359;RN;DCA-Anexo I-C;Padrão;Receitas Brutas Realizadas;RO1.7.1.8.02.0.0;1.7.1.8.02.0.0 Transferência da Compensação Financeira pela Exploração de Recursos Naturais;11109900,32;11675
2018;Prefeitura Municipal de Serra do Mel - RN;2413359;RN;DCA-Anexo I-C;Padrão;Receitas Brutas Realizadas;RO1.7.1.8.02.3.0;1.7.1.8.02.3.0 Cota-parte Royalties ¿ Compensação Financeira pela Produção de Petróleo ¿ Lei nº 7.990/89;10632677,78;11675
2018;Prefeitura Municipal de Serra do Mel - RN;2413359;RN;DCA-Anexo I-C;Padrão;Receitas Brutas Realizadas;RO1.7.1.8.02.4.0;1.7.1.8.02.4.0 Cota-parte Royalties pelo Excedente da Produção do Petróleo ¿ Lei nº 9.478/97, artigo 49, I e II;291840,78;11675
2018;Prefeitura Municipal de Serra do Mel - RN;2413359;RN;DCA-Anexo I-C;Padrão;Receitas Brutas Realizadas;RO1.7.1.8.02.6.0;1.7.1.8.02.6.0 Cota-Parte do Fundo Especial do Petróleo ¿ FEP;185381,76;11675
2018;Prefeitura Municipal de Serra do Mel - RN;2413359;RN;DCA-Anexo I-C;Padrão;Receitas Brutas Realizadas;RO1.7.1.8.03.0.0;1.7.1.8.03.0.0 Transferência de Recursos do Sistema Único de Saúde ¿ SUS ¿ Repasses Fundo a Fundo;2540597,63;11675
2018;Prefeitura Municipal de Serra do Mel - RN;2413359;RN;DCA-Anexo I-C;Padrão;Receitas Brutas Realizadas;RO1.7.1.8.04.0.0;1.7.1.8.04.0.0 Transferências de Recursos do Fundo Nacional de Assistência Social ¿ FNAS;364072,98;11675
2018;Prefeitura Municipal de Serra do Mel - RN;2413359;RN;DCA-Anexo I-C;Padrão;Receitas Brutas Realizadas;RO1.7.1.8.05.0.0;1.7.1.8.05.0.0 Transferências de Recursos do Fundo Nacional do Desenvolvimento da Educação ¿ FNDE;775134,40;11675
2018;Prefeitura Municipal de Serra do Mel - RN;2413359;RN;DCA-Anexo I-C;Padrão;Receitas Brutas Realizadas;RO1.7.1.8.05.1.0;1.7.1.8.05.1.0 Transferências do Salário-Educação;306503,40;11675
2018;Prefeitura Municipal de Serra do Mel - RN;2413359;RN;DCA-Anexo I-C;Padrão;Receitas Brutas Realizadas;RO1.7.1.8.05.3.0;1.7.1.8.05.3.0 Transferências Diretas do FNDE referentes ao Programa Nacional de Alimentação Escolar ¿ PNAE;274738,80;11675
2018;Prefeitura Municipal de Serra do Mel - RN;2413359;RN;DCA-Anexo I-C;Padrão;Receitas Brutas Realizadas;RO1.7.1.8.05.4.0;1.7.1.8.05.4.0 Transferências Diretas do FNDE referentes ao Programa Nacional de Apoio ao Transporte do Escolar ¿ PNATE;124987,49;11675
2018;Prefeitura Municipal de Serra do Mel - RN;2413359;RN;DCA-Anexo I-C;Padrão;Receitas Brutas Realizadas;RO1.7.1.8.05.9.0;1.7.1.8.05.9.0 Outras Transferências Diretas do Fundo Nacional do Desenvolvimento da Educação ¿ FNDE;68904,71;11675
2018;Prefeitura Municipal de Serra do Mel - RN;2413359;RN;DCA-Anexo I-C;Padrão;Receitas Brutas Realizadas;RO1.7.1.8.06.0.0;1.7.1.8.06.0.0 Transferência Financeira do ICMS ¿ Desoneração ¿ L.C. Nº 87/96;4706,88;11675
2018;Prefeitura Municipal de Serra do Mel - RN;2413359;RN;DCA-Anexo I-C;Padrão;Deduções - FUNDEB;RO1.7.1.8.06.0.0;1.7.1.8.06.0.0 Transferência Financeira do ICMS ¿ Desoneração ¿ L.C. Nº 87/96;941,28;11675
2018;Prefeitura Municipal de Serra do Mel - RN;2413359;RN;DCA-Anexo I-C;Padrão;Receitas Brutas Realizadas;RO1.7.1.8.06.1.0;1.7.1.8.06.1.0 Transferência Financeira do ICMS ¿ Desoneração ¿ L.C. Nº 87/96;4706,88;11675
2018;Prefeitura Municipal de Serra do Mel - RN;2413359;RN;DCA-Anexo I-C;Padrão;Deduções - FUNDEB;RO1.7.1.8.06.1.0;1.7.1.8.06.1.0 Transferência Financeira do ICMS ¿ Desoneração ¿ L.C. Nº 87/96;941,28;11675
2018;Prefeitura Municipal de Serra do Mel - RN;2413359;RN;DCA-Anexo I-C;Padrão;Receitas Brutas Realizadas;RO1.7.1.8.99.0.0;1.7.1.8.99.0.0 Outras Transferências da União;87750,00;11675
2018;Prefeitura Municipal de Serra do Mel - RN;2413359;RN;DCA-Anexo I-C;Padrão;Receitas Brutas Realizadas;RO1.7.2.0.00.0.0;1.7.2.0.00.0.0 - Transferências dos Estados e do Distrito Federal e de suas Entidades;4272738,90;11675
2018;Prefeitura Municipal de Serra do Mel - RN;2413359;RN;DCA-Anexo I-C;Padrão;Deduções - FUNDEB;RO1.7.2.0.00.0.0;1.7.2.0.00.0.0 - Transferências dos Estados e do Distrito Federal e de suas Entidades;802832,74;11675
2018;Prefeitura Municipal de Serra do Mel - RN;2413359;RN;DCA-Anexo I-C;Padrão;Receitas Brutas Realizadas;RO1.7.2.8.00.0.0;1.7.2.8.00.0.0 Transferências dos Estados - Específicas de Estados, DF e Municípios;4272738,90;11675
2018;Prefeitura Municipal de Serra do Mel - RN;2413359;RN;DCA-Anexo I-C;Padrão;Deduções - FUNDEB;RO1.7.2.8.00.0.0;1.7.2.8.00.0.0 Transferências dos Estados - Específicas de Estados, DF e Municípios;802832,74;11675
2018;Prefeitura Municipal de Serra do Mel - RN;2413359;RN;DCA-Anexo I-C;Padrão;Receitas Brutas Realizadas;RO1.7.2.8.01.0.0;1.7.2.8.01.0.0 Participação na Receita dos Estados;4039604,92;11675
2018;Prefeitura Municipal de Serra do Mel - RN;2413359;RN;DCA-Anexo I-C;Padrão;Deduções - FUNDEB;RO1.7.2.8.01.0.0;1.7.2.8.01.0.0 Participação na Receita dos Estados;802832,74;11675
2018;Prefeitura Municipal de Serra do Mel - RN;2413359;RN;DCA-Anexo I-C;Padrão;Receitas Brutas Realizadas;RO1.7.2.8.01.1.0;1.7.2.8.01.1.0 Cota-Parte do ICMS;3735007,27;11675
2018;Prefeitura Municipal de Serra do Mel - RN;2413359;RN;DCA-Anexo I-C;Padrão;Deduções - FUNDEB;RO1.7.2.8.01.1.0;1.7.2.8.01.1.0 Cota-Parte do ICMS;747078,84;11675
2018;Prefeitura Municipal de Serra do Mel - RN;2413359;RN;DCA-Anexo I-C;Padrão;Receitas Brutas Realizadas;RO1.7.2.8.01.2.0;1.7.2.8.01.2.0 Cota-Parte do IPVA;276238,29;11675
2018;Prefeitura Municipal de Serra do Mel - RN;2413359;RN;DCA-Anexo I-C;Padrão;Deduções - FUNDEB;RO1.7.2.8.01.2.0;1.7.2.8.01.2.0 Cota-Parte do IPVA;55152,71;11675
2018;Prefeitura Municipal de Serra do Mel - RN;2413359;RN;DCA-Anexo I-C;Padrão;Receitas Brutas Realizadas;RO1.7.2.8.01.3.0;1.7.2.8.01.3.0 Cota-Parte do IPI - Municípios;3005,95;11675
2018;Prefeitura Municipal de Serra do Mel - RN;2413359;RN;DCA-Anexo I-C;Padrão;Deduções - FUNDEB;RO1.7.2.8.01.3.0;1.7.2.8.01.3.0 Cota-Parte do IPI - Municípios;601,19;11675
2018;Prefeitura Municipal de Serra do Mel - RN;2413359;RN;DCA-Anexo I-C;Padrão;Receitas Brutas Realizadas;RO1.7.2.8.01.4.0;1.7.2.8.01.4.0 Cota-Parte da Contribuição de Intervenção no Domínio Econômico;25353,41;11675
2018;Prefeitura Municipal de Serra do Mel - RN;2413359;RN;DCA-Anexo I-C;Padrão;Receitas Brutas Realizadas;RO1.7.2.8.02.0.0;1.7.2.8.02.0.0 Transferência da Cota-parte da Compensação Financeira (25%);70667,78;11675
2018;Prefeitura Municipal de Serra do Mel - RN;2413359;RN;DCA-Anexo I-C;Padrão;Receitas Brutas Realizadas;RO1.7.2.8.02.3.0;1.7.2.8.02.3.0 Cota-parte Royalties ¿ Compensação Financeira pela Produção do Petróleo ¿ Lei nº 7.990/89, artigo 9º;70667,78;11675
2018;Prefeitura Municipal de Serra do Mel - RN;2413359;RN;DCA-Anexo I-C;Padrão;Receitas Brutas Realizadas;RO1.7.2.8.10.0.0;1.7.2.8.10.0.0 Transferência de Convênios dos Estados e do Distrito Federal e de Suas Entidades;162466,20;11675
2018;Prefeitura Municipal de Serra do Mel - RN;2413359;RN;DCA-Anexo I-C;Padrão;Receitas Brutas Realizadas;RO1.7.2.8.10.2.0;1.7.2.8.10.2.0 Transferências de Convênio dos Estados Destinadas a Programas de Educação;162466,20;11675
2018;Prefeitura Municipal de Serra do Mel - RN;2413359;RN;DCA-Anexo I-C;Padrão;Receitas Brutas Realizadas;RO1.7.5.0.00.0.0;1.7.5.0.00.0.0 - Transferências de Outras Instituições Públicas;7647369,76;11675
2018;Prefeitura Municipal de Serra do Mel - RN;2413359;RN;DCA-Anexo I-C;Padrão;Receitas Brutas Realizadas;RO1.7.5.8.00.0.0;1.7.5.8.00.0.0 Transferências de Outras Instituições Públicas - Específicas de Estados, DF e Municípios;7647369,76;11675
2018;Prefeitura Municipal de Serra do Mel - RN;2413359;RN;DCA-Anexo I-C;Padrão;Receitas Brutas Realizadas;RO1.7.5.8.01.0.0;1.7.5.8.01.0.0 Transferências de Recursos do Fundo de Manutenção e Desenvolvimento da Educação Básica e de Valorização dos Profissionais da Educação ¿ FUNDEB;7647369,76;11675
2018;Prefeitura Municipal de Serra do Mel - RN;2413359;RN;DCA-Anexo I-C;Padrão;Receitas Brutas Realizadas;RO1.9.0.0.00.0.0;1.9.0.0.00.0.0 - Outras Receitas Correntes;1393,82;11675
2018;Prefeitura Municipal de Serra do Mel - RN;2413359;RN;DCA-Anexo I-C;Padrão;Receitas Brutas Realizadas;RO1.9.2.0.00.0.0;1.9.2.0.00.0.0 - Indenizações, Restituições e Ressarcimentos;1393,82;11675
2018;Prefeitura Municipal de Serra do Mel - RN;2413359;RN;DCA-Anexo I-C;Padrão;Receitas Brutas Realizadas;RO1.9.2.1.00.0.0;1.9.2.1.00.0.0 - Indenizações;1393,82;11675
2018;Prefeitura Municipal de Serra do Mel - RN;2413359;RN;DCA-Anexo I-C;Padrão;Receitas Brutas Realizadas;RO2.0.0.0.00.0.0;2.0.0.0.00.0.0 - Receitas de Capital;1459207,06;11675
2018;Prefeitura Municipal de Serra do Mel - RN;2413359;RN;DCA-Anexo I-C;Padrão;Receitas Brutas Realizadas;RO2.4.0.0.00.0.0;2.4.0.0.00.0.0 - Transferências de Capital;1459207,06;11675
2018;Prefeitura Municipal de Serra do Mel - RN;2413359;RN;DCA-Anexo I-C;Padrão;Receitas Brutas Realizadas;RO2.4.1.0.00.0.0;2.4.1.0.00.0.0 - Transferências da União e de suas Entidades;956943,06;11675
2018;Prefeitura Municipal de Serra do Mel - RN;2413359;RN;DCA-Anexo I-C;Padrão;Receitas Brutas Realizadas;RO2.4.1.8.00.0.0;2.4.1.8.00.0.0 Transferências da União - Específicas de Estados, DF e Municípios;956943,06;11675
2018;Prefeitura Municipal de Serra do Mel - RN;2413359;RN;DCA-Anexo I-C;Padrão;Receitas Brutas Realizadas;RO2.4.1.8.10.0.0;2.4.1.8.10.0.0 Transferência de Convênios da União e de suas Entidades;956943,06;11675
2018;Prefeitura Municipal de Serra do Mel - RN;2413359;RN;DCA-Anexo I-C;Padrão;Receitas Brutas Realizadas;RO2.4.2.0.00.0.0;2.4.2.0.00.0.0 - Transferências dos Estados e do Distrito Federal e de suas Entidades;502264,00;11675
2018;Prefeitura Municipal de Serra do Mel - RN;2413359;RN;DCA-Anexo I-C;Padrão;Receitas Brutas Realizadas;RO2.4.2.8.00.0.0;2.4.2.8.00.0.0 Transferências dos Estados, Distrito Federal, e de suas Entidades;502264,00;11675
2018;Prefeitura Municipal de Serra do Mel - RN;2413359;RN;DCA-Anexo I-C;Padrão;Receitas Brutas Realizadas;RO2.4.2.8.10.0.0;2.4.2.8.10.0.0 Transferências de Convênios dos Estados e do Distrito Federal e de suas Entidades;502264,00;11675
2019;Prefeitura Municipal de Serra do Mel - RN;2413359;RN;DCA-Anexo I-C;Padrão;Receitas Brutas Realizadas;ReceitasExcetoIntraOrcamentarias;RECEITAS (EXCETO INTRA-ORÇAMENTÁRIAS) (I);52462670,94;11790
2019;Prefeitura Municipal de Serra do Mel - RN;2413359;RN;DCA-Anexo I-C;Padrão;Deduções - FUNDEB;ReceitasExcetoIntraOrcamentarias;RECEITAS (EXCETO INTRA-ORÇAMENTÁRIAS) (I);3905947,15;11790
2019;Prefeitura Municipal de Serra do Mel - RN;2413359;RN;DCA-Anexo I-C;Padrão;Receitas Brutas Realizadas;RO1.0.0.0.00.0.0;1.0.0.0.00.0.0 - Receitas Correntes;51574452,61;11790
2019;Prefeitura Municipal de Serra do Mel - RN;2413359;RN;DCA-Anexo I-C;Padrão;Deduções - FUNDEB;RO1.0.0.0.00.0.0;1.0.0.0.00.0.0 - Receitas Correntes;3905947,15;11790
2019;Prefeitura Municipal de Serra do Mel - RN;2413359;RN;DCA-Anexo I-C;Padrão;Receitas Brutas Realizadas;RO1.1.0.0.00.0.0;1.1.0.0.00.0.0 - Impostos, Taxas e Contribuições de Melhoria;6654625,42;11790
2019;Prefeitura Municipal de Serra do Mel - RN;2413359;RN;DCA-Anexo I-C;Padrão;Receitas Brutas Realizadas;RO1.1.1.0.00.0.0;1.1.1.0.00.0.0 - Impostos;6596902,14;11790
2019;Prefeitura Municipal de Serra do Mel - RN;2413359;RN;DCA-Anexo I-C;Padrão;Receitas Brutas Realizadas;RO1.1.1.3.00.0.0;1.1.1.3.00.0.0 - Impostos sobre a Renda e Proventos de Qualquer Natureza;670734,01;11790
2019;Prefeitura Municipal de Serra do Mel - RN;2413359;RN;DCA-Anexo I-C;Padrão;Receitas Brutas Realizadas;RO1.1.1.3.03.0.0;1.1.1.3.03.0.0 - Imposto sobre a Renda - Retido na Fonte;670734,01;11790
2019;Prefeitura Municipal de Serra do Mel - RN;2413359;RN;DCA-Anexo I-C;Padrão;Receitas Brutas Realizadas;RO1.1.1.3.03.1.0;1.1.1.3.03.1.0 - Imposto sobre a Renda - Retido na Fonte - Trabalho;670734,01;11790
2019;Prefeitura Municipal de Serra do Mel - RN;2413359;RN;DCA-Anexo I-C;Padrão;Receitas Brutas Realizadas;RO1.1.1.8.00.0.0;1.1.1.8.00.0.0 Impostos Específicos de Estados, DF e Municípios;5926168,13;11790
2019;Prefeitura Municipal de Serra do Mel - RN;2413359;RN;DCA-Anexo I-C;Padrão;Receitas Brutas Realizadas;RO1.1.1.8.01.0.0;1.1.1.8.01.0.0 Impostos sobre o Patrimônio para Estados/DF/Municípios;109198,30;11790
2019;Prefeitura Municipal de Serra do Mel - RN;2413359;RN;DCA-Anexo I-C;Padrão;Receitas Brutas Realizadas;RO1.1.1.8.01.1.0;1.1.1.8.01.1.0 Imposto sobre a Propriedade Predial e Territorial Urbana;83909,29;11790
2019;Prefeitura Municipal de Serra do Mel - RN;2413359;RN;DCA-Anexo I-C;Padrão;Receitas Brutas Realizadas;RO1.1.1.8.01.4.0;1.1.1.8.01.4.0 Imposto sobre Transmissão ¿Inter Vivos¿ de Bens Imóveis e de Direitos Reais sobre Imóveis;25289,01;11790
2019;Prefeitura Municipal de Serra do Mel - RN;2413359;RN;DCA-Anexo I-C;Padrão;Receitas Brutas Realizadas;RO1.1.1.8.02.0.0;1.1.1.8.02.0.0 Impostos sobre a Produção, Circulação de Mercadorias e Serviços;5816969,83;11790
2019;Prefeitura Municipal de Serra do Mel - RN;2413359;RN;DCA-Anexo I-C;Padrão;Receitas Brutas Realizadas;RO1.1.1.8.02.3.0;1.1.1.8.02.3.0 Imposto sobre Serviços de Qualquer Natureza;5816969,83;11790
2019;Prefeitura Municipal de Serra do Mel - RN;2413359;RN;DCA-Anexo I-C;Padrão;Receitas Brutas Realizadas;RO1.1.2.0.00.0.0;1.1.2.0.00.0.0 - Taxas;57723,28;11790
2019;Prefeitura Municipal de Serra do Mel - RN;2413359;RN;DCA-Anexo I-C;Padrão;Receitas Brutas Realizadas;RO1.1.2.1.00.0.0;1.1.2.1.00.0.0 - Taxas pelo Exercício do Poder de Polícia;3388,20;11790
2019;Prefeitura Municipal de Serra do Mel - RN;2413359;RN;DCA-Anexo I-C;Padrão;Receitas Brutas Realizadas;RO1.1.2.1.01.0.0;1.1.2.1.01.0.0 - Taxas de Inspeção, Controle e Fiscalização;3388,20;11790
2019;Prefeitura Municipal de Serra do Mel - RN;2413359;RN;DCA-Anexo I-C;Padrão;Receitas Brutas Realizadas;RO1.1.2.2.00.0.0;1.1.2.2.00.0.0 - Taxas pela Prestação de Serviços;54335,08;11790
2019;Prefeitura Municipal de Serra do Mel - RN;2413359;RN;DCA-Anexo I-C;Padrão;Receitas Brutas Realizadas;RO1.1.2.2.01.0.0;1.1.2.2.01.0.0 - Taxas pela Prestação de Serviços;54335,08;11790
2019;Prefeitura Municipal de Serra do Mel - RN;2413359;RN;DCA-Anexo I-C;Padrão;Receitas Brutas Realizadas;RO1.2.0.0.00.0.0;1.2.0.0.00.0.0 - Contribuições;498995,22;11790
2019;Prefeitura Municipal de Serra do Mel - RN;2413359;RN;DCA-Anexo I-C;Padrão;Receitas Brutas Realizadas;RO1.2.4.0.00.0.0;1.2.4.0.00.0.0 - Contribuição para o Custeio do Serviço de Iluminação Pública;498995,22;11790
2019;Prefeitura Municipal de Serra do Mel - RN;2413359;RN;DCA-Anexo I-C;Padrão;Receitas Brutas Realizadas;RO1.3.0.0.00.0.0;1.3.0.0.00.0.0 - Receita Patrimonial;89694,74;11790
2019;Prefeitura Municipal de Serra do Mel - RN;2413359;RN;DCA-Anexo I-C;Padrão;Receitas Brutas Realizadas;RO1.3.2.0.00.0.0;1.3.2.0.00.0.0 - Valores Mobiliários;89694,74;11790
2019;Prefeitura Municipal de Serra do Mel - RN;2413359;RN;DCA-Anexo I-C;Padrão;Receitas Brutas Realizadas;RO1.3.2.1.00.0.0;1.3.2.1.00.0.0 - Juros e Correções Monetárias;89694,74;11790
2019;Prefeitura Municipal de Serra do Mel - RN;2413359;RN;DCA-Anexo I-C;Padrão;Receitas Brutas Realizadas;RO1.3.2.1.00.1.0;1.3.2.1.00.1.0 - Remuneração de Depósitos Bancários;89694,74;11790
2019;Prefeitura Municipal de Serra do Mel - RN;2413359;RN;DCA-Anexo I-C;Padrão;Receitas Brutas Realizadas;RO1.7.0.0.00.0.0;1.7.0.0.00.0.0 - Transferências Correntes;44316477,50;11790
2019;Prefeitura Municipal de Serra do Mel - RN;2413359;RN;DCA-Anexo I-C;Padrão;Deduções - FUNDEB;RO1.7.0.0.00.0.0;1.7.0.0.00.0.0 - Transferências Correntes;3905947,15;11790
2019;Prefeitura Municipal de Serra do Mel - RN;2413359;RN;DCA-Anexo I-C;Padrão;Receitas Brutas Realizadas;RO1.7.1.0.00.0.0;1.7.1.0.00.0.0 - Transferências da União e de suas Entidades;25680240,82;11790
2019;Prefeitura Municipal de Serra do Mel - RN;2413359;RN;DCA-Anexo I-C;Padrão;Deduções - FUNDEB;RO1.7.1.0.00.0.0;1.7.1.0.00.0.0 - Transferências da União e de suas Entidades;2337060,21;11790
2019;Prefeitura Municipal de Serra do Mel - RN;2413359;RN;DCA-Anexo I-C;Padrão;Receitas Brutas Realizadas;RO1.7.1.8.00.0.0;1.7.1.8.00.0.0 Transferências da União - Específicas de Estados, DF e Municípios;25680240,82;11790
2019;Prefeitura Municipal de Serra do Mel - RN;2413359;RN;DCA-Anexo I-C;Padrão;Deduções - FUNDEB;RO1.7.1.8.00.0.0;1.7.1.8.00.0.0 Transferências da União - Específicas de Estados, DF e Municípios;2337060,21;11790
2019;Prefeitura Municipal de Serra do Mel - RN;2413359;RN;DCA-Anexo I-C;Padrão;Receitas Brutas Realizadas;RO1.7.1.8.01.0.0;1.7.1.8.01.0.0 Participação na Receita da União;12697758,96;11790
2019;Prefeitura Municipal de Serra do Mel - RN;2413359;RN;DCA-Anexo I-C;Padrão;Deduções - FUNDEB;RO1.7.1.8.01.0.0;1.7.1.8.01.0.0 Participação na Receita da União;2337060,21;11790
2019;Prefeitura Municipal de Serra do Mel - RN;2413359;RN;DCA-Anexo I-C;Padrão;Receitas Brutas Realizadas;RO1.7.1.8.01.2.0;1.7.1.8.01.2.0 Cota-Parte do Fundo de Participação dos Municípios - Cota Mensal;11678381,65;11790
2019;Prefeitura Municipal de Serra do Mel - RN;2413359;RN;DCA-Anexo I-C;Padrão;Deduções - FUNDEB;RO1.7.1.8.01.2.0;1.7.1.8.01.2.0 Cota-Parte do Fundo de Participação dos Municípios - Cota Mensal;2335676,05;11790
2019;Prefeitura Municipal de Serra do Mel - RN;2413359;RN;DCA-Anexo I-C;Padrão;Receitas Brutas Realizadas;RO1.7.1.8.01.3.0;1.7.1.8.01.3.0 Cota-Parte do Fundo de Participação do Municípios ¿ 1% Cota entregue no mês de dezembro;515388,58;11790
2019;Prefeitura Municipal de Serra do Mel - RN;2413359;RN;DCA-Anexo I-C;Padrão;Receitas Brutas Realizadas;RO1.7.1.8.01.4.0;1.7.1.8.01.4.0 Cota-Parte do Fundo de Participação dos Municípios - 1% Cota entregue no mês de julho;496347,38;11790
2019;Prefeitura Municipal de Serra do Mel - RN;2413359;RN;DCA-Anexo I-C;Padrão;Receitas Brutas Realizadas;RO1.7.1.8.01.5.0;1.7.1.8.01.5.0 Cota-Parte do Imposto Sobre a Propriedade Territorial Rural;7641,35;11790
2019;Prefeitura Municipal de Serra do Mel - RN;2413359;RN;DCA-Anexo I-C;Padrão;Deduções - FUNDEB;RO1.7.1.8.01.5.0;1.7.1.8.01.5.0 Cota-Parte do Imposto Sobre a Propriedade Territorial Rural;1384,16;11790
2019;Prefeitura Municipal de Serra do Mel - RN;2413359;RN;DCA-Anexo I-C;Padrão;Receitas Brutas Realizadas;RO1.7.1.8.02.0.0;1.7.1.8.02.0.0 Transferência da Compensação Financeira pela Exploração de Recursos Naturais;8890831,28;11790
2019;Prefeitura Municipal de Serra do Mel - RN;2413359;RN;DCA-Anexo I-C;Padrão;Receitas Brutas Realizadas;RO1.7.1.8.02.3.0;1.7.1.8.02.3.0 Cota-parte Royalties ¿ Compensação Financeira pela Produção de Petróleo ¿ Lei nº 7.990/89;7745842,10;11790
2019;Prefeitura Municipal de Serra do Mel - RN;2413359;RN;DCA-Anexo I-C;Padrão;Receitas Brutas Realizadas;RO1.7.1.8.02.4.0;1.7.1.8.02.4.0 Cota-parte Royalties pelo Excedente da Produção do Petróleo ¿ Lei nº 9.478/97, artigo 49, I e II;965049,86;11790
2019;Prefeitura Municipal de Serra do Mel - RN;2413359;RN;DCA-Anexo I-C;Padrão;Receitas Brutas Realizadas;RO1.7.1.8.02.6.0;1.7.1.8.02.6.0 Cota-Parte do Fundo Especial do Petróleo ¿ FEP;179939,32;11790
2019;Prefeitura Municipal de Serra do Mel - RN;2413359;RN;DCA-Anexo I-C;Padrão;Receitas Brutas Realizadas;RO1.7.1.8.03.0.0;"1.7.1.8.03.0.0 Transferência de Recursos do Sistema Único de Saúde ¿ 
 SUS ¿ Bloco Custeio das Ações e Serviços Públicos de Saúde";2406562,22;11790
2019;Prefeitura Municipal de Serra do Mel - RN;2413359;RN;DCA-Anexo I-C;Padrão;Receitas Brutas Realizadas;RO1.7.1.8.03.1.0;1.7.1.8.03.1.0 - Transferência de Recursos do SUS ¿ Atenção Básica;1082612,99;11790
2019;Prefeitura Municipal de Serra do Mel - RN;2413359;RN;DCA-Anexo I-C;Padrão;Receitas Brutas Realizadas;RO1.7.1.8.03.2.0;1.7.1.8.03.2.0 - Transferência de Recursos do SUS ¿ Atenção de Média e Alta Complexidade Ambulatorial e Hospitalar;144673,80;11790
2019;Prefeitura Municipal de Serra do Mel - RN;2413359;RN;DCA-Anexo I-C;Padrão;Receitas Brutas Realizadas;RO1.7.1.8.03.3.0;1.7.1.8.03.3.0 - Transferência de Recursos do SUS ¿ Vigilância em Saúde;104491,70;11790
2019;Prefeitura Municipal de Serra do Mel - RN;2413359;RN;DCA-Anexo I-C;Padrão;Receitas Brutas Realizadas;RO1.7.1.8.03.4.0;1.7.1.8.03.4.0 - Transferência de Recursos do SUS ¿ Assistência Farmacêutica;88229,00;11790
2019;Prefeitura Municipal de Serra do Mel - RN;2413359;RN;DCA-Anexo I-C;Padrão;Receitas Brutas Realizadas;RO1.7.1.8.03.9.0;1.7.1.8.03.9.0 - Transferência de Recursos do SUS ¿ Outros Programas Financiados por Transferências Fundo a Fundo;986554,73;11790
2019;Prefeitura Municipal de Serra do Mel - RN;2413359;RN;DCA-Anexo I-C;Padrão;Receitas Brutas Realizadas;RO1.7.1.8.05.0.0;1.7.1.8.05.0.0 Transferências de Recursos do Fundo Nacional do Desenvolvimento da Educação ¿ FNDE;712513,44;11790
2019;Prefeitura Municipal de Serra do Mel - RN;2413359;RN;DCA-Anexo I-C;Padrão;Receitas Brutas Realizadas;RO1.7.1.8.05.1.0;1.7.1.8.05.1.0 Transferências do Salário-Educação;352510,15;11790
2019;Prefeitura Municipal de Serra do Mel - RN;2413359;RN;DCA-Anexo I-C;Padrão;Receitas Brutas Realizadas;RO1.7.1.8.05.3.0;1.7.1.8.05.3.0 Transferências Diretas do FNDE referentes ao Programa Nacional de Alimentação Escolar ¿ PNAE;203733,68;11790
2019;Prefeitura Municipal de Serra do Mel - RN;2413359;RN;DCA-Anexo I-C;Padrão;Receitas Brutas Realizadas;RO1.7.1.8.05.4.0;1.7.1.8.05.4.0 Transferências Diretas do FNDE referentes ao Programa Nacional de Apoio ao Transporte do Escolar ¿ PNATE;153207,60;11790
2019;Prefeitura Municipal de Serra do Mel - RN;2413359;RN;DCA-Anexo I-C;Padrão;Receitas Brutas Realizadas;RO1.7.1.8.05.9.0;1.7.1.8.05.9.0 Outras Transferências Diretas do Fundo Nacional do Desenvolvimento da Educação ¿ FNDE;3062,01;11790
2019;Prefeitura Municipal de Serra do Mel - RN;2413359;RN;DCA-Anexo I-C;Padrão;Receitas Brutas Realizadas;RO1.7.1.8.12.0.0;1.7.1.8.12.0.0 - Transferências de Recursos do Fundo Nacional de Assistência Social ¿ FNAS;361928,08;11790
2019;Prefeitura Municipal de Serra do Mel - RN;2413359;RN;DCA-Anexo I-C;Padrão;Receitas Brutas Realizadas;RO1.7.1.8.99.0.0;1.7.1.8.99.0.0 Outras Transferências da União;610646,84;11790
2019;Prefeitura Municipal de Serra do Mel - RN;2413359;RN;DCA-Anexo I-C;Padrão;Receitas Brutas Realizadas;RO1.7.2.0.00.0.0;1.7.2.0.00.0.0 - Transferências dos Estados e do Distrito Federal e de suas Entidades;9667683,96;11790
2019;Prefeitura Municipal de Serra do Mel - RN;2413359;RN;DCA-Anexo I-C;Padrão;Deduções - FUNDEB;RO1.7.2.0.00.0.0;1.7.2.0.00.0.0 - Transferências dos Estados e do Distrito Federal e de suas Entidades;1568886,94;11790
2019;Prefeitura Municipal de Serra do Mel - RN;2413359;RN;DCA-Anexo I-C;Padrão;Receitas Brutas Realizadas;RO1.7.2.8.00.0.0;1.7.2.8.00.0.0 Transferências dos Estados - Específicas de Estados, DF e Municípios;9667683,96;11790
2019;Prefeitura Municipal de Serra do Mel - RN;2413359;RN;DCA-Anexo I-C;Padrão;Deduções - FUNDEB;RO1.7.2.8.00.0.0;1.7.2.8.00.0.0 Transferências dos Estados - Específicas de Estados, DF e Municípios;1568886,94;11790
2019;Prefeitura Municipal de Serra do Mel - RN;2413359;RN;DCA-Anexo I-C;Padrão;Receitas Brutas Realizadas;RO1.7.2.8.01.0.0;1.7.2.8.01.0.0 Participação na Receita dos Estados;9226728,65;11790
2019;Prefeitura Municipal de Serra do Mel - RN;2413359;RN;DCA-Anexo I-C;Padrão;Deduções - FUNDEB;RO1.7.2.8.01.0.0;1.7.2.8.01.0.0 Participação na Receita dos Estados;1568886,94;11790
2019;Prefeitura Municipal de Serra do Mel - RN;2413359;RN;DCA-Anexo I-C;Padrão;Receitas Brutas Realizadas;RO1.7.2.8.01.1.0;1.7.2.8.01.1.0 Cota-Parte do ICMS;8874796,69;11790
2019;Prefeitura Municipal de Serra do Mel - RN;2413359;RN;DCA-Anexo I-C;Padrão;Deduções - FUNDEB;RO1.7.2.8.01.1.0;1.7.2.8.01.1.0 Cota-Parte do ICMS;1514970,02;11790
2019;Prefeitura Municipal de Serra do Mel - RN;2413359;RN;DCA-Anexo I-C;Padrão;Receitas Brutas Realizadas;RO1.7.2.8.01.2.0;1.7.2.8.01.2.0 Cota-Parte do IPVA;328890,68;11790
2019;Prefeitura Municipal de Serra do Mel - RN;2413359;RN;DCA-Anexo I-C;Padrão;Deduções - FUNDEB;RO1.7.2.8.01.2.0;1.7.2.8.01.2.0 Cota-Parte do IPVA;52642,30;11790
2019;Prefeitura Municipal de Serra do Mel - RN;2413359;RN;DCA-Anexo I-C;Padrão;Receitas Brutas Realizadas;RO1.7.2.8.01.3.0;1.7.2.8.01.3.0 Cota-Parte do IPI - Municípios;7647,96;11790
2019;Prefeitura Municipal de Serra do Mel - RN;2413359;RN;DCA-Anexo I-C;Padrão;Deduções - FUNDEB;RO1.7.2.8.01.3.0;1.7.2.8.01.3.0 Cota-Parte do IPI - Municípios;1274,62;11790
2019;Prefeitura Municipal de Serra do Mel - RN;2413359;RN;DCA-Anexo I-C;Padrão;Receitas Brutas Realizadas;RO1.7.2.8.01.4.0;1.7.2.8.01.4.0 Cota-Parte da Contribuição de Intervenção no Domínio Econômico;15393,32;11790
2019;Prefeitura Municipal de Serra do Mel - RN;2413359;RN;DCA-Anexo I-C;Padrão;Receitas Brutas Realizadas;RO1.7.2.8.02.0.0;1.7.2.8.02.0.0 Transferência da Cota-parte da Compensação Financeira (25%);176575,81;11790
2019;Prefeitura Municipal de Serra do Mel - RN;2413359;RN;DCA-Anexo I-C;Padrão;Receitas Brutas Realizadas;RO1.7.2.8.02.3.0;1.7.2.8.02.3.0 Cota-parte Royalties ¿ Compensação Financeira pela Produção do Petróleo ¿ Lei nº 7.990/89, artigo 9º;176575,81;11790
2019;Prefeitura Municipal de Serra do Mel - RN;2413359;RN;DCA-Anexo I-C;Padrão;Receitas Brutas Realizadas;RO1.7.2.8.10.0.0;1.7.2.8.10.0.0 Transferência de Convênios dos Estados e do Distrito Federal e de Suas Entidades;264379,50;11790
2019;Prefeitura Municipal de Serra do Mel - RN;2413359;RN;DCA-Anexo I-C;Padrão;Receitas Brutas Realizadas;RO1.7.2.8.10.2.0;1.7.2.8.10.2.0 Transferências de Convênio dos Estados Destinadas a Programas de Educação;264379,50;11790
2019;Prefeitura Municipal de Serra do Mel - RN;2413359;RN;DCA-Anexo I-C;Padrão;Receitas Brutas Realizadas;RO1.7.5.0.00.0.0;1.7.5.0.00.0.0 - Transferências de Outras Instituições Públicas;8968552,72;11790
2019;Prefeitura Municipal de Serra do Mel - RN;2413359;RN;DCA-Anexo I-C;Padrão;Receitas Brutas Realizadas;RO1.7.5.8.00.0.0;1.7.5.8.00.0.0 Transferências de Outras Instituições Públicas - Específicas de Estados, DF e Municípios;8968552,72;11790
2019;Prefeitura Municipal de Serra do Mel - RN;2413359;RN;DCA-Anexo I-C;Padrão;Receitas Brutas Realizadas;RO1.7.5.8.01.0.0;1.7.5.8.01.0.0 Transferências de Recursos do Fundo de Manutenção e Desenvolvimento da Educação Básica e de Valorização dos Profissionais da Educação ¿ FUNDEB;8968552,72;11790
2019;Prefeitura Municipal de Serra do Mel - RN;2413359;RN;DCA-Anexo I-C;Padrão;Receitas Brutas Realizadas;RO1.9.0.0.00.0.0;1.9.0.0.00.0.0 - Outras Receitas Correntes;14659,73;11790
2019;Prefeitura Municipal de Serra do Mel - RN;2413359;RN;DCA-Anexo I-C;Padrão;Receitas Brutas Realizadas;RO1.9.2.0.00.0.0;1.9.2.0.00.0.0 - Indenizações, Restituições e Ressarcimentos;14659,73;11790
2019;Prefeitura Municipal de Serra do Mel - RN;2413359;RN;DCA-Anexo I-C;Padrão;Receitas Brutas Realizadas;RO1.9.2.2.00.0.0;1.9.2.2.00.0.0 - Restituições;14659,73;11790
2019;Prefeitura Municipal de Serra do Mel - RN;2413359;RN;DCA-Anexo I-C;Padrão;Receitas Brutas Realizadas;RO1.9.2.2.99.0.0;1.9.2.2.99.0.0 - Outras Restituições;14659,73;11790
2019;Prefeitura Municipal de Serra do Mel - RN;2413359;RN;DCA-Anexo I-C;Padrão;Receitas Brutas Realizadas;RO2.0.0.0.00.0.0;2.0.0.0.00.0.0 - Receitas de Capital;888218,33;11790
2019;Prefeitura Municipal de Serra do Mel - RN;2413359;RN;DCA-Anexo I-C;Padrão;Receitas Brutas Realizadas;RO2.4.0.0.00.0.0;2.4.0.0.00.0.0 - Transferências de Capital;888218,33;11790
2019;Prefeitura Municipal de Serra do Mel - RN;2413359;RN;DCA-Anexo I-C;Padrão;Receitas Brutas Realizadas;RO2.4.1.0.00.0.0;2.4.1.0.00.0.0 - Transferências da União e de suas Entidades;791324,00;11790
2019;Prefeitura Municipal de Serra do Mel - RN;2413359;RN;DCA-Anexo I-C;Padrão;Receitas Brutas Realizadas;RO2.4.1.8.00.0.0;2.4.1.8.00.0.0 Transferências da União - Específicas de Estados, DF e Municípios;791324,00;11790
2019;Prefeitura Municipal de Serra do Mel - RN;2413359;RN;DCA-Anexo I-C;Padrão;Receitas Brutas Realizadas;RO2.4.1.8.10.0.0;2.4.1.8.10.0.0 Transferência de Convênios da União e de suas Entidades;791324,00;11790
2019;Prefeitura Municipal de Serra do Mel - RN;2413359;RN;DCA-Anexo I-C;Padrão;Receitas Brutas Realizadas;RO2.4.1.8.10.9.0;2.4.1.8.10.9.0 - Outras Transferências de Convênios da União;791324,00;11790
2019;Prefeitura Municipal de Serra do Mel - RN;2413359;RN;DCA-Anexo I-C;Padrão;Receitas Brutas Realizadas;RO2.4.2.0.00.0.0;2.4.2.0.00.0.0 - Transferências dos Estados e do Distrito Federal e de suas Entidades;96894,33;11790
2019;Prefeitura Municipal de Serra do Mel - RN;2413359;RN;DCA-Anexo I-C;Padrão;Receitas Brutas Realizadas;RO2.4.2.8.00.0.0;2.4.2.8.00.0.0 Transferências dos Estados, Distrito Federal, e de suas Entidades;96894,33;11790
2019;Prefeitura Municipal de Serra do Mel - RN;2413359;RN;DCA-Anexo I-C;Padrão;Receitas Brutas Realizadas;RO2.4.2.8.10.0.0;2.4.2.8.10.0.0 Transferências de Convênios dos Estados e do Distrito Federal e de suas Entidades;96894,33;11790
2019;Prefeitura Municipal de Serra do Mel - RN;2413359;RN;DCA-Anexo I-C;Padrão;Receitas Brutas Realizadas;RO2.4.2.8.10.9.0;2.4.2.8.10.9.0 - Outras Transferências de Convênio dos Estados;96894,33;11790
2019;Prefeitura Municipal de Serra do Mel - RN;2413359;RN;DCA-Anexo I-C;Padrão;Receitas Brutas Realizadas;TotalReceitas;TOTAL DAS RECEITAS (III) = (I + II);52462670,94;11790
2019;Prefeitura Municipal de Serra do Mel - RN;2413359;RN;DCA-Anexo I-C;Padrão;Deduções - FUNDEB;TotalReceitas;TOTAL DAS RECEITAS (III) = (I + II);3905947,15;11790
2020;Prefeitura Municipal de Serra do Mel - RN;2413359;RN;DCA-Anexo I-C;Padrão;Receitas Brutas Realizadas;ReceitasExcetoIntraOrcamentarias;RECEITAS (EXCETO INTRA-ORÇAMENTÁRIAS) (I);62721382,09;11938
2020;Prefeitura Municipal de Serra do Mel - RN;2413359;RN;DCA-Anexo I-C;Padrão;Deduções - FUNDEB;ReceitasExcetoIntraOrcamentarias;RECEITAS (EXCETO INTRA-ORÇAMENTÁRIAS) (I);4436557,82;11938
2020;Prefeitura Municipal de Serra do Mel - RN;2413359;RN;DCA-Anexo I-C;Padrão;Receitas Brutas Realizadas;RO1.0.0.0.00.0.0;1.0.0.0.00.0.0 - Receitas Correntes;61929854,09;11938
2020;Prefeitura Municipal de Serra do Mel - RN;2413359;RN;DCA-Anexo I-C;Padrão;Deduções - FUNDEB;RO1.0.0.0.00.0.0;1.0.0.0.00.0.0 - Receitas Correntes;4436557,82;11938
2020;Prefeitura Municipal de Serra do Mel - RN;2413359;RN;DCA-Anexo I-C;Padrão;Receitas Brutas Realizadas;RO1.1.0.0.00.0.0;1.1.0.0.00.0.0 - Impostos, Taxas e Contribuições de Melhoria;13671312,25;11938
2020;Prefeitura Municipal de Serra do Mel - RN;2413359;RN;DCA-Anexo I-C;Padrão;Receitas Brutas Realizadas;RO1.1.1.0.00.0.0;1.1.1.0.00.0.0 - Impostos;12913532,51;11938
2020;Prefeitura Municipal de Serra do Mel - RN;2413359;RN;DCA-Anexo I-C;Padrão;Receitas Brutas Realizadas;RO1.1.1.3.00.0.0;1.1.1.3.00.0.0 - Impostos sobre a Renda e Proventos de Qualquer Natureza;904600,47;11938
2020;Prefeitura Municipal de Serra do Mel - RN;2413359;RN;DCA-Anexo I-C;Padrão;Receitas Brutas Realizadas;RO1.1.1.3.03.0.0;1.1.1.3.03.0.0 - Imposto sobre a Renda - Retido na Fonte;904600,47;11938
2020;Prefeitura Municipal de Serra do Mel - RN;2413359;RN;DCA-Anexo I-C;Padrão;Receitas Brutas Realizadas;RO1.1.1.3.03.1.0;1.1.1.3.03.1.0 - Imposto sobre a Renda - Retido na Fonte - Trabalho;904600,47;11938
2020;Prefeitura Municipal de Serra do Mel - RN;2413359;RN;DCA-Anexo I-C;Padrão;Receitas Brutas Realizadas;RO1.1.1.8.00.0.0;1.1.1.8.00.0.0 Impostos Específicos de Estados, DF e Municípios;12008932,04;11938
2020;Prefeitura Municipal de Serra do Mel - RN;2413359;RN;DCA-Anexo I-C;Padrão;Receitas Brutas Realizadas;RO1.1.1.8.01.0.0;1.1.1.8.01.0.0 Impostos sobre o Patrimônio para Estados/DF/Municípios;31979,72;11938
2020;Prefeitura Municipal de Serra do Mel - RN;2413359;RN;DCA-Anexo I-C;Padrão;Receitas Brutas Realizadas;RO1.1.1.8.01.1.0;1.1.1.8.01.1.0 Imposto sobre a Propriedade Predial e Territorial Urbana;20431,35;11938
2020;Prefeitura Municipal de Serra do Mel - RN;2413359;RN;DCA-Anexo I-C;Padrão;Receitas Brutas Realizadas;RO1.1.1.8.01.4.0;1.1.1.8.01.4.0 Imposto sobre Transmissão ¿Inter Vivos¿ de Bens Imóveis e de Direitos Reais sobre Imóveis;11548,37;11938
2020;Prefeitura Municipal de Serra do Mel - RN;2413359;RN;DCA-Anexo I-C;Padrão;Receitas Brutas Realizadas;RO1.1.1.8.02.0.0;1.1.1.8.02.0.0 Impostos sobre a Produção, Circulação de Mercadorias e Serviços;11976952,32;11938
2020;Prefeitura Municipal de Serra do Mel - RN;2413359;RN;DCA-Anexo I-C;Padrão;Receitas Brutas Realizadas;RO1.1.1.8.02.3.0;1.1.1.8.02.3.0 Imposto sobre Serviços de Qualquer Natureza;11976952,32;11938
2020;Prefeitura Municipal de Serra do Mel - RN;2413359;RN;DCA-Anexo I-C;Padrão;Receitas Brutas Realizadas;RO1.1.2.0.00.0.0;1.1.2.0.00.0.0 - Taxas;757779,74;11938
2020;Prefeitura Municipal de Serra do Mel - RN;2413359;RN;DCA-Anexo I-C;Padrão;Receitas Brutas Realizadas;RO1.1.2.1.00.0.0;1.1.2.1.00.0.0 - Taxas pelo Exercício do Poder de Polícia;739272,90;11938
2020;Prefeitura Municipal de Serra do Mel - RN;2413359;RN;DCA-Anexo I-C;Padrão;Receitas Brutas Realizadas;RO1.1.2.1.01.0.0;1.1.2.1.01.0.0 - Taxas de Inspeção, Controle e Fiscalização;739272,90;11938
2020;Prefeitura Municipal de Serra do Mel - RN;2413359;RN;DCA-Anexo I-C;Padrão;Receitas Brutas Realizadas;RO1.1.2.2.00.0.0;1.1.2.2.00.0.0 - Taxas pela Prestação de Serviços;18506,84;11938
2020;Prefeitura Municipal de Serra do Mel - RN;2413359;RN;DCA-Anexo I-C;Padrão;Receitas Brutas Realizadas;RO1.1.2.2.01.0.0;1.1.2.2.01.0.0 - Taxas pela Prestação de Serviços;18506,84;11938
2020;Prefeitura Municipal de Serra do Mel - RN;2413359;RN;DCA-Anexo I-C;Padrão;Receitas Brutas Realizadas;RO1.2.0.0.00.0.0;1.2.0.0.00.0.0 - Contribuições;456177,54;11938
2020;Prefeitura Municipal de Serra do Mel - RN;2413359;RN;DCA-Anexo I-C;Padrão;Receitas Brutas Realizadas;RO1.2.4.0.00.0.0;1.2.4.0.00.0.0 - Contribuição para o Custeio do Serviço de Iluminação Pública;456177,54;11938
2020;Prefeitura Municipal de Serra do Mel - RN;2413359;RN;DCA-Anexo I-C;Padrão;Receitas Brutas Realizadas;RO1.3.0.0.00.0.0;1.3.0.0.00.0.0 - Receita Patrimonial;21666,31;11938
2020;Prefeitura Municipal de Serra do Mel - RN;2413359;RN;DCA-Anexo I-C;Padrão;Receitas Brutas Realizadas;RO1.3.2.0.00.0.0;1.3.2.0.00.0.0 - Valores Mobiliários;21666,31;11938
2020;Prefeitura Municipal de Serra do Mel - RN;2413359;RN;DCA-Anexo I-C;Padrão;Receitas Brutas Realizadas;RO1.3.2.1.00.0.0;1.3.2.1.00.0.0 - Juros e Correções Monetárias;21666,31;11938
2020;Prefeitura Municipal de Serra do Mel - RN;2413359;RN;DCA-Anexo I-C;Padrão;Receitas Brutas Realizadas;RO1.3.2.1.00.1.0;1.3.2.1.00.1.0 - Remuneração de Depósitos Bancários;21666,31;11938
2020;Prefeitura Municipal de Serra do Mel - RN;2413359;RN;DCA-Anexo I-C;Padrão;Receitas Brutas Realizadas;RO1.7.0.0.00.0.0;1.7.0.0.00.0.0 - Transferências Correntes;47752909,71;11938
2020;Prefeitura Municipal de Serra do Mel - RN;2413359;RN;DCA-Anexo I-C;Padrão;Deduções - FUNDEB;RO1.7.0.0.00.0.0;1.7.0.0.00.0.0 - Transferências Correntes;4436557,82;11938
2020;Prefeitura Municipal de Serra do Mel - RN;2413359;RN;DCA-Anexo I-C;Padrão;Receitas Brutas Realizadas;RO1.7.1.0.00.0.0;1.7.1.0.00.0.0 - Transferências da União e de suas Entidades;27101020,75;11938
2020;Prefeitura Municipal de Serra do Mel - RN;2413359;RN;DCA-Anexo I-C;Padrão;Deduções - FUNDEB;RO1.7.1.0.00.0.0;1.7.1.0.00.0.0 - Transferências da União e de suas Entidades;2228524,13;11938
2020;Prefeitura Municipal de Serra do Mel - RN;2413359;RN;DCA-Anexo I-C;Padrão;Receitas Brutas Realizadas;RO1.7.1.8.00.0.0;1.7.1.8.00.0.0 Transferências da União - Específicas de Estados, DF e Municípios;27101020,75;11938
2020;Prefeitura Municipal de Serra do Mel - RN;2413359;RN;DCA-Anexo I-C;Padrão;Deduções - FUNDEB;RO1.7.1.8.00.0.0;1.7.1.8.00.0.0 Transferências da União - Específicas de Estados, DF e Municípios;2228524,13;11938
2020;Prefeitura Municipal de Serra do Mel - RN;2413359;RN;DCA-Anexo I-C;Padrão;Receitas Brutas Realizadas;RO1.7.1.8.01.0.0;1.7.1.8.01.0.0 Participação na Receita da União;12145821,27;11938
2020;Prefeitura Municipal de Serra do Mel - RN;2413359;RN;DCA-Anexo I-C;Padrão;Deduções - FUNDEB;RO1.7.1.8.01.0.0;1.7.1.8.01.0.0 Participação na Receita da União;2228524,13;11938
2020;Prefeitura Municipal de Serra do Mel - RN;2413359;RN;DCA-Anexo I-C;Padrão;Receitas Brutas Realizadas;RO1.7.1.8.01.2.0;1.7.1.8.01.2.0 Cota-Parte do Fundo de Participação dos Municípios - Cota Mensal;11134691,14;11938
2020;Prefeitura Municipal de Serra do Mel - RN;2413359;RN;DCA-Anexo I-C;Padrão;Deduções - FUNDEB;RO1.7.1.8.01.2.0;1.7.1.8.01.2.0 Cota-Parte do Fundo de Participação dos Municípios - Cota Mensal;2226937,93;11938
2020;Prefeitura Municipal de Serra do Mel - RN;2413359;RN;DCA-Anexo I-C;Padrão;Receitas Brutas Realizadas;RO1.7.1.8.01.3.0;1.7.1.8.01.3.0 Cota-Parte do Fundo de Participação do Municípios ¿ 1% Cota entregue no mês de dezembro;501065,21;11938
2020;Prefeitura Municipal de Serra do Mel - RN;2413359;RN;DCA-Anexo I-C;Padrão;Receitas Brutas Realizadas;RO1.7.1.8.01.4.0;1.7.1.8.01.4.0 Cota-Parte do Fundo de Participação dos Municípios - 1% Cota entregue no mês de julho;502133,48;11938
2020;Prefeitura Municipal de Serra do Mel - RN;2413359;RN;DCA-Anexo I-C;Padrão;Receitas Brutas Realizadas;RO1.7.1.8.01.5.0;1.7.1.8.01.5.0 Cota-Parte do Imposto Sobre a Propriedade Territorial Rural;7931,44;11938
2020;Prefeitura Municipal de Serra do Mel - RN;2413359;RN;DCA-Anexo I-C;Padrão;Deduções - FUNDEB;RO1.7.1.8.01.5.0;1.7.1.8.01.5.0 Cota-Parte do Imposto Sobre a Propriedade Territorial Rural;1586,20;11938
2020;Prefeitura Municipal de Serra do Mel - RN;2413359;RN;DCA-Anexo I-C;Padrão;Receitas Brutas Realizadas;RO1.7.1.8.02.0.0;1.7.1.8.02.0.0 Transferência da Compensação Financeira pela Exploração de Recursos Naturais;7061404,10;11938
2020;Prefeitura Municipal de Serra do Mel - RN;2413359;RN;DCA-Anexo I-C;Padrão;Receitas Brutas Realizadas;RO1.7.1.8.02.3.0;1.7.1.8.02.3.0 Cota-parte Royalties ¿ Compensação Financeira pela Produção de Petróleo ¿ Lei nº 7.990/89;6701170,18;11938
2020;Prefeitura Municipal de Serra do Mel - RN;2413359;RN;DCA-Anexo I-C;Padrão;Receitas Brutas Realizadas;RO1.7.1.8.02.4.0;1.7.1.8.02.4.0 Cota-parte Royalties pelo Excedente da Produção do Petróleo ¿ Lei nº 9.478/97, artigo 49, I e II;181088,98;11938
2020;Prefeitura Municipal de Serra do Mel - RN;2413359;RN;DCA-Anexo I-C;Padrão;Receitas Brutas Realizadas;RO1.7.1.8.02.6.0;1.7.1.8.02.6.0 Cota-Parte do Fundo Especial do Petróleo ¿ FEP;179144,94;11938
2020;Prefeitura Municipal de Serra do Mel - RN;2413359;RN;DCA-Anexo I-C;Padrão;Receitas Brutas Realizadas;RO1.7.1.8.03.0.0;"1.7.1.8.03.0.0 Transferência de Recursos do Sistema Único de Saúde ¿ 
 SUS ¿ Bloco Custeio das Ações e Serviços Públicos de Saúde";4412121,49;11938
2020;Prefeitura Municipal de Serra do Mel - RN;2413359;RN;DCA-Anexo I-C;Padrão;Receitas Brutas Realizadas;RO1.7.1.8.03.1.0;1.7.1.8.03.1.0 - Transferência de Recursos do SUS ¿ Atenção Básica;1627525,02;11938
2020;Prefeitura Municipal de Serra do Mel - RN;2413359;RN;DCA-Anexo I-C;Padrão;Receitas Brutas Realizadas;RO1.7.1.8.03.2.0;1.7.1.8.03.2.0 - Transferência de Recursos do SUS ¿ Atenção de Média e Alta Complexidade Ambulatorial e Hospitalar;144673,80;11938
2020;Prefeitura Municipal de Serra do Mel - RN;2413359;RN;DCA-Anexo I-C;Padrão;Receitas Brutas Realizadas;RO1.7.1.8.03.3.0;1.7.1.8.03.3.0 - Transferência de Recursos do SUS ¿ Vigilância em Saúde;117433,53;11938
2020;Prefeitura Municipal de Serra do Mel - RN;2413359;RN;DCA-Anexo I-C;Padrão;Receitas Brutas Realizadas;RO1.7.1.8.03.4.0;1.7.1.8.03.4.0 - Transferência de Recursos do SUS ¿ Assistência Farmacêutica;160982,98;11938
2020;Prefeitura Municipal de Serra do Mel - RN;2413359;RN;DCA-Anexo I-C;Padrão;Receitas Brutas Realizadas;RO1.7.1.8.03.9.0;1.7.1.8.03.9.0 - Transferência de Recursos do SUS ¿ Outros Programas Financiados por Transferências Fundo a Fundo;2361506,16;11938
2020;Prefeitura Municipal de Serra do Mel - RN;2413359;RN;DCA-Anexo I-C;Padrão;Receitas Brutas Realizadas;RO1.7.1.8.05.0.0;1.7.1.8.05.0.0 Transferências de Recursos do Fundo Nacional do Desenvolvimento da Educação ¿ FNDE;663127,64;11938
2020;Prefeitura Municipal de Serra do Mel - RN;2413359;RN;DCA-Anexo I-C;Padrão;Receitas Brutas Realizadas;RO1.7.1.8.05.1.0;1.7.1.8.05.1.0 Transferências do Salário-Educação;258680,65;11938
2020;Prefeitura Municipal de Serra do Mel - RN;2413359;RN;DCA-Anexo I-C;Padrão;Receitas Brutas Realizadas;RO1.7.1.8.05.3.0;1.7.1.8.05.3.0 Transferências Diretas do FNDE referentes ao Programa Nacional de Alimentação Escolar ¿ PNAE;233994,20;11938
2020;Prefeitura Municipal de Serra do Mel - RN;2413359;RN;DCA-Anexo I-C;Padrão;Receitas Brutas Realizadas;RO1.7.1.8.05.4.0;1.7.1.8.05.4.0 Transferências Diretas do FNDE referentes ao Programa Nacional de Apoio ao Transporte do Escolar ¿ PNATE;167528,16;11938
2020;Prefeitura Municipal de Serra do Mel - RN;2413359;RN;DCA-Anexo I-C;Padrão;Receitas Brutas Realizadas;RO1.7.1.8.05.9.0;1.7.1.8.05.9.0 Outras Transferências Diretas do Fundo Nacional do Desenvolvimento da Educação ¿ FNDE;2924,63;11938
2020;Prefeitura Municipal de Serra do Mel - RN;2413359;RN;DCA-Anexo I-C;Padrão;Receitas Brutas Realizadas;RO1.7.1.8.06.0.0;1.7.1.8.06.0.0 Transferência Financeira do ICMS ¿ Desoneração ¿ L.C. Nº 87/96;26435,61;11938
2020;Prefeitura Municipal de Serra do Mel - RN;2413359;RN;DCA-Anexo I-C;Padrão;Receitas Brutas Realizadas;RO1.7.1.8.10.0.0;1.7.1.8.10.0.0 Transferências de Convênios da União e de Suas Entidades;28000,00;11938
2020;Prefeitura Municipal de Serra do Mel - RN;2413359;RN;DCA-Anexo I-C;Padrão;Receitas Brutas Realizadas;RO1.7.1.8.10.9.0;1.7.1.8.10.9.0 Outras Transferências de Convênios da União;28000,00;11938
2020;Prefeitura Municipal de Serra do Mel - RN;2413359;RN;DCA-Anexo I-C;Padrão;Receitas Brutas Realizadas;RO1.7.1.8.12.0.0;1.7.1.8.12.0.0 - Transferências de Recursos do Fundo Nacional de Assistência Social ¿ FNAS;385664,61;11938
2020;Prefeitura Municipal de Serra do Mel - RN;2413359;RN;DCA-Anexo I-C;Padrão;Receitas Brutas Realizadas;RO1.7.1.8.99.0.0;1.7.1.8.99.0.0 Outras Transferências da União;2378446,03;11938
2020;Prefeitura Municipal de Serra do Mel - RN;2413359;RN;DCA-Anexo I-C;Padrão;Receitas Brutas Realizadas;RO1.7.2.0.00.0.0;1.7.2.0.00.0.0 - Transferências dos Estados e do Distrito Federal e de suas Entidades;11534441,89;11938
2020;Prefeitura Municipal de Serra do Mel - RN;2413359;RN;DCA-Anexo I-C;Padrão;Deduções - FUNDEB;RO1.7.2.0.00.0.0;1.7.2.0.00.0.0 - Transferências dos Estados e do Distrito Federal e de suas Entidades;2208033,69;11938
2020;Prefeitura Municipal de Serra do Mel - RN;2413359;RN;DCA-Anexo I-C;Padrão;Receitas Brutas Realizadas;RO1.7.2.8.00.0.0;1.7.2.8.00.0.0 Transferências dos Estados - Específicas de Estados, DF e Municípios;11534441,89;11938
2020;Prefeitura Municipal de Serra do Mel - RN;2413359;RN;DCA-Anexo I-C;Padrão;Deduções - FUNDEB;RO1.7.2.8.00.0.0;1.7.2.8.00.0.0 Transferências dos Estados - Específicas de Estados, DF e Municípios;2208033,69;11938
2020;Prefeitura Municipal de Serra do Mel - RN;2413359;RN;DCA-Anexo I-C;Padrão;Receitas Brutas Realizadas;RO1.7.2.8.01.0.0;1.7.2.8.01.0.0 Participação na Receita dos Estados;11272712,83;11938
2020;Prefeitura Municipal de Serra do Mel - RN;2413359;RN;DCA-Anexo I-C;Padrão;Deduções - FUNDEB;RO1.7.2.8.01.0.0;1.7.2.8.01.0.0 Participação na Receita dos Estados;2208033,69;11938
2020;Prefeitura Municipal de Serra do Mel - RN;2413359;RN;DCA-Anexo I-C;Padrão;Receitas Brutas Realizadas;RO1.7.2.8.01.1.0;1.7.2.8.01.1.0 Cota-Parte do ICMS;10902878,05;11938
2020;Prefeitura Municipal de Serra do Mel - RN;2413359;RN;DCA-Anexo I-C;Padrão;Deduções - FUNDEB;RO1.7.2.8.01.1.0;1.7.2.8.01.1.0 Cota-Parte do ICMS;2138517,29;11938
2020;Prefeitura Municipal de Serra do Mel - RN;2413359;RN;DCA-Anexo I-C;Padrão;Receitas Brutas Realizadas;RO1.7.2.8.01.2.0;1.7.2.8.01.2.0 Cota-Parte do IPVA;346438,46;11938
2020;Prefeitura Municipal de Serra do Mel - RN;2413359;RN;DCA-Anexo I-C;Padrão;Deduções - FUNDEB;RO1.7.2.8.01.2.0;1.7.2.8.01.2.0 Cota-Parte do IPVA;67459,13;11938
2020;Prefeitura Municipal de Serra do Mel - RN;2413359;RN;DCA-Anexo I-C;Padrão;Receitas Brutas Realizadas;RO1.7.2.8.01.3.0;1.7.2.8.01.3.0 Cota-Parte do IPI - Municípios;10539,66;11938
2020;Prefeitura Municipal de Serra do Mel - RN;2413359;RN;DCA-Anexo I-C;Padrão;Deduções - FUNDEB;RO1.7.2.8.01.3.0;1.7.2.8.01.3.0 Cota-Parte do IPI - Municípios;2057,27;11938
2020;Prefeitura Municipal de Serra do Mel - RN;2413359;RN;DCA-Anexo I-C;Padrão;Receitas Brutas Realizadas;RO1.7.2.8.01.4.0;1.7.2.8.01.4.0 Cota-Parte da Contribuição de Intervenção no Domínio Econômico;12856,66;11938
2020;Prefeitura Municipal de Serra do Mel - RN;2413359;RN;DCA-Anexo I-C;Padrão;Receitas Brutas Realizadas;RO1.7.2.8.02.0.0;1.7.2.8.02.0.0 Transferência da Cota-parte da Compensação Financeira (25%);152852,28;11938
2020;Prefeitura Municipal de Serra do Mel - RN;2413359;RN;DCA-Anexo I-C;Padrão;Receitas Brutas Realizadas;RO1.7.2.8.02.3.0;1.7.2.8.02.3.0 Cota-parte Royalties ¿ Compensação Financeira pela Produção do Petróleo ¿ Lei nº 7.990/89, artigo 9º;152852,28;11938
2020;Prefeitura Municipal de Serra do Mel - RN;2413359;RN;DCA-Anexo I-C;Padrão;Receitas Brutas Realizadas;RO1.7.2.8.10.0.0;1.7.2.8.10.0.0 Transferência de Convênios dos Estados e do Distrito Federal e de Suas Entidades;68260,50;11938
2020;Prefeitura Municipal de Serra do Mel - RN;2413359;RN;DCA-Anexo I-C;Padrão;Receitas Brutas Realizadas;RO1.7.2.8.10.2.0;1.7.2.8.10.2.0 Transferências de Convênio dos Estados Destinadas a Programas de Educação;68260,50;11938
2020;Prefeitura Municipal de Serra do Mel - RN;2413359;RN;DCA-Anexo I-C;Padrão;Receitas Brutas Realizadas;RO1.7.2.8.99.0.0;1.7.2.8.99.0.0 Outras Transferências dos Estados;40616,28;11938
2020;Prefeitura Municipal de Serra do Mel - RN;2413359;RN;DCA-Anexo I-C;Padrão;Receitas Brutas Realizadas;RO1.7.5.0.00.0.0;1.7.5.0.00.0.0 - Transferências de Outras Instituições Públicas;9117447,07;11938
2020;Prefeitura Municipal de Serra do Mel - RN;2413359;RN;DCA-Anexo I-C;Padrão;Receitas Brutas Realizadas;RO1.7.5.8.00.0.0;1.7.5.8.00.0.0 Transferências de Outras Instituições Públicas - Específicas de Estados, DF e Municípios;9117447,07;11938
2020;Prefeitura Municipal de Serra do Mel - RN;2413359;RN;DCA-Anexo I-C;Padrão;Receitas Brutas Realizadas;RO1.7.5.8.01.0.0;1.7.5.8.01.0.0 Transferências de Recursos do Fundo de Manutenção e Desenvolvimento da Educação Básica e de Valorização dos Profissionais da Educação ¿ FUNDEB;9117447,07;11938
2020;Prefeitura Municipal de Serra do Mel - RN;2413359;RN;DCA-Anexo I-C;Padrão;Receitas Brutas Realizadas;RO1.9.0.0.00.0.0;1.9.0.0.00.0.0 - Outras Receitas Correntes;27788,28;11938
2020;Prefeitura Municipal de Serra do Mel - RN;2413359;RN;DCA-Anexo I-C;Padrão;Receitas Brutas Realizadas;RO1.9.2.0.00.0.0;1.9.2.0.00.0.0 - Indenizações, Restituições e Ressarcimentos;27788,28;11938
2020;Prefeitura Municipal de Serra do Mel - RN;2413359;RN;DCA-Anexo I-C;Padrão;Receitas Brutas Realizadas;RO1.9.2.2.00.0.0;1.9.2.2.00.0.0 - Restituições;27788,28;11938
2020;Prefeitura Municipal de Serra do Mel - RN;2413359;RN;DCA-Anexo I-C;Padrão;Receitas Brutas Realizadas;RO1.9.2.2.99.0.0;1.9.2.2.99.0.0 - Outras Restituições;27788,28;11938
2020;Prefeitura Municipal de Serra do Mel - RN;2413359;RN;DCA-Anexo I-C;Padrão;Receitas Brutas Realizadas;RO2.0.0.0.00.0.0;2.0.0.0.00.0.0 - Receitas de Capital;791528,00;11938
2020;Prefeitura Municipal de Serra do Mel - RN;2413359;RN;DCA-Anexo I-C;Padrão;Receitas Brutas Realizadas;RO2.4.0.0.00.0.0;2.4.0.0.00.0.0 - Transferências de Capital;791528,00;11938
2020;Prefeitura Municipal de Serra do Mel - RN;2413359;RN;DCA-Anexo I-C;Padrão;Receitas Brutas Realizadas;RO2.4.1.0.00.0.0;2.4.1.0.00.0.0 - Transferências da União e de suas Entidades;591528,00;11938
2020;Prefeitura Municipal de Serra do Mel - RN;2413359;RN;DCA-Anexo I-C;Padrão;Receitas Brutas Realizadas;RO2.4.1.8.00.0.0;2.4.1.8.00.0.0 Transferências da União - Específicas de Estados, DF e Municípios;591528,00;11938
2020;Prefeitura Municipal de Serra do Mel - RN;2413359;RN;DCA-Anexo I-C;Padrão;Receitas Brutas Realizadas;RO2.4.1.8.04.0.0;2.4.1.8.04.0.0 - Transferências de Recursos do Sistema Único de Saúde ¿ SUS - Bloco Investimentos na Rede de Serviços Públicos de Saúde;591528,00;11938
2020;Prefeitura Municipal de Serra do Mel - RN;2413359;RN;DCA-Anexo I-C;Padrão;Receitas Brutas Realizadas;RO2.4.1.8.04.6.0;2.4.1.8.04.6.0 - Outras Transferências de Recursos do Sistema Único de Saúde ¿ SUS, não detalhadas anteriormente;591528,00;11938
2020;Prefeitura Municipal de Serra do Mel - RN;2413359;RN;DCA-Anexo I-C;Padrão;Receitas Brutas Realizadas;RO2.4.2.0.00.0.0;2.4.2.0.00.0.0 - Transferências dos Estados e do Distrito Federal e de suas Entidades;200000,00;11938
2020;Prefeitura Municipal de Serra do Mel - RN;2413359;RN;DCA-Anexo I-C;Padrão;Receitas Brutas Realizadas;RO2.4.2.8.00.0.0;2.4.2.8.00.0.0 Transferências dos Estados, Distrito Federal, e de suas Entidades;200000,00;11938
2020;Prefeitura Municipal de Serra do Mel - RN;2413359;RN;DCA-Anexo I-C;Padrão;Receitas Brutas Realizadas;RO2.4.2.8.03.0.0;2.4.2.8.03.0.0 Transferências de Recursos do Sistema Único de Saúde ¿ SUS;200000,00;11938
2020;Prefeitura Municipal de Serra do Mel - RN;2413359;RN;DCA-Anexo I-C;Padrão;Receitas Brutas Realizadas;TotalReceitas;TOTAL DAS RECEITAS (III) = (I + II);62721382,09;11938
2020;Prefeitura Municipal de Serra do Mel - RN;2413359;RN;DCA-Anexo I-C;Padrão;Deduções - FUNDEB;TotalReceitas;TOTAL DAS RECEITAS (III) = (I + II);4436557,82;11938
2021;Prefeitura Municipal de Serra do Mel - RN;2413359;RN;DCA-Anexo I-C;Padrão;Receitas Brutas Realizadas;ReceitasExcetoIntraOrcamentarias;RECEITAS (EXCETO INTRA-ORÇAMENTÁRIAS) (I);80087584,43;12083
2021;Prefeitura Municipal de Serra do Mel - RN;2413359;RN;DCA-Anexo I-C;Padrão;Deduções - FUNDEB;ReceitasExcetoIntraOrcamentarias;RECEITAS (EXCETO INTRA-ORÇAMENTÁRIAS) (I);5635485,83;12083
2021;Prefeitura Municipal de Serra do Mel - RN;2413359;RN;DCA-Anexo I-C;Padrão;Receitas Brutas Realizadas;RO1.0.0.0.00.0.0;1.0.0.0.00.0.0 - Receitas Correntes;79262603,69;12083
2021;Prefeitura Municipal de Serra do Mel - RN;2413359;RN;DCA-Anexo I-C;Padrão;Deduções - FUNDEB;RO1.0.0.0.00.0.0;1.0.0.0.00.0.0 - Receitas Correntes;5635485,83;12083
2021;Prefeitura Municipal de Serra do Mel - RN;2413359;RN;DCA-Anexo I-C;Padrão;Receitas Brutas Realizadas;RO1.1.0.0.00.0.0;1.1.0.0.00.0.0 - Impostos, Taxas e Contribuições de Melhoria;22448818,86;12083
2021;Prefeitura Municipal de Serra do Mel - RN;2413359;RN;DCA-Anexo I-C;Padrão;Receitas Brutas Realizadas;RO1.1.1.0.00.0.0;1.1.1.0.00.0.0 - Impostos;21688691,22;12083
2021;Prefeitura Municipal de Serra do Mel - RN;2413359;RN;DCA-Anexo I-C;Padrão;Receitas Brutas Realizadas;RO1.1.1.3.00.0.0;1.1.1.3.00.0.0 - Impostos sobre a Renda e Proventos de Qualquer Natureza;961519,76;12083
2021;Prefeitura Municipal de Serra do Mel - RN;2413359;RN;DCA-Anexo I-C;Padrão;Receitas Brutas Realizadas;RO1.1.1.3.03.0.0;1.1.1.3.03.0.0 - Imposto sobre a Renda - Retido na Fonte;961519,76;12083
2021;Prefeitura Municipal de Serra do Mel - RN;2413359;RN;DCA-Anexo I-C;Padrão;Receitas Brutas Realizadas;RO1.1.1.3.03.1.0;1.1.1.3.03.1.0 - Imposto sobre a Renda - Retido na Fonte - Trabalho;961519,76;12083
2021;Prefeitura Municipal de Serra do Mel - RN;2413359;RN;DCA-Anexo I-C;Padrão;Receitas Brutas Realizadas;RO1.1.1.8.00.0.0;1.1.1.8.00.0.0 - Impostos Específicos de Estados, DF e Municípios;20727171,46;12083
2021;Prefeitura Municipal de Serra do Mel - RN;2413359;RN;DCA-Anexo I-C;Padrão;Receitas Brutas Realizadas;RO1.1.1.8.01.0.0;1.1.1.8.01.0.0 - Impostos sobre o Patrimônio para Estados/DF/Municípios;32104,56;12083
2021;Prefeitura Municipal de Serra do Mel - RN;2413359;RN;DCA-Anexo I-C;Padrão;Receitas Brutas Realizadas;RO1.1.1.8.01.1.0;1.1.1.8.01.1.0 - Imposto sobre a Propriedade Predial e Territorial Urbana;22527,23;12083
2021;Prefeitura Municipal de Serra do Mel - RN;2413359;RN;DCA-Anexo I-C;Padrão;Receitas Brutas Realizadas;RO1.1.1.8.01.4.0;1.1.1.8.01.4.0 - Imposto sobre Transmissão ¿Inter Vivos¿ de Bens Imóveis e de Direitos Reais sobre Imóveis;9577,33;12083
2021;Prefeitura Municipal de Serra do Mel - RN;2413359;RN;DCA-Anexo I-C;Padrão;Receitas Brutas Realizadas;RO1.1.1.8.02.0.0;1.1.1.8.02.0.0 - Impostos sobre a Produção, Circulação de Mercadorias e Serviços;20695066,90;12083
2021;Prefeitura Municipal de Serra do Mel - RN;2413359;RN;DCA-Anexo I-C;Padrão;Receitas Brutas Realizadas;RO1.1.1.8.02.3.0;1.1.1.8.02.3.0 - Imposto sobre Serviços de Qualquer Natureza;20695066,90;12083
2021;Prefeitura Municipal de Serra do Mel - RN;2413359;RN;DCA-Anexo I-C;Padrão;Receitas Brutas Realizadas;RO1.1.2.0.00.0.0;1.1.2.0.00.0.0 - Taxas;760127,64;12083
2021;Prefeitura Municipal de Serra do Mel - RN;2413359;RN;DCA-Anexo I-C;Padrão;Receitas Brutas Realizadas;RO1.1.2.1.00.0.0;1.1.2.1.00.0.0 - Taxas pelo Exercício do Poder de Polícia;760127,64;12083
2021;Prefeitura Municipal de Serra do Mel - RN;2413359;RN;DCA-Anexo I-C;Padrão;Receitas Brutas Realizadas;RO1.1.2.1.01.0.0;1.1.2.1.01.0.0 - Taxas de Inspeção, Controle e Fiscalização;760127,64;12083
2021;Prefeitura Municipal de Serra do Mel - RN;2413359;RN;DCA-Anexo I-C;Padrão;Receitas Brutas Realizadas;RO1.2.0.0.00.0.0;1.2.0.0.00.0.0 - Contribuições;653027,64;12083
2021;Prefeitura Municipal de Serra do Mel - RN;2413359;RN;DCA-Anexo I-C;Padrão;Receitas Brutas Realizadas;RO1.2.4.0.00.0.0;1.2.4.0.00.0.0 - Contribuição para o Custeio do Serviço de Iluminação Pública;653027,64;12083
2021;Prefeitura Municipal de Serra do Mel - RN;2413359;RN;DCA-Anexo I-C;Padrão;Receitas Brutas Realizadas;RO1.3.0.0.00.0.0;1.3.0.0.00.0.0 - Receita Patrimonial;232222,26;12083
2021;Prefeitura Municipal de Serra do Mel - RN;2413359;RN;DCA-Anexo I-C;Padrão;Receitas Brutas Realizadas;RO1.3.2.0.00.0.0;1.3.2.0.00.0.0 - Valores Mobiliários;232222,26;12083
2021;Prefeitura Municipal de Serra do Mel - RN;2413359;RN;DCA-Anexo I-C;Padrão;Receitas Brutas Realizadas;RO1.3.2.1.00.0.0;1.3.2.1.00.0.0 - Juros e Correções Monetárias;232222,26;12083
2021;Prefeitura Municipal de Serra do Mel - RN;2413359;RN;DCA-Anexo I-C;Padrão;Receitas Brutas Realizadas;RO1.3.2.1.00.1.0;1.3.2.1.00.1.0 - Remuneração de Depósitos Bancários;232222,26;12083
2021;Prefeitura Municipal de Serra do Mel - RN;2413359;RN;DCA-Anexo I-C;Padrão;Receitas Brutas Realizadas;RO1.7.0.0.00.0.0;1.7.0.0.00.0.0 - Transferências Correntes;55913789,11;12083
2021;Prefeitura Municipal de Serra do Mel - RN;2413359;RN;DCA-Anexo I-C;Padrão;Deduções - FUNDEB;RO1.7.0.0.00.0.0;1.7.0.0.00.0.0 - Transferências Correntes;5635485,83;12083
2021;Prefeitura Municipal de Serra do Mel - RN;2413359;RN;DCA-Anexo I-C;Padrão;Receitas Brutas Realizadas;RO1.7.1.0.00.0.0;1.7.1.0.00.0.0 - Transferências da União e de suas Entidades;29773795,28;12083
2021;Prefeitura Municipal de Serra do Mel - RN;2413359;RN;DCA-Anexo I-C;Padrão;Deduções - FUNDEB;RO1.7.1.0.00.0.0;1.7.1.0.00.0.0 - Transferências da União e de suas Entidades;2989821,68;12083
2021;Prefeitura Municipal de Serra do Mel - RN;2413359;RN;DCA-Anexo I-C;Padrão;Receitas Brutas Realizadas;RO1.7.1.8.00.0.0;1.7.1.8.00.0.0 - Transferências da União - Específicas de Estados, DF e Municípios;29773795,28;12083
2021;Prefeitura Municipal de Serra do Mel - RN;2413359;RN;DCA-Anexo I-C;Padrão;Deduções - FUNDEB;RO1.7.1.8.00.0.0;1.7.1.8.00.0.0 - Transferências da União - Específicas de Estados, DF e Municípios;2989821,68;12083
2021;Prefeitura Municipal de Serra do Mel - RN;2413359;RN;DCA-Anexo I-C;Padrão;Receitas Brutas Realizadas;RO1.7.1.8.01.0.0;1.7.1.8.01.0.0 - Participação na Receita da União;16183298,73;12083
2021;Prefeitura Municipal de Serra do Mel - RN;2413359;RN;DCA-Anexo I-C;Padrão;Deduções - FUNDEB;RO1.7.1.8.01.0.0;1.7.1.8.01.0.0 - Participação na Receita da União;2989821,68;12083
2021;Prefeitura Municipal de Serra do Mel - RN;2413359;RN;DCA-Anexo I-C;Padrão;Receitas Brutas Realizadas;RO1.7.1.8.01.2.0;1.7.1.8.01.2.0 - Cota-Parte do Fundo de Participação dos Municípios - Cota Mensal;14943668,50;12083
2021;Prefeitura Municipal de Serra do Mel - RN;2413359;RN;DCA-Anexo I-C;Padrão;Deduções - FUNDEB;RO1.7.1.8.01.2.0;1.7.1.8.01.2.0 - Cota-Parte do Fundo de Participação dos Municípios - Cota Mensal;2988733,42;12083
2021;Prefeitura Municipal de Serra do Mel - RN;2413359;RN;DCA-Anexo I-C;Padrão;Receitas Brutas Realizadas;RO1.7.1.8.01.3.0;1.7.1.8.01.3.0 - Cota-Parte do Fundo de Participação do Municípios ¿ 1% Cota entregue no mês de dezembro;654999,23;12083
2021;Prefeitura Municipal de Serra do Mel - RN;2413359;RN;DCA-Anexo I-C;Padrão;Receitas Brutas Realizadas;RO1.7.1.8.01.4.0;1.7.1.8.01.4.0 - Cota-Parte do Fundo de Participação dos Municípios - 1% Cota entregue no mês de julho;578591,97;12083
2021;Prefeitura Municipal de Serra do Mel - RN;2413359;RN;DCA-Anexo I-C;Padrão;Receitas Brutas Realizadas;RO1.7.1.8.01.5.0;1.7.1.8.01.5.0 - Cota-Parte do Imposto Sobre a Propriedade Territorial Rural;6039,03;12083
2021;Prefeitura Municipal de Serra do Mel - RN;2413359;RN;DCA-Anexo I-C;Padrão;Deduções - FUNDEB;RO1.7.1.8.01.5.0;1.7.1.8.01.5.0 - Cota-Parte do Imposto Sobre a Propriedade Territorial Rural;1088,26;12083
2021;Prefeitura Municipal de Serra do Mel - RN;2413359;RN;DCA-Anexo I-C;Padrão;Receitas Brutas Realizadas;RO1.7.1.8.02.0.0;1.7.1.8.02.0.0 - Transferência da Compensação Financeira pela Exploração de Recursos Naturais;8426131,24;12083
2021;Prefeitura Municipal de Serra do Mel - RN;2413359;RN;DCA-Anexo I-C;Padrão;Receitas Brutas Realizadas;RO1.7.1.8.02.3.0;1.7.1.8.02.3.0 - Cota-parte Royalties ¿ Compensação Financeira pela Produção de Petróleo ¿ Lei nº 7.990/89;7854082,32;12083
2021;Prefeitura Municipal de Serra do Mel - RN;2413359;RN;DCA-Anexo I-C;Padrão;Receitas Brutas Realizadas;RO1.7.1.8.02.4.0;1.7.1.8.02.4.0 - Cota-parte Royalties pelo Excedente da Produção do Petróleo ¿ Lei nº 9.478/97, artigo 49, I e II;269682,71;12083
2021;Prefeitura Municipal de Serra do Mel - RN;2413359;RN;DCA-Anexo I-C;Padrão;Receitas Brutas Realizadas;RO1.7.1.8.02.6.0;1.7.1.8.02.6.0 - Cota-Parte do Fundo Especial do Petróleo ¿ FEP;288348,10;12083
2021;Prefeitura Municipal de Serra do Mel - RN;2413359;RN;DCA-Anexo I-C;Padrão;Receitas Brutas Realizadas;RO1.7.1.8.02.9.0;1.7.1.8.02.9.0 - Outras Transferências decorrentes de Compensação Financeira pela Exploração de Recursos Naturais;14018,11;12083
2021;Prefeitura Municipal de Serra do Mel - RN;2413359;RN;DCA-Anexo I-C;Padrão;Receitas Brutas Realizadas;RO1.7.1.8.03.0.0;1.7.1.8.03.0.0 - Transferência de Recursos do Sistema Único de Saúde ¿ SUS ¿ Repasses Fundo a Fundo - Bloco de Manutenção das Ações e Serviços Públicos de Saúde;3224358,88;12083
2021;Prefeitura Municipal de Serra do Mel - RN;2413359;RN;DCA-Anexo I-C;Padrão;Receitas Brutas Realizadas;RO1.7.1.8.03.1.0;1.7.1.8.03.1.0 - Transferência de Recursos do SUS ¿ Atenção Primária;2246387,03;12083
2021;Prefeitura Municipal de Serra do Mel - RN;2413359;RN;DCA-Anexo I-C;Padrão;Receitas Brutas Realizadas;RO1.7.1.8.03.2.0;1.7.1.8.03.2.0 - Transferência de Recursos do SUS ¿ Atenção Especializada;628882,64;12083
2021;Prefeitura Municipal de Serra do Mel - RN;2413359;RN;DCA-Anexo I-C;Padrão;Receitas Brutas Realizadas;RO1.7.1.8.03.3.0;1.7.1.8.03.3.0 - Transferência de Recursos do SUS ¿ Vigilância em Saúde;216682,70;12083
2021;Prefeitura Municipal de Serra do Mel - RN;2413359;RN;DCA-Anexo I-C;Padrão;Receitas Brutas Realizadas;RO1.7.1.8.03.4.0;1.7.1.8.03.4.0 - Transferência de Recursos do SUS ¿ Assistência Farmacêutica;132406,51;12083
2021;Prefeitura Municipal de Serra do Mel - RN;2413359;RN;DCA-Anexo I-C;Padrão;Receitas Brutas Realizadas;RO1.7.1.8.04.0.0;1.7.1.8.04.0.0 - Transferências de Recursos do Sistema Único de Saúde ¿ SUS - Repasses Fundo a Fundo - Bloco de Estruturação da Rede de Serviços Públicos de Saúde;199778,00;12083
2021;Prefeitura Municipal de Serra do Mel - RN;2413359;RN;DCA-Anexo I-C;Padrão;Receitas Brutas Realizadas;RO1.7.1.8.04.1.0;1.7.1.8.04.1.0 - Transferências de Recursos do Sistema Único de Saúde ¿ SUS Destinados à Atenção Primária;199778,00;12083
2021;Prefeitura Municipal de Serra do Mel - RN;2413359;RN;DCA-Anexo I-C;Padrão;Receitas Brutas Realizadas;RO1.7.1.8.05.0.0;1.7.1.8.05.0.0 - Transferências de Recursos do Fundo Nacional do Desenvolvimento da Educação ¿ FNDE;659741,69;12083
2021;Prefeitura Municipal de Serra do Mel - RN;2413359;RN;DCA-Anexo I-C;Padrão;Receitas Brutas Realizadas;RO1.7.1.8.05.1.0;1.7.1.8.05.1.0 - Transferências do Salário-Educação;259446,12;12083
2021;Prefeitura Municipal de Serra do Mel - RN;2413359;RN;DCA-Anexo I-C;Padrão;Receitas Brutas Realizadas;RO1.7.1.8.05.3.0;1.7.1.8.05.3.0 - Transferências Diretas do FNDE referentes ao Programa Nacional de Alimentação Escolar ¿ PNAE;239038,80;12083
2021;Prefeitura Municipal de Serra do Mel - RN;2413359;RN;DCA-Anexo I-C;Padrão;Receitas Brutas Realizadas;RO1.7.1.8.05.4.0;1.7.1.8.05.4.0 - Transferências Diretas do FNDE referentes ao Programa Nacional de Apoio ao Transporte do Escolar ¿ PNATE;161256,77;12083
2021;Prefeitura Municipal de Serra do Mel - RN;2413359;RN;DCA-Anexo I-C;Padrão;Receitas Brutas Realizadas;RO1.7.1.8.06.0.0;1.7.1.8.06.0.0 - Transferência Financeira do ICMS ¿ Desoneração ¿ L.C. Nº 87/96;26135,52;12083
2021;Prefeitura Municipal de Serra do Mel - RN;2413359;RN;DCA-Anexo I-C;Padrão;Receitas Brutas Realizadas;RO1.7.1.8.09.0.0;1.7.1.8.09.0.0 - Transferências de Recursos de Complementação da União ao Fundo de Manutenção e Desenvolvimento da Educação Básica e de Valorização dos Profissionais da Educação ¿ FUNDEB;867089,82;12083
2021;Prefeitura Municipal de Serra do Mel - RN;2413359;RN;DCA-Anexo I-C;Padrão;Receitas Brutas Realizadas;RO1.7.1.8.12.0.0;1.7.1.8.12.0.0 - Transferências de Recursos do Fundo Nacional de Assistência Social ¿ FNAS;187261,40;12083
2021;Prefeitura Municipal de Serra do Mel - RN;2413359;RN;DCA-Anexo I-C;Padrão;Receitas Brutas Realizadas;RO1.7.2.0.00.0.0;1.7.2.0.00.0.0 - Transferências dos Estados e do Distrito Federal e de suas Entidades;14489454,25;12083
2021;Prefeitura Municipal de Serra do Mel - RN;2413359;RN;DCA-Anexo I-C;Padrão;Deduções - FUNDEB;RO1.7.2.0.00.0.0;1.7.2.0.00.0.0 - Transferências dos Estados e do Distrito Federal e de suas Entidades;2645664,15;12083
2021;Prefeitura Municipal de Serra do Mel - RN;2413359;RN;DCA-Anexo I-C;Padrão;Receitas Brutas Realizadas;RO1.7.2.8.00.0.0;1.7.2.8.00.0.0 - Transferências dos Estados - Específicas de Estados, DF e Municípios;14489454,25;12083
2021;Prefeitura Municipal de Serra do Mel - RN;2413359;RN;DCA-Anexo I-C;Padrão;Deduções - FUNDEB;RO1.7.2.8.00.0.0;1.7.2.8.00.0.0 - Transferências dos Estados - Específicas de Estados, DF e Municípios;2645664,15;12083
2021;Prefeitura Municipal de Serra do Mel - RN;2413359;RN;DCA-Anexo I-C;Padrão;Receitas Brutas Realizadas;RO1.7.2.8.01.0.0;1.7.2.8.01.0.0 - Participação na Receita dos Estados;13548511,46;12083
2021;Prefeitura Municipal de Serra do Mel - RN;2413359;RN;DCA-Anexo I-C;Padrão;Deduções - FUNDEB;RO1.7.2.8.01.0.0;1.7.2.8.01.0.0 - Participação na Receita dos Estados;2645664,15;12083
2021;Prefeitura Municipal de Serra do Mel - RN;2413359;RN;DCA-Anexo I-C;Padrão;Receitas Brutas Realizadas;RO1.7.2.8.01.1.0;1.7.2.8.01.1.0 - Cota-Parte do ICMS;12799436,30;12083
2021;Prefeitura Municipal de Serra do Mel - RN;2413359;RN;DCA-Anexo I-C;Padrão;Deduções - FUNDEB;RO1.7.2.8.01.1.0;1.7.2.8.01.1.0 - Cota-Parte do ICMS;2559887,00;12083
2021;Prefeitura Municipal de Serra do Mel - RN;2413359;RN;DCA-Anexo I-C;Padrão;Receitas Brutas Realizadas;RO1.7.2.8.01.2.0;1.7.2.8.01.2.0 - Cota-Parte do IPVA;419556,09;12083
2021;Prefeitura Municipal de Serra do Mel - RN;2413359;RN;DCA-Anexo I-C;Padrão;Deduções - FUNDEB;RO1.7.2.8.01.2.0;1.7.2.8.01.2.0 - Cota-Parte do IPVA;83516,78;12083
2021;Prefeitura Municipal de Serra do Mel - RN;2413359;RN;DCA-Anexo I-C;Padrão;Receitas Brutas Realizadas;RO1.7.2.8.01.3.0;1.7.2.8.01.3.0 - Cota-Parte do IPI - Municípios;11301,55;12083
2021;Prefeitura Municipal de Serra do Mel - RN;2413359;RN;DCA-Anexo I-C;Padrão;Deduções - FUNDEB;RO1.7.2.8.01.3.0;1.7.2.8.01.3.0 - Cota-Parte do IPI - Municípios;2260,37;12083
2021;Prefeitura Municipal de Serra do Mel - RN;2413359;RN;DCA-Anexo I-C;Padrão;Receitas Brutas Realizadas;RO1.7.2.8.01.4.0;1.7.2.8.01.4.0 - Cota-Parte da Contribuição de Intervenção no Domínio Econômico;8217,52;12083
2021;Prefeitura Municipal de Serra do Mel - RN;2413359;RN;DCA-Anexo I-C;Padrão;Receitas Brutas Realizadas;RO1.7.2.8.01.9.0;1.7.2.8.01.9.0 - Outras Transferências dos Estados;310000,00;12083
2021;Prefeitura Municipal de Serra do Mel - RN;2413359;RN;DCA-Anexo I-C;Padrão;Receitas Brutas Realizadas;RO1.7.2.8.02.0.0;1.7.2.8.02.0.0 - Transferência da Cota-parte da Compensação Financeira (25%);272180,33;12083
2021;Prefeitura Municipal de Serra do Mel - RN;2413359;RN;DCA-Anexo I-C;Padrão;Receitas Brutas Realizadas;RO1.7.2.8.02.3.0;1.7.2.8.02.3.0 - Cota-parte Royalties ¿ Compensação Financeira pela Produção do Petróleo ¿ Lei nº 7.990/89, artigo 9º;272180,33;12083
2021;Prefeitura Municipal de Serra do Mel - RN;2413359;RN;DCA-Anexo I-C;Padrão;Receitas Brutas Realizadas;RO1.7.2.8.10.0.0;1.7.2.8.10.0.0 - Transferência de Convênios dos Estados e do Distrito Federal e de Suas Entidades;125322,54;12083
2021;Prefeitura Municipal de Serra do Mel - RN;2413359;RN;DCA-Anexo I-C;Padrão;Receitas Brutas Realizadas;RO1.7.2.8.10.2.0;1.7.2.8.10.2.0 - Transferências de Convênio dos Estados Destinadas a Programas de Educação;125322,54;12083
2021;Prefeitura Municipal de Serra do Mel - RN;2413359;RN;DCA-Anexo I-C;Padrão;Receitas Brutas Realizadas;RO1.7.2.8.99.0.0;1.7.2.8.99.0.0 - Outras Transferências dos Estados;543439,92;12083
2021;Prefeitura Municipal de Serra do Mel - RN;2413359;RN;DCA-Anexo I-C;Padrão;Receitas Brutas Realizadas;RO1.7.5.0.00.0.0;1.7.5.0.00.0.0 - Transferências de Outras Instituições Públicas;11650539,58;12083
2021;Prefeitura Municipal de Serra do Mel - RN;2413359;RN;DCA-Anexo I-C;Padrão;Receitas Brutas Realizadas;RO1.7.5.8.00.0.0;1.7.5.8.00.0.0 - Transferências de Outras Instituições Públicas - Específicas de Estados, DF e Municípios;11650539,58;12083
2021;Prefeitura Municipal de Serra do Mel - RN;2413359;RN;DCA-Anexo I-C;Padrão;Receitas Brutas Realizadas;RO1.7.5.8.01.0.0;1.7.5.8.01.0.0 - Transferências de Recursos do Fundo de Manutenção e Desenvolvimento da Educação Básica e de Valorização dos Profissionais da Educação ¿ FUNDEB;11650539,58;12083
2021;Prefeitura Municipal de Serra do Mel - RN;2413359;RN;DCA-Anexo I-C;Padrão;Receitas Brutas Realizadas;RO1.9.0.0.00.0.0;1.9.0.0.00.0.0 - Outras Receitas Correntes;14745,82;12083
2021;Prefeitura Municipal de Serra do Mel - RN;2413359;RN;DCA-Anexo I-C;Padrão;Receitas Brutas Realizadas;RO1.9.2.0.00.0.0;1.9.2.0.00.0.0 - Indenizações, Restituições e Ressarcimentos;5395,82;12083
2021;Prefeitura Municipal de Serra do Mel - RN;2413359;RN;DCA-Anexo I-C;Padrão;Receitas Brutas Realizadas;RO1.9.2.2.00.0.0;1.9.2.2.00.0.0 - Restituições;5395,82;12083
2021;Prefeitura Municipal de Serra do Mel - RN;2413359;RN;DCA-Anexo I-C;Padrão;Receitas Brutas Realizadas;RO1.9.2.2.99.0.0;1.9.2.2.99.0.0 - Outras Restituições;5395,82;12083
2021;Prefeitura Municipal de Serra do Mel - RN;2413359;RN;DCA-Anexo I-C;Padrão;Receitas Brutas Realizadas;RO1.9.9.0.00.0.0;1.9.9.0.00.0.0 - Demais Receitas Correntes;9350,00;12083
2021;Prefeitura Municipal de Serra do Mel - RN;2413359;RN;DCA-Anexo I-C;Padrão;Receitas Brutas Realizadas;RO1.9.9.0.99.0.0;1.9.9.0.99.0.0 - Outras Receitas;9350,00;12083
2021;Prefeitura Municipal de Serra do Mel - RN;2413359;RN;DCA-Anexo I-C;Padrão;Receitas Brutas Realizadas;RO1.9.9.0.99.1.0;1.9.9.0.99.1.0 - Outras Receitas - Primárias;9350,00;12083
2021;Prefeitura Municipal de Serra do Mel - RN;2413359;RN;DCA-Anexo I-C;Padrão;Receitas Brutas Realizadas;RO2.0.0.0.00.0.0;2.0.0.0.00.0.0 - Receitas de Capital;824980,74;12083
2021;Prefeitura Municipal de Serra do Mel - RN;2413359;RN;DCA-Anexo I-C;Padrão;Receitas Brutas Realizadas;RO2.4.0.0.00.0.0;2.4.0.0.00.0.0 - Transferências de Capital;824980,74;12083
2021;Prefeitura Municipal de Serra do Mel - RN;2413359;RN;DCA-Anexo I-C;Padrão;Receitas Brutas Realizadas;RO2.4.1.0.00.0.0;2.4.1.0.00.0.0 - Transferências da União e de suas Entidades;824980,74;12083
2021;Prefeitura Municipal de Serra do Mel - RN;2413359;RN;DCA-Anexo I-C;Padrão;Receitas Brutas Realizadas;RO2.4.1.8.00.0.0;2.4.1.8.00.0.0 - Transferências da União - Específicas de Estados, DF e Municípios;824980,74;12083
2021;Prefeitura Municipal de Serra do Mel - RN;2413359;RN;DCA-Anexo I-C;Padrão;Receitas Brutas Realizadas;RO2.4.1.8.10.0.0;2.4.1.8.10.0.0 - Transferência de Convênios da União e de suas Entidades;366580,74;12083
2021;Prefeitura Municipal de Serra do Mel - RN;2413359;RN;DCA-Anexo I-C;Padrão;Receitas Brutas Realizadas;RO2.4.1.8.10.9.0;2.4.1.8.10.9.0 - Outras Transferências de Convênios da União;366580,74;12083
2021;Prefeitura Municipal de Serra do Mel - RN;2413359;RN;DCA-Anexo I-C;Padrão;Receitas Brutas Realizadas;RO2.4.1.8.99.0.0;2.4.1.8.99.0.0 - Outras Transferências da União;458400,00;12083
2021;Prefeitura Municipal de Serra do Mel - RN;2413359;RN;DCA-Anexo I-C;Padrão;Receitas Brutas Realizadas;TotalReceitas;TOTAL DAS RECEITAS (III) = (I + II);80087584,43;12083
2021;Prefeitura Municipal de Serra do Mel - RN;2413359;RN;DCA-Anexo I-C;Padrão;Deduções - FUNDEB;TotalReceitas;TOTAL DAS RECEITAS (III) = (I + II);5635485,83;12083
2022;Prefeitura Municipal de Serra do Mel - RN;2413359;RN;DCA-Anexo I-C;Padrão;Receitas Brutas Realizadas;ReceitasExcetoIntraOrcamentarias;RECEITAS (EXCETO INTRA-ORÇAMENTÁRIAS) (I);96928623,65;12225
2022;Prefeitura Municipal de Serra do Mel - RN;2413359;RN;DCA-Anexo I-C;Padrão;Deduções - FUNDEB;ReceitasExcetoIntraOrcamentarias;RECEITAS (EXCETO INTRA-ORÇAMENTÁRIAS) (I);9095074,55;12225
2022;Prefeitura Municipal de Serra do Mel - RN;2413359;RN;DCA-Anexo I-C;Padrão;Receitas Brutas Realizadas;RO1.0.0.0.00.0.0;1.0.0.0.00.0.0 - Receitas Correntes;95185913,97;12225
2022;Prefeitura Municipal de Serra do Mel - RN;2413359;RN;DCA-Anexo I-C;Padrão;Deduções - FUNDEB;RO1.0.0.0.00.0.0;1.0.0.0.00.0.0 - Receitas Correntes;9095074,55;12225
2022;Prefeitura Municipal de Serra do Mel - RN;2413359;RN;DCA-Anexo I-C;Padrão;Receitas Brutas Realizadas;RO1.1.0.0.00.0.0;1.1.0.0.00.0.0 - Impostos, Taxas e Contribuições de Melhoria;13946909,04;12225
2022;Prefeitura Municipal de Serra do Mel - RN;2413359;RN;DCA-Anexo I-C;Padrão;Receitas Brutas Realizadas;RO1.1.1.0.00.0.0;1.1.1.0.00.0.0 - Impostos;12770575,06;12225
2022;Prefeitura Municipal de Serra do Mel - RN;2413359;RN;DCA-Anexo I-C;Padrão;Receitas Brutas Realizadas;RO1.1.1.2.00.0.0;1.1.1.2.00.0.0 - Impostos sobre o Patrimônio;54465,83;12225
2022;Prefeitura Municipal de Serra do Mel - RN;2413359;RN;DCA-Anexo I-C;Padrão;Receitas Brutas Realizadas;RO1.1.1.2.50.0.0;1.1.1.2.50.0.0 - Imposto sobre a Propriedade Predial e Territorial Urbana;23915,65;12225
2022;Prefeitura Municipal de Serra do Mel - RN;2413359;RN;DCA-Anexo I-C;Padrão;Receitas Brutas Realizadas;RO1.1.1.2.53.0.0;"1.1.1.2.53.0.0 - Impostos sobre Transmissão ""Inter Vivos"" de Bens Imóveis e de Direitos Reais sobre Imóveis";30550,18;12225
2022;Prefeitura Municipal de Serra do Mel - RN;2413359;RN;DCA-Anexo I-C;Padrão;Receitas Brutas Realizadas;RO1.1.1.3.00.0.0;1.1.1.3.00.0.0 - Impostos sobre a Renda e Proventos de Qualquer Natureza;1595578,40;12225
2022;Prefeitura Municipal de Serra do Mel - RN;2413359;RN;DCA-Anexo I-C;Padrão;Receitas Brutas Realizadas;RO1.1.1.3.03.0.0;1.1.1.3.03.0.0 - Imposto sobre a Renda - Retido na Fonte;1595578,40;12225
2022;Prefeitura Municipal de Serra do Mel - RN;2413359;RN;DCA-Anexo I-C;Padrão;Receitas Brutas Realizadas;RO1.1.1.3.03.1.0;1.1.1.3.03.1.0 - Imposto sobre a Renda - Retido na Fonte - Trabalho;1575935,77;12225
2022;Prefeitura Municipal de Serra do Mel - RN;2413359;RN;DCA-Anexo I-C;Padrão;Receitas Brutas Realizadas;RO1.1.1.3.03.4.0;1.1.1.3.03.4.0 - Imposto sobre a Renda - Retido na Fonte - Outros Rendimentos;19642,63;12225
2022;Prefeitura Municipal de Serra do Mel - RN;2413359;RN;DCA-Anexo I-C;Padrão;Receitas Brutas Realizadas;RO1.1.1.4.00.0.0;1.1.1.4.00.0.0 - Impostos sobre a Produção e Circulação de Mercadorias e Serviços;11120530,83;12225
2022;Prefeitura Municipal de Serra do Mel - RN;2413359;RN;DCA-Anexo I-C;Padrão;Receitas Brutas Realizadas;RO1.1.1.4.51.0.0;1.1.1.4.51.0.0 - Impostos sobre Serviços;11120530,83;12225
2022;Prefeitura Municipal de Serra do Mel - RN;2413359;RN;DCA-Anexo I-C;Padrão;Receitas Brutas Realizadas;RO1.1.1.4.51.1.0;1.1.1.4.51.1.0 - Imposto sobre Serviços de Qualquer Natureza - ISSQN;11120530,83;12225
2022;Prefeitura Municipal de Serra do Mel - RN;2413359;RN;DCA-Anexo I-C;Padrão;Receitas Brutas Realizadas;RO1.1.2.0.00.0.0;1.1.2.0.00.0.0 - Taxas;1176333,98;12225
2022;Prefeitura Municipal de Serra do Mel - RN;2413359;RN;DCA-Anexo I-C;Padrão;Receitas Brutas Realizadas;RO1.1.2.1.00.0.0;1.1.2.1.00.0.0 - Taxas pelo Exercício do Poder de Polícia;1166773,48;12225
2022;Prefeitura Municipal de Serra do Mel - RN;2413359;RN;DCA-Anexo I-C;Padrão;Receitas Brutas Realizadas;RO1.1.2.1.01.0.0;1.1.2.1.01.0.0 - Taxas de Inspeção, Controle e Fiscalização;1166773,48;12225
2022;Prefeitura Municipal de Serra do Mel - RN;2413359;RN;DCA-Anexo I-C;Padrão;Receitas Brutas Realizadas;RO1.1.2.2.00.0.0;1.1.2.2.00.0.0 - Taxas pela Prestação de Serviços;9560,50;12225
2022;Prefeitura Municipal de Serra do Mel - RN;2413359;RN;DCA-Anexo I-C;Padrão;Receitas Brutas Realizadas;RO1.1.2.2.01.0.0;1.1.2.2.01.0.0 - Taxas pela Prestação de Serviços;9560,50;12225
2022;Prefeitura Municipal de Serra do Mel - RN;2413359;RN;DCA-Anexo I-C;Padrão;Receitas Brutas Realizadas;RO1.2.0.0.00.0.0;1.2.0.0.00.0.0 - Contribuições;743689,58;12225
2022;Prefeitura Municipal de Serra do Mel - RN;2413359;RN;DCA-Anexo I-C;Padrão;Receitas Brutas Realizadas;RO1.2.4.0.00.0.0;1.2.4.0.00.0.0 - Contribuição para o Custeio do Serviço de Iluminação Pública;743689,58;12225
2022;Prefeitura Municipal de Serra do Mel - RN;2413359;RN;DCA-Anexo I-C;Padrão;Receitas Brutas Realizadas;RO1.3.0.0.00.0.0;1.3.0.0.00.0.0 - Receita Patrimonial;1906708,43;12225
2022;Prefeitura Municipal de Serra do Mel - RN;2413359;RN;DCA-Anexo I-C;Padrão;Receitas Brutas Realizadas;RO1.3.2.0.00.0.0;1.3.2.0.00.0.0 - Valores Mobiliários;1906708,43;12225
2022;Prefeitura Municipal de Serra do Mel - RN;2413359;RN;DCA-Anexo I-C;Padrão;Receitas Brutas Realizadas;RO1.3.2.1.00.0.0;1.3.2.1.00.0.0 - Juros e Correções Monetárias;1906708,43;12225
2022;Prefeitura Municipal de Serra do Mel - RN;2413359;RN;DCA-Anexo I-C;Padrão;Receitas Brutas Realizadas;RO1.3.2.1.01.0.0;1.3.2.1.01.0.0 - Remuneração de Depósitos Bancários;1906708,43;12225
2022;Prefeitura Municipal de Serra do Mel - RN;2413359;RN;DCA-Anexo I-C;Padrão;Receitas Brutas Realizadas;RO1.7.0.0.00.0.0;1.7.0.0.00.0.0 - Transferências Correntes;78514107,45;12225
2022;Prefeitura Municipal de Serra do Mel - RN;2413359;RN;DCA-Anexo I-C;Padrão;Deduções - FUNDEB;RO1.7.0.0.00.0.0;1.7.0.0.00.0.0 - Transferências Correntes;9095074,55;12225
2022;Prefeitura Municipal de Serra do Mel - RN;2413359;RN;DCA-Anexo I-C;Padrão;Receitas Brutas Realizadas;RO1.7.1.0.00.0.0;1.7.1.0.00.0.0 - Transferências da União e de suas Entidades;35976617,06;12225
2022;Prefeitura Municipal de Serra do Mel - RN;2413359;RN;DCA-Anexo I-C;Padrão;Deduções - FUNDEB;RO1.7.1.0.00.0.0;1.7.1.0.00.0.0 - Transferências da União e de suas Entidades;3721568,75;12225
2022;Prefeitura Municipal de Serra do Mel - RN;2413359;RN;DCA-Anexo I-C;Padrão;Receitas Brutas Realizadas;RO1.7.1.1.00.0.0;1.7.1.1.00.0.0 - Transferências Decorrentes de Participação na Receita da União;20335734,70;12225
2022;Prefeitura Municipal de Serra do Mel - RN;2413359;RN;DCA-Anexo I-C;Padrão;Deduções - FUNDEB;RO1.7.1.1.00.0.0;1.7.1.1.00.0.0 - Transferências Decorrentes de Participação na Receita da União;3721568,75;12225
2022;Prefeitura Municipal de Serra do Mel - RN;2413359;RN;DCA-Anexo I-C;Padrão;Receitas Brutas Realizadas;RO1.7.1.1.51.0.0;1.7.1.1.51.0.0 -Cota-Parte do Fundo de Participação dos Municípios - FPM;20328887,10;12225
2022;Prefeitura Municipal de Serra do Mel - RN;2413359;RN;DCA-Anexo I-C;Padrão;Deduções - FUNDEB;RO1.7.1.1.51.0.0;1.7.1.1.51.0.0 -Cota-Parte do Fundo de Participação dos Municípios - FPM;3720208,96;12225
2022;Prefeitura Municipal de Serra do Mel - RN;2413359;RN;DCA-Anexo I-C;Padrão;Receitas Brutas Realizadas;RO1.7.1.1.51.1.0;1.7.1.1.51.1.0 - Cota-Parte do Fundo de Participação dos Municípios - Cota Mensal;18747447,79;12225
2022;Prefeitura Municipal de Serra do Mel - RN;2413359;RN;DCA-Anexo I-C;Padrão;Deduções - FUNDEB;RO1.7.1.1.51.1.0;1.7.1.1.51.1.0 - Cota-Parte do Fundo de Participação dos Municípios - Cota Mensal;3720208,96;12225
2022;Prefeitura Municipal de Serra do Mel - RN;2413359;RN;DCA-Anexo I-C;Padrão;Receitas Brutas Realizadas;RO1.7.1.1.51.2.0;1.7.1.1.51.2.0 - Cota-Parte do Fundo de Participação do Municípios ¿ 1% Cota entregue no mês de dezembro;816173,43;12225
2022;Prefeitura Municipal de Serra do Mel - RN;2413359;RN;DCA-Anexo I-C;Padrão;Receitas Brutas Realizadas;RO1.7.1.1.51.3.0;1.7.1.1.51.3.0 - Cota-Parte do Fundo de Participação dos Municípios - 1% Cota entregue no mês de julho;765265,88;12225
2022;Prefeitura Municipal de Serra do Mel - RN;2413359;RN;DCA-Anexo I-C;Padrão;Receitas Brutas Realizadas;RO1.7.1.1.52.0.0;1.7.1.1.52.0.0 - Cota-Parte do Imposto Sobre a Propriedade Territorial Rural;6847,60;12225
2022;Prefeitura Municipal de Serra do Mel - RN;2413359;RN;DCA-Anexo I-C;Padrão;Deduções - FUNDEB;RO1.7.1.1.52.0.0;1.7.1.1.52.0.0 - Cota-Parte do Imposto Sobre a Propriedade Territorial Rural;1359,79;12225
2022;Prefeitura Municipal de Serra do Mel - RN;2413359;RN;DCA-Anexo I-C;Padrão;Receitas Brutas Realizadas;RO1.7.1.2.00.0.0;1.7.1.2.00.0.0 -Transferências das Compensações Financeiras pela Exploração de Recursos Naturais;11012546,96;12225
2022;Prefeitura Municipal de Serra do Mel - RN;2413359;RN;DCA-Anexo I-C;Padrão;Receitas Brutas Realizadas;RO1.7.1.2.52.0.0;1.7.1.2.52.0.0 - Cota-parte da Compensação Financeira pela Produção de Petróleo;10779941,21;12225
2022;Prefeitura Municipal de Serra do Mel - RN;2413359;RN;DCA-Anexo I-C;Padrão;Receitas Brutas Realizadas;RO1.7.1.2.52.1.0;1.7.1.2.52.1.0 - Cota-parte da Compensação Financeira pela Produção de Petróleo ¿ Lei nº 7.990/89;9830186,13;12225
2022;Prefeitura Municipal de Serra do Mel - RN;2413359;RN;DCA-Anexo I-C;Padrão;Receitas Brutas Realizadas;RO1.7.1.2.52.2.0;1.7.1.2.52.2.0 - Cota-parte pelo Excedente da Produção do Petróleo ¿ Lei nº 9.478/97, artigo 49, I e II;499466,49;12225
2022;Prefeitura Municipal de Serra do Mel - RN;2413359;RN;DCA-Anexo I-C;Padrão;Receitas Brutas Realizadas;RO1.7.1.2.52.4.0;1.7.1.2.52.4.0 - Cota-Parte do Fundo Especial do Petróleo ¿ FEP;450288,59;12225
2022;Prefeitura Municipal de Serra do Mel - RN;2413359;RN;DCA-Anexo I-C;Padrão;Receitas Brutas Realizadas;RO1.7.1.2.99.0.0;1.7.1.2.99.0.0 - Outras Transferências decorrentes de Compensação Financeira pela Exploração de Recursos Naturais ;232605,75;12225
2022;Prefeitura Municipal de Serra do Mel - RN;2413359;RN;DCA-Anexo I-C;Padrão;Receitas Brutas Realizadas;RO1.7.1.3.00.0.0;1.7.1.3.00.0.0 -Transferências de Recursos do Sistema Único de Saúde ¿ SUS ;3274395,27;12225
2022;Prefeitura Municipal de Serra do Mel - RN;2413359;RN;DCA-Anexo I-C;Padrão;Receitas Brutas Realizadas;RO1.7.1.3.50.0.0;1.7.1.3.50.0.0 - Transferências de Recursos do Sistema Único de Saúde ¿ SUS ¿ Repasses Fundo a Fundo - Bloco de Manutenção das Ações e Serviços Públicos de Saúde;3042948,27;12225
2022;Prefeitura Municipal de Serra do Mel - RN;2413359;RN;DCA-Anexo I-C;Padrão;Receitas Brutas Realizadas;RO1.7.1.3.50.1.0;1.7.1.3.50.1.0 - Transferências de Recursos do Bloco de Manutenção das Ações e Serviços Públicos de Saúde ¿ Atenção Primária;2159496,73;12225
2022;Prefeitura Municipal de Serra do Mel - RN;2413359;RN;DCA-Anexo I-C;Padrão;Receitas Brutas Realizadas;RO1.7.1.3.50.2.0;1.7.1.3.50.2.0 - Transferências de Recursos do Bloco de Manutenção das Ações e Serviços Públicos de Saúde ¿ Atenção Especializada;605664,06;12225
2022;Prefeitura Municipal de Serra do Mel - RN;2413359;RN;DCA-Anexo I-C;Padrão;Receitas Brutas Realizadas;RO1.7.1.3.50.3.0;1.7.1.3.50.3.0 - Transferências de Recursos do Bloco de Manutenção das Ações e Serviços Públicos de Saúde ¿ Vigilância em Saúde;183989,10;12225
2022;Prefeitura Municipal de Serra do Mel - RN;2413359;RN;DCA-Anexo I-C;Padrão;Receitas Brutas Realizadas;RO1.7.1.3.50.4.0;1.7.1.3.50.4.0 -Transferências de Recursos do Bloco de Manutenção das Ações e Serviços Públicos de Saúde ¿ Assistência Farmacêutica;93798,38;12225
2022;Prefeitura Municipal de Serra do Mel - RN;2413359;RN;DCA-Anexo I-C;Padrão;Receitas Brutas Realizadas;RO1.7.1.3.51.0.0;1.7.1.3.51.0.0 - Transferências de Recursos do Sistema Único de Saúde ¿ SUS - Repasses Fundo a Fundo - Bloco de Estruturação da Rede de Serviços Públicos de Saúde;231447,00;12225
2022;Prefeitura Municipal de Serra do Mel - RN;2413359;RN;DCA-Anexo I-C;Padrão;Receitas Brutas Realizadas;RO1.7.1.3.51.1.0;1.7.1.3.51.1.0 - Transferências de Recursos do Bloco de Estruturação da Rede de Serviços Públicos de Saúde - Atenção Primária;231447,00;12225
2022;Prefeitura Municipal de Serra do Mel - RN;2413359;RN;DCA-Anexo I-C;Padrão;Receitas Brutas Realizadas;RO1.7.1.4.00.0.0;1.7.1.4.00.0.0 -Transferências de Recursos do Fundo Nacional do Desenvolvimento da Educação ¿ FNDE¿ ;615084,02;12225
2022;Prefeitura Municipal de Serra do Mel - RN;2413359;RN;DCA-Anexo I-C;Padrão;Receitas Brutas Realizadas;RO1.7.1.4.50.0.0;1.7.1.4.50.0.0 - Transferências do Salário-Educação;285888,90;12225
2022;Prefeitura Municipal de Serra do Mel - RN;2413359;RN;DCA-Anexo I-C;Padrão;Receitas Brutas Realizadas;RO1.7.1.4.52.0.0;1.7.1.4.52.0.0 - Transferências referentes ao Programa Nacional de Alimentação Escolar ¿ PNAE;86397,86;12225
2022;Prefeitura Municipal de Serra do Mel - RN;2413359;RN;DCA-Anexo I-C;Padrão;Receitas Brutas Realizadas;RO1.7.1.4.53.0.0;1.7.1.4.53.0.0 - Transferências referentes ao Programa Nacional de Apoio ao Transporte do Escolar ¿ PNATE;242797,26;12225
2022;Prefeitura Municipal de Serra do Mel - RN;2413359;RN;DCA-Anexo I-C;Padrão;Receitas Brutas Realizadas;RO1.7.1.5.00.0.0;1.7.1.5.00.0.0 - Transferências de Recursos de Complementação da União ao Fundo de Manutenção e Desenvolvimento da Educação Básica e de Valorização dos Profissionais da Educação ¿ FUNDEB ;325302,75;12225
2022;Prefeitura Municipal de Serra do Mel - RN;2413359;RN;DCA-Anexo I-C;Padrão;Receitas Brutas Realizadas;RO1.7.1.6.00.0.0;1.7.1.6.00.0.0 - Transferências de Recursos do Fundo Nacional de Assistência Social ¿ FNAS;339501,24;12225
2022;Prefeitura Municipal de Serra do Mel - RN;2413359;RN;DCA-Anexo I-C;Padrão;Receitas Brutas Realizadas;RO1.7.1.9.00.0.0;1.7.1.9.00.0.0 - Outras Transferências de Recursos da União e de suas Entidades;74052,12;12225
2022;Prefeitura Municipal de Serra do Mel - RN;2413359;RN;DCA-Anexo I-C;Padrão;Receitas Brutas Realizadas;RO1.7.1.9.58.0.0;1.7.1.9.58.0.0 - Transferência Obrigatória Decorrente da Lei Complementar nº 176/2020;43036,92;12225
2022;Prefeitura Municipal de Serra do Mel - RN;2413359;RN;DCA-Anexo I-C;Padrão;Receitas Brutas Realizadas;RO1.7.1.9.99.0.0;1.7.1.9.99.0.0 - Outras Transferências de Recursos da União e de suas Entidades;31015,20;12225
2022;Prefeitura Municipal de Serra do Mel - RN;2413359;RN;DCA-Anexo I-C;Padrão;Receitas Brutas Realizadas;RO1.7.2.0.00.0.0;1.7.2.0.00.0.0 - Transferências dos Estados e do Distrito Federal e de suas Entidades;28701804,48;12225
2022;Prefeitura Municipal de Serra do Mel - RN;2413359;RN;DCA-Anexo I-C;Padrão;Deduções - FUNDEB;RO1.7.2.0.00.0.0;1.7.2.0.00.0.0 - Transferências dos Estados e do Distrito Federal e de suas Entidades;5373505,80;12225
2022;Prefeitura Municipal de Serra do Mel - RN;2413359;RN;DCA-Anexo I-C;Padrão;Receitas Brutas Realizadas;RO1.7.2.1.00.0.0;1.7.2.1.00.0.0 - Participação na Receita dos Estados e Distrito Federal;26917650,89;12225
2022;Prefeitura Municipal de Serra do Mel - RN;2413359;RN;DCA-Anexo I-C;Padrão;Deduções - FUNDEB;RO1.7.2.1.00.0.0;1.7.2.1.00.0.0 - Participação na Receita dos Estados e Distrito Federal;5373505,80;12225
2022;Prefeitura Municipal de Serra do Mel - RN;2413359;RN;DCA-Anexo I-C;Padrão;Receitas Brutas Realizadas;RO1.7.2.1.50.0.0;1.7.2.1.50.0.0 - Cota-Parte do ICMS;26324161,79;12225
2022;Prefeitura Municipal de Serra do Mel - RN;2413359;RN;DCA-Anexo I-C;Padrão;Deduções - FUNDEB;RO1.7.2.1.50.0.0;1.7.2.1.50.0.0 - Cota-Parte do ICMS;5264832,14;12225
2022;Prefeitura Municipal de Serra do Mel - RN;2413359;RN;DCA-Anexo I-C;Padrão;Receitas Brutas Realizadas;RO1.7.2.1.51.0.0;1.7.2.1.51.0.0 - Cota-Parte do IPVA;528360,79;12225
2022;Prefeitura Municipal de Serra do Mel - RN;2413359;RN;DCA-Anexo I-C;Padrão;Deduções - FUNDEB;RO1.7.2.1.51.0.0;1.7.2.1.51.0.0 - Cota-Parte do IPVA;105672,70;12225
2022;Prefeitura Municipal de Serra do Mel - RN;2413359;RN;DCA-Anexo I-C;Padrão;Receitas Brutas Realizadas;RO1.7.2.1.52.0.0;1.7.2.1.52.0.0 - Cota-Parte do IPI - Municípios;15004,69;12225
2022;Prefeitura Municipal de Serra do Mel - RN;2413359;RN;DCA-Anexo I-C;Padrão;Deduções - FUNDEB;RO1.7.2.1.52.0.0;1.7.2.1.52.0.0 - Cota-Parte do IPI - Municípios;3000,96;12225
2022;Prefeitura Municipal de Serra do Mel - RN;2413359;RN;DCA-Anexo I-C;Padrão;Receitas Brutas Realizadas;RO1.7.2.1.53.0.0;1.7.2.1.53.0.0 - Cota-Parte da Contribuição de Intervenção no Domínio Econômico;12697,30;12225
2022;Prefeitura Municipal de Serra do Mel - RN;2413359;RN;DCA-Anexo I-C;Padrão;Receitas Brutas Realizadas;RO1.7.2.1.98.0.0;1.7.2.1.98.0.0 -Transferências Decorrentes de Participação em Outras Receitas de Impostos dos Estados e do Distrito Federal;37426,32;12225
2022;Prefeitura Municipal de Serra do Mel - RN;2413359;RN;DCA-Anexo I-C;Padrão;Receitas Brutas Realizadas;RO1.7.2.2.00.0.0;1.7.2.2.00.0.0 - Transferências das Compensações Financeiras pela Exploração de Recursos Naturais;781434,67;12225
2022;Prefeitura Municipal de Serra do Mel - RN;2413359;RN;DCA-Anexo I-C;Padrão;Receitas Brutas Realizadas;RO1.7.2.2.52.0.0;1.7.2.2.52.0.0 - Cota-parte Royalties ¿ Compensação Financeira pela Produção do Petróleo;781434,67;12225
2022;Prefeitura Municipal de Serra do Mel - RN;2413359;RN;DCA-Anexo I-C;Padrão;Receitas Brutas Realizadas;RO1.7.2.3.00.0.0;1.7.2.3.00.0.0 - Transferências de Recursos do Sistema Único de Saúde ¿ SUS;550000,00;12225
2022;Prefeitura Municipal de Serra do Mel - RN;2413359;RN;DCA-Anexo I-C;Padrão;Receitas Brutas Realizadas;RO1.7.2.4.00.0.0;1.7.2.4.00.0.0 - Transferências de Convênios dos Estados e DF e de Suas Entidades;452718,92;12225
2022;Prefeitura Municipal de Serra do Mel - RN;2413359;RN;DCA-Anexo I-C;Padrão;Receitas Brutas Realizadas;RO1.7.2.4.50.0.0;1.7.2.4.50.0.0 - Transferências de Convênios dos Estados e DF para o Sistema Único de Saúde ¿ SUS;19125,83;12225
2022;Prefeitura Municipal de Serra do Mel - RN;2413359;RN;DCA-Anexo I-C;Padrão;Receitas Brutas Realizadas;RO1.7.2.4.51.0.0;1.7.2.4.51.0.0 -Transferências de Convênios dos Estados Destinadas a Programas de Educação;433593,09;12225
2022;Prefeitura Municipal de Serra do Mel - RN;2413359;RN;DCA-Anexo I-C;Padrão;Receitas Brutas Realizadas;RO1.7.5.0.00.0.0;1.7.5.0.00.0.0 - Transferências de Outras Instituições Públicas;13835685,91;12225
2022;Prefeitura Municipal de Serra do Mel - RN;2413359;RN;DCA-Anexo I-C;Padrão;Receitas Brutas Realizadas;RO1.7.5.1.00.0.0;1.7.5.1.00.0.0 - Transferências de Recursos do Fundo de Manutenção e Desenvolvimento da Educação Básica e de Valorização dos Profissionais da Educação - FUNDEB;13835685,91;12225
2022;Prefeitura Municipal de Serra do Mel - RN;2413359;RN;DCA-Anexo I-C;Padrão;Receitas Brutas Realizadas;RO1.9.0.0.00.0.0;1.9.0.0.00.0.0 - Outras Receitas Correntes;74499,47;12225
2022;Prefeitura Municipal de Serra do Mel - RN;2413359;RN;DCA-Anexo I-C;Padrão;Receitas Brutas Realizadas;RO1.9.2.0.00.0.0;1.9.2.0.00.0.0 - Indenizações, Restituições e Ressarcimentos;68449,47;12225
2022;Prefeitura Municipal de Serra do Mel - RN;2413359;RN;DCA-Anexo I-C;Padrão;Receitas Brutas Realizadas;RO1.9.2.2.00.0.0;1.9.2.2.00.0.0 - Restituições;68449,47;12225
2022;Prefeitura Municipal de Serra do Mel - RN;2413359;RN;DCA-Anexo I-C;Padrão;Receitas Brutas Realizadas;RO1.9.2.2.01.0.0;1.9.2.2.01.0.0 - Restituição de Convênios;4338,75;12225
2022;Prefeitura Municipal de Serra do Mel - RN;2413359;RN;DCA-Anexo I-C;Padrão;Receitas Brutas Realizadas;RO1.9.2.2.99.0.0;1.9.2.2.99.0.0 - Outras Restituições;64110,72;12225
2022;Prefeitura Municipal de Serra do Mel - RN;2413359;RN;DCA-Anexo I-C;Padrão;Receitas Brutas Realizadas;RO1.9.9.0.00.0.0;1.9.9.0.00.0.0 - Demais Receitas Correntes;6050,00;12225
2022;Prefeitura Municipal de Serra do Mel - RN;2413359;RN;DCA-Anexo I-C;Padrão;Receitas Brutas Realizadas;RO1.9.9.9.00.0.0;1.9.9.9.00.0.0 - Outras Receitas Correntes;6050,00;12225
2022;Prefeitura Municipal de Serra do Mel - RN;2413359;RN;DCA-Anexo I-C;Padrão;Receitas Brutas Realizadas;RO1.9.9.9.99.0.0;1.9.9.9.99.0.0 - Outras Receitas;6050,00;12225
2022;Prefeitura Municipal de Serra do Mel - RN;2413359;RN;DCA-Anexo I-C;Padrão;Receitas Brutas Realizadas;RO1.9.9.9.99.2.0;1.9.9.9.99.2.0 - Outras Receitas Não Arrecadadas e Não Projetadas pela RFB - Primárias;6050,00;12225
2022;Prefeitura Municipal de Serra do Mel - RN;2413359;RN;DCA-Anexo I-C;Padrão;Receitas Brutas Realizadas;RO2.0.0.0.00.0.0;2.0.0.0.00.0.0 - Receitas de Capital;1742709,68;12225
2022;Prefeitura Municipal de Serra do Mel - RN;2413359;RN;DCA-Anexo I-C;Padrão;Receitas Brutas Realizadas;RO2.4.0.0.00.0.0;2.4.0.0.00.0.0 - Transferências de Capital;1742709,68;12225
2022;Prefeitura Municipal de Serra do Mel - RN;2413359;RN;DCA-Anexo I-C;Padrão;Receitas Brutas Realizadas;RO2.4.1.0.00.0.0;2.4.1.0.00.0.0 - Transferências da União e de suas Entidades;1642709,68;12225
2022;Prefeitura Municipal de Serra do Mel - RN;2413359;RN;DCA-Anexo I-C;Padrão;Receitas Brutas Realizadas;RO2.4.1.4.00.0.0;2.4.1.4.00.0.0 - Transferências de Convênios da União e de suas Entidades ;247389,68;12225
2022;Prefeitura Municipal de Serra do Mel - RN;2413359;RN;DCA-Anexo I-C;Padrão;Receitas Brutas Realizadas;RO2.4.1.4.99.0.0;2.4.1.4.99.0.0 - Outras Transferências de Convênios da União e de Suas Entidades;247389,68;12225
2022;Prefeitura Municipal de Serra do Mel - RN;2413359;RN;DCA-Anexo I-C;Padrão;Receitas Brutas Realizadas;RO2.4.1.9.00.0.0;2.4.1.9.00.0.0 - Outras Transferências de Recursos da União e de suas Entidades;1395320,00;12225
2022;Prefeitura Municipal de Serra do Mel - RN;2413359;RN;DCA-Anexo I-C;Padrão;Receitas Brutas Realizadas;RO2.4.1.9.99.0.0;2.4.1.9.99.0.0 - Outras Transferências De Recursos da União e de suas Entidades;1395320,00;12225
2022;Prefeitura Municipal de Serra do Mel - RN;2413359;RN;DCA-Anexo I-C;Padrão;Receitas Brutas Realizadas;RO2.4.2.0.00.0.0;2.4.2.0.00.0.0 - Transferências dos Estados e do Distrito Federal e de suas Entidades;100000,00;12225
2022;Prefeitura Municipal de Serra do Mel - RN;2413359;RN;DCA-Anexo I-C;Padrão;Receitas Brutas Realizadas;RO2.4.2.9.00.0.0;2.4.2.9.00.0.0 - Outras Transferências de Recursos dos Estados;100000,00;12225
2022;Prefeitura Municipal de Serra do Mel - RN;2413359;RN;DCA-Anexo I-C;Padrão;Receitas Brutas Realizadas;RO2.4.2.9.99.0.0;2.4.2.9.99.0.0 - Outras Transferências de Recursos dos Estados;100000,00;12225
2022;Prefeitura Municipal de Serra do Mel - RN;2413359;RN;DCA-Anexo I-C;Padrão;Receitas Brutas Realizadas;TotalReceitas;TOTAL DAS RECEITAS (III) = (I + II);96928623,65;12225
2022;Prefeitura Municipal de Serra do Mel - RN;2413359;RN;DCA-Anexo I-C;Padrão;Deduções - FUNDEB;TotalReceitas;TOTAL DAS RECEITAS (III) = (I + II);9095074,55;12225
2023;Prefeitura Municipal de Serra do Mel - RN;2413359;RN;DCA-Anexo I-C;Padrão;Receitas Brutas Realizadas;ReceitasExcetoIntraOrcamentarias;RECEITAS (EXCETO INTRA-ORÇAMENTÁRIAS) (I);120765612,67;12225
2023;Prefeitura Municipal de Serra do Mel - RN;2413359;RN;DCA-Anexo I-C;Padrão;Deduções - Transferências Constitucionais;ReceitasExcetoIntraOrcamentarias;RECEITAS (EXCETO INTRA-ORÇAMENTÁRIAS) (I);15345,25;12225
2023;Prefeitura Municipal de Serra do Mel - RN;2413359;RN;DCA-Anexo I-C;Padrão;Deduções - FUNDEB;ReceitasExcetoIntraOrcamentarias;RECEITAS (EXCETO INTRA-ORÇAMENTÁRIAS) (I);13387104,33;12225
2023;Prefeitura Municipal de Serra do Mel - RN;2413359;RN;DCA-Anexo I-C;Padrão;Receitas Brutas Realizadas;RO1.0.0.0.00.0.0;1.0.0.0.00.0.0 - Receitas Correntes;118719853,85;12225
2023;Prefeitura Municipal de Serra do Mel - RN;2413359;RN;DCA-Anexo I-C;Padrão;Deduções - Transferências Constitucionais;RO1.0.0.0.00.0.0;1.0.0.0.00.0.0 - Receitas Correntes;15345,25;12225
2023;Prefeitura Municipal de Serra do Mel - RN;2413359;RN;DCA-Anexo I-C;Padrão;Deduções - FUNDEB;RO1.0.0.0.00.0.0;1.0.0.0.00.0.0 - Receitas Correntes;13387104,33;12225
2023;Prefeitura Municipal de Serra do Mel - RN;2413359;RN;DCA-Anexo I-C;Padrão;Receitas Brutas Realizadas;RO1.1.0.0.00.0.0;1.1.0.0.00.0.0 - Impostos, Taxas e Contribuições de Melhoria;15868433,82;12225
2023;Prefeitura Municipal de Serra do Mel - RN;2413359;RN;DCA-Anexo I-C;Padrão;Receitas Brutas Realizadas;RO1.1.1.0.00.0.0;1.1.1.0.00.0.0 - Impostos;15285529,67;12225
2023;Prefeitura Municipal de Serra do Mel - RN;2413359;RN;DCA-Anexo I-C;Padrão;Receitas Brutas Realizadas;RO1.1.1.2.00.0.0;1.1.1.2.00.0.0 - Impostos sobre o Patrimônio;109428,26;12225
2023;Prefeitura Municipal de Serra do Mel - RN;2413359;RN;DCA-Anexo I-C;Padrão;Receitas Brutas Realizadas;RO1.1.1.2.50.0.0;1.1.1.2.50.0.0 - Imposto sobre a Propriedade Predial e Territorial Urbana;30256,36;12225
2023;Prefeitura Municipal de Serra do Mel - RN;2413359;RN;DCA-Anexo I-C;Padrão;Receitas Brutas Realizadas;RO1.1.1.2.53.0.0;"1.1.1.2.53.0.0 - Impostos sobre Transmissão ""Inter Vivos"" de Bens Imóveis e de Direitos Reais sobre Imóveis";79171,90;12225
2023;Prefeitura Municipal de Serra do Mel - RN;2413359;RN;DCA-Anexo I-C;Padrão;Receitas Brutas Realizadas;RO1.1.1.3.00.0.0;1.1.1.3.00.0.0 - Impostos sobre a Renda e Proventos de Qualquer Natureza;2541313,79;12225
2023;Prefeitura Municipal de Serra do Mel - RN;2413359;RN;DCA-Anexo I-C;Padrão;Receitas Brutas Realizadas;RO1.1.1.3.03.0.0;1.1.1.3.03.0.0 - Imposto sobre a Renda - Retido na Fonte;2541313,79;12225
2023;Prefeitura Municipal de Serra do Mel - RN;2413359;RN;DCA-Anexo I-C;Padrão;Receitas Brutas Realizadas;RO1.1.1.3.03.1.0;1.1.1.3.03.1.0 - Imposto sobre a Renda - Retido na Fonte - Trabalho;2432928,34;12225
2023;Prefeitura Municipal de Serra do Mel - RN;2413359;RN;DCA-Anexo I-C;Padrão;Receitas Brutas Realizadas;RO1.1.1.3.03.4.0;1.1.1.3.03.4.0 - Imposto sobre a Renda - Retido na Fonte - Outros Rendimentos;108385,45;12225
2023;Prefeitura Municipal de Serra do Mel - RN;2413359;RN;DCA-Anexo I-C;Padrão;Receitas Brutas Realizadas;RO1.1.1.4.00.0.0;1.1.1.4.00.0.0 - Impostos sobre a Produção e Circulação de Mercadorias e Serviços;12634787,62;12225
2023;Prefeitura Municipal de Serra do Mel - RN;2413359;RN;DCA-Anexo I-C;Padrão;Receitas Brutas Realizadas;RO1.1.1.4.51.0.0;1.1.1.4.51.0.0 - Impostos sobre Serviços;12634787,62;12225
2023;Prefeitura Municipal de Serra do Mel - RN;2413359;RN;DCA-Anexo I-C;Padrão;Receitas Brutas Realizadas;RO1.1.1.4.51.1.0;1.1.1.4.51.1.0 - Imposto sobre Serviços de Qualquer Natureza - ISSQN;12634787,62;12225
2023;Prefeitura Municipal de Serra do Mel - RN;2413359;RN;DCA-Anexo I-C;Padrão;Receitas Brutas Realizadas;RO1.1.2.0.00.0.0;1.1.2.0.00.0.0 - Taxas;582904,15;12225
2023;Prefeitura Municipal de Serra do Mel - RN;2413359;RN;DCA-Anexo I-C;Padrão;Receitas Brutas Realizadas;RO1.1.2.1.00.0.0;1.1.2.1.00.0.0 - Taxas pelo Exercício do Poder de Polícia;582904,15;12225
2023;Prefeitura Municipal de Serra do Mel - RN;2413359;RN;DCA-Anexo I-C;Padrão;Receitas Brutas Realizadas;RO1.1.2.1.01.0.0;1.1.2.1.01.0.0 - Taxas de Inspeção, Controle e Fiscalização;582904,15;12225
2023;Prefeitura Municipal de Serra do Mel - RN;2413359;RN;DCA-Anexo I-C;Padrão;Receitas Brutas Realizadas;RO1.2.0.0.00.0.0;1.2.0.0.00.0.0 - Contribuições;795909,35;12225
2023;Prefeitura Municipal de Serra do Mel - RN;2413359;RN;DCA-Anexo I-C;Padrão;Receitas Brutas Realizadas;RO1.2.4.0.00.0.0;1.2.4.0.00.0.0 - Contribuição para o Custeio do Serviço de Iluminação Pública;795909,35;12225
2023;Prefeitura Municipal de Serra do Mel - RN;2413359;RN;DCA-Anexo I-C;Padrão;Receitas Brutas Realizadas;RO1.3.0.0.00.0.0;1.3.0.0.00.0.0 - Receita Patrimonial;1793715,43;12225
2023;Prefeitura Municipal de Serra do Mel - RN;2413359;RN;DCA-Anexo I-C;Padrão;Receitas Brutas Realizadas;RO1.3.2.0.00.0.0;1.3.2.0.00.0.0 - Valores Mobiliários;1793715,43;12225
2023;Prefeitura Municipal de Serra do Mel - RN;2413359;RN;DCA-Anexo I-C;Padrão;Receitas Brutas Realizadas;RO1.3.2.1.00.0.0;1.3.2.1.00.0.0 - Juros e Correções Monetárias;1793715,43;12225
2023;Prefeitura Municipal de Serra do Mel - RN;2413359;RN;DCA-Anexo I-C;Padrão;Receitas Brutas Realizadas;RO1.3.2.1.01.0.0;1.3.2.1.01.0.0 - Remuneração de Depósitos Bancários;1793715,43;12225
2023;Prefeitura Municipal de Serra do Mel - RN;2413359;RN;DCA-Anexo I-C;Padrão;Receitas Brutas Realizadas;RO1.7.0.0.00.0.0;1.7.0.0.00.0.0 - Transferências Correntes;100139578,08;12225
2023;Prefeitura Municipal de Serra do Mel - RN;2413359;RN;DCA-Anexo I-C;Padrão;Deduções - Transferências Constitucionais;RO1.7.0.0.00.0.0;1.7.0.0.00.0.0 - Transferências Correntes;15345,25;12225
2023;Prefeitura Municipal de Serra do Mel - RN;2413359;RN;DCA-Anexo I-C;Padrão;Deduções - FUNDEB;RO1.7.0.0.00.0.0;1.7.0.0.00.0.0 - Transferências Correntes;13387104,33;12225
2023;Prefeitura Municipal de Serra do Mel - RN;2413359;RN;DCA-Anexo I-C;Padrão;Receitas Brutas Realizadas;RO1.7.1.0.00.0.0;1.7.1.0.00.0.0 - Transferências da União e de suas Entidades;35333470,92;12225
2023;Prefeitura Municipal de Serra do Mel - RN;2413359;RN;DCA-Anexo I-C;Padrão;Deduções - Transferências Constitucionais;RO1.7.1.0.00.0.0;1.7.1.0.00.0.0 - Transferências da União e de suas Entidades;15345,25;12225
2023;Prefeitura Municipal de Serra do Mel - RN;2413359;RN;DCA-Anexo I-C;Padrão;Deduções - FUNDEB;RO1.7.1.0.00.0.0;1.7.1.0.00.0.0 - Transferências da União e de suas Entidades;3822247,03;12225
2023;Prefeitura Municipal de Serra do Mel - RN;2413359;RN;DCA-Anexo I-C;Padrão;Receitas Brutas Realizadas;RO1.7.1.1.00.0.0;1.7.1.1.00.0.0 - Transferências Decorrentes de Participação na Receita da União;20981015,32;12225
2023;Prefeitura Municipal de Serra do Mel - RN;2413359;RN;DCA-Anexo I-C;Padrão;Deduções - FUNDEB;RO1.7.1.1.00.0.0;1.7.1.1.00.0.0 - Transferências Decorrentes de Participação na Receita da União;3822247,03;12225
2023;Prefeitura Municipal de Serra do Mel - RN;2413359;RN;DCA-Anexo I-C;Padrão;Receitas Brutas Realizadas;RO1.7.1.1.51.0.0;1.7.1.1.51.0.0 -Cota-Parte do Fundo de Participação dos Municípios - FPM;20974007,24;12225
2023;Prefeitura Municipal de Serra do Mel - RN;2413359;RN;DCA-Anexo I-C;Padrão;Deduções - FUNDEB;RO1.7.1.1.51.0.0;1.7.1.1.51.0.0 -Cota-Parte do Fundo de Participação dos Municípios - FPM;3820895,23;12225
2023;Prefeitura Municipal de Serra do Mel - RN;2413359;RN;DCA-Anexo I-C;Padrão;Receitas Brutas Realizadas;RO1.7.1.1.51.1.0;1.7.1.1.51.1.0 - Cota-Parte do Fundo de Participação dos Municípios - Cota Mensal;19299031,79;12225
2023;Prefeitura Municipal de Serra do Mel - RN;2413359;RN;DCA-Anexo I-C;Padrão;Deduções - FUNDEB;RO1.7.1.1.51.1.0;1.7.1.1.51.1.0 - Cota-Parte do Fundo de Participação dos Municípios - Cota Mensal;3820895,23;12225
2023;Prefeitura Municipal de Serra do Mel - RN;2413359;RN;DCA-Anexo I-C;Padrão;Receitas Brutas Realizadas;RO1.7.1.1.51.2.0;1.7.1.1.51.2.0 - Cota-Parte do Fundo de Participação dos Municípios - Cotas Extraordinárias;1674975,45;12225
2023;Prefeitura Municipal de Serra do Mel - RN;2413359;RN;DCA-Anexo I-C;Padrão;Receitas Brutas Realizadas;RO1.7.1.1.52.0.0;1.7.1.1.52.0.0 - Cota-Parte do Imposto Sobre a Propriedade Territorial Rural;7008,08;12225
2023;Prefeitura Municipal de Serra do Mel - RN;2413359;RN;DCA-Anexo I-C;Padrão;Deduções - FUNDEB;RO1.7.1.1.52.0.0;1.7.1.1.52.0.0 - Cota-Parte do Imposto Sobre a Propriedade Territorial Rural;1351,80;12225
2023;Prefeitura Municipal de Serra do Mel - RN;2413359;RN;DCA-Anexo I-C;Padrão;Receitas Brutas Realizadas;RO1.7.1.2.00.0.0;1.7.1.2.00.0.0 -Transferências das Compensações Financeiras pela Exploração de Recursos Naturais;7048456,96;12225
2023;Prefeitura Municipal de Serra do Mel - RN;2413359;RN;DCA-Anexo I-C;Padrão;Receitas Brutas Realizadas;RO1.7.1.2.52.0.0;1.7.1.2.52.0.0 - Cota-parte da Compensação Financeira pela Produção de Petróleo;7048456,96;12225
2023;Prefeitura Municipal de Serra do Mel - RN;2413359;RN;DCA-Anexo I-C;Padrão;Receitas Brutas Realizadas;RO1.7.1.2.52.1.0;1.7.1.2.52.1.0 - Cota-parte da Compensação Financeira pela Produção de Petróleo ¿ Lei nº 7.990/89;6494834,17;12225
2023;Prefeitura Municipal de Serra do Mel - RN;2413359;RN;DCA-Anexo I-C;Padrão;Receitas Brutas Realizadas;RO1.7.1.2.52.2.0;1.7.1.2.52.2.0 - Cota-parte pelo Excedente da Produção do Petróleo ¿ Lei nº 9.478/97, artigo 49, I e II;146316,35;12225
2023;Prefeitura Municipal de Serra do Mel - RN;2413359;RN;DCA-Anexo I-C;Padrão;Receitas Brutas Realizadas;RO1.7.1.2.52.4.0;1.7.1.2.52.4.0 - Cota-Parte do Fundo Especial do Petróleo ¿ FEP;407306,44;12225
2023;Prefeitura Municipal de Serra do Mel - RN;2413359;RN;DCA-Anexo I-C;Padrão;Receitas Brutas Realizadas;RO1.7.1.3.00.0.0;1.7.1.3.00.0.0 -Transferências de Recursos do Sistema Único de Saúde ¿ SUS ;5153231,50;12225
2023;Prefeitura Municipal de Serra do Mel - RN;2413359;RN;DCA-Anexo I-C;Padrão;Receitas Brutas Realizadas;RO1.7.1.3.50.0.0;1.7.1.3.50.0.0 - Transferências de Recursos do Sistema Único de Saúde ¿ SUS ¿ Repasses Fundo a Fundo - Bloco de Manutenção das Ações e Serviços Públicos de Saúde;5153231,50;12225
2023;Prefeitura Municipal de Serra do Mel - RN;2413359;RN;DCA-Anexo I-C;Padrão;Receitas Brutas Realizadas;RO1.7.1.3.50.1.0;1.7.1.3.50.1.0 - Transferências de Recursos do Bloco de Manutenção das Ações e Serviços Públicos de Saúde ¿ Atenção Primária;2878451,65;12225
2023;Prefeitura Municipal de Serra do Mel - RN;2413359;RN;DCA-Anexo I-C;Padrão;Receitas Brutas Realizadas;RO1.7.1.3.50.2.0;1.7.1.3.50.2.0 - Transferências de Recursos do Bloco de Manutenção das Ações e Serviços Públicos de Saúde ¿ Atenção Especializada;1725349,86;12225
2023;Prefeitura Municipal de Serra do Mel - RN;2413359;RN;DCA-Anexo I-C;Padrão;Receitas Brutas Realizadas;RO1.7.1.3.50.3.0;1.7.1.3.50.3.0 - Transferências de Recursos do Bloco de Manutenção das Ações e Serviços Públicos de Saúde ¿ Vigilância em Saúde;205980,10;12225
2023;Prefeitura Municipal de Serra do Mel - RN;2413359;RN;DCA-Anexo I-C;Padrão;Receitas Brutas Realizadas;RO1.7.1.3.50.4.0;1.7.1.3.50.4.0 -Transferências de Recursos do Bloco de Manutenção das Ações e Serviços Públicos de Saúde ¿ Assistência Farmacêutica;89031,12;12225
2023;Prefeitura Municipal de Serra do Mel - RN;2413359;RN;DCA-Anexo I-C;Padrão;Receitas Brutas Realizadas;RO1.7.1.3.50.5.0;1.7.1.3.50.5.0 - Transferências de Recursos do Bloco de Manutenção das Ações e Serviços Públicos de Saúde ¿ Gestão do SUS;254418,77;12225
2023;Prefeitura Municipal de Serra do Mel - RN;2413359;RN;DCA-Anexo I-C;Padrão;Receitas Brutas Realizadas;RO1.7.1.4.00.0.0;1.7.1.4.00.0.0 -Transferências de Recursos do Fundo Nacional do Desenvolvimento da Educação ¿ FNDE¿ ;1090318,64;12225
2023;Prefeitura Municipal de Serra do Mel - RN;2413359;RN;DCA-Anexo I-C;Padrão;Receitas Brutas Realizadas;RO1.7.1.4.50.0.0;1.7.1.4.50.0.0 - Transferências do Salário-Educação;354925,58;12225
2023;Prefeitura Municipal de Serra do Mel - RN;2413359;RN;DCA-Anexo I-C;Padrão;Receitas Brutas Realizadas;RO1.7.1.4.52.0.0;1.7.1.4.52.0.0 - Transferências referentes ao Programa Nacional de Alimentação Escolar ¿ PNAE;332340,82;12225
2023;Prefeitura Municipal de Serra do Mel - RN;2413359;RN;DCA-Anexo I-C;Padrão;Receitas Brutas Realizadas;RO1.7.1.4.53.0.0;1.7.1.4.53.0.0 - Transferências referentes ao Programa Nacional de Apoio ao Transporte do Escolar ¿ PNATE;159963,55;12225
2023;Prefeitura Municipal de Serra do Mel - RN;2413359;RN;DCA-Anexo I-C;Padrão;Receitas Brutas Realizadas;RO1.7.1.4.99.0.0;1.7.1.4.99.0.0 - Outras Transferências Diretas do Fundo Nacional do Desenvolvimento da Educação - FNDE;243088,69;12225
2023;Prefeitura Municipal de Serra do Mel - RN;2413359;RN;DCA-Anexo I-C;Padrão;Receitas Brutas Realizadas;RO1.7.1.5.00.0.0;1.7.1.5.00.0.0 - Transferências de Recursos de Complementação da União ao Fundo de Manutenção e Desenvolvimento da Educação Básica e de Valorização dos Profissionais da Educação ¿ FUNDEB ;130358,00;12225
2023;Prefeitura Municipal de Serra do Mel - RN;2413359;RN;DCA-Anexo I-C;Padrão;Deduções - Transferências Constitucionais;RO1.7.1.5.00.0.0;1.7.1.5.00.0.0 - Transferências de Recursos de Complementação da União ao Fundo de Manutenção e Desenvolvimento da Educação Básica e de Valorização dos Profissionais da Educação ¿ FUNDEB ;15345,25;12225
2023;Prefeitura Municipal de Serra do Mel - RN;2413359;RN;DCA-Anexo I-C;Padrão;Receitas Brutas Realizadas;RO1.7.1.6.00.0.0;1.7.1.6.00.0.0 - Transferências de Recursos do Fundo Nacional de Assistência Social ¿ FNAS;257274,91;12225
2023;Prefeitura Municipal de Serra do Mel - RN;2413359;RN;DCA-Anexo I-C;Padrão;Receitas Brutas Realizadas;RO1.7.1.9.00.0.0;1.7.1.9.00.0.0 - Outras Transferências de Recursos da União e de suas Entidades;672815,59;12225
2023;Prefeitura Municipal de Serra do Mel - RN;2413359;RN;DCA-Anexo I-C;Padrão;Receitas Brutas Realizadas;RO1.7.1.9.58.0.0;1.7.1.9.58.0.0 - Transferência Obrigatória Decorrente da Lei Complementar nº 176/2020;66175,92;12225
2023;Prefeitura Municipal de Serra do Mel - RN;2413359;RN;DCA-Anexo I-C;Padrão;Receitas Brutas Realizadas;RO1.7.1.9.61.0.0;1.7.1.9.61.0.0 - Auxílio Financeiro - Outorga Crédito Tributário ICMS - Art. 5º, Inciso V, EC nº 123/2022;10338,40;12225
2023;Prefeitura Municipal de Serra do Mel - RN;2413359;RN;DCA-Anexo I-C;Padrão;Receitas Brutas Realizadas;RO1.7.1.9.99.0.0;1.7.1.9.99.0.0 - Outras Transferências de Recursos da União e de suas Entidades;596301,27;12225
2023;Prefeitura Municipal de Serra do Mel - RN;2413359;RN;DCA-Anexo I-C;Padrão;Receitas Brutas Realizadas;RO1.7.2.0.00.0.0;1.7.2.0.00.0.0 - Transferências dos Estados e do Distrito Federal e de suas Entidades;48467212,31;12225
2023;Prefeitura Municipal de Serra do Mel - RN;2413359;RN;DCA-Anexo I-C;Padrão;Deduções - FUNDEB;RO1.7.2.0.00.0.0;1.7.2.0.00.0.0 - Transferências dos Estados e do Distrito Federal e de suas Entidades;9564857,30;12225
2023;Prefeitura Municipal de Serra do Mel - RN;2413359;RN;DCA-Anexo I-C;Padrão;Receitas Brutas Realizadas;RO1.7.2.1.00.0.0;1.7.2.1.00.0.0 - Participação na Receita dos Estados e Distrito Federal;47826805,06;12225
2023;Prefeitura Municipal de Serra do Mel - RN;2413359;RN;DCA-Anexo I-C;Padrão;Deduções - FUNDEB;RO1.7.2.1.00.0.0;1.7.2.1.00.0.0 - Participação na Receita dos Estados e Distrito Federal;9564857,30;12225
2023;Prefeitura Municipal de Serra do Mel - RN;2413359;RN;DCA-Anexo I-C;Padrão;Receitas Brutas Realizadas;RO1.7.2.1.50.0.0;1.7.2.1.50.0.0 - Cota-Parte do ICMS;47095799,63;12225
2023;Prefeitura Municipal de Serra do Mel - RN;2413359;RN;DCA-Anexo I-C;Padrão;Deduções - FUNDEB;RO1.7.2.1.50.0.0;1.7.2.1.50.0.0 - Cota-Parte do ICMS;9419159,62;12225
2023;Prefeitura Municipal de Serra do Mel - RN;2413359;RN;DCA-Anexo I-C;Padrão;Receitas Brutas Realizadas;RO1.7.2.1.51.0.0;1.7.2.1.51.0.0 - Cota-Parte do IPVA;633045,78;12225
2023;Prefeitura Municipal de Serra do Mel - RN;2413359;RN;DCA-Anexo I-C;Padrão;Deduções - FUNDEB;RO1.7.2.1.51.0.0;1.7.2.1.51.0.0 - Cota-Parte do IPVA;126609,70;12225
2023;Prefeitura Municipal de Serra do Mel - RN;2413359;RN;DCA-Anexo I-C;Padrão;Receitas Brutas Realizadas;RO1.7.2.1.52.0.0;1.7.2.1.52.0.0 - Cota-Parte do IPI - Municípios;95439,63;12225
2023;Prefeitura Municipal de Serra do Mel - RN;2413359;RN;DCA-Anexo I-C;Padrão;Deduções - FUNDEB;RO1.7.2.1.52.0.0;1.7.2.1.52.0.0 - Cota-Parte do IPI - Municípios;19087,98;12225
2023;Prefeitura Municipal de Serra do Mel - RN;2413359;RN;DCA-Anexo I-C;Padrão;Receitas Brutas Realizadas;RO1.7.2.1.53.0.0;1.7.2.1.53.0.0 - Cota-Parte da Contribuição de Intervenção no Domínio Econômico;2520,02;12225
2023;Prefeitura Municipal de Serra do Mel - RN;2413359;RN;DCA-Anexo I-C;Padrão;Receitas Brutas Realizadas;RO1.7.2.2.00.0.0;1.7.2.2.00.0.0 - Transferências das Compensações Financeiras pela Exploração de Recursos Naturais;488618,11;12225
2023;Prefeitura Municipal de Serra do Mel - RN;2413359;RN;DCA-Anexo I-C;Padrão;Receitas Brutas Realizadas;RO1.7.2.2.52.0.0;1.7.2.2.52.0.0 - Cota-parte Royalties ¿ Compensação Financeira pela Produção do Petróleo;488618,11;12225
2023;Prefeitura Municipal de Serra do Mel - RN;2413359;RN;DCA-Anexo I-C;Padrão;Receitas Brutas Realizadas;RO1.7.2.3.00.0.0;1.7.2.3.00.0.0 - Transferências de Recursos do Sistema Único de Saúde ¿ SUS;12021,25;12225
2023;Prefeitura Municipal de Serra do Mel - RN;2413359;RN;DCA-Anexo I-C;Padrão;Receitas Brutas Realizadas;RO1.7.2.9.00.0.0;1.7.2.9.00.0.0 - Outras Transferências dos Estados e Distrito Federal;139767,89;12225
2023;Prefeitura Municipal de Serra do Mel - RN;2413359;RN;DCA-Anexo I-C;Padrão;Receitas Brutas Realizadas;RO1.7.2.9.51.0.0;1.7.2.9.51.0.0 - Transferências de Estados destinadas à Assistência Social;39000,00;12225
2023;Prefeitura Municipal de Serra do Mel - RN;2413359;RN;DCA-Anexo I-C;Padrão;Receitas Brutas Realizadas;RO1.7.2.9.52.0.0;1.7.2.9.52.0.0 - Transferências de Recursos Destinados a Programas de Educação;100767,89;12225
2023;Prefeitura Municipal de Serra do Mel - RN;2413359;RN;DCA-Anexo I-C;Padrão;Receitas Brutas Realizadas;RO1.7.4.0.00.0.0;1.7.4.0.00.0.0 - Transferências de Instituições Privadas;23437,14;12225
2023;Prefeitura Municipal de Serra do Mel - RN;2413359;RN;DCA-Anexo I-C;Padrão;Receitas Brutas Realizadas;RO1.7.4.1.00.0.0;1.7.4.1.00.0.0 - Transferências de Instituições Privadas;23437,14;12225
2023;Prefeitura Municipal de Serra do Mel - RN;2413359;RN;DCA-Anexo I-C;Padrão;Receitas Brutas Realizadas;RO1.7.4.1.99.0.0;1.7.4.1.99.0.0 - Outras Transferências de Instituições Privadas;23437,14;12225
2023;Prefeitura Municipal de Serra do Mel - RN;2413359;RN;DCA-Anexo I-C;Padrão;Receitas Brutas Realizadas;RO1.7.5.0.00.0.0;1.7.5.0.00.0.0 - Transferências de Outras Instituições Públicas;16307946,59;12225
2023;Prefeitura Municipal de Serra do Mel - RN;2413359;RN;DCA-Anexo I-C;Padrão;Receitas Brutas Realizadas;RO1.7.5.1.00.0.0;1.7.5.1.00.0.0 - Transferências de Recursos do Fundo de Manutenção e Desenvolvimento da Educação Básica e de Valorização dos Profissionais da Educação - FUNDEB;16307946,59;12225
2023;Prefeitura Municipal de Serra do Mel - RN;2413359;RN;DCA-Anexo I-C;Padrão;Receitas Brutas Realizadas;RO1.7.9.0.00.0.0;1.7.9.0.00.0.0 - Demais Transferências Correntes;7511,12;12225
2023;Prefeitura Municipal de Serra do Mel - RN;2413359;RN;DCA-Anexo I-C;Padrão;Receitas Brutas Realizadas;RO1.7.9.1.00.0.0;1.7.9.1.00.0.0 - Transferências de Pessoas Físicas;7511,12;12225
2023;Prefeitura Municipal de Serra do Mel - RN;2413359;RN;DCA-Anexo I-C;Padrão;Receitas Brutas Realizadas;RO1.7.9.1.99.0.0;1.7.9.1.99.0.0 - Outras Transferências de Pessoas Físicas;7511,12;12225
2023;Prefeitura Municipal de Serra do Mel - RN;2413359;RN;DCA-Anexo I-C;Padrão;Receitas Brutas Realizadas;RO1.9.0.0.00.0.0;1.9.0.0.00.0.0 - Outras Receitas Correntes;122217,17;12225
2023;Prefeitura Municipal de Serra do Mel - RN;2413359;RN;DCA-Anexo I-C;Padrão;Receitas Brutas Realizadas;RO1.9.2.0.00.0.0;1.9.2.0.00.0.0 - Indenizações, Restituições e Ressarcimentos;122217,17;12225
2023;Prefeitura Municipal de Serra do Mel - RN;2413359;RN;DCA-Anexo I-C;Padrão;Receitas Brutas Realizadas;RO1.9.2.2.00.0.0;1.9.2.2.00.0.0 - Restituições;122217,17;12225
2023;Prefeitura Municipal de Serra do Mel - RN;2413359;RN;DCA-Anexo I-C;Padrão;Receitas Brutas Realizadas;RO1.9.2.2.99.0.0;1.9.2.2.99.0.0 - Outras Restituições;122217,17;12225
2023;Prefeitura Municipal de Serra do Mel - RN;2413359;RN;DCA-Anexo I-C;Padrão;Receitas Brutas Realizadas;RO2.0.0.0.00.0.0;2.0.0.0.00.0.0 - Receitas de Capital;2045758,82;12225
2023;Prefeitura Municipal de Serra do Mel - RN;2413359;RN;DCA-Anexo I-C;Padrão;Receitas Brutas Realizadas;RO2.4.0.0.00.0.0;2.4.0.0.00.0.0 - Transferências de Capital;2045758,82;12225
2023;Prefeitura Municipal de Serra do Mel - RN;2413359;RN;DCA-Anexo I-C;Padrão;Receitas Brutas Realizadas;RO2.4.1.0.00.0.0;2.4.1.0.00.0.0 - Transferências da União e de suas Entidades;2045758,82;12225
2023;Prefeitura Municipal de Serra do Mel - RN;2413359;RN;DCA-Anexo I-C;Padrão;Receitas Brutas Realizadas;RO2.4.1.4.00.0.0;2.4.1.4.00.0.0 - Transferências de Convênios da União e de suas Entidades ;2045758,82;12225
2023;Prefeitura Municipal de Serra do Mel - RN;2413359;RN;DCA-Anexo I-C;Padrão;Receitas Brutas Realizadas;RO2.4.1.4.99.0.0;2.4.1.4.99.0.0 - Outras Transferências de Convênios da União e de Suas Entidades;2045758,82;12225
2023;Prefeitura Municipal de Serra do Mel - RN;2413359;RN;DCA-Anexo I-C;Padrão;Receitas Brutas Realizadas;TotalReceitas;TOTAL DAS RECEITAS (III) = (I + II);120765612,67;12225
2023;Prefeitura Municipal de Serra do Mel - RN;2413359;RN;DCA-Anexo I-C;Padrão;Deduções - Transferências Constitucionais;TotalReceitas;TOTAL DAS RECEITAS (III) = (I + II);15345,25;12225
2023;Prefeitura Municipal de Serra do Mel - RN;2413359;RN;DCA-Anexo I-C;Padrão;Deduções - FUNDEB;TotalReceitas;TOTAL DAS RECEITAS (III) = (I + II);13387104,33;12225
2024;Prefeitura Municipal de Serra do Mel - RN;2413359;RN;DCA-Anexo I-C;Padrão;Receitas Brutas Realizadas;ReceitasExcetoIntraOrcamentarias;RECEITAS (EXCETO INTRA-ORÇAMENTÁRIAS) (I);177201592,91;13110
2024;Prefeitura Municipal de Serra do Mel - RN;2413359;RN;DCA-Anexo I-C;Padrão;Deduções - FUNDEB;ReceitasExcetoIntraOrcamentarias;RECEITAS (EXCETO INTRA-ORÇAMENTÁRIAS) (I);15254031,13;13110
2024;Prefeitura Municipal de Serra do Mel - RN;2413359;RN;DCA-Anexo I-C;Padrão;Receitas Brutas Realizadas;RO1.0.0.0.00.0.0;1.0.0.0.00.0.0 - Receitas Correntes;161669055,76;13110
2024;Prefeitura Municipal de Serra do Mel - RN;2413359;RN;DCA-Anexo I-C;Padrão;Deduções - FUNDEB;RO1.0.0.0.00.0.0;1.0.0.0.00.0.0 - Receitas Correntes;15254031,13;13110
2024;Prefeitura Municipal de Serra do Mel - RN;2413359;RN;DCA-Anexo I-C;Padrão;Receitas Brutas Realizadas;RO1.1.0.0.00.0.0;1.1.0.0.00.0.0 - Impostos, Taxas e Contribuições de Melhoria;14172307,29;13110
2024;Prefeitura Municipal de Serra do Mel - RN;2413359;RN;DCA-Anexo I-C;Padrão;Receitas Brutas Realizadas;RO1.1.1.0.00.0.0;1.1.1.0.00.0.0 - Impostos;12200330,28;13110
2024;Prefeitura Municipal de Serra do Mel - RN;2413359;RN;DCA-Anexo I-C;Padrão;Receitas Brutas Realizadas;RO1.1.1.2.00.0.0;1.1.1.2.00.0.0 - Impostos sobre o Patrimônio;283176,21;13110
2024;Prefeitura Municipal de Serra do Mel - RN;2413359;RN;DCA-Anexo I-C;Padrão;Receitas Brutas Realizadas;RO1.1.1.2.50.0.0;1.1.1.2.50.0.0 - Imposto sobre a Propriedade Predial e Territorial Urbana;166287,27;13110
2024;Prefeitura Municipal de Serra do Mel - RN;2413359;RN;DCA-Anexo I-C;Padrão;Receitas Brutas Realizadas;RO1.1.1.2.53.0.0;"1.1.1.2.53.0.0 - Impostos sobre Transmissão ""Inter Vivos"" de Bens Imóveis e de Direitos Reais sobre Imóveis";116888,94;13110
2024;Prefeitura Municipal de Serra do Mel - RN;2413359;RN;DCA-Anexo I-C;Padrão;Receitas Brutas Realizadas;RO1.1.1.3.00.0.0;1.1.1.3.00.0.0 - Impostos sobre a Renda e Proventos de Qualquer Natureza;3823172,70;13110
2024;Prefeitura Municipal de Serra do Mel - RN;2413359;RN;DCA-Anexo I-C;Padrão;Receitas Brutas Realizadas;RO1.1.1.3.03.0.0;1.1.1.3.03.0.0 - Imposto sobre a Renda - Retido na Fonte;3823172,70;13110
2024;Prefeitura Municipal de Serra do Mel - RN;2413359;RN;DCA-Anexo I-C;Padrão;Receitas Brutas Realizadas;RO1.1.1.3.03.1.0;1.1.1.3.03.1.0 - Imposto sobre a Renda - Retido na Fonte - Trabalho;908647,15;13110
2024;Prefeitura Municipal de Serra do Mel - RN;2413359;RN;DCA-Anexo I-C;Padrão;Receitas Brutas Realizadas;RO1.1.1.3.03.4.0;1.1.1.3.03.4.0 - Imposto sobre a Renda - Retido na Fonte - Outros Rendimentos;2914525,55;13110
2024;Prefeitura Municipal de Serra do Mel - RN;2413359;RN;DCA-Anexo I-C;Padrão;Receitas Brutas Realizadas;RO1.1.1.4.00.0.0;1.1.1.4.00.0.0 - Impostos sobre a Produção e Circulação de Mercadorias e Serviços;8093981,37;13110
2024;Prefeitura Municipal de Serra do Mel - RN;2413359;RN;DCA-Anexo I-C;Padrão;Receitas Brutas Realizadas;RO1.1.1.4.51.0.0;1.1.1.4.51.0.0 - Impostos sobre Serviços;8093981,37;13110
2024;Prefeitura Municipal de Serra do Mel - RN;2413359;RN;DCA-Anexo I-C;Padrão;Receitas Brutas Realizadas;RO1.1.1.4.51.1.0;1.1.1.4.51.1.0 - Imposto sobre Serviços de Qualquer Natureza - ISSQN;8093981,37;13110
2024;Prefeitura Municipal de Serra do Mel - RN;2413359;RN;DCA-Anexo I-C;Padrão;Receitas Brutas Realizadas;RO1.1.2.0.00.0.0;1.1.2.0.00.0.0 - Taxas;1971977,01;13110
2024;Prefeitura Municipal de Serra do Mel - RN;2413359;RN;DCA-Anexo I-C;Padrão;Receitas Brutas Realizadas;RO1.1.2.1.00.0.0;1.1.2.1.00.0.0 - Taxas pelo Exercício do Poder de Polícia;1512464,85;13110
2024;Prefeitura Municipal de Serra do Mel - RN;2413359;RN;DCA-Anexo I-C;Padrão;Receitas Brutas Realizadas;RO1.1.2.1.01.0.0;1.1.2.1.01.0.0 - Taxas de Inspeção, Controle e Fiscalização;1512464,85;13110
2024;Prefeitura Municipal de Serra do Mel - RN;2413359;RN;DCA-Anexo I-C;Padrão;Receitas Brutas Realizadas;RO1.1.2.2.00.0.0;1.1.2.2.00.0.0 - Taxas pela Prestação de Serviços;459512,16;13110
2024;Prefeitura Municipal de Serra do Mel - RN;2413359;RN;DCA-Anexo I-C;Padrão;Receitas Brutas Realizadas;RO1.1.2.2.01.0.0;1.1.2.2.01.0.0 - Taxas pela Prestação de Serviços em Geral;459512,16;13110
2024;Prefeitura Municipal de Serra do Mel - RN;2413359;RN;DCA-Anexo I-C;Padrão;Receitas Brutas Realizadas;RO1.2.0.0.00.0.0;1.2.0.0.00.0.0 - Contribuições;806578,74;13110
2024;Prefeitura Municipal de Serra do Mel - RN;2413359;RN;DCA-Anexo I-C;Padrão;Receitas Brutas Realizadas;RO1.2.4.0.00.0.0;1.2.4.0.00.0.0 - Contribuição para o Custeio do Serviço de Iluminação Pública;806578,74;13110
2024;Prefeitura Municipal de Serra do Mel - RN;2413359;RN;DCA-Anexo I-C;Padrão;Receitas Brutas Realizadas;RO1.3.0.0.00.0.0;1.3.0.0.00.0.0 - Receita Patrimonial;1437676,54;13110
2024;Prefeitura Municipal de Serra do Mel - RN;2413359;RN;DCA-Anexo I-C;Padrão;Receitas Brutas Realizadas;RO1.3.1.0.00.0.0;1.3.1.0.00.0.0 - Exploração do Patrimônio Imobiliário do Estado;16,86;13110
2024;Prefeitura Municipal de Serra do Mel - RN;2413359;RN;DCA-Anexo I-C;Padrão;Receitas Brutas Realizadas;RO1.3.1.1.00.0.0;1.3.1.1.00.0.0 - Exploração do Patrimônio Imobiliário do Estado;16,86;13110
2024;Prefeitura Municipal de Serra do Mel - RN;2413359;RN;DCA-Anexo I-C;Padrão;Receitas Brutas Realizadas;RO1.3.1.1.01.0.0;1.3.1.1.01.0.0 - Aluguéis, Arrendamentos, Foros, Laudêmios, Tarifas de Ocupação;16,86;13110
2024;Prefeitura Municipal de Serra do Mel - RN;2413359;RN;DCA-Anexo I-C;Padrão;Receitas Brutas Realizadas;RO1.3.1.1.01.1.0;1.3.1.1.01.1.0 - Aluguéis e Arrendamentos;16,86;13110
2024;Prefeitura Municipal de Serra do Mel - RN;2413359;RN;DCA-Anexo I-C;Padrão;Receitas Brutas Realizadas;RO1.3.2.0.00.0.0;1.3.2.0.00.0.0 - Valores Mobiliários;1437659,68;13110
2024;Prefeitura Municipal de Serra do Mel - RN;2413359;RN;DCA-Anexo I-C;Padrão;Receitas Brutas Realizadas;RO1.3.2.1.00.0.0;1.3.2.1.00.0.0 - Juros e Correções Monetárias;1437659,68;13110
2024;Prefeitura Municipal de Serra do Mel - RN;2413359;RN;DCA-Anexo I-C;Padrão;Receitas Brutas Realizadas;RO1.3.2.1.01.0.0;1.3.2.1.01.0.0 - Remuneração de Depósitos Bancários;1437659,68;13110
2024;Prefeitura Municipal de Serra do Mel - RN;2413359;RN;DCA-Anexo I-C;Padrão;Receitas Brutas Realizadas;RO1.7.0.0.00.0.0;1.7.0.0.00.0.0 - Transferências Correntes;145204455,05;13110
2024;Prefeitura Municipal de Serra do Mel - RN;2413359;RN;DCA-Anexo I-C;Padrão;Deduções - FUNDEB;RO1.7.0.0.00.0.0;1.7.0.0.00.0.0 - Transferências Correntes;15254031,13;13110
2024;Prefeitura Municipal de Serra do Mel - RN;2413359;RN;DCA-Anexo I-C;Padrão;Receitas Brutas Realizadas;RO1.7.1.0.00.0.0;1.7.1.0.00.0.0 - Transferências da União e de suas Entidades;69310166,68;13110
2024;Prefeitura Municipal de Serra do Mel - RN;2413359;RN;DCA-Anexo I-C;Padrão;Deduções - FUNDEB;RO1.7.1.0.00.0.0;1.7.1.0.00.0.0 - Transferências da União e de suas Entidades;4419114,27;13110
2024;Prefeitura Municipal de Serra do Mel - RN;2413359;RN;DCA-Anexo I-C;Padrão;Receitas Brutas Realizadas;RO1.7.1.1.00.0.0;1.7.1.1.00.0.0 - Transferências Decorrentes de Participação na Receita da União;24375951,60;13110
2024;Prefeitura Municipal de Serra do Mel - RN;2413359;RN;DCA-Anexo I-C;Padrão;Deduções - FUNDEB;RO1.7.1.1.00.0.0;1.7.1.1.00.0.0 - Transferências Decorrentes de Participação na Receita da União;4419114,27;13110
2024;Prefeitura Municipal de Serra do Mel - RN;2413359;RN;DCA-Anexo I-C;Padrão;Receitas Brutas Realizadas;RO1.7.1.1.51.0.0;1.7.1.1.51.0.0 -Cota-Parte do Fundo de Participação dos Municípios - FPM;24369245,36;13110
2024;Prefeitura Municipal de Serra do Mel - RN;2413359;RN;DCA-Anexo I-C;Padrão;Deduções - FUNDEB;RO1.7.1.1.51.0.0;1.7.1.1.51.0.0 -Cota-Parte do Fundo de Participação dos Municípios - FPM;4417778,02;13110
2024;Prefeitura Municipal de Serra do Mel - RN;2413359;RN;DCA-Anexo I-C;Padrão;Receitas Brutas Realizadas;RO1.7.1.1.51.1.0;1.7.1.1.51.1.0 - Cota-Parte do Fundo de Participação dos Municípios - Cota Mensal;22092887,37;13110
2024;Prefeitura Municipal de Serra do Mel - RN;2413359;RN;DCA-Anexo I-C;Padrão;Deduções - FUNDEB;RO1.7.1.1.51.1.0;1.7.1.1.51.1.0 - Cota-Parte do Fundo de Participação dos Municípios - Cota Mensal;4417778,02;13110
2024;Prefeitura Municipal de Serra do Mel - RN;2413359;RN;DCA-Anexo I-C;Padrão;Receitas Brutas Realizadas;RO1.7.1.1.51.2.0;1.7.1.1.51.2.0 - Cota-Parte do Fundo de Participação dos Municípios - Cotas Extraordinárias;2276357,99;13110
2024;Prefeitura Municipal de Serra do Mel - RN;2413359;RN;DCA-Anexo I-C;Padrão;Receitas Brutas Realizadas;RO1.7.1.1.52.0.0;1.7.1.1.52.0.0 - Cota-Parte do Imposto Sobre a Propriedade Territorial Rural;6706,24;13110
2024;Prefeitura Municipal de Serra do Mel - RN;2413359;RN;DCA-Anexo I-C;Padrão;Deduções - FUNDEB;RO1.7.1.1.52.0.0;1.7.1.1.52.0.0 - Cota-Parte do Imposto Sobre a Propriedade Territorial Rural;1336,25;13110
2024;Prefeitura Municipal de Serra do Mel - RN;2413359;RN;DCA-Anexo I-C;Padrão;Receitas Brutas Realizadas;RO1.7.1.2.00.0.0;1.7.1.2.00.0.0 -Transferências das Compensações Financeiras pela Exploração de Recursos Naturais;33536686,26;13110
2024;Prefeitura Municipal de Serra do Mel - RN;2413359;RN;DCA-Anexo I-C;Padrão;Receitas Brutas Realizadas;RO1.7.1.2.51.0.0;1.7.1.2.51.0.0 -Cota-parte da Compensação Financeira pela Exploração de Recursos Minerais - CFEM;2510,76;13110
2024;Prefeitura Municipal de Serra do Mel - RN;2413359;RN;DCA-Anexo I-C;Padrão;Receitas Brutas Realizadas;RO1.7.1.2.52.0.0;1.7.1.2.52.0.0 - Cota-parte da Compensação Financeira pela Produção de Petróleo;33534175,50;13110
2024;Prefeitura Municipal de Serra do Mel - RN;2413359;RN;DCA-Anexo I-C;Padrão;Receitas Brutas Realizadas;RO1.7.1.2.52.1.0;1.7.1.2.52.1.0 - Cota-parte da Compensação Financeira pela Produção de Petróleo ¿ Lei nº 7.990/89;32919055,87;13110
2024;Prefeitura Municipal de Serra do Mel - RN;2413359;RN;DCA-Anexo I-C;Padrão;Receitas Brutas Realizadas;RO1.7.1.2.52.2.0;1.7.1.2.52.2.0 - Cota-parte pelo Excedente da Produção do Petróleo ¿ Lei nº 9.478/97, artigo 49, I e II;212826,31;13110
2024;Prefeitura Municipal de Serra do Mel - RN;2413359;RN;DCA-Anexo I-C;Padrão;Receitas Brutas Realizadas;RO1.7.1.2.52.4.0;1.7.1.2.52.4.0 - Cota-Parte do Fundo Especial do Petróleo ¿ FEP;402293,32;13110
2024;Prefeitura Municipal de Serra do Mel - RN;2413359;RN;DCA-Anexo I-C;Padrão;Receitas Brutas Realizadas;RO1.7.1.3.00.0.0;1.7.1.3.00.0.0 -Transferências de Recursos do Sistema Único de Saúde ¿ SUS ;5881487,84;13110
2024;Prefeitura Municipal de Serra do Mel - RN;2413359;RN;DCA-Anexo I-C;Padrão;Receitas Brutas Realizadas;RO1.7.1.3.50.0.0;1.7.1.3.50.0.0 - Transferências de Recursos do Sistema Único de Saúde ¿ SUS ¿ Repasses Fundo a Fundo - Bloco de Manutenção das Ações e Serviços Públicos de Saúde;5881487,84;13110
2024;Prefeitura Municipal de Serra do Mel - RN;2413359;RN;DCA-Anexo I-C;Padrão;Receitas Brutas Realizadas;RO1.7.1.3.50.1.0;1.7.1.3.50.1.0 - Transferências de Recursos do Bloco de Manutenção das Ações e Serviços Públicos de Saúde ¿ Atenção Primária;4771677,27;13110
2024;Prefeitura Municipal de Serra do Mel - RN;2413359;RN;DCA-Anexo I-C;Padrão;Receitas Brutas Realizadas;RO1.7.1.3.50.2.0;1.7.1.3.50.2.0 - Transferências de Recursos do Bloco de Manutenção das Ações e Serviços Públicos de Saúde ¿ Atenção Especializada;355760,35;13110
2024;Prefeitura Municipal de Serra do Mel - RN;2413359;RN;DCA-Anexo I-C;Padrão;Receitas Brutas Realizadas;RO1.7.1.3.50.3.0;1.7.1.3.50.3.0 - Transferências de Recursos do Bloco de Manutenção das Ações e Serviços Públicos de Saúde ¿ Vigilância em Saúde;207418,20;13110
2024;Prefeitura Municipal de Serra do Mel - RN;2413359;RN;DCA-Anexo I-C;Padrão;Receitas Brutas Realizadas;RO1.7.1.3.50.4.0;1.7.1.3.50.4.0 -Transferências de Recursos do Bloco de Manutenção das Ações e Serviços Públicos de Saúde ¿ Assistência Farmacêutica;98837,16;13110
2024;Prefeitura Municipal de Serra do Mel - RN;2413359;RN;DCA-Anexo I-C;Padrão;Receitas Brutas Realizadas;RO1.7.1.3.50.5.0;1.7.1.3.50.5.0 - Transferências de Recursos do Bloco de Manutenção das Ações e Serviços Públicos de Saúde ¿ Gestão do SUS;447794,86;13110
2024;Prefeitura Municipal de Serra do Mel - RN;2413359;RN;DCA-Anexo I-C;Padrão;Receitas Brutas Realizadas;RO1.7.1.4.00.0.0;1.7.1.4.00.0.0 -Transferências de Recursos do Fundo Nacional do Desenvolvimento da Educação ¿ FNDE¿ ;2216970,11;13110
2024;Prefeitura Municipal de Serra do Mel - RN;2413359;RN;DCA-Anexo I-C;Padrão;Receitas Brutas Realizadas;RO1.7.1.4.50.0.0;1.7.1.4.50.0.0 - Transferências do Salário-Educação;1329314,09;13110
2024;Prefeitura Municipal de Serra do Mel - RN;2413359;RN;DCA-Anexo I-C;Padrão;Receitas Brutas Realizadas;RO1.7.1.4.52.0.0;1.7.1.4.52.0.0 - Transferências referentes ao Programa Nacional de Alimentação Escolar ¿ PNAE;440656,00;13110
2024;Prefeitura Municipal de Serra do Mel - RN;2413359;RN;DCA-Anexo I-C;Padrão;Receitas Brutas Realizadas;RO1.7.1.4.53.0.0;1.7.1.4.53.0.0 - Transferências referentes ao Programa Nacional de Apoio ao Transporte do Escolar ¿ PNATE;203911,32;13110
2024;Prefeitura Municipal de Serra do Mel - RN;2413359;RN;DCA-Anexo I-C;Padrão;Receitas Brutas Realizadas;RO1.7.1.4.99.0.0;1.7.1.4.99.0.0 - Outras Transferências Diretas do Fundo Nacional do Desenvolvimento da Educação - FNDE;243088,70;13110
2024;Prefeitura Municipal de Serra do Mel - RN;2413359;RN;DCA-Anexo I-C;Padrão;Receitas Brutas Realizadas;RO1.7.1.5.00.0.0;1.7.1.5.00.0.0 - Transferências de Recursos de Complementação da União ao Fundo de Manutenção e Desenvolvimento da Educação Básica e de Valorização dos Profissionais da Educação ¿ FUNDEB ;2856542,38;13110
2024;Prefeitura Municipal de Serra do Mel - RN;2413359;RN;DCA-Anexo I-C;Padrão;Receitas Brutas Realizadas;RO1.7.1.6.00.0.0;1.7.1.6.00.0.0 - Transferências de Recursos do Fundo Nacional de Assistência Social ¿ FNAS;261373,48;13110
2024;Prefeitura Municipal de Serra do Mel - RN;2413359;RN;DCA-Anexo I-C;Padrão;Receitas Brutas Realizadas;RO1.7.1.9.00.0.0;1.7.1.9.00.0.0 - Outras Transferências de Recursos da União e de suas Entidades;181155,01;13110
2024;Prefeitura Municipal de Serra do Mel - RN;2413359;RN;DCA-Anexo I-C;Padrão;Receitas Brutas Realizadas;RO1.7.1.9.58.0.0;1.7.1.9.58.0.0 - Transferência Obrigatória Decorrente da Lei Complementar nº 176/2020;70251,24;13110
2024;Prefeitura Municipal de Serra do Mel - RN;2413359;RN;DCA-Anexo I-C;Padrão;Receitas Brutas Realizadas;RO1.7.1.9.60.0.0;1.7.1.9.60.0.0 - Transferências da Política Nacional Aldir Blanc de Fomento à Cultura - Lei nº 14.399/2022;110903,77;13110
2024;Prefeitura Municipal de Serra do Mel - RN;2413359;RN;DCA-Anexo I-C;Padrão;Receitas Brutas Realizadas;RO1.7.2.0.00.0.0;1.7.2.0.00.0.0 - Transferências dos Estados e do Distrito Federal e de suas Entidades;55955170,01;13110
2024;Prefeitura Municipal de Serra do Mel - RN;2413359;RN;DCA-Anexo I-C;Padrão;Deduções - FUNDEB;RO1.7.2.0.00.0.0;1.7.2.0.00.0.0 - Transferências dos Estados e do Distrito Federal e de suas Entidades;10834916,86;13110
2024;Prefeitura Municipal de Serra do Mel - RN;2413359;RN;DCA-Anexo I-C;Padrão;Receitas Brutas Realizadas;RO1.7.2.1.00.0.0;1.7.2.1.00.0.0 - Participação na Receita dos Estados e Distrito Federal;54192934,29;13110
2024;Prefeitura Municipal de Serra do Mel - RN;2413359;RN;DCA-Anexo I-C;Padrão;Deduções - FUNDEB;RO1.7.2.1.00.0.0;1.7.2.1.00.0.0 - Participação na Receita dos Estados e Distrito Federal;10834916,86;13110
2024;Prefeitura Municipal de Serra do Mel - RN;2413359;RN;DCA-Anexo I-C;Padrão;Receitas Brutas Realizadas;RO1.7.2.1.50.0.0;1.7.2.1.50.0.0 - Cota-Parte do ICMS;53395678,13;13110
2024;Prefeitura Municipal de Serra do Mel - RN;2413359;RN;DCA-Anexo I-C;Padrão;Deduções - FUNDEB;RO1.7.2.1.50.0.0;1.7.2.1.50.0.0 - Cota-Parte do ICMS;10679135,40;13110
2024;Prefeitura Municipal de Serra do Mel - RN;2413359;RN;DCA-Anexo I-C;Padrão;Receitas Brutas Realizadas;RO1.7.2.1.51.0.0;1.7.2.1.51.0.0 - Cota-Parte do IPVA;672330,17;13110
2024;Prefeitura Municipal de Serra do Mel - RN;2413359;RN;DCA-Anexo I-C;Padrão;Deduções - FUNDEB;RO1.7.2.1.51.0.0;1.7.2.1.51.0.0 - Cota-Parte do IPVA;134466,59;13110
2024;Prefeitura Municipal de Serra do Mel - RN;2413359;RN;DCA-Anexo I-C;Padrão;Receitas Brutas Realizadas;RO1.7.2.1.52.0.0;1.7.2.1.52.0.0 - Cota-Parte do IPI - Municípios;106574,24;13110
2024;Prefeitura Municipal de Serra do Mel - RN;2413359;RN;DCA-Anexo I-C;Padrão;Deduções - FUNDEB;RO1.7.2.1.52.0.0;1.7.2.1.52.0.0 - Cota-Parte do IPI - Municípios;21314,87;13110
2024;Prefeitura Municipal de Serra do Mel - RN;2413359;RN;DCA-Anexo I-C;Padrão;Receitas Brutas Realizadas;RO1.7.2.1.53.0.0;1.7.2.1.53.0.0 - Cota-Parte da Contribuição de Intervenção no Domínio Econômico;18351,75;13110
2024;Prefeitura Municipal de Serra do Mel - RN;2413359;RN;DCA-Anexo I-C;Padrão;Receitas Brutas Realizadas;RO1.7.2.2.00.0.0;1.7.2.2.00.0.0 - Transferências das Compensações Financeiras pela Exploração de Recursos Naturais;1094345,13;13110
2024;Prefeitura Municipal de Serra do Mel - RN;2413359;RN;DCA-Anexo I-C;Padrão;Receitas Brutas Realizadas;RO1.7.2.2.52.0.0;1.7.2.2.52.0.0 - Cota-parte Royalties ¿ Compensação Financeira pela Produção do Petróleo;1094345,13;13110
2024;Prefeitura Municipal de Serra do Mel - RN;2413359;RN;DCA-Anexo I-C;Padrão;Receitas Brutas Realizadas;RO1.7.2.3.00.0.0;1.7.2.3.00.0.0 - Transferências de Recursos do Sistema Único de Saúde ¿ SUS;12021,25;13110
2024;Prefeitura Municipal de Serra do Mel - RN;2413359;RN;DCA-Anexo I-C;Padrão;Receitas Brutas Realizadas;RO1.7.2.9.00.0.0;1.7.2.9.00.0.0 - Outras Transferências dos Estados e Distrito Federal;655869,34;13110
2024;Prefeitura Municipal de Serra do Mel - RN;2413359;RN;DCA-Anexo I-C;Padrão;Receitas Brutas Realizadas;RO1.7.2.9.51.0.0;1.7.2.9.51.0.0 - Transferências de Estados destinadas à Assistência Social;13000,00;13110
2024;Prefeitura Municipal de Serra do Mel - RN;2413359;RN;DCA-Anexo I-C;Padrão;Receitas Brutas Realizadas;RO1.7.2.9.52.0.0;1.7.2.9.52.0.0 - Transferências de Recursos Destinados a Programas de Educação;642869,34;13110
2024;Prefeitura Municipal de Serra do Mel - RN;2413359;RN;DCA-Anexo I-C;Padrão;Receitas Brutas Realizadas;RO1.7.4.0.00.0.0;1.7.4.0.00.0.0 - Transferências de Instituições Privadas;86703,53;13110
2024;Prefeitura Municipal de Serra do Mel - RN;2413359;RN;DCA-Anexo I-C;Padrão;Receitas Brutas Realizadas;RO1.7.4.1.00.0.0;1.7.4.1.00.0.0 - Transferências de Instituições Privadas;86703,53;13110
2024;Prefeitura Municipal de Serra do Mel - RN;2413359;RN;DCA-Anexo I-C;Padrão;Receitas Brutas Realizadas;RO1.7.4.1.99.0.0;1.7.4.1.99.0.0 - Outras Transferências de Instituições Privadas;86703,53;13110
2024;Prefeitura Municipal de Serra do Mel - RN;2413359;RN;DCA-Anexo I-C;Padrão;Receitas Brutas Realizadas;RO1.7.5.0.00.0.0;1.7.5.0.00.0.0 - Transferências de Outras Instituições Públicas;19852414,83;13110
2024;Prefeitura Municipal de Serra do Mel - RN;2413359;RN;DCA-Anexo I-C;Padrão;Receitas Brutas Realizadas;RO1.7.5.1.00.0.0;1.7.5.1.00.0.0 - Transferências de Recursos do Fundo de Manutenção e Desenvolvimento da Educação Básica e de Valorização dos Profissionais da Educação - FUNDEB;19852414,83;13110
2024;Prefeitura Municipal de Serra do Mel - RN;2413359;RN;DCA-Anexo I-C;Padrão;Receitas Brutas Realizadas;RO1.9.0.0.00.0.0;1.9.0.0.00.0.0 - Outras Receitas Correntes;48038,14;13110
2024;Prefeitura Municipal de Serra do Mel - RN;2413359;RN;DCA-Anexo I-C;Padrão;Receitas Brutas Realizadas;RO1.9.2.0.00.0.0;1.9.2.0.00.0.0 - Indenizações, Restituições e Ressarcimentos;48038,14;13110
2024;Prefeitura Municipal de Serra do Mel - RN;2413359;RN;DCA-Anexo I-C;Padrão;Receitas Brutas Realizadas;RO1.9.2.2.00.0.0;1.9.2.2.00.0.0 - Restituições;48038,14;13110
2024;Prefeitura Municipal de Serra do Mel - RN;2413359;RN;DCA-Anexo I-C;Padrão;Receitas Brutas Realizadas;RO1.9.2.2.01.0.0;1.9.2.2.01.0.0 - Restituição de Convênios;2758,72;13110
2024;Prefeitura Municipal de Serra do Mel - RN;2413359;RN;DCA-Anexo I-C;Padrão;Receitas Brutas Realizadas;RO1.9.2.2.01.1.0;1.9.2.2.01.1.0 - Restituição de Convênios - Primárias;2758,72;13110
2024;Prefeitura Municipal de Serra do Mel - RN;2413359;RN;DCA-Anexo I-C;Padrão;Receitas Brutas Realizadas;RO1.9.2.2.99.0.0;1.9.2.2.99.0.0 - Outras Restituições;45279,42;13110
2024;Prefeitura Municipal de Serra do Mel - RN;2413359;RN;DCA-Anexo I-C;Padrão;Receitas Brutas Realizadas;RO2.0.0.0.00.0.0;2.0.0.0.00.0.0 - Receitas de Capital;15532537,15;13110
2024;Prefeitura Municipal de Serra do Mel - RN;2413359;RN;DCA-Anexo I-C;Padrão;Receitas Brutas Realizadas;RO2.1.0.0.00.0.0;2.1.0.0.00.0.0 - Operações de Crédito;14000000,00;13110
2024;Prefeitura Municipal de Serra do Mel - RN;2413359;RN;DCA-Anexo I-C;Padrão;Receitas Brutas Realizadas;RO2.1.1.0.00.0.0;2.1.1.0.00.0.0 - Operações de Crédito - Mercado Interno;14000000,00;13110
2024;Prefeitura Municipal de Serra do Mel - RN;2413359;RN;DCA-Anexo I-C;Padrão;Receitas Brutas Realizadas;RO2.1.1.9.00.0.0;2.1.1.9.00.0.0 - Outras Operações de Crédito - Mercado Interno;14000000,00;13110
2024;Prefeitura Municipal de Serra do Mel - RN;2413359;RN;DCA-Anexo I-C;Padrão;Receitas Brutas Realizadas;RO2.4.0.0.00.0.0;2.4.0.0.00.0.0 - Transferências de Capital;1532537,15;13110
2024;Prefeitura Municipal de Serra do Mel - RN;2413359;RN;DCA-Anexo I-C;Padrão;Receitas Brutas Realizadas;RO2.4.1.0.00.0.0;2.4.1.0.00.0.0 - Transferências da União e de suas Entidades;1532537,15;13110
2024;Prefeitura Municipal de Serra do Mel - RN;2413359;RN;DCA-Anexo I-C;Padrão;Receitas Brutas Realizadas;RO2.4.1.4.00.0.0;2.4.1.4.00.0.0 - Transferências de Convênios da União e de suas Entidades ;1532537,15;13110
2024;Prefeitura Municipal de Serra do Mel - RN;2413359;RN;DCA-Anexo I-C;Padrão;Receitas Brutas Realizadas;RO2.4.1.4.99.0.0;2.4.1.4.99.0.0 - Outras Transferências de Convênios da União e de Suas Entidades;1532537,15;13110
2024;Prefeitura Municipal de Serra do Mel - RN;2413359;RN;DCA-Anexo I-C;Padrão;Receitas Brutas Realizadas;TotalReceitas;TOTAL DAS RECEITAS (III) = (I + II);177201592,91;13110
2024;Prefeitura Municipal de Serra do Mel - RN;2413359;RN;DCA-Anexo I-C;Padrão;Deduções - FUNDEB;TotalReceitas;TOTAL DAS RECEITAS (III) = (I + II);15254031,13;13110
