exercicio;instituicao;cod_ibge;uf;anexo;rotulo;coluna;cod_conta;conta;valor;populacao
2014;Prefeitura Municipal de Espera Feliz - MG;3124203;MG;DCA-Anexo I-C;NA;Receitas Brutas Realizadas;TotalReceitas;Total Receitas;44886588,11;24287
2014;Prefeitura Municipal de Espera Feliz - MG;3124203;MG;DCA-Anexo I-C;NA;Deduções - FUNDEB;TotalReceitas;Total Receitas;4566432,63;24287
2014;Prefeitura Municipal de Espera Feliz - MG;3124203;MG;DCA-Anexo I-C;NA;Receitas Brutas Realizadas;RO1.0.0.0.00.00.00;1.0.0.0.00.00.00 - Receitas Correntes;40532614,13;24287
2014;Prefeitura Municipal de Espera Feliz - MG;3124203;MG;DCA-Anexo I-C;NA;Deduções - FUNDEB;RO1.0.0.0.00.00.00;1.0.0.0.00.00.00 - Receitas Correntes;4566432,63;24287
2014;Prefeitura Municipal de Espera Feliz - MG;3124203;MG;DCA-Anexo I-C;NA;Receitas Brutas Realizadas;RO1.1.0.0.00.00.00;1.1.0.0.00.00.00 - Receita Tributária;1977988,97;24287
2014;Prefeitura Municipal de Espera Feliz - MG;3124203;MG;DCA-Anexo I-C;NA;Receitas Brutas Realizadas;RO1.1.1.0.00.00.00;1.1.1.0.00.00.00 - Impostos;1476663,70;24287
2014;Prefeitura Municipal de Espera Feliz - MG;3124203;MG;DCA-Anexo I-C;NA;Receitas Brutas Realizadas;RO1.1.1.2.00.00.00;1.1.1.2.00.00.00 - Impostos sobre o Patrimônio e a Renda;762897,91;24287
2014;Prefeitura Municipal de Espera Feliz - MG;3124203;MG;DCA-Anexo I-C;NA;Receitas Brutas Realizadas;RO1.1.1.2.02.00.00;1.1.1.2.02.00.00 - Imposto sobre a Propriedade Predial e Territorial Urbana ¿ IPTU;131594,04;24287
2014;Prefeitura Municipal de Espera Feliz - MG;3124203;MG;DCA-Anexo I-C;NA;Receitas Brutas Realizadas;RO1.1.1.2.04.00.00;1.1.1.2.04.00.00 - Imposto sobre a Renda e Proventos de Qualquer Natureza ¿ IR;355565,71;24287
2014;Prefeitura Municipal de Espera Feliz - MG;3124203;MG;DCA-Anexo I-C;NA;Receitas Brutas Realizadas;RO1.1.1.2.04.31.00;1.1.1.2.04.31.00 - Retido nas Fontes - Trabalho;327289,03;24287
2014;Prefeitura Municipal de Espera Feliz - MG;3124203;MG;DCA-Anexo I-C;NA;Receitas Brutas Realizadas;RO1.1.1.2.04.34.00;1.1.1.2.04.34.00 - Retido nas Fontes - Outros Rendimentos;28276,68;24287
2014;Prefeitura Municipal de Espera Feliz - MG;3124203;MG;DCA-Anexo I-C;NA;Receitas Brutas Realizadas;RO1.1.1.2.08.00.00;"1.1.1.2.08.00.00 - Imposto sobre Transmissão ""Inter Vivos"" de Bens Imóveis e de Direitos Reais sobre Imóveis ¿ ITBI";275738,16;24287
2014;Prefeitura Municipal de Espera Feliz - MG;3124203;MG;DCA-Anexo I-C;NA;Receitas Brutas Realizadas;RO1.1.1.3.00.00.00;1.1.1.3.00.00.00 - Impostos sobre a Produção e a Circulação;713765,79;24287
2014;Prefeitura Municipal de Espera Feliz - MG;3124203;MG;DCA-Anexo I-C;NA;Receitas Brutas Realizadas;RO1.1.1.3.05.00.00;1.1.1.3.05.00.00 - Imposto sobre Serviços de Qualquer Natureza ¿ ISSQN;713765,79;24287
2014;Prefeitura Municipal de Espera Feliz - MG;3124203;MG;DCA-Anexo I-C;NA;Receitas Brutas Realizadas;RO1.1.2.0.00.00.00;1.1.2.0.00.00.00 - Taxas;501325,27;24287
2014;Prefeitura Municipal de Espera Feliz - MG;3124203;MG;DCA-Anexo I-C;NA;Receitas Brutas Realizadas;RO1.1.2.1.00.00.00;1.1.2.1.00.00.00 - Taxas pelo Exercício do Poder de Polícia;206593,93;24287
2014;Prefeitura Municipal de Espera Feliz - MG;3124203;MG;DCA-Anexo I-C;NA;Receitas Brutas Realizadas;RO1.1.2.2.00.00.00;1.1.2.2.00.00.00 - Taxas pela Prestação de Serviços;294731,34;24287
2014;Prefeitura Municipal de Espera Feliz - MG;3124203;MG;DCA-Anexo I-C;NA;Receitas Brutas Realizadas;RO1.2.0.0.00.00.00;1.2.0.0.00.00.00 - Receitas de Contribuições;1379124,58;24287
2014;Prefeitura Municipal de Espera Feliz - MG;3124203;MG;DCA-Anexo I-C;NA;Receitas Brutas Realizadas;RO1.2.1.0.00.00.00;1.2.1.0.00.00.00 - Contribuições Sociais;654882,63;24287
2014;Prefeitura Municipal de Espera Feliz - MG;3124203;MG;DCA-Anexo I-C;NA;Receitas Brutas Realizadas;RO1.2.1.0.29.00.00;1.2.1.0.29.00.00 - Contribuições para o Regime Próprio de Previdência do Servidor Público;654882,63;24287
2014;Prefeitura Municipal de Espera Feliz - MG;3124203;MG;DCA-Anexo I-C;NA;Receitas Brutas Realizadas;RO1.2.1.0.29.07.00;1.2.1.0.29.07.00 - Contribuição do Servidor Ativo Civil para o Regime Próprio;654882,63;24287
2014;Prefeitura Municipal de Espera Feliz - MG;3124203;MG;DCA-Anexo I-C;NA;Receitas Brutas Realizadas;RO1.2.3.0.00.00.00;1.2.3.0.00.00.00 - Contribuição para Custeio do Serviço de Iluminação Pública;724241,95;24287
2014;Prefeitura Municipal de Espera Feliz - MG;3124203;MG;DCA-Anexo I-C;NA;Receitas Brutas Realizadas;RO1.3.0.0.00.00.00;1.3.0.0.00.00.00 - Receita Patrimonial;972378,42;24287
2014;Prefeitura Municipal de Espera Feliz - MG;3124203;MG;DCA-Anexo I-C;NA;Receitas Brutas Realizadas;RO1.3.2.0.00.00.00;1.3.2.0.00.00.00 - Receitas de Valores Mobiliários;972378,42;24287
2014;Prefeitura Municipal de Espera Feliz - MG;3124203;MG;DCA-Anexo I-C;NA;Receitas Brutas Realizadas;RO1.3.2.2.00.00.00;1.3.2.2.00.00.00 - Dividendos;604,65;24287
2014;Prefeitura Municipal de Espera Feliz - MG;3124203;MG;DCA-Anexo I-C;NA;Receitas Brutas Realizadas;RO1.3.2.5.00.00.00;1.3.2.5.00.00.00 - Remuneração de Depósitos Bancários;271412,93;24287
2014;Prefeitura Municipal de Espera Feliz - MG;3124203;MG;DCA-Anexo I-C;NA;Receitas Brutas Realizadas;RO1.3.2.8.00.00.00;1.3.2.8.00.00.00 - Remuneração dos Investimentos do Regime Próprio de Previdência do Servidor;700360,84;24287
2014;Prefeitura Municipal de Espera Feliz - MG;3124203;MG;DCA-Anexo I-C;NA;Receitas Brutas Realizadas;RO1.6.0.0.00.00.00;1.6.0.0.00.00.00 - Receita de Serviços;218230,19;24287
2014;Prefeitura Municipal de Espera Feliz - MG;3124203;MG;DCA-Anexo I-C;NA;Receitas Brutas Realizadas;RO1.6.0.0.13.00.00;1.6.0.0.13.00.00 - Serviços Administrativos;10,40;24287
2014;Prefeitura Municipal de Espera Feliz - MG;3124203;MG;DCA-Anexo I-C;NA;Receitas Brutas Realizadas;RO1.6.0.0.99.00.00;1.6.0.0.99.00.00 - Demais Receitas de Serviços;218219,79;24287
2014;Prefeitura Municipal de Espera Feliz - MG;3124203;MG;DCA-Anexo I-C;NA;Receitas Brutas Realizadas;RO1.7.0.0.00.00.00;1.7.0.0.00.00.00 - Transferências Correntes;35525070,16;24287
2014;Prefeitura Municipal de Espera Feliz - MG;3124203;MG;DCA-Anexo I-C;NA;Deduções - FUNDEB;RO1.7.0.0.00.00.00;1.7.0.0.00.00.00 - Transferências Correntes;4566432,63;24287
2014;Prefeitura Municipal de Espera Feliz - MG;3124203;MG;DCA-Anexo I-C;NA;Receitas Brutas Realizadas;RO1.7.2.0.00.00.00;1.7.2.0.00.00.00 - Transferências Intergovernamentais;34599446,83;24287
2014;Prefeitura Municipal de Espera Feliz - MG;3124203;MG;DCA-Anexo I-C;NA;Deduções - FUNDEB;RO1.7.2.0.00.00.00;1.7.2.0.00.00.00 - Transferências Intergovernamentais;4566432,63;24287
2014;Prefeitura Municipal de Espera Feliz - MG;3124203;MG;DCA-Anexo I-C;NA;Receitas Brutas Realizadas;RO1.7.2.1.00.00.00;1.7.2.1.00.00.00 - Transferências da União;21785138,73;24287
2014;Prefeitura Municipal de Espera Feliz - MG;3124203;MG;DCA-Anexo I-C;NA;Deduções - FUNDEB;RO1.7.2.1.00.00.00;1.7.2.1.00.00.00 - Transferências da União;3111802,38;24287
2014;Prefeitura Municipal de Espera Feliz - MG;3124203;MG;DCA-Anexo I-C;NA;Receitas Brutas Realizadas;RO1.7.2.1.01.00.00;1.7.2.1.01.00.00 - Participação na Receita da União;16210050,53;24287
2014;Prefeitura Municipal de Espera Feliz - MG;3124203;MG;DCA-Anexo I-C;NA;Deduções - FUNDEB;RO1.7.2.1.01.00.00;1.7.2.1.01.00.00 - Participação na Receita da União;3104391,54;24287
2014;Prefeitura Municipal de Espera Feliz - MG;3124203;MG;DCA-Anexo I-C;NA;Receitas Brutas Realizadas;RO1.7.2.1.01.02.00;1.7.2.1.01.02.00 - Cota-Parte do Fundo de Participação dos Municípios ¿ FPM;16201224,84;24287
2014;Prefeitura Municipal de Espera Feliz - MG;3124203;MG;DCA-Anexo I-C;NA;Deduções - FUNDEB;RO1.7.2.1.01.02.00;1.7.2.1.01.02.00 - Cota-Parte do Fundo de Participação dos Municípios ¿ FPM;3102626,54;24287
2014;Prefeitura Municipal de Espera Feliz - MG;3124203;MG;DCA-Anexo I-C;NA;Receitas Brutas Realizadas;RO1.7.2.1.01.05.00;1.7.2.1.01.05.00 - Cota-Parte do Imposto Sobre a Propriedade Territorial Rural ¿ ITR;8825,69;24287
2014;Prefeitura Municipal de Espera Feliz - MG;3124203;MG;DCA-Anexo I-C;NA;Deduções - FUNDEB;RO1.7.2.1.01.05.00;1.7.2.1.01.05.00 - Cota-Parte do Imposto Sobre a Propriedade Territorial Rural ¿ ITR;1765,00;24287
2014;Prefeitura Municipal de Espera Feliz - MG;3124203;MG;DCA-Anexo I-C;NA;Receitas Brutas Realizadas;RO1.7.2.1.22.00.00;1.7.2.1.22.00.00 - Transferências da Compensação Financeira pela Exploração de Recursos Naturais;241883,63;24287
2014;Prefeitura Municipal de Espera Feliz - MG;3124203;MG;DCA-Anexo I-C;NA;Receitas Brutas Realizadas;RO1.7.2.1.22.70.00;1.7.2.1.22.70.00 - Cota-Parte do Fundo Especial do Petróleo ¿ FEP;241883,63;24287
2014;Prefeitura Municipal de Espera Feliz - MG;3124203;MG;DCA-Anexo I-C;NA;Receitas Brutas Realizadas;RO1.7.2.1.33.00.00;1.7.2.1.33.00.00 - Transferências de Recursos do Sistema Único de Saúde - SUS - Repasses Fundo a Fundo;3674712,90;24287
2014;Prefeitura Municipal de Espera Feliz - MG;3124203;MG;DCA-Anexo I-C;NA;Receitas Brutas Realizadas;RO1.7.2.1.34.00.00;1.7.2.1.34.00.00 - Transferências de Recursos do Fundo Nacional de Assistência Social ¿ FNAS;372203,63;24287
2014;Prefeitura Municipal de Espera Feliz - MG;3124203;MG;DCA-Anexo I-C;NA;Receitas Brutas Realizadas;RO1.7.2.1.35.00.00;1.7.2.1.35.00.00 - Transferências de Recursos do Fundo Nacional do Desenvolvimento da Educação ¿ FNDE;878904,32;24287
2014;Prefeitura Municipal de Espera Feliz - MG;3124203;MG;DCA-Anexo I-C;NA;Receitas Brutas Realizadas;RO1.7.2.1.36.00.00;1.7.2.1.36.00.00 - Transferências Financeiras do ICMS ¿ Desoneração ¿ L.C. Nº 87/96;37054,20;24287
2014;Prefeitura Municipal de Espera Feliz - MG;3124203;MG;DCA-Anexo I-C;NA;Deduções - FUNDEB;RO1.7.2.1.36.00.00;1.7.2.1.36.00.00 - Transferências Financeiras do ICMS ¿ Desoneração ¿ L.C. Nº 87/96;7410,84;24287
2014;Prefeitura Municipal de Espera Feliz - MG;3124203;MG;DCA-Anexo I-C;NA;Receitas Brutas Realizadas;RO1.7.2.1.99.00.00;1.7.2.1.99.00.00 - Outras Transferências da União;370329,52;24287
2014;Prefeitura Municipal de Espera Feliz - MG;3124203;MG;DCA-Anexo I-C;NA;Receitas Brutas Realizadas;RO1.7.2.2.00.00.00;1.7.2.2.00.00.00 - Transferências dos Estados;7571718,96;24287
2014;Prefeitura Municipal de Espera Feliz - MG;3124203;MG;DCA-Anexo I-C;NA;Deduções - FUNDEB;RO1.7.2.2.00.00.00;1.7.2.2.00.00.00 - Transferências dos Estados;1454630,25;24287
2014;Prefeitura Municipal de Espera Feliz - MG;3124203;MG;DCA-Anexo I-C;NA;Receitas Brutas Realizadas;RO1.7.2.2.01.00.00;1.7.2.2.01.00.00 - Participação na Receita dos Estados;7277066,38;24287
2014;Prefeitura Municipal de Espera Feliz - MG;3124203;MG;DCA-Anexo I-C;NA;Deduções - FUNDEB;RO1.7.2.2.01.00.00;1.7.2.2.01.00.00 - Participação na Receita dos Estados;1454630,25;24287
2014;Prefeitura Municipal de Espera Feliz - MG;3124203;MG;DCA-Anexo I-C;NA;Receitas Brutas Realizadas;RO1.7.2.2.01.01.00;1.7.2.2.01.01.00 - Cota-Parte do ICMS;5698845,86;24287
2014;Prefeitura Municipal de Espera Feliz - MG;3124203;MG;DCA-Anexo I-C;NA;Deduções - FUNDEB;RO1.7.2.2.01.01.00;1.7.2.2.01.01.00 - Cota-Parte do ICMS;1139768,93;24287
2014;Prefeitura Municipal de Espera Feliz - MG;3124203;MG;DCA-Anexo I-C;NA;Receitas Brutas Realizadas;RO1.7.2.2.01.02.00;1.7.2.2.01.02.00 - Cota-Parte do IPVA;1470271,87;24287
2014;Prefeitura Municipal de Espera Feliz - MG;3124203;MG;DCA-Anexo I-C;NA;Deduções - FUNDEB;RO1.7.2.2.01.02.00;1.7.2.2.01.02.00 - Cota-Parte do IPVA;294053,23;24287
2014;Prefeitura Municipal de Espera Feliz - MG;3124203;MG;DCA-Anexo I-C;NA;Receitas Brutas Realizadas;RO1.7.2.2.01.04.00;1.7.2.2.01.04.00 - Cota-Parte do IPI sobre Exportação;104044,34;24287
2014;Prefeitura Municipal de Espera Feliz - MG;3124203;MG;DCA-Anexo I-C;NA;Deduções - FUNDEB;RO1.7.2.2.01.04.00;1.7.2.2.01.04.00 - Cota-Parte do IPI sobre Exportação;20808,09;24287
2014;Prefeitura Municipal de Espera Feliz - MG;3124203;MG;DCA-Anexo I-C;NA;Receitas Brutas Realizadas;RO1.7.2.2.01.13.00;1.7.2.2.01.13.00 - Cota-Parte da Contribuição de Intervenção no Domínio Econômico;3904,31;24287
2014;Prefeitura Municipal de Espera Feliz - MG;3124203;MG;DCA-Anexo I-C;NA;Receitas Brutas Realizadas;RO1.7.2.2.22.00.00;1.7.2.2.22.00.00 - Transferências da Cota-Parte da Compensação Financeira (25%);19815,98;24287
2014;Prefeitura Municipal de Espera Feliz - MG;3124203;MG;DCA-Anexo I-C;NA;Receitas Brutas Realizadas;RO1.7.2.2.22.20.00;1.7.2.2.22.20.00 - Cota-Parte da Compensação Financeira de Recursos Minerais - CFEM;19815,98;24287
2014;Prefeitura Municipal de Espera Feliz - MG;3124203;MG;DCA-Anexo I-C;NA;Receitas Brutas Realizadas;RO1.7.2.2.33.00.00;1.7.2.2.33.00.00 - Transferências de Recursos do Estado para Programas de Saúde - Repasse Fundo a Fundo;274836,60;24287
2014;Prefeitura Municipal de Espera Feliz - MG;3124203;MG;DCA-Anexo I-C;NA;Receitas Brutas Realizadas;RO1.7.2.3.00.00.00;1.7.2.3.00.00.00 - Transferências dos Municípios;28000,00;24287
2014;Prefeitura Municipal de Espera Feliz - MG;3124203;MG;DCA-Anexo I-C;NA;Receitas Brutas Realizadas;RO1.7.2.3.99.00.00;1.7.2.3.99.00.00 - Outras Transferências dos Municípios;28000,00;24287
2014;Prefeitura Municipal de Espera Feliz - MG;3124203;MG;DCA-Anexo I-C;NA;Receitas Brutas Realizadas;RO1.7.2.4.00.00.00;1.7.2.4.00.00.00 - Transferências Multigovernamentais;5214589,14;24287
2014;Prefeitura Municipal de Espera Feliz - MG;3124203;MG;DCA-Anexo I-C;NA;Receitas Brutas Realizadas;RO1.7.2.4.01.00.00;1.7.2.4.01.00.00 - Transferências de Recursos do Fundo de Manutenção e Desenvolvimento do Ensino Fundamental e de Valorização do Magistério - FUNDEB;5214589,14;24287
2014;Prefeitura Municipal de Espera Feliz - MG;3124203;MG;DCA-Anexo I-C;NA;Receitas Brutas Realizadas;RO1.7.6.0.00.00.00;1.7.6.0.00.00.00 - Transferências de Convênios;925623,33;24287
2014;Prefeitura Municipal de Espera Feliz - MG;3124203;MG;DCA-Anexo I-C;NA;Receitas Brutas Realizadas;RO1.7.6.1.00.00.00;1.7.6.1.00.00.00 - Transferências de Convênios da União e de Suas Entidades;234962,80;24287
2014;Prefeitura Municipal de Espera Feliz - MG;3124203;MG;DCA-Anexo I-C;NA;Receitas Brutas Realizadas;RO1.7.6.1.01.00.00;1.7.6.1.01.00.00 - Transferências de Convênios da União para o Sistema Único de Saúde - SUS;102250,00;24287
2014;Prefeitura Municipal de Espera Feliz - MG;3124203;MG;DCA-Anexo I-C;NA;Receitas Brutas Realizadas;RO1.7.6.1.99.00.00;1.7.6.1.99.00.00 - Outras Transferências de Convênios da União;132712,80;24287
2014;Prefeitura Municipal de Espera Feliz - MG;3124203;MG;DCA-Anexo I-C;NA;Receitas Brutas Realizadas;RO1.7.6.2.00.00.00;1.7.6.2.00.00.00 - Transferências de Convênios dos Estados e do Distrito Federal e de Suas Entidades;690660,53;24287
2014;Prefeitura Municipal de Espera Feliz - MG;3124203;MG;DCA-Anexo I-C;NA;Receitas Brutas Realizadas;RO1.7.6.2.01.00.00;1.7.6.2.01.00.00 - Transferências de Convênios dos Estados para o Sistema Único de Saúde - SUS;100000,00;24287
2014;Prefeitura Municipal de Espera Feliz - MG;3124203;MG;DCA-Anexo I-C;NA;Receitas Brutas Realizadas;RO1.7.6.2.02.00.00;1.7.6.2.02.00.00 - Transferências de Convênios dos Estados Destinadas a Programas de Educação;361120,53;24287
2014;Prefeitura Municipal de Espera Feliz - MG;3124203;MG;DCA-Anexo I-C;NA;Receitas Brutas Realizadas;RO1.7.6.2.99.00.00;1.7.6.2.99.00.00 - Outras Transferências de Convênios dos Estados;229540,00;24287
2014;Prefeitura Municipal de Espera Feliz - MG;3124203;MG;DCA-Anexo I-C;NA;Receitas Brutas Realizadas;RO1.9.0.0.00.00.00;1.9.0.0.00.00.00 - Outras Receitas Correntes;459821,81;24287
2014;Prefeitura Municipal de Espera Feliz - MG;3124203;MG;DCA-Anexo I-C;NA;Receitas Brutas Realizadas;RO1.9.1.0.00.00.00;1.9.1.0.00.00.00 - Multas e Juros de Mora;51558,27;24287
2014;Prefeitura Municipal de Espera Feliz - MG;3124203;MG;DCA-Anexo I-C;NA;Receitas Brutas Realizadas;RO1.9.1.1.00.00.00;1.9.1.1.00.00.00 - Multas e Juros de Mora dos Tributos;3977,18;24287
2014;Prefeitura Municipal de Espera Feliz - MG;3124203;MG;DCA-Anexo I-C;NA;Receitas Brutas Realizadas;RO1.9.1.3.00.00.00;1.9.1.3.00.00.00 - Multas e Juros de Mora da Dívida Ativa dos Tributos;13189,91;24287
2014;Prefeitura Municipal de Espera Feliz - MG;3124203;MG;DCA-Anexo I-C;NA;Receitas Brutas Realizadas;RO1.9.1.9.00.00.00;1.9.1.9.00.00.00 - Multas de Outras Origens;34391,18;24287
2014;Prefeitura Municipal de Espera Feliz - MG;3124203;MG;DCA-Anexo I-C;NA;Receitas Brutas Realizadas;RO1.9.2.0.00.00.00;1.9.2.0.00.00.00 - Indenizações e Restituições;74228,92;24287
2014;Prefeitura Municipal de Espera Feliz - MG;3124203;MG;DCA-Anexo I-C;NA;Receitas Brutas Realizadas;RO1.9.2.2.00.00.00;1.9.2.2.00.00.00 - Restituições;74228,92;24287
2014;Prefeitura Municipal de Espera Feliz - MG;3124203;MG;DCA-Anexo I-C;NA;Receitas Brutas Realizadas;RO1.9.2.2.99.00.00;1.9.2.2.99.00.00 - Outras Restituições;74228,92;24287
2014;Prefeitura Municipal de Espera Feliz - MG;3124203;MG;DCA-Anexo I-C;NA;Receitas Brutas Realizadas;RO1.9.3.0.00.00.00;1.9.3.0.00.00.00 - Receita da Dívida Ativa;177778,82;24287
2014;Prefeitura Municipal de Espera Feliz - MG;3124203;MG;DCA-Anexo I-C;NA;Receitas Brutas Realizadas;RO1.9.3.1.00.00.00;1.9.3.1.00.00.00 - Receita da Dívida Ativa Tributária;177778,82;24287
2014;Prefeitura Municipal de Espera Feliz - MG;3124203;MG;DCA-Anexo I-C;NA;Receitas Brutas Realizadas;RO1.9.9.0.00.00.00;1.9.9.0.00.00.00 - Receitas Diversas;156255,80;24287
2014;Prefeitura Municipal de Espera Feliz - MG;3124203;MG;DCA-Anexo I-C;NA;Receitas Brutas Realizadas;RO2.0.0.0.00.00.00;2.0.0.0.00.00.00 - Receitas de Capital;2932264,52;24287
2014;Prefeitura Municipal de Espera Feliz - MG;3124203;MG;DCA-Anexo I-C;NA;Receitas Brutas Realizadas;RO2.1.0.0.00.00.00;2.1.0.0.00.00.00 - Operações de Crédito;465965,03;24287
2014;Prefeitura Municipal de Espera Feliz - MG;3124203;MG;DCA-Anexo I-C;NA;Receitas Brutas Realizadas;RO2.1.1.0.00.00.00;2.1.1.0.00.00.00 - Operações de Crédito Internas;465965,03;24287
2014;Prefeitura Municipal de Espera Feliz - MG;3124203;MG;DCA-Anexo I-C;NA;Receitas Brutas Realizadas;RO2.2.0.0.00.00.00;2.2.0.0.00.00.00 - Alienação de Bens;38400,00;24287
2014;Prefeitura Municipal de Espera Feliz - MG;3124203;MG;DCA-Anexo I-C;NA;Receitas Brutas Realizadas;RO2.2.1.0.00.00.00;2.2.1.0.00.00.00 - Alienação de Bens Móveis;38400,00;24287
2014;Prefeitura Municipal de Espera Feliz - MG;3124203;MG;DCA-Anexo I-C;NA;Receitas Brutas Realizadas;RO2.4.0.0.00.00.00;2.4.0.0.00.00.00 - Transferências de Capital;2427899,49;24287
2014;Prefeitura Municipal de Espera Feliz - MG;3124203;MG;DCA-Anexo I-C;NA;Receitas Brutas Realizadas;RO2.4.2.0.00.00.00;2.4.2.0.00.00.00 - Transferências Intergovernamentais;558789,58;24287
2014;Prefeitura Municipal de Espera Feliz - MG;3124203;MG;DCA-Anexo I-C;NA;Receitas Brutas Realizadas;RO2.4.2.1.00.00.00;2.4.2.1.00.00.00 - Transferências da União;558789,58;24287
2014;Prefeitura Municipal de Espera Feliz - MG;3124203;MG;DCA-Anexo I-C;NA;Receitas Brutas Realizadas;RO2.4.2.1.02.00.00;2.4.2.1.02.00.00 - Transferências de Recursos Destinados a Programas de Educação;558789,58;24287
2014;Prefeitura Municipal de Espera Feliz - MG;3124203;MG;DCA-Anexo I-C;NA;Receitas Brutas Realizadas;RO2.4.7.0.00.00.00;2.4.7.0.00.00.00 - Transferências de Convênios;1869109,91;24287
2014;Prefeitura Municipal de Espera Feliz - MG;3124203;MG;DCA-Anexo I-C;NA;Receitas Brutas Realizadas;RO2.4.7.1.00.00.00;2.4.7.1.00.00.00 - Transferências de Convênios da União e de suas Entidades;700109,91;24287
2014;Prefeitura Municipal de Espera Feliz - MG;3124203;MG;DCA-Anexo I-C;NA;Receitas Brutas Realizadas;RO2.4.7.1.05.00.00;2.4.7.1.05.00.00 - Transferências de Convênios da União Destinadas a Programas de Infraestrutura em Transporte;394200,00;24287
2014;Prefeitura Municipal de Espera Feliz - MG;3124203;MG;DCA-Anexo I-C;NA;Receitas Brutas Realizadas;RO2.4.7.1.99.00.00;2.4.7.1.99.00.00 - Outras Transferências de Convênios da União;305909,91;24287
2014;Prefeitura Municipal de Espera Feliz - MG;3124203;MG;DCA-Anexo I-C;NA;Receitas Brutas Realizadas;RO2.4.7.2.00.00.00;2.4.7.2.00.00.00 - Transferências de Convênios dos Estados e do Distrito Federal e de suas Entidades;1169000,00;24287
2014;Prefeitura Municipal de Espera Feliz - MG;3124203;MG;DCA-Anexo I-C;NA;Receitas Brutas Realizadas;RO2.4.7.2.01.00.00;2.4.7.2.01.00.00 - Transferências de Convênios dos Estados para o Sistema Único de Saúde - SUS;245000,00;24287
2014;Prefeitura Municipal de Espera Feliz - MG;3124203;MG;DCA-Anexo I-C;NA;Receitas Brutas Realizadas;RO2.4.7.2.02.00.00;2.4.7.2.02.00.00 - Transferências de Convênios dos Estados Destinadas a Programas de Educação;50000,00;24287
2014;Prefeitura Municipal de Espera Feliz - MG;3124203;MG;DCA-Anexo I-C;NA;Receitas Brutas Realizadas;RO2.4.7.2.05.00.00;2.4.7.2.05.00.00 - Transferências de Convênios dos Estados Destinadas a Programas de Infraestrutura em Transporte;840000,00;24287
2014;Prefeitura Municipal de Espera Feliz - MG;3124203;MG;DCA-Anexo I-C;NA;Receitas Brutas Realizadas;RO2.4.7.2.99.00.00;2.4.7.2.99.00.00 - Outras Transferências de Convênios dos Estados;34000,00;24287
2014;Prefeitura Municipal de Espera Feliz - MG;3124203;MG;DCA-Anexo I-C;NA;Receitas Brutas Realizadas;RI7.0.0.0.00.00.00;7.0.0.0.00.00.00 - Receitas Correntes Intraorçamentárias;1421709,46;24287
2014;Prefeitura Municipal de Espera Feliz - MG;3124203;MG;DCA-Anexo I-C;NA;Receitas Brutas Realizadas;RI7.2.0.0.00.00.00;7.2.0.0.00.00.00 - Receitas de Contribuições Intraorçamentárias;1421709,46;24287
2014;Prefeitura Municipal de Espera Feliz - MG;3124203;MG;DCA-Anexo I-C;NA;Receitas Brutas Realizadas;RI7.2.1.0.00.00.00;7.2.1.0.00.00.00 - Contribuições Sociais Intraorçamentárias;1421709,46;24287
2014;Prefeitura Municipal de Espera Feliz - MG;3124203;MG;DCA-Anexo I-C;NA;Receitas Brutas Realizadas;RI7.2.1.0.29.00.00;7.2.1.0.29.00.00 - Contribuições para o Regime Próprio de Previdência do Servidor Público Intraorçamentárias;1421709,46;24287
2014;Prefeitura Municipal de Espera Feliz - MG;3124203;MG;DCA-Anexo I-C;NA;Receitas Brutas Realizadas;RI7.2.1.0.29.01.00;7.2.1.0.29.01.00 - Contribuição Patronal de Servidor Ativo Civil para o Regime Próprio Intraorçamentária;1421709,46;24287
2015;Prefeitura Municipal de Espera Feliz - MG;3124203;MG;DCA-Anexo I-C;NA;Receitas Brutas Realizadas;TotalReceitas;Total Receitas;45135318,11;24287
2015;Prefeitura Municipal de Espera Feliz - MG;3124203;MG;DCA-Anexo I-C;NA;Deduções - FUNDEB;TotalReceitas;Total Receitas;4578894,43;24287
2015;Prefeitura Municipal de Espera Feliz - MG;3124203;MG;DCA-Anexo I-C;NA;Receitas Brutas Realizadas;RO1.0.0.0.00.00.00;1.0.0.0.00.00.00 - Receitas Correntes;41915218,82;24287
2015;Prefeitura Municipal de Espera Feliz - MG;3124203;MG;DCA-Anexo I-C;NA;Deduções - FUNDEB;RO1.0.0.0.00.00.00;1.0.0.0.00.00.00 - Receitas Correntes;4578894,43;24287
2015;Prefeitura Municipal de Espera Feliz - MG;3124203;MG;DCA-Anexo I-C;NA;Receitas Brutas Realizadas;RO1.1.0.0.00.00.00;1.1.0.0.00.00.00 - Receita Tributária;2287757,40;24287
2015;Prefeitura Municipal de Espera Feliz - MG;3124203;MG;DCA-Anexo I-C;NA;Receitas Brutas Realizadas;RO1.1.1.0.00.00.00;1.1.1.0.00.00.00 - Impostos;1965008,56;24287
2015;Prefeitura Municipal de Espera Feliz - MG;3124203;MG;DCA-Anexo I-C;NA;Receitas Brutas Realizadas;RO1.1.1.2.00.00.00;1.1.1.2.00.00.00 - Impostos sobre o Patrimônio e a Renda;1229085,98;24287
2015;Prefeitura Municipal de Espera Feliz - MG;3124203;MG;DCA-Anexo I-C;NA;Receitas Brutas Realizadas;RO1.1.1.2.02.00.00;1.1.1.2.02.00.00 - Imposto sobre a Propriedade Predial e Territorial Urbana ¿ IPTU;169327,92;24287
2015;Prefeitura Municipal de Espera Feliz - MG;3124203;MG;DCA-Anexo I-C;NA;Receitas Brutas Realizadas;RO1.1.1.2.04.00.00;1.1.1.2.04.00.00 - Imposto sobre a Renda e Proventos de Qualquer Natureza ¿ IR;642313,70;24287
2015;Prefeitura Municipal de Espera Feliz - MG;3124203;MG;DCA-Anexo I-C;NA;Receitas Brutas Realizadas;RO1.1.1.2.04.31.00;1.1.1.2.04.31.00 - Retido nas Fontes - Trabalho;637592,50;24287
2015;Prefeitura Municipal de Espera Feliz - MG;3124203;MG;DCA-Anexo I-C;NA;Receitas Brutas Realizadas;RO1.1.1.2.04.34.00;1.1.1.2.04.34.00 - Retido nas Fontes - Outros Rendimentos;4721,20;24287
2015;Prefeitura Municipal de Espera Feliz - MG;3124203;MG;DCA-Anexo I-C;NA;Receitas Brutas Realizadas;RO1.1.1.2.08.00.00;"1.1.1.2.08.00.00 - Imposto sobre Transmissão ""Inter Vivos"" de Bens Imóveis e de Direitos Reais sobre Imóveis ¿ ITBI";417444,36;24287
2015;Prefeitura Municipal de Espera Feliz - MG;3124203;MG;DCA-Anexo I-C;NA;Receitas Brutas Realizadas;RO1.1.1.3.00.00.00;1.1.1.3.00.00.00 - Impostos sobre a Produção e a Circulação;735922,58;24287
2015;Prefeitura Municipal de Espera Feliz - MG;3124203;MG;DCA-Anexo I-C;NA;Receitas Brutas Realizadas;RO1.1.1.3.05.00.00;1.1.1.3.05.00.00 - Imposto sobre Serviços de Qualquer Natureza ¿ ISSQN;735922,58;24287
2015;Prefeitura Municipal de Espera Feliz - MG;3124203;MG;DCA-Anexo I-C;NA;Receitas Brutas Realizadas;RO1.1.2.0.00.00.00;1.1.2.0.00.00.00 - Taxas;322748,84;24287
2015;Prefeitura Municipal de Espera Feliz - MG;3124203;MG;DCA-Anexo I-C;NA;Receitas Brutas Realizadas;RO1.1.2.1.00.00.00;1.1.2.1.00.00.00 - Taxas pelo Exercício do Poder de Polícia;283040,56;24287
2015;Prefeitura Municipal de Espera Feliz - MG;3124203;MG;DCA-Anexo I-C;NA;Receitas Brutas Realizadas;RO1.1.2.2.00.00.00;1.1.2.2.00.00.00 - Taxas pela Prestação de Serviços;39708,28;24287
2015;Prefeitura Municipal de Espera Feliz - MG;3124203;MG;DCA-Anexo I-C;NA;Receitas Brutas Realizadas;RO1.2.0.0.00.00.00;1.2.0.0.00.00.00 - Receitas de Contribuições;2004057,87;24287
2015;Prefeitura Municipal de Espera Feliz - MG;3124203;MG;DCA-Anexo I-C;NA;Receitas Brutas Realizadas;RO1.2.1.0.00.00.00;1.2.1.0.00.00.00 - Contribuições Sociais;964702,26;24287
2015;Prefeitura Municipal de Espera Feliz - MG;3124203;MG;DCA-Anexo I-C;NA;Receitas Brutas Realizadas;RO1.2.1.0.29.00.00;1.2.1.0.29.00.00 - Contribuições para o Regime Próprio de Previdência do Servidor Público;964702,26;24287
2015;Prefeitura Municipal de Espera Feliz - MG;3124203;MG;DCA-Anexo I-C;NA;Receitas Brutas Realizadas;RO1.2.1.0.29.07.00;1.2.1.0.29.07.00 - Contribuição do Servidor Ativo Civil para o Regime Próprio;962818,95;24287
2015;Prefeitura Municipal de Espera Feliz - MG;3124203;MG;DCA-Anexo I-C;NA;Receitas Brutas Realizadas;RO1.2.1.0.29.09.00;1.2.1.0.29.09.00 - Contribuições do Servidor Inativo Civil para o Regime Próprio;1883,31;24287
2015;Prefeitura Municipal de Espera Feliz - MG;3124203;MG;DCA-Anexo I-C;NA;Receitas Brutas Realizadas;RO1.2.3.0.00.00.00;1.2.3.0.00.00.00 - Contribuição para Custeio do Serviço de Iluminação Pública;1039355,61;24287
2015;Prefeitura Municipal de Espera Feliz - MG;3124203;MG;DCA-Anexo I-C;NA;Receitas Brutas Realizadas;RO1.3.0.0.00.00.00;1.3.0.0.00.00.00 - Receita Patrimonial;1266076,37;24287
2015;Prefeitura Municipal de Espera Feliz - MG;3124203;MG;DCA-Anexo I-C;NA;Receitas Brutas Realizadas;RO1.3.1.0.00.00.00;1.3.1.0.00.00.00 - Receitas Imobiliárias;14272,44;24287
2015;Prefeitura Municipal de Espera Feliz - MG;3124203;MG;DCA-Anexo I-C;NA;Receitas Brutas Realizadas;RO1.3.1.1.00.00.00;1.3.1.1.00.00.00 - Aluguéis;14272,44;24287
2015;Prefeitura Municipal de Espera Feliz - MG;3124203;MG;DCA-Anexo I-C;NA;Receitas Brutas Realizadas;RO1.3.2.0.00.00.00;1.3.2.0.00.00.00 - Receitas de Valores Mobiliários;1251803,93;24287
2015;Prefeitura Municipal de Espera Feliz - MG;3124203;MG;DCA-Anexo I-C;NA;Receitas Brutas Realizadas;RO1.3.2.5.00.00.00;1.3.2.5.00.00.00 - Remuneração de Depósitos Bancários;299476,22;24287
2015;Prefeitura Municipal de Espera Feliz - MG;3124203;MG;DCA-Anexo I-C;NA;Receitas Brutas Realizadas;RO1.3.2.8.00.00.00;1.3.2.8.00.00.00 - Remuneração dos Investimentos do Regime Próprio de Previdência do Servidor;952327,71;24287
2015;Prefeitura Municipal de Espera Feliz - MG;3124203;MG;DCA-Anexo I-C;NA;Receitas Brutas Realizadas;RO1.6.0.0.00.00.00;1.6.0.0.00.00.00 - Receita de Serviços;334051,98;24287
2015;Prefeitura Municipal de Espera Feliz - MG;3124203;MG;DCA-Anexo I-C;NA;Receitas Brutas Realizadas;RO1.6.0.0.13.00.00;1.6.0.0.13.00.00 - Serviços Administrativos;26604,86;24287
2015;Prefeitura Municipal de Espera Feliz - MG;3124203;MG;DCA-Anexo I-C;NA;Receitas Brutas Realizadas;RO1.6.0.0.42.00.00;1.6.0.0.42.00.00 - Serviços de Coleta, Transporte, Tratamento e Destino Final de Esgotos;73647,29;24287
2015;Prefeitura Municipal de Espera Feliz - MG;3124203;MG;DCA-Anexo I-C;NA;Receitas Brutas Realizadas;RO1.6.0.0.43.00.00;1.6.0.0.43.00.00 - Serviços de Coleta, Transporte, Tratamento e Destino Final de Resíduos Sólidos;116142,80;24287
2015;Prefeitura Municipal de Espera Feliz - MG;3124203;MG;DCA-Anexo I-C;NA;Receitas Brutas Realizadas;RO1.6.0.0.44.00.00;1.6.0.0.44.00.00 - Serviços de Abate de Animais;117657,03;24287
2015;Prefeitura Municipal de Espera Feliz - MG;3124203;MG;DCA-Anexo I-C;NA;Receitas Brutas Realizadas;RO1.7.0.0.00.00.00;1.7.0.0.00.00.00 - Transferências Correntes;35777807,06;24287
2015;Prefeitura Municipal de Espera Feliz - MG;3124203;MG;DCA-Anexo I-C;NA;Deduções - FUNDEB;RO1.7.0.0.00.00.00;1.7.0.0.00.00.00 - Transferências Correntes;4578894,43;24287
2015;Prefeitura Municipal de Espera Feliz - MG;3124203;MG;DCA-Anexo I-C;NA;Receitas Brutas Realizadas;RO1.7.2.0.00.00.00;1.7.2.0.00.00.00 - Transferências Intergovernamentais;35297727,79;24287
2015;Prefeitura Municipal de Espera Feliz - MG;3124203;MG;DCA-Anexo I-C;NA;Deduções - FUNDEB;RO1.7.2.0.00.00.00;1.7.2.0.00.00.00 - Transferências Intergovernamentais;4578894,43;24287
2015;Prefeitura Municipal de Espera Feliz - MG;3124203;MG;DCA-Anexo I-C;NA;Receitas Brutas Realizadas;RO1.7.2.1.00.00.00;1.7.2.1.00.00.00 - Transferências da União;23026436,49;24287
2015;Prefeitura Municipal de Espera Feliz - MG;3124203;MG;DCA-Anexo I-C;NA;Deduções - FUNDEB;RO1.7.2.1.00.00.00;1.7.2.1.00.00.00 - Transferências da União;3263472,78;24287
2015;Prefeitura Municipal de Espera Feliz - MG;3124203;MG;DCA-Anexo I-C;NA;Receitas Brutas Realizadas;RO1.7.2.1.01.00.00;1.7.2.1.01.00.00 - Participação na Receita da União;17191407,69;24287
2015;Prefeitura Municipal de Espera Feliz - MG;3124203;MG;DCA-Anexo I-C;NA;Deduções - FUNDEB;RO1.7.2.1.01.00.00;1.7.2.1.01.00.00 - Participação na Receita da União;3257009,08;24287
2015;Prefeitura Municipal de Espera Feliz - MG;3124203;MG;DCA-Anexo I-C;NA;Receitas Brutas Realizadas;RO1.7.2.1.01.02.00;1.7.2.1.01.02.00 - Cota-Parte do Fundo de Participação dos Municípios ¿ FPM;16276936,26;24287
2015;Prefeitura Municipal de Espera Feliz - MG;3124203;MG;DCA-Anexo I-C;NA;Deduções - FUNDEB;RO1.7.2.1.01.02.00;1.7.2.1.01.02.00 - Cota-Parte do Fundo de Participação dos Municípios ¿ FPM;3255390,90;24287
2015;Prefeitura Municipal de Espera Feliz - MG;3124203;MG;DCA-Anexo I-C;NA;Receitas Brutas Realizadas;RO1.7.2.1.01.03.00;1.7.2.1.01.03.00 - Cota-Parte do Fundo de Participação dos Municípios - 1% Cota Anual;713734,41;24287
2015;Prefeitura Municipal de Espera Feliz - MG;3124203;MG;DCA-Anexo I-C;NA;Receitas Brutas Realizadas;RO1.7.2.1.01.04.00;1.7.2.1.01.04.00 - Cota-Parte do Fundo de Participação dos Municípios - 1% Cota entregue no mês de julho (67)(I);192645,35;24287
2015;Prefeitura Municipal de Espera Feliz - MG;3124203;MG;DCA-Anexo I-C;NA;Receitas Brutas Realizadas;RO1.7.2.1.01.05.00;1.7.2.1.01.05.00 - Cota-Parte do Imposto Sobre a Propriedade Territorial Rural ¿ ITR;8091,67;24287
2015;Prefeitura Municipal de Espera Feliz - MG;3124203;MG;DCA-Anexo I-C;NA;Deduções - FUNDEB;RO1.7.2.1.01.05.00;1.7.2.1.01.05.00 - Cota-Parte do Imposto Sobre a Propriedade Territorial Rural ¿ ITR;1618,18;24287
2015;Prefeitura Municipal de Espera Feliz - MG;3124203;MG;DCA-Anexo I-C;NA;Receitas Brutas Realizadas;RO1.7.2.1.22.00.00;1.7.2.1.22.00.00 - Transferências da Compensação Financeira pela Exploração de Recursos Naturais;182507,55;24287
2015;Prefeitura Municipal de Espera Feliz - MG;3124203;MG;DCA-Anexo I-C;NA;Receitas Brutas Realizadas;RO1.7.2.1.22.70.00;1.7.2.1.22.70.00 - Cota-Parte do Fundo Especial do Petróleo ¿ FEP;182507,55;24287
2015;Prefeitura Municipal de Espera Feliz - MG;3124203;MG;DCA-Anexo I-C;NA;Receitas Brutas Realizadas;RO1.7.2.1.33.00.00;1.7.2.1.33.00.00 - Transferências de Recursos do Sistema Único de Saúde - SUS - Repasses Fundo a Fundo;4279889,50;24287
2015;Prefeitura Municipal de Espera Feliz - MG;3124203;MG;DCA-Anexo I-C;NA;Receitas Brutas Realizadas;RO1.7.2.1.34.00.00;1.7.2.1.34.00.00 - Transferências de Recursos do Fundo Nacional de Assistência Social ¿ FNAS;448330,31;24287
2015;Prefeitura Municipal de Espera Feliz - MG;3124203;MG;DCA-Anexo I-C;NA;Receitas Brutas Realizadas;RO1.7.2.1.35.00.00;1.7.2.1.35.00.00 - Transferências de Recursos do Fundo Nacional do Desenvolvimento da Educação ¿ FNDE;837938,26;24287
2015;Prefeitura Municipal de Espera Feliz - MG;3124203;MG;DCA-Anexo I-C;NA;Receitas Brutas Realizadas;RO1.7.2.1.36.00.00;1.7.2.1.36.00.00 - Transferências Financeiras do ICMS ¿ Desoneração ¿ L.C. Nº 87/96;32318,66;24287
2015;Prefeitura Municipal de Espera Feliz - MG;3124203;MG;DCA-Anexo I-C;NA;Deduções - FUNDEB;RO1.7.2.1.36.00.00;1.7.2.1.36.00.00 - Transferências Financeiras do ICMS ¿ Desoneração ¿ L.C. Nº 87/96;6463,70;24287
2015;Prefeitura Municipal de Espera Feliz - MG;3124203;MG;DCA-Anexo I-C;NA;Receitas Brutas Realizadas;RO1.7.2.1.99.00.00;1.7.2.1.99.00.00 - Outras Transferências da União;54044,52;24287
2015;Prefeitura Municipal de Espera Feliz - MG;3124203;MG;DCA-Anexo I-C;NA;Receitas Brutas Realizadas;RO1.7.2.2.00.00.00;1.7.2.2.00.00.00 - Transferências dos Estados;6872580,28;24287
2015;Prefeitura Municipal de Espera Feliz - MG;3124203;MG;DCA-Anexo I-C;NA;Deduções - FUNDEB;RO1.7.2.2.00.00.00;1.7.2.2.00.00.00 - Transferências dos Estados;1315421,65;24287
2015;Prefeitura Municipal de Espera Feliz - MG;3124203;MG;DCA-Anexo I-C;NA;Receitas Brutas Realizadas;RO1.7.2.2.01.00.00;1.7.2.2.01.00.00 - Participação na Receita dos Estados;6593235,54;24287
2015;Prefeitura Municipal de Espera Feliz - MG;3124203;MG;DCA-Anexo I-C;NA;Deduções - FUNDEB;RO1.7.2.2.01.00.00;1.7.2.2.01.00.00 - Participação na Receita dos Estados;1315421,65;24287
2015;Prefeitura Municipal de Espera Feliz - MG;3124203;MG;DCA-Anexo I-C;NA;Receitas Brutas Realizadas;RO1.7.2.2.01.01.00;1.7.2.2.01.01.00 - Cota-Parte do ICMS;4831008,37;24287
2015;Prefeitura Municipal de Espera Feliz - MG;3124203;MG;DCA-Anexo I-C;NA;Deduções - FUNDEB;RO1.7.2.2.01.01.00;1.7.2.2.01.01.00 - Cota-Parte do ICMS;966199,47;24287
2015;Prefeitura Municipal de Espera Feliz - MG;3124203;MG;DCA-Anexo I-C;NA;Receitas Brutas Realizadas;RO1.7.2.2.01.02.00;1.7.2.2.01.02.00 - Cota-Parte do IPVA;1658212,04;24287
2015;Prefeitura Municipal de Espera Feliz - MG;3124203;MG;DCA-Anexo I-C;NA;Deduções - FUNDEB;RO1.7.2.2.01.02.00;1.7.2.2.01.02.00 - Cota-Parte do IPVA;331641,15;24287
2015;Prefeitura Municipal de Espera Feliz - MG;3124203;MG;DCA-Anexo I-C;NA;Receitas Brutas Realizadas;RO1.7.2.2.01.04.00;1.7.2.2.01.04.00 - Cota-Parte do IPI sobre Exportação;87905,19;24287
2015;Prefeitura Municipal de Espera Feliz - MG;3124203;MG;DCA-Anexo I-C;NA;Deduções - FUNDEB;RO1.7.2.2.01.04.00;1.7.2.2.01.04.00 - Cota-Parte do IPI sobre Exportação;17581,03;24287
2015;Prefeitura Municipal de Espera Feliz - MG;3124203;MG;DCA-Anexo I-C;NA;Receitas Brutas Realizadas;RO1.7.2.2.01.13.00;1.7.2.2.01.13.00 - Cota-Parte da Contribuição de Intervenção no Domínio Econômico;16109,94;24287
2015;Prefeitura Municipal de Espera Feliz - MG;3124203;MG;DCA-Anexo I-C;NA;Receitas Brutas Realizadas;RO1.7.2.2.22.00.00;1.7.2.2.22.00.00 - Transferências da Cota-Parte da Compensação Financeira (25%);25424,74;24287
2015;Prefeitura Municipal de Espera Feliz - MG;3124203;MG;DCA-Anexo I-C;NA;Receitas Brutas Realizadas;RO1.7.2.2.22.20.00;1.7.2.2.22.20.00 - Cota-Parte da Compensação Financeira de Recursos Minerais - CFEM;25424,74;24287
2015;Prefeitura Municipal de Espera Feliz - MG;3124203;MG;DCA-Anexo I-C;NA;Receitas Brutas Realizadas;RO1.7.2.2.33.00.00;1.7.2.2.33.00.00 - Transferências de Recursos do Estado para Programas de Saúde - Repasse Fundo a Fundo;178320,00;24287
2015;Prefeitura Municipal de Espera Feliz - MG;3124203;MG;DCA-Anexo I-C;NA;Receitas Brutas Realizadas;RO1.7.2.2.99.00.00;1.7.2.2.99.00.00 - Outras Transferências dos Estados;75600,00;24287
2015;Prefeitura Municipal de Espera Feliz - MG;3124203;MG;DCA-Anexo I-C;NA;Receitas Brutas Realizadas;RO1.7.2.3.00.00.00;1.7.2.3.00.00.00 - Transferências dos Municípios;67200,00;24287
2015;Prefeitura Municipal de Espera Feliz - MG;3124203;MG;DCA-Anexo I-C;NA;Receitas Brutas Realizadas;RO1.7.2.3.99.00.00;1.7.2.3.99.00.00 - Outras Transferências dos Municípios;67200,00;24287
2015;Prefeitura Municipal de Espera Feliz - MG;3124203;MG;DCA-Anexo I-C;NA;Receitas Brutas Realizadas;RO1.7.2.4.00.00.00;1.7.2.4.00.00.00 - Transferências Multigovernamentais;5331511,02;24287
2015;Prefeitura Municipal de Espera Feliz - MG;3124203;MG;DCA-Anexo I-C;NA;Receitas Brutas Realizadas;RO1.7.2.4.01.00.00;1.7.2.4.01.00.00 - Transferências de Recursos do Fundo de Manutenção e Desenvolvimento do Ensino Fundamental e de Valorização do Magistério - FUNDEB;5331511,02;24287
2015;Prefeitura Municipal de Espera Feliz - MG;3124203;MG;DCA-Anexo I-C;NA;Receitas Brutas Realizadas;RO1.7.6.0.00.00.00;1.7.6.0.00.00.00 - Transferências de Convênios;480079,27;24287
2015;Prefeitura Municipal de Espera Feliz - MG;3124203;MG;DCA-Anexo I-C;NA;Receitas Brutas Realizadas;RO1.7.6.2.00.00.00;1.7.6.2.00.00.00 - Transferências de Convênios dos Estados e do Distrito Federal e de Suas Entidades;480079,27;24287
2015;Prefeitura Municipal de Espera Feliz - MG;3124203;MG;DCA-Anexo I-C;NA;Receitas Brutas Realizadas;RO1.7.6.2.02.00.00;1.7.6.2.02.00.00 - Transferências de Convênios dos Estados Destinadas a Programas de Educação;458659,27;24287
2015;Prefeitura Municipal de Espera Feliz - MG;3124203;MG;DCA-Anexo I-C;NA;Receitas Brutas Realizadas;RO1.7.6.2.99.00.00;1.7.6.2.99.00.00 - Outras Transferências de Convênios dos Estados;21420,00;24287
2015;Prefeitura Municipal de Espera Feliz - MG;3124203;MG;DCA-Anexo I-C;NA;Receitas Brutas Realizadas;RO1.9.0.0.00.00.00;1.9.0.0.00.00.00 - Outras Receitas Correntes;245468,14;24287
2015;Prefeitura Municipal de Espera Feliz - MG;3124203;MG;DCA-Anexo I-C;NA;Receitas Brutas Realizadas;RO1.9.1.0.00.00.00;1.9.1.0.00.00.00 - Multas e Juros de Mora;67192,75;24287
2015;Prefeitura Municipal de Espera Feliz - MG;3124203;MG;DCA-Anexo I-C;NA;Receitas Brutas Realizadas;RO1.9.1.1.00.00.00;1.9.1.1.00.00.00 - Multas e Juros de Mora dos Tributos;3310,07;24287
2015;Prefeitura Municipal de Espera Feliz - MG;3124203;MG;DCA-Anexo I-C;NA;Receitas Brutas Realizadas;RO1.9.1.1.38.00.00;1.9.1.1.38.00.00 - Multas e Juros de Mora do Imposto sobre a Propriedade Predial e Territorial Urbana ¿ IPTU;1643,55;24287
2015;Prefeitura Municipal de Espera Feliz - MG;3124203;MG;DCA-Anexo I-C;NA;Receitas Brutas Realizadas;RO1.9.1.1.40.00.00;1.9.1.1.40.00.00 - Multas e Juros de Mora do Imposto sobre Serviços de Qualquer Natureza ¿ ISS;82,00;24287
2015;Prefeitura Municipal de Espera Feliz - MG;3124203;MG;DCA-Anexo I-C;NA;Receitas Brutas Realizadas;RO1.9.1.1.99.00.00;1.9.1.1.99.00.00 - Multas e Juros de Mora de Outros Tributos;1584,52;24287
2015;Prefeitura Municipal de Espera Feliz - MG;3124203;MG;DCA-Anexo I-C;NA;Receitas Brutas Realizadas;RO1.9.1.3.00.00.00;1.9.1.3.00.00.00 - Multas e Juros de Mora da Dívida Ativa dos Tributos;8909,72;24287
2015;Prefeitura Municipal de Espera Feliz - MG;3124203;MG;DCA-Anexo I-C;NA;Receitas Brutas Realizadas;RO1.9.1.3.11.00.00;1.9.1.3.11.00.00 - Multas e Juros de Mora da Dívida Ativa do Imposto sobre a Propriedade Predial e Territorial Urbana ¿ IPTU;7599,52;24287
2015;Prefeitura Municipal de Espera Feliz - MG;3124203;MG;DCA-Anexo I-C;NA;Receitas Brutas Realizadas;RO1.9.1.3.13.00.00;1.9.1.3.13.00.00 - Multas e Juros de Mora da Dívida Ativa do Imposto sobre Serviços de Qualquer Natureza ¿ ISS;1310,20;24287
2015;Prefeitura Municipal de Espera Feliz - MG;3124203;MG;DCA-Anexo I-C;NA;Receitas Brutas Realizadas;RO1.9.1.9.00.00.00;1.9.1.9.00.00.00 - Multas de Outras Origens;54972,96;24287
2015;Prefeitura Municipal de Espera Feliz - MG;3124203;MG;DCA-Anexo I-C;NA;Receitas Brutas Realizadas;RO1.9.2.0.00.00.00;1.9.2.0.00.00.00 - Indenizações e Restituições;2604,82;24287
2015;Prefeitura Municipal de Espera Feliz - MG;3124203;MG;DCA-Anexo I-C;NA;Receitas Brutas Realizadas;RO1.9.2.2.00.00.00;1.9.2.2.00.00.00 - Restituições;2604,82;24287
2015;Prefeitura Municipal de Espera Feliz - MG;3124203;MG;DCA-Anexo I-C;NA;Receitas Brutas Realizadas;RO1.9.2.2.99.00.00;1.9.2.2.99.00.00 - Outras Restituições;2604,82;24287
2015;Prefeitura Municipal de Espera Feliz - MG;3124203;MG;DCA-Anexo I-C;NA;Receitas Brutas Realizadas;RO1.9.3.0.00.00.00;1.9.3.0.00.00.00 - Receita da Dívida Ativa;175317,32;24287
2015;Prefeitura Municipal de Espera Feliz - MG;3124203;MG;DCA-Anexo I-C;NA;Receitas Brutas Realizadas;RO1.9.3.1.00.00.00;1.9.3.1.00.00.00 - Receita da Dívida Ativa Tributária;175317,32;24287
2015;Prefeitura Municipal de Espera Feliz - MG;3124203;MG;DCA-Anexo I-C;NA;Receitas Brutas Realizadas;RO1.9.3.1.11.00.00;1.9.3.1.11.00.00 - Receita da Dívida Ativa do Imposto sobre a Propriedade Predial e Territorial Urbana ¿ IPTU;51057,71;24287
2015;Prefeitura Municipal de Espera Feliz - MG;3124203;MG;DCA-Anexo I-C;NA;Receitas Brutas Realizadas;RO1.9.3.1.13.00.00;1.9.3.1.13.00.00 - Receita da Dívida Ativa do Imposto sobre Serviços de Qualquer Natureza ¿ ISS;5372,22;24287
2015;Prefeitura Municipal de Espera Feliz - MG;3124203;MG;DCA-Anexo I-C;NA;Receitas Brutas Realizadas;RO1.9.3.1.99.00.00;1.9.3.1.99.00.00 - Receita da Dívida Ativa de Outros Tributos;118887,39;24287
2015;Prefeitura Municipal de Espera Feliz - MG;3124203;MG;DCA-Anexo I-C;NA;Receitas Brutas Realizadas;RO1.9.9.0.00.00.00;1.9.9.0.00.00.00 - Receitas Diversas;353,25;24287
2015;Prefeitura Municipal de Espera Feliz - MG;3124203;MG;DCA-Anexo I-C;NA;Receitas Brutas Realizadas;RO2.0.0.0.00.00.00;2.0.0.0.00.00.00 - Receitas de Capital;997688,72;24287
2015;Prefeitura Municipal de Espera Feliz - MG;3124203;MG;DCA-Anexo I-C;NA;Receitas Brutas Realizadas;RO2.1.0.0.00.00.00;2.1.0.0.00.00.00 - Operações de Crédito;226350,20;24287
2015;Prefeitura Municipal de Espera Feliz - MG;3124203;MG;DCA-Anexo I-C;NA;Receitas Brutas Realizadas;RO2.1.1.0.00.00.00;2.1.1.0.00.00.00 - Operações de Crédito Internas;226350,20;24287
2015;Prefeitura Municipal de Espera Feliz - MG;3124203;MG;DCA-Anexo I-C;NA;Receitas Brutas Realizadas;RO2.2.0.0.00.00.00;2.2.0.0.00.00.00 - Alienação de Bens;42600,00;24287
2015;Prefeitura Municipal de Espera Feliz - MG;3124203;MG;DCA-Anexo I-C;NA;Receitas Brutas Realizadas;RO2.2.1.0.00.00.00;2.2.1.0.00.00.00 - Alienação de Bens Móveis;42600,00;24287
2015;Prefeitura Municipal de Espera Feliz - MG;3124203;MG;DCA-Anexo I-C;NA;Receitas Brutas Realizadas;RO2.4.0.0.00.00.00;2.4.0.0.00.00.00 - Transferências de Capital;728738,52;24287
2015;Prefeitura Municipal de Espera Feliz - MG;3124203;MG;DCA-Anexo I-C;NA;Receitas Brutas Realizadas;RO2.4.7.0.00.00.00;2.4.7.0.00.00.00 - Transferências de Convênios;728738,52;24287
2015;Prefeitura Municipal de Espera Feliz - MG;3124203;MG;DCA-Anexo I-C;NA;Receitas Brutas Realizadas;RO2.4.7.1.00.00.00;2.4.7.1.00.00.00 - Transferências de Convênios da União e de suas Entidades;518738,52;24287
2015;Prefeitura Municipal de Espera Feliz - MG;3124203;MG;DCA-Anexo I-C;NA;Receitas Brutas Realizadas;RO2.4.7.1.01.00.00;2.4.7.1.01.00.00 - Transferências de Convênios da União para o Sistema Único de Saúde - SUS;85252,02;24287
2015;Prefeitura Municipal de Espera Feliz - MG;3124203;MG;DCA-Anexo I-C;NA;Receitas Brutas Realizadas;RO2.4.7.1.05.00.00;2.4.7.1.05.00.00 - Transferências de Convênios da União Destinadas a Programas de Infraestrutura em Transporte;323486,50;24287
2015;Prefeitura Municipal de Espera Feliz - MG;3124203;MG;DCA-Anexo I-C;NA;Receitas Brutas Realizadas;RO2.4.7.1.99.00.00;2.4.7.1.99.00.00 - Outras Transferências de Convênios da União;110000,00;24287
2015;Prefeitura Municipal de Espera Feliz - MG;3124203;MG;DCA-Anexo I-C;NA;Receitas Brutas Realizadas;RO2.4.7.2.00.00.00;2.4.7.2.00.00.00 - Transferências de Convênios dos Estados e do Distrito Federal e de suas Entidades;210000,00;24287
2015;Prefeitura Municipal de Espera Feliz - MG;3124203;MG;DCA-Anexo I-C;NA;Receitas Brutas Realizadas;RO2.4.7.2.05.00.00;2.4.7.2.05.00.00 - Transferências de Convênios dos Estados Destinadas a Programas de Infraestrutura em Transporte;210000,00;24287
2015;Prefeitura Municipal de Espera Feliz - MG;3124203;MG;DCA-Anexo I-C;NA;Receitas Brutas Realizadas;RI7.0.0.0.00.00.00;7.0.0.0.00.00.00 - Receitas Correntes Intraorçamentárias;2222410,57;24287
2015;Prefeitura Municipal de Espera Feliz - MG;3124203;MG;DCA-Anexo I-C;NA;Receitas Brutas Realizadas;RI7.2.0.0.00.00.00;7.2.0.0.00.00.00 - Receitas de Contribuições Intraorçamentárias;2222410,57;24287
2015;Prefeitura Municipal de Espera Feliz - MG;3124203;MG;DCA-Anexo I-C;NA;Receitas Brutas Realizadas;RI7.2.1.0.00.00.00;7.2.1.0.00.00.00 - Contribuições Sociais Intraorçamentárias;2222410,57;24287
2015;Prefeitura Municipal de Espera Feliz - MG;3124203;MG;DCA-Anexo I-C;NA;Receitas Brutas Realizadas;RI7.2.1.0.29.00.00;7.2.1.0.29.00.00 - Contribuições para o Regime Próprio de Previdência do Servidor Público Intraorçamentárias;2222410,57;24287
2015;Prefeitura Municipal de Espera Feliz - MG;3124203;MG;DCA-Anexo I-C;NA;Receitas Brutas Realizadas;RI7.2.1.0.29.01.00;7.2.1.0.29.01.00 - Contribuição Patronal de Servidor Ativo Civil para o Regime Próprio Intraorçamentária;2149808,16;24287
2015;Prefeitura Municipal de Espera Feliz - MG;3124203;MG;DCA-Anexo I-C;NA;Receitas Brutas Realizadas;RI7.2.1.0.29.99.00;7.2.1.0.29.99.00 - Outras Contribuições para o Regime Próprio de Previdência do Servidor Público Intraorçamentárias;72602,41;24287
2016;Prefeitura Municipal de Espera Feliz - MG;3124203;MG;DCA-Anexo I-C;NA;Receitas Brutas Realizadas;TotalReceitas;Total Receitas;54426354,17;24469
2016;Prefeitura Municipal de Espera Feliz - MG;3124203;MG;DCA-Anexo I-C;NA;Deduções - FUNDEB;TotalReceitas;Total Receitas;5261725,01;24469
2016;Prefeitura Municipal de Espera Feliz - MG;3124203;MG;DCA-Anexo I-C;NA;Receitas Brutas Realizadas;RO1.0.0.0.00.00.00;1.0.0.0.00.00.00 - Receitas Correntes;50652913,01;24469
2016;Prefeitura Municipal de Espera Feliz - MG;3124203;MG;DCA-Anexo I-C;NA;Deduções - FUNDEB;RO1.0.0.0.00.00.00;1.0.0.0.00.00.00 - Receitas Correntes;5261725,01;24469
2016;Prefeitura Municipal de Espera Feliz - MG;3124203;MG;DCA-Anexo I-C;NA;Receitas Brutas Realizadas;RO1.1.0.0.00.00.00;1.1.0.0.00.00.00 - Receita Tributária;2876644,37;24469
2016;Prefeitura Municipal de Espera Feliz - MG;3124203;MG;DCA-Anexo I-C;NA;Receitas Brutas Realizadas;RO1.1.1.0.00.00.00;1.1.1.0.00.00.00 - Impostos;2516496,72;24469
2016;Prefeitura Municipal de Espera Feliz - MG;3124203;MG;DCA-Anexo I-C;NA;Receitas Brutas Realizadas;RO1.1.1.2.00.00.00;1.1.1.2.00.00.00 - Impostos sobre o Patrimônio e a Renda;1547631,55;24469
2016;Prefeitura Municipal de Espera Feliz - MG;3124203;MG;DCA-Anexo I-C;NA;Receitas Brutas Realizadas;RO1.1.1.2.02.00.00;1.1.1.2.02.00.00 - Imposto sobre a Propriedade Predial e Territorial Urbana ¿ IPTU;170318,91;24469
2016;Prefeitura Municipal de Espera Feliz - MG;3124203;MG;DCA-Anexo I-C;NA;Receitas Brutas Realizadas;RO1.1.1.2.04.00.00;1.1.1.2.04.00.00 - Imposto sobre a Renda e Proventos de Qualquer Natureza ¿ IR;834215,05;24469
2016;Prefeitura Municipal de Espera Feliz - MG;3124203;MG;DCA-Anexo I-C;NA;Receitas Brutas Realizadas;RO1.1.1.2.04.31.00;1.1.1.2.04.31.00 - Retido nas Fontes - Trabalho;800248,51;24469
2016;Prefeitura Municipal de Espera Feliz - MG;3124203;MG;DCA-Anexo I-C;NA;Receitas Brutas Realizadas;RO1.1.1.2.04.34.00;1.1.1.2.04.34.00 - Retido nas Fontes - Outros Rendimentos;33966,54;24469
2016;Prefeitura Municipal de Espera Feliz - MG;3124203;MG;DCA-Anexo I-C;NA;Receitas Brutas Realizadas;RO1.1.1.2.08.00.00;"1.1.1.2.08.00.00 - Imposto sobre Transmissão ""Inter Vivos"" de Bens Imóveis e de Direitos Reais sobre Imóveis ¿ ITBI";543097,59;24469
2016;Prefeitura Municipal de Espera Feliz - MG;3124203;MG;DCA-Anexo I-C;NA;Receitas Brutas Realizadas;RO1.1.1.3.00.00.00;1.1.1.3.00.00.00 - Impostos sobre a Produção e a Circulação;968865,17;24469
2016;Prefeitura Municipal de Espera Feliz - MG;3124203;MG;DCA-Anexo I-C;NA;Receitas Brutas Realizadas;RO1.1.1.3.05.00.00;1.1.1.3.05.00.00 - Imposto sobre Serviços de Qualquer Natureza ¿ ISSQN;968865,17;24469
2016;Prefeitura Municipal de Espera Feliz - MG;3124203;MG;DCA-Anexo I-C;NA;Receitas Brutas Realizadas;RO1.1.2.0.00.00.00;1.1.2.0.00.00.00 - Taxas;360147,65;24469
2016;Prefeitura Municipal de Espera Feliz - MG;3124203;MG;DCA-Anexo I-C;NA;Receitas Brutas Realizadas;RO1.1.2.1.00.00.00;1.1.2.1.00.00.00 - Taxas pelo Exercício do Poder de Polícia;195127,78;24469
2016;Prefeitura Municipal de Espera Feliz - MG;3124203;MG;DCA-Anexo I-C;NA;Receitas Brutas Realizadas;RO1.1.2.2.00.00.00;1.1.2.2.00.00.00 - Taxas pela Prestação de Serviços;165019,87;24469
2016;Prefeitura Municipal de Espera Feliz - MG;3124203;MG;DCA-Anexo I-C;NA;Receitas Brutas Realizadas;RO1.1.2.2.28.00.00;1.1.2.2.28.00.00 - Taxa de Cemitérios;46833,36;24469
2016;Prefeitura Municipal de Espera Feliz - MG;3124203;MG;DCA-Anexo I-C;NA;Receitas Brutas Realizadas;RO1.1.2.2.90.00.00;1.1.2.2.90.00.00 - Taxa de Limpeza Pública;76725,35;24469
2016;Prefeitura Municipal de Espera Feliz - MG;3124203;MG;DCA-Anexo I-C;NA;Receitas Brutas Realizadas;RO1.1.2.2.99.00.00;1.1.2.2.99.00.00 - Outras Taxas pela Prestação de Serviços;41461,16;24469
2016;Prefeitura Municipal de Espera Feliz - MG;3124203;MG;DCA-Anexo I-C;NA;Receitas Brutas Realizadas;RO1.2.0.0.00.00.00;1.2.0.0.00.00.00 - Receitas de Contribuições;2203794,76;24469
2016;Prefeitura Municipal de Espera Feliz - MG;3124203;MG;DCA-Anexo I-C;NA;Receitas Brutas Realizadas;RO1.2.1.0.00.00.00;1.2.1.0.00.00.00 - Contribuições Sociais;1122554,78;24469
2016;Prefeitura Municipal de Espera Feliz - MG;3124203;MG;DCA-Anexo I-C;NA;Receitas Brutas Realizadas;RO1.2.1.0.29.00.00;1.2.1.0.29.00.00 - Contribuições para o Regime Próprio de Previdência do Servidor Público;1122554,78;24469
2016;Prefeitura Municipal de Espera Feliz - MG;3124203;MG;DCA-Anexo I-C;NA;Receitas Brutas Realizadas;RO1.2.1.0.29.07.00;1.2.1.0.29.07.00 - Contribuição do Servidor Ativo Civil para o Regime Próprio;1121278,45;24469
2016;Prefeitura Municipal de Espera Feliz - MG;3124203;MG;DCA-Anexo I-C;NA;Receitas Brutas Realizadas;RO1.2.1.0.29.09.00;1.2.1.0.29.09.00 - Contribuições do Servidor Inativo Civil para o Regime Próprio;1276,33;24469
2016;Prefeitura Municipal de Espera Feliz - MG;3124203;MG;DCA-Anexo I-C;NA;Receitas Brutas Realizadas;RO1.2.3.0.00.00.00;1.2.3.0.00.00.00 - Contribuição para Custeio do Serviço de Iluminação Pública;1081239,98;24469
2016;Prefeitura Municipal de Espera Feliz - MG;3124203;MG;DCA-Anexo I-C;NA;Receitas Brutas Realizadas;RO1.3.0.0.00.00.00;1.3.0.0.00.00.00 - Receita Patrimonial;1703848,84;24469
2016;Prefeitura Municipal de Espera Feliz - MG;3124203;MG;DCA-Anexo I-C;NA;Receitas Brutas Realizadas;RO1.3.1.0.00.00.00;1.3.1.0.00.00.00 - Receitas Imobiliárias;18405,21;24469
2016;Prefeitura Municipal de Espera Feliz - MG;3124203;MG;DCA-Anexo I-C;NA;Receitas Brutas Realizadas;RO1.3.1.1.00.00.00;1.3.1.1.00.00.00 - Aluguéis;18405,21;24469
2016;Prefeitura Municipal de Espera Feliz - MG;3124203;MG;DCA-Anexo I-C;NA;Receitas Brutas Realizadas;RO1.3.2.0.00.00.00;1.3.2.0.00.00.00 - Receitas de Valores Mobiliários;1685443,63;24469
2016;Prefeitura Municipal de Espera Feliz - MG;3124203;MG;DCA-Anexo I-C;NA;Receitas Brutas Realizadas;RO1.3.2.2.00.00.00;1.3.2.2.00.00.00 - Dividendos;497,61;24469
2016;Prefeitura Municipal de Espera Feliz - MG;3124203;MG;DCA-Anexo I-C;NA;Receitas Brutas Realizadas;RO1.3.2.5.00.00.00;1.3.2.5.00.00.00 - Remuneração de Depósitos Bancários;336131,37;24469
2016;Prefeitura Municipal de Espera Feliz - MG;3124203;MG;DCA-Anexo I-C;NA;Receitas Brutas Realizadas;RO1.3.2.8.00.00.00;1.3.2.8.00.00.00 - Remuneração dos Investimentos do Regime Próprio de Previdência do Servidor;1348814,65;24469
2016;Prefeitura Municipal de Espera Feliz - MG;3124203;MG;DCA-Anexo I-C;NA;Receitas Brutas Realizadas;RO1.6.0.0.00.00.00;1.6.0.0.00.00.00 - Receita de Serviços;366280,27;24469
2016;Prefeitura Municipal de Espera Feliz - MG;3124203;MG;DCA-Anexo I-C;NA;Receitas Brutas Realizadas;RO1.6.0.0.13.00.00;1.6.0.0.13.00.00 - Serviços Administrativos;16051,93;24469
2016;Prefeitura Municipal de Espera Feliz - MG;3124203;MG;DCA-Anexo I-C;NA;Receitas Brutas Realizadas;RO1.6.0.0.42.00.00;1.6.0.0.42.00.00 - Serviços de Coleta, Transporte, Tratamento e Destino Final de Esgotos;89313,93;24469
2016;Prefeitura Municipal de Espera Feliz - MG;3124203;MG;DCA-Anexo I-C;NA;Receitas Brutas Realizadas;RO1.6.0.0.43.00.00;1.6.0.0.43.00.00 - Serviços de Coleta, Transporte, Tratamento e Destino Final de Resíduos Sólidos;144823,25;24469
2016;Prefeitura Municipal de Espera Feliz - MG;3124203;MG;DCA-Anexo I-C;NA;Receitas Brutas Realizadas;RO1.6.0.0.44.00.00;1.6.0.0.44.00.00 - Serviços de Abate de Animais;116091,16;24469
2016;Prefeitura Municipal de Espera Feliz - MG;3124203;MG;DCA-Anexo I-C;NA;Receitas Brutas Realizadas;RO1.7.0.0.00.00.00;1.7.0.0.00.00.00 - Transferências Correntes;43220085,65;24469
2016;Prefeitura Municipal de Espera Feliz - MG;3124203;MG;DCA-Anexo I-C;NA;Deduções - FUNDEB;RO1.7.0.0.00.00.00;1.7.0.0.00.00.00 - Transferências Correntes;5261725,01;24469
2016;Prefeitura Municipal de Espera Feliz - MG;3124203;MG;DCA-Anexo I-C;NA;Receitas Brutas Realizadas;RO1.7.2.0.00.00.00;1.7.2.0.00.00.00 - Transferências Intergovernamentais;42561165,65;24469
2016;Prefeitura Municipal de Espera Feliz - MG;3124203;MG;DCA-Anexo I-C;NA;Deduções - FUNDEB;RO1.7.2.0.00.00.00;1.7.2.0.00.00.00 - Transferências Intergovernamentais;5261725,01;24469
2016;Prefeitura Municipal de Espera Feliz - MG;3124203;MG;DCA-Anexo I-C;NA;Receitas Brutas Realizadas;RO1.7.2.1.00.00.00;1.7.2.1.00.00.00 - Transferências da União;28437885,83;24469
2016;Prefeitura Municipal de Espera Feliz - MG;3124203;MG;DCA-Anexo I-C;NA;Deduções - FUNDEB;RO1.7.2.1.00.00.00;1.7.2.1.00.00.00 - Transferências da União;3726079,97;24469
2016;Prefeitura Municipal de Espera Feliz - MG;3124203;MG;DCA-Anexo I-C;NA;Receitas Brutas Realizadas;RO1.7.2.1.01.00.00;1.7.2.1.01.00.00 - Participação na Receita da União;19966989,42;24469
2016;Prefeitura Municipal de Espera Feliz - MG;3124203;MG;DCA-Anexo I-C;NA;Deduções - FUNDEB;RO1.7.2.1.01.00.00;1.7.2.1.01.00.00 - Participação na Receita da União;3719060,69;24469
2016;Prefeitura Municipal de Espera Feliz - MG;3124203;MG;DCA-Anexo I-C;NA;Receitas Brutas Realizadas;RO1.7.2.1.01.02.00;1.7.2.1.01.02.00 - Cota-Parte do Fundo de Participação dos Municípios ¿ FPM;18586922,57;24469
2016;Prefeitura Municipal de Espera Feliz - MG;3124203;MG;DCA-Anexo I-C;NA;Deduções - FUNDEB;RO1.7.2.1.01.02.00;1.7.2.1.01.02.00 - Cota-Parte do Fundo de Participação dos Municípios ¿ FPM;3717384,18;24469
2016;Prefeitura Municipal de Espera Feliz - MG;3124203;MG;DCA-Anexo I-C;NA;Receitas Brutas Realizadas;RO1.7.2.1.01.03.00;1.7.2.1.01.03.00 - Cota-Parte do Fundo de Participação dos Municípios - 1% Cota Anual;821756,48;24469
2016;Prefeitura Municipal de Espera Feliz - MG;3124203;MG;DCA-Anexo I-C;NA;Receitas Brutas Realizadas;RO1.7.2.1.01.04.00;1.7.2.1.01.04.00 - Cota-Parte do Fundo de Participação dos Municípios - 1% Cota entregue no mês de julho (67)(I);549927,14;24469
2016;Prefeitura Municipal de Espera Feliz - MG;3124203;MG;DCA-Anexo I-C;NA;Receitas Brutas Realizadas;RO1.7.2.1.01.05.00;1.7.2.1.01.05.00 - Cota-Parte do Imposto Sobre a Propriedade Territorial Rural ¿ ITR;8383,23;24469
2016;Prefeitura Municipal de Espera Feliz - MG;3124203;MG;DCA-Anexo I-C;NA;Deduções - FUNDEB;RO1.7.2.1.01.05.00;1.7.2.1.01.05.00 - Cota-Parte do Imposto Sobre a Propriedade Territorial Rural ¿ ITR;1676,51;24469
2016;Prefeitura Municipal de Espera Feliz - MG;3124203;MG;DCA-Anexo I-C;NA;Receitas Brutas Realizadas;RO1.7.2.1.22.00.00;1.7.2.1.22.00.00 - Transferências da Compensação Financeira pela Exploração de Recursos Naturais;156377,85;24469
2016;Prefeitura Municipal de Espera Feliz - MG;3124203;MG;DCA-Anexo I-C;NA;Receitas Brutas Realizadas;RO1.7.2.1.22.20.00;1.7.2.1.22.20.00 - Cota-Parte da Compensação Financeira de Recursos Minerais - CFEM;156377,85;24469
2016;Prefeitura Municipal de Espera Feliz - MG;3124203;MG;DCA-Anexo I-C;NA;Receitas Brutas Realizadas;RO1.7.2.1.33.00.00;1.7.2.1.33.00.00 - Transferências de Recursos do Sistema Único de Saúde - SUS - Repasses Fundo a Fundo;4965891,81;24469
2016;Prefeitura Municipal de Espera Feliz - MG;3124203;MG;DCA-Anexo I-C;NA;Receitas Brutas Realizadas;RO1.7.2.1.34.00.00;1.7.2.1.34.00.00 - Transferências de Recursos do Fundo Nacional de Assistência Social ¿ FNAS;532888,06;24469
2016;Prefeitura Municipal de Espera Feliz - MG;3124203;MG;DCA-Anexo I-C;NA;Receitas Brutas Realizadas;RO1.7.2.1.35.00.00;1.7.2.1.35.00.00 - Transferências de Recursos do Fundo Nacional do Desenvolvimento da Educação ¿ FNDE;1045260,20;24469
2016;Prefeitura Municipal de Espera Feliz - MG;3124203;MG;DCA-Anexo I-C;NA;Receitas Brutas Realizadas;RO1.7.2.1.36.00.00;1.7.2.1.36.00.00 - Transferências Financeiras do ICMS ¿ Desoneração ¿ L.C. Nº 87/96;35096,40;24469
2016;Prefeitura Municipal de Espera Feliz - MG;3124203;MG;DCA-Anexo I-C;NA;Deduções - FUNDEB;RO1.7.2.1.36.00.00;1.7.2.1.36.00.00 - Transferências Financeiras do ICMS ¿ Desoneração ¿ L.C. Nº 87/96;7019,28;24469
2016;Prefeitura Municipal de Espera Feliz - MG;3124203;MG;DCA-Anexo I-C;NA;Receitas Brutas Realizadas;RO1.7.2.1.99.00.00;1.7.2.1.99.00.00 - Outras Transferências da União;1735382,09;24469
2016;Prefeitura Municipal de Espera Feliz - MG;3124203;MG;DCA-Anexo I-C;NA;Receitas Brutas Realizadas;RO1.7.2.2.00.00.00;1.7.2.2.00.00.00 - Transferências dos Estados;8155295,79;24469
2016;Prefeitura Municipal de Espera Feliz - MG;3124203;MG;DCA-Anexo I-C;NA;Deduções - FUNDEB;RO1.7.2.2.00.00.00;1.7.2.2.00.00.00 - Transferências dos Estados;1535645,04;24469
2016;Prefeitura Municipal de Espera Feliz - MG;3124203;MG;DCA-Anexo I-C;NA;Receitas Brutas Realizadas;RO1.7.2.2.01.00.00;1.7.2.2.01.00.00 - Participação na Receita dos Estados;7722846,44;24469
2016;Prefeitura Municipal de Espera Feliz - MG;3124203;MG;DCA-Anexo I-C;NA;Deduções - FUNDEB;RO1.7.2.2.01.00.00;1.7.2.2.01.00.00 - Participação na Receita dos Estados;1535645,04;24469
2016;Prefeitura Municipal de Espera Feliz - MG;3124203;MG;DCA-Anexo I-C;NA;Receitas Brutas Realizadas;RO1.7.2.2.01.01.00;1.7.2.2.01.01.00 - Cota-Parte do ICMS;5724016,03;24469
2016;Prefeitura Municipal de Espera Feliz - MG;3124203;MG;DCA-Anexo I-C;NA;Deduções - FUNDEB;RO1.7.2.2.01.01.00;1.7.2.2.01.01.00 - Cota-Parte do ICMS;1144802,94;24469
2016;Prefeitura Municipal de Espera Feliz - MG;3124203;MG;DCA-Anexo I-C;NA;Receitas Brutas Realizadas;RO1.7.2.2.01.02.00;1.7.2.2.01.02.00 - Cota-Parte do IPVA;1883100,46;24469
2016;Prefeitura Municipal de Espera Feliz - MG;3124203;MG;DCA-Anexo I-C;NA;Deduções - FUNDEB;RO1.7.2.2.01.02.00;1.7.2.2.01.02.00 - Cota-Parte do IPVA;376618,84;24469
2016;Prefeitura Municipal de Espera Feliz - MG;3124203;MG;DCA-Anexo I-C;NA;Receitas Brutas Realizadas;RO1.7.2.2.01.04.00;1.7.2.2.01.04.00 - Cota-Parte do IPI - Municípios;71116,37;24469
2016;Prefeitura Municipal de Espera Feliz - MG;3124203;MG;DCA-Anexo I-C;NA;Deduções - FUNDEB;RO1.7.2.2.01.04.00;1.7.2.2.01.04.00 - Cota-Parte do IPI - Municípios;14223,26;24469
2016;Prefeitura Municipal de Espera Feliz - MG;3124203;MG;DCA-Anexo I-C;NA;Receitas Brutas Realizadas;RO1.7.2.2.01.13.00;1.7.2.2.01.13.00 - Cota-Parte da Contribuição de Intervenção no Domínio Econômico;44613,58;24469
2016;Prefeitura Municipal de Espera Feliz - MG;3124203;MG;DCA-Anexo I-C;NA;Receitas Brutas Realizadas;RO1.7.2.2.22.00.00;1.7.2.2.22.00.00 - Transferências da Cota-Parte da Compensação Financeira (25%);25626,55;24469
2016;Prefeitura Municipal de Espera Feliz - MG;3124203;MG;DCA-Anexo I-C;NA;Receitas Brutas Realizadas;RO1.7.2.2.22.20.00;1.7.2.2.22.20.00 - Cota-Parte da Compensação Financeira de Recursos Minerais - CFEM;25626,55;24469
2016;Prefeitura Municipal de Espera Feliz - MG;3124203;MG;DCA-Anexo I-C;NA;Receitas Brutas Realizadas;RO1.7.2.2.33.00.00;1.7.2.2.33.00.00 - Transferências de Recursos do Estado para Programas de Saúde - Repasse Fundo a Fundo;369022,80;24469
2016;Prefeitura Municipal de Espera Feliz - MG;3124203;MG;DCA-Anexo I-C;NA;Receitas Brutas Realizadas;RO1.7.2.2.99.00.00;1.7.2.2.99.00.00 - Outras Transferências dos Estados;37800,00;24469
2016;Prefeitura Municipal de Espera Feliz - MG;3124203;MG;DCA-Anexo I-C;NA;Receitas Brutas Realizadas;RO1.7.2.3.00.00.00;1.7.2.3.00.00.00 - Transferências dos Municípios;78400,00;24469
2016;Prefeitura Municipal de Espera Feliz - MG;3124203;MG;DCA-Anexo I-C;NA;Receitas Brutas Realizadas;RO1.7.2.3.99.00.00;1.7.2.3.99.00.00 - Outras Transferências dos Municípios;78400,00;24469
2016;Prefeitura Municipal de Espera Feliz - MG;3124203;MG;DCA-Anexo I-C;NA;Receitas Brutas Realizadas;RO1.7.2.4.00.00.00;1.7.2.4.00.00.00 - Transferências Multigovernamentais;5889584,03;24469
2016;Prefeitura Municipal de Espera Feliz - MG;3124203;MG;DCA-Anexo I-C;NA;Receitas Brutas Realizadas;RO1.7.2.4.01.00.00;1.7.2.4.01.00.00 - Transferências de Recursos do Fundo de Manutenção e Desenvolvimento do Ensino Fundamental e de Valorização do Magistério - FUNDEB;5889584,03;24469
2016;Prefeitura Municipal de Espera Feliz - MG;3124203;MG;DCA-Anexo I-C;NA;Receitas Brutas Realizadas;RO1.7.6.0.00.00.00;1.7.6.0.00.00.00 - Transferências de Convênios;658920,00;24469
2016;Prefeitura Municipal de Espera Feliz - MG;3124203;MG;DCA-Anexo I-C;NA;Receitas Brutas Realizadas;RO1.7.6.1.00.00.00;1.7.6.1.00.00.00 - Transferências de Convênios da União e de Suas Entidades;243750,00;24469
2016;Prefeitura Municipal de Espera Feliz - MG;3124203;MG;DCA-Anexo I-C;NA;Receitas Brutas Realizadas;RO1.7.6.1.99.00.00;1.7.6.1.99.00.00 - Outras Transferências de Convênios da União;243750,00;24469
2016;Prefeitura Municipal de Espera Feliz - MG;3124203;MG;DCA-Anexo I-C;NA;Receitas Brutas Realizadas;RO1.7.6.2.00.00.00;1.7.6.2.00.00.00 - Transferências de Convênios dos Estados e do Distrito Federal e de Suas Entidades;415170,00;24469
2016;Prefeitura Municipal de Espera Feliz - MG;3124203;MG;DCA-Anexo I-C;NA;Receitas Brutas Realizadas;RO1.7.6.2.01.00.00;1.7.6.2.01.00.00 - Transferências de Convênios dos Estados para o Sistema Único de Saúde - SUS;415170,00;24469
2016;Prefeitura Municipal de Espera Feliz - MG;3124203;MG;DCA-Anexo I-C;NA;Receitas Brutas Realizadas;RO1.9.0.0.00.00.00;1.9.0.0.00.00.00 - Outras Receitas Correntes;282259,12;24469
2016;Prefeitura Municipal de Espera Feliz - MG;3124203;MG;DCA-Anexo I-C;NA;Receitas Brutas Realizadas;RO1.9.1.0.00.00.00;1.9.1.0.00.00.00 - Multas e Juros de Mora;18160,11;24469
2016;Prefeitura Municipal de Espera Feliz - MG;3124203;MG;DCA-Anexo I-C;NA;Receitas Brutas Realizadas;RO1.9.1.1.00.00.00;1.9.1.1.00.00.00 - Multas e Juros de Mora dos Tributos;3580,40;24469
2016;Prefeitura Municipal de Espera Feliz - MG;3124203;MG;DCA-Anexo I-C;NA;Receitas Brutas Realizadas;RO1.9.1.1.38.00.00;1.9.1.1.38.00.00 - Multas e Juros de Mora do Imposto sobre a Propriedade Predial e Territorial Urbana ¿ IPTU;965,95;24469
2016;Prefeitura Municipal de Espera Feliz - MG;3124203;MG;DCA-Anexo I-C;NA;Receitas Brutas Realizadas;RO1.9.1.1.39.00.00;1.9.1.1.39.00.00 - Multas e Juros de Mora do Imposto sobre a Transmissão Inter Vivos de Bens Imóveis - ITBI;13,93;24469
2016;Prefeitura Municipal de Espera Feliz - MG;3124203;MG;DCA-Anexo I-C;NA;Receitas Brutas Realizadas;RO1.9.1.1.40.00.00;1.9.1.1.40.00.00 - Multas e Juros de Mora do Imposto sobre Serviços de Qualquer Natureza ¿ ISS;270,67;24469
2016;Prefeitura Municipal de Espera Feliz - MG;3124203;MG;DCA-Anexo I-C;NA;Receitas Brutas Realizadas;RO1.9.1.1.99.00.00;1.9.1.1.99.00.00 - Multas e Juros de Mora de Outros Tributos;2329,85;24469
2016;Prefeitura Municipal de Espera Feliz - MG;3124203;MG;DCA-Anexo I-C;NA;Receitas Brutas Realizadas;RO1.9.1.3.00.00.00;1.9.1.3.00.00.00 - Multas e Juros de Mora da Dívida Ativa dos Tributos;14579,71;24469
2016;Prefeitura Municipal de Espera Feliz - MG;3124203;MG;DCA-Anexo I-C;NA;Receitas Brutas Realizadas;RO1.9.1.3.11.00.00;1.9.1.3.11.00.00 - Multas e Juros de Mora da Dívida Ativa do Imposto sobre a Propriedade Predial e Territorial Urbana ¿ IPTU;13964,02;24469
2016;Prefeitura Municipal de Espera Feliz - MG;3124203;MG;DCA-Anexo I-C;NA;Receitas Brutas Realizadas;RO1.9.1.3.13.00.00;1.9.1.3.13.00.00 - Multas e Juros de Mora da Dívida Ativa do Imposto sobre Serviços de Qualquer Natureza ¿ ISS;615,69;24469
2016;Prefeitura Municipal de Espera Feliz - MG;3124203;MG;DCA-Anexo I-C;NA;Receitas Brutas Realizadas;RO1.9.2.0.00.00.00;1.9.2.0.00.00.00 - Indenizações e Restituições;10658,40;24469
2016;Prefeitura Municipal de Espera Feliz - MG;3124203;MG;DCA-Anexo I-C;NA;Receitas Brutas Realizadas;RO1.9.2.2.00.00.00;1.9.2.2.00.00.00 - Restituições;10658,40;24469
2016;Prefeitura Municipal de Espera Feliz - MG;3124203;MG;DCA-Anexo I-C;NA;Receitas Brutas Realizadas;RO1.9.2.2.01.00.00;1.9.2.2.01.00.00 - Restituições de Convênios;10658,40;24469
2016;Prefeitura Municipal de Espera Feliz - MG;3124203;MG;DCA-Anexo I-C;NA;Receitas Brutas Realizadas;RO1.9.3.0.00.00.00;1.9.3.0.00.00.00 - Receita da Dívida Ativa;224450,33;24469
2016;Prefeitura Municipal de Espera Feliz - MG;3124203;MG;DCA-Anexo I-C;NA;Receitas Brutas Realizadas;RO1.9.3.1.00.00.00;1.9.3.1.00.00.00 - Receita da Dívida Ativa Tributária;224450,33;24469
2016;Prefeitura Municipal de Espera Feliz - MG;3124203;MG;DCA-Anexo I-C;NA;Receitas Brutas Realizadas;RO1.9.3.1.11.00.00;1.9.3.1.11.00.00 - Receita da Dívida Ativa do Imposto sobre a Propriedade Predial e Territorial Urbana ¿ IPTU;69671,26;24469
2016;Prefeitura Municipal de Espera Feliz - MG;3124203;MG;DCA-Anexo I-C;NA;Receitas Brutas Realizadas;RO1.9.3.1.13.00.00;1.9.3.1.13.00.00 - Receita da Dívida Ativa do Imposto sobre Serviços de Qualquer Natureza ¿ ISS;3134,33;24469
2016;Prefeitura Municipal de Espera Feliz - MG;3124203;MG;DCA-Anexo I-C;NA;Receitas Brutas Realizadas;RO1.9.3.1.99.00.00;1.9.3.1.99.00.00 - Receita da Dívida Ativa de Outros Tributos;151644,74;24469
2016;Prefeitura Municipal de Espera Feliz - MG;3124203;MG;DCA-Anexo I-C;NA;Receitas Brutas Realizadas;RO1.9.9.0.00.00.00;1.9.9.0.00.00.00 - Receitas Diversas;28990,28;24469
2016;Prefeitura Municipal de Espera Feliz - MG;3124203;MG;DCA-Anexo I-C;NA;Receitas Brutas Realizadas;RO1.9.9.0.21.00.00;1.9.9.0.21.00.00 - Receita de Seguros decorrente da Indenização por Sinistro;22305,00;24469
2016;Prefeitura Municipal de Espera Feliz - MG;3124203;MG;DCA-Anexo I-C;NA;Receitas Brutas Realizadas;RO1.9.9.0.99.00.00;1.9.9.0.99.00.00 - Outras Receitas;6685,28;24469
2016;Prefeitura Municipal de Espera Feliz - MG;3124203;MG;DCA-Anexo I-C;NA;Receitas Brutas Realizadas;RO2.0.0.0.00.00.00;2.0.0.0.00.00.00 - Receitas de Capital;1150354,28;24469
2016;Prefeitura Municipal de Espera Feliz - MG;3124203;MG;DCA-Anexo I-C;NA;Receitas Brutas Realizadas;RO2.1.0.0.00.00.00;2.1.0.0.00.00.00 - Operações de Crédito;299297,38;24469
2016;Prefeitura Municipal de Espera Feliz - MG;3124203;MG;DCA-Anexo I-C;NA;Receitas Brutas Realizadas;RO2.1.1.0.00.00.00;2.1.1.0.00.00.00 - Operações de Crédito Internas;299297,38;24469
2016;Prefeitura Municipal de Espera Feliz - MG;3124203;MG;DCA-Anexo I-C;NA;Receitas Brutas Realizadas;RO2.2.0.0.00.00.00;2.2.0.0.00.00.00 - Alienação de Bens;60200,00;24469
2016;Prefeitura Municipal de Espera Feliz - MG;3124203;MG;DCA-Anexo I-C;NA;Receitas Brutas Realizadas;RO2.2.1.0.00.00.00;2.2.1.0.00.00.00 - Alienação de Bens Móveis;60200,00;24469
2016;Prefeitura Municipal de Espera Feliz - MG;3124203;MG;DCA-Anexo I-C;NA;Receitas Brutas Realizadas;RO2.4.0.0.00.00.00;2.4.0.0.00.00.00 - Transferências de Capital;790856,90;24469
2016;Prefeitura Municipal de Espera Feliz - MG;3124203;MG;DCA-Anexo I-C;NA;Receitas Brutas Realizadas;RO2.4.7.0.00.00.00;2.4.7.0.00.00.00 - Transferências de Convênios;790856,90;24469
2016;Prefeitura Municipal de Espera Feliz - MG;3124203;MG;DCA-Anexo I-C;NA;Receitas Brutas Realizadas;RO2.4.7.1.00.00.00;2.4.7.1.00.00.00 - Transferências de Convênios da União e de suas Entidades;699856,90;24469
2016;Prefeitura Municipal de Espera Feliz - MG;3124203;MG;DCA-Anexo I-C;NA;Receitas Brutas Realizadas;RO2.4.7.1.05.00.00;2.4.7.1.05.00.00 - Transferências de Convênios da União Destinadas a Programas de Infraestrutura em Transporte;568231,90;24469
2016;Prefeitura Municipal de Espera Feliz - MG;3124203;MG;DCA-Anexo I-C;NA;Receitas Brutas Realizadas;RO2.4.7.1.99.00.00;2.4.7.1.99.00.00 - Outras Transferências de Convênios da União;131625,00;24469
2016;Prefeitura Municipal de Espera Feliz - MG;3124203;MG;DCA-Anexo I-C;NA;Receitas Brutas Realizadas;RO2.4.7.2.00.00.00;2.4.7.2.00.00.00 - Transferências de Convênios dos Estados e do Distrito Federal e de suas Entidades;91000,00;24469
2016;Prefeitura Municipal de Espera Feliz - MG;3124203;MG;DCA-Anexo I-C;NA;Receitas Brutas Realizadas;RO2.4.7.2.05.00.00;2.4.7.2.05.00.00 - Transferências de Convênios dos Estados Destinadas a Programas de Infraestrutura em Transporte;91000,00;24469
2016;Prefeitura Municipal de Espera Feliz - MG;3124203;MG;DCA-Anexo I-C;NA;Receitas Brutas Realizadas;RI7.0.0.0.00.00.00;7.0.0.0.00.00.00 - Receitas Correntes Intraorçamentárias;2623086,88;24469
2016;Prefeitura Municipal de Espera Feliz - MG;3124203;MG;DCA-Anexo I-C;NA;Receitas Brutas Realizadas;RI7.2.0.0.00.00.00;7.2.0.0.00.00.00 - Receitas de Contribuições Intraorçamentárias;2591888,94;24469
2016;Prefeitura Municipal de Espera Feliz - MG;3124203;MG;DCA-Anexo I-C;NA;Receitas Brutas Realizadas;RI7.2.1.0.00.00.00;7.2.1.0.00.00.00 - Contribuições Sociais Intraorçamentárias;2591888,94;24469
2016;Prefeitura Municipal de Espera Feliz - MG;3124203;MG;DCA-Anexo I-C;NA;Receitas Brutas Realizadas;RI7.2.1.0.29.00.00;7.2.1.0.29.00.00 - Contribuições para o Regime Próprio de Previdência do Servidor Público Intraorçamentárias;2513204,80;24469
2016;Prefeitura Municipal de Espera Feliz - MG;3124203;MG;DCA-Anexo I-C;NA;Receitas Brutas Realizadas;RI7.2.1.0.29.01.00;7.2.1.0.29.01.00 - Contribuição Patronal de Servidor Ativo Civil para o Regime Próprio Intraorçamentária;2513204,80;24469
2016;Prefeitura Municipal de Espera Feliz - MG;3124203;MG;DCA-Anexo I-C;NA;Receitas Brutas Realizadas;RI7.2.1.0.99.00.00;7.2.1.0.99.00.00 - Outras Contribuições Sociais Intraorçamentárias;78684,14;24469
2016;Prefeitura Municipal de Espera Feliz - MG;3124203;MG;DCA-Anexo I-C;NA;Receitas Brutas Realizadas;RI7.9.0.0.00.00.00;7.9.0.0.00.00.00 - Outras Receitas Correntes Intraorçamentárias;31197,94;24469
2016;Prefeitura Municipal de Espera Feliz - MG;3124203;MG;DCA-Anexo I-C;NA;Receitas Brutas Realizadas;RI7.9.1.2.00.00.00;7.9.1.2.00.00.00 - Multas e Juros de Mora das Contribuições Intraorçamentárias;31197,94;24469
2016;Prefeitura Municipal de Espera Feliz - MG;3124203;MG;DCA-Anexo I-C;NA;Receitas Brutas Realizadas;RI7.9.1.2.99.00.00;7.9.1.2.99.00.00 - Outras Multas e Juros de Mora de Contribuições Intraorçamentárias;31197,94;24469
2017;Prefeitura Municipal de Espera Feliz - MG;3124203;MG;DCA-Anexo I-C;Padrão;Receitas Brutas Realizadas;TotalReceitas;Total Receitas;55791922,48;24641
2017;Prefeitura Municipal de Espera Feliz - MG;3124203;MG;DCA-Anexo I-C;Padrão;Deduções - FUNDEB;TotalReceitas;Total Receitas;5422348,98;24641
2017;Prefeitura Municipal de Espera Feliz - MG;3124203;MG;DCA-Anexo I-C;Padrão;Receitas Brutas Realizadas;RO1.0.0.0.00.00.00;1.0.0.0.00.00.00 - Receitas Correntes;50686201,44;24641
2017;Prefeitura Municipal de Espera Feliz - MG;3124203;MG;DCA-Anexo I-C;Padrão;Deduções - FUNDEB;RO1.0.0.0.00.00.00;1.0.0.0.00.00.00 - Receitas Correntes;5422348,98;24641
2017;Prefeitura Municipal de Espera Feliz - MG;3124203;MG;DCA-Anexo I-C;Padrão;Receitas Brutas Realizadas;RO1.1.0.0.00.00.00;1.1.0.0.00.00.00 - Receita Tributária;2996997,53;24641
2017;Prefeitura Municipal de Espera Feliz - MG;3124203;MG;DCA-Anexo I-C;Padrão;Receitas Brutas Realizadas;RO1.1.1.0.00.00.00;1.1.1.0.00.00.00 - Impostos;2633095,02;24641
2017;Prefeitura Municipal de Espera Feliz - MG;3124203;MG;DCA-Anexo I-C;Padrão;Receitas Brutas Realizadas;RO1.1.1.2.00.00.00;1.1.1.2.00.00.00 - Impostos sobre o Patrimônio e a Renda;1558824,42;24641
2017;Prefeitura Municipal de Espera Feliz - MG;3124203;MG;DCA-Anexo I-C;Padrão;Receitas Brutas Realizadas;RO1.1.1.2.02.00.00;1.1.1.2.02.00.00 - Imposto sobre a Propriedade Predial e Territorial Urbana ¿ IPTU;207318,17;24641
2017;Prefeitura Municipal de Espera Feliz - MG;3124203;MG;DCA-Anexo I-C;Padrão;Receitas Brutas Realizadas;RO1.1.1.2.04.00.00;1.1.1.2.04.00.00 - Imposto sobre a Renda e Proventos de Qualquer Natureza ¿ IR;814399,43;24641
2017;Prefeitura Municipal de Espera Feliz - MG;3124203;MG;DCA-Anexo I-C;Padrão;Receitas Brutas Realizadas;RO1.1.1.2.04.31.00;1.1.1.2.04.31.00 - Retido nas Fontes - Trabalho;813069,64;24641
2017;Prefeitura Municipal de Espera Feliz - MG;3124203;MG;DCA-Anexo I-C;Padrão;Receitas Brutas Realizadas;RO1.1.1.2.04.34.00;1.1.1.2.04.34.00 - Retido nas Fontes - Outros Rendimentos;1329,79;24641
2017;Prefeitura Municipal de Espera Feliz - MG;3124203;MG;DCA-Anexo I-C;Padrão;Receitas Brutas Realizadas;RO1.1.1.2.08.00.00;"1.1.1.2.08.00.00 - Imposto sobre Transmissão ""Inter Vivos"" de Bens Imóveis e de Direitos Reais sobre Imóveis ¿ ITBI";537106,82;24641
2017;Prefeitura Municipal de Espera Feliz - MG;3124203;MG;DCA-Anexo I-C;Padrão;Receitas Brutas Realizadas;RO1.1.1.3.00.00.00;1.1.1.3.00.00.00 - Impostos sobre a Produção e a Circulação;1074270,60;24641
2017;Prefeitura Municipal de Espera Feliz - MG;3124203;MG;DCA-Anexo I-C;Padrão;Receitas Brutas Realizadas;RO1.1.1.3.05.00.00;1.1.1.3.05.00.00 - Imposto sobre Serviços de Qualquer Natureza ¿ ISSQN;1074270,60;24641
2017;Prefeitura Municipal de Espera Feliz - MG;3124203;MG;DCA-Anexo I-C;Padrão;Receitas Brutas Realizadas;RO1.1.2.0.00.00.00;1.1.2.0.00.00.00 - Taxas;363902,51;24641
2017;Prefeitura Municipal de Espera Feliz - MG;3124203;MG;DCA-Anexo I-C;Padrão;Receitas Brutas Realizadas;RO1.1.2.1.00.00.00;1.1.2.1.00.00.00 - Taxas pelo Exercício do Poder de Polícia;178932,19;24641
2017;Prefeitura Municipal de Espera Feliz - MG;3124203;MG;DCA-Anexo I-C;Padrão;Receitas Brutas Realizadas;RO1.1.2.2.00.00.00;1.1.2.2.00.00.00 - Taxas pela Prestação de Serviços;184970,32;24641
2017;Prefeitura Municipal de Espera Feliz - MG;3124203;MG;DCA-Anexo I-C;Padrão;Receitas Brutas Realizadas;RO1.1.2.2.28.00.00;1.1.2.2.28.00.00 - Taxa de Cemitérios;47833,91;24641
2017;Prefeitura Municipal de Espera Feliz - MG;3124203;MG;DCA-Anexo I-C;Padrão;Receitas Brutas Realizadas;RO1.1.2.2.90.00.00;1.1.2.2.90.00.00 - Taxa de Limpeza Pública;88707,05;24641
2017;Prefeitura Municipal de Espera Feliz - MG;3124203;MG;DCA-Anexo I-C;Padrão;Receitas Brutas Realizadas;RO1.1.2.2.99.00.00;1.1.2.2.99.00.00 - Outras Taxas pela Prestação de Serviços;48429,36;24641
2017;Prefeitura Municipal de Espera Feliz - MG;3124203;MG;DCA-Anexo I-C;Padrão;Receitas Brutas Realizadas;RO1.2.0.0.00.00.00;1.2.0.0.00.00.00 - Receitas de Contribuições;2259331,95;24641
2017;Prefeitura Municipal de Espera Feliz - MG;3124203;MG;DCA-Anexo I-C;Padrão;Receitas Brutas Realizadas;RO1.2.1.0.00.00.00;1.2.1.0.00.00.00 - Contribuições Sociais;1134736,87;24641
2017;Prefeitura Municipal de Espera Feliz - MG;3124203;MG;DCA-Anexo I-C;Padrão;Receitas Brutas Realizadas;RO1.2.1.0.29.00.00;1.2.1.0.29.00.00 - Contribuições para o Regime Próprio de Previdência do Servidor Público;1134736,87;24641
2017;Prefeitura Municipal de Espera Feliz - MG;3124203;MG;DCA-Anexo I-C;Padrão;Receitas Brutas Realizadas;RO1.2.1.0.29.07.00;1.2.1.0.29.07.00 - Contribuição do Servidor Ativo Civil para o Regime Próprio;1133540,09;24641
2017;Prefeitura Municipal de Espera Feliz - MG;3124203;MG;DCA-Anexo I-C;Padrão;Receitas Brutas Realizadas;RO1.2.1.0.29.09.00;1.2.1.0.29.09.00 - Contribuições do Servidor Inativo Civil para o Regime Próprio;1196,78;24641
2017;Prefeitura Municipal de Espera Feliz - MG;3124203;MG;DCA-Anexo I-C;Padrão;Receitas Brutas Realizadas;RO1.2.3.0.00.00.00;1.2.3.0.00.00.00 - Contribuição para Custeio do Serviço de Iluminação Pública;1124595,08;24641
2017;Prefeitura Municipal de Espera Feliz - MG;3124203;MG;DCA-Anexo I-C;Padrão;Receitas Brutas Realizadas;RO1.3.0.0.00.00.00;1.3.0.0.00.00.00 - Receita Patrimonial;1543761,89;24641
2017;Prefeitura Municipal de Espera Feliz - MG;3124203;MG;DCA-Anexo I-C;Padrão;Receitas Brutas Realizadas;RO1.3.1.0.00.00.00;1.3.1.0.00.00.00 - Receitas Imobiliárias;18675,20;24641
2017;Prefeitura Municipal de Espera Feliz - MG;3124203;MG;DCA-Anexo I-C;Padrão;Receitas Brutas Realizadas;RO1.3.1.1.00.00.00;1.3.1.1.00.00.00 - Aluguéis;18675,20;24641
2017;Prefeitura Municipal de Espera Feliz - MG;3124203;MG;DCA-Anexo I-C;Padrão;Receitas Brutas Realizadas;RO1.3.2.0.00.00.00;1.3.2.0.00.00.00 - Receitas de Valores Mobiliários;1525086,69;24641
2017;Prefeitura Municipal de Espera Feliz - MG;3124203;MG;DCA-Anexo I-C;Padrão;Receitas Brutas Realizadas;RO1.3.2.5.00.00.00;1.3.2.5.00.00.00 - Remuneração de Depósitos Bancários;253542,37;24641
2017;Prefeitura Municipal de Espera Feliz - MG;3124203;MG;DCA-Anexo I-C;Padrão;Receitas Brutas Realizadas;RO1.3.2.8.00.00.00;1.3.2.8.00.00.00 - Remuneração dos Investimentos do Regime Próprio de Previdência do Servidor;1271544,32;24641
2017;Prefeitura Municipal de Espera Feliz - MG;3124203;MG;DCA-Anexo I-C;Padrão;Receitas Brutas Realizadas;RO1.6.0.0.00.00.00;1.6.0.0.00.00.00 - Receita de Serviços;574564,01;24641
2017;Prefeitura Municipal de Espera Feliz - MG;3124203;MG;DCA-Anexo I-C;Padrão;Receitas Brutas Realizadas;RO1.6.0.0.13.00.00;1.6.0.0.13.00.00 - Serviços Administrativos;20786,19;24641
2017;Prefeitura Municipal de Espera Feliz - MG;3124203;MG;DCA-Anexo I-C;Padrão;Receitas Brutas Realizadas;RO1.6.0.0.42.00.00;1.6.0.0.42.00.00 - Serviços de Coleta, Transporte, Tratamento e Destino Final de Esgotos;105223,88;24641
2017;Prefeitura Municipal de Espera Feliz - MG;3124203;MG;DCA-Anexo I-C;Padrão;Receitas Brutas Realizadas;RO1.6.0.0.43.00.00;1.6.0.0.43.00.00 - Serviços de Coleta, Transporte, Tratamento e Destino Final de Resíduos Sólidos;169641,08;24641
2017;Prefeitura Municipal de Espera Feliz - MG;3124203;MG;DCA-Anexo I-C;Padrão;Receitas Brutas Realizadas;RO1.6.0.0.44.00.00;1.6.0.0.44.00.00 - Serviços de Abate de Animais;119812,85;24641
2017;Prefeitura Municipal de Espera Feliz - MG;3124203;MG;DCA-Anexo I-C;Padrão;Receitas Brutas Realizadas;RO1.6.0.0.45.00.00;1.6.0.0.45.00.00 - Serviços de Preparação da Terra em Propriedades Particulares;158335,01;24641
2017;Prefeitura Municipal de Espera Feliz - MG;3124203;MG;DCA-Anexo I-C;Padrão;Receitas Brutas Realizadas;RO1.6.0.0.46.00.00;1.6.0.0.46.00.00 - Serviços de Cemitério;765,00;24641
2017;Prefeitura Municipal de Espera Feliz - MG;3124203;MG;DCA-Anexo I-C;Padrão;Receitas Brutas Realizadas;RO1.7.0.0.00.00.00;1.7.0.0.00.00.00 - Transferências Correntes;42882285,52;24641
2017;Prefeitura Municipal de Espera Feliz - MG;3124203;MG;DCA-Anexo I-C;Padrão;Deduções - FUNDEB;RO1.7.0.0.00.00.00;1.7.0.0.00.00.00 - Transferências Correntes;5422348,98;24641
2017;Prefeitura Municipal de Espera Feliz - MG;3124203;MG;DCA-Anexo I-C;Padrão;Receitas Brutas Realizadas;RO1.7.2.0.00.00.00;1.7.2.0.00.00.00 - Transferências Intergovernamentais;42347414,53;24641
2017;Prefeitura Municipal de Espera Feliz - MG;3124203;MG;DCA-Anexo I-C;Padrão;Deduções - FUNDEB;RO1.7.2.0.00.00.00;1.7.2.0.00.00.00 - Transferências Intergovernamentais;5422348,98;24641
2017;Prefeitura Municipal de Espera Feliz - MG;3124203;MG;DCA-Anexo I-C;Padrão;Receitas Brutas Realizadas;RO1.7.2.1.00.00.00;1.7.2.1.00.00.00 - Transferências da União;26248978,05;24641
2017;Prefeitura Municipal de Espera Feliz - MG;3124203;MG;DCA-Anexo I-C;Padrão;Deduções - FUNDEB;RO1.7.2.1.00.00.00;1.7.2.1.00.00.00 - Transferências da União;3549266,10;24641
2017;Prefeitura Municipal de Espera Feliz - MG;3124203;MG;DCA-Anexo I-C;Padrão;Receitas Brutas Realizadas;RO1.7.2.1.01.00.00;1.7.2.1.01.00.00 - Participação na Receita da União;19304848,95;24641
2017;Prefeitura Municipal de Espera Feliz - MG;3124203;MG;DCA-Anexo I-C;Padrão;Deduções - FUNDEB;RO1.7.2.1.01.00.00;1.7.2.1.01.00.00 - Participação na Receita da União;3541277,46;24641
2017;Prefeitura Municipal de Espera Feliz - MG;3124203;MG;DCA-Anexo I-C;Padrão;Receitas Brutas Realizadas;RO1.7.2.1.01.02.00;1.7.2.1.01.02.00 - Cota-Parte do Fundo de Participação dos Municípios ¿ FPM;17697204,50;24641
2017;Prefeitura Municipal de Espera Feliz - MG;3124203;MG;DCA-Anexo I-C;Padrão;Deduções - FUNDEB;RO1.7.2.1.01.02.00;1.7.2.1.01.02.00 - Cota-Parte do Fundo de Participação dos Municípios ¿ FPM;3539440,52;24641
2017;Prefeitura Municipal de Espera Feliz - MG;3124203;MG;DCA-Anexo I-C;Padrão;Receitas Brutas Realizadas;RO1.7.2.1.01.03.00;1.7.2.1.01.03.00 - Cota-Parte do Fundo de Participação dos Municípios - 1% Cota Anual;786744,43;24641
2017;Prefeitura Municipal de Espera Feliz - MG;3124203;MG;DCA-Anexo I-C;Padrão;Receitas Brutas Realizadas;RO1.7.2.1.01.04.00;1.7.2.1.01.04.00 - Cota-Parte do Fundo de Participação dos Municípios - 1% Cota entregue no mês de julho (67)(I);811711,06;24641
2017;Prefeitura Municipal de Espera Feliz - MG;3124203;MG;DCA-Anexo I-C;Padrão;Receitas Brutas Realizadas;RO1.7.2.1.01.05.00;1.7.2.1.01.05.00 - Cota-Parte do Imposto Sobre a Propriedade Territorial Rural ¿ ITR;9188,96;24641
2017;Prefeitura Municipal de Espera Feliz - MG;3124203;MG;DCA-Anexo I-C;Padrão;Deduções - FUNDEB;RO1.7.2.1.01.05.00;1.7.2.1.01.05.00 - Cota-Parte do Imposto Sobre a Propriedade Territorial Rural ¿ ITR;1836,94;24641
2017;Prefeitura Municipal de Espera Feliz - MG;3124203;MG;DCA-Anexo I-C;Padrão;Receitas Brutas Realizadas;RO1.7.2.1.22.00.00;1.7.2.1.22.00.00 - Transferências da Compensação Financeira pela Exploração de Recursos Naturais;205569,63;24641
2017;Prefeitura Municipal de Espera Feliz - MG;3124203;MG;DCA-Anexo I-C;Padrão;Receitas Brutas Realizadas;RO1.7.2.1.22.70.00;1.7.2.1.22.70.00 - Cota-Parte do Fundo Especial do Petróleo ¿ FEP;205569,63;24641
2017;Prefeitura Municipal de Espera Feliz - MG;3124203;MG;DCA-Anexo I-C;Padrão;Receitas Brutas Realizadas;RO1.7.2.1.33.00.00;1.7.2.1.33.00.00 - Transferências de Recursos do Sistema Único de Saúde - SUS - Repasses Fundo a Fundo;4968506,86;24641
2017;Prefeitura Municipal de Espera Feliz - MG;3124203;MG;DCA-Anexo I-C;Padrão;Receitas Brutas Realizadas;RO1.7.2.1.34.00.00;1.7.2.1.34.00.00 - Transferências de Recursos do Fundo Nacional de Assistência Social ¿ FNAS;562755,16;24641
2017;Prefeitura Municipal de Espera Feliz - MG;3124203;MG;DCA-Anexo I-C;Padrão;Receitas Brutas Realizadas;RO1.7.2.1.35.00.00;1.7.2.1.35.00.00 - Transferências de Recursos do Fundo Nacional do Desenvolvimento da Educação ¿ FNDE;1126746,83;24641
2017;Prefeitura Municipal de Espera Feliz - MG;3124203;MG;DCA-Anexo I-C;Padrão;Receitas Brutas Realizadas;RO1.7.2.1.36.00.00;1.7.2.1.36.00.00 - Transferências Financeiras do ICMS ¿ Desoneração ¿ L.C. Nº 87/96;39943,56;24641
2017;Prefeitura Municipal de Espera Feliz - MG;3124203;MG;DCA-Anexo I-C;Padrão;Deduções - FUNDEB;RO1.7.2.1.36.00.00;1.7.2.1.36.00.00 - Transferências Financeiras do ICMS ¿ Desoneração ¿ L.C. Nº 87/96;7988,64;24641
2017;Prefeitura Municipal de Espera Feliz - MG;3124203;MG;DCA-Anexo I-C;Padrão;Receitas Brutas Realizadas;RO1.7.2.1.99.00.00;1.7.2.1.99.00.00 - Outras Transferências da União;40607,06;24641
2017;Prefeitura Municipal de Espera Feliz - MG;3124203;MG;DCA-Anexo I-C;Padrão;Receitas Brutas Realizadas;RO1.7.2.2.00.00.00;1.7.2.2.00.00.00 - Transferências dos Estados;9693544,19;24641
2017;Prefeitura Municipal de Espera Feliz - MG;3124203;MG;DCA-Anexo I-C;Padrão;Deduções - FUNDEB;RO1.7.2.2.00.00.00;1.7.2.2.00.00.00 - Transferências dos Estados;1873082,88;24641
2017;Prefeitura Municipal de Espera Feliz - MG;3124203;MG;DCA-Anexo I-C;Padrão;Receitas Brutas Realizadas;RO1.7.2.2.01.00.00;1.7.2.2.01.00.00 - Participação na Receita dos Estados;9426525,00;24641
2017;Prefeitura Municipal de Espera Feliz - MG;3124203;MG;DCA-Anexo I-C;Padrão;Deduções - FUNDEB;RO1.7.2.2.01.00.00;1.7.2.2.01.00.00 - Participação na Receita dos Estados;1873082,88;24641
2017;Prefeitura Municipal de Espera Feliz - MG;3124203;MG;DCA-Anexo I-C;Padrão;Receitas Brutas Realizadas;RO1.7.2.2.01.01.00;1.7.2.2.01.01.00 - Cota-Parte do ICMS;7226821,57;24641
2017;Prefeitura Municipal de Espera Feliz - MG;3124203;MG;DCA-Anexo I-C;Padrão;Deduções - FUNDEB;RO1.7.2.2.01.01.00;1.7.2.2.01.01.00 - Cota-Parte do ICMS;1445364,00;24641
2017;Prefeitura Municipal de Espera Feliz - MG;3124203;MG;DCA-Anexo I-C;Padrão;Receitas Brutas Realizadas;RO1.7.2.2.01.02.00;1.7.2.2.01.02.00 - Cota-Parte do IPVA;2047608,92;24641
2017;Prefeitura Municipal de Espera Feliz - MG;3124203;MG;DCA-Anexo I-C;Padrão;Deduções - FUNDEB;RO1.7.2.2.01.02.00;1.7.2.2.01.02.00 - Cota-Parte do IPVA;409520,67;24641
2017;Prefeitura Municipal de Espera Feliz - MG;3124203;MG;DCA-Anexo I-C;Padrão;Receitas Brutas Realizadas;RO1.7.2.2.01.04.00;1.7.2.2.01.04.00 - Cota-Parte do IPI - Municípios;91182,19;24641
2017;Prefeitura Municipal de Espera Feliz - MG;3124203;MG;DCA-Anexo I-C;Padrão;Deduções - FUNDEB;RO1.7.2.2.01.04.00;1.7.2.2.01.04.00 - Cota-Parte do IPI - Municípios;18198,21;24641
2017;Prefeitura Municipal de Espera Feliz - MG;3124203;MG;DCA-Anexo I-C;Padrão;Receitas Brutas Realizadas;RO1.7.2.2.01.13.00;1.7.2.2.01.13.00 - Cota-Parte da Contribuição de Intervenção no Domínio Econômico;60912,32;24641
2017;Prefeitura Municipal de Espera Feliz - MG;3124203;MG;DCA-Anexo I-C;Padrão;Receitas Brutas Realizadas;RO1.7.2.2.22.00.00;1.7.2.2.22.00.00 - Transferências da Cota-Parte da Compensação Financeira (25%);27306,19;24641
2017;Prefeitura Municipal de Espera Feliz - MG;3124203;MG;DCA-Anexo I-C;Padrão;Receitas Brutas Realizadas;RO1.7.2.2.22.20.00;1.7.2.2.22.20.00 - Cota-Parte da Compensação Financeira de Recursos Minerais - CFEM;27306,19;24641
2017;Prefeitura Municipal de Espera Feliz - MG;3124203;MG;DCA-Anexo I-C;Padrão;Receitas Brutas Realizadas;RO1.7.2.2.33.00.00;1.7.2.2.33.00.00 - Transferências de Recursos do Estado para Programas de Saúde - Repasse Fundo a Fundo;201913,00;24641
2017;Prefeitura Municipal de Espera Feliz - MG;3124203;MG;DCA-Anexo I-C;Padrão;Receitas Brutas Realizadas;RO1.7.2.2.99.00.00;1.7.2.2.99.00.00 - Outras Transferências dos Estados;37800,00;24641
2017;Prefeitura Municipal de Espera Feliz - MG;3124203;MG;DCA-Anexo I-C;Padrão;Receitas Brutas Realizadas;RO1.7.2.3.00.00.00;1.7.2.3.00.00.00 - Transferências dos Municípios;8000,00;24641
2017;Prefeitura Municipal de Espera Feliz - MG;3124203;MG;DCA-Anexo I-C;Padrão;Receitas Brutas Realizadas;RO1.7.2.3.99.00.00;1.7.2.3.99.00.00 - Outras Transferências dos Municípios;8000,00;24641
2017;Prefeitura Municipal de Espera Feliz - MG;3124203;MG;DCA-Anexo I-C;Padrão;Receitas Brutas Realizadas;RO1.7.2.4.00.00.00;1.7.2.4.00.00.00 - Transferências Multigovernamentais;6396892,29;24641
2017;Prefeitura Municipal de Espera Feliz - MG;3124203;MG;DCA-Anexo I-C;Padrão;Receitas Brutas Realizadas;RO1.7.2.4.01.00.00;1.7.2.4.01.00.00 - Transferências de Recursos do Fundo de Manutenção e Desenvolvimento do Ensino Fundamental e de Valorização do Magistério - FUNDEB;6396892,29;24641
2017;Prefeitura Municipal de Espera Feliz - MG;3124203;MG;DCA-Anexo I-C;Padrão;Receitas Brutas Realizadas;RO1.7.6.0.00.00.00;1.7.6.0.00.00.00 - Transferências de Convênios;534870,99;24641
2017;Prefeitura Municipal de Espera Feliz - MG;3124203;MG;DCA-Anexo I-C;Padrão;Receitas Brutas Realizadas;RO1.7.6.1.00.00.00;1.7.6.1.00.00.00 - Transferências de Convênios da União e de Suas Entidades;50490,99;24641
2017;Prefeitura Municipal de Espera Feliz - MG;3124203;MG;DCA-Anexo I-C;Padrão;Receitas Brutas Realizadas;RO1.7.6.1.01.00.00;1.7.6.1.01.00.00 - Transferências de Convênios da União para o Sistema Único de Saúde - SUS;50490,99;24641
2017;Prefeitura Municipal de Espera Feliz - MG;3124203;MG;DCA-Anexo I-C;Padrão;Receitas Brutas Realizadas;RO1.7.6.2.00.00.00;1.7.6.2.00.00.00 - Transferências de Convênios dos Estados e do Distrito Federal e de Suas Entidades;484380,00;24641
2017;Prefeitura Municipal de Espera Feliz - MG;3124203;MG;DCA-Anexo I-C;Padrão;Receitas Brutas Realizadas;RO1.7.6.2.02.00.00;1.7.6.2.02.00.00 - Transferências de Convênios dos Estados Destinadas a Programas de Educação;484380,00;24641
2017;Prefeitura Municipal de Espera Feliz - MG;3124203;MG;DCA-Anexo I-C;Padrão;Receitas Brutas Realizadas;RO1.9.0.0.00.00.00;1.9.0.0.00.00.00 - Outras Receitas Correntes;429260,54;24641
2017;Prefeitura Municipal de Espera Feliz - MG;3124203;MG;DCA-Anexo I-C;Padrão;Receitas Brutas Realizadas;RO1.9.1.0.00.00.00;1.9.1.0.00.00.00 - Multas e Juros de Mora;38669,19;24641
2017;Prefeitura Municipal de Espera Feliz - MG;3124203;MG;DCA-Anexo I-C;Padrão;Receitas Brutas Realizadas;RO1.9.1.1.00.00.00;1.9.1.1.00.00.00 - Multas e Juros de Mora dos Tributos;5490,37;24641
2017;Prefeitura Municipal de Espera Feliz - MG;3124203;MG;DCA-Anexo I-C;Padrão;Receitas Brutas Realizadas;RO1.9.1.1.38.00.00;1.9.1.1.38.00.00 - Multas e Juros de Mora do Imposto sobre a Propriedade Predial e Territorial Urbana ¿ IPTU;840,31;24641
2017;Prefeitura Municipal de Espera Feliz - MG;3124203;MG;DCA-Anexo I-C;Padrão;Receitas Brutas Realizadas;RO1.9.1.1.40.00.00;1.9.1.1.40.00.00 - Multas e Juros de Mora do Imposto sobre Serviços de Qualquer Natureza ¿ ISS;1077,32;24641
2017;Prefeitura Municipal de Espera Feliz - MG;3124203;MG;DCA-Anexo I-C;Padrão;Receitas Brutas Realizadas;RO1.9.1.1.99.00.00;1.9.1.1.99.00.00 - Multas e Juros de Mora de Outros Tributos;3572,74;24641
2017;Prefeitura Municipal de Espera Feliz - MG;3124203;MG;DCA-Anexo I-C;Padrão;Receitas Brutas Realizadas;RO1.9.1.3.00.00.00;1.9.1.3.00.00.00 - Multas e Juros de Mora da Dívida Ativa dos Tributos;24712,75;24641
2017;Prefeitura Municipal de Espera Feliz - MG;3124203;MG;DCA-Anexo I-C;Padrão;Receitas Brutas Realizadas;RO1.9.1.3.11.00.00;1.9.1.3.11.00.00 - Multas e Juros de Mora da Dívida Ativa do Imposto sobre a Propriedade Predial e Territorial Urbana ¿ IPTU;23641,55;24641
2017;Prefeitura Municipal de Espera Feliz - MG;3124203;MG;DCA-Anexo I-C;Padrão;Receitas Brutas Realizadas;RO1.9.1.3.13.00.00;1.9.1.3.13.00.00 - Multas e Juros de Mora da Dívida Ativa do Imposto sobre Serviços de Qualquer Natureza ¿ ISS;1071,20;24641
2017;Prefeitura Municipal de Espera Feliz - MG;3124203;MG;DCA-Anexo I-C;Padrão;Receitas Brutas Realizadas;RO1.9.1.9.00.00.00;1.9.1.9.00.00.00 - Multas de Outras Origens;8466,07;24641
2017;Prefeitura Municipal de Espera Feliz - MG;3124203;MG;DCA-Anexo I-C;Padrão;Receitas Brutas Realizadas;RO1.9.2.0.00.00.00;1.9.2.0.00.00.00 - Indenizações e Restituições;27733,86;24641
2017;Prefeitura Municipal de Espera Feliz - MG;3124203;MG;DCA-Anexo I-C;Padrão;Receitas Brutas Realizadas;RO1.9.2.2.00.00.00;1.9.2.2.00.00.00 - Restituições;27733,86;24641
2017;Prefeitura Municipal de Espera Feliz - MG;3124203;MG;DCA-Anexo I-C;Padrão;Receitas Brutas Realizadas;RO1.9.2.2.01.00.00;1.9.2.2.01.00.00 - Restituições de Convênios;1,00;24641
2017;Prefeitura Municipal de Espera Feliz - MG;3124203;MG;DCA-Anexo I-C;Padrão;Receitas Brutas Realizadas;RO1.9.2.2.99.00.00;1.9.2.2.99.00.00 - Outras Restituições;27732,86;24641
2017;Prefeitura Municipal de Espera Feliz - MG;3124203;MG;DCA-Anexo I-C;Padrão;Receitas Brutas Realizadas;RO1.9.3.0.00.00.00;1.9.3.0.00.00.00 - Receita da Dívida Ativa;330100,83;24641
2017;Prefeitura Municipal de Espera Feliz - MG;3124203;MG;DCA-Anexo I-C;Padrão;Receitas Brutas Realizadas;RO1.9.3.1.00.00.00;1.9.3.1.00.00.00 - Receita da Dívida Ativa Tributária;330100,83;24641
2017;Prefeitura Municipal de Espera Feliz - MG;3124203;MG;DCA-Anexo I-C;Padrão;Receitas Brutas Realizadas;RO1.9.3.1.11.00.00;1.9.3.1.11.00.00 - Receita da Dívida Ativa do Imposto sobre a Propriedade Predial e Territorial Urbana ¿ IPTU;98526,15;24641
2017;Prefeitura Municipal de Espera Feliz - MG;3124203;MG;DCA-Anexo I-C;Padrão;Receitas Brutas Realizadas;RO1.9.3.1.13.00.00;1.9.3.1.13.00.00 - Receita da Dívida Ativa do Imposto sobre Serviços de Qualquer Natureza ¿ ISS;4426,36;24641
2017;Prefeitura Municipal de Espera Feliz - MG;3124203;MG;DCA-Anexo I-C;Padrão;Receitas Brutas Realizadas;RO1.9.3.1.99.00.00;1.9.3.1.99.00.00 - Receita da Dívida Ativa de Outros Tributos;227148,32;24641
2017;Prefeitura Municipal de Espera Feliz - MG;3124203;MG;DCA-Anexo I-C;Padrão;Receitas Brutas Realizadas;RO1.9.9.0.00.00.00;1.9.9.0.00.00.00 - Receitas Diversas;32756,66;24641
2017;Prefeitura Municipal de Espera Feliz - MG;3124203;MG;DCA-Anexo I-C;Padrão;Receitas Brutas Realizadas;RO1.9.9.0.21.00.00;1.9.9.0.21.00.00 - Receita de Seguros decorrente da Indenização por Sinistro;32756,66;24641
2017;Prefeitura Municipal de Espera Feliz - MG;3124203;MG;DCA-Anexo I-C;Padrão;Receitas Brutas Realizadas;RO2.0.0.0.00.00.00;2.0.0.0.00.00.00 - Receitas de Capital;2487255,60;24641
2017;Prefeitura Municipal de Espera Feliz - MG;3124203;MG;DCA-Anexo I-C;Padrão;Receitas Brutas Realizadas;RO2.1.0.0.00.00.00;2.1.0.0.00.00.00 - Operações de Crédito;531050,76;24641
2017;Prefeitura Municipal de Espera Feliz - MG;3124203;MG;DCA-Anexo I-C;Padrão;Receitas Brutas Realizadas;RO2.1.1.0.00.00.00;2.1.1.0.00.00.00 - Operações de Crédito Internas;531050,76;24641
2017;Prefeitura Municipal de Espera Feliz - MG;3124203;MG;DCA-Anexo I-C;Padrão;Receitas Brutas Realizadas;RO2.2.0.0.00.00.00;2.2.0.0.00.00.00 - Alienação de Bens;85700,00;24641
2017;Prefeitura Municipal de Espera Feliz - MG;3124203;MG;DCA-Anexo I-C;Padrão;Receitas Brutas Realizadas;RO2.2.1.0.00.00.00;2.2.1.0.00.00.00 - Alienação de Bens Móveis;85700,00;24641
2017;Prefeitura Municipal de Espera Feliz - MG;3124203;MG;DCA-Anexo I-C;Padrão;Receitas Brutas Realizadas;RO2.4.0.0.00.00.00;2.4.0.0.00.00.00 - Transferências de Capital;1870504,84;24641
2017;Prefeitura Municipal de Espera Feliz - MG;3124203;MG;DCA-Anexo I-C;Padrão;Receitas Brutas Realizadas;RO2.4.2.0.00.00.00;2.4.2.0.00.00.00 - Transferências Intergovernamentais;303647,27;24641
2017;Prefeitura Municipal de Espera Feliz - MG;3124203;MG;DCA-Anexo I-C;Padrão;Receitas Brutas Realizadas;RO2.4.2.1.00.00.00;2.4.2.1.00.00.00 - Transferências da União;303647,27;24641
2017;Prefeitura Municipal de Espera Feliz - MG;3124203;MG;DCA-Anexo I-C;Padrão;Receitas Brutas Realizadas;RO2.4.2.1.01.00.00;2.4.2.1.01.00.00 - Participação na Receita da União;149030,00;24641
2017;Prefeitura Municipal de Espera Feliz - MG;3124203;MG;DCA-Anexo I-C;Padrão;Receitas Brutas Realizadas;RO2.4.2.1.02.00.00;2.4.2.1.02.00.00 - Transferências de Recursos Destinados a Programas de Educação;154617,27;24641
2017;Prefeitura Municipal de Espera Feliz - MG;3124203;MG;DCA-Anexo I-C;Padrão;Receitas Brutas Realizadas;RO2.4.7.0.00.00.00;2.4.7.0.00.00.00 - Transferências de Convênios;1566857,57;24641
2017;Prefeitura Municipal de Espera Feliz - MG;3124203;MG;DCA-Anexo I-C;Padrão;Receitas Brutas Realizadas;RO2.4.7.1.00.00.00;2.4.7.1.00.00.00 - Transferências de Convênios da União e de suas Entidades;1052857,57;24641
2017;Prefeitura Municipal de Espera Feliz - MG;3124203;MG;DCA-Anexo I-C;Padrão;Receitas Brutas Realizadas;RO2.4.7.1.03.00.00;2.4.7.1.03.00.00 - Transferências de Convênios da União Destinadas a Programas de Saneamento Básico;596402,57;24641
2017;Prefeitura Municipal de Espera Feliz - MG;3124203;MG;DCA-Anexo I-C;Padrão;Receitas Brutas Realizadas;RO2.4.7.1.05.00.00;2.4.7.1.05.00.00 - Transferências de Convênios da União Destinadas a Programas de Infraestrutura em Transporte;324830,00;24641
2017;Prefeitura Municipal de Espera Feliz - MG;3124203;MG;DCA-Anexo I-C;Padrão;Receitas Brutas Realizadas;RO2.4.7.1.99.00.00;2.4.7.1.99.00.00 - Outras Transferências de Convênios da União;131625,00;24641
2017;Prefeitura Municipal de Espera Feliz - MG;3124203;MG;DCA-Anexo I-C;Padrão;Receitas Brutas Realizadas;RO2.4.7.2.00.00.00;2.4.7.2.00.00.00 - Transferências de Convênios dos Estados e do Distrito Federal e de suas Entidades;514000,00;24641
2017;Prefeitura Municipal de Espera Feliz - MG;3124203;MG;DCA-Anexo I-C;Padrão;Receitas Brutas Realizadas;RO2.4.7.2.01.00.00;2.4.7.2.01.00.00 - Transferências de Convênios dos Estados para o Sistema Único de Saúde - SUS;90000,00;24641
2017;Prefeitura Municipal de Espera Feliz - MG;3124203;MG;DCA-Anexo I-C;Padrão;Receitas Brutas Realizadas;RO2.4.7.2.05.00.00;2.4.7.2.05.00.00 - Transferências de Convênios dos Estados Destinadas a Programas de Infraestrutura em Transporte;139000,00;24641
2017;Prefeitura Municipal de Espera Feliz - MG;3124203;MG;DCA-Anexo I-C;Padrão;Receitas Brutas Realizadas;RO2.4.7.2.99.00.00;2.4.7.2.99.00.00 - Outras Transferências de Convênios dos Estados;285000,00;24641
2017;Prefeitura Municipal de Espera Feliz - MG;3124203;MG;DCA-Anexo I-C;Padrão;Receitas Brutas Realizadas;RI7.0.0.0.00.00.00;7.0.0.0.00.00.00 - Receitas Correntes Intraorçamentárias;2618465,44;24641
2017;Prefeitura Municipal de Espera Feliz - MG;3124203;MG;DCA-Anexo I-C;Padrão;Receitas Brutas Realizadas;RI7.2.0.0.00.00.00;7.2.0.0.00.00.00 - Receitas de Contribuições Intraorçamentárias;2582478,38;24641
2017;Prefeitura Municipal de Espera Feliz - MG;3124203;MG;DCA-Anexo I-C;Padrão;Receitas Brutas Realizadas;RI7.2.1.0.00.00.00;7.2.1.0.00.00.00 - Contribuições Sociais Intraorçamentárias;2582478,38;24641
2017;Prefeitura Municipal de Espera Feliz - MG;3124203;MG;DCA-Anexo I-C;Padrão;Receitas Brutas Realizadas;RI7.2.1.0.29.00.00;7.2.1.0.29.00.00 - Contribuições para o Regime Próprio de Previdência do Servidor Público Intraorçamentárias;2582478,38;24641
2017;Prefeitura Municipal de Espera Feliz - MG;3124203;MG;DCA-Anexo I-C;Padrão;Receitas Brutas Realizadas;RI7.2.1.0.29.01.00;7.2.1.0.29.01.00 - Contribuição Patronal de Servidor Ativo Civil para o Regime Próprio Intraorçamentária;2498595,86;24641
2017;Prefeitura Municipal de Espera Feliz - MG;3124203;MG;DCA-Anexo I-C;Padrão;Receitas Brutas Realizadas;RI7.2.1.0.29.99.00;7.2.1.0.29.99.00 - Outras Contribuições para o Regime Próprio de Previdência do Servidor Público Intraorçamentárias;83882,52;24641
2017;Prefeitura Municipal de Espera Feliz - MG;3124203;MG;DCA-Anexo I-C;Padrão;Receitas Brutas Realizadas;RI7.9.0.0.00.00.00;7.9.0.0.00.00.00 - Outras Receitas Correntes Intraorçamentárias;35987,06;24641
2017;Prefeitura Municipal de Espera Feliz - MG;3124203;MG;DCA-Anexo I-C;Padrão;Receitas Brutas Realizadas;RI7.9.1.2.00.00.00;7.9.1.2.00.00.00 - Multas e Juros de Mora das Contribuições Intraorçamentárias;35987,06;24641
2017;Prefeitura Municipal de Espera Feliz - MG;3124203;MG;DCA-Anexo I-C;Padrão;Receitas Brutas Realizadas;RI7.9.1.2.29.00.00;7.9.1.2.29.00.00 - Multas e Juros de Mora das Contribuições para o Regime Próprio de Previdência do Servidor Intraorçamentárias;35987,06;24641
2018;Prefeitura Municipal de Espera Feliz - MG;3124203;MG;DCA-Anexo I-C;Padrão;Receitas Brutas Realizadas;TotalReceitas;Total Receitas;56607391,99;24805
2018;Prefeitura Municipal de Espera Feliz - MG;3124203;MG;DCA-Anexo I-C;Padrão;Deduções - FUNDEB;TotalReceitas;Total Receitas;5667425,64;24805
2018;Prefeitura Municipal de Espera Feliz - MG;3124203;MG;DCA-Anexo I-C;Padrão;Receitas Brutas Realizadas;RO1.0.0.0.00.0.0;1.0.0.0.00.0.0 - Receitas Correntes;51604743,81;24805
2018;Prefeitura Municipal de Espera Feliz - MG;3124203;MG;DCA-Anexo I-C;Padrão;Deduções - FUNDEB;RO1.0.0.0.00.0.0;1.0.0.0.00.0.0 - Receitas Correntes;5667425,64;24805
2018;Prefeitura Municipal de Espera Feliz - MG;3124203;MG;DCA-Anexo I-C;Padrão;Receitas Brutas Realizadas;RO1.1.0.0.00.0.0;1.1.0.0.00.0.0 - Impostos, Taxas e Contribuições de Melhoria;3574945,71;24805
2018;Prefeitura Municipal de Espera Feliz - MG;3124203;MG;DCA-Anexo I-C;Padrão;Receitas Brutas Realizadas;RO1.1.1.0.00.0.0;1.1.1.0.00.0.0 - Impostos;3313963,49;24805
2018;Prefeitura Municipal de Espera Feliz - MG;3124203;MG;DCA-Anexo I-C;Padrão;Receitas Brutas Realizadas;RO1.1.1.3.00.0.0;1.1.1.3.00.0.0 - Impostos sobre a Renda e Proventos de Qualquer Natureza;839955,96;24805
2018;Prefeitura Municipal de Espera Feliz - MG;3124203;MG;DCA-Anexo I-C;Padrão;Receitas Brutas Realizadas;RO1.1.1.3.03.0.0;1.1.1.3.03.0.0 - Imposto sobre a Renda - Retido na Fonte;839955,96;24805
2018;Prefeitura Municipal de Espera Feliz - MG;3124203;MG;DCA-Anexo I-C;Padrão;Receitas Brutas Realizadas;RO1.1.1.3.03.1.0;1.1.1.3.03.1.0 - Imposto sobre a Renda - Retido na Fonte - Trabalho;798272,29;24805
2018;Prefeitura Municipal de Espera Feliz - MG;3124203;MG;DCA-Anexo I-C;Padrão;Receitas Brutas Realizadas;RO1.1.1.3.03.4.0;1.1.1.3.03.4.0 - Imposto sobre a Renda - Retido na Fonte - Outros Rendimentos;41683,67;24805
2018;Prefeitura Municipal de Espera Feliz - MG;3124203;MG;DCA-Anexo I-C;Padrão;Receitas Brutas Realizadas;RO1.1.1.8.00.0.0;1.1.1.8.00.0.0 Impostos Específicos de Estados, DF e Municípios;2474007,53;24805
2018;Prefeitura Municipal de Espera Feliz - MG;3124203;MG;DCA-Anexo I-C;Padrão;Receitas Brutas Realizadas;RO1.1.1.8.01.0.0;1.1.1.8.01.0.0 Impostos sobre o Patrimônio para Estados/DF/Municípios;1282705,11;24805
2018;Prefeitura Municipal de Espera Feliz - MG;3124203;MG;DCA-Anexo I-C;Padrão;Receitas Brutas Realizadas;RO1.1.1.8.01.1.0;1.1.1.8.01.1.0 Imposto sobre a Propriedade Predial e Territorial Urbana;810871,80;24805
2018;Prefeitura Municipal de Espera Feliz - MG;3124203;MG;DCA-Anexo I-C;Padrão;Receitas Brutas Realizadas;RO1.1.1.8.01.4.0;1.1.1.8.01.4.0 Imposto sobre Transmissão ¿Inter Vivos¿ de Bens Imóveis e de Direitos Reais sobre Imóveis;471833,31;24805
2018;Prefeitura Municipal de Espera Feliz - MG;3124203;MG;DCA-Anexo I-C;Padrão;Receitas Brutas Realizadas;RO1.1.1.8.02.0.0;1.1.1.8.02.0.0 Impostos sobre a Produção, Circulação de Mercadorias e Serviços;1191302,42;24805
2018;Prefeitura Municipal de Espera Feliz - MG;3124203;MG;DCA-Anexo I-C;Padrão;Receitas Brutas Realizadas;RO1.1.1.8.02.3.0;1.1.1.8.02.3.0 Imposto sobre Serviços de Qualquer Natureza;1191302,42;24805
2018;Prefeitura Municipal de Espera Feliz - MG;3124203;MG;DCA-Anexo I-C;Padrão;Receitas Brutas Realizadas;RO1.1.2.0.00.0.0;1.1.2.0.00.0.0 - Taxas;260982,22;24805
2018;Prefeitura Municipal de Espera Feliz - MG;3124203;MG;DCA-Anexo I-C;Padrão;Receitas Brutas Realizadas;RO1.1.2.1.00.0.0;1.1.2.1.00.0.0 - Taxas pelo Exercício do Poder de Polícia;213576,40;24805
2018;Prefeitura Municipal de Espera Feliz - MG;3124203;MG;DCA-Anexo I-C;Padrão;Receitas Brutas Realizadas;RO1.1.2.1.01.0.0;1.1.2.1.01.0.0 - Taxas de Inspeção, Controle e Fiscalização;205475,14;24805
2018;Prefeitura Municipal de Espera Feliz - MG;3124203;MG;DCA-Anexo I-C;Padrão;Receitas Brutas Realizadas;RO1.1.2.1.02.0.0;1.1.2.1.02.0.0 - Taxas de Fiscalização das Telecomunicações;8101,26;24805
2018;Prefeitura Municipal de Espera Feliz - MG;3124203;MG;DCA-Anexo I-C;Padrão;Receitas Brutas Realizadas;RO1.1.2.2.00.0.0;1.1.2.2.00.0.0 - Taxas pela Prestação de Serviços;47405,82;24805
2018;Prefeitura Municipal de Espera Feliz - MG;3124203;MG;DCA-Anexo I-C;Padrão;Receitas Brutas Realizadas;RO1.1.2.2.01.0.0;1.1.2.2.01.0.0 - Taxas pela Prestação de Serviços;47405,82;24805
2018;Prefeitura Municipal de Espera Feliz - MG;3124203;MG;DCA-Anexo I-C;Padrão;Receitas Brutas Realizadas;RO1.2.0.0.00.0.0;1.2.0.0.00.0.0 - Contribuições;2458978,83;24805
2018;Prefeitura Municipal de Espera Feliz - MG;3124203;MG;DCA-Anexo I-C;Padrão;Receitas Brutas Realizadas;RO1.2.1.0.00.0.0;1.2.1.0.00.0.0 - Contribuições Sociais;1210377,17;24805
2018;Prefeitura Municipal de Espera Feliz - MG;3124203;MG;DCA-Anexo I-C;Padrão;Receitas Brutas Realizadas;RO1.2.1.0.04.0.0;1.2.1.0.04.0.0 - Contribuição para o Regime Próprio de Previdência Social - RPPS;1210377,17;24805
2018;Prefeitura Municipal de Espera Feliz - MG;3124203;MG;DCA-Anexo I-C;Padrão;Receitas Brutas Realizadas;RO1.2.1.0.04.2.0;1.2.1.0.04.2.0 - Contribuição do Servidor Ativo Civil para o RPPS;1209156,47;24805
2018;Prefeitura Municipal de Espera Feliz - MG;3124203;MG;DCA-Anexo I-C;Padrão;Receitas Brutas Realizadas;RO1.2.1.0.04.3.0;1.2.1.0.04.3.0 - Contribuição do Servidor Inativo para o RPPS;1220,70;24805
2018;Prefeitura Municipal de Espera Feliz - MG;3124203;MG;DCA-Anexo I-C;Padrão;Receitas Brutas Realizadas;RO1.2.4.0.00.0.0;1.2.4.0.00.0.0 - Contribuição para o Custeio do Serviço de Iluminação Pública;1248601,66;24805
2018;Prefeitura Municipal de Espera Feliz - MG;3124203;MG;DCA-Anexo I-C;Padrão;Receitas Brutas Realizadas;RO1.3.0.0.00.0.0;1.3.0.0.00.0.0 - Receita Patrimonial;1174429,14;24805
2018;Prefeitura Municipal de Espera Feliz - MG;3124203;MG;DCA-Anexo I-C;Padrão;Receitas Brutas Realizadas;RO1.3.1.0.00.0.0;1.3.1.0.00.0.0 - Exploração do Patrimônio Imobiliário do Estado;65205,11;24805
2018;Prefeitura Municipal de Espera Feliz - MG;3124203;MG;DCA-Anexo I-C;Padrão;Receitas Brutas Realizadas;RO1.3.1.0.01.0.0;1.3.1.0.01.0.0 - Aluguéis, Arrendamentos, Foros, Laudêmios, Tarifas de Ocupação;65205,11;24805
2018;Prefeitura Municipal de Espera Feliz - MG;3124203;MG;DCA-Anexo I-C;Padrão;Receitas Brutas Realizadas;RO1.3.1.0.01.1.0;1.3.1.0.01.1.0 - Aluguéis e Arrendamentos;65205,11;24805
2018;Prefeitura Municipal de Espera Feliz - MG;3124203;MG;DCA-Anexo I-C;Padrão;Receitas Brutas Realizadas;RO1.3.2.0.00.0.0;1.3.2.0.00.0.0 - Valores Mobiliários;1109224,03;24805
2018;Prefeitura Municipal de Espera Feliz - MG;3124203;MG;DCA-Anexo I-C;Padrão;Receitas Brutas Realizadas;RO1.3.2.1.00.0.0;1.3.2.1.00.0.0 - Juros e Correções Monetárias;1109224,03;24805
2018;Prefeitura Municipal de Espera Feliz - MG;3124203;MG;DCA-Anexo I-C;Padrão;Receitas Brutas Realizadas;RO1.3.2.1.00.1.0;1.3.2.1.00.1.0 - Remuneração de Depósitos Bancários;107774,51;24805
2018;Prefeitura Municipal de Espera Feliz - MG;3124203;MG;DCA-Anexo I-C;Padrão;Receitas Brutas Realizadas;RO1.3.2.1.00.4.0;1.3.2.1.00.4.0 - Remuneração dos Recursos do Regime Próprio de Previdência Social - RPPS;1001449,52;24805
2018;Prefeitura Municipal de Espera Feliz - MG;3124203;MG;DCA-Anexo I-C;Padrão;Receitas Brutas Realizadas;RO1.6.0.0.00.0.0;1.6.0.0.00.0.0 - Receita de Serviços;583649,53;24805
2018;Prefeitura Municipal de Espera Feliz - MG;3124203;MG;DCA-Anexo I-C;Padrão;Receitas Brutas Realizadas;RO1.6.1.0.00.0.0;1.6.1.0.00.0.0 - Serviços Administrativos e Comerciais Gerais;576194,26;24805
2018;Prefeitura Municipal de Espera Feliz - MG;3124203;MG;DCA-Anexo I-C;Padrão;Receitas Brutas Realizadas;RO1.6.1.0.01.0.0;1.6.1.0.01.0.0 - Serviços Administrativos e Comerciais Gerais;576194,26;24805
2018;Prefeitura Municipal de Espera Feliz - MG;3124203;MG;DCA-Anexo I-C;Padrão;Receitas Brutas Realizadas;RO1.6.9.0.00.0.0;1.6.9.0.00.0.0 - Outros Serviços;7455,27;24805
2018;Prefeitura Municipal de Espera Feliz - MG;3124203;MG;DCA-Anexo I-C;Padrão;Receitas Brutas Realizadas;RO1.6.9.0.99.0.0;1.6.9.0.99.0.0 - Outros Serviços;7455,27;24805
2018;Prefeitura Municipal de Espera Feliz - MG;3124203;MG;DCA-Anexo I-C;Padrão;Receitas Brutas Realizadas;RO1.7.0.0.00.0.0;1.7.0.0.00.0.0 - Transferências Correntes;43422349,73;24805
2018;Prefeitura Municipal de Espera Feliz - MG;3124203;MG;DCA-Anexo I-C;Padrão;Deduções - FUNDEB;RO1.7.0.0.00.0.0;1.7.0.0.00.0.0 - Transferências Correntes;5667425,64;24805
2018;Prefeitura Municipal de Espera Feliz - MG;3124203;MG;DCA-Anexo I-C;Padrão;Receitas Brutas Realizadas;RO1.7.1.0.00.0.0;1.7.1.0.00.0.0 - Transferências da União e de suas Entidades;27924190,12;24805
2018;Prefeitura Municipal de Espera Feliz - MG;3124203;MG;DCA-Anexo I-C;Padrão;Deduções - FUNDEB;RO1.7.1.0.00.0.0;1.7.1.0.00.0.0 - Transferências da União e de suas Entidades;3793775,48;24805
2018;Prefeitura Municipal de Espera Feliz - MG;3124203;MG;DCA-Anexo I-C;Padrão;Receitas Brutas Realizadas;RO1.7.1.8.00.0.0;1.7.1.8.00.0.0 Transferências da União - Específicas de Estados, DF e Municípios;27924190,12;24805
2018;Prefeitura Municipal de Espera Feliz - MG;3124203;MG;DCA-Anexo I-C;Padrão;Deduções - FUNDEB;RO1.7.1.8.00.0.0;1.7.1.8.00.0.0 Transferências da União - Específicas de Estados, DF e Municípios;3793775,48;24805
2018;Prefeitura Municipal de Espera Feliz - MG;3124203;MG;DCA-Anexo I-C;Padrão;Receitas Brutas Realizadas;RO1.7.1.8.01.0.0;1.7.1.8.01.0.0 Participação na Receita da União;20589231,57;24805
2018;Prefeitura Municipal de Espera Feliz - MG;3124203;MG;DCA-Anexo I-C;Padrão;Deduções - FUNDEB;RO1.7.1.8.01.0.0;1.7.1.8.01.0.0 Participação na Receita da União;3785824,16;24805
2018;Prefeitura Municipal de Espera Feliz - MG;3124203;MG;DCA-Anexo I-C;Padrão;Receitas Brutas Realizadas;RO1.7.1.8.01.2.0;1.7.1.8.01.2.0 Cota-Parte do Fundo de Participação dos Municípios - Cota Mensal;18919390,55;24805
2018;Prefeitura Municipal de Espera Feliz - MG;3124203;MG;DCA-Anexo I-C;Padrão;Deduções - FUNDEB;RO1.7.1.8.01.2.0;1.7.1.8.01.2.0 Cota-Parte do Fundo de Participação dos Municípios - Cota Mensal;3783877,83;24805
2018;Prefeitura Municipal de Espera Feliz - MG;3124203;MG;DCA-Anexo I-C;Padrão;Receitas Brutas Realizadas;RO1.7.1.8.01.3.0;1.7.1.8.01.3.0 Cota-Parte do Fundo de Participação do Municípios ¿ 1% Cota entregue no mês de dezembro;840283,71;24805
2018;Prefeitura Municipal de Espera Feliz - MG;3124203;MG;DCA-Anexo I-C;Padrão;Receitas Brutas Realizadas;RO1.7.1.8.01.4.0;1.7.1.8.01.4.0 Cota-Parte do Fundo de Participação dos Municípios - 1% Cota entregue no mês de julho;819824,99;24805
2018;Prefeitura Municipal de Espera Feliz - MG;3124203;MG;DCA-Anexo I-C;Padrão;Receitas Brutas Realizadas;RO1.7.1.8.01.5.0;1.7.1.8.01.5.0 Cota-Parte do Imposto Sobre a Propriedade Territorial Rural;9732,32;24805
2018;Prefeitura Municipal de Espera Feliz - MG;3124203;MG;DCA-Anexo I-C;Padrão;Deduções - FUNDEB;RO1.7.1.8.01.5.0;1.7.1.8.01.5.0 Cota-Parte do Imposto Sobre a Propriedade Territorial Rural;1946,33;24805
2018;Prefeitura Municipal de Espera Feliz - MG;3124203;MG;DCA-Anexo I-C;Padrão;Receitas Brutas Realizadas;RO1.7.1.8.02.0.0;1.7.1.8.02.0.0 Transferência da Compensação Financeira pela Exploração de Recursos Naturais;314694,38;24805
2018;Prefeitura Municipal de Espera Feliz - MG;3124203;MG;DCA-Anexo I-C;Padrão;Receitas Brutas Realizadas;RO1.7.1.8.02.6.0;1.7.1.8.02.6.0 Cota-Parte do Fundo Especial do Petróleo ¿ FEP;314694,38;24805
2018;Prefeitura Municipal de Espera Feliz - MG;3124203;MG;DCA-Anexo I-C;Padrão;Receitas Brutas Realizadas;RO1.7.1.8.03.0.0;1.7.1.8.03.0.0 Transferência de Recursos do Sistema Único de Saúde ¿ SUS ¿ Repasses Fundo a Fundo;5090114,31;24805
2018;Prefeitura Municipal de Espera Feliz - MG;3124203;MG;DCA-Anexo I-C;Padrão;Receitas Brutas Realizadas;RO1.7.1.8.04.0.0;1.7.1.8.04.0.0 Transferências de Recursos do Fundo Nacional de Assistência Social ¿ FNAS;453322,94;24805
2018;Prefeitura Municipal de Espera Feliz - MG;3124203;MG;DCA-Anexo I-C;Padrão;Receitas Brutas Realizadas;RO1.7.1.8.05.0.0;1.7.1.8.05.0.0 Transferências de Recursos do Fundo Nacional do Desenvolvimento da Educação ¿ FNDE;1048480,08;24805
2018;Prefeitura Municipal de Espera Feliz - MG;3124203;MG;DCA-Anexo I-C;Padrão;Receitas Brutas Realizadas;RO1.7.1.8.05.1.0;1.7.1.8.05.1.0 Transferências do Salário-Educação;514485,94;24805
2018;Prefeitura Municipal de Espera Feliz - MG;3124203;MG;DCA-Anexo I-C;Padrão;Receitas Brutas Realizadas;RO1.7.1.8.05.2.0;1.7.1.8.05.2.0 Transferências Diretas do FNDE referentes ao Programa Dinheiro Direto na Escola ¿ PDDE;7780,00;24805
2018;Prefeitura Municipal de Espera Feliz - MG;3124203;MG;DCA-Anexo I-C;Padrão;Receitas Brutas Realizadas;RO1.7.1.8.05.3.0;1.7.1.8.05.3.0 Transferências Diretas do FNDE referentes ao Programa Nacional de Alimentação Escolar ¿ PNAE;238620,00;24805
2018;Prefeitura Municipal de Espera Feliz - MG;3124203;MG;DCA-Anexo I-C;Padrão;Receitas Brutas Realizadas;RO1.7.1.8.05.4.0;1.7.1.8.05.4.0 Transferências Diretas do FNDE referentes ao Programa Nacional de Apoio ao Transporte do Escolar ¿ PNATE;166195,37;24805
2018;Prefeitura Municipal de Espera Feliz - MG;3124203;MG;DCA-Anexo I-C;Padrão;Receitas Brutas Realizadas;RO1.7.1.8.05.9.0;1.7.1.8.05.9.0 Outras Transferências Diretas do Fundo Nacional do Desenvolvimento da Educação ¿ FNDE;121398,77;24805
2018;Prefeitura Municipal de Espera Feliz - MG;3124203;MG;DCA-Anexo I-C;Padrão;Receitas Brutas Realizadas;RO1.7.1.8.06.0.0;1.7.1.8.06.0.0 Transferência Financeira do ICMS ¿ Desoneração ¿ L.C. Nº 87/96;39756,84;24805
2018;Prefeitura Municipal de Espera Feliz - MG;3124203;MG;DCA-Anexo I-C;Padrão;Deduções - FUNDEB;RO1.7.1.8.06.0.0;1.7.1.8.06.0.0 Transferência Financeira do ICMS ¿ Desoneração ¿ L.C. Nº 87/96;7951,32;24805
2018;Prefeitura Municipal de Espera Feliz - MG;3124203;MG;DCA-Anexo I-C;Padrão;Receitas Brutas Realizadas;RO1.7.1.8.06.1.0;1.7.1.8.06.1.0 Transferência Financeira do ICMS ¿ Desoneração ¿ L.C. Nº 87/96;39756,84;24805
2018;Prefeitura Municipal de Espera Feliz - MG;3124203;MG;DCA-Anexo I-C;Padrão;Deduções - FUNDEB;RO1.7.1.8.06.1.0;1.7.1.8.06.1.0 Transferência Financeira do ICMS ¿ Desoneração ¿ L.C. Nº 87/96;7951,32;24805
2018;Prefeitura Municipal de Espera Feliz - MG;3124203;MG;DCA-Anexo I-C;Padrão;Receitas Brutas Realizadas;RO1.7.1.8.08.0.0;1.7.1.8.08.0.0 Transferências Advindas de Emendas Parlamentares Individuais;300000,00;24805
2018;Prefeitura Municipal de Espera Feliz - MG;3124203;MG;DCA-Anexo I-C;Padrão;Receitas Brutas Realizadas;RO1.7.1.8.10.0.0;1.7.1.8.10.0.0 Transferências de Convênios da União e de Suas Entidades;88590,00;24805
2018;Prefeitura Municipal de Espera Feliz - MG;3124203;MG;DCA-Anexo I-C;Padrão;Receitas Brutas Realizadas;RO1.7.1.8.10.9.0;1.7.1.8.10.9.0 Outras Transferências de Convênios da União;88590,00;24805
2018;Prefeitura Municipal de Espera Feliz - MG;3124203;MG;DCA-Anexo I-C;Padrão;Receitas Brutas Realizadas;RO1.7.2.0.00.0.0;1.7.2.0.00.0.0 - Transferências dos Estados e do Distrito Federal e de suas Entidades;10962797,56;24805
2018;Prefeitura Municipal de Espera Feliz - MG;3124203;MG;DCA-Anexo I-C;Padrão;Deduções - FUNDEB;RO1.7.2.0.00.0.0;1.7.2.0.00.0.0 - Transferências dos Estados e do Distrito Federal e de suas Entidades;1873650,16;24805
2018;Prefeitura Municipal de Espera Feliz - MG;3124203;MG;DCA-Anexo I-C;Padrão;Receitas Brutas Realizadas;RO1.7.2.8.00.0.0;1.7.2.8.00.0.0 Transferências dos Estados - Específicas de Estados, DF e Municípios;10962797,56;24805
2018;Prefeitura Municipal de Espera Feliz - MG;3124203;MG;DCA-Anexo I-C;Padrão;Deduções - FUNDEB;RO1.7.2.8.00.0.0;1.7.2.8.00.0.0 Transferências dos Estados - Específicas de Estados, DF e Municípios;1873650,16;24805
2018;Prefeitura Municipal de Espera Feliz - MG;3124203;MG;DCA-Anexo I-C;Padrão;Receitas Brutas Realizadas;RO1.7.2.8.01.0.0;1.7.2.8.01.0.0 Participação na Receita dos Estados;9416552,28;24805
2018;Prefeitura Municipal de Espera Feliz - MG;3124203;MG;DCA-Anexo I-C;Padrão;Deduções - FUNDEB;RO1.7.2.8.01.0.0;1.7.2.8.01.0.0 Participação na Receita dos Estados;1873650,16;24805
2018;Prefeitura Municipal de Espera Feliz - MG;3124203;MG;DCA-Anexo I-C;Padrão;Receitas Brutas Realizadas;RO1.7.2.8.01.1.0;1.7.2.8.01.1.0 Cota-Parte do ICMS;6963924,75;24805
2018;Prefeitura Municipal de Espera Feliz - MG;3124203;MG;DCA-Anexo I-C;Padrão;Deduções - FUNDEB;RO1.7.2.8.01.1.0;1.7.2.8.01.1.0 Cota-Parte do ICMS;1392784,62;24805
2018;Prefeitura Municipal de Espera Feliz - MG;3124203;MG;DCA-Anexo I-C;Padrão;Receitas Brutas Realizadas;RO1.7.2.8.01.2.0;1.7.2.8.01.2.0 Cota-Parte do IPVA;2292986,70;24805
2018;Prefeitura Municipal de Espera Feliz - MG;3124203;MG;DCA-Anexo I-C;Padrão;Deduções - FUNDEB;RO1.7.2.8.01.2.0;1.7.2.8.01.2.0 Cota-Parte do IPVA;458596,18;24805
2018;Prefeitura Municipal de Espera Feliz - MG;3124203;MG;DCA-Anexo I-C;Padrão;Receitas Brutas Realizadas;RO1.7.2.8.01.3.0;1.7.2.8.01.3.0 Cota-Parte do IPI - Municípios;111346,71;24805
2018;Prefeitura Municipal de Espera Feliz - MG;3124203;MG;DCA-Anexo I-C;Padrão;Deduções - FUNDEB;RO1.7.2.8.01.3.0;1.7.2.8.01.3.0 Cota-Parte do IPI - Municípios;22269,36;24805
2018;Prefeitura Municipal de Espera Feliz - MG;3124203;MG;DCA-Anexo I-C;Padrão;Receitas Brutas Realizadas;RO1.7.2.8.01.4.0;1.7.2.8.01.4.0 Cota-Parte da Contribuição de Intervenção no Domínio Econômico;48294,12;24805
2018;Prefeitura Municipal de Espera Feliz - MG;3124203;MG;DCA-Anexo I-C;Padrão;Receitas Brutas Realizadas;RO1.7.2.8.02.0.0;1.7.2.8.02.0.0 Transferência da Cota-parte da Compensação Financeira (25%);16204,97;24805
2018;Prefeitura Municipal de Espera Feliz - MG;3124203;MG;DCA-Anexo I-C;Padrão;Receitas Brutas Realizadas;RO1.7.2.8.02.2.0;1.7.2.8.02.2.0 Cota-parte da Compensação Financeira de Recursos Minerais - CFEM;16204,97;24805
2018;Prefeitura Municipal de Espera Feliz - MG;3124203;MG;DCA-Anexo I-C;Padrão;Receitas Brutas Realizadas;RO1.7.2.8.03.0.0;1.7.2.8.03.0.0 Transferência de Recursos do Estado para Programas de Saúde ¿ Repasse Fundo a Fundo;818990,31;24805
2018;Prefeitura Municipal de Espera Feliz - MG;3124203;MG;DCA-Anexo I-C;Padrão;Receitas Brutas Realizadas;RO1.7.2.8.10.0.0;1.7.2.8.10.0.0 Transferência de Convênios dos Estados e do Distrito Federal e de Suas Entidades;704750,00;24805
2018;Prefeitura Municipal de Espera Feliz - MG;3124203;MG;DCA-Anexo I-C;Padrão;Receitas Brutas Realizadas;RO1.7.2.8.10.2.0;1.7.2.8.10.2.0 Transferências de Convênio dos Estados Destinadas a Programas de Educação;654750,00;24805
2018;Prefeitura Municipal de Espera Feliz - MG;3124203;MG;DCA-Anexo I-C;Padrão;Receitas Brutas Realizadas;RO1.7.2.8.10.9.0;1.7.2.8.10.9.0 Outras Transferências de Convênio dos Estados;50000,00;24805
2018;Prefeitura Municipal de Espera Feliz - MG;3124203;MG;DCA-Anexo I-C;Padrão;Receitas Brutas Realizadas;RO1.7.2.8.99.0.0;1.7.2.8.99.0.0 Outras Transferências dos Estados;6300,00;24805
2018;Prefeitura Municipal de Espera Feliz - MG;3124203;MG;DCA-Anexo I-C;Padrão;Receitas Brutas Realizadas;RO1.7.5.0.00.0.0;1.7.5.0.00.0.0 - Transferências de Outras Instituições Públicas;4535362,05;24805
2018;Prefeitura Municipal de Espera Feliz - MG;3124203;MG;DCA-Anexo I-C;Padrão;Receitas Brutas Realizadas;RO1.7.5.8.00.0.0;1.7.5.8.00.0.0 Transferências de Outras Instituições Públicas - Específicas de Estados, DF e Municípios;4535362,05;24805
2018;Prefeitura Municipal de Espera Feliz - MG;3124203;MG;DCA-Anexo I-C;Padrão;Receitas Brutas Realizadas;RO1.7.5.8.01.0.0;1.7.5.8.01.0.0 Transferências de Recursos do Fundo de Manutenção e Desenvolvimento da Educação Básica e de Valorização dos Profissionais da Educação ¿ FUNDEB;4535362,05;24805
2018;Prefeitura Municipal de Espera Feliz - MG;3124203;MG;DCA-Anexo I-C;Padrão;Receitas Brutas Realizadas;RO1.9.0.0.00.0.0;1.9.0.0.00.0.0 - Outras Receitas Correntes;390390,87;24805
2018;Prefeitura Municipal de Espera Feliz - MG;3124203;MG;DCA-Anexo I-C;Padrão;Receitas Brutas Realizadas;RO1.9.2.0.00.0.0;1.9.2.0.00.0.0 - Indenizações, Restituições e Ressarcimentos;26512,75;24805
2018;Prefeitura Municipal de Espera Feliz - MG;3124203;MG;DCA-Anexo I-C;Padrão;Receitas Brutas Realizadas;RO1.9.2.2.00.0.0;1.9.2.2.00.0.0 - Restituições;26512,75;24805
2018;Prefeitura Municipal de Espera Feliz - MG;3124203;MG;DCA-Anexo I-C;Padrão;Receitas Brutas Realizadas;RO1.9.2.2.99.0.0;1.9.2.2.99.0.0 - Outras Restituições;26512,75;24805
2018;Prefeitura Municipal de Espera Feliz - MG;3124203;MG;DCA-Anexo I-C;Padrão;Receitas Brutas Realizadas;RO1.9.9.0.00.0.0;1.9.9.0.00.0.0 - Demais Receitas Correntes;363878,12;24805
2018;Prefeitura Municipal de Espera Feliz - MG;3124203;MG;DCA-Anexo I-C;Padrão;Receitas Brutas Realizadas;RO1.9.9.0.03.0.0;1.9.9.0.03.0.0 - Compensações Financeiras entre o Regime Geral e os Regimes Próprios de Previdência dos Servidores;124217,07;24805
2018;Prefeitura Municipal de Espera Feliz - MG;3124203;MG;DCA-Anexo I-C;Padrão;Receitas Brutas Realizadas;RO1.9.9.0.99.0.0;1.9.9.0.99.0.0 - Outras Receitas;239661,05;24805
2018;Prefeitura Municipal de Espera Feliz - MG;3124203;MG;DCA-Anexo I-C;Padrão;Receitas Brutas Realizadas;RO1.9.9.0.99.1.0;1.9.9.0.99.1.0 - Outras Receitas - Primárias;239661,05;24805
2018;Prefeitura Municipal de Espera Feliz - MG;3124203;MG;DCA-Anexo I-C;Padrão;Receitas Brutas Realizadas;RO2.0.0.0.00.0.0;2.0.0.0.00.0.0 - Receitas de Capital;2880166,26;24805
2018;Prefeitura Municipal de Espera Feliz - MG;3124203;MG;DCA-Anexo I-C;Padrão;Receitas Brutas Realizadas;RO2.1.0.0.00.0.0;2.1.0.0.00.0.0 - Operações de Crédito;484436,49;24805
2018;Prefeitura Municipal de Espera Feliz - MG;3124203;MG;DCA-Anexo I-C;Padrão;Receitas Brutas Realizadas;RO2.1.1.0.00.0.0;2.1.1.0.00.0.0 - Operações de Crédito - Mercado Interno;484436,49;24805
2018;Prefeitura Municipal de Espera Feliz - MG;3124203;MG;DCA-Anexo I-C;Padrão;Receitas Brutas Realizadas;RO2.1.1.2.00.0.0;2.1.1.2.00.0.0 Operações de Crédito Contratuais - Mercado Interno;484436,49;24805
2018;Prefeitura Municipal de Espera Feliz - MG;3124203;MG;DCA-Anexo I-C;Padrão;Receitas Brutas Realizadas;RO2.2.0.0.00.0.0;2.2.0.0.00.0.0 - Alienação de Bens;231550,00;24805
2018;Prefeitura Municipal de Espera Feliz - MG;3124203;MG;DCA-Anexo I-C;Padrão;Receitas Brutas Realizadas;RO2.2.1.0.00.0.0;2.2.1.0.00.0.0 - Alienação de Bens Móveis;231550,00;24805
2018;Prefeitura Municipal de Espera Feliz - MG;3124203;MG;DCA-Anexo I-C;Padrão;Receitas Brutas Realizadas;RO2.2.1.3.00.0.0;2.2.1.3.00.0.0 Alienação de Bens Móveis e Semoventes;231550,00;24805
2018;Prefeitura Municipal de Espera Feliz - MG;3124203;MG;DCA-Anexo I-C;Padrão;Receitas Brutas Realizadas;RO2.4.0.0.00.0.0;2.4.0.0.00.0.0 - Transferências de Capital;2164179,77;24805
2018;Prefeitura Municipal de Espera Feliz - MG;3124203;MG;DCA-Anexo I-C;Padrão;Receitas Brutas Realizadas;RO2.4.1.0.00.0.0;2.4.1.0.00.0.0 - Transferências da União e de suas Entidades;2021579,77;24805
2018;Prefeitura Municipal de Espera Feliz - MG;3124203;MG;DCA-Anexo I-C;Padrão;Receitas Brutas Realizadas;RO2.4.1.8.00.0.0;2.4.1.8.00.0.0 Transferências da União - Específicas de Estados, DF e Municípios;2021579,77;24805
2018;Prefeitura Municipal de Espera Feliz - MG;3124203;MG;DCA-Anexo I-C;Padrão;Receitas Brutas Realizadas;RO2.4.1.8.05.0.0;2.4.1.8.05.0.0 Transferências de Recursos Destinados a Programas de Educação;663762,30;24805
2018;Prefeitura Municipal de Espera Feliz - MG;3124203;MG;DCA-Anexo I-C;Padrão;Receitas Brutas Realizadas;RO2.4.1.8.10.0.0;2.4.1.8.10.0.0 Transferência de Convênios da União e de suas Entidades;1357817,47;24805
2018;Prefeitura Municipal de Espera Feliz - MG;3124203;MG;DCA-Anexo I-C;Padrão;Receitas Brutas Realizadas;RO2.4.2.0.00.0.0;2.4.2.0.00.0.0 - Transferências dos Estados e do Distrito Federal e de suas Entidades;142600,00;24805
2018;Prefeitura Municipal de Espera Feliz - MG;3124203;MG;DCA-Anexo I-C;Padrão;Receitas Brutas Realizadas;RO2.4.2.8.00.0.0;2.4.2.8.00.0.0 Transferências dos Estados, Distrito Federal, e de suas Entidades;142600,00;24805
2018;Prefeitura Municipal de Espera Feliz - MG;3124203;MG;DCA-Anexo I-C;Padrão;Receitas Brutas Realizadas;RO2.4.2.8.03.0.0;2.4.2.8.03.0.0 Transferências de Recursos do Sistema Único de Saúde ¿ SUS;7600,00;24805
2018;Prefeitura Municipal de Espera Feliz - MG;3124203;MG;DCA-Anexo I-C;Padrão;Receitas Brutas Realizadas;RO2.4.2.8.10.0.0;2.4.2.8.10.0.0 Transferências de Convênios dos Estados e do Distrito Federal e de suas Entidades;135000,00;24805
2018;Prefeitura Municipal de Espera Feliz - MG;3124203;MG;DCA-Anexo I-C;Padrão;Receitas Brutas Realizadas;RO7.0.0.0.00.0.0;7.0.0.0.00.0.0 - Receitas Correntes - Intraorçamentárias;2122481,92;24805
2018;Prefeitura Municipal de Espera Feliz - MG;3124203;MG;DCA-Anexo I-C;Padrão;Receitas Brutas Realizadas;RO7.2.0.0.00.0.0;7.2.0.0.00.0.0 - Contribuições - Intraorçamentárias;2122481,92;24805
2018;Prefeitura Municipal de Espera Feliz - MG;3124203;MG;DCA-Anexo I-C;Padrão;Receitas Brutas Realizadas;RO7.2.1.0.00.0.0;7.2.1.0.00.0.0 - Contribuições Sociais - Intraorçamentárias;2122481,92;24805
2018;Prefeitura Municipal de Espera Feliz - MG;3124203;MG;DCA-Anexo I-C;Padrão;Receitas Brutas Realizadas;RO7.2.1.0.04.0.0;7.2.1.0.04.0.0 - Contribuição para o Regime Próprio de Previdência Social - RPPS - Intraorçamentárias;2122481,92;24805
2018;Prefeitura Municipal de Espera Feliz - MG;3124203;MG;DCA-Anexo I-C;Padrão;Receitas Brutas Realizadas;RO7.2.1.0.04.1.0;7.2.1.0.04.1.0 - Contribuição Patronal de Servidor Ativo Civil para o RPPS - Intraorçamentárias;2122481,92;24805
2019;Prefeitura Municipal de Espera Feliz - MG;3124203;MG;DCA-Anexo I-C;Padrão;Receitas Brutas Realizadas;ReceitasExcetoIntraOrcamentarias;RECEITAS (EXCETO INTRA-ORÇAMENTÁRIAS) (I);61537977,48;24773
2019;Prefeitura Municipal de Espera Feliz - MG;3124203;MG;DCA-Anexo I-C;Padrão;Deduções - FUNDEB;ReceitasExcetoIntraOrcamentarias;RECEITAS (EXCETO INTRA-ORÇAMENTÁRIAS) (I);6075745,52;24773
2019;Prefeitura Municipal de Espera Feliz - MG;3124203;MG;DCA-Anexo I-C;Padrão;Receitas Brutas Realizadas;RO1.0.0.0.00.0.0;1.0.0.0.00.0.0 - Receitas Correntes;60536389,81;24773
2019;Prefeitura Municipal de Espera Feliz - MG;3124203;MG;DCA-Anexo I-C;Padrão;Deduções - FUNDEB;RO1.0.0.0.00.0.0;1.0.0.0.00.0.0 - Receitas Correntes;6075745,52;24773
2019;Prefeitura Municipal de Espera Feliz - MG;3124203;MG;DCA-Anexo I-C;Padrão;Receitas Brutas Realizadas;RO1.1.0.0.00.0.0;1.1.0.0.00.0.0 - Impostos, Taxas e Contribuições de Melhoria;4640854,13;24773
2019;Prefeitura Municipal de Espera Feliz - MG;3124203;MG;DCA-Anexo I-C;Padrão;Receitas Brutas Realizadas;RO1.1.1.0.00.0.0;1.1.1.0.00.0.0 - Impostos;3679156,47;24773
2019;Prefeitura Municipal de Espera Feliz - MG;3124203;MG;DCA-Anexo I-C;Padrão;Receitas Brutas Realizadas;RO1.1.1.3.00.0.0;1.1.1.3.00.0.0 - Impostos sobre a Renda e Proventos de Qualquer Natureza;1005669,46;24773
2019;Prefeitura Municipal de Espera Feliz - MG;3124203;MG;DCA-Anexo I-C;Padrão;Receitas Brutas Realizadas;RO1.1.1.3.03.0.0;1.1.1.3.03.0.0 - Imposto sobre a Renda - Retido na Fonte;1005669,46;24773
2019;Prefeitura Municipal de Espera Feliz - MG;3124203;MG;DCA-Anexo I-C;Padrão;Receitas Brutas Realizadas;RO1.1.1.3.03.1.0;1.1.1.3.03.1.0 - Imposto sobre a Renda - Retido na Fonte - Trabalho;1001579,70;24773
2019;Prefeitura Municipal de Espera Feliz - MG;3124203;MG;DCA-Anexo I-C;Padrão;Receitas Brutas Realizadas;RO1.1.1.3.03.4.0;1.1.1.3.03.4.0 - Imposto sobre a Renda - Retido na Fonte - Outros Rendimentos;4089,76;24773
2019;Prefeitura Municipal de Espera Feliz - MG;3124203;MG;DCA-Anexo I-C;Padrão;Receitas Brutas Realizadas;RO1.1.1.8.00.0.0;1.1.1.8.00.0.0 Impostos Específicos de Estados, DF e Municípios;2673487,01;24773
2019;Prefeitura Municipal de Espera Feliz - MG;3124203;MG;DCA-Anexo I-C;Padrão;Receitas Brutas Realizadas;RO1.1.1.8.01.0.0;1.1.1.8.01.0.0 Impostos sobre o Patrimônio para Estados/DF/Municípios;1432368,02;24773
2019;Prefeitura Municipal de Espera Feliz - MG;3124203;MG;DCA-Anexo I-C;Padrão;Receitas Brutas Realizadas;RO1.1.1.8.01.1.0;1.1.1.8.01.1.0 Imposto sobre a Propriedade Predial e Territorial Urbana;966320,92;24773
2019;Prefeitura Municipal de Espera Feliz - MG;3124203;MG;DCA-Anexo I-C;Padrão;Receitas Brutas Realizadas;RO1.1.1.8.01.4.0;1.1.1.8.01.4.0 Imposto sobre Transmissão ¿Inter Vivos¿ de Bens Imóveis e de Direitos Reais sobre Imóveis;466047,10;24773
2019;Prefeitura Municipal de Espera Feliz - MG;3124203;MG;DCA-Anexo I-C;Padrão;Receitas Brutas Realizadas;RO1.1.1.8.02.0.0;1.1.1.8.02.0.0 Impostos sobre a Produção, Circulação de Mercadorias e Serviços;1241118,99;24773
2019;Prefeitura Municipal de Espera Feliz - MG;3124203;MG;DCA-Anexo I-C;Padrão;Receitas Brutas Realizadas;RO1.1.1.8.02.3.0;1.1.1.8.02.3.0 Imposto sobre Serviços de Qualquer Natureza;1241118,99;24773
2019;Prefeitura Municipal de Espera Feliz - MG;3124203;MG;DCA-Anexo I-C;Padrão;Receitas Brutas Realizadas;RO1.1.2.0.00.0.0;1.1.2.0.00.0.0 - Taxas;961697,66;24773
2019;Prefeitura Municipal de Espera Feliz - MG;3124203;MG;DCA-Anexo I-C;Padrão;Receitas Brutas Realizadas;RO1.1.2.1.00.0.0;1.1.2.1.00.0.0 - Taxas pelo Exercício do Poder de Polícia;170998,32;24773
2019;Prefeitura Municipal de Espera Feliz - MG;3124203;MG;DCA-Anexo I-C;Padrão;Receitas Brutas Realizadas;RO1.1.2.1.02.0.0;1.1.2.1.02.0.0 - Taxas de Fiscalização das Telecomunicações;170998,32;24773
2019;Prefeitura Municipal de Espera Feliz - MG;3124203;MG;DCA-Anexo I-C;Padrão;Receitas Brutas Realizadas;RO1.1.2.1.02.2.0;1.1.2.1.02.2.0 - Taxa de Fiscalização de Funcionamento - TFF;170998,32;24773
2019;Prefeitura Municipal de Espera Feliz - MG;3124203;MG;DCA-Anexo I-C;Padrão;Receitas Brutas Realizadas;RO1.1.2.2.00.0.0;1.1.2.2.00.0.0 - Taxas pela Prestação de Serviços;723771,99;24773
2019;Prefeitura Municipal de Espera Feliz - MG;3124203;MG;DCA-Anexo I-C;Padrão;Receitas Brutas Realizadas;RO1.1.2.2.01.0.0;1.1.2.2.01.0.0 - Taxas pela Prestação de Serviços;723771,99;24773
2019;Prefeitura Municipal de Espera Feliz - MG;3124203;MG;DCA-Anexo I-C;Padrão;Receitas Brutas Realizadas;RO1.1.2.8.00.0.0;1.1.2.8.00.0.0 - Taxas - Específicas de Estados, DF e Municípios;66927,35;24773
2019;Prefeitura Municipal de Espera Feliz - MG;3124203;MG;DCA-Anexo I-C;Padrão;Receitas Brutas Realizadas;RO1.1.2.8.01.0.0;1.1.2.8.01.0.0 - Taxas de Inspeção, Controle e Fiscalização;66927,35;24773
2019;Prefeitura Municipal de Espera Feliz - MG;3124203;MG;DCA-Anexo I-C;Padrão;Receitas Brutas Realizadas;RO1.1.2.8.01.1.0;1.1.2.8.01.1.0 - Taxa de Fiscalização de Vigilância Sanitária;66927,35;24773
2019;Prefeitura Municipal de Espera Feliz - MG;3124203;MG;DCA-Anexo I-C;Padrão;Receitas Brutas Realizadas;RO1.2.0.0.00.0.0;1.2.0.0.00.0.0 - Contribuições;2991913,09;24773
2019;Prefeitura Municipal de Espera Feliz - MG;3124203;MG;DCA-Anexo I-C;Padrão;Receitas Brutas Realizadas;RO1.2.1.0.00.0.0;1.2.1.0.00.0.0 - Contribuições Sociais;1559630,64;24773
2019;Prefeitura Municipal de Espera Feliz - MG;3124203;MG;DCA-Anexo I-C;Padrão;Receitas Brutas Realizadas;RO1.2.1.8.00.0.0;1.2.1.8.00.0.0 Contribuições Sociais Específicas de Estados, DF e Municípios;1559630,64;24773
2019;Prefeitura Municipal de Espera Feliz - MG;3124203;MG;DCA-Anexo I-C;Padrão;Receitas Brutas Realizadas;RO1.2.1.8.01.0.0;1.2.1.8.01.0.0 - Contribuição do Servidor Civil para o Plano de Seguridade Social - CPSSS - Específico de EST/DF/MUN;1559630,64;24773
2019;Prefeitura Municipal de Espera Feliz - MG;3124203;MG;DCA-Anexo I-C;Padrão;Receitas Brutas Realizadas;RO1.2.1.8.01.1.0;1.2.1.8.01.1.0 - CPSSS do Servidor Civil Ativo;1558368,08;24773
2019;Prefeitura Municipal de Espera Feliz - MG;3124203;MG;DCA-Anexo I-C;Padrão;Receitas Brutas Realizadas;RO1.2.1.8.01.2.0;1.2.1.8.01.2.0 - CPSSS do Servidor Civil Inativo;1262,56;24773
2019;Prefeitura Municipal de Espera Feliz - MG;3124203;MG;DCA-Anexo I-C;Padrão;Receitas Brutas Realizadas;RO1.2.4.0.00.0.0;1.2.4.0.00.0.0 - Contribuição para o Custeio do Serviço de Iluminação Pública;1432282,45;24773
2019;Prefeitura Municipal de Espera Feliz - MG;3124203;MG;DCA-Anexo I-C;Padrão;Receitas Brutas Realizadas;RO1.3.0.0.00.0.0;1.3.0.0.00.0.0 - Receita Patrimonial;2060912,13;24773
2019;Prefeitura Municipal de Espera Feliz - MG;3124203;MG;DCA-Anexo I-C;Padrão;Receitas Brutas Realizadas;RO1.3.1.0.00.0.0;1.3.1.0.00.0.0 - Exploração do Patrimônio Imobiliário do Estado;129131,58;24773
2019;Prefeitura Municipal de Espera Feliz - MG;3124203;MG;DCA-Anexo I-C;Padrão;Receitas Brutas Realizadas;RO1.3.1.0.01.0.0;1.3.1.0.01.0.0 - Aluguéis, Arrendamentos, Foros, Laudêmios, Tarifas de Ocupação;129131,58;24773
2019;Prefeitura Municipal de Espera Feliz - MG;3124203;MG;DCA-Anexo I-C;Padrão;Receitas Brutas Realizadas;RO1.3.1.0.01.1.0;1.3.1.0.01.1.0 - Aluguéis e Arrendamentos;129131,58;24773
2019;Prefeitura Municipal de Espera Feliz - MG;3124203;MG;DCA-Anexo I-C;Padrão;Receitas Brutas Realizadas;RO1.3.2.0.00.0.0;1.3.2.0.00.0.0 - Valores Mobiliários;1614656,32;24773
2019;Prefeitura Municipal de Espera Feliz - MG;3124203;MG;DCA-Anexo I-C;Padrão;Receitas Brutas Realizadas;RO1.3.2.1.00.0.0;1.3.2.1.00.0.0 - Juros e Correções Monetárias;1614656,32;24773
2019;Prefeitura Municipal de Espera Feliz - MG;3124203;MG;DCA-Anexo I-C;Padrão;Receitas Brutas Realizadas;RO1.3.2.1.00.1.0;1.3.2.1.00.1.0 - Remuneração de Depósitos Bancários;115508,28;24773
2019;Prefeitura Municipal de Espera Feliz - MG;3124203;MG;DCA-Anexo I-C;Padrão;Receitas Brutas Realizadas;RO1.3.2.1.00.4.0;1.3.2.1.00.4.0 - Remuneração dos Recursos do Regime Próprio de Previdência Social - RPPS;1499148,04;24773
2019;Prefeitura Municipal de Espera Feliz - MG;3124203;MG;DCA-Anexo I-C;Padrão;Receitas Brutas Realizadas;RO1.3.6.0.00.0.0;1.3.6.0.00.0.0 - Cessão de Direitos;317124,23;24773
2019;Prefeitura Municipal de Espera Feliz - MG;3124203;MG;DCA-Anexo I-C;Padrão;Receitas Brutas Realizadas;RO1.6.0.0.00.0.0;1.6.0.0.00.0.0 - Receita de Serviços;28621,34;24773
2019;Prefeitura Municipal de Espera Feliz - MG;3124203;MG;DCA-Anexo I-C;Padrão;Receitas Brutas Realizadas;RO1.6.1.0.00.0.0;1.6.1.0.00.0.0 - Serviços Administrativos e Comerciais Gerais;28621,34;24773
2019;Prefeitura Municipal de Espera Feliz - MG;3124203;MG;DCA-Anexo I-C;Padrão;Receitas Brutas Realizadas;RO1.6.1.0.01.0.0;1.6.1.0.01.0.0 - Serviços Administrativos e Comerciais Gerais;28621,34;24773
2019;Prefeitura Municipal de Espera Feliz - MG;3124203;MG;DCA-Anexo I-C;Padrão;Receitas Brutas Realizadas;RO1.7.0.0.00.0.0;1.7.0.0.00.0.0 - Transferências Correntes;50610337,87;24773
2019;Prefeitura Municipal de Espera Feliz - MG;3124203;MG;DCA-Anexo I-C;Padrão;Deduções - FUNDEB;RO1.7.0.0.00.0.0;1.7.0.0.00.0.0 - Transferências Correntes;6075745,52;24773
2019;Prefeitura Municipal de Espera Feliz - MG;3124203;MG;DCA-Anexo I-C;Padrão;Receitas Brutas Realizadas;RO1.7.1.0.00.0.0;1.7.1.0.00.0.0 - Transferências da União e de suas Entidades;31238842,12;24773
2019;Prefeitura Municipal de Espera Feliz - MG;3124203;MG;DCA-Anexo I-C;Padrão;Deduções - FUNDEB;RO1.7.1.0.00.0.0;1.7.1.0.00.0.0 - Transferências da União e de suas Entidades;4121353,26;24773
2019;Prefeitura Municipal de Espera Feliz - MG;3124203;MG;DCA-Anexo I-C;Padrão;Receitas Brutas Realizadas;RO1.7.1.8.00.0.0;1.7.1.8.00.0.0 Transferências da União - Específicas de Estados, DF e Municípios;31238842,12;24773
2019;Prefeitura Municipal de Espera Feliz - MG;3124203;MG;DCA-Anexo I-C;Padrão;Deduções - FUNDEB;RO1.7.1.8.00.0.0;1.7.1.8.00.0.0 Transferências da União - Específicas de Estados, DF e Municípios;4121353,26;24773
2019;Prefeitura Municipal de Espera Feliz - MG;3124203;MG;DCA-Anexo I-C;Padrão;Receitas Brutas Realizadas;RO1.7.1.8.01.0.0;1.7.1.8.01.0.0 Participação na Receita da União;22391204,92;24773
2019;Prefeitura Municipal de Espera Feliz - MG;3124203;MG;DCA-Anexo I-C;Padrão;Deduções - FUNDEB;RO1.7.1.8.01.0.0;1.7.1.8.01.0.0 Participação na Receita da União;4121353,26;24773
2019;Prefeitura Municipal de Espera Feliz - MG;3124203;MG;DCA-Anexo I-C;Padrão;Receitas Brutas Realizadas;RO1.7.1.8.01.2.0;1.7.1.8.01.2.0 Cota-Parte do Fundo de Participação dos Municípios - Cota Mensal;20597599,54;24773
2019;Prefeitura Municipal de Espera Feliz - MG;3124203;MG;DCA-Anexo I-C;Padrão;Deduções - FUNDEB;RO1.7.1.8.01.2.0;1.7.1.8.01.2.0 Cota-Parte do Fundo de Participação dos Municípios - Cota Mensal;4119519,63;24773
2019;Prefeitura Municipal de Espera Feliz - MG;3124203;MG;DCA-Anexo I-C;Padrão;Receitas Brutas Realizadas;RO1.7.1.8.01.3.0;1.7.1.8.01.3.0 Cota-Parte do Fundo de Participação do Municípios ¿ 1% Cota entregue no mês de dezembro;909010,16;24773
2019;Prefeitura Municipal de Espera Feliz - MG;3124203;MG;DCA-Anexo I-C;Padrão;Receitas Brutas Realizadas;RO1.7.1.8.01.4.0;1.7.1.8.01.4.0 Cota-Parte do Fundo de Participação dos Municípios - 1% Cota entregue no mês de julho;875426,48;24773
2019;Prefeitura Municipal de Espera Feliz - MG;3124203;MG;DCA-Anexo I-C;Padrão;Receitas Brutas Realizadas;RO1.7.1.8.01.5.0;1.7.1.8.01.5.0 Cota-Parte do Imposto Sobre a Propriedade Territorial Rural;9168,74;24773
2019;Prefeitura Municipal de Espera Feliz - MG;3124203;MG;DCA-Anexo I-C;Padrão;Deduções - FUNDEB;RO1.7.1.8.01.5.0;1.7.1.8.01.5.0 Cota-Parte do Imposto Sobre a Propriedade Territorial Rural;1833,63;24773
2019;Prefeitura Municipal de Espera Feliz - MG;3124203;MG;DCA-Anexo I-C;Padrão;Receitas Brutas Realizadas;RO1.7.1.8.02.0.0;1.7.1.8.02.0.0 Transferência da Compensação Financeira pela Exploração de Recursos Naturais;317047,14;24773
2019;Prefeitura Municipal de Espera Feliz - MG;3124203;MG;DCA-Anexo I-C;Padrão;Receitas Brutas Realizadas;RO1.7.1.8.02.6.0;1.7.1.8.02.6.0 Cota-Parte do Fundo Especial do Petróleo ¿ FEP;317047,14;24773
2019;Prefeitura Municipal de Espera Feliz - MG;3124203;MG;DCA-Anexo I-C;Padrão;Receitas Brutas Realizadas;RO1.7.1.8.03.0.0;"1.7.1.8.03.0.0 Transferência de Recursos do Sistema Único de Saúde ¿ 
 SUS ¿ Bloco Custeio das Ações e Serviços Públicos de Saúde";5553877,33;24773
2019;Prefeitura Municipal de Espera Feliz - MG;3124203;MG;DCA-Anexo I-C;Padrão;Receitas Brutas Realizadas;RO1.7.1.8.03.1.0;1.7.1.8.03.1.0 - Transferência de Recursos do SUS ¿ Atenção Básica;4781560,25;24773
2019;Prefeitura Municipal de Espera Feliz - MG;3124203;MG;DCA-Anexo I-C;Padrão;Receitas Brutas Realizadas;RO1.7.1.8.03.2.0;1.7.1.8.03.2.0 - Transferência de Recursos do SUS ¿ Atenção de Média e Alta Complexidade Ambulatorial e Hospitalar;370370,50;24773
2019;Prefeitura Municipal de Espera Feliz - MG;3124203;MG;DCA-Anexo I-C;Padrão;Receitas Brutas Realizadas;RO1.7.1.8.03.3.0;1.7.1.8.03.3.0 - Transferência de Recursos do SUS ¿ Vigilância em Saúde;234208,37;24773
2019;Prefeitura Municipal de Espera Feliz - MG;3124203;MG;DCA-Anexo I-C;Padrão;Receitas Brutas Realizadas;RO1.7.1.8.03.4.0;1.7.1.8.03.4.0 - Transferência de Recursos do SUS ¿ Assistência Farmacêutica;133343,49;24773
2019;Prefeitura Municipal de Espera Feliz - MG;3124203;MG;DCA-Anexo I-C;Padrão;Receitas Brutas Realizadas;RO1.7.1.8.03.9.0;1.7.1.8.03.9.0 - Transferência de Recursos do SUS ¿ Outros Programas Financiados por Transferências Fundo a Fundo;34394,72;24773
2019;Prefeitura Municipal de Espera Feliz - MG;3124203;MG;DCA-Anexo I-C;Padrão;Receitas Brutas Realizadas;RO1.7.1.8.05.0.0;1.7.1.8.05.0.0 Transferências de Recursos do Fundo Nacional do Desenvolvimento da Educação ¿ FNDE;1133934,29;24773
2019;Prefeitura Municipal de Espera Feliz - MG;3124203;MG;DCA-Anexo I-C;Padrão;Receitas Brutas Realizadas;RO1.7.1.8.05.1.0;1.7.1.8.05.1.0 Transferências do Salário-Educação;652217,28;24773
2019;Prefeitura Municipal de Espera Feliz - MG;3124203;MG;DCA-Anexo I-C;Padrão;Receitas Brutas Realizadas;RO1.7.1.8.05.2.0;1.7.1.8.05.2.0 Transferências Diretas do FNDE referentes ao Programa Dinheiro Direto na Escola ¿ PDDE;7980,00;24773
2019;Prefeitura Municipal de Espera Feliz - MG;3124203;MG;DCA-Anexo I-C;Padrão;Receitas Brutas Realizadas;RO1.7.1.8.05.3.0;1.7.1.8.05.3.0 Transferências Diretas do FNDE referentes ao Programa Nacional de Alimentação Escolar ¿ PNAE;299217,26;24773
2019;Prefeitura Municipal de Espera Feliz - MG;3124203;MG;DCA-Anexo I-C;Padrão;Receitas Brutas Realizadas;RO1.7.1.8.05.4.0;1.7.1.8.05.4.0 Transferências Diretas do FNDE referentes ao Programa Nacional de Apoio ao Transporte do Escolar ¿ PNATE;174519,75;24773
2019;Prefeitura Municipal de Espera Feliz - MG;3124203;MG;DCA-Anexo I-C;Padrão;Receitas Brutas Realizadas;RO1.7.1.8.08.0.0;1.7.1.8.08.0.0 Transferências Advindas de Emendas Parlamentares Individuais;200000,00;24773
2019;Prefeitura Municipal de Espera Feliz - MG;3124203;MG;DCA-Anexo I-C;Padrão;Receitas Brutas Realizadas;RO1.7.1.8.10.0.0;1.7.1.8.10.0.0 Transferências de Convênios da União e de Suas Entidades;97500,00;24773
2019;Prefeitura Municipal de Espera Feliz - MG;3124203;MG;DCA-Anexo I-C;Padrão;Receitas Brutas Realizadas;RO1.7.1.8.10.9.0;1.7.1.8.10.9.0 Outras Transferências de Convênios da União;97500,00;24773
2019;Prefeitura Municipal de Espera Feliz - MG;3124203;MG;DCA-Anexo I-C;Padrão;Receitas Brutas Realizadas;RO1.7.1.8.12.0.0;1.7.1.8.12.0.0 - Transferências de Recursos do Fundo Nacional de Assistência Social ¿ FNAS;468257,71;24773
2019;Prefeitura Municipal de Espera Feliz - MG;3124203;MG;DCA-Anexo I-C;Padrão;Receitas Brutas Realizadas;RO1.7.1.8.99.0.0;1.7.1.8.99.0.0 Outras Transferências da União;1077020,73;24773
2019;Prefeitura Municipal de Espera Feliz - MG;3124203;MG;DCA-Anexo I-C;Padrão;Receitas Brutas Realizadas;RO1.7.2.0.00.0.0;1.7.2.0.00.0.0 - Transferências dos Estados e do Distrito Federal e de suas Entidades;10783481,13;24773
2019;Prefeitura Municipal de Espera Feliz - MG;3124203;MG;DCA-Anexo I-C;Padrão;Deduções - FUNDEB;RO1.7.2.0.00.0.0;1.7.2.0.00.0.0 - Transferências dos Estados e do Distrito Federal e de suas Entidades;1954392,26;24773
2019;Prefeitura Municipal de Espera Feliz - MG;3124203;MG;DCA-Anexo I-C;Padrão;Receitas Brutas Realizadas;RO1.7.2.8.00.0.0;1.7.2.8.00.0.0 Transferências dos Estados - Específicas de Estados, DF e Municípios;10783481,13;24773
2019;Prefeitura Municipal de Espera Feliz - MG;3124203;MG;DCA-Anexo I-C;Padrão;Deduções - FUNDEB;RO1.7.2.8.00.0.0;1.7.2.8.00.0.0 Transferências dos Estados - Específicas de Estados, DF e Municípios;1954392,26;24773
2019;Prefeitura Municipal de Espera Feliz - MG;3124203;MG;DCA-Anexo I-C;Padrão;Receitas Brutas Realizadas;RO1.7.2.8.01.0.0;1.7.2.8.01.0.0 Participação na Receita dos Estados;9801206,68;24773
2019;Prefeitura Municipal de Espera Feliz - MG;3124203;MG;DCA-Anexo I-C;Padrão;Deduções - FUNDEB;RO1.7.2.8.01.0.0;1.7.2.8.01.0.0 Participação na Receita dos Estados;1954392,26;24773
2019;Prefeitura Municipal de Espera Feliz - MG;3124203;MG;DCA-Anexo I-C;Padrão;Receitas Brutas Realizadas;RO1.7.2.8.01.1.0;1.7.2.8.01.1.0 Cota-Parte do ICMS;7637075,76;24773
2019;Prefeitura Municipal de Espera Feliz - MG;3124203;MG;DCA-Anexo I-C;Padrão;Deduções - FUNDEB;RO1.7.2.8.01.1.0;1.7.2.8.01.1.0 Cota-Parte do ICMS;1527414,37;24773
2019;Prefeitura Municipal de Espera Feliz - MG;3124203;MG;DCA-Anexo I-C;Padrão;Receitas Brutas Realizadas;RO1.7.2.8.01.2.0;1.7.2.8.01.2.0 Cota-Parte do IPVA;2041833,39;24773
2019;Prefeitura Municipal de Espera Feliz - MG;3124203;MG;DCA-Anexo I-C;Padrão;Deduções - FUNDEB;RO1.7.2.8.01.2.0;1.7.2.8.01.2.0 Cota-Parte do IPVA;408364,69;24773
2019;Prefeitura Municipal de Espera Feliz - MG;3124203;MG;DCA-Anexo I-C;Padrão;Receitas Brutas Realizadas;RO1.7.2.8.01.3.0;1.7.2.8.01.3.0 Cota-Parte do IPI - Municípios;93065,92;24773
2019;Prefeitura Municipal de Espera Feliz - MG;3124203;MG;DCA-Anexo I-C;Padrão;Deduções - FUNDEB;RO1.7.2.8.01.3.0;1.7.2.8.01.3.0 Cota-Parte do IPI - Municípios;18613,20;24773
2019;Prefeitura Municipal de Espera Feliz - MG;3124203;MG;DCA-Anexo I-C;Padrão;Receitas Brutas Realizadas;RO1.7.2.8.01.4.0;1.7.2.8.01.4.0 Cota-Parte da Contribuição de Intervenção no Domínio Econômico;29231,61;24773
2019;Prefeitura Municipal de Espera Feliz - MG;3124203;MG;DCA-Anexo I-C;Padrão;Receitas Brutas Realizadas;RO1.7.2.8.02.0.0;1.7.2.8.02.0.0 Transferência da Cota-parte da Compensação Financeira (25%);14666,40;24773
2019;Prefeitura Municipal de Espera Feliz - MG;3124203;MG;DCA-Anexo I-C;Padrão;Receitas Brutas Realizadas;RO1.7.2.8.02.2.0;1.7.2.8.02.2.0 Cota-parte da Compensação Financeira de Recursos Minerais - CFEM;14666,40;24773
2019;Prefeitura Municipal de Espera Feliz - MG;3124203;MG;DCA-Anexo I-C;Padrão;Receitas Brutas Realizadas;RO1.7.2.8.03.0.0;1.7.2.8.03.0.0 Transferência de Recursos do Estado para Programas de Saúde ¿ Repasse Fundo a Fundo;126385,59;24773
2019;Prefeitura Municipal de Espera Feliz - MG;3124203;MG;DCA-Anexo I-C;Padrão;Receitas Brutas Realizadas;RO1.7.2.8.10.0.0;1.7.2.8.10.0.0 Transferência de Convênios dos Estados e do Distrito Federal e de Suas Entidades;812700,00;24773
2019;Prefeitura Municipal de Espera Feliz - MG;3124203;MG;DCA-Anexo I-C;Padrão;Receitas Brutas Realizadas;RO1.7.2.8.10.2.0;1.7.2.8.10.2.0 Transferências de Convênio dos Estados Destinadas a Programas de Educação;812700,00;24773
2019;Prefeitura Municipal de Espera Feliz - MG;3124203;MG;DCA-Anexo I-C;Padrão;Receitas Brutas Realizadas;RO1.7.2.8.99.0.0;1.7.2.8.99.0.0 Outras Transferências dos Estados;28522,46;24773
2019;Prefeitura Municipal de Espera Feliz - MG;3124203;MG;DCA-Anexo I-C;Padrão;Receitas Brutas Realizadas;RO1.7.3.0.00.0.0;1.7.3.0.00.0.0 - Transferências dos Municípios e de suas Entidades;8000,00;24773
2019;Prefeitura Municipal de Espera Feliz - MG;3124203;MG;DCA-Anexo I-C;Padrão;Receitas Brutas Realizadas;RO1.7.3.0.00.1.0;1.7.3.0.00.1.0 - Transferências dos Municípios e de suas Entidades;8000,00;24773
2019;Prefeitura Municipal de Espera Feliz - MG;3124203;MG;DCA-Anexo I-C;Padrão;Receitas Brutas Realizadas;RO1.7.5.0.00.0.0;1.7.5.0.00.0.0 - Transferências de Outras Instituições Públicas;8481637,67;24773
2019;Prefeitura Municipal de Espera Feliz - MG;3124203;MG;DCA-Anexo I-C;Padrão;Receitas Brutas Realizadas;RO1.7.5.0.00.1.0;1.7.5.0.00.1.0 - Transferências de Outras Instituições Públicas;25008,50;24773
2019;Prefeitura Municipal de Espera Feliz - MG;3124203;MG;DCA-Anexo I-C;Padrão;Receitas Brutas Realizadas;RO1.7.5.8.00.0.0;1.7.5.8.00.0.0 Transferências de Outras Instituições Públicas - Específicas de Estados, DF e Municípios;8456629,17;24773
2019;Prefeitura Municipal de Espera Feliz - MG;3124203;MG;DCA-Anexo I-C;Padrão;Receitas Brutas Realizadas;RO1.7.5.8.01.0.0;1.7.5.8.01.0.0 Transferências de Recursos do Fundo de Manutenção e Desenvolvimento da Educação Básica e de Valorização dos Profissionais da Educação ¿ FUNDEB;8456629,17;24773
2019;Prefeitura Municipal de Espera Feliz - MG;3124203;MG;DCA-Anexo I-C;Padrão;Receitas Brutas Realizadas;RO1.7.7.0.00.0.0;1.7.7.0.00.0.0 - Transferências de Pessoas Físicas;2994,00;24773
2019;Prefeitura Municipal de Espera Feliz - MG;3124203;MG;DCA-Anexo I-C;Padrão;Receitas Brutas Realizadas;RO1.7.7.8.00.0.0;1.7.7.8.00.0.0 - Transferências de Pessoas Físicas - Específicas de Estados, DF e Municípios;2994,00;24773
2019;Prefeitura Municipal de Espera Feliz - MG;3124203;MG;DCA-Anexo I-C;Padrão;Receitas Brutas Realizadas;RO1.7.7.8.01.0.0;1.7.7.8.01.0.0 - Transferências de Pessoas Físicas - Específicas de E/DF/M;2994,00;24773
2019;Prefeitura Municipal de Espera Feliz - MG;3124203;MG;DCA-Anexo I-C;Padrão;Receitas Brutas Realizadas;RO1.7.7.8.10.1.0;1.7.7.8.10.1.0 - Outras Transferência de Convênios do Exterior - Específicas de E/DF/M - Não Especificadas Anteriormente;2994,00;24773
2019;Prefeitura Municipal de Espera Feliz - MG;3124203;MG;DCA-Anexo I-C;Padrão;Receitas Brutas Realizadas;RO1.7.8.0.00.0.0;1.7.8.0.00.0.0 - Transferências Provenientes de Depósitos Não Identificados;95382,95;24773
2019;Prefeitura Municipal de Espera Feliz - MG;3124203;MG;DCA-Anexo I-C;Padrão;Receitas Brutas Realizadas;RO1.9.0.0.00.0.0;1.9.0.0.00.0.0 - Outras Receitas Correntes;203751,25;24773
2019;Prefeitura Municipal de Espera Feliz - MG;3124203;MG;DCA-Anexo I-C;Padrão;Receitas Brutas Realizadas;RO1.9.2.0.00.0.0;1.9.2.0.00.0.0 - Indenizações, Restituições e Ressarcimentos;69661,63;24773
2019;Prefeitura Municipal de Espera Feliz - MG;3124203;MG;DCA-Anexo I-C;Padrão;Receitas Brutas Realizadas;RO1.9.2.2.00.0.0;1.9.2.2.00.0.0 - Restituições;69661,63;24773
2019;Prefeitura Municipal de Espera Feliz - MG;3124203;MG;DCA-Anexo I-C;Padrão;Receitas Brutas Realizadas;RO1.9.2.2.01.0.0;1.9.2.2.01.0.0 - Restituição de Convênios;17232,39;24773
2019;Prefeitura Municipal de Espera Feliz - MG;3124203;MG;DCA-Anexo I-C;Padrão;Receitas Brutas Realizadas;RO1.9.2.2.99.0.0;1.9.2.2.99.0.0 - Outras Restituições;52429,24;24773
2019;Prefeitura Municipal de Espera Feliz - MG;3124203;MG;DCA-Anexo I-C;Padrão;Receitas Brutas Realizadas;RO1.9.9.0.00.0.0;1.9.9.0.00.0.0 - Demais Receitas Correntes;134089,62;24773
2019;Prefeitura Municipal de Espera Feliz - MG;3124203;MG;DCA-Anexo I-C;Padrão;Receitas Brutas Realizadas;RO1.9.9.0.03.0.0;1.9.9.0.03.0.0 - Compensações Financeiras entre o Regime Geral e os Regimes Próprios de Previdência dos Servidores;109299,49;24773
2019;Prefeitura Municipal de Espera Feliz - MG;3124203;MG;DCA-Anexo I-C;Padrão;Receitas Brutas Realizadas;RO1.9.9.0.99.0.0;1.9.9.0.99.0.0 - Outras Receitas;24790,13;24773
2019;Prefeitura Municipal de Espera Feliz - MG;3124203;MG;DCA-Anexo I-C;Padrão;Receitas Brutas Realizadas;RO1.9.9.0.99.1.0;1.9.9.0.99.1.0 - Outras Receitas - Primárias;24790,13;24773
2019;Prefeitura Municipal de Espera Feliz - MG;3124203;MG;DCA-Anexo I-C;Padrão;Receitas Brutas Realizadas;RO2.0.0.0.00.0.0;2.0.0.0.00.0.0 - Receitas de Capital;1001587,67;24773
2019;Prefeitura Municipal de Espera Feliz - MG;3124203;MG;DCA-Anexo I-C;Padrão;Receitas Brutas Realizadas;RO2.1.0.0.00.0.0;2.1.0.0.00.0.0 - Operações de Crédito;54549,34;24773
2019;Prefeitura Municipal de Espera Feliz - MG;3124203;MG;DCA-Anexo I-C;Padrão;Receitas Brutas Realizadas;RO2.1.1.0.00.0.0;2.1.1.0.00.0.0 - Operações de Crédito - Mercado Interno;54549,34;24773
2019;Prefeitura Municipal de Espera Feliz - MG;3124203;MG;DCA-Anexo I-C;Padrão;Receitas Brutas Realizadas;RO2.1.1.2.00.0.0;2.1.1.2.00.0.0 Operações de Crédito Contratuais - Mercado Interno;54549,34;24773
2019;Prefeitura Municipal de Espera Feliz - MG;3124203;MG;DCA-Anexo I-C;Padrão;Receitas Brutas Realizadas;RO2.2.0.0.00.0.0;2.2.0.0.00.0.0 - Alienação de Bens;124300,00;24773
2019;Prefeitura Municipal de Espera Feliz - MG;3124203;MG;DCA-Anexo I-C;Padrão;Receitas Brutas Realizadas;RO2.2.1.0.00.0.0;2.2.1.0.00.0.0 - Alienação de Bens Móveis;124300,00;24773
2019;Prefeitura Municipal de Espera Feliz - MG;3124203;MG;DCA-Anexo I-C;Padrão;Receitas Brutas Realizadas;RO2.2.1.3.00.0.0;2.2.1.3.00.0.0 Alienação de Bens Móveis e Semoventes;124300,00;24773
2019;Prefeitura Municipal de Espera Feliz - MG;3124203;MG;DCA-Anexo I-C;Padrão;Receitas Brutas Realizadas;RO2.4.0.0.00.0.0;2.4.0.0.00.0.0 - Transferências de Capital;822738,33;24773
2019;Prefeitura Municipal de Espera Feliz - MG;3124203;MG;DCA-Anexo I-C;Padrão;Receitas Brutas Realizadas;RO2.4.1.0.00.0.0;2.4.1.0.00.0.0 - Transferências da União e de suas Entidades;822738,33;24773
2019;Prefeitura Municipal de Espera Feliz - MG;3124203;MG;DCA-Anexo I-C;Padrão;Receitas Brutas Realizadas;RO2.4.1.8.00.0.0;2.4.1.8.00.0.0 Transferências da União - Específicas de Estados, DF e Municípios;822738,33;24773
2019;Prefeitura Municipal de Espera Feliz - MG;3124203;MG;DCA-Anexo I-C;Padrão;Receitas Brutas Realizadas;RO2.4.1.8.04.0.0;2.4.1.8.04.0.0 - Transferências de Recursos do Sistema Único de Saúde ¿ SUS - Bloco Investimentos na Rede de Serviços Públicos de Saúde;249980,00;24773
2019;Prefeitura Municipal de Espera Feliz - MG;3124203;MG;DCA-Anexo I-C;Padrão;Receitas Brutas Realizadas;RO2.4.1.8.04.1.0;2.4.1.8.04.1.0 - Transferências de Recursos do Sistema Único de Saúde ¿ SUS destinados à Atenção Básica;249980,00;24773
2019;Prefeitura Municipal de Espera Feliz - MG;3124203;MG;DCA-Anexo I-C;Padrão;Receitas Brutas Realizadas;RO2.4.1.8.05.0.0;2.4.1.8.05.0.0 Transferências de Recursos Destinados a Programas de Educação;120520,73;24773
2019;Prefeitura Municipal de Espera Feliz - MG;3124203;MG;DCA-Anexo I-C;Padrão;Receitas Brutas Realizadas;RO2.4.1.8.10.0.0;2.4.1.8.10.0.0 Transferência de Convênios da União e de suas Entidades;452237,60;24773
2019;Prefeitura Municipal de Espera Feliz - MG;3124203;MG;DCA-Anexo I-C;Padrão;Receitas Brutas Realizadas;RO2.4.1.8.10.7.0;2.4.1.8.10.7.0 - Transferências de Convênios da União destinadas a Programas de Infraestrutura em Transporte;354640,00;24773
2019;Prefeitura Municipal de Espera Feliz - MG;3124203;MG;DCA-Anexo I-C;Padrão;Receitas Brutas Realizadas;RO2.4.1.8.10.9.0;2.4.1.8.10.9.0 - Outras Transferências de Convênios da União;97597,60;24773
2019;Prefeitura Municipal de Espera Feliz - MG;3124203;MG;DCA-Anexo I-C;Padrão;Receitas Brutas Realizadas;TotalReceitas;TOTAL DAS RECEITAS (III) = (I + II);61537977,48;24773
2019;Prefeitura Municipal de Espera Feliz - MG;3124203;MG;DCA-Anexo I-C;Padrão;Deduções - FUNDEB;TotalReceitas;TOTAL DAS RECEITAS (III) = (I + II);6075745,52;24773
2020;Prefeitura Municipal de Espera Feliz - MG;3124203;MG;DCA-Anexo I-C;Padrão;Receitas Brutas Realizadas;ReceitasExcetoIntraOrcamentarias;RECEITAS (EXCETO INTRA-ORÇAMENTÁRIAS) (I);73458310,14;24951
2020;Prefeitura Municipal de Espera Feliz - MG;3124203;MG;DCA-Anexo I-C;Padrão;Deduções - FUNDEB;ReceitasExcetoIntraOrcamentarias;RECEITAS (EXCETO INTRA-ORÇAMENTÁRIAS) (I);6125595,21;24951
2020;Prefeitura Municipal de Espera Feliz - MG;3124203;MG;DCA-Anexo I-C;Padrão;Outras Deduções da Receita;ReceitasExcetoIntraOrcamentarias;RECEITAS (EXCETO INTRA-ORÇAMENTÁRIAS) (I);756492,32;24951
2020;Prefeitura Municipal de Espera Feliz - MG;3124203;MG;DCA-Anexo I-C;Padrão;Receitas Brutas Realizadas;RO1.0.0.0.00.0.0;1.0.0.0.00.0.0 - Receitas Correntes;70647297,85;24951
2020;Prefeitura Municipal de Espera Feliz - MG;3124203;MG;DCA-Anexo I-C;Padrão;Deduções - FUNDEB;RO1.0.0.0.00.0.0;1.0.0.0.00.0.0 - Receitas Correntes;6125595,21;24951
2020;Prefeitura Municipal de Espera Feliz - MG;3124203;MG;DCA-Anexo I-C;Padrão;Outras Deduções da Receita;RO1.0.0.0.00.0.0;1.0.0.0.00.0.0 - Receitas Correntes;756492,32;24951
2020;Prefeitura Municipal de Espera Feliz - MG;3124203;MG;DCA-Anexo I-C;Padrão;Receitas Brutas Realizadas;RO1.1.0.0.00.0.0;1.1.0.0.00.0.0 - Impostos, Taxas e Contribuições de Melhoria;4403099,45;24951
2020;Prefeitura Municipal de Espera Feliz - MG;3124203;MG;DCA-Anexo I-C;Padrão;Outras Deduções da Receita;RO1.1.0.0.00.0.0;1.1.0.0.00.0.0 - Impostos, Taxas e Contribuições de Melhoria;8339,53;24951
2020;Prefeitura Municipal de Espera Feliz - MG;3124203;MG;DCA-Anexo I-C;Padrão;Receitas Brutas Realizadas;RO1.1.1.0.00.0.0;1.1.1.0.00.0.0 - Impostos;3811633,46;24951
2020;Prefeitura Municipal de Espera Feliz - MG;3124203;MG;DCA-Anexo I-C;Padrão;Outras Deduções da Receita;RO1.1.1.0.00.0.0;1.1.1.0.00.0.0 - Impostos;8339,53;24951
2020;Prefeitura Municipal de Espera Feliz - MG;3124203;MG;DCA-Anexo I-C;Padrão;Receitas Brutas Realizadas;RO1.1.1.3.00.0.0;1.1.1.3.00.0.0 - Impostos sobre a Renda e Proventos de Qualquer Natureza;1140470,00;24951
2020;Prefeitura Municipal de Espera Feliz - MG;3124203;MG;DCA-Anexo I-C;Padrão;Receitas Brutas Realizadas;RO1.1.1.3.03.0.0;1.1.1.3.03.0.0 - Imposto sobre a Renda - Retido na Fonte;1140470,00;24951
2020;Prefeitura Municipal de Espera Feliz - MG;3124203;MG;DCA-Anexo I-C;Padrão;Receitas Brutas Realizadas;RO1.1.1.3.03.1.0;1.1.1.3.03.1.0 - Imposto sobre a Renda - Retido na Fonte - Trabalho;1113365,96;24951
2020;Prefeitura Municipal de Espera Feliz - MG;3124203;MG;DCA-Anexo I-C;Padrão;Receitas Brutas Realizadas;RO1.1.1.3.03.4.0;1.1.1.3.03.4.0 - Imposto sobre a Renda - Retido na Fonte - Outros Rendimentos;27104,04;24951
2020;Prefeitura Municipal de Espera Feliz - MG;3124203;MG;DCA-Anexo I-C;Padrão;Receitas Brutas Realizadas;RO1.1.1.8.00.0.0;1.1.1.8.00.0.0 Impostos Específicos de Estados, DF e Municípios;2671163,46;24951
2020;Prefeitura Municipal de Espera Feliz - MG;3124203;MG;DCA-Anexo I-C;Padrão;Outras Deduções da Receita;RO1.1.1.8.00.0.0;1.1.1.8.00.0.0 Impostos Específicos de Estados, DF e Municípios;8339,53;24951
2020;Prefeitura Municipal de Espera Feliz - MG;3124203;MG;DCA-Anexo I-C;Padrão;Receitas Brutas Realizadas;RO1.1.1.8.01.0.0;1.1.1.8.01.0.0 Impostos sobre o Patrimônio para Estados/DF/Municípios;1464555,47;24951
2020;Prefeitura Municipal de Espera Feliz - MG;3124203;MG;DCA-Anexo I-C;Padrão;Outras Deduções da Receita;RO1.1.1.8.01.0.0;1.1.1.8.01.0.0 Impostos sobre o Patrimônio para Estados/DF/Municípios;7618,01;24951
2020;Prefeitura Municipal de Espera Feliz - MG;3124203;MG;DCA-Anexo I-C;Padrão;Receitas Brutas Realizadas;RO1.1.1.8.01.1.0;1.1.1.8.01.1.0 Imposto sobre a Propriedade Predial e Territorial Urbana;940854,51;24951
2020;Prefeitura Municipal de Espera Feliz - MG;3124203;MG;DCA-Anexo I-C;Padrão;Outras Deduções da Receita;RO1.1.1.8.01.1.0;1.1.1.8.01.1.0 Imposto sobre a Propriedade Predial e Territorial Urbana;818,01;24951
2020;Prefeitura Municipal de Espera Feliz - MG;3124203;MG;DCA-Anexo I-C;Padrão;Receitas Brutas Realizadas;RO1.1.1.8.01.4.0;1.1.1.8.01.4.0 Imposto sobre Transmissão ¿Inter Vivos¿ de Bens Imóveis e de Direitos Reais sobre Imóveis;523700,96;24951
2020;Prefeitura Municipal de Espera Feliz - MG;3124203;MG;DCA-Anexo I-C;Padrão;Outras Deduções da Receita;RO1.1.1.8.01.4.0;1.1.1.8.01.4.0 Imposto sobre Transmissão ¿Inter Vivos¿ de Bens Imóveis e de Direitos Reais sobre Imóveis;6800,00;24951
2020;Prefeitura Municipal de Espera Feliz - MG;3124203;MG;DCA-Anexo I-C;Padrão;Receitas Brutas Realizadas;RO1.1.1.8.02.0.0;1.1.1.8.02.0.0 Impostos sobre a Produção, Circulação de Mercadorias e Serviços;1206607,99;24951
2020;Prefeitura Municipal de Espera Feliz - MG;3124203;MG;DCA-Anexo I-C;Padrão;Outras Deduções da Receita;RO1.1.1.8.02.0.0;1.1.1.8.02.0.0 Impostos sobre a Produção, Circulação de Mercadorias e Serviços;721,52;24951
2020;Prefeitura Municipal de Espera Feliz - MG;3124203;MG;DCA-Anexo I-C;Padrão;Receitas Brutas Realizadas;RO1.1.1.8.02.3.0;1.1.1.8.02.3.0 Imposto sobre Serviços de Qualquer Natureza;1206607,99;24951
2020;Prefeitura Municipal de Espera Feliz - MG;3124203;MG;DCA-Anexo I-C;Padrão;Outras Deduções da Receita;RO1.1.1.8.02.3.0;1.1.1.8.02.3.0 Imposto sobre Serviços de Qualquer Natureza;721,52;24951
2020;Prefeitura Municipal de Espera Feliz - MG;3124203;MG;DCA-Anexo I-C;Padrão;Receitas Brutas Realizadas;RO1.1.2.0.00.0.0;1.1.2.0.00.0.0 - Taxas;591465,99;24951
2020;Prefeitura Municipal de Espera Feliz - MG;3124203;MG;DCA-Anexo I-C;Padrão;Receitas Brutas Realizadas;RO1.1.2.1.00.0.0;1.1.2.1.00.0.0 - Taxas pelo Exercício do Poder de Polícia;101793,73;24951
2020;Prefeitura Municipal de Espera Feliz - MG;3124203;MG;DCA-Anexo I-C;Padrão;Receitas Brutas Realizadas;RO1.1.2.1.02.0.0;1.1.2.1.02.0.0 - Taxas de Fiscalização das Telecomunicações;101793,73;24951
2020;Prefeitura Municipal de Espera Feliz - MG;3124203;MG;DCA-Anexo I-C;Padrão;Receitas Brutas Realizadas;RO1.1.2.1.02.2.0;1.1.2.1.02.2.0 - Taxa de Fiscalização de Funcionamento - TFF;101793,73;24951
2020;Prefeitura Municipal de Espera Feliz - MG;3124203;MG;DCA-Anexo I-C;Padrão;Receitas Brutas Realizadas;RO1.1.2.2.00.0.0;1.1.2.2.00.0.0 - Taxas pela Prestação de Serviços;470875,45;24951
2020;Prefeitura Municipal de Espera Feliz - MG;3124203;MG;DCA-Anexo I-C;Padrão;Receitas Brutas Realizadas;RO1.1.2.2.01.0.0;1.1.2.2.01.0.0 - Taxas pela Prestação de Serviços;470875,45;24951
2020;Prefeitura Municipal de Espera Feliz - MG;3124203;MG;DCA-Anexo I-C;Padrão;Receitas Brutas Realizadas;RO1.1.2.8.00.0.0;1.1.2.8.00.0.0 - Taxas - Específicas de Estados, DF e Municípios;18796,81;24951
2020;Prefeitura Municipal de Espera Feliz - MG;3124203;MG;DCA-Anexo I-C;Padrão;Receitas Brutas Realizadas;RO1.1.2.8.01.0.0;1.1.2.8.01.0.0 - Taxas de Inspeção, Controle e Fiscalização;18796,81;24951
2020;Prefeitura Municipal de Espera Feliz - MG;3124203;MG;DCA-Anexo I-C;Padrão;Receitas Brutas Realizadas;RO1.1.2.8.01.1.0;1.1.2.8.01.1.0 - Taxa de Fiscalização de Vigilância Sanitária;18796,81;24951
2020;Prefeitura Municipal de Espera Feliz - MG;3124203;MG;DCA-Anexo I-C;Padrão;Receitas Brutas Realizadas;RO1.2.0.0.00.0.0;1.2.0.0.00.0.0 - Contribuições;3037763,26;24951
2020;Prefeitura Municipal de Espera Feliz - MG;3124203;MG;DCA-Anexo I-C;Padrão;Receitas Brutas Realizadas;RO1.2.1.0.00.0.0;1.2.1.0.00.0.0 - Contribuições Sociais;1640814,55;24951
2020;Prefeitura Municipal de Espera Feliz - MG;3124203;MG;DCA-Anexo I-C;Padrão;Receitas Brutas Realizadas;RO1.2.1.8.00.0.0;1.2.1.8.00.0.0 Contribuições Sociais Específicas de Estados, DF e Municípios;1640814,55;24951
2020;Prefeitura Municipal de Espera Feliz - MG;3124203;MG;DCA-Anexo I-C;Padrão;Receitas Brutas Realizadas;RO1.2.1.8.01.0.0;1.2.1.8.01.0.0 - Contribuição do Servidor Civil para o Plano de Seguridade Social - CPSSS - Específico de EST/DF/MUN;1640814,55;24951
2020;Prefeitura Municipal de Espera Feliz - MG;3124203;MG;DCA-Anexo I-C;Padrão;Receitas Brutas Realizadas;RO1.2.1.8.01.1.0;1.2.1.8.01.1.0 - CPSSS do Servidor Civil Ativo;1639473,24;24951
2020;Prefeitura Municipal de Espera Feliz - MG;3124203;MG;DCA-Anexo I-C;Padrão;Receitas Brutas Realizadas;RO1.2.1.8.01.2.0;1.2.1.8.01.2.0 - CPSSS do Servidor Civil Inativo;1341,31;24951
2020;Prefeitura Municipal de Espera Feliz - MG;3124203;MG;DCA-Anexo I-C;Padrão;Receitas Brutas Realizadas;RO1.2.4.0.00.0.0;1.2.4.0.00.0.0 - Contribuição para o Custeio do Serviço de Iluminação Pública;1396948,71;24951
2020;Prefeitura Municipal de Espera Feliz - MG;3124203;MG;DCA-Anexo I-C;Padrão;Receitas Brutas Realizadas;RO1.3.0.0.00.0.0;1.3.0.0.00.0.0 - Receita Patrimonial;1003331,18;24951
2020;Prefeitura Municipal de Espera Feliz - MG;3124203;MG;DCA-Anexo I-C;Padrão;Receitas Brutas Realizadas;RO1.3.1.0.00.0.0;1.3.1.0.00.0.0 - Exploração do Patrimônio Imobiliário do Estado;23254,68;24951
2020;Prefeitura Municipal de Espera Feliz - MG;3124203;MG;DCA-Anexo I-C;Padrão;Receitas Brutas Realizadas;RO1.3.1.0.01.0.0;1.3.1.0.01.0.0 - Aluguéis, Arrendamentos, Foros, Laudêmios, Tarifas de Ocupação;23254,68;24951
2020;Prefeitura Municipal de Espera Feliz - MG;3124203;MG;DCA-Anexo I-C;Padrão;Receitas Brutas Realizadas;RO1.3.1.0.01.1.0;1.3.1.0.01.1.0 - Aluguéis e Arrendamentos;23254,68;24951
2020;Prefeitura Municipal de Espera Feliz - MG;3124203;MG;DCA-Anexo I-C;Padrão;Receitas Brutas Realizadas;RO1.3.2.0.00.0.0;1.3.2.0.00.0.0 - Valores Mobiliários;980076,50;24951
2020;Prefeitura Municipal de Espera Feliz - MG;3124203;MG;DCA-Anexo I-C;Padrão;Receitas Brutas Realizadas;RO1.3.2.1.00.0.0;1.3.2.1.00.0.0 - Juros e Correções Monetárias;980076,50;24951
2020;Prefeitura Municipal de Espera Feliz - MG;3124203;MG;DCA-Anexo I-C;Padrão;Receitas Brutas Realizadas;RO1.3.2.1.00.1.0;1.3.2.1.00.1.0 - Remuneração de Depósitos Bancários;39269,65;24951
2020;Prefeitura Municipal de Espera Feliz - MG;3124203;MG;DCA-Anexo I-C;Padrão;Receitas Brutas Realizadas;RO1.3.2.1.00.4.0;1.3.2.1.00.4.0 - Remuneração dos Recursos do Regime Próprio de Previdência Social - RPPS;940806,85;24951
2020;Prefeitura Municipal de Espera Feliz - MG;3124203;MG;DCA-Anexo I-C;Padrão;Receitas Brutas Realizadas;RO1.7.0.0.00.0.0;1.7.0.0.00.0.0 - Transferências Correntes;61972774,82;24951
2020;Prefeitura Municipal de Espera Feliz - MG;3124203;MG;DCA-Anexo I-C;Padrão;Deduções - FUNDEB;RO1.7.0.0.00.0.0;1.7.0.0.00.0.0 - Transferências Correntes;6125595,21;24951
2020;Prefeitura Municipal de Espera Feliz - MG;3124203;MG;DCA-Anexo I-C;Padrão;Outras Deduções da Receita;RO1.7.0.0.00.0.0;1.7.0.0.00.0.0 - Transferências Correntes;748152,79;24951
2020;Prefeitura Municipal de Espera Feliz - MG;3124203;MG;DCA-Anexo I-C;Padrão;Receitas Brutas Realizadas;RO1.7.1.0.00.0.0;1.7.1.0.00.0.0 - Transferências da União e de suas Entidades;40490501,46;24951
2020;Prefeitura Municipal de Espera Feliz - MG;3124203;MG;DCA-Anexo I-C;Padrão;Deduções - FUNDEB;RO1.7.1.0.00.0.0;1.7.1.0.00.0.0 - Transferências da União e de suas Entidades;3931455,91;24951
2020;Prefeitura Municipal de Espera Feliz - MG;3124203;MG;DCA-Anexo I-C;Padrão;Outras Deduções da Receita;RO1.7.1.0.00.0.0;1.7.1.0.00.0.0 - Transferências da União e de suas Entidades;748152,79;24951
2020;Prefeitura Municipal de Espera Feliz - MG;3124203;MG;DCA-Anexo I-C;Padrão;Receitas Brutas Realizadas;RO1.7.1.8.00.0.0;1.7.1.8.00.0.0 Transferências da União - Específicas de Estados, DF e Municípios;40490501,46;24951
2020;Prefeitura Municipal de Espera Feliz - MG;3124203;MG;DCA-Anexo I-C;Padrão;Deduções - FUNDEB;RO1.7.1.8.00.0.0;1.7.1.8.00.0.0 Transferências da União - Específicas de Estados, DF e Municípios;3931455,91;24951
2020;Prefeitura Municipal de Espera Feliz - MG;3124203;MG;DCA-Anexo I-C;Padrão;Outras Deduções da Receita;RO1.7.1.8.00.0.0;1.7.1.8.00.0.0 Transferências da União - Específicas de Estados, DF e Municípios;748152,79;24951
2020;Prefeitura Municipal de Espera Feliz - MG;3124203;MG;DCA-Anexo I-C;Padrão;Receitas Brutas Realizadas;RO1.7.1.8.01.0.0;1.7.1.8.01.0.0 Participação na Receita da União;21427404,29;24951
2020;Prefeitura Municipal de Espera Feliz - MG;3124203;MG;DCA-Anexo I-C;Padrão;Deduções - FUNDEB;RO1.7.1.8.01.0.0;1.7.1.8.01.0.0 Participação na Receita da União;3931455,91;24951
2020;Prefeitura Municipal de Espera Feliz - MG;3124203;MG;DCA-Anexo I-C;Padrão;Receitas Brutas Realizadas;RO1.7.1.8.01.2.0;1.7.1.8.01.2.0 Cota-Parte do Fundo de Participação dos Municípios - Cota Mensal;19646923,48;24951
2020;Prefeitura Municipal de Espera Feliz - MG;3124203;MG;DCA-Anexo I-C;Padrão;Deduções - FUNDEB;RO1.7.1.8.01.2.0;1.7.1.8.01.2.0 Cota-Parte do Fundo de Participação dos Municípios - Cota Mensal;3929384,38;24951
2020;Prefeitura Municipal de Espera Feliz - MG;3124203;MG;DCA-Anexo I-C;Padrão;Receitas Brutas Realizadas;RO1.7.1.8.01.3.0;1.7.1.8.01.3.0 Cota-Parte do Fundo de Participação do Municípios ¿ 1% Cota entregue no mês de dezembro;884118,81;24951
2020;Prefeitura Municipal de Espera Feliz - MG;3124203;MG;DCA-Anexo I-C;Padrão;Receitas Brutas Realizadas;RO1.7.1.8.01.4.0;1.7.1.8.01.4.0 Cota-Parte do Fundo de Participação dos Municípios - 1% Cota entregue no mês de julho;886003,76;24951
2020;Prefeitura Municipal de Espera Feliz - MG;3124203;MG;DCA-Anexo I-C;Padrão;Receitas Brutas Realizadas;RO1.7.1.8.01.5.0;1.7.1.8.01.5.0 Cota-Parte do Imposto Sobre a Propriedade Territorial Rural;10358,24;24951
2020;Prefeitura Municipal de Espera Feliz - MG;3124203;MG;DCA-Anexo I-C;Padrão;Deduções - FUNDEB;RO1.7.1.8.01.5.0;1.7.1.8.01.5.0 Cota-Parte do Imposto Sobre a Propriedade Territorial Rural;2071,53;24951
2020;Prefeitura Municipal de Espera Feliz - MG;3124203;MG;DCA-Anexo I-C;Padrão;Receitas Brutas Realizadas;RO1.7.1.8.02.0.0;1.7.1.8.02.0.0 Transferência da Compensação Financeira pela Exploração de Recursos Naturais;316097,43;24951
2020;Prefeitura Municipal de Espera Feliz - MG;3124203;MG;DCA-Anexo I-C;Padrão;Receitas Brutas Realizadas;RO1.7.1.8.02.2.0;1.7.1.8.02.2.0 Cota-parte da Compensação Financeira de Recursos Minerais - CFEM;316097,43;24951
2020;Prefeitura Municipal de Espera Feliz - MG;3124203;MG;DCA-Anexo I-C;Padrão;Receitas Brutas Realizadas;RO1.7.1.8.03.0.0;"1.7.1.8.03.0.0 Transferência de Recursos do Sistema Único de Saúde ¿ 
 SUS ¿ Bloco Custeio das Ações e Serviços Públicos de Saúde";10020521,98;24951
2020;Prefeitura Municipal de Espera Feliz - MG;3124203;MG;DCA-Anexo I-C;Padrão;Outras Deduções da Receita;RO1.7.1.8.03.0.0;"1.7.1.8.03.0.0 Transferência de Recursos do Sistema Único de Saúde ¿ 
 SUS ¿ Bloco Custeio das Ações e Serviços Públicos de Saúde";672449,98;24951
2020;Prefeitura Municipal de Espera Feliz - MG;3124203;MG;DCA-Anexo I-C;Padrão;Receitas Brutas Realizadas;RO1.7.1.8.03.1.0;1.7.1.8.03.1.0 - Transferência de Recursos do SUS ¿ Atenção Básica;6010104,35;24951
2020;Prefeitura Municipal de Espera Feliz - MG;3124203;MG;DCA-Anexo I-C;Padrão;Outras Deduções da Receita;RO1.7.1.8.03.1.0;1.7.1.8.03.1.0 - Transferência de Recursos do SUS ¿ Atenção Básica;619819,98;24951
2020;Prefeitura Municipal de Espera Feliz - MG;3124203;MG;DCA-Anexo I-C;Padrão;Receitas Brutas Realizadas;RO1.7.1.8.03.2.0;1.7.1.8.03.2.0 - Transferência de Recursos do SUS ¿ Atenção de Média e Alta Complexidade Ambulatorial e Hospitalar;450465,00;24951
2020;Prefeitura Municipal de Espera Feliz - MG;3124203;MG;DCA-Anexo I-C;Padrão;Outras Deduções da Receita;RO1.7.1.8.03.2.0;1.7.1.8.03.2.0 - Transferência de Recursos do SUS ¿ Atenção de Média e Alta Complexidade Ambulatorial e Hospitalar;28305,00;24951
2020;Prefeitura Municipal de Espera Feliz - MG;3124203;MG;DCA-Anexo I-C;Padrão;Receitas Brutas Realizadas;RO1.7.1.8.03.3.0;1.7.1.8.03.3.0 - Transferência de Recursos do SUS ¿ Vigilância em Saúde;233563,78;24951
2020;Prefeitura Municipal de Espera Feliz - MG;3124203;MG;DCA-Anexo I-C;Padrão;Outras Deduções da Receita;RO1.7.1.8.03.3.0;1.7.1.8.03.3.0 - Transferência de Recursos do SUS ¿ Vigilância em Saúde;24325,00;24951
2020;Prefeitura Municipal de Espera Feliz - MG;3124203;MG;DCA-Anexo I-C;Padrão;Receitas Brutas Realizadas;RO1.7.1.8.03.4.0;1.7.1.8.03.4.0 - Transferência de Recursos do SUS ¿ Assistência Farmacêutica;270493,03;24951
2020;Prefeitura Municipal de Espera Feliz - MG;3124203;MG;DCA-Anexo I-C;Padrão;Receitas Brutas Realizadas;RO1.7.1.8.03.5.0;1.7.1.8.03.5.0 - Transferência de Recursos do SUS ¿ Gestão do SUS;152526,68;24951
2020;Prefeitura Municipal de Espera Feliz - MG;3124203;MG;DCA-Anexo I-C;Padrão;Receitas Brutas Realizadas;RO1.7.1.8.03.9.0;1.7.1.8.03.9.0 - Transferência de Recursos do SUS ¿ Outros Programas Financiados por Transferências Fundo a Fundo;2903369,14;24951
2020;Prefeitura Municipal de Espera Feliz - MG;3124203;MG;DCA-Anexo I-C;Padrão;Receitas Brutas Realizadas;RO1.7.1.8.05.0.0;1.7.1.8.05.0.0 Transferências de Recursos do Fundo Nacional do Desenvolvimento da Educação ¿ FNDE;1328855,59;24951
2020;Prefeitura Municipal de Espera Feliz - MG;3124203;MG;DCA-Anexo I-C;Padrão;Receitas Brutas Realizadas;RO1.7.1.8.05.1.0;1.7.1.8.05.1.0 Transferências do Salário-Educação;461037,67;24951
2020;Prefeitura Municipal de Espera Feliz - MG;3124203;MG;DCA-Anexo I-C;Padrão;Receitas Brutas Realizadas;RO1.7.1.8.05.3.0;1.7.1.8.05.3.0 Transferências Diretas do FNDE referentes ao Programa Nacional de Alimentação Escolar ¿ PNAE;351841,91;24951
2020;Prefeitura Municipal de Espera Feliz - MG;3124203;MG;DCA-Anexo I-C;Padrão;Receitas Brutas Realizadas;RO1.7.1.8.05.4.0;1.7.1.8.05.4.0 Transferências Diretas do FNDE referentes ao Programa Nacional de Apoio ao Transporte do Escolar ¿ PNATE;205357,02;24951
2020;Prefeitura Municipal de Espera Feliz - MG;3124203;MG;DCA-Anexo I-C;Padrão;Receitas Brutas Realizadas;RO1.7.1.8.05.9.0;1.7.1.8.05.9.0 Outras Transferências Diretas do Fundo Nacional do Desenvolvimento da Educação ¿ FNDE;310618,99;24951
2020;Prefeitura Municipal de Espera Feliz - MG;3124203;MG;DCA-Anexo I-C;Padrão;Receitas Brutas Realizadas;RO1.7.1.8.10.0.0;1.7.1.8.10.0.0 Transferências de Convênios da União e de Suas Entidades;187287,61;24951
2020;Prefeitura Municipal de Espera Feliz - MG;3124203;MG;DCA-Anexo I-C;Padrão;Receitas Brutas Realizadas;RO1.7.1.8.10.2.0;1.7.1.8.10.2.0 Transferências de Convênios da União Destinadas a Programas de Educação;148011,38;24951
2020;Prefeitura Municipal de Espera Feliz - MG;3124203;MG;DCA-Anexo I-C;Padrão;Receitas Brutas Realizadas;RO1.7.1.8.10.9.0;1.7.1.8.10.9.0 Outras Transferências de Convênios da União;39276,23;24951
2020;Prefeitura Municipal de Espera Feliz - MG;3124203;MG;DCA-Anexo I-C;Padrão;Receitas Brutas Realizadas;RO1.7.1.8.12.0.0;1.7.1.8.12.0.0 - Transferências de Recursos do Fundo Nacional de Assistência Social ¿ FNAS;1308801,17;24951
2020;Prefeitura Municipal de Espera Feliz - MG;3124203;MG;DCA-Anexo I-C;Padrão;Receitas Brutas Realizadas;RO1.7.1.8.99.0.0;1.7.1.8.99.0.0 Outras Transferências da União;5901533,39;24951
2020;Prefeitura Municipal de Espera Feliz - MG;3124203;MG;DCA-Anexo I-C;Padrão;Outras Deduções da Receita;RO1.7.1.8.99.0.0;1.7.1.8.99.0.0 Outras Transferências da União;75702,81;24951
2020;Prefeitura Municipal de Espera Feliz - MG;3124203;MG;DCA-Anexo I-C;Padrão;Receitas Brutas Realizadas;RO1.7.2.0.00.0.0;1.7.2.0.00.0.0 - Transferências dos Estados e do Distrito Federal e de suas Entidades;12634611,75;24951
2020;Prefeitura Municipal de Espera Feliz - MG;3124203;MG;DCA-Anexo I-C;Padrão;Deduções - FUNDEB;RO1.7.2.0.00.0.0;1.7.2.0.00.0.0 - Transferências dos Estados e do Distrito Federal e de suas Entidades;2194139,30;24951
2020;Prefeitura Municipal de Espera Feliz - MG;3124203;MG;DCA-Anexo I-C;Padrão;Receitas Brutas Realizadas;RO1.7.2.8.00.0.0;1.7.2.8.00.0.0 Transferências dos Estados - Específicas de Estados, DF e Municípios;12634611,75;24951
2020;Prefeitura Municipal de Espera Feliz - MG;3124203;MG;DCA-Anexo I-C;Padrão;Deduções - FUNDEB;RO1.7.2.8.00.0.0;1.7.2.8.00.0.0 Transferências dos Estados - Específicas de Estados, DF e Municípios;2194139,30;24951
2020;Prefeitura Municipal de Espera Feliz - MG;3124203;MG;DCA-Anexo I-C;Padrão;Receitas Brutas Realizadas;RO1.7.2.8.01.0.0;1.7.2.8.01.0.0 Participação na Receita dos Estados;10993811,93;24951
2020;Prefeitura Municipal de Espera Feliz - MG;3124203;MG;DCA-Anexo I-C;Padrão;Deduções - FUNDEB;RO1.7.2.8.01.0.0;1.7.2.8.01.0.0 Participação na Receita dos Estados;2194139,30;24951
2020;Prefeitura Municipal de Espera Feliz - MG;3124203;MG;DCA-Anexo I-C;Padrão;Receitas Brutas Realizadas;RO1.7.2.8.01.1.0;1.7.2.8.01.1.0 Cota-Parte do ICMS;7986763,42;24951
2020;Prefeitura Municipal de Espera Feliz - MG;3124203;MG;DCA-Anexo I-C;Padrão;Deduções - FUNDEB;RO1.7.2.8.01.1.0;1.7.2.8.01.1.0 Cota-Parte do ICMS;1597352,41;24951
2020;Prefeitura Municipal de Espera Feliz - MG;3124203;MG;DCA-Anexo I-C;Padrão;Receitas Brutas Realizadas;RO1.7.2.8.01.2.0;1.7.2.8.01.2.0 Cota-Parte do IPVA;2898766,67;24951
2020;Prefeitura Municipal de Espera Feliz - MG;3124203;MG;DCA-Anexo I-C;Padrão;Deduções - FUNDEB;RO1.7.2.8.01.2.0;1.7.2.8.01.2.0 Cota-Parte do IPVA;580019,06;24951
2020;Prefeitura Municipal de Espera Feliz - MG;3124203;MG;DCA-Anexo I-C;Padrão;Receitas Brutas Realizadas;RO1.7.2.8.01.3.0;1.7.2.8.01.3.0 Cota-Parte do IPI - Municípios;83839,77;24951
2020;Prefeitura Municipal de Espera Feliz - MG;3124203;MG;DCA-Anexo I-C;Padrão;Deduções - FUNDEB;RO1.7.2.8.01.3.0;1.7.2.8.01.3.0 Cota-Parte do IPI - Municípios;16767,83;24951
2020;Prefeitura Municipal de Espera Feliz - MG;3124203;MG;DCA-Anexo I-C;Padrão;Receitas Brutas Realizadas;RO1.7.2.8.01.4.0;1.7.2.8.01.4.0 Cota-Parte da Contribuição de Intervenção no Domínio Econômico;24442,07;24951
2020;Prefeitura Municipal de Espera Feliz - MG;3124203;MG;DCA-Anexo I-C;Padrão;Receitas Brutas Realizadas;RO1.7.2.8.02.0.0;1.7.2.8.02.0.0 Transferência da Cota-parte da Compensação Financeira (25%);19476,03;24951
2020;Prefeitura Municipal de Espera Feliz - MG;3124203;MG;DCA-Anexo I-C;Padrão;Receitas Brutas Realizadas;RO1.7.2.8.02.2.0;1.7.2.8.02.2.0 Cota-parte da Compensação Financeira de Recursos Minerais - CFEM;19476,03;24951
2020;Prefeitura Municipal de Espera Feliz - MG;3124203;MG;DCA-Anexo I-C;Padrão;Receitas Brutas Realizadas;RO1.7.2.8.03.0.0;1.7.2.8.03.0.0 Transferência de Recursos do Estado para Programas de Saúde ¿ Repasse Fundo a Fundo;1343090,73;24951
2020;Prefeitura Municipal de Espera Feliz - MG;3124203;MG;DCA-Anexo I-C;Padrão;Receitas Brutas Realizadas;RO1.7.2.8.07.0.0;1.7.2.8.07.0.0 Transferências de Estados destinadas à Assistência Social;140603,61;24951
2020;Prefeitura Municipal de Espera Feliz - MG;3124203;MG;DCA-Anexo I-C;Padrão;Receitas Brutas Realizadas;RO1.7.2.8.10.0.0;1.7.2.8.10.0.0 Transferência de Convênios dos Estados e do Distrito Federal e de Suas Entidades;137629,45;24951
2020;Prefeitura Municipal de Espera Feliz - MG;3124203;MG;DCA-Anexo I-C;Padrão;Receitas Brutas Realizadas;RO1.7.2.8.10.2.0;1.7.2.8.10.2.0 Transferências de Convênio dos Estados Destinadas a Programas de Educação;137629,45;24951
2020;Prefeitura Municipal de Espera Feliz - MG;3124203;MG;DCA-Anexo I-C;Padrão;Receitas Brutas Realizadas;RO1.7.5.0.00.0.0;1.7.5.0.00.0.0 - Transferências de Outras Instituições Públicas;8827353,61;24951
2020;Prefeitura Municipal de Espera Feliz - MG;3124203;MG;DCA-Anexo I-C;Padrão;Receitas Brutas Realizadas;RO1.7.5.8.00.0.0;1.7.5.8.00.0.0 Transferências de Outras Instituições Públicas - Específicas de Estados, DF e Municípios;8827353,61;24951
2020;Prefeitura Municipal de Espera Feliz - MG;3124203;MG;DCA-Anexo I-C;Padrão;Receitas Brutas Realizadas;RO1.7.5.8.01.0.0;1.7.5.8.01.0.0 Transferências de Recursos do Fundo de Manutenção e Desenvolvimento da Educação Básica e de Valorização dos Profissionais da Educação ¿ FUNDEB;8827353,61;24951
2020;Prefeitura Municipal de Espera Feliz - MG;3124203;MG;DCA-Anexo I-C;Padrão;Receitas Brutas Realizadas;RO1.7.7.0.00.0.0;1.7.7.0.00.0.0 - Transferências de Pessoas Físicas;20308,00;24951
2020;Prefeitura Municipal de Espera Feliz - MG;3124203;MG;DCA-Anexo I-C;Padrão;Receitas Brutas Realizadas;RO1.7.7.8.00.0.0;1.7.7.8.00.0.0 - Transferências de Pessoas Físicas - Específicas de Estados, DF e Municípios;20308,00;24951
2020;Prefeitura Municipal de Espera Feliz - MG;3124203;MG;DCA-Anexo I-C;Padrão;Receitas Brutas Realizadas;RO1.7.7.8.01.0.0;1.7.7.8.01.0.0 - Transferências de Pessoas Físicas - Específicas de E/DF/M;20308,00;24951
2020;Prefeitura Municipal de Espera Feliz - MG;3124203;MG;DCA-Anexo I-C;Padrão;Receitas Brutas Realizadas;RO1.7.7.8.01.9.0;1.7.7.8.01.9.0 - Outras Transferência de Pessoas Físicas- Específicas de E/DF/M - Não Especificadas Anteriormente;20308,00;24951
2020;Prefeitura Municipal de Espera Feliz - MG;3124203;MG;DCA-Anexo I-C;Padrão;Receitas Brutas Realizadas;RO1.9.0.0.00.0.0;1.9.0.0.00.0.0 - Outras Receitas Correntes;230329,14;24951
2020;Prefeitura Municipal de Espera Feliz - MG;3124203;MG;DCA-Anexo I-C;Padrão;Receitas Brutas Realizadas;RO1.9.2.0.00.0.0;1.9.2.0.00.0.0 - Indenizações, Restituições e Ressarcimentos;179815,24;24951
2020;Prefeitura Municipal de Espera Feliz - MG;3124203;MG;DCA-Anexo I-C;Padrão;Receitas Brutas Realizadas;RO1.9.2.2.00.0.0;1.9.2.2.00.0.0 - Restituições;54815,24;24951
2020;Prefeitura Municipal de Espera Feliz - MG;3124203;MG;DCA-Anexo I-C;Padrão;Receitas Brutas Realizadas;RO1.9.2.2.99.0.0;1.9.2.2.99.0.0 - Outras Restituições;54815,24;24951
2020;Prefeitura Municipal de Espera Feliz - MG;3124203;MG;DCA-Anexo I-C;Padrão;Receitas Brutas Realizadas;RO1.9.2.8.00.0.0;1.9.2.8.00.0.0 - Indenizações, Restituições e Ressarcimentos - Específicas para Estados/DF/Municípios;125000,00;24951
2020;Prefeitura Municipal de Espera Feliz - MG;3124203;MG;DCA-Anexo I-C;Padrão;Receitas Brutas Realizadas;RO1.9.2.8.01.0.0;1.9.2.8.01.0.0 - Indenizações- Específicas para Estados/DF/Municípios;125000,00;24951
2020;Prefeitura Municipal de Espera Feliz - MG;3124203;MG;DCA-Anexo I-C;Padrão;Receitas Brutas Realizadas;RO1.9.9.0.00.0.0;1.9.9.0.00.0.0 - Demais Receitas Correntes;50513,90;24951
2020;Prefeitura Municipal de Espera Feliz - MG;3124203;MG;DCA-Anexo I-C;Padrão;Receitas Brutas Realizadas;RO1.9.9.0.03.0.0;1.9.9.0.03.0.0 - Compensações Financeiras entre o Regime Geral e os Regimes Próprios de Previdência dos Servidores;47521,99;24951
2020;Prefeitura Municipal de Espera Feliz - MG;3124203;MG;DCA-Anexo I-C;Padrão;Receitas Brutas Realizadas;RO1.9.9.0.99.0.0;1.9.9.0.99.0.0 - Outras Receitas;2991,91;24951
2020;Prefeitura Municipal de Espera Feliz - MG;3124203;MG;DCA-Anexo I-C;Padrão;Receitas Brutas Realizadas;RO1.9.9.0.99.1.0;1.9.9.0.99.1.0 - Outras Receitas - Primárias;2991,91;24951
2020;Prefeitura Municipal de Espera Feliz - MG;3124203;MG;DCA-Anexo I-C;Padrão;Receitas Brutas Realizadas;RO2.0.0.0.00.0.0;2.0.0.0.00.0.0 - Receitas de Capital;2811012,29;24951
2020;Prefeitura Municipal de Espera Feliz - MG;3124203;MG;DCA-Anexo I-C;Padrão;Receitas Brutas Realizadas;RO2.1.0.0.00.0.0;2.1.0.0.00.0.0 - Operações de Crédito;1200000,00;24951
2020;Prefeitura Municipal de Espera Feliz - MG;3124203;MG;DCA-Anexo I-C;Padrão;Receitas Brutas Realizadas;RO2.1.1.0.00.0.0;2.1.1.0.00.0.0 - Operações de Crédito - Mercado Interno;1200000,00;24951
2020;Prefeitura Municipal de Espera Feliz - MG;3124203;MG;DCA-Anexo I-C;Padrão;Receitas Brutas Realizadas;RO2.1.1.2.00.0.0;2.1.1.2.00.0.0 Operações de Crédito Contratuais - Mercado Interno;1200000,00;24951
2020;Prefeitura Municipal de Espera Feliz - MG;3124203;MG;DCA-Anexo I-C;Padrão;Receitas Brutas Realizadas;RO2.2.0.0.00.0.0;2.2.0.0.00.0.0 - Alienação de Bens;321400,00;24951
2020;Prefeitura Municipal de Espera Feliz - MG;3124203;MG;DCA-Anexo I-C;Padrão;Receitas Brutas Realizadas;RO2.2.1.0.00.0.0;2.2.1.0.00.0.0 - Alienação de Bens Móveis;321400,00;24951
2020;Prefeitura Municipal de Espera Feliz - MG;3124203;MG;DCA-Anexo I-C;Padrão;Receitas Brutas Realizadas;RO2.2.1.3.00.0.0;2.2.1.3.00.0.0 Alienação de Bens Móveis e Semoventes;321400,00;24951
2020;Prefeitura Municipal de Espera Feliz - MG;3124203;MG;DCA-Anexo I-C;Padrão;Receitas Brutas Realizadas;RO2.4.0.0.00.0.0;2.4.0.0.00.0.0 - Transferências de Capital;1289612,29;24951
2020;Prefeitura Municipal de Espera Feliz - MG;3124203;MG;DCA-Anexo I-C;Padrão;Receitas Brutas Realizadas;RO2.4.1.0.00.0.0;2.4.1.0.00.0.0 - Transferências da União e de suas Entidades;738242,40;24951
2020;Prefeitura Municipal de Espera Feliz - MG;3124203;MG;DCA-Anexo I-C;Padrão;Receitas Brutas Realizadas;RO2.4.1.8.00.0.0;2.4.1.8.00.0.0 Transferências da União - Específicas de Estados, DF e Municípios;738242,40;24951
2020;Prefeitura Municipal de Espera Feliz - MG;3124203;MG;DCA-Anexo I-C;Padrão;Receitas Brutas Realizadas;RO2.4.1.8.99.0.0;2.4.1.8.99.0.0 Outras Transferências da União;738242,40;24951
2020;Prefeitura Municipal de Espera Feliz - MG;3124203;MG;DCA-Anexo I-C;Padrão;Receitas Brutas Realizadas;RO2.4.2.0.00.0.0;2.4.2.0.00.0.0 - Transferências dos Estados e do Distrito Federal e de suas Entidades;551369,89;24951
2020;Prefeitura Municipal de Espera Feliz - MG;3124203;MG;DCA-Anexo I-C;Padrão;Receitas Brutas Realizadas;RO2.4.2.8.00.0.0;2.4.2.8.00.0.0 Transferências dos Estados, Distrito Federal, e de suas Entidades;551369,89;24951
2020;Prefeitura Municipal de Espera Feliz - MG;3124203;MG;DCA-Anexo I-C;Padrão;Receitas Brutas Realizadas;RO2.4.2.8.03.0.0;2.4.2.8.03.0.0 Transferências de Recursos do Sistema Único de Saúde ¿ SUS;237000,00;24951
2020;Prefeitura Municipal de Espera Feliz - MG;3124203;MG;DCA-Anexo I-C;Padrão;Receitas Brutas Realizadas;RO2.4.2.8.10.0.0;2.4.2.8.10.0.0 Transferências de Convênios dos Estados e do Distrito Federal e de suas Entidades;314369,89;24951
2020;Prefeitura Municipal de Espera Feliz - MG;3124203;MG;DCA-Anexo I-C;Padrão;Receitas Brutas Realizadas;RO2.4.2.8.10.7.0;2.4.2.8.10.7.0 - Transferências de Convênios dos Estados destinadas a Programas de Infraestrutura em Transporte;214369,89;24951
2020;Prefeitura Municipal de Espera Feliz - MG;3124203;MG;DCA-Anexo I-C;Padrão;Receitas Brutas Realizadas;RO2.4.2.8.10.9.0;2.4.2.8.10.9.0 - Outras Transferências de Convênio dos Estados;100000,00;24951
2020;Prefeitura Municipal de Espera Feliz - MG;3124203;MG;DCA-Anexo I-C;Padrão;Receitas Brutas Realizadas;TotalReceitas;TOTAL DAS RECEITAS (III) = (I + II);73458310,14;24951
2020;Prefeitura Municipal de Espera Feliz - MG;3124203;MG;DCA-Anexo I-C;Padrão;Deduções - FUNDEB;TotalReceitas;TOTAL DAS RECEITAS (III) = (I + II);6125595,21;24951
2020;Prefeitura Municipal de Espera Feliz - MG;3124203;MG;DCA-Anexo I-C;Padrão;Outras Deduções da Receita;TotalReceitas;TOTAL DAS RECEITAS (III) = (I + II);756492,32;24951
2021;Prefeitura Municipal de Espera Feliz - MG;3124203;MG;DCA-Anexo I-C;Padrão;Receitas Brutas Realizadas;ReceitasExcetoIntraOrcamentarias;RECEITAS (EXCETO INTRA-ORÇAMENTÁRIAS) (I);76010753,96;25122
2021;Prefeitura Municipal de Espera Feliz - MG;3124203;MG;DCA-Anexo I-C;Padrão;Deduções - FUNDEB;ReceitasExcetoIntraOrcamentarias;RECEITAS (EXCETO INTRA-ORÇAMENTÁRIAS) (I);7808691,54;25122
2021;Prefeitura Municipal de Espera Feliz - MG;3124203;MG;DCA-Anexo I-C;Padrão;Outras Deduções da Receita;ReceitasExcetoIntraOrcamentarias;RECEITAS (EXCETO INTRA-ORÇAMENTÁRIAS) (I);96334,58;25122
2021;Prefeitura Municipal de Espera Feliz - MG;3124203;MG;DCA-Anexo I-C;Padrão;Receitas Brutas Realizadas;RO1.0.0.0.00.0.0;1.0.0.0.00.0.0 - Receitas Correntes;74348930,46;25122
2021;Prefeitura Municipal de Espera Feliz - MG;3124203;MG;DCA-Anexo I-C;Padrão;Deduções - FUNDEB;RO1.0.0.0.00.0.0;1.0.0.0.00.0.0 - Receitas Correntes;7808691,54;25122
2021;Prefeitura Municipal de Espera Feliz - MG;3124203;MG;DCA-Anexo I-C;Padrão;Outras Deduções da Receita;RO1.0.0.0.00.0.0;1.0.0.0.00.0.0 - Receitas Correntes;96334,58;25122
2021;Prefeitura Municipal de Espera Feliz - MG;3124203;MG;DCA-Anexo I-C;Padrão;Receitas Brutas Realizadas;RO1.1.0.0.00.0.0;1.1.0.0.00.0.0 - Impostos, Taxas e Contribuições de Melhoria;5454311,87;25122
2021;Prefeitura Municipal de Espera Feliz - MG;3124203;MG;DCA-Anexo I-C;Padrão;Outras Deduções da Receita;RO1.1.0.0.00.0.0;1.1.0.0.00.0.0 - Impostos, Taxas e Contribuições de Melhoria;18297,40;25122
2021;Prefeitura Municipal de Espera Feliz - MG;3124203;MG;DCA-Anexo I-C;Padrão;Receitas Brutas Realizadas;RO1.1.1.0.00.0.0;1.1.1.0.00.0.0 - Impostos;4656141,14;25122
2021;Prefeitura Municipal de Espera Feliz - MG;3124203;MG;DCA-Anexo I-C;Padrão;Outras Deduções da Receita;RO1.1.1.0.00.0.0;1.1.1.0.00.0.0 - Impostos;17123,92;25122
2021;Prefeitura Municipal de Espera Feliz - MG;3124203;MG;DCA-Anexo I-C;Padrão;Receitas Brutas Realizadas;RO1.1.1.3.00.0.0;1.1.1.3.00.0.0 - Impostos sobre a Renda e Proventos de Qualquer Natureza;1181546,06;25122
2021;Prefeitura Municipal de Espera Feliz - MG;3124203;MG;DCA-Anexo I-C;Padrão;Receitas Brutas Realizadas;RO1.1.1.3.03.0.0;1.1.1.3.03.0.0 - Imposto sobre a Renda - Retido na Fonte;1181546,06;25122
2021;Prefeitura Municipal de Espera Feliz - MG;3124203;MG;DCA-Anexo I-C;Padrão;Receitas Brutas Realizadas;RO1.1.1.3.03.1.0;1.1.1.3.03.1.0 - Imposto sobre a Renda - Retido na Fonte - Trabalho;1179248,70;25122
2021;Prefeitura Municipal de Espera Feliz - MG;3124203;MG;DCA-Anexo I-C;Padrão;Receitas Brutas Realizadas;RO1.1.1.3.03.4.0;1.1.1.3.03.4.0 - Imposto sobre a Renda - Retido na Fonte - Outros Rendimentos;2297,36;25122
2021;Prefeitura Municipal de Espera Feliz - MG;3124203;MG;DCA-Anexo I-C;Padrão;Receitas Brutas Realizadas;RO1.1.1.8.00.0.0;1.1.1.8.00.0.0 - Impostos Específicos de Estados, DF e Municípios;3474595,08;25122
2021;Prefeitura Municipal de Espera Feliz - MG;3124203;MG;DCA-Anexo I-C;Padrão;Outras Deduções da Receita;RO1.1.1.8.00.0.0;1.1.1.8.00.0.0 - Impostos Específicos de Estados, DF e Municípios;17123,92;25122
2021;Prefeitura Municipal de Espera Feliz - MG;3124203;MG;DCA-Anexo I-C;Padrão;Receitas Brutas Realizadas;RO1.1.1.8.01.0.0;1.1.1.8.01.0.0 - Impostos sobre o Patrimônio para Estados/DF/Municípios;2001669,03;25122
2021;Prefeitura Municipal de Espera Feliz - MG;3124203;MG;DCA-Anexo I-C;Padrão;Outras Deduções da Receita;RO1.1.1.8.01.0.0;1.1.1.8.01.0.0 - Impostos sobre o Patrimônio para Estados/DF/Municípios;10332,47;25122
2021;Prefeitura Municipal de Espera Feliz - MG;3124203;MG;DCA-Anexo I-C;Padrão;Receitas Brutas Realizadas;RO1.1.1.8.01.1.0;1.1.1.8.01.1.0 - Imposto sobre a Propriedade Predial e Territorial Urbana;1159438,52;25122
2021;Prefeitura Municipal de Espera Feliz - MG;3124203;MG;DCA-Anexo I-C;Padrão;Outras Deduções da Receita;RO1.1.1.8.01.1.0;1.1.1.8.01.1.0 - Imposto sobre a Propriedade Predial e Territorial Urbana;5332,47;25122
2021;Prefeitura Municipal de Espera Feliz - MG;3124203;MG;DCA-Anexo I-C;Padrão;Receitas Brutas Realizadas;RO1.1.1.8.01.4.0;1.1.1.8.01.4.0 - Imposto sobre Transmissão ¿Inter Vivos¿ de Bens Imóveis e de Direitos Reais sobre Imóveis;842230,51;25122
2021;Prefeitura Municipal de Espera Feliz - MG;3124203;MG;DCA-Anexo I-C;Padrão;Outras Deduções da Receita;RO1.1.1.8.01.4.0;1.1.1.8.01.4.0 - Imposto sobre Transmissão ¿Inter Vivos¿ de Bens Imóveis e de Direitos Reais sobre Imóveis;5000,00;25122
2021;Prefeitura Municipal de Espera Feliz - MG;3124203;MG;DCA-Anexo I-C;Padrão;Receitas Brutas Realizadas;RO1.1.1.8.02.0.0;1.1.1.8.02.0.0 - Impostos sobre a Produção, Circulação de Mercadorias e Serviços;1472926,05;25122
2021;Prefeitura Municipal de Espera Feliz - MG;3124203;MG;DCA-Anexo I-C;Padrão;Outras Deduções da Receita;RO1.1.1.8.02.0.0;1.1.1.8.02.0.0 - Impostos sobre a Produção, Circulação de Mercadorias e Serviços;6791,45;25122
2021;Prefeitura Municipal de Espera Feliz - MG;3124203;MG;DCA-Anexo I-C;Padrão;Receitas Brutas Realizadas;RO1.1.1.8.02.3.0;1.1.1.8.02.3.0 - Imposto sobre Serviços de Qualquer Natureza;1472926,05;25122
2021;Prefeitura Municipal de Espera Feliz - MG;3124203;MG;DCA-Anexo I-C;Padrão;Outras Deduções da Receita;RO1.1.1.8.02.3.0;1.1.1.8.02.3.0 - Imposto sobre Serviços de Qualquer Natureza;6791,45;25122
2021;Prefeitura Municipal de Espera Feliz - MG;3124203;MG;DCA-Anexo I-C;Padrão;Receitas Brutas Realizadas;RO1.1.2.0.00.0.0;1.1.2.0.00.0.0 - Taxas;798170,73;25122
2021;Prefeitura Municipal de Espera Feliz - MG;3124203;MG;DCA-Anexo I-C;Padrão;Outras Deduções da Receita;RO1.1.2.0.00.0.0;1.1.2.0.00.0.0 - Taxas;1173,48;25122
2021;Prefeitura Municipal de Espera Feliz - MG;3124203;MG;DCA-Anexo I-C;Padrão;Receitas Brutas Realizadas;RO1.1.2.1.00.0.0;1.1.2.1.00.0.0 - Taxas pelo Exercício do Poder de Polícia;163783,26;25122
2021;Prefeitura Municipal de Espera Feliz - MG;3124203;MG;DCA-Anexo I-C;Padrão;Outras Deduções da Receita;RO1.1.2.1.00.0.0;1.1.2.1.00.0.0 - Taxas pelo Exercício do Poder de Polícia;128,73;25122
2021;Prefeitura Municipal de Espera Feliz - MG;3124203;MG;DCA-Anexo I-C;Padrão;Receitas Brutas Realizadas;RO1.1.2.1.02.0.0;1.1.2.1.02.0.0 - Taxas de Fiscalização das Telecomunicações;163783,26;25122
2021;Prefeitura Municipal de Espera Feliz - MG;3124203;MG;DCA-Anexo I-C;Padrão;Outras Deduções da Receita;RO1.1.2.1.02.0.0;1.1.2.1.02.0.0 - Taxas de Fiscalização das Telecomunicações;128,73;25122
2021;Prefeitura Municipal de Espera Feliz - MG;3124203;MG;DCA-Anexo I-C;Padrão;Receitas Brutas Realizadas;RO1.1.2.1.02.2.0;1.1.2.1.02.2.0 - Taxa de Fiscalização de Funcionamento - TFF - Não Proveniente da Utilização de Posições Orbitais;163783,26;25122
2021;Prefeitura Municipal de Espera Feliz - MG;3124203;MG;DCA-Anexo I-C;Padrão;Outras Deduções da Receita;RO1.1.2.1.02.2.0;1.1.2.1.02.2.0 - Taxa de Fiscalização de Funcionamento - TFF - Não Proveniente da Utilização de Posições Orbitais;128,73;25122
2021;Prefeitura Municipal de Espera Feliz - MG;3124203;MG;DCA-Anexo I-C;Padrão;Receitas Brutas Realizadas;RO1.1.2.2.00.0.0;1.1.2.2.00.0.0 - Taxas pela Prestação de Serviços;592611,41;25122
2021;Prefeitura Municipal de Espera Feliz - MG;3124203;MG;DCA-Anexo I-C;Padrão;Receitas Brutas Realizadas;RO1.1.2.2.01.0.0;1.1.2.2.01.0.0 - Taxas pela Prestação de Serviços;592611,41;25122
2021;Prefeitura Municipal de Espera Feliz - MG;3124203;MG;DCA-Anexo I-C;Padrão;Receitas Brutas Realizadas;RO1.1.2.8.00.0.0;1.1.2.8.00.0.0 - Taxas - Específicas de Estados, DF e Municípios;41776,06;25122
2021;Prefeitura Municipal de Espera Feliz - MG;3124203;MG;DCA-Anexo I-C;Padrão;Outras Deduções da Receita;RO1.1.2.8.00.0.0;1.1.2.8.00.0.0 - Taxas - Específicas de Estados, DF e Municípios;1044,75;25122
2021;Prefeitura Municipal de Espera Feliz - MG;3124203;MG;DCA-Anexo I-C;Padrão;Receitas Brutas Realizadas;RO1.1.2.8.01.0.0;1.1.2.8.01.0.0 - Taxas de Inspeção, Controle e Fiscalização;41776,06;25122
2021;Prefeitura Municipal de Espera Feliz - MG;3124203;MG;DCA-Anexo I-C;Padrão;Outras Deduções da Receita;RO1.1.2.8.01.0.0;1.1.2.8.01.0.0 - Taxas de Inspeção, Controle e Fiscalização;1044,75;25122
2021;Prefeitura Municipal de Espera Feliz - MG;3124203;MG;DCA-Anexo I-C;Padrão;Receitas Brutas Realizadas;RO1.1.2.8.01.1.0;1.1.2.8.01.1.0 - Taxa de Fiscalização de Vigilância Sanitária;41776,06;25122
2021;Prefeitura Municipal de Espera Feliz - MG;3124203;MG;DCA-Anexo I-C;Padrão;Outras Deduções da Receita;RO1.1.2.8.01.1.0;1.1.2.8.01.1.0 - Taxa de Fiscalização de Vigilância Sanitária;1044,75;25122
2021;Prefeitura Municipal de Espera Feliz - MG;3124203;MG;DCA-Anexo I-C;Padrão;Receitas Brutas Realizadas;RO1.2.0.0.00.0.0;1.2.0.0.00.0.0 - Contribuições;3237466,44;25122
2021;Prefeitura Municipal de Espera Feliz - MG;3124203;MG;DCA-Anexo I-C;Padrão;Receitas Brutas Realizadas;RO1.2.1.0.00.0.0;1.2.1.0.00.0.0 - Contribuições Sociais;1576677,26;25122
2021;Prefeitura Municipal de Espera Feliz - MG;3124203;MG;DCA-Anexo I-C;Padrão;Receitas Brutas Realizadas;RO1.2.1.8.00.0.0;1.2.1.8.00.0.0 - Contribuições Sociais Específicas de Estados, DF e Municípios;1576677,26;25122
2021;Prefeitura Municipal de Espera Feliz - MG;3124203;MG;DCA-Anexo I-C;Padrão;Receitas Brutas Realizadas;RO1.2.1.8.01.0.0;1.2.1.8.01.0.0 - Contribuição do Servidor Civil para o Plano de Seguridade Social - CPSSS - Específico de EST/DF/MUN;1576677,26;25122
2021;Prefeitura Municipal de Espera Feliz - MG;3124203;MG;DCA-Anexo I-C;Padrão;Receitas Brutas Realizadas;RO1.2.1.8.01.1.0;1.2.1.8.01.1.0 - CPSSS do Servidor Civil Ativo;1575162,62;25122
2021;Prefeitura Municipal de Espera Feliz - MG;3124203;MG;DCA-Anexo I-C;Padrão;Receitas Brutas Realizadas;RO1.2.1.8.01.2.0;1.2.1.8.01.2.0 - CPSSS do Servidor Civil Inativo;1514,64;25122
2021;Prefeitura Municipal de Espera Feliz - MG;3124203;MG;DCA-Anexo I-C;Padrão;Receitas Brutas Realizadas;RO1.2.4.0.00.0.0;1.2.4.0.00.0.0 - Contribuição para o Custeio do Serviço de Iluminação Pública;1660789,18;25122
2021;Prefeitura Municipal de Espera Feliz - MG;3124203;MG;DCA-Anexo I-C;Padrão;Receitas Brutas Realizadas;RO1.3.0.0.00.0.0;1.3.0.0.00.0.0 - Receita Patrimonial;926651,33;25122
2021;Prefeitura Municipal de Espera Feliz - MG;3124203;MG;DCA-Anexo I-C;Padrão;Receitas Brutas Realizadas;RO1.3.1.0.00.0.0;1.3.1.0.00.0.0 - Exploração do Patrimônio Imobiliário do Estado;52135,02;25122
2021;Prefeitura Municipal de Espera Feliz - MG;3124203;MG;DCA-Anexo I-C;Padrão;Receitas Brutas Realizadas;RO1.3.1.0.01.0.0;1.3.1.0.01.0.0 - Aluguéis, Arrendamentos, Foros, Laudêmios, Tarifas de Ocupação;52135,02;25122
2021;Prefeitura Municipal de Espera Feliz - MG;3124203;MG;DCA-Anexo I-C;Padrão;Receitas Brutas Realizadas;RO1.3.1.0.01.1.0;1.3.1.0.01.1.0 - Aluguéis e Arrendamentos;52135,02;25122
2021;Prefeitura Municipal de Espera Feliz - MG;3124203;MG;DCA-Anexo I-C;Padrão;Receitas Brutas Realizadas;RO1.3.2.0.00.0.0;1.3.2.0.00.0.0 - Valores Mobiliários;874516,31;25122
2021;Prefeitura Municipal de Espera Feliz - MG;3124203;MG;DCA-Anexo I-C;Padrão;Receitas Brutas Realizadas;RO1.3.2.1.00.0.0;1.3.2.1.00.0.0 - Juros e Correções Monetárias;874516,31;25122
2021;Prefeitura Municipal de Espera Feliz - MG;3124203;MG;DCA-Anexo I-C;Padrão;Receitas Brutas Realizadas;RO1.3.2.1.00.1.0;1.3.2.1.00.1.0 - Remuneração de Depósitos Bancários;325472,15;25122
2021;Prefeitura Municipal de Espera Feliz - MG;3124203;MG;DCA-Anexo I-C;Padrão;Receitas Brutas Realizadas;RO1.3.2.1.00.4.0;1.3.2.1.00.4.0 - Remuneração dos Recursos do Regime Próprio de Previdência Social - RPPS;549044,16;25122
2021;Prefeitura Municipal de Espera Feliz - MG;3124203;MG;DCA-Anexo I-C;Padrão;Receitas Brutas Realizadas;RO1.7.0.0.00.0.0;1.7.0.0.00.0.0 - Transferências Correntes;64061293,61;25122
2021;Prefeitura Municipal de Espera Feliz - MG;3124203;MG;DCA-Anexo I-C;Padrão;Deduções - FUNDEB;RO1.7.0.0.00.0.0;1.7.0.0.00.0.0 - Transferências Correntes;7808691,54;25122
2021;Prefeitura Municipal de Espera Feliz - MG;3124203;MG;DCA-Anexo I-C;Padrão;Outras Deduções da Receita;RO1.7.0.0.00.0.0;1.7.0.0.00.0.0 - Transferências Correntes;78037,18;25122
2021;Prefeitura Municipal de Espera Feliz - MG;3124203;MG;DCA-Anexo I-C;Padrão;Receitas Brutas Realizadas;RO1.7.1.0.00.0.0;1.7.1.0.00.0.0 - Transferências da União e de suas Entidades;36753600,58;25122
2021;Prefeitura Municipal de Espera Feliz - MG;3124203;MG;DCA-Anexo I-C;Padrão;Deduções - FUNDEB;RO1.7.1.0.00.0.0;1.7.1.0.00.0.0 - Transferências da União e de suas Entidades;5291888,98;25122
2021;Prefeitura Municipal de Espera Feliz - MG;3124203;MG;DCA-Anexo I-C;Padrão;Receitas Brutas Realizadas;RO1.7.1.8.00.0.0;1.7.1.8.00.0.0 - Transferências da União - Específicas de Estados, DF e Municípios;36753600,58;25122
2021;Prefeitura Municipal de Espera Feliz - MG;3124203;MG;DCA-Anexo I-C;Padrão;Deduções - FUNDEB;RO1.7.1.8.00.0.0;1.7.1.8.00.0.0 - Transferências da União - Específicas de Estados, DF e Municípios;5291888,98;25122
2021;Prefeitura Municipal de Espera Feliz - MG;3124203;MG;DCA-Anexo I-C;Padrão;Receitas Brutas Realizadas;RO1.7.1.8.01.0.0;1.7.1.8.01.0.0 - Participação na Receita da União;28642802,00;25122
2021;Prefeitura Municipal de Espera Feliz - MG;3124203;MG;DCA-Anexo I-C;Padrão;Deduções - FUNDEB;RO1.7.1.8.01.0.0;1.7.1.8.01.0.0 - Participação na Receita da União;5291888,98;25122
2021;Prefeitura Municipal de Espera Feliz - MG;3124203;MG;DCA-Anexo I-C;Padrão;Receitas Brutas Realizadas;RO1.7.1.8.01.2.0;1.7.1.8.01.2.0 - Cota-Parte do Fundo de Participação dos Municípios - Cota Mensal;26449062,10;25122
2021;Prefeitura Municipal de Espera Feliz - MG;3124203;MG;DCA-Anexo I-C;Padrão;Deduções - FUNDEB;RO1.7.1.8.01.2.0;1.7.1.8.01.2.0 - Cota-Parte do Fundo de Participação dos Municípios - Cota Mensal;5289812,08;25122
2021;Prefeitura Municipal de Espera Feliz - MG;3124203;MG;DCA-Anexo I-C;Padrão;Receitas Brutas Realizadas;RO1.7.1.8.01.3.0;1.7.1.8.01.3.0 - Cota-Parte do Fundo de Participação do Municípios ¿ 1% Cota entregue no mês de dezembro;1159294,69;25122
2021;Prefeitura Municipal de Espera Feliz - MG;3124203;MG;DCA-Anexo I-C;Padrão;Receitas Brutas Realizadas;RO1.7.1.8.01.4.0;1.7.1.8.01.4.0 - Cota-Parte do Fundo de Participação dos Municípios - 1% Cota entregue no mês de julho;1024060,12;25122
2021;Prefeitura Municipal de Espera Feliz - MG;3124203;MG;DCA-Anexo I-C;Padrão;Receitas Brutas Realizadas;RO1.7.1.8.01.5.0;1.7.1.8.01.5.0 - Cota-Parte do Imposto Sobre a Propriedade Territorial Rural;10385,09;25122
2021;Prefeitura Municipal de Espera Feliz - MG;3124203;MG;DCA-Anexo I-C;Padrão;Deduções - FUNDEB;RO1.7.1.8.01.5.0;1.7.1.8.01.5.0 - Cota-Parte do Imposto Sobre a Propriedade Territorial Rural;2076,90;25122
2021;Prefeitura Municipal de Espera Feliz - MG;3124203;MG;DCA-Anexo I-C;Padrão;Receitas Brutas Realizadas;RO1.7.1.8.02.0.0;1.7.1.8.02.0.0 - Transferência da Compensação Financeira pela Exploração de Recursos Naturais;513338,26;25122
2021;Prefeitura Municipal de Espera Feliz - MG;3124203;MG;DCA-Anexo I-C;Padrão;Receitas Brutas Realizadas;RO1.7.1.8.02.6.0;1.7.1.8.02.6.0 - Cota-Parte do Fundo Especial do Petróleo ¿ FEP;513338,26;25122
2021;Prefeitura Municipal de Espera Feliz - MG;3124203;MG;DCA-Anexo I-C;Padrão;Receitas Brutas Realizadas;RO1.7.1.8.03.0.0;1.7.1.8.03.0.0 - Transferência de Recursos do Sistema Único de Saúde ¿ SUS ¿ Repasses Fundo a Fundo - Bloco de Manutenção das Ações e Serviços Públicos de Saúde;6105732,82;25122
2021;Prefeitura Municipal de Espera Feliz - MG;3124203;MG;DCA-Anexo I-C;Padrão;Receitas Brutas Realizadas;RO1.7.1.8.03.1.0;1.7.1.8.03.1.0 - Transferência de Recursos do SUS ¿ Atenção Primária;4362634,23;25122
2021;Prefeitura Municipal de Espera Feliz - MG;3124203;MG;DCA-Anexo I-C;Padrão;Receitas Brutas Realizadas;RO1.7.1.8.03.2.0;1.7.1.8.03.2.0 - Transferência de Recursos do SUS ¿ Atenção Especializada;311355,00;25122
2021;Prefeitura Municipal de Espera Feliz - MG;3124203;MG;DCA-Anexo I-C;Padrão;Receitas Brutas Realizadas;RO1.7.1.8.03.3.0;1.7.1.8.03.3.0 - Transferência de Recursos do SUS ¿ Vigilância em Saúde;251694,94;25122
2021;Prefeitura Municipal de Espera Feliz - MG;3124203;MG;DCA-Anexo I-C;Padrão;Receitas Brutas Realizadas;RO1.7.1.8.03.4.0;1.7.1.8.03.4.0 - Transferência de Recursos do SUS ¿ Assistência Farmacêutica;198676,80;25122
2021;Prefeitura Municipal de Espera Feliz - MG;3124203;MG;DCA-Anexo I-C;Padrão;Receitas Brutas Realizadas;RO1.7.1.8.03.5.0;1.7.1.8.03.5.0 - Transferência de Recursos do SUS ¿ Gestão do SUS;383137,18;25122
2021;Prefeitura Municipal de Espera Feliz - MG;3124203;MG;DCA-Anexo I-C;Padrão;Receitas Brutas Realizadas;RO1.7.1.8.03.9.0;1.7.1.8.03.9.0 - Transferência de Recursos do SUS ¿ Outros Programas Financiados por Transferências Fundo a Fundo;598234,67;25122
2021;Prefeitura Municipal de Espera Feliz - MG;3124203;MG;DCA-Anexo I-C;Padrão;Receitas Brutas Realizadas;RO1.7.1.8.05.0.0;1.7.1.8.05.0.0 - Transferências de Recursos do Fundo Nacional do Desenvolvimento da Educação ¿ FNDE;765356,24;25122
2021;Prefeitura Municipal de Espera Feliz - MG;3124203;MG;DCA-Anexo I-C;Padrão;Receitas Brutas Realizadas;RO1.7.1.8.05.1.0;1.7.1.8.05.1.0 - Transferências do Salário-Educação;427877,63;25122
2021;Prefeitura Municipal de Espera Feliz - MG;3124203;MG;DCA-Anexo I-C;Padrão;Receitas Brutas Realizadas;RO1.7.1.8.05.3.0;1.7.1.8.05.3.0 - Transferências Diretas do FNDE referentes ao Programa Nacional de Alimentação Escolar ¿ PNAE;222087,80;25122
2021;Prefeitura Municipal de Espera Feliz - MG;3124203;MG;DCA-Anexo I-C;Padrão;Receitas Brutas Realizadas;RO1.7.1.8.05.4.0;1.7.1.8.05.4.0 - Transferências Diretas do FNDE referentes ao Programa Nacional de Apoio ao Transporte do Escolar ¿ PNATE;115390,81;25122
2021;Prefeitura Municipal de Espera Feliz - MG;3124203;MG;DCA-Anexo I-C;Padrão;Receitas Brutas Realizadas;RO1.7.1.8.10.0.0;1.7.1.8.10.0.0 - Transferências de Convênios da União e de Suas Entidades;143593,88;25122
2021;Prefeitura Municipal de Espera Feliz - MG;3124203;MG;DCA-Anexo I-C;Padrão;Receitas Brutas Realizadas;RO1.7.1.8.10.9.0;1.7.1.8.10.9.0 - Outras Transferências de Convênios da União;143593,88;25122
2021;Prefeitura Municipal de Espera Feliz - MG;3124203;MG;DCA-Anexo I-C;Padrão;Receitas Brutas Realizadas;RO1.7.1.8.12.0.0;1.7.1.8.12.0.0 - Transferências de Recursos do Fundo Nacional de Assistência Social ¿ FNAS;274583,44;25122
2021;Prefeitura Municipal de Espera Feliz - MG;3124203;MG;DCA-Anexo I-C;Padrão;Receitas Brutas Realizadas;RO1.7.1.8.99.0.0;1.7.1.8.99.0.0 - Outras Transferências da União;308193,94;25122
2021;Prefeitura Municipal de Espera Feliz - MG;3124203;MG;DCA-Anexo I-C;Padrão;Receitas Brutas Realizadas;RO1.7.2.0.00.0.0;1.7.2.0.00.0.0 - Transferências dos Estados e do Distrito Federal e de suas Entidades;16896689,39;25122
2021;Prefeitura Municipal de Espera Feliz - MG;3124203;MG;DCA-Anexo I-C;Padrão;Deduções - FUNDEB;RO1.7.2.0.00.0.0;1.7.2.0.00.0.0 - Transferências dos Estados e do Distrito Federal e de suas Entidades;2516802,56;25122
2021;Prefeitura Municipal de Espera Feliz - MG;3124203;MG;DCA-Anexo I-C;Padrão;Receitas Brutas Realizadas;RO1.7.2.8.00.0.0;1.7.2.8.00.0.0 - Transferências dos Estados - Específicas de Estados, DF e Municípios;16896689,39;25122
2021;Prefeitura Municipal de Espera Feliz - MG;3124203;MG;DCA-Anexo I-C;Padrão;Deduções - FUNDEB;RO1.7.2.8.00.0.0;1.7.2.8.00.0.0 - Transferências dos Estados - Específicas de Estados, DF e Municípios;2516802,56;25122
2021;Prefeitura Municipal de Espera Feliz - MG;3124203;MG;DCA-Anexo I-C;Padrão;Receitas Brutas Realizadas;RO1.7.2.8.01.0.0;1.7.2.8.01.0.0 - Participação na Receita dos Estados;12599553,71;25122
2021;Prefeitura Municipal de Espera Feliz - MG;3124203;MG;DCA-Anexo I-C;Padrão;Deduções - FUNDEB;RO1.7.2.8.01.0.0;1.7.2.8.01.0.0 - Participação na Receita dos Estados;2516802,56;25122
2021;Prefeitura Municipal de Espera Feliz - MG;3124203;MG;DCA-Anexo I-C;Padrão;Receitas Brutas Realizadas;RO1.7.2.8.01.1.0;1.7.2.8.01.1.0 - Cota-Parte do ICMS;9795638,13;25122
2021;Prefeitura Municipal de Espera Feliz - MG;3124203;MG;DCA-Anexo I-C;Padrão;Deduções - FUNDEB;RO1.7.2.8.01.1.0;1.7.2.8.01.1.0 - Cota-Parte do ICMS;1959127,34;25122
2021;Prefeitura Municipal de Espera Feliz - MG;3124203;MG;DCA-Anexo I-C;Padrão;Receitas Brutas Realizadas;RO1.7.2.8.01.2.0;1.7.2.8.01.2.0 - Cota-Parte do IPVA;2679983,38;25122
2021;Prefeitura Municipal de Espera Feliz - MG;3124203;MG;DCA-Anexo I-C;Padrão;Deduções - FUNDEB;RO1.7.2.8.01.2.0;1.7.2.8.01.2.0 - Cota-Parte do IPVA;535994,90;25122
2021;Prefeitura Municipal de Espera Feliz - MG;3124203;MG;DCA-Anexo I-C;Padrão;Receitas Brutas Realizadas;RO1.7.2.8.01.3.0;1.7.2.8.01.3.0 - Cota-Parte do IPI - Municípios;108401,58;25122
2021;Prefeitura Municipal de Espera Feliz - MG;3124203;MG;DCA-Anexo I-C;Padrão;Deduções - FUNDEB;RO1.7.2.8.01.3.0;1.7.2.8.01.3.0 - Cota-Parte do IPI - Municípios;21680,32;25122
2021;Prefeitura Municipal de Espera Feliz - MG;3124203;MG;DCA-Anexo I-C;Padrão;Receitas Brutas Realizadas;RO1.7.2.8.01.4.0;1.7.2.8.01.4.0 - Cota-Parte da Contribuição de Intervenção no Domínio Econômico;15530,62;25122
2021;Prefeitura Municipal de Espera Feliz - MG;3124203;MG;DCA-Anexo I-C;Padrão;Receitas Brutas Realizadas;RO1.7.2.8.02.0.0;1.7.2.8.02.0.0 - Transferência da Cota-parte da Compensação Financeira (25%);58131,76;25122
2021;Prefeitura Municipal de Espera Feliz - MG;3124203;MG;DCA-Anexo I-C;Padrão;Receitas Brutas Realizadas;RO1.7.2.8.02.2.0;1.7.2.8.02.2.0 - Cota-parte da Compensação Financeira de Recursos Minerais - CFEM;58131,76;25122
2021;Prefeitura Municipal de Espera Feliz - MG;3124203;MG;DCA-Anexo I-C;Padrão;Receitas Brutas Realizadas;RO1.7.2.8.03.0.0;1.7.2.8.03.0.0 - Transferência de Recursos do Estado para Programas de Saúde ¿ Repasse Fundo a Fundo;3162166,01;25122
2021;Prefeitura Municipal de Espera Feliz - MG;3124203;MG;DCA-Anexo I-C;Padrão;Receitas Brutas Realizadas;RO1.7.2.8.07.0.0;1.7.2.8.07.0.0 - Transferências de Estados destinadas à Assistência Social;119847,00;25122
2021;Prefeitura Municipal de Espera Feliz - MG;3124203;MG;DCA-Anexo I-C;Padrão;Receitas Brutas Realizadas;RO1.7.2.8.10.0.0;1.7.2.8.10.0.0 - Transferência de Convênios dos Estados e do Distrito Federal e de Suas Entidades;553495,46;25122
2021;Prefeitura Municipal de Espera Feliz - MG;3124203;MG;DCA-Anexo I-C;Padrão;Receitas Brutas Realizadas;RO1.7.2.8.10.2.0;1.7.2.8.10.2.0 - Transferências de Convênio dos Estados Destinadas a Programas de Educação;403495,46;25122
2021;Prefeitura Municipal de Espera Feliz - MG;3124203;MG;DCA-Anexo I-C;Padrão;Receitas Brutas Realizadas;RO1.7.2.8.10.9.0;1.7.2.8.10.9.0 - Outras Transferências de Convênio dos Estados;150000,00;25122
2021;Prefeitura Municipal de Espera Feliz - MG;3124203;MG;DCA-Anexo I-C;Padrão;Receitas Brutas Realizadas;RO1.7.2.8.99.0.0;1.7.2.8.99.0.0 - Outras Transferências dos Estados;403495,45;25122
2021;Prefeitura Municipal de Espera Feliz - MG;3124203;MG;DCA-Anexo I-C;Padrão;Receitas Brutas Realizadas;RO1.7.5.0.00.0.0;1.7.5.0.00.0.0 - Transferências de Outras Instituições Públicas;10411003,64;25122
2021;Prefeitura Municipal de Espera Feliz - MG;3124203;MG;DCA-Anexo I-C;Padrão;Outras Deduções da Receita;RO1.7.5.0.00.0.0;1.7.5.0.00.0.0 - Transferências de Outras Instituições Públicas;78037,18;25122
2021;Prefeitura Municipal de Espera Feliz - MG;3124203;MG;DCA-Anexo I-C;Padrão;Receitas Brutas Realizadas;RO1.7.5.0.00.1.0;1.7.5.0.00.1.0 - Transferências de Outras Instituições Públicas;10877,33;25122
2021;Prefeitura Municipal de Espera Feliz - MG;3124203;MG;DCA-Anexo I-C;Padrão;Receitas Brutas Realizadas;RO1.7.5.8.00.0.0;1.7.5.8.00.0.0 - Transferências de Outras Instituições Públicas - Específicas de Estados, DF e Municípios;10400126,31;25122
2021;Prefeitura Municipal de Espera Feliz - MG;3124203;MG;DCA-Anexo I-C;Padrão;Outras Deduções da Receita;RO1.7.5.8.00.0.0;1.7.5.8.00.0.0 - Transferências de Outras Instituições Públicas - Específicas de Estados, DF e Municípios;78037,18;25122
2021;Prefeitura Municipal de Espera Feliz - MG;3124203;MG;DCA-Anexo I-C;Padrão;Receitas Brutas Realizadas;RO1.7.5.8.01.0.0;1.7.5.8.01.0.0 - Transferências de Recursos do Fundo de Manutenção e Desenvolvimento da Educação Básica e de Valorização dos Profissionais da Educação ¿ FUNDEB;10400126,31;25122
2021;Prefeitura Municipal de Espera Feliz - MG;3124203;MG;DCA-Anexo I-C;Padrão;Outras Deduções da Receita;RO1.7.5.8.01.0.0;1.7.5.8.01.0.0 - Transferências de Recursos do Fundo de Manutenção e Desenvolvimento da Educação Básica e de Valorização dos Profissionais da Educação ¿ FUNDEB;78037,18;25122
2021;Prefeitura Municipal de Espera Feliz - MG;3124203;MG;DCA-Anexo I-C;Padrão;Receitas Brutas Realizadas;RO1.9.0.0.00.0.0;1.9.0.0.00.0.0 - Outras Receitas Correntes;669207,21;25122
2021;Prefeitura Municipal de Espera Feliz - MG;3124203;MG;DCA-Anexo I-C;Padrão;Receitas Brutas Realizadas;RO1.9.2.0.00.0.0;1.9.2.0.00.0.0 - Indenizações, Restituições e Ressarcimentos;618721,52;25122
2021;Prefeitura Municipal de Espera Feliz - MG;3124203;MG;DCA-Anexo I-C;Padrão;Receitas Brutas Realizadas;RO1.9.2.2.00.0.0;1.9.2.2.00.0.0 - Restituições;14082,08;25122
2021;Prefeitura Municipal de Espera Feliz - MG;3124203;MG;DCA-Anexo I-C;Padrão;Receitas Brutas Realizadas;RO1.9.2.2.99.0.0;1.9.2.2.99.0.0 - Outras Restituições;14082,08;25122
2021;Prefeitura Municipal de Espera Feliz - MG;3124203;MG;DCA-Anexo I-C;Padrão;Receitas Brutas Realizadas;RO1.9.2.8.00.0.0;1.9.2.8.00.0.0 - Indenizações, Restituições e Ressarcimentos - Específicas para Estados/DF/Municípios;604639,44;25122
2021;Prefeitura Municipal de Espera Feliz - MG;3124203;MG;DCA-Anexo I-C;Padrão;Receitas Brutas Realizadas;RO1.9.2.8.01.0.0;1.9.2.8.01.0.0 - Indenizações- Específicas para Estados/DF/Municípios;604639,44;25122
2021;Prefeitura Municipal de Espera Feliz - MG;3124203;MG;DCA-Anexo I-C;Padrão;Receitas Brutas Realizadas;RO1.9.9.0.00.0.0;1.9.9.0.00.0.0 - Demais Receitas Correntes;50485,69;25122
2021;Prefeitura Municipal de Espera Feliz - MG;3124203;MG;DCA-Anexo I-C;Padrão;Receitas Brutas Realizadas;RO1.9.9.0.03.0.0;1.9.9.0.03.0.0 - Compensações Financeiras entre o Regime Geral e os Regimes Próprios de Previdência dos Servidores;49540,79;25122
2021;Prefeitura Municipal de Espera Feliz - MG;3124203;MG;DCA-Anexo I-C;Padrão;Receitas Brutas Realizadas;RO1.9.9.0.99.0.0;1.9.9.0.99.0.0 - Outras Receitas;944,90;25122
2021;Prefeitura Municipal de Espera Feliz - MG;3124203;MG;DCA-Anexo I-C;Padrão;Receitas Brutas Realizadas;RO1.9.9.0.99.1.0;1.9.9.0.99.1.0 - Outras Receitas - Primárias;944,90;25122
2021;Prefeitura Municipal de Espera Feliz - MG;3124203;MG;DCA-Anexo I-C;Padrão;Receitas Brutas Realizadas;RO2.0.0.0.00.0.0;2.0.0.0.00.0.0 - Receitas de Capital;1661823,50;25122
2021;Prefeitura Municipal de Espera Feliz - MG;3124203;MG;DCA-Anexo I-C;Padrão;Receitas Brutas Realizadas;RO2.4.0.0.00.0.0;2.4.0.0.00.0.0 - Transferências de Capital;1661823,50;25122
2021;Prefeitura Municipal de Espera Feliz - MG;3124203;MG;DCA-Anexo I-C;Padrão;Receitas Brutas Realizadas;RO2.4.1.0.00.0.0;2.4.1.0.00.0.0 - Transferências da União e de suas Entidades;795077,20;25122
2021;Prefeitura Municipal de Espera Feliz - MG;3124203;MG;DCA-Anexo I-C;Padrão;Receitas Brutas Realizadas;RO2.4.1.8.00.0.0;2.4.1.8.00.0.0 - Transferências da União - Específicas de Estados, DF e Municípios;795077,20;25122
2021;Prefeitura Municipal de Espera Feliz - MG;3124203;MG;DCA-Anexo I-C;Padrão;Receitas Brutas Realizadas;RO2.4.1.8.05.0.0;2.4.1.8.05.0.0 - Transferências de Recursos Destinados a Programas de Educação;395077,20;25122
2021;Prefeitura Municipal de Espera Feliz - MG;3124203;MG;DCA-Anexo I-C;Padrão;Receitas Brutas Realizadas;RO2.4.1.8.99.0.0;2.4.1.8.99.0.0 - Outras Transferências da União;400000,00;25122
2021;Prefeitura Municipal de Espera Feliz - MG;3124203;MG;DCA-Anexo I-C;Padrão;Receitas Brutas Realizadas;RO2.4.2.0.00.0.0;2.4.2.0.00.0.0 - Transferências dos Estados e do Distrito Federal e de suas Entidades;866746,30;25122
2021;Prefeitura Municipal de Espera Feliz - MG;3124203;MG;DCA-Anexo I-C;Padrão;Receitas Brutas Realizadas;RO2.4.2.8.00.0.0;2.4.2.8.00.0.0 - Transferências dos Estados, Distrito Federal, e de suas Entidades;866746,30;25122
2021;Prefeitura Municipal de Espera Feliz - MG;3124203;MG;DCA-Anexo I-C;Padrão;Receitas Brutas Realizadas;RO2.4.2.8.03.0.0;2.4.2.8.03.0.0 - Transferências de Recursos do Sistema Único de Saúde ¿ SUS;100000,00;25122
2021;Prefeitura Municipal de Espera Feliz - MG;3124203;MG;DCA-Anexo I-C;Padrão;Receitas Brutas Realizadas;RO2.4.2.8.10.0.0;2.4.2.8.10.0.0 - Transferências de Convênios dos Estados e do Distrito Federal e de suas Entidades;41336,66;25122
2021;Prefeitura Municipal de Espera Feliz - MG;3124203;MG;DCA-Anexo I-C;Padrão;Receitas Brutas Realizadas;RO2.4.2.8.10.7.0;2.4.2.8.10.7.0 - Transferências de Convênios dos Estados destinadas a Programas de Infraestrutura em Transporte;49,00;25122
2021;Prefeitura Municipal de Espera Feliz - MG;3124203;MG;DCA-Anexo I-C;Padrão;Receitas Brutas Realizadas;RO2.4.2.8.10.9.0;2.4.2.8.10.9.0 - Outras Transferências de Convênio dos Estados;41287,66;25122
2021;Prefeitura Municipal de Espera Feliz - MG;3124203;MG;DCA-Anexo I-C;Padrão;Receitas Brutas Realizadas;RO2.4.2.8.99.0.0;2.4.2.8.99.0.0 - Outras Transferências dos Estados;725409,64;25122
2021;Prefeitura Municipal de Espera Feliz - MG;3124203;MG;DCA-Anexo I-C;Padrão;Receitas Brutas Realizadas;ReceitasIntraOrcamentarias;RECEITAS (INTRA-ORÇAMENTÁRIAS) (II);3993594,01;25122
2021;Prefeitura Municipal de Espera Feliz - MG;3124203;MG;DCA-Anexo I-C;Padrão;Receitas Brutas Realizadas;RI7.0.0.0.00.0.0;7.0.0.0.00.0.0 - Receitas Correntes;3993594,01;25122
2021;Prefeitura Municipal de Espera Feliz - MG;3124203;MG;DCA-Anexo I-C;Padrão;Receitas Brutas Realizadas;RI7.2.0.0.00.0.0;7.2.0.0.00.0.0 - Contribuições;2037843,48;25122
2021;Prefeitura Municipal de Espera Feliz - MG;3124203;MG;DCA-Anexo I-C;Padrão;Receitas Brutas Realizadas;RI7.2.1.0.00.0.0;7.2.1.0.00.0.0 - Contribuições Sociais;2037843,48;25122
2021;Prefeitura Municipal de Espera Feliz - MG;3124203;MG;DCA-Anexo I-C;Padrão;Receitas Brutas Realizadas;RI7.2.1.8.00.0.0;7.2.1.8.00.0.0 - Contribuições Sociais Específicas de Estados, DF e   Municípios;2037843,48;25122
2021;Prefeitura Municipal de Espera Feliz - MG;3124203;MG;DCA-Anexo I-C;Padrão;Receitas Brutas Realizadas;RI7.2.1.8.03.0.0;7.2.1.8.03.0.0 - CPSSS Patronal - Servidor Civil - Específico de EST/DF/MUN;1842389,96;25122
2021;Prefeitura Municipal de Espera Feliz - MG;3124203;MG;DCA-Anexo I-C;Padrão;Receitas Brutas Realizadas;RI7.2.1.8.03.1.0;7.2.1.8.03.1.0 - CPSSS Patronal - Servidor Civil Ativo;1842389,96;25122
2021;Prefeitura Municipal de Espera Feliz - MG;3124203;MG;DCA-Anexo I-C;Padrão;Receitas Brutas Realizadas;RI7.2.1.8.04.0.0;7.2.1.8.04.0.0 - CPSSS Patronal - Parcelamentos - Específico de EST/DF/MUN;195453,52;25122
2021;Prefeitura Municipal de Espera Feliz - MG;3124203;MG;DCA-Anexo I-C;Padrão;Receitas Brutas Realizadas;RI7.2.1.8.04.1.0;7.2.1.8.04.1.0 - CPSSS Patronal - Parcelamentos - Servidor Civil Ativo;195453,52;25122
2021;Prefeitura Municipal de Espera Feliz - MG;3124203;MG;DCA-Anexo I-C;Padrão;Receitas Brutas Realizadas;RI7.9.0.0.00.0.0;7.9.0.0.00.0.0 - Outras Receitas Correntes;1955750,53;25122
2021;Prefeitura Municipal de Espera Feliz - MG;3124203;MG;DCA-Anexo I-C;Padrão;Receitas Brutas Realizadas;RI7.9.9.0.00.0.0;7.9.9.0.00.0.0 - Demais Receitas Correntes;1955750,53;25122
2021;Prefeitura Municipal de Espera Feliz - MG;3124203;MG;DCA-Anexo I-C;Padrão;Receitas Brutas Realizadas;RI7.9.9.0.01.0.0;7.9.9.0.01.0.0 - Aportes Periódicos para Amortização de Déficit Atuarial do RPPS;1955750,53;25122
2021;Prefeitura Municipal de Espera Feliz - MG;3124203;MG;DCA-Anexo I-C;Padrão;Receitas Brutas Realizadas;TotalReceitas;TOTAL DAS RECEITAS (III) = (I + II);80004347,97;25122
2021;Prefeitura Municipal de Espera Feliz - MG;3124203;MG;DCA-Anexo I-C;Padrão;Deduções - FUNDEB;TotalReceitas;TOTAL DAS RECEITAS (III) = (I + II);7808691,54;25122
2021;Prefeitura Municipal de Espera Feliz - MG;3124203;MG;DCA-Anexo I-C;Padrão;Outras Deduções da Receita;TotalReceitas;TOTAL DAS RECEITAS (III) = (I + II);96334,58;25122
2022;Prefeitura Municipal de Espera Feliz - MG;3124203;MG;DCA-Anexo I-C;Padrão;Receitas Brutas Realizadas;ReceitasExcetoIntraOrcamentarias;RECEITAS (EXCETO INTRA-ORÇAMENTÁRIAS) (I);100869242,16;25287
2022;Prefeitura Municipal de Espera Feliz - MG;3124203;MG;DCA-Anexo I-C;Padrão;Deduções - FUNDEB;ReceitasExcetoIntraOrcamentarias;RECEITAS (EXCETO INTRA-ORÇAMENTÁRIAS) (I);9116471,27;25287
2022;Prefeitura Municipal de Espera Feliz - MG;3124203;MG;DCA-Anexo I-C;Padrão;Outras Deduções da Receita;ReceitasExcetoIntraOrcamentarias;RECEITAS (EXCETO INTRA-ORÇAMENTÁRIAS) (I);29040,90;25287
2022;Prefeitura Municipal de Espera Feliz - MG;3124203;MG;DCA-Anexo I-C;Padrão;Receitas Brutas Realizadas;RO1.0.0.0.00.0.0;1.0.0.0.00.0.0 - Receitas Correntes;91200322,80;25287
2022;Prefeitura Municipal de Espera Feliz - MG;3124203;MG;DCA-Anexo I-C;Padrão;Deduções - FUNDEB;RO1.0.0.0.00.0.0;1.0.0.0.00.0.0 - Receitas Correntes;9116471,27;25287
2022;Prefeitura Municipal de Espera Feliz - MG;3124203;MG;DCA-Anexo I-C;Padrão;Outras Deduções da Receita;RO1.0.0.0.00.0.0;1.0.0.0.00.0.0 - Receitas Correntes;29040,90;25287
2022;Prefeitura Municipal de Espera Feliz - MG;3124203;MG;DCA-Anexo I-C;Padrão;Receitas Brutas Realizadas;RO1.1.0.0.00.0.0;1.1.0.0.00.0.0 - Impostos, Taxas e Contribuições de Melhoria;6752321,45;25287
2022;Prefeitura Municipal de Espera Feliz - MG;3124203;MG;DCA-Anexo I-C;Padrão;Outras Deduções da Receita;RO1.1.0.0.00.0.0;1.1.0.0.00.0.0 - Impostos, Taxas e Contribuições de Melhoria;28884,57;25287
2022;Prefeitura Municipal de Espera Feliz - MG;3124203;MG;DCA-Anexo I-C;Padrão;Receitas Brutas Realizadas;RO1.1.1.0.00.0.0;1.1.1.0.00.0.0 - Impostos;5700307,07;25287
2022;Prefeitura Municipal de Espera Feliz - MG;3124203;MG;DCA-Anexo I-C;Padrão;Outras Deduções da Receita;RO1.1.1.0.00.0.0;1.1.1.0.00.0.0 - Impostos;28784,98;25287
2022;Prefeitura Municipal de Espera Feliz - MG;3124203;MG;DCA-Anexo I-C;Padrão;Receitas Brutas Realizadas;RO1.1.1.2.00.0.0;1.1.1.2.00.0.0 - Impostos sobre o Patrimônio;2284835,18;25287
2022;Prefeitura Municipal de Espera Feliz - MG;3124203;MG;DCA-Anexo I-C;Padrão;Outras Deduções da Receita;RO1.1.1.2.00.0.0;1.1.1.2.00.0.0 - Impostos sobre o Patrimônio;28505,05;25287
2022;Prefeitura Municipal de Espera Feliz - MG;3124203;MG;DCA-Anexo I-C;Padrão;Receitas Brutas Realizadas;RO1.1.1.2.50.0.0;1.1.1.2.50.0.0 - Imposto sobre a Propriedade Predial e Territorial Urbana;1516311,74;25287
2022;Prefeitura Municipal de Espera Feliz - MG;3124203;MG;DCA-Anexo I-C;Padrão;Outras Deduções da Receita;RO1.1.1.2.50.0.0;1.1.1.2.50.0.0 - Imposto sobre a Propriedade Predial e Territorial Urbana;1978,28;25287
2022;Prefeitura Municipal de Espera Feliz - MG;3124203;MG;DCA-Anexo I-C;Padrão;Receitas Brutas Realizadas;RO1.1.1.2.53.0.0;"1.1.1.2.53.0.0 - Impostos sobre Transmissão ""Inter Vivos"" de Bens Imóveis e de Direitos Reais sobre Imóveis";768523,44;25287
2022;Prefeitura Municipal de Espera Feliz - MG;3124203;MG;DCA-Anexo I-C;Padrão;Outras Deduções da Receita;RO1.1.1.2.53.0.0;"1.1.1.2.53.0.0 - Impostos sobre Transmissão ""Inter Vivos"" de Bens Imóveis e de Direitos Reais sobre Imóveis";26526,77;25287
2022;Prefeitura Municipal de Espera Feliz - MG;3124203;MG;DCA-Anexo I-C;Padrão;Receitas Brutas Realizadas;RO1.1.1.3.00.0.0;1.1.1.3.00.0.0 - Impostos sobre a Renda e Proventos de Qualquer Natureza;1425572,20;25287
2022;Prefeitura Municipal de Espera Feliz - MG;3124203;MG;DCA-Anexo I-C;Padrão;Receitas Brutas Realizadas;RO1.1.1.3.03.0.0;1.1.1.3.03.0.0 - Imposto sobre a Renda - Retido na Fonte;1425572,20;25287
2022;Prefeitura Municipal de Espera Feliz - MG;3124203;MG;DCA-Anexo I-C;Padrão;Receitas Brutas Realizadas;RO1.1.1.3.03.1.0;1.1.1.3.03.1.0 - Imposto sobre a Renda - Retido na Fonte - Trabalho;1417759,05;25287
2022;Prefeitura Municipal de Espera Feliz - MG;3124203;MG;DCA-Anexo I-C;Padrão;Receitas Brutas Realizadas;RO1.1.1.3.03.4.0;1.1.1.3.03.4.0 - Imposto sobre a Renda - Retido na Fonte - Outros Rendimentos;7813,15;25287
2022;Prefeitura Municipal de Espera Feliz - MG;3124203;MG;DCA-Anexo I-C;Padrão;Receitas Brutas Realizadas;RO1.1.1.4.00.0.0;1.1.1.4.00.0.0 - Impostos sobre a Produção e Circulação de Mercadorias e Serviços;1989899,69;25287
2022;Prefeitura Municipal de Espera Feliz - MG;3124203;MG;DCA-Anexo I-C;Padrão;Outras Deduções da Receita;RO1.1.1.4.00.0.0;1.1.1.4.00.0.0 - Impostos sobre a Produção e Circulação de Mercadorias e Serviços;279,93;25287
2022;Prefeitura Municipal de Espera Feliz - MG;3124203;MG;DCA-Anexo I-C;Padrão;Receitas Brutas Realizadas;RO1.1.1.4.51.0.0;1.1.1.4.51.0.0 - Impostos sobre Serviços;1989899,69;25287
2022;Prefeitura Municipal de Espera Feliz - MG;3124203;MG;DCA-Anexo I-C;Padrão;Outras Deduções da Receita;RO1.1.1.4.51.0.0;1.1.1.4.51.0.0 - Impostos sobre Serviços;279,93;25287
2022;Prefeitura Municipal de Espera Feliz - MG;3124203;MG;DCA-Anexo I-C;Padrão;Receitas Brutas Realizadas;RO1.1.1.4.51.1.0;1.1.1.4.51.1.0 - Imposto sobre Serviços de Qualquer Natureza - ISSQN;1989899,69;25287
2022;Prefeitura Municipal de Espera Feliz - MG;3124203;MG;DCA-Anexo I-C;Padrão;Outras Deduções da Receita;RO1.1.1.4.51.1.0;1.1.1.4.51.1.0 - Imposto sobre Serviços de Qualquer Natureza - ISSQN;279,93;25287
2022;Prefeitura Municipal de Espera Feliz - MG;3124203;MG;DCA-Anexo I-C;Padrão;Receitas Brutas Realizadas;RO1.1.2.0.00.0.0;1.1.2.0.00.0.0 - Taxas;1052014,38;25287
2022;Prefeitura Municipal de Espera Feliz - MG;3124203;MG;DCA-Anexo I-C;Padrão;Outras Deduções da Receita;RO1.1.2.0.00.0.0;1.1.2.0.00.0.0 - Taxas;99,59;25287
2022;Prefeitura Municipal de Espera Feliz - MG;3124203;MG;DCA-Anexo I-C;Padrão;Receitas Brutas Realizadas;RO1.1.2.1.00.0.0;1.1.2.1.00.0.0 - Taxas pelo Exercício do Poder de Polícia;320137,72;25287
2022;Prefeitura Municipal de Espera Feliz - MG;3124203;MG;DCA-Anexo I-C;Padrão;Outras Deduções da Receita;RO1.1.2.1.00.0.0;1.1.2.1.00.0.0 - Taxas pelo Exercício do Poder de Polícia;99,59;25287
2022;Prefeitura Municipal de Espera Feliz - MG;3124203;MG;DCA-Anexo I-C;Padrão;Receitas Brutas Realizadas;RO1.1.2.1.01.0.0;1.1.2.1.01.0.0 - Taxas de Inspeção, Controle e Fiscalização;249,38;25287
2022;Prefeitura Municipal de Espera Feliz - MG;3124203;MG;DCA-Anexo I-C;Padrão;Receitas Brutas Realizadas;RO1.1.2.1.02.0.0;1.1.2.1.02.0.0 - Taxas de Fiscalização das Telecomunicações;251602,54;25287
2022;Prefeitura Municipal de Espera Feliz - MG;3124203;MG;DCA-Anexo I-C;Padrão;Outras Deduções da Receita;RO1.1.2.1.02.0.0;1.1.2.1.02.0.0 - Taxas de Fiscalização das Telecomunicações;99,59;25287
2022;Prefeitura Municipal de Espera Feliz - MG;3124203;MG;DCA-Anexo I-C;Padrão;Receitas Brutas Realizadas;RO1.1.2.1.02.2.0;1.1.2.1.02.2.0 - Taxa de Fiscalização de Funcionamento - TFF - Não Proveniente da Utilização de Posições Orbitais;251602,54;25287
2022;Prefeitura Municipal de Espera Feliz - MG;3124203;MG;DCA-Anexo I-C;Padrão;Outras Deduções da Receita;RO1.1.2.1.02.2.0;1.1.2.1.02.2.0 - Taxa de Fiscalização de Funcionamento - TFF - Não Proveniente da Utilização de Posições Orbitais;99,59;25287
2022;Prefeitura Municipal de Espera Feliz - MG;3124203;MG;DCA-Anexo I-C;Padrão;Receitas Brutas Realizadas;RO1.1.2.1.50.0.0;1.1.2.1.50.0.0 - Taxa de Fiscalização de Vigilância Sanitária;68285,80;25287
2022;Prefeitura Municipal de Espera Feliz - MG;3124203;MG;DCA-Anexo I-C;Padrão;Receitas Brutas Realizadas;RO1.1.2.2.00.0.0;1.1.2.2.00.0.0 - Taxas pela Prestação de Serviços;731876,66;25287
2022;Prefeitura Municipal de Espera Feliz - MG;3124203;MG;DCA-Anexo I-C;Padrão;Receitas Brutas Realizadas;RO1.1.2.2.01.0.0;1.1.2.2.01.0.0 - Taxas pela Prestação de Serviços;731876,66;25287
2022;Prefeitura Municipal de Espera Feliz - MG;3124203;MG;DCA-Anexo I-C;Padrão;Receitas Brutas Realizadas;RO1.2.0.0.00.0.0;1.2.0.0.00.0.0 - Contribuições;3554633,67;25287
2022;Prefeitura Municipal de Espera Feliz - MG;3124203;MG;DCA-Anexo I-C;Padrão;Receitas Brutas Realizadas;RO1.2.1.0.00.0.0;1.2.1.0.00.0.0 - Contribuições Sociais;1797115,94;25287
2022;Prefeitura Municipal de Espera Feliz - MG;3124203;MG;DCA-Anexo I-C;Padrão;Receitas Brutas Realizadas;RO1.2.1.5.00.0.0;1.2.1.5.00.0.0 - Contribuições para Regimes Próprios de Previdência e Sistema de Proteção Social;1797115,94;25287
2022;Prefeitura Municipal de Espera Feliz - MG;3124203;MG;DCA-Anexo I-C;Padrão;Receitas Brutas Realizadas;RO1.2.1.5.01.0.0;1.2.1.5.01.0.0 - Contribuição do Servidor Civil;1797115,94;25287
2022;Prefeitura Municipal de Espera Feliz - MG;3124203;MG;DCA-Anexo I-C;Padrão;Receitas Brutas Realizadas;RO1.2.1.5.01.1.0;1.2.1.5.01.1.0 - Contribuição do Servidor Civil Ativo;1793372,96;25287
2022;Prefeitura Municipal de Espera Feliz - MG;3124203;MG;DCA-Anexo I-C;Padrão;Receitas Brutas Realizadas;RO1.2.1.5.01.2.0;1.2.1.5.01.2.0 - Contribuição do Servidor Civil Inativo;3742,98;25287
2022;Prefeitura Municipal de Espera Feliz - MG;3124203;MG;DCA-Anexo I-C;Padrão;Receitas Brutas Realizadas;RO1.2.4.0.00.0.0;1.2.4.0.00.0.0 - Contribuição para o Custeio do Serviço de Iluminação Pública;1757517,73;25287
2022;Prefeitura Municipal de Espera Feliz - MG;3124203;MG;DCA-Anexo I-C;Padrão;Receitas Brutas Realizadas;RO1.3.0.0.00.0.0;1.3.0.0.00.0.0 - Receita Patrimonial;2186419,22;25287
2022;Prefeitura Municipal de Espera Feliz - MG;3124203;MG;DCA-Anexo I-C;Padrão;Outras Deduções da Receita;RO1.3.0.0.00.0.0;1.3.0.0.00.0.0 - Receita Patrimonial;156,33;25287
2022;Prefeitura Municipal de Espera Feliz - MG;3124203;MG;DCA-Anexo I-C;Padrão;Receitas Brutas Realizadas;RO1.3.1.0.00.0.0;1.3.1.0.00.0.0 - Exploração do Patrimônio Imobiliário do Estado;57705,13;25287
2022;Prefeitura Municipal de Espera Feliz - MG;3124203;MG;DCA-Anexo I-C;Padrão;Outras Deduções da Receita;RO1.3.1.0.00.0.0;1.3.1.0.00.0.0 - Exploração do Patrimônio Imobiliário do Estado;156,33;25287
2022;Prefeitura Municipal de Espera Feliz - MG;3124203;MG;DCA-Anexo I-C;Padrão;Receitas Brutas Realizadas;RO1.3.1.1.00.0.0;1.3.1.1.00.0.0 - Exploração do Patrimônio Imobiliário do Estado;57705,13;25287
2022;Prefeitura Municipal de Espera Feliz - MG;3124203;MG;DCA-Anexo I-C;Padrão;Outras Deduções da Receita;RO1.3.1.1.00.0.0;1.3.1.1.00.0.0 - Exploração do Patrimônio Imobiliário do Estado;156,33;25287
2022;Prefeitura Municipal de Espera Feliz - MG;3124203;MG;DCA-Anexo I-C;Padrão;Receitas Brutas Realizadas;RO1.3.1.1.01.0.0;1.3.1.1.01.0.0 - Aluguéis, Arrendamentos, Foros, Laudêmios, Tarifas de Ocupação;57705,13;25287
2022;Prefeitura Municipal de Espera Feliz - MG;3124203;MG;DCA-Anexo I-C;Padrão;Outras Deduções da Receita;RO1.3.1.1.01.0.0;1.3.1.1.01.0.0 - Aluguéis, Arrendamentos, Foros, Laudêmios, Tarifas de Ocupação;156,33;25287
2022;Prefeitura Municipal de Espera Feliz - MG;3124203;MG;DCA-Anexo I-C;Padrão;Receitas Brutas Realizadas;RO1.3.1.1.01.1.0;1.3.1.1.01.1.0 - Aluguéis e Arrendamentos;57705,13;25287
2022;Prefeitura Municipal de Espera Feliz - MG;3124203;MG;DCA-Anexo I-C;Padrão;Outras Deduções da Receita;RO1.3.1.1.01.1.0;1.3.1.1.01.1.0 - Aluguéis e Arrendamentos;156,33;25287
2022;Prefeitura Municipal de Espera Feliz - MG;3124203;MG;DCA-Anexo I-C;Padrão;Receitas Brutas Realizadas;RO1.3.2.0.00.0.0;1.3.2.0.00.0.0 - Valores Mobiliários;1955202,66;25287
2022;Prefeitura Municipal de Espera Feliz - MG;3124203;MG;DCA-Anexo I-C;Padrão;Receitas Brutas Realizadas;RO1.3.2.1.00.0.0;1.3.2.1.00.0.0 - Juros e Correções Monetárias;1955202,66;25287
2022;Prefeitura Municipal de Espera Feliz - MG;3124203;MG;DCA-Anexo I-C;Padrão;Receitas Brutas Realizadas;RO1.3.2.1.01.0.0;1.3.2.1.01.0.0 - Remuneração de Depósitos Bancários;1955202,66;25287
2022;Prefeitura Municipal de Espera Feliz - MG;3124203;MG;DCA-Anexo I-C;Padrão;Receitas Brutas Realizadas;RO1.3.6.0.00.0.0;1.3.6.0.00.0.0 - Cessão de Direitos;173511,43;25287
2022;Prefeitura Municipal de Espera Feliz - MG;3124203;MG;DCA-Anexo I-C;Padrão;Receitas Brutas Realizadas;RO1.3.6.1.00.0.0;1.3.6.1.00.0.0 - Cessão de Direitos;173511,43;25287
2022;Prefeitura Municipal de Espera Feliz - MG;3124203;MG;DCA-Anexo I-C;Padrão;Receitas Brutas Realizadas;RO1.3.6.1.01.0.0;1.3.6.1.01.0.0 - Cessão do Direito de Operacionalização de Pagamentos;173511,43;25287
2022;Prefeitura Municipal de Espera Feliz - MG;3124203;MG;DCA-Anexo I-C;Padrão;Receitas Brutas Realizadas;RO1.3.6.1.01.1.0;1.3.6.1.01.1.0 - Cessão do Direito de Operacionalização de Pagamentos - Poderes Executivo e Legislativo;173511,43;25287
2022;Prefeitura Municipal de Espera Feliz - MG;3124203;MG;DCA-Anexo I-C;Padrão;Receitas Brutas Realizadas;RO1.6.0.0.00.0.0;1.6.0.0.00.0.0 - Receita de Serviços;108160,92;25287
2022;Prefeitura Municipal de Espera Feliz - MG;3124203;MG;DCA-Anexo I-C;Padrão;Receitas Brutas Realizadas;RO1.6.1.0.00.0.0;1.6.1.0.00.0.0 - Serviços Administrativos e Comerciais Gerais;63225,87;25287
2022;Prefeitura Municipal de Espera Feliz - MG;3124203;MG;DCA-Anexo I-C;Padrão;Receitas Brutas Realizadas;RO1.6.1.1.00.0.0;1.6.1.1.00.0.0 - Serviços Administrativos e Comerciais Gerais;63225,87;25287
2022;Prefeitura Municipal de Espera Feliz - MG;3124203;MG;DCA-Anexo I-C;Padrão;Receitas Brutas Realizadas;RO1.6.1.1.01.0.0;1.6.1.1.01.0.0 - Serviços Administrativos e Comerciais Gerais;63225,87;25287
2022;Prefeitura Municipal de Espera Feliz - MG;3124203;MG;DCA-Anexo I-C;Padrão;Receitas Brutas Realizadas;RO1.6.3.0.00.0.0;1.6.3.0.00.0.0 - Serviços e Atividades Referentes à Saúde;28428,95;25287
2022;Prefeitura Municipal de Espera Feliz - MG;3124203;MG;DCA-Anexo I-C;Padrão;Receitas Brutas Realizadas;RO1.6.3.1.00.0.0;1.6.3.1.00.0.0 - Serviços de Atendimento à Saúde;28428,95;25287
2022;Prefeitura Municipal de Espera Feliz - MG;3124203;MG;DCA-Anexo I-C;Padrão;Receitas Brutas Realizadas;RO1.6.3.1.99.0.0;1.6.3.1.99.0.0 - Outros Serviços de Atendimento à Saúde;28428,95;25287
2022;Prefeitura Municipal de Espera Feliz - MG;3124203;MG;DCA-Anexo I-C;Padrão;Receitas Brutas Realizadas;RO1.6.9.0.00.0.0;1.6.9.0.00.0.0 - Outros Serviços;16506,10;25287
2022;Prefeitura Municipal de Espera Feliz - MG;3124203;MG;DCA-Anexo I-C;Padrão;Receitas Brutas Realizadas;RO1.7.0.0.00.0.0;1.7.0.0.00.0.0 - Transferências Correntes;78496946,04;25287
2022;Prefeitura Municipal de Espera Feliz - MG;3124203;MG;DCA-Anexo I-C;Padrão;Deduções - FUNDEB;RO1.7.0.0.00.0.0;1.7.0.0.00.0.0 - Transferências Correntes;9116471,27;25287
2022;Prefeitura Municipal de Espera Feliz - MG;3124203;MG;DCA-Anexo I-C;Padrão;Receitas Brutas Realizadas;RO1.7.1.0.00.0.0;1.7.1.0.00.0.0 - Transferências da União e de suas Entidades;46539481,98;25287
2022;Prefeitura Municipal de Espera Feliz - MG;3124203;MG;DCA-Anexo I-C;Padrão;Deduções - FUNDEB;RO1.7.1.0.00.0.0;1.7.1.0.00.0.0 - Transferências da União e de suas Entidades;6607187,82;25287
2022;Prefeitura Municipal de Espera Feliz - MG;3124203;MG;DCA-Anexo I-C;Padrão;Receitas Brutas Realizadas;RO1.7.1.1.00.0.0;1.7.1.1.00.0.0 - Transferências Decorrentes de Participação na Receita da União;36014311,48;25287
2022;Prefeitura Municipal de Espera Feliz - MG;3124203;MG;DCA-Anexo I-C;Padrão;Deduções - FUNDEB;RO1.7.1.1.00.0.0;1.7.1.1.00.0.0 - Transferências Decorrentes de Participação na Receita da União;6593466,35;25287
2022;Prefeitura Municipal de Espera Feliz - MG;3124203;MG;DCA-Anexo I-C;Padrão;Receitas Brutas Realizadas;RO1.7.1.1.51.0.0;1.7.1.1.51.0.0 -Cota-Parte do Fundo de Participação dos Municípios - FPM;36004254,47;25287
2022;Prefeitura Municipal de Espera Feliz - MG;3124203;MG;DCA-Anexo I-C;Padrão;Deduções - FUNDEB;RO1.7.1.1.51.0.0;1.7.1.1.51.0.0 -Cota-Parte do Fundo de Participação dos Municípios - FPM;6591455,09;25287
2022;Prefeitura Municipal de Espera Feliz - MG;3124203;MG;DCA-Anexo I-C;Padrão;Receitas Brutas Realizadas;RO1.7.1.1.51.1.0;1.7.1.1.51.1.0 - Cota-Parte do Fundo de Participação dos Municípios - Cota Mensal;32957276,75;25287
2022;Prefeitura Municipal de Espera Feliz - MG;3124203;MG;DCA-Anexo I-C;Padrão;Deduções - FUNDEB;RO1.7.1.1.51.1.0;1.7.1.1.51.1.0 - Cota-Parte do Fundo de Participação dos Municípios - Cota Mensal;6591455,09;25287
2022;Prefeitura Municipal de Espera Feliz - MG;3124203;MG;DCA-Anexo I-C;Padrão;Receitas Brutas Realizadas;RO1.7.1.1.51.2.0;1.7.1.1.51.2.0 - Cota-Parte do Fundo de Participação do Municípios ¿ 1% Cota entregue no mês de dezembro;1691081,99;25287
2022;Prefeitura Municipal de Espera Feliz - MG;3124203;MG;DCA-Anexo I-C;Padrão;Receitas Brutas Realizadas;RO1.7.1.1.51.3.0;1.7.1.1.51.3.0 - Cota-Parte do Fundo de Participação dos Municípios - 1% Cota entregue no mês de julho;1355895,73;25287
2022;Prefeitura Municipal de Espera Feliz - MG;3124203;MG;DCA-Anexo I-C;Padrão;Receitas Brutas Realizadas;RO1.7.1.1.52.0.0;1.7.1.1.52.0.0 - Cota-Parte do Imposto Sobre a Propriedade Territorial Rural;10057,01;25287
2022;Prefeitura Municipal de Espera Feliz - MG;3124203;MG;DCA-Anexo I-C;Padrão;Deduções - FUNDEB;RO1.7.1.1.52.0.0;1.7.1.1.52.0.0 - Cota-Parte do Imposto Sobre a Propriedade Territorial Rural;2011,26;25287
2022;Prefeitura Municipal de Espera Feliz - MG;3124203;MG;DCA-Anexo I-C;Padrão;Receitas Brutas Realizadas;RO1.7.1.2.00.0.0;1.7.1.2.00.0.0 -Transferências das Compensações Financeiras pela Exploração de Recursos Naturais;1210315,10;25287
2022;Prefeitura Municipal de Espera Feliz - MG;3124203;MG;DCA-Anexo I-C;Padrão;Receitas Brutas Realizadas;RO1.7.1.2.52.0.0;1.7.1.2.52.0.0 - Cota-parte da Compensação Financeira pela Produção de Petróleo;797819,94;25287
2022;Prefeitura Municipal de Espera Feliz - MG;3124203;MG;DCA-Anexo I-C;Padrão;Receitas Brutas Realizadas;RO1.7.1.2.52.4.0;1.7.1.2.52.4.0 - Cota-Parte do Fundo Especial do Petróleo ¿ FEP;797819,94;25287
2022;Prefeitura Municipal de Espera Feliz - MG;3124203;MG;DCA-Anexo I-C;Padrão;Receitas Brutas Realizadas;RO1.7.1.2.99.0.0;1.7.1.2.99.0.0 - Outras Transferências decorrentes de Compensação Financeira pela Exploração de Recursos Naturais ;412495,16;25287
2022;Prefeitura Municipal de Espera Feliz - MG;3124203;MG;DCA-Anexo I-C;Padrão;Receitas Brutas Realizadas;RO1.7.1.3.00.0.0;1.7.1.3.00.0.0 -Transferências de Recursos do Sistema Único de Saúde ¿ SUS ;6750129,46;25287
2022;Prefeitura Municipal de Espera Feliz - MG;3124203;MG;DCA-Anexo I-C;Padrão;Receitas Brutas Realizadas;RO1.7.1.3.50.0.0;1.7.1.3.50.0.0 - Transferências de Recursos do Sistema Único de Saúde ¿ SUS ¿ Repasses Fundo a Fundo - Bloco de Manutenção das Ações e Serviços Públicos de Saúde;6750129,46;25287
2022;Prefeitura Municipal de Espera Feliz - MG;3124203;MG;DCA-Anexo I-C;Padrão;Receitas Brutas Realizadas;RO1.7.1.3.50.1.0;1.7.1.3.50.1.0 - Transferências de Recursos do Bloco de Manutenção das Ações e Serviços Públicos de Saúde ¿ Atenção Primária;5877638,78;25287
2022;Prefeitura Municipal de Espera Feliz - MG;3124203;MG;DCA-Anexo I-C;Padrão;Receitas Brutas Realizadas;RO1.7.1.3.50.2.0;1.7.1.3.50.2.0 - Transferências de Recursos do Bloco de Manutenção das Ações e Serviços Públicos de Saúde ¿ Atenção Especializada;311355,00;25287
2022;Prefeitura Municipal de Espera Feliz - MG;3124203;MG;DCA-Anexo I-C;Padrão;Receitas Brutas Realizadas;RO1.7.1.3.50.3.0;1.7.1.3.50.3.0 - Transferências de Recursos do Bloco de Manutenção das Ações e Serviços Públicos de Saúde ¿ Vigilância em Saúde;291734,27;25287
2022;Prefeitura Municipal de Espera Feliz - MG;3124203;MG;DCA-Anexo I-C;Padrão;Receitas Brutas Realizadas;RO1.7.1.3.50.4.0;1.7.1.3.50.4.0 -Transferências de Recursos do Bloco de Manutenção das Ações e Serviços Públicos de Saúde ¿ Assistência Farmacêutica;192158,05;25287
2022;Prefeitura Municipal de Espera Feliz - MG;3124203;MG;DCA-Anexo I-C;Padrão;Receitas Brutas Realizadas;RO1.7.1.3.50.5.0;1.7.1.3.50.5.0 - Transferências de Recursos do Bloco de Manutenção das Ações e Serviços Públicos de Saúde ¿ Gestão do SUS;77243,36;25287
2022;Prefeitura Municipal de Espera Feliz - MG;3124203;MG;DCA-Anexo I-C;Padrão;Receitas Brutas Realizadas;RO1.7.1.4.00.0.0;1.7.1.4.00.0.0 -Transferências de Recursos do Fundo Nacional do Desenvolvimento da Educação ¿ FNDE¿ ;857608,99;25287
2022;Prefeitura Municipal de Espera Feliz - MG;3124203;MG;DCA-Anexo I-C;Padrão;Receitas Brutas Realizadas;RO1.7.1.4.50.0.0;1.7.1.4.50.0.0 - Transferências do Salário-Educação;721830,73;25287
2022;Prefeitura Municipal de Espera Feliz - MG;3124203;MG;DCA-Anexo I-C;Padrão;Receitas Brutas Realizadas;RO1.7.1.4.51.0.0;1.7.1.4.51.0.0 - Transferências Diretas do FNDE referentes ao Programa Dinheiro Direto na Escola ¿ PDDE;6100,00;25287
2022;Prefeitura Municipal de Espera Feliz - MG;3124203;MG;DCA-Anexo I-C;Padrão;Receitas Brutas Realizadas;RO1.7.1.4.52.0.0;1.7.1.4.52.0.0 - Transferências referentes ao Programa Nacional de Alimentação Escolar ¿ PNAE;51381,90;25287
2022;Prefeitura Municipal de Espera Feliz - MG;3124203;MG;DCA-Anexo I-C;Padrão;Receitas Brutas Realizadas;RO1.7.1.4.53.0.0;1.7.1.4.53.0.0 - Transferências referentes ao Programa Nacional de Apoio ao Transporte do Escolar ¿ PNATE;78296,36;25287
2022;Prefeitura Municipal de Espera Feliz - MG;3124203;MG;DCA-Anexo I-C;Padrão;Receitas Brutas Realizadas;RO1.7.1.6.00.0.0;1.7.1.6.00.0.0 - Transferências de Recursos do Fundo Nacional de Assistência Social ¿ FNAS;297676,48;25287
2022;Prefeitura Municipal de Espera Feliz - MG;3124203;MG;DCA-Anexo I-C;Padrão;Receitas Brutas Realizadas;RO1.7.1.9.00.0.0;1.7.1.9.00.0.0 - Outras Transferências de Recursos da União e de suas Entidades;1409440,47;25287
2022;Prefeitura Municipal de Espera Feliz - MG;3124203;MG;DCA-Anexo I-C;Padrão;Deduções - FUNDEB;RO1.7.1.9.00.0.0;1.7.1.9.00.0.0 - Outras Transferências de Recursos da União e de suas Entidades;13721,47;25287
2022;Prefeitura Municipal de Espera Feliz - MG;3124203;MG;DCA-Anexo I-C;Padrão;Receitas Brutas Realizadas;RO1.7.1.9.57.0.0;1.7.1.9.57.0.0 - Transferência Especial da União;1200000,00;25287
2022;Prefeitura Municipal de Espera Feliz - MG;3124203;MG;DCA-Anexo I-C;Padrão;Receitas Brutas Realizadas;RO1.7.1.9.58.0.0;1.7.1.9.58.0.0 - Transferência Obrigatória Decorrente da Lei Complementar nº 176/2020;69911,63;25287
2022;Prefeitura Municipal de Espera Feliz - MG;3124203;MG;DCA-Anexo I-C;Padrão;Receitas Brutas Realizadas;RO1.7.1.9.99.0.0;1.7.1.9.99.0.0 - Outras Transferências de Recursos da União e de suas Entidades;139528,84;25287
2022;Prefeitura Municipal de Espera Feliz - MG;3124203;MG;DCA-Anexo I-C;Padrão;Deduções - FUNDEB;RO1.7.1.9.99.0.0;1.7.1.9.99.0.0 - Outras Transferências de Recursos da União e de suas Entidades;13721,47;25287
2022;Prefeitura Municipal de Espera Feliz - MG;3124203;MG;DCA-Anexo I-C;Padrão;Receitas Brutas Realizadas;RO1.7.2.0.00.0.0;1.7.2.0.00.0.0 - Transferências dos Estados e do Distrito Federal e de suas Entidades;20483679,98;25287
2022;Prefeitura Municipal de Espera Feliz - MG;3124203;MG;DCA-Anexo I-C;Padrão;Deduções - FUNDEB;RO1.7.2.0.00.0.0;1.7.2.0.00.0.0 - Transferências dos Estados e do Distrito Federal e de suas Entidades;2509283,45;25287
2022;Prefeitura Municipal de Espera Feliz - MG;3124203;MG;DCA-Anexo I-C;Padrão;Receitas Brutas Realizadas;RO1.7.2.1.00.0.0;1.7.2.1.00.0.0 - Participação na Receita dos Estados e Distrito Federal;12570602,28;25287
2022;Prefeitura Municipal de Espera Feliz - MG;3124203;MG;DCA-Anexo I-C;Padrão;Deduções - FUNDEB;RO1.7.2.1.00.0.0;1.7.2.1.00.0.0 - Participação na Receita dos Estados e Distrito Federal;2509283,45;25287
2022;Prefeitura Municipal de Espera Feliz - MG;3124203;MG;DCA-Anexo I-C;Padrão;Receitas Brutas Realizadas;RO1.7.2.1.50.0.0;1.7.2.1.50.0.0 - Cota-Parte do ICMS;9418437,18;25287
2022;Prefeitura Municipal de Espera Feliz - MG;3124203;MG;DCA-Anexo I-C;Padrão;Deduções - FUNDEB;RO1.7.2.1.50.0.0;1.7.2.1.50.0.0 - Cota-Parte do ICMS;1883687,12;25287
2022;Prefeitura Municipal de Espera Feliz - MG;3124203;MG;DCA-Anexo I-C;Padrão;Receitas Brutas Realizadas;RO1.7.2.1.51.0.0;1.7.2.1.51.0.0 - Cota-Parte do IPVA;3023141,89;25287
2022;Prefeitura Municipal de Espera Feliz - MG;3124203;MG;DCA-Anexo I-C;Padrão;Deduções - FUNDEB;RO1.7.2.1.51.0.0;1.7.2.1.51.0.0 - Cota-Parte do IPVA;604627,16;25287
2022;Prefeitura Municipal de Espera Feliz - MG;3124203;MG;DCA-Anexo I-C;Padrão;Receitas Brutas Realizadas;RO1.7.2.1.52.0.0;1.7.2.1.52.0.0 - Cota-Parte do IPI - Municípios;104845,74;25287
2022;Prefeitura Municipal de Espera Feliz - MG;3124203;MG;DCA-Anexo I-C;Padrão;Deduções - FUNDEB;RO1.7.2.1.52.0.0;1.7.2.1.52.0.0 - Cota-Parte do IPI - Municípios;20969,17;25287
2022;Prefeitura Municipal de Espera Feliz - MG;3124203;MG;DCA-Anexo I-C;Padrão;Receitas Brutas Realizadas;RO1.7.2.1.53.0.0;1.7.2.1.53.0.0 - Cota-Parte da Contribuição de Intervenção no Domínio Econômico;24177,47;25287
2022;Prefeitura Municipal de Espera Feliz - MG;3124203;MG;DCA-Anexo I-C;Padrão;Receitas Brutas Realizadas;RO1.7.2.2.00.0.0;1.7.2.2.00.0.0 - Transferências das Compensações Financeiras pela Exploração de Recursos Naturais;47232,66;25287
2022;Prefeitura Municipal de Espera Feliz - MG;3124203;MG;DCA-Anexo I-C;Padrão;Receitas Brutas Realizadas;RO1.7.2.2.51.0.0;1.7.2.2.51.0.0 - Cota-parte da Compensação Financeira de Recursos Minerais - CFEM;47232,66;25287
2022;Prefeitura Municipal de Espera Feliz - MG;3124203;MG;DCA-Anexo I-C;Padrão;Receitas Brutas Realizadas;RO1.7.2.3.00.0.0;1.7.2.3.00.0.0 - Transferências de Recursos do Sistema Único de Saúde ¿ SUS;3334587,18;25287
2022;Prefeitura Municipal de Espera Feliz - MG;3124203;MG;DCA-Anexo I-C;Padrão;Receitas Brutas Realizadas;RO1.7.2.4.00.0.0;1.7.2.4.00.0.0 - Transferências de Convênios dos Estados e DF e de Suas Entidades;540143,55;25287
2022;Prefeitura Municipal de Espera Feliz - MG;3124203;MG;DCA-Anexo I-C;Padrão;Receitas Brutas Realizadas;RO1.7.2.4.51.0.0;1.7.2.4.51.0.0 -Transferências de Convênios dos Estados Destinadas a Programas de Educação;540143,55;25287
2022;Prefeitura Municipal de Espera Feliz - MG;3124203;MG;DCA-Anexo I-C;Padrão;Receitas Brutas Realizadas;RO1.7.2.9.00.0.0;1.7.2.9.00.0.0 - Outras Transferências dos Estados e Distrito Federal;3991114,31;25287
2022;Prefeitura Municipal de Espera Feliz - MG;3124203;MG;DCA-Anexo I-C;Padrão;Receitas Brutas Realizadas;RO1.7.2.9.51.0.0;1.7.2.9.51.0.0 - Transferências de Estados destinadas à Assistência Social;346059,14;25287
2022;Prefeitura Municipal de Espera Feliz - MG;3124203;MG;DCA-Anexo I-C;Padrão;Receitas Brutas Realizadas;RO1.7.2.9.52.0.0;1.7.2.9.52.0.0 - Transferências de Recursos Destinados a Programas de Educação;1039890,76;25287
2022;Prefeitura Municipal de Espera Feliz - MG;3124203;MG;DCA-Anexo I-C;Padrão;Receitas Brutas Realizadas;RO1.7.2.9.99.0.0;1.7.2.9.99.0.0 - Outras Transferências dos Estados e DF;2605164,41;25287
2022;Prefeitura Municipal de Espera Feliz - MG;3124203;MG;DCA-Anexo I-C;Padrão;Receitas Brutas Realizadas;RO1.7.5.0.00.0.0;1.7.5.0.00.0.0 - Transferências de Outras Instituições Públicas;11473784,08;25287
2022;Prefeitura Municipal de Espera Feliz - MG;3124203;MG;DCA-Anexo I-C;Padrão;Receitas Brutas Realizadas;RO1.7.5.1.00.0.0;1.7.5.1.00.0.0 - Transferências de Recursos do Fundo de Manutenção e Desenvolvimento da Educação Básica e de Valorização dos Profissionais da Educação - FUNDEB;11473784,08;25287
2022;Prefeitura Municipal de Espera Feliz - MG;3124203;MG;DCA-Anexo I-C;Padrão;Receitas Brutas Realizadas;RO1.9.0.0.00.0.0;1.9.0.0.00.0.0 - Outras Receitas Correntes;101841,50;25287
2022;Prefeitura Municipal de Espera Feliz - MG;3124203;MG;DCA-Anexo I-C;Padrão;Receitas Brutas Realizadas;RO1.9.2.0.00.0.0;1.9.2.0.00.0.0 - Indenizações, Restituições e Ressarcimentos;39157,60;25287
2022;Prefeitura Municipal de Espera Feliz - MG;3124203;MG;DCA-Anexo I-C;Padrão;Receitas Brutas Realizadas;RO1.9.2.2.00.0.0;1.9.2.2.00.0.0 - Restituições;39157,60;25287
2022;Prefeitura Municipal de Espera Feliz - MG;3124203;MG;DCA-Anexo I-C;Padrão;Receitas Brutas Realizadas;RO1.9.2.2.99.0.0;1.9.2.2.99.0.0 - Outras Restituições;39157,60;25287
2022;Prefeitura Municipal de Espera Feliz - MG;3124203;MG;DCA-Anexo I-C;Padrão;Receitas Brutas Realizadas;RO1.9.9.0.00.0.0;1.9.9.0.00.0.0 - Demais Receitas Correntes;62683,90;25287
2022;Prefeitura Municipal de Espera Feliz - MG;3124203;MG;DCA-Anexo I-C;Padrão;Receitas Brutas Realizadas;RO1.9.9.9.00.0.0;1.9.9.9.00.0.0 - Outras Receitas Correntes;62683,90;25287
2022;Prefeitura Municipal de Espera Feliz - MG;3124203;MG;DCA-Anexo I-C;Padrão;Receitas Brutas Realizadas;RO1.9.9.9.03.0.0;1.9.9.9.03.0.0 - Compensações Financeiras entre o Regime Geral e os Regimes Próprios de Previdência e Sistema de Proteção Social;49930,62;25287
2022;Prefeitura Municipal de Espera Feliz - MG;3124203;MG;DCA-Anexo I-C;Padrão;Receitas Brutas Realizadas;RO1.9.9.9.99.0.0;1.9.9.9.99.0.0 - Outras Receitas;12753,28;25287
2022;Prefeitura Municipal de Espera Feliz - MG;3124203;MG;DCA-Anexo I-C;Padrão;Receitas Brutas Realizadas;RO1.9.9.9.99.2.0;1.9.9.9.99.2.0 - Outras Receitas Não Arrecadadas e Não Projetadas pela RFB - Primárias;12753,28;25287
2022;Prefeitura Municipal de Espera Feliz - MG;3124203;MG;DCA-Anexo I-C;Padrão;Receitas Brutas Realizadas;RO2.0.0.0.00.0.0;2.0.0.0.00.0.0 - Receitas de Capital;9668919,36;25287
2022;Prefeitura Municipal de Espera Feliz - MG;3124203;MG;DCA-Anexo I-C;Padrão;Receitas Brutas Realizadas;RO2.1.0.0.00.0.0;2.1.0.0.00.0.0 - Operações de Crédito;1270399,00;25287
2022;Prefeitura Municipal de Espera Feliz - MG;3124203;MG;DCA-Anexo I-C;Padrão;Receitas Brutas Realizadas;RO2.1.1.0.00.0.0;2.1.1.0.00.0.0 - Operações de Crédito - Mercado Interno;1270399,00;25287
2022;Prefeitura Municipal de Espera Feliz - MG;3124203;MG;DCA-Anexo I-C;Padrão;Receitas Brutas Realizadas;RO2.1.1.2.00.0.0;2.1.1.2.00.0.0 - Operações de Crédito Contratuais - Mercado Interno;1270399,00;25287
2022;Prefeitura Municipal de Espera Feliz - MG;3124203;MG;DCA-Anexo I-C;Padrão;Receitas Brutas Realizadas;RO2.1.1.2.01.0.0;2.1.1.2.01.0.0 - Operações de Crédito Contratuais - Mercado Interno;1270399,00;25287
2022;Prefeitura Municipal de Espera Feliz - MG;3124203;MG;DCA-Anexo I-C;Padrão;Receitas Brutas Realizadas;RO2.2.0.0.00.0.0;2.2.0.0.00.0.0 - Alienação de Bens;99000,00;25287
2022;Prefeitura Municipal de Espera Feliz - MG;3124203;MG;DCA-Anexo I-C;Padrão;Receitas Brutas Realizadas;RO2.2.1.0.00.0.0;2.2.1.0.00.0.0 - Alienação de Bens Móveis;99000,00;25287
2022;Prefeitura Municipal de Espera Feliz - MG;3124203;MG;DCA-Anexo I-C;Padrão;Receitas Brutas Realizadas;RO2.2.1.3.00.0.0;2.2.1.3.00.0.0 - Alienação de Bens Móveis e Semoventes;99000,00;25287
2022;Prefeitura Municipal de Espera Feliz - MG;3124203;MG;DCA-Anexo I-C;Padrão;Receitas Brutas Realizadas;RO2.4.0.0.00.0.0;2.4.0.0.00.0.0 - Transferências de Capital;8299520,36;25287
2022;Prefeitura Municipal de Espera Feliz - MG;3124203;MG;DCA-Anexo I-C;Padrão;Receitas Brutas Realizadas;RO2.4.1.0.00.0.0;2.4.1.0.00.0.0 - Transferências da União e de suas Entidades;736741,36;25287
2022;Prefeitura Municipal de Espera Feliz - MG;3124203;MG;DCA-Anexo I-C;Padrão;Receitas Brutas Realizadas;RO2.4.1.1.00.0.0;2.4.1.1.00.0.0 - Transferências de Recursos do Sistema Único de Saúde - SUS;224869,00;25287
2022;Prefeitura Municipal de Espera Feliz - MG;3124203;MG;DCA-Anexo I-C;Padrão;Receitas Brutas Realizadas;RO2.4.1.1.51.0.0;2.4.1.1.51.0.0 - Transferências de Recursos do Sistema Único de Saúde ¿ SUS - Fundo a Fundo - Bloco de Estruturação da Rede de Serviços Públicos de Saúde;224869,00;25287
2022;Prefeitura Municipal de Espera Feliz - MG;3124203;MG;DCA-Anexo I-C;Padrão;Receitas Brutas Realizadas;RO2.4.1.1.51.1.0;2.4.1.1.51.1.0 - Transferências de Recursos do Bloco de Estruturação da Rede de Serviços Públicos de Saúde - Atenção Primária;224869,00;25287
2022;Prefeitura Municipal de Espera Feliz - MG;3124203;MG;DCA-Anexo I-C;Padrão;Receitas Brutas Realizadas;RO2.4.1.4.00.0.0;2.4.1.4.00.0.0 - Transferências de Convênios da União e de suas Entidades ;511872,36;25287
2022;Prefeitura Municipal de Espera Feliz - MG;3124203;MG;DCA-Anexo I-C;Padrão;Receitas Brutas Realizadas;RO2.4.1.4.99.0.0;2.4.1.4.99.0.0 - Outras Transferências de Convênios da União e de Suas Entidades;511872,36;25287
2022;Prefeitura Municipal de Espera Feliz - MG;3124203;MG;DCA-Anexo I-C;Padrão;Receitas Brutas Realizadas;RO2.4.2.0.00.0.0;2.4.2.0.00.0.0 - Transferências dos Estados e do Distrito Federal e de suas Entidades;7562779,00;25287
2022;Prefeitura Municipal de Espera Feliz - MG;3124203;MG;DCA-Anexo I-C;Padrão;Receitas Brutas Realizadas;RO2.4.2.1.00.0.0;2.4.2.1.00.0.0 - Transferências de Recursos do Sistema Único de Saúde ¿ SUS dos Estados e DF;2025167,05;25287
2022;Prefeitura Municipal de Espera Feliz - MG;3124203;MG;DCA-Anexo I-C;Padrão;Receitas Brutas Realizadas;RO2.4.2.1.50.0.0;2.4.2.1.50.0.0 - Transferências de Recursos do Sistema Único de Saúde ¿ SUS;2025167,05;25287
2022;Prefeitura Municipal de Espera Feliz - MG;3124203;MG;DCA-Anexo I-C;Padrão;Receitas Brutas Realizadas;RO2.4.2.2.00.0.0;2.4.2.2.00.0.0 - Transferências de Convênios dos Estados e DF e de Suas Entidades ;4637611,95;25287
2022;Prefeitura Municipal de Espera Feliz - MG;3124203;MG;DCA-Anexo I-C;Padrão;Receitas Brutas Realizadas;RO2.4.2.2.51.0.0;2.4.2.2.51.0.0 - Transferências de Convênios dos Estados destinadas a Programas de Educação;3401711,32;25287
2022;Prefeitura Municipal de Espera Feliz - MG;3124203;MG;DCA-Anexo I-C;Padrão;Receitas Brutas Realizadas;RO2.4.2.2.99.0.0;2.4.2.2.99.0.0 - Outras Transferências de Convênio dos Estados e DF e de Suas Entidades;1235900,63;25287
2022;Prefeitura Municipal de Espera Feliz - MG;3124203;MG;DCA-Anexo I-C;Padrão;Receitas Brutas Realizadas;RO2.4.2.9.00.0.0;2.4.2.9.00.0.0 - Outras Transferências de Recursos dos Estados;900000,00;25287
2022;Prefeitura Municipal de Espera Feliz - MG;3124203;MG;DCA-Anexo I-C;Padrão;Receitas Brutas Realizadas;RO2.4.2.9.99.0.0;2.4.2.9.99.0.0 - Outras Transferências de Recursos dos Estados;900000,00;25287
2022;Prefeitura Municipal de Espera Feliz - MG;3124203;MG;DCA-Anexo I-C;Padrão;Receitas Brutas Realizadas;ReceitasIntraOrcamentarias;RECEITAS (INTRA-ORÇAMENTÁRIAS) (II);4058673,42;25287
2022;Prefeitura Municipal de Espera Feliz - MG;3124203;MG;DCA-Anexo I-C;Padrão;Receitas Brutas Realizadas;RI7.0.0.0.00.0.0;7.0.0.0.00.0.0 - Receitas Correntes;4058673,42;25287
2022;Prefeitura Municipal de Espera Feliz - MG;3124203;MG;DCA-Anexo I-C;Padrão;Receitas Brutas Realizadas;RI7.2.0.0.00.0.0;7.2.0.0.00.0.0 - Contribuições;3724812,13;25287
2022;Prefeitura Municipal de Espera Feliz - MG;3124203;MG;DCA-Anexo I-C;Padrão;Receitas Brutas Realizadas;RI7.2.1.0.00.0.0;7.2.1.0.00.0.0 - Contribuições Sociais;3724812,13;25287
2022;Prefeitura Municipal de Espera Feliz - MG;3124203;MG;DCA-Anexo I-C;Padrão;Receitas Brutas Realizadas;RI7.2.1.5.00.0.0;7.2.1.5.00.0.0 - Contribuições para Regimes Próprios de Previdência e Sistema de Proteção Social;3724812,13;25287
2022;Prefeitura Municipal de Espera Feliz - MG;3124203;MG;DCA-Anexo I-C;Padrão;Receitas Brutas Realizadas;RI7.2.1.5.02.0.0;7.2.1.5.02.0.0 - Contribuição Patronal - Servidor Civil;3516423,58;25287
2022;Prefeitura Municipal de Espera Feliz - MG;3124203;MG;DCA-Anexo I-C;Padrão;Receitas Brutas Realizadas;RI7.2.1.5.02.1.0;7.2.1.5.02.1.0 - Contribuição Patronal - Servidor Civil Ativo;3516423,58;25287
2022;Prefeitura Municipal de Espera Feliz - MG;3124203;MG;DCA-Anexo I-C;Padrão;Receitas Brutas Realizadas;RI7.2.1.5.51.0.0;7.2.1.5.51.0.0 - Contribuição Patronal - Parcelamentos;208388,55;25287
2022;Prefeitura Municipal de Espera Feliz - MG;3124203;MG;DCA-Anexo I-C;Padrão;Receitas Brutas Realizadas;RI7.2.1.5.51.1.0;7.2.1.5.51.1.0 - Contribuição Patronal - Servidor Civil Ativo - Parcelamentos;208388,55;25287
2022;Prefeitura Municipal de Espera Feliz - MG;3124203;MG;DCA-Anexo I-C;Padrão;Receitas Brutas Realizadas;RI7.9.0.0.00.0.0;7.9.0.0.00.0.0 - Outras Receitas Correntes;333861,29;25287
2022;Prefeitura Municipal de Espera Feliz - MG;3124203;MG;DCA-Anexo I-C;Padrão;Receitas Brutas Realizadas;RI7.9.9.0.00.0.0;7.9.9.0.00.0.0 - Demais Receitas Correntes;333861,29;25287
2022;Prefeitura Municipal de Espera Feliz - MG;3124203;MG;DCA-Anexo I-C;Padrão;Receitas Brutas Realizadas;RI7.9.9.9.00.0.0;7.9.9.9.00.0.0 - Outras Receitas Correntes;333861,29;25287
2022;Prefeitura Municipal de Espera Feliz - MG;3124203;MG;DCA-Anexo I-C;Padrão;Receitas Brutas Realizadas;RI7.9.9.9.01.0.0;7.9.9.9.01.0.0 - Aportes Periódicos para Amortização de Déficit Atuarial do Regimes Próprios de Previdência e Sistema de Proteção Social;333861,29;25287
2022;Prefeitura Municipal de Espera Feliz - MG;3124203;MG;DCA-Anexo I-C;Padrão;Receitas Brutas Realizadas;TotalReceitas;TOTAL DAS RECEITAS (III) = (I + II);104927915,58;25287
2022;Prefeitura Municipal de Espera Feliz - MG;3124203;MG;DCA-Anexo I-C;Padrão;Deduções - FUNDEB;TotalReceitas;TOTAL DAS RECEITAS (III) = (I + II);9116471,27;25287
2022;Prefeitura Municipal de Espera Feliz - MG;3124203;MG;DCA-Anexo I-C;Padrão;Outras Deduções da Receita;TotalReceitas;TOTAL DAS RECEITAS (III) = (I + II);29040,90;25287
2023;Prefeitura Municipal de Espera Feliz - MG;3124203;MG;DCA-Anexo I-C;Padrão;Receitas Brutas Realizadas;ReceitasExcetoIntraOrcamentarias;RECEITAS (EXCETO INTRA-ORÇAMENTÁRIAS) (I);109311602,49;25287
2023;Prefeitura Municipal de Espera Feliz - MG;3124203;MG;DCA-Anexo I-C;Padrão;Deduções - FUNDEB;ReceitasExcetoIntraOrcamentarias;RECEITAS (EXCETO INTRA-ORÇAMENTÁRIAS) (I);9431048,22;25287
2023;Prefeitura Municipal de Espera Feliz - MG;3124203;MG;DCA-Anexo I-C;Padrão;Outras Deduções da Receita;ReceitasExcetoIntraOrcamentarias;RECEITAS (EXCETO INTRA-ORÇAMENTÁRIAS) (I);204531,51;25287
2023;Prefeitura Municipal de Espera Feliz - MG;3124203;MG;DCA-Anexo I-C;Padrão;Receitas Brutas Realizadas;RO1.0.0.0.00.0.0;1.0.0.0.00.0.0 - Receitas Correntes;100348902,80;25287
2023;Prefeitura Municipal de Espera Feliz - MG;3124203;MG;DCA-Anexo I-C;Padrão;Deduções - FUNDEB;RO1.0.0.0.00.0.0;1.0.0.0.00.0.0 - Receitas Correntes;9431048,22;25287
2023;Prefeitura Municipal de Espera Feliz - MG;3124203;MG;DCA-Anexo I-C;Padrão;Outras Deduções da Receita;RO1.0.0.0.00.0.0;1.0.0.0.00.0.0 - Receitas Correntes;204531,51;25287
2023;Prefeitura Municipal de Espera Feliz - MG;3124203;MG;DCA-Anexo I-C;Padrão;Receitas Brutas Realizadas;RO1.1.0.0.00.0.0;1.1.0.0.00.0.0 - Impostos, Taxas e Contribuições de Melhoria;7512359,58;25287
2023;Prefeitura Municipal de Espera Feliz - MG;3124203;MG;DCA-Anexo I-C;Padrão;Outras Deduções da Receita;RO1.1.0.0.00.0.0;1.1.0.0.00.0.0 - Impostos, Taxas e Contribuições de Melhoria;9934,76;25287
2023;Prefeitura Municipal de Espera Feliz - MG;3124203;MG;DCA-Anexo I-C;Padrão;Receitas Brutas Realizadas;RO1.1.1.0.00.0.0;1.1.1.0.00.0.0 - Impostos;6482545,76;25287
2023;Prefeitura Municipal de Espera Feliz - MG;3124203;MG;DCA-Anexo I-C;Padrão;Outras Deduções da Receita;RO1.1.1.0.00.0.0;1.1.1.0.00.0.0 - Impostos;9000,00;25287
2023;Prefeitura Municipal de Espera Feliz - MG;3124203;MG;DCA-Anexo I-C;Padrão;Receitas Brutas Realizadas;RO1.1.1.2.00.0.0;1.1.1.2.00.0.0 - Impostos sobre o Patrimônio;2227140,55;25287
2023;Prefeitura Municipal de Espera Feliz - MG;3124203;MG;DCA-Anexo I-C;Padrão;Outras Deduções da Receita;RO1.1.1.2.00.0.0;1.1.1.2.00.0.0 - Impostos sobre o Patrimônio;9000,00;25287
2023;Prefeitura Municipal de Espera Feliz - MG;3124203;MG;DCA-Anexo I-C;Padrão;Receitas Brutas Realizadas;RO1.1.1.2.50.0.0;1.1.1.2.50.0.0 - Imposto sobre a Propriedade Predial e Territorial Urbana;1372509,77;25287
2023;Prefeitura Municipal de Espera Feliz - MG;3124203;MG;DCA-Anexo I-C;Padrão;Outras Deduções da Receita;RO1.1.1.2.50.0.0;1.1.1.2.50.0.0 - Imposto sobre a Propriedade Predial e Territorial Urbana;1600,00;25287
2023;Prefeitura Municipal de Espera Feliz - MG;3124203;MG;DCA-Anexo I-C;Padrão;Receitas Brutas Realizadas;RO1.1.1.2.53.0.0;"1.1.1.2.53.0.0 - Impostos sobre Transmissão ""Inter Vivos"" de Bens Imóveis e de Direitos Reais sobre Imóveis";854630,78;25287
2023;Prefeitura Municipal de Espera Feliz - MG;3124203;MG;DCA-Anexo I-C;Padrão;Outras Deduções da Receita;RO1.1.1.2.53.0.0;"1.1.1.2.53.0.0 - Impostos sobre Transmissão ""Inter Vivos"" de Bens Imóveis e de Direitos Reais sobre Imóveis";7400,00;25287
2023;Prefeitura Municipal de Espera Feliz - MG;3124203;MG;DCA-Anexo I-C;Padrão;Receitas Brutas Realizadas;RO1.1.1.3.00.0.0;1.1.1.3.00.0.0 - Impostos sobre a Renda e Proventos de Qualquer Natureza;1786191,63;25287
2023;Prefeitura Municipal de Espera Feliz - MG;3124203;MG;DCA-Anexo I-C;Padrão;Receitas Brutas Realizadas;RO1.1.1.3.03.0.0;1.1.1.3.03.0.0 - Imposto sobre a Renda - Retido na Fonte;1786191,63;25287
2023;Prefeitura Municipal de Espera Feliz - MG;3124203;MG;DCA-Anexo I-C;Padrão;Receitas Brutas Realizadas;RO1.1.1.3.03.1.0;1.1.1.3.03.1.0 - Imposto sobre a Renda - Retido na Fonte - Trabalho;1625873,70;25287
2023;Prefeitura Municipal de Espera Feliz - MG;3124203;MG;DCA-Anexo I-C;Padrão;Receitas Brutas Realizadas;RO1.1.1.3.03.4.0;1.1.1.3.03.4.0 - Imposto sobre a Renda - Retido na Fonte - Outros Rendimentos;160317,93;25287
2023;Prefeitura Municipal de Espera Feliz - MG;3124203;MG;DCA-Anexo I-C;Padrão;Receitas Brutas Realizadas;RO1.1.1.4.00.0.0;1.1.1.4.00.0.0 - Impostos sobre a Produção e Circulação de Mercadorias e Serviços;2469213,58;25287
2023;Prefeitura Municipal de Espera Feliz - MG;3124203;MG;DCA-Anexo I-C;Padrão;Receitas Brutas Realizadas;RO1.1.1.4.51.0.0;1.1.1.4.51.0.0 - Impostos sobre Serviços;2469213,58;25287
2023;Prefeitura Municipal de Espera Feliz - MG;3124203;MG;DCA-Anexo I-C;Padrão;Receitas Brutas Realizadas;RO1.1.1.4.51.1.0;1.1.1.4.51.1.0 - Imposto sobre Serviços de Qualquer Natureza - ISSQN;2469213,58;25287
2023;Prefeitura Municipal de Espera Feliz - MG;3124203;MG;DCA-Anexo I-C;Padrão;Receitas Brutas Realizadas;RO1.1.2.0.00.0.0;1.1.2.0.00.0.0 - Taxas;1029813,82;25287
2023;Prefeitura Municipal de Espera Feliz - MG;3124203;MG;DCA-Anexo I-C;Padrão;Outras Deduções da Receita;RO1.1.2.0.00.0.0;1.1.2.0.00.0.0 - Taxas;934,76;25287
2023;Prefeitura Municipal de Espera Feliz - MG;3124203;MG;DCA-Anexo I-C;Padrão;Receitas Brutas Realizadas;RO1.1.2.1.00.0.0;1.1.2.1.00.0.0 - Taxas pelo Exercício do Poder de Polícia;258872,20;25287
2023;Prefeitura Municipal de Espera Feliz - MG;3124203;MG;DCA-Anexo I-C;Padrão;Outras Deduções da Receita;RO1.1.2.1.00.0.0;1.1.2.1.00.0.0 - Taxas pelo Exercício do Poder de Polícia;934,76;25287
2023;Prefeitura Municipal de Espera Feliz - MG;3124203;MG;DCA-Anexo I-C;Padrão;Receitas Brutas Realizadas;RO1.1.2.1.02.0.0;1.1.2.1.02.0.0 - Taxas de Fiscalização das Telecomunicações;217910,66;25287
2023;Prefeitura Municipal de Espera Feliz - MG;3124203;MG;DCA-Anexo I-C;Padrão;Outras Deduções da Receita;RO1.1.2.1.02.0.0;1.1.2.1.02.0.0 - Taxas de Fiscalização das Telecomunicações;934,76;25287
2023;Prefeitura Municipal de Espera Feliz - MG;3124203;MG;DCA-Anexo I-C;Padrão;Receitas Brutas Realizadas;RO1.1.2.1.02.1.0;1.1.2.1.02.1.0 - Taxa de Fiscalização de Instalação - TFI - Não Proveniente da Utilização de Posições Orbitais;217910,66;25287
2023;Prefeitura Municipal de Espera Feliz - MG;3124203;MG;DCA-Anexo I-C;Padrão;Outras Deduções da Receita;RO1.1.2.1.02.1.0;1.1.2.1.02.1.0 - Taxa de Fiscalização de Instalação - TFI - Não Proveniente da Utilização de Posições Orbitais;934,76;25287
2023;Prefeitura Municipal de Espera Feliz - MG;3124203;MG;DCA-Anexo I-C;Padrão;Receitas Brutas Realizadas;RO1.1.2.1.50.0.0;1.1.2.1.50.0.0 - Taxa de Fiscalização de Vigilância Sanitária;40961,54;25287
2023;Prefeitura Municipal de Espera Feliz - MG;3124203;MG;DCA-Anexo I-C;Padrão;Receitas Brutas Realizadas;RO1.1.2.2.00.0.0;1.1.2.2.00.0.0 - Taxas pela Prestação de Serviços;770941,62;25287
2023;Prefeitura Municipal de Espera Feliz - MG;3124203;MG;DCA-Anexo I-C;Padrão;Receitas Brutas Realizadas;RO1.1.2.2.01.0.0;1.1.2.2.01.0.0 - Taxas pela Prestação de Serviços em Geral;770941,62;25287
2023;Prefeitura Municipal de Espera Feliz - MG;3124203;MG;DCA-Anexo I-C;Padrão;Receitas Brutas Realizadas;RO1.2.0.0.00.0.0;1.2.0.0.00.0.0 - Contribuições;4638404,80;25287
2023;Prefeitura Municipal de Espera Feliz - MG;3124203;MG;DCA-Anexo I-C;Padrão;Receitas Brutas Realizadas;RO1.2.1.0.00.0.0;1.2.1.0.00.0.0 - Contribuições Sociais;2894089,55;25287
2023;Prefeitura Municipal de Espera Feliz - MG;3124203;MG;DCA-Anexo I-C;Padrão;Receitas Brutas Realizadas;RO1.2.1.5.00.0.0;1.2.1.5.00.0.0 - Contribuições para Regimes Próprios de Previdência e Sistema de Proteção Social;2894089,55;25287
2023;Prefeitura Municipal de Espera Feliz - MG;3124203;MG;DCA-Anexo I-C;Padrão;Receitas Brutas Realizadas;RO1.2.1.5.01.0.0;1.2.1.5.01.0.0 - Contribuição do Servidor Civil;2894089,55;25287
2023;Prefeitura Municipal de Espera Feliz - MG;3124203;MG;DCA-Anexo I-C;Padrão;Receitas Brutas Realizadas;RO1.2.1.5.01.1.0;1.2.1.5.01.1.0 - Contribuição do Servidor Civil Ativo;2889485,68;25287
2023;Prefeitura Municipal de Espera Feliz - MG;3124203;MG;DCA-Anexo I-C;Padrão;Receitas Brutas Realizadas;RO1.2.1.5.01.2.0;1.2.1.5.01.2.0 - Contribuição do Servidor Civil Inativo;4603,87;25287
2023;Prefeitura Municipal de Espera Feliz - MG;3124203;MG;DCA-Anexo I-C;Padrão;Receitas Brutas Realizadas;RO1.2.4.0.00.0.0;1.2.4.0.00.0.0 - Contribuição para o Custeio do Serviço de Iluminação Pública;1744315,25;25287
2023;Prefeitura Municipal de Espera Feliz - MG;3124203;MG;DCA-Anexo I-C;Padrão;Receitas Brutas Realizadas;RO1.3.0.0.00.0.0;1.3.0.0.00.0.0 - Receita Patrimonial;6095236,59;25287
2023;Prefeitura Municipal de Espera Feliz - MG;3124203;MG;DCA-Anexo I-C;Padrão;Outras Deduções da Receita;RO1.3.0.0.00.0.0;1.3.0.0.00.0.0 - Receita Patrimonial;155142,12;25287
2023;Prefeitura Municipal de Espera Feliz - MG;3124203;MG;DCA-Anexo I-C;Padrão;Receitas Brutas Realizadas;RO1.3.1.0.00.0.0;1.3.1.0.00.0.0 - Exploração do Patrimônio Imobiliário do Estado;124302,25;25287
2023;Prefeitura Municipal de Espera Feliz - MG;3124203;MG;DCA-Anexo I-C;Padrão;Receitas Brutas Realizadas;RO1.3.1.1.00.0.0;1.3.1.1.00.0.0 - Exploração do Patrimônio Imobiliário do Estado;124302,25;25287
2023;Prefeitura Municipal de Espera Feliz - MG;3124203;MG;DCA-Anexo I-C;Padrão;Receitas Brutas Realizadas;RO1.3.1.1.01.0.0;1.3.1.1.01.0.0 - Aluguéis, Arrendamentos, Foros, Laudêmios, Tarifas de Ocupação;124302,25;25287
2023;Prefeitura Municipal de Espera Feliz - MG;3124203;MG;DCA-Anexo I-C;Padrão;Receitas Brutas Realizadas;RO1.3.1.1.01.2.0;1.3.1.1.01.2.0 - Foros, Laudêmios e Tarifas de Ocupação;124302,25;25287
2023;Prefeitura Municipal de Espera Feliz - MG;3124203;MG;DCA-Anexo I-C;Padrão;Receitas Brutas Realizadas;RO1.3.2.0.00.0.0;1.3.2.0.00.0.0 - Valores Mobiliários;5750338,24;25287
2023;Prefeitura Municipal de Espera Feliz - MG;3124203;MG;DCA-Anexo I-C;Padrão;Outras Deduções da Receita;RO1.3.2.0.00.0.0;1.3.2.0.00.0.0 - Valores Mobiliários;155142,12;25287
2023;Prefeitura Municipal de Espera Feliz - MG;3124203;MG;DCA-Anexo I-C;Padrão;Receitas Brutas Realizadas;RO1.3.2.1.00.0.0;1.3.2.1.00.0.0 - Juros e Correções Monetárias;5750338,24;25287
2023;Prefeitura Municipal de Espera Feliz - MG;3124203;MG;DCA-Anexo I-C;Padrão;Outras Deduções da Receita;RO1.3.2.1.00.0.0;1.3.2.1.00.0.0 - Juros e Correções Monetárias;155142,12;25287
2023;Prefeitura Municipal de Espera Feliz - MG;3124203;MG;DCA-Anexo I-C;Padrão;Receitas Brutas Realizadas;RO1.3.2.1.01.0.0;1.3.2.1.01.0.0 - Remuneração de Depósitos Bancários;2017340,48;25287
2023;Prefeitura Municipal de Espera Feliz - MG;3124203;MG;DCA-Anexo I-C;Padrão;Receitas Brutas Realizadas;RO1.3.2.1.04.0.0;1.3.2.1.04.0.0 - Remuneração dos Recursos do Regime Próprio de Previdência Social - RPPS;3732997,76;25287
2023;Prefeitura Municipal de Espera Feliz - MG;3124203;MG;DCA-Anexo I-C;Padrão;Outras Deduções da Receita;RO1.3.2.1.04.0.0;1.3.2.1.04.0.0 - Remuneração dos Recursos do Regime Próprio de Previdência Social - RPPS;155142,12;25287
2023;Prefeitura Municipal de Espera Feliz - MG;3124203;MG;DCA-Anexo I-C;Padrão;Receitas Brutas Realizadas;RO1.3.6.0.00.0.0;1.3.6.0.00.0.0 - Cessão de Direitos;220596,10;25287
2023;Prefeitura Municipal de Espera Feliz - MG;3124203;MG;DCA-Anexo I-C;Padrão;Receitas Brutas Realizadas;RO1.3.6.1.00.0.0;1.3.6.1.00.0.0 - Cessão de Direitos;220596,10;25287
2023;Prefeitura Municipal de Espera Feliz - MG;3124203;MG;DCA-Anexo I-C;Padrão;Receitas Brutas Realizadas;RO1.3.6.1.01.0.0;1.3.6.1.01.0.0 - Cessão do Direito de Operacionalização de Pagamentos;220596,10;25287
2023;Prefeitura Municipal de Espera Feliz - MG;3124203;MG;DCA-Anexo I-C;Padrão;Receitas Brutas Realizadas;RO1.3.6.1.01.1.0;1.3.6.1.01.1.0 - Cessão do Direito de Operacionalização de Pagamentos - Poderes Executivo e Legislativo;220596,10;25287
2023;Prefeitura Municipal de Espera Feliz - MG;3124203;MG;DCA-Anexo I-C;Padrão;Receitas Brutas Realizadas;RO1.6.0.0.00.0.0;1.6.0.0.00.0.0 - Receita de Serviços;164212,73;25287
2023;Prefeitura Municipal de Espera Feliz - MG;3124203;MG;DCA-Anexo I-C;Padrão;Receitas Brutas Realizadas;RO1.6.1.0.00.0.0;1.6.1.0.00.0.0 - Serviços Administrativos e Comerciais Gerais;11940,00;25287
2023;Prefeitura Municipal de Espera Feliz - MG;3124203;MG;DCA-Anexo I-C;Padrão;Receitas Brutas Realizadas;RO1.6.1.1.00.0.0;1.6.1.1.00.0.0 - Serviços Administrativos e Comerciais Gerais;11940,00;25287
2023;Prefeitura Municipal de Espera Feliz - MG;3124203;MG;DCA-Anexo I-C;Padrão;Receitas Brutas Realizadas;RO1.6.1.1.02.0.0;1.6.1.1.02.0.0 - Inscrição em Concursos e Processos Seletivos;11940,00;25287
2023;Prefeitura Municipal de Espera Feliz - MG;3124203;MG;DCA-Anexo I-C;Padrão;Receitas Brutas Realizadas;RO1.6.3.0.00.0.0;1.6.3.0.00.0.0 - Serviços e Atividades Referentes à Saúde;143750,99;25287
2023;Prefeitura Municipal de Espera Feliz - MG;3124203;MG;DCA-Anexo I-C;Padrão;Receitas Brutas Realizadas;RO1.6.3.1.00.0.0;1.6.3.1.00.0.0 - Serviços de Atendimento à Saúde;143750,99;25287
2023;Prefeitura Municipal de Espera Feliz - MG;3124203;MG;DCA-Anexo I-C;Padrão;Receitas Brutas Realizadas;RO1.6.3.1.99.0.0;1.6.3.1.99.0.0 - Outros Serviços de Atendimento à Saúde;143750,99;25287
2023;Prefeitura Municipal de Espera Feliz - MG;3124203;MG;DCA-Anexo I-C;Padrão;Receitas Brutas Realizadas;RO1.6.9.0.00.0.0;1.6.9.0.00.0.0 - Outros Serviços;8521,74;25287
2023;Prefeitura Municipal de Espera Feliz - MG;3124203;MG;DCA-Anexo I-C;Padrão;Receitas Brutas Realizadas;RO1.7.0.0.00.0.0;1.7.0.0.00.0.0 - Transferências Correntes;81585559,84;25287
2023;Prefeitura Municipal de Espera Feliz - MG;3124203;MG;DCA-Anexo I-C;Padrão;Deduções - FUNDEB;RO1.7.0.0.00.0.0;1.7.0.0.00.0.0 - Transferências Correntes;9431048,22;25287
2023;Prefeitura Municipal de Espera Feliz - MG;3124203;MG;DCA-Anexo I-C;Padrão;Outras Deduções da Receita;RO1.7.0.0.00.0.0;1.7.0.0.00.0.0 - Transferências Correntes;39454,63;25287
2023;Prefeitura Municipal de Espera Feliz - MG;3124203;MG;DCA-Anexo I-C;Padrão;Receitas Brutas Realizadas;RO1.7.1.0.00.0.0;1.7.1.0.00.0.0 - Transferências da União e de suas Entidades;49106278,33;25287
2023;Prefeitura Municipal de Espera Feliz - MG;3124203;MG;DCA-Anexo I-C;Padrão;Deduções - FUNDEB;RO1.7.1.0.00.0.0;1.7.1.0.00.0.0 - Transferências da União e de suas Entidades;6790474,35;25287
2023;Prefeitura Municipal de Espera Feliz - MG;3124203;MG;DCA-Anexo I-C;Padrão;Outras Deduções da Receita;RO1.7.1.0.00.0.0;1.7.1.0.00.0.0 - Transferências da União e de suas Entidades;29303,17;25287
2023;Prefeitura Municipal de Espera Feliz - MG;3124203;MG;DCA-Anexo I-C;Padrão;Receitas Brutas Realizadas;RO1.7.1.1.00.0.0;1.7.1.1.00.0.0 - Transferências Decorrentes de Participação na Receita da União;37313568,54;25287
2023;Prefeitura Municipal de Espera Feliz - MG;3124203;MG;DCA-Anexo I-C;Padrão;Deduções - FUNDEB;RO1.7.1.1.00.0.0;1.7.1.1.00.0.0 - Transferências Decorrentes de Participação na Receita da União;6790474,35;25287
2023;Prefeitura Municipal de Espera Feliz - MG;3124203;MG;DCA-Anexo I-C;Padrão;Outras Deduções da Receita;RO1.7.1.1.00.0.0;1.7.1.1.00.0.0 - Transferências Decorrentes de Participação na Receita da União;29303,17;25287
2023;Prefeitura Municipal de Espera Feliz - MG;3124203;MG;DCA-Anexo I-C;Padrão;Receitas Brutas Realizadas;RO1.7.1.1.51.0.0;1.7.1.1.51.0.0 -Cota-Parte do Fundo de Participação dos Municípios - FPM;37301120,38;25287
2023;Prefeitura Municipal de Espera Feliz - MG;3124203;MG;DCA-Anexo I-C;Padrão;Deduções - FUNDEB;RO1.7.1.1.51.0.0;1.7.1.1.51.0.0 -Cota-Parte do Fundo de Participação dos Municípios - FPM;6787984,85;25287
2023;Prefeitura Municipal de Espera Feliz - MG;3124203;MG;DCA-Anexo I-C;Padrão;Outras Deduções da Receita;RO1.7.1.1.51.0.0;1.7.1.1.51.0.0 -Cota-Parte do Fundo de Participação dos Municípios - FPM;29303,17;25287
2023;Prefeitura Municipal de Espera Feliz - MG;3124203;MG;DCA-Anexo I-C;Padrão;Receitas Brutas Realizadas;RO1.7.1.1.51.1.0;1.7.1.1.51.1.0 - Cota-Parte do Fundo de Participação dos Municípios - Cota Mensal;33946079,27;25287
2023;Prefeitura Municipal de Espera Feliz - MG;3124203;MG;DCA-Anexo I-C;Padrão;Deduções - FUNDEB;RO1.7.1.1.51.1.0;1.7.1.1.51.1.0 - Cota-Parte do Fundo de Participação dos Municípios - Cota Mensal;6787984,85;25287
2023;Prefeitura Municipal de Espera Feliz - MG;3124203;MG;DCA-Anexo I-C;Padrão;Outras Deduções da Receita;RO1.7.1.1.51.1.0;1.7.1.1.51.1.0 - Cota-Parte do Fundo de Participação dos Municípios - Cota Mensal;29303,17;25287
2023;Prefeitura Municipal de Espera Feliz - MG;3124203;MG;DCA-Anexo I-C;Padrão;Receitas Brutas Realizadas;RO1.7.1.1.51.2.0;1.7.1.1.51.2.0 - Cota-Parte do Fundo de Participação dos Municípios - Cotas Extraordinárias;3355041,11;25287
2023;Prefeitura Municipal de Espera Feliz - MG;3124203;MG;DCA-Anexo I-C;Padrão;Receitas Brutas Realizadas;RO1.7.1.1.52.0.0;1.7.1.1.52.0.0 - Cota-Parte do Imposto Sobre a Propriedade Territorial Rural;12448,16;25287
2023;Prefeitura Municipal de Espera Feliz - MG;3124203;MG;DCA-Anexo I-C;Padrão;Deduções - FUNDEB;RO1.7.1.1.52.0.0;1.7.1.1.52.0.0 - Cota-Parte do Imposto Sobre a Propriedade Territorial Rural;2489,50;25287
2023;Prefeitura Municipal de Espera Feliz - MG;3124203;MG;DCA-Anexo I-C;Padrão;Receitas Brutas Realizadas;RO1.7.1.2.00.0.0;1.7.1.2.00.0.0 -Transferências das Compensações Financeiras pela Exploração de Recursos Naturais;724189,91;25287
2023;Prefeitura Municipal de Espera Feliz - MG;3124203;MG;DCA-Anexo I-C;Padrão;Receitas Brutas Realizadas;RO1.7.1.2.52.0.0;1.7.1.2.52.0.0 - Cota-parte da Compensação Financeira pela Produção de Petróleo;724189,91;25287
2023;Prefeitura Municipal de Espera Feliz - MG;3124203;MG;DCA-Anexo I-C;Padrão;Receitas Brutas Realizadas;RO1.7.1.2.52.4.0;1.7.1.2.52.4.0 - Cota-Parte do Fundo Especial do Petróleo ¿ FEP;724189,91;25287
2023;Prefeitura Municipal de Espera Feliz - MG;3124203;MG;DCA-Anexo I-C;Padrão;Receitas Brutas Realizadas;RO1.7.1.3.00.0.0;1.7.1.3.00.0.0 -Transferências de Recursos do Sistema Único de Saúde ¿ SUS ;7423371,37;25287
2023;Prefeitura Municipal de Espera Feliz - MG;3124203;MG;DCA-Anexo I-C;Padrão;Receitas Brutas Realizadas;RO1.7.1.3.50.0.0;1.7.1.3.50.0.0 - Transferências de Recursos do Sistema Único de Saúde ¿ SUS ¿ Repasses Fundo a Fundo - Bloco de Manutenção das Ações e Serviços Públicos de Saúde;7409016,07;25287
2023;Prefeitura Municipal de Espera Feliz - MG;3124203;MG;DCA-Anexo I-C;Padrão;Receitas Brutas Realizadas;RO1.7.1.3.50.1.0;1.7.1.3.50.1.0 - Transferências de Recursos do Bloco de Manutenção das Ações e Serviços Públicos de Saúde ¿ Atenção Primária;5602796,57;25287
2023;Prefeitura Municipal de Espera Feliz - MG;3124203;MG;DCA-Anexo I-C;Padrão;Receitas Brutas Realizadas;RO1.7.1.3.50.2.0;1.7.1.3.50.2.0 - Transferências de Recursos do Bloco de Manutenção das Ações e Serviços Públicos de Saúde ¿ Atenção Especializada;817014,35;25287
2023;Prefeitura Municipal de Espera Feliz - MG;3124203;MG;DCA-Anexo I-C;Padrão;Receitas Brutas Realizadas;RO1.7.1.3.50.3.0;1.7.1.3.50.3.0 - Transferências de Recursos do Bloco de Manutenção das Ações e Serviços Públicos de Saúde ¿ Vigilância em Saúde;771630,94;25287
2023;Prefeitura Municipal de Espera Feliz - MG;3124203;MG;DCA-Anexo I-C;Padrão;Receitas Brutas Realizadas;RO1.7.1.3.50.4.0;1.7.1.3.50.4.0 -Transferências de Recursos do Bloco de Manutenção das Ações e Serviços Públicos de Saúde ¿ Assistência Farmacêutica;154086,94;25287
2023;Prefeitura Municipal de Espera Feliz - MG;3124203;MG;DCA-Anexo I-C;Padrão;Receitas Brutas Realizadas;RO1.7.1.3.50.5.0;1.7.1.3.50.5.0 - Transferências de Recursos do Bloco de Manutenção das Ações e Serviços Públicos de Saúde ¿ Gestão do SUS;63487,27;25287
2023;Prefeitura Municipal de Espera Feliz - MG;3124203;MG;DCA-Anexo I-C;Padrão;Receitas Brutas Realizadas;RO1.7.1.3.99.0.0;1.7.1.3.99.0.0 - Outras Transferências de Recursos do Sistema Único de Saúde - SUS;14355,30;25287
2023;Prefeitura Municipal de Espera Feliz - MG;3124203;MG;DCA-Anexo I-C;Padrão;Receitas Brutas Realizadas;RO1.7.1.4.00.0.0;1.7.1.4.00.0.0 -Transferências de Recursos do Fundo Nacional do Desenvolvimento da Educação ¿ FNDE¿ ;1461747,01;25287
2023;Prefeitura Municipal de Espera Feliz - MG;3124203;MG;DCA-Anexo I-C;Padrão;Receitas Brutas Realizadas;RO1.7.1.4.50.0.0;1.7.1.4.50.0.0 - Transferências do Salário-Educação;765109,77;25287
2023;Prefeitura Municipal de Espera Feliz - MG;3124203;MG;DCA-Anexo I-C;Padrão;Receitas Brutas Realizadas;RO1.7.1.4.52.0.0;1.7.1.4.52.0.0 - Transferências referentes ao Programa Nacional de Alimentação Escolar ¿ PNAE;304773,80;25287
2023;Prefeitura Municipal de Espera Feliz - MG;3124203;MG;DCA-Anexo I-C;Padrão;Receitas Brutas Realizadas;RO1.7.1.4.53.0.0;1.7.1.4.53.0.0 - Transferências referentes ao Programa Nacional de Apoio ao Transporte do Escolar ¿ PNATE;229314,08;25287
2023;Prefeitura Municipal de Espera Feliz - MG;3124203;MG;DCA-Anexo I-C;Padrão;Receitas Brutas Realizadas;RO1.7.1.4.99.0.0;1.7.1.4.99.0.0 - Outras Transferências Diretas do Fundo Nacional do Desenvolvimento da Educação - FNDE;162549,36;25287
2023;Prefeitura Municipal de Espera Feliz - MG;3124203;MG;DCA-Anexo I-C;Padrão;Receitas Brutas Realizadas;RO1.7.1.5.00.0.0;1.7.1.5.00.0.0 - Transferências de Recursos de Complementação da União ao Fundo de Manutenção e Desenvolvimento da Educação Básica e de Valorização dos Profissionais da Educação ¿ FUNDEB ;378154,88;25287
2023;Prefeitura Municipal de Espera Feliz - MG;3124203;MG;DCA-Anexo I-C;Padrão;Receitas Brutas Realizadas;RO1.7.1.6.00.0.0;1.7.1.6.00.0.0 - Transferências de Recursos do Fundo Nacional de Assistência Social ¿ FNAS;305518,62;25287
2023;Prefeitura Municipal de Espera Feliz - MG;3124203;MG;DCA-Anexo I-C;Padrão;Receitas Brutas Realizadas;RO1.7.1.9.00.0.0;1.7.1.9.00.0.0 - Outras Transferências de Recursos da União e de suas Entidades;1499728,00;25287
2023;Prefeitura Municipal de Espera Feliz - MG;3124203;MG;DCA-Anexo I-C;Padrão;Receitas Brutas Realizadas;RO1.7.1.9.57.0.0;1.7.1.9.57.0.0 - Transferência Especial da União;330000,00;25287
2023;Prefeitura Municipal de Espera Feliz - MG;3124203;MG;DCA-Anexo I-C;Padrão;Receitas Brutas Realizadas;RO1.7.1.9.58.0.0;1.7.1.9.58.0.0 - Transferência Obrigatória Decorrente da Lei Complementar nº 176/2020;75595,87;25287
2023;Prefeitura Municipal de Espera Feliz - MG;3124203;MG;DCA-Anexo I-C;Padrão;Receitas Brutas Realizadas;RO1.7.1.9.99.0.0;1.7.1.9.99.0.0 - Outras Transferências de Recursos da União e de suas Entidades;1094132,13;25287
2023;Prefeitura Municipal de Espera Feliz - MG;3124203;MG;DCA-Anexo I-C;Padrão;Receitas Brutas Realizadas;RO1.7.2.0.00.0.0;1.7.2.0.00.0.0 - Transferências dos Estados e do Distrito Federal e de suas Entidades;19696546,03;25287
2023;Prefeitura Municipal de Espera Feliz - MG;3124203;MG;DCA-Anexo I-C;Padrão;Deduções - FUNDEB;RO1.7.2.0.00.0.0;1.7.2.0.00.0.0 - Transferências dos Estados e do Distrito Federal e de suas Entidades;2640573,87;25287
2023;Prefeitura Municipal de Espera Feliz - MG;3124203;MG;DCA-Anexo I-C;Padrão;Outras Deduções da Receita;RO1.7.2.0.00.0.0;1.7.2.0.00.0.0 - Transferências dos Estados e do Distrito Federal e de suas Entidades;452,60;25287
2023;Prefeitura Municipal de Espera Feliz - MG;3124203;MG;DCA-Anexo I-C;Padrão;Receitas Brutas Realizadas;RO1.7.2.1.00.0.0;1.7.2.1.00.0.0 - Participação na Receita dos Estados e Distrito Federal;13207750,68;25287
2023;Prefeitura Municipal de Espera Feliz - MG;3124203;MG;DCA-Anexo I-C;Padrão;Deduções - FUNDEB;RO1.7.2.1.00.0.0;1.7.2.1.00.0.0 - Participação na Receita dos Estados e Distrito Federal;2640573,87;25287
2023;Prefeitura Municipal de Espera Feliz - MG;3124203;MG;DCA-Anexo I-C;Padrão;Outras Deduções da Receita;RO1.7.2.1.00.0.0;1.7.2.1.00.0.0 - Participação na Receita dos Estados e Distrito Federal;452,60;25287
2023;Prefeitura Municipal de Espera Feliz - MG;3124203;MG;DCA-Anexo I-C;Padrão;Receitas Brutas Realizadas;RO1.7.2.1.50.0.0;1.7.2.1.50.0.0 - Cota-Parte do ICMS;8829970,01;25287
2023;Prefeitura Municipal de Espera Feliz - MG;3124203;MG;DCA-Anexo I-C;Padrão;Deduções - FUNDEB;RO1.7.2.1.50.0.0;1.7.2.1.50.0.0 - Cota-Parte do ICMS;1765993,67;25287
2023;Prefeitura Municipal de Espera Feliz - MG;3124203;MG;DCA-Anexo I-C;Padrão;Receitas Brutas Realizadas;RO1.7.2.1.51.0.0;1.7.2.1.51.0.0 - Cota-Parte do IPVA;4286438,70;25287
2023;Prefeitura Municipal de Espera Feliz - MG;3124203;MG;DCA-Anexo I-C;Padrão;Deduções - FUNDEB;RO1.7.2.1.51.0.0;1.7.2.1.51.0.0 - Cota-Parte do IPVA;857286,49;25287
2023;Prefeitura Municipal de Espera Feliz - MG;3124203;MG;DCA-Anexo I-C;Padrão;Receitas Brutas Realizadas;RO1.7.2.1.52.0.0;1.7.2.1.52.0.0 - Cota-Parte do IPI - Municípios;86468,58;25287
2023;Prefeitura Municipal de Espera Feliz - MG;3124203;MG;DCA-Anexo I-C;Padrão;Deduções - FUNDEB;RO1.7.2.1.52.0.0;1.7.2.1.52.0.0 - Cota-Parte do IPI - Municípios;17293,71;25287
2023;Prefeitura Municipal de Espera Feliz - MG;3124203;MG;DCA-Anexo I-C;Padrão;Outras Deduções da Receita;RO1.7.2.1.52.0.0;1.7.2.1.52.0.0 - Cota-Parte do IPI - Municípios;452,60;25287
2023;Prefeitura Municipal de Espera Feliz - MG;3124203;MG;DCA-Anexo I-C;Padrão;Receitas Brutas Realizadas;RO1.7.2.1.53.0.0;1.7.2.1.53.0.0 - Cota-Parte da Contribuição de Intervenção no Domínio Econômico;4873,39;25287
2023;Prefeitura Municipal de Espera Feliz - MG;3124203;MG;DCA-Anexo I-C;Padrão;Receitas Brutas Realizadas;RO1.7.2.2.00.0.0;1.7.2.2.00.0.0 - Transferências das Compensações Financeiras pela Exploração de Recursos Naturais;1530433,62;25287
2023;Prefeitura Municipal de Espera Feliz - MG;3124203;MG;DCA-Anexo I-C;Padrão;Receitas Brutas Realizadas;RO1.7.2.2.51.0.0;1.7.2.2.51.0.0 - Cota-parte da Compensação Financeira de Recursos Minerais - CFEM;1530433,62;25287
2023;Prefeitura Municipal de Espera Feliz - MG;3124203;MG;DCA-Anexo I-C;Padrão;Receitas Brutas Realizadas;RO1.7.2.3.00.0.0;1.7.2.3.00.0.0 - Transferências de Recursos do Sistema Único de Saúde ¿ SUS;2802835,06;25287
2023;Prefeitura Municipal de Espera Feliz - MG;3124203;MG;DCA-Anexo I-C;Padrão;Receitas Brutas Realizadas;RO1.7.2.9.00.0.0;1.7.2.9.00.0.0 - Outras Transferências dos Estados e Distrito Federal;2155526,67;25287
2023;Prefeitura Municipal de Espera Feliz - MG;3124203;MG;DCA-Anexo I-C;Padrão;Receitas Brutas Realizadas;RO1.7.2.9.51.0.0;1.7.2.9.51.0.0 - Transferências de Estados destinadas à Assistência Social;6300,00;25287
2023;Prefeitura Municipal de Espera Feliz - MG;3124203;MG;DCA-Anexo I-C;Padrão;Receitas Brutas Realizadas;RO1.7.2.9.52.0.0;1.7.2.9.52.0.0 - Transferências de Recursos Destinados a Programas de Educação;1803020,77;25287
2023;Prefeitura Municipal de Espera Feliz - MG;3124203;MG;DCA-Anexo I-C;Padrão;Receitas Brutas Realizadas;RO1.7.2.9.99.0.0;1.7.2.9.99.0.0 - Outras Transferências dos Estados e DF;346205,90;25287
2023;Prefeitura Municipal de Espera Feliz - MG;3124203;MG;DCA-Anexo I-C;Padrão;Receitas Brutas Realizadas;RO1.7.5.0.00.0.0;1.7.5.0.00.0.0 - Transferências de Outras Instituições Públicas;12782735,48;25287
2023;Prefeitura Municipal de Espera Feliz - MG;3124203;MG;DCA-Anexo I-C;Padrão;Outras Deduções da Receita;RO1.7.5.0.00.0.0;1.7.5.0.00.0.0 - Transferências de Outras Instituições Públicas;9698,86;25287
2023;Prefeitura Municipal de Espera Feliz - MG;3124203;MG;DCA-Anexo I-C;Padrão;Receitas Brutas Realizadas;RO1.7.5.1.00.0.0;1.7.5.1.00.0.0 - Transferências de Recursos do Fundo de Manutenção e Desenvolvimento da Educação Básica e de Valorização dos Profissionais da Educação - FUNDEB;12782545,21;25287
2023;Prefeitura Municipal de Espera Feliz - MG;3124203;MG;DCA-Anexo I-C;Padrão;Outras Deduções da Receita;RO1.7.5.1.00.0.0;1.7.5.1.00.0.0 - Transferências de Recursos do Fundo de Manutenção e Desenvolvimento da Educação Básica e de Valorização dos Profissionais da Educação - FUNDEB;9698,86;25287
2023;Prefeitura Municipal de Espera Feliz - MG;3124203;MG;DCA-Anexo I-C;Padrão;Receitas Brutas Realizadas;RO1.7.5.9.00.0.0;1.7.5.9.00.0.0 - Demais Transferências de Outras Instituições Públicas;190,27;25287
2023;Prefeitura Municipal de Espera Feliz - MG;3124203;MG;DCA-Anexo I-C;Padrão;Receitas Brutas Realizadas;RO1.9.0.0.00.0.0;1.9.0.0.00.0.0 - Outras Receitas Correntes;353129,26;25287
2023;Prefeitura Municipal de Espera Feliz - MG;3124203;MG;DCA-Anexo I-C;Padrão;Receitas Brutas Realizadas;RO1.9.2.0.00.0.0;1.9.2.0.00.0.0 - Indenizações, Restituições e Ressarcimentos;30665,17;25287
2023;Prefeitura Municipal de Espera Feliz - MG;3124203;MG;DCA-Anexo I-C;Padrão;Receitas Brutas Realizadas;RO1.9.2.2.00.0.0;1.9.2.2.00.0.0 - Restituições;30665,17;25287
2023;Prefeitura Municipal de Espera Feliz - MG;3124203;MG;DCA-Anexo I-C;Padrão;Receitas Brutas Realizadas;RO1.9.2.2.03.0.0;1.9.2.2.03.0.0 - Restituição de Benefícios Previdenciários;13622,20;25287
2023;Prefeitura Municipal de Espera Feliz - MG;3124203;MG;DCA-Anexo I-C;Padrão;Receitas Brutas Realizadas;RO1.9.2.2.99.0.0;1.9.2.2.99.0.0 - Outras Restituições;17042,97;25287
2023;Prefeitura Municipal de Espera Feliz - MG;3124203;MG;DCA-Anexo I-C;Padrão;Receitas Brutas Realizadas;RO1.9.9.0.00.0.0;1.9.9.0.00.0.0 - Demais Receitas Correntes;322464,09;25287
2023;Prefeitura Municipal de Espera Feliz - MG;3124203;MG;DCA-Anexo I-C;Padrão;Receitas Brutas Realizadas;RO1.9.9.9.00.0.0;1.9.9.9.00.0.0 - Outras Receitas Correntes;322464,09;25287
2023;Prefeitura Municipal de Espera Feliz - MG;3124203;MG;DCA-Anexo I-C;Padrão;Receitas Brutas Realizadas;RO1.9.9.9.03.0.0;1.9.9.9.03.0.0 - Compensações Financeiras entre os Regimes de Previdência;221198,53;25287
2023;Prefeitura Municipal de Espera Feliz - MG;3124203;MG;DCA-Anexo I-C;Padrão;Receitas Brutas Realizadas;RO1.9.9.9.99.0.0;1.9.9.9.99.0.0 - Outras Receitas;101265,56;25287
2023;Prefeitura Municipal de Espera Feliz - MG;3124203;MG;DCA-Anexo I-C;Padrão;Receitas Brutas Realizadas;RO1.9.9.9.99.3.0;1.9.9.9.99.3.0 - Outras Receitas Não Arrecadadas e Não Projetadas pela RFB - Financeiras;101265,56;25287
2023;Prefeitura Municipal de Espera Feliz - MG;3124203;MG;DCA-Anexo I-C;Padrão;Receitas Brutas Realizadas;RO2.0.0.0.00.0.0;2.0.0.0.00.0.0 - Receitas de Capital;8962699,69;25287
2023;Prefeitura Municipal de Espera Feliz - MG;3124203;MG;DCA-Anexo I-C;Padrão;Receitas Brutas Realizadas;RO2.1.0.0.00.0.0;2.1.0.0.00.0.0 - Operações de Crédito;1194362,33;25287
2023;Prefeitura Municipal de Espera Feliz - MG;3124203;MG;DCA-Anexo I-C;Padrão;Receitas Brutas Realizadas;RO2.1.1.0.00.0.0;2.1.1.0.00.0.0 - Operações de Crédito - Mercado Interno;1194362,33;25287
2023;Prefeitura Municipal de Espera Feliz - MG;3124203;MG;DCA-Anexo I-C;Padrão;Receitas Brutas Realizadas;RO2.1.1.2.00.0.0;2.1.1.2.00.0.0 - Operações de Crédito Contratuais - Mercado Interno;1194362,33;25287
2023;Prefeitura Municipal de Espera Feliz - MG;3124203;MG;DCA-Anexo I-C;Padrão;Receitas Brutas Realizadas;RO2.1.1.2.01.0.0;2.1.1.2.01.0.0 - Operações de Crédito Contratuais - Mercado Interno;1194362,33;25287
2023;Prefeitura Municipal de Espera Feliz - MG;3124203;MG;DCA-Anexo I-C;Padrão;Receitas Brutas Realizadas;RO2.2.0.0.00.0.0;2.2.0.0.00.0.0 - Alienação de Bens;798600,00;25287
2023;Prefeitura Municipal de Espera Feliz - MG;3124203;MG;DCA-Anexo I-C;Padrão;Receitas Brutas Realizadas;RO2.2.1.0.00.0.0;2.2.1.0.00.0.0 - Alienação de Bens Móveis;798600,00;25287
2023;Prefeitura Municipal de Espera Feliz - MG;3124203;MG;DCA-Anexo I-C;Padrão;Receitas Brutas Realizadas;RO2.2.1.3.00.0.0;2.2.1.3.00.0.0 - Alienação de Bens Móveis e Semoventes;798600,00;25287
2023;Prefeitura Municipal de Espera Feliz - MG;3124203;MG;DCA-Anexo I-C;Padrão;Receitas Brutas Realizadas;RO2.4.0.0.00.0.0;2.4.0.0.00.0.0 - Transferências de Capital;6969737,36;25287
2023;Prefeitura Municipal de Espera Feliz - MG;3124203;MG;DCA-Anexo I-C;Padrão;Receitas Brutas Realizadas;RO2.4.1.0.00.0.0;2.4.1.0.00.0.0 - Transferências da União e de suas Entidades;1509667,38;25287
2023;Prefeitura Municipal de Espera Feliz - MG;3124203;MG;DCA-Anexo I-C;Padrão;Receitas Brutas Realizadas;RO2.4.1.1.00.0.0;2.4.1.1.00.0.0 - Transferências de Recursos do Sistema Único de Saúde - SUS;40173,58;25287
2023;Prefeitura Municipal de Espera Feliz - MG;3124203;MG;DCA-Anexo I-C;Padrão;Receitas Brutas Realizadas;RO2.4.1.1.50.0.0;2.4.1.1.50.0.0 - Transferências de Recursos do Sistema Único de Saúde ¿ SUS ¿ Fundo a Fundo - Bloco de Manutenção das Ações e Serviços Públicos de Saúde;40173,58;25287
2023;Prefeitura Municipal de Espera Feliz - MG;3124203;MG;DCA-Anexo I-C;Padrão;Receitas Brutas Realizadas;RO2.4.1.1.50.1.0;2.4.1.1.50.1.0 - Transferências de Recursos do Bloco de Manutenção das Ações e Serviços Públicos de Saúde ¿ Atenção Primária;40173,58;25287
2023;Prefeitura Municipal de Espera Feliz - MG;3124203;MG;DCA-Anexo I-C;Padrão;Receitas Brutas Realizadas;RO2.4.1.9.00.0.0;2.4.1.9.00.0.0 - Outras Transferências de Recursos da União e de suas Entidades;1469493,80;25287
2023;Prefeitura Municipal de Espera Feliz - MG;3124203;MG;DCA-Anexo I-C;Padrão;Receitas Brutas Realizadas;RO2.4.1.9.51.0.0;2.4.1.9.51.0.0 - Transferência Especial da União;570000,00;25287
2023;Prefeitura Municipal de Espera Feliz - MG;3124203;MG;DCA-Anexo I-C;Padrão;Receitas Brutas Realizadas;RO2.4.1.9.99.0.0;2.4.1.9.99.0.0 - Outras Transferências De Recursos da União e de suas Entidades;899493,80;25287
2023;Prefeitura Municipal de Espera Feliz - MG;3124203;MG;DCA-Anexo I-C;Padrão;Receitas Brutas Realizadas;RO2.4.2.0.00.0.0;2.4.2.0.00.0.0 - Transferências dos Estados e do Distrito Federal e de suas Entidades;5460069,98;25287
2023;Prefeitura Municipal de Espera Feliz - MG;3124203;MG;DCA-Anexo I-C;Padrão;Receitas Brutas Realizadas;RO2.4.2.1.00.0.0;2.4.2.1.00.0.0 - Transferências de Recursos do Sistema Único de Saúde ¿ SUS dos Estados e DF;40964,35;25287
2023;Prefeitura Municipal de Espera Feliz - MG;3124203;MG;DCA-Anexo I-C;Padrão;Receitas Brutas Realizadas;RO2.4.2.1.50.0.0;2.4.2.1.50.0.0 - Transferências de Recursos do Sistema Único de Saúde ¿ SUS;40964,35;25287
2023;Prefeitura Municipal de Espera Feliz - MG;3124203;MG;DCA-Anexo I-C;Padrão;Receitas Brutas Realizadas;RO2.4.2.2.00.0.0;2.4.2.2.00.0.0 - Transferências de Convênios dos Estados e DF e de Suas Entidades ;4033472,73;25287
2023;Prefeitura Municipal de Espera Feliz - MG;3124203;MG;DCA-Anexo I-C;Padrão;Receitas Brutas Realizadas;RO2.4.2.2.51.0.0;2.4.2.2.51.0.0 - Transferências de Convênios dos Estados destinadas a Programas de Educação;514000,00;25287
2023;Prefeitura Municipal de Espera Feliz - MG;3124203;MG;DCA-Anexo I-C;Padrão;Receitas Brutas Realizadas;RO2.4.2.2.54.0.0;2.4.2.2.54.0.0 - Transferências de Convênios dos Estados destinadas a Programas de Infraestrutura em Transporte;2715000,00;25287
2023;Prefeitura Municipal de Espera Feliz - MG;3124203;MG;DCA-Anexo I-C;Padrão;Receitas Brutas Realizadas;RO2.4.2.2.99.0.0;2.4.2.2.99.0.0 - Outras Transferências de Convênios dos Estados e DF e de Suas Entidades;804472,73;25287
2023;Prefeitura Municipal de Espera Feliz - MG;3124203;MG;DCA-Anexo I-C;Padrão;Receitas Brutas Realizadas;RO2.4.2.9.00.0.0;2.4.2.9.00.0.0 - Outras Transferências de Recursos dos Estados;1385632,90;25287
2023;Prefeitura Municipal de Espera Feliz - MG;3124203;MG;DCA-Anexo I-C;Padrão;Receitas Brutas Realizadas;RO2.4.2.9.99.0.0;2.4.2.9.99.0.0 - Outras Transferências de Recursos dos Estados;1385632,90;25287
2023;Prefeitura Municipal de Espera Feliz - MG;3124203;MG;DCA-Anexo I-C;Padrão;Receitas Brutas Realizadas;ReceitasIntraOrcamentarias;RECEITAS (INTRA-ORÇAMENTÁRIAS) (II);6109511,17;25287
2023;Prefeitura Municipal de Espera Feliz - MG;3124203;MG;DCA-Anexo I-C;Padrão;Receitas Brutas Realizadas;RI7.0.0.0.00.0.0;7.0.0.0.00.0.0 - Receitas Correntes;6109511,17;25287
2023;Prefeitura Municipal de Espera Feliz - MG;3124203;MG;DCA-Anexo I-C;Padrão;Receitas Brutas Realizadas;RI7.2.0.0.00.0.0;7.2.0.0.00.0.0 - Contribuições;6109511,17;25287
2023;Prefeitura Municipal de Espera Feliz - MG;3124203;MG;DCA-Anexo I-C;Padrão;Receitas Brutas Realizadas;RI7.2.1.0.00.0.0;7.2.1.0.00.0.0 - Contribuições Sociais;6109511,17;25287
2023;Prefeitura Municipal de Espera Feliz - MG;3124203;MG;DCA-Anexo I-C;Padrão;Receitas Brutas Realizadas;RI7.2.1.5.00.0.0;7.2.1.5.00.0.0 - Contribuições para Regimes Próprios de Previdência e Sistema de Proteção Social;6109511,17;25287
2023;Prefeitura Municipal de Espera Feliz - MG;3124203;MG;DCA-Anexo I-C;Padrão;Receitas Brutas Realizadas;RI7.2.1.5.02.0.0;7.2.1.5.02.0.0 - Contribuição Patronal - Servidor Civil;5842608,20;25287
2023;Prefeitura Municipal de Espera Feliz - MG;3124203;MG;DCA-Anexo I-C;Padrão;Receitas Brutas Realizadas;RI7.2.1.5.02.1.0;7.2.1.5.02.1.0 - Contribuição Patronal - Servidor Civil Ativo;5842608,20;25287
2023;Prefeitura Municipal de Espera Feliz - MG;3124203;MG;DCA-Anexo I-C;Padrão;Receitas Brutas Realizadas;RI7.2.1.5.51.0.0;7.2.1.5.51.0.0 - Contribuição Patronal - Parcelamentos;266902,97;25287
2023;Prefeitura Municipal de Espera Feliz - MG;3124203;MG;DCA-Anexo I-C;Padrão;Receitas Brutas Realizadas;RI7.2.1.5.51.1.0;7.2.1.5.51.1.0 - Contribuição Patronal - Servidor Civil Ativo - Parcelamentos;266902,97;25287
2023;Prefeitura Municipal de Espera Feliz - MG;3124203;MG;DCA-Anexo I-C;Padrão;Receitas Brutas Realizadas;TotalReceitas;TOTAL DAS RECEITAS (III) = (I + II);115421113,66;25287
2023;Prefeitura Municipal de Espera Feliz - MG;3124203;MG;DCA-Anexo I-C;Padrão;Deduções - FUNDEB;TotalReceitas;TOTAL DAS RECEITAS (III) = (I + II);9431048,22;25287
2023;Prefeitura Municipal de Espera Feliz - MG;3124203;MG;DCA-Anexo I-C;Padrão;Outras Deduções da Receita;TotalReceitas;TOTAL DAS RECEITAS (III) = (I + II);204531,51;25287
2024;Prefeitura Municipal de Espera Feliz - MG;3124203;MG;DCA-Anexo I-C;Padrão;Receitas Brutas Realizadas;ReceitasExcetoIntraOrcamentarias;RECEITAS (EXCETO INTRA-ORÇAMENTÁRIAS) (I);128272320,38;24081
2024;Prefeitura Municipal de Espera Feliz - MG;3124203;MG;DCA-Anexo I-C;Padrão;Deduções - FUNDEB;ReceitasExcetoIntraOrcamentarias;RECEITAS (EXCETO INTRA-ORÇAMENTÁRIAS) (I);11208111,93;24081
2024;Prefeitura Municipal de Espera Feliz - MG;3124203;MG;DCA-Anexo I-C;Padrão;Outras Deduções da Receita;ReceitasExcetoIntraOrcamentarias;RECEITAS (EXCETO INTRA-ORÇAMENTÁRIAS) (I);1034683,14;24081
2024;Prefeitura Municipal de Espera Feliz - MG;3124203;MG;DCA-Anexo I-C;Padrão;Receitas Brutas Realizadas;RO1.0.0.0.00.0.0;1.0.0.0.00.0.0 - Receitas Correntes;120044053,92;24081
2024;Prefeitura Municipal de Espera Feliz - MG;3124203;MG;DCA-Anexo I-C;Padrão;Deduções - FUNDEB;RO1.0.0.0.00.0.0;1.0.0.0.00.0.0 - Receitas Correntes;11208111,93;24081
2024;Prefeitura Municipal de Espera Feliz - MG;3124203;MG;DCA-Anexo I-C;Padrão;Outras Deduções da Receita;RO1.0.0.0.00.0.0;1.0.0.0.00.0.0 - Receitas Correntes;1034683,14;24081
2024;Prefeitura Municipal de Espera Feliz - MG;3124203;MG;DCA-Anexo I-C;Padrão;Receitas Brutas Realizadas;RO1.1.0.0.00.0.0;1.1.0.0.00.0.0 - Impostos, Taxas e Contribuições de Melhoria;8686438,96;24081
2024;Prefeitura Municipal de Espera Feliz - MG;3124203;MG;DCA-Anexo I-C;Padrão;Outras Deduções da Receita;RO1.1.0.0.00.0.0;1.1.0.0.00.0.0 - Impostos, Taxas e Contribuições de Melhoria;3941,58;24081
2024;Prefeitura Municipal de Espera Feliz - MG;3124203;MG;DCA-Anexo I-C;Padrão;Receitas Brutas Realizadas;RO1.1.1.0.00.0.0;1.1.1.0.00.0.0 - Impostos;7613250,39;24081
2024;Prefeitura Municipal de Espera Feliz - MG;3124203;MG;DCA-Anexo I-C;Padrão;Outras Deduções da Receita;RO1.1.1.0.00.0.0;1.1.1.0.00.0.0 - Impostos;3941,58;24081
2024;Prefeitura Municipal de Espera Feliz - MG;3124203;MG;DCA-Anexo I-C;Padrão;Receitas Brutas Realizadas;RO1.1.1.2.00.0.0;1.1.1.2.00.0.0 - Impostos sobre o Patrimônio;2449855,92;24081
2024;Prefeitura Municipal de Espera Feliz - MG;3124203;MG;DCA-Anexo I-C;Padrão;Outras Deduções da Receita;RO1.1.1.2.00.0.0;1.1.1.2.00.0.0 - Impostos sobre o Patrimônio;3941,58;24081
2024;Prefeitura Municipal de Espera Feliz - MG;3124203;MG;DCA-Anexo I-C;Padrão;Receitas Brutas Realizadas;RO1.1.1.2.50.0.0;1.1.1.2.50.0.0 - Imposto sobre a Propriedade Predial e Territorial Urbana;1402158,72;24081
2024;Prefeitura Municipal de Espera Feliz - MG;3124203;MG;DCA-Anexo I-C;Padrão;Outras Deduções da Receita;RO1.1.1.2.50.0.0;1.1.1.2.50.0.0 - Imposto sobre a Propriedade Predial e Territorial Urbana;341,58;24081
2024;Prefeitura Municipal de Espera Feliz - MG;3124203;MG;DCA-Anexo I-C;Padrão;Receitas Brutas Realizadas;RO1.1.1.2.53.0.0;"1.1.1.2.53.0.0 - Impostos sobre Transmissão ""Inter Vivos"" de Bens Imóveis e de Direitos Reais sobre Imóveis";1047697,20;24081
2024;Prefeitura Municipal de Espera Feliz - MG;3124203;MG;DCA-Anexo I-C;Padrão;Outras Deduções da Receita;RO1.1.1.2.53.0.0;"1.1.1.2.53.0.0 - Impostos sobre Transmissão ""Inter Vivos"" de Bens Imóveis e de Direitos Reais sobre Imóveis";3600,00;24081
2024;Prefeitura Municipal de Espera Feliz - MG;3124203;MG;DCA-Anexo I-C;Padrão;Receitas Brutas Realizadas;RO1.1.1.3.00.0.0;1.1.1.3.00.0.0 - Impostos sobre a Renda e Proventos de Qualquer Natureza;2130194,60;24081
2024;Prefeitura Municipal de Espera Feliz - MG;3124203;MG;DCA-Anexo I-C;Padrão;Receitas Brutas Realizadas;RO1.1.1.3.03.0.0;1.1.1.3.03.0.0 - Imposto sobre a Renda - Retido na Fonte;2130194,60;24081
2024;Prefeitura Municipal de Espera Feliz - MG;3124203;MG;DCA-Anexo I-C;Padrão;Receitas Brutas Realizadas;RO1.1.1.3.03.1.0;1.1.1.3.03.1.0 - Imposto sobre a Renda - Retido na Fonte - Trabalho;1827312,34;24081
2024;Prefeitura Municipal de Espera Feliz - MG;3124203;MG;DCA-Anexo I-C;Padrão;Receitas Brutas Realizadas;RO1.1.1.3.03.4.0;1.1.1.3.03.4.0 - Imposto sobre a Renda - Retido na Fonte - Outros Rendimentos;302882,26;24081
2024;Prefeitura Municipal de Espera Feliz - MG;3124203;MG;DCA-Anexo I-C;Padrão;Receitas Brutas Realizadas;RO1.1.1.4.00.0.0;1.1.1.4.00.0.0 - Impostos sobre a Produção e Circulação de Mercadorias e Serviços;3033199,87;24081
2024;Prefeitura Municipal de Espera Feliz - MG;3124203;MG;DCA-Anexo I-C;Padrão;Receitas Brutas Realizadas;RO1.1.1.4.51.0.0;1.1.1.4.51.0.0 - Impostos sobre Serviços;3033199,87;24081
2024;Prefeitura Municipal de Espera Feliz - MG;3124203;MG;DCA-Anexo I-C;Padrão;Receitas Brutas Realizadas;RO1.1.1.4.51.1.0;1.1.1.4.51.1.0 - Imposto sobre Serviços de Qualquer Natureza - ISSQN;3033199,87;24081
2024;Prefeitura Municipal de Espera Feliz - MG;3124203;MG;DCA-Anexo I-C;Padrão;Receitas Brutas Realizadas;RO1.1.2.0.00.0.0;1.1.2.0.00.0.0 - Taxas;1073188,57;24081
2024;Prefeitura Municipal de Espera Feliz - MG;3124203;MG;DCA-Anexo I-C;Padrão;Receitas Brutas Realizadas;RO1.1.2.1.00.0.0;1.1.2.1.00.0.0 - Taxas pelo Exercício do Poder de Polícia;232659,22;24081
2024;Prefeitura Municipal de Espera Feliz - MG;3124203;MG;DCA-Anexo I-C;Padrão;Receitas Brutas Realizadas;RO1.1.2.1.02.0.0;1.1.2.1.02.0.0 - Taxas de Fiscalização das Telecomunicações;228456,89;24081
2024;Prefeitura Municipal de Espera Feliz - MG;3124203;MG;DCA-Anexo I-C;Padrão;Receitas Brutas Realizadas;RO1.1.2.1.02.2.0;1.1.2.1.02.2.0 - Taxa de Fiscalização de Funcionamento - TFF - Não Proveniente da Utilização de Posições Orbitais;228456,89;24081
2024;Prefeitura Municipal de Espera Feliz - MG;3124203;MG;DCA-Anexo I-C;Padrão;Receitas Brutas Realizadas;RO1.1.2.1.50.0.0;1.1.2.1.50.0.0 - Taxa de Fiscalização de Vigilância Sanitária;4202,33;24081
2024;Prefeitura Municipal de Espera Feliz - MG;3124203;MG;DCA-Anexo I-C;Padrão;Receitas Brutas Realizadas;RO1.1.2.2.00.0.0;1.1.2.2.00.0.0 - Taxas pela Prestação de Serviços;840529,35;24081
2024;Prefeitura Municipal de Espera Feliz - MG;3124203;MG;DCA-Anexo I-C;Padrão;Receitas Brutas Realizadas;RO1.1.2.2.01.0.0;1.1.2.2.01.0.0 - Taxas pela Prestação de Serviços em Geral;840529,35;24081
2024;Prefeitura Municipal de Espera Feliz - MG;3124203;MG;DCA-Anexo I-C;Padrão;Receitas Brutas Realizadas;RO1.2.0.0.00.0.0;1.2.0.0.00.0.0 - Contribuições;4384497,21;24081
2024;Prefeitura Municipal de Espera Feliz - MG;3124203;MG;DCA-Anexo I-C;Padrão;Receitas Brutas Realizadas;RO1.2.1.0.00.0.0;1.2.1.0.00.0.0 - Contribuições Sociais;2270784,07;24081
2024;Prefeitura Municipal de Espera Feliz - MG;3124203;MG;DCA-Anexo I-C;Padrão;Receitas Brutas Realizadas;RO1.2.1.5.00.0.0;1.2.1.5.00.0.0 - Contribuições para Regimes Próprios de Previdência e Sistema de Proteção Social;2270784,07;24081
2024;Prefeitura Municipal de Espera Feliz - MG;3124203;MG;DCA-Anexo I-C;Padrão;Receitas Brutas Realizadas;RO1.2.1.5.01.0.0;1.2.1.5.01.0.0 - Contribuição do Servidor Civil;2270784,07;24081
2024;Prefeitura Municipal de Espera Feliz - MG;3124203;MG;DCA-Anexo I-C;Padrão;Receitas Brutas Realizadas;RO1.2.1.5.01.1.0;1.2.1.5.01.1.0 - Contribuição do Servidor Civil Ativo;2265313,43;24081
2024;Prefeitura Municipal de Espera Feliz - MG;3124203;MG;DCA-Anexo I-C;Padrão;Receitas Brutas Realizadas;RO1.2.1.5.01.2.0;1.2.1.5.01.2.0 - Contribuição do Servidor Civil Inativo;5470,64;24081
2024;Prefeitura Municipal de Espera Feliz - MG;3124203;MG;DCA-Anexo I-C;Padrão;Receitas Brutas Realizadas;RO1.2.4.0.00.0.0;1.2.4.0.00.0.0 - Contribuição para o Custeio do Serviço de Iluminação Pública;2113713,14;24081
2024;Prefeitura Municipal de Espera Feliz - MG;3124203;MG;DCA-Anexo I-C;Padrão;Receitas Brutas Realizadas;RO1.3.0.0.00.0.0;1.3.0.0.00.0.0 - Receita Patrimonial;5115057,79;24081
2024;Prefeitura Municipal de Espera Feliz - MG;3124203;MG;DCA-Anexo I-C;Padrão;Outras Deduções da Receita;RO1.3.0.0.00.0.0;1.3.0.0.00.0.0 - Receita Patrimonial;590086,42;24081
2024;Prefeitura Municipal de Espera Feliz - MG;3124203;MG;DCA-Anexo I-C;Padrão;Receitas Brutas Realizadas;RO1.3.1.0.00.0.0;1.3.1.0.00.0.0 - Exploração do Patrimônio Imobiliário do Estado;231662,80;24081
2024;Prefeitura Municipal de Espera Feliz - MG;3124203;MG;DCA-Anexo I-C;Padrão;Receitas Brutas Realizadas;RO1.3.1.1.00.0.0;1.3.1.1.00.0.0 - Exploração do Patrimônio Imobiliário do Estado;231662,80;24081
2024;Prefeitura Municipal de Espera Feliz - MG;3124203;MG;DCA-Anexo I-C;Padrão;Receitas Brutas Realizadas;RO1.3.1.1.01.0.0;1.3.1.1.01.0.0 - Aluguéis, Arrendamentos, Foros, Laudêmios, Tarifas de Ocupação;231662,80;24081
2024;Prefeitura Municipal de Espera Feliz - MG;3124203;MG;DCA-Anexo I-C;Padrão;Receitas Brutas Realizadas;RO1.3.1.1.01.1.0;1.3.1.1.01.1.0 - Aluguéis e Arrendamentos;231662,80;24081
2024;Prefeitura Municipal de Espera Feliz - MG;3124203;MG;DCA-Anexo I-C;Padrão;Receitas Brutas Realizadas;RO1.3.2.0.00.0.0;1.3.2.0.00.0.0 - Valores Mobiliários;3146705,27;24081
2024;Prefeitura Municipal de Espera Feliz - MG;3124203;MG;DCA-Anexo I-C;Padrão;Outras Deduções da Receita;RO1.3.2.0.00.0.0;1.3.2.0.00.0.0 - Valores Mobiliários;590086,42;24081
2024;Prefeitura Municipal de Espera Feliz - MG;3124203;MG;DCA-Anexo I-C;Padrão;Receitas Brutas Realizadas;RO1.3.2.1.00.0.0;1.3.2.1.00.0.0 - Juros e Correções Monetárias;3146705,27;24081
2024;Prefeitura Municipal de Espera Feliz - MG;3124203;MG;DCA-Anexo I-C;Padrão;Outras Deduções da Receita;RO1.3.2.1.00.0.0;1.3.2.1.00.0.0 - Juros e Correções Monetárias;590086,42;24081
2024;Prefeitura Municipal de Espera Feliz - MG;3124203;MG;DCA-Anexo I-C;Padrão;Receitas Brutas Realizadas;RO1.3.2.1.01.0.0;1.3.2.1.01.0.0 - Remuneração de Depósitos Bancários;1826170,78;24081
2024;Prefeitura Municipal de Espera Feliz - MG;3124203;MG;DCA-Anexo I-C;Padrão;Receitas Brutas Realizadas;RO1.3.2.1.04.0.0;1.3.2.1.04.0.0 - Remuneração dos Recursos do Regime Próprio de Previdência Social - RPPS;1320534,49;24081
2024;Prefeitura Municipal de Espera Feliz - MG;3124203;MG;DCA-Anexo I-C;Padrão;Outras Deduções da Receita;RO1.3.2.1.04.0.0;1.3.2.1.04.0.0 - Remuneração dos Recursos do Regime Próprio de Previdência Social - RPPS;590086,42;24081
2024;Prefeitura Municipal de Espera Feliz - MG;3124203;MG;DCA-Anexo I-C;Padrão;Receitas Brutas Realizadas;RO1.3.6.0.00.0.0;1.3.6.0.00.0.0 - Cessão de Direitos;1736689,72;24081
2024;Prefeitura Municipal de Espera Feliz - MG;3124203;MG;DCA-Anexo I-C;Padrão;Receitas Brutas Realizadas;RO1.3.6.1.00.0.0;1.3.6.1.00.0.0 - Cessão de Direitos;1736689,72;24081
2024;Prefeitura Municipal de Espera Feliz - MG;3124203;MG;DCA-Anexo I-C;Padrão;Receitas Brutas Realizadas;RO1.3.6.1.01.0.0;1.3.6.1.01.0.0 - Cessão do Direito de Operacionalização de Pagamentos;1736689,72;24081
2024;Prefeitura Municipal de Espera Feliz - MG;3124203;MG;DCA-Anexo I-C;Padrão;Receitas Brutas Realizadas;RO1.3.6.1.01.1.0;1.3.6.1.01.1.0 - Cessão do Direito de Operacionalização de Pagamentos - Poderes Executivo e Legislativo;1736689,72;24081
2024;Prefeitura Municipal de Espera Feliz - MG;3124203;MG;DCA-Anexo I-C;Padrão;Receitas Brutas Realizadas;RO1.6.0.0.00.0.0;1.6.0.0.00.0.0 - Receita de Serviços;707344,34;24081
2024;Prefeitura Municipal de Espera Feliz - MG;3124203;MG;DCA-Anexo I-C;Padrão;Receitas Brutas Realizadas;RO1.6.1.0.00.0.0;1.6.1.0.00.0.0 - Serviços Administrativos e Comerciais Gerais;238330,02;24081
2024;Prefeitura Municipal de Espera Feliz - MG;3124203;MG;DCA-Anexo I-C;Padrão;Receitas Brutas Realizadas;RO1.6.1.1.00.0.0;1.6.1.1.00.0.0 - Serviços Administrativos e Comerciais Gerais;238330,02;24081
2024;Prefeitura Municipal de Espera Feliz - MG;3124203;MG;DCA-Anexo I-C;Padrão;Receitas Brutas Realizadas;RO1.6.1.1.02.0.0;1.6.1.1.02.0.0 - Inscrição em Concursos e Processos Seletivos;238330,02;24081
2024;Prefeitura Municipal de Espera Feliz - MG;3124203;MG;DCA-Anexo I-C;Padrão;Receitas Brutas Realizadas;RO1.6.3.0.00.0.0;1.6.3.0.00.0.0 - Serviços e Atividades Referentes à Saúde;469014,32;24081
2024;Prefeitura Municipal de Espera Feliz - MG;3124203;MG;DCA-Anexo I-C;Padrão;Receitas Brutas Realizadas;RO1.6.3.1.00.0.0;1.6.3.1.00.0.0 - Serviços de Atendimento à Saúde;469014,32;24081
2024;Prefeitura Municipal de Espera Feliz - MG;3124203;MG;DCA-Anexo I-C;Padrão;Receitas Brutas Realizadas;RO1.6.3.1.99.0.0;1.6.3.1.99.0.0 - Outros Serviços de Atendimento à Saúde;469014,32;24081
2024;Prefeitura Municipal de Espera Feliz - MG;3124203;MG;DCA-Anexo I-C;Padrão;Receitas Brutas Realizadas;RO1.7.0.0.00.0.0;1.7.0.0.00.0.0 - Transferências Correntes;100821382,72;24081
2024;Prefeitura Municipal de Espera Feliz - MG;3124203;MG;DCA-Anexo I-C;Padrão;Deduções - FUNDEB;RO1.7.0.0.00.0.0;1.7.0.0.00.0.0 - Transferências Correntes;11208111,93;24081
2024;Prefeitura Municipal de Espera Feliz - MG;3124203;MG;DCA-Anexo I-C;Padrão;Outras Deduções da Receita;RO1.7.0.0.00.0.0;1.7.0.0.00.0.0 - Transferências Correntes;440655,14;24081
2024;Prefeitura Municipal de Espera Feliz - MG;3124203;MG;DCA-Anexo I-C;Padrão;Receitas Brutas Realizadas;RO1.7.1.0.00.0.0;1.7.1.0.00.0.0 - Transferências da União e de suas Entidades;60537839,01;24081
2024;Prefeitura Municipal de Espera Feliz - MG;3124203;MG;DCA-Anexo I-C;Padrão;Deduções - FUNDEB;RO1.7.1.0.00.0.0;1.7.1.0.00.0.0 - Transferências da União e de suas Entidades;7856231,16;24081
2024;Prefeitura Municipal de Espera Feliz - MG;3124203;MG;DCA-Anexo I-C;Padrão;Outras Deduções da Receita;RO1.7.1.0.00.0.0;1.7.1.0.00.0.0 - Transferências da União e de suas Entidades;259676,81;24081
2024;Prefeitura Municipal de Espera Feliz - MG;3124203;MG;DCA-Anexo I-C;Padrão;Receitas Brutas Realizadas;RO1.7.1.1.00.0.0;1.7.1.1.00.0.0 - Transferências Decorrentes de Participação na Receita da União;43335170,14;24081
2024;Prefeitura Municipal de Espera Feliz - MG;3124203;MG;DCA-Anexo I-C;Padrão;Deduções - FUNDEB;RO1.7.1.1.00.0.0;1.7.1.1.00.0.0 - Transferências Decorrentes de Participação na Receita da União;7856231,16;24081
2024;Prefeitura Municipal de Espera Feliz - MG;3124203;MG;DCA-Anexo I-C;Padrão;Outras Deduções da Receita;RO1.7.1.1.00.0.0;1.7.1.1.00.0.0 - Transferências Decorrentes de Participação na Receita da União;4852,54;24081
2024;Prefeitura Municipal de Espera Feliz - MG;3124203;MG;DCA-Anexo I-C;Padrão;Receitas Brutas Realizadas;RO1.7.1.1.51.0.0;1.7.1.1.51.0.0 -Cota-Parte do Fundo de Participação dos Municípios - FPM;43313771,69;24081
2024;Prefeitura Municipal de Espera Feliz - MG;3124203;MG;DCA-Anexo I-C;Padrão;Deduções - FUNDEB;RO1.7.1.1.51.0.0;1.7.1.1.51.0.0 -Cota-Parte do Fundo de Participação dos Municípios - FPM;7851951,63;24081
2024;Prefeitura Municipal de Espera Feliz - MG;3124203;MG;DCA-Anexo I-C;Padrão;Outras Deduções da Receita;RO1.7.1.1.51.0.0;1.7.1.1.51.0.0 -Cota-Parte do Fundo de Participação dos Municípios - FPM;4852,54;24081
2024;Prefeitura Municipal de Espera Feliz - MG;3124203;MG;DCA-Anexo I-C;Padrão;Receitas Brutas Realizadas;RO1.7.1.1.51.1.0;1.7.1.1.51.1.0 - Cota-Parte do Fundo de Participação dos Municípios - Cota Mensal;39967990,23;24081
2024;Prefeitura Municipal de Espera Feliz - MG;3124203;MG;DCA-Anexo I-C;Padrão;Deduções - FUNDEB;RO1.7.1.1.51.1.0;1.7.1.1.51.1.0 - Cota-Parte do Fundo de Participação dos Municípios - Cota Mensal;7851951,63;24081
2024;Prefeitura Municipal de Espera Feliz - MG;3124203;MG;DCA-Anexo I-C;Padrão;Outras Deduções da Receita;RO1.7.1.1.51.1.0;1.7.1.1.51.1.0 - Cota-Parte do Fundo de Participação dos Municípios - Cota Mensal;4852,54;24081
2024;Prefeitura Municipal de Espera Feliz - MG;3124203;MG;DCA-Anexo I-C;Padrão;Receitas Brutas Realizadas;RO1.7.1.1.51.2.0;1.7.1.1.51.2.0 - Cota-Parte do Fundo de Participação dos Municípios - Cotas Extraordinárias;3345781,46;24081
2024;Prefeitura Municipal de Espera Feliz - MG;3124203;MG;DCA-Anexo I-C;Padrão;Receitas Brutas Realizadas;RO1.7.1.1.52.0.0;1.7.1.1.52.0.0 - Cota-Parte do Imposto Sobre a Propriedade Territorial Rural;21398,45;24081
2024;Prefeitura Municipal de Espera Feliz - MG;3124203;MG;DCA-Anexo I-C;Padrão;Deduções - FUNDEB;RO1.7.1.1.52.0.0;1.7.1.1.52.0.0 - Cota-Parte do Imposto Sobre a Propriedade Territorial Rural;4279,53;24081
2024;Prefeitura Municipal de Espera Feliz - MG;3124203;MG;DCA-Anexo I-C;Padrão;Receitas Brutas Realizadas;RO1.7.1.2.00.0.0;1.7.1.2.00.0.0 -Transferências das Compensações Financeiras pela Exploração de Recursos Naturais;780106,05;24081
2024;Prefeitura Municipal de Espera Feliz - MG;3124203;MG;DCA-Anexo I-C;Padrão;Receitas Brutas Realizadas;RO1.7.1.2.52.0.0;1.7.1.2.52.0.0 - Cota-parte da Compensação Financeira pela Produção de Petróleo;780106,05;24081
2024;Prefeitura Municipal de Espera Feliz - MG;3124203;MG;DCA-Anexo I-C;Padrão;Receitas Brutas Realizadas;RO1.7.1.2.52.4.0;1.7.1.2.52.4.0 - Cota-Parte do Fundo Especial do Petróleo ¿ FEP;780106,05;24081
2024;Prefeitura Municipal de Espera Feliz - MG;3124203;MG;DCA-Anexo I-C;Padrão;Receitas Brutas Realizadas;RO1.7.1.3.00.0.0;1.7.1.3.00.0.0 -Transferências de Recursos do Sistema Único de Saúde ¿ SUS ;10816858,19;24081
2024;Prefeitura Municipal de Espera Feliz - MG;3124203;MG;DCA-Anexo I-C;Padrão;Outras Deduções da Receita;RO1.7.1.3.00.0.0;1.7.1.3.00.0.0 -Transferências de Recursos do Sistema Único de Saúde ¿ SUS ;220372,36;24081
2024;Prefeitura Municipal de Espera Feliz - MG;3124203;MG;DCA-Anexo I-C;Padrão;Receitas Brutas Realizadas;RO1.7.1.3.50.0.0;1.7.1.3.50.0.0 - Transferências de Recursos do Sistema Único de Saúde ¿ SUS ¿ Repasses Fundo a Fundo - Bloco de Manutenção das Ações e Serviços Públicos de Saúde;10816858,19;24081
2024;Prefeitura Municipal de Espera Feliz - MG;3124203;MG;DCA-Anexo I-C;Padrão;Outras Deduções da Receita;RO1.7.1.3.50.0.0;1.7.1.3.50.0.0 - Transferências de Recursos do Sistema Único de Saúde ¿ SUS ¿ Repasses Fundo a Fundo - Bloco de Manutenção das Ações e Serviços Públicos de Saúde;220372,36;24081
2024;Prefeitura Municipal de Espera Feliz - MG;3124203;MG;DCA-Anexo I-C;Padrão;Receitas Brutas Realizadas;RO1.7.1.3.50.1.0;1.7.1.3.50.1.0 - Transferências de Recursos do Bloco de Manutenção das Ações e Serviços Públicos de Saúde ¿ Atenção Primária;8690729,24;24081
2024;Prefeitura Municipal de Espera Feliz - MG;3124203;MG;DCA-Anexo I-C;Padrão;Outras Deduções da Receita;RO1.7.1.3.50.1.0;1.7.1.3.50.1.0 - Transferências de Recursos do Bloco de Manutenção das Ações e Serviços Públicos de Saúde ¿ Atenção Primária;220372,36;24081
2024;Prefeitura Municipal de Espera Feliz - MG;3124203;MG;DCA-Anexo I-C;Padrão;Receitas Brutas Realizadas;RO1.7.1.3.50.2.0;1.7.1.3.50.2.0 - Transferências de Recursos do Bloco de Manutenção das Ações e Serviços Públicos de Saúde ¿ Atenção Especializada;1313899,09;24081
2024;Prefeitura Municipal de Espera Feliz - MG;3124203;MG;DCA-Anexo I-C;Padrão;Receitas Brutas Realizadas;RO1.7.1.3.50.3.0;1.7.1.3.50.3.0 - Transferências de Recursos do Bloco de Manutenção das Ações e Serviços Públicos de Saúde ¿ Vigilância em Saúde;525960,50;24081
2024;Prefeitura Municipal de Espera Feliz - MG;3124203;MG;DCA-Anexo I-C;Padrão;Receitas Brutas Realizadas;RO1.7.1.3.50.4.0;1.7.1.3.50.4.0 -Transferências de Recursos do Bloco de Manutenção das Ações e Serviços Públicos de Saúde ¿ Assistência Farmacêutica;263164,46;24081
2024;Prefeitura Municipal de Espera Feliz - MG;3124203;MG;DCA-Anexo I-C;Padrão;Receitas Brutas Realizadas;RO1.7.1.3.50.5.0;1.7.1.3.50.5.0 - Transferências de Recursos do Bloco de Manutenção das Ações e Serviços Públicos de Saúde ¿ Gestão do SUS;23104,90;24081
2024;Prefeitura Municipal de Espera Feliz - MG;3124203;MG;DCA-Anexo I-C;Padrão;Receitas Brutas Realizadas;RO1.7.1.4.00.0.0;1.7.1.4.00.0.0 -Transferências de Recursos do Fundo Nacional do Desenvolvimento da Educação ¿ FNDE¿ ;1671434,46;24081
2024;Prefeitura Municipal de Espera Feliz - MG;3124203;MG;DCA-Anexo I-C;Padrão;Receitas Brutas Realizadas;RO1.7.1.4.50.0.0;1.7.1.4.50.0.0 - Transferências do Salário-Educação;968065,97;24081
2024;Prefeitura Municipal de Espera Feliz - MG;3124203;MG;DCA-Anexo I-C;Padrão;Receitas Brutas Realizadas;RO1.7.1.4.51.0.0;1.7.1.4.51.0.0 - Transferências Diretas do FNDE referentes ao Programa Dinheiro Direto na Escola ¿ PDDE;7740,00;24081
2024;Prefeitura Municipal de Espera Feliz - MG;3124203;MG;DCA-Anexo I-C;Padrão;Receitas Brutas Realizadas;RO1.7.1.4.52.0.0;1.7.1.4.52.0.0 - Transferências referentes ao Programa Nacional de Alimentação Escolar ¿ PNAE;328937,92;24081
2024;Prefeitura Municipal de Espera Feliz - MG;3124203;MG;DCA-Anexo I-C;Padrão;Receitas Brutas Realizadas;RO1.7.1.4.53.0.0;1.7.1.4.53.0.0 - Transferências referentes ao Programa Nacional de Apoio ao Transporte do Escolar ¿ PNATE;204141,21;24081
2024;Prefeitura Municipal de Espera Feliz - MG;3124203;MG;DCA-Anexo I-C;Padrão;Receitas Brutas Realizadas;RO1.7.1.4.99.0.0;1.7.1.4.99.0.0 - Outras Transferências Diretas do Fundo Nacional do Desenvolvimento da Educação - FNDE;162549,36;24081
2024;Prefeitura Municipal de Espera Feliz - MG;3124203;MG;DCA-Anexo I-C;Padrão;Receitas Brutas Realizadas;RO1.7.1.5.00.0.0;1.7.1.5.00.0.0 - Transferências de Recursos de Complementação da União ao Fundo de Manutenção e Desenvolvimento da Educação Básica e de Valorização dos Profissionais da Educação ¿ FUNDEB ;3002681,34;24081
2024;Prefeitura Municipal de Espera Feliz - MG;3124203;MG;DCA-Anexo I-C;Padrão;Outras Deduções da Receita;RO1.7.1.5.00.0.0;1.7.1.5.00.0.0 - Transferências de Recursos de Complementação da União ao Fundo de Manutenção e Desenvolvimento da Educação Básica e de Valorização dos Profissionais da Educação ¿ FUNDEB ;34451,91;24081
2024;Prefeitura Municipal de Espera Feliz - MG;3124203;MG;DCA-Anexo I-C;Padrão;Receitas Brutas Realizadas;RO1.7.1.6.00.0.0;1.7.1.6.00.0.0 - Transferências de Recursos do Fundo Nacional de Assistência Social ¿ FNAS;638576,28;24081
2024;Prefeitura Municipal de Espera Feliz - MG;3124203;MG;DCA-Anexo I-C;Padrão;Receitas Brutas Realizadas;RO1.7.1.9.00.0.0;1.7.1.9.00.0.0 - Outras Transferências de Recursos da União e de suas Entidades;293012,55;24081
2024;Prefeitura Municipal de Espera Feliz - MG;3124203;MG;DCA-Anexo I-C;Padrão;Receitas Brutas Realizadas;RO1.7.1.9.58.0.0;1.7.1.9.58.0.0 - Transferência Obrigatória Decorrente da Lei Complementar nº 176/2020;79886,40;24081
2024;Prefeitura Municipal de Espera Feliz - MG;3124203;MG;DCA-Anexo I-C;Padrão;Receitas Brutas Realizadas;RO1.7.1.9.60.0.0;1.7.1.9.60.0.0 - Transferências da Política Nacional Aldir Blanc de Fomento à Cultura - Lei nº 14.399/2022;202201,23;24081
2024;Prefeitura Municipal de Espera Feliz - MG;3124203;MG;DCA-Anexo I-C;Padrão;Receitas Brutas Realizadas;RO1.7.1.9.99.0.0;1.7.1.9.99.0.0 - Outras Transferências de Recursos da União e de suas Entidades;10924,92;24081
2024;Prefeitura Municipal de Espera Feliz - MG;3124203;MG;DCA-Anexo I-C;Padrão;Receitas Brutas Realizadas;RO1.7.2.0.00.0.0;1.7.2.0.00.0.0 - Transferências dos Estados e do Distrito Federal e de suas Entidades;23870097,65;24081
2024;Prefeitura Municipal de Espera Feliz - MG;3124203;MG;DCA-Anexo I-C;Padrão;Deduções - FUNDEB;RO1.7.2.0.00.0.0;1.7.2.0.00.0.0 - Transferências dos Estados e do Distrito Federal e de suas Entidades;3351880,77;24081
2024;Prefeitura Municipal de Espera Feliz - MG;3124203;MG;DCA-Anexo I-C;Padrão;Outras Deduções da Receita;RO1.7.2.0.00.0.0;1.7.2.0.00.0.0 - Transferências dos Estados e do Distrito Federal e de suas Entidades;180978,33;24081
2024;Prefeitura Municipal de Espera Feliz - MG;3124203;MG;DCA-Anexo I-C;Padrão;Receitas Brutas Realizadas;RO1.7.2.1.00.0.0;1.7.2.1.00.0.0 - Participação na Receita dos Estados e Distrito Federal;16794193,68;24081
2024;Prefeitura Municipal de Espera Feliz - MG;3124203;MG;DCA-Anexo I-C;Padrão;Deduções - FUNDEB;RO1.7.2.1.00.0.0;1.7.2.1.00.0.0 - Participação na Receita dos Estados e Distrito Federal;3351880,77;24081
2024;Prefeitura Municipal de Espera Feliz - MG;3124203;MG;DCA-Anexo I-C;Padrão;Outras Deduções da Receita;RO1.7.2.1.00.0.0;1.7.2.1.00.0.0 - Participação na Receita dos Estados e Distrito Federal;676,25;24081
2024;Prefeitura Municipal de Espera Feliz - MG;3124203;MG;DCA-Anexo I-C;Padrão;Receitas Brutas Realizadas;RO1.7.2.1.50.0.0;1.7.2.1.50.0.0 - Cota-Parte do ICMS;12123044,83;24081
2024;Prefeitura Municipal de Espera Feliz - MG;3124203;MG;DCA-Anexo I-C;Padrão;Deduções - FUNDEB;RO1.7.2.1.50.0.0;1.7.2.1.50.0.0 - Cota-Parte do ICMS;2424608,68;24081
2024;Prefeitura Municipal de Espera Feliz - MG;3124203;MG;DCA-Anexo I-C;Padrão;Receitas Brutas Realizadas;RO1.7.2.1.51.0.0;1.7.2.1.51.0.0 - Cota-Parte do IPVA;4482231,20;24081
2024;Prefeitura Municipal de Espera Feliz - MG;3124203;MG;DCA-Anexo I-C;Padrão;Deduções - FUNDEB;RO1.7.2.1.51.0.0;1.7.2.1.51.0.0 - Cota-Parte do IPVA;896444,90;24081
2024;Prefeitura Municipal de Espera Feliz - MG;3124203;MG;DCA-Anexo I-C;Padrão;Receitas Brutas Realizadas;RO1.7.2.1.52.0.0;1.7.2.1.52.0.0 - Cota-Parte do IPI - Municípios;154812,02;24081
2024;Prefeitura Municipal de Espera Feliz - MG;3124203;MG;DCA-Anexo I-C;Padrão;Deduções - FUNDEB;RO1.7.2.1.52.0.0;1.7.2.1.52.0.0 - Cota-Parte do IPI - Municípios;30827,19;24081
2024;Prefeitura Municipal de Espera Feliz - MG;3124203;MG;DCA-Anexo I-C;Padrão;Outras Deduções da Receita;RO1.7.2.1.52.0.0;1.7.2.1.52.0.0 - Cota-Parte do IPI - Municípios;676,25;24081
2024;Prefeitura Municipal de Espera Feliz - MG;3124203;MG;DCA-Anexo I-C;Padrão;Receitas Brutas Realizadas;RO1.7.2.1.53.0.0;1.7.2.1.53.0.0 - Cota-Parte da Contribuição de Intervenção no Domínio Econômico;34105,63;24081
2024;Prefeitura Municipal de Espera Feliz - MG;3124203;MG;DCA-Anexo I-C;Padrão;Receitas Brutas Realizadas;RO1.7.2.2.00.0.0;1.7.2.2.00.0.0 - Transferências das Compensações Financeiras pela Exploração de Recursos Naturais;111725,52;24081
2024;Prefeitura Municipal de Espera Feliz - MG;3124203;MG;DCA-Anexo I-C;Padrão;Receitas Brutas Realizadas;RO1.7.2.2.51.0.0;1.7.2.2.51.0.0 - Cota-parte da Compensação Financeira de Recursos Minerais - CFEM;111725,52;24081
2024;Prefeitura Municipal de Espera Feliz - MG;3124203;MG;DCA-Anexo I-C;Padrão;Receitas Brutas Realizadas;RO1.7.2.3.00.0.0;1.7.2.3.00.0.0 - Transferências de Recursos do Sistema Único de Saúde ¿ SUS;2569116,78;24081
2024;Prefeitura Municipal de Espera Feliz - MG;3124203;MG;DCA-Anexo I-C;Padrão;Receitas Brutas Realizadas;RO1.7.2.4.00.0.0;1.7.2.4.00.0.0 - Transferências de Convênios dos Estados e DF e de Suas Entidades;180302,08;24081
2024;Prefeitura Municipal de Espera Feliz - MG;3124203;MG;DCA-Anexo I-C;Padrão;Outras Deduções da Receita;RO1.7.2.4.00.0.0;1.7.2.4.00.0.0 - Transferências de Convênios dos Estados e DF e de Suas Entidades;180302,08;24081
2024;Prefeitura Municipal de Espera Feliz - MG;3124203;MG;DCA-Anexo I-C;Padrão;Receitas Brutas Realizadas;RO1.7.2.4.51.0.0;1.7.2.4.51.0.0 -Transferências de Convênios dos Estados Destinadas a Programas de Educação;180302,08;24081
2024;Prefeitura Municipal de Espera Feliz - MG;3124203;MG;DCA-Anexo I-C;Padrão;Outras Deduções da Receita;RO1.7.2.4.51.0.0;1.7.2.4.51.0.0 -Transferências de Convênios dos Estados Destinadas a Programas de Educação;180302,08;24081
2024;Prefeitura Municipal de Espera Feliz - MG;3124203;MG;DCA-Anexo I-C;Padrão;Receitas Brutas Realizadas;RO1.7.2.9.00.0.0;1.7.2.9.00.0.0 - Outras Transferências dos Estados e Distrito Federal;4214759,59;24081
2024;Prefeitura Municipal de Espera Feliz - MG;3124203;MG;DCA-Anexo I-C;Padrão;Receitas Brutas Realizadas;RO1.7.2.9.51.0.0;1.7.2.9.51.0.0 - Transferências de Estados destinadas à Assistência Social;380811,10;24081
2024;Prefeitura Municipal de Espera Feliz - MG;3124203;MG;DCA-Anexo I-C;Padrão;Receitas Brutas Realizadas;RO1.7.2.9.52.0.0;1.7.2.9.52.0.0 - Transferências de Recursos Destinados a Programas de Educação;2163624,93;24081
2024;Prefeitura Municipal de Espera Feliz - MG;3124203;MG;DCA-Anexo I-C;Padrão;Receitas Brutas Realizadas;RO1.7.2.9.99.0.0;1.7.2.9.99.0.0 - Outras Transferências dos Estados e DF;1670323,56;24081
2024;Prefeitura Municipal de Espera Feliz - MG;3124203;MG;DCA-Anexo I-C;Padrão;Receitas Brutas Realizadas;RO1.7.5.0.00.0.0;1.7.5.0.00.0.0 - Transferências de Outras Instituições Públicas;16413446,06;24081
2024;Prefeitura Municipal de Espera Feliz - MG;3124203;MG;DCA-Anexo I-C;Padrão;Receitas Brutas Realizadas;RO1.7.5.1.00.0.0;1.7.5.1.00.0.0 - Transferências de Recursos do Fundo de Manutenção e Desenvolvimento da Educação Básica e de Valorização dos Profissionais da Educação - FUNDEB;16413446,06;24081
2024;Prefeitura Municipal de Espera Feliz - MG;3124203;MG;DCA-Anexo I-C;Padrão;Receitas Brutas Realizadas;RO1.9.0.0.00.0.0;1.9.0.0.00.0.0 - Outras Receitas Correntes;329332,90;24081
2024;Prefeitura Municipal de Espera Feliz - MG;3124203;MG;DCA-Anexo I-C;Padrão;Receitas Brutas Realizadas;RO1.9.2.0.00.0.0;1.9.2.0.00.0.0 - Indenizações, Restituições e Ressarcimentos;58082,49;24081
2024;Prefeitura Municipal de Espera Feliz - MG;3124203;MG;DCA-Anexo I-C;Padrão;Receitas Brutas Realizadas;RO1.9.2.2.00.0.0;1.9.2.2.00.0.0 - Restituições;58082,49;24081
2024;Prefeitura Municipal de Espera Feliz - MG;3124203;MG;DCA-Anexo I-C;Padrão;Receitas Brutas Realizadas;RO1.9.2.2.99.0.0;1.9.2.2.99.0.0 - Outras Restituições;58082,49;24081
2024;Prefeitura Municipal de Espera Feliz - MG;3124203;MG;DCA-Anexo I-C;Padrão;Receitas Brutas Realizadas;RO1.9.9.0.00.0.0;1.9.9.0.00.0.0 - Demais Receitas Correntes;271250,41;24081
2024;Prefeitura Municipal de Espera Feliz - MG;3124203;MG;DCA-Anexo I-C;Padrão;Receitas Brutas Realizadas;RO1.9.9.9.00.0.0;1.9.9.9.00.0.0 - Outras Receitas Correntes;271250,41;24081
2024;Prefeitura Municipal de Espera Feliz - MG;3124203;MG;DCA-Anexo I-C;Padrão;Receitas Brutas Realizadas;RO1.9.9.9.03.0.0;1.9.9.9.03.0.0 - Compensações Financeiras entre os Regimes de Previdência;133027,29;24081
2024;Prefeitura Municipal de Espera Feliz - MG;3124203;MG;DCA-Anexo I-C;Padrão;Receitas Brutas Realizadas;RO1.9.9.9.20.0.0;1.9.9.9.20.0.0 - Retribuição pela Tributação, Fiscalização, Arrecadação, Cobrança e Recolhimento das Contribuições Sociais de Terceiros;138223,12;24081
2024;Prefeitura Municipal de Espera Feliz - MG;3124203;MG;DCA-Anexo I-C;Padrão;Receitas Brutas Realizadas;RO2.0.0.0.00.0.0;2.0.0.0.00.0.0 - Receitas de Capital;8228266,46;24081
2024;Prefeitura Municipal de Espera Feliz - MG;3124203;MG;DCA-Anexo I-C;Padrão;Receitas Brutas Realizadas;RO2.1.0.0.00.0.0;2.1.0.0.00.0.0 - Operações de Crédito;802310,13;24081
2024;Prefeitura Municipal de Espera Feliz - MG;3124203;MG;DCA-Anexo I-C;Padrão;Receitas Brutas Realizadas;RO2.1.1.0.00.0.0;2.1.1.0.00.0.0 - Operações de Crédito - Mercado Interno;802310,13;24081
2024;Prefeitura Municipal de Espera Feliz - MG;3124203;MG;DCA-Anexo I-C;Padrão;Receitas Brutas Realizadas;RO2.1.1.2.00.0.0;2.1.1.2.00.0.0 - Operações de Crédito Contratuais - Mercado Interno;802310,13;24081
2024;Prefeitura Municipal de Espera Feliz - MG;3124203;MG;DCA-Anexo I-C;Padrão;Receitas Brutas Realizadas;RO2.1.1.2.01.0.0;2.1.1.2.01.0.0 - Operações de Crédito Contratuais - Mercado Interno;802310,13;24081
2024;Prefeitura Municipal de Espera Feliz - MG;3124203;MG;DCA-Anexo I-C;Padrão;Receitas Brutas Realizadas;RO2.2.0.0.00.0.0;2.2.0.0.00.0.0 - Alienação de Bens;78062,00;24081
2024;Prefeitura Municipal de Espera Feliz - MG;3124203;MG;DCA-Anexo I-C;Padrão;Receitas Brutas Realizadas;RO2.2.1.0.00.0.0;2.2.1.0.00.0.0 - Alienação de Bens Móveis;78062,00;24081
2024;Prefeitura Municipal de Espera Feliz - MG;3124203;MG;DCA-Anexo I-C;Padrão;Receitas Brutas Realizadas;RO2.2.1.3.00.0.0;2.2.1.3.00.0.0 - Alienação de Bens Móveis e Semoventes;78062,00;24081
2024;Prefeitura Municipal de Espera Feliz - MG;3124203;MG;DCA-Anexo I-C;Padrão;Receitas Brutas Realizadas;RO2.4.0.0.00.0.0;2.4.0.0.00.0.0 - Transferências de Capital;7347894,33;24081
2024;Prefeitura Municipal de Espera Feliz - MG;3124203;MG;DCA-Anexo I-C;Padrão;Receitas Brutas Realizadas;RO2.4.1.0.00.0.0;2.4.1.0.00.0.0 - Transferências da União e de suas Entidades;4766489,33;24081
2024;Prefeitura Municipal de Espera Feliz - MG;3124203;MG;DCA-Anexo I-C;Padrão;Receitas Brutas Realizadas;RO2.4.1.2.00.0.0;2.4.1.2.00.0.0 - Transferências de Recursos do Fundo Nacional do Desenvolvimento da Educação ¿ FNDE ;20086,78;24081
2024;Prefeitura Municipal de Espera Feliz - MG;3124203;MG;DCA-Anexo I-C;Padrão;Receitas Brutas Realizadas;RO2.4.1.2.50.0.0;2.4.1.2.50.0.0 - Transferências de Recursos Destinados a Programas de Educação;20086,78;24081
2024;Prefeitura Municipal de Espera Feliz - MG;3124203;MG;DCA-Anexo I-C;Padrão;Receitas Brutas Realizadas;RO2.4.1.2.50.9.0;2.4.1.2.50.9.0 - Outras transferências destinadas a Programas de Educação;20086,78;24081
2024;Prefeitura Municipal de Espera Feliz - MG;3124203;MG;DCA-Anexo I-C;Padrão;Receitas Brutas Realizadas;RO2.4.1.4.00.0.0;2.4.1.4.00.0.0 - Transferências de Convênios da União e de suas Entidades ;1440003,00;24081
2024;Prefeitura Municipal de Espera Feliz - MG;3124203;MG;DCA-Anexo I-C;Padrão;Receitas Brutas Realizadas;RO2.4.1.4.99.0.0;2.4.1.4.99.0.0 - Outras Transferências de Convênios da União e de Suas Entidades;1440003,00;24081
2024;Prefeitura Municipal de Espera Feliz - MG;3124203;MG;DCA-Anexo I-C;Padrão;Receitas Brutas Realizadas;RO2.4.1.9.00.0.0;2.4.1.9.00.0.0 - Outras Transferências de Recursos da União e de suas Entidades;3306399,55;24081
2024;Prefeitura Municipal de Espera Feliz - MG;3124203;MG;DCA-Anexo I-C;Padrão;Receitas Brutas Realizadas;RO2.4.1.9.51.0.0;2.4.1.9.51.0.0 - Transferência Especial da União;3000000,00;24081
2024;Prefeitura Municipal de Espera Feliz - MG;3124203;MG;DCA-Anexo I-C;Padrão;Receitas Brutas Realizadas;RO2.4.1.9.99.0.0;2.4.1.9.99.0.0 - Outras Transferências De Recursos da União e de suas Entidades;306399,55;24081
2024;Prefeitura Municipal de Espera Feliz - MG;3124203;MG;DCA-Anexo I-C;Padrão;Receitas Brutas Realizadas;RO2.4.2.0.00.0.0;2.4.2.0.00.0.0 - Transferências dos Estados e do Distrito Federal e de suas Entidades;2581405,00;24081
2024;Prefeitura Municipal de Espera Feliz - MG;3124203;MG;DCA-Anexo I-C;Padrão;Receitas Brutas Realizadas;RO2.4.2.1.00.0.0;2.4.2.1.00.0.0 - Transferências de Recursos do Sistema Único de Saúde ¿ SUS dos Estados e DF;2024208,00;24081
2024;Prefeitura Municipal de Espera Feliz - MG;3124203;MG;DCA-Anexo I-C;Padrão;Receitas Brutas Realizadas;RO2.4.2.1.50.0.0;2.4.2.1.50.0.0 - Transferências de Recursos do Sistema Único de Saúde ¿ SUS;2024208,00;24081
2024;Prefeitura Municipal de Espera Feliz - MG;3124203;MG;DCA-Anexo I-C;Padrão;Receitas Brutas Realizadas;RO2.4.2.2.00.0.0;2.4.2.2.00.0.0 - Transferências de Convênios dos Estados e DF e de Suas Entidades ;79569,00;24081
2024;Prefeitura Municipal de Espera Feliz - MG;3124203;MG;DCA-Anexo I-C;Padrão;Receitas Brutas Realizadas;RO2.4.2.2.50.0.0;2.4.2.2.50.0.0 - Transferências de Convênios dos Estados para o Sistema Único de Saúde ¿ SUS;79569,00;24081
2024;Prefeitura Municipal de Espera Feliz - MG;3124203;MG;DCA-Anexo I-C;Padrão;Receitas Brutas Realizadas;RO2.4.2.9.00.0.0;2.4.2.9.00.0.0 - Outras Transferências de Recursos dos Estados;477628,00;24081
2024;Prefeitura Municipal de Espera Feliz - MG;3124203;MG;DCA-Anexo I-C;Padrão;Receitas Brutas Realizadas;RO2.4.2.9.99.0.0;2.4.2.9.99.0.0 - Outras Transferências de Recursos dos Estados;477628,00;24081
2024;Prefeitura Municipal de Espera Feliz - MG;3124203;MG;DCA-Anexo I-C;Padrão;Receitas Brutas Realizadas;ReceitasIntraOrcamentarias;RECEITAS (INTRA-ORÇAMENTÁRIAS) (II);6123235,31;24081
2024;Prefeitura Municipal de Espera Feliz - MG;3124203;MG;DCA-Anexo I-C;Padrão;Receitas Brutas Realizadas;RI7.0.0.0.00.0.0;7.0.0.0.00.0.0 - Receitas Correntes;6123235,31;24081
2024;Prefeitura Municipal de Espera Feliz - MG;3124203;MG;DCA-Anexo I-C;Padrão;Receitas Brutas Realizadas;RI7.2.0.0.00.0.0;7.2.0.0.00.0.0 - Contribuições;6123235,31;24081
2024;Prefeitura Municipal de Espera Feliz - MG;3124203;MG;DCA-Anexo I-C;Padrão;Receitas Brutas Realizadas;RI7.2.1.0.00.0.0;7.2.1.0.00.0.0 - Contribuições Sociais;6123235,31;24081
2024;Prefeitura Municipal de Espera Feliz - MG;3124203;MG;DCA-Anexo I-C;Padrão;Receitas Brutas Realizadas;RI7.2.1.5.00.0.0;7.2.1.5.00.0.0 - Contribuições para Regimes Próprios de Previdência e Sistema de Proteção Social;6123235,31;24081
2024;Prefeitura Municipal de Espera Feliz - MG;3124203;MG;DCA-Anexo I-C;Padrão;Receitas Brutas Realizadas;RI7.2.1.5.02.0.0;7.2.1.5.02.0.0 - Contribuição Patronal - Servidor Civil;6123235,31;24081
2024;Prefeitura Municipal de Espera Feliz - MG;3124203;MG;DCA-Anexo I-C;Padrão;Receitas Brutas Realizadas;RI7.2.1.5.02.1.0;7.2.1.5.02.1.0 - Contribuição Patronal - Servidor Civil Ativo;6123235,31;24081
2024;Prefeitura Municipal de Espera Feliz - MG;3124203;MG;DCA-Anexo I-C;Padrão;Receitas Brutas Realizadas;TotalReceitas;TOTAL DAS RECEITAS (III) = (I + II);134395555,69;24081
2024;Prefeitura Municipal de Espera Feliz - MG;3124203;MG;DCA-Anexo I-C;Padrão;Deduções - FUNDEB;TotalReceitas;TOTAL DAS RECEITAS (III) = (I + II);11208111,93;24081
2024;Prefeitura Municipal de Espera Feliz - MG;3124203;MG;DCA-Anexo I-C;Padrão;Outras Deduções da Receita;TotalReceitas;TOTAL DAS RECEITAS (III) = (I + II);1034683,14;24081
