exercicio;instituicao;cod_ibge;uf;anexo;rotulo;coluna;cod_conta;conta;valor;populacao
2014;Prefeitura Municipal de Lamarão - BA;2919108;BA;DCA-Anexo I-C;NA;Receitas Brutas Realizadas;TotalReceitas;Total Receitas;86153245,09;9554
2014;Prefeitura Municipal de Lamarão - BA;2919108;BA;DCA-Anexo I-C;NA;Deduções - Transferências Constitucionais;TotalReceitas;Total Receitas;8082898,86;9554
2014;Prefeitura Municipal de Lamarão - BA;2919108;BA;DCA-Anexo I-C;NA;Receitas Brutas Realizadas;RO1.0.0.0.00.00.00;1.0.0.0.00.00.00 - Receitas Correntes;84708656,13;9554
2014;Prefeitura Municipal de Lamarão - BA;2919108;BA;DCA-Anexo I-C;NA;Deduções - Transferências Constitucionais;RO1.0.0.0.00.00.00;1.0.0.0.00.00.00 - Receitas Correntes;7861870,53;9554
2014;Prefeitura Municipal de Lamarão - BA;2919108;BA;DCA-Anexo I-C;NA;Receitas Brutas Realizadas;RO1.1.0.0.00.00.00;1.1.0.0.00.00.00 - Receita Tributária;2550183,99;9554
2014;Prefeitura Municipal de Lamarão - BA;2919108;BA;DCA-Anexo I-C;NA;Receitas Brutas Realizadas;RO1.1.1.0.00.00.00;1.1.1.0.00.00.00 - Impostos;2123817,09;9554
2014;Prefeitura Municipal de Lamarão - BA;2919108;BA;DCA-Anexo I-C;NA;Receitas Brutas Realizadas;RO1.1.1.2.00.00.00;1.1.1.2.00.00.00 - Impostos sobre o Patrimônio e a Renda;552615,88;9554
2014;Prefeitura Municipal de Lamarão - BA;2919108;BA;DCA-Anexo I-C;NA;Receitas Brutas Realizadas;RO1.1.1.2.08.00.00;"1.1.1.2.08.00.00 - Imposto sobre Transmissão ""Inter Vivos"" de Bens Imóveis e de Direitos Reais sobre Imóveis ¿ ITBI";552615,88;9554
2014;Prefeitura Municipal de Lamarão - BA;2919108;BA;DCA-Anexo I-C;NA;Receitas Brutas Realizadas;RO1.1.1.3.00.00.00;1.1.1.3.00.00.00 - Impostos sobre a Produção e a Circulação;1571201,21;9554
2014;Prefeitura Municipal de Lamarão - BA;2919108;BA;DCA-Anexo I-C;NA;Receitas Brutas Realizadas;RO1.1.1.3.05.00.00;1.1.1.3.05.00.00 - Imposto sobre Serviços de Qualquer Natureza ¿ ISSQN;1571201,21;9554
2014;Prefeitura Municipal de Lamarão - BA;2919108;BA;DCA-Anexo I-C;NA;Receitas Brutas Realizadas;RO1.1.2.0.00.00.00;1.1.2.0.00.00.00 - Taxas;426366,90;9554
2014;Prefeitura Municipal de Lamarão - BA;2919108;BA;DCA-Anexo I-C;NA;Receitas Brutas Realizadas;RO1.1.2.1.00.00.00;1.1.2.1.00.00.00 - Taxas pelo Exercício do Poder de Polícia;426366,90;9554
2014;Prefeitura Municipal de Lamarão - BA;2919108;BA;DCA-Anexo I-C;NA;Receitas Brutas Realizadas;RO1.2.0.0.00.00.00;1.2.0.0.00.00.00 - Receitas de Contribuições;32046,12;9554
2014;Prefeitura Municipal de Lamarão - BA;2919108;BA;DCA-Anexo I-C;NA;Receitas Brutas Realizadas;RO1.2.3.0.00.00.00;1.2.3.0.00.00.00 - Contribuição para Custeio do Serviço de Iluminação Pública;32046,12;9554
2014;Prefeitura Municipal de Lamarão - BA;2919108;BA;DCA-Anexo I-C;NA;Receitas Brutas Realizadas;RO1.3.0.0.00.00.00;1.3.0.0.00.00.00 - Receita Patrimonial;1553120,53;9554
2014;Prefeitura Municipal de Lamarão - BA;2919108;BA;DCA-Anexo I-C;NA;Receitas Brutas Realizadas;RO1.3.2.0.00.00.00;1.3.2.0.00.00.00 - Receitas de Valores Mobiliários;1553120,53;9554
2014;Prefeitura Municipal de Lamarão - BA;2919108;BA;DCA-Anexo I-C;NA;Receitas Brutas Realizadas;RO1.3.2.5.00.00.00;1.3.2.5.00.00.00 - Remuneração de Depósitos Bancários;553120,53;9554
2014;Prefeitura Municipal de Lamarão - BA;2919108;BA;DCA-Anexo I-C;NA;Receitas Brutas Realizadas;RO1.3.2.9.00.00.00;1.3.2.9.00.00.00 - Outras Receitas de Valores Mobiliários;1000000,00;9554
2014;Prefeitura Municipal de Lamarão - BA;2919108;BA;DCA-Anexo I-C;NA;Receitas Brutas Realizadas;RO1.7.0.0.00.00.00;1.7.0.0.00.00.00 - Transferências Correntes;77817379,76;9554
2014;Prefeitura Municipal de Lamarão - BA;2919108;BA;DCA-Anexo I-C;NA;Deduções - Transferências Constitucionais;RO1.7.0.0.00.00.00;1.7.0.0.00.00.00 - Transferências Correntes;7861870,53;9554
2014;Prefeitura Municipal de Lamarão - BA;2919108;BA;DCA-Anexo I-C;NA;Receitas Brutas Realizadas;RO1.7.2.0.00.00.00;1.7.2.0.00.00.00 - Transferências Intergovernamentais;77817379,76;9554
2014;Prefeitura Municipal de Lamarão - BA;2919108;BA;DCA-Anexo I-C;NA;Deduções - Transferências Constitucionais;RO1.7.2.0.00.00.00;1.7.2.0.00.00.00 - Transferências Intergovernamentais;7861870,53;9554
2014;Prefeitura Municipal de Lamarão - BA;2919108;BA;DCA-Anexo I-C;NA;Receitas Brutas Realizadas;RO1.7.2.1.00.00.00;1.7.2.1.00.00.00 - Transferências da União;45014697,63;9554
2014;Prefeitura Municipal de Lamarão - BA;2919108;BA;DCA-Anexo I-C;NA;Deduções - Transferências Constitucionais;RO1.7.2.1.00.00.00;1.7.2.1.00.00.00 - Transferências da União;5576190,92;9554
2014;Prefeitura Municipal de Lamarão - BA;2919108;BA;DCA-Anexo I-C;NA;Receitas Brutas Realizadas;RO1.7.2.1.01.00.00;1.7.2.1.01.00.00 - Participação na Receita da União;28738304,44;9554
2014;Prefeitura Municipal de Lamarão - BA;2919108;BA;DCA-Anexo I-C;NA;Deduções - Transferências Constitucionais;RO1.7.2.1.01.00.00;1.7.2.1.01.00.00 - Participação na Receita da União;5568125,24;9554
2014;Prefeitura Municipal de Lamarão - BA;2919108;BA;DCA-Anexo I-C;NA;Receitas Brutas Realizadas;RO1.7.2.1.01.02.00;1.7.2.1.01.02.00 - Cota-Parte do Fundo de Participação dos Municípios ¿ FPM;28735939,52;9554
2014;Prefeitura Municipal de Lamarão - BA;2919108;BA;DCA-Anexo I-C;NA;Deduções - Transferências Constitucionais;RO1.7.2.1.01.02.00;1.7.2.1.01.02.00 - Cota-Parte do Fundo de Participação dos Municípios ¿ FPM;5567652,34;9554
2014;Prefeitura Municipal de Lamarão - BA;2919108;BA;DCA-Anexo I-C;NA;Receitas Brutas Realizadas;RO1.7.2.1.01.05.00;1.7.2.1.01.05.00 - Cota-Parte do Imposto Sobre a Propriedade Territorial Rural ¿ ITR;2364,92;9554
2014;Prefeitura Municipal de Lamarão - BA;2919108;BA;DCA-Anexo I-C;NA;Deduções - Transferências Constitucionais;RO1.7.2.1.01.05.00;1.7.2.1.01.05.00 - Cota-Parte do Imposto Sobre a Propriedade Territorial Rural ¿ ITR;472,90;9554
2014;Prefeitura Municipal de Lamarão - BA;2919108;BA;DCA-Anexo I-C;NA;Receitas Brutas Realizadas;RO1.7.2.1.22.00.00;1.7.2.1.22.00.00 - Transferências da Compensação Financeira pela Exploração de Recursos Naturais;455048,03;9554
2014;Prefeitura Municipal de Lamarão - BA;2919108;BA;DCA-Anexo I-C;NA;Receitas Brutas Realizadas;RO1.7.2.1.22.30.00;1.7.2.1.22.30.00 - Cota-Parte Royalties ¿ Compensação Financeira pela Produção de Petróleo ¿ Lei nº 7.990/89;455048,03;9554
2014;Prefeitura Municipal de Lamarão - BA;2919108;BA;DCA-Anexo I-C;NA;Receitas Brutas Realizadas;RO1.7.2.1.33.00.00;1.7.2.1.33.00.00 - Transferências de Recursos do Sistema Único de Saúde - SUS - Repasses Fundo a Fundo;14216356,80;9554
2014;Prefeitura Municipal de Lamarão - BA;2919108;BA;DCA-Anexo I-C;NA;Receitas Brutas Realizadas;RO1.7.2.1.35.00.00;1.7.2.1.35.00.00 - Transferências de Recursos do Fundo Nacional do Desenvolvimento da Educação ¿ FNDE;959735,10;9554
2014;Prefeitura Municipal de Lamarão - BA;2919108;BA;DCA-Anexo I-C;NA;Receitas Brutas Realizadas;RO1.7.2.1.36.00.00;1.7.2.1.36.00.00 - Transferências Financeiras do ICMS ¿ Desoneração ¿ L.C. Nº 87/96;40328,52;9554
2014;Prefeitura Municipal de Lamarão - BA;2919108;BA;DCA-Anexo I-C;NA;Deduções - Transferências Constitucionais;RO1.7.2.1.36.00.00;1.7.2.1.36.00.00 - Transferências Financeiras do ICMS ¿ Desoneração ¿ L.C. Nº 87/96;8065,68;9554
2014;Prefeitura Municipal de Lamarão - BA;2919108;BA;DCA-Anexo I-C;NA;Receitas Brutas Realizadas;RO1.7.2.1.99.00.00;1.7.2.1.99.00.00 - Outras Transferências da União;604924,74;9554
2014;Prefeitura Municipal de Lamarão - BA;2919108;BA;DCA-Anexo I-C;NA;Receitas Brutas Realizadas;RO1.7.2.2.00.00.00;1.7.2.2.00.00.00 - Transferências dos Estados;12163804,62;9554
2014;Prefeitura Municipal de Lamarão - BA;2919108;BA;DCA-Anexo I-C;NA;Deduções - Transferências Constitucionais;RO1.7.2.2.00.00.00;1.7.2.2.00.00.00 - Transferências dos Estados;2285679,61;9554
2014;Prefeitura Municipal de Lamarão - BA;2919108;BA;DCA-Anexo I-C;NA;Receitas Brutas Realizadas;RO1.7.2.2.01.00.00;1.7.2.2.01.00.00 - Participação na Receita dos Estados;12163804,62;9554
2014;Prefeitura Municipal de Lamarão - BA;2919108;BA;DCA-Anexo I-C;NA;Deduções - Transferências Constitucionais;RO1.7.2.2.01.00.00;1.7.2.2.01.00.00 - Participação na Receita dos Estados;2285679,61;9554
2014;Prefeitura Municipal de Lamarão - BA;2919108;BA;DCA-Anexo I-C;NA;Receitas Brutas Realizadas;RO1.7.2.2.01.01.00;1.7.2.2.01.01.00 - Cota-Parte do ICMS;9208215,88;9554
2014;Prefeitura Municipal de Lamarão - BA;2919108;BA;DCA-Anexo I-C;NA;Deduções - Transferências Constitucionais;RO1.7.2.2.01.01.00;1.7.2.2.01.01.00 - Cota-Parte do ICMS;1777086,48;9554
2014;Prefeitura Municipal de Lamarão - BA;2919108;BA;DCA-Anexo I-C;NA;Receitas Brutas Realizadas;RO1.7.2.2.01.02.00;1.7.2.2.01.02.00 - Cota-Parte do IPVA;2542970,45;9554
2014;Prefeitura Municipal de Lamarão - BA;2919108;BA;DCA-Anexo I-C;NA;Deduções - Transferências Constitucionais;RO1.7.2.2.01.02.00;1.7.2.2.01.02.00 - Cota-Parte do IPVA;506098,77;9554
2014;Prefeitura Municipal de Lamarão - BA;2919108;BA;DCA-Anexo I-C;NA;Receitas Brutas Realizadas;RO1.7.2.2.01.04.00;1.7.2.2.01.04.00 - Cota-Parte do IPI sobre Exportação;120723,96;9554
2014;Prefeitura Municipal de Lamarão - BA;2919108;BA;DCA-Anexo I-C;NA;Deduções - Transferências Constitucionais;RO1.7.2.2.01.04.00;1.7.2.2.01.04.00 - Cota-Parte do IPI sobre Exportação;2494,36;9554
2014;Prefeitura Municipal de Lamarão - BA;2919108;BA;DCA-Anexo I-C;NA;Receitas Brutas Realizadas;RO1.7.2.2.01.13.00;1.7.2.2.01.13.00 - Cota-Parte da Contribuição de Intervenção no Domínio Econômico;7477,81;9554
2014;Prefeitura Municipal de Lamarão - BA;2919108;BA;DCA-Anexo I-C;NA;Receitas Brutas Realizadas;RO1.7.2.2.01.99.00;1.7.2.2.01.99.00 - Outras Participações na Receita dos Estados;284416,52;9554
2014;Prefeitura Municipal de Lamarão - BA;2919108;BA;DCA-Anexo I-C;NA;Receitas Brutas Realizadas;RO1.7.2.4.00.00.00;1.7.2.4.00.00.00 - Transferências Multigovernamentais;20638877,51;9554
2014;Prefeitura Municipal de Lamarão - BA;2919108;BA;DCA-Anexo I-C;NA;Receitas Brutas Realizadas;RO1.7.2.4.01.00.00;1.7.2.4.01.00.00 - Transferências de Recursos do Fundo de Manutenção e Desenvolvimento do Ensino Fundamental e de Valorização do Magistério - FUNDEB;15080776,16;9554
2014;Prefeitura Municipal de Lamarão - BA;2919108;BA;DCA-Anexo I-C;NA;Receitas Brutas Realizadas;RO1.7.2.4.02.00.00;1.7.2.4.02.00.00 - Transferências de Recursos da Complementação ao Fundo de Manutenção e Desenvolvimento do Ensino Fundamental e de Valorização do Magistério - FUNDEB;5558101,35;9554
2014;Prefeitura Municipal de Lamarão - BA;2919108;BA;DCA-Anexo I-C;NA;Receitas Brutas Realizadas;RO1.9.0.0.00.00.00;1.9.0.0.00.00.00 - Outras Receitas Correntes;2755925,73;9554
2014;Prefeitura Municipal de Lamarão - BA;2919108;BA;DCA-Anexo I-C;NA;Receitas Brutas Realizadas;RO1.9.1.0.00.00.00;1.9.1.0.00.00.00 - Multas e Juros de Mora;173268,88;9554
2014;Prefeitura Municipal de Lamarão - BA;2919108;BA;DCA-Anexo I-C;NA;Receitas Brutas Realizadas;RO1.9.1.1.00.00.00;1.9.1.1.00.00.00 - Multas e Juros de Mora dos Tributos;173268,88;9554
2014;Prefeitura Municipal de Lamarão - BA;2919108;BA;DCA-Anexo I-C;NA;Receitas Brutas Realizadas;RO1.9.2.0.00.00.00;1.9.2.0.00.00.00 - Indenizações e Restituições;19551,26;9554
2014;Prefeitura Municipal de Lamarão - BA;2919108;BA;DCA-Anexo I-C;NA;Receitas Brutas Realizadas;RO1.9.2.1.00.00.00;1.9.2.1.00.00.00 - Indenizações;19551,26;9554
2014;Prefeitura Municipal de Lamarão - BA;2919108;BA;DCA-Anexo I-C;NA;Receitas Brutas Realizadas;RO1.9.3.0.00.00.00;1.9.3.0.00.00.00 - Receita da Dívida Ativa;1229162,86;9554
2014;Prefeitura Municipal de Lamarão - BA;2919108;BA;DCA-Anexo I-C;NA;Receitas Brutas Realizadas;RO1.9.3.1.00.00.00;1.9.3.1.00.00.00 - Receita da Dívida Ativa Tributária;1150064,47;9554
2014;Prefeitura Municipal de Lamarão - BA;2919108;BA;DCA-Anexo I-C;NA;Receitas Brutas Realizadas;RO1.9.3.2.00.00.00;1.9.3.2.00.00.00 - Receita da Dívida Ativa Não Tributária;79098,39;9554
2014;Prefeitura Municipal de Lamarão - BA;2919108;BA;DCA-Anexo I-C;NA;Receitas Brutas Realizadas;RO1.9.9.0.00.00.00;1.9.9.0.00.00.00 - Receitas Diversas;1333942,73;9554
2014;Prefeitura Municipal de Lamarão - BA;2919108;BA;DCA-Anexo I-C;NA;Receitas Brutas Realizadas;RO2.0.0.0.00.00.00;2.0.0.0.00.00.00 - Receitas de Capital;1444588,96;9554
2014;Prefeitura Municipal de Lamarão - BA;2919108;BA;DCA-Anexo I-C;NA;Deduções - Transferências Constitucionais;RO2.0.0.0.00.00.00;2.0.0.0.00.00.00 - Receitas de Capital;221028,33;9554
2014;Prefeitura Municipal de Lamarão - BA;2919108;BA;DCA-Anexo I-C;NA;Receitas Brutas Realizadas;RO2.4.0.0.00.00.00;2.4.0.0.00.00.00 - Transferências de Capital;1444588,96;9554
2014;Prefeitura Municipal de Lamarão - BA;2919108;BA;DCA-Anexo I-C;NA;Deduções - Transferências Constitucionais;RO2.4.0.0.00.00.00;2.4.0.0.00.00.00 - Transferências de Capital;221028,33;9554
2014;Prefeitura Municipal de Lamarão - BA;2919108;BA;DCA-Anexo I-C;NA;Receitas Brutas Realizadas;RO2.4.7.0.00.00.00;2.4.7.0.00.00.00 - Transferências de Convênios;1444588,96;9554
2014;Prefeitura Municipal de Lamarão - BA;2919108;BA;DCA-Anexo I-C;NA;Deduções - Transferências Constitucionais;RO2.4.7.0.00.00.00;2.4.7.0.00.00.00 - Transferências de Convênios;221028,33;9554
2014;Prefeitura Municipal de Lamarão - BA;2919108;BA;DCA-Anexo I-C;NA;Receitas Brutas Realizadas;RO2.4.7.1.00.00.00;2.4.7.1.00.00.00 - Transferências de Convênios da União e de suas Entidades;1327524,54;9554
2014;Prefeitura Municipal de Lamarão - BA;2919108;BA;DCA-Anexo I-C;NA;Deduções - Transferências Constitucionais;RO2.4.7.1.00.00.00;2.4.7.1.00.00.00 - Transferências de Convênios da União e de suas Entidades;221028,33;9554
2014;Prefeitura Municipal de Lamarão - BA;2919108;BA;DCA-Anexo I-C;NA;Receitas Brutas Realizadas;RO2.4.7.1.01.00.00;2.4.7.1.01.00.00 - Transferências de Convênios da União para o Sistema Único de Saúde - SUS;170409,00;9554
2014;Prefeitura Municipal de Lamarão - BA;2919108;BA;DCA-Anexo I-C;NA;Receitas Brutas Realizadas;RO2.4.7.1.02.00.00;2.4.7.1.02.00.00 - Transferências de Convênios da União Destinadas a Programas de Educação;203291,00;9554
2014;Prefeitura Municipal de Lamarão - BA;2919108;BA;DCA-Anexo I-C;NA;Receitas Brutas Realizadas;RO2.4.7.1.99.00.00;2.4.7.1.99.00.00 - Outras Transferências de Convênios da União;953824,54;9554
2014;Prefeitura Municipal de Lamarão - BA;2919108;BA;DCA-Anexo I-C;NA;Deduções - Transferências Constitucionais;RO2.4.7.1.99.00.00;2.4.7.1.99.00.00 - Outras Transferências de Convênios da União;221028,33;9554
2014;Prefeitura Municipal de Lamarão - BA;2919108;BA;DCA-Anexo I-C;NA;Receitas Brutas Realizadas;RO2.4.7.2.00.00.00;2.4.7.2.00.00.00 - Transferências de Convênios dos Estados e do Distrito Federal e de suas Entidades;117064,42;9554
2014;Prefeitura Municipal de Lamarão - BA;2919108;BA;DCA-Anexo I-C;NA;Receitas Brutas Realizadas;RO2.4.7.2.99.00.00;2.4.7.2.99.00.00 - Outras Transferências de Convênios dos Estados;117064,42;9554
2015;Prefeitura Municipal de Lamarão - BA;2919108;BA;DCA-Anexo I-C;NA;Receitas Brutas Realizadas;TotalReceitas;Total Receitas;19102257,97;9554
2015;Prefeitura Municipal de Lamarão - BA;2919108;BA;DCA-Anexo I-C;NA;Deduções - FUNDEB;TotalReceitas;Total Receitas;1755874,77;9554
2015;Prefeitura Municipal de Lamarão - BA;2919108;BA;DCA-Anexo I-C;NA;Receitas Brutas Realizadas;RO1.0.0.0.00.00.00;1.0.0.0.00.00.00 - Receitas Correntes;18553137,97;9554
2015;Prefeitura Municipal de Lamarão - BA;2919108;BA;DCA-Anexo I-C;NA;Deduções - FUNDEB;RO1.0.0.0.00.00.00;1.0.0.0.00.00.00 - Receitas Correntes;1755874,77;9554
2015;Prefeitura Municipal de Lamarão - BA;2919108;BA;DCA-Anexo I-C;NA;Receitas Brutas Realizadas;RO1.1.0.0.00.00.00;1.1.0.0.00.00.00 - Receita Tributária;376889,25;9554
2015;Prefeitura Municipal de Lamarão - BA;2919108;BA;DCA-Anexo I-C;NA;Receitas Brutas Realizadas;RO1.1.1.0.00.00.00;1.1.1.0.00.00.00 - Impostos;366928,28;9554
2015;Prefeitura Municipal de Lamarão - BA;2919108;BA;DCA-Anexo I-C;NA;Receitas Brutas Realizadas;RO1.1.1.2.00.00.00;1.1.1.2.00.00.00 - Impostos sobre o Patrimônio e a Renda;140413,27;9554
2015;Prefeitura Municipal de Lamarão - BA;2919108;BA;DCA-Anexo I-C;NA;Receitas Brutas Realizadas;RO1.1.1.2.02.00.00;1.1.1.2.02.00.00 - Imposto sobre a Propriedade Predial e Territorial Urbana ¿ IPTU;1087,52;9554
2015;Prefeitura Municipal de Lamarão - BA;2919108;BA;DCA-Anexo I-C;NA;Receitas Brutas Realizadas;RO1.1.1.2.04.00.00;1.1.1.2.04.00.00 - Imposto sobre a Renda e Proventos de Qualquer Natureza ¿ IR;138605,75;9554
2015;Prefeitura Municipal de Lamarão - BA;2919108;BA;DCA-Anexo I-C;NA;Receitas Brutas Realizadas;RO1.1.1.2.04.30.00;1.1.1.2.04.30.00 - Retido nas Fontes;132818,79;9554
2015;Prefeitura Municipal de Lamarão - BA;2919108;BA;DCA-Anexo I-C;NA;Receitas Brutas Realizadas;RO1.1.1.2.04.34.00;1.1.1.2.04.34.00 - Retido nas Fontes - Outros Rendimentos;5786,96;9554
2015;Prefeitura Municipal de Lamarão - BA;2919108;BA;DCA-Anexo I-C;NA;Receitas Brutas Realizadas;RO1.1.1.2.08.00.00;"1.1.1.2.08.00.00 - Imposto sobre Transmissão ""Inter Vivos"" de Bens Imóveis e de Direitos Reais sobre Imóveis ¿ ITBI";720,00;9554
2015;Prefeitura Municipal de Lamarão - BA;2919108;BA;DCA-Anexo I-C;NA;Receitas Brutas Realizadas;RO1.1.1.3.00.00.00;1.1.1.3.00.00.00 - Impostos sobre a Produção e a Circulação;226515,01;9554
2015;Prefeitura Municipal de Lamarão - BA;2919108;BA;DCA-Anexo I-C;NA;Receitas Brutas Realizadas;RO1.1.1.3.05.00.00;1.1.1.3.05.00.00 - Imposto sobre Serviços de Qualquer Natureza ¿ ISSQN;226515,01;9554
2015;Prefeitura Municipal de Lamarão - BA;2919108;BA;DCA-Anexo I-C;NA;Receitas Brutas Realizadas;RO1.1.2.0.00.00.00;1.1.2.0.00.00.00 - Taxas;9960,97;9554
2015;Prefeitura Municipal de Lamarão - BA;2919108;BA;DCA-Anexo I-C;NA;Receitas Brutas Realizadas;RO1.1.2.1.00.00.00;1.1.2.1.00.00.00 - Taxas pelo Exercício do Poder de Polícia;9960,97;9554
2015;Prefeitura Municipal de Lamarão - BA;2919108;BA;DCA-Anexo I-C;NA;Receitas Brutas Realizadas;RO1.3.0.0.00.00.00;1.3.0.0.00.00.00 - Receita Patrimonial;93197,05;9554
2015;Prefeitura Municipal de Lamarão - BA;2919108;BA;DCA-Anexo I-C;NA;Receitas Brutas Realizadas;RO1.3.2.0.00.00.00;1.3.2.0.00.00.00 - Receitas de Valores Mobiliários;93197,05;9554
2015;Prefeitura Municipal de Lamarão - BA;2919108;BA;DCA-Anexo I-C;NA;Receitas Brutas Realizadas;RO1.3.2.5.00.00.00;1.3.2.5.00.00.00 - Remuneração de Depósitos Bancários;93197,05;9554
2015;Prefeitura Municipal de Lamarão - BA;2919108;BA;DCA-Anexo I-C;NA;Receitas Brutas Realizadas;RO1.6.0.0.00.00.00;1.6.0.0.00.00.00 - Receita de Serviços;1050,00;9554
2015;Prefeitura Municipal de Lamarão - BA;2919108;BA;DCA-Anexo I-C;NA;Receitas Brutas Realizadas;RO1.6.0.0.99.00.00;1.6.0.0.99.00.00 - Outros Serviços;1050,00;9554
2015;Prefeitura Municipal de Lamarão - BA;2919108;BA;DCA-Anexo I-C;NA;Receitas Brutas Realizadas;RO1.7.0.0.00.00.00;1.7.0.0.00.00.00 - Transferências Correntes;17973495,53;9554
2015;Prefeitura Municipal de Lamarão - BA;2919108;BA;DCA-Anexo I-C;NA;Deduções - FUNDEB;RO1.7.0.0.00.00.00;1.7.0.0.00.00.00 - Transferências Correntes;1755874,77;9554
2015;Prefeitura Municipal de Lamarão - BA;2919108;BA;DCA-Anexo I-C;NA;Receitas Brutas Realizadas;RO1.7.2.0.00.00.00;1.7.2.0.00.00.00 - Transferências Intergovernamentais;14873607,93;9554
2015;Prefeitura Municipal de Lamarão - BA;2919108;BA;DCA-Anexo I-C;NA;Deduções - FUNDEB;RO1.7.2.0.00.00.00;1.7.2.0.00.00.00 - Transferências Intergovernamentais;1755874,77;9554
2015;Prefeitura Municipal de Lamarão - BA;2919108;BA;DCA-Anexo I-C;NA;Receitas Brutas Realizadas;RO1.7.2.1.00.00.00;1.7.2.1.00.00.00 - Transferências da União;7734637,08;9554
2015;Prefeitura Municipal de Lamarão - BA;2919108;BA;DCA-Anexo I-C;NA;Deduções - FUNDEB;RO1.7.2.1.00.00.00;1.7.2.1.00.00.00 - Transferências da União;1447452,24;9554
2015;Prefeitura Municipal de Lamarão - BA;2919108;BA;DCA-Anexo I-C;NA;Receitas Brutas Realizadas;RO1.7.2.1.01.00.00;1.7.2.1.01.00.00 - Participação na Receita da União;7633965,38;9554
2015;Prefeitura Municipal de Lamarão - BA;2919108;BA;DCA-Anexo I-C;NA;Deduções - FUNDEB;RO1.7.2.1.01.00.00;1.7.2.1.01.00.00 - Participação na Receita da União;1446291,48;9554
2015;Prefeitura Municipal de Lamarão - BA;2919108;BA;DCA-Anexo I-C;NA;Receitas Brutas Realizadas;RO1.7.2.1.01.02.00;1.7.2.1.01.02.00 - Cota-Parte do Fundo de Participação dos Municípios ¿ FPM;7630795,56;9554
2015;Prefeitura Municipal de Lamarão - BA;2919108;BA;DCA-Anexo I-C;NA;Deduções - FUNDEB;RO1.7.2.1.01.02.00;1.7.2.1.01.02.00 - Cota-Parte do Fundo de Participação dos Municípios ¿ FPM;1445657,56;9554
2015;Prefeitura Municipal de Lamarão - BA;2919108;BA;DCA-Anexo I-C;NA;Receitas Brutas Realizadas;RO1.7.2.1.01.05.00;1.7.2.1.01.05.00 - Cota-Parte do Imposto Sobre a Propriedade Territorial Rural ¿ ITR;3169,82;9554
2015;Prefeitura Municipal de Lamarão - BA;2919108;BA;DCA-Anexo I-C;NA;Deduções - FUNDEB;RO1.7.2.1.01.05.00;1.7.2.1.01.05.00 - Cota-Parte do Imposto Sobre a Propriedade Territorial Rural ¿ ITR;633,92;9554
2015;Prefeitura Municipal de Lamarão - BA;2919108;BA;DCA-Anexo I-C;NA;Receitas Brutas Realizadas;RO1.7.2.1.09.00.00;1.7.2.1.09.00.00 - Outras Transferências da União;5803,91;9554
2015;Prefeitura Municipal de Lamarão - BA;2919108;BA;DCA-Anexo I-C;NA;Deduções - FUNDEB;RO1.7.2.1.09.00.00;1.7.2.1.09.00.00 - Outras Transferências da União;1160,76;9554
2015;Prefeitura Municipal de Lamarão - BA;2919108;BA;DCA-Anexo I-C;NA;Receitas Brutas Realizadas;RO1.7.2.1.09.01.00;1.7.2.1.09.01.00 - Transferência Financeira - L.C. nº 87/96;5803,91;9554
2015;Prefeitura Municipal de Lamarão - BA;2919108;BA;DCA-Anexo I-C;NA;Deduções - FUNDEB;RO1.7.2.1.09.01.00;1.7.2.1.09.01.00 - Transferência Financeira - L.C. nº 87/96;1160,76;9554
2015;Prefeitura Municipal de Lamarão - BA;2919108;BA;DCA-Anexo I-C;NA;Receitas Brutas Realizadas;RO1.7.2.1.22.00.00;1.7.2.1.22.00.00 - Transferências da Compensação Financeira pela Exploração de Recursos Naturais;94867,79;9554
2015;Prefeitura Municipal de Lamarão - BA;2919108;BA;DCA-Anexo I-C;NA;Receitas Brutas Realizadas;RO1.7.2.1.22.11.00;1.7.2.1.22.11.00 - Cota-Parte da Compensação Financeira de Recursos Hídricos;94867,79;9554
2015;Prefeitura Municipal de Lamarão - BA;2919108;BA;DCA-Anexo I-C;NA;Receitas Brutas Realizadas;RO1.7.2.2.00.00.00;1.7.2.2.00.00.00 - Transferências dos Estados;1620775,67;9554
2015;Prefeitura Municipal de Lamarão - BA;2919108;BA;DCA-Anexo I-C;NA;Deduções - FUNDEB;RO1.7.2.2.00.00.00;1.7.2.2.00.00.00 - Transferências dos Estados;308422,53;9554
2015;Prefeitura Municipal de Lamarão - BA;2919108;BA;DCA-Anexo I-C;NA;Receitas Brutas Realizadas;RO1.7.2.2.01.00.00;1.7.2.2.01.00.00 - Participação na Receita dos Estados;1571755,67;9554
2015;Prefeitura Municipal de Lamarão - BA;2919108;BA;DCA-Anexo I-C;NA;Deduções - FUNDEB;RO1.7.2.2.01.00.00;1.7.2.2.01.00.00 - Participação na Receita dos Estados;308422,53;9554
2015;Prefeitura Municipal de Lamarão - BA;2919108;BA;DCA-Anexo I-C;NA;Receitas Brutas Realizadas;RO1.7.2.2.01.01.00;1.7.2.2.01.01.00 - Cota-Parte do ICMS;1487160,53;9554
2015;Prefeitura Municipal de Lamarão - BA;2919108;BA;DCA-Anexo I-C;NA;Deduções - FUNDEB;RO1.7.2.2.01.01.00;1.7.2.2.01.01.00 - Cota-Parte do ICMS;297431,89;9554
2015;Prefeitura Municipal de Lamarão - BA;2919108;BA;DCA-Anexo I-C;NA;Receitas Brutas Realizadas;RO1.7.2.2.01.02.00;1.7.2.2.01.02.00 - Cota-Parte do IPVA;54956,00;9554
2015;Prefeitura Municipal de Lamarão - BA;2919108;BA;DCA-Anexo I-C;NA;Deduções - FUNDEB;RO1.7.2.2.01.02.00;1.7.2.2.01.02.00 - Cota-Parte do IPVA;10990,64;9554
2015;Prefeitura Municipal de Lamarão - BA;2919108;BA;DCA-Anexo I-C;NA;Receitas Brutas Realizadas;RO1.7.2.2.01.04.00;1.7.2.2.01.04.00 - Cota-Parte do IPI sobre Exportação;16733,27;9554
2015;Prefeitura Municipal de Lamarão - BA;2919108;BA;DCA-Anexo I-C;NA;Receitas Brutas Realizadas;RO1.7.2.2.01.13.00;1.7.2.2.01.13.00 - Cota-Parte da Contribuição de Intervenção no Domínio Econômico;6244,97;9554
2015;Prefeitura Municipal de Lamarão - BA;2919108;BA;DCA-Anexo I-C;NA;Receitas Brutas Realizadas;RO1.7.2.2.01.99.00;1.7.2.2.01.99.00 - Outras Participações na Receita dos Estados;6660,90;9554
2015;Prefeitura Municipal de Lamarão - BA;2919108;BA;DCA-Anexo I-C;NA;Receitas Brutas Realizadas;RO1.7.2.2.99.00.00;1.7.2.2.99.00.00 - Outras Transferências dos Estados;49020,00;9554
2015;Prefeitura Municipal de Lamarão - BA;2919108;BA;DCA-Anexo I-C;NA;Receitas Brutas Realizadas;RO1.7.2.4.00.00.00;1.7.2.4.00.00.00 - Transferências Multigovernamentais;5518195,18;9554
2015;Prefeitura Municipal de Lamarão - BA;2919108;BA;DCA-Anexo I-C;NA;Receitas Brutas Realizadas;RO1.7.2.4.01.00.00;1.7.2.4.01.00.00 - Transferências de Recursos do Fundo de Manutenção e Desenvolvimento do Ensino Fundamental e de Valorização do Magistério - FUNDEB;4589729,94;9554
2015;Prefeitura Municipal de Lamarão - BA;2919108;BA;DCA-Anexo I-C;NA;Receitas Brutas Realizadas;RO1.7.2.4.02.00.00;1.7.2.4.02.00.00 - Transferências de Recursos da Complementação ao Fundo de Manutenção e Desenvolvimento do Ensino Fundamental e de Valorização do Magistério - FUNDEB;928465,24;9554
2015;Prefeitura Municipal de Lamarão - BA;2919108;BA;DCA-Anexo I-C;NA;Receitas Brutas Realizadas;RO1.7.6.0.00.00.00;1.7.6.0.00.00.00 - Transferências de Convênios;3099887,60;9554
2015;Prefeitura Municipal de Lamarão - BA;2919108;BA;DCA-Anexo I-C;NA;Receitas Brutas Realizadas;RO1.7.6.1.00.00.00;1.7.6.1.00.00.00 - Transferências de Convênios da União e de Suas Entidades;3080460,25;9554
2015;Prefeitura Municipal de Lamarão - BA;2919108;BA;DCA-Anexo I-C;NA;Receitas Brutas Realizadas;RO1.7.6.1.01.00.00;1.7.6.1.01.00.00 - Transferências de Convênios da União para o Sistema Único de Saúde - SUS;2169935,65;9554
2015;Prefeitura Municipal de Lamarão - BA;2919108;BA;DCA-Anexo I-C;NA;Receitas Brutas Realizadas;RO1.7.6.1.02.00.00;1.7.6.1.02.00.00 - Transferências de Convênios da União Destinadas a Programas de Educação;676789,96;9554
2015;Prefeitura Municipal de Lamarão - BA;2919108;BA;DCA-Anexo I-C;NA;Receitas Brutas Realizadas;RO1.7.6.1.03.00.00;1.7.6.1.03.00.00 - Transferências de Convênios da União Destinadas a Programas de Assistência Social;233734,64;9554
2015;Prefeitura Municipal de Lamarão - BA;2919108;BA;DCA-Anexo I-C;NA;Receitas Brutas Realizadas;RO1.7.6.2.00.00.00;1.7.6.2.00.00.00 - Transferências de Convênios dos Estados e do Distrito Federal e de Suas Entidades;19427,35;9554
2015;Prefeitura Municipal de Lamarão - BA;2919108;BA;DCA-Anexo I-C;NA;Receitas Brutas Realizadas;RO1.7.6.2.02.00.00;1.7.6.2.02.00.00 - Transferências de Convênios dos Estados Destinadas a Programas de Educação;19427,35;9554
2015;Prefeitura Municipal de Lamarão - BA;2919108;BA;DCA-Anexo I-C;NA;Receitas Brutas Realizadas;RO1.9.0.0.00.00.00;1.9.0.0.00.00.00 - Outras Receitas Correntes;108506,14;9554
2015;Prefeitura Municipal de Lamarão - BA;2919108;BA;DCA-Anexo I-C;NA;Receitas Brutas Realizadas;RO1.9.1.0.00.00.00;1.9.1.0.00.00.00 - Multas e Juros de Mora;398,72;9554
2015;Prefeitura Municipal de Lamarão - BA;2919108;BA;DCA-Anexo I-C;NA;Receitas Brutas Realizadas;RO1.9.1.3.00.00.00;1.9.1.3.00.00.00 - Multas e Juros de Mora da Dívida Ativa dos Tributos;398,72;9554
2015;Prefeitura Municipal de Lamarão - BA;2919108;BA;DCA-Anexo I-C;NA;Receitas Brutas Realizadas;RO1.9.1.3.01.00.00;1.9.1.3.01.00.00 - Multas e Juros de Mora da Dívida Ativa do Imposto sobre a Importação;398,72;9554
2015;Prefeitura Municipal de Lamarão - BA;2919108;BA;DCA-Anexo I-C;NA;Receitas Brutas Realizadas;RO1.9.2.0.00.00.00;1.9.2.0.00.00.00 - Indenizações e Restituições;70106,31;9554
2015;Prefeitura Municipal de Lamarão - BA;2919108;BA;DCA-Anexo I-C;NA;Receitas Brutas Realizadas;RO1.9.2.2.00.00.00;1.9.2.2.00.00.00 - Restituições;70106,31;9554
2015;Prefeitura Municipal de Lamarão - BA;2919108;BA;DCA-Anexo I-C;NA;Receitas Brutas Realizadas;RO1.9.2.2.99.00.00;1.9.2.2.99.00.00 - Outras Restituições;70106,31;9554
2015;Prefeitura Municipal de Lamarão - BA;2919108;BA;DCA-Anexo I-C;NA;Receitas Brutas Realizadas;RO1.9.3.0.00.00.00;1.9.3.0.00.00.00 - Receita da Dívida Ativa;625,34;9554
2015;Prefeitura Municipal de Lamarão - BA;2919108;BA;DCA-Anexo I-C;NA;Receitas Brutas Realizadas;RO1.9.3.1.00.00.00;1.9.3.1.00.00.00 - Receita da Dívida Ativa Tributária;625,34;9554
2015;Prefeitura Municipal de Lamarão - BA;2919108;BA;DCA-Anexo I-C;NA;Receitas Brutas Realizadas;RO1.9.3.1.01.00.00;1.9.3.1.01.00.00 - Receita da Dívida Ativa do Imposto sobre a Renda e Proventos de Qualquer Natureza;625,34;9554
2015;Prefeitura Municipal de Lamarão - BA;2919108;BA;DCA-Anexo I-C;NA;Receitas Brutas Realizadas;RO1.9.9.0.00.00.00;1.9.9.0.00.00.00 - Receitas Diversas;37375,77;9554
2015;Prefeitura Municipal de Lamarão - BA;2919108;BA;DCA-Anexo I-C;NA;Receitas Brutas Realizadas;RO2.0.0.0.00.00.00;2.0.0.0.00.00.00 - Receitas de Capital;549120,00;9554
2015;Prefeitura Municipal de Lamarão - BA;2919108;BA;DCA-Anexo I-C;NA;Receitas Brutas Realizadas;RO2.4.0.0.00.00.00;2.4.0.0.00.00.00 - Transferências de Capital;549120,00;9554
2015;Prefeitura Municipal de Lamarão - BA;2919108;BA;DCA-Anexo I-C;NA;Receitas Brutas Realizadas;RO2.4.7.0.00.00.00;2.4.7.0.00.00.00 - Transferências de Convênios;549120,00;9554
2015;Prefeitura Municipal de Lamarão - BA;2919108;BA;DCA-Anexo I-C;NA;Receitas Brutas Realizadas;RO2.4.7.1.00.00.00;2.4.7.1.00.00.00 - Transferências de Convênios da União e de suas Entidades;549120,00;9554
2015;Prefeitura Municipal de Lamarão - BA;2919108;BA;DCA-Anexo I-C;NA;Receitas Brutas Realizadas;RO2.4.7.1.01.00.00;2.4.7.1.01.00.00 - Transferências de Convênios da União para o Sistema Único de Saúde - SUS;93120,00;9554
2015;Prefeitura Municipal de Lamarão - BA;2919108;BA;DCA-Anexo I-C;NA;Receitas Brutas Realizadas;RO2.4.7.1.02.00.00;2.4.7.1.02.00.00 - Transferências de Convênios da União Destinadas a Programas de Educação;456000,00;9554
2016;Prefeitura Municipal de Lamarão - BA;2919108;BA;DCA-Anexo I-C;NA;Receitas Brutas Realizadas;TotalReceitas;Total Receitas;20028216,58;9442
2016;Prefeitura Municipal de Lamarão - BA;2919108;BA;DCA-Anexo I-C;NA;Deduções - Transferências Constitucionais;TotalReceitas;Total Receitas;1965456,51;9442
2016;Prefeitura Municipal de Lamarão - BA;2919108;BA;DCA-Anexo I-C;NA;Receitas Brutas Realizadas;RO1.0.0.0.00.00.00;1.0.0.0.00.00.00 - Receitas Correntes;20028216,58;9442
2016;Prefeitura Municipal de Lamarão - BA;2919108;BA;DCA-Anexo I-C;NA;Deduções - Transferências Constitucionais;RO1.0.0.0.00.00.00;1.0.0.0.00.00.00 - Receitas Correntes;1965456,51;9442
2016;Prefeitura Municipal de Lamarão - BA;2919108;BA;DCA-Anexo I-C;NA;Receitas Brutas Realizadas;RO1.1.0.0.00.00.00;1.1.0.0.00.00.00 - Receita Tributária;143714,38;9442
2016;Prefeitura Municipal de Lamarão - BA;2919108;BA;DCA-Anexo I-C;NA;Receitas Brutas Realizadas;RO1.1.1.0.00.00.00;1.1.1.0.00.00.00 - Impostos;136466,48;9442
2016;Prefeitura Municipal de Lamarão - BA;2919108;BA;DCA-Anexo I-C;NA;Receitas Brutas Realizadas;RO1.1.1.2.00.00.00;1.1.1.2.00.00.00 - Impostos sobre o Patrimônio e a Renda;58287,32;9442
2016;Prefeitura Municipal de Lamarão - BA;2919108;BA;DCA-Anexo I-C;NA;Receitas Brutas Realizadas;RO1.1.1.2.02.00.00;1.1.1.2.02.00.00 - Imposto sobre a Propriedade Predial e Territorial Urbana ¿ IPTU;3794,15;9442
2016;Prefeitura Municipal de Lamarão - BA;2919108;BA;DCA-Anexo I-C;NA;Receitas Brutas Realizadas;RO1.1.1.2.04.00.00;1.1.1.2.04.00.00 - Imposto sobre a Renda e Proventos de Qualquer Natureza ¿ IR;25616,59;9442
2016;Prefeitura Municipal de Lamarão - BA;2919108;BA;DCA-Anexo I-C;NA;Receitas Brutas Realizadas;RO1.1.1.2.04.31.00;1.1.1.2.04.31.00 - Retido nas Fontes - Trabalho;24157,42;9442
2016;Prefeitura Municipal de Lamarão - BA;2919108;BA;DCA-Anexo I-C;NA;Receitas Brutas Realizadas;RO1.1.1.2.04.34.00;1.1.1.2.04.34.00 - Retido nas Fontes - Outros Rendimentos;1459,17;9442
2016;Prefeitura Municipal de Lamarão - BA;2919108;BA;DCA-Anexo I-C;NA;Receitas Brutas Realizadas;RO1.1.1.2.08.00.00;"1.1.1.2.08.00.00 - Imposto sobre Transmissão ""Inter Vivos"" de Bens Imóveis e de Direitos Reais sobre Imóveis ¿ ITBI";28876,58;9442
2016;Prefeitura Municipal de Lamarão - BA;2919108;BA;DCA-Anexo I-C;NA;Receitas Brutas Realizadas;RO1.1.1.3.00.00.00;1.1.1.3.00.00.00 - Impostos sobre a Produção e a Circulação;78179,16;9442
2016;Prefeitura Municipal de Lamarão - BA;2919108;BA;DCA-Anexo I-C;NA;Receitas Brutas Realizadas;RO1.1.1.3.05.00.00;1.1.1.3.05.00.00 - Imposto sobre Serviços de Qualquer Natureza ¿ ISSQN;78179,16;9442
2016;Prefeitura Municipal de Lamarão - BA;2919108;BA;DCA-Anexo I-C;NA;Receitas Brutas Realizadas;RO1.1.2.0.00.00.00;1.1.2.0.00.00.00 - Taxas;7247,90;9442
2016;Prefeitura Municipal de Lamarão - BA;2919108;BA;DCA-Anexo I-C;NA;Receitas Brutas Realizadas;RO1.1.2.1.00.00.00;1.1.2.1.00.00.00 - Taxas pelo Exercício do Poder de Polícia;7197,90;9442
2016;Prefeitura Municipal de Lamarão - BA;2919108;BA;DCA-Anexo I-C;NA;Receitas Brutas Realizadas;RO1.1.2.2.00.00.00;1.1.2.2.00.00.00 - Taxas pela Prestação de Serviços;50,00;9442
2016;Prefeitura Municipal de Lamarão - BA;2919108;BA;DCA-Anexo I-C;NA;Receitas Brutas Realizadas;RO1.1.2.2.99.00.00;1.1.2.2.99.00.00 - Outras Taxas pela Prestação de Serviços;50,00;9442
2016;Prefeitura Municipal de Lamarão - BA;2919108;BA;DCA-Anexo I-C;NA;Receitas Brutas Realizadas;RO1.3.0.0.00.00.00;1.3.0.0.00.00.00 - Receita Patrimonial;61605,69;9442
2016;Prefeitura Municipal de Lamarão - BA;2919108;BA;DCA-Anexo I-C;NA;Receitas Brutas Realizadas;RO1.3.2.0.00.00.00;1.3.2.0.00.00.00 - Receitas de Valores Mobiliários;61605,69;9442
2016;Prefeitura Municipal de Lamarão - BA;2919108;BA;DCA-Anexo I-C;NA;Receitas Brutas Realizadas;RO1.3.2.5.00.00.00;1.3.2.5.00.00.00 - Remuneração de Depósitos Bancários;61605,69;9442
2016;Prefeitura Municipal de Lamarão - BA;2919108;BA;DCA-Anexo I-C;NA;Receitas Brutas Realizadas;RO1.6.0.0.00.00.00;1.6.0.0.00.00.00 - Receita de Serviços;2038,00;9442
2016;Prefeitura Municipal de Lamarão - BA;2919108;BA;DCA-Anexo I-C;NA;Receitas Brutas Realizadas;RO1.6.0.0.99.00.00;1.6.0.0.99.00.00 - Outros Serviços;2038,00;9442
2016;Prefeitura Municipal de Lamarão - BA;2919108;BA;DCA-Anexo I-C;NA;Receitas Brutas Realizadas;RO1.7.0.0.00.00.00;1.7.0.0.00.00.00 - Transferências Correntes;19785245,15;9442
2016;Prefeitura Municipal de Lamarão - BA;2919108;BA;DCA-Anexo I-C;NA;Deduções - Transferências Constitucionais;RO1.7.0.0.00.00.00;1.7.0.0.00.00.00 - Transferências Correntes;1965456,51;9442
2016;Prefeitura Municipal de Lamarão - BA;2919108;BA;DCA-Anexo I-C;NA;Receitas Brutas Realizadas;RO1.7.2.0.00.00.00;1.7.2.0.00.00.00 - Transferências Intergovernamentais;19785245,15;9442
2016;Prefeitura Municipal de Lamarão - BA;2919108;BA;DCA-Anexo I-C;NA;Deduções - Transferências Constitucionais;RO1.7.2.0.00.00.00;1.7.2.0.00.00.00 - Transferências Intergovernamentais;1965456,51;9442
2016;Prefeitura Municipal de Lamarão - BA;2919108;BA;DCA-Anexo I-C;NA;Receitas Brutas Realizadas;RO1.7.2.1.00.00.00;1.7.2.1.00.00.00 - Transferências da União;12793599,65;9442
2016;Prefeitura Municipal de Lamarão - BA;2919108;BA;DCA-Anexo I-C;NA;Deduções - Transferências Constitucionais;RO1.7.2.1.00.00.00;1.7.2.1.00.00.00 - Transferências da União;1651628,99;9442
2016;Prefeitura Municipal de Lamarão - BA;2919108;BA;DCA-Anexo I-C;NA;Receitas Brutas Realizadas;RO1.7.2.1.01.00.00;1.7.2.1.01.00.00 - Participação na Receita da União;8860979,94;9442
2016;Prefeitura Municipal de Lamarão - BA;2919108;BA;DCA-Anexo I-C;NA;Deduções - Transferências Constitucionais;RO1.7.2.1.01.00.00;1.7.2.1.01.00.00 - Participação na Receita da União;1650466,34;9442
2016;Prefeitura Municipal de Lamarão - BA;2919108;BA;DCA-Anexo I-C;NA;Receitas Brutas Realizadas;RO1.7.2.1.01.02.00;1.7.2.1.01.02.00 - Cota-Parte do Fundo de Participação dos Municípios ¿ FPM;8627460,79;9442
2016;Prefeitura Municipal de Lamarão - BA;2919108;BA;DCA-Anexo I-C;NA;Deduções - Transferências Constitucionais;RO1.7.2.1.01.02.00;1.7.2.1.01.02.00 - Cota-Parte do Fundo de Participação dos Municípios ¿ FPM;1649800,14;9442
2016;Prefeitura Municipal de Lamarão - BA;2919108;BA;DCA-Anexo I-C;NA;Receitas Brutas Realizadas;RO1.7.2.1.01.03.00;1.7.2.1.01.03.00 - Cota-Parte do Fundo de Participação dos Municípios - 1% Cota Anual;230187,97;9442
2016;Prefeitura Municipal de Lamarão - BA;2919108;BA;DCA-Anexo I-C;NA;Receitas Brutas Realizadas;RO1.7.2.1.01.05.00;1.7.2.1.01.05.00 - Cota-Parte do Imposto Sobre a Propriedade Territorial Rural ¿ ITR;3331,18;9442
2016;Prefeitura Municipal de Lamarão - BA;2919108;BA;DCA-Anexo I-C;NA;Deduções - Transferências Constitucionais;RO1.7.2.1.01.05.00;1.7.2.1.01.05.00 - Cota-Parte do Imposto Sobre a Propriedade Territorial Rural ¿ ITR;666,20;9442
2016;Prefeitura Municipal de Lamarão - BA;2919108;BA;DCA-Anexo I-C;NA;Receitas Brutas Realizadas;RO1.7.2.1.22.00.00;1.7.2.1.22.00.00 - Transferências da Compensação Financeira pela Exploração de Recursos Naturais;82844,09;9442
2016;Prefeitura Municipal de Lamarão - BA;2919108;BA;DCA-Anexo I-C;NA;Receitas Brutas Realizadas;RO1.7.2.1.22.30.00;1.7.2.1.22.30.00 - Cota-Parte Royalties ¿ Compensação Financeira pela Produção de Petróleo ¿ Lei nº 7.990/89;13398,44;9442
2016;Prefeitura Municipal de Lamarão - BA;2919108;BA;DCA-Anexo I-C;NA;Receitas Brutas Realizadas;RO1.7.2.1.22.70.00;1.7.2.1.22.70.00 - Cota-Parte do Fundo Especial do Petróleo ¿ FEP;69445,65;9442
2016;Prefeitura Municipal de Lamarão - BA;2919108;BA;DCA-Anexo I-C;NA;Receitas Brutas Realizadas;RO1.7.2.1.33.00.00;1.7.2.1.33.00.00 - Transferências de Recursos do Sistema Único de Saúde - SUS - Repasses Fundo a Fundo;2594821,03;9442
2016;Prefeitura Municipal de Lamarão - BA;2919108;BA;DCA-Anexo I-C;NA;Receitas Brutas Realizadas;RO1.7.2.1.34.00.00;1.7.2.1.34.00.00 - Transferências de Recursos do Fundo Nacional de Assistência Social ¿ FNAS;299163,78;9442
2016;Prefeitura Municipal de Lamarão - BA;2919108;BA;DCA-Anexo I-C;NA;Receitas Brutas Realizadas;RO1.7.2.1.35.00.00;1.7.2.1.35.00.00 - Transferências de Recursos do Fundo Nacional do Desenvolvimento da Educação ¿ FNDE;836222,29;9442
2016;Prefeitura Municipal de Lamarão - BA;2919108;BA;DCA-Anexo I-C;NA;Receitas Brutas Realizadas;RO1.7.2.1.36.00.00;1.7.2.1.36.00.00 - Transferências Financeiras do ICMS ¿ Desoneração ¿ L.C. Nº 87/96;5813,43;9442
2016;Prefeitura Municipal de Lamarão - BA;2919108;BA;DCA-Anexo I-C;NA;Deduções - Transferências Constitucionais;RO1.7.2.1.36.00.00;1.7.2.1.36.00.00 - Transferências Financeiras do ICMS ¿ Desoneração ¿ L.C. Nº 87/96;1162,65;9442
2016;Prefeitura Municipal de Lamarão - BA;2919108;BA;DCA-Anexo I-C;NA;Receitas Brutas Realizadas;RO1.7.2.1.99.00.00;1.7.2.1.99.00.00 - Outras Transferências da União;113755,09;9442
2016;Prefeitura Municipal de Lamarão - BA;2919108;BA;DCA-Anexo I-C;NA;Receitas Brutas Realizadas;RO1.7.2.2.00.00.00;1.7.2.2.00.00.00 - Transferências dos Estados;1603165,84;9442
2016;Prefeitura Municipal de Lamarão - BA;2919108;BA;DCA-Anexo I-C;NA;Deduções - Transferências Constitucionais;RO1.7.2.2.00.00.00;1.7.2.2.00.00.00 - Transferências dos Estados;313827,52;9442
2016;Prefeitura Municipal de Lamarão - BA;2919108;BA;DCA-Anexo I-C;NA;Receitas Brutas Realizadas;RO1.7.2.2.01.00.00;1.7.2.2.01.00.00 - Participação na Receita dos Estados;1603165,84;9442
2016;Prefeitura Municipal de Lamarão - BA;2919108;BA;DCA-Anexo I-C;NA;Deduções - Transferências Constitucionais;RO1.7.2.2.01.00.00;1.7.2.2.01.00.00 - Participação na Receita dos Estados;313827,52;9442
2016;Prefeitura Municipal de Lamarão - BA;2919108;BA;DCA-Anexo I-C;NA;Receitas Brutas Realizadas;RO1.7.2.2.01.01.00;1.7.2.2.01.01.00 - Cota-Parte do ICMS;1512543,18;9442
2016;Prefeitura Municipal de Lamarão - BA;2919108;BA;DCA-Anexo I-C;NA;Deduções - Transferências Constitucionais;RO1.7.2.2.01.01.00;1.7.2.2.01.01.00 - Cota-Parte do ICMS;302508,41;9442
2016;Prefeitura Municipal de Lamarão - BA;2919108;BA;DCA-Anexo I-C;NA;Receitas Brutas Realizadas;RO1.7.2.2.01.02.00;1.7.2.2.01.02.00 - Cota-Parte do IPVA;56598,46;9442
2016;Prefeitura Municipal de Lamarão - BA;2919108;BA;DCA-Anexo I-C;NA;Deduções - Transferências Constitucionais;RO1.7.2.2.01.02.00;1.7.2.2.01.02.00 - Cota-Parte do IPVA;11319,11;9442
2016;Prefeitura Municipal de Lamarão - BA;2919108;BA;DCA-Anexo I-C;NA;Receitas Brutas Realizadas;RO1.7.2.2.01.04.00;1.7.2.2.01.04.00 - Cota-Parte do IPI - Municípios;13097,10;9442
2016;Prefeitura Municipal de Lamarão - BA;2919108;BA;DCA-Anexo I-C;NA;Receitas Brutas Realizadas;RO1.7.2.2.01.13.00;1.7.2.2.01.13.00 - Cota-Parte da Contribuição de Intervenção no Domínio Econômico;16729,36;9442
2016;Prefeitura Municipal de Lamarão - BA;2919108;BA;DCA-Anexo I-C;NA;Receitas Brutas Realizadas;RO1.7.2.2.01.99.00;1.7.2.2.01.99.00 - Outras Participações na Receita dos Estados;4197,74;9442
2016;Prefeitura Municipal de Lamarão - BA;2919108;BA;DCA-Anexo I-C;NA;Receitas Brutas Realizadas;RO1.7.2.4.00.00.00;1.7.2.4.00.00.00 - Transferências Multigovernamentais;5388479,66;9442
2016;Prefeitura Municipal de Lamarão - BA;2919108;BA;DCA-Anexo I-C;NA;Receitas Brutas Realizadas;RO1.7.2.4.01.00.00;1.7.2.4.01.00.00 - Transferências de Recursos do Fundo de Manutenção e Desenvolvimento do Ensino Fundamental e de Valorização do Magistério - FUNDEB;3813978,96;9442
2016;Prefeitura Municipal de Lamarão - BA;2919108;BA;DCA-Anexo I-C;NA;Receitas Brutas Realizadas;RO1.7.2.4.02.00.00;1.7.2.4.02.00.00 - Transferências de Recursos da Complementação ao Fundo de Manutenção e Desenvolvimento do Ensino Fundamental e de Valorização do Magistério - FUNDEB;1574500,70;9442
2016;Prefeitura Municipal de Lamarão - BA;2919108;BA;DCA-Anexo I-C;NA;Receitas Brutas Realizadas;RO1.9.0.0.00.00.00;1.9.0.0.00.00.00 - Outras Receitas Correntes;35613,36;9442
2016;Prefeitura Municipal de Lamarão - BA;2919108;BA;DCA-Anexo I-C;NA;Receitas Brutas Realizadas;RO1.9.1.0.00.00.00;1.9.1.0.00.00.00 - Multas e Juros de Mora;34598,18;9442
2016;Prefeitura Municipal de Lamarão - BA;2919108;BA;DCA-Anexo I-C;NA;Receitas Brutas Realizadas;RO1.9.1.1.00.00.00;1.9.1.1.00.00.00 - Multas e Juros de Mora dos Tributos;324,12;9442
2016;Prefeitura Municipal de Lamarão - BA;2919108;BA;DCA-Anexo I-C;NA;Receitas Brutas Realizadas;RO1.9.1.1.38.00.00;1.9.1.1.38.00.00 - Multas e Juros de Mora do Imposto sobre a Propriedade Predial e Territorial Urbana ¿ IPTU;324,12;9442
2016;Prefeitura Municipal de Lamarão - BA;2919108;BA;DCA-Anexo I-C;NA;Receitas Brutas Realizadas;RO1.9.1.3.00.00.00;1.9.1.3.00.00.00 - Multas e Juros de Mora da Dívida Ativa dos Tributos;34274,06;9442
2016;Prefeitura Municipal de Lamarão - BA;2919108;BA;DCA-Anexo I-C;NA;Receitas Brutas Realizadas;RO1.9.1.3.01.00.00;1.9.1.3.01.00.00 - Multas e Juros de Mora da Dívida Ativa do Imposto sobre a Importação;527,22;9442
2016;Prefeitura Municipal de Lamarão - BA;2919108;BA;DCA-Anexo I-C;NA;Receitas Brutas Realizadas;RO1.9.1.3.99.00.00;1.9.1.3.99.00.00 - Multas e Juros de Mora da Dívida Ativa de Outros Tributos;33746,84;9442
2016;Prefeitura Municipal de Lamarão - BA;2919108;BA;DCA-Anexo I-C;NA;Receitas Brutas Realizadas;RO1.9.3.0.00.00.00;1.9.3.0.00.00.00 - Receita da Dívida Ativa;1015,18;9442
2016;Prefeitura Municipal de Lamarão - BA;2919108;BA;DCA-Anexo I-C;NA;Receitas Brutas Realizadas;RO1.9.3.1.00.00.00;1.9.3.1.00.00.00 - Receita da Dívida Ativa Tributária;1015,18;9442
2016;Prefeitura Municipal de Lamarão - BA;2919108;BA;DCA-Anexo I-C;NA;Receitas Brutas Realizadas;RO1.9.3.1.11.00.00;1.9.3.1.11.00.00 - Receita da Dívida Ativa do Imposto sobre a Propriedade Predial e Territorial Urbana ¿ IPTU;1015,18;9442
2017;Prefeitura Municipal de Lamarão - BA;2919108;BA;DCA-Anexo I-C;Padrão;Receitas Brutas Realizadas;TotalReceitas;Total Receitas;20565810,50;9099
2017;Prefeitura Municipal de Lamarão - BA;2919108;BA;DCA-Anexo I-C;Padrão;Deduções - FUNDEB;TotalReceitas;Total Receitas;1574431,02;9099
2017;Prefeitura Municipal de Lamarão - BA;2919108;BA;DCA-Anexo I-C;Padrão;Receitas Brutas Realizadas;RO1.0.0.0.00.00.00;1.0.0.0.00.00.00 - Receitas Correntes;20386280,42;9099
2017;Prefeitura Municipal de Lamarão - BA;2919108;BA;DCA-Anexo I-C;Padrão;Deduções - FUNDEB;RO1.0.0.0.00.00.00;1.0.0.0.00.00.00 - Receitas Correntes;1574431,02;9099
2017;Prefeitura Municipal de Lamarão - BA;2919108;BA;DCA-Anexo I-C;Padrão;Receitas Brutas Realizadas;RO1.1.0.0.00.00.00;1.1.0.0.00.00.00 - Receita Tributária;542897,06;9099
2017;Prefeitura Municipal de Lamarão - BA;2919108;BA;DCA-Anexo I-C;Padrão;Receitas Brutas Realizadas;RO1.1.1.0.00.00.00;1.1.1.0.00.00.00 - Impostos;542897,06;9099
2017;Prefeitura Municipal de Lamarão - BA;2919108;BA;DCA-Anexo I-C;Padrão;Receitas Brutas Realizadas;RO1.1.1.2.00.00.00;1.1.1.2.00.00.00 - Impostos sobre o Patrimônio e a Renda;542897,06;9099
2017;Prefeitura Municipal de Lamarão - BA;2919108;BA;DCA-Anexo I-C;Padrão;Receitas Brutas Realizadas;RO1.1.1.2.02.00.00;1.1.1.2.02.00.00 - Imposto sobre a Propriedade Predial e Territorial Urbana ¿ IPTU;542897,06;9099
2017;Prefeitura Municipal de Lamarão - BA;2919108;BA;DCA-Anexo I-C;Padrão;Receitas Brutas Realizadas;RO1.3.0.0.00.00.00;1.3.0.0.00.00.00 - Receita Patrimonial;89048,92;9099
2017;Prefeitura Municipal de Lamarão - BA;2919108;BA;DCA-Anexo I-C;Padrão;Receitas Brutas Realizadas;RO1.3.2.0.00.00.00;1.3.2.0.00.00.00 - Receitas de Valores Mobiliários;89048,92;9099
2017;Prefeitura Municipal de Lamarão - BA;2919108;BA;DCA-Anexo I-C;Padrão;Receitas Brutas Realizadas;RO1.3.2.5.00.00.00;1.3.2.5.00.00.00 - Remuneração de Depósitos Bancários;89048,92;9099
2017;Prefeitura Municipal de Lamarão - BA;2919108;BA;DCA-Anexo I-C;Padrão;Receitas Brutas Realizadas;RO1.6.0.0.00.00.00;1.6.0.0.00.00.00 - Receita de Serviços;1000,00;9099
2017;Prefeitura Municipal de Lamarão - BA;2919108;BA;DCA-Anexo I-C;Padrão;Receitas Brutas Realizadas;RO1.6.0.0.13.00.00;1.6.0.0.13.00.00 - Serviços Administrativos;1000,00;9099
2017;Prefeitura Municipal de Lamarão - BA;2919108;BA;DCA-Anexo I-C;Padrão;Receitas Brutas Realizadas;RO1.7.0.0.00.00.00;1.7.0.0.00.00.00 - Transferências Correntes;19734991,40;9099
2017;Prefeitura Municipal de Lamarão - BA;2919108;BA;DCA-Anexo I-C;Padrão;Deduções - FUNDEB;RO1.7.0.0.00.00.00;1.7.0.0.00.00.00 - Transferências Correntes;1574431,02;9099
2017;Prefeitura Municipal de Lamarão - BA;2919108;BA;DCA-Anexo I-C;Padrão;Receitas Brutas Realizadas;RO1.7.2.0.00.00.00;1.7.2.0.00.00.00 - Transferências Intergovernamentais;19734991,40;9099
2017;Prefeitura Municipal de Lamarão - BA;2919108;BA;DCA-Anexo I-C;Padrão;Deduções - FUNDEB;RO1.7.2.0.00.00.00;1.7.2.0.00.00.00 - Transferências Intergovernamentais;1574431,02;9099
2017;Prefeitura Municipal de Lamarão - BA;2919108;BA;DCA-Anexo I-C;Padrão;Receitas Brutas Realizadas;RO1.7.2.1.00.00.00;1.7.2.1.00.00.00 - Transferências da União;19734991,40;9099
2017;Prefeitura Municipal de Lamarão - BA;2919108;BA;DCA-Anexo I-C;Padrão;Deduções - FUNDEB;RO1.7.2.1.00.00.00;1.7.2.1.00.00.00 - Transferências da União;1574431,02;9099
2017;Prefeitura Municipal de Lamarão - BA;2919108;BA;DCA-Anexo I-C;Padrão;Receitas Brutas Realizadas;RO1.7.2.1.01.00.00;1.7.2.1.01.00.00 - Participação na Receita da União;19734991,40;9099
2017;Prefeitura Municipal de Lamarão - BA;2919108;BA;DCA-Anexo I-C;Padrão;Deduções - FUNDEB;RO1.7.2.1.01.00.00;1.7.2.1.01.00.00 - Participação na Receita da União;1574431,02;9099
2017;Prefeitura Municipal de Lamarão - BA;2919108;BA;DCA-Anexo I-C;Padrão;Receitas Brutas Realizadas;RO1.7.2.1.01.02.00;1.7.2.1.01.02.00 - Cota-Parte do Fundo de Participação dos Municípios ¿ FPM;19734991,40;9099
2017;Prefeitura Municipal de Lamarão - BA;2919108;BA;DCA-Anexo I-C;Padrão;Deduções - FUNDEB;RO1.7.2.1.01.02.00;1.7.2.1.01.02.00 - Cota-Parte do Fundo de Participação dos Municípios ¿ FPM;1574431,02;9099
2017;Prefeitura Municipal de Lamarão - BA;2919108;BA;DCA-Anexo I-C;Padrão;Receitas Brutas Realizadas;RO1.9.0.0.00.00.00;1.9.0.0.00.00.00 - Outras Receitas Correntes;18343,04;9099
2017;Prefeitura Municipal de Lamarão - BA;2919108;BA;DCA-Anexo I-C;Padrão;Receitas Brutas Realizadas;RO1.9.1.0.00.00.00;1.9.1.0.00.00.00 - Multas e Juros de Mora;18343,04;9099
2017;Prefeitura Municipal de Lamarão - BA;2919108;BA;DCA-Anexo I-C;Padrão;Receitas Brutas Realizadas;RO1.9.1.1.00.00.00;1.9.1.1.00.00.00 - Multas e Juros de Mora dos Tributos;18343,04;9099
2017;Prefeitura Municipal de Lamarão - BA;2919108;BA;DCA-Anexo I-C;Padrão;Receitas Brutas Realizadas;RO1.9.1.1.02.00.00;1.9.1.1.02.00.00 - Multas e Juros de Mora ¿ Imposto de Renda e Proventos Qualquer Natureza;18343,04;9099
2017;Prefeitura Municipal de Lamarão - BA;2919108;BA;DCA-Anexo I-C;Padrão;Receitas Brutas Realizadas;RO2.0.0.0.00.00.00;2.0.0.0.00.00.00 - Receitas de Capital;179530,08;9099
2017;Prefeitura Municipal de Lamarão - BA;2919108;BA;DCA-Anexo I-C;Padrão;Receitas Brutas Realizadas;RO2.4.0.0.00.00.00;2.4.0.0.00.00.00 - Transferências de Capital;179530,08;9099
2017;Prefeitura Municipal de Lamarão - BA;2919108;BA;DCA-Anexo I-C;Padrão;Receitas Brutas Realizadas;RO2.4.7.0.00.00.00;2.4.7.0.00.00.00 - Transferências de Convênios;179530,08;9099
2017;Prefeitura Municipal de Lamarão - BA;2919108;BA;DCA-Anexo I-C;Padrão;Receitas Brutas Realizadas;RO2.4.7.1.00.00.00;2.4.7.1.00.00.00 - Transferências de Convênios da União e de suas Entidades;179530,08;9099
2017;Prefeitura Municipal de Lamarão - BA;2919108;BA;DCA-Anexo I-C;Padrão;Receitas Brutas Realizadas;RO2.4.7.1.99.00.00;2.4.7.1.99.00.00 - Outras Transferências de Convênios da União;179530,08;9099
2018;Prefeitura Municipal de Lamarão - BA;2919108;BA;DCA-Anexo I-C;Padrão;Receitas Brutas Realizadas;TotalReceitas;Total Receitas;23901043,40;9099
2018;Prefeitura Municipal de Lamarão - BA;2919108;BA;DCA-Anexo I-C;Padrão;Deduções - FUNDEB;TotalReceitas;Total Receitas;2059795,23;9099
2018;Prefeitura Municipal de Lamarão - BA;2919108;BA;DCA-Anexo I-C;Padrão;Receitas Brutas Realizadas;RO1.0.0.0.00.0.0;1.0.0.0.00.0.0 - Receitas Correntes;23125478,48;9099
2018;Prefeitura Municipal de Lamarão - BA;2919108;BA;DCA-Anexo I-C;Padrão;Deduções - FUNDEB;RO1.0.0.0.00.0.0;1.0.0.0.00.0.0 - Receitas Correntes;2059795,23;9099
2018;Prefeitura Municipal de Lamarão - BA;2919108;BA;DCA-Anexo I-C;Padrão;Receitas Brutas Realizadas;RO1.1.0.0.00.0.0;1.1.0.0.00.0.0 - Impostos, Taxas e Contribuições de Melhoria;1189732,35;9099
2018;Prefeitura Municipal de Lamarão - BA;2919108;BA;DCA-Anexo I-C;Padrão;Receitas Brutas Realizadas;RO1.1.1.0.00.0.0;1.1.1.0.00.0.0 - Impostos;1179468,46;9099
2018;Prefeitura Municipal de Lamarão - BA;2919108;BA;DCA-Anexo I-C;Padrão;Receitas Brutas Realizadas;RO1.1.1.3.00.0.0;1.1.1.3.00.0.0 - Impostos sobre a Renda e Proventos de Qualquer Natureza;153147,81;9099
2018;Prefeitura Municipal de Lamarão - BA;2919108;BA;DCA-Anexo I-C;Padrão;Receitas Brutas Realizadas;RO1.1.1.3.03.0.0;1.1.1.3.03.0.0 - Imposto sobre a Renda - Retido na Fonte;153147,81;9099
2018;Prefeitura Municipal de Lamarão - BA;2919108;BA;DCA-Anexo I-C;Padrão;Receitas Brutas Realizadas;RO1.1.1.3.03.1.0;1.1.1.3.03.1.0 - Imposto sobre a Renda - Retido na Fonte - Trabalho;153147,81;9099
2018;Prefeitura Municipal de Lamarão - BA;2919108;BA;DCA-Anexo I-C;Padrão;Receitas Brutas Realizadas;RO1.1.1.8.00.0.0;1.1.1.8.00.0.0 Impostos Específicos de Estados, DF e Municípios;1026320,65;9099
2018;Prefeitura Municipal de Lamarão - BA;2919108;BA;DCA-Anexo I-C;Padrão;Receitas Brutas Realizadas;RO1.1.1.8.01.0.0;1.1.1.8.01.0.0 Impostos sobre o Patrimônio para Estados/DF/Municípios;16821,90;9099
2018;Prefeitura Municipal de Lamarão - BA;2919108;BA;DCA-Anexo I-C;Padrão;Receitas Brutas Realizadas;RO1.1.1.8.01.1.0;1.1.1.8.01.1.0 Imposto sobre a Propriedade Predial e Territorial Urbana;16821,90;9099
2018;Prefeitura Municipal de Lamarão - BA;2919108;BA;DCA-Anexo I-C;Padrão;Receitas Brutas Realizadas;RO1.1.1.8.02.0.0;1.1.1.8.02.0.0 Impostos sobre a Produção, Circulação de Mercadorias e Serviços;1009498,75;9099
2018;Prefeitura Municipal de Lamarão - BA;2919108;BA;DCA-Anexo I-C;Padrão;Receitas Brutas Realizadas;RO1.1.1.8.02.3.0;1.1.1.8.02.3.0 Imposto sobre Serviços de Qualquer Natureza;1009498,75;9099
2018;Prefeitura Municipal de Lamarão - BA;2919108;BA;DCA-Anexo I-C;Padrão;Receitas Brutas Realizadas;RO1.1.2.0.00.0.0;1.1.2.0.00.0.0 - Taxas;10263,89;9099
2018;Prefeitura Municipal de Lamarão - BA;2919108;BA;DCA-Anexo I-C;Padrão;Receitas Brutas Realizadas;RO1.1.2.2.00.0.0;1.1.2.2.00.0.0 - Taxas pela Prestação de Serviços;10263,89;9099
2018;Prefeitura Municipal de Lamarão - BA;2919108;BA;DCA-Anexo I-C;Padrão;Receitas Brutas Realizadas;RO1.1.2.2.01.0.0;1.1.2.2.01.0.0 - Taxas pela Prestação de Serviços;10263,89;9099
2018;Prefeitura Municipal de Lamarão - BA;2919108;BA;DCA-Anexo I-C;Padrão;Receitas Brutas Realizadas;RO1.3.0.0.00.0.0;1.3.0.0.00.0.0 - Receita Patrimonial;44302,31;9099
2018;Prefeitura Municipal de Lamarão - BA;2919108;BA;DCA-Anexo I-C;Padrão;Receitas Brutas Realizadas;RO1.3.2.0.00.0.0;1.3.2.0.00.0.0 - Valores Mobiliários;44302,31;9099
2018;Prefeitura Municipal de Lamarão - BA;2919108;BA;DCA-Anexo I-C;Padrão;Receitas Brutas Realizadas;RO1.3.2.1.00.0.0;1.3.2.1.00.0.0 - Juros e Correções Monetárias;44302,31;9099
2018;Prefeitura Municipal de Lamarão - BA;2919108;BA;DCA-Anexo I-C;Padrão;Receitas Brutas Realizadas;RO1.3.2.1.00.1.0;1.3.2.1.00.1.0 - Remuneração de Depósitos Bancários;44302,31;9099
2018;Prefeitura Municipal de Lamarão - BA;2919108;BA;DCA-Anexo I-C;Padrão;Receitas Brutas Realizadas;RO1.7.0.0.00.0.0;1.7.0.0.00.0.0 - Transferências Correntes;21873128,30;9099
2018;Prefeitura Municipal de Lamarão - BA;2919108;BA;DCA-Anexo I-C;Padrão;Deduções - FUNDEB;RO1.7.0.0.00.0.0;1.7.0.0.00.0.0 - Transferências Correntes;2059795,23;9099
2018;Prefeitura Municipal de Lamarão - BA;2919108;BA;DCA-Anexo I-C;Padrão;Receitas Brutas Realizadas;RO1.7.1.0.00.0.0;1.7.1.0.00.0.0 - Transferências da União e de suas Entidades;12614948,58;9099
2018;Prefeitura Municipal de Lamarão - BA;2919108;BA;DCA-Anexo I-C;Padrão;Deduções - FUNDEB;RO1.7.1.0.00.0.0;1.7.1.0.00.0.0 - Transferências da União e de suas Entidades;1682811,05;9099
2018;Prefeitura Municipal de Lamarão - BA;2919108;BA;DCA-Anexo I-C;Padrão;Receitas Brutas Realizadas;RO1.7.1.8.00.0.0;1.7.1.8.00.0.0 Transferências da União - Específicas de Estados, DF e Municípios;12614948,58;9099
2018;Prefeitura Municipal de Lamarão - BA;2919108;BA;DCA-Anexo I-C;Padrão;Deduções - FUNDEB;RO1.7.1.8.00.0.0;1.7.1.8.00.0.0 Transferências da União - Específicas de Estados, DF e Municípios;1682811,05;9099
2018;Prefeitura Municipal de Lamarão - BA;2919108;BA;DCA-Anexo I-C;Padrão;Receitas Brutas Realizadas;RO1.7.1.8.01.0.0;1.7.1.8.01.0.0 Participação na Receita da União;9145676,22;9099
2018;Prefeitura Municipal de Lamarão - BA;2919108;BA;DCA-Anexo I-C;Padrão;Deduções - FUNDEB;RO1.7.1.8.01.0.0;1.7.1.8.01.0.0 Participação na Receita da União;1681688,81;9099
2018;Prefeitura Municipal de Lamarão - BA;2919108;BA;DCA-Anexo I-C;Padrão;Receitas Brutas Realizadas;RO1.7.1.8.01.2.0;1.7.1.8.01.2.0 Cota-Parte do Fundo de Participação dos Municípios - Cota Mensal;8404885,67;9099
2018;Prefeitura Municipal de Lamarão - BA;2919108;BA;DCA-Anexo I-C;Padrão;Deduções - FUNDEB;RO1.7.1.8.01.2.0;1.7.1.8.01.2.0 Cota-Parte do Fundo de Participação dos Municípios - Cota Mensal;1680976,86;9099
2018;Prefeitura Municipal de Lamarão - BA;2919108;BA;DCA-Anexo I-C;Padrão;Receitas Brutas Realizadas;RO1.7.1.8.01.3.0;1.7.1.8.01.3.0 Cota-Parte do Fundo de Participação do Municípios ¿ 1% Cota entregue no mês de dezembro;737230,69;9099
2018;Prefeitura Municipal de Lamarão - BA;2919108;BA;DCA-Anexo I-C;Padrão;Receitas Brutas Realizadas;RO1.7.1.8.01.5.0;1.7.1.8.01.5.0 Cota-Parte do Imposto Sobre a Propriedade Territorial Rural;3559,86;9099
2018;Prefeitura Municipal de Lamarão - BA;2919108;BA;DCA-Anexo I-C;Padrão;Deduções - FUNDEB;RO1.7.1.8.01.5.0;1.7.1.8.01.5.0 Cota-Parte do Imposto Sobre a Propriedade Territorial Rural;711,95;9099
2018;Prefeitura Municipal de Lamarão - BA;2919108;BA;DCA-Anexo I-C;Padrão;Receitas Brutas Realizadas;RO1.7.1.8.02.0.0;1.7.1.8.02.0.0 Transferência da Compensação Financeira pela Exploração de Recursos Naturais;154944,60;9099
2018;Prefeitura Municipal de Lamarão - BA;2919108;BA;DCA-Anexo I-C;Padrão;Receitas Brutas Realizadas;RO1.7.1.8.02.3.0;1.7.1.8.02.3.0 Cota-parte Royalties ¿ Compensação Financeira pela Produção de Petróleo ¿ Lei nº 7.990/89;15088,70;9099
2018;Prefeitura Municipal de Lamarão - BA;2919108;BA;DCA-Anexo I-C;Padrão;Receitas Brutas Realizadas;RO1.7.1.8.02.6.0;1.7.1.8.02.6.0 Cota-Parte do Fundo Especial do Petróleo ¿ FEP;139855,90;9099
2018;Prefeitura Municipal de Lamarão - BA;2919108;BA;DCA-Anexo I-C;Padrão;Receitas Brutas Realizadas;RO1.7.1.8.03.0.0;1.7.1.8.03.0.0 Transferência de Recursos do Sistema Único de Saúde ¿ SUS ¿ Repasses Fundo a Fundo;2433113,32;9099
2018;Prefeitura Municipal de Lamarão - BA;2919108;BA;DCA-Anexo I-C;Padrão;Receitas Brutas Realizadas;RO1.7.1.8.04.0.0;1.7.1.8.04.0.0 Transferências de Recursos do Fundo Nacional de Assistência Social ¿ FNAS;148858,04;9099
2018;Prefeitura Municipal de Lamarão - BA;2919108;BA;DCA-Anexo I-C;Padrão;Receitas Brutas Realizadas;RO1.7.1.8.05.0.0;1.7.1.8.05.0.0 Transferências de Recursos do Fundo Nacional do Desenvolvimento da Educação ¿ FNDE;726744,84;9099
2018;Prefeitura Municipal de Lamarão - BA;2919108;BA;DCA-Anexo I-C;Padrão;Receitas Brutas Realizadas;RO1.7.1.8.05.1.0;1.7.1.8.05.1.0 Transferências do Salário-Educação;282809,89;9099
2018;Prefeitura Municipal de Lamarão - BA;2919108;BA;DCA-Anexo I-C;Padrão;Receitas Brutas Realizadas;RO1.7.1.8.05.3.0;1.7.1.8.05.3.0 Transferências Diretas do FNDE referentes ao Programa Nacional de Alimentação Escolar ¿ PNAE;235851,22;9099
2018;Prefeitura Municipal de Lamarão - BA;2919108;BA;DCA-Anexo I-C;Padrão;Receitas Brutas Realizadas;RO1.7.1.8.05.4.0;1.7.1.8.05.4.0 Transferências Diretas do FNDE referentes ao Programa Nacional de Apoio ao Transporte do Escolar ¿ PNATE;208083,73;9099
2018;Prefeitura Municipal de Lamarão - BA;2919108;BA;DCA-Anexo I-C;Padrão;Receitas Brutas Realizadas;RO1.7.1.8.06.0.0;1.7.1.8.06.0.0 Transferência Financeira do ICMS ¿ Desoneração ¿ L.C. Nº 87/96;5611,56;9099
2018;Prefeitura Municipal de Lamarão - BA;2919108;BA;DCA-Anexo I-C;Padrão;Deduções - FUNDEB;RO1.7.1.8.06.0.0;1.7.1.8.06.0.0 Transferência Financeira do ICMS ¿ Desoneração ¿ L.C. Nº 87/96;1122,24;9099
2018;Prefeitura Municipal de Lamarão - BA;2919108;BA;DCA-Anexo I-C;Padrão;Receitas Brutas Realizadas;RO1.7.1.8.06.1.0;1.7.1.8.06.1.0 Transferência Financeira do ICMS ¿ Desoneração ¿ L.C. Nº 87/96;5611,56;9099
2018;Prefeitura Municipal de Lamarão - BA;2919108;BA;DCA-Anexo I-C;Padrão;Deduções - FUNDEB;RO1.7.1.8.06.1.0;1.7.1.8.06.1.0 Transferência Financeira do ICMS ¿ Desoneração ¿ L.C. Nº 87/96;1122,24;9099
2018;Prefeitura Municipal de Lamarão - BA;2919108;BA;DCA-Anexo I-C;Padrão;Receitas Brutas Realizadas;RO1.7.2.0.00.0.0;1.7.2.0.00.0.0 - Transferências dos Estados e do Distrito Federal e de suas Entidades;1973376,04;9099
2018;Prefeitura Municipal de Lamarão - BA;2919108;BA;DCA-Anexo I-C;Padrão;Deduções - FUNDEB;RO1.7.2.0.00.0.0;1.7.2.0.00.0.0 - Transferências dos Estados e do Distrito Federal e de suas Entidades;376984,18;9099
2018;Prefeitura Municipal de Lamarão - BA;2919108;BA;DCA-Anexo I-C;Padrão;Receitas Brutas Realizadas;RO1.7.2.8.00.0.0;1.7.2.8.00.0.0 Transferências dos Estados - Específicas de Estados, DF e Municípios;1973376,04;9099
2018;Prefeitura Municipal de Lamarão - BA;2919108;BA;DCA-Anexo I-C;Padrão;Deduções - FUNDEB;RO1.7.2.8.00.0.0;1.7.2.8.00.0.0 Transferências dos Estados - Específicas de Estados, DF e Municípios;376984,18;9099
2018;Prefeitura Municipal de Lamarão - BA;2919108;BA;DCA-Anexo I-C;Padrão;Receitas Brutas Realizadas;RO1.7.2.8.01.0.0;1.7.2.8.01.0.0 Participação na Receita dos Estados;1915818,98;9099
2018;Prefeitura Municipal de Lamarão - BA;2919108;BA;DCA-Anexo I-C;Padrão;Deduções - FUNDEB;RO1.7.2.8.01.0.0;1.7.2.8.01.0.0 Participação na Receita dos Estados;376984,18;9099
2018;Prefeitura Municipal de Lamarão - BA;2919108;BA;DCA-Anexo I-C;Padrão;Receitas Brutas Realizadas;RO1.7.2.8.01.1.0;1.7.2.8.01.1.0 Cota-Parte do ICMS;1804977,43;9099
2018;Prefeitura Municipal de Lamarão - BA;2919108;BA;DCA-Anexo I-C;Padrão;Deduções - FUNDEB;RO1.7.2.8.01.1.0;1.7.2.8.01.1.0 Cota-Parte do ICMS;360995,25;9099
2018;Prefeitura Municipal de Lamarão - BA;2919108;BA;DCA-Anexo I-C;Padrão;Receitas Brutas Realizadas;RO1.7.2.8.01.2.0;1.7.2.8.01.2.0 Cota-Parte do IPVA;78690,75;9099
2018;Prefeitura Municipal de Lamarão - BA;2919108;BA;DCA-Anexo I-C;Padrão;Deduções - FUNDEB;RO1.7.2.8.01.2.0;1.7.2.8.01.2.0 Cota-Parte do IPVA;15737,48;9099
2018;Prefeitura Municipal de Lamarão - BA;2919108;BA;DCA-Anexo I-C;Padrão;Receitas Brutas Realizadas;RO1.7.2.8.01.3.0;1.7.2.8.01.3.0 Cota-Parte do IPI - Municípios;14979,23;9099
2018;Prefeitura Municipal de Lamarão - BA;2919108;BA;DCA-Anexo I-C;Padrão;Deduções - FUNDEB;RO1.7.2.8.01.3.0;1.7.2.8.01.3.0 Cota-Parte do IPI - Municípios;251,45;9099
2018;Prefeitura Municipal de Lamarão - BA;2919108;BA;DCA-Anexo I-C;Padrão;Receitas Brutas Realizadas;RO1.7.2.8.01.4.0;1.7.2.8.01.4.0 Cota-Parte da Contribuição de Intervenção no Domínio Econômico;17171,57;9099
2018;Prefeitura Municipal de Lamarão - BA;2919108;BA;DCA-Anexo I-C;Padrão;Receitas Brutas Realizadas;RO1.7.2.8.03.0.0;1.7.2.8.03.0.0 Transferência de Recursos do Estado para Programas de Saúde ¿ Repasse Fundo a Fundo;52001,55;9099
2018;Prefeitura Municipal de Lamarão - BA;2919108;BA;DCA-Anexo I-C;Padrão;Receitas Brutas Realizadas;RO1.7.2.8.99.0.0;1.7.2.8.99.0.0 Outras Transferências dos Estados;5555,51;9099
2018;Prefeitura Municipal de Lamarão - BA;2919108;BA;DCA-Anexo I-C;Padrão;Receitas Brutas Realizadas;RO1.7.5.0.00.0.0;1.7.5.0.00.0.0 - Transferências de Outras Instituições Públicas;7284803,68;9099
2018;Prefeitura Municipal de Lamarão - BA;2919108;BA;DCA-Anexo I-C;Padrão;Receitas Brutas Realizadas;RO1.7.5.8.00.0.0;1.7.5.8.00.0.0 Transferências de Outras Instituições Públicas - Específicas de Estados, DF e Municípios;7284803,68;9099
2018;Prefeitura Municipal de Lamarão - BA;2919108;BA;DCA-Anexo I-C;Padrão;Receitas Brutas Realizadas;RO1.7.5.8.01.0.0;1.7.5.8.01.0.0 Transferências de Recursos do Fundo de Manutenção e Desenvolvimento da Educação Básica e de Valorização dos Profissionais da Educação ¿ FUNDEB;7284803,68;9099
2018;Prefeitura Municipal de Lamarão - BA;2919108;BA;DCA-Anexo I-C;Padrão;Receitas Brutas Realizadas;RO1.9.0.0.00.0.0;1.9.0.0.00.0.0 - Outras Receitas Correntes;18315,52;9099
2018;Prefeitura Municipal de Lamarão - BA;2919108;BA;DCA-Anexo I-C;Padrão;Receitas Brutas Realizadas;RO1.9.2.0.00.0.0;1.9.2.0.00.0.0 - Indenizações, Restituições e Ressarcimentos;18315,52;9099
2018;Prefeitura Municipal de Lamarão - BA;2919108;BA;DCA-Anexo I-C;Padrão;Receitas Brutas Realizadas;RO1.9.2.2.00.0.0;1.9.2.2.00.0.0 - Restituições;18315,52;9099
2018;Prefeitura Municipal de Lamarão - BA;2919108;BA;DCA-Anexo I-C;Padrão;Receitas Brutas Realizadas;RO1.9.2.2.99.0.0;1.9.2.2.99.0.0 - Outras Restituições;18315,52;9099
2018;Prefeitura Municipal de Lamarão - BA;2919108;BA;DCA-Anexo I-C;Padrão;Receitas Brutas Realizadas;RO2.0.0.0.00.0.0;2.0.0.0.00.0.0 - Receitas de Capital;775564,92;9099
2018;Prefeitura Municipal de Lamarão - BA;2919108;BA;DCA-Anexo I-C;Padrão;Receitas Brutas Realizadas;RO2.2.0.0.00.0.0;2.2.0.0.00.0.0 - Alienação de Bens;34300,00;9099
2018;Prefeitura Municipal de Lamarão - BA;2919108;BA;DCA-Anexo I-C;Padrão;Receitas Brutas Realizadas;RO2.2.1.0.00.0.0;2.2.1.0.00.0.0 - Alienação de Bens Móveis;34300,00;9099
2018;Prefeitura Municipal de Lamarão - BA;2919108;BA;DCA-Anexo I-C;Padrão;Receitas Brutas Realizadas;RO2.2.1.3.00.0.0;2.2.1.3.00.0.0 Alienação de Bens Móveis e Semoventes;34300,00;9099
2018;Prefeitura Municipal de Lamarão - BA;2919108;BA;DCA-Anexo I-C;Padrão;Receitas Brutas Realizadas;RO2.4.0.0.00.0.0;2.4.0.0.00.0.0 - Transferências de Capital;741264,92;9099
2018;Prefeitura Municipal de Lamarão - BA;2919108;BA;DCA-Anexo I-C;Padrão;Receitas Brutas Realizadas;RO2.4.1.0.00.0.0;2.4.1.0.00.0.0 - Transferências da União e de suas Entidades;627386,48;9099
2018;Prefeitura Municipal de Lamarão - BA;2919108;BA;DCA-Anexo I-C;Padrão;Receitas Brutas Realizadas;RO2.4.1.8.00.0.0;2.4.1.8.00.0.0 Transferências da União - Específicas de Estados, DF e Municípios;627386,48;9099
2018;Prefeitura Municipal de Lamarão - BA;2919108;BA;DCA-Anexo I-C;Padrão;Receitas Brutas Realizadas;RO2.4.1.8.10.0.0;2.4.1.8.10.0.0 Transferência de Convênios da União e de suas Entidades;627386,48;9099
2018;Prefeitura Municipal de Lamarão - BA;2919108;BA;DCA-Anexo I-C;Padrão;Receitas Brutas Realizadas;RO2.4.2.0.00.0.0;2.4.2.0.00.0.0 - Transferências dos Estados e do Distrito Federal e de suas Entidades;113878,44;9099
2018;Prefeitura Municipal de Lamarão - BA;2919108;BA;DCA-Anexo I-C;Padrão;Receitas Brutas Realizadas;RO2.4.2.8.00.0.0;2.4.2.8.00.0.0 Transferências dos Estados, Distrito Federal, e de suas Entidades;113878,44;9099
2018;Prefeitura Municipal de Lamarão - BA;2919108;BA;DCA-Anexo I-C;Padrão;Receitas Brutas Realizadas;RO2.4.2.8.03.0.0;2.4.2.8.03.0.0 Transferências de Recursos do Sistema Único de Saúde ¿ SUS;9000,00;9099
2018;Prefeitura Municipal de Lamarão - BA;2919108;BA;DCA-Anexo I-C;Padrão;Receitas Brutas Realizadas;RO2.4.2.8.99.0.0;2.4.2.8.99.0.0 Outras Transferências dos Estados;104878,44;9099
2019;Prefeitura Municipal de Lamarão - BA;2919108;BA;DCA-Anexo I-C;Padrão;Receitas Brutas Realizadas;ReceitasExcetoIntraOrcamentarias;RECEITAS (EXCETO INTRA-ORÇAMENTÁRIAS) (I);25080611,82;8430
2019;Prefeitura Municipal de Lamarão - BA;2919108;BA;DCA-Anexo I-C;Padrão;Deduções - FUNDEB;ReceitasExcetoIntraOrcamentarias;RECEITAS (EXCETO INTRA-ORÇAMENTÁRIAS) (I);2222506,61;8430
2019;Prefeitura Municipal de Lamarão - BA;2919108;BA;DCA-Anexo I-C;Padrão;Receitas Brutas Realizadas;RO1.0.0.0.00.0.0;1.0.0.0.00.0.0 - Receitas Correntes;24667728,66;8430
2019;Prefeitura Municipal de Lamarão - BA;2919108;BA;DCA-Anexo I-C;Padrão;Deduções - FUNDEB;RO1.0.0.0.00.0.0;1.0.0.0.00.0.0 - Receitas Correntes;2222506,61;8430
2019;Prefeitura Municipal de Lamarão - BA;2919108;BA;DCA-Anexo I-C;Padrão;Receitas Brutas Realizadas;RO1.1.0.0.00.0.0;1.1.0.0.00.0.0 - Impostos, Taxas e Contribuições de Melhoria;625310,25;8430
2019;Prefeitura Municipal de Lamarão - BA;2919108;BA;DCA-Anexo I-C;Padrão;Receitas Brutas Realizadas;RO1.1.1.0.00.0.0;1.1.1.0.00.0.0 - Impostos;622091,79;8430
2019;Prefeitura Municipal de Lamarão - BA;2919108;BA;DCA-Anexo I-C;Padrão;Receitas Brutas Realizadas;RO1.1.1.3.00.0.0;1.1.1.3.00.0.0 - Impostos sobre a Renda e Proventos de Qualquer Natureza;318713,43;8430
2019;Prefeitura Municipal de Lamarão - BA;2919108;BA;DCA-Anexo I-C;Padrão;Receitas Brutas Realizadas;RO1.1.1.3.03.0.0;1.1.1.3.03.0.0 - Imposto sobre a Renda - Retido na Fonte;318713,43;8430
2019;Prefeitura Municipal de Lamarão - BA;2919108;BA;DCA-Anexo I-C;Padrão;Receitas Brutas Realizadas;RO1.1.1.3.03.1.0;1.1.1.3.03.1.0 - Imposto sobre a Renda - Retido na Fonte - Trabalho;318713,43;8430
2019;Prefeitura Municipal de Lamarão - BA;2919108;BA;DCA-Anexo I-C;Padrão;Receitas Brutas Realizadas;RO1.1.1.8.00.0.0;1.1.1.8.00.0.0 Impostos Específicos de Estados, DF e Municípios;303378,36;8430
2019;Prefeitura Municipal de Lamarão - BA;2919108;BA;DCA-Anexo I-C;Padrão;Receitas Brutas Realizadas;RO1.1.1.8.01.0.0;1.1.1.8.01.0.0 Impostos sobre o Patrimônio para Estados/DF/Municípios;4359,89;8430
2019;Prefeitura Municipal de Lamarão - BA;2919108;BA;DCA-Anexo I-C;Padrão;Receitas Brutas Realizadas;RO1.1.1.8.01.1.0;1.1.1.8.01.1.0 Imposto sobre a Propriedade Predial e Territorial Urbana;4359,89;8430
2019;Prefeitura Municipal de Lamarão - BA;2919108;BA;DCA-Anexo I-C;Padrão;Receitas Brutas Realizadas;RO1.1.1.8.02.0.0;1.1.1.8.02.0.0 Impostos sobre a Produção, Circulação de Mercadorias e Serviços;299018,47;8430
2019;Prefeitura Municipal de Lamarão - BA;2919108;BA;DCA-Anexo I-C;Padrão;Receitas Brutas Realizadas;RO1.1.1.8.02.3.0;1.1.1.8.02.3.0 Imposto sobre Serviços de Qualquer Natureza;299018,47;8430
2019;Prefeitura Municipal de Lamarão - BA;2919108;BA;DCA-Anexo I-C;Padrão;Receitas Brutas Realizadas;RO1.1.2.0.00.0.0;1.1.2.0.00.0.0 - Taxas;3218,46;8430
2019;Prefeitura Municipal de Lamarão - BA;2919108;BA;DCA-Anexo I-C;Padrão;Receitas Brutas Realizadas;RO1.1.2.2.00.0.0;1.1.2.2.00.0.0 - Taxas pela Prestação de Serviços;3218,46;8430
2019;Prefeitura Municipal de Lamarão - BA;2919108;BA;DCA-Anexo I-C;Padrão;Receitas Brutas Realizadas;RO1.1.2.2.01.0.0;1.1.2.2.01.0.0 - Taxas pela Prestação de Serviços;3218,46;8430
2019;Prefeitura Municipal de Lamarão - BA;2919108;BA;DCA-Anexo I-C;Padrão;Receitas Brutas Realizadas;RO1.3.0.0.00.0.0;1.3.0.0.00.0.0 - Receita Patrimonial;36592,31;8430
2019;Prefeitura Municipal de Lamarão - BA;2919108;BA;DCA-Anexo I-C;Padrão;Receitas Brutas Realizadas;RO1.3.2.0.00.0.0;1.3.2.0.00.0.0 - Valores Mobiliários;36592,31;8430
2019;Prefeitura Municipal de Lamarão - BA;2919108;BA;DCA-Anexo I-C;Padrão;Receitas Brutas Realizadas;RO1.3.2.1.00.0.0;1.3.2.1.00.0.0 - Juros e Correções Monetárias;36592,31;8430
2019;Prefeitura Municipal de Lamarão - BA;2919108;BA;DCA-Anexo I-C;Padrão;Receitas Brutas Realizadas;RO1.3.2.1.00.1.0;1.3.2.1.00.1.0 - Remuneração de Depósitos Bancários;36592,31;8430
2019;Prefeitura Municipal de Lamarão - BA;2919108;BA;DCA-Anexo I-C;Padrão;Receitas Brutas Realizadas;RO1.7.0.0.00.0.0;1.7.0.0.00.0.0 - Transferências Correntes;23977025,01;8430
2019;Prefeitura Municipal de Lamarão - BA;2919108;BA;DCA-Anexo I-C;Padrão;Deduções - FUNDEB;RO1.7.0.0.00.0.0;1.7.0.0.00.0.0 - Transferências Correntes;2222506,61;8430
2019;Prefeitura Municipal de Lamarão - BA;2919108;BA;DCA-Anexo I-C;Padrão;Receitas Brutas Realizadas;RO1.7.1.0.00.0.0;1.7.1.0.00.0.0 - Transferências da União e de suas Entidades;15848311,66;8430
2019;Prefeitura Municipal de Lamarão - BA;2919108;BA;DCA-Anexo I-C;Padrão;Deduções - FUNDEB;RO1.7.1.0.00.0.0;1.7.1.0.00.0.0 - Transferências da União e de suas Entidades;1832885,49;8430
2019;Prefeitura Municipal de Lamarão - BA;2919108;BA;DCA-Anexo I-C;Padrão;Receitas Brutas Realizadas;RO1.7.1.8.00.0.0;1.7.1.8.00.0.0 Transferências da União - Específicas de Estados, DF e Municípios;15848311,66;8430
2019;Prefeitura Municipal de Lamarão - BA;2919108;BA;DCA-Anexo I-C;Padrão;Deduções - FUNDEB;RO1.7.1.8.00.0.0;1.7.1.8.00.0.0 Transferências da União - Específicas de Estados, DF e Municípios;1832885,49;8430
2019;Prefeitura Municipal de Lamarão - BA;2919108;BA;DCA-Anexo I-C;Padrão;Receitas Brutas Realizadas;RO1.7.1.8.01.0.0;1.7.1.8.01.0.0 Participação na Receita da União;9956664,36;8430
2019;Prefeitura Municipal de Lamarão - BA;2919108;BA;DCA-Anexo I-C;Padrão;Deduções - FUNDEB;RO1.7.1.8.01.0.0;1.7.1.8.01.0.0 Participação na Receita da União;1832885,49;8430
2019;Prefeitura Municipal de Lamarão - BA;2919108;BA;DCA-Anexo I-C;Padrão;Receitas Brutas Realizadas;RO1.7.1.8.01.2.0;1.7.1.8.01.2.0 Cota-Parte do Fundo de Participação dos Municípios - Cota Mensal;9563892,63;8430
2019;Prefeitura Municipal de Lamarão - BA;2919108;BA;DCA-Anexo I-C;Padrão;Deduções - FUNDEB;RO1.7.1.8.01.2.0;1.7.1.8.01.2.0 Cota-Parte do Fundo de Participação dos Municípios - Cota Mensal;1832212,46;8430
2019;Prefeitura Municipal de Lamarão - BA;2919108;BA;DCA-Anexo I-C;Padrão;Receitas Brutas Realizadas;RO1.7.1.8.01.4.0;1.7.1.8.01.4.0 Cota-Parte do Fundo de Participação dos Municípios - 1% Cota entregue no mês de julho;389406,29;8430
2019;Prefeitura Municipal de Lamarão - BA;2919108;BA;DCA-Anexo I-C;Padrão;Receitas Brutas Realizadas;RO1.7.1.8.01.5.0;1.7.1.8.01.5.0 Cota-Parte do Imposto Sobre a Propriedade Territorial Rural;3365,44;8430
2019;Prefeitura Municipal de Lamarão - BA;2919108;BA;DCA-Anexo I-C;Padrão;Deduções - FUNDEB;RO1.7.1.8.01.5.0;1.7.1.8.01.5.0 Cota-Parte do Imposto Sobre a Propriedade Territorial Rural;673,03;8430
2019;Prefeitura Municipal de Lamarão - BA;2919108;BA;DCA-Anexo I-C;Padrão;Receitas Brutas Realizadas;RO1.7.1.8.02.0.0;1.7.1.8.02.0.0 Transferência da Compensação Financeira pela Exploração de Recursos Naturais;152496,83;8430
2019;Prefeitura Municipal de Lamarão - BA;2919108;BA;DCA-Anexo I-C;Padrão;Receitas Brutas Realizadas;RO1.7.1.8.02.5.0;1.7.1.8.02.5.0 Cota-parte Royalties pela Participação Especial ¿ Lei nº 9.478/97, artigo 50;10187,77;8430
2019;Prefeitura Municipal de Lamarão - BA;2919108;BA;DCA-Anexo I-C;Padrão;Receitas Brutas Realizadas;RO1.7.1.8.02.6.0;1.7.1.8.02.6.0 Cota-Parte do Fundo Especial do Petróleo ¿ FEP;142309,06;8430
2019;Prefeitura Municipal de Lamarão - BA;2919108;BA;DCA-Anexo I-C;Padrão;Receitas Brutas Realizadas;RO1.7.1.8.03.0.0;"1.7.1.8.03.0.0 Transferência de Recursos do Sistema Único de Saúde ¿ 
 SUS ¿ Bloco Custeio das Ações e Serviços Públicos de Saúde";2226219,01;8430
2019;Prefeitura Municipal de Lamarão - BA;2919108;BA;DCA-Anexo I-C;Padrão;Receitas Brutas Realizadas;RO1.7.1.8.03.1.0;1.7.1.8.03.1.0 - Transferência de Recursos do SUS ¿ Atenção Básica;1879096,54;8430
2019;Prefeitura Municipal de Lamarão - BA;2919108;BA;DCA-Anexo I-C;Padrão;Receitas Brutas Realizadas;RO1.7.1.8.03.3.0;1.7.1.8.03.3.0 - Transferência de Recursos do SUS ¿ Vigilância em Saúde;226155,49;8430
2019;Prefeitura Municipal de Lamarão - BA;2919108;BA;DCA-Anexo I-C;Padrão;Receitas Brutas Realizadas;RO1.7.1.8.03.4.0;1.7.1.8.03.4.0 - Transferência de Recursos do SUS ¿ Assistência Farmacêutica;90966,98;8430
2019;Prefeitura Municipal de Lamarão - BA;2919108;BA;DCA-Anexo I-C;Padrão;Receitas Brutas Realizadas;RO1.7.1.8.03.5.0;1.7.1.8.03.5.0 - Transferência de Recursos do SUS ¿ Gestão do SUS;30000,00;8430
2019;Prefeitura Municipal de Lamarão - BA;2919108;BA;DCA-Anexo I-C;Padrão;Receitas Brutas Realizadas;RO1.7.1.8.05.0.0;1.7.1.8.05.0.0 Transferências de Recursos do Fundo Nacional do Desenvolvimento da Educação ¿ FNDE;868938,84;8430
2019;Prefeitura Municipal de Lamarão - BA;2919108;BA;DCA-Anexo I-C;Padrão;Receitas Brutas Realizadas;RO1.7.1.8.05.1.0;1.7.1.8.05.1.0 Transferências do Salário-Educação;253190,87;8430
2019;Prefeitura Municipal de Lamarão - BA;2919108;BA;DCA-Anexo I-C;Padrão;Receitas Brutas Realizadas;RO1.7.1.8.05.3.0;1.7.1.8.05.3.0 Transferências Diretas do FNDE referentes ao Programa Nacional de Alimentação Escolar ¿ PNAE;194387,68;8430
2019;Prefeitura Municipal de Lamarão - BA;2919108;BA;DCA-Anexo I-C;Padrão;Receitas Brutas Realizadas;RO1.7.1.8.05.4.0;1.7.1.8.05.4.0 Transferências Diretas do FNDE referentes ao Programa Nacional de Apoio ao Transporte do Escolar ¿ PNATE;229143,02;8430
2019;Prefeitura Municipal de Lamarão - BA;2919108;BA;DCA-Anexo I-C;Padrão;Receitas Brutas Realizadas;RO1.7.1.8.05.9.0;1.7.1.8.05.9.0 Outras Transferências Diretas do Fundo Nacional do Desenvolvimento da Educação ¿ FNDE;192217,27;8430
2019;Prefeitura Municipal de Lamarão - BA;2919108;BA;DCA-Anexo I-C;Padrão;Receitas Brutas Realizadas;RO1.7.1.8.09.0.0;1.7.1.8.09.0.0 - Transferências de Recursos de Complementação da União ao Fundo de Manutenção e Desenvolvimento da Educação Básica e de Valorização dos Profissionais da Educação ¿ FUNDEB;1802650,51;8430
2019;Prefeitura Municipal de Lamarão - BA;2919108;BA;DCA-Anexo I-C;Padrão;Receitas Brutas Realizadas;RO1.7.1.8.12.0.0;1.7.1.8.12.0.0 - Transferências de Recursos do Fundo Nacional de Assistência Social ¿ FNAS;362620,93;8430
2019;Prefeitura Municipal de Lamarão - BA;2919108;BA;DCA-Anexo I-C;Padrão;Receitas Brutas Realizadas;RO1.7.1.8.99.0.0;1.7.1.8.99.0.0 Outras Transferências da União;478721,18;8430
2019;Prefeitura Municipal de Lamarão - BA;2919108;BA;DCA-Anexo I-C;Padrão;Receitas Brutas Realizadas;RO1.7.2.0.00.0.0;1.7.2.0.00.0.0 - Transferências dos Estados e do Distrito Federal e de suas Entidades;2254207,85;8430
2019;Prefeitura Municipal de Lamarão - BA;2919108;BA;DCA-Anexo I-C;Padrão;Deduções - FUNDEB;RO1.7.2.0.00.0.0;1.7.2.0.00.0.0 - Transferências dos Estados e do Distrito Federal e de suas Entidades;389621,12;8430
2019;Prefeitura Municipal de Lamarão - BA;2919108;BA;DCA-Anexo I-C;Padrão;Receitas Brutas Realizadas;RO1.7.2.8.00.0.0;1.7.2.8.00.0.0 Transferências dos Estados - Específicas de Estados, DF e Municípios;2254207,85;8430
2019;Prefeitura Municipal de Lamarão - BA;2919108;BA;DCA-Anexo I-C;Padrão;Deduções - FUNDEB;RO1.7.2.8.00.0.0;1.7.2.8.00.0.0 Transferências dos Estados - Específicas de Estados, DF e Municípios;389621,12;8430
2019;Prefeitura Municipal de Lamarão - BA;2919108;BA;DCA-Anexo I-C;Padrão;Receitas Brutas Realizadas;RO1.7.2.8.01.0.0;1.7.2.8.01.0.0 Participação na Receita dos Estados;1974134,35;8430
2019;Prefeitura Municipal de Lamarão - BA;2919108;BA;DCA-Anexo I-C;Padrão;Deduções - FUNDEB;RO1.7.2.8.01.0.0;1.7.2.8.01.0.0 Participação na Receita dos Estados;389621,12;8430
2019;Prefeitura Municipal de Lamarão - BA;2919108;BA;DCA-Anexo I-C;Padrão;Receitas Brutas Realizadas;RO1.7.2.8.01.1.0;1.7.2.8.01.1.0 Cota-Parte do ICMS;1867543,80;8430
2019;Prefeitura Municipal de Lamarão - BA;2919108;BA;DCA-Anexo I-C;Padrão;Deduções - FUNDEB;RO1.7.2.8.01.1.0;1.7.2.8.01.1.0 Cota-Parte do ICMS;373508,55;8430
2019;Prefeitura Municipal de Lamarão - BA;2919108;BA;DCA-Anexo I-C;Padrão;Receitas Brutas Realizadas;RO1.7.2.8.01.2.0;1.7.2.8.01.2.0 Cota-Parte do IPVA;81779,92;8430
2019;Prefeitura Municipal de Lamarão - BA;2919108;BA;DCA-Anexo I-C;Padrão;Deduções - FUNDEB;RO1.7.2.8.01.2.0;1.7.2.8.01.2.0 Cota-Parte do IPVA;16112,57;8430
2019;Prefeitura Municipal de Lamarão - BA;2919108;BA;DCA-Anexo I-C;Padrão;Receitas Brutas Realizadas;RO1.7.2.8.01.3.0;1.7.2.8.01.3.0 Cota-Parte do IPI - Municípios;14626,17;8430
2019;Prefeitura Municipal de Lamarão - BA;2919108;BA;DCA-Anexo I-C;Padrão;Receitas Brutas Realizadas;RO1.7.2.8.01.4.0;1.7.2.8.01.4.0 Cota-Parte da Contribuição de Intervenção no Domínio Econômico;10184,46;8430
2019;Prefeitura Municipal de Lamarão - BA;2919108;BA;DCA-Anexo I-C;Padrão;Receitas Brutas Realizadas;RO1.7.2.8.02.0.0;1.7.2.8.02.0.0 Transferência da Cota-parte da Compensação Financeira (25%);10122,30;8430
2019;Prefeitura Municipal de Lamarão - BA;2919108;BA;DCA-Anexo I-C;Padrão;Receitas Brutas Realizadas;RO1.7.2.8.02.2.0;1.7.2.8.02.2.0 Cota-parte da Compensação Financeira de Recursos Minerais - CFEM;10122,30;8430
2019;Prefeitura Municipal de Lamarão - BA;2919108;BA;DCA-Anexo I-C;Padrão;Receitas Brutas Realizadas;RO1.7.2.8.03.0.0;1.7.2.8.03.0.0 Transferência de Recursos do Estado para Programas de Saúde ¿ Repasse Fundo a Fundo;22500,00;8430
2019;Prefeitura Municipal de Lamarão - BA;2919108;BA;DCA-Anexo I-C;Padrão;Receitas Brutas Realizadas;RO1.7.2.8.07.0.0;1.7.2.8.07.0.0 Transferências de Estados destinadas à Assistência Social;3798,00;8430
2019;Prefeitura Municipal de Lamarão - BA;2919108;BA;DCA-Anexo I-C;Padrão;Receitas Brutas Realizadas;RO1.7.2.8.99.0.0;1.7.2.8.99.0.0 Outras Transferências dos Estados;243653,20;8430
2019;Prefeitura Municipal de Lamarão - BA;2919108;BA;DCA-Anexo I-C;Padrão;Receitas Brutas Realizadas;RO1.7.5.0.00.0.0;1.7.5.0.00.0.0 - Transferências de Outras Instituições Públicas;5874505,50;8430
2019;Prefeitura Municipal de Lamarão - BA;2919108;BA;DCA-Anexo I-C;Padrão;Receitas Brutas Realizadas;RO1.7.5.0.00.1.0;1.7.5.0.00.1.0 - Transferências de Outras Instituições Públicas;5874505,50;8430
2019;Prefeitura Municipal de Lamarão - BA;2919108;BA;DCA-Anexo I-C;Padrão;Receitas Brutas Realizadas;RO1.9.0.0.00.0.0;1.9.0.0.00.0.0 - Outras Receitas Correntes;28801,09;8430
2019;Prefeitura Municipal de Lamarão - BA;2919108;BA;DCA-Anexo I-C;Padrão;Receitas Brutas Realizadas;RO1.9.1.0.00.0.0;1.9.1.0.00.0.0 - Multas Administrativas, Contratuais e Judiciais;18092,22;8430
2019;Prefeitura Municipal de Lamarão - BA;2919108;BA;DCA-Anexo I-C;Padrão;Receitas Brutas Realizadas;RO1.9.1.0.07.0.0;1.9.1.0.07.0.0 - Multas Aplicadas pelos Tribunais de Contas;18092,22;8430
2019;Prefeitura Municipal de Lamarão - BA;2919108;BA;DCA-Anexo I-C;Padrão;Receitas Brutas Realizadas;RO1.9.2.0.00.0.0;1.9.2.0.00.0.0 - Indenizações, Restituições e Ressarcimentos;10708,87;8430
2019;Prefeitura Municipal de Lamarão - BA;2919108;BA;DCA-Anexo I-C;Padrão;Receitas Brutas Realizadas;RO1.9.2.2.00.0.0;1.9.2.2.00.0.0 - Restituições;10708,87;8430
2019;Prefeitura Municipal de Lamarão - BA;2919108;BA;DCA-Anexo I-C;Padrão;Receitas Brutas Realizadas;RO1.9.2.2.99.0.0;1.9.2.2.99.0.0 - Outras Restituições;10708,87;8430
2019;Prefeitura Municipal de Lamarão - BA;2919108;BA;DCA-Anexo I-C;Padrão;Receitas Brutas Realizadas;RO2.0.0.0.00.0.0;2.0.0.0.00.0.0 - Receitas de Capital;412883,16;8430
2019;Prefeitura Municipal de Lamarão - BA;2919108;BA;DCA-Anexo I-C;Padrão;Receitas Brutas Realizadas;RO2.2.0.0.00.0.0;2.2.0.0.00.0.0 - Alienação de Bens;6100,00;8430
2019;Prefeitura Municipal de Lamarão - BA;2919108;BA;DCA-Anexo I-C;Padrão;Receitas Brutas Realizadas;RO2.2.1.0.00.0.0;2.2.1.0.00.0.0 - Alienação de Bens Móveis;6100,00;8430
2019;Prefeitura Municipal de Lamarão - BA;2919108;BA;DCA-Anexo I-C;Padrão;Receitas Brutas Realizadas;RO2.2.1.3.00.0.0;2.2.1.3.00.0.0 Alienação de Bens Móveis e Semoventes;6100,00;8430
2019;Prefeitura Municipal de Lamarão - BA;2919108;BA;DCA-Anexo I-C;Padrão;Receitas Brutas Realizadas;RO2.4.0.0.00.0.0;2.4.0.0.00.0.0 - Transferências de Capital;406783,16;8430
2019;Prefeitura Municipal de Lamarão - BA;2919108;BA;DCA-Anexo I-C;Padrão;Receitas Brutas Realizadas;RO2.4.1.0.00.0.0;2.4.1.0.00.0.0 - Transferências da União e de suas Entidades;402283,16;8430
2019;Prefeitura Municipal de Lamarão - BA;2919108;BA;DCA-Anexo I-C;Padrão;Receitas Brutas Realizadas;RO2.4.1.8.00.0.0;2.4.1.8.00.0.0 Transferências da União - Específicas de Estados, DF e Municípios;402283,16;8430
2019;Prefeitura Municipal de Lamarão - BA;2919108;BA;DCA-Anexo I-C;Padrão;Receitas Brutas Realizadas;RO2.4.1.8.10.0.0;2.4.1.8.10.0.0 Transferência de Convênios da União e de suas Entidades;402283,16;8430
2019;Prefeitura Municipal de Lamarão - BA;2919108;BA;DCA-Anexo I-C;Padrão;Receitas Brutas Realizadas;RO2.4.1.8.10.1.0;2.4.1.8.10.1.0 - Transferências de Convênio da União para o Sistema Único de Saúde ¿ SUS;52711,83;8430
2019;Prefeitura Municipal de Lamarão - BA;2919108;BA;DCA-Anexo I-C;Padrão;Receitas Brutas Realizadas;RO2.4.1.8.10.9.0;2.4.1.8.10.9.0 - Outras Transferências de Convênios da União;349571,33;8430
2019;Prefeitura Municipal de Lamarão - BA;2919108;BA;DCA-Anexo I-C;Padrão;Receitas Brutas Realizadas;RO2.4.2.0.00.0.0;2.4.2.0.00.0.0 - Transferências dos Estados e do Distrito Federal e de suas Entidades;4500,00;8430
2019;Prefeitura Municipal de Lamarão - BA;2919108;BA;DCA-Anexo I-C;Padrão;Receitas Brutas Realizadas;RO2.4.2.8.00.0.0;2.4.2.8.00.0.0 Transferências dos Estados, Distrito Federal, e de suas Entidades;4500,00;8430
2019;Prefeitura Municipal de Lamarão - BA;2919108;BA;DCA-Anexo I-C;Padrão;Receitas Brutas Realizadas;RO2.4.2.8.10.0.0;2.4.2.8.10.0.0 Transferências de Convênios dos Estados e do Distrito Federal e de suas Entidades;4500,00;8430
2019;Prefeitura Municipal de Lamarão - BA;2919108;BA;DCA-Anexo I-C;Padrão;Receitas Brutas Realizadas;RO2.4.2.8.10.1.0;2.4.2.8.10.1.0 - Transferências de Convênios dos Estados para o Sistema Único de Saúde ¿ SUS;4500,00;8430
2019;Prefeitura Municipal de Lamarão - BA;2919108;BA;DCA-Anexo I-C;Padrão;Receitas Brutas Realizadas;TotalReceitas;TOTAL DAS RECEITAS (III) = (I + II);25080611,82;8430
2019;Prefeitura Municipal de Lamarão - BA;2919108;BA;DCA-Anexo I-C;Padrão;Deduções - FUNDEB;TotalReceitas;TOTAL DAS RECEITAS (III) = (I + II);2222506,61;8430
2020;Prefeitura Municipal de Lamarão - BA;2919108;BA;DCA-Anexo I-C;Padrão;Receitas Brutas Realizadas;ReceitasExcetoIntraOrcamentarias;RECEITAS (EXCETO INTRA-ORÇAMENTÁRIAS) (I);27222817,25;8307
2020;Prefeitura Municipal de Lamarão - BA;2919108;BA;DCA-Anexo I-C;Padrão;Deduções - FUNDEB;ReceitasExcetoIntraOrcamentarias;RECEITAS (EXCETO INTRA-ORÇAMENTÁRIAS) (I);2134138,26;8307
2020;Prefeitura Municipal de Lamarão - BA;2919108;BA;DCA-Anexo I-C;Padrão;Receitas Brutas Realizadas;RO1.0.0.0.00.0.0;1.0.0.0.00.0.0 - Receitas Correntes;27222817,25;8307
2020;Prefeitura Municipal de Lamarão - BA;2919108;BA;DCA-Anexo I-C;Padrão;Deduções - FUNDEB;RO1.0.0.0.00.0.0;1.0.0.0.00.0.0 - Receitas Correntes;2134138,26;8307
2020;Prefeitura Municipal de Lamarão - BA;2919108;BA;DCA-Anexo I-C;Padrão;Receitas Brutas Realizadas;RO1.1.0.0.00.0.0;1.1.0.0.00.0.0 - Impostos, Taxas e Contribuições de Melhoria;605152,47;8307
2020;Prefeitura Municipal de Lamarão - BA;2919108;BA;DCA-Anexo I-C;Padrão;Receitas Brutas Realizadas;RO1.1.1.0.00.0.0;1.1.1.0.00.0.0 - Impostos;605152,47;8307
2020;Prefeitura Municipal de Lamarão - BA;2919108;BA;DCA-Anexo I-C;Padrão;Receitas Brutas Realizadas;RO1.1.1.3.00.0.0;1.1.1.3.00.0.0 - Impostos sobre a Renda e Proventos de Qualquer Natureza;412630,37;8307
2020;Prefeitura Municipal de Lamarão - BA;2919108;BA;DCA-Anexo I-C;Padrão;Receitas Brutas Realizadas;RO1.1.1.3.03.0.0;1.1.1.3.03.0.0 - Imposto sobre a Renda - Retido na Fonte;412630,37;8307
2020;Prefeitura Municipal de Lamarão - BA;2919108;BA;DCA-Anexo I-C;Padrão;Receitas Brutas Realizadas;RO1.1.1.3.03.1.0;1.1.1.3.03.1.0 - Imposto sobre a Renda - Retido na Fonte - Trabalho;412630,37;8307
2020;Prefeitura Municipal de Lamarão - BA;2919108;BA;DCA-Anexo I-C;Padrão;Receitas Brutas Realizadas;RO1.1.1.8.00.0.0;1.1.1.8.00.0.0 Impostos Específicos de Estados, DF e Municípios;192522,10;8307
2020;Prefeitura Municipal de Lamarão - BA;2919108;BA;DCA-Anexo I-C;Padrão;Receitas Brutas Realizadas;RO1.1.1.8.01.0.0;1.1.1.8.01.0.0 Impostos sobre o Patrimônio para Estados/DF/Municípios;1017,72;8307
2020;Prefeitura Municipal de Lamarão - BA;2919108;BA;DCA-Anexo I-C;Padrão;Receitas Brutas Realizadas;RO1.1.1.8.01.1.0;1.1.1.8.01.1.0 Imposto sobre a Propriedade Predial e Territorial Urbana;150,19;8307
2020;Prefeitura Municipal de Lamarão - BA;2919108;BA;DCA-Anexo I-C;Padrão;Receitas Brutas Realizadas;RO1.1.1.8.01.4.0;1.1.1.8.01.4.0 Imposto sobre Transmissão ¿Inter Vivos¿ de Bens Imóveis e de Direitos Reais sobre Imóveis;867,53;8307
2020;Prefeitura Municipal de Lamarão - BA;2919108;BA;DCA-Anexo I-C;Padrão;Receitas Brutas Realizadas;RO1.1.1.8.02.0.0;1.1.1.8.02.0.0 Impostos sobre a Produção, Circulação de Mercadorias e Serviços;191504,38;8307
2020;Prefeitura Municipal de Lamarão - BA;2919108;BA;DCA-Anexo I-C;Padrão;Receitas Brutas Realizadas;RO1.1.1.8.02.3.0;1.1.1.8.02.3.0 Imposto sobre Serviços de Qualquer Natureza;191504,38;8307
2020;Prefeitura Municipal de Lamarão - BA;2919108;BA;DCA-Anexo I-C;Padrão;Receitas Brutas Realizadas;RO1.2.0.0.00.0.0;1.2.0.0.00.0.0 - Contribuições;164485,71;8307
2020;Prefeitura Municipal de Lamarão - BA;2919108;BA;DCA-Anexo I-C;Padrão;Receitas Brutas Realizadas;RO1.2.4.0.00.0.0;1.2.4.0.00.0.0 - Contribuição para o Custeio do Serviço de Iluminação Pública;164485,71;8307
2020;Prefeitura Municipal de Lamarão - BA;2919108;BA;DCA-Anexo I-C;Padrão;Receitas Brutas Realizadas;RO1.3.0.0.00.0.0;1.3.0.0.00.0.0 - Receita Patrimonial;13806,72;8307
2020;Prefeitura Municipal de Lamarão - BA;2919108;BA;DCA-Anexo I-C;Padrão;Receitas Brutas Realizadas;RO1.3.2.0.00.0.0;1.3.2.0.00.0.0 - Valores Mobiliários;13806,72;8307
2020;Prefeitura Municipal de Lamarão - BA;2919108;BA;DCA-Anexo I-C;Padrão;Receitas Brutas Realizadas;RO1.3.2.1.00.0.0;1.3.2.1.00.0.0 - Juros e Correções Monetárias;13806,72;8307
2020;Prefeitura Municipal de Lamarão - BA;2919108;BA;DCA-Anexo I-C;Padrão;Receitas Brutas Realizadas;RO1.3.2.1.00.1.0;1.3.2.1.00.1.0 - Remuneração de Depósitos Bancários;13806,72;8307
2020;Prefeitura Municipal de Lamarão - BA;2919108;BA;DCA-Anexo I-C;Padrão;Receitas Brutas Realizadas;RO1.7.0.0.00.0.0;1.7.0.0.00.0.0 - Transferências Correntes;26333057,44;8307
2020;Prefeitura Municipal de Lamarão - BA;2919108;BA;DCA-Anexo I-C;Padrão;Deduções - FUNDEB;RO1.7.0.0.00.0.0;1.7.0.0.00.0.0 - Transferências Correntes;2134138,26;8307
2020;Prefeitura Municipal de Lamarão - BA;2919108;BA;DCA-Anexo I-C;Padrão;Receitas Brutas Realizadas;RO1.7.1.0.00.0.0;1.7.1.0.00.0.0 - Transferências da União e de suas Entidades;18269879,59;8307
2020;Prefeitura Municipal de Lamarão - BA;2919108;BA;DCA-Anexo I-C;Padrão;Deduções - FUNDEB;RO1.7.1.0.00.0.0;1.7.1.0.00.0.0 - Transferências da União e de suas Entidades;1749202,52;8307
2020;Prefeitura Municipal de Lamarão - BA;2919108;BA;DCA-Anexo I-C;Padrão;Receitas Brutas Realizadas;RO1.7.1.8.00.0.0;1.7.1.8.00.0.0 Transferências da União - Específicas de Estados, DF e Municípios;18269879,59;8307
2020;Prefeitura Municipal de Lamarão - BA;2919108;BA;DCA-Anexo I-C;Padrão;Deduções - FUNDEB;RO1.7.1.8.00.0.0;1.7.1.8.00.0.0 Transferências da União - Específicas de Estados, DF e Municípios;1749202,52;8307
2020;Prefeitura Municipal de Lamarão - BA;2919108;BA;DCA-Anexo I-C;Padrão;Receitas Brutas Realizadas;RO1.7.1.8.01.0.0;1.7.1.8.01.0.0 Participação na Receita da União;9533695,15;8307
2020;Prefeitura Municipal de Lamarão - BA;2919108;BA;DCA-Anexo I-C;Padrão;Deduções - FUNDEB;RO1.7.1.8.01.0.0;1.7.1.8.01.0.0 Participação na Receita da União;1749202,52;8307
2020;Prefeitura Municipal de Lamarão - BA;2919108;BA;DCA-Anexo I-C;Padrão;Receitas Brutas Realizadas;RO1.7.1.8.01.2.0;1.7.1.8.01.2.0 Cota-Parte do Fundo de Participação dos Municípios - Cota Mensal;8742658,76;8307
2020;Prefeitura Municipal de Lamarão - BA;2919108;BA;DCA-Anexo I-C;Padrão;Deduções - FUNDEB;RO1.7.1.8.01.2.0;1.7.1.8.01.2.0 Cota-Parte do Fundo de Participação dos Municípios - Cota Mensal;1748531,46;8307
2020;Prefeitura Municipal de Lamarão - BA;2919108;BA;DCA-Anexo I-C;Padrão;Receitas Brutas Realizadas;RO1.7.1.8.01.3.0;1.7.1.8.01.3.0 Cota-Parte do Fundo de Participação do Municípios ¿ 1% Cota entregue no mês de dezembro;393496,05;8307
2020;Prefeitura Municipal de Lamarão - BA;2919108;BA;DCA-Anexo I-C;Padrão;Receitas Brutas Realizadas;RO1.7.1.8.01.4.0;1.7.1.8.01.4.0 Cota-Parte do Fundo de Participação dos Municípios - 1% Cota entregue no mês de julho;394334,99;8307
2020;Prefeitura Municipal de Lamarão - BA;2919108;BA;DCA-Anexo I-C;Padrão;Receitas Brutas Realizadas;RO1.7.1.8.01.5.0;1.7.1.8.01.5.0 Cota-Parte do Imposto Sobre a Propriedade Territorial Rural;3205,35;8307
2020;Prefeitura Municipal de Lamarão - BA;2919108;BA;DCA-Anexo I-C;Padrão;Deduções - FUNDEB;RO1.7.1.8.01.5.0;1.7.1.8.01.5.0 Cota-Parte do Imposto Sobre a Propriedade Territorial Rural;671,06;8307
2020;Prefeitura Municipal de Lamarão - BA;2919108;BA;DCA-Anexo I-C;Padrão;Receitas Brutas Realizadas;RO1.7.1.8.02.0.0;1.7.1.8.02.0.0 Transferência da Compensação Financeira pela Exploração de Recursos Naturais;148670,79;8307
2020;Prefeitura Municipal de Lamarão - BA;2919108;BA;DCA-Anexo I-C;Padrão;Receitas Brutas Realizadas;RO1.7.1.8.02.5.0;1.7.1.8.02.5.0 Cota-parte Royalties pela Participação Especial ¿ Lei nº 9.478/97, artigo 50;8037,41;8307
2020;Prefeitura Municipal de Lamarão - BA;2919108;BA;DCA-Anexo I-C;Padrão;Receitas Brutas Realizadas;RO1.7.1.8.02.6.0;1.7.1.8.02.6.0 Cota-Parte do Fundo Especial do Petróleo ¿ FEP;140633,38;8307
2020;Prefeitura Municipal de Lamarão - BA;2919108;BA;DCA-Anexo I-C;Padrão;Receitas Brutas Realizadas;RO1.7.1.8.03.0.0;"1.7.1.8.03.0.0 Transferência de Recursos do Sistema Único de Saúde ¿ 
 SUS ¿ Bloco Custeio das Ações e Serviços Públicos de Saúde";4296041,04;8307
2020;Prefeitura Municipal de Lamarão - BA;2919108;BA;DCA-Anexo I-C;Padrão;Receitas Brutas Realizadas;RO1.7.1.8.03.1.0;1.7.1.8.03.1.0 - Transferência de Recursos do SUS ¿ Atenção Básica;2747180,83;8307
2020;Prefeitura Municipal de Lamarão - BA;2919108;BA;DCA-Anexo I-C;Padrão;Receitas Brutas Realizadas;RO1.7.1.8.03.3.0;1.7.1.8.03.3.0 - Transferência de Recursos do SUS ¿ Vigilância em Saúde;112363,31;8307
2020;Prefeitura Municipal de Lamarão - BA;2919108;BA;DCA-Anexo I-C;Padrão;Receitas Brutas Realizadas;RO1.7.1.8.03.4.0;1.7.1.8.03.4.0 - Transferência de Recursos do SUS ¿ Assistência Farmacêutica;107970,00;8307
2020;Prefeitura Municipal de Lamarão - BA;2919108;BA;DCA-Anexo I-C;Padrão;Receitas Brutas Realizadas;RO1.7.1.8.03.9.0;1.7.1.8.03.9.0 - Transferência de Recursos do SUS ¿ Outros Programas Financiados por Transferências Fundo a Fundo;1328526,90;8307
2020;Prefeitura Municipal de Lamarão - BA;2919108;BA;DCA-Anexo I-C;Padrão;Receitas Brutas Realizadas;RO1.7.1.8.05.0.0;1.7.1.8.05.0.0 Transferências de Recursos do Fundo Nacional do Desenvolvimento da Educação ¿ FNDE;650513,72;8307
2020;Prefeitura Municipal de Lamarão - BA;2919108;BA;DCA-Anexo I-C;Padrão;Receitas Brutas Realizadas;RO1.7.1.8.05.1.0;1.7.1.8.05.1.0 Transferências do Salário-Educação;221601,60;8307
2020;Prefeitura Municipal de Lamarão - BA;2919108;BA;DCA-Anexo I-C;Padrão;Receitas Brutas Realizadas;RO1.7.1.8.05.3.0;1.7.1.8.05.3.0 Transferências Diretas do FNDE referentes ao Programa Nacional de Alimentação Escolar ¿ PNAE;177238,26;8307
2020;Prefeitura Municipal de Lamarão - BA;2919108;BA;DCA-Anexo I-C;Padrão;Receitas Brutas Realizadas;RO1.7.1.8.05.4.0;1.7.1.8.05.4.0 Transferências Diretas do FNDE referentes ao Programa Nacional de Apoio ao Transporte do Escolar ¿ PNATE;251673,86;8307
2020;Prefeitura Municipal de Lamarão - BA;2919108;BA;DCA-Anexo I-C;Padrão;Receitas Brutas Realizadas;RO1.7.1.8.09.0.0;1.7.1.8.09.0.0 - Transferências de Recursos de Complementação da União ao Fundo de Manutenção e Desenvolvimento da Educação Básica e de Valorização dos Profissionais da Educação ¿ FUNDEB;1879900,25;8307
2020;Prefeitura Municipal de Lamarão - BA;2919108;BA;DCA-Anexo I-C;Padrão;Receitas Brutas Realizadas;RO1.7.1.8.12.0.0;1.7.1.8.12.0.0 - Transferências de Recursos do Fundo Nacional de Assistência Social ¿ FNAS;319376,49;8307
2020;Prefeitura Municipal de Lamarão - BA;2919108;BA;DCA-Anexo I-C;Padrão;Receitas Brutas Realizadas;RO1.7.1.8.99.0.0;1.7.1.8.99.0.0 Outras Transferências da União;1441682,15;8307
2020;Prefeitura Municipal de Lamarão - BA;2919108;BA;DCA-Anexo I-C;Padrão;Receitas Brutas Realizadas;RO1.7.2.0.00.0.0;1.7.2.0.00.0.0 - Transferências dos Estados e do Distrito Federal e de suas Entidades;2074477,44;8307
2020;Prefeitura Municipal de Lamarão - BA;2919108;BA;DCA-Anexo I-C;Padrão;Deduções - FUNDEB;RO1.7.2.0.00.0.0;1.7.2.0.00.0.0 - Transferências dos Estados e do Distrito Federal e de suas Entidades;384935,74;8307
2020;Prefeitura Municipal de Lamarão - BA;2919108;BA;DCA-Anexo I-C;Padrão;Receitas Brutas Realizadas;RO1.7.2.8.00.0.0;1.7.2.8.00.0.0 Transferências dos Estados - Específicas de Estados, DF e Municípios;2074477,44;8307
2020;Prefeitura Municipal de Lamarão - BA;2919108;BA;DCA-Anexo I-C;Padrão;Deduções - FUNDEB;RO1.7.2.8.00.0.0;1.7.2.8.00.0.0 Transferências dos Estados - Específicas de Estados, DF e Municípios;384935,74;8307
2020;Prefeitura Municipal de Lamarão - BA;2919108;BA;DCA-Anexo I-C;Padrão;Receitas Brutas Realizadas;RO1.7.2.8.01.0.0;1.7.2.8.01.0.0 Participação na Receita dos Estados;1947336,94;8307
2020;Prefeitura Municipal de Lamarão - BA;2919108;BA;DCA-Anexo I-C;Padrão;Deduções - FUNDEB;RO1.7.2.8.01.0.0;1.7.2.8.01.0.0 Participação na Receita dos Estados;384935,74;8307
2020;Prefeitura Municipal de Lamarão - BA;2919108;BA;DCA-Anexo I-C;Padrão;Receitas Brutas Realizadas;RO1.7.2.8.01.1.0;1.7.2.8.01.1.0 Cota-Parte do ICMS;1846009,21;8307
2020;Prefeitura Municipal de Lamarão - BA;2919108;BA;DCA-Anexo I-C;Padrão;Deduções - FUNDEB;RO1.7.2.8.01.1.0;1.7.2.8.01.1.0 Cota-Parte do ICMS;369201,63;8307
2020;Prefeitura Municipal de Lamarão - BA;2919108;BA;DCA-Anexo I-C;Padrão;Receitas Brutas Realizadas;RO1.7.2.8.01.2.0;1.7.2.8.01.2.0 Cota-Parte do IPVA;78673,96;8307
2020;Prefeitura Municipal de Lamarão - BA;2919108;BA;DCA-Anexo I-C;Padrão;Deduções - FUNDEB;RO1.7.2.8.01.2.0;1.7.2.8.01.2.0 Cota-Parte do IPVA;15734,11;8307
2020;Prefeitura Municipal de Lamarão - BA;2919108;BA;DCA-Anexo I-C;Padrão;Receitas Brutas Realizadas;RO1.7.2.8.01.3.0;1.7.2.8.01.3.0 Cota-Parte do IPI - Municípios;14266,84;8307
2020;Prefeitura Municipal de Lamarão - BA;2919108;BA;DCA-Anexo I-C;Padrão;Receitas Brutas Realizadas;RO1.7.2.8.01.4.0;1.7.2.8.01.4.0 Cota-Parte da Contribuição de Intervenção no Domínio Econômico;8386,93;8307
2020;Prefeitura Municipal de Lamarão - BA;2919108;BA;DCA-Anexo I-C;Padrão;Receitas Brutas Realizadas;RO1.7.2.8.02.0.0;1.7.2.8.02.0.0 Transferência da Cota-parte da Compensação Financeira (25%);13359,90;8307
2020;Prefeitura Municipal de Lamarão - BA;2919108;BA;DCA-Anexo I-C;Padrão;Receitas Brutas Realizadas;RO1.7.2.8.02.3.0;1.7.2.8.02.3.0 Cota-parte Royalties ¿ Compensação Financeira pela Produção do Petróleo ¿ Lei nº 7.990/89, artigo 9º;13359,90;8307
2020;Prefeitura Municipal de Lamarão - BA;2919108;BA;DCA-Anexo I-C;Padrão;Receitas Brutas Realizadas;RO1.7.2.8.07.0.0;1.7.2.8.07.0.0 Transferências de Estados destinadas à Assistência Social;16378,34;8307
2020;Prefeitura Municipal de Lamarão - BA;2919108;BA;DCA-Anexo I-C;Padrão;Receitas Brutas Realizadas;RO1.7.2.8.99.0.0;1.7.2.8.99.0.0 Outras Transferências dos Estados;97402,26;8307
2020;Prefeitura Municipal de Lamarão - BA;2919108;BA;DCA-Anexo I-C;Padrão;Receitas Brutas Realizadas;RO1.7.5.0.00.0.0;1.7.5.0.00.0.0 - Transferências de Outras Instituições Públicas;5988700,41;8307
2020;Prefeitura Municipal de Lamarão - BA;2919108;BA;DCA-Anexo I-C;Padrão;Receitas Brutas Realizadas;RO1.7.5.8.00.0.0;1.7.5.8.00.0.0 Transferências de Outras Instituições Públicas - Específicas de Estados, DF e Municípios;5988700,41;8307
2020;Prefeitura Municipal de Lamarão - BA;2919108;BA;DCA-Anexo I-C;Padrão;Receitas Brutas Realizadas;RO1.7.5.8.01.0.0;1.7.5.8.01.0.0 Transferências de Recursos do Fundo de Manutenção e Desenvolvimento da Educação Básica e de Valorização dos Profissionais da Educação ¿ FUNDEB;5988700,41;8307
2020;Prefeitura Municipal de Lamarão - BA;2919108;BA;DCA-Anexo I-C;Padrão;Receitas Brutas Realizadas;RO1.9.0.0.00.0.0;1.9.0.0.00.0.0 - Outras Receitas Correntes;106314,91;8307
2020;Prefeitura Municipal de Lamarão - BA;2919108;BA;DCA-Anexo I-C;Padrão;Receitas Brutas Realizadas;RO1.9.1.0.00.0.0;1.9.1.0.00.0.0 - Multas Administrativas, Contratuais e Judiciais;102387,10;8307
2020;Prefeitura Municipal de Lamarão - BA;2919108;BA;DCA-Anexo I-C;Padrão;Receitas Brutas Realizadas;RO1.9.1.0.07.0.0;1.9.1.0.07.0.0 - Multas Aplicadas pelos Tribunais de Contas;102387,10;8307
2020;Prefeitura Municipal de Lamarão - BA;2919108;BA;DCA-Anexo I-C;Padrão;Receitas Brutas Realizadas;RO1.9.2.0.00.0.0;1.9.2.0.00.0.0 - Indenizações, Restituições e Ressarcimentos;3927,81;8307
2020;Prefeitura Municipal de Lamarão - BA;2919108;BA;DCA-Anexo I-C;Padrão;Receitas Brutas Realizadas;RO1.9.2.2.00.0.0;1.9.2.2.00.0.0 - Restituições;3927,81;8307
2020;Prefeitura Municipal de Lamarão - BA;2919108;BA;DCA-Anexo I-C;Padrão;Receitas Brutas Realizadas;RO1.9.2.2.99.0.0;1.9.2.2.99.0.0 - Outras Restituições;3927,81;8307
2020;Prefeitura Municipal de Lamarão - BA;2919108;BA;DCA-Anexo I-C;Padrão;Receitas Brutas Realizadas;TotalReceitas;TOTAL DAS RECEITAS (III) = (I + II);27222817,25;8307
2020;Prefeitura Municipal de Lamarão - BA;2919108;BA;DCA-Anexo I-C;Padrão;Deduções - FUNDEB;TotalReceitas;TOTAL DAS RECEITAS (III) = (I + II);2134138,26;8307
2021;Prefeitura Municipal de Lamarão - BA;2919108;BA;DCA-Anexo I-C;Padrão;Receitas Brutas Realizadas;ReceitasExcetoIntraOrcamentarias;RECEITAS (EXCETO INTRA-ORÇAMENTÁRIAS) (I);32508648,67;8191
2021;Prefeitura Municipal de Lamarão - BA;2919108;BA;DCA-Anexo I-C;Padrão;Deduções - FUNDEB;ReceitasExcetoIntraOrcamentarias;RECEITAS (EXCETO INTRA-ORÇAMENTÁRIAS) (I);2844369,44;8191
2021;Prefeitura Municipal de Lamarão - BA;2919108;BA;DCA-Anexo I-C;Padrão;Receitas Brutas Realizadas;RO1.0.0.0.00.0.0;1.0.0.0.00.0.0 - Receitas Correntes;32177940,26;8191
2021;Prefeitura Municipal de Lamarão - BA;2919108;BA;DCA-Anexo I-C;Padrão;Deduções - FUNDEB;RO1.0.0.0.00.0.0;1.0.0.0.00.0.0 - Receitas Correntes;2844369,44;8191
2021;Prefeitura Municipal de Lamarão - BA;2919108;BA;DCA-Anexo I-C;Padrão;Receitas Brutas Realizadas;RO1.1.0.0.00.0.0;1.1.0.0.00.0.0 - Impostos, Taxas e Contribuições de Melhoria;643376,34;8191
2021;Prefeitura Municipal de Lamarão - BA;2919108;BA;DCA-Anexo I-C;Padrão;Receitas Brutas Realizadas;RO1.1.1.0.00.0.0;1.1.1.0.00.0.0 - Impostos;643376,34;8191
2021;Prefeitura Municipal de Lamarão - BA;2919108;BA;DCA-Anexo I-C;Padrão;Receitas Brutas Realizadas;RO1.1.1.3.00.0.0;1.1.1.3.00.0.0 - Impostos sobre a Renda e Proventos de Qualquer Natureza;392259,92;8191
2021;Prefeitura Municipal de Lamarão - BA;2919108;BA;DCA-Anexo I-C;Padrão;Receitas Brutas Realizadas;RO1.1.1.3.03.0.0;1.1.1.3.03.0.0 - Imposto sobre a Renda - Retido na Fonte;392259,92;8191
2021;Prefeitura Municipal de Lamarão - BA;2919108;BA;DCA-Anexo I-C;Padrão;Receitas Brutas Realizadas;RO1.1.1.3.03.1.0;1.1.1.3.03.1.0 - Imposto sobre a Renda - Retido na Fonte - Trabalho;392259,92;8191
2021;Prefeitura Municipal de Lamarão - BA;2919108;BA;DCA-Anexo I-C;Padrão;Receitas Brutas Realizadas;RO1.1.1.8.00.0.0;1.1.1.8.00.0.0 - Impostos Específicos de Estados, DF e Municípios;251116,42;8191
2021;Prefeitura Municipal de Lamarão - BA;2919108;BA;DCA-Anexo I-C;Padrão;Receitas Brutas Realizadas;RO1.1.1.8.01.0.0;1.1.1.8.01.0.0 - Impostos sobre o Patrimônio para Estados/DF/Municípios;1714,28;8191
2021;Prefeitura Municipal de Lamarão - BA;2919108;BA;DCA-Anexo I-C;Padrão;Receitas Brutas Realizadas;RO1.1.1.8.01.1.0;1.1.1.8.01.1.0 - Imposto sobre a Propriedade Predial e Territorial Urbana;1431,78;8191
2021;Prefeitura Municipal de Lamarão - BA;2919108;BA;DCA-Anexo I-C;Padrão;Receitas Brutas Realizadas;RO1.1.1.8.01.4.0;1.1.1.8.01.4.0 - Imposto sobre Transmissão ¿Inter Vivos¿ de Bens Imóveis e de Direitos Reais sobre Imóveis;282,50;8191
2021;Prefeitura Municipal de Lamarão - BA;2919108;BA;DCA-Anexo I-C;Padrão;Receitas Brutas Realizadas;RO1.1.1.8.02.0.0;1.1.1.8.02.0.0 - Impostos sobre a Produção, Circulação de Mercadorias e Serviços;249402,14;8191
2021;Prefeitura Municipal de Lamarão - BA;2919108;BA;DCA-Anexo I-C;Padrão;Receitas Brutas Realizadas;RO1.1.1.8.02.3.0;1.1.1.8.02.3.0 - Imposto sobre Serviços de Qualquer Natureza;249402,14;8191
2021;Prefeitura Municipal de Lamarão - BA;2919108;BA;DCA-Anexo I-C;Padrão;Receitas Brutas Realizadas;RO1.2.0.0.00.0.0;1.2.0.0.00.0.0 - Contribuições;140098,02;8191
2021;Prefeitura Municipal de Lamarão - BA;2919108;BA;DCA-Anexo I-C;Padrão;Receitas Brutas Realizadas;RO1.2.4.0.00.0.0;1.2.4.0.00.0.0 - Contribuição para o Custeio do Serviço de Iluminação Pública;140098,02;8191
2021;Prefeitura Municipal de Lamarão - BA;2919108;BA;DCA-Anexo I-C;Padrão;Receitas Brutas Realizadas;RO1.3.0.0.00.0.0;1.3.0.0.00.0.0 - Receita Patrimonial;62572,89;8191
2021;Prefeitura Municipal de Lamarão - BA;2919108;BA;DCA-Anexo I-C;Padrão;Receitas Brutas Realizadas;RO1.3.2.0.00.0.0;1.3.2.0.00.0.0 - Valores Mobiliários;62572,89;8191
2021;Prefeitura Municipal de Lamarão - BA;2919108;BA;DCA-Anexo I-C;Padrão;Receitas Brutas Realizadas;RO1.3.2.1.00.0.0;1.3.2.1.00.0.0 - Juros e Correções Monetárias;62572,89;8191
2021;Prefeitura Municipal de Lamarão - BA;2919108;BA;DCA-Anexo I-C;Padrão;Receitas Brutas Realizadas;RO1.3.2.1.00.1.0;1.3.2.1.00.1.0 - Remuneração de Depósitos Bancários;62572,89;8191
2021;Prefeitura Municipal de Lamarão - BA;2919108;BA;DCA-Anexo I-C;Padrão;Receitas Brutas Realizadas;RO1.7.0.0.00.0.0;1.7.0.0.00.0.0 - Transferências Correntes;30630610,87;8191
2021;Prefeitura Municipal de Lamarão - BA;2919108;BA;DCA-Anexo I-C;Padrão;Deduções - FUNDEB;RO1.7.0.0.00.0.0;1.7.0.0.00.0.0 - Transferências Correntes;2844369,44;8191
2021;Prefeitura Municipal de Lamarão - BA;2919108;BA;DCA-Anexo I-C;Padrão;Receitas Brutas Realizadas;RO1.7.1.0.00.0.0;1.7.1.0.00.0.0 - Transferências da União e de suas Entidades;20200368,99;8191
2021;Prefeitura Municipal de Lamarão - BA;2919108;BA;DCA-Anexo I-C;Padrão;Deduções - FUNDEB;RO1.7.1.0.00.0.0;1.7.1.0.00.0.0 - Transferências da União e de suas Entidades;2359708,21;8191
2021;Prefeitura Municipal de Lamarão - BA;2919108;BA;DCA-Anexo I-C;Padrão;Receitas Brutas Realizadas;RO1.7.1.8.00.0.0;1.7.1.8.00.0.0 - Transferências da União - Específicas de Estados, DF e Municípios;20200368,99;8191
2021;Prefeitura Municipal de Lamarão - BA;2919108;BA;DCA-Anexo I-C;Padrão;Deduções - FUNDEB;RO1.7.1.8.00.0.0;1.7.1.8.00.0.0 - Transferências da União - Específicas de Estados, DF e Municípios;2359708,21;8191
2021;Prefeitura Municipal de Lamarão - BA;2919108;BA;DCA-Anexo I-C;Padrão;Receitas Brutas Realizadas;RO1.7.1.8.01.0.0;1.7.1.8.01.0.0 - Participação na Receita da União;12772213,38;8191
2021;Prefeitura Municipal de Lamarão - BA;2919108;BA;DCA-Anexo I-C;Padrão;Deduções - FUNDEB;RO1.7.1.8.01.0.0;1.7.1.8.01.0.0 - Participação na Receita da União;2359708,21;8191
2021;Prefeitura Municipal de Lamarão - BA;2919108;BA;DCA-Anexo I-C;Padrão;Receitas Brutas Realizadas;RO1.7.1.8.01.2.0;1.7.1.8.01.2.0 - Cota-Parte do Fundo de Participação dos Municípios - Cota Mensal;11795005,07;8191
2021;Prefeitura Municipal de Lamarão - BA;2919108;BA;DCA-Anexo I-C;Padrão;Deduções - FUNDEB;RO1.7.1.8.01.2.0;1.7.1.8.01.2.0 - Cota-Parte do Fundo de Participação dos Municípios - Cota Mensal;2359000,78;8191
2021;Prefeitura Municipal de Lamarão - BA;2919108;BA;DCA-Anexo I-C;Padrão;Receitas Brutas Realizadas;RO1.7.1.8.01.3.0;1.7.1.8.01.3.0 - Cota-Parte do Fundo de Participação do Municípios ¿ 1% Cota entregue no mês de dezembro;516989,47;8191
2021;Prefeitura Municipal de Lamarão - BA;2919108;BA;DCA-Anexo I-C;Padrão;Receitas Brutas Realizadas;RO1.7.1.8.01.4.0;1.7.1.8.01.4.0 - Cota-Parte do Fundo de Participação dos Municípios - 1% Cota entregue no mês de julho;456681,38;8191
2021;Prefeitura Municipal de Lamarão - BA;2919108;BA;DCA-Anexo I-C;Padrão;Receitas Brutas Realizadas;RO1.7.1.8.01.5.0;1.7.1.8.01.5.0 - Cota-Parte do Imposto Sobre a Propriedade Territorial Rural;3537,46;8191
2021;Prefeitura Municipal de Lamarão - BA;2919108;BA;DCA-Anexo I-C;Padrão;Deduções - FUNDEB;RO1.7.1.8.01.5.0;1.7.1.8.01.5.0 - Cota-Parte do Imposto Sobre a Propriedade Territorial Rural;707,43;8191
2021;Prefeitura Municipal de Lamarão - BA;2919108;BA;DCA-Anexo I-C;Padrão;Receitas Brutas Realizadas;RO1.7.1.8.02.0.0;1.7.1.8.02.0.0 - Transferência da Compensação Financeira pela Exploração de Recursos Naturais;244218,34;8191
2021;Prefeitura Municipal de Lamarão - BA;2919108;BA;DCA-Anexo I-C;Padrão;Receitas Brutas Realizadas;RO1.7.1.8.02.5.0;1.7.1.8.02.5.0 - Cota-parte Royalties pela Participação Especial ¿ Lei nº 9.478/97, artigo 50;16214,70;8191
2021;Prefeitura Municipal de Lamarão - BA;2919108;BA;DCA-Anexo I-C;Padrão;Receitas Brutas Realizadas;RO1.7.1.8.02.6.0;1.7.1.8.02.6.0 - Cota-Parte do Fundo Especial do Petróleo ¿ FEP;228003,64;8191
2021;Prefeitura Municipal de Lamarão - BA;2919108;BA;DCA-Anexo I-C;Padrão;Receitas Brutas Realizadas;RO1.7.1.8.03.0.0;1.7.1.8.03.0.0 - Transferência de Recursos do Sistema Único de Saúde ¿ SUS ¿ Repasses Fundo a Fundo - Bloco de Manutenção das Ações e Serviços Públicos de Saúde;3562853,97;8191
2021;Prefeitura Municipal de Lamarão - BA;2919108;BA;DCA-Anexo I-C;Padrão;Receitas Brutas Realizadas;RO1.7.1.8.03.1.0;1.7.1.8.03.1.0 - Transferência de Recursos do SUS ¿ Atenção Primária;2651950,73;8191
2021;Prefeitura Municipal de Lamarão - BA;2919108;BA;DCA-Anexo I-C;Padrão;Receitas Brutas Realizadas;RO1.7.1.8.03.3.0;1.7.1.8.03.3.0 - Transferência de Recursos do SUS ¿ Vigilância em Saúde;118136,02;8191
2021;Prefeitura Municipal de Lamarão - BA;2919108;BA;DCA-Anexo I-C;Padrão;Receitas Brutas Realizadas;RO1.7.1.8.03.4.0;1.7.1.8.03.4.0 - Transferência de Recursos do SUS ¿ Assistência Farmacêutica;101970,00;8191
2021;Prefeitura Municipal de Lamarão - BA;2919108;BA;DCA-Anexo I-C;Padrão;Receitas Brutas Realizadas;RO1.7.1.8.03.9.0;1.7.1.8.03.9.0 - Transferência de Recursos do SUS ¿ Outros Programas Financiados por Transferências Fundo a Fundo;690797,22;8191
2021;Prefeitura Municipal de Lamarão - BA;2919108;BA;DCA-Anexo I-C;Padrão;Receitas Brutas Realizadas;RO1.7.1.8.05.0.0;1.7.1.8.05.0.0 - Transferências de Recursos do Fundo Nacional do Desenvolvimento da Educação ¿ FNDE;662934,90;8191
2021;Prefeitura Municipal de Lamarão - BA;2919108;BA;DCA-Anexo I-C;Padrão;Receitas Brutas Realizadas;RO1.7.1.8.05.1.0;1.7.1.8.05.1.0 - Transferências do Salário-Educação;224454,68;8191
2021;Prefeitura Municipal de Lamarão - BA;2919108;BA;DCA-Anexo I-C;Padrão;Receitas Brutas Realizadas;RO1.7.1.8.05.3.0;1.7.1.8.05.3.0 - Transferências Diretas do FNDE referentes ao Programa Nacional de Alimentação Escolar ¿ PNAE;172398,60;8191
2021;Prefeitura Municipal de Lamarão - BA;2919108;BA;DCA-Anexo I-C;Padrão;Receitas Brutas Realizadas;RO1.7.1.8.05.4.0;1.7.1.8.05.4.0 - Transferências Diretas do FNDE referentes ao Programa Nacional de Apoio ao Transporte do Escolar ¿ PNATE;212129,80;8191
2021;Prefeitura Municipal de Lamarão - BA;2919108;BA;DCA-Anexo I-C;Padrão;Receitas Brutas Realizadas;RO1.7.1.8.05.9.0;1.7.1.8.05.9.0 - Outras Transferências Diretas do Fundo Nacional do Desenvolvimento da Educação ¿ FNDE;53951,82;8191
2021;Prefeitura Municipal de Lamarão - BA;2919108;BA;DCA-Anexo I-C;Padrão;Receitas Brutas Realizadas;RO1.7.1.8.09.0.0;1.7.1.8.09.0.0 - Transferências de Recursos de Complementação da União ao Fundo de Manutenção e Desenvolvimento da Educação Básica e de Valorização dos Profissionais da Educação ¿ FUNDEB;2134003,36;8191
2021;Prefeitura Municipal de Lamarão - BA;2919108;BA;DCA-Anexo I-C;Padrão;Receitas Brutas Realizadas;RO1.7.1.8.12.0.0;1.7.1.8.12.0.0 - Transferências de Recursos do Fundo Nacional de Assistência Social ¿ FNAS;198393,64;8191
2021;Prefeitura Municipal de Lamarão - BA;2919108;BA;DCA-Anexo I-C;Padrão;Receitas Brutas Realizadas;RO1.7.1.8.99.0.0;1.7.1.8.99.0.0 - Outras Transferências da União;625751,40;8191
2021;Prefeitura Municipal de Lamarão - BA;2919108;BA;DCA-Anexo I-C;Padrão;Receitas Brutas Realizadas;RO1.7.2.0.00.0.0;1.7.2.0.00.0.0 - Transferências dos Estados e do Distrito Federal e de suas Entidades;2786185,79;8191
2021;Prefeitura Municipal de Lamarão - BA;2919108;BA;DCA-Anexo I-C;Padrão;Deduções - FUNDEB;RO1.7.2.0.00.0.0;1.7.2.0.00.0.0 - Transferências dos Estados e do Distrito Federal e de suas Entidades;484661,23;8191
2021;Prefeitura Municipal de Lamarão - BA;2919108;BA;DCA-Anexo I-C;Padrão;Receitas Brutas Realizadas;RO1.7.2.8.00.0.0;1.7.2.8.00.0.0 - Transferências dos Estados - Específicas de Estados, DF e Municípios;2786185,79;8191
2021;Prefeitura Municipal de Lamarão - BA;2919108;BA;DCA-Anexo I-C;Padrão;Deduções - FUNDEB;RO1.7.2.8.00.0.0;1.7.2.8.00.0.0 - Transferências dos Estados - Específicas de Estados, DF e Municípios;484661,23;8191
2021;Prefeitura Municipal de Lamarão - BA;2919108;BA;DCA-Anexo I-C;Padrão;Receitas Brutas Realizadas;RO1.7.2.8.01.0.0;1.7.2.8.01.0.0 - Participação na Receita dos Estados;2446275,68;8191
2021;Prefeitura Municipal de Lamarão - BA;2919108;BA;DCA-Anexo I-C;Padrão;Deduções - FUNDEB;RO1.7.2.8.01.0.0;1.7.2.8.01.0.0 - Participação na Receita dos Estados;484661,23;8191
2021;Prefeitura Municipal de Lamarão - BA;2919108;BA;DCA-Anexo I-C;Padrão;Receitas Brutas Realizadas;RO1.7.2.8.01.1.0;1.7.2.8.01.1.0 - Cota-Parte do ICMS;2334464,71;8191
2021;Prefeitura Municipal de Lamarão - BA;2919108;BA;DCA-Anexo I-C;Padrão;Deduções - FUNDEB;RO1.7.2.8.01.1.0;1.7.2.8.01.1.0 - Cota-Parte do ICMS;466892,71;8191
2021;Prefeitura Municipal de Lamarão - BA;2919108;BA;DCA-Anexo I-C;Padrão;Receitas Brutas Realizadas;RO1.7.2.8.01.2.0;1.7.2.8.01.2.0 - Cota-Parte do IPVA;88845,59;8191
2021;Prefeitura Municipal de Lamarão - BA;2919108;BA;DCA-Anexo I-C;Padrão;Deduções - FUNDEB;RO1.7.2.8.01.2.0;1.7.2.8.01.2.0 - Cota-Parte do IPVA;17768,52;8191
2021;Prefeitura Municipal de Lamarão - BA;2919108;BA;DCA-Anexo I-C;Padrão;Receitas Brutas Realizadas;RO1.7.2.8.01.3.0;1.7.2.8.01.3.0 - Cota-Parte do IPI - Municípios;17347,88;8191
2021;Prefeitura Municipal de Lamarão - BA;2919108;BA;DCA-Anexo I-C;Padrão;Receitas Brutas Realizadas;RO1.7.2.8.01.4.0;1.7.2.8.01.4.0 - Cota-Parte da Contribuição de Intervenção no Domínio Econômico;5617,50;8191
2021;Prefeitura Municipal de Lamarão - BA;2919108;BA;DCA-Anexo I-C;Padrão;Receitas Brutas Realizadas;RO1.7.2.8.02.0.0;1.7.2.8.02.0.0 - Transferência da Cota-parte da Compensação Financeira (25%);25852,86;8191
2021;Prefeitura Municipal de Lamarão - BA;2919108;BA;DCA-Anexo I-C;Padrão;Receitas Brutas Realizadas;RO1.7.2.8.02.2.0;1.7.2.8.02.2.0 - Cota-parte da Compensação Financeira de Recursos Minerais - CFEM;25852,86;8191
2021;Prefeitura Municipal de Lamarão - BA;2919108;BA;DCA-Anexo I-C;Padrão;Receitas Brutas Realizadas;RO1.7.2.8.07.0.0;1.7.2.8.07.0.0 - Transferências de Estados destinadas à Assistência Social;19269,90;8191
2021;Prefeitura Municipal de Lamarão - BA;2919108;BA;DCA-Anexo I-C;Padrão;Receitas Brutas Realizadas;RO1.7.2.8.99.0.0;1.7.2.8.99.0.0 - Outras Transferências dos Estados;294787,35;8191
2021;Prefeitura Municipal de Lamarão - BA;2919108;BA;DCA-Anexo I-C;Padrão;Receitas Brutas Realizadas;RO1.7.5.0.00.0.0;1.7.5.0.00.0.0 - Transferências de Outras Instituições Públicas;7644056,09;8191
2021;Prefeitura Municipal de Lamarão - BA;2919108;BA;DCA-Anexo I-C;Padrão;Receitas Brutas Realizadas;RO1.7.5.8.00.0.0;1.7.5.8.00.0.0 - Transferências de Outras Instituições Públicas - Específicas de Estados, DF e Municípios;7644056,09;8191
2021;Prefeitura Municipal de Lamarão - BA;2919108;BA;DCA-Anexo I-C;Padrão;Receitas Brutas Realizadas;RO1.7.5.8.01.0.0;1.7.5.8.01.0.0 - Transferências de Recursos do Fundo de Manutenção e Desenvolvimento da Educação Básica e de Valorização dos Profissionais da Educação ¿ FUNDEB;7644056,09;8191
2021;Prefeitura Municipal de Lamarão - BA;2919108;BA;DCA-Anexo I-C;Padrão;Receitas Brutas Realizadas;RO1.9.0.0.00.0.0;1.9.0.0.00.0.0 - Outras Receitas Correntes;701282,14;8191
2021;Prefeitura Municipal de Lamarão - BA;2919108;BA;DCA-Anexo I-C;Padrão;Receitas Brutas Realizadas;RO1.9.1.0.00.0.0;1.9.1.0.00.0.0 - Multas Administrativas, Contratuais e Judiciais;66510,08;8191
2021;Prefeitura Municipal de Lamarão - BA;2919108;BA;DCA-Anexo I-C;Padrão;Receitas Brutas Realizadas;RO1.9.1.0.07.0.0;1.9.1.0.07.0.0 - Multas Aplicadas pelos Tribunais de Contas;66510,08;8191
2021;Prefeitura Municipal de Lamarão - BA;2919108;BA;DCA-Anexo I-C;Padrão;Receitas Brutas Realizadas;RO1.9.2.0.00.0.0;1.9.2.0.00.0.0 - Indenizações, Restituições e Ressarcimentos;634772,06;8191
2021;Prefeitura Municipal de Lamarão - BA;2919108;BA;DCA-Anexo I-C;Padrão;Receitas Brutas Realizadas;RO1.9.2.2.00.0.0;1.9.2.2.00.0.0 - Restituições;634772,06;8191
2021;Prefeitura Municipal de Lamarão - BA;2919108;BA;DCA-Anexo I-C;Padrão;Receitas Brutas Realizadas;RO1.9.2.2.99.0.0;1.9.2.2.99.0.0 - Outras Restituições;634772,06;8191
2021;Prefeitura Municipal de Lamarão - BA;2919108;BA;DCA-Anexo I-C;Padrão;Receitas Brutas Realizadas;RO2.0.0.0.00.0.0;2.0.0.0.00.0.0 - Receitas de Capital;330708,41;8191
2021;Prefeitura Municipal de Lamarão - BA;2919108;BA;DCA-Anexo I-C;Padrão;Receitas Brutas Realizadas;RO2.4.0.0.00.0.0;2.4.0.0.00.0.0 - Transferências de Capital;330708,41;8191
2021;Prefeitura Municipal de Lamarão - BA;2919108;BA;DCA-Anexo I-C;Padrão;Receitas Brutas Realizadas;RO2.4.1.0.00.0.0;2.4.1.0.00.0.0 - Transferências da União e de suas Entidades;245868,41;8191
2021;Prefeitura Municipal de Lamarão - BA;2919108;BA;DCA-Anexo I-C;Padrão;Receitas Brutas Realizadas;RO2.4.1.8.00.0.0;2.4.1.8.00.0.0 - Transferências da União - Específicas de Estados, DF e Municípios;245868,41;8191
2021;Prefeitura Municipal de Lamarão - BA;2919108;BA;DCA-Anexo I-C;Padrão;Receitas Brutas Realizadas;RO2.4.1.8.10.0.0;2.4.1.8.10.0.0 - Transferência de Convênios da União e de suas Entidades;245868,41;8191
2021;Prefeitura Municipal de Lamarão - BA;2919108;BA;DCA-Anexo I-C;Padrão;Receitas Brutas Realizadas;RO2.4.1.8.10.2.0;2.4.1.8.10.2.0 - Transferências de Convênio da União destinadas a Programas de Educação;245868,41;8191
2021;Prefeitura Municipal de Lamarão - BA;2919108;BA;DCA-Anexo I-C;Padrão;Receitas Brutas Realizadas;RO2.4.2.0.00.0.0;2.4.2.0.00.0.0 - Transferências dos Estados e do Distrito Federal e de suas Entidades;84840,00;8191
2021;Prefeitura Municipal de Lamarão - BA;2919108;BA;DCA-Anexo I-C;Padrão;Receitas Brutas Realizadas;RO2.4.2.8.00.0.0;2.4.2.8.00.0.0 - Transferências dos Estados, Distrito Federal, e de suas Entidades;84840,00;8191
2021;Prefeitura Municipal de Lamarão - BA;2919108;BA;DCA-Anexo I-C;Padrão;Receitas Brutas Realizadas;RO2.4.2.8.10.0.0;2.4.2.8.10.0.0 - Transferências de Convênios dos Estados e do Distrito Federal e de suas Entidades;84840,00;8191
2021;Prefeitura Municipal de Lamarão - BA;2919108;BA;DCA-Anexo I-C;Padrão;Receitas Brutas Realizadas;RO2.4.2.8.10.9.0;2.4.2.8.10.9.0 - Outras Transferências de Convênio dos Estados;84840,00;8191
2021;Prefeitura Municipal de Lamarão - BA;2919108;BA;DCA-Anexo I-C;Padrão;Receitas Brutas Realizadas;TotalReceitas;TOTAL DAS RECEITAS (III) = (I + II);32508648,67;8191
2021;Prefeitura Municipal de Lamarão - BA;2919108;BA;DCA-Anexo I-C;Padrão;Deduções - FUNDEB;TotalReceitas;TOTAL DAS RECEITAS (III) = (I + II);2844369,44;8191
2022;Prefeitura Municipal de Lamarão - BA;2919108;BA;DCA-Anexo I-C;Padrão;Receitas Brutas Realizadas;ReceitasExcetoIntraOrcamentarias;RECEITAS (EXCETO INTRA-ORÇAMENTÁRIAS) (I);37083585,75;8078
2022;Prefeitura Municipal de Lamarão - BA;2919108;BA;DCA-Anexo I-C;Padrão;Deduções - FUNDEB;ReceitasExcetoIntraOrcamentarias;RECEITAS (EXCETO INTRA-ORÇAMENTÁRIAS) (I);-2842694,84;8078
2022;Prefeitura Municipal de Lamarão - BA;2919108;BA;DCA-Anexo I-C;Padrão;Receitas Brutas Realizadas;RO1.0.0.0.00.0.0;1.0.0.0.00.0.0 - Receitas Correntes;34742214,81;8078
2022;Prefeitura Municipal de Lamarão - BA;2919108;BA;DCA-Anexo I-C;Padrão;Deduções - FUNDEB;RO1.0.0.0.00.0.0;1.0.0.0.00.0.0 - Receitas Correntes;-2842694,84;8078
2022;Prefeitura Municipal de Lamarão - BA;2919108;BA;DCA-Anexo I-C;Padrão;Receitas Brutas Realizadas;RO1.1.0.0.00.0.0;1.1.0.0.00.0.0 - Impostos, Taxas e Contribuições de Melhoria;1418932,70;8078
2022;Prefeitura Municipal de Lamarão - BA;2919108;BA;DCA-Anexo I-C;Padrão;Receitas Brutas Realizadas;RO1.1.1.0.00.0.0;1.1.1.0.00.0.0 - Impostos;1414152,91;8078
2022;Prefeitura Municipal de Lamarão - BA;2919108;BA;DCA-Anexo I-C;Padrão;Receitas Brutas Realizadas;RO1.1.1.2.00.0.0;1.1.1.2.00.0.0 - Impostos sobre o Patrimônio;73770,25;8078
2022;Prefeitura Municipal de Lamarão - BA;2919108;BA;DCA-Anexo I-C;Padrão;Receitas Brutas Realizadas;RO1.1.1.2.50.0.0;1.1.1.2.50.0.0 - Imposto sobre a Propriedade Predial e Territorial Urbana;8042,44;8078
2022;Prefeitura Municipal de Lamarão - BA;2919108;BA;DCA-Anexo I-C;Padrão;Receitas Brutas Realizadas;RO1.1.1.2.53.0.0;"1.1.1.2.53.0.0 - Impostos sobre Transmissão ""Inter Vivos"" de Bens Imóveis e de Direitos Reais sobre Imóveis";65727,81;8078
2022;Prefeitura Municipal de Lamarão - BA;2919108;BA;DCA-Anexo I-C;Padrão;Receitas Brutas Realizadas;RO1.1.1.3.00.0.0;1.1.1.3.00.0.0 - Impostos sobre a Renda e Proventos de Qualquer Natureza;839928,66;8078
2022;Prefeitura Municipal de Lamarão - BA;2919108;BA;DCA-Anexo I-C;Padrão;Receitas Brutas Realizadas;RO1.1.1.3.03.0.0;1.1.1.3.03.0.0 - Imposto sobre a Renda - Retido na Fonte;839928,66;8078
2022;Prefeitura Municipal de Lamarão - BA;2919108;BA;DCA-Anexo I-C;Padrão;Receitas Brutas Realizadas;RO1.1.1.3.03.1.0;1.1.1.3.03.1.0 - Imposto sobre a Renda - Retido na Fonte - Trabalho;839928,66;8078
2022;Prefeitura Municipal de Lamarão - BA;2919108;BA;DCA-Anexo I-C;Padrão;Receitas Brutas Realizadas;RO1.1.1.4.00.0.0;1.1.1.4.00.0.0 - Impostos sobre a Produção e Circulação de Mercadorias e Serviços;500454,00;8078
2022;Prefeitura Municipal de Lamarão - BA;2919108;BA;DCA-Anexo I-C;Padrão;Receitas Brutas Realizadas;RO1.1.1.4.51.0.0;1.1.1.4.51.0.0 - Impostos sobre Serviços;500454,00;8078
2022;Prefeitura Municipal de Lamarão - BA;2919108;BA;DCA-Anexo I-C;Padrão;Receitas Brutas Realizadas;RO1.1.1.4.51.1.0;1.1.1.4.51.1.0 - Imposto sobre Serviços de Qualquer Natureza - ISSQN;500454,00;8078
2022;Prefeitura Municipal de Lamarão - BA;2919108;BA;DCA-Anexo I-C;Padrão;Receitas Brutas Realizadas;RO1.1.2.0.00.0.0;1.1.2.0.00.0.0 - Taxas;4779,79;8078
2022;Prefeitura Municipal de Lamarão - BA;2919108;BA;DCA-Anexo I-C;Padrão;Receitas Brutas Realizadas;RO1.1.2.1.00.0.0;1.1.2.1.00.0.0 - Taxas pelo Exercício do Poder de Polícia;4779,79;8078
2022;Prefeitura Municipal de Lamarão - BA;2919108;BA;DCA-Anexo I-C;Padrão;Receitas Brutas Realizadas;RO1.1.2.1.01.0.0;1.1.2.1.01.0.0 - Taxas de Inspeção, Controle e Fiscalização;4579,79;8078
2022;Prefeitura Municipal de Lamarão - BA;2919108;BA;DCA-Anexo I-C;Padrão;Receitas Brutas Realizadas;RO1.1.2.1.50.0.0;1.1.2.1.50.0.0 - Taxa de Fiscalização de Vigilância Sanitária;200,00;8078
2022;Prefeitura Municipal de Lamarão - BA;2919108;BA;DCA-Anexo I-C;Padrão;Receitas Brutas Realizadas;RO1.2.0.0.00.0.0;1.2.0.0.00.0.0 - Contribuições;155921,74;8078
2022;Prefeitura Municipal de Lamarão - BA;2919108;BA;DCA-Anexo I-C;Padrão;Receitas Brutas Realizadas;RO1.2.4.0.00.0.0;1.2.4.0.00.0.0 - Contribuição para o Custeio do Serviço de Iluminação Pública;155921,74;8078
2022;Prefeitura Municipal de Lamarão - BA;2919108;BA;DCA-Anexo I-C;Padrão;Receitas Brutas Realizadas;RO1.3.0.0.00.0.0;1.3.0.0.00.0.0 - Receita Patrimonial;308666,81;8078
2022;Prefeitura Municipal de Lamarão - BA;2919108;BA;DCA-Anexo I-C;Padrão;Receitas Brutas Realizadas;RO1.3.2.0.00.0.0;1.3.2.0.00.0.0 - Valores Mobiliários;308666,81;8078
2022;Prefeitura Municipal de Lamarão - BA;2919108;BA;DCA-Anexo I-C;Padrão;Receitas Brutas Realizadas;RO1.3.2.1.00.0.0;1.3.2.1.00.0.0 - Juros e Correções Monetárias;308666,81;8078
2022;Prefeitura Municipal de Lamarão - BA;2919108;BA;DCA-Anexo I-C;Padrão;Receitas Brutas Realizadas;RO1.3.2.1.01.0.0;1.3.2.1.01.0.0 - Remuneração de Depósitos Bancários;308666,81;8078
2022;Prefeitura Municipal de Lamarão - BA;2919108;BA;DCA-Anexo I-C;Padrão;Receitas Brutas Realizadas;RO1.7.0.0.00.0.0;1.7.0.0.00.0.0 - Transferências Correntes;32842419,74;8078
2022;Prefeitura Municipal de Lamarão - BA;2919108;BA;DCA-Anexo I-C;Padrão;Deduções - FUNDEB;RO1.7.0.0.00.0.0;1.7.0.0.00.0.0 - Transferências Correntes;-2842694,84;8078
2022;Prefeitura Municipal de Lamarão - BA;2919108;BA;DCA-Anexo I-C;Padrão;Receitas Brutas Realizadas;RO1.7.1.0.00.0.0;1.7.1.0.00.0.0 - Transferências da União e de suas Entidades;22915040,08;8078
2022;Prefeitura Municipal de Lamarão - BA;2919108;BA;DCA-Anexo I-C;Padrão;Deduções - FUNDEB;RO1.7.1.0.00.0.0;1.7.1.0.00.0.0 - Transferências da União e de suas Entidades;-2942817,31;8078
2022;Prefeitura Municipal de Lamarão - BA;2919108;BA;DCA-Anexo I-C;Padrão;Receitas Brutas Realizadas;RO1.7.1.1.00.0.0;1.7.1.1.00.0.0 - Transferências Decorrentes de Participação na Receita da União;13131291,79;8078
2022;Prefeitura Municipal de Lamarão - BA;2919108;BA;DCA-Anexo I-C;Padrão;Deduções - FUNDEB;RO1.7.1.1.00.0.0;1.7.1.1.00.0.0 - Transferências Decorrentes de Participação na Receita da União;-2942817,31;8078
2022;Prefeitura Municipal de Lamarão - BA;2919108;BA;DCA-Anexo I-C;Padrão;Receitas Brutas Realizadas;RO1.7.1.1.51.0.0;1.7.1.1.51.0.0 -Cota-Parte do Fundo de Participação dos Municípios - FPM;13128425,26;8078
2022;Prefeitura Municipal de Lamarão - BA;2919108;BA;DCA-Anexo I-C;Padrão;Deduções - FUNDEB;RO1.7.1.1.51.0.0;1.7.1.1.51.0.0 -Cota-Parte do Fundo de Participação dos Municípios - FPM;-2942100,74;8078
2022;Prefeitura Municipal de Lamarão - BA;2919108;BA;DCA-Anexo I-C;Padrão;Receitas Brutas Realizadas;RO1.7.1.1.51.1.0;1.7.1.1.51.1.0 - Cota-Parte do Fundo de Participação dos Municípios - Cota Mensal;13128425,26;8078
2022;Prefeitura Municipal de Lamarão - BA;2919108;BA;DCA-Anexo I-C;Padrão;Deduções - FUNDEB;RO1.7.1.1.51.1.0;1.7.1.1.51.1.0 - Cota-Parte do Fundo de Participação dos Municípios - Cota Mensal;-2942100,74;8078
2022;Prefeitura Municipal de Lamarão - BA;2919108;BA;DCA-Anexo I-C;Padrão;Receitas Brutas Realizadas;RO1.7.1.1.52.0.0;1.7.1.1.52.0.0 - Cota-Parte do Imposto Sobre a Propriedade Territorial Rural;2866,53;8078
2022;Prefeitura Municipal de Lamarão - BA;2919108;BA;DCA-Anexo I-C;Padrão;Deduções - FUNDEB;RO1.7.1.1.52.0.0;1.7.1.1.52.0.0 - Cota-Parte do Imposto Sobre a Propriedade Territorial Rural;-716,57;8078
2022;Prefeitura Municipal de Lamarão - BA;2919108;BA;DCA-Anexo I-C;Padrão;Receitas Brutas Realizadas;RO1.7.1.2.00.0.0;1.7.1.2.00.0.0 -Transferências das Compensações Financeiras pela Exploração de Recursos Naturais;394420,99;8078
2022;Prefeitura Municipal de Lamarão - BA;2919108;BA;DCA-Anexo I-C;Padrão;Receitas Brutas Realizadas;RO1.7.1.2.51.0.0;1.7.1.2.51.0.0 -Cota-parte da Compensação Financeira pela Exploração de Recursos Minerais - CFEM;21473,72;8078
2022;Prefeitura Municipal de Lamarão - BA;2919108;BA;DCA-Anexo I-C;Padrão;Receitas Brutas Realizadas;RO1.7.1.2.52.0.0;1.7.1.2.52.0.0 - Cota-parte da Compensação Financeira pela Produção de Petróleo;372947,27;8078
2022;Prefeitura Municipal de Lamarão - BA;2919108;BA;DCA-Anexo I-C;Padrão;Receitas Brutas Realizadas;RO1.7.1.2.52.1.0;1.7.1.2.52.1.0 - Cota-parte da Compensação Financeira pela Produção de Petróleo ¿ Lei nº 7.990/89;372947,27;8078
2022;Prefeitura Municipal de Lamarão - BA;2919108;BA;DCA-Anexo I-C;Padrão;Receitas Brutas Realizadas;RO1.7.1.3.00.0.0;1.7.1.3.00.0.0 -Transferências de Recursos do Sistema Único de Saúde ¿ SUS ;4298097,90;8078
2022;Prefeitura Municipal de Lamarão - BA;2919108;BA;DCA-Anexo I-C;Padrão;Receitas Brutas Realizadas;RO1.7.1.3.50.0.0;1.7.1.3.50.0.0 - Transferências de Recursos do Sistema Único de Saúde ¿ SUS ¿ Repasses Fundo a Fundo - Bloco de Manutenção das Ações e Serviços Públicos de Saúde;4298097,90;8078
2022;Prefeitura Municipal de Lamarão - BA;2919108;BA;DCA-Anexo I-C;Padrão;Receitas Brutas Realizadas;RO1.7.1.3.50.1.0;1.7.1.3.50.1.0 - Transferências de Recursos do Bloco de Manutenção das Ações e Serviços Públicos de Saúde ¿ Atenção Primária;4298097,90;8078
2022;Prefeitura Municipal de Lamarão - BA;2919108;BA;DCA-Anexo I-C;Padrão;Receitas Brutas Realizadas;RO1.7.1.4.00.0.0;1.7.1.4.00.0.0 -Transferências de Recursos do Fundo Nacional do Desenvolvimento da Educação ¿ FNDE¿ ;666028,34;8078
2022;Prefeitura Municipal de Lamarão - BA;2919108;BA;DCA-Anexo I-C;Padrão;Receitas Brutas Realizadas;RO1.7.1.4.50.0.0;1.7.1.4.50.0.0 - Transferências do Salário-Educação;237054,38;8078
2022;Prefeitura Municipal de Lamarão - BA;2919108;BA;DCA-Anexo I-C;Padrão;Receitas Brutas Realizadas;RO1.7.1.4.52.0.0;1.7.1.4.52.0.0 - Transferências referentes ao Programa Nacional de Alimentação Escolar ¿ PNAE;158350,00;8078
2022;Prefeitura Municipal de Lamarão - BA;2919108;BA;DCA-Anexo I-C;Padrão;Receitas Brutas Realizadas;RO1.7.1.4.53.0.0;1.7.1.4.53.0.0 - Transferências referentes ao Programa Nacional de Apoio ao Transporte do Escolar ¿ PNATE;270623,96;8078
2022;Prefeitura Municipal de Lamarão - BA;2919108;BA;DCA-Anexo I-C;Padrão;Receitas Brutas Realizadas;RO1.7.1.5.00.0.0;1.7.1.5.00.0.0 - Transferências de Recursos de Complementação da União ao Fundo de Manutenção e Desenvolvimento da Educação Básica e de Valorização dos Profissionais da Educação ¿ FUNDEB ;4025065,08;8078
2022;Prefeitura Municipal de Lamarão - BA;2919108;BA;DCA-Anexo I-C;Padrão;Receitas Brutas Realizadas;RO1.7.1.6.00.0.0;1.7.1.6.00.0.0 - Transferências de Recursos do Fundo Nacional de Assistência Social ¿ FNAS;218068,32;8078
2022;Prefeitura Municipal de Lamarão - BA;2919108;BA;DCA-Anexo I-C;Padrão;Receitas Brutas Realizadas;RO1.7.1.9.00.0.0;1.7.1.9.00.0.0 - Outras Transferências de Recursos da União e de suas Entidades;182067,66;8078
2022;Prefeitura Municipal de Lamarão - BA;2919108;BA;DCA-Anexo I-C;Padrão;Receitas Brutas Realizadas;RO1.7.1.9.99.0.0;1.7.1.9.99.0.0 - Outras Transferências de Recursos da União e de suas Entidades;182067,66;8078
2022;Prefeitura Municipal de Lamarão - BA;2919108;BA;DCA-Anexo I-C;Padrão;Receitas Brutas Realizadas;RO1.7.2.0.00.0.0;1.7.2.0.00.0.0 - Transferências dos Estados e do Distrito Federal e de suas Entidades;2331590,00;8078
2022;Prefeitura Municipal de Lamarão - BA;2919108;BA;DCA-Anexo I-C;Padrão;Deduções - FUNDEB;RO1.7.2.0.00.0.0;1.7.2.0.00.0.0 - Transferências dos Estados e do Distrito Federal e de suas Entidades;100122,47;8078
2022;Prefeitura Municipal de Lamarão - BA;2919108;BA;DCA-Anexo I-C;Padrão;Receitas Brutas Realizadas;RO1.7.2.1.00.0.0;1.7.2.1.00.0.0 - Participação na Receita dos Estados e Distrito Federal;2181571,02;8078
2022;Prefeitura Municipal de Lamarão - BA;2919108;BA;DCA-Anexo I-C;Padrão;Deduções - FUNDEB;RO1.7.2.1.00.0.0;1.7.2.1.00.0.0 - Participação na Receita dos Estados e Distrito Federal;100122,47;8078
2022;Prefeitura Municipal de Lamarão - BA;2919108;BA;DCA-Anexo I-C;Padrão;Receitas Brutas Realizadas;RO1.7.2.1.50.0.0;1.7.2.1.50.0.0 - Cota-Parte do ICMS;2077453,19;8078
2022;Prefeitura Municipal de Lamarão - BA;2919108;BA;DCA-Anexo I-C;Padrão;Deduções - FUNDEB;RO1.7.2.1.50.0.0;1.7.2.1.50.0.0 - Cota-Parte do ICMS;80636,92;8078
2022;Prefeitura Municipal de Lamarão - BA;2919108;BA;DCA-Anexo I-C;Padrão;Receitas Brutas Realizadas;RO1.7.2.1.51.0.0;1.7.2.1.51.0.0 - Cota-Parte do IPVA;82061,85;8078
2022;Prefeitura Municipal de Lamarão - BA;2919108;BA;DCA-Anexo I-C;Padrão;Deduções - FUNDEB;RO1.7.2.1.51.0.0;1.7.2.1.51.0.0 - Cota-Parte do IPVA;19485,55;8078
2022;Prefeitura Municipal de Lamarão - BA;2919108;BA;DCA-Anexo I-C;Padrão;Receitas Brutas Realizadas;RO1.7.2.1.52.0.0;1.7.2.1.52.0.0 - Cota-Parte do IPI - Municípios;13679,55;8078
2022;Prefeitura Municipal de Lamarão - BA;2919108;BA;DCA-Anexo I-C;Padrão;Receitas Brutas Realizadas;RO1.7.2.1.53.0.0;1.7.2.1.53.0.0 - Cota-Parte da Contribuição de Intervenção no Domínio Econômico;8376,43;8078
2022;Prefeitura Municipal de Lamarão - BA;2919108;BA;DCA-Anexo I-C;Padrão;Receitas Brutas Realizadas;RO1.7.2.9.00.0.0;1.7.2.9.00.0.0 - Outras Transferências dos Estados e Distrito Federal;150018,98;8078
2022;Prefeitura Municipal de Lamarão - BA;2919108;BA;DCA-Anexo I-C;Padrão;Receitas Brutas Realizadas;RO1.7.2.9.51.0.0;1.7.2.9.51.0.0 - Transferências de Estados destinadas à Assistência Social;29828,40;8078
2022;Prefeitura Municipal de Lamarão - BA;2919108;BA;DCA-Anexo I-C;Padrão;Receitas Brutas Realizadas;RO1.7.2.9.99.0.0;1.7.2.9.99.0.0 - Outras Transferências dos Estados e DF;120190,58;8078
2022;Prefeitura Municipal de Lamarão - BA;2919108;BA;DCA-Anexo I-C;Padrão;Receitas Brutas Realizadas;RO1.7.5.0.00.0.0;1.7.5.0.00.0.0 - Transferências de Outras Instituições Públicas;7595789,66;8078
2022;Prefeitura Municipal de Lamarão - BA;2919108;BA;DCA-Anexo I-C;Padrão;Receitas Brutas Realizadas;RO1.7.5.1.00.0.0;1.7.5.1.00.0.0 - Transferências de Recursos do Fundo de Manutenção e Desenvolvimento da Educação Básica e de Valorização dos Profissionais da Educação - FUNDEB;7595789,66;8078
2022;Prefeitura Municipal de Lamarão - BA;2919108;BA;DCA-Anexo I-C;Padrão;Receitas Brutas Realizadas;RO1.9.0.0.00.0.0;1.9.0.0.00.0.0 - Outras Receitas Correntes;16273,82;8078
2022;Prefeitura Municipal de Lamarão - BA;2919108;BA;DCA-Anexo I-C;Padrão;Receitas Brutas Realizadas;RO1.9.1.0.00.0.0;1.9.1.0.00.0.0 - Multas Administrativas, Contratuais e Judiciais;8446,23;8078
2022;Prefeitura Municipal de Lamarão - BA;2919108;BA;DCA-Anexo I-C;Padrão;Receitas Brutas Realizadas;RO1.9.1.1.00.0.0;1.9.1.1.00.0.0 - Multas Administrativas, Contratuais e Judiciais;8446,23;8078
2022;Prefeitura Municipal de Lamarão - BA;2919108;BA;DCA-Anexo I-C;Padrão;Receitas Brutas Realizadas;RO1.9.1.1.07.0.0;1.9.1.1.07.0.0 - Multas Aplicadas pelos Tribunais de Contas;8446,23;8078
2022;Prefeitura Municipal de Lamarão - BA;2919108;BA;DCA-Anexo I-C;Padrão;Receitas Brutas Realizadas;RO1.9.2.0.00.0.0;1.9.2.0.00.0.0 - Indenizações, Restituições e Ressarcimentos;7827,59;8078
2022;Prefeitura Municipal de Lamarão - BA;2919108;BA;DCA-Anexo I-C;Padrão;Receitas Brutas Realizadas;RO1.9.2.2.00.0.0;1.9.2.2.00.0.0 - Restituições;7827,59;8078
2022;Prefeitura Municipal de Lamarão - BA;2919108;BA;DCA-Anexo I-C;Padrão;Receitas Brutas Realizadas;RO1.9.2.2.99.0.0;1.9.2.2.99.0.0 - Outras Restituições;7827,59;8078
2022;Prefeitura Municipal de Lamarão - BA;2919108;BA;DCA-Anexo I-C;Padrão;Receitas Brutas Realizadas;RO2.0.0.0.00.0.0;2.0.0.0.00.0.0 - Receitas de Capital;2341370,94;8078
2022;Prefeitura Municipal de Lamarão - BA;2919108;BA;DCA-Anexo I-C;Padrão;Receitas Brutas Realizadas;RO2.4.0.0.00.0.0;2.4.0.0.00.0.0 - Transferências de Capital;2341370,94;8078
2022;Prefeitura Municipal de Lamarão - BA;2919108;BA;DCA-Anexo I-C;Padrão;Receitas Brutas Realizadas;RO2.4.2.0.00.0.0;2.4.2.0.00.0.0 - Transferências dos Estados e do Distrito Federal e de suas Entidades;2341370,94;8078
2022;Prefeitura Municipal de Lamarão - BA;2919108;BA;DCA-Anexo I-C;Padrão;Receitas Brutas Realizadas;RO2.4.2.2.00.0.0;2.4.2.2.00.0.0 - Transferências de Convênios dos Estados e DF e de Suas Entidades ;2341370,94;8078
2022;Prefeitura Municipal de Lamarão - BA;2919108;BA;DCA-Anexo I-C;Padrão;Receitas Brutas Realizadas;RO2.4.2.2.01.0.0;2.4.2.2.01.0.0 - Transferências de Convênios dos Estados e DF e de Suas Entidades para Órgãos e Entidades da União;788491,74;8078
2022;Prefeitura Municipal de Lamarão - BA;2919108;BA;DCA-Anexo I-C;Padrão;Receitas Brutas Realizadas;RO2.4.2.2.51.0.0;2.4.2.2.51.0.0 - Transferências de Convênios dos Estados destinadas a Programas de Educação;1552879,20;8078
2022;Prefeitura Municipal de Lamarão - BA;2919108;BA;DCA-Anexo I-C;Padrão;Receitas Brutas Realizadas;TotalReceitas;TOTAL DAS RECEITAS (III) = (I + II);37083585,75;8078
2022;Prefeitura Municipal de Lamarão - BA;2919108;BA;DCA-Anexo I-C;Padrão;Deduções - FUNDEB;TotalReceitas;TOTAL DAS RECEITAS (III) = (I + II);-2842694,84;8078
2023;Prefeitura Municipal de Lamarão - BA;2919108;BA;DCA-Anexo I-C;Padrão;Receitas Brutas Realizadas;ReceitasExcetoIntraOrcamentarias;RECEITAS (EXCETO INTRA-ORÇAMENTÁRIAS) (I);43852739,17;8078
2023;Prefeitura Municipal de Lamarão - BA;2919108;BA;DCA-Anexo I-C;Padrão;Deduções - FUNDEB;ReceitasExcetoIntraOrcamentarias;RECEITAS (EXCETO INTRA-ORÇAMENTÁRIAS) (I);3601942,53;8078
2023;Prefeitura Municipal de Lamarão - BA;2919108;BA;DCA-Anexo I-C;Padrão;Receitas Brutas Realizadas;RO1.0.0.0.00.0.0;1.0.0.0.00.0.0 - Receitas Correntes;42696919,28;8078
2023;Prefeitura Municipal de Lamarão - BA;2919108;BA;DCA-Anexo I-C;Padrão;Deduções - FUNDEB;RO1.0.0.0.00.0.0;1.0.0.0.00.0.0 - Receitas Correntes;3601942,53;8078
2023;Prefeitura Municipal de Lamarão - BA;2919108;BA;DCA-Anexo I-C;Padrão;Receitas Brutas Realizadas;RO1.1.0.0.00.0.0;1.1.0.0.00.0.0 - Impostos, Taxas e Contribuições de Melhoria;1168025,04;8078
2023;Prefeitura Municipal de Lamarão - BA;2919108;BA;DCA-Anexo I-C;Padrão;Receitas Brutas Realizadas;RO1.1.1.0.00.0.0;1.1.1.0.00.0.0 - Impostos;1157463,42;8078
2023;Prefeitura Municipal de Lamarão - BA;2919108;BA;DCA-Anexo I-C;Padrão;Receitas Brutas Realizadas;RO1.1.1.2.00.0.0;1.1.1.2.00.0.0 - Impostos sobre o Patrimônio;59145,18;8078
2023;Prefeitura Municipal de Lamarão - BA;2919108;BA;DCA-Anexo I-C;Padrão;Receitas Brutas Realizadas;RO1.1.1.2.50.0.0;1.1.1.2.50.0.0 - Imposto sobre a Propriedade Predial e Territorial Urbana;42414,70;8078
2023;Prefeitura Municipal de Lamarão - BA;2919108;BA;DCA-Anexo I-C;Padrão;Receitas Brutas Realizadas;RO1.1.1.2.53.0.0;"1.1.1.2.53.0.0 - Impostos sobre Transmissão ""Inter Vivos"" de Bens Imóveis e de Direitos Reais sobre Imóveis";16730,48;8078
2023;Prefeitura Municipal de Lamarão - BA;2919108;BA;DCA-Anexo I-C;Padrão;Receitas Brutas Realizadas;RO1.1.1.3.00.0.0;1.1.1.3.00.0.0 - Impostos sobre a Renda e Proventos de Qualquer Natureza;669715,47;8078
2023;Prefeitura Municipal de Lamarão - BA;2919108;BA;DCA-Anexo I-C;Padrão;Receitas Brutas Realizadas;RO1.1.1.3.03.0.0;1.1.1.3.03.0.0 - Imposto sobre a Renda - Retido na Fonte;669715,47;8078
2023;Prefeitura Municipal de Lamarão - BA;2919108;BA;DCA-Anexo I-C;Padrão;Receitas Brutas Realizadas;RO1.1.1.3.03.1.0;1.1.1.3.03.1.0 - Imposto sobre a Renda - Retido na Fonte - Trabalho;669715,47;8078
2023;Prefeitura Municipal de Lamarão - BA;2919108;BA;DCA-Anexo I-C;Padrão;Receitas Brutas Realizadas;RO1.1.1.4.00.0.0;1.1.1.4.00.0.0 - Impostos sobre a Produção e Circulação de Mercadorias e Serviços;428602,77;8078
2023;Prefeitura Municipal de Lamarão - BA;2919108;BA;DCA-Anexo I-C;Padrão;Receitas Brutas Realizadas;RO1.1.1.4.51.0.0;1.1.1.4.51.0.0 - Impostos sobre Serviços;428602,77;8078
2023;Prefeitura Municipal de Lamarão - BA;2919108;BA;DCA-Anexo I-C;Padrão;Receitas Brutas Realizadas;RO1.1.1.4.51.1.0;1.1.1.4.51.1.0 - Imposto sobre Serviços de Qualquer Natureza - ISSQN;428602,77;8078
2023;Prefeitura Municipal de Lamarão - BA;2919108;BA;DCA-Anexo I-C;Padrão;Receitas Brutas Realizadas;RO1.1.2.0.00.0.0;1.1.2.0.00.0.0 - Taxas;10561,62;8078
2023;Prefeitura Municipal de Lamarão - BA;2919108;BA;DCA-Anexo I-C;Padrão;Receitas Brutas Realizadas;RO1.1.2.1.00.0.0;1.1.2.1.00.0.0 - Taxas pelo Exercício do Poder de Polícia;10561,62;8078
2023;Prefeitura Municipal de Lamarão - BA;2919108;BA;DCA-Anexo I-C;Padrão;Receitas Brutas Realizadas;RO1.1.2.1.01.0.0;1.1.2.1.01.0.0 - Taxas de Inspeção, Controle e Fiscalização;10561,62;8078
2023;Prefeitura Municipal de Lamarão - BA;2919108;BA;DCA-Anexo I-C;Padrão;Receitas Brutas Realizadas;RO1.2.0.0.00.0.0;1.2.0.0.00.0.0 - Contribuições;173174,67;8078
2023;Prefeitura Municipal de Lamarão - BA;2919108;BA;DCA-Anexo I-C;Padrão;Receitas Brutas Realizadas;RO1.2.4.0.00.0.0;1.2.4.0.00.0.0 - Contribuição para o Custeio do Serviço de Iluminação Pública;173174,67;8078
2023;Prefeitura Municipal de Lamarão - BA;2919108;BA;DCA-Anexo I-C;Padrão;Receitas Brutas Realizadas;RO1.3.0.0.00.0.0;1.3.0.0.00.0.0 - Receita Patrimonial;259219,93;8078
2023;Prefeitura Municipal de Lamarão - BA;2919108;BA;DCA-Anexo I-C;Padrão;Receitas Brutas Realizadas;RO1.3.2.0.00.0.0;1.3.2.0.00.0.0 - Valores Mobiliários;259219,93;8078
2023;Prefeitura Municipal de Lamarão - BA;2919108;BA;DCA-Anexo I-C;Padrão;Receitas Brutas Realizadas;RO1.3.2.1.00.0.0;1.3.2.1.00.0.0 - Juros e Correções Monetárias;259219,93;8078
2023;Prefeitura Municipal de Lamarão - BA;2919108;BA;DCA-Anexo I-C;Padrão;Receitas Brutas Realizadas;RO1.3.2.1.01.0.0;1.3.2.1.01.0.0 - Remuneração de Depósitos Bancários;259219,93;8078
2023;Prefeitura Municipal de Lamarão - BA;2919108;BA;DCA-Anexo I-C;Padrão;Receitas Brutas Realizadas;RO1.7.0.0.00.0.0;1.7.0.0.00.0.0 - Transferências Correntes;41049639,80;8078
2023;Prefeitura Municipal de Lamarão - BA;2919108;BA;DCA-Anexo I-C;Padrão;Deduções - FUNDEB;RO1.7.0.0.00.0.0;1.7.0.0.00.0.0 - Transferências Correntes;3601942,53;8078
2023;Prefeitura Municipal de Lamarão - BA;2919108;BA;DCA-Anexo I-C;Padrão;Receitas Brutas Realizadas;RO1.7.1.0.00.0.0;1.7.1.0.00.0.0 - Transferências da União e de suas Entidades;29091428,15;8078
2023;Prefeitura Municipal de Lamarão - BA;2919108;BA;DCA-Anexo I-C;Padrão;Deduções - FUNDEB;RO1.7.1.0.00.0.0;1.7.1.0.00.0.0 - Transferências da União e de suas Entidades;2752576,01;8078
2023;Prefeitura Municipal de Lamarão - BA;2919108;BA;DCA-Anexo I-C;Padrão;Receitas Brutas Realizadas;RO1.7.1.1.00.0.0;1.7.1.1.00.0.0 - Transferências Decorrentes de Participação na Receita da União;17923360,13;8078
2023;Prefeitura Municipal de Lamarão - BA;2919108;BA;DCA-Anexo I-C;Padrão;Deduções - FUNDEB;RO1.7.1.1.00.0.0;1.7.1.1.00.0.0 - Transferências Decorrentes de Participação na Receita da União;2752576,01;8078
2023;Prefeitura Municipal de Lamarão - BA;2919108;BA;DCA-Anexo I-C;Padrão;Receitas Brutas Realizadas;RO1.7.1.1.51.0.0;1.7.1.1.51.0.0 -Cota-Parte do Fundo de Participação dos Municípios - FPM;17919525,58;8078
2023;Prefeitura Municipal de Lamarão - BA;2919108;BA;DCA-Anexo I-C;Padrão;Deduções - FUNDEB;RO1.7.1.1.51.0.0;1.7.1.1.51.0.0 -Cota-Parte do Fundo de Participação dos Municípios - FPM;2751809,12;8078
2023;Prefeitura Municipal de Lamarão - BA;2919108;BA;DCA-Anexo I-C;Padrão;Receitas Brutas Realizadas;RO1.7.1.1.51.1.0;1.7.1.1.51.1.0 - Cota-Parte do Fundo de Participação dos Municípios - Cota Mensal;16593456,49;8078
2023;Prefeitura Municipal de Lamarão - BA;2919108;BA;DCA-Anexo I-C;Padrão;Deduções - FUNDEB;RO1.7.1.1.51.1.0;1.7.1.1.51.1.0 - Cota-Parte do Fundo de Participação dos Municípios - Cota Mensal;2751809,12;8078
2023;Prefeitura Municipal de Lamarão - BA;2919108;BA;DCA-Anexo I-C;Padrão;Receitas Brutas Realizadas;RO1.7.1.1.51.2.0;1.7.1.1.51.2.0 - Cota-Parte do Fundo de Participação dos Municípios - Cotas Extraordinárias;1326069,09;8078
2023;Prefeitura Municipal de Lamarão - BA;2919108;BA;DCA-Anexo I-C;Padrão;Receitas Brutas Realizadas;RO1.7.1.1.52.0.0;1.7.1.1.52.0.0 - Cota-Parte do Imposto Sobre a Propriedade Territorial Rural;3834,55;8078
2023;Prefeitura Municipal de Lamarão - BA;2919108;BA;DCA-Anexo I-C;Padrão;Deduções - FUNDEB;RO1.7.1.1.52.0.0;1.7.1.1.52.0.0 - Cota-Parte do Imposto Sobre a Propriedade Territorial Rural;766,89;8078
2023;Prefeitura Municipal de Lamarão - BA;2919108;BA;DCA-Anexo I-C;Padrão;Receitas Brutas Realizadas;RO1.7.1.2.00.0.0;1.7.1.2.00.0.0 -Transferências das Compensações Financeiras pela Exploração de Recursos Naturais;354025,35;8078
2023;Prefeitura Municipal de Lamarão - BA;2919108;BA;DCA-Anexo I-C;Padrão;Receitas Brutas Realizadas;RO1.7.1.2.51.0.0;1.7.1.2.51.0.0 -Cota-parte da Compensação Financeira pela Exploração de Recursos Minerais - CFEM;23601,15;8078
2023;Prefeitura Municipal de Lamarão - BA;2919108;BA;DCA-Anexo I-C;Padrão;Receitas Brutas Realizadas;RO1.7.1.2.52.0.0;1.7.1.2.52.0.0 - Cota-parte da Compensação Financeira pela Produção de Petróleo;330424,20;8078
2023;Prefeitura Municipal de Lamarão - BA;2919108;BA;DCA-Anexo I-C;Padrão;Receitas Brutas Realizadas;RO1.7.1.2.52.2.0;1.7.1.2.52.2.0 - Cota-parte pelo Excedente da Produção do Petróleo ¿ Lei nº 9.478/97, artigo 49, I e II;7811,78;8078
2023;Prefeitura Municipal de Lamarão - BA;2919108;BA;DCA-Anexo I-C;Padrão;Receitas Brutas Realizadas;RO1.7.1.2.52.4.0;1.7.1.2.52.4.0 - Cota-Parte do Fundo Especial do Petróleo ¿ FEP;322612,42;8078
2023;Prefeitura Municipal de Lamarão - BA;2919108;BA;DCA-Anexo I-C;Padrão;Receitas Brutas Realizadas;RO1.7.1.3.00.0.0;1.7.1.3.00.0.0 -Transferências de Recursos do Sistema Único de Saúde ¿ SUS ;4814568,67;8078
2023;Prefeitura Municipal de Lamarão - BA;2919108;BA;DCA-Anexo I-C;Padrão;Receitas Brutas Realizadas;RO1.7.1.3.50.0.0;1.7.1.3.50.0.0 - Transferências de Recursos do Sistema Único de Saúde ¿ SUS ¿ Repasses Fundo a Fundo - Bloco de Manutenção das Ações e Serviços Públicos de Saúde;4814568,67;8078
2023;Prefeitura Municipal de Lamarão - BA;2919108;BA;DCA-Anexo I-C;Padrão;Receitas Brutas Realizadas;RO1.7.1.3.50.1.0;1.7.1.3.50.1.0 - Transferências de Recursos do Bloco de Manutenção das Ações e Serviços Públicos de Saúde ¿ Atenção Primária;2278043,94;8078
2023;Prefeitura Municipal de Lamarão - BA;2919108;BA;DCA-Anexo I-C;Padrão;Receitas Brutas Realizadas;RO1.7.1.3.50.2.0;1.7.1.3.50.2.0 - Transferências de Recursos do Bloco de Manutenção das Ações e Serviços Públicos de Saúde ¿ Atenção Especializada;103866,40;8078
2023;Prefeitura Municipal de Lamarão - BA;2919108;BA;DCA-Anexo I-C;Padrão;Receitas Brutas Realizadas;RO1.7.1.3.50.3.0;1.7.1.3.50.3.0 - Transferências de Recursos do Bloco de Manutenção das Ações e Serviços Públicos de Saúde ¿ Vigilância em Saúde;2432658,33;8078
2023;Prefeitura Municipal de Lamarão - BA;2919108;BA;DCA-Anexo I-C;Padrão;Receitas Brutas Realizadas;RO1.7.1.4.00.0.0;1.7.1.4.00.0.0 -Transferências de Recursos do Fundo Nacional do Desenvolvimento da Educação ¿ FNDE¿ ;776548,12;8078
2023;Prefeitura Municipal de Lamarão - BA;2919108;BA;DCA-Anexo I-C;Padrão;Receitas Brutas Realizadas;RO1.7.1.4.50.0.0;1.7.1.4.50.0.0 - Transferências do Salário-Educação;291316,00;8078
2023;Prefeitura Municipal de Lamarão - BA;2919108;BA;DCA-Anexo I-C;Padrão;Receitas Brutas Realizadas;RO1.7.1.4.52.0.0;1.7.1.4.52.0.0 - Transferências referentes ao Programa Nacional de Alimentação Escolar ¿ PNAE;212047,00;8078
2023;Prefeitura Municipal de Lamarão - BA;2919108;BA;DCA-Anexo I-C;Padrão;Receitas Brutas Realizadas;RO1.7.1.4.53.0.0;1.7.1.4.53.0.0 - Transferências referentes ao Programa Nacional de Apoio ao Transporte do Escolar ¿ PNATE;273185,12;8078
2023;Prefeitura Municipal de Lamarão - BA;2919108;BA;DCA-Anexo I-C;Padrão;Receitas Brutas Realizadas;RO1.7.1.5.00.0.0;1.7.1.5.00.0.0 - Transferências de Recursos de Complementação da União ao Fundo de Manutenção e Desenvolvimento da Educação Básica e de Valorização dos Profissionais da Educação ¿ FUNDEB ;4414005,79;8078
2023;Prefeitura Municipal de Lamarão - BA;2919108;BA;DCA-Anexo I-C;Padrão;Receitas Brutas Realizadas;RO1.7.1.6.00.0.0;1.7.1.6.00.0.0 - Transferências de Recursos do Fundo Nacional de Assistência Social ¿ FNAS;795806,25;8078
2023;Prefeitura Municipal de Lamarão - BA;2919108;BA;DCA-Anexo I-C;Padrão;Receitas Brutas Realizadas;RO1.7.1.9.00.0.0;1.7.1.9.00.0.0 - Outras Transferências de Recursos da União e de suas Entidades;13113,84;8078
2023;Prefeitura Municipal de Lamarão - BA;2919108;BA;DCA-Anexo I-C;Padrão;Receitas Brutas Realizadas;RO1.7.1.9.99.0.0;1.7.1.9.99.0.0 - Outras Transferências de Recursos da União e de suas Entidades;13113,84;8078
2023;Prefeitura Municipal de Lamarão - BA;2919108;BA;DCA-Anexo I-C;Padrão;Receitas Brutas Realizadas;RO1.7.2.0.00.0.0;1.7.2.0.00.0.0 - Transferências dos Estados e do Distrito Federal e de suas Entidades;3541847,96;8078
2023;Prefeitura Municipal de Lamarão - BA;2919108;BA;DCA-Anexo I-C;Padrão;Deduções - FUNDEB;RO1.7.2.0.00.0.0;1.7.2.0.00.0.0 - Transferências dos Estados e do Distrito Federal e de suas Entidades;849366,52;8078
2023;Prefeitura Municipal de Lamarão - BA;2919108;BA;DCA-Anexo I-C;Padrão;Receitas Brutas Realizadas;RO1.7.2.1.00.0.0;1.7.2.1.00.0.0 - Participação na Receita dos Estados e Distrito Federal;2920197,23;8078
2023;Prefeitura Municipal de Lamarão - BA;2919108;BA;DCA-Anexo I-C;Padrão;Deduções - FUNDEB;RO1.7.2.1.00.0.0;1.7.2.1.00.0.0 - Participação na Receita dos Estados e Distrito Federal;849366,52;8078
2023;Prefeitura Municipal de Lamarão - BA;2919108;BA;DCA-Anexo I-C;Padrão;Receitas Brutas Realizadas;RO1.7.2.1.50.0.0;1.7.2.1.50.0.0 - Cota-Parte do ICMS;2771877,76;8078
2023;Prefeitura Municipal de Lamarão - BA;2919108;BA;DCA-Anexo I-C;Padrão;Deduções - FUNDEB;RO1.7.2.1.50.0.0;1.7.2.1.50.0.0 - Cota-Parte do ICMS;554375,32;8078
2023;Prefeitura Municipal de Lamarão - BA;2919108;BA;DCA-Anexo I-C;Padrão;Receitas Brutas Realizadas;RO1.7.2.1.51.0.0;1.7.2.1.51.0.0 - Cota-Parte do IPVA;130975,17;8078
2023;Prefeitura Municipal de Lamarão - BA;2919108;BA;DCA-Anexo I-C;Padrão;Deduções - FUNDEB;RO1.7.2.1.51.0.0;1.7.2.1.51.0.0 - Cota-Parte do IPVA;294991,20;8078
2023;Prefeitura Municipal de Lamarão - BA;2919108;BA;DCA-Anexo I-C;Padrão;Receitas Brutas Realizadas;RO1.7.2.1.52.0.0;1.7.2.1.52.0.0 - Cota-Parte do IPI - Municípios;15704,42;8078
2023;Prefeitura Municipal de Lamarão - BA;2919108;BA;DCA-Anexo I-C;Padrão;Receitas Brutas Realizadas;RO1.7.2.1.53.0.0;1.7.2.1.53.0.0 - Cota-Parte da Contribuição de Intervenção no Domínio Econômico;1639,88;8078
2023;Prefeitura Municipal de Lamarão - BA;2919108;BA;DCA-Anexo I-C;Padrão;Receitas Brutas Realizadas;RO1.7.2.3.00.0.0;1.7.2.3.00.0.0 - Transferências de Recursos do Sistema Único de Saúde ¿ SUS;209765,00;8078
2023;Prefeitura Municipal de Lamarão - BA;2919108;BA;DCA-Anexo I-C;Padrão;Receitas Brutas Realizadas;RO1.7.2.9.00.0.0;1.7.2.9.00.0.0 - Outras Transferências dos Estados e Distrito Federal;411885,73;8078
2023;Prefeitura Municipal de Lamarão - BA;2919108;BA;DCA-Anexo I-C;Padrão;Receitas Brutas Realizadas;RO1.7.2.9.99.0.0;1.7.2.9.99.0.0 - Outras Transferências dos Estados e DF;411885,73;8078
2023;Prefeitura Municipal de Lamarão - BA;2919108;BA;DCA-Anexo I-C;Padrão;Receitas Brutas Realizadas;RO1.7.5.0.00.0.0;1.7.5.0.00.0.0 - Transferências de Outras Instituições Públicas;8416363,69;8078
2023;Prefeitura Municipal de Lamarão - BA;2919108;BA;DCA-Anexo I-C;Padrão;Receitas Brutas Realizadas;RO1.7.5.1.00.0.0;1.7.5.1.00.0.0 - Transferências de Recursos do Fundo de Manutenção e Desenvolvimento da Educação Básica e de Valorização dos Profissionais da Educação - FUNDEB;8416363,69;8078
2023;Prefeitura Municipal de Lamarão - BA;2919108;BA;DCA-Anexo I-C;Padrão;Receitas Brutas Realizadas;RO1.9.0.0.00.0.0;1.9.0.0.00.0.0 - Outras Receitas Correntes;46859,84;8078
2023;Prefeitura Municipal de Lamarão - BA;2919108;BA;DCA-Anexo I-C;Padrão;Receitas Brutas Realizadas;RO1.9.1.0.00.0.0;1.9.1.0.00.0.0 - Multas Administrativas, Contratuais e Judiciais;5134,00;8078
2023;Prefeitura Municipal de Lamarão - BA;2919108;BA;DCA-Anexo I-C;Padrão;Receitas Brutas Realizadas;RO1.9.1.1.00.0.0;1.9.1.1.00.0.0 - Multas Administrativas, Contratuais e Judiciais;5134,00;8078
2023;Prefeitura Municipal de Lamarão - BA;2919108;BA;DCA-Anexo I-C;Padrão;Receitas Brutas Realizadas;RO1.9.1.1.07.0.0;1.9.1.1.07.0.0 - Multas Aplicadas pelos Tribunais de Contas;5134,00;8078
2023;Prefeitura Municipal de Lamarão - BA;2919108;BA;DCA-Anexo I-C;Padrão;Receitas Brutas Realizadas;RO1.9.2.0.00.0.0;1.9.2.0.00.0.0 - Indenizações, Restituições e Ressarcimentos;41725,84;8078
2023;Prefeitura Municipal de Lamarão - BA;2919108;BA;DCA-Anexo I-C;Padrão;Receitas Brutas Realizadas;RO1.9.2.2.00.0.0;1.9.2.2.00.0.0 - Restituições;41725,84;8078
2023;Prefeitura Municipal de Lamarão - BA;2919108;BA;DCA-Anexo I-C;Padrão;Receitas Brutas Realizadas;RO1.9.2.2.99.0.0;1.9.2.2.99.0.0 - Outras Restituições;41725,84;8078
2023;Prefeitura Municipal de Lamarão - BA;2919108;BA;DCA-Anexo I-C;Padrão;Receitas Brutas Realizadas;RO2.0.0.0.00.0.0;2.0.0.0.00.0.0 - Receitas de Capital;1155819,89;8078
2023;Prefeitura Municipal de Lamarão - BA;2919108;BA;DCA-Anexo I-C;Padrão;Receitas Brutas Realizadas;RO2.4.0.0.00.0.0;2.4.0.0.00.0.0 - Transferências de Capital;1155819,89;8078
2023;Prefeitura Municipal de Lamarão - BA;2919108;BA;DCA-Anexo I-C;Padrão;Receitas Brutas Realizadas;RO2.4.1.0.00.0.0;2.4.1.0.00.0.0 - Transferências da União e de suas Entidades;89097,34;8078
2023;Prefeitura Municipal de Lamarão - BA;2919108;BA;DCA-Anexo I-C;Padrão;Receitas Brutas Realizadas;RO2.4.1.9.00.0.0;2.4.1.9.00.0.0 - Outras Transferências de Recursos da União e de suas Entidades;89097,34;8078
2023;Prefeitura Municipal de Lamarão - BA;2919108;BA;DCA-Anexo I-C;Padrão;Receitas Brutas Realizadas;RO2.4.1.9.99.0.0;2.4.1.9.99.0.0 - Outras Transferências De Recursos da União e de suas Entidades;89097,34;8078
2023;Prefeitura Municipal de Lamarão - BA;2919108;BA;DCA-Anexo I-C;Padrão;Receitas Brutas Realizadas;RO2.4.2.0.00.0.0;2.4.2.0.00.0.0 - Transferências dos Estados e do Distrito Federal e de suas Entidades;1066722,55;8078
2023;Prefeitura Municipal de Lamarão - BA;2919108;BA;DCA-Anexo I-C;Padrão;Receitas Brutas Realizadas;RO2.4.2.2.00.0.0;2.4.2.2.00.0.0 - Transferências de Convênios dos Estados e DF e de Suas Entidades ;1066722,55;8078
2023;Prefeitura Municipal de Lamarão - BA;2919108;BA;DCA-Anexo I-C;Padrão;Receitas Brutas Realizadas;RO2.4.2.2.51.0.0;2.4.2.2.51.0.0 - Transferências de Convênios dos Estados destinadas a Programas de Educação;1066722,55;8078
2023;Prefeitura Municipal de Lamarão - BA;2919108;BA;DCA-Anexo I-C;Padrão;Receitas Brutas Realizadas;TotalReceitas;TOTAL DAS RECEITAS (III) = (I + II);43852739,17;8078
2023;Prefeitura Municipal de Lamarão - BA;2919108;BA;DCA-Anexo I-C;Padrão;Deduções - FUNDEB;TotalReceitas;TOTAL DAS RECEITAS (III) = (I + II);3601942,53;8078
2024;Prefeitura Municipal de Lamarão - BA;2919108;BA;DCA-Anexo I-C;Padrão;Receitas Brutas Realizadas;ReceitasExcetoIntraOrcamentarias;RECEITAS (EXCETO INTRA-ORÇAMENTÁRIAS) (I);51113546,94;9062
2024;Prefeitura Municipal de Lamarão - BA;2919108;BA;DCA-Anexo I-C;Padrão;Deduções - FUNDEB;ReceitasExcetoIntraOrcamentarias;RECEITAS (EXCETO INTRA-ORÇAMENTÁRIAS) (I);4314361,23;9062
2024;Prefeitura Municipal de Lamarão - BA;2919108;BA;DCA-Anexo I-C;Padrão;Receitas Brutas Realizadas;RO1.0.0.0.00.0.0;1.0.0.0.00.0.0 - Receitas Correntes;51113546,94;9062
2024;Prefeitura Municipal de Lamarão - BA;2919108;BA;DCA-Anexo I-C;Padrão;Deduções - FUNDEB;RO1.0.0.0.00.0.0;1.0.0.0.00.0.0 - Receitas Correntes;4314361,23;9062
2024;Prefeitura Municipal de Lamarão - BA;2919108;BA;DCA-Anexo I-C;Padrão;Receitas Brutas Realizadas;RO1.1.0.0.00.0.0;1.1.0.0.00.0.0 - Impostos, Taxas e Contribuições de Melhoria;1816997,25;9062
2024;Prefeitura Municipal de Lamarão - BA;2919108;BA;DCA-Anexo I-C;Padrão;Receitas Brutas Realizadas;RO1.1.1.0.00.0.0;1.1.1.0.00.0.0 - Impostos;1816997,25;9062
2024;Prefeitura Municipal de Lamarão - BA;2919108;BA;DCA-Anexo I-C;Padrão;Receitas Brutas Realizadas;RO1.1.1.2.00.0.0;1.1.1.2.00.0.0 - Impostos sobre o Patrimônio;200831,18;9062
2024;Prefeitura Municipal de Lamarão - BA;2919108;BA;DCA-Anexo I-C;Padrão;Receitas Brutas Realizadas;RO1.1.1.2.50.0.0;1.1.1.2.50.0.0 - Imposto sobre a Propriedade Predial e Territorial Urbana;59091,88;9062
2024;Prefeitura Municipal de Lamarão - BA;2919108;BA;DCA-Anexo I-C;Padrão;Receitas Brutas Realizadas;RO1.1.1.2.53.0.0;"1.1.1.2.53.0.0 - Impostos sobre Transmissão ""Inter Vivos"" de Bens Imóveis e de Direitos Reais sobre Imóveis";141739,30;9062
2024;Prefeitura Municipal de Lamarão - BA;2919108;BA;DCA-Anexo I-C;Padrão;Receitas Brutas Realizadas;RO1.1.1.3.00.0.0;1.1.1.3.00.0.0 - Impostos sobre a Renda e Proventos de Qualquer Natureza;1129289,11;9062
2024;Prefeitura Municipal de Lamarão - BA;2919108;BA;DCA-Anexo I-C;Padrão;Receitas Brutas Realizadas;RO1.1.1.3.03.0.0;1.1.1.3.03.0.0 - Imposto sobre a Renda - Retido na Fonte;1129289,11;9062
2024;Prefeitura Municipal de Lamarão - BA;2919108;BA;DCA-Anexo I-C;Padrão;Receitas Brutas Realizadas;RO1.1.1.3.03.1.0;1.1.1.3.03.1.0 - Imposto sobre a Renda - Retido na Fonte - Trabalho;977841,84;9062
2024;Prefeitura Municipal de Lamarão - BA;2919108;BA;DCA-Anexo I-C;Padrão;Receitas Brutas Realizadas;RO1.1.1.3.03.4.0;1.1.1.3.03.4.0 - Imposto sobre a Renda - Retido na Fonte - Outros Rendimentos;151447,27;9062
2024;Prefeitura Municipal de Lamarão - BA;2919108;BA;DCA-Anexo I-C;Padrão;Receitas Brutas Realizadas;RO1.1.1.4.00.0.0;1.1.1.4.00.0.0 - Impostos sobre a Produção e Circulação de Mercadorias e Serviços;486876,96;9062
2024;Prefeitura Municipal de Lamarão - BA;2919108;BA;DCA-Anexo I-C;Padrão;Receitas Brutas Realizadas;RO1.1.1.4.51.0.0;1.1.1.4.51.0.0 - Impostos sobre Serviços;486876,96;9062
2024;Prefeitura Municipal de Lamarão - BA;2919108;BA;DCA-Anexo I-C;Padrão;Receitas Brutas Realizadas;RO1.1.1.4.51.1.0;1.1.1.4.51.1.0 - Imposto sobre Serviços de Qualquer Natureza - ISSQN;486876,96;9062
2024;Prefeitura Municipal de Lamarão - BA;2919108;BA;DCA-Anexo I-C;Padrão;Receitas Brutas Realizadas;RO1.2.0.0.00.0.0;1.2.0.0.00.0.0 - Contribuições;106664,10;9062
2024;Prefeitura Municipal de Lamarão - BA;2919108;BA;DCA-Anexo I-C;Padrão;Receitas Brutas Realizadas;RO1.2.4.0.00.0.0;1.2.4.0.00.0.0 - Contribuição para o Custeio do Serviço de Iluminação Pública;106664,10;9062
2024;Prefeitura Municipal de Lamarão - BA;2919108;BA;DCA-Anexo I-C;Padrão;Receitas Brutas Realizadas;RO1.3.0.0.00.0.0;1.3.0.0.00.0.0 - Receita Patrimonial;250843,26;9062
2024;Prefeitura Municipal de Lamarão - BA;2919108;BA;DCA-Anexo I-C;Padrão;Receitas Brutas Realizadas;RO1.3.2.0.00.0.0;1.3.2.0.00.0.0 - Valores Mobiliários;250843,26;9062
2024;Prefeitura Municipal de Lamarão - BA;2919108;BA;DCA-Anexo I-C;Padrão;Receitas Brutas Realizadas;RO1.3.2.1.00.0.0;1.3.2.1.00.0.0 - Juros e Correções Monetárias;250843,26;9062
2024;Prefeitura Municipal de Lamarão - BA;2919108;BA;DCA-Anexo I-C;Padrão;Receitas Brutas Realizadas;RO1.3.2.1.01.0.0;1.3.2.1.01.0.0 - Remuneração de Depósitos Bancários;250843,26;9062
2024;Prefeitura Municipal de Lamarão - BA;2919108;BA;DCA-Anexo I-C;Padrão;Receitas Brutas Realizadas;RO1.7.0.0.00.0.0;1.7.0.0.00.0.0 - Transferências Correntes;48918504,39;9062
2024;Prefeitura Municipal de Lamarão - BA;2919108;BA;DCA-Anexo I-C;Padrão;Deduções - FUNDEB;RO1.7.0.0.00.0.0;1.7.0.0.00.0.0 - Transferências Correntes;4314361,23;9062
2024;Prefeitura Municipal de Lamarão - BA;2919108;BA;DCA-Anexo I-C;Padrão;Receitas Brutas Realizadas;RO1.7.1.0.00.0.0;1.7.1.0.00.0.0 - Transferências da União e de suas Entidades;34875426,93;9062
2024;Prefeitura Municipal de Lamarão - BA;2919108;BA;DCA-Anexo I-C;Padrão;Deduções - FUNDEB;RO1.7.1.0.00.0.0;1.7.1.0.00.0.0 - Transferências da União e de suas Entidades;3504029,70;9062
2024;Prefeitura Municipal de Lamarão - BA;2919108;BA;DCA-Anexo I-C;Padrão;Receitas Brutas Realizadas;RO1.7.1.1.00.0.0;1.7.1.1.00.0.0 - Transferências Decorrentes de Participação na Receita da União;19287121,04;9062
2024;Prefeitura Municipal de Lamarão - BA;2919108;BA;DCA-Anexo I-C;Padrão;Deduções - FUNDEB;RO1.7.1.1.00.0.0;1.7.1.1.00.0.0 - Transferências Decorrentes de Participação na Receita da União;3504029,70;9062
2024;Prefeitura Municipal de Lamarão - BA;2919108;BA;DCA-Anexo I-C;Padrão;Receitas Brutas Realizadas;RO1.7.1.1.51.0.0;1.7.1.1.51.0.0 -Cota-Parte do Fundo de Participação dos Municípios - FPM;19282495,62;9062
2024;Prefeitura Municipal de Lamarão - BA;2919108;BA;DCA-Anexo I-C;Padrão;Deduções - FUNDEB;RO1.7.1.1.51.0.0;1.7.1.1.51.0.0 -Cota-Parte do Fundo de Participação dos Municípios - FPM;3503103,35;9062
2024;Prefeitura Municipal de Lamarão - BA;2919108;BA;DCA-Anexo I-C;Padrão;Receitas Brutas Realizadas;RO1.7.1.1.51.1.0;1.7.1.1.51.1.0 - Cota-Parte do Fundo de Participação dos Municípios - Cota Mensal;17477239,34;9062
2024;Prefeitura Municipal de Lamarão - BA;2919108;BA;DCA-Anexo I-C;Padrão;Deduções - FUNDEB;RO1.7.1.1.51.1.0;1.7.1.1.51.1.0 - Cota-Parte do Fundo de Participação dos Municípios - Cota Mensal;3503103,35;9062
2024;Prefeitura Municipal de Lamarão - BA;2919108;BA;DCA-Anexo I-C;Padrão;Receitas Brutas Realizadas;RO1.7.1.1.51.2.0;1.7.1.1.51.2.0 - Cota-Parte do Fundo de Participação dos Municípios - Cotas Extraordinárias;1805256,28;9062
2024;Prefeitura Municipal de Lamarão - BA;2919108;BA;DCA-Anexo I-C;Padrão;Receitas Brutas Realizadas;RO1.7.1.1.52.0.0;1.7.1.1.52.0.0 - Cota-Parte do Imposto Sobre a Propriedade Territorial Rural;4625,42;9062
2024;Prefeitura Municipal de Lamarão - BA;2919108;BA;DCA-Anexo I-C;Padrão;Deduções - FUNDEB;RO1.7.1.1.52.0.0;1.7.1.1.52.0.0 - Cota-Parte do Imposto Sobre a Propriedade Territorial Rural;926,35;9062
2024;Prefeitura Municipal de Lamarão - BA;2919108;BA;DCA-Anexo I-C;Padrão;Receitas Brutas Realizadas;RO1.7.1.2.00.0.0;1.7.1.2.00.0.0 -Transferências das Compensações Financeiras pela Exploração de Recursos Naturais;383403,69;9062
2024;Prefeitura Municipal de Lamarão - BA;2919108;BA;DCA-Anexo I-C;Padrão;Receitas Brutas Realizadas;RO1.7.1.2.51.0.0;1.7.1.2.51.0.0 -Cota-parte da Compensação Financeira pela Exploração de Recursos Minerais - CFEM;33744,56;9062
2024;Prefeitura Municipal de Lamarão - BA;2919108;BA;DCA-Anexo I-C;Padrão;Receitas Brutas Realizadas;RO1.7.1.2.52.0.0;1.7.1.2.52.0.0 - Cota-parte da Compensação Financeira pela Produção de Petróleo;349659,13;9062
2024;Prefeitura Municipal de Lamarão - BA;2919108;BA;DCA-Anexo I-C;Padrão;Receitas Brutas Realizadas;RO1.7.1.2.52.2.0;1.7.1.2.52.2.0 - Cota-parte pelo Excedente da Produção do Petróleo ¿ Lei nº 9.478/97, artigo 49, I e II;3109,52;9062
2024;Prefeitura Municipal de Lamarão - BA;2919108;BA;DCA-Anexo I-C;Padrão;Receitas Brutas Realizadas;RO1.7.1.2.52.4.0;1.7.1.2.52.4.0 - Cota-Parte do Fundo Especial do Petróleo ¿ FEP;346549,61;9062
2024;Prefeitura Municipal de Lamarão - BA;2919108;BA;DCA-Anexo I-C;Padrão;Receitas Brutas Realizadas;RO1.7.1.3.00.0.0;1.7.1.3.00.0.0 -Transferências de Recursos do Sistema Único de Saúde ¿ SUS ;7457464,13;9062
2024;Prefeitura Municipal de Lamarão - BA;2919108;BA;DCA-Anexo I-C;Padrão;Receitas Brutas Realizadas;RO1.7.1.3.50.0.0;1.7.1.3.50.0.0 - Transferências de Recursos do Sistema Único de Saúde ¿ SUS ¿ Repasses Fundo a Fundo - Bloco de Manutenção das Ações e Serviços Públicos de Saúde;7457464,13;9062
2024;Prefeitura Municipal de Lamarão - BA;2919108;BA;DCA-Anexo I-C;Padrão;Receitas Brutas Realizadas;RO1.7.1.3.50.1.0;1.7.1.3.50.1.0 - Transferências de Recursos do Bloco de Manutenção das Ações e Serviços Públicos de Saúde ¿ Atenção Primária;5714072,35;9062
2024;Prefeitura Municipal de Lamarão - BA;2919108;BA;DCA-Anexo I-C;Padrão;Receitas Brutas Realizadas;RO1.7.1.3.50.2.0;1.7.1.3.50.2.0 - Transferências de Recursos do Bloco de Manutenção das Ações e Serviços Públicos de Saúde ¿ Atenção Especializada;956438,79;9062
2024;Prefeitura Municipal de Lamarão - BA;2919108;BA;DCA-Anexo I-C;Padrão;Receitas Brutas Realizadas;RO1.7.1.3.50.3.0;1.7.1.3.50.3.0 - Transferências de Recursos do Bloco de Manutenção das Ações e Serviços Públicos de Saúde ¿ Vigilância em Saúde;591608,81;9062
2024;Prefeitura Municipal de Lamarão - BA;2919108;BA;DCA-Anexo I-C;Padrão;Receitas Brutas Realizadas;RO1.7.1.3.50.4.0;1.7.1.3.50.4.0 -Transferências de Recursos do Bloco de Manutenção das Ações e Serviços Públicos de Saúde ¿ Assistência Farmacêutica;119361,00;9062
2024;Prefeitura Municipal de Lamarão - BA;2919108;BA;DCA-Anexo I-C;Padrão;Receitas Brutas Realizadas;RO1.7.1.3.50.5.0;1.7.1.3.50.5.0 - Transferências de Recursos do Bloco de Manutenção das Ações e Serviços Públicos de Saúde ¿ Gestão do SUS;75983,18;9062
2024;Prefeitura Municipal de Lamarão - BA;2919108;BA;DCA-Anexo I-C;Padrão;Receitas Brutas Realizadas;RO1.7.1.4.00.0.0;1.7.1.4.00.0.0 -Transferências de Recursos do Fundo Nacional do Desenvolvimento da Educação ¿ FNDE¿ ;1789134,64;9062
2024;Prefeitura Municipal de Lamarão - BA;2919108;BA;DCA-Anexo I-C;Padrão;Receitas Brutas Realizadas;RO1.7.1.4.50.0.0;1.7.1.4.50.0.0 - Transferências do Salário-Educação;811344,77;9062
2024;Prefeitura Municipal de Lamarão - BA;2919108;BA;DCA-Anexo I-C;Padrão;Receitas Brutas Realizadas;RO1.7.1.4.52.0.0;1.7.1.4.52.0.0 - Transferências referentes ao Programa Nacional de Alimentação Escolar ¿ PNAE;211884,00;9062
2024;Prefeitura Municipal de Lamarão - BA;2919108;BA;DCA-Anexo I-C;Padrão;Receitas Brutas Realizadas;RO1.7.1.4.53.0.0;1.7.1.4.53.0.0 - Transferências referentes ao Programa Nacional de Apoio ao Transporte do Escolar ¿ PNATE;352759,59;9062
2024;Prefeitura Municipal de Lamarão - BA;2919108;BA;DCA-Anexo I-C;Padrão;Receitas Brutas Realizadas;RO1.7.1.4.99.0.0;1.7.1.4.99.0.0 - Outras Transferências Diretas do Fundo Nacional do Desenvolvimento da Educação - FNDE;413146,28;9062
2024;Prefeitura Municipal de Lamarão - BA;2919108;BA;DCA-Anexo I-C;Padrão;Receitas Brutas Realizadas;RO1.7.1.5.00.0.0;1.7.1.5.00.0.0 - Transferências de Recursos de Complementação da União ao Fundo de Manutenção e Desenvolvimento da Educação Básica e de Valorização dos Profissionais da Educação ¿ FUNDEB ;5451291,58;9062
2024;Prefeitura Municipal de Lamarão - BA;2919108;BA;DCA-Anexo I-C;Padrão;Receitas Brutas Realizadas;RO1.7.1.6.00.0.0;1.7.1.6.00.0.0 - Transferências de Recursos do Fundo Nacional de Assistência Social ¿ FNAS;370422,31;9062
2024;Prefeitura Municipal de Lamarão - BA;2919108;BA;DCA-Anexo I-C;Padrão;Receitas Brutas Realizadas;RO1.7.1.9.00.0.0;1.7.1.9.00.0.0 - Outras Transferências de Recursos da União e de suas Entidades;136589,54;9062
2024;Prefeitura Municipal de Lamarão - BA;2919108;BA;DCA-Anexo I-C;Padrão;Receitas Brutas Realizadas;RO1.7.1.9.52.0.0;1.7.1.9.52.0.0 - Transferências da União a Consórcios Públicos;78255,80;9062
2024;Prefeitura Municipal de Lamarão - BA;2919108;BA;DCA-Anexo I-C;Padrão;Receitas Brutas Realizadas;RO1.7.1.9.99.0.0;1.7.1.9.99.0.0 - Outras Transferências de Recursos da União e de suas Entidades;58333,74;9062
2024;Prefeitura Municipal de Lamarão - BA;2919108;BA;DCA-Anexo I-C;Padrão;Receitas Brutas Realizadas;RO1.7.2.0.00.0.0;1.7.2.0.00.0.0 - Transferências dos Estados e do Distrito Federal e de suas Entidades;5254740,48;9062
2024;Prefeitura Municipal de Lamarão - BA;2919108;BA;DCA-Anexo I-C;Padrão;Deduções - FUNDEB;RO1.7.2.0.00.0.0;1.7.2.0.00.0.0 - Transferências dos Estados e do Distrito Federal e de suas Entidades;810331,53;9062
2024;Prefeitura Municipal de Lamarão - BA;2919108;BA;DCA-Anexo I-C;Padrão;Receitas Brutas Realizadas;RO1.7.2.1.00.0.0;1.7.2.1.00.0.0 - Participação na Receita dos Estados e Distrito Federal;4090875,98;9062
2024;Prefeitura Municipal de Lamarão - BA;2919108;BA;DCA-Anexo I-C;Padrão;Deduções - FUNDEB;RO1.7.2.1.00.0.0;1.7.2.1.00.0.0 - Participação na Receita dos Estados e Distrito Federal;810331,53;9062
2024;Prefeitura Municipal de Lamarão - BA;2919108;BA;DCA-Anexo I-C;Padrão;Receitas Brutas Realizadas;RO1.7.2.1.50.0.0;1.7.2.1.50.0.0 - Cota-Parte do ICMS;3906425,59;9062
2024;Prefeitura Municipal de Lamarão - BA;2919108;BA;DCA-Anexo I-C;Padrão;Deduções - FUNDEB;RO1.7.2.1.50.0.0;1.7.2.1.50.0.0 - Cota-Parte do ICMS;781284,88;9062
2024;Prefeitura Municipal de Lamarão - BA;2919108;BA;DCA-Anexo I-C;Padrão;Receitas Brutas Realizadas;RO1.7.2.1.51.0.0;1.7.2.1.51.0.0 - Cota-Parte do IPVA;145236,83;9062
2024;Prefeitura Municipal de Lamarão - BA;2919108;BA;DCA-Anexo I-C;Padrão;Deduções - FUNDEB;RO1.7.2.1.51.0.0;1.7.2.1.51.0.0 - Cota-Parte do IPVA;29046,65;9062
2024;Prefeitura Municipal de Lamarão - BA;2919108;BA;DCA-Anexo I-C;Padrão;Receitas Brutas Realizadas;RO1.7.2.1.52.0.0;1.7.2.1.52.0.0 - Cota-Parte do IPI - Municípios;26855,95;9062
2024;Prefeitura Municipal de Lamarão - BA;2919108;BA;DCA-Anexo I-C;Padrão;Receitas Brutas Realizadas;RO1.7.2.1.53.0.0;1.7.2.1.53.0.0 - Cota-Parte da Contribuição de Intervenção no Domínio Econômico;12357,61;9062
2024;Prefeitura Municipal de Lamarão - BA;2919108;BA;DCA-Anexo I-C;Padrão;Receitas Brutas Realizadas;RO1.7.2.9.00.0.0;1.7.2.9.00.0.0 - Outras Transferências dos Estados e Distrito Federal;1163864,50;9062
2024;Prefeitura Municipal de Lamarão - BA;2919108;BA;DCA-Anexo I-C;Padrão;Receitas Brutas Realizadas;RO1.7.2.9.99.0.0;1.7.2.9.99.0.0 - Outras Transferências dos Estados e DF;1163864,50;9062
2024;Prefeitura Municipal de Lamarão - BA;2919108;BA;DCA-Anexo I-C;Padrão;Receitas Brutas Realizadas;RO1.7.5.0.00.0.0;1.7.5.0.00.0.0 - Transferências de Outras Instituições Públicas;8788336,98;9062
2024;Prefeitura Municipal de Lamarão - BA;2919108;BA;DCA-Anexo I-C;Padrão;Receitas Brutas Realizadas;RO1.7.5.1.00.0.0;1.7.5.1.00.0.0 - Transferências de Recursos do Fundo de Manutenção e Desenvolvimento da Educação Básica e de Valorização dos Profissionais da Educação - FUNDEB;8788336,98;9062
2024;Prefeitura Municipal de Lamarão - BA;2919108;BA;DCA-Anexo I-C;Padrão;Receitas Brutas Realizadas;RO1.9.0.0.00.0.0;1.9.0.0.00.0.0 - Outras Receitas Correntes;20537,94;9062
2024;Prefeitura Municipal de Lamarão - BA;2919108;BA;DCA-Anexo I-C;Padrão;Receitas Brutas Realizadas;RO1.9.2.0.00.0.0;1.9.2.0.00.0.0 - Indenizações, Restituições e Ressarcimentos;20537,94;9062
2024;Prefeitura Municipal de Lamarão - BA;2919108;BA;DCA-Anexo I-C;Padrão;Receitas Brutas Realizadas;RO1.9.2.2.00.0.0;1.9.2.2.00.0.0 - Restituições;20537,94;9062
2024;Prefeitura Municipal de Lamarão - BA;2919108;BA;DCA-Anexo I-C;Padrão;Receitas Brutas Realizadas;RO1.9.2.2.99.0.0;1.9.2.2.99.0.0 - Outras Restituições;20537,94;9062
2024;Prefeitura Municipal de Lamarão - BA;2919108;BA;DCA-Anexo I-C;Padrão;Receitas Brutas Realizadas;TotalReceitas;TOTAL DAS RECEITAS (III) = (I + II);51113546,94;9062
2024;Prefeitura Municipal de Lamarão - BA;2919108;BA;DCA-Anexo I-C;Padrão;Deduções - FUNDEB;TotalReceitas;TOTAL DAS RECEITAS (III) = (I + II);4314361,23;9062
