{
"type": "FeatureCollection",
"name": "painel-mundo",
"crs": { "type": "name", "properties": { "name": "urn:ogc:def:crs:OGC:1.3:CRS84" } },
"xy_coordinate_resolution": 0.1,
"features": [
{ "type": "Feature", "properties": { }, "geometry": { "type": "Polygon", "coordinates": [ ] } },
{ "type": "Feature", "properties": { }, "geometry": { "type": "Polygon", "coordinates": [ [ [ 74.9, 37.2 ], [ 71.2, 36.1 ], [ 71.1, 34.0 ], [ 66.2, 29.8 ], [ 60.8, 29.9 ], [ 61.3, 35.6 ], [ 70.9, 38.5 ], [ 71.7, 36.7 ], [ 74.9, 37.2 ] ] ] } },
{ "type": "Feature", "properties": { }, "geometry": { "type": "MultiPolygon", "coordinates": [ [ [ [ 24.0, -11.0 ], [ 24.0, -13.0 ], [ 22.0, -13.0 ], [ 23.4, -17.6 ], [ 11.7, -17.2 ], [ 13.8, -11.1 ], [ 12.3, -6.1 ], [ 16.4, -5.9 ], [ 17.6, -8.1 ], [ 21.8, -7.3 ], [ 22.2, -11.1 ], [ 24.0, -11.0 ] ] ], [ [ [ 13.1, -4.6 ], [ 12.0, -5.0 ], [ 12.9, -4.4 ], [ 13.1, -4.6 ] ] ] ] } },
{ "type": "Feature", "properties": { }, "geometry": { "type": "Polygon", "coordinates": [ [ [ -63.0, 18.2 ], [ -63.2, 18.2 ], [ -63.0, 18.3 ], [ -63.0, 18.2 ] ] ] } },
{ "type": "Feature", "properties": { }, "geometry": { "type": "Polygon", "coordinates": [ [ [ 20.1, 42.5 ], [ 21.0, 40.7 ], [ 20.2, 39.7 ], [ 19.3, 40.4 ], [ 20.1, 42.5 ] ] ] } },
{ "type": "Feature", "properties": { }, "geometry": { "type": "MultiPolygon", "coordinates": [ [ [ [ 20.0, 60.1 ], [ 19.7, 60.2 ], [ 19.9, 60.4 ], [ 20.0, 60.1 ] ] ], [ [ [ 21.3, 60.6 ], [ 21.4, 60.6 ], [ 21.5, 60.5 ], [ 21.3, 60.5 ], [ 21.3, 60.6 ] ] ], [ [ [ 21.9, 60.2 ], [ 21.7, 60.1 ], [ 21.7, 60.2 ], [ 21.9, 60.2 ] ] ], [ [ [ 22.4, 60.2 ], [ 22.1, 60.3 ], [ 22.4, 60.3 ], [ 22.4, 60.2 ] ] ], [ [ [ 21.8, 60.5 ], [ 22.0, 60.3 ], [ 21.9, 60.3 ], [ 21.8, 60.5 ] ] ], [ [ [ 31.3, 62.6 ], [ 27.7, 60.5 ], [ 21.4, 60.6 ], [ 21.1, 62.7 ], [ 25.3, 64.9 ], [ 25.3, 65.5 ], [ 20.6, 69.0 ], [ 24.9, 68.6 ], [ 27.7, 70.1 ], [ 29.3, 69.5 ], [ 28.4, 68.9 ], [ 31.3, 62.6 ] ] ], [ [ [ 24.8, 65.1 ], [ 25.0, 65.0 ], [ 24.6, 65.0 ], [ 24.8, 65.1 ] ] ] ] } },
{ "type": "Feature", "properties": { }, "geometry": { "type": "Polygon", "coordinates": [ [ [ 1.6, 42.6 ], [ 1.4, 42.4 ], [ 1.4, 42.5 ], [ 1.6, 42.6 ] ] ] } },
{ "type": "Feature", "properties": { }, "geometry": { "type": "MultiPolygon", "coordinates": [ [ [ [ 53.8, 24.1 ], [ 53.6, 24.2 ], [ 53.8, 24.3 ], [ 53.8, 24.1 ] ] ], [ [ [ 55.1, 22.6 ], [ 52.6, 22.9 ], [ 51.6, 24.1 ], [ 51.6, 24.3 ], [ 52.1, 24.0 ], [ 52.6, 24.2 ], [ 53.8, 24.1 ], [ 54.1, 24.2 ], [ 54.4, 24.3 ], [ 54.5, 24.4 ], [ 56.1, 26.1 ], [ 55.1, 22.6 ] ] ] ] } },
{ "type": "Feature", "properties": { }, "geometry": { "type": "MultiPolygon", "coordinates": [ [ [ [ -64.5, -54.7 ], [ -63.8, -54.7 ], [ -64.8, -54.8 ], [ -64.5, -54.7 ] ] ], [ [ [ -68.7, -54.9 ], [ -68.6, -52.7 ], [ -65.2, -54.7 ], [ -68.7, -54.9 ] ] ], [ [ [ -61.9, -39.1 ], [ -62.0, -39.2 ], [ -62.1, -39.1 ], [ -61.9, -39.1 ] ] ], [ [ [ -62.6, -22.3 ], [ -57.6, -25.3 ], [ -58.6, -27.3 ], [ -55.7, -27.4 ], [ -53.9, -25.7 ], [ -57.9, -30.6 ], [ -58.5, -34.3 ], [ -56.7, -36.9 ], [ -58.2, -38.4 ], [ -62.3, -38.8 ], [ -62.4, -40.9 ], [ -65.1, -40.8 ], [ -63.6, -42.7 ], [ -67.6, -46.1 ], [ -65.8, -47.9 ], [ -69.0, -50.0 ], [ -68.4, -52.3 ], [ -71.9, -52.0 ], [ -73.6, -49.6 ], [ -71.2, -44.6 ], [ -72.1, -42.3 ], [ -70.0, -29.3 ], [ -66.7, -22.2 ], [ -62.6, -22.3 ] ] ] ] } },
{ "type": "Feature", "properties": { }, "geometry": { "type": "MultiPolygon", "coordinates": [ [ [ [ 43.7, 40.1 ], [ 43.4, 41.1 ], [ 45.4, 41.0 ], [ 45.4, 40.6 ], [ 46.0, 40.2 ], [ 45.6, 40.0 ], [ 46.5, 39.6 ], [ 43.7, 40.1 ] ] ] ] } },
{ "type": "Feature", "properties": { }, "geometry": { "type": "Polygon", "coordinates": [ ] } },
{ "type": "Feature", "properties": { }, "geometry": { "type": "MultiPolygon", "coordinates": [ [ [ [ -156.5, -85.2 ], [ -178.1, -84.4 ], [ -163.9, -84.3 ], [ -165.1, -84.4 ], [ -156.5, -85.2 ] ] ], [ [ [ -178.1, -84.4 ], [ -180.0, -84.4 ], [ -178.4, -84.3 ], [ -178.1, -84.4 ] ] ], [ [ [ -163.8, -82.8 ], [ -161.6, -83.0 ], [ -162.3, -83.1 ], [ -163.8, -82.8 ] ] ], [ [ [ -158.3, -81.9 ], [ -157.8, -82.0 ], [ -158.1, -82.1 ], [ -158.3, -81.9 ] ] ], [ [ [ -162.5, -81.3 ], [ -160.5, -81.6 ], [ -163.3, -81.5 ], [ -162.5, -81.3 ] ] ], [ [ [ -155.7, -79.8 ], [ -153.9, -80.0 ], [ -154.9, -80.0 ], [ -155.7, -79.8 ] ] ], [ [ [ -162.6, -78.7 ], [ -159.0, -79.7 ], [ -160.8, -79.8 ], [ -164.0, -79.4 ], [ -162.6, -78.7 ] ] ], [ [ [ -150.5, -77.4 ], [ -151.5, -77.3 ], [ -151.0, -77.2 ], [ -150.5, -77.4 ] ] ], [ [ [ -149.9, -76.9 ], [ -149.2, -77.1 ], [ -150.5, -77.1 ], [ -149.9, -76.9 ] ] ], [ [ [ -149.0, -77.0 ], [ -149.3, -76.9 ], [ -148.7, -76.9 ], [ -149.0, -77.0 ] ] ], [ [ [ -150.7, -76.8 ], [ -150.9, -76.7 ], [ -150.2, -76.7 ], [ -150.7, -76.8 ] ] ], [ [ [ -146.9, -76.7 ], [ -147.4, -76.6 ], [ -147.1, -76.5 ], [ -146.9, -76.7 ] ] ], [ [ [ -146.9, -76.1 ], [ -146.7, -76.2 ], [ -147.3, -76.1 ], [ -146.9, -76.1 ] ] ], [ [ [ -145.4, -75.6 ], [ -145.2, -75.7 ], [ -146.2, -75.6 ], [ -145.4, -75.6 ] ] ], [ [ [ -127.2, -74.4 ], [ -127.1, -74.5 ], [ -127.5, -74.6 ], [ -127.2, -74.4 ] ] ], [ [ [ -131.8, -74.3 ], [ -131.0, -74.5 ], [ -131.2, -74.6 ], [ -131.8, -74.3 ] ] ], [ [ [ -132.5, -74.5 ], [ -132.9, -74.5 ], [ -132.6, -74.4 ], [ -132.5, -74.5 ] ] ], [ [ [ -122.9, -74.3 ], [ -123.3, -73.8 ], [ -120.3, -74.0 ], [ -122.9, -74.3 ] ] ], [ [ [ -116.7, -74.2 ], [ -117.4, -74.1 ], [ -116.4, -73.9 ], [ -116.7, -74.2 ] ] ], [ [ [ -119.8, -73.8 ], [ -118.9, -73.9 ], [ -119.9, -74.1 ], [ -119.8, -73.8 ] ] ], [ [ [ -123.8, -74.2 ], [ -127.4, -73.4 ], [ -126.3, -73.3 ], [ -123.8, -74.2 ] ] ], [ [ [ -104.5, -73.2 ], [ -105.1, -73.1 ], [ -105.0, -72.9 ], [ -104.5, -73.2 ] ] ], [ [ [ -95.5, -72.2 ], [ -102.3, -72.1 ], [ -98.6, -71.8 ], [ -95.5, -72.2 ] ] ], [ [ [ -64.3, -80.7 ], [ -66.8, -80.3 ], [ -59.3, -80.2 ], [ -64.3, -80.7 ] ] ], [ [ [ -67.8, -79.5 ], [ -65.5, -80.0 ], [ -66.3, -80.1 ], [ -67.8, -79.5 ] ] ], [ [ [ -67.7, -79.2 ], [ -67.1, -79.3 ], [ -68.5, -79.4 ], [ -67.7, -79.2 ] ] ], [ [ [ -70.6, -78.9 ], [ -66.7, -78.4 ], [ -69.7, -79.6 ], [ -71.8, -79.5 ], [ -70.6, -78.9 ] ] ], [ [ [ -73.5, -73.1 ], [ -74.1, -73.3 ], [ -74.0, -73.2 ], [ -73.5, -73.1 ] ] ], [ [ [ -74.6, -73.6 ], [ -76.1, -73.2 ], [ -74.3, -72.9 ], [ -74.6, -73.6 ] ] ], [ [ [ -90.9, -72.6 ], [ -90.8, -72.9 ], [ -91.5, -73.2 ], [ -90.9, -72.6 ] ] ], [ [ [ -94.0, -72.9 ], [ -94.1, -72.9 ], [ -94.0, -72.8 ], [ -94.0, -72.9 ] ] ], [ [ [ -75.0, -70.6 ], [ -73.6, -70.7 ], [ -74.5, -71.0 ], [ -76.3, -71.1 ], [ -75.0, -70.6 ] ] ], [ [ [ -69.2, -72.5 ], [ -75.4, -71.8 ], [ -69.8, -71.1 ], [ -72.0, -69.0 ], [ -69.2, -69.9 ], [ -69.2, -72.5 ] ] ], [ [ [ -71.8, -70.3 ], [ -71.3, -70.3 ], [ -71.6, -70.4 ], [ -71.8, -70.3 ] ] ], [ [ [ -75.7, -70.1 ], [ -75.8, -70.0 ], [ -75.0, -69.7 ], [ -75.7, -70.1 ] ] ], [ [ [ -61.3, -70.0 ], [ -61.4, -69.9 ], [ -61.3, -69.9 ], [ -61.3, -70.0 ] ] ], [ [ [ -72.3, -69.5 ], [ -72.0, -69.7 ], [ -72.8, -69.6 ], [ -72.3, -69.5 ] ] ], [ [ [ -61.8, -69.4 ], [ -61.8, -69.5 ], [ -62.1, -69.7 ], [ -61.8, -69.4 ] ] ], [ [ [ -90.6, -68.7 ], [ -90.5, -68.7 ], [ -90.5, -68.8 ], [ -90.6, -68.7 ] ] ], [ [ [ -67.1, -67.7 ], [ -67.7, -67.7 ], [ -67.6, -67.6 ], [ -67.1, -67.7 ] ] ], [ [ [ -69.1, -67.5 ], [ -67.7, -66.6 ], [ -67.7, -67.1 ], [ -69.1, -67.5 ] ] ], [ [ [ -67.3, -66.8 ], [ -67.6, -66.9 ], [ -67.5, -66.8 ], [ -67.3, -66.8 ] ] ], [ [ [ -65.8, -65.5 ], [ -65.6, -65.5 ], [ -66.2, -65.9 ], [ -65.8, -65.5 ] ] ], [ [ [ -63.3, -64.9 ], [ -63.6, -64.9 ], [ -63.2, -64.7 ], [ -63.3, -64.9 ] ] ], [ [ [ -63.7, -64.8 ], [ -64.3, -64.7 ], [ -63.5, -64.3 ], [ -63.7, -64.8 ] ] ], [ [ [ -62.5, -64.0 ], [ -62.1, -64.1 ], [ -62.2, -64.4 ], [ -62.5, -64.0 ] ] ], [ [ [ -62.0, -64.1 ], [ -61.8, -64.0 ], [ -61.9, -64.1 ], [ -62.0, -64.1 ] ] ], [ [ [ -60.7, -63.9 ], [ -61.0, -63.8 ], [ -60.7, -63.7 ], [ -60.7, -63.9 ] ] ], [ [ [ -30.4, -80.0 ], [ -32.0, -79.7 ], [ -30.8, -79.6 ], [ -30.4, -80.0 ] ] ], [ [ [ -32.3, -79.7 ], [ -32.6, -79.7 ], [ -32.4, -79.5 ], [ -32.3, -79.7 ] ] ], [ [ [ -43.5, -80.2 ], [ -54.4, -80.8 ], [ -49.1, -78.0 ], [ -43.5, -78.9 ], [ -43.5, -80.2 ] ] ], [ [ [ -35.5, -79.1 ], [ -33.9, -79.3 ], [ -36.6, -79.3 ], [ -35.5, -79.1 ] ] ], [ [ [ -21.2, -74.1 ], [ -22.0, -74.1 ], [ -20.6, -73.6 ], [ -21.2, -74.1 ] ] ], [ [ [ -16.3, -72.5 ], [ -16.1, -72.7 ], [ -16.5, -72.7 ], [ -16.3, -72.5 ] ] ], [ [ [ -12.6, -72.1 ], [ -12.5, -72.2 ], [ -12.9, -72.1 ], [ -12.6, -72.1 ] ] ], [ [ [ -3.3, -71.1 ], [ -3.0, -71.2 ], [ -3.3, -71.2 ], [ -3.3, -71.1 ] ] ], [ [ [ -60.6, -71.1 ], [ -60.9, -71.0 ], [ -60.8, -70.9 ], [ -60.6, -71.1 ] ] ], [ [ [ -2.8, -71.2 ], [ -3.6, -70.7 ], [ -2.1, -70.8 ], [ -2.8, -71.2 ] ] ], [ [ [ -60.7, -70.7 ], [ -61.0, -70.6 ], [ -60.9, -70.5 ], [ -60.7, -70.7 ] ] ], [ [ [ -6.2, -70.6 ], [ -6.4, -70.5 ], [ -6.1, -70.4 ], [ -6.2, -70.6 ] ] ], [ [ [ -2.7, -70.5 ], [ -3.5, -70.5 ], [ -3.3, -70.3 ], [ -2.7, -70.5 ] ] ], [ [ [ 1.4, -70.0 ], [ 1.5, -70.1 ], [ 1.2, -70.4 ], [ 1.4, -70.0 ] ] ], [ [ [ -57.3, -64.4 ], [ -56.9, -64.3 ], [ -57.4, -64.5 ], [ -57.3, -64.4 ] ] ], [ [ [ -57.3, -64.4 ], [ -58.4, -64.1 ], [ -57.9, -63.8 ], [ -57.3, -64.4 ] ] ], [ [ [ -57.7, -63.8 ], [ -57.1, -63.8 ], [ -57.2, -63.9 ], [ -57.7, -63.8 ] ] ], [ [ [ -56.0, -63.6 ], [ -56.2, -63.5 ], [ -55.9, -63.4 ], [ -56.0, -63.6 ] ] ], [ [ [ -55.9, -63.4 ], [ -56.4, -63.4 ], [ -56.5, -63.3 ], [ -55.1, -63.3 ], [ -55.9, -63.4 ] ] ], [ [ [ -60.6, -62.9 ], [ -60.5, -63.0 ], [ -60.6, -63.0 ], [ -60.6, -62.9 ] ] ], [ [ [ -61.1, -62.7 ], [ -61.2, -62.6 ], [ -59.8, -62.6 ], [ -61.1, -62.7 ] ] ], [ [ [ -59.5, -62.5 ], [ -59.7, -62.4 ], [ -59.4, -62.4 ], [ -59.5, -62.5 ] ] ], [ [ [ -58.6, -62.2 ], [ -59.0, -62.2 ], [ -58.4, -61.9 ], [ -57.6, -62.0 ], [ -58.6, -62.2 ] ] ], [ [ [ -54.1, -61.3 ], [ -54.2, -61.2 ], [ -54.0, -61.1 ], [ -54.1, -61.3 ] ] ], [ [ [ 167.5, -78.0 ], [ 167.6, -78.1 ], [ 166.3, -78.3 ], [ 167.5, -78.0 ] ] ], [ [ [ 166.7, -77.9 ], [ 166.2, -77.5 ], [ 169.4, -77.5 ], [ 166.7, -77.9 ] ] ], [ [ [ 162.8, -75.7 ], [ 162.6, -75.7 ], [ 162.7, -75.6 ], [ 162.8, -75.7 ] ] ], [ [ [ 164.0, -74.8 ], [ 163.7, -74.7 ], [ 164.2, -74.6 ], [ 164.0, -74.8 ] ] ], [ [ [ -174.2, -82.8 ], [ -159.4, -83.5 ], [ -153.4, -82.6 ], [ -157.0, -81.3 ], [ -148.1, -80.9 ], [ -150.6, -80.4 ], [ -148.1, -79.9 ], [ -158.2, -77.2 ], [ -149.7, -77.8 ], [ -145.7, -77.5 ], [ -145.8, -76.7 ], [ -147.1, -76.5 ], [ -147.3, -76.4 ], [ -145.4, -76.4 ], [ -135.4, -74.7 ], [ -121.5, -74.7 ], [ -115.2, -74.5 ], [ -114.6, -73.9 ], [ -114.1, -75.0 ], [ -101.0, -75.4 ], [ -98.6, -75.2 ], [ -102.8, -73.6 ], [ -98.9, -73.6 ], [ -103.4, -72.8 ], [ -82.2, -73.9 ], [ -80.4, -72.9 ], [ -77.0, -73.8 ], [ -74.6, -73.6 ], [ -68.8, -73.1 ], [ -66.8, -72.1 ], [ -68.7, -69.4 ], [ -67.0, -69.2 ], [ -66.7, -67.6 ], [ -67.5, -67.1 ], [ -57.4, -63.2 ], [ -62.1, -65.3 ], [ -60.6, -66.0 ], [ -61.0, -66.3 ], [ -65.5, -67.4 ], [ -61.0, -71.2 ], [ -62.3, -72.0 ], [ -60.0, -72.9 ], [ -62.0, -73.1 ], [ -60.7, -74.3 ], [ -77.3, -76.7 ], [ -72.9, -77.6 ], [ -74.0, -78.1 ], [ -83.8, -78.5 ], [ -76.2, -79.4 ], [ -79.7, -80.0 ], [ -75.1, -80.9 ], [ -62.4, -81.6 ], [ -66.1, -82.0 ], [ -60.5, -82.2 ], [ -62.7, -82.5 ], [ -59.5, -83.5 ], [ -23.6, -80.0 ], [ -36.3, -78.6 ], [ -18.3, -75.4 ], [ -12.5, -72.2 ], [ -10.3, -70.9 ], [ -0.5, -71.7 ], [ 13.1, -70.1 ], [ 26.5, -71.0 ], [ 33.5, -68.7 ], [ 38.9, -70.2 ], [ 53.7, -65.9 ], [ 57.2, -66.6 ], [ 56.2, -67.3 ], [ 69.6, -67.8 ], [ 69.1, -69.9 ], [ 67.3, -70.3 ], [ 69.3, -70.4 ], [ 67.3, -73.3 ], [ 71.3, -71.6 ], [ 73.3, -69.8 ], [ 84.5, -67.1 ], [ 133.4, -66.1 ], [ 170.4, -71.4 ], [ 168.4, -72.4 ], [ 169.5, -73.1 ], [ 160.9, -75.3 ], [ 164.0, -78.2 ], [ 167.0, -78.7 ], [ 161.7, -78.5 ], [ 158.6, -80.4 ], [ 163.7, -82.2 ], [ 161.3, -82.5 ], [ 179.6, -84.3 ], [ -164.6, -84.1 ], [ -174.2, -82.8 ] ] ], [ [ [ 169.8, -73.3 ], [ 170.0, -73.5 ], [ 169.5, -73.5 ], [ 169.8, -73.3 ] ] ], [ [ [ 68.7, -72.3 ], [ 68.4, -72.3 ], [ 68.7, -72.1 ], [ 68.7, -72.3 ] ] ], [ [ [ 69.8, -72.0 ], [ 69.7, -72.0 ], [ 69.8, -71.9 ], [ 69.8, -72.0 ] ] ], [ [ [ 3.0, -70.6 ], [ 2.6, -70.5 ], [ 3.1, -70.4 ], [ 3.0, -70.6 ] ] ], [ [ [ 71.8, -70.3 ], [ 72.1, -70.6 ], [ 71.7, -70.5 ], [ 71.8, -70.3 ] ] ], [ [ [ 4.6, -70.3 ], [ 4.6, -70.4 ], [ 4.2, -70.5 ], [ 4.6, -70.3 ] ] ], [ [ [ 26.4, -70.1 ], [ 26.9, -70.3 ], [ 26.5, -70.4 ], [ 26.4, -70.1 ] ] ], [ [ [ 15.9, -69.7 ], [ 16.6, -69.8 ], [ 16.2, -70.1 ], [ 15.9, -69.7 ] ] ], [ [ [ 164.9, -67.4 ], [ 164.7, -67.6 ], [ 164.7, -67.3 ], [ 164.9, -67.4 ] ] ], [ [ [ 85.8, -66.8 ], [ 85.9, -66.9 ], [ 85.3, -66.8 ], [ 85.8, -66.8 ] ] ], [ [ [ 163.3, -66.9 ], [ 163.1, -66.7 ], [ 163.2, -66.7 ], [ 163.3, -66.9 ] ] ], [ [ [ 48.8, -66.8 ], [ 48.3, -66.8 ], [ 48.4, -66.7 ], [ 48.8, -66.8 ] ] ], [ [ [ 162.6, -66.4 ], [ 162.6, -66.5 ], [ 162.3, -66.4 ], [ 162.6, -66.4 ] ] ], [ [ [ 96.5, -66.0 ], [ 97.0, -66.1 ], [ 96.9, -66.2 ], [ 96.5, -66.0 ] ] ], [ [ [ 100.9, -65.4 ], [ 101.3, -65.5 ], [ 100.5, -65.7 ], [ 100.9, -65.4 ] ] ], [ [ [ 103.1, -65.2 ], [ 103.4, -65.4 ], [ 103.2, -65.5 ], [ 103.1, -65.2 ] ] ] ] } },
{ "type": "Feature", "properties": { }, "geometry": { "type": "MultiPolygon", "coordinates": [ [ [ [ 146.1, -18.3 ], [ 146.4, -19.0 ], [ 153.1, -25.8 ], [ 153.2, -26.0 ], [ 152.9, -31.4 ], [ 149.9, -37.5 ], [ 146.4, -39.1 ], [ 145.5, -38.2 ], [ 145.3, -38.2 ], [ 145.3, -38.3 ], [ 145.0, -38.5 ], [ 144.7, -38.3 ], [ 144.9, -37.9 ], [ 141.4, -38.4 ], [ 138.1, -34.2 ], [ 137.7, -35.1 ], [ 136.9, -35.2 ], [ 137.9, -33.6 ], [ 137.8, -32.6 ], [ 135.6, -34.9 ], [ 134.2, -32.5 ], [ 131.1, -31.5 ], [ 117.9, -35.1 ], [ 115.0, -34.3 ], [ 115.7, -31.7 ], [ 113.2, -26.2 ], [ 114.2, -26.3 ], [ 114.0, -21.9 ], [ 121.0, -19.6 ], [ 126.1, -14.0 ], [ 129.6, -15.1 ], [ 130.6, -12.4 ], [ 132.7, -12.1 ], [ 132.0, -11.2 ], [ 136.1, -12.4 ], [ 136.9, -12.2 ], [ 136.1, -13.8 ], [ 135.5, -14.9 ], [ 136.8, -15.9 ], [ 137.7, -16.2 ], [ 138.2, -16.7 ], [ 139.0, -16.9 ], [ 140.0, -17.7 ], [ 142.5, -10.7 ], [ 146.1, -18.3 ] ] ], [ [ [ 125.2, -14.6 ], [ 125.1, -14.6 ], [ 125.1, -14.5 ], [ 125.2, -14.6 ] ] ], [ [ [ 136.9, -14.3 ], [ 136.3, -14.2 ], [ 136.6, -13.7 ], [ 136.9, -14.3 ] ] ], [ [ [ 130.0, -11.8 ], [ 130.3, -11.3 ], [ 130.6, -11.8 ], [ 130.0, -11.8 ] ] ], [ [ [ 147.3, -43.3 ], [ 147.4, -43.4 ], [ 147.3, -43.5 ], [ 147.3, -43.3 ] ] ], [ [ [ 148.2, -40.9 ], [ 148.3, -42.2 ], [ 148.0, -42.3 ], [ 148.0, -42.7 ], [ 148.0, -43.2 ], [ 147.3, -42.8 ], [ 146.0, -43.5 ], [ 145.5, -40.9 ], [ 148.2, -40.9 ] ] ], [ [ [ 144.8, -40.5 ], [ 144.7, -40.6 ], [ 144.7, -40.5 ], [ 144.8, -40.5 ] ] ], [ [ [ 144.1, -40.0 ], [ 143.9, -40.1 ], [ 143.8, -39.9 ], [ 144.1, -40.0 ] ] ], [ [ [ 145.5, -38.4 ], [ 145.3, -38.4 ], [ 145.3, -38.3 ], [ 145.5, -38.4 ] ] ], [ [ [ 137.4, -36.1 ], [ 136.5, -35.9 ], [ 137.3, -35.6 ], [ 137.4, -36.1 ] ] ], [ [ [ 146.2, -18.4 ], [ 146.1, -18.3 ], [ 146.3, -18.2 ], [ 146.2, -18.4 ] ] ], [ [ [ 137.1, -15.7 ], [ 137.1, -15.8 ], [ 136.9, -15.7 ], [ 137.1, -15.7 ] ] ], [ [ [ 142.2, -10.8 ], [ 142.1, -10.6 ], [ 142.2, -10.6 ], [ 142.2, -10.8 ] ] ], [ [ [ 142.3, -10.3 ], [ 142.2, -10.2 ], [ 142.3, -10.1 ], [ 142.3, -10.3 ] ] ], [ [ [ 148.2, -40.6 ], [ 148.1, -40.5 ], [ 148.2, -40.5 ], [ 148.2, -40.6 ] ] ], [ [ [ 148.1, -40.5 ], [ 148.0, -40.4 ], [ 148.5, -40.4 ], [ 148.1, -40.5 ] ] ], [ [ [ 148.1, -40.3 ], [ 147.8, -39.9 ], [ 148.0, -39.8 ], [ 148.1, -40.3 ] ] ], [ [ [ 153.1, -24.8 ], [ 153.3, -24.7 ], [ 153.1, -25.8 ], [ 153.1, -24.8 ] ] ], [ [ [ 151.2, -23.7 ], [ 151.1, -23.5 ], [ 151.2, -23.5 ], [ 151.2, -23.7 ] ] ] ] } },
{ "type": "Feature", "properties": { }, "geometry": { "type": "MultiPolygon", "coordinates": [ [ [ [ 69.6, -49.0 ], [ 70.6, -49.2 ], [ 68.8, -49.7 ], [ 69.6, -49.0 ] ] ], [ [ [ 69.2, -48.9 ], [ 69.4, -48.9 ], [ 69.3, -49.0 ], [ 69.2, -48.9 ] ] ] ] } },
{ "type": "Feature", "properties": { }, "geometry": { "type": "Polygon", "coordinates": [ [ [ -61.8, 17.2 ], [ -61.9, 17.0 ], [ -61.9, 17.1 ], [ -61.8, 17.2 ] ] ] } },
{ "type": "Feature", "properties": { }, "geometry": { "type": "Polygon", "coordinates": [ [ [ -61.7, 17.7 ], [ -61.8, 17.6 ], [ -61.9, 17.7 ], [ -61.7, 17.7 ] ] ] } },
{ "type": "Feature", "properties": { }, "geometry": { "type": "Polygon", "coordinates": [ [ [ 17.0, 48.6 ], [ 14.5, 46.4 ], [ 9.5, 47.3 ], [ 15.0, 49.0 ], [ 17.0, 48.6 ] ] ] } },
{ "type": "Feature", "properties": { }, "geometry": { "type": "MultiPolygon", "coordinates": [ [ [ [ 45.1, 39.3 ], [ 44.8, 39.7 ], [ 45.8, 39.5 ], [ 45.1, 39.3 ] ] ], [ [ [ 50.4, 40.3 ], [ 48.6, 38.4 ], [ 45.0, 41.3 ], [ 48.8, 41.6 ], [ 50.4, 40.3 ] ] ] ] } },
{ "type": "Feature", "properties": { }, "geometry": { "type": "Polygon", "coordinates": [ [ [ 29.1, -2.6 ], [ 30.8, -3.3 ], [ 29.4, -4.4 ], [ 29.1, -2.6 ] ] ] } },
{ "type": "Feature", "properties": { }, "geometry": { "type": "Polygon", "coordinates": [ [ [ 5.0, 51.5 ], [ 5.5, 49.5 ], [ 2.5, 51.1 ], [ 5.0, 51.5 ] ] ] } },
{ "type": "Feature", "properties": { }, "geometry": { "type": "Polygon", "coordinates": [ [ [ 3.6, 11.7 ], [ 2.7, 6.4 ], [ 1.6, 6.2 ], [ 0.8, 10.7 ], [ 3.6, 11.7 ] ] ] } },
{ "type": "Feature", "properties": { }, "geometry": { "type": "Polygon", "coordinates": [ [ [ 0.2, 14.9 ], [ 2.0, 11.4 ], [ -2.8, 11.0 ], [ -2.8, 9.4 ], [ -5.5, 10.4 ], [ -4.2, 13.3 ], [ 0.2, 14.9 ] ] ] } },
{ "type": "Feature", "properties": { }, "geometry": { "type": "MultiPolygon", "coordinates": [ [ [ [ 91.2, 22.2 ], [ 91.0, 22.1 ], [ 91.1, 22.5 ], [ 91.2, 22.2 ] ] ], [ [ [ 90.5, 22.8 ], [ 90.6, 22.9 ], [ 90.9, 22.4 ], [ 90.7, 22.3 ], [ 90.5, 22.8 ] ] ], [ [ [ 91.5, 22.6 ], [ 90.6, 23.6 ], [ 89.2, 21.8 ], [ 88.4, 26.6 ], [ 92.5, 24.9 ], [ 91.2, 23.7 ], [ 92.6, 21.5 ], [ 91.5, 22.6 ] ] ] ] } },
{ "type": "Feature", "properties": { }, "geometry": { "type": "Polygon", "coordinates": [ [ [ 28.6, 43.7 ], [ 25.9, 41.3 ], [ 22.3, 42.3 ], [ 22.7, 44.2 ], [ 28.6, 43.7 ] ] ] } },
{ "type": "Feature", "properties": { }, "geometry": { "type": "Polygon", "coordinates": [ [ [ 50.6, 26.2 ], [ 50.5, 26.0 ], [ 50.5, 26.2 ], [ 50.6, 26.2 ] ] ] } },
{ "type": "Feature", "properties": { }, "geometry": { "type": "MultiPolygon", "coordinates": [ [ [ [ -75.8, 23.5 ], [ -76.0, 23.7 ], [ -75.7, 23.5 ], [ -75.8, 23.5 ] ] ], [ [ [ -78.0, 24.2 ], [ -77.5, 23.9 ], [ -77.8, 23.8 ], [ -78.0, 24.2 ] ] ], [ [ [ -75.3, 24.2 ], [ -75.4, 24.3 ], [ -75.7, 24.7 ], [ -75.3, 24.2 ] ] ], [ [ [ -77.7, 24.7 ], [ -78.4, 24.6 ], [ -78.2, 25.2 ], [ -77.7, 24.7 ] ] ], [ [ [ -77.5, 25.0 ], [ -77.3, 25.1 ], [ -77.3, 25.0 ], [ -77.5, 25.0 ] ] ], [ [ [ -76.3, 25.3 ], [ -76.2, 24.6 ], [ -76.7, 25.6 ], [ -76.3, 25.3 ] ] ], [ [ [ -77.1, 26.5 ], [ -77.2, 26.6 ], [ -77.9, 26.9 ], [ -77.1, 26.5 ] ] ], [ [ [ -78.8, 26.6 ], [ -78.7, 26.5 ], [ -79.0, 26.7 ], [ -78.8, 26.6 ] ] ], [ [ [ -73.2, 21.0 ], [ -73.7, 21.1 ], [ -73.0, 21.3 ], [ -73.2, 21.0 ] ] ], [ [ [ -73.0, 21.6 ], [ -73.0, 21.5 ], [ -73.1, 21.5 ], [ -73.0, 21.6 ] ] ], [ [ [ -73.1, 22.5 ], [ -72.8, 22.3 ], [ -73.2, 22.4 ], [ -73.1, 22.5 ] ] ], [ [ [ -74.3, 22.2 ], [ -74.0, 22.7 ], [ -73.8, 22.7 ], [ -74.0, 22.4 ], [ -74.3, 22.2 ] ] ], [ [ [ -74.1, 22.7 ], [ -74.3, 22.8 ], [ -74.0, 22.7 ], [ -74.1, 22.7 ] ] ], [ [ [ -74.8, 22.9 ], [ -75.1, 23.3 ], [ -75.3, 23.7 ], [ -74.8, 22.9 ] ] ], [ [ [ -74.5, 24.1 ], [ -74.4, 24.1 ], [ -74.6, 24.0 ], [ -74.5, 24.1 ] ] ] ] } },
{ "type": "Feature", "properties": { }, "geometry": { "type": "Polygon", "coordinates": [ [ [ 19.0, 44.9 ], [ 18.4, 42.6 ], [ 15.7, 44.8 ], [ 16.9, 45.3 ], [ 19.0, 44.9 ] ] ] } },
{ "type": "Feature", "properties": { }, "geometry": { "type": "Polygon", "coordinates": [ ] } },
{ "type": "Feature", "properties": { }, "geometry": { "type": "Polygon", "coordinates": [ [ [ 28.1, 56.1 ], [ 30.9, 55.6 ], [ 32.7, 53.4 ], [ 31.8, 52.1 ], [ 23.6, 51.5 ], [ 23.5, 53.9 ], [ 28.1, 56.1 ] ] ] } },
{ "type": "Feature", "properties": { }, "geometry": { "type": "MultiPolygon", "coordinates": [ [ [ [ -89.2, 17.9 ], [ -88.3, 18.5 ], [ -88.3, 16.6 ], [ -89.2, 17.9 ] ] ] ] } },
{ "type": "Feature", "properties": { }, "geometry": { "type": "Polygon", "coordinates": [ [ [ -64.7, 32.4 ], [ -64.8, 32.3 ], [ -64.9, 32.3 ], [ -64.7, 32.4 ] ] ] } },
{ "type": "Feature", "properties": { }, "geometry": { "type": "Polygon", "coordinates": [ [ [ -58.2, -20.2 ], [ -61.8, -19.6 ], [ -62.7, -22.2 ], [ -67.9, -22.8 ], [ -69.6, -11.0 ], [ -65.4, -9.7 ], [ -65.0, -12.0 ], [ -58.3, -16.3 ], [ -58.2, -20.2 ] ] ] } },
{ "type": "Feature", "properties": { }, "geometry": { "type": "MultiPolygon", "coordinates": [ [ [ [ -52.9, 2.2 ], [ -51.5, 4.3 ], [ -50.7, 2.1 ], [ -50.5, 1.9 ], [ -49.9, 1.2 ], [ -50.4, 0.6 ], [ -52.7, -1.6 ], [ -51.9, -1.6 ], [ -51.9, -1.5 ], [ -50.9, -0.9 ], [ -50.7, -1.8 ], [ -50.4, -2.0 ], [ -49.3, -1.7 ], [ -49.6, -2.7 ], [ -47.4, -0.6 ], [ -44.7, -1.7 ], [ -44.7, -3.2 ], [ -40.0, -2.9 ], [ -35.5, -5.2 ], [ -34.8, -7.3 ], [ -38.9, -12.8 ], [ -39.0, -13.4 ], [ -39.1, -13.6 ], [ -39.2, -17.7 ], [ -41.0, -22.0 ], [ -44.6, -23.1 ], [ -48.7, -25.4 ], [ -48.8, -28.6 ], [ -53.4, -33.7 ], [ -53.8, -32.1 ], [ -57.6, -30.2 ], [ -53.7, -26.2 ], [ -55.8, -22.4 ], [ -58.0, -22.0 ], [ -58.3, -16.3 ], [ -65.0, -12.0 ], [ -65.4, -9.7 ], [ -70.6, -11.0 ], [ -70.5, -9.4 ], [ -72.2, -10.0 ], [ -74.0, -7.6 ], [ -72.9, -5.1 ], [ -70.0, -4.3 ], [ -69.8, 1.7 ], [ -65.5, 0.7 ], [ -63.4, 2.2 ], [ -64.8, 4.3 ], [ -62.9, 3.6 ], [ -60.2, 5.3 ], [ -59.2, 1.4 ], [ -52.9, 2.2 ] ] ], [ [ [ -51.2, -0.7 ], [ -51.9, -1.5 ], [ -51.7, -1.1 ], [ -51.2, -0.7 ] ] ], [ [ [ -48.8, -1.4 ], [ -50.5, -1.8 ], [ -50.6, -0.3 ], [ -48.8, -1.4 ] ] ], [ [ [ -50.8, -0.1 ], [ -50.7, -0.1 ], [ -50.9, -0.3 ], [ -50.8, -0.1 ] ] ], [ [ [ -49.5, 0.1 ], [ -49.4, 0.0 ], [ -49.8, -0.1 ], [ -49.5, 0.1 ] ] ], [ [ [ -50.3, 0.1 ], [ -49.7, 0.3 ], [ -49.8, 0.0 ], [ -50.3, 0.1 ] ] ], [ [ [ -50.0, 0.6 ], [ -50.3, 0.4 ], [ -50.3, 0.5 ], [ -50.0, 0.6 ] ] ], [ [ [ -50.3, 2.1 ], [ -50.3, 1.9 ], [ -50.5, 1.9 ], [ -50.3, 2.1 ] ] ], [ [ [ -48.5, -26.3 ], [ -48.6, -26.4 ], [ -48.7, -26.3 ], [ -48.5, -26.3 ] ] ], [ [ [ -45.3, -23.7 ], [ -45.2, -23.8 ], [ -45.3, -23.9 ], [ -45.3, -23.7 ] ] ], [ [ [ -44.2, -23.1 ], [ -44.1, -23.2 ], [ -44.2, -23.2 ], [ -44.2, -23.1 ] ] ], [ [ [ -39.0, -13.4 ], [ -38.9, -13.4 ], [ -38.9, -13.5 ], [ -39.0, -13.4 ] ] ], [ [ [ -44.5, -2.9 ], [ -44.6, -3.0 ], [ -44.6, -2.8 ], [ -44.5, -2.9 ] ] ], [ [ [ -45.0, -1.3 ], [ -44.9, -1.3 ], [ -45.0, -1.4 ], [ -45.0, -1.3 ] ] ] ] } },
{ "type": "Feature", "properties": { }, "geometry": { "type": "Polygon", "coordinates": [ [ [ -59.4, 13.2 ], [ -59.6, 13.1 ], [ -59.6, 13.3 ], [ -59.4, 13.2 ] ] ] } },
{ "type": "Feature", "properties": { }, "geometry": { "type": "MultiPolygon", "coordinates": [ [ [ [ 115.0, 5.0 ], [ 114.7, 4.0 ], [ 114.1, 4.6 ], [ 115.0, 5.0 ] ] ], [ [ [ 115.1, 4.6 ], [ 115.3, 4.6 ], [ 115.3, 4.4 ], [ 115.1, 4.6 ] ] ] ] } },
{ "type": "Feature", "properties": { }, "geometry": { "type": "Polygon", "coordinates": [ [ [ 90.0, 28.3 ], [ 92.0, 26.9 ], [ 88.7, 27.2 ], [ 90.0, 28.3 ] ] ] } },
{ "type": "Feature", "properties": { }, "geometry": { "type": "Polygon", "coordinates": [ [ [ 25.3, -17.8 ], [ 29.4, -22.2 ], [ 25.4, -25.7 ], [ 20.7, -26.8 ], [ 21.0, -18.3 ], [ 25.3, -17.8 ] ] ] } },
{ "type": "Feature", "properties": { }, "geometry": { "type": "Polygon", "coordinates": [ [ [ 22.9, 10.9 ], [ 27.4, 5.1 ], [ 19.5, 5.1 ], [ 16.2, 2.3 ], [ 14.6, 5.3 ], [ 15.2, 7.3 ], [ 22.9, 10.9 ] ] ] } },
{ "type": "Feature", "properties": { }, "geometry": { "type": "MultiPolygon", "coordinates": [ [ [ [ -123.5, 48.9 ], [ -123.7, 49.1 ], [ -123.4, 48.9 ], [ -123.5, 48.9 ] ] ], [ [ [ -124.8, 49.5 ], [ -123.9, 49.1 ], [ -123.6, 48.9 ], [ -123.3, 48.4 ], [ -128.3, 50.7 ], [ -124.8, 49.5 ] ] ], [ [ [ -124.4, 49.7 ], [ -124.1, 49.5 ], [ -124.5, 49.6 ], [ -124.4, 49.7 ] ] ], [ [ [ -126.7, 49.8 ], [ -126.6, 49.6 ], [ -126.8, 49.6 ], [ -126.7, 49.8 ] ] ], [ [ [ -124.9, 50.1 ], [ -125.0, 50.0 ], [ -125.0, 50.2 ], [ -124.9, 50.1 ] ] ], [ [ [ -125.1, 50.2 ], [ -125.2, 50.0 ], [ -125.4, 50.3 ], [ -125.1, 50.2 ] ] ], [ [ [ -128.0, 51.7 ], [ -127.9, 51.5 ], [ -128.1, 51.5 ], [ -128.0, 51.7 ] ] ], [ [ [ -128.2, 52.7 ], [ -128.4, 52.4 ], [ -128.4, 52.7 ], [ -128.2, 52.7 ] ] ], [ [ [ -128.9, 52.6 ], [ -129.0, 52.5 ], [ -129.3, 52.7 ], [ -128.9, 52.6 ] ] ], [ [ [ -131.5, 52.7 ], [ -131.1, 52.2 ], [ -132.5, 53.1 ], [ -131.5, 52.7 ] ] ], [ [ [ -129.2, 53.0 ], [ -129.0, 53.3 ], [ -128.6, 52.9 ], [ -129.2, 53.0 ] ] ], [ [ [ -129.2, 53.3 ], [ -129.2, 53.1 ], [ -129.3, 53.1 ], [ -129.2, 53.3 ] ] ], [ [ [ -129.9, 53.4 ], [ -129.8, 53.2 ], [ -130.5, 53.5 ], [ -129.9, 53.4 ] ] ], [ [ [ -131.7, 54.1 ], [ -132.5, 53.2 ], [ -133.1, 54.0 ], [ -131.7, 54.1 ] ] ], [ [ [ -130.4, 54.1 ], [ -130.2, 54.0 ], [ -130.4, 53.8 ], [ -130.4, 54.1 ] ] ], [ [ [ -130.8, 54.5 ], [ -131.0, 54.5 ], [ -130.9, 54.6 ], [ -130.8, 54.5 ] ] ], [ [ [ -108.1, 67.0 ], [ -107.8, 67.0 ], [ -107.9, 66.9 ], [ -108.1, 67.0 ] ] ], [ [ [ -108.0, 67.6 ], [ -108.0, 67.3 ], [ -108.2, 67.4 ], [ -108.0, 67.6 ] ] ], [ [ [ -139.1, 69.5 ], [ -139.3, 69.6 ], [ -138.9, 69.6 ], [ -139.1, 69.5 ] ] ], [ [ [ -107.8, 71.6 ], [ -108.2, 73.1 ], [ -106.5, 73.2 ], [ -100.9, 69.8 ], [ -113.0, 68.5 ], [ -117.2, 70.1 ], [ -111.6, 70.3 ], [ -119.0, 71.8 ], [ -107.8, 71.6 ] ] ], [ [ [ -115.4, 73.5 ], [ -122.8, 71.1 ], [ -125.8, 72.0 ], [ -123.8, 73.8 ], [ -124.7, 74.3 ], [ -115.4, 73.5 ] ] ], [ [ [ -105.5, 75.7 ], [ -112.5, 74.4 ], [ -114.4, 74.7 ], [ -111.0, 75.2 ], [ -117.6, 75.3 ], [ -115.0, 76.5 ], [ -105.5, 75.7 ] ] ], [ [ [ -117.8, 76.1 ], [ -117.5, 76.1 ], [ -118.3, 75.6 ], [ -117.8, 76.1 ] ] ], [ [ [ -119.9, 75.9 ], [ -120.9, 75.9 ], [ -122.9, 76.1 ], [ -115.5, 77.3 ], [ -119.9, 75.9 ] ] ], [ [ [ -113.5, 76.8 ], [ -114.8, 76.8 ], [ -114.4, 76.9 ], [ -113.5, 76.8 ] ] ], [ [ [ -110.1, 77.6 ], [ -113.3, 77.8 ], [ -109.6, 78.1 ], [ -110.1, 77.6 ] ] ], [ [ [ -114.3, 78.1 ], [ -113.6, 77.8 ], [ -115.0, 78.0 ], [ -114.3, 78.1 ] ] ], [ [ [ -109.7, 78.3 ], [ -113.3, 78.3 ], [ -110.6, 78.8 ], [ -109.7, 78.3 ] ] ], [ [ [ -82.7, 41.7 ], [ -82.6, 45.3 ], [ -88.4, 48.3 ], [ -123.1, 49.0 ], [ -124.9, 50.9 ], [ -127.7, 51.2 ], [ -126.7, 51.7 ], [ -127.9, 51.7 ], [ -126.7, 52.1 ], [ -127.0, 52.8 ], [ -128.1, 51.8 ], [ -128.1, 52.9 ], [ -129.2, 53.5 ], [ -128.5, 53.9 ], [ -130.3, 53.7 ], [ -129.6, 54.2 ], [ -130.1, 56.1 ], [ -135.1, 59.6 ], [ -141.0, 60.3 ], [ -141.0, 69.7 ], [ -135.3, 68.7 ], [ -135.9, 69.1 ], [ -129.5, 70.1 ], [ -128.0, 70.6 ], [ -110.1, 68.0 ], [ -107.3, 66.4 ], [ -108.0, 67.8 ], [ -105.8, 68.6 ], [ -108.7, 68.3 ], [ -106.2, 68.9 ], [ -104.5, 68.1 ], [ -102.3, 67.7 ], [ -96.0, 68.2 ], [ -96.4, 67.1 ], [ -95.8, 66.6 ], [ -93.4, 68.6 ], [ -96.6, 70.2 ], [ -94.9, 72.0 ], [ -90.2, 68.3 ], [ -88.0, 68.8 ], [ -87.4, 67.2 ], [ -86.6, 67.7 ], [ -84.9, 68.8 ], [ -85.5, 69.8 ], [ -82.6, 69.7 ], [ -81.5, 67.1 ], [ -86.7, 66.5 ], [ -87.3, 65.4 ], [ -89.7, 65.9 ], [ -91.4, 65.9 ], [ -87.0, 65.2 ], [ -88.7, 64.0 ], [ -93.7, 64.1 ], [ -90.7, 63.1 ], [ -93.2, 62.4 ], [ -94.8, 60.5 ], [ -94.3, 58.3 ], [ -82.4, 55.1 ], [ -82.3, 53.0 ], [ -81.8, 52.2 ], [ -79.3, 50.8 ], [ -78.4, 52.3 ], [ -79.7, 54.7 ], [ -76.5, 56.5 ], [ -78.5, 58.6 ], [ -77.3, 60.0 ], [ -78.1, 62.3 ], [ -73.7, 62.5 ], [ -69.5, 61.0 ], [ -70.7, 60.0 ], [ -70.2, 58.8 ], [ -68.4, 58.7 ], [ -69.0, 57.9 ], [ -64.5, 60.3 ], [ -60.6, 55.1 ], [ -57.4, 54.6 ], [ -60.4, 53.7 ], [ -60.3, 53.3 ], [ -55.8, 53.2 ], [ -60.1, 50.3 ], [ -66.5, 50.2 ], [ -71.0, 48.5 ], [ -69.8, 48.1 ], [ -82.7, 41.7 ] ], [ [ -132.7, 69.3 ], [ -133.4, 68.8 ], [ -133.2, 68.7 ], [ -129.5, 70.1 ], [ -132.7, 69.3 ] ] ], [ [ [ -93.1, 61.8 ], [ -93.2, 61.9 ], [ -93.0, 61.9 ], [ -93.1, 61.8 ] ] ], [ [ [ -104.6, 68.6 ], [ -104.4, 68.4 ], [ -104.7, 68.4 ], [ -104.6, 68.6 ] ] ], [ [ [ -101.8, 68.8 ], [ -101.7, 68.7 ], [ -102.3, 68.7 ], [ -101.8, 68.8 ] ] ], [ [ [ -100.6, 69.0 ], [ -100.2, 68.9 ], [ -100.4, 68.7 ], [ -100.6, 69.0 ] ] ], [ [ [ -100.0, 69.1 ], [ -100.0, 69.0 ], [ -100.2, 69.0 ], [ -100.0, 69.1 ] ] ], [ [ [ -95.3, 68.8 ], [ -99.6, 69.0 ], [ -98.1, 69.8 ], [ -95.3, 68.8 ] ] ], [ [ [ -90.6, 69.4 ], [ -90.5, 69.2 ], [ -90.8, 69.3 ], [ -90.6, 69.4 ] ] ], [ [ [ -95.9, 69.6 ], [ -95.4, 69.5 ], [ -95.4, 69.4 ], [ -95.9, 69.6 ] ] ], [ [ [ -101.4, 69.6 ], [ -101.0, 69.5 ], [ -101.3, 69.4 ], [ -101.4, 69.6 ] ] ], [ [ [ -100.3, 70.6 ], [ -100.3, 70.5 ], [ -100.6, 70.5 ], [ -100.3, 70.6 ] ] ], [ [ [ -96.6, 71.8 ], [ -102.7, 72.8 ], [ -99.8, 73.2 ], [ -100.9, 73.8 ], [ -100.0, 73.9 ], [ -99.2, 73.7 ], [ -96.6, 71.8 ] ] ], [ [ [ -96.6, 73.1 ], [ -96.6, 73.0 ], [ -97.1, 73.0 ], [ -96.6, 73.1 ] ] ], [ [ [ -94.1, 72.0 ], [ -95.6, 72.9 ], [ -95.0, 74.0 ], [ -91.1, 74.0 ], [ -94.1, 72.0 ] ] ], [ [ [ -106.9, 73.5 ], [ -104.6, 73.5 ], [ -105.3, 72.9 ], [ -106.9, 73.5 ] ] ], [ [ [ -98.8, 74.0 ], [ -97.7, 74.1 ], [ -98.3, 73.9 ], [ -98.8, 74.0 ] ] ], [ [ [ -95.5, 74.6 ], [ -95.3, 74.5 ], [ -95.9, 74.6 ], [ -95.5, 74.6 ] ] ], [ [ [ -94.7, 74.6 ], [ -96.6, 75.1 ], [ -94.6, 75.6 ], [ -93.5, 74.7 ], [ -94.7, 74.6 ] ] ], [ [ [ -104.1, 75.4 ], [ -103.6, 75.2 ], [ -104.3, 75.0 ], [ -104.1, 75.4 ] ] ], [ [ [ -98.0, 75.0 ], [ -102.8, 75.6 ], [ -102.0, 75.9 ], [ -100.4, 76.6 ], [ -97.5, 76.2 ], [ -98.0, 75.0 ] ] ], [ [ [ -94.5, 76.0 ], [ -94.3, 75.8 ], [ -94.8, 75.8 ], [ -94.5, 76.0 ] ] ], [ [ [ -104.3, 76.3 ], [ -104.6, 76.6 ], [ -104.1, 76.7 ], [ -103.1, 76.4 ], [ -104.3, 76.3 ] ] ], [ [ [ -100.3, 76.7 ], [ -101.6, 76.6 ], [ -101.2, 76.7 ], [ -100.3, 76.7 ] ] ], [ [ [ -90.2, 77.6 ], [ -89.7, 77.3 ], [ -90.2, 77.2 ], [ -90.2, 77.6 ] ] ], [ [ [ -106.1, 77.7 ], [ -104.5, 77.2 ], [ -105.2, 77.2 ], [ -106.1, 77.7 ] ] ], [ [ [ -93.8, 77.5 ], [ -96.3, 77.6 ], [ -95.5, 77.8 ], [ -93.8, 77.5 ] ] ], [ [ [ -101.6, 77.9 ], [ -101.0, 77.7 ], [ -102.1, 77.7 ], [ -101.6, 77.9 ] ] ], [ [ [ -97.0, 77.8 ], [ -98.3, 78.8 ], [ -96.6, 78.7 ], [ -95.0, 78.3 ], [ -97.0, 77.8 ] ] ], [ [ [ -100.0, 78.7 ], [ -99.0, 78.0 ], [ -105.6, 79.1 ], [ -100.0, 78.7 ] ] ], [ [ [ -85.0, 79.3 ], [ -91.4, 78.2 ], [ -94.2, 79.0 ], [ -91.3, 79.4 ], [ -96.8, 80.1 ], [ -94.1, 81.3 ], [ -85.0, 79.3 ] ] ], [ [ [ -100.1, 79.9 ], [ -100.1, 80.0 ], [ -98.8, 80.0 ], [ -100.1, 79.9 ] ] ], [ [ [ -79.4, 51.9 ], [ -79.6, 52.0 ], [ -79.3, 52.1 ], [ -79.4, 51.9 ] ] ], [ [ [ -81.1, 53.2 ], [ -80.7, 52.8 ], [ -81.0, 52.8 ], [ -81.1, 53.2 ] ] ], [ [ [ -79.9, 53.3 ], [ -80.1, 53.3 ], [ -80.0, 53.4 ], [ -79.9, 53.3 ] ] ], [ [ [ -79.5, 55.9 ], [ -80.0, 55.9 ], [ -79.3, 56.6 ], [ -79.5, 55.9 ] ] ], [ [ [ -78.7, 56.3 ], [ -78.9, 56.1 ], [ -78.8, 56.3 ], [ -78.7, 56.3 ] ] ], [ [ [ -79.6, 56.5 ], [ -80.1, 56.2 ], [ -80.1, 56.3 ], [ -79.6, 56.5 ] ] ], [ [ [ -79.5, 56.7 ], [ -79.6, 56.6 ], [ -79.6, 56.8 ], [ -79.5, 56.7 ] ] ], [ [ [ -79.8, 61.6 ], [ -80.3, 61.9 ], [ -79.9, 62.4 ], [ -79.8, 61.6 ] ] ], [ [ [ -83.7, 62.2 ], [ -83.9, 62.4 ], [ -82.0, 62.9 ], [ -83.7, 62.2 ] ] ], [ [ [ -77.9, 63.1 ], [ -78.5, 63.4 ], [ -77.7, 63.4 ], [ -77.9, 63.1 ] ] ], [ [ [ -76.8, 63.4 ], [ -77.4, 63.6 ], [ -77.1, 63.7 ], [ -76.8, 63.4 ] ] ], [ [ [ -81.9, 64.0 ], [ -80.3, 63.8 ], [ -87.2, 63.6 ], [ -85.8, 65.8 ], [ -81.9, 64.0 ] ] ], [ [ [ -84.9, 66.0 ], [ -84.6, 65.6 ], [ -84.8, 65.6 ], [ -84.9, 66.0 ] ] ], [ [ [ -84.1, 65.8 ], [ -84.5, 66.1 ], [ -83.8, 66.0 ], [ -84.1, 65.8 ] ] ], [ [ [ -83.2, 66.3 ], [ -82.9, 66.3 ], [ -83.1, 66.2 ], [ -83.2, 66.3 ] ] ], [ [ [ -75.8, 67.3 ], [ -77.3, 67.7 ], [ -76.4, 68.3 ], [ -75.8, 67.3 ] ] ], [ [ [ -84.8, 71.0 ], [ -84.7, 71.6 ], [ -85.9, 72.0 ], [ -84.3, 72.1 ], [ -85.6, 72.8 ], [ -84.3, 72.8 ], [ -85.5, 73.1 ], [ -81.6, 73.7 ], [ -80.9, 71.9 ], [ -71.6, 71.5 ], [ -72.6, 70.8 ], [ -68.5, 70.6 ], [ -70.1, 70.0 ], [ -67.9, 70.3 ], [ -69.3, 69.5 ], [ -66.7, 69.3 ], [ -69.3, 68.9 ], [ -63.7, 66.8 ], [ -61.3, 66.6 ], [ -63.6, 64.9 ], [ -65.4, 65.8 ], [ -64.4, 66.3 ], [ -68.7, 66.2 ], [ -64.4, 63.7 ], [ -65.1, 62.6 ], [ -68.9, 63.8 ], [ -66.0, 62.2 ], [ -68.5, 62.3 ], [ -73.3, 64.6 ], [ -78.2, 64.6 ], [ -73.6, 65.5 ], [ -74.4, 66.2 ], [ -72.2, 67.3 ], [ -73.9, 68.7 ], [ -79.1, 70.6 ], [ -87.9, 70.3 ], [ -89.5, 71.1 ], [ -87.1, 71.0 ], [ -90.0, 71.9 ], [ -85.1, 73.8 ], [ -86.7, 72.8 ], [ -86.2, 71.9 ], [ -85.0, 71.4 ], [ -86.6, 71.0 ], [ -84.8, 71.0 ] ] ], [ [ [ -86.6, 68.3 ], [ -86.4, 67.9 ], [ -86.6, 67.7 ], [ -86.6, 68.3 ] ] ], [ [ [ -79.1, 68.2 ], [ -79.2, 68.2 ], [ -79.2, 68.3 ], [ -79.1, 68.2 ] ] ], [ [ [ -75.0, 68.6 ], [ -74.8, 68.4 ], [ -75.3, 68.5 ], [ -75.0, 68.6 ] ] ], [ [ [ -78.6, 69.4 ], [ -78.2, 69.3 ], [ -78.9, 68.9 ], [ -78.6, 69.4 ] ] ], [ [ [ -77.2, 69.4 ], [ -76.7, 69.4 ], [ -77.1, 69.1 ], [ -77.2, 69.4 ] ] ], [ [ [ -80.0, 69.5 ], [ -80.8, 69.7 ], [ -79.4, 69.7 ], [ -80.0, 69.5 ] ] ], [ [ [ -87.2, 70.0 ], [ -87.3, 70.1 ], [ -86.6, 70.1 ], [ -87.2, 70.0 ] ] ], [ [ [ -76.1, 72.9 ], [ -80.9, 73.7 ], [ -78.1, 73.6 ], [ -76.1, 72.9 ] ] ], [ [ [ -88.9, 75.5 ], [ -79.4, 74.9 ], [ -91.5, 74.7 ], [ -93.1, 76.4 ], [ -96.9, 76.8 ], [ -93.2, 76.8 ], [ -88.9, 75.5 ] ] ], [ [ [ -79.0, 76.1 ], [ -78.8, 76.1 ], [ -79.1, 75.9 ], [ -79.0, 76.1 ] ] ], [ [ [ -90.6, 76.8 ], [ -89.7, 76.7 ], [ -89.8, 76.5 ], [ -90.6, 76.8 ] ] ], [ [ [ -68.5, 82.7 ], [ -61.2, 82.3 ], [ -78.6, 79.1 ], [ -74.4, 78.7 ], [ -82.1, 77.3 ], [ -78.0, 76.9 ], [ -80.7, 76.2 ], [ -89.6, 76.5 ], [ -86.8, 77.2 ], [ -88.0, 77.8 ], [ -84.5, 77.4 ], [ -83.6, 77.4 ], [ -82.6, 78.0 ], [ -86.8, 78.8 ], [ -83.3, 78.8 ], [ -81.8, 79.0 ], [ -86.5, 80.3 ], [ -80.5, 79.6 ], [ -83.0, 80.3 ], [ -76.9, 80.9 ], [ -78.7, 81.0 ], [ -76.9, 81.4 ], [ -85.1, 80.5 ], [ -86.6, 80.6 ], [ -83.3, 81.1 ], [ -91.7, 81.6 ], [ -66.6, 82.9 ], [ -68.5, 82.7 ] ] ], [ [ [ -66.3, 44.4 ], [ -66.2, 44.4 ], [ -66.3, 44.3 ], [ -66.3, 44.4 ] ] ], [ [ [ -61.0, 45.5 ], [ -61.1, 45.6 ], [ -60.9, 45.6 ], [ -61.0, 45.5 ] ] ], [ [ [ -73.6, 45.5 ], [ -74.0, 45.4 ], [ -73.7, 45.6 ], [ -73.6, 45.5 ] ] ], [ [ [ -73.7, 45.6 ], [ -73.9, 45.6 ], [ -73.7, 45.7 ], [ -73.7, 45.6 ] ] ], [ [ [ -59.8, 46.0 ], [ -61.4, 45.7 ], [ -60.4, 47.0 ], [ -61.0, 45.9 ], [ -59.8, 46.0 ] ] ], [ [ [ -69.2, 47.5 ], [ -70.9, 45.3 ], [ -74.7, 45.0 ], [ -73.6, 45.4 ], [ -69.2, 47.5 ] ] ], [ [ [ -65.5, 49.3 ], [ -64.3, 48.6 ], [ -66.7, 48.0 ], [ -64.7, 47.7 ], [ -64.5, 46.2 ], [ -61.0, 45.3 ], [ -65.7, 43.5 ], [ -66.0, 44.6 ], [ -63.4, 45.4 ], [ -67.3, 45.2 ], [ -69.2, 47.5 ], [ -65.5, 49.3 ] ] ], [ [ [ -63.1, 46.4 ], [ -62.0, 46.4 ], [ -62.8, 46.0 ], [ -64.4, 46.7 ], [ -63.1, 46.4 ] ] ], [ [ [ -64.6, 47.9 ], [ -64.7, 47.8 ], [ -64.7, 47.9 ], [ -64.6, 47.9 ] ] ], [ [ [ -64.6, 47.9 ], [ -64.5, 48.0 ], [ -64.5, 47.9 ], [ -64.6, 47.9 ] ] ], [ [ [ -56.8, 49.6 ], [ -53.6, 49.3 ], [ -53.1, 46.7 ], [ -54.2, 47.9 ], [ -59.3, 47.6 ], [ -56.0, 51.2 ], [ -56.8, 49.6 ] ] ], [ [ [ -64.5, 49.9 ], [ -61.7, 49.1 ], [ -62.8, 49.2 ], [ -64.5, 49.9 ] ] ], [ [ [ -54.1, 49.7 ], [ -54.0, 49.7 ], [ -54.3, 49.6 ], [ -54.1, 49.7 ] ] ], [ [ [ -55.4, 51.9 ], [ -55.3, 52.0 ], [ -55.3, 51.9 ], [ -55.4, 51.9 ] ] ], [ [ [ -61.0, 56.1 ], [ -61.0, 56.0 ], [ -61.2, 56.0 ], [ -61.0, 56.1 ] ] ], [ [ [ -61.7, 57.5 ], [ -61.6, 57.4 ], [ -62.0, 57.5 ], [ -61.7, 57.5 ] ] ], [ [ [ -64.4, 60.4 ], [ -64.4, 60.3 ], [ -64.5, 60.3 ], [ -64.8, 60.4 ], [ -64.4, 60.4 ] ] ], [ [ [ -67.8, 60.4 ], [ -68.4, 60.3 ], [ -68.3, 60.4 ], [ -67.8, 60.4 ] ] ], [ [ [ -65.0, 61.7 ], [ -64.7, 61.6 ], [ -64.9, 61.4 ], [ -65.0, 61.7 ] ] ], [ [ [ -65.2, 61.8 ], [ -65.2, 61.9 ], [ -65.1, 61.9 ], [ -65.2, 61.8 ] ] ], [ [ [ -64.9, 62.4 ], [ -65.0, 62.5 ], [ -64.4, 62.5 ], [ -64.9, 62.4 ] ] ], [ [ [ -71.2, 62.9 ], [ -70.3, 62.6 ], [ -70.7, 62.6 ], [ -71.2, 62.9 ] ] ], [ [ [ -73.5, 68.0 ], [ -73.4, 67.8 ], [ -74.5, 67.8 ], [ -73.5, 68.0 ] ] ], [ [ [ -67.9, 69.5 ], [ -68.2, 69.6 ], [ -67.9, 69.7 ], [ -67.9, 69.5 ] ] ] ] } },
{ "type": "Feature", "properties": { }, "geometry": { "type": "Polygon", "coordinates": [ [ [ 7.1, 47.5 ], [ 10.1, 46.2 ], [ 6.0, 46.2 ], [ 7.1, 47.5 ] ] ] } },
{ "type": "Feature", "properties": { }, "geometry": { "type": "MultiPolygon", "coordinates": [ [ [ [ -74.9, -52.3 ], [ -75.1, -51.8 ], [ -74.8, -51.6 ], [ -74.9, -52.3 ] ] ], [ [ [ -74.5, -51.7 ], [ -74.1, -51.9 ], [ -74.3, -51.9 ], [ -74.5, -51.7 ] ] ], [ [ [ -75.0, -51.4 ], [ -75.3, -51.6 ], [ -75.2, -51.3 ], [ -75.0, -51.4 ] ] ], [ [ [ -75.4, -50.5 ], [ -75.1, -50.5 ], [ -75.3, -50.8 ], [ -75.4, -50.5 ] ] ], [ [ [ -75.3, -50.0 ], [ -74.8, -50.2 ], [ -75.3, -50.4 ], [ -75.3, -50.0 ] ] ], [ [ [ -74.7, -50.0 ], [ -75.6, -49.7 ], [ -74.8, -48.7 ], [ -74.7, -50.0 ] ] ], [ [ [ -75.6, -48.9 ], [ -75.1, -48.8 ], [ -75.3, -49.1 ], [ -75.6, -48.9 ] ] ], [ [ [ -75.2, -48.6 ], [ -75.6, -48.8 ], [ -75.5, -48.3 ], [ -75.2, -48.6 ] ] ], [ [ [ -75.2, -48.0 ], [ -74.8, -47.9 ], [ -74.6, -48.6 ], [ -75.2, -48.0 ] ] ], [ [ [ -74.9, -47.8 ], [ -75.2, -47.9 ], [ -75.3, -47.8 ], [ -74.9, -47.8 ] ] ], [ [ [ -74.5, -45.3 ], [ -74.3, -45.2 ], [ -74.2, -45.7 ], [ -74.5, -45.3 ] ] ], [ [ [ -73.7, -45.1 ], [ -73.8, -45.3 ], [ -74.6, -44.6 ], [ -73.7, -45.1 ] ] ], [ [ [ -78.8, -33.6 ], [ -79.0, -33.7 ], [ -79.0, -33.6 ], [ -78.8, -33.6 ] ] ], [ [ [ -109.3, -27.1 ], [ -109.4, -27.2 ], [ -109.4, -27.1 ], [ -109.3, -27.1 ] ] ], [ [ [ -67.8, -55.8 ], [ -67.5, -55.8 ], [ -67.6, -55.9 ], [ -67.8, -55.8 ] ] ], [ [ [ -68.0, -55.6 ], [ -70.0, -55.1 ], [ -69.9, -54.9 ], [ -68.0, -55.6 ] ] ], [ [ [ -68.1, -55.2 ], [ -68.3, -55.0 ], [ -67.1, -55.1 ], [ -68.1, -55.2 ] ] ], [ [ [ -70.3, -55.1 ], [ -71.4, -54.9 ], [ -71.2, -54.8 ], [ -70.3, -55.1 ] ] ], [ [ [ -71.9, -54.3 ], [ -72.2, -54.0 ], [ -71.7, -53.9 ], [ -71.9, -54.3 ] ] ], [ [ [ -72.9, -54.1 ], [ -73.8, -53.5 ], [ -73.1, -53.4 ], [ -72.9, -54.1 ] ] ], [ [ [ -68.7, -54.9 ], [ -71.9, -54.5 ], [ -69.0, -54.4 ], [ -70.5, -53.2 ], [ -69.5, -52.5 ], [ -68.7, -54.9 ] ] ], [ [ [ -73.1, -53.4 ], [ -74.3, -53.1 ], [ -74.7, -52.7 ], [ -73.1, -53.4 ] ] ], [ [ [ -73.7, -44.5 ], [ -73.6, -44.8 ], [ -73.7, -44.8 ], [ -73.7, -44.5 ] ] ], [ [ [ -73.2, -44.3 ], [ -72.8, -44.5 ], [ -73.2, -44.9 ], [ -73.2, -44.3 ] ] ], [ [ [ -74.1, -43.9 ], [ -74.1, -43.8 ], [ -73.8, -43.8 ], [ -74.1, -43.9 ] ] ], [ [ [ -74.1, -41.8 ], [ -73.5, -41.9 ], [ -73.4, -42.9 ], [ -74.1, -41.8 ] ] ], [ [ [ -70.5, -31.1 ], [ -69.9, -34.2 ], [ -72.1, -42.6 ], [ -71.2, -44.6 ], [ -73.6, -49.6 ], [ -72.0, -52.0 ], [ -70.0, -52.0 ], [ -69.2, -52.2 ], [ -70.8, -52.8 ], [ -71.3, -53.9 ], [ -72.4, -53.4 ], [ -71.2, -52.8 ], [ -73.1, -53.2 ], [ -71.5, -52.6 ], [ -74.0, -52.6 ], [ -72.5, -52.3 ], [ -75.1, -50.7 ], [ -73.8, -50.9 ], [ -74.6, -48.0 ], [ -73.4, -48.1 ], [ -75.7, -46.7 ], [ -74.2, -45.7 ], [ -73.8, -45.3 ], [ -73.2, -44.9 ], [ -72.7, -44.6 ], [ -73.7, -37.3 ], [ -71.5, -32.7 ], [ -69.5, -17.5 ], [ -67.3, -24.0 ], [ -70.5, -31.1 ] ] ] ] } },
{ "type": "Feature", "properties": { }, "geometry": { "type": "MultiPolygon", "coordinates": [ [ [ [ 109.7, 18.2 ], [ 108.7, 18.5 ], [ 109.3, 19.9 ], [ 111.0, 19.7 ], [ 109.7, 18.2 ] ] ], [ [ [ 110.5, 21.0 ], [ 110.3, 21.0 ], [ 110.4, 21.1 ], [ 110.5, 21.0 ] ] ], [ [ [ 112.6, 21.6 ], [ 112.5, 21.6 ], [ 112.6, 21.7 ], [ 112.6, 21.6 ] ] ], [ [ [ 112.8, 21.8 ], [ 112.9, 21.8 ], [ 112.8, 21.6 ], [ 112.8, 21.8 ] ] ], [ [ [ 110.4, 21.3 ], [ 110.2, 20.9 ], [ 110.5, 20.5 ], [ 110.1, 20.3 ], [ 105.3, 23.3 ], [ 100.1, 21.5 ], [ 98.8, 24.1 ], [ 97.6, 23.9 ], [ 97.9, 28.4 ], [ 94.6, 29.3 ], [ 88.9, 27.3 ], [ 81.1, 30.0 ], [ 78.8, 31.3 ], [ 79.0, 34.3 ], [ 74.4, 37.1 ], [ 73.6, 39.4 ], [ 80.2, 42.0 ], [ 79.9, 44.9 ], [ 82.5, 45.1 ], [ 83.0, 47.2 ], [ 85.5, 47.1 ], [ 86.9, 49.1 ], [ 90.3, 47.7 ], [ 90.9, 45.2 ], [ 96.4, 42.7 ], [ 105.0, 41.6 ], [ 110.4, 42.8 ], [ 111.9, 45.1 ], [ 119.9, 46.7 ], [ 115.5, 48.1 ], [ 119.3, 50.1 ], [ 121.0, 53.3 ], [ 125.6, 53.0 ], [ 131.0, 47.7 ], [ 134.7, 48.3 ], [ 130.5, 42.5 ], [ 121.2, 38.7 ], [ 121.8, 41.0 ], [ 117.8, 39.1 ], [ 119.3, 37.1 ], [ 122.7, 37.4 ], [ 119.2, 34.8 ], [ 121.8, 31.9 ], [ 121.8, 31.7 ], [ 121.5, 31.8 ], [ 120.5, 32.1 ], [ 120.0, 31.9 ], [ 121.8, 31.2 ], [ 120.2, 30.2 ], [ 122.1, 29.9 ], [ 122.1, 29.8 ], [ 121.5, 29.5 ], [ 121.9, 29.1 ], [ 119.1, 26.1 ], [ 119.6, 25.4 ], [ 118.1, 24.6 ], [ 117.8, 24.5 ], [ 116.5, 22.9 ], [ 113.5, 23.1 ], [ 113.3, 22.9 ], [ 110.4, 21.3 ] ] ], [ [ [ 114.0, 22.3 ], [ 114.0, 22.2 ], [ 113.9, 22.3 ], [ 114.0, 22.3 ] ] ], [ [ [ 118.1, 24.6 ], [ 118.2, 24.5 ], [ 118.1, 24.4 ], [ 118.1, 24.6 ] ] ], [ [ [ 122.1, 29.8 ], [ 122.2, 29.7 ], [ 122.0, 29.7 ], [ 122.1, 29.8 ] ] ], [ [ [ 122.4, 30.0 ], [ 122.4, 29.8 ], [ 122.3, 29.9 ], [ 122.4, 30.0 ] ] ], [ [ [ 122.3, 30.1 ], [ 122.3, 30.0 ], [ 122.0, 30.0 ], [ 122.3, 30.1 ] ] ], [ [ [ 121.5, 31.8 ], [ 121.9, 31.5 ], [ 121.5, 31.5 ], [ 121.5, 31.8 ] ] ] ] } },
{ "type": "Feature", "properties": { }, "geometry": { "type": "MultiPolygon", "coordinates": [ [ [ [ -2.7, 9.5 ], [ -2.8, 5.2 ], [ -5.3, 5.2 ], [ -7.5, 4.4 ], [ -8.2, 10.0 ], [ -2.7, 9.5 ] ] ] ] } },
{ "type": "Feature", "properties": { }, "geometry": { "type": "Polygon", "coordinates": [ [ [ 15.5, 7.5 ], [ 14.4, 6.0 ], [ 16.1, 1.7 ], [ 9.8, 2.2 ], [ 8.9, 5.8 ], [ 11.9, 7.1 ], [ 14.6, 11.5 ], [ 14.1, 13.1 ], [ 15.7, 10.0 ], [ 14.0, 9.7 ], [ 15.5, 7.5 ] ] ] } },
{ "type": "Feature", "properties": { }, "geometry": { "type": "Polygon", "coordinates": [ [ [ 27.4, 5.1 ], [ 31.3, 2.1 ], [ 28.9, -2.4 ], [ 30.8, -8.2 ], [ 28.4, -9.2 ], [ 29.7, -13.5 ], [ 27.2, -11.6 ], [ 22.3, -11.2 ], [ 21.8, -7.3 ], [ 17.6, -8.1 ], [ 16.4, -5.9 ], [ 12.2, -5.8 ], [ 16.0, -3.8 ], [ 19.1, 4.9 ], [ 27.4, 5.1 ] ] ] } },
{ "type": "Feature", "properties": { }, "geometry": { "type": "Polygon", "coordinates": [ [ [ 18.6, 3.5 ], [ 15.9, -3.9 ], [ 12.0, -5.0 ], [ 11.6, -2.4 ], [ 14.4, -1.7 ], [ 13.3, 2.2 ], [ 16.1, 1.7 ], [ 16.6, 3.5 ], [ 18.6, 3.5 ] ] ] } },
{ "type": "Feature", "properties": { }, "geometry": { "type": "Polygon", "coordinates": [ ] } },
{ "type": "Feature", "properties": { }, "geometry": { "type": "MultiPolygon", "coordinates": [ [ [ [ -73.4, 9.2 ], [ -72.0, 7.0 ], [ -67.5, 6.2 ], [ -66.9, 1.4 ], [ -69.8, 1.7 ], [ -70.0, -4.2 ], [ -70.1, -2.7 ], [ -79.0, 1.6 ], [ -78.6, 1.8 ], [ -77.1, 3.9 ], [ -77.4, 8.6 ], [ -71.4, 11.8 ], [ -73.4, 9.2 ] ] ] ] } },
{ "type": "Feature", "properties": { }, "geometry": { "type": "MultiPolygon", "coordinates": [ [ [ [ 44.5, -12.3 ], [ 44.2, -12.2 ], [ 44.5, -12.1 ], [ 44.5, -12.3 ] ] ], [ [ [ 43.2, -11.8 ], [ 43.3, -11.4 ], [ 43.5, -11.9 ], [ 43.2, -11.8 ] ] ] ] } },
{ "type": "Feature", "properties": { }, "geometry": { "type": "MultiPolygon", "coordinates": [ [ [ [ -24.3, 14.9 ], [ -24.5, 15.0 ], [ -24.3, 15.0 ], [ -24.3, 14.9 ] ] ], [ [ [ -23.4, 15.0 ], [ -23.8, 15.1 ], [ -23.7, 15.3 ], [ -23.4, 15.0 ] ] ], [ [ [ -23.2, 15.1 ], [ -23.1, 15.3 ], [ -23.1, 15.2 ], [ -23.2, 15.1 ] ] ], [ [ [ -22.9, 16.2 ], [ -22.7, 16.0 ], [ -23.0, 16.0 ], [ -22.9, 16.2 ] ] ], [ [ [ -24.0, 16.6 ], [ -24.3, 16.5 ], [ -24.4, 16.7 ], [ -24.0, 16.6 ] ] ], [ [ [ -22.9, 16.6 ], [ -23.0, 16.8 ], [ -22.9, 16.8 ], [ -22.9, 16.6 ] ] ], [ [ [ -25.0, 16.8 ], [ -24.9, 16.9 ], [ -24.9, 16.8 ], [ -25.0, 16.8 ] ] ], [ [ [ -25.2, 16.9 ], [ -25.1, 17.2 ], [ -25.0, 17.1 ], [ -25.2, 16.9 ] ] ] ] } },
{ "type": "Feature", "properties": { }, "geometry": { "type": "Polygon", "coordinates": [ [ [ -83.6, 10.9 ], [ -82.6, 9.6 ], [ -82.9, 8.1 ], [ -85.8, 10.3 ], [ -83.6, 10.9 ] ] ] } },
{ "type": "Feature", "properties": { }, "geometry": { "type": "MultiPolygon", "coordinates": [ [ [ [ -79.8, 22.9 ], [ -79.3, 22.4 ], [ -74.2, 20.2 ], [ -77.7, 19.9 ], [ -81.8, 22.7 ], [ -84.9, 21.9 ], [ -81.4, 23.1 ], [ -79.8, 22.9 ] ] ], [ [ [ -83.1, 21.8 ], [ -82.7, 21.9 ], [ -82.6, 21.6 ], [ -83.1, 21.8 ] ] ], [ [ [ -77.9, 22.0 ], [ -77.9, 22.1 ], [ -78.0, 22.3 ], [ -77.8, 22.1 ], [ -77.6, 22.1 ], [ -77.9, 22.0 ] ] ], [ [ [ -78.3, 22.5 ], [ -78.7, 22.5 ], [ -78.6, 22.6 ], [ -78.3, 22.5 ] ] ] ] } },
{ "type": "Feature", "properties": { }, "geometry": { "type": "Polygon", "coordinates": [ [ [ -68.8, 12.2 ], [ -69.0, 12.1 ], [ -69.2, 12.4 ], [ -68.8, 12.2 ] ] ] } },
{ "type": "Feature", "properties": { }, "geometry": { "type": "MultiPolygon", "coordinates": [ [ [ [ -81.1, 19.3 ], [ -81.4, 19.3 ], [ -81.4, 19.4 ], [ -81.1, 19.3 ] ] ] ] } },
{ "type": "Feature", "properties": { }, "geometry": { "type": "Polygon", "coordinates": [ [ [ 34.6, 35.7 ], [ 33.0, 34.6 ], [ 32.3, 35.1 ], [ 34.6, 35.7 ] ] ] } },
{ "type": "Feature", "properties": { }, "geometry": { "type": "Polygon", "coordinates": [ [ [ 12.1, 50.3 ], [ 17.7, 50.3 ], [ 18.8, 49.5 ], [ 14.2, 48.6 ], [ 12.1, 50.3 ] ] ] } },
{ "type": "Feature", "properties": { }, "geometry": { "type": "MultiPolygon", "coordinates": [ [ [ [ 10.9, 54.0 ], [ 14.3, 53.7 ], [ 14.9, 51.0 ], [ 12.1, 50.3 ], [ 13.8, 48.8 ], [ 13.0, 47.5 ], [ 7.6, 47.6 ], [ 8.1, 49.0 ], [ 6.3, 49.5 ], [ 7.1, 53.6 ], [ 9.8, 53.6 ], [ 8.7, 54.9 ], [ 10.9, 54.0 ] ] ], [ [ [ 13.8, 54.1 ], [ 14.2, 54.0 ], [ 14.2, 53.9 ], [ 13.8, 54.1 ] ] ], [ [ [ 13.2, 54.3 ], [ 13.2, 54.5 ], [ 13.4, 54.7 ], [ 13.2, 54.3 ] ] ], [ [ [ 11.1, 54.5 ], [ 11.3, 54.4 ], [ 11.1, 54.4 ], [ 11.1, 54.5 ] ] ], [ [ [ 8.6, 54.9 ], [ 8.5, 54.8 ], [ 8.3, 54.8 ], [ 8.3, 54.9 ], [ 8.6, 54.9 ] ] ] ] } },
{ "type": "Feature", "properties": { }, "geometry": { "type": "Polygon", "coordinates": [ [ [ 42.5, 12.5 ], [ 42.9, 11.0 ], [ 41.8, 11.0 ], [ 42.5, 12.5 ] ] ] } },
{ "type": "Feature", "properties": { }, "geometry": { "type": "Polygon", "coordinates": [ [ [ -61.3, 15.5 ], [ -61.4, 15.2 ], [ -61.5, 15.6 ], [ -61.3, 15.5 ] ] ] } },
{ "type": "Feature", "properties": { }, "geometry": { "type": "MultiPolygon", "coordinates": [ [ [ [ 10.2, 55.0 ], [ 10.5, 54.9 ], [ 10.4, 54.8 ], [ 10.2, 55.0 ] ] ], [ [ [ 10.0, 55.0 ], [ 10.1, 54.9 ], [ 9.8, 54.9 ], [ 10.0, 55.0 ] ] ], [ [ [ 10.4, 55.0 ], [ 9.9, 55.5 ], [ 10.6, 55.6 ], [ 10.4, 55.0 ] ] ], [ [ [ 8.2, 56.6 ], [ 10.6, 57.7 ], [ 10.9, 56.4 ], [ 9.9, 55.8 ], [ 9.5, 54.8 ], [ 8.2, 56.6 ] ] ], [ [ [ 11.5, 54.6 ], [ 11.0, 54.8 ], [ 11.3, 55.0 ], [ 11.5, 54.6 ] ] ], [ [ [ 12.3, 55.1 ], [ 12.5, 55.0 ], [ 12.2, 54.9 ], [ 12.3, 55.1 ] ] ], [ [ [ 14.8, 55.3 ], [ 15.1, 55.1 ], [ 14.7, 55.1 ], [ 14.8, 55.3 ] ] ], [ [ [ 11.9, 54.8 ], [ 11.0, 55.7 ], [ 12.3, 56.1 ], [ 11.9, 54.8 ] ] ] ] } },
{ "type": "Feature", "properties": { }, "geometry": { "type": "Polygon", "coordinates": [ [ [ -71.4, 17.6 ], [ -71.6, 19.9 ], [ -68.3, 18.6 ], [ -71.4, 17.6 ] ] ] } },
{ "type": "Feature", "properties": { }, "geometry": { "type": "Polygon", "coordinates": [ [ [ 8.6, 36.9 ], [ 7.5, 33.8 ], [ 9.8, 29.2 ], [ 9.4, 26.1 ], [ 12.0, 23.5 ], [ 5.8, 19.5 ], [ 3.3, 19.0 ], [ -8.7, 27.3 ], [ -8.3, 29.0 ], [ -1.2, 32.1 ], [ -2.2, 35.1 ], [ 8.6, 36.9 ] ] ] } },
{ "type": "Feature", "properties": { }, "geometry": { "type": "MultiPolygon", "coordinates": [ [ [ [ -80.2, -2.8 ], [ -79.9, -2.7 ], [ -80.2, -3.0 ], [ -80.2, -2.8 ] ] ], [ [ [ -79.0, -5.0 ], [ -80.5, -4.4 ], [ -79.7, -2.6 ], [ -80.9, -1.1 ], [ -80.0, 0.8 ], [ -75.5, -0.2 ], [ -79.0, -5.0 ] ] ], [ [ [ -89.4, -0.7 ], [ -89.3, -0.7 ], [ -89.4, -0.9 ], [ -89.4, -0.7 ] ] ], [ [ [ -90.3, -0.5 ], [ -90.2, -0.5 ], [ -90.3, -0.8 ], [ -90.3, -0.5 ] ] ], [ [ [ -91.1, -0.6 ], [ -91.4, -0.3 ], [ -91.6, 0.0 ], [ -91.0, -0.4 ], [ -91.1, -0.6 ] ] ], [ [ [ -91.6, -0.3 ], [ -91.4, -0.3 ], [ -91.4, -0.5 ], [ -91.6, -0.3 ] ] ], [ [ [ -90.7, -0.2 ], [ -90.6, -0.3 ], [ -90.8, -0.3 ], [ -90.7, -0.2 ] ] ], [ [ [ -78.9, 1.3 ], [ -79.0, 1.2 ], [ -79.0, 1.3 ], [ -78.9, 1.3 ] ] ] ] } },
{ "type": "Feature", "properties": { }, "geometry": { "type": "Polygon", "coordinates": [ [ [ 34.2, 31.3 ], [ 34.2, 27.8 ], [ 32.4, 29.6 ], [ 36.9, 22.0 ], [ 25.0, 22.0 ], [ 25.1, 31.6 ], [ 34.2, 31.3 ] ] ] } },
{ "type": "Feature", "properties": { }, "geometry": { "type": "MultiPolygon", "coordinates": [ [ [ [ 38.9, 17.4 ], [ 39.8, 15.1 ], [ 43.1, 12.7 ], [ 40.1, 14.5 ], [ 36.5, 14.3 ], [ 37.0, 17.1 ], [ 38.9, 17.4 ] ] ], [ [ [ 40.0, 15.9 ], [ 40.4, 15.6 ], [ 40.0, 15.6 ], [ 40.0, 15.9 ] ] ], [ [ [ 40.0, 16.0 ], [ 40.0, 16.1 ], [ 40.1, 16.0 ], [ 40.0, 16.0 ] ] ] ] } },
{ "type": "Feature", "properties": { }, "geometry": { "type": "MultiPolygon", "coordinates": [ [ [ [ -18.0, 27.6 ], [ -18.2, 27.8 ], [ -17.9, 27.8 ], [ -18.0, 27.6 ] ] ], [ [ [ -15.4, 28.2 ], [ -15.7, 27.8 ], [ -15.8, 28.0 ], [ -15.4, 28.2 ] ] ], [ [ [ -17.2, 28.0 ], [ -17.2, 28.2 ], [ -17.1, 28.1 ], [ -17.2, 28.0 ] ] ], [ [ [ -16.3, 28.4 ], [ -16.9, 28.3 ], [ -16.1, 28.6 ], [ -16.3, 28.4 ] ] ], [ [ [ -13.9, 28.3 ], [ -14.2, 28.2 ], [ -13.9, 28.7 ], [ -13.9, 28.3 ] ] ], [ [ [ -17.9, 28.5 ], [ -17.7, 28.8 ], [ -17.8, 28.5 ], [ -17.9, 28.5 ] ] ], [ [ [ -13.8, 28.8 ], [ -13.5, 29.2 ], [ -13.4, 29.2 ], [ -13.8, 28.8 ] ] ] ] } },
{ "type": "Feature", "properties": { }, "geometry": { "type": "MultiPolygon", "coordinates": [ [ [ [ 1.6, 38.7 ], [ 1.4, 38.7 ], [ 1.4, 38.8 ], [ 1.6, 38.7 ] ] ], [ [ [ 1.4, 38.9 ], [ 1.3, 39.1 ], [ 1.6, 39.1 ], [ 1.4, 38.9 ] ] ], [ [ [ 3.2, 40.0 ], [ 3.1, 39.3 ], [ 2.4, 39.6 ], [ 3.2, 40.0 ] ] ], [ [ [ -9.2, 43.2 ], [ 3.2, 41.9 ], [ -2.1, 36.8 ], [ -5.6, 36.0 ], [ -7.4, 37.2 ], [ -6.2, 41.5 ], [ -9.2, 43.2 ] ] ], [ [ [ 4.3, 39.8 ], [ 4.1, 40.1 ], [ 4.3, 39.9 ], [ 4.3, 39.8 ] ] ] ] } },
{ "type": "Feature", "properties": { }, "geometry": { "type": "MultiPolygon", "coordinates": [ [ [ [ 21.9, 58.5 ], [ 23.3, 58.5 ], [ 22.0, 57.9 ], [ 21.9, 58.5 ] ] ], [ [ [ 28.1, 59.4 ], [ 27.3, 57.5 ], [ 23.4, 58.9 ], [ 25.5, 59.6 ], [ 28.1, 59.4 ] ] ], [ [ [ 23.3, 58.5 ], [ 23.2, 58.7 ], [ 23.4, 58.6 ], [ 23.3, 58.5 ] ] ], [ [ [ 22.6, 59.1 ], [ 22.5, 58.7 ], [ 22.1, 58.9 ], [ 22.6, 59.1 ] ] ] ] } },
{ "type": "Feature", "properties": { }, "geometry": { "type": "Polygon", "coordinates": [ [ [ 42.4, 12.5 ], [ 41.8, 11.0 ], [ 43.5, 9.4 ], [ 48.0, 8.0 ], [ 44.9, 4.9 ], [ 38.1, 3.6 ], [ 33.0, 7.9 ], [ 36.5, 14.3 ], [ 40.1, 14.5 ], [ 42.4, 12.5 ] ] ] } },
{ "type": "Feature", "properties": { }, "geometry": { "type": "MultiPolygon", "coordinates": [ [ [ [ -178.6, -19.1 ], [ -178.5, -19.2 ], [ -178.6, -19.2 ], [ -178.6, -19.1 ] ] ], [ [ [ -179.9, -19.0 ], [ -179.9, -18.9 ], [ -179.8, -18.9 ], [ -179.9, -19.0 ] ] ], [ [ [ -178.9, -17.2 ], [ -179.0, -17.3 ], [ -179.0, -17.2 ], [ -178.9, -17.2 ] ] ], [ [ [ 178.2, -19.1 ], [ 178.0, -19.1 ], [ 178.3, -18.9 ], [ 178.5, -19.0 ], [ 178.2, -19.1 ] ] ], [ [ [ 178.7, -18.1 ], [ 177.3, -18.0 ], [ 177.6, -17.5 ], [ 178.7, -18.1 ] ] ], [ [ [ 179.9, -16.5 ], [ 178.7, -17.0 ], [ 178.5, -16.8 ], [ 179.9, -16.5 ] ] ] ] } },
{ "type": "Feature", "properties": { }, "geometry": { "type": "MultiPolygon", "coordinates": [ [ [ [ -59.7, -52.2 ], [ -59.8, -52.2 ], [ -59.8, -52.1 ], [ -59.7, -52.2 ] ] ], [ [ [ -58.5, -52.1 ], [ -58.4, -52.0 ], [ -58.4, -52.1 ], [ -58.5, -52.1 ] ] ], [ [ [ -60.9, -51.8 ], [ -61.0, -51.9 ], [ -61.1, -51.8 ], [ -60.9, -51.8 ] ] ], [ [ [ -58.9, -51.3 ], [ -57.8, -51.6 ], [ -59.6, -52.1 ], [ -58.9, -51.3 ] ] ], [ [ [ -61.0, -52.1 ], [ -59.3, -51.4 ], [ -60.4, -52.2 ], [ -61.0, -52.1 ] ] ], [ [ [ -60.2, -51.4 ], [ -60.2, -51.3 ], [ -60.1, -51.3 ], [ -60.2, -51.4 ] ] ] ] } },
{ "type": "Feature", "properties": { }, "geometry": { "type": "Polygon", "coordinates": [ [ [ 55.7, -20.9 ], [ 55.4, -21.3 ], [ 55.3, -20.9 ], [ 55.7, -20.9 ] ] ] } },
{ "type": "Feature", "properties": { }, "geometry": { "type": "Polygon", "coordinates": [ [ [ 45.2, -12.8 ], [ 45.1, -12.9 ], [ 45.1, -12.7 ], [ 45.2, -12.8 ] ] ] } },
{ "type": "Feature", "properties": { }, "geometry": { "type": "Polygon", "coordinates": [ [ [ -51.7, 4.1 ], [ -52.9, 2.2 ], [ -54.6, 2.3 ], [ -53.9, 5.8 ], [ -51.7, 4.1 ] ] ] } },
{ "type": "Feature", "properties": { }, "geometry": { "type": "Polygon", "coordinates": [ [ [ -60.9, 14.8 ], [ -61.1, 14.5 ], [ -61.2, 14.8 ], [ -60.9, 14.8 ] ] ] } },
{ "type": "Feature", "properties": { }, "geometry": { "type": "MultiPolygon", "coordinates": [ [ [ [ -61.3, 16.0 ], [ -61.2, 16.0 ], [ -61.2, 15.9 ], [ -61.3, 16.0 ] ] ], [ [ [ -61.8, 16.3 ], [ -61.7, 16.4 ], [ -61.6, 16.3 ], [ -61.8, 16.3 ] ] ], [ [ [ -61.5, 16.5 ], [ -61.2, 16.3 ], [ -61.4, 16.2 ], [ -61.5, 16.5 ] ] ] ] } },
{ "type": "Feature", "properties": { }, "geometry": { "type": "MultiPolygon", "coordinates": [ [ [ [ 8.6, 42.4 ], [ 9.6, 42.1 ], [ 9.2, 41.4 ], [ 8.6, 42.4 ] ] ], [ [ [ -1.2, 45.8 ], [ -1.4, 46.0 ], [ -1.4, 46.1 ], [ -1.2, 45.8 ] ] ], [ [ [ 2.5, 51.1 ], [ 8.1, 49.0 ], [ 6.0, 46.2 ], [ 7.7, 44.1 ], [ 2.7, 42.3 ], [ -1.5, 43.1 ], [ -1.1, 46.3 ], [ -4.8, 48.5 ], [ 2.5, 51.1 ] ] ] ] } },
{ "type": "Feature", "properties": { }, "geometry": { "type": "MultiPolygon", "coordinates": [ [ [ [ -6.7, 61.6 ], [ -6.9, 61.5 ], [ -6.9, 61.6 ], [ -6.7, 61.6 ] ] ], [ [ [ -6.7, 61.9 ], [ -6.8, 61.8 ], [ -6.9, 61.9 ], [ -6.7, 61.9 ] ] ], [ [ [ -7.2, 62.2 ], [ -7.3, 62.0 ], [ -7.4, 62.1 ], [ -7.2, 62.2 ] ] ], [ [ [ -6.6, 62.2 ], [ -6.7, 62.0 ], [ -7.2, 62.3 ], [ -6.6, 62.2 ] ] ], [ [ [ -6.4, 62.3 ], [ -6.6, 62.2 ], [ -6.6, 62.4 ], [ -6.4, 62.3 ] ] ] ] } },
{ "type": "Feature", "properties": { }, "geometry": { "type": "MultiPolygon", "coordinates": [ [ [ [ 158.1, 6.9 ], [ 158.3, 7.0 ], [ 158.3, 6.8 ], [ 158.1, 6.9 ] ] ], [ [ [ 138.1, 9.6 ], [ 138.2, 9.6 ], [ 138.1, 9.4 ], [ 138.1, 9.6 ] ] ] ] } },
{ "type": "Feature", "properties": { }, "geometry": { "type": "Polygon", "coordinates": [ [ [ 13.3, 2.2 ], [ 14.4, -1.9 ], [ 11.6, -2.3 ], [ 11.1, -3.9 ], [ 8.7, -0.6 ], [ 11.3, 2.3 ], [ 13.3, 2.2 ] ] ] } },
{ "type": "Feature", "properties": { }, "geometry": { "type": "MultiPolygon", "coordinates": [ [ [ [ -7.0, 54.4 ], [ -8.1, 54.5 ], [ -6.1, 55.2 ], [ -7.0, 54.4 ] ] ], [ [ [ -5.2, 55.7 ], [ -5.1, 55.4 ], [ -5.3, 55.5 ], [ -5.2, 55.7 ] ] ], [ [ [ -6.3, 56.6 ], [ -5.8, 56.5 ], [ -5.8, 56.3 ], [ -6.3, 56.3 ], [ -6.3, 56.6 ] ] ], [ [ [ -6.5, 56.6 ], [ -6.7, 56.6 ], [ -6.6, 56.7 ], [ -6.5, 56.6 ] ] ], [ [ [ -7.4, 57.4 ], [ -7.3, 57.4 ], [ -7.2, 57.1 ], [ -7.4, 57.4 ] ] ], [ [ [ -5.7, 57.2 ], [ -6.0, 57.0 ], [ -6.8, 57.4 ], [ -5.7, 57.2 ] ] ], [ [ [ -7.2, 57.7 ], [ -7.1, 57.6 ], [ -7.2, 57.5 ], [ -7.2, 57.7 ] ] ], [ [ [ -6.4, 58.0 ], [ -7.1, 57.8 ], [ -6.2, 58.5 ], [ -6.4, 58.0 ] ] ], [ [ [ -1.5, 50.7 ], [ -1.3, 50.8 ], [ -1.1, 50.7 ], [ -1.5, 50.7 ] ] ], [ [ [ -4.5, 53.2 ], [ -4.6, 53.4 ], [ -4.0, 53.3 ], [ -4.5, 53.2 ] ] ], [ [ [ -4.1, 57.6 ], [ -1.8, 57.5 ], [ -3.8, 56.1 ], [ 1.7, 52.8 ], [ 0.4, 51.5 ], [ 1.4, 51.2 ], [ -3.0, 50.7 ], [ -5.6, 50.1 ], [ -2.4, 51.7 ], [ -5.2, 51.7 ], [ -2.8, 54.1 ], [ -5.0, 54.8 ], [ -4.6, 55.9 ], [ -5.1, 56.2 ], [ -5.7, 55.3 ], [ -5.2, 56.8 ], [ -6.1, 56.7 ], [ -5.7, 56.9 ], [ -5.0, 58.6 ], [ -3.2, 58.3 ], [ -4.1, 57.6 ] ] ], [ [ [ -2.9, 58.7 ], [ -3.0, 58.8 ], [ -2.9, 58.8 ], [ -2.9, 58.7 ] ] ], [ [ [ -3.3, 58.9 ], [ -3.2, 58.8 ], [ -3.3, 58.8 ], [ -3.3, 58.9 ] ] ], [ [ [ -2.9, 58.9 ], [ -3.4, 59.0 ], [ -3.2, 59.1 ], [ -2.9, 58.9 ] ] ], [ [ [ -2.5, 59.2 ], [ -2.7, 59.2 ], [ -2.5, 59.3 ], [ -2.5, 59.2 ] ] ], [ [ [ -1.1, 60.4 ], [ -1.3, 59.9 ], [ -1.7, 60.3 ], [ -1.1, 60.4 ] ] ], [ [ [ -1.0, 60.6 ], [ -1.1, 60.5 ], [ -1.2, 60.6 ], [ -1.0, 60.6 ] ] ], [ [ [ -0.9, 60.8 ], [ -0.8, 60.8 ], [ -0.8, 60.7 ], [ -0.9, 60.8 ] ] ] ] } },
{ "type": "Feature", "properties": { }, "geometry": { "type": "Polygon", "coordinates": [ [ [ 46.4, 41.9 ], [ 41.8, 41.4 ], [ 40.0, 43.4 ], [ 44.9, 42.8 ], [ 46.4, 41.9 ] ] ] } },
{ "type": "Feature", "properties": { }, "geometry": { "type": "Polygon", "coordinates": [ [ [ -2.5, 49.5 ], [ -2.5, 49.4 ], [ -2.6, 49.5 ], [ -2.5, 49.5 ] ] ] } },
{ "type": "Feature", "properties": { }, "geometry": { "type": "Polygon", "coordinates": [ [ [ -0.1, 11.1 ], [ 1.2, 6.1 ], [ -2.0, 4.8 ], [ -3.1, 5.1 ], [ -2.8, 11.0 ], [ -0.1, 11.1 ] ] ] } },
{ "type": "Feature", "properties": { }, "geometry": { "type": "Polygon", "coordinates": [ [ [ -13.7, 12.7 ], [ -9.0, 12.3 ], [ -8.2, 7.6 ], [ -15.1, 10.8 ], [ -13.7, 12.7 ] ] ] } },
{ "type": "Feature", "properties": { }, "geometry": { "type": "Polygon", "coordinates": [ [ [ -16.8, 13.1 ], [ -16.7, 13.5 ], [ -16.4, 13.3 ], [ -15.4, 13.5 ], [ -16.6, 13.6 ], [ -15.1, 13.8 ], [ -13.8, 13.4 ], [ -16.8, 13.1 ] ] ] } },
{ "type": "Feature", "properties": { }, "geometry": { "type": "MultiPolygon", "coordinates": [ [ [ [ -16.2, 11.1 ], [ -16.1, 11.2 ], [ -16.1, 11.1 ], [ -16.2, 11.1 ] ] ], [ [ [ -15.1, 12.0 ], [ -16.7, 12.4 ], [ -13.7, 12.7 ], [ -15.1, 12.0 ] ] ], [ [ [ -16.2, 11.9 ], [ -16.0, 11.9 ], [ -16.0, 11.8 ], [ -16.2, 11.9 ] ] ] ] } },
{ "type": "Feature", "properties": { }, "geometry": { "type": "MultiPolygon", "coordinates": [ [ [ [ 9.6, 1.1 ], [ 9.8, 2.3 ], [ 11.3, 2.2 ], [ 11.3, 1.0 ], [ 9.6, 1.1 ] ] ], [ [ [ 8.5, 3.5 ], [ 8.8, 3.3 ], [ 8.5, 3.3 ], [ 8.5, 3.5 ] ] ] ] } },
{ "type": "Feature", "properties": { }, "geometry": { "type": "MultiPolygon", "coordinates": [ [ [ [ 23.1, 36.2 ], [ 23.0, 36.1 ], [ 22.9, 36.2 ], [ 23.1, 36.2 ] ] ], [ [ [ 24.8, 36.9 ], [ 24.7, 36.9 ], [ 24.7, 37.0 ], [ 24.8, 36.9 ] ] ], [ [ [ 24.5, 37.1 ], [ 24.4, 37.1 ], [ 24.5, 37.2 ], [ 24.5, 37.1 ] ] ], [ [ [ 24.4, 37.6 ], [ 24.3, 37.5 ], [ 24.3, 37.7 ], [ 24.4, 37.6 ] ] ], [ [ [ 20.7, 37.9 ], [ 21.0, 37.7 ], [ 20.8, 37.7 ], [ 20.7, 37.9 ] ] ], [ [ [ 25.0, 37.9 ], [ 25.0, 37.7 ], [ 24.7, 37.9 ], [ 25.0, 37.9 ] ] ], [ [ [ 23.4, 37.9 ], [ 22.7, 37.5 ], [ 23.2, 36.4 ], [ 21.1, 37.9 ], [ 23.1, 38.2 ], [ 20.0, 39.7 ], [ 21.0, 40.8 ], [ 26.6, 41.6 ], [ 22.6, 40.5 ], [ 22.6, 38.9 ], [ 24.0, 38.1 ], [ 24.0, 37.7 ], [ 23.6, 37.9 ], [ 23.4, 37.9 ] ] ], [ [ [ 20.4, 38.2 ], [ 20.6, 38.5 ], [ 20.6, 38.4 ], [ 20.8, 38.1 ], [ 20.4, 38.2 ] ] ], [ [ [ 20.7, 38.5 ], [ 20.8, 38.3 ], [ 20.6, 38.4 ], [ 20.7, 38.5 ] ] ], [ [ [ 24.6, 38.0 ], [ 22.9, 38.9 ], [ 23.3, 39.0 ], [ 24.6, 38.0 ] ] ], [ [ [ 24.6, 38.9 ], [ 24.7, 38.8 ], [ 24.5, 38.8 ], [ 24.6, 38.9 ] ] ], [ [ [ 19.9, 39.8 ], [ 20.0, 39.7 ], [ 20.1, 39.4 ], [ 19.9, 39.5 ], [ 19.9, 39.8 ] ] ], [ [ [ 24.8, 40.6 ], [ 24.5, 40.6 ], [ 24.6, 40.8 ], [ 24.8, 40.6 ] ] ], [ [ [ 25.8, 35.1 ], [ 26.3, 35.3 ], [ 26.2, 35.0 ], [ 24.8, 34.9 ], [ 23.6, 35.3 ], [ 25.8, 35.1 ] ] ], [ [ [ 27.2, 35.8 ], [ 27.1, 35.4 ], [ 27.1, 35.6 ], [ 27.2, 35.8 ] ] ], [ [ [ 27.9, 36.3 ], [ 28.2, 36.4 ], [ 28.1, 36.1 ], [ 27.9, 36.3 ] ] ], [ [ [ 26.9, 36.9 ], [ 26.9, 37.1 ], [ 27.0, 37.1 ], [ 26.9, 36.9 ] ] ], [ [ [ 25.6, 37.0 ], [ 25.5, 36.9 ], [ 25.4, 37.1 ], [ 25.6, 37.0 ] ] ], [ [ [ 25.3, 37.1 ], [ 25.1, 37.0 ], [ 25.1, 37.1 ], [ 25.3, 37.1 ] ] ], [ [ [ 25.4, 37.4 ], [ 25.3, 37.4 ], [ 25.3, 37.5 ], [ 25.4, 37.4 ] ] ], [ [ [ 26.8, 37.6 ], [ 26.6, 37.7 ], [ 26.8, 37.8 ], [ 26.8, 37.6 ] ] ], [ [ [ 25.9, 38.5 ], [ 25.8, 38.6 ], [ 26.2, 38.5 ], [ 25.9, 38.5 ] ] ], [ [ [ 26.2, 39.0 ], [ 25.8, 39.2 ], [ 26.3, 39.4 ], [ 26.2, 39.0 ] ] ], [ [ [ 25.1, 40.0 ], [ 25.4, 40.0 ], [ 25.4, 39.8 ], [ 25.1, 40.0 ] ] ], [ [ [ 25.6, 40.4 ], [ 25.4, 40.5 ], [ 25.6, 40.5 ], [ 25.6, 40.4 ] ] ] ] } },
{ "type": "Feature", "properties": { }, "geometry": { "type": "Polygon", "coordinates": [ [ [ -61.6, 12.1 ], [ -61.7, 12.2 ], [ -61.6, 12.2 ], [ -61.6, 12.1 ] ] ] } },
{ "type": "Feature", "properties": { }, "geometry": { "type": "MultiPolygon", "coordinates": [ [ [ [ -46.8, 60.8 ], [ -46.2, 60.9 ], [ -46.4, 60.7 ], [ -46.8, 60.8 ] ] ], [ [ [ -51.2, 69.9 ], [ -50.7, 69.8 ], [ -51.0, 69.6 ], [ -51.2, 69.9 ] ] ], [ [ [ -53.6, 69.3 ], [ -54.9, 69.7 ], [ -54.4, 70.3 ], [ -52.0, 69.7 ], [ -53.6, 69.3 ] ] ], [ [ [ -52.0, 71.0 ], [ -51.6, 70.9 ], [ -52.1, 70.9 ], [ -52.0, 71.0 ] ] ], [ [ [ -53.6, 71.3 ], [ -53.4, 71.2 ], [ -53.6, 71.0 ], [ -53.6, 71.3 ] ] ], [ [ [ -25.8, 83.3 ], [ -32.0, 83.1 ], [ -32.0, 83.0 ], [ -21.5, 82.6 ], [ -29.9, 82.1 ], [ -21.1, 81.9 ], [ -23.1, 80.8 ], [ -11.4, 81.5 ], [ -20.2, 80.0 ], [ -19.0, 79.2 ], [ -21.7, 77.7 ], [ -18.3, 76.9 ], [ -22.6, 76.7 ], [ -19.9, 76.1 ], [ -22.2, 75.1 ], [ -19.3, 74.3 ], [ -27.6, 73.1 ], [ -24.1, 73.4 ], [ -22.0, 72.9 ], [ -22.3, 72.1 ], [ -24.6, 73.0 ], [ -26.7, 72.7 ], [ -21.5, 70.5 ], [ -23.3, 70.5 ], [ -24.6, 71.2 ], [ -25.9, 71.6 ], [ -27.1, 71.6 ], [ -25.7, 71.3 ], [ -28.4, 71.0 ], [ -29.1, 70.4 ], [ -22.2, 70.1 ], [ -40.2, 65.6 ], [ -43.9, 59.8 ], [ -45.9, 61.2 ], [ -48.2, 60.8 ], [ -50.3, 62.5 ], [ -51.5, 64.0 ], [ -50.3, 64.2 ], [ -51.7, 64.2 ], [ -50.1, 64.7 ], [ -51.9, 64.2 ], [ -52.5, 65.3 ], [ -51.1, 65.8 ], [ -53.4, 66.0 ], [ -51.2, 66.9 ], [ -53.6, 66.2 ], [ -52.4, 66.9 ], [ -53.8, 67.4 ], [ -50.6, 67.5 ], [ -53.7, 67.5 ], [ -50.3, 69.2 ], [ -50.3, 70.0 ], [ -54.5, 70.7 ], [ -50.7, 70.4 ], [ -51.0, 71.0 ], [ -53.1, 71.3 ], [ -51.8, 71.7 ], [ -55.6, 71.6 ], [ -54.7, 72.9 ], [ -58.5, 75.7 ], [ -68.3, 76.1 ], [ -71.2, 77.1 ], [ -66.3, 77.5 ], [ -72.8, 78.2 ], [ -65.8, 79.2 ], [ -64.2, 80.1 ], [ -67.2, 80.3 ], [ -60.4, 81.9 ], [ -44.7, 81.8 ], [ -44.3, 82.5 ], [ -45.6, 82.7 ], [ -41.4, 82.8 ], [ -46.5, 83.0 ], [ -25.8, 83.3 ] ] ], [ [ [ -72.1, 77.5 ], [ -71.4, 77.4 ], [ -72.0, 77.3 ], [ -72.1, 77.5 ] ] ], [ [ [ -47.4, 82.6 ], [ -44.7, 82.4 ], [ -45.1, 82.1 ], [ -47.4, 82.6 ] ] ], [ [ [ -37.0, 65.6 ], [ -37.2, 65.5 ], [ -37.2, 65.7 ], [ -37.0, 65.6 ] ] ], [ [ [ -26.2, 70.5 ], [ -28.0, 70.5 ], [ -27.6, 70.9 ], [ -26.2, 70.5 ] ] ], [ [ [ -17.4, 75.0 ], [ -18.9, 75.1 ], [ -18.6, 75.4 ], [ -17.4, 75.0 ] ] ], [ [ [ -18.7, 76.6 ], [ -18.6, 76.0 ], [ -19.1, 76.4 ], [ -18.7, 76.6 ] ] ], [ [ [ -18.9, 78.4 ], [ -18.9, 78.1 ], [ -19.1, 77.9 ], [ -18.9, 78.4 ] ] ], [ [ [ -18.0, 80.1 ], [ -17.4, 79.9 ], [ -18.0, 79.7 ], [ -18.0, 80.1 ] ] ], [ [ [ -19.3, 82.1 ], [ -18.7, 81.8 ], [ -19.0, 81.8 ], [ -19.3, 82.1 ] ] ] ] } },
{ "type": "Feature", "properties": { }, "geometry": { "type": "Polygon", "coordinates": [ [ [ -89.2, 17.8 ], [ -89.2, 14.6 ], [ -92.2, 14.5 ], [ -90.4, 16.1 ], [ -91.0, 17.8 ], [ -89.2, 17.8 ] ] ] } },
{ "type": "Feature", "properties": { }, "geometry": { "type": "Polygon", "coordinates": [ ] } },
{ "type": "Feature", "properties": { }, "geometry": { "type": "Polygon", "coordinates": [ [ [ -57.2, 5.5 ], [ -58.1, 4.1 ], [ -56.5, 1.9 ], [ -58.9, 1.2 ], [ -61.4, 5.9 ], [ -60.0, 8.5 ], [ -57.2, 5.5 ] ] ] } },
{ "type": "Feature", "properties": { }, "geometry": { "type": "Polygon", "coordinates": [ [ [ 73.8, -53.1 ], [ 73.5, -53.2 ], [ 73.3, -53.0 ], [ 73.8, -53.1 ] ] ] } },
{ "type": "Feature", "properties": { }, "geometry": { "type": "MultiPolygon", "coordinates": [ [ [ [ -83.4, 15.0 ], [ -87.1, 13.0 ], [ -89.4, 14.4 ], [ -87.7, 15.9 ], [ -83.4, 15.0 ] ] ], [ [ [ -86.6, 16.3 ], [ -86.4, 16.4 ], [ -86.3, 16.4 ], [ -86.6, 16.3 ] ] ], [ [ [ -85.9, 16.4 ], [ -85.9, 16.5 ], [ -85.8, 16.5 ], [ -85.9, 16.4 ] ] ] ] } },
{ "type": "Feature", "properties": { }, "geometry": { "type": "MultiPolygon", "coordinates": [ [ [ [ 14.9, 44.5 ], [ 14.7, 44.7 ], [ 15.2, 44.4 ], [ 14.9, 44.5 ] ] ], [ [ [ 14.8, 44.8 ], [ 14.9, 44.7 ], [ 14.7, 44.7 ], [ 14.7, 44.8 ], [ 14.8, 44.8 ] ] ], [ [ [ 14.4, 45.1 ], [ 14.5, 44.6 ], [ 14.4, 44.7 ], [ 14.4, 45.1 ] ] ], [ [ [ 14.4, 45.1 ], [ 14.6, 45.2 ], [ 14.8, 45.0 ], [ 14.4, 45.1 ] ] ], [ [ [ 18.5, 42.4 ], [ 17.7, 42.7 ], [ 17.3, 42.8 ], [ 17.6, 42.8 ], [ 17.0, 43.0 ], [ 17.6, 42.9 ], [ 17.8, 42.9 ], [ 18.5, 42.4 ] ] ], [ [ [ 16.9, 42.9 ], [ 16.7, 43.0 ], [ 17.0, 43.0 ], [ 16.9, 42.9 ] ] ], [ [ [ 16.5, 43.2 ], [ 17.2, 43.1 ], [ 16.7, 43.1 ], [ 16.5, 43.2 ] ] ], [ [ [ 16.6, 43.4 ], [ 16.9, 43.3 ], [ 16.6, 43.3 ], [ 16.6, 43.4 ] ] ], [ [ [ 15.8, 45.2 ], [ 17.6, 42.9 ], [ 14.6, 45.2 ], [ 14.6, 45.3 ], [ 13.5, 45.5 ], [ 18.9, 45.8 ], [ 15.8, 45.2 ] ] ] ] } },
{ "type": "Feature", "properties": { }, "geometry": { "type": "MultiPolygon", "coordinates": [ [ [ [ -72.9, 18.9 ], [ -73.3, 18.9 ], [ -73.3, 19.0 ], [ -72.9, 18.9 ] ] ], [ [ [ -73.3, 19.9 ], [ -71.8, 18.0 ], [ -74.5, 18.4 ], [ -72.4, 18.6 ], [ -73.3, 19.9 ] ] ], [ [ [ -72.8, 20.1 ], [ -72.9, 20.0 ], [ -73.0, 20.1 ], [ -72.8, 20.1 ] ] ] ] } },
{ "type": "Feature", "properties": { }, "geometry": { "type": "Polygon", "coordinates": [ [ [ 22.1, 48.4 ], [ 21.0, 46.2 ], [ 16.1, 46.9 ], [ 17.1, 48.0 ], [ 22.1, 48.4 ] ] ] } },
{ "type": "Feature", "properties": { }, "geometry": { "type": "MultiPolygon", "coordinates": [ [ [ [ 105.2, -6.7 ], [ 105.1, -6.6 ], [ 105.2, -6.5 ], [ 105.2, -6.7 ] ] ], [ [ [ 102.3, -5.5 ], [ 102.1, -5.3 ], [ 102.2, -5.3 ], [ 102.3, -5.5 ] ] ], [ [ [ 100.5, -3.0 ], [ 100.5, -3.3 ], [ 100.2, -3.0 ], [ 100.5, -3.0 ] ] ], [ [ [ 107.4, -2.9 ], [ 107.4, -2.8 ], [ 107.5, -2.8 ], [ 107.4, -2.9 ] ] ], [ [ [ 107.6, -3.2 ], [ 107.7, -2.6 ], [ 108.3, -2.8 ], [ 107.6, -3.2 ] ] ], [ [ [ 106.5, -3.1 ], [ 105.1, -2.0 ], [ 105.9, -1.5 ], [ 106.5, -3.1 ] ] ], [ [ [ 99.7, -2.1 ], [ 99.8, -2.4 ], [ 99.6, -2.3 ], [ 99.7, -2.1 ] ] ], [ [ [ 98.9, -1.0 ], [ 99.3, -1.7 ], [ 98.8, -1.6 ], [ 98.9, -1.0 ] ] ], [ [ [ 104.3, -0.5 ], [ 104.5, -0.3 ], [ 104.6, -0.5 ], [ 104.3, -0.5 ] ] ], [ [ [ 103.6, -0.4 ], [ 103.5, -0.4 ], [ 103.5, -0.2 ], [ 103.6, -0.4 ] ] ], [ [ [ 98.5, -0.3 ], [ 98.4, -0.6 ], [ 98.3, -0.5 ], [ 98.5, -0.3 ] ] ], [ [ [ 104.4, -0.2 ], [ 104.5, 0.0 ], [ 105.0, -0.3 ], [ 104.4, -0.2 ] ] ], [ [ [ 102.5, 0.2 ], [ 103.7, 0.3 ], [ 103.8, 0.0 ], [ 103.5, -0.2 ], [ 103.4, -0.2 ], [ 103.4, -0.6 ], [ 104.7, -2.6 ], [ 106.0, -3.1 ], [ 105.7, -5.8 ], [ 101.6, -3.2 ], [ 95.2, 5.6 ], [ 97.5, 5.2 ], [ 102.5, 0.2 ] ] ], [ [ [ 103.1, 0.5 ], [ 103.2, 0.7 ], [ 103.3, 0.6 ], [ 103.1, 0.5 ] ] ], [ [ [ 103.4, 0.7 ], [ 103.4, 0.9 ], [ 103.5, 0.8 ], [ 103.4, 0.7 ] ] ], [ [ [ 103.7, 0.8 ], [ 103.8, 0.9 ], [ 103.8, 0.8 ], [ 103.7, 0.8 ] ] ], [ [ [ 102.8, 1.2 ], [ 103.2, 0.9 ], [ 103.1, 0.8 ], [ 102.8, 1.2 ] ] ], [ [ [ 104.2, 1.1 ], [ 104.6, 1.2 ], [ 104.7, 1.0 ], [ 104.2, 1.1 ] ] ], [ [ [ 97.7, 0.6 ], [ 97.1, 1.4 ], [ 97.9, 1.0 ], [ 97.7, 0.6 ] ] ], [ [ [ 103.4, 1.0 ], [ 103.3, 1.1 ], [ 103.4, 1.1 ], [ 103.4, 1.0 ] ] ], [ [ [ 104.0, 1.2 ], [ 104.1, 1.2 ], [ 104.1, 1.0 ], [ 104.0, 1.2 ] ] ], [ [ [ 102.4, 1.2 ], [ 102.4, 1.0 ], [ 102.3, 1.1 ], [ 102.4, 1.2 ] ] ], [ [ [ 102.5, 1.5 ], [ 102.5, 1.3 ], [ 102.1, 1.5 ], [ 102.5, 1.5 ] ] ], [ [ [ 101.4, 2.0 ], [ 101.6, 2.1 ], [ 101.7, 1.8 ], [ 101.4, 2.0 ] ] ], [ [ [ 97.3, 2.1 ], [ 97.1, 2.2 ], [ 97.3, 2.2 ], [ 97.3, 2.1 ] ] ], [ [ [ 95.8, 2.9 ], [ 96.5, 2.4 ], [ 96.3, 2.4 ], [ 95.8, 2.9 ] ] ], [ [ [ 105.8, 3.0 ], [ 105.7, 2.9 ], [ 105.7, 3.1 ], [ 105.8, 3.0 ] ] ], [ [ [ 106.2, 3.2 ], [ 106.3, 3.2 ], [ 106.3, 3.1 ], [ 106.2, 3.2 ] ] ], [ [ [ 95.3, 5.8 ], [ 95.2, 5.9 ], [ 95.4, 5.9 ], [ 95.3, 5.8 ] ] ], [ [ [ 121.9, -10.6 ], [ 121.7, -10.6 ], [ 121.9, -10.4 ], [ 121.9, -10.6 ] ] ], [ [ [ 120.4, -10.3 ], [ 119.0, -9.5 ], [ 119.9, -9.3 ], [ 120.4, -10.3 ] ] ], [ [ [ 115.6, -8.8 ], [ 115.5, -8.7 ], [ 115.6, -8.7 ], [ 115.6, -8.8 ] ] ], [ [ [ 119.1, -8.7 ], [ 116.8, -9.0 ], [ 118.2, -8.7 ], [ 117.9, -8.1 ], [ 119.1, -8.7 ] ] ], [ [ [ 119.6, -8.6 ], [ 119.4, -8.8 ], [ 119.4, -8.6 ], [ 119.6, -8.6 ] ] ], [ [ [ 116.2, -8.3 ], [ 116.7, -8.3 ], [ 116.6, -8.9 ], [ 116.2, -8.3 ] ] ], [ [ [ 121.0, -8.9 ], [ 119.8, -8.6 ], [ 123.0, -8.2 ], [ 121.0, -8.9 ] ] ], [ [ [ 115.1, -8.8 ], [ 114.5, -8.1 ], [ 115.5, -8.2 ], [ 115.1, -8.8 ] ] ], [ [ [ 112.5, -6.9 ], [ 112.7, -7.1 ], [ 113.0, -7.7 ], [ 114.4, -7.8 ], [ 114.5, -8.1 ], [ 114.6, -8.8 ], [ 105.2, -6.8 ], [ 112.5, -6.9 ] ] ], [ [ [ 114.3, -7.2 ], [ 114.3, -7.1 ], [ 114.4, -7.1 ], [ 114.3, -7.2 ] ] ], [ [ [ 112.7, -7.1 ], [ 114.1, -7.0 ], [ 113.5, -7.2 ], [ 112.7, -7.1 ] ] ], [ [ [ 115.5, -6.9 ], [ 115.2, -7.0 ], [ 115.2, -6.9 ], [ 115.5, -6.9 ] ] ], [ [ [ 120.5, -6.0 ], [ 120.5, -6.5 ], [ 120.4, -6.2 ], [ 120.5, -6.0 ] ] ], [ [ [ 122.1, -5.2 ], [ 122.0, -5.5 ], [ 121.8, -5.3 ], [ 122.1, -5.2 ] ] ], [ [ [ 123.2, -5.3 ], [ 122.6, -5.7 ], [ 123.1, -4.4 ], [ 123.2, -5.3 ] ] ], [ [ [ 122.4, -4.8 ], [ 122.7, -4.6 ], [ 122.6, -5.3 ], [ 122.4, -4.8 ] ] ], [ [ [ 123.2, -4.1 ], [ 123.1, -4.2 ], [ 123.0, -4.0 ], [ 123.2, -4.1 ] ] ], [ [ [ 116.3, -3.8 ], [ 116.1, -4.1 ], [ 116.0, -3.7 ], [ 116.3, -3.8 ] ] ], [ [ [ 120.2, 0.3 ], [ 120.7, -1.4 ], [ 123.4, -0.8 ], [ 121.4, -1.9 ], [ 122.9, -4.4 ], [ 121.6, -4.8 ], [ 120.7, -2.7 ], [ 119.6, -5.6 ], [ 118.8, -2.7 ], [ 120.3, 1.0 ], [ 125.1, 1.7 ], [ 124.3, 0.4 ], [ 120.2, 0.3 ] ] ], [ [ [ 109.8, -1.1 ], [ 109.5, -1.3 ], [ 109.5, -1.0 ], [ 109.8, -1.1 ] ] ], [ [ [ 117.1, 3.6 ], [ 119.0, 1.0 ], [ 116.0, -3.6 ], [ 110.3, -3.0 ], [ 109.4, 1.9 ], [ 113.6, 1.2 ], [ 115.8, 4.3 ], [ 117.1, 3.6 ] ] ], [ [ [ 117.6, 3.3 ], [ 117.5, 3.4 ], [ 117.7, 3.4 ], [ 117.6, 3.3 ] ] ], [ [ [ 108.0, 4.0 ], [ 108.2, 4.2 ], [ 108.4, 3.8 ], [ 108.0, 4.0 ] ] ], [ [ [ 117.7, 4.0 ], [ 117.6, 4.1 ], [ 117.6, 4.2 ], [ 117.7, 4.0 ] ] ], [ [ [ 123.4, -10.7 ], [ 122.8, -10.9 ], [ 122.8, -10.8 ], [ 123.4, -10.7 ] ] ], [ [ [ 123.7, -9.6 ], [ 125.1, -9.0 ], [ 125.1, -9.5 ], [ 123.7, -9.6 ] ] ], [ [ [ 124.1, -8.4 ], [ 124.3, -8.2 ], [ 124.1, -8.5 ], [ 124.1, -8.4 ] ] ], [ [ [ 123.3, -8.4 ], [ 123.0, -8.4 ], [ 123.1, -8.3 ], [ 123.3, -8.4 ] ] ], [ [ [ 125.8, -8.0 ], [ 126.8, -7.7 ], [ 126.5, -8.0 ], [ 125.8, -8.0 ] ] ], [ [ [ 127.4, -7.6 ], [ 127.4, -7.5 ], [ 127.5, -7.5 ], [ 127.4, -7.6 ] ] ], [ [ [ 127.9, -3.7 ], [ 128.3, -3.5 ], [ 128.2, -3.7 ], [ 127.9, -3.7 ] ] ], [ [ [ 126.7, -3.8 ], [ 126.0, -3.2 ], [ 126.8, -3.1 ], [ 126.7, -3.8 ] ] ], [ [ [ 126.0, -2.0 ], [ 126.0, -2.5 ], [ 125.9, -2.1 ], [ 126.0, -2.0 ] ] ], [ [ [ 125.5, -1.8 ], [ 126.3, -1.8 ], [ 126.0, -1.9 ], [ 125.5, -1.8 ] ] ], [ [ [ 124.5, -2.0 ], [ 124.3, -1.9 ], [ 124.5, -1.6 ], [ 124.5, -2.0 ] ] ], [ [ [ 123.6, -1.7 ], [ 123.5, -1.7 ], [ 123.5, -1.5 ], [ 123.6, -1.7 ] ] ], [ [ [ 127.6, -1.3 ], [ 128.2, -1.7 ], [ 127.6, -1.7 ], [ 127.6, -1.3 ] ] ], [ [ [ 123.2, -1.6 ], [ 122.8, -1.4 ], [ 122.9, -1.2 ], [ 123.2, -1.6 ] ] ], [ [ [ 127.5, -0.8 ], [ 127.3, -0.3 ], [ 127.6, -0.3 ], [ 127.5, -0.8 ] ] ], [ [ [ 127.2, -0.5 ], [ 127.1, -0.5 ], [ 127.1, -0.3 ], [ 127.2, -0.5 ] ] ], [ [ [ 126.8, 4.5 ], [ 126.9, 4.3 ], [ 126.8, 4.0 ], [ 126.8, 4.5 ] ] ], [ [ [ 138.9, -8.4 ], [ 138.6, -8.4 ], [ 138.6, -8.3 ], [ 138.9, -8.4 ] ] ], [ [ [ 130.8, -8.3 ], [ 131.0, -8.1 ], [ 131.2, -8.1 ], [ 130.8, -8.3 ] ] ], [ [ [ 129.8, -8.0 ], [ 129.7, -8.0 ], [ 129.6, -7.8 ], [ 129.8, -8.0 ] ] ], [ [ [ 138.3, -7.4 ], [ 139.0, -7.6 ], [ 138.3, -8.4 ], [ 138.3, -7.4 ] ] ], [ [ [ 131.6, -7.1 ], [ 131.7, -7.1 ], [ 131.3, -8.0 ], [ 131.6, -7.1 ] ] ], [ [ [ 132.0, -7.3 ], [ 131.8, -7.1 ], [ 131.9, -7.1 ], [ 132.0, -7.3 ] ] ], [ [ [ 128.6, -7.2 ], [ 128.5, -7.1 ], [ 128.6, -7.1 ], [ 128.6, -7.2 ] ] ], [ [ [ 134.2, -6.5 ], [ 134.2, -6.2 ], [ 134.5, -6.4 ], [ 134.2, -6.5 ] ] ], [ [ [ 134.8, -6.3 ], [ 134.9, -6.3 ], [ 134.8, -6.4 ], [ 134.8, -6.3 ] ] ], [ [ [ 134.2, -6.1 ], [ 134.5, -5.4 ], [ 134.7, -5.7 ], [ 134.2, -6.1 ] ] ], [ [ [ 132.8, -5.8 ], [ 132.7, -5.9 ], [ 132.6, -5.6 ], [ 132.8, -5.8 ] ] ], [ [ [ 141.0, -9.1 ], [ 137.3, -4.9 ], [ 133.8, -3.1 ], [ 132.9, -4.1 ], [ 132.0, -2.8 ], [ 133.7, -2.6 ], [ 133.9, -2.1 ], [ 131.0, -1.4 ], [ 134.0, -0.7 ], [ 134.3, -2.1 ], [ 134.5, -2.8 ], [ 135.4, -3.4 ], [ 137.9, -1.5 ], [ 141.0, -2.6 ], [ 141.0, -9.1 ] ] ], [ [ [ 133.3, -4.2 ], [ 133.3, -4.1 ], [ 133.6, -4.2 ], [ 133.3, -4.2 ] ] ], [ [ [ 128.5, -3.5 ], [ 128.6, -3.6 ], [ 128.4, -3.6 ], [ 128.5, -3.5 ] ] ], [ [ [ 128.7, -3.5 ], [ 128.7, -3.6 ], [ 128.6, -3.6 ], [ 128.6, -3.5 ], [ 128.7, -3.5 ] ] ], [ [ [ 130.8, -3.9 ], [ 127.9, -3.2 ], [ 129.5, -2.8 ], [ 130.8, -3.9 ] ] ], [ [ [ 130.1, -2.1 ], [ 129.7, -1.9 ], [ 130.4, -1.7 ], [ 130.1, -2.1 ] ] ], [ [ [ 136.2, -1.9 ], [ 135.5, -1.6 ], [ 136.2, -1.7 ], [ 136.2, -1.9 ] ] ], [ [ [ 131.0, -0.9 ], [ 131.0, -1.3 ], [ 130.8, -1.3 ], [ 131.0, -0.9 ] ] ], [ [ [ 134.9, -1.1 ], [ 134.8, -1.0 ], [ 134.9, -0.9 ], [ 134.9, -1.1 ] ] ], [ [ [ 135.9, -1.2 ], [ 135.4, -0.7 ], [ 135.9, -0.7 ], [ 135.9, -1.2 ] ] ], [ [ [ 130.6, -0.5 ], [ 130.5, -0.5 ], [ 130.6, -0.4 ], [ 130.6, -0.5 ] ] ], [ [ [ 128.3, 2.0 ], [ 128.7, 1.6 ], [ 128.4, -0.9 ], [ 127.4, 1.1 ], [ 128.0, 2.2 ], [ 128.3, 2.0 ] ] ], [ [ [ 128.5, 2.1 ], [ 128.3, 2.0 ], [ 128.3, 2.5 ], [ 128.5, 2.1 ] ] ] ] } },
{ "type": "Feature", "properties": { }, "geometry": { "type": "Polygon", "coordinates": [ [ [ -4.4, 54.4 ], [ -4.6, 54.1 ], [ -4.8, 54.1 ], [ -4.4, 54.4 ] ] ] } },
{ "type": "Feature", "properties": { }, "geometry": { "type": "MultiPolygon", "coordinates": [ [ [ [ 92.5, 10.9 ], [ 92.5, 10.5 ], [ 92.4, 10.5 ], [ 92.5, 10.9 ] ] ], [ [ [ 78.7, 31.3 ], [ 81.0, 30.2 ], [ 80.1, 28.8 ], [ 82.7, 27.5 ], [ 88.0, 26.4 ], [ 88.6, 28.1 ], [ 91.7, 26.8 ], [ 96.0, 29.4 ], [ 97.3, 28.0 ], [ 92.9, 22.0 ], [ 91.2, 23.6 ], [ 92.5, 24.9 ], [ 88.4, 26.6 ], [ 89.1, 21.7 ], [ 87.9, 22.4 ], [ 80.3, 15.7 ], [ 79.8, 10.3 ], [ 77.5, 8.1 ], [ 73.3, 16.5 ], [ 73.1, 21.8 ], [ 70.5, 20.8 ], [ 69.0, 22.3 ], [ 70.2, 22.6 ], [ 70.5, 23.1 ], [ 68.2, 23.9 ], [ 71.0, 24.4 ], [ 69.5, 27.1 ], [ 75.3, 32.2 ], [ 74.0, 34.7 ], [ 77.9, 35.4 ], [ 78.7, 31.3 ] ] ], [ [ [ 93.9, 7.2 ], [ 93.8, 6.7 ], [ 93.7, 7.0 ], [ 93.9, 7.2 ] ] ], [ [ [ 92.9, 13.4 ], [ 93.1, 13.5 ], [ 92.7, 11.5 ], [ 92.9, 13.4 ] ] ] ] } },
{ "type": "Feature", "properties": { }, "geometry": { "type": "MultiPolygon", "coordinates": [ ] } },
{ "type": "Feature", "properties": { }, "geometry": { "type": "Polygon", "coordinates": [ [ [ 105.7, -10.4 ], [ 105.7, -10.6 ], [ 105.6, -10.5 ], [ 105.7, -10.4 ] ] ] } },
{ "type": "Feature", "properties": { }, "geometry": { "type": "Polygon", "coordinates": [ [ [ 72.4, -7.2 ], [ 72.4, -7.4 ], [ 72.3, -7.3 ], [ 72.4, -7.2 ] ] ] } },
{ "type": "Feature", "properties": { }, "geometry": { "type": "MultiPolygon", "coordinates": [ [ [ [ -6.3, 52.2 ], [ -10.4, 51.9 ], [ -8.8, 52.7 ], [ -10.1, 54.3 ], [ -7.3, 55.4 ], [ -8.1, 54.4 ], [ -6.2, 54.1 ], [ -6.3, 52.2 ] ] ] ] } },
{ "type": "Feature", "properties": { }, "geometry": { "type": "MultiPolygon", "coordinates": [ [ [ [ 56.3, 27.0 ], [ 55.4, 26.6 ], [ 55.3, 26.6 ], [ 56.3, 27.0 ] ] ], [ [ [ 44.0, 39.4 ], [ 48.0, 39.7 ], [ 51.8, 36.6 ], [ 56.7, 38.3 ], [ 61.1, 36.6 ], [ 60.8, 29.9 ], [ 63.2, 26.6 ], [ 61.4, 25.1 ], [ 57.8, 25.7 ], [ 56.8, 27.1 ], [ 53.7, 26.7 ], [ 50.1, 30.2 ], [ 48.5, 30.0 ], [ 45.4, 34.0 ], [ 46.3, 35.8 ], [ 44.0, 39.4 ] ] ] ] } },
{ "type": "Feature", "properties": { }, "geometry": { "type": "Polygon", "coordinates": [ [ [ 44.8, 37.1 ], [ 48.5, 30.0 ], [ 46.5, 29.1 ], [ 38.8, 33.4 ], [ 42.7, 37.4 ], [ 44.8, 37.1 ] ] ] } },
{ "type": "Feature", "properties": { }, "geometry": { "type": "Polygon", "coordinates": [ [ [ -15.5, 66.2 ], [ -13.6, 65.1 ], [ -18.7, 63.4 ], [ -24.5, 65.5 ], [ -15.5, 66.2 ] ] ] } },
{ "type": "Feature", "properties": { }, "geometry": { "type": "Polygon", "coordinates": [ [ [ 35.1, 33.1 ], [ 35.0, 32.2 ], [ 34.9, 29.5 ], [ 34.2, 31.2 ], [ 35.1, 33.1 ] ] ] } },
{ "type": "Feature", "properties": { }, "geometry": { "type": "MultiPolygon", "coordinates": [ [ [ [ 15.1, 36.7 ], [ 12.4, 37.8 ], [ 15.6, 38.3 ], [ 15.1, 36.7 ] ] ], [ [ [ 9.6, 39.2 ], [ 8.6, 39.0 ], [ 8.2, 40.9 ], [ 9.8, 40.5 ], [ 9.6, 39.2 ] ] ], [ [ [ 12.4, 44.2 ], [ 18.5, 40.2 ], [ 16.9, 40.5 ], [ 16.1, 37.9 ], [ 15.7, 40.0 ], [ 10.4, 42.9 ], [ 6.6, 45.1 ], [ 10.5, 46.9 ], [ 13.6, 46.4 ], [ 12.4, 44.2 ] ] ], [ [ [ 10.4, 42.7 ], [ 10.1, 42.8 ], [ 10.4, 42.9 ], [ 10.4, 42.7 ] ] ] ] } },
{ "type": "Feature", "properties": { }, "geometry": { "type": "Polygon", "coordinates": [ [ [ 12.4, 43.9 ], [ 12.5, 44.0 ], [ 12.5, 43.9 ], [ 12.4, 43.9 ] ] ] } },
{ "type": "Feature", "properties": { }, "geometry": { "type": "Polygon", "coordinates": [ [ [ -78.3, 18.3 ], [ -76.3, 18.2 ], [ -76.2, 17.9 ], [ -78.3, 18.3 ] ] ] } },
{ "type": "Feature", "properties": { }, "geometry": { "type": "Polygon", "coordinates": [ [ [ -2.2, 49.3 ], [ -2.0, 49.2 ], [ -2.2, 49.2 ], [ -2.2, 49.3 ] ] ] } },
{ "type": "Feature", "properties": { }, "geometry": { "type": "Polygon", "coordinates": [ [ [ 39.1, 32.1 ], [ 37.0, 31.5 ], [ 37.5, 30.0 ], [ 35.0, 29.4 ], [ 35.6, 32.7 ], [ 38.8, 33.4 ], [ 39.1, 32.1 ] ] ] } },
{ "type": "Feature", "properties": { }, "geometry": { "type": "MultiPolygon", "coordinates": [ [ [ [ 123.8, 24.4 ], [ 123.9, 24.4 ], [ 123.7, 24.3 ], [ 123.8, 24.4 ] ] ], [ [ [ 124.2, 24.5 ], [ 124.3, 24.6 ], [ 124.2, 24.4 ], [ 124.2, 24.5 ] ] ], [ [ [ 125.4, 24.8 ], [ 125.4, 24.7 ], [ 125.3, 24.7 ], [ 125.4, 24.8 ] ] ], [ [ [ 127.7, 26.1 ], [ 127.9, 26.7 ], [ 128.3, 26.8 ], [ 127.7, 26.1 ] ] ], [ [ [ 129.0, 27.8 ], [ 129.0, 27.7 ], [ 128.9, 27.8 ], [ 129.0, 27.8 ] ] ], [ [ [ 129.3, 28.1 ], [ 129.2, 28.2 ], [ 129.3, 28.2 ], [ 129.3, 28.1 ] ] ], [ [ [ 130.5, 30.2 ], [ 130.4, 30.4 ], [ 130.5, 30.5 ], [ 130.5, 30.2 ] ] ], [ [ [ 129.7, 31.7 ], [ 129.8, 31.8 ], [ 129.8, 31.7 ], [ 129.7, 31.7 ] ] ], [ [ [ 130.0, 32.5 ], [ 130.2, 32.5 ], [ 130.2, 32.3 ], [ 130.0, 32.5 ] ] ], [ [ [ 130.4, 32.4 ], [ 130.2, 32.5 ], [ 130.4, 32.5 ], [ 130.4, 32.4 ] ] ], [ [ [ 128.7, 32.6 ], [ 128.7, 32.8 ], [ 128.8, 32.8 ], [ 128.7, 32.6 ] ] ], [ [ [ 129.2, 33.0 ], [ 129.1, 32.8 ], [ 129.0, 33.0 ], [ 129.2, 33.0 ] ] ], [ [ [ 129.8, 33.7 ], [ 129.7, 33.7 ], [ 129.7, 33.9 ], [ 129.8, 33.7 ] ] ], [ [ [ 129.2, 34.1 ], [ 129.2, 34.3 ], [ 129.3, 34.3 ], [ 129.2, 34.1 ] ] ], [ [ [ 129.5, 34.7 ], [ 129.4, 34.3 ], [ 129.3, 34.3 ], [ 129.3, 34.4 ], [ 129.5, 34.7 ] ] ], [ [ [ 142.2, 26.6 ], [ 142.1, 26.7 ], [ 142.2, 26.7 ], [ 142.2, 26.6 ] ] ], [ [ [ 131.1, 30.6 ], [ 130.9, 30.4 ], [ 130.9, 30.7 ], [ 131.1, 30.6 ] ] ], [ [ [ 132.0, 32.9 ], [ 130.7, 31.0 ], [ 130.5, 32.8 ], [ 129.6, 33.3 ], [ 132.0, 32.9 ] ] ], [ [ [ 132.9, 32.8 ], [ 132.0, 33.3 ], [ 133.9, 34.3 ], [ 132.9, 32.8 ] ] ], [ [ [ 134.8, 34.5 ], [ 135.0, 34.5 ], [ 134.8, 34.2 ], [ 134.8, 34.5 ] ] ], [ [ [ 134.2, 34.5 ], [ 134.4, 34.5 ], [ 134.3, 34.4 ], [ 134.2, 34.5 ] ] ], [ [ [ 140.3, 35.2 ], [ 136.8, 35.1 ], [ 135.7, 33.5 ], [ 135.4, 34.6 ], [ 134.7, 34.8 ], [ 130.9, 34.0 ], [ 135.9, 35.6 ], [ 139.4, 38.1 ], [ 140.3, 41.2 ], [ 141.4, 40.8 ], [ 140.3, 35.2 ] ] ], [ [ [ 138.3, 38.1 ], [ 138.5, 38.3 ], [ 138.5, 37.9 ], [ 138.3, 38.1 ] ] ], [ [ [ 139.6, 42.2 ], [ 139.5, 42.1 ], [ 139.4, 42.2 ], [ 139.6, 42.2 ] ] ], [ [ [ 145.8, 43.4 ], [ 140.0, 41.5 ], [ 141.7, 45.4 ], [ 145.8, 43.4 ] ] ], [ [ [ 141.1, 45.3 ], [ 141.0, 45.3 ], [ 141.0, 45.5 ], [ 141.1, 45.3 ] ] ] ] } },
{ "type": "Feature", "properties": { }, "geometry": { "type": "Polygon", "coordinates": [ [ [ 77.4, 35.5 ], [ 77.0, 35.1 ], [ 76.8, 35.7 ], [ 77.4, 35.5 ] ] ] } },
{ "type": "Feature", "properties": { }, "geometry": { "type": "MultiPolygon", "coordinates": [ [ [ [ 52.6, 45.5 ], [ 52.7, 45.5 ], [ 52.7, 45.4 ], [ 52.6, 45.5 ] ] ], [ [ [ 85.5, 47.1 ], [ 83.0, 47.2 ], [ 82.5, 45.1 ], [ 79.9, 44.9 ], [ 80.2, 42.2 ], [ 74.2, 43.2 ], [ 68.5, 40.6 ], [ 64.9, 43.7 ], [ 62.0, 43.5 ], [ 58.6, 45.6 ], [ 56.0, 45.0 ], [ 56.0, 41.3 ], [ 52.5, 41.8 ], [ 50.3, 44.5 ], [ 53.2, 45.3 ], [ 53.1, 46.9 ], [ 49.2, 46.3 ], [ 46.6, 48.6 ], [ 50.8, 51.7 ], [ 61.2, 50.8 ], [ 60.0, 51.9 ], [ 62.1, 53.0 ], [ 61.2, 54.0 ], [ 69.0, 55.4 ], [ 73.4, 53.4 ], [ 76.8, 54.4 ], [ 80.0, 50.8 ], [ 87.0, 49.1 ], [ 85.5, 47.1 ] ] ] ] } },
{ "type": "Feature", "properties": { }, "geometry": { "type": "MultiPolygon", "coordinates": [ [ [ [ 41.1, -2.1 ], [ 40.2, -2.7 ], [ 39.4, -4.6 ], [ 33.9, -1.0 ], [ 35.0, 1.8 ], [ 34.0, 4.2 ], [ 35.3, 5.5 ], [ 38.1, 3.6 ], [ 41.8, 3.8 ], [ 41.5, -1.7 ], [ 41.1, -2.0 ], [ 41.1, -2.1 ] ] ] ] } },
{ "type": "Feature", "properties": { }, "geometry": { "type": "Polygon", "coordinates": [ [ [ 80.2, 42.1 ], [ 73.7, 39.5 ], [ 69.2, 39.8 ], [ 73.1, 40.8 ], [ 70.2, 41.5 ], [ 71.4, 42.8 ], [ 80.2, 42.1 ] ] ] } },
{ "type": "Feature", "properties": { }, "geometry": { "type": "MultiPolygon", "coordinates": [ [ [ [ 102.3, 13.6 ], [ 107.5, 14.7 ], [ 106.2, 10.8 ], [ 103.9, 10.6 ], [ 102.3, 13.6 ] ] ] ] } },
{ "type": "Feature", "properties": { }, "geometry": { "type": "MultiPolygon", "coordinates": [ [ [ [ -155.0, -4.0 ], [ -154.9, -4.0 ], [ -155.0, -4.1 ], [ -155.0, -4.0 ] ] ], [ [ [ -157.3, 2.0 ], [ -157.2, 1.7 ], [ -157.4, 1.8 ], [ -157.3, 2.0 ] ] ], [ [ [ 173.2, 1.4 ], [ 173.0, 1.3 ], [ 173.0, 1.4 ], [ 173.2, 1.4 ] ] ] ] } },
{ "type": "Feature", "properties": { }, "geometry": { "type": "Polygon", "coordinates": [ [ [ -62.5, 17.2 ], [ -62.6, 17.1 ], [ -62.6, 17.2 ], [ -62.5, 17.2 ] ] ] } },
{ "type": "Feature", "properties": { }, "geometry": { "type": "Polygon", "coordinates": [ [ [ -62.7, 17.4 ], [ -62.8, 17.3 ], [ -62.8, 17.4 ], [ -62.7, 17.4 ] ] ] } },
{ "type": "Feature", "properties": { }, "geometry": { "type": "MultiPolygon", "coordinates": [ [ [ [ 126.3, 33.5 ], [ 126.9, 33.4 ], [ 126.7, 33.3 ], [ 126.3, 33.5 ] ] ], [ [ [ 126.2, 34.6 ], [ 126.4, 34.5 ], [ 126.2, 34.4 ], [ 126.2, 34.6 ] ] ], [ [ [ 126.2, 34.8 ], [ 126.2, 34.7 ], [ 126.1, 34.7 ], [ 126.2, 34.8 ] ] ], [ [ [ 127.8, 34.9 ], [ 128.0, 34.9 ], [ 128.1, 34.7 ], [ 127.8, 34.9 ] ] ], [ [ [ 129.2, 35.2 ], [ 127.7, 35.0 ], [ 126.7, 34.4 ], [ 126.5, 34.3 ], [ 126.7, 37.9 ], [ 128.4, 38.6 ], [ 129.2, 35.2 ] ] ] ] } },
{ "type": "Feature", "properties": { }, "geometry": { "type": "Polygon", "coordinates": [ [ [ 20.8, 43.3 ], [ 20.6, 41.9 ], [ 20.0, 42.7 ], [ 20.8, 43.3 ] ] ] } },
{ "type": "Feature", "properties": { }, "geometry": { "type": "MultiPolygon", "coordinates": [ [ [ [ 48.3, 28.5 ], [ 46.5, 29.1 ], [ 47.1, 30.0 ], [ 48.0, 30.0 ], [ 48.3, 28.5 ] ] ], [ [ [ 48.3, 29.8 ], [ 48.1, 29.8 ], [ 48.2, 30.0 ], [ 48.3, 29.8 ] ] ] ] } },
{ "type": "Feature", "properties": { }, "geometry": { "type": "Polygon", "coordinates": [ [ [ 102.1, 22.4 ], [ 104.6, 20.6 ], [ 103.9, 19.3 ], [ 107.4, 14.6 ], [ 105.2, 14.2 ], [ 103.9, 18.3 ], [ 100.9, 17.6 ], [ 100.2, 20.6 ], [ 102.1, 22.4 ] ] ] } },
{ "type": "Feature", "properties": { }, "geometry": { "type": "Polygon", "coordinates": [ [ [ 36.6, 34.2 ], [ 35.1, 33.1 ], [ 36.4, 34.7 ], [ 36.6, 34.2 ] ] ] } },
{ "type": "Feature", "properties": { }, "geometry": { "type": "Polygon", "coordinates": [ [ [ -10.1, 8.5 ], [ -7.5, 5.8 ], [ -7.5, 4.4 ], [ -11.5, 6.9 ], [ -10.1, 8.5 ] ] ] } },
{ "type": "Feature", "properties": { }, "geometry": { "type": "Polygon", "coordinates": [ [ [ 25.2, 31.7 ], [ 24.0, 19.5 ], [ 16.0, 23.4 ], [ 12.0, 23.5 ], [ 9.4, 26.1 ], [ 9.3, 30.1 ], [ 11.5, 33.2 ], [ 19.1, 30.3 ], [ 21.6, 32.9 ], [ 25.2, 31.7 ] ] ] } },
{ "type": "Feature", "properties": { }, "geometry": { "type": "Polygon", "coordinates": [ [ [ -60.9, 14.0 ], [ -61.1, 13.9 ], [ -60.9, 14.1 ], [ -60.9, 14.0 ] ] ] } },
{ "type": "Feature", "properties": { }, "geometry": { "type": "Polygon", "coordinates": [ [ [ 9.6, 47.1 ], [ 9.5, 47.1 ], [ 9.5, 47.3 ], [ 9.6, 47.1 ] ] ] } },
{ "type": "Feature", "properties": { }, "geometry": { "type": "MultiPolygon", "coordinates": [ [ [ [ 80.7, 6.0 ], [ 80.7, 9.4 ], [ 81.9, 7.3 ], [ 80.7, 6.0 ] ] ], [ [ [ 79.9, 9.0 ], [ 79.8, 9.1 ], [ 79.7, 9.1 ], [ 79.9, 9.0 ] ] ], [ [ [ 79.9, 9.6 ], [ 79.9, 9.7 ], [ 80.0, 9.6 ], [ 79.9, 9.6 ] ] ] ] } },
{ "type": "Feature", "properties": { }, "geometry": { "type": "Polygon", "coordinates": [ [ [ 28.6, -28.6 ], [ 27.8, -30.6 ], [ 27.1, -29.6 ], [ 28.6, -28.6 ] ] ] } },
{ "type": "Feature", "properties": { }, "geometry": { "type": "MultiPolygon", "coordinates": [ [ [ [ 23.6, 53.9 ], [ 21.0, 56.1 ], [ 24.8, 56.4 ], [ 26.6, 55.6 ], [ 23.6, 53.9 ] ] ] ] } },
{ "type": "Feature", "properties": { }, "geometry": { "type": "Polygon", "coordinates": [ [ [ 5.8, 49.5 ], [ 6.5, 49.8 ], [ 6.3, 49.5 ], [ 5.8, 49.5 ] ] ] } },
{ "type": "Feature", "properties": { }, "geometry": { "type": "Polygon", "coordinates": [ [ [ 27.4, 57.5 ], [ 27.6, 55.8 ], [ 21.0, 56.1 ], [ 21.7, 57.6 ], [ 27.4, 57.5 ] ] ] } },
{ "type": "Feature", "properties": { }, "geometry": { "type": "Polygon", "coordinates": [ ] } },
{ "type": "Feature", "properties": { }, "geometry": { "type": "Polygon", "coordinates": [ [ [ -2.2, 35.1 ], [ -1.2, 32.1 ], [ -11.4, 26.9 ], [ -14.8, 21.5 ], [ -17.0, 21.4 ], [ -5.9, 35.8 ], [ -2.2, 35.1 ] ] ] } },
{ "type": "Feature", "properties": { }, "geometry": { "type": "Polygon", "coordinates": [ ] } },
{ "type": "Feature", "properties": { }, "geometry": { "type": "Polygon", "coordinates": [ [ [ 28.2, 45.5 ], [ 28.1, 47.0 ], [ 26.6, 48.3 ], [ 30.1, 46.4 ], [ 28.2, 45.5 ] ] ] } },
{ "type": "Feature", "properties": { }, "geometry": { "type": "MultiPolygon", "coordinates": [ [ [ [ 50.4, -15.6 ], [ 49.7, -15.5 ], [ 47.2, -24.8 ], [ 45.1, -25.5 ], [ 43.3, -22.4 ], [ 44.0, -17.4 ], [ 49.6, -12.5 ], [ 50.4, -15.6 ] ] ], [ [ [ 48.2, -13.3 ], [ 48.3, -13.2 ], [ 48.3, -13.4 ], [ 48.2, -13.3 ] ] ] ] } },
{ "type": "Feature", "properties": { }, "geometry": { "type": "MultiPolygon", "coordinates": [ ] } },
{ "type": "Feature", "properties": { }, "geometry": { "type": "MultiPolygon", "coordinates": [ [ [ [ -112.3, 24.8 ], [ -112.2, 25.3 ], [ -112.2, 24.8 ], [ -112.1, 24.5 ], [ -112.3, 24.8 ] ] ], [ [ [ -111.2, 26.0 ], [ -111.1, 26.1 ], [ -111.1, 26.0 ], [ -111.2, 26.0 ] ] ], [ [ [ -115.1, 28.2 ], [ -115.2, 28.0 ], [ -115.4, 28.1 ], [ -115.1, 28.2 ] ] ], [ [ [ -112.5, 29.2 ], [ -112.3, 29.2 ], [ -112.3, 28.8 ], [ -112.5, 29.2 ] ] ], [ [ [ -118.2, 29.0 ], [ -118.3, 28.9 ], [ -118.4, 29.1 ], [ -118.2, 29.0 ] ] ], [ [ [ -113.2, 29.3 ], [ -113.2, 29.0 ], [ -113.3, 29.1 ], [ -113.2, 29.3 ] ] ], [ [ [ -114.7, 31.8 ], [ -114.7, 31.7 ], [ -114.8, 31.7 ], [ -114.7, 31.8 ] ] ], [ [ [ -110.9, 18.7 ], [ -111.0, 18.7 ], [ -111.1, 18.8 ], [ -110.9, 18.7 ] ] ], [ [ [ -86.8, 20.6 ], [ -87.0, 20.3 ], [ -87.0, 20.4 ], [ -86.8, 20.6 ] ] ], [ [ [ -106.5, 21.7 ], [ -106.5, 21.5 ], [ -106.6, 21.6 ], [ -106.5, 21.7 ] ] ], [ [ [ -95.9, 18.8 ], [ -91.5, 18.5 ], [ -90.4, 21.0 ], [ -87.1, 21.6 ], [ -87.9, 18.3 ], [ -91.0, 17.8 ], [ -90.4, 16.1 ], [ -92.2, 14.5 ], [ -103.4, 18.3 ], [ -113.0, 31.2 ], [ -114.7, 31.8 ], [ -114.9, 31.9 ], [ -114.8, 31.7 ], [ -113.3, 29.1 ], [ -109.8, 22.9 ], [ -113.2, 26.9 ], [ -115.0, 27.7 ], [ -114.0, 28.4 ], [ -117.1, 32.5 ], [ -106.4, 31.8 ], [ -103.3, 29.0 ], [ -101.4, 29.7 ], [ -97.5, 25.0 ], [ -95.9, 18.8 ] ] ] ] } },
{ "type": "Feature", "properties": { }, "geometry": { "type": "MultiPolygon", "coordinates": [ ] } },
{ "type": "Feature", "properties": { }, "geometry": { "type": "Polygon", "coordinates": [ [ [ 20.8, 42.1 ], [ 22.9, 41.3 ], [ 20.7, 40.9 ], [ 20.8, 42.1 ] ] ] } },
{ "type": "Feature", "properties": { }, "geometry": { "type": "Polygon", "coordinates": [ [ [ 4.2, 19.1 ], [ 3.5, 15.4 ], [ -2.6, 14.2 ], [ -6.0, 10.2 ], [ -8.0, 10.2 ], [ -9.1, 12.4 ], [ -11.5, 12.2 ], [ -11.5, 15.6 ], [ -5.5, 15.5 ], [ -6.6, 25.0 ], [ 4.2, 19.1 ] ] ] } },
{ "type": "Feature", "properties": { }, "geometry": { "type": "MultiPolygon", "coordinates": [ [ [ [ 14.5, 35.9 ], [ 14.4, 35.9 ], [ 14.4, 36.0 ], [ 14.5, 35.9 ] ] ], [ [ [ 14.3, 36.0 ], [ 14.2, 36.0 ], [ 14.2, 36.1 ], [ 14.3, 36.0 ] ] ] ] } },
{ "type": "Feature", "properties": { }, "geometry": { "type": "MultiPolygon", "coordinates": [ [ [ [ 94.6, 16.2 ], [ 94.4, 15.8 ], [ 94.4, 16.0 ], [ 94.6, 16.2 ] ] ], [ [ [ 93.7, 18.9 ], [ 93.7, 18.7 ], [ 93.5, 18.9 ], [ 93.7, 18.9 ] ] ], [ [ [ 97.4, 18.5 ], [ 99.6, 11.8 ], [ 98.6, 10.0 ], [ 98.9, 11.7 ], [ 97.7, 16.6 ], [ 96.9, 17.4 ], [ 94.6, 16.2 ], [ 94.2, 16.0 ], [ 94.0, 19.4 ], [ 93.5, 19.9 ], [ 93.4, 20.0 ], [ 92.2, 21.3 ], [ 97.6, 28.5 ], [ 98.7, 26.7 ], [ 97.6, 23.9 ], [ 100.8, 21.3 ], [ 97.4, 18.5 ] ] ], [ [ [ 93.8, 19.3 ], [ 93.6, 19.5 ], [ 93.7, 19.6 ], [ 93.8, 19.3 ] ] ], [ [ [ 93.0, 20.0 ], [ 93.0, 19.8 ], [ 92.9, 20.0 ], [ 93.0, 20.0 ] ] ], [ [ [ 98.3, 10.0 ], [ 98.1, 9.9 ], [ 98.1, 10.0 ], [ 98.3, 10.0 ] ] ], [ [ [ 98.1, 10.9 ], [ 98.2, 11.0 ], [ 98.3, 10.8 ], [ 98.1, 10.9 ] ] ], [ [ [ 98.5, 11.8 ], [ 98.5, 11.5 ], [ 98.4, 11.6 ], [ 98.5, 11.8 ] ] ], [ [ [ 98.6, 12.0 ], [ 98.5, 11.9 ], [ 98.5, 12.1 ], [ 98.6, 12.0 ] ] ], [ [ [ 98.3, 12.3 ], [ 98.3, 12.7 ], [ 98.5, 12.6 ], [ 98.3, 12.3 ] ] ] ] } },
{ "type": "Feature", "properties": { }, "geometry": { "type": "Polygon", "coordinates": [ [ [ 18.4, 42.5 ], [ 20.3, 42.9 ], [ 19.3, 41.9 ], [ 18.4, 42.5 ] ] ] } },
{ "type": "Feature", "properties": { }, "geometry": { "type": "Polygon", "coordinates": [ [ [ 116.7, 49.8 ], [ 115.6, 47.9 ], [ 119.9, 46.7 ], [ 111.9, 45.1 ], [ 110.4, 42.8 ], [ 105.0, 41.6 ], [ 96.4, 42.7 ], [ 90.9, 45.2 ], [ 90.3, 47.7 ], [ 87.7, 48.9 ], [ 92.4, 50.9 ], [ 97.4, 49.7 ], [ 98.9, 52.1 ], [ 108.6, 49.3 ], [ 116.7, 49.8 ] ] ] } },
{ "type": "Feature", "properties": { }, "geometry": { "type": "MultiPolygon", "coordinates": [ [ [ [ 145.7, 15.2 ], [ 145.8, 15.3 ], [ 145.7, 15.1 ], [ 145.7, 15.2 ] ] ] ] } },
{ "type": "Feature", "properties": { }, "geometry": { "type": "Polygon", "coordinates": [ [ [ 32.8, -26.9 ], [ 31.3, -22.4 ], [ 32.9, -16.7 ], [ 30.2, -15.0 ], [ 34.4, -14.4 ], [ 35.3, -17.1 ], [ 34.6, -11.6 ], [ 40.5, -10.5 ], [ 40.6, -15.5 ], [ 34.6, -19.7 ], [ 35.5, -24.1 ], [ 32.8, -26.9 ] ] ] } },
{ "type": "Feature", "properties": { }, "geometry": { "type": "MultiPolygon", "coordinates": [ [ [ [ -16.4, 19.7 ], [ -16.5, 19.7 ], [ -16.3, 19.9 ], [ -16.4, 19.7 ] ] ], [ [ [ -12.3, 14.8 ], [ -14.5, 16.7 ], [ -16.5, 15.8 ], [ -16.0, 18.2 ], [ -16.2, 20.2 ], [ -17.0, 21.3 ], [ -13.0, 21.3 ], [ -12.0, 26.0 ], [ -8.7, 26.0 ], [ -8.7, 27.3 ], [ -4.8, 25.0 ], [ -6.6, 25.0 ], [ -5.5, 15.5 ], [ -12.3, 14.8 ] ] ] ] } },
{ "type": "Feature", "properties": { }, "geometry": { "type": "Polygon", "coordinates": [ ] } },
{ "type": "Feature", "properties": { }, "geometry": { "type": "Polygon", "coordinates": [ [ [ 57.8, -20.2 ], [ 57.3, -20.4 ], [ 57.7, -20.0 ], [ 57.8, -20.2 ] ] ] } },
{ "type": "Feature", "properties": { }, "geometry": { "type": "MultiPolygon", "coordinates": [ [ [ [ 34.4, -12.2 ], [ 34.6, -13.4 ], [ 35.9, -14.9 ], [ 35.2, -17.1 ], [ 32.7, -13.6 ], [ 32.9, -9.4 ], [ 34.4, -12.2 ] ] ] ] } },
{ "type": "Feature", "properties": { }, "geometry": { "type": "MultiPolygon", "coordinates": [ [ [ [ 111.4, 2.7 ], [ 111.4, 2.4 ], [ 111.3, 2.4 ], [ 111.4, 2.7 ] ] ], [ [ [ 115.7, 4.2 ], [ 114.5, 1.5 ], [ 110.5, 0.9 ], [ 109.5, 1.8 ], [ 111.2, 1.4 ], [ 116.8, 7.0 ], [ 119.3, 5.4 ], [ 115.7, 4.2 ] ] ], [ [ [ 103.4, 4.9 ], [ 104.3, 1.4 ], [ 101.3, 2.9 ], [ 101.3, 3.0 ], [ 101.3, 3.3 ], [ 100.7, 4.0 ], [ 100.2, 6.6 ], [ 103.4, 4.9 ] ] ], [ [ [ 117.7, 4.3 ], [ 117.9, 4.2 ], [ 117.6, 4.2 ], [ 117.7, 4.3 ] ] ], [ [ [ 99.7, 6.3 ], [ 99.6, 6.4 ], [ 99.8, 6.5 ], [ 99.7, 6.3 ] ] ], [ [ [ 117.3, 7.2 ], [ 117.1, 7.1 ], [ 117.1, 7.3 ], [ 117.3, 7.2 ] ] ] ] } },
{ "type": "Feature", "properties": { }, "geometry": { "type": "Polygon", "coordinates": [ [ [ 11.7, -17.2 ], [ 24.7, -17.5 ], [ 25.3, -17.8 ], [ 21.0, -18.3 ], [ 20.0, -28.5 ], [ 16.4, -28.6 ], [ 11.7, -17.2 ] ] ] } },
{ "type": "Feature", "properties": { }, "geometry": { "type": "MultiPolygon", "coordinates": [ [ [ [ 167.5, -22.6 ], [ 167.4, -22.6 ], [ 167.4, -22.5 ], [ 167.5, -22.6 ] ] ], [ [ [ 168.1, -21.4 ], [ 167.9, -21.6 ], [ 167.8, -21.4 ], [ 168.1, -21.4 ] ] ], [ [ [ 164.0, -20.2 ], [ 166.9, -22.1 ], [ 167.0, -22.3 ], [ 164.0, -20.2 ] ] ], [ [ [ 167.3, -20.7 ], [ 167.1, -21.0 ], [ 167.1, -20.7 ], [ 167.3, -20.7 ] ] ], [ [ [ 166.5, -20.7 ], [ 166.6, -20.4 ], [ 166.7, -20.5 ], [ 166.6, -20.7 ], [ 166.5, -20.7 ] ] ], [ [ [ 159.9, -19.2 ], [ 160.0, -19.2 ], [ 159.9, -19.3 ], [ 159.9, -19.2 ] ] ] ] } },
{ "type": "Feature", "properties": { }, "geometry": { "type": "Polygon", "coordinates": [ [ [ 15.0, 23.0 ], [ 15.5, 16.9 ], [ 13.6, 13.7 ], [ 4.7, 13.7 ], [ 3.6, 11.7 ], [ 1.0, 13.0 ], [ 0.2, 15.0 ], [ 3.8, 15.7 ], [ 4.2, 19.1 ], [ 12.0, 23.5 ], [ 15.0, 23.0 ] ] ] } },
{ "type": "Feature", "properties": { }, "geometry": { "type": "Polygon", "coordinates": [ [ [ 167.9, -29.1 ], [ 168.0, -29.0 ], [ 168.0, -29.1 ], [ 167.9, -29.1 ] ] ] } },
{ "type": "Feature", "properties": { }, "geometry": { "type": "MultiPolygon", "coordinates": [ [ [ [ 7.3, 4.4 ], [ 7.2, 4.5 ], [ 7.3, 4.5 ], [ 7.3, 4.4 ] ] ], [ [ [ 13.8, 13.5 ], [ 14.6, 11.5 ], [ 11.4, 6.5 ], [ 6.2, 4.3 ], [ 2.7, 6.4 ], [ 4.4, 13.6 ], [ 13.8, 13.5 ] ] ] ] } },
{ "type": "Feature", "properties": { }, "geometry": { "type": "Polygon", "coordinates": [ [ [ -83.2, 15.0 ], [ -83.7, 10.8 ], [ -87.7, 12.9 ], [ -85.0, 14.8 ], [ -83.2, 15.0 ] ] ] } },
{ "type": "Feature", "properties": { }, "geometry": { "type": "Polygon", "coordinates": [ ] } },
{ "type": "Feature", "properties": { }, "geometry": { "type": "Polygon", "coordinates": [ [ [ -68.2, 12.2 ], [ -68.3, 12.0 ], [ -68.4, 12.3 ], [ -68.2, 12.2 ] ] ] } },
{ "type": "Feature", "properties": { }, "geometry": { "type": "Polygon", "coordinates": [ ] } },
{ "type": "Feature", "properties": { }, "geometry": { "type": "Polygon", "coordinates": [ [ [ -63.2, 17.6 ], [ -63.3, 17.6 ], [ -63.2, 17.7 ], [ -63.2, 17.6 ] ] ] } },
{ "type": "Feature", "properties": { }, "geometry": { "type": "MultiPolygon", "coordinates": [ [ [ [ 4.1, 51.4 ], [ 4.0, 51.4 ], [ 3.4, 51.5 ], [ 4.3, 51.5 ], [ 4.8, 52.9 ], [ 7.2, 53.3 ], [ 6.0, 50.8 ], [ 5.0, 51.5 ], [ 4.4, 51.4 ], [ 4.3, 51.4 ], [ 4.2, 51.4 ], [ 4.1, 51.4 ] ] ], [ [ [ 3.4, 51.2 ], [ 3.4, 51.4 ], [ 4.0, 51.4 ], [ 3.4, 51.2 ] ] ], [ [ [ 4.7, 53.1 ], [ 4.9, 53.2 ], [ 4.9, 53.1 ], [ 4.7, 53.1 ] ] ] ] } },
{ "type": "Feature", "properties": { }, "geometry": { "type": "MultiPolygon", "coordinates": [ [ [ [ 5.0, 60.5 ], [ 5.1, 60.2 ], [ 5.0, 60.2 ], [ 5.0, 60.5 ] ] ], [ [ [ 5.0, 61.1 ], [ 4.8, 61.1 ], [ 4.8, 61.2 ], [ 5.0, 61.1 ] ] ], [ [ [ 8.1, 63.5 ], [ 8.1, 63.4 ], [ 7.8, 63.4 ], [ 8.1, 63.5 ] ] ], [ [ [ 8.8, 63.7 ], [ 8.3, 63.7 ], [ 8.7, 63.8 ], [ 8.8, 63.7 ] ] ], [ [ [ 11.1, 65.0 ], [ 11.2, 64.9 ], [ 10.7, 64.9 ], [ 11.1, 65.0 ] ] ], [ [ [ 12.0, 65.7 ], [ 11.8, 65.6 ], [ 11.8, 65.7 ], [ 12.0, 65.7 ] ] ], [ [ [ 12.8, 66.0 ], [ 12.4, 65.9 ], [ 12.5, 66.0 ], [ 12.8, 66.0 ] ] ], [ [ [ 12.6, 66.1 ], [ 12.3, 66.0 ], [ 12.3, 66.1 ], [ 12.6, 66.1 ] ] ], [ [ [ 13.1, 67.9 ], [ 12.8, 67.8 ], [ 13.0, 68.0 ], [ 13.1, 67.9 ] ] ], [ [ [ 13.4, 68.0 ], [ 13.2, 68.1 ], [ 13.7, 68.3 ], [ 13.4, 68.0 ] ] ], [ [ [ 16.5, 68.7 ], [ 14.3, 68.2 ], [ 15.4, 68.6 ], [ 16.0, 69.3 ], [ 16.5, 68.7 ] ] ], [ [ [ 14.5, 68.6 ], [ 14.4, 68.7 ], [ 15.1, 69.0 ], [ 14.5, 68.6 ] ] ], [ [ [ 18.0, 69.2 ], [ 16.8, 69.1 ], [ 17.3, 69.5 ], [ 18.0, 69.2 ] ] ], [ [ [ 21.4, 78.7 ], [ 20.2, 78.5 ], [ 19.2, 78.4 ], [ 16.7, 76.6 ], [ 14.0, 77.5 ], [ 16.9, 77.9 ], [ 13.7, 78.0 ], [ 16.8, 78.7 ], [ 13.2, 78.2 ], [ 10.7, 79.8 ], [ 21.4, 78.7 ] ] ], [ [ [ 12.1, 78.2 ], [ 11.1, 78.5 ], [ 10.6, 78.9 ], [ 12.1, 78.2 ] ] ], [ [ [ 29.7, 69.7 ], [ 30.1, 69.8 ], [ 30.9, 69.8 ], [ 29.7, 69.7 ] ] ], [ [ [ 18.2, 68.5 ], [ 12.2, 63.6 ], [ 11.6, 58.9 ], [ 10.6, 59.8 ], [ 7.0, 58.0 ], [ 5.1, 59.2 ], [ 7.0, 60.5 ], [ 5.1, 59.6 ], [ 5.1, 60.2 ], [ 5.0, 61.0 ], [ 7.0, 61.0 ], [ 7.6, 61.2 ], [ 5.1, 62.2 ], [ 10.8, 63.5 ], [ 9.6, 63.7 ], [ 15.7, 67.5 ], [ 14.8, 67.8 ], [ 17.6, 68.4 ], [ 16.5, 68.5 ], [ 18.1, 69.2 ], [ 18.3, 69.5 ], [ 25.2, 70.1 ], [ 27.6, 71.1 ], [ 30.9, 70.4 ], [ 28.8, 70.1 ], [ 29.7, 69.8 ], [ 29.7, 69.7 ], [ 18.2, 68.5 ] ] ], [ [ [ 30.1, 69.8 ], [ 29.7, 69.8 ], [ 29.8, 69.9 ], [ 30.1, 69.8 ] ] ], [ [ [ 18.8, 69.6 ], [ 18.1, 69.6 ], [ 19.1, 70.2 ], [ 18.8, 69.6 ] ] ], [ [ [ 20.5, 70.2 ], [ 20.8, 70.2 ], [ 20.7, 70.1 ], [ 20.5, 70.2 ] ] ], [ [ [ 19.8, 70.1 ], [ 19.6, 70.3 ], [ 19.7, 70.3 ], [ 19.8, 70.1 ] ] ], [ [ [ 23.1, 70.3 ], [ 22.9, 70.4 ], [ 23.6, 70.6 ], [ 23.1, 70.3 ] ] ], [ [ [ 23.8, 70.7 ], [ 24.1, 70.7 ], [ 23.8, 70.5 ], [ 23.8, 70.7 ] ] ], [ [ [ 22.4, 70.5 ], [ 22.0, 70.7 ], [ 23.4, 70.8 ], [ 22.4, 70.5 ] ] ], [ [ [ 25.6, 71.0 ], [ 25.3, 71.1 ], [ 25.6, 71.1 ], [ 25.6, 71.0 ] ] ], [ [ [ 23.1, 78.2 ], [ 24.9, 77.8 ], [ 20.2, 78.5 ], [ 23.1, 78.2 ] ] ], [ [ [ 26.8, 78.7 ], [ 26.7, 78.6 ], [ 26.4, 78.8 ], [ 26.8, 78.7 ] ] ], [ [ [ 28.0, 78.8 ], [ 27.9, 78.9 ], [ 29.7, 78.9 ], [ 28.0, 78.8 ] ] ], [ [ [ 23.0, 80.5 ], [ 27.2, 79.9 ], [ 17.9, 80.1 ], [ 23.0, 80.5 ] ] ], [ [ [ 18.7, 80.3 ], [ 18.2, 80.3 ], [ 18.3, 80.4 ], [ 18.7, 80.3 ] ] ] ] } },
{ "type": "Feature", "properties": { }, "geometry": { "type": "Polygon", "coordinates": [ [ [ 88.1, 27.9 ], [ 87.3, 26.4 ], [ 80.1, 28.9 ], [ 81.9, 30.4 ], [ 88.1, 27.9 ] ] ] } },
{ "type": "Feature", "properties": { }, "geometry": { "type": "Polygon", "coordinates": [ ] } },
{ "type": "Feature", "properties": { }, "geometry": { "type": "MultiPolygon", "coordinates": [ [ [ [ 165.9, -50.8 ], [ 166.3, -50.5 ], [ 166.2, -50.8 ], [ 165.9, -50.8 ] ] ], [ [ [ 167.0, -45.2 ], [ 167.0, -45.3 ], [ 166.9, -45.2 ], [ 167.0, -45.2 ] ] ], [ [ [ -176.2, -44.2 ], [ -176.1, -44.3 ], [ -176.2, -44.3 ], [ -176.2, -44.2 ] ] ], [ [ [ -176.5, -44.1 ], [ -176.8, -43.8 ], [ -176.2, -43.7 ], [ -176.5, -44.1 ] ] ], [ [ [ 169.1, -52.5 ], [ 169.2, -52.5 ], [ 169.1, -52.6 ], [ 169.1, -52.5 ] ] ], [ [ [ 168.2, -47.1 ], [ 167.5, -47.3 ], [ 167.8, -46.7 ], [ 168.2, -47.1 ] ] ], [ [ [ 170.8, -45.9 ], [ 166.5, -46.0 ], [ 166.7, -45.7 ], [ 172.5, -40.6 ], [ 173.6, -41.1 ], [ 170.8, -45.9 ] ] ], [ [ [ 176.1, -37.6 ], [ 178.5, -37.7 ], [ 175.3, -41.6 ], [ 173.4, -34.8 ], [ 176.1, -37.6 ] ] ] ] } },
{ "type": "Feature", "properties": { }, "geometry": { "type": "MultiPolygon", "coordinates": [ [ [ [ 58.6, 20.3 ], [ 57.8, 19.0 ], [ 53.1, 16.6 ], [ 52.0, 19.0 ], [ 55.0, 20.0 ], [ 56.6, 24.5 ], [ 59.8, 22.2 ], [ 58.9, 20.7 ], [ 59.0, 20.5 ], [ 58.6, 20.3 ] ] ], [ [ [ 56.1, 26.1 ], [ 56.4, 26.4 ], [ 56.4, 25.8 ], [ 56.1, 26.1 ] ] ] ] } },
{ "type": "Feature", "properties": { }, "geometry": { "type": "Polygon", "coordinates": [ [ [ 76.8, 35.7 ], [ 74.0, 34.7 ], [ 74.6, 31.0 ], [ 69.5, 27.1 ], [ 71.0, 24.4 ], [ 61.6, 25.2 ], [ 63.3, 27.2 ], [ 60.8, 29.9 ], [ 66.2, 29.9 ], [ 72.2, 36.7 ], [ 76.8, 35.7 ] ] ] } },
{ "type": "Feature", "properties": { }, "geometry": { "type": "MultiPolygon", "coordinates": [ [ [ [ -81.9, 7.5 ], [ -81.7, 7.6 ], [ -81.6, 7.3 ], [ -81.9, 7.5 ] ] ], [ [ [ -77.9, 7.2 ], [ -79.1, 9.0 ], [ -80.7, 7.2 ], [ -83.0, 8.3 ], [ -82.8, 9.6 ], [ -82.2, 9.3 ], [ -81.4, 8.8 ], [ -79.1, 9.5 ], [ -77.9, 7.2 ] ] ], [ [ [ -82.2, 9.4 ], [ -82.2, 9.3 ], [ -82.3, 9.4 ], [ -82.2, 9.4 ] ] ] ] } },
{ "type": "Feature", "properties": { }, "geometry": { "type": "Polygon", "coordinates": [ ] } },
{ "type": "Feature", "properties": { }, "geometry": { "type": "Polygon", "coordinates": [ [ [ -70.0, -4.2 ], [ -72.9, -5.1 ], [ -74.0, -7.6 ], [ -68.7, -12.5 ], [ -70.4, -18.3 ], [ -75.9, -14.6 ], [ -81.3, -4.7 ], [ -80.3, -3.4 ], [ -79.0, -5.0 ], [ -75.2, -0.0 ], [ -72.9, -2.4 ], [ -70.1, -2.7 ], [ -70.0, -4.2 ] ] ] } },
{ "type": "Feature", "properties": { }, "geometry": { "type": "MultiPolygon", "coordinates": [ [ [ [ 120.0, 5.1 ], [ 119.8, 5.1 ], [ 120.2, 5.3 ], [ 120.0, 5.1 ] ] ], [ [ [ 121.2, 5.9 ], [ 120.9, 6.0 ], [ 121.2, 6.1 ], [ 121.2, 5.9 ] ] ], [ [ [ 117.0, 7.9 ], [ 117.0, 8.1 ], [ 117.1, 8.1 ], [ 117.0, 7.9 ] ] ], [ [ [ 119.2, 10.5 ], [ 119.6, 11.3 ], [ 119.7, 10.5 ], [ 117.5, 8.9 ], [ 119.2, 10.5 ] ] ], [ [ [ 119.7, 11.5 ], [ 119.9, 11.5 ], [ 119.8, 11.4 ], [ 119.7, 11.5 ] ] ], [ [ [ 120.1, 11.9 ], [ 120.0, 11.7 ], [ 119.9, 12.0 ], [ 120.1, 11.9 ] ] ], [ [ [ 120.0, 12.0 ], [ 119.9, 12.3 ], [ 120.2, 12.2 ], [ 120.0, 12.0 ] ] ], [ [ [ 121.5, 13.1 ], [ 121.2, 12.2 ], [ 120.3, 13.4 ], [ 121.5, 13.1 ] ] ], [ [ [ 120.3, 13.8 ], [ 120.3, 13.7 ], [ 120.1, 13.8 ], [ 120.3, 13.8 ] ] ], [ [ [ 121.9, 14.7 ], [ 121.8, 15.0 ], [ 122.1, 15.0 ], [ 121.9, 14.7 ] ] ], [ [ [ 122.0, 19.0 ], [ 121.9, 18.8 ], [ 121.8, 18.8 ], [ 122.0, 19.0 ] ] ], [ [ [ 122.1, 6.7 ], [ 122.3, 6.6 ], [ 122.0, 6.4 ], [ 122.1, 6.7 ] ] ], [ [ [ 123.7, 9.3 ], [ 123.7, 9.1 ], [ 123.5, 9.1 ], [ 123.7, 9.3 ] ] ], [ [ [ 122.4, 9.9 ], [ 123.5, 10.9 ], [ 123.2, 9.9 ], [ 123.3, 9.4 ], [ 123.3, 9.2 ], [ 122.4, 9.9 ] ] ], [ [ [ 122.7, 10.7 ], [ 122.5, 10.4 ], [ 122.5, 10.6 ], [ 122.7, 10.7 ] ] ], [ [ [ 122.8, 10.8 ], [ 122.0, 10.4 ], [ 121.9, 11.9 ], [ 122.8, 10.8 ] ] ], [ [ [ 123.2, 11.9 ], [ 123.2, 12.6 ], [ 123.9, 12.2 ], [ 124.0, 11.8 ], [ 123.2, 11.9 ] ] ], [ [ [ 122.0, 12.6 ], [ 122.1, 12.7 ], [ 122.0, 12.1 ], [ 122.0, 12.6 ] ] ], [ [ [ 122.7, 12.4 ], [ 122.7, 12.3 ], [ 122.4, 12.4 ], [ 122.7, 12.4 ] ] ], [ [ [ 123.8, 12.5 ], [ 123.8, 12.4 ], [ 123.6, 12.6 ], [ 123.8, 12.5 ] ] ], [ [ [ 121.8, 13.3 ], [ 121.9, 13.6 ], [ 122.1, 13.5 ], [ 121.8, 13.3 ] ] ], [ [ [ 121.6, 14.5 ], [ 122.1, 13.9 ], [ 122.2, 14.0 ], [ 122.6, 14.3 ], [ 123.8, 13.8 ], [ 124.1, 12.6 ], [ 123.0, 13.1 ], [ 120.1, 14.9 ], [ 120.6, 18.5 ], [ 121.9, 18.3 ], [ 121.6, 14.5 ] ] ], [ [ [ 121.9, 20.5 ], [ 122.0, 20.5 ], [ 122.0, 20.4 ], [ 121.9, 20.5 ] ] ], [ [ [ 125.7, 7.1 ], [ 125.3, 5.6 ], [ 123.7, 7.8 ], [ 121.9, 7.1 ], [ 125.5, 9.0 ], [ 125.5, 9.8 ], [ 126.6, 7.2 ], [ 125.7, 7.3 ], [ 125.7, 7.2 ], [ 125.8, 7.1 ], [ 125.7, 7.1 ] ] ], [ [ [ 123.9, 9.6 ], [ 123.8, 9.8 ], [ 124.3, 10.2 ], [ 123.9, 9.6 ] ] ], [ [ [ 125.5, 10.3 ], [ 125.7, 10.4 ], [ 125.7, 9.9 ], [ 125.5, 10.3 ] ] ], [ [ [ 124.3, 10.6 ], [ 124.3, 10.7 ], [ 124.4, 10.6 ], [ 124.3, 10.6 ] ] ], [ [ [ 125.3, 10.3 ], [ 125.0, 10.4 ], [ 125.0, 10.0 ], [ 124.3, 11.5 ], [ 125.3, 10.3 ] ] ], [ [ [ 123.7, 11.2 ], [ 123.7, 11.3 ], [ 123.8, 11.3 ], [ 123.7, 11.2 ] ] ], [ [ [ 124.5, 11.5 ], [ 124.4, 11.7 ], [ 124.5, 11.7 ], [ 124.5, 11.5 ] ] ], [ [ [ 125.5, 11.6 ], [ 125.7, 11.0 ], [ 124.3, 12.6 ], [ 125.5, 11.6 ] ] ], [ [ [ 124.1, 14.0 ], [ 124.2, 14.1 ], [ 124.4, 13.7 ], [ 124.1, 14.0 ] ] ] ] } },
{ "type": "Feature", "properties": { }, "geometry": { "type": "MultiPolygon", "coordinates": [ [ [ [ 134.5, 7.5 ], [ 134.7, 7.7 ], [ 134.6, 7.4 ], [ 134.5, 7.5 ] ] ] ] } },
{ "type": "Feature", "properties": { }, "geometry": { "type": "MultiPolygon", "coordinates": [ [ [ [ 150.4, -9.6 ], [ 150.4, -9.4 ], [ 150.8, -9.4 ], [ 150.4, -9.6 ] ] ], [ [ [ 150.4, -9.3 ], [ 150.4, -9.4 ], [ 150.3, -9.5 ], [ 150.1, -9.4 ], [ 150.4, -9.3 ] ] ], [ [ [ 141.0, -2.6 ], [ 147.6, -6.1 ], [ 147.2, -7.4 ], [ 150.8, -10.2 ], [ 147.8, -10.1 ], [ 144.9, -7.6 ], [ 142.2, -8.2 ], [ 142.6, -9.3 ], [ 141.0, -8.3 ], [ 141.0, -2.6 ] ] ], [ [ [ 148.1, -5.6 ], [ 148.0, -5.8 ], [ 147.9, -5.7 ], [ 148.1, -5.6 ] ] ], [ [ [ 147.1, -5.2 ], [ 147.2, -5.4 ], [ 147.1, -5.4 ], [ 147.1, -5.2 ] ] ], [ [ [ 150.5, -6.3 ], [ 148.3, -5.7 ], [ 150.7, -5.5 ], [ 152.4, -4.3 ], [ 150.5, -6.3 ] ] ], [ [ [ 146.1, -4.6 ], [ 146.0, -4.8 ], [ 145.9, -4.7 ], [ 146.1, -4.6 ] ] ], [ [ [ 150.2, -2.4 ], [ 150.4, -2.7 ], [ 150.2, -2.7 ], [ 150.2, -2.4 ] ] ], [ [ [ 147.2, -2.2 ], [ 146.5, -2.2 ], [ 146.7, -2.0 ], [ 147.2, -2.2 ] ] ], [ [ [ 149.7, -1.4 ], [ 149.8, -1.6 ], [ 149.5, -1.5 ], [ 149.7, -1.4 ] ] ], [ [ [ 153.3, -11.5 ], [ 153.2, -11.3 ], [ 153.8, -11.6 ], [ 153.3, -11.5 ] ] ], [ [ [ 154.1, -11.3 ], [ 154.3, -11.4 ], [ 154.1, -11.4 ], [ 154.1, -11.3 ] ] ], [ [ [ 151.0, -10.1 ], [ 150.8, -9.7 ], [ 151.1, -10.0 ], [ 151.0, -10.1 ] ] ], [ [ [ 152.9, -9.2 ], [ 152.5, -9.0 ], [ 152.8, -9.0 ], [ 152.9, -9.2 ] ] ], [ [ [ 151.1, -8.4 ], [ 151.1, -8.8 ], [ 151.0, -8.7 ], [ 151.1, -8.4 ] ] ], [ [ [ 155.3, -6.6 ], [ 154.7, -5.4 ], [ 155.8, -6.4 ], [ 155.3, -6.6 ] ] ], [ [ [ 154.7, -5.2 ], [ 154.7, -5.4 ], [ 154.6, -5.4 ], [ 154.6, -5.2 ], [ 154.7, -5.2 ] ] ], [ [ [ 152.3, -3.6 ], [ 150.7, -2.7 ], [ 150.8, -2.6 ], [ 152.0, -3.3 ], [ 153.0, -4.1 ], [ 152.3, -3.6 ] ] ], [ [ [ 152.7, -3.1 ], [ 152.6, -3.2 ], [ 152.5, -3.1 ], [ 152.7, -3.1 ] ] ], [ [ [ 152.1, -2.9 ], [ 152.1, -3.0 ], [ 152.0, -2.9 ], [ 152.1, -2.9 ] ] ], [ [ [ 151.9, -2.8 ], [ 151.9, -2.7 ], [ 152.0, -2.7 ], [ 151.9, -2.8 ] ] ] ] } },
{ "type": "Feature", "properties": { }, "geometry": { "type": "Polygon", "coordinates": [ [ [ 14.2, 54.0 ], [ 23.5, 54.1 ], [ 24.1, 50.5 ], [ 22.8, 49.0 ], [ 14.8, 50.9 ], [ 14.2, 54.0 ] ] ] } },
{ "type": "Feature", "properties": { }, "geometry": { "type": "MultiPolygon", "coordinates": [ [ [ [ -65.6, 18.2 ], [ -67.2, 18.0 ], [ -67.2, 18.5 ], [ -65.6, 18.2 ] ] ] ] } },
{ "type": "Feature", "properties": { }, "geometry": { "type": "MultiPolygon", "coordinates": [ [ [ [ 124.9, 39.5 ], [ 124.8, 39.6 ], [ 124.9, 39.6 ], [ 124.9, 39.5 ] ] ], [ [ [ 130.6, 42.5 ], [ 127.6, 39.8 ], [ 128.2, 38.4 ], [ 124.7, 38.1 ], [ 125.6, 38.7 ], [ 125.4, 39.5 ], [ 124.5, 40.2 ], [ 130.6, 42.5 ] ] ] ] } },
{ "type": "Feature", "properties": { }, "geometry": { "type": "Polygon", "coordinates": [ [ [ -17.0, 32.7 ], [ -16.9, 32.8 ], [ -16.7, 32.8 ], [ -17.0, 32.7 ] ] ] } },
{ "type": "Feature", "properties": { }, "geometry": { "type": "MultiPolygon", "coordinates": [ [ [ [ -28.5, 38.4 ], [ -28.5, 38.5 ], [ -28.1, 38.4 ], [ -28.5, 38.4 ] ] ], [ [ [ -27.3, 38.8 ], [ -27.0, 38.7 ], [ -27.1, 38.6 ], [ -27.3, 38.8 ] ] ], [ [ [ -31.3, 39.5 ], [ -31.1, 39.5 ], [ -31.2, 39.4 ], [ -31.3, 39.5 ] ] ] ] } },
{ "type": "Feature", "properties": { }, "geometry": { "type": "Polygon", "coordinates": [ [ [ -7.4, 37.2 ], [ -9.0, 37.0 ], [ -9.5, 38.7 ], [ -8.3, 42.1 ], [ -6.2, 41.5 ], [ -7.4, 37.2 ] ] ] } },
{ "type": "Feature", "properties": { }, "geometry": { "type": "Polygon", "coordinates": [ [ [ -58.2, -20.2 ], [ -58.0, -22.1 ], [ -54.2, -24.0 ], [ -55.7, -27.4 ], [ -58.6, -27.3 ], [ -57.6, -25.3 ], [ -62.7, -22.2 ], [ -61.8, -19.6 ], [ -58.2, -20.2 ] ] ] } },
{ "type": "Feature", "properties": { }, "geometry": { "type": "MultiPolygon", "coordinates": [ [ [ [ 34.2, 31.2 ], [ 34.5, 31.6 ], [ 34.5, 31.5 ], [ 34.2, 31.2 ] ] ], [ [ [ 35.6, 32.4 ], [ 34.9, 31.4 ], [ 35.2, 32.5 ], [ 35.6, 32.4 ] ] ] ] } },
{ "type": "Feature", "properties": { }, "geometry": { "type": "MultiPolygon", "coordinates": [ [ [ [ -140.8, -17.7 ], [ -140.6, -17.7 ], [ -140.8, -17.9 ], [ -140.8, -17.7 ] ] ], [ [ [ -149.6, -17.7 ], [ -149.6, -17.5 ], [ -149.4, -17.5 ], [ -149.6, -17.7 ] ] ], [ [ [ -151.4, -16.9 ], [ -151.5, -16.9 ], [ -151.5, -16.7 ], [ -151.4, -16.9 ] ] ], [ [ [ -143.4, -16.6 ], [ -143.4, -16.7 ], [ -143.6, -16.6 ], [ -143.4, -16.6 ] ] ], [ [ [ -140.1, -8.8 ], [ -140.0, -8.9 ], [ -140.2, -8.9 ], [ -140.1, -8.8 ] ] ] ] } },
{ "type": "Feature", "properties": { }, "geometry": { "type": "Polygon", "coordinates": [ [ [ 51.6, 25.1 ], [ 50.8, 25.4 ], [ 51.3, 26.2 ], [ 51.6, 25.1 ] ] ] } },
{ "type": "Feature", "properties": { }, "geometry": { "type": "Polygon", "coordinates": [ [ [ 26.7, 48.3 ], [ 29.7, 45.3 ], [ 28.6, 43.7 ], [ 22.9, 43.8 ], [ 20.2, 46.1 ], [ 26.7, 48.3 ] ] ] } },
{ "type": "Feature", "properties": { }, "geometry": { "type": "MultiPolygon", "coordinates": [ [ [ [ 22.8, 54.4 ], [ 19.6, 54.5 ], [ 20.9, 55.3 ], [ 22.8, 54.4 ] ] ], [ [ [ 35.5, 65.2 ], [ 35.8, 65.1 ], [ 35.8, 65.0 ], [ 35.5, 65.2 ] ] ], [ [ [ 48.7, 68.7 ], [ 48.3, 69.1 ], [ 49.2, 69.5 ], [ 48.7, 68.7 ] ] ], [ [ [ 59.0, 69.9 ], [ 58.5, 70.3 ], [ 60.5, 69.9 ], [ 59.0, 69.9 ] ] ], [ [ [ 53.0, 71.0 ], [ 52.2, 71.3 ], [ 52.9, 71.4 ], [ 53.0, 71.0 ] ] ], [ [ [ 55.3, 71.9 ], [ 57.6, 70.7 ], [ 51.4, 71.8 ], [ 56.2, 73.0 ], [ 55.3, 71.9 ] ] ], [ [ [ 51.3, 80.0 ], [ 51.4, 79.9 ], [ 50.1, 80.0 ], [ 51.3, 80.0 ] ] ], [ [ [ 59.5, 80.1 ], [ 59.9, 80.0 ], [ 59.3, 79.9 ], [ 59.5, 80.1 ] ] ], [ [ [ 50.0, 80.1 ], [ 49.6, 80.2 ], [ 49.9, 80.2 ], [ 50.0, 80.1 ] ] ], [ [ [ 56.0, 80.3 ], [ 57.1, 80.3 ], [ 57.0, 80.1 ], [ 56.0, 80.3 ] ] ], [ [ [ 53.2, 80.4 ], [ 53.9, 80.3 ], [ 52.9, 80.2 ], [ 53.2, 80.4 ] ] ], [ [ [ 57.0, 80.5 ], [ 59.3, 80.3 ], [ 57.8, 80.1 ], [ 57.0, 80.5 ] ] ], [ [ [ 48.4, 80.1 ], [ 46.6, 80.3 ], [ 49.1, 80.5 ], [ 50.1, 80.9 ], [ 51.7, 80.7 ], [ 48.4, 80.1 ] ] ], [ [ [ 46.1, 80.4 ], [ 44.9, 80.6 ], [ 47.4, 80.9 ], [ 48.7, 80.6 ], [ 46.1, 80.4 ] ] ], [ [ [ 61.1, 80.4 ], [ 59.3, 80.6 ], [ 62.2, 80.8 ], [ 61.1, 80.4 ] ] ], [ [ [ 55.9, 80.6 ], [ 54.0, 80.9 ], [ 54.7, 81.1 ], [ 57.6, 80.8 ], [ 55.9, 80.6 ] ] ], [ [ [ 57.4, 80.9 ], [ 57.2, 81.0 ], [ 58.9, 80.8 ], [ 57.4, 80.9 ] ] ], [ [ [ 50.7, 81.2 ], [ 50.9, 81.1 ], [ 50.4, 81.1 ], [ 50.7, 81.2 ] ] ], [ [ [ 59.4, 81.3 ], [ 58.6, 81.3 ], [ 58.9, 81.4 ], [ 59.4, 81.3 ] ] ], [ [ [ 57.5, 81.1 ], [ 55.5, 81.3 ], [ 58.6, 81.4 ], [ 57.5, 81.1 ] ] ], [ [ [ 59.3, 81.9 ], [ 59.4, 81.8 ], [ 57.9, 81.7 ], [ 59.3, 81.9 ] ] ], [ [ [ 67.3, 69.4 ], [ 67.0, 69.5 ], [ 67.2, 69.6 ], [ 67.3, 69.4 ] ] ], [ [ [ 66.5, 70.8 ], [ 66.6, 70.5 ], [ 66.4, 70.6 ], [ 66.5, 70.8 ] ] ], [ [ [ 77.7, 72.6 ], [ 78.4, 72.5 ], [ 76.9, 72.3 ], [ 77.7, 72.6 ] ] ], [ [ [ 79.5, 72.7 ], [ 78.6, 72.9 ], [ 79.2, 73.1 ], [ 79.5, 72.7 ] ] ], [ [ [ 74.4, 73.1 ], [ 75.0, 73.1 ], [ 74.6, 72.9 ], [ 74.4, 73.1 ] ] ], [ [ [ 70.9, 73.5 ], [ 71.6, 73.2 ], [ 70.3, 73.0 ], [ 70.9, 73.5 ] ] ], [ [ [ 75.8, 73.5 ], [ 75.3, 73.4 ], [ 75.6, 73.5 ], [ 75.8, 73.5 ] ] ], [ [ [ 82.7, 74.1 ], [ 82.3, 74.1 ], [ 82.5, 74.2 ], [ 82.7, 74.1 ] ] ], [ [ [ 84.7, 74.4 ], [ 84.4, 74.5 ], [ 84.7, 74.5 ], [ 84.7, 74.4 ] ] ], [ [ [ 86.3, 74.9 ], [ 87.1, 74.9 ], [ 87.5, 75.0 ], [ 87.0, 75.2 ], [ 99.5, 75.8 ], [ 98.8, 76.5 ], [ 104.2, 77.7 ], [ 113.9, 75.9 ], [ 105.1, 72.8 ], [ 110.3, 74.0 ], [ 113.0, 73.9 ], [ 113.1, 72.8 ], [ 113.3, 72.7 ], [ 113.7, 72.6 ], [ 114.1, 73.6 ], [ 118.5, 73.6 ], [ 119.6, 73.1 ], [ 120.0, 73.2 ], [ 119.8, 73.0 ], [ 122.5, 72.9 ], [ 124.5, 73.8 ], [ 129.1, 73.1 ], [ 127.7, 72.4 ], [ 131.2, 70.7 ], [ 132.7, 71.9 ], [ 137.9, 71.1 ], [ 140.7, 72.9 ], [ 144.3, 72.6 ], [ 159.4, 70.8 ], [ 160.9, 68.5 ], [ 175.9, 69.9 ], [ 190.3, 66.1 ], [ 187.2, 65.7 ], [ 186.8, 64.3 ], [ 180.9, 66.4 ], [ 179.4, 64.8 ], [ 176.4, 65.1 ], [ 174.5, 64.7 ], [ 178.2, 64.4 ], [ 179.1, 62.3 ], [ 170.4, 60.0 ], [ 163.7, 60.0 ], [ 162.0, 58.1 ], [ 163.3, 56.2 ], [ 156.7, 51.0 ], [ 156.0, 56.7 ], [ 165.4, 62.5 ], [ 160.2, 60.6 ], [ 160.3, 61.9 ], [ 157.1, 61.7 ], [ 154.3, 59.8 ], [ 155.2, 59.2 ], [ 150.7, 59.2 ], [ 142.3, 59.2 ], [ 135.2, 54.8 ], [ 141.4, 53.3 ], [ 140.1, 48.4 ], [ 135.1, 43.5 ], [ 130.6, 42.6 ], [ 131.0, 44.8 ], [ 133.1, 45.1 ], [ 134.7, 48.3 ], [ 131.0, 47.7 ], [ 123.6, 53.5 ], [ 120.1, 52.8 ], [ 117.9, 49.5 ], [ 108.6, 49.3 ], [ 98.9, 52.1 ], [ 97.4, 49.7 ], [ 92.4, 50.9 ], [ 87.4, 49.1 ], [ 80.0, 50.8 ], [ 76.8, 54.4 ], [ 73.4, 53.4 ], [ 69.0, 55.4 ], [ 61.2, 54.0 ], [ 62.1, 53.0 ], [ 60.0, 51.9 ], [ 60.9, 50.7 ], [ 50.8, 51.7 ], [ 47.4, 50.4 ], [ 46.7, 48.4 ], [ 49.2, 46.3 ], [ 47.5, 45.7 ], [ 46.7, 44.6 ], [ 48.6, 41.8 ], [ 47.5, 41.2 ], [ 36.7, 45.1 ], [ 40.1, 49.6 ], [ 31.8, 52.1 ], [ 32.7, 53.4 ], [ 30.9, 55.6 ], [ 27.6, 56.8 ], [ 28.1, 59.8 ], [ 30.2, 60.0 ], [ 27.8, 60.5 ], [ 31.5, 62.9 ], [ 28.4, 68.9 ], [ 32.0, 70.0 ], [ 41.0, 67.7 ], [ 38.7, 66.1 ], [ 34.5, 66.6 ], [ 32.9, 67.1 ], [ 31.9, 67.2 ], [ 37.4, 63.8 ], [ 36.9, 65.2 ], [ 44.1, 66.0 ], [ 43.3, 68.7 ], [ 45.9, 68.5 ], [ 46.7, 67.8 ], [ 44.9, 67.4 ], [ 46.5, 66.8 ], [ 53.8, 69.0 ], [ 59.7, 68.4 ], [ 60.9, 69.8 ], [ 68.5, 68.3 ], [ 66.6, 71.1 ], [ 71.5, 72.9 ], [ 72.8, 72.7 ], [ 71.9, 71.5 ], [ 73.6, 68.5 ], [ 69.0, 66.8 ], [ 70.0, 66.4 ], [ 72.1, 66.3 ], [ 75.1, 68.9 ], [ 76.5, 69.0 ], [ 73.8, 69.2 ], [ 73.1, 71.4 ], [ 74.8, 72.8 ], [ 75.7, 71.3 ], [ 83.1, 71.7 ], [ 82.2, 70.6 ], [ 83.1, 70.1 ], [ 83.5, 71.7 ], [ 80.6, 73.6 ], [ 86.7, 73.1 ], [ 87.6, 73.8 ], [ 85.8, 74.6 ], [ 86.9, 74.7 ], [ 86.9, 74.8 ], [ 86.3, 74.9 ] ], [ [ 77.2, 67.8 ], [ 78.9, 67.6 ], [ 77.7, 68.9 ], [ 76.5, 69.0 ], [ 77.2, 67.8 ] ] ], [ [ [ 56.6, 73.3 ], [ 53.8, 73.8 ], [ 58.9, 75.9 ], [ 68.9, 76.7 ], [ 56.6, 73.3 ] ] ], [ [ [ 81.9, 75.3 ], [ 81.5, 75.4 ], [ 82.2, 75.5 ], [ 81.9, 75.3 ] ] ], [ [ [ 95.3, 77.0 ], [ 96.6, 77.2 ], [ 96.2, 77.0 ], [ 95.3, 77.0 ] ] ], [ [ [ 89.5, 77.2 ], [ 89.1, 77.2 ], [ 89.3, 77.3 ], [ 89.5, 77.2 ] ] ], [ [ [ 76.1, 79.6 ], [ 77.6, 79.5 ], [ 76.8, 79.5 ], [ 76.1, 79.6 ] ] ], [ [ [ 92.2, 80.0 ], [ 93.8, 79.9 ], [ 92.2, 79.7 ], [ 92.2, 80.0 ] ] ], [ [ [ 93.9, 80.0 ], [ 91.5, 80.4 ], [ 95.2, 81.3 ], [ 97.9, 80.8 ], [ 93.9, 80.0 ] ] ], [ [ [ 80.4, 80.9 ], [ 79.0, 80.8 ], [ 79.2, 81.0 ], [ 80.4, 80.9 ] ] ], [ [ [ 64.8, 81.2 ], [ 65.4, 80.9 ], [ 62.5, 80.8 ], [ 64.8, 81.2 ] ] ], [ [ [ 61.1, 81.0 ], [ 60.1, 81.0 ], [ 60.6, 81.1 ], [ 61.1, 81.0 ] ] ], [ [ [ 62.8, 81.7 ], [ 63.8, 81.6 ], [ 63.5, 81.6 ], [ 62.8, 81.7 ] ] ], [ [ [ 145.6, 43.7 ], [ 145.4, 43.7 ], [ 146.1, 44.5 ], [ 146.6, 44.4 ], [ 145.6, 43.7 ] ] ], [ [ [ 144.7, 48.6 ], [ 143.1, 49.2 ], [ 143.6, 46.4 ], [ 142.1, 45.9 ], [ 141.7, 52.3 ], [ 142.9, 53.8 ], [ 144.7, 48.6 ] ] ], [ [ [ 137.7, 54.7 ], [ 137.2, 54.8 ], [ 137.6, 55.2 ], [ 137.7, 54.7 ] ] ], [ [ [ 137.1, 71.5 ], [ 138.0, 71.5 ], [ 137.7, 71.4 ], [ 137.1, 71.5 ] ] ], [ [ [ 140.7, 73.5 ], [ 139.7, 73.4 ], [ 141.9, 73.9 ], [ 143.5, 73.2 ], [ 140.7, 73.5 ] ] ], [ [ [ 135.6, 74.2 ], [ 136.3, 74.0 ], [ 136.1, 73.9 ], [ 135.6, 74.2 ] ] ], [ [ [ 140.9, 74.3 ], [ 141.1, 74.2 ], [ 140.4, 73.9 ], [ 140.9, 74.3 ] ] ], [ [ [ 112.1, 74.2 ], [ 111.5, 74.4 ], [ 113.4, 74.4 ], [ 112.1, 74.2 ] ] ], [ [ [ 141.5, 76.1 ], [ 145.4, 75.5 ], [ 136.9, 75.3 ], [ 141.5, 76.1 ] ] ], [ [ [ 135.7, 75.8 ], [ 136.2, 75.6 ], [ 135.5, 75.4 ], [ 135.7, 75.8 ] ] ], [ [ [ 97.1, 76.3 ], [ 96.7, 76.2 ], [ 96.7, 76.3 ], [ 97.1, 76.3 ] ] ], [ [ [ 112.2, 76.5 ], [ 112.0, 76.6 ], [ 112.5, 76.6 ], [ 112.2, 76.5 ] ] ], [ [ [ 97.3, 76.6 ], [ 97.3, 76.7 ], [ 97.6, 76.6 ], [ 97.3, 76.6 ] ] ], [ [ [ 107.5, 78.2 ], [ 107.7, 78.1 ], [ 106.4, 78.1 ], [ 107.5, 78.2 ] ] ], [ [ [ 105.3, 78.6 ], [ 99.3, 78.0 ], [ 101.6, 79.4 ], [ 105.3, 78.6 ] ] ], [ [ [ 99.9, 79.0 ], [ 93.1, 79.5 ], [ 95.0, 80.1 ], [ 99.9, 79.0 ] ] ], [ [ [ 146.7, 43.7 ], [ 146.6, 43.7 ], [ 146.8, 43.9 ], [ 146.7, 43.7 ] ] ], [ [ [ 146.9, 44.4 ], [ 147.9, 45.4 ], [ 148.8, 45.5 ], [ 146.9, 44.4 ] ] ], [ [ [ 154.2, 48.9 ], [ 154.0, 48.8 ], [ 154.1, 48.9 ], [ 154.2, 48.9 ] ] ], [ [ [ 154.8, 49.3 ], [ 154.6, 49.3 ], [ 154.9, 49.6 ], [ 154.8, 49.3 ] ] ], [ [ [ 155.2, 50.3 ], [ 156.1, 50.8 ], [ 155.9, 50.3 ], [ 155.2, 50.3 ] ] ], [ [ [ 156.4, 50.7 ], [ 156.2, 50.7 ], [ 156.2, 50.8 ], [ 156.4, 50.7 ] ] ], [ [ [ 155.6, 50.8 ], [ 155.5, 50.9 ], [ 155.6, 50.9 ], [ 155.6, 50.8 ] ] ], [ [ [ 167.9, 54.7 ], [ 168.1, 54.5 ], [ 167.4, 54.9 ], [ 167.9, 54.7 ] ] ], [ [ [ 166.1, 55.1 ], [ 165.8, 55.3 ], [ 166.3, 55.3 ], [ 166.6, 54.7 ], [ 166.1, 55.1 ] ] ], [ [ [ 164.5, 59.2 ], [ 164.7, 59.0 ], [ 163.4, 58.5 ], [ 164.5, 59.2 ] ] ], [ [ [ 150.6, 59.0 ], [ 150.5, 59.0 ], [ 150.7, 59.2 ], [ 150.6, 59.0 ] ] ], [ [ [ 161.1, 69.5 ], [ 161.6, 69.6 ], [ 161.5, 68.9 ], [ 161.1, 69.5 ] ] ], [ [ [ 168.4, 70.0 ], [ 169.4, 69.8 ], [ 168.9, 69.6 ], [ 168.4, 70.0 ] ] ], [ [ [ 181.0, 71.6 ], [ 182.5, 71.2 ], [ 178.6, 71.0 ], [ 181.0, 71.6 ] ] ], [ [ [ 150.8, 75.2 ], [ 146.1, 75.2 ], [ 146.5, 75.6 ], [ 150.8, 75.2 ] ] ], [ [ [ 152.8, 76.1 ], [ 152.6, 76.1 ], [ 152.8, 76.2 ], [ 152.8, 76.1 ] ] ] ] } },
{ "type": "Feature", "properties": { }, "geometry": { "type": "Polygon", "coordinates": [ [ [ 29.4, -1.5 ], [ 30.8, -2.3 ], [ 28.9, -2.7 ], [ 29.4, -1.5 ] ] ] } },
{ "type": "Feature", "properties": { }, "geometry": { "type": "Polygon", "coordinates": [ [ [ -8.7, 27.3 ], [ -8.7, 26.0 ], [ -12.0, 26.0 ], [ -13.0, 21.3 ], [ -17.1, 20.9 ], [ -14.8, 21.5 ], [ -13.9, 23.7 ], [ -11.4, 26.9 ], [ -8.7, 27.3 ] ] ] } },
{ "type": "Feature", "properties": { }, "geometry": { "type": "MultiPolygon", "coordinates": [ [ [ [ 41.9, 17.0 ], [ 42.2, 16.7 ], [ 42.2, 16.6 ], [ 41.8, 16.8 ], [ 41.9, 17.0 ] ] ], [ [ [ 47.0, 29.0 ], [ 52.6, 22.9 ], [ 55.6, 22.0 ], [ 55.0, 20.0 ], [ 42.8, 16.4 ], [ 35.0, 29.4 ], [ 39.1, 32.1 ], [ 47.0, 29.0 ] ] ], [ [ [ 37.0, 25.4 ], [ 36.5, 25.6 ], [ 36.5, 25.7 ], [ 37.0, 25.4 ] ] ], [ [ [ 36.6, 25.7 ], [ 36.5, 25.8 ], [ 36.6, 25.9 ], [ 36.6, 25.7 ] ] ] ] } },
{ "type": "Feature", "properties": { }, "geometry": { "type": "Polygon", "coordinates": [ [ [ 36.9, 22.0 ], [ 38.6, 18.0 ], [ 34.1, 9.5 ], [ 32.7, 12.2 ], [ 31.2, 9.8 ], [ 25.8, 10.4 ], [ 23.6, 8.8 ], [ 21.8, 12.8 ], [ 24.0, 15.7 ], [ 25.0, 22.0 ], [ 36.9, 22.0 ] ] ] } },
{ "type": "Feature", "properties": { }, "geometry": { "type": "Polygon", "coordinates": [ [ [ 34.1, 9.5 ], [ 33.0, 7.9 ], [ 35.3, 5.5 ], [ 32.1, 3.5 ], [ 28.2, 4.4 ], [ 24.1, 8.7 ], [ 25.2, 10.3 ], [ 31.2, 9.8 ], [ 32.7, 12.2 ], [ 34.1, 9.5 ] ] ] } },
{ "type": "Feature", "properties": { }, "geometry": { "type": "Polygon", "coordinates": [ [ [ -15.0, 16.7 ], [ -11.4, 12.4 ], [ -16.7, 12.4 ], [ -13.8, 13.4 ], [ -17.5, 14.8 ], [ -15.0, 16.7 ] ] ] } },
{ "type": "Feature", "properties": { }, "geometry": { "type": "Polygon", "coordinates": [ [ [ 103.8, 1.4 ], [ 103.8, 1.3 ], [ 103.7, 1.3 ], [ 103.8, 1.4 ] ] ] } },
{ "type": "Feature", "properties": { }, "geometry": { "type": "Polygon", "coordinates": [ [ [ -26.3, -58.4 ], [ -26.3, -58.5 ], [ -26.5, -58.4 ], [ -26.3, -58.4 ] ] ] } },
{ "type": "Feature", "properties": { }, "geometry": { "type": "Polygon", "coordinates": [ [ [ -38.0, -54.0 ], [ -36.3, -54.3 ], [ -35.8, -54.8 ], [ -38.0, -54.0 ] ] ] } },
{ "type": "Feature", "properties": { }, "geometry": { "type": "Polygon", "coordinates": [ ] } },
{ "type": "Feature", "properties": { }, "geometry": { "type": "Polygon", "coordinates": [ ] } },
{ "type": "Feature", "properties": { }, "geometry": { "type": "MultiPolygon", "coordinates": [ [ [ [ 157.6, -8.7 ], [ 157.6, -8.8 ], [ 157.5, -8.7 ], [ 157.6, -8.7 ] ] ], [ [ [ 158.1, -8.5 ], [ 158.1, -8.7 ], [ 157.9, -8.7 ], [ 158.1, -8.5 ] ] ], [ [ [ 157.4, -8.5 ], [ 157.4, -8.7 ], [ 157.2, -8.6 ], [ 157.4, -8.5 ] ] ], [ [ [ 157.2, -8.3 ], [ 157.4, -8.0 ], [ 157.8, -8.3 ], [ 157.2, -8.3 ] ] ], [ [ [ 157.1, -7.9 ], [ 157.2, -8.1 ], [ 157.0, -8.1 ], [ 157.1, -7.9 ] ] ], [ [ [ 156.6, -7.6 ], [ 156.8, -7.7 ], [ 156.7, -7.9 ], [ 156.6, -7.6 ] ] ], [ [ [ 155.8, -7.1 ], [ 155.7, -7.1 ], [ 155.7, -7.0 ], [ 155.8, -7.1 ] ] ], [ [ [ 156.9, -7.2 ], [ 156.5, -6.6 ], [ 157.5, -7.4 ], [ 156.9, -7.2 ] ] ], [ [ [ 160.0, -11.6 ], [ 160.0, -11.5 ], [ 160.6, -11.8 ], [ 160.0, -11.6 ] ] ], [ [ [ 166.9, -11.6 ], [ 166.9, -11.7 ], [ 166.8, -11.7 ], [ 166.9, -11.6 ] ] ], [ [ [ 165.9, -10.7 ], [ 166.2, -10.7 ], [ 166.1, -10.8 ], [ 165.9, -10.7 ] ] ], [ [ [ 162.4, -10.8 ], [ 161.3, -10.2 ], [ 161.8, -10.4 ], [ 162.4, -10.8 ] ] ], [ [ [ 160.8, -9.9 ], [ 159.6, -9.4 ], [ 159.8, -9.3 ], [ 160.8, -9.9 ] ] ], [ [ [ 161.4, -9.6 ], [ 161.4, -9.5 ], [ 161.6, -9.8 ], [ 161.4, -9.6 ] ] ], [ [ [ 160.1, -9.1 ], [ 160.1, -9.0 ], [ 160.3, -9.0 ], [ 160.1, -9.1 ] ] ], [ [ [ 161.2, -9.0 ], [ 161.4, -9.6 ], [ 160.6, -8.3 ], [ 161.2, -9.0 ] ] ], [ [ [ 159.6, -8.4 ], [ 158.9, -8.0 ], [ 158.5, -7.5 ], [ 159.4, -8.0 ], [ 159.9, -8.6 ], [ 159.7, -8.5 ], [ 159.5, -8.5 ], [ 159.6, -8.4 ] ] ] ] } },
{ "type": "Feature", "properties": { }, "geometry": { "type": "MultiPolygon", "coordinates": [ [ [ [ -12.6, 7.6 ], [ -12.6, 7.5 ], [ -13.0, 7.6 ], [ -12.6, 7.6 ] ] ], [ [ [ -10.3, 8.5 ], [ -11.5, 6.9 ], [ -13.3, 9.0 ], [ -11.3, 10.0 ], [ -10.3, 8.5 ] ] ] ] } },
{ "type": "Feature", "properties": { }, "geometry": { "type": "Polygon", "coordinates": [ [ [ -90.1, 13.7 ], [ -87.7, 13.8 ], [ -87.8, 13.3 ], [ -90.1, 13.7 ] ] ] } },
{ "type": "Feature", "properties": { }, "geometry": { "type": "Polygon", "coordinates": [ [ [ 41.5, -1.6 ], [ 41.0, 2.8 ], [ 48.0, 8.0 ], [ 43.5, 9.4 ], [ 43.2, 11.5 ], [ 44.9, 10.4 ], [ 51.3, 11.8 ], [ 48.0, 4.5 ], [ 41.5, -1.6 ] ] ] } },
{ "type": "Feature", "properties": { }, "geometry": { "type": "MultiPolygon", "coordinates": [ [ [ [ -56.4, 46.8 ], [ -56.4, 47.1 ], [ -56.3, 46.9 ], [ -56.4, 46.8 ] ] ] ] } },
{ "type": "Feature", "properties": { }, "geometry": { "type": "Polygon", "coordinates": [ [ [ 18.8, 45.8 ], [ 22.7, 44.6 ], [ 22.4, 42.3 ], [ 19.2, 43.5 ], [ 18.8, 45.8 ] ] ] } },
{ "type": "Feature", "properties": { }, "geometry": { "type": "MultiPolygon", "coordinates": [ [ [ [ 6.7, 0.2 ], [ 6.5, 0.3 ], [ 6.7, 0.4 ], [ 6.7, 0.2 ] ] ], [ [ [ 7.5, 1.6 ], [ 7.3, 1.6 ], [ 7.4, 1.7 ], [ 7.5, 1.6 ] ] ] ] } },
{ "type": "Feature", "properties": { }, "geometry": { "type": "Polygon", "coordinates": [ [ [ -54.2, 5.4 ], [ -54.4, 2.5 ], [ -56.7, 2.0 ], [ -57.9, 4.9 ], [ -54.2, 5.4 ] ] ] } },
{ "type": "Feature", "properties": { }, "geometry": { "type": "Polygon", "coordinates": [ [ [ 22.5, 49.1 ], [ 18.7, 47.8 ], [ 16.9, 48.4 ], [ 19.4, 49.6 ], [ 22.5, 49.1 ] ] ] } },
{ "type": "Feature", "properties": { }, "geometry": { "type": "Polygon", "coordinates": [ [ [ 16.1, 46.9 ], [ 15.2, 45.4 ], [ 13.4, 46.3 ], [ 16.1, 46.9 ] ] ] } },
{ "type": "Feature", "properties": { }, "geometry": { "type": "MultiPolygon", "coordinates": [ [ [ [ 17.1, 57.3 ], [ 16.4, 56.6 ], [ 17.0, 57.3 ], [ 17.1, 57.3 ] ] ], [ [ [ 18.1, 57.6 ], [ 18.9, 57.4 ], [ 18.1, 56.9 ], [ 18.1, 57.6 ] ] ], [ [ [ 19.1, 57.9 ], [ 19.1, 58.0 ], [ 19.3, 58.0 ], [ 19.1, 57.9 ] ] ], [ [ [ 18.4, 59.0 ], [ 18.4, 59.1 ], [ 18.5, 59.1 ], [ 18.4, 59.0 ] ] ], [ [ [ 18.6, 59.4 ], [ 18.6, 59.5 ], [ 18.7, 59.5 ], [ 18.6, 59.4 ] ] ], [ [ [ 23.6, 65.8 ], [ 17.4, 62.5 ], [ 17.3, 60.7 ], [ 19.0, 59.8 ], [ 16.2, 58.6 ], [ 15.9, 56.2 ], [ 12.9, 55.4 ], [ 11.1, 59.0 ], [ 12.9, 61.4 ], [ 12.0, 63.3 ], [ 14.1, 64.2 ], [ 14.5, 66.1 ], [ 20.6, 69.0 ], [ 23.6, 68.0 ], [ 23.6, 65.8 ] ] ] ] } },
{ "type": "Feature", "properties": { }, "geometry": { "type": "Polygon", "coordinates": [ [ [ 31.1, -26.0 ], [ 32.0, -27.3 ], [ 31.1, -27.1 ], [ 31.1, -26.0 ] ] ] } },
{ "type": "Feature", "properties": { }, "geometry": { "type": "Polygon", "coordinates": [ ] } },
{ "type": "Feature", "properties": { }, "geometry": { "type": "Polygon", "coordinates": [ [ [ 55.5, -4.6 ], [ 55.5, -4.8 ], [ 55.4, -4.6 ], [ 55.5, -4.6 ] ] ] } },
{ "type": "Feature", "properties": { }, "geometry": { "type": "Polygon", "coordinates": [ [ [ 42.4, 37.1 ], [ 40.9, 34.4 ], [ 35.8, 32.7 ], [ 36.7, 36.8 ], [ 42.4, 37.1 ] ] ] } },
{ "type": "Feature", "properties": { }, "geometry": { "type": "MultiPolygon", "coordinates": [ ] } },
{ "type": "Feature", "properties": { }, "geometry": { "type": "Polygon", "coordinates": [ [ [ 24.0, 19.5 ], [ 24.0, 15.7 ], [ 21.8, 12.8 ], [ 22.9, 10.9 ], [ 15.5, 7.5 ], [ 13.4, 14.4 ], [ 15.5, 16.9 ], [ 15.0, 23.0 ], [ 24.0, 19.5 ] ] ] } },
{ "type": "Feature", "properties": { }, "geometry": { "type": "Polygon", "coordinates": [ [ [ 0.9, 11.0 ], [ 1.8, 6.3 ], [ 1.2, 6.1 ], [ -0.1, 10.7 ], [ 0.9, 11.0 ] ] ] } },
{ "type": "Feature", "properties": { }, "geometry": { "type": "MultiPolygon", "coordinates": [ [ [ [ 99.7, 6.6 ], [ 99.6, 6.5 ], [ 99.6, 6.6 ], [ 99.7, 6.6 ] ] ], [ [ [ 99.0, 7.6 ], [ 98.6, 8.1 ], [ 98.6, 7.9 ], [ 98.5, 8.1 ], [ 98.2, 8.4 ], [ 99.6, 11.8 ], [ 99.2, 9.7 ], [ 102.1, 6.2 ], [ 101.1, 5.6 ], [ 99.1, 7.5 ], [ 99.0, 7.6 ] ] ], [ [ [ 98.3, 7.9 ], [ 98.3, 8.2 ], [ 98.4, 8.1 ], [ 98.3, 7.9 ] ] ], [ [ [ 99.9, 9.6 ], [ 100.1, 9.6 ], [ 100.1, 9.5 ], [ 99.9, 9.6 ] ] ], [ [ [ 100.0, 9.8 ], [ 100.1, 9.7 ], [ 100.0, 9.7 ], [ 100.0, 9.8 ] ] ], [ [ [ 101.0, 17.5 ], [ 103.9, 18.3 ], [ 105.6, 15.7 ], [ 102.3, 13.5 ], [ 102.9, 11.7 ], [ 102.3, 12.2 ], [ 101.0, 13.4 ], [ 100.0, 13.4 ], [ 99.6, 11.8 ], [ 97.4, 18.5 ], [ 100.2, 20.3 ], [ 101.0, 17.5 ] ] ] ] } },
{ "type": "Feature", "properties": { }, "geometry": { "type": "MultiPolygon", "coordinates": [ [ [ [ 71.0, 40.2 ], [ 69.3, 39.5 ], [ 73.6, 39.4 ], [ 75.1, 37.4 ], [ 71.7, 36.7 ], [ 70.9, 38.5 ], [ 67.8, 37.1 ], [ 67.4, 39.5 ], [ 71.0, 40.2 ] ] ], [ [ [ 70.6, 39.8 ], [ 70.5, 39.9 ], [ 70.7, 39.8 ], [ 70.6, 39.8 ] ] ], [ [ [ 70.6, 40.9 ], [ 70.6, 41.0 ], [ 70.7, 40.9 ], [ 70.6, 40.9 ] ] ] ] } },
{ "type": "Feature", "properties": { }, "geometry": { "type": "MultiPolygon", "coordinates": [ [ [ [ 62.3, 35.2 ], [ 57.2, 38.2 ], [ 53.9, 37.3 ], [ 52.7, 40.4 ], [ 54.7, 41.1 ], [ 52.5, 41.8 ], [ 57.0, 41.3 ], [ 58.6, 42.8 ], [ 66.5, 37.3 ], [ 62.3, 35.2 ] ] ] ] } },
{ "type": "Feature", "properties": { }, "geometry": { "type": "MultiPolygon", "coordinates": [ [ [ [ 125.2, -8.6 ], [ 127.3, -8.4 ], [ 125.1, -9.5 ], [ 125.2, -8.6 ] ] ] ] } },
{ "type": "Feature", "properties": { }, "geometry": { "type": "MultiPolygon", "coordinates": [ [ [ [ -174.9, -21.5 ], [ -175.0, -21.3 ], [ -174.9, -21.3 ], [ -174.9, -21.5 ] ] ], [ [ [ -175.3, -21.1 ], [ -175.2, -21.3 ], [ -175.4, -21.1 ], [ -175.3, -21.1 ] ] ], [ [ [ -174.0, -18.7 ], [ -174.1, -18.6 ], [ -173.9, -18.6 ], [ -174.0, -18.7 ] ] ] ] } },
{ "type": "Feature", "properties": { }, "geometry": { "type": "Polygon", "coordinates": [ [ [ -60.9, 10.8 ], [ -61.2, 10.1 ], [ -61.9, 10.1 ], [ -60.9, 10.8 ] ] ] } },
{ "type": "Feature", "properties": { }, "geometry": { "type": "Polygon", "coordinates": [ ] } },
{ "type": "Feature", "properties": { }, "geometry": { "type": "MultiPolygon", "coordinates": [ [ [ [ 9.5, 30.2 ], [ 7.5, 33.8 ], [ 8.6, 36.9 ], [ 11.1, 37.1 ], [ 10.0, 34.1 ], [ 10.7, 33.7 ], [ 11.5, 33.2 ], [ 9.5, 30.2 ] ] ], [ [ [ 10.7, 33.7 ], [ 10.7, 33.9 ], [ 11.0, 33.8 ], [ 10.7, 33.7 ] ] ] ] } },
{ "type": "Feature", "properties": { }, "geometry": { "type": "MultiPolygon", "coordinates": [ [ [ [ 41.6, 41.5 ], [ 44.8, 39.7 ], [ 44.8, 37.1 ], [ 29.7, 36.2 ], [ 26.3, 38.3 ], [ 26.2, 40.0 ], [ 29.8, 40.7 ], [ 29.1, 41.2 ], [ 41.6, 41.5 ] ] ], [ [ [ 26.0, 40.1 ], [ 25.9, 40.2 ], [ 26.0, 40.2 ], [ 26.0, 40.1 ] ] ], [ [ [ 26.3, 41.8 ], [ 29.0, 41.1 ], [ 26.2, 40.1 ], [ 26.3, 41.8 ] ] ] ] } },
{ "type": "Feature", "properties": { }, "geometry": { "type": "MultiPolygon", "coordinates": [ [ [ [ 120.9, 22.5 ], [ 120.1, 23.7 ], [ 121.6, 25.3 ], [ 121.8, 24.5 ], [ 120.9, 22.5 ] ] ], [ [ [ 118.4, 24.5 ], [ 118.4, 24.4 ], [ 118.3, 24.5 ], [ 118.4, 24.5 ] ] ] ] } },
{ "type": "Feature", "properties": { }, "geometry": { "type": "MultiPolygon", "coordinates": [ [ [ [ 39.8, -7.9 ], [ 39.6, -7.9 ], [ 39.9, -7.6 ], [ 39.8, -7.9 ] ] ], [ [ [ 34.1, -1.0 ], [ 39.2, -4.7 ], [ 38.8, -6.1 ], [ 40.0, -10.8 ], [ 35.0, -11.6 ], [ 29.7, -6.6 ], [ 30.5, -1.1 ], [ 34.1, -1.0 ] ] ], [ [ [ 39.5, -6.2 ], [ 39.2, -6.2 ], [ 39.3, -5.7 ], [ 39.5, -6.2 ] ] ], [ [ [ 39.7, -4.9 ], [ 39.9, -5.3 ], [ 39.7, -5.4 ], [ 39.7, -4.9 ] ] ] ] } },
{ "type": "Feature", "properties": { }, "geometry": { "type": "Polygon", "coordinates": [ [ [ 33.9, -1.0 ], [ 29.6, -1.4 ], [ 31.0, 3.7 ], [ 34.4, 3.7 ], [ 33.9, -1.0 ] ] ] } },
{ "type": "Feature", "properties": { }, "geometry": { "type": "MultiPolygon", "coordinates": [ [ [ [ 33.8, 44.4 ], [ 31.8, 47.2 ], [ 28.8, 45.2 ], [ 30.1, 46.4 ], [ 29.1, 48.0 ], [ 22.1, 48.6 ], [ 24.4, 51.9 ], [ 33.7, 52.3 ], [ 35.6, 50.4 ], [ 40.1, 49.6 ], [ 33.8, 44.4 ] ] ] ] } },
{ "type": "Feature", "properties": { }, "geometry": { "type": "Polygon", "coordinates": [ [ [ -53.4, -33.7 ], [ -57.9, -34.4 ], [ -57.6, -30.2 ], [ -53.8, -32.1 ], [ -53.4, -33.7 ] ] ] } },
{ "type": "Feature", "properties": { }, "geometry": { "type": "MultiPolygon", "coordinates": [ [ [ [ -159.4, 22.2 ], [ -159.3, 22.1 ], [ -159.5, 21.9 ], [ -159.4, 22.2 ] ] ], [ [ [ -178.2, 51.9 ], [ -177.6, 51.8 ], [ -177.9, 51.6 ], [ -178.2, 51.9 ] ] ], [ [ [ -176.8, 51.6 ], [ -177.0, 51.6 ], [ -176.7, 52.0 ], [ -176.8, 51.6 ] ] ], [ [ [ -173.8, 52.0 ], [ -174.0, 52.1 ], [ -173.0, 52.1 ], [ -173.8, 52.0 ] ] ], [ [ [ -175.3, 52.0 ], [ -174.0, 52.3 ], [ -174.7, 52.1 ], [ -175.3, 52.0 ] ] ], [ [ [ -170.6, 52.6 ], [ -170.8, 52.6 ], [ -170.7, 52.7 ], [ -170.6, 52.6 ] ] ], [ [ [ -166.8, 53.5 ], [ -167.8, 53.3 ], [ -167.0, 53.9 ], [ -166.8, 53.5 ] ] ], [ [ [ -165.9, 54.2 ], [ -165.7, 54.1 ], [ -166.0, 54.0 ], [ -165.9, 54.2 ] ] ], [ [ [ -165.4, 54.2 ], [ -165.6, 54.1 ], [ -165.7, 54.3 ], [ -165.4, 54.2 ] ] ], [ [ [ -162.7, 54.4 ], [ -162.8, 54.5 ], [ -162.6, 54.5 ], [ -162.7, 54.4 ] ] ], [ [ [ -164.6, 54.4 ], [ -164.9, 54.5 ], [ -163.8, 55.0 ], [ -164.6, 54.4 ] ] ], [ [ [ -162.3, 54.8 ], [ -162.4, 54.9 ], [ -162.3, 55.0 ], [ -162.3, 54.8 ] ] ], [ [ [ -160.2, 55.1 ], [ -159.9, 55.3 ], [ -160.2, 54.9 ], [ -160.2, 55.1 ] ] ], [ [ [ -159.6, 55.1 ], [ -159.5, 55.2 ], [ -159.5, 55.1 ], [ -159.6, 55.1 ] ] ], [ [ [ -160.8, 55.1 ], [ -160.8, 55.3 ], [ -160.6, 55.4 ], [ -160.8, 55.1 ] ] ], [ [ [ -160.9, 58.6 ], [ -161.1, 58.7 ], [ -161.0, 58.7 ], [ -160.9, 58.6 ] ] ], [ [ [ -166.1, 59.8 ], [ -167.4, 60.2 ], [ -166.2, 60.4 ], [ -166.1, 59.8 ] ] ], [ [ [ -172.9, 60.6 ], [ -172.2, 60.3 ], [ -172.6, 60.3 ], [ -172.9, 60.6 ] ] ], [ [ [ -155.8, 20.3 ], [ -154.8, 19.5 ], [ -155.7, 19.0 ], [ -155.8, 20.3 ] ] ], [ [ [ -156.4, 20.6 ], [ -156.7, 20.9 ], [ -156.3, 21.0 ], [ -156.4, 20.6 ] ] ], [ [ [ -156.9, 20.7 ], [ -157.1, 20.9 ], [ -156.9, 20.9 ], [ -156.9, 20.7 ] ] ], [ [ [ -158.1, 21.3 ], [ -158.3, 21.6 ], [ -158.0, 21.7 ], [ -158.1, 21.3 ] ] ], [ [ [ -132.8, 54.7 ], [ -133.5, 55.3 ], [ -133.3, 55.3 ], [ -132.8, 54.7 ] ] ], [ [ [ -132.2, 55.5 ], [ -132.0, 54.7 ], [ -133.3, 55.5 ], [ -133.7, 55.8 ], [ -132.2, 55.5 ] ] ], [ [ [ -133.9, 56.1 ], [ -134.2, 56.1 ], [ -134.4, 56.8 ], [ -133.9, 56.1 ] ] ], [ [ [ -154.2, 56.5 ], [ -154.3, 56.5 ], [ -154.2, 56.6 ], [ -154.2, 56.5 ] ] ], [ [ [ -133.6, 56.5 ], [ -134.0, 57.0 ], [ -133.2, 57.0 ], [ -133.6, 56.5 ] ] ], [ [ [ -134.7, 56.2 ], [ -135.8, 57.3 ], [ -135.1, 57.4 ], [ -134.7, 56.2 ] ] ], [ [ [ -152.9, 57.2 ], [ -152.9, 57.1 ], [ -153.3, 57.0 ], [ -152.9, 57.2 ] ] ], [ [ [ -154.0, 56.8 ], [ -154.7, 57.4 ], [ -153.8, 57.9 ], [ -153.5, 57.7 ], [ -152.4, 57.8 ], [ -154.0, 56.8 ] ] ], [ [ [ -134.6, 57.1 ], [ -134.9, 58.4 ], [ -134.7, 58.2 ], [ -134.2, 58.1 ], [ -134.6, 57.1 ] ] ], [ [ [ -134.9, 57.5 ], [ -136.6, 58.0 ], [ -135.8, 58.3 ], [ -134.9, 57.5 ] ] ], [ [ [ -152.8, 58.0 ], [ -153.4, 58.1 ], [ -152.7, 58.5 ], [ -152.8, 58.0 ] ] ], [ [ [ -152.5, 58.5 ], [ -152.6, 58.5 ], [ -152.5, 58.6 ], [ -152.5, 58.5 ] ] ], [ [ [ -147.2, 60.4 ], [ -147.0, 60.3 ], [ -147.9, 59.8 ], [ -147.2, 60.4 ] ] ], [ [ [ -148.3, 60.1 ], [ -147.9, 60.1 ], [ -148.1, 60.0 ], [ -148.3, 60.1 ] ] ], [ [ [ -145.2, 60.3 ], [ -145.3, 60.3 ], [ -145.1, 60.4 ], [ -145.2, 60.3 ] ] ], [ [ [ -147.9, 60.8 ], [ -148.1, 60.8 ], [ -148.1, 60.9 ], [ -147.9, 60.8 ] ] ], [ [ [ -141.0, 60.3 ], [ -139.1, 60.3 ], [ -137.4, 58.9 ], [ -137.0, 59.0 ], [ -136.6, 58.2 ], [ -147.8, 61.2 ], [ -148.6, 60.8 ], [ -148.4, 60.0 ], [ -151.9, 59.3 ], [ -149.4, 61.5 ], [ -153.0, 60.3 ], [ -158.5, 56.1 ], [ -163.3, 54.8 ], [ -157.5, 57.5 ], [ -156.8, 59.1 ], [ -159.0, 58.4 ], [ -160.4, 59.1 ], [ -162.1, 58.6 ], [ -161.9, 60.7 ], [ -163.9, 59.8 ], [ -165.4, 60.5 ], [ -163.6, 60.9 ], [ -166.2, 61.7 ], [ -160.9, 64.8 ], [ -168.1, 65.7 ], [ -160.2, 66.4 ], [ -166.8, 68.4 ], [ -156.5, 71.4 ], [ -141.0, 69.7 ], [ -141.0, 60.3 ] ] ], [ [ [ -135.3, 59.7 ], [ -130.1, 56.1 ], [ -130.2, 55.0 ], [ -131.0, 56.1 ], [ -131.8, 55.9 ], [ -131.6, 56.2 ], [ -135.4, 59.4 ], [ -135.1, 58.2 ], [ -137.0, 59.0 ], [ -135.3, 59.7 ] ] ], [ [ [ -132.0, 55.5 ], [ -132.2, 55.6 ], [ -131.8, 55.9 ], [ -132.0, 55.5 ] ] ], [ [ [ -97.2, 26.1 ], [ -97.4, 26.8 ], [ -97.4, 27.2 ], [ -97.2, 26.1 ] ] ], [ [ [ -119.5, 33.2 ], [ -119.6, 33.3 ], [ -119.5, 33.3 ], [ -119.5, 33.2 ] ] ], [ [ [ -120.2, 33.9 ], [ -120.3, 34.0 ], [ -120.1, 34.0 ], [ -120.2, 33.9 ] ] ], [ [ [ -119.9, 34.1 ], [ -119.5, 34.0 ], [ -119.8, 34.0 ], [ -119.9, 34.1 ] ] ], [ [ [ -69.2, 47.5 ], [ -67.0, 44.8 ], [ -68.8, 44.6 ], [ -70.3, 43.7 ], [ -69.9, 41.7 ], [ -71.4, 41.8 ], [ -71.4, 41.6 ], [ -71.5, 41.4 ], [ -72.9, 41.3 ], [ -74.0, 40.8 ], [ -73.9, 41.1 ], [ -74.0, 41.2 ], [ -75.9, 37.2 ], [ -75.9, 39.5 ], [ -77.3, 38.6 ], [ -76.3, 37.1 ], [ -76.4, 37.0 ], [ -76.6, 37.2 ], [ -77.3, 37.3 ], [ -76.5, 36.9 ], [ -76.0, 36.9 ], [ -75.9, 36.7 ], [ -76.7, 36.2 ], [ -76.4, 34.8 ], [ -76.7, 34.7 ], [ -80.8, 32.4 ], [ -81.5, 31.1 ], [ -81.5, 30.9 ], [ -81.4, 31.0 ], [ -81.5, 30.8 ], [ -81.5, 30.7 ], [ -81.2, 29.8 ], [ -80.4, 27.8 ], [ -80.2, 27.2 ], [ -80.1, 26.8 ], [ -80.5, 25.2 ], [ -83.7, 29.9 ], [ -88.0, 30.7 ], [ -90.3, 30.3 ], [ -89.4, 30.0 ], [ -89.0, 29.2 ], [ -89.4, 29.0 ], [ -91.9, 29.8 ], [ -95.0, 29.7 ], [ -96.8, 28.2 ], [ -96.9, 28.1 ], [ -97.8, 27.5 ], [ -97.4, 25.9 ], [ -101.4, 29.7 ], [ -103.3, 29.0 ], [ -106.4, 31.8 ], [ -111.0, 31.3 ], [ -120.6, 34.6 ], [ -122.5, 37.5 ], [ -121.5, 38.1 ], [ -124.3, 40.3 ], [ -123.2, 46.2 ], [ -124.7, 48.4 ], [ -122.8, 48.1 ], [ -123.1, 47.4 ], [ -122.5, 47.9 ], [ -122.9, 47.3 ], [ -123.0, 47.1 ], [ -122.7, 47.1 ], [ -122.4, 47.4 ], [ -122.2, 48.0 ], [ -122.8, 49.0 ], [ -88.4, 48.3 ], [ -82.6, 45.3 ], [ -82.7, 41.7 ], [ -72.3, 45.0 ], [ -69.2, 47.5 ] ] ], [ [ [ -122.5, 47.5 ], [ -122.4, 47.4 ], [ -122.5, 47.4 ], [ -122.5, 47.5 ] ] ], [ [ [ -122.8, 48.5 ], [ -122.8, 48.4 ], [ -122.9, 48.5 ], [ -122.8, 48.5 ] ] ], [ [ [ -131.6, 55.0 ], [ -131.6, 55.3 ], [ -131.2, 54.9 ], [ -131.6, 55.0 ] ] ], [ [ [ -131.8, 55.4 ], [ -131.2, 55.9 ], [ -131.0, 55.5 ], [ -131.8, 55.4 ] ] ], [ [ [ -132.7, 56.2 ], [ -132.6, 56.3 ], [ -132.4, 56.5 ], [ -132.1, 56.2 ], [ -132.7, 56.2 ] ] ], [ [ [ -132.6, 56.4 ], [ -132.6, 56.3 ], [ -133.0, 56.3 ], [ -132.6, 56.4 ] ] ], [ [ [ -132.8, 56.8 ], [ -132.6, 56.6 ], [ -132.9, 56.5 ], [ -132.8, 56.8 ] ] ], [ [ [ -81.6, 24.6 ], [ -81.6, 24.7 ], [ -81.5, 24.6 ], [ -81.6, 24.6 ] ] ], [ [ [ -81.4, 24.6 ], [ -81.4, 24.8 ], [ -81.3, 24.7 ], [ -81.4, 24.6 ] ] ], [ [ [ -75.5, 35.6 ], [ -75.5, 35.3 ], [ -75.7, 35.2 ], [ -75.5, 35.6 ] ] ], [ [ [ -74.1, 39.7 ], [ -74.3, 39.5 ], [ -74.3, 39.6 ], [ -74.1, 39.7 ] ] ], [ [ [ -71.9, 41.1 ], [ -73.2, 40.7 ], [ -74.0, 40.6 ], [ -71.9, 41.1 ] ] ], [ [ [ -70.1, 41.2 ], [ -70.2, 41.3 ], [ -70.0, 41.4 ], [ -70.1, 41.2 ] ] ], [ [ [ -68.3, 44.5 ], [ -68.2, 44.3 ], [ -68.3, 44.2 ], [ -68.3, 44.5 ] ] ], [ [ [ 179.5, 51.9 ], [ 179.5, 52.0 ], [ 179.6, 52.0 ], [ 179.5, 51.9 ] ] ], [ [ [ 177.6, 51.9 ], [ 177.3, 51.9 ], [ 177.5, 52.0 ], [ 177.6, 51.9 ] ] ], [ [ [ 173.7, 52.4 ], [ 173.4, 52.4 ], [ 173.7, 52.5 ], [ 173.7, 52.4 ] ] ], [ [ [ 172.9, 52.8 ], [ 172.5, 52.9 ], [ 173.1, 53.0 ], [ 172.9, 52.8 ] ] ] ] } },
{ "type": "Feature", "properties": { }, "geometry": { "type": "MultiPolygon", "coordinates": [ [ [ [ 71.8, 39.9 ], [ 71.7, 40.0 ], [ 71.8, 40.0 ], [ 71.8, 39.9 ] ] ], [ [ [ 71.2, 40.0 ], [ 71.0, 40.1 ], [ 71.0, 40.2 ], [ 71.2, 40.0 ] ] ], [ [ [ 71.0, 42.3 ], [ 70.2, 41.5 ], [ 73.1, 40.8 ], [ 69.4, 40.8 ], [ 67.4, 39.5 ], [ 67.8, 37.2 ], [ 66.5, 37.3 ], [ 58.6, 42.8 ], [ 56.0, 41.3 ], [ 56.0, 45.0 ], [ 64.9, 43.7 ], [ 68.4, 40.6 ], [ 71.0, 42.3 ] ] ] ] } },
{ "type": "Feature", "properties": { }, "geometry": { "type": "Polygon", "coordinates": [ ] } },
{ "type": "Feature", "properties": { }, "geometry": { "type": "MultiPolygon", "coordinates": [ ] } },
{ "type": "Feature", "properties": { }, "geometry": { "type": "Polygon", "coordinates": [ [ [ -61.1, 13.2 ], [ -61.3, 13.3 ], [ -61.1, 13.4 ], [ -61.1, 13.2 ] ] ] } },
{ "type": "Feature", "properties": { }, "geometry": { "type": "MultiPolygon", "coordinates": [ [ [ [ -59.8, 8.3 ], [ -61.0, 4.5 ], [ -64.8, 4.3 ], [ -63.4, 2.2 ], [ -65.6, 0.7 ], [ -67.9, 2.8 ], [ -67.5, 6.2 ], [ -72.0, 7.0 ], [ -73.4, 9.2 ], [ -72.7, 10.8 ], [ -72.0, 11.7 ], [ -71.3, 11.9 ], [ -72.1, 9.8 ], [ -71.2, 9.2 ], [ -70.0, 12.2 ], [ -68.1, 10.5 ], [ -61.9, 10.7 ], [ -62.9, 10.5 ], [ -60.8, 9.4 ], [ -61.6, 8.6 ], [ -59.8, 8.3 ] ] ], [ [ [ -61.1, 8.8 ], [ -60.9, 9.1 ], [ -60.8, 9.0 ], [ -61.1, 8.8 ] ] ], [ [ [ -60.8, 9.1 ], [ -60.9, 9.2 ], [ -60.7, 9.2 ], [ -60.8, 9.1 ] ] ], [ [ [ -65.3, 10.9 ], [ -65.3, 11.0 ], [ -65.2, 10.9 ], [ -65.3, 10.9 ] ] ], [ [ [ -63.9, 11.2 ], [ -64.1, 10.9 ], [ -64.4, 11.0 ], [ -63.9, 11.2 ] ] ] ] } },
{ "type": "Feature", "properties": { }, "geometry": { "type": "MultiPolygon", "coordinates": [ [ [ [ -64.4, 18.7 ], [ -64.4, 18.8 ], [ -64.3, 18.8 ], [ -64.4, 18.7 ] ] ] ] } },
{ "type": "Feature", "properties": { }, "geometry": { "type": "MultiPolygon", "coordinates": [ [ [ [ -64.9, 17.8 ], [ -64.6, 17.8 ], [ -64.9, 17.7 ], [ -64.9, 17.8 ] ] ], [ [ [ -64.7, 18.3 ], [ -64.8, 18.4 ], [ -64.7, 18.4 ], [ -64.7, 18.3 ] ] ], [ [ [ -64.9, 18.3 ], [ -64.9, 18.4 ], [ -64.8, 18.3 ], [ -64.9, 18.3 ] ] ] ] } },
{ "type": "Feature", "properties": { }, "geometry": { "type": "MultiPolygon", "coordinates": [ [ [ [ 106.7, 8.8 ], [ 106.7, 8.7 ], [ 106.6, 8.7 ], [ 106.7, 8.8 ] ] ], [ [ [ 104.1, 10.4 ], [ 104.0, 10.0 ], [ 103.8, 10.4 ], [ 104.1, 10.4 ] ] ], [ [ [ 107.1, 10.4 ], [ 107.2, 10.4 ], [ 107.1, 10.3 ], [ 107.1, 10.4 ] ] ], [ [ [ 107.7, 21.4 ], [ 106.7, 21.0 ], [ 105.6, 19.0 ], [ 108.8, 15.4 ], [ 109.4, 12.6 ], [ 104.8, 8.6 ], [ 104.4, 10.4 ], [ 107.5, 12.4 ], [ 107.7, 15.3 ], [ 102.1, 22.4 ], [ 105.3, 23.3 ], [ 107.7, 21.4 ] ] ], [ [ [ 106.9, 20.8 ], [ 107.1, 20.8 ], [ 107.0, 20.7 ], [ 106.9, 20.8 ] ] ], [ [ [ 106.8, 20.8 ], [ 106.8, 20.9 ], [ 106.9, 20.8 ], [ 106.8, 20.8 ] ] ], [ [ [ 107.4, 20.9 ], [ 107.5, 21.0 ], [ 107.6, 21.0 ], [ 107.5, 20.9 ], [ 107.4, 20.9 ] ] ], [ [ [ 107.4, 21.1 ], [ 107.5, 21.3 ], [ 107.6, 21.2 ], [ 107.4, 21.1 ] ] ] ] } },
{ "type": "Feature", "properties": { }, "geometry": { "type": "MultiPolygon", "coordinates": [ [ [ [ 167.7, -16.3 ], [ 167.8, -16.4 ], [ 167.4, -16.6 ], [ 167.2, -15.9 ], [ 167.7, -16.3 ] ] ], [ [ [ 168.2, -16.1 ], [ 168.3, -16.3 ], [ 168.0, -16.3 ], [ 168.2, -16.1 ] ] ], [ [ [ 168.0, -15.3 ], [ 167.7, -15.5 ], [ 167.8, -15.3 ], [ 168.0, -15.3 ] ] ], [ [ [ 167.2, -15.5 ], [ 166.8, -15.6 ], [ 166.6, -14.6 ], [ 167.2, -15.5 ] ] ], [ [ [ 167.5, -14.1 ], [ 167.6, -14.2 ], [ 167.5, -14.3 ], [ 167.5, -14.1 ] ] ], [ [ [ 169.3, -19.3 ], [ 169.5, -19.5 ], [ 169.4, -19.6 ], [ 169.3, -19.3 ] ] ], [ [ [ 169.1, -18.6 ], [ 169.3, -18.9 ], [ 169.2, -19.0 ], [ 169.1, -18.6 ] ] ], [ [ [ 168.2, -17.7 ], [ 168.3, -17.6 ], [ 168.6, -17.7 ], [ 168.2, -17.7 ] ] ], [ [ [ 168.3, -15.9 ], [ 168.2, -16.0 ], [ 168.1, -15.7 ], [ 168.3, -15.9 ] ] ], [ [ [ 168.2, -15.2 ], [ 168.2, -15.4 ], [ 168.1, -15.3 ], [ 168.2, -15.2 ] ] ] ] } },
{ "type": "Feature", "properties": { }, "geometry": { "type": "MultiPolygon", "coordinates": [ [ [ [ -178.0, -14.3 ], [ -178.2, -14.3 ], [ -178.2, -14.2 ], [ -178.0, -14.3 ] ] ], [ [ [ -176.1, -13.3 ], [ -176.2, -13.3 ], [ -176.1, -13.2 ], [ -176.1, -13.3 ] ] ] ] } },
{ "type": "Feature", "properties": { }, "geometry": { "type": "MultiPolygon", "coordinates": [ [ [ [ -171.4, -14.0 ], [ -171.9, -14.0 ], [ -172.0, -13.9 ], [ -171.4, -14.0 ] ] ], [ [ [ -172.3, -13.5 ], [ -172.5, -13.8 ], [ -172.8, -13.5 ], [ -172.3, -13.5 ] ] ] ] } },
{ "type": "Feature", "properties": { }, "geometry": { "type": "MultiPolygon", "coordinates": [ [ [ [ 53.5, 12.7 ], [ 54.5, 12.6 ], [ 53.3, 12.5 ], [ 53.5, 12.7 ] ] ], [ [ [ 42.7, 13.8 ], [ 42.8, 13.8 ], [ 42.7, 13.7 ], [ 42.7, 13.8 ] ] ], [ [ [ 42.8, 14.0 ], [ 42.7, 14.0 ], [ 42.8, 14.1 ], [ 42.8, 14.0 ] ] ], [ [ [ 42.5, 15.3 ], [ 42.6, 15.4 ], [ 42.6, 15.3 ], [ 42.5, 15.3 ] ] ], [ [ [ 52.3, 16.3 ], [ 44.0, 12.6 ], [ 42.7, 15.2 ], [ 43.4, 17.5 ], [ 47.1, 16.9 ], [ 52.0, 19.0 ], [ 52.3, 16.3 ] ] ] ] } },
{ "type": "Feature", "properties": { }, "geometry": { "type": "MultiPolygon", "coordinates": [ [ [ [ 31.9, -26.0 ], [ 30.8, -26.8 ], [ 32.9, -26.8 ], [ 30.0, -31.3 ], [ 25.6, -34.0 ], [ 18.4, -34.3 ], [ 16.4, -28.6 ], [ 20.0, -28.5 ], [ 20.0, -24.8 ], [ 21.6, -26.9 ], [ 23.1, -25.3 ], [ 25.4, -25.7 ], [ 29.1, -22.2 ], [ 31.3, -22.5 ], [ 31.9, -26.0 ] ] ] ] } },
{ "type": "Feature", "properties": { }, "geometry": { "type": "Polygon", "coordinates": [ [ [ 32.9, -9.4 ], [ 33.2, -14.0 ], [ 26.8, -18.0 ], [ 22.2, -16.6 ], [ 22.0, -13.0 ], [ 24.0, -13.0 ], [ 24.0, -10.9 ], [ 29.7, -13.5 ], [ 28.4, -11.5 ], [ 28.9, -8.5 ], [ 32.9, -9.4 ] ] ] } },
{ "type": "Feature", "properties": { }, "geometry": { "type": "Polygon", "coordinates": [ [ [ 31.3, -22.4 ], [ 28.0, -21.6 ], [ 25.3, -17.8 ], [ 29.7, -15.6 ], [ 32.9, -16.7 ], [ 31.3, -22.4 ] ] ] } }
]
}
